t,vx,wz,tgt_r,tgt_l,spd_r,spd_l,err_r,err_l,ticks_r,ticks_l,dist_r,dist_l,raw_angle,filtered_angle,error,weld
2.112,0.0,0.0,0.0,0.0,0.0,0.0,0.0,0.0,0,0,0.0,0.0,-7.031246887289478,nan,nan,NO_WELD
2.162,0.0,0.0,0.0,0.0,0.0,0.0,0.0,0.0,0,0,0.0,0.0,-7.031246887289478,nan,nan,NO_WELD
2.212,0.0,0.0,0.0,0.0,0.0,0.0,0.0,0.0,0,0,0.0,0.0,-2.460934233428519,nan,nan,NO_WELD
2.262,0.0,0.0,0.0,0.0,0.0,0.0,0.0,0.0,0,0,0.0,0.0,-2.460934233428519,nan,nan,NO_WELD
2.312,0.0,0.0,0.0,0.0,0.0,0.0,0.0,0.0,0,0,0.0,0.0,-2.8124966631703576,nan,nan,NO_WELD
2.362,0.0,0.0,0.0,0.0,0.0,0.0,0.0,0.0,0,0,0.0,0.0,-2.8124966631703576,nan,nan,NO_WELD
2.412,0.0,0.0,0.0,0.0,0.0,0.0,0.0,0.0,0,0,0.0,0.0,-3.164059092912196,nan,nan,NO_WELD
2.462,0.0,0.0,0.0,0.0,0.0,0.0,0.0,0.0,0,0,0.0,0.0,-3.164059092912196,nan,nan,NO_WELD
2.512,0.0,0.0,0.0,0.0,0.0,0.0,0.0,0.0,0,0,0.0,0.0,-6.328121600918977,nan,nan,NO_WELD
2.562,0.0,0.0,0.0,0.0,0.0,0.0,0.0,0.0,0,0,0.0,0.0,-6.328121600918977,nan,nan,NO_WELD
2.612,0.0,0.0,0.0,0.0,0.0,0.0,0.0,0.0,0,0,0.0,0.0,-0.35155909468853286,nan,nan,NO_WELD
2.662,0.0,0.0,0.0,0.0,0.0,0.0,0.0,0.0,0,0,0.0,0.0,-0.35155909468853286,nan,nan,NO_WELD
2.712,0.0,0.0,0.0,0.0,0.0,0.0,0.0,0.0,0,0,0.0,0.0,-2.8124966631703576,nan,nan,NO_WELD
2.762,0.0,0.0,0.0,0.0,0.0,0.0,0.0,0.0,0,0,0.0,0.0,-2.8124966631703576,nan,nan,NO_WELD
2.812,0.0,0.0,0.0,0.0,0.0,0.0,0.0,0.0,0,0,0.0,0.0,-2.460934233428519,nan,nan,NO_WELD
2.862,0.0,0.0,0.0,0.0,0.0,0.0,0.0,0.0,0,0,0.0,0.0,-2.460934233428519,nan,nan,NO_WELD
2.912,0.0,0.0,0.0,0.0,0.0,0.0,0.0,0.0,0,0,0.0,0.0,-0.35155909468853286,nan,nan,NO_WELD
2.962,0.0,0.0,0.0,0.0,0.0,0.0,0.0,0.0,0,0,0.0,0.0,-0.35155909468853286,nan,nan,NO_WELD
3.012,0.0,0.0,0.0,0.0,0.0,0.0,0.0,0.0,0,0,0.0,0.0,4.218753425770293,nan,nan,NO_WELD
3.063,0.0,0.0,0.0,0.0,0.0,0.0,0.0,0.0,0,0,0.0,0.0,4.218753425770293,nan,nan,NO_WELD
3.112,0.0,0.0,0.0,0.0,0.0,0.0,0.0,0.0,0,0,0.0,0.0,4.218753425770293,nan,nan,NO_WELD
3.162,0.0,0.0,0.0,0.0,0.0,0.0,0.0,0.0,0,0,0.0,0.0,4.218753425770293,nan,nan,NO_WELD
3.212,0.0,0.0,0.0,0.0,0.0,0.0,0.0,0.0,0,0,0.0,0.0,-1.0546840875743422,nan,nan,NO_WELD
3.262,0.0,0.0,0.0,0.0,0.0,0.0,0.0,0.0,0,0,0.0,0.0,-1.0546840875743422,nan,nan,NO_WELD
3.312,0.0,0.0,0.0,0.0,0.0,0.0,0.0,0.0,0,0,0.0,0.0,-5.273434098250051,nan,nan,NO_WELD
3.362,0.0,0.0,0.0,0.0,0.0,0.0,0.0,0.0,0,0,0.0,0.0,-5.273434098250051,nan,nan,NO_WELD
3.412,0.0,0.0,0.0,0.0,0.0,0.0,0.0,0.0,0,0,0.0,0.0,5.97656621480972,nan,nan,NO_WELD
3.462,0.0,0.0,0.0,0.0,0.0,0.0,0.0,0.0,0,0,0.0,0.0,5.97656621480972,nan,nan,NO_WELD
3.512,0.0,0.0,0.0,0.0,0.0,0.0,0.0,0.0,0,0,0.0,0.0,4.218753425770293,nan,nan,NO_WELD
3.562,0.0,0.0,0.0,0.0,0.0,0.0,0.0,0.0,0,0,0.0,0.0,4.218753425770293,nan,nan,NO_WELD
3.612,0.0,0.0,0.0,0.0,0.0,0.0,0.0,0.0,0,0,0.0,0.0,0.35156592487770283,nan,nan,NO_WELD
3.662,0.0,0.0,0.0,0.0,0.0,0.0,0.0,0.0,0,0,0.0,0.0,0.35156592487770283,nan,nan,NO_WELD
3.712,0.0,0.0,0.0,0.0,0.0,0.0,0.0,0.0,0,0,0.0,0.0,0.7031284346608206,nan,nan,NO_WELD
3.762,0.0,0.0,0.0,0.0,0.0,0.0,0.0,0.0,0,0,0.0,0.0,0.7031284346608206,nan,nan,NO_WELD
3.812,0.0,0.0,0.0,0.0,0.0,0.0,0.0,0.0,0,0,0.0,0.0,-2.460934233428519,nan,nan,NO_WELD
3.862,0.0,0.0,0.0,0.0,0.0,0.0,0.0,0.0,0,0,0.0,0.0,-2.460934233428519,nan,nan,NO_WELD
3.912,0.0,0.0,0.0,0.0,0.0,0.0,0.0,0.0,0,0,0.0,0.0,5.2734409284392205,nan,nan,NO_WELD
3.962,0.0,0.0,0.0,0.0,0.0,0.0,0.0,0.0,0,0,0.0,0.0,5.2734409284392205,nan,nan,NO_WELD
4.012,0.0,0.0,0.0,0.0,0.0,0.0,0.0,0.0,0,0,0.0,0.0,6.679691074293397,nan,nan,NO_WELD
4.063,0.0,0.0,0.0,0.0,0.0,0.0,0.0,0.0,0,0,0.0,0.0,6.679691074293397,nan,nan,NO_WELD
4.112,0.0,0.0,0.0,0.0,0.0,0.0,0.0,0.0,0,0,0.0,0.0,-3.5156217360974464,nan,nan,NO_WELD
4.162,0.0,0.0,0.0,0.0,0.0,0.0,0.0,0.0,0,0,0.0,0.0,-3.5156217360974464,nan,nan,NO_WELD
4.212,0.0,0.0,0.0,0.0,0.0,0.0,0.0,0.0,0,0,0.0,0.0,-2.460934233428519,nan,nan,NO_WELD
4.262,0.0,0.0,0.0,0.0,0.0,0.0,0.0,0.0,0,0,0.0,0.0,-2.460934233428519,nan,nan,NO_WELD
4.312,0.0,0.0,0.0,0.0,0.0,0.0,0.0,0.0,0,0,0.0,0.0,-4.218746595581123,nan,nan,NO_WELD
4.362,0.0,0.0,0.0,0.0,0.0,0.0,0.0,0.0,0,0,0.0,0.0,-4.218746595581123,nan,nan,NO_WELD
4.412,0.0,0.0,0.0,0.0,0.0,0.0,0.0,0.0,0,0,0.0,0.0,-3.8671843792826963,nan,nan,NO_WELD
4.462,0.0,0.0,0.0,0.0,0.0,0.0,0.0,0.0,0,0,0.0,0.0,-3.8671843792826963,nan,nan,NO_WELD
4.512,0.0,0.0,0.0,0.0,0.0,0.0,0.0,0.0,0,0,0.0,0.0,-2.8124966631703576,-2.8124966631703576,0.0,WELD_FOUND
4.562,0.0,0.0,0.0,0.0,0.0,0.0,0.0,0.0,0,0,0.0,0.0,-2.8124966631703576,-2.8124966631703576,0.0,WELD_FOUND
4.612,0.0,0.0,0.0,0.0,0.0,0.0,0.0,0.0,0,0,0.0,0.0,-2.8124966631703576,nan,nan,NO_WELD
4.662,0.0,0.0,0.0,0.0,0.0,0.0,0.0,0.0,0,0,0.0,0.0,-2.8124966631703576,nan,nan,NO_WELD
4.712,0.018081071475928034,0.05,0.025581071475928033,0.010581071475928034,0.0,0.0,0.0256,0.0106,0,0,0.0,0.0,-2.8124966631703576,-2.8124966631703576,0.0,WELD_FOUND
4.761,0.018081071475928034,0.05,0.025581071475928033,0.010581071475928034,0.0,0.0,0.0256,0.0106,0,0,0.0,0.0,-2.8124966631703576,-2.8124966631703576,0.0,WELD_FOUND
4.812,0.0,0.0,0.0,0.0,0.0025,0.0,-0.0025,0.0,1,0,0.0009,0.0,-2.8124966631703576,nan,nan,NO_WELD
4.862,0.0,0.0,0.0,0.0,0.0025,0.0,-0.0025,0.0,1,0,0.0009,0.0,-2.8124966631703576,nan,nan,NO_WELD
4.912,0.01952379644838648,0.05,0.02702379644838648,0.01202379644838648,0.0025,0.0,0.0246,0.012,4,0,0.0037,0.0,-2.460934233428519,-2.460934233428519,0.0,WELD_FOUND
4.962,0.01952379644838648,0.05,0.02702379644838648,0.01202379644838648,0.0089,0.0,0.0181,0.012,4,0,0.0037,0.0,-2.460934233428519,-2.460934233428519,0.0,WELD_FOUND
5.012,0.0,0.0,0.0,0.0,0.0089,0.0,-0.0089,0.0,5,0,0.0046,0.0,-2.460934233428519,nan,nan,NO_WELD
5.063,0.0,0.0,0.0,0.0,0.0089,0.0,-0.0089,0.0,5,0,0.0046,0.0,-2.460934233428519,nan,nan,NO_WELD
5.112,0.0,0.0,0.0,0.0,0.0177,0.0,-0.0177,0.0,9,0,0.0083,0.0,-2.460934233428519,nan,nan,NO_WELD
5.162,0.0,0.0,0.0,0.0,0.0177,0.0,-0.0177,0.0,9,0,0.0083,0.0,-2.460934233428519,nan,nan,NO_WELD
5.212,0.0,0.0,0.0,0.0,0.0177,0.0,-0.0177,0.0,9,0,0.0083,0.0,-2.460934233428519,nan,nan,NO_WELD
5.262,0.0,0.0,0.0,0.0,0.0142,0.0,-0.0142,0.0,9,0,0.0083,0.0,-2.460934233428519,nan,nan,NO_WELD
5.312,0.0,0.0,0.0,0.0,0.0142,0.0,-0.0142,0.0,9,0,0.0083,0.0,-2.460934233428519,-2.460934233428519,0.0,WELD_FOUND
5.362,0.0,0.0,0.0,0.0,0.0113,0.0,-0.0113,0.0,9,0,0.0083,0.0,-2.460934233428519,-2.460934233428519,0.0,WELD_FOUND
5.412,0.0,0.0,0.0,0.0,0.0113,0.0,-0.0113,0.0,9,0,0.0083,0.0,-2.460934233428519,nan,nan,NO_WELD
5.462,0.0,0.0,0.0,0.0,0.0113,0.0,-0.0113,0.0,9,0,0.0083,0.0,-2.460934233428519,nan,nan,NO_WELD
5.512,0.0,0.0,0.0,0.0,0.0091,0.0,-0.0091,0.0,9,0,0.0083,0.0,-2.460934233428519,nan,nan,NO_WELD
5.562,0.0,0.0,0.0,0.0,0.0091,0.0,-0.0091,0.0,9,0,0.0083,0.0,-2.460934233428519,nan,nan,NO_WELD
5.612,0.02179170584530101,0.05,0.02929170584530101,0.014291705845301012,0.0072,0.0,0.022,0.0143,9,0,0.0083,0.0,-2.1093715902432693,-2.1093715902432693,0.0,WELD_FOUND
5.662,0.02179170584530101,0.05,0.02929170584530101,0.014291705845301012,0.0072,0.0,0.022,0.0143,9,0,0.0083,0.0,-2.1093715902432693,-2.1093715902432693,0.0,WELD_FOUND
5.712,0.021021893187222206,0.1,0.03602189318722221,0.006021893187222207,0.0072,0.0,0.0288,0.006,9,0,0.0083,0.0,-2.460934233428519,-2.285152911835894,-0.17578132159262516,WELD_FOUND
5.762,0.021021893187222206,0.1,0.03602189318722221,0.006021893187222207,0.0058,0.0,0.0302,0.006,9,0,0.0083,0.0,-2.460934233428519,-2.285152911835894,-0.17578132159262516,WELD_FOUND
5.812,0.0,0.0,0.0,0.0,0.0058,0.0,-0.0058,0.0,14,0,0.013,0.0,-2.460934233428519,nan,nan,NO_WELD
5.862,0.0,0.0,0.0,0.0,0.0058,0.0,-0.0058,0.0,14,0,0.013,0.0,-2.460934233428519,nan,nan,NO_WELD
5.912,0.0,0.0,0.0,0.0,0.0282,0.0,-0.0282,0.0,19,0,0.0176,0.0,-2.460934233428519,nan,nan,NO_WELD
5.962,0.0,0.0,0.0,0.0,0.0282,0.0,-0.0282,0.0,19,0,0.0176,0.0,-2.460934233428519,nan,nan,NO_WELD
6.012,0.01865151706720073,0.05,0.02615151706720073,0.01115151706720073,0.0226,0.0,0.0036,0.0112,19,0,0.0176,0.0,-2.8124966631703576,-2.8124966631703576,0.0,WELD_FOUND
6.063,0.01865151706720073,0.05,0.02615151706720073,0.01115151706720073,0.0226,0.0,0.0036,0.0112,19,0,0.0176,0.0,-2.8124966631703576,-2.8124966631703576,0.0,WELD_FOUND
6.112,0.018194451844143127,0.1,0.03319445184414313,0.003194451844143128,0.0226,0.0,0.0106,0.0032,19,0,0.0176,0.0,-2.8124966631703576,-2.8124966631703576,0.0,WELD_FOUND
6.162,0.018194451844143127,0.1,0.03319445184414313,0.003194451844143128,0.018,0.0,0.0152,0.0032,19,0,0.0176,0.0,-2.8124966631703576,-2.8124966631703576,0.0,WELD_FOUND
6.212,0.018103719199569476,0.12299565254660769,0.03655306708156063,-0.0003456286824216753,0.018,0.0,0.0185,-0.0003,21,0,0.0195,0.0,-2.1093715902432693,-2.8124966631703576,0.7031250729270884,WELD_FOUND
6.262,0.018103719199569476,0.12299565254660769,0.03655306708156063,-0.0003456286824216753,0.0182,0.0,0.0183,-0.0003,21,0,0.0195,0.0,-2.1093715902432693,-2.8124966631703576,0.7031250729270884,WELD_FOUND
6.312,0.0,0.0,0.0,0.0,0.0182,0.0,-0.0182,0.0,25,0,0.0232,0.0,-2.1093715902432693,nan,nan,NO_WELD
6.362,0.0,0.0,0.0,0.0,0.0258,0.0,-0.0258,0.0,25,0,0.0232,0.0,-2.1093715902432693,nan,nan,NO_WELD
6.412,0.0,0.0,0.0,0.0,0.0258,0.0,-0.0258,0.0,28,0,0.0259,0.0,-2.1093715902432693,nan,nan,NO_WELD
6.462,0.0,0.0,0.0,0.0,0.0258,0.0,-0.0258,0.0,28,0,0.0259,0.0,-2.1093715902432693,nan,nan,NO_WELD
6.512,0.018085599886656263,0.05,0.025585599886656263,0.010585599886656263,0.0229,0.0,0.0027,0.0106,28,0,0.0259,0.0,-2.8124966631703576,-2.8124966631703576,0.0,WELD_FOUND
6.562,0.018085599886656263,0.05,0.025585599886656263,0.010585599886656263,0.0229,0.0,0.0027,0.0106,28,0,0.0259,0.0,-2.8124966631703576,-2.8124966631703576,0.0,WELD_FOUND
6.612,0.0,0.0,0.0,0.0,0.0229,0.0,-0.0229,0.0,29,0,0.0269,0.0,-2.8124966631703576,nan,nan,NO_WELD
6.662,0.0,0.0,0.0,0.0,0.0162,0.0,-0.0162,0.0,29,0,0.0269,0.0,-2.8124966631703576,nan,nan,NO_WELD
6.712,0.0,0.0,0.0,0.0,0.0162,0.0,-0.0162,0.0,31,0,0.0287,0.0,-2.8124966631703576,nan,nan,NO_WELD
6.762,0.0,0.0,0.0,0.0,0.0171,0.0,-0.0171,0.0,31,0,0.0287,0.0,-2.8124966631703576,nan,nan,NO_WELD
6.812,0.0,0.0,0.0,0.0,0.0171,0.0,-0.0171,0.0,31,0,0.0287,0.0,-2.8124966631703576,nan,nan,NO_WELD
6.862,0.0,0.0,0.0,0.0,0.0137,0.0,-0.0137,0.0,31,0,0.0287,0.0,-2.8124966631703576,nan,nan,NO_WELD
6.912,0.0,0.0,0.0,0.0,0.0137,0.0,-0.0137,0.0,31,0,0.0287,0.0,-2.8124966631703576,nan,nan,NO_WELD
6.962,0.0,0.0,0.0,0.0,0.0137,0.0,-0.0137,0.0,31,0,0.0287,0.0,-2.8124966631703576,nan,nan,NO_WELD
7.012,0.0,0.0,0.0,0.0,0.0107,0.0,-0.0107,0.0,32,0,0.0297,0.0,-2.8124966631703576,nan,nan,NO_WELD
7.063,0.0,0.0,0.0,0.0,0.0107,0.0,-0.0107,0.0,32,0,0.0297,0.0,-2.8124966631703576,nan,nan,NO_WELD
7.112,0.0,0.0,0.0,0.0,0.0107,0.0,-0.0107,0.0,32,0,0.0297,0.0,-2.8124966631703576,nan,nan,NO_WELD
7.162,0.0,0.0,0.0,0.0,0.0086,0.0,-0.0086,0.0,32,0,0.0297,0.0,-2.8124966631703576,nan,nan,NO_WELD
7.212,0.014716506514280164,0.05,0.022216506514280164,0.007216506514280165,0.0086,0.0,0.0137,0.0072,32,0,0.0297,0.0,-3.5156217360974464,-3.5156217360974464,0.0,WELD_FOUND
7.262,0.014716506514280164,0.05,0.022216506514280164,0.007216506514280165,0.0068,0.0,0.0154,0.0072,32,0,0.0297,0.0,-3.5156217360974464,-3.5156217360974464,0.0,WELD_FOUND
7.312,0.0,0.0,0.0,0.0,0.0068,0.0,-0.0068,0.0,32,0,0.0297,0.0,-3.5156217360974464,nan,nan,NO_WELD
7.362,0.0,0.0,0.0,0.0,0.0055,0.0,-0.0055,0.0,32,0,0.0297,0.0,-3.5156217360974464,nan,nan,NO_WELD
7.412,0.0,0.0,0.0,0.0,0.0055,0.0,-0.0055,0.0,34,0,0.0315,0.0,-3.5156217360974464,nan,nan,NO_WELD
7.462,0.0,0.0,0.0,0.0,0.0055,0.0,-0.0055,0.0,34,0,0.0315,0.0,-3.5156217360974464,nan,nan,NO_WELD
7.512,0.014716506514280164,0.05,0.022216506514280164,0.007216506514280165,0.0082,0.0,0.014,0.0072,34,0,0.0315,0.0,-3.5156217360974464,-3.5156217360974464,0.0,WELD_FOUND
7.562,0.014716506514280164,0.05,0.022216506514280164,0.007216506514280165,0.0082,0.0,0.014,0.0072,34,0,0.0315,0.0,-3.5156217360974464,-3.5156217360974464,0.0,WELD_FOUND
7.612,0.0,0.0,0.0,0.0,0.0066,0.0,-0.0066,0.0,34,0,0.0315,0.0,-3.5156217360974464,nan,nan,NO_WELD
7.662,0.0,0.0,0.0,0.0,0.0066,0.0,-0.0066,0.0,34,0,0.0315,0.0,-3.5156217360974464,nan,nan,NO_WELD
7.712,0.0,0.0,0.0,0.0,0.0066,0.0,-0.0066,0.0,37,0,0.0343,0.0,-3.5156217360974464,nan,nan,NO_WELD
7.762,0.0,0.0,0.0,0.0,0.0114,0.0,-0.0114,0.0,37,0,0.0343,0.0,-3.5156217360974464,nan,nan,NO_WELD
7.812,0.0,0.0,0.0,0.0,0.0114,0.0,-0.0114,0.0,37,0,0.0343,0.0,-3.5156217360974464,nan,nan,NO_WELD
7.862,0.0,0.0,0.0,0.0,0.0114,0.0,-0.0114,0.0,37,0,0.0343,0.0,-3.5156217360974464,nan,nan,NO_WELD
7.912,0.0,0.0,0.0,0.0,0.0091,0.0,-0.0091,0.0,37,0,0.0343,0.0,-3.5156217360974464,nan,nan,NO_WELD
7.962,0.0,0.0,0.0,0.0,0.0091,0.0,-0.0091,0.0,37,0,0.0343,0.0,-3.5156217360974464,nan,nan,NO_WELD
8.012,0.0,0.0,0.0,0.0,0.0073,0.0,-0.0073,0.0,37,0,0.0343,0.0,-3.5156217360974464,nan,nan,NO_WELD
8.063,0.0,0.0,0.0,0.0,0.0073,0.0,-0.0073,0.0,37,0,0.0343,0.0,-3.5156217360974464,nan,nan,NO_WELD
8.112,0.0,0.0,0.0,0.0,0.0073,0.0,-0.0073,0.0,37,0,0.0343,0.0,-3.5156217360974464,nan,nan,NO_WELD
8.162,0.0,0.0,0.0,0.0,0.0058,0.0,-0.0058,0.0,37,0,0.0343,0.0,-3.5156217360974464,nan,nan,NO_WELD
8.212,0.0,0.0,0.0,0.0,0.0058,0.0,-0.0058,0.0,37,0,0.0343,0.0,-3.5156217360974464,nan,nan,NO_WELD
8.262,0.0,0.0,0.0,0.0,0.0058,0.0,-0.0058,0.0,37,0,0.0343,0.0,-3.5156217360974464,nan,nan,NO_WELD
8.312,0.0,0.0,0.0,0.0,0.0047,0.0,-0.0047,0.0,37,0,0.0343,0.0,-3.5156217360974464,nan,nan,NO_WELD
8.362,0.0,0.0,0.0,0.0,0.0047,0.0,-0.0047,0.0,37,0,0.0343,0.0,-3.5156217360974464,nan,nan,NO_WELD
8.412,0.0,0.0,0.0,0.0,0.0037,0.0,-0.0037,0.0,37,0,0.0343,0.0,-3.5156217360974464,nan,nan,NO_WELD
8.462,0.0,0.0,0.0,0.0,0.0037,0.0,-0.0037,0.0,37,0,0.0343,0.0,-3.5156217360974464,nan,nan,NO_WELD
8.512,0.0,0.0,0.0,0.0,0.0037,0.0,-0.0037,0.0,37,0,0.0343,0.0,-2.8124966631703576,-2.8124966631703576,0.0,WELD_FOUND
8.562,0.0,0.0,0.0,0.0,0.003,0.0,-0.003,0.0,37,0,0.0343,0.0,-2.8124966631703576,-2.8124966631703576,0.0,WELD_FOUND
8.612,0.017207485966635815,0.05,0.024707485966635814,0.009707485966635815,0.003,0.0,0.0217,0.0097,37,0,0.0343,0.0,-3.164059092912196,-2.988277984762983,-0.17578110814921333,WELD_FOUND
8.662,0.017207485966635815,0.05,0.024707485966635814,0.009707485966635815,0.003,0.0,0.0217,0.0097,37,0,0.0343,0.0,-3.164059092912196,-2.988277984762983,-0.17578110814921333,WELD_FOUND
8.712,0.0,0.0,0.0,0.0,0.0024,0.0,-0.0024,0.0,37,0,0.0343,0.0,-3.164059092912196,nan,nan,NO_WELD
8.762,0.0,0.0,0.0,0.0,0.0024,0.0,-0.0024,0.0,37,0,0.0343,0.0,-3.164059092912196,nan,nan,NO_WELD
8.812,0.0,0.0,0.0,0.0,0.0024,0.0,-0.0024,0.0,40,0,0.0371,0.0,-3.164059092912196,nan,nan,NO_WELD
8.862,0.0,0.0,0.0,0.0,0.0088,0.0,-0.0088,0.0,40,0,0.0371,0.0,-3.164059092912196,nan,nan,NO_WELD
8.912,0.0,0.0,0.0,0.0,0.0088,0.0,-0.0088,0.0,39,0,0.0361,0.0,-3.164059092912196,nan,nan,NO_WELD
8.962,0.0,0.0,0.0,0.0,0.0016,0.0,-0.0016,0.0,39,0,0.0361,0.0,-3.164059092912196,nan,nan,NO_WELD
9.012,0.0,0.0,0.0,0.0,0.0016,0.0,-0.0016,0.0,39,0,0.0361,0.0,-3.5156217360974464,-3.5156217360974464,0.0,WELD_FOUND
9.064,0.0,0.0,0.0,0.0,0.0013,0.0,-0.0013,0.0,39,0,0.0361,0.0,-3.5156217360974464,-3.5156217360974464,0.0,WELD_FOUND
9.112,0.0,0.0,0.0,0.0,0.0013,0.0,-0.0013,0.0,39,0,0.0361,0.0,-3.5156217360974464,nan,nan,NO_WELD
9.163,0.0,0.0,0.0,0.0,0.0013,0.0,-0.0013,0.0,39,0,0.0361,0.0,-3.5156217360974464,nan,nan,NO_WELD
9.212,0.0,0.0,0.0,0.0,0.001,0.0,-0.001,0.0,39,0,0.0361,0.0,-3.5156217360974464,nan,nan,NO_WELD
9.262,0.0,0.0,0.0,0.0,0.001,0.0,-0.001,0.0,39,0,0.0361,0.0,-3.164059092912196,nan,nan,NO_WELD
9.312,0.016355530829818745,0.05,0.023855530829818745,0.008855530829818745,0.0,0.0,0.0239,0.0089,39,0,0.0361,0.0,-3.164059092912196,-3.164059092912196,0.0,WELD_FOUND
9.362,0.016355530829818745,0.05,0.023855530829818745,0.008855530829818745,0.0,0.0,0.0239,0.0089,39,0,0.0361,0.0,-3.164059092912196,-3.164059092912196,0.0,WELD_FOUND
9.412,0.0,0.0,0.0,0.0,0.0037,0.0,-0.0037,0.0,40,0,0.0371,0.0,-3.164059092912196,nan,nan,NO_WELD
9.462,0.0,0.0,0.0,0.0,0.0037,0.0,-0.0037,0.0,40,0,0.0371,0.0,-3.164059092912196,nan,nan,NO_WELD
9.512,0.0,0.0,0.0,0.0,0.0037,0.0,-0.0037,0.0,42,0,0.0389,0.0,-3.164059092912196,nan,nan,NO_WELD
9.562,0.0,0.0,0.0,0.0,0.0072,0.0,-0.0072,0.0,42,0,0.0389,0.0,-3.164059092912196,nan,nan,NO_WELD
9.612,0.0,0.0,0.0,0.0,0.0072,0.0,-0.0072,0.0,42,0,0.0389,0.0,-3.164059092912196,nan,nan,NO_WELD
9.662,0.0,0.0,0.0,0.0,0.0072,0.0,-0.0072,0.0,42,0,0.0389,0.0,-3.164059092912196,nan,nan,NO_WELD
9.712,0.0,0.0,0.0,0.0,0.0057,0.0,-0.0057,0.0,42,0,0.0389,0.0,-3.164059092912196,nan,nan,NO_WELD
9.762,0.0,0.0,0.0,0.0,0.0057,0.0,-0.0057,0.0,42,0,0.0389,0.0,-3.164059092912196,nan,nan,NO_WELD
9.812,0.0,0.0,0.0,0.0,0.0057,0.0,-0.0057,0.0,42,0,0.0389,0.0,-3.164059092912196,nan,nan,NO_WELD
9.862,0.0,0.0,0.0,0.0,0.0046,0.0,-0.0046,0.0,42,0,0.0389,0.0,-3.164059092912196,nan,nan,NO_WELD
9.912,0.0,0.0,0.0,0.0,0.0046,0.0,-0.0046,0.0,42,0,0.0389,0.0,-3.164059092912196,nan,nan,NO_WELD
9.962,0.0,0.0,0.0,0.0,0.0046,0.0,-0.0046,0.0,42,0,0.0389,0.0,-3.164059092912196,nan,nan,NO_WELD
10.012,0.0,0.0,0.0,0.0,0.0037,0.0,-0.0037,0.0,42,0,0.0389,0.0,-3.164059092912196,nan,nan,NO_WELD
10.063,0.0,0.0,0.0,0.0,0.0037,0.0,-0.0037,0.0,42,0,0.0389,0.0,-2.8124966631703576,-2.8124966631703576,0.0,WELD_FOUND
10.112,0.018081071475928034,0.05,0.025581071475928033,0.010581071475928034,0.0037,0.0,0.0219,0.0106,42,0,0.0389,0.0,-2.8124966631703576,-2.8124966631703576,0.0,WELD_FOUND
10.162,0.0,0.0,0.0,0.0,0.0029,0.0,-0.0029,0.0,42,0,0.0389,0.0,-2.8124966631703576,nan,nan,NO_WELD
10.212,0.0,0.0,0.0,0.0,0.0029,0.0,-0.0029,0.0,43,0,0.0399,0.0,-2.8124966631703576,nan,nan,NO_WELD
10.262,0.0,0.0,0.0,0.0,0.0029,0.0,-0.0029,0.0,43,0,0.0399,0.0,-2.8124966631703576,nan,nan,NO_WELD
10.312,0.0,0.0,0.0,0.0,0.0042,0.0,-0.0042,0.0,43,0,0.0399,0.0,-2.8124966631703576,nan,nan,NO_WELD
10.362,0.0,0.0,0.0,0.0,0.0042,0.0,-0.0042,0.0,43,0,0.0399,0.0,-2.8124966631703576,nan,nan,NO_WELD
10.412,0.0,0.0,0.0,0.0,0.0042,0.0,-0.0042,0.0,43,0,0.0399,0.0,-2.8124966631703576,nan,nan,NO_WELD
10.462,0.0,0.0,0.0,0.0,0.0034,0.0,-0.0034,0.0,43,0,0.0399,0.0,-2.8124966631703576,nan,nan,NO_WELD
10.512,0.0,0.0,0.0,0.0,0.0034,0.0,-0.0034,0.0,43,0,0.0399,0.0,-2.8124966631703576,nan,nan,NO_WELD
10.562,0.0,0.0,0.0,0.0,0.0027,0.0,-0.0027,0.0,43,0,0.0399,0.0,-2.8124966631703576,nan,nan,NO_WELD
10.612,0.0,0.0,0.0,0.0,0.0027,0.0,-0.0027,0.0,43,0,0.0399,0.0,-2.8124966631703576,nan,nan,NO_WELD
10.662,0.0,0.0,0.0,0.0,0.0027,0.0,-0.0027,0.0,43,0,0.0399,0.0,-2.8124966631703576,nan,nan,NO_WELD
10.712,0.0,0.0,0.0,0.0,0.0022,0.0,-0.0022,0.0,43,0,0.0399,0.0,-2.8124966631703576,nan,nan,NO_WELD
10.762,0.018081071475928034,0.05,0.025581071475928033,0.010581071475928034,0.0022,0.0,0.0234,0.0106,43,0,0.0399,0.0,-2.8124966631703576,-2.8124966631703576,0.0,WELD_FOUND
10.812,0.018081071475928034,0.05,0.025581071475928033,0.010581071475928034,0.0017,0.0,0.0238,0.0106,43,0,0.0399,0.0,-2.8124966631703576,-2.8124966631703576,0.0,WELD_FOUND
10.862,0.0,0.0,0.0,0.0,0.0017,0.0,-0.0017,0.0,43,0,0.0399,0.0,-2.8124966631703576,nan,nan,NO_WELD
10.912,0.0,0.0,0.0,0.0,0.0017,0.0,-0.0017,0.0,46,0,0.0426,0.0,-2.8124966631703576,nan,nan,NO_WELD
10.962,0.016693717575088272,0.05,0.024193717575088272,0.009193717575088273,0.0085,0.0,0.0157,0.0092,46,0,0.0426,0.0,-3.164059092912196,-3.164059092912196,0.0,WELD_FOUND
11.012,0.016693717575088272,0.05,0.024193717575088272,0.009193717575088273,0.0085,0.0,0.0157,0.0092,47,0,0.0436,0.0,-3.164059092912196,-3.164059092912196,0.0,WELD_FOUND
11.063,0.0,0.0,0.0,0.0,0.0085,0.0,-0.0085,0.0,47,0,0.0436,0.0,-3.164059092912196,nan,nan,NO_WELD
11.112,0.0,0.0,0.0,0.0,0.015,0.0,-0.015,0.0,50,0,0.0463,0.0,-3.164059092912196,nan,nan,NO_WELD
11.162,0.0,0.0,0.0,0.0,0.015,0.0,-0.015,0.0,50,0,0.0463,0.0,-3.164059092912196,nan,nan,NO_WELD
11.212,0.0,0.0,0.0,0.0,0.015,0.0,-0.015,0.0,50,0,0.0463,0.0,-3.164059092912196,nan,nan,NO_WELD
11.262,0.013836443662269247,0.05,0.021336443662269246,0.006336443662269247,0.012,0.0,0.0094,0.0063,50,0,0.0463,0.0,-3.8671843792826963,-3.8671843792826963,0.0,WELD_FOUND
11.312,0.013836443662269247,0.05,0.021336443662269246,0.006336443662269247,0.012,0.0,0.0094,0.0063,50,0,0.0463,0.0,-3.8671843792826963,-3.8671843792826963,0.0,WELD_FOUND
11.362,0.0,0.0,0.0,0.0,0.012,0.0,-0.012,0.0,50,0,0.0463,0.0,-3.8671843792826963,nan,nan,NO_WELD
11.412,0.0,0.0,0.0,0.0,0.0097,0.0,-0.0097,0.0,51,0,0.0473,0.0,-3.8671843792826963,nan,nan,NO_WELD
11.462,0.0,0.0,0.0,0.0,0.0097,0.0,-0.0097,0.0,51,0,0.0473,0.0,-3.8671843792826963,nan,nan,NO_WELD
11.512,0.0,0.0,0.0,0.0,0.0095,0.0,-0.0095,0.0,52,0,0.0482,0.0,-3.8671843792826963,nan,nan,NO_WELD
11.562,0.010980913266287822,0.05,0.01848091326628782,0.003480913266287822,0.0095,0.0,0.009,0.0035,52,0,0.0482,0.0,-4.570309238766374,-4.570309238766374,0.0,WELD_FOUND
11.612,0.010980913266287822,0.05,0.01848091326628782,0.003480913266287822,0.0095,0.0,0.009,0.0035,52,0,0.0482,0.0,-4.570309238766374,-4.570309238766374,0.0,WELD_FOUND
11.662,0.0,0.0,0.0,0.0,0.0076,0.0,-0.0076,0.0,52,0,0.0482,0.0,-4.570309238766374,nan,nan,NO_WELD
11.712,0.0,0.0,0.0,0.0,0.0076,0.0,-0.0076,0.0,53,0,0.0491,0.0,-4.570309238766374,nan,nan,NO_WELD
11.762,0.0,0.0,0.0,0.0,0.0083,0.0,-0.0083,0.0,53,0,0.0491,0.0,-4.570309238766374,nan,nan,NO_WELD
11.812,0.0,0.0,0.0,0.0,0.0083,0.0,-0.0083,0.0,54,0,0.05,0.0,-4.570309238766374,nan,nan,NO_WELD
11.862,0.0,0.0,0.0,0.0,0.0087,0.0,-0.0087,0.0,54,0,0.05,0.0,-4.570309238766374,nan,nan,NO_WELD
11.912,0.0,0.0,0.0,0.0,0.0087,0.0,-0.0087,0.0,54,0,0.05,0.0,-4.570309238766374,nan,nan,NO_WELD
11.962,0.0,0.0,0.0,0.0,0.0069,0.0,-0.0069,0.0,54,0,0.05,0.0,-4.570309238766374,nan,nan,NO_WELD
12.012,0.0,0.0,0.0,0.0,0.0069,0.0,-0.0069,0.0,54,0,0.05,0.0,-4.570309238766374,nan,nan,NO_WELD
12.063,0.0,0.0,0.0,0.0,0.0069,0.0,-0.0069,0.0,54,0,0.05,0.0,-4.570309238766374,nan,nan,NO_WELD
12.112,0.0,0.0,0.0,0.0,0.0055,0.0,-0.0055,0.0,54,0,0.05,0.0,-4.570309238766374,nan,nan,NO_WELD
12.162,0.0,0.0,0.0,0.0,0.0055,0.0,-0.0055,0.0,54,0,0.05,0.0,-5.273434098250051,-5.273434098250051,0.0,WELD_FOUND
12.212,0.0,0.0,0.0,0.0,0.0055,0.0,-0.0055,0.0,54,0,0.05,0.0,-5.273434098250051,-5.273434098250051,0.0,WELD_FOUND
12.262,0.0,0.0,0.0,0.0,0.0044,0.0,-0.0044,0.0,54,0,0.05,0.0,-5.273434098250051,nan,nan,NO_WELD
12.312,0.0,0.0,0.0,0.0,0.0044,0.0,-0.0044,0.0,54,0,0.05,0.0,-5.273434098250051,nan,nan,NO_WELD
12.362,0.0,0.0,0.0,0.0,0.0044,0.0,-0.0044,0.0,54,0,0.05,0.0,-5.273434098250051,nan,nan,NO_WELD
12.412,0.0,0.0,0.0,0.0,0.0035,0.0,-0.0035,0.0,54,0,0.05,0.0,-5.273434098250051,nan,nan,NO_WELD
12.462,0.0,0.0,0.0,0.0,0.0035,0.0,-0.0035,0.0,54,0,0.05,0.0,-5.273434098250051,nan,nan,NO_WELD
12.512,0.0,0.0,0.0,0.0,0.0035,0.0,-0.0035,0.0,54,0,0.05,0.0,-5.273434098250051,nan,nan,NO_WELD
12.562,0.0,0.0,0.0,0.0,0.0028,0.0,-0.0028,0.0,54,0,0.05,0.0,-5.273434098250051,nan,nan,NO_WELD
12.612,0.0,0.0,0.0,0.0,0.0028,0.0,-0.0028,0.0,54,0,0.05,0.0,-5.273434098250051,nan,nan,NO_WELD
12.662,0.0,0.0,0.0,0.0,0.0028,0.0,-0.0028,0.0,54,0,0.05,0.0,-5.273434098250051,nan,nan,NO_WELD
12.712,0.0,0.0,0.0,0.0,0.0023,0.0,-0.0023,0.0,54,0,0.05,0.0,-5.273434098250051,nan,nan,NO_WELD
12.762,0.0,0.0,0.0,0.0,0.0023,0.0,-0.0023,0.0,54,0,0.05,0.0,-5.6249967414353,-5.6249967414353,0.0,WELD_FOUND
12.812,0.0,0.0,0.0,0.0,0.0023,0.0,-0.0023,0.0,54,0,0.05,0.0,-5.6249967414353,-5.6249967414353,0.0,WELD_FOUND
12.862,0.0,0.0,0.0,0.0,0.0018,0.0,-0.0018,0.0,54,0,0.05,0.0,-5.6249967414353,nan,nan,NO_WELD
12.912,0.0,0.0,0.0,0.0,0.0018,0.0,-0.0018,0.0,54,0,0.05,0.0,-5.6249967414353,nan,nan,NO_WELD
12.962,0.0,0.0,0.0,0.0,0.0015,0.0,-0.0015,0.0,54,0,0.05,0.0,-5.6249967414353,nan,nan,NO_WELD
13.012,0.0,0.0,0.0,0.0,0.0015,0.0,-0.0015,0.0,54,0,0.05,0.0,-5.6249967414353,nan,nan,NO_WELD
13.063,0.0,0.0,0.0,0.0,0.0015,0.0,-0.0015,0.0,54,0,0.05,0.0,-5.6249967414353,nan,nan,NO_WELD
13.112,0.0,0.0,0.0,0.0,0.0012,0.0,-0.0012,0.0,54,0,0.05,0.0,-5.6249967414353,nan,nan,NO_WELD
13.162,0.0,0.0,0.0,0.0,0.0012,0.0,-0.0012,0.0,54,0,0.05,0.0,-5.6249967414353,nan,nan,NO_WELD
13.212,0.0,0.0,0.0,0.0,0.0,0.0,0.0,0.0,54,0,0.05,0.0,-5.6249967414353,nan,nan,NO_WELD
13.262,0.0,0.0,0.0,0.0,0.0,0.0,0.0,0.0,54,0,0.05,0.0,-5.6249967414353,nan,nan,NO_WELD
13.312,0.0,0.0,0.0,0.0,0.0,0.0,0.0,0.0,54,0,0.05,0.0,-5.6249967414353,nan,nan,NO_WELD
13.362,0.0,0.0,0.0,0.0,0.0,0.0,0.0,0.0,54,0,0.05,0.0,-5.6249967414353,nan,nan,NO_WELD
13.412,0.0,0.0,0.0,0.0,0.0,0.0,0.0,0.0,54,0,0.05,0.0,-5.6249967414353,nan,nan,NO_WELD
13.462,0.0,0.0,0.0,0.0,0.0,0.0,0.0,0.0,54,0,0.05,0.0,-5.6249967414353,nan,nan,NO_WELD
13.512,0.0,0.0,0.0,0.0,0.0,0.0,0.0,0.0,54,0,0.05,0.0,-5.6249967414353,nan,nan,NO_WELD
13.562,0.006699228729358108,0.05,0.014199228729358108,-0.0008007712706418913,0.0,0.0,0.0142,-0.0008,54,0,0.05,0.0,-5.6249967414353,-5.6249967414353,0.0,WELD_FOUND
13.612,0.006699228729358108,0.05,0.014199228729358108,-0.0008007712706418913,0.0,0.0,0.0142,-0.0008,54,0,0.05,0.0,-5.6249967414353,-5.6249967414353,0.0,WELD_FOUND
13.662,0.0,0.0,0.0,0.0,0.0,0.0,0.0,0.0,54,0,0.05,0.0,-5.6249967414353,nan,nan,NO_WELD
13.712,0.0,0.0,0.0,0.0,0.0,0.0,0.0,0.0,54,0,0.05,0.0,-5.6249967414353,nan,nan,NO_WELD
13.762,0.0,0.0,0.0,0.0,0.0,0.0,0.0,0.0,54,0,0.05,0.0,-5.6249967414353,nan,nan,NO_WELD
13.812,0.0,0.0,0.0,0.0,0.0,0.0,0.0,0.0,54,0,0.05,0.0,-5.6249967414353,nan,nan,NO_WELD
13.862,0.0,0.0,0.0,0.0,0.0,0.0,0.0,0.0,54,0,0.05,0.0,-5.6249967414353,nan,nan,NO_WELD
13.912,0.0,0.0,0.0,0.0,0.0,0.0,0.0,0.0,54,0,0.05,0.0,-5.6249967414353,nan,nan,NO_WELD
13.962,0.005,0.05,0.0125,-0.0024999999999999996,0.0,0.0,0.0125,-0.0025,54,0,0.05,0.0,-6.328121600918977,-6.328121600918977,0.0,WELD_FOUND
14.012,0.005,0.05,0.0125,-0.0024999999999999996,0.0,0.0,0.0125,-0.0025,54,0,0.05,0.0,-6.328121600918977,-6.328121600918977,0.0,WELD_FOUND
14.063,0.0,0.0,0.0,0.0,0.0,0.0,0.0,0.0,54,0,0.05,0.0,-6.328121600918977,nan,nan,NO_WELD
14.112,0.0,0.0,0.0,0.0,0.0025,0.0,-0.0025,0.0,55,0,0.051,0.0,-6.328121600918977,nan,nan,NO_WELD
14.162,0.0,0.0,0.0,0.0,0.0025,0.0,-0.0025,0.0,55,0,0.051,0.0,-6.328121600918977,nan,nan,NO_WELD
14.212,0.0,0.0,0.0,0.0,0.002,0.0,-0.002,0.0,55,0,0.051,0.0,-6.328121600918977,nan,nan,NO_WELD
14.262,0.0,0.0,0.0,0.0,0.002,0.0,-0.002,0.0,55,0,0.051,0.0,-6.328121600918977,nan,nan,NO_WELD
14.312,0.0,0.0,0.0,0.0,0.002,0.0,-0.002,0.0,55,0,0.051,0.0,-6.328121600918977,nan,nan,NO_WELD
14.362,0.0,0.0,0.0,0.0,0.0016,0.0,-0.0016,0.0,55,0,0.051,0.0,-6.328121600918977,nan,nan,NO_WELD
14.412,0.0,0.0,0.0,0.0,0.0016,0.0,-0.0016,0.0,55,0,0.051,0.0,-6.328121600918977,nan,nan,NO_WELD
14.462,0.0,0.0,0.0,0.0,0.0013,0.0,-0.0013,0.0,55,0,0.051,0.0,-7.031246887289478,-7.031246887289478,0.0,WELD_FOUND
14.512,0.0,0.0,0.0,0.0,0.0013,0.0,-0.0013,0.0,55,0,0.051,0.0,-7.031246887289478,-7.031246887289478,0.0,WELD_FOUND
14.562,0.0,0.0,0.0,0.0,0.0013,0.0,-0.0013,0.0,55,0,0.051,0.0,-7.031246887289478,nan,nan,NO_WELD
14.612,0.0,0.0,0.0,0.0,0.001,0.0,-0.001,0.0,55,0,0.051,0.0,-7.031246887289478,nan,nan,NO_WELD
14.662,0.005,0.05,0.0125,-0.0024999999999999996,0.001,0.0,0.0115,-0.0025,55,0,0.051,0.0,-7.382809530474727,-7.382809530474727,0.0,WELD_FOUND
14.712,0.005,0.05,0.0125,-0.0024999999999999996,0.0,0.0,0.0125,-0.0025,55,0,0.051,0.0,-7.382809530474727,-7.382809530474727,0.0,WELD_FOUND
14.762,0.0,0.0,0.0,0.0,0.0,0.0,0.0,0.0,55,0,0.051,0.0,-7.382809530474727,nan,nan,NO_WELD
14.812,0.0,0.0,0.0,0.0,0.0,0.0,0.0,0.0,55,0,0.051,0.0,-7.382809530474727,nan,nan,NO_WELD
14.862,0.0,0.0,0.0,0.0,0.0,0.0,0.0,0.0,55,0,0.051,0.0,-7.382809530474727,nan,nan,NO_WELD
14.912,0.0,0.0,0.0,0.0,0.0,0.0,0.0,0.0,55,0,0.051,0.0,-7.382809530474727,nan,nan,NO_WELD
14.962,0.0,0.0,0.0,0.0,0.0,0.0,0.0,0.0,55,0,0.051,0.0,-7.382809530474727,nan,nan,NO_WELD
15.012,0.0,0.0,0.0,0.0,0.0,0.0,0.0,0.0,55,0,0.051,0.0,-7.382809530474727,nan,nan,NO_WELD
15.063,0.0,0.0,0.0,0.0,0.0,0.0,0.0,0.0,55,0,0.051,0.0,-7.382809530474727,nan,nan,NO_WELD
15.112,0.0,0.0,0.0,0.0,0.0,0.0,0.0,0.0,55,0,0.051,0.0,-7.382809530474727,nan,nan,NO_WELD
15.162,0.0,0.0,0.0,0.0,0.0,0.0,0.0,0.0,55,0,0.051,0.0,-7.382809530474727,nan,nan,NO_WELD
15.212,0.0,0.0,0.0,0.0,0.0,0.0,0.0,0.0,55,0,0.051,0.0,-7.382809530474727,nan,nan,NO_WELD
15.262,0.0,0.0,0.0,0.0,0.0,0.0,0.0,0.0,55,0,0.051,0.0,-7.382809530474727,nan,nan,NO_WELD
15.312,0.0,0.0,0.0,0.0,0.0,0.0,0.0,0.0,55,0,0.051,0.0,-7.382809530474727,nan,nan,NO_WELD
15.362,0.0,0.0,0.0,0.0,0.0,0.0,0.0,0.0,55,0,0.051,0.0,-7.382809530474727,nan,nan,NO_WELD
15.412,0.0,0.0,0.0,0.0,0.0,0.0,0.0,0.0,55,0,0.051,0.0,-7.382809530474727,nan,nan,NO_WELD
15.462,0.0,0.0,0.0,0.0,0.0,0.0,0.0,0.0,55,0,0.051,0.0,-7.382809530474727,nan,nan,NO_WELD
15.512,0.0,0.0,0.0,0.0,0.0,0.0,0.0,0.0,55,0,0.051,0.0,-7.382809530474727,nan,nan,NO_WELD
15.562,0.0,0.0,0.0,0.0,0.0,0.0,0.0,0.0,55,0,0.051,0.0,-7.382809530474727,nan,nan,NO_WELD
15.612,0.0,0.0,0.0,0.0,0.0,0.0,0.0,0.0,55,0,0.051,0.0,-7.382809530474727,nan,nan,NO_WELD
15.662,0.0,0.0,0.0,0.0,0.0,0.0,0.0,0.0,55,0,0.051,0.0,-7.382809530474727,nan,nan,NO_WELD
15.712,0.0,0.0,0.0,0.0,0.0,0.0,0.0,0.0,55,0,0.051,0.0,-7.382809530474727,nan,nan,NO_WELD
15.762,0.0,0.0,0.0,0.0,0.0,0.0,0.0,0.0,55,0,0.051,0.0,5.97656621480972,nan,nan,NO_WELD
15.812,0.0,0.0,0.0,0.0,0.0,0.0,0.0,0.0,55,0,0.051,0.0,5.97656621480972,nan,nan,NO_WELD
15.862,0.0,0.0,0.0,0.0,0.0,0.0,0.0,0.0,55,0,0.051,0.0,6.328128431108148,nan,nan,NO_WELD
15.912,0.0,0.0,0.0,0.0,0.0,0.0,0.0,0.0,55,0,0.051,0.0,6.328128431108148,nan,nan,NO_WELD
15.962,0.0,0.0,0.0,0.0,0.0,0.0,0.0,0.0,55,0,0.051,0.0,5.97656621480972,nan,nan,NO_WELD
16.012,0.0,0.0,0.0,0.0,0.0,0.0,0.0,0.0,55,0,0.051,0.0,5.97656621480972,nan,nan,NO_WELD
16.063,0.0,0.0,0.0,0.0,0.0,0.0,0.0,0.0,55,0,0.051,0.0,6.328128431108148,nan,nan,NO_WELD
16.112,0.0,0.0,0.0,0.0,0.0,0.0,0.0,0.0,55,0,0.051,0.0,6.328128431108148,nan,nan,NO_WELD
16.162,0.005665806798333702,-0.05,-0.0018341932016662978,0.013165806798333702,0.0,0.0,-0.0018,0.0132,55,0,0.051,0.0,5.97656621480972,5.97656621480972,0.0,WELD_FOUND
16.212,0.005665806798333702,-0.05,-0.0018341932016662978,0.013165806798333702,0.0,0.0,-0.0018,0.0132,55,0,0.051,0.0,5.97656621480972,5.97656621480972,0.0,WELD_FOUND
16.262,0.0,0.0,0.0,0.0,0.0,0.0,0.0,0.0,55,0,0.051,0.0,5.97656621480972,nan,nan,NO_WELD
16.312,0.0,0.0,0.0,0.0,0.0,0.0,0.0,0.0,56,0,0.0519,0.0,5.97656621480972,nan,nan,NO_WELD
16.362,0.0,0.0,0.0,0.0,0.0037,0.0,-0.0037,0.0,56,0,0.0519,0.0,5.97656621480972,nan,nan,NO_WELD
16.412,0.0,0.0,0.0,0.0,0.0037,0.0,-0.0037,0.0,56,0,0.0519,0.0,5.97656621480972,nan,nan,NO_WELD
16.462,0.00736077677418704,-0.05,-0.00013922322581295943,0.01486077677418704,0.003,0.0,-0.0031,0.0149,56,0,0.0519,0.0,5.2734409284392205,5.2734409284392205,0.0,WELD_FOUND
16.512,0.00736077677418704,-0.05,-0.00013922322581295943,0.01486077677418704,0.003,0.0,-0.0031,0.0149,56,0,0.0519,0.0,5.2734409284392205,5.2734409284392205,0.0,WELD_FOUND
16.562,0.0068290299031126276,-0.1,-0.008170970096887373,0.021829029903112626,0.003,0.0,-0.0111,0.0218,56,0,0.0519,0.0,5.97656621480972,5.625003571624471,0.35156264318524943,WELD_FOUND
16.612,0.0068290299031126276,-0.1,-0.008170970096887373,0.021829029903112626,0.0024,0.0,-0.0105,0.0218,56,0,0.0519,0.0,5.97656621480972,5.625003571624471,0.35156264318524943,WELD_FOUND
16.662,0.0,0.0,0.0,0.0,0.0024,0.0,-0.0024,0.0,56,0,0.0519,0.0,5.97656621480972,nan,nan,NO_WELD
16.712,0.0,0.0,0.0,0.0,0.0051,0.0,-0.0051,0.0,57,0,0.0528,0.0,5.97656621480972,nan,nan,NO_WELD
16.762,0.007615747038328497,-0.05,0.00011574703832849687,0.015115747038328495,0.0051,0.0,-0.005,0.0151,57,0,0.0528,0.0,5.2734409284392205,5.2734409284392205,0.0,WELD_FOUND
16.812,0.007615747038328497,-0.05,0.00011574703832849687,0.015115747038328495,0.0051,0.0,-0.005,0.0151,57,0,0.0528,0.0,5.2734409284392205,5.2734409284392205,0.0,WELD_FOUND
16.862,0.0,0.0,0.0,0.0,0.0041,0.0,-0.0041,0.0,57,0,0.0528,0.0,5.2734409284392205,nan,nan,NO_WELD
16.912,0.0,0.0,0.0,0.0,0.0041,0.0,-0.0041,0.0,59,0,0.0547,0.0,5.2734409284392205,nan,nan,NO_WELD
16.962,0.0068778161978925575,-0.05,-0.0006221838021074422,0.014377816197892558,0.0041,0.0,-0.0047,0.0144,59,0,0.0547,0.0,5.625003571624471,5.625003571624471,0.0,WELD_FOUND
17.012,0.0068778161978925575,-0.05,-0.0006221838021074422,0.014377816197892558,0.0099,0.0,-0.0105,0.0144,60,0,0.0556,0.0,5.625003571624471,5.625003571624471,0.0,WELD_FOUND
17.063,0.006309858371306545,-0.1,-0.008690141628693453,0.021309858371306546,0.0099,0.0,-0.0186,0.0213,60,0,0.0556,0.0,5.97656621480972,5.800784893217095,0.17578132159262516,WELD_FOUND
17.112,0.006309858371306545,-0.1,-0.008690141628693453,0.021309858371306546,0.0099,0.0,-0.0186,0.0213,62,0,0.0575,0.0,5.97656621480972,5.800784893217095,0.17578132159262516,WELD_FOUND
17.162,0.0,0.0,0.0,0.0,0.0109,0.0,-0.0109,0.0,62,0,0.0575,0.0,5.97656621480972,nan,nan,NO_WELD
17.212,0.0,0.0,0.0,0.0,0.0109,0.0,-0.0109,0.0,65,0,0.0602,0.0,5.97656621480972,nan,nan,NO_WELD
17.262,0.005018654834208767,-0.05,-0.0024813451657912326,0.012518654834208767,0.0176,0.0,-0.0201,0.0125,65,0,0.0602,0.0,6.328128431108148,6.328128431108148,0.0,WELD_FOUND
17.312,0.005018654834208767,-0.05,-0.0024813451657912326,0.012518654834208767,0.0176,0.0,-0.0201,0.0125,65,0,0.0602,0.0,6.328128431108148,6.328128431108148,0.0,WELD_FOUND
17.362,0.0,0.0,0.0,0.0,0.0176,0.0,-0.0176,0.0,65,0,0.0602,0.0,6.328128431108148,nan,nan,NO_WELD
17.412,0.0,0.0,0.0,0.0,0.0131,0.0,-0.0131,0.0,66,0,0.0612,0.0,6.328128431108148,nan,nan,NO_WELD
17.462,0.006343715303064596,-0.05,-0.001156284696935404,0.013843715303064595,0.0131,0.0,-0.0142,0.0138,66,0,0.0612,0.0,5.625003571624471,5.625003571624471,0.0,WELD_FOUND
17.512,0.006343715303064596,-0.05,-0.001156284696935404,0.013843715303064595,0.0104,0.0,-0.0116,0.0138,66,0,0.0612,0.0,5.625003571624471,5.625003571624471,0.0,WELD_FOUND
17.562,0.0,0.0,0.0,0.0,0.0104,0.0,-0.0104,0.0,66,0,0.0612,0.0,5.625003571624471,nan,nan,NO_WELD
17.612,0.0,0.0,0.0,0.0,0.0084,0.0,-0.0084,0.0,66,0,0.0612,0.0,5.625003571624471,nan,nan,NO_WELD
17.662,0.005798324753038109,-0.05,-0.0017016752469618908,0.013298324753038108,0.0084,0.0,-0.0101,0.0133,66,0,0.0612,0.0,5.97656621480972,5.97656621480972,0.0,WELD_FOUND
17.712,0.005798324753038109,-0.05,-0.0017016752469618908,0.013298324753038108,0.0084,0.0,-0.0101,0.0133,66,0,0.0612,0.0,5.97656621480972,5.97656621480972,0.0,WELD_FOUND
17.762,0.005692187839424912,-0.1,-0.009307812160575087,0.020692187839424912,0.0067,0.0,-0.016,0.0207,66,0,0.0612,0.0,5.97656621480972,5.97656621480972,0.0,WELD_FOUND
17.812,0.005692187839424912,-0.1,-0.009307812160575087,0.020692187839424912,0.0067,0.0,-0.016,0.0207,67,0,0.0621,0.0,5.97656621480972,5.97656621480972,0.0,WELD_FOUND
17.862,0.0,0.0,0.0,0.0,0.0077,0.0,-0.0077,0.0,67,0,0.0621,0.0,5.97656621480972,nan,nan,NO_WELD
17.912,0.0,0.0,0.0,0.0,0.0077,0.0,-0.0077,0.0,67,0,0.0621,0.0,5.97656621480972,nan,nan,NO_WELD
17.962,0.007366784869376608,-0.05,-0.00013321513062339134,0.014866784869376608,0.0077,0.0,-0.0079,0.0149,67,0,0.0621,0.0,5.2734409284392205,5.2734409284392205,0.0,WELD_FOUND
18.012,0.007366784869376608,-0.05,-0.00013321513062339134,0.014866784869376608,0.0062,0.0,-0.0063,0.0149,67,0,0.0621,0.0,5.2734409284392205,5.2734409284392205,0.0,WELD_FOUND
18.063,0.0,0.0,0.0,0.0,0.0062,0.0,-0.0062,0.0,67,0,0.0621,0.0,5.2734409284392205,nan,nan,NO_WELD
18.112,0.0,0.0,0.0,0.0,0.0049,0.0,-0.0049,0.0,67,0,0.0621,0.0,5.2734409284392205,nan,nan,NO_WELD
18.162,0.00868034245065278,-0.05,0.0011803424506527799,0.01618034245065278,0.0049,0.0,-0.0038,0.0162,67,0,0.0621,0.0,4.921878712140794,4.921878712140794,0.0,WELD_FOUND
18.212,0.00868034245065278,-0.05,0.0011803424506527799,0.01618034245065278,0.004,0.0,-0.0028,0.0162,67,0,0.0621,0.0,4.921878712140794,4.921878712140794,0.0,WELD_FOUND
18.262,0.00798777081637165,-0.1,-0.007012229183628349,0.02298777081637165,0.004,0.0,-0.011,0.023,67,0,0.0621,0.0,5.625003571624471,5.2734409284392205,0.3515626431852503,WELD_FOUND
18.312,0.00798777081637165,-0.1,-0.007012229183628349,0.02298777081637165,0.0061,0.0,-0.0131,0.023,68,0,0.063,0.0,5.625003571624471,5.2734409284392205,0.3515626431852503,WELD_FOUND
18.362,0.0,0.0,0.0,0.0,0.0061,0.0,-0.0061,0.0,68,0,0.063,0.0,5.625003571624471,nan,nan,NO_WELD
18.412,0.0,0.0,0.0,0.0,0.0049,0.0,-0.0049,0.0,68,0,0.063,0.0,5.625003571624471,nan,nan,NO_WELD
18.462,0.0,0.0,0.0,0.0,0.0049,0.0,-0.0049,0.0,68,0,0.063,0.0,5.625003571624471,nan,nan,NO_WELD
18.512,0.0,0.0,0.0,0.0,0.0049,0.0,-0.0049,0.0,68,0,0.063,0.0,5.625003571624471,nan,nan,NO_WELD
18.562,0.0,0.0,0.0,0.0,0.0039,0.0,-0.0039,0.0,68,0,0.063,0.0,5.625003571624471,nan,nan,NO_WELD
18.612,0.0,0.0,0.0,0.0,0.0039,0.0,-0.0039,0.0,68,0,0.063,0.0,5.625003571624471,nan,nan,NO_WELD
18.662,0.0,0.0,0.0,0.0,0.0039,0.0,-0.0039,0.0,68,0,0.063,0.0,5.2734409284392205,5.2734409284392205,0.0,WELD_FOUND
18.712,0.0,0.0,0.0,0.0,0.0031,0.0,-0.0031,0.0,68,0,0.063,0.0,5.2734409284392205,5.2734409284392205,0.0,WELD_FOUND
18.762,0.0,0.0,0.0,0.0,0.0031,0.0,-0.0031,0.0,68,0,0.063,0.0,5.2734409284392205,nan,nan,NO_WELD
18.812,0.0,0.0,0.0,0.0,0.0031,0.0,-0.0031,0.0,68,0,0.063,0.0,5.2734409284392205,nan,nan,NO_WELD
18.862,0.009025560534973096,-0.05,0.0015255605349730958,0.016525560534973095,0.0025,0.0,-0.001,0.0165,68,0,0.063,0.0,4.921878712140794,4.921878712140794,0.0,WELD_FOUND
18.912,0.009025560534973096,-0.05,0.0015255605349730958,0.016525560534973095,0.0025,0.0,-0.001,0.0165,68,0,0.063,0.0,4.921878712140794,4.921878712140794,0.0,WELD_FOUND
18.962,0.009532359695194781,-0.1,-0.0054676403048052186,0.02453235969519478,0.0025,0.0,-0.008,0.0245,68,0,0.063,0.0,4.5703160689555435,4.746097390548169,-0.17578132159262516,WELD_FOUND
19.012,0.009532359695194781,-0.1,-0.0054676403048052186,0.02453235969519478,0.002,0.0,-0.0075,0.0245,68,0,0.063,0.0,4.5703160689555435,4.746097390548169,-0.17578132159262516,WELD_FOUND
19.063,0.01015879116328242,-0.15000000000000002,-0.012341208836717583,0.03265879116328242,0.002,0.0,-0.0143,0.0327,68,0,0.063,0.0,4.218753425770293,4.5703160689555435,-0.3515626431852503,WELD_FOUND
19.112,0.01015879116328242,-0.15000000000000002,-0.012341208836717583,0.03265879116328242,0.0049,0.0,-0.0172,0.0327,69,0,0.0639,0.0,4.218753425770293,4.5703160689555435,-0.3515626431852503,WELD_FOUND
19.162,0.0,0.0,0.0,0.0,0.0049,0.0,-0.0049,0.0,69,0,0.0639,0.0,4.218753425770293,nan,nan,NO_WELD
19.212,0.0,0.0,0.0,0.0,0.0066,0.0,-0.0066,0.0,70,0,0.0649,0.0,4.218753425770293,nan,nan,NO_WELD
19.262,0.009246846734393953,-0.05,0.0017468467343939535,0.01674684673439395,0.0066,0.0,-0.0049,0.0167,70,0,0.0649,0.0,4.921878712140794,4.921878712140794,0.0,WELD_FOUND
19.312,0.009246846734393953,-0.05,0.0017468467343939535,0.01674684673439395,0.0066,0.0,-0.0049,0.0167,70,0,0.0649,0.0,4.921878712140794,4.921878712140794,0.0,WELD_FOUND
19.362,0.0,0.0,0.0,0.0,0.0053,0.0,-0.0053,0.0,70,0,0.0649,0.0,4.921878712140794,nan,nan,NO_WELD
19.412,0.0,0.0,0.0,0.0,0.0053,0.0,-0.0053,0.0,70,0,0.0649,0.0,4.921878712140794,nan,nan,NO_WELD
19.462,0.0,0.0,0.0,0.0,0.0053,0.0,-0.0053,0.0,70,0,0.0649,0.0,4.921878712140794,nan,nan,NO_WELD
19.512,0.0,0.0,0.0,0.0,0.0043,0.0,-0.0043,0.0,70,0,0.0649,0.0,4.921878712140794,nan,nan,NO_WELD
19.562,0.0,0.0,0.0,0.0,0.0043,0.0,-0.0043,0.0,70,0,0.0649,0.0,4.921878712140794,nan,nan,NO_WELD
19.612,0.0,0.0,0.0,0.0,0.0034,0.0,-0.0034,0.0,70,0,0.0649,0.0,4.921878712140794,nan,nan,NO_WELD
19.662,0.0,0.0,0.0,0.0,0.0034,0.0,-0.0034,0.0,70,0,0.0649,0.0,4.921878712140794,nan,nan,NO_WELD
19.712,0.0,0.0,0.0,0.0,0.0034,0.0,-0.0034,0.0,70,0,0.0649,0.0,4.921878712140794,nan,nan,NO_WELD
19.762,0.0,0.0,0.0,0.0,0.0027,0.0,-0.0027,0.0,70,0,0.0649,0.0,4.921878712140794,nan,nan,NO_WELD
19.812,0.0,0.0,0.0,0.0,0.0027,0.0,-0.0027,0.0,70,0,0.0649,0.0,4.921878712140794,nan,nan,NO_WELD
19.862,0.011697984183214948,-0.05,0.0041979841832149485,0.019197984183214948,0.0022,0.0,0.002,0.0192,70,0,0.0649,0.0,4.218753425770293,4.218753425770293,0.0,WELD_FOUND
19.912,0.011697984183214948,-0.05,0.0041979841832149485,0.019197984183214948,0.0022,0.0,0.002,0.0192,70,0,0.0649,0.0,4.218753425770293,4.218753425770293,0.0,WELD_FOUND
19.962,0.0,0.0,0.0,0.0,0.0022,0.0,-0.0022,0.0,70,0,0.0649,0.0,4.218753425770293,nan,nan,NO_WELD
20.012,0.0,0.0,0.0,0.0,0.0017,0.0,-0.0017,0.0,70,0,0.0649,0.0,4.218753425770293,nan,nan,NO_WELD
20.063,0.0,0.0,0.0,0.0,0.0017,0.0,-0.0017,0.0,70,0,0.0649,0.0,4.218753425770293,nan,nan,NO_WELD
20.112,0.0,0.0,0.0,0.0,0.0014,0.0,-0.0014,0.0,70,0,0.0649,0.0,4.218753425770293,nan,nan,NO_WELD
20.162,0.0,0.0,0.0,0.0,0.0014,0.0,-0.0014,0.0,70,0,0.0649,0.0,4.218753425770293,nan,nan,NO_WELD
20.212,0.0,0.0,0.0,0.0,0.0011,0.0,-0.0011,0.0,70,0,0.0649,0.0,4.218753425770293,nan,nan,NO_WELD
20.262,0.0,0.0,0.0,0.0,0.0011,0.0,-0.0011,0.0,70,0,0.0649,0.0,4.218753425770293,nan,nan,NO_WELD
20.312,0.0,0.0,0.0,0.0,0.0011,0.0,-0.0011,0.0,70,0,0.0649,0.0,4.218753425770293,nan,nan,NO_WELD
20.362,0.0,0.0,0.0,0.0,0.0,0.0,0.0,0.0,70,0,0.0649,0.0,4.218753425770293,nan,nan,NO_WELD
20.412,0.0,0.0,0.0,0.0,0.0,0.0,0.0,0.0,70,0,0.0649,0.0,4.218753425770293,nan,nan,NO_WELD
20.462,0.0,0.0,0.0,0.0,0.0,0.0,0.0,0.0,70,0,0.0649,0.0,3.8671912094718666,3.8671912094718666,0.0,WELD_FOUND
20.512,0.0,0.0,0.0,0.0,0.0,0.0,0.0,0.0,70,0,0.0649,0.0,3.8671912094718666,3.8671912094718666,0.0,WELD_FOUND
20.562,0.0,0.0,0.0,0.0,0.0,0.0,0.0,0.0,70,0,0.0649,0.0,3.8671912094718666,nan,nan,NO_WELD
20.612,0.0,0.0,0.0,0.0,0.0,0.0,0.0,0.0,70,0,0.0649,0.0,3.8671912094718666,nan,nan,NO_WELD
20.662,0.0,0.0,0.0,0.0,0.0,0.0,0.0,0.0,70,0,0.0649,0.0,3.8671912094718666,nan,nan,NO_WELD
20.712,0.0,0.0,0.0,0.0,0.0,0.0,0.0,0.0,70,0,0.0649,0.0,3.8671912094718666,nan,nan,NO_WELD
20.762,0.0,0.0,0.0,0.0,0.0,0.0,0.0,0.0,70,0,0.0649,0.0,3.8671912094718666,nan,nan,NO_WELD
20.812,0.0,0.0,0.0,0.0,0.0,0.0,0.0,0.0,70,0,0.0649,0.0,3.8671912094718666,nan,nan,NO_WELD
20.862,0.0,0.0,0.0,0.0,0.0,0.0,0.0,0.0,70,0,0.0649,0.0,3.8671912094718666,nan,nan,NO_WELD
20.912,0.0,0.0,0.0,0.0,0.0,0.0,0.0,0.0,70,0,0.0649,0.0,3.8671912094718666,nan,nan,NO_WELD
20.962,0.01635549814629639,-0.05,0.008855498146296392,0.02385549814629639,0.0,0.0,0.0089,0.0239,70,0,0.0649,0.0,3.1640659231013664,3.1640659231013664,0.0,WELD_FOUND
21.012,0.01635549814629639,-0.05,0.008855498146296392,0.02385549814629639,0.0,0.0,0.0089,0.0239,70,0,0.0649,0.0,3.1640659231013664,3.1640659231013664,0.0,WELD_FOUND
21.063,0.01635549814629639,-0.1,0.0013554981462963918,0.03135549814629639,0.0,0.0,0.0014,0.0314,70,0,0.0649,0.0,3.1640659231013664,3.1640659231013664,0.0,WELD_FOUND
21.112,0.01635549814629639,-0.1,0.0013554981462963918,0.03135549814629639,0.0049,0.0,-0.0036,0.0314,72,0,0.0667,0.0,3.1640659231013664,3.1640659231013664,0.0,WELD_FOUND
21.162,0.01635549814629639,-0.13805842027068138,-0.004353264894305816,0.037064261186898595,0.0049,0.0,-0.0093,0.0371,72,0,0.0667,0.0,3.5156285662866162,3.1640659231013664,0.3515626431852499,WELD_FOUND
21.212,0.01635549814629639,-0.13805842027068138,-0.004353264894305816,0.037064261186898595,0.0049,0.0,-0.0093,0.0371,73,0,0.0677,0.0,3.5156285662866162,3.1640659231013664,0.3515626431852499,WELD_FOUND
21.262,0.0,0.0,0.0,0.0,0.0054,0.0,-0.0054,0.0,73,0,0.0677,0.0,3.5156285662866162,nan,nan,NO_WELD
21.312,0.0,0.0,0.0,0.0,0.0054,0.0,-0.0054,0.0,74,0,0.0686,0.0,3.5156285662866162,nan,nan,NO_WELD
21.362,0.0,0.0,0.0,0.0,0.007,0.0,-0.007,0.0,74,0,0.0686,0.0,3.5156285662866162,nan,nan,NO_WELD
21.412,0.0,0.0,0.0,0.0,0.007,0.0,-0.007,0.0,75,0,0.0695,0.0,3.5156285662866162,nan,nan,NO_WELD
21.462,0.0,0.0,0.0,0.0,0.0079,0.0,-0.0079,0.0,75,0,0.0695,0.0,3.5156285662866162,nan,nan,NO_WELD
21.512,0.0,0.0,0.0,0.0,0.0079,0.0,-0.0079,0.0,75,0,0.0695,0.0,3.5156285662866162,nan,nan,NO_WELD
21.562,0.0,0.0,0.0,0.0,0.0079,0.0,-0.0079,0.0,75,0,0.0695,0.0,3.5156285662866162,nan,nan,NO_WELD
21.612,0.0,0.0,0.0,0.0,0.0063,0.0,-0.0063,0.0,75,0,0.0695,0.0,3.5156285662866162,nan,nan,NO_WELD
21.662,0.0,0.0,0.0,0.0,0.0063,0.0,-0.0063,0.0,75,0,0.0695,0.0,3.5156285662866162,nan,nan,NO_WELD
21.712,0.0,0.0,0.0,0.0,0.005,0.0,-0.005,0.0,75,0,0.0695,0.0,3.5156285662866162,nan,nan,NO_WELD
21.762,0.0,0.0,0.0,0.0,0.005,0.0,-0.005,0.0,75,0,0.0695,0.0,3.5156285662866162,nan,nan,NO_WELD
21.812,0.0,0.0,0.0,0.0,0.005,0.0,-0.005,0.0,75,0,0.0695,0.0,3.5156285662866162,nan,nan,NO_WELD
21.862,0.0,0.0,0.0,0.0,0.004,0.0,-0.004,0.0,75,0,0.0695,0.0,3.5156285662866162,nan,nan,NO_WELD
21.912,0.0,0.0,0.0,0.0,0.004,0.0,-0.004,0.0,75,0,0.0695,0.0,3.5156285662866162,nan,nan,NO_WELD
21.962,0.0,0.0,0.0,0.0,0.004,0.0,-0.004,0.0,75,0,0.0695,0.0,3.5156285662866162,nan,nan,NO_WELD
22.012,0.0,0.0,0.0,0.0,0.0032,0.0,-0.0032,0.0,75,0,0.0695,0.0,3.5156285662866162,nan,nan,NO_WELD
22.063,0.0,0.0,0.0,0.0,0.0032,0.0,-0.0032,0.0,75,0,0.0695,0.0,3.5156285662866162,nan,nan,NO_WELD
22.112,0.0,0.0,0.0,0.0,0.0032,0.0,-0.0032,0.0,75,0,0.0695,0.0,3.5156285662866162,nan,nan,NO_WELD
22.162,0.0,0.0,0.0,0.0,0.0026,0.0,-0.0026,0.0,75,0,0.0695,0.0,3.5156285662866162,nan,nan,NO_WELD
22.212,0.0,0.0,0.0,0.0,0.0026,0.0,-0.0026,0.0,75,0,0.0695,0.0,3.5156285662866162,nan,nan,NO_WELD
22.262,0.0,0.0,0.0,0.0,0.0026,0.0,-0.0026,0.0,75,0,0.0695,0.0,1.4062534542270564,nan,nan,NO_WELD
22.312,0.0,0.0,0.0,0.0,0.0021,0.0,-0.0021,0.0,75,0,0.0695,0.0,1.4062534542270564,nan,nan,NO_WELD
22.362,0.0,0.0,0.0,0.0,0.0021,0.0,-0.0021,0.0,75,0,0.0695,0.0,1.054690917763512,nan,nan,NO_WELD
22.412,0.0,0.0,0.0,0.0,0.0021,0.0,-0.0021,0.0,75,0,0.0695,0.0,1.054690917763512,nan,nan,NO_WELD
22.462,0.0,0.0,0.0,0.0,0.0017,0.0,-0.0017,0.0,75,0,0.0695,0.0,1.4062534542270564,nan,nan,NO_WELD
22.512,0.0,0.0,0.0,0.0,0.0017,0.0,-0.0017,0.0,75,0,0.0695,0.0,1.4062534542270564,nan,nan,NO_WELD
22.562,0.0,0.0,0.0,0.0,0.0017,0.0,-0.0017,0.0,75,0,0.0695,0.0,1.054690917763512,nan,nan,NO_WELD
22.612,0.0,0.0,0.0,0.0,0.0013,0.0,-0.0013,0.0,75,0,0.0695,0.0,1.054690917763512,nan,nan,NO_WELD
22.662,0.0,0.0,0.0,0.0,0.0013,0.0,-0.0013,0.0,75,0,0.0695,0.0,1.054690917763512,1.054690917763512,0.0,WELD_FOUND
22.712,0.0,0.0,0.0,0.0,0.0011,0.0,-0.0011,0.0,75,0,0.0695,0.0,1.054690917763512,1.054690917763512,0.0,WELD_FOUND
22.762,0.0,0.0,0.0,0.0,0.0011,0.0,-0.0011,0.0,75,0,0.0695,0.0,1.054690917763512,nan,nan,NO_WELD
22.812,0.0,0.0,0.0,0.0,0.0,0.0,0.0,0.0,75,0,0.0695,0.0,1.054690917763512,nan,nan,NO_WELD
22.862,0.0,0.0,0.0,0.0,0.0,0.0,0.0,0.0,75,0,0.0695,0.0,1.054690917763512,nan,nan,NO_WELD
22.912,0.0,0.0,0.0,0.0,0.0,0.0,0.0,0.0,75,0,0.0695,0.0,1.054690917763512,nan,nan,NO_WELD
22.962,0.0,0.0,0.0,0.0,0.0,0.0,0.0,0.0,75,0,0.0695,0.0,1.054690917763512,nan,nan,NO_WELD
23.012,0.0,0.0,0.0,0.0,0.0,0.0,0.0,0.0,75,0,0.0695,0.0,1.054690917763512,nan,nan,NO_WELD
23.063,0.0,0.0,0.0,0.0,0.0,0.0,0.0,0.0,75,0,0.0695,0.0,1.054690917763512,1.054690917763512,0.0,WELD_FOUND
23.112,0.0,0.0,0.0,0.0,0.0,0.0,0.0,0.0,75,0,0.0695,0.0,1.054690917763512,1.054690917763512,0.0,WELD_FOUND
23.162,0.02691661600064618,-0.05,0.01941661600064618,0.034416616000646175,0.0,0.0,0.0194,0.0344,75,0,0.0695,0.0,1.4062534542270564,1.2304722393561371,0.17578121487091924,WELD_FOUND
23.212,0.02691661600064618,-0.05,0.01941661600064618,0.034416616000646175,0.0037,0.0,0.0157,0.0344,76,0,0.0704,0.0,1.4062534542270564,1.2304722393561371,0.17578121487091924,WELD_FOUND
23.262,0.0,0.0,0.0,0.0,0.0037,0.0,-0.0037,0.0,76,0,0.0704,0.0,1.4062534542270564,nan,nan,NO_WELD
23.312,0.0,0.0,0.0,0.0,0.0037,0.0,-0.0037,0.0,80,0,0.0741,0.0,1.4062534542270564,nan,nan,NO_WELD
23.362,0.0,0.0,0.0,0.0,0.0121,0.0,-0.0121,0.0,80,0,0.0741,0.0,1.4062534542270564,nan,nan,NO_WELD
23.412,0.0,0.0,0.0,0.0,0.0121,0.0,-0.0121,0.0,80,0,0.0741,0.0,1.4062534542270564,nan,nan,NO_WELD
23.462,0.0,0.0,0.0,0.0,0.0121,0.0,-0.0121,0.0,80,0,0.0741,0.0,1.4062534542270564,nan,nan,NO_WELD
23.512,0.0,0.0,0.0,0.0,0.0097,0.0,-0.0097,0.0,80,0,0.0741,0.0,1.4062534542270564,nan,nan,NO_WELD
23.562,0.0,0.0,0.0,0.0,0.0097,0.0,-0.0097,0.0,80,0,0.0741,0.0,1.4062534542270564,nan,nan,NO_WELD
23.612,0.0,0.0,0.0,0.0,0.0097,0.0,-0.0097,0.0,80,0,0.0741,0.0,1.4062534542270564,nan,nan,NO_WELD
23.662,0.0,0.0,0.0,0.0,0.0078,0.0,-0.0078,0.0,80,0,0.0741,0.0,1.4062534542270564,nan,nan,NO_WELD
23.712,0.0,0.0,0.0,0.0,0.0078,0.0,-0.0078,0.0,80,0,0.0741,0.0,1.4062534542270564,nan,nan,NO_WELD
23.762,0.03025113731584426,-0.033758672154742785,0.025187336492632842,0.03531493813905568,0.0078,0.0,0.0174,0.0353,80,0,0.0741,0.0,0.7031284346608206,0.7031284346608206,0.0,WELD_FOUND
23.812,0.03025113731584426,-0.033758672154742785,0.025187336492632842,0.03531493813905568,0.0071,0.0,0.0181,0.0353,81,0,0.0751,0.0,0.7031284346608206,0.7031284346608206,0.0,WELD_FOUND
23.862,0.0,0.0,0.0,0.0,0.0071,0.0,-0.0071,0.0,81,0,0.0751,0.0,0.7031284346608206,nan,nan,NO_WELD
23.912,0.0,0.0,0.0,0.0,0.0071,0.0,-0.0071,0.0,85,0,0.0788,0.0,0.7031284346608206,nan,nan,NO_WELD
23.962,0.03025113731584426,-0.030679765623062853,0.025649172472384834,0.03485310215930369,0.0142,0.0,0.0115,0.0349,85,0,0.0788,0.0,0.7031284346608206,0.7031284346608206,0.0,WELD_FOUND
24.012,0.03025113731584426,-0.030679765623062853,0.025649172472384834,0.03485310215930369,0.0142,0.0,0.0115,0.0349,85,0,0.0788,0.0,0.7031284346608206,0.7031284346608206,0.0,WELD_FOUND
24.063,0.0,0.0,0.0,0.0,0.0142,0.0,-0.0142,0.0,85,0,0.0788,0.0,0.7031284346608206,nan,nan,NO_WELD
24.112,0.0,0.0,0.0,0.0,0.0184,0.0,-0.0184,0.0,89,0,0.0825,0.0,0.7031284346608206,nan,nan,NO_WELD
24.162,0.0,0.0,0.0,0.0,0.0184,0.0,-0.0184,0.0,89,0,0.0825,0.0,0.7031284346608206,nan,nan,NO_WELD
24.212,0.0,0.0,0.0,0.0,0.0184,0.0,-0.0184,0.0,89,0,0.0825,0.0,0.7031284346608206,nan,nan,NO_WELD
24.262,0.035,0.0,0.035,0.035,0.0147,0.0,0.0203,0.035,89,0,0.0825,0.0,3.4150945850063755e-06,3.4150945850063755e-06,0.0,WELD_FOUND
24.312,0.035,0.0,0.035,0.035,0.0147,0.0,0.0203,0.035,90,0,0.0834,0.0,3.4150945850063755e-06,3.4150945850063755e-06,0.0,WELD_FOUND
24.362,0.0,0.0,0.0,0.0,0.0125,0.0,-0.0125,0.0,90,0,0.0834,0.0,3.4150945850063755e-06,nan,nan,NO_WELD
24.412,0.0,0.0,0.0,0.0,0.0125,0.0,-0.0125,0.0,96,0,0.089,0.0,3.4150945850063755e-06,nan,nan,NO_WELD
24.462,0.03286785128724259,-0.017544213701089134,0.03023621923207922,0.035499483342405956,0.0125,0.0,0.0177,0.0355,96,0,0.089,0.0,0.35156592487770283,0.35156592487770283,0.0,WELD_FOUND
24.512,0.03286785128724259,-0.017544213701089134,0.03023621923207922,0.035499483342405956,0.0199,0.0,0.0104,0.0355,95,0,0.088,0.0,0.35156592487770283,0.35156592487770283,0.0,WELD_FOUND
24.562,0.032639309018028924,-0.015859592949157005,0.030260370075655373,0.035018247960402475,0.0199,0.0,0.0104,0.035,95,0,0.088,0.0,0.35156592487770283,0.35156592487770283,0.0,WELD_FOUND
24.612,0.032639309018028924,-0.015859592949157005,0.030260370075655373,0.035018247960402475,0.0199,0.0,0.0104,0.035,95,0,0.088,0.0,0.35156592487770283,0.35156592487770283,0.0,WELD_FOUND
24.662,0.0,0.0,0.0,0.0,0.0292,0.0,-0.0292,0.0,102,0,0.0945,0.0,0.35156592487770283,nan,nan,NO_WELD
24.712,0.0,0.0,0.0,0.0,0.0292,0.0,-0.0292,0.0,102,0,0.0945,0.0,0.35156592487770283,nan,nan,NO_WELD
24.762,0.0,0.0,0.0,0.0,0.0292,0.0,-0.0292,0.0,105,0,0.0973,0.0,0.35156592487770283,nan,nan,NO_WELD
24.812,0.0,0.0,0.0,0.0,0.025,0.0,-0.025,0.0,105,0,0.0973,0.0,0.35156592487770283,nan,nan,NO_WELD
24.862,0.03352747164355361,0.014135801326956958,0.03564784184259715,0.03140710144451007,0.025,0.0,0.0107,0.0314,105,0,0.0973,0.0,-0.35155909468853286,-0.35155909468853286,0.0,WELD_FOUND
24.912,0.03352747164355361,0.014135801326956958,0.03564784184259715,0.03140710144451007,0.025,0.0,0.0107,0.0314,105,0,0.0973,0.0,-0.35155909468853286,-0.35155909468853286,0.0,WELD_FOUND
24.962,0.0,0.0,0.0,0.0,0.02,0.0,-0.02,0.0,105,0,0.0973,0.0,-0.35155909468853286,nan,nan,NO_WELD
25.012,0.0,0.0,0.0,0.0,0.02,0.0,-0.02,0.0,105,0,0.0973,0.0,-0.35155909468853286,nan,nan,NO_WELD
25.063,0.035,0.0,0.035,0.035,0.0305,0.0,0.0045,0.035,110,0,0.1019,0.0,3.4150945850063755e-06,3.4150945850063755e-06,0.0,WELD_FOUND
25.112,0.035,0.0,0.035,0.035,0.0305,0.0,0.0045,0.035,110,0,0.1019,0.0,3.4150945850063755e-06,3.4150945850063755e-06,0.0,WELD_FOUND
25.162,0.035,0.0,0.035,0.035,0.0305,0.0,0.0045,0.035,111,0,0.1029,0.0,3.4150945850063755e-06,3.4150945850063755e-06,0.0,WELD_FOUND
25.212,0.035,0.0,0.035,0.035,0.0208,0.0,0.0142,0.035,111,0,0.1029,0.0,3.4150945850063755e-06,3.4150945850063755e-06,0.0,WELD_FOUND
25.262,0.0,0.0,0.0,0.0,0.0208,0.0,-0.0208,0.0,117,0,0.1084,0.0,3.4150945850063755e-06,nan,nan,NO_WELD
25.312,0.0,0.0,0.0,0.0,0.0346,0.0,-0.0346,0.0,117,0,0.1084,0.0,3.4150945850063755e-06,nan,nan,NO_WELD
25.362,0.0,0.0,0.0,0.0,0.0346,0.0,-0.0346,0.0,122,0,0.1131,0.0,3.4150945850063755e-06,nan,nan,NO_WELD
25.412,0.0,0.0,0.0,0.0,0.0346,0.0,-0.0346,0.0,122,0,0.1131,0.0,-0.35155909468853286,nan,nan,NO_WELD
25.462,0.033047387619636145,0.014825836750812315,0.03527126313225799,0.030823512107014298,0.0332,0.0,0.0021,0.0308,122,0,0.1131,0.0,-0.35155909468853286,-0.35155909468853286,0.0,WELD_FOUND
25.512,0.033047387619636145,0.014825836750812315,0.03527126313225799,0.030823512107014298,0.0332,0.0,0.0021,0.0308,122,0,0.1131,0.0,-0.35155909468853286,-0.35155909468853286,0.0,WELD_FOUND
25.562,0.032675089234708875,0.016166907640668457,0.035100125380809144,0.030250053088608606,0.0236,0.0,0.0115,0.0303,123,0,0.114,0.0,-0.35155909468853286,-0.35155909468853286,0.0,WELD_FOUND
25.612,0.032675089234708875,0.016166907640668457,0.035100125380809144,0.030250053088608606,0.0236,0.0,0.0115,0.0303,123,0,0.114,0.0,-0.35155909468853286,nan,nan,NO_WELD
25.662,0.0,0.0,0.0,0.0,0.0236,0.0,-0.0236,0.0,129,0,0.1196,0.0,-0.35155909468853286,nan,nan,NO_WELD
25.713,0.0,0.0,0.0,0.0,0.0289,0.0,-0.0289,0.0,129,0,0.1196,0.0,-0.35155909468853286,nan,nan,NO_WELD
25.762,0.0,0.0,0.0,0.0,0.0289,0.0,-0.0289,0.0,133,0,0.1233,0.0,-0.35155909468853286,nan,nan,NO_WELD
25.812,0.0,0.0,0.0,0.0,0.0289,0.0,-0.0289,0.0,133,0,0.1233,0.0,-0.35155909468853286,nan,nan,NO_WELD
25.862,0.0,0.0,0.0,0.0,0.0273,0.0,-0.0273,0.0,133,0,0.1233,0.0,-0.35155909468853286,nan,nan,NO_WELD
25.913,0.0,0.0,0.0,0.0,0.0273,0.0,-0.0273,0.0,133,0,0.1233,0.0,-1.0546840875743422,nan,nan,NO_WELD
25.962,0.0,0.0,0.0,0.0,0.0273,0.0,-0.0273,0.0,133,0,0.1233,0.0,-1.0546840875743422,-1.0546840875743422,0.0,WELD_FOUND
26.012,0.0,0.0,0.0,0.0,0.0218,0.0,-0.0218,0.0,133,0,0.1233,0.0,-1.0546840875743422,-1.0546840875743422,0.0,WELD_FOUND
26.063,0.02800653687058349,0.05,0.035506536870583486,0.02050653687058349,0.0218,0.0,0.0137,0.0205,133,0,0.1233,0.0,-1.0546840875743422,-1.0546840875743422,0.0,WELD_FOUND
26.112,0.0,0.0,0.0,0.0,0.0175,0.0,-0.0175,0.0,133,0,0.1233,0.0,-1.0546840875743422,nan,nan,NO_WELD
26.162,0.0,0.0,0.0,0.0,0.0175,0.0,-0.0175,0.0,134,0,0.1242,0.0,-1.0546840875743422,nan,nan,NO_WELD
26.212,0.0,0.0,0.0,0.0,0.0175,0.0,-0.0175,0.0,134,0,0.1242,0.0,-1.0546840875743422,nan,nan,NO_WELD
26.262,0.0,0.0,0.0,0.0,0.0154,0.0,-0.0154,0.0,135,0,0.1251,0.0,-1.0546840875743422,nan,nan,NO_WELD
26.312,0.0,0.0,0.0,0.0,0.0154,0.0,-0.0154,0.0,135,0,0.1251,0.0,-1.4062466240378864,-1.4062466240378864,0.0,WELD_FOUND
26.362,0.02627311317028306,0.05,0.03377311317028306,0.01877311317028306,0.0056,0.0,0.0282,0.0188,134,0,0.1242,0.0,-1.4062466240378864,-1.4062466240378864,0.0,WELD_FOUND
26.412,0.02678732605290182,0.052390568076052836,0.03464591126430974,0.018928740841493895,0.0056,0.0,0.0291,0.0189,134,0,0.1242,0.0,-1.0546840875743422,-1.2304654091669671,0.17578132159262494,WELD_FOUND
26.462,0.02678732605290182,0.052390568076052836,0.03464591126430974,0.018928740841493895,0.0056,0.0,0.0291,0.0189,134,0,0.1242,0.0,-1.0546840875743422,-1.2304654091669671,0.17578132159262494,WELD_FOUND
26.512,0.02678732605290182,0.052390568076052836,0.03464591126430974,0.018928740841493895,0.0044,0.0,0.0302,0.0189,134,0,0.1242,0.0,-0.7031216044716506,-1.0546840875743422,0.35156248310269156,WELD_FOUND
26.562,0.027760524158780622,0.0436417462533896,0.03430678609678906,0.021214262220772183,0.0044,0.0,0.0299,0.0212,138,0,0.1279,0.0,-0.7031216044716506,-1.0546840875743422,0.35156248310269156,WELD_FOUND
26.612,0.027957247506292256,0.0455281594331975,0.03478647142127188,0.02112802359131263,0.0044,0.0,0.0303,0.0211,138,0,0.1279,0.0,-1.0546840875743422,-1.0546840875743422,0.0,WELD_FOUND
26.662,0.027957247506292256,0.0455281594331975,0.03478647142127188,0.02112802359131263,0.0225,0.0,0.0123,0.0211,142,0,0.1316,0.0,-1.0546840875743422,-1.0546840875743422,0.0,WELD_FOUND
26.712,0.0,0.0,0.0,0.0,0.0225,0.0,-0.0225,0.0,142,0,0.1316,0.0,-1.0546840875743422,nan,nan,NO_WELD
26.762,0.0,0.0,0.0,0.0,0.032,0.0,-0.032,0.0,147,0,0.1362,0.0,-1.0546840875743422,nan,nan,NO_WELD
26.812,0.0,0.0,0.0,0.0,0.032,0.0,-0.032,0.0,147,0,0.1362,0.0,-1.0546840875743422,nan,nan,NO_WELD
26.862,0.0,0.0,0.0,0.0,0.0303,0.0,-0.0303,0.0,150,0,0.139,0.0,-1.0546840875743422,nan,nan,NO_WELD
26.912,0.0,0.0,0.0,0.0,0.0303,0.0,-0.0303,0.0,150,0,0.139,0.0,-1.0546840875743422,nan,nan,NO_WELD
26.962,0.0,0.0,0.0,0.0,0.0303,0.0,-0.0303,0.0,150,0,0.139,0.0,-1.0546840875743422,nan,nan,NO_WELD
27.012,0.0,0.0,0.0,0.0,0.0243,0.0,-0.0243,0.0,150,0,0.139,0.0,-1.0546840875743422,nan,nan,NO_WELD
27.063,0.0,0.0,0.0,0.0,0.0243,0.0,-0.0243,0.0,150,0,0.139,0.0,-1.0546840875743422,nan,nan,NO_WELD
27.112,0.0,0.0,0.0,0.0,0.0243,0.0,-0.0243,0.0,150,0,0.139,0.0,-1.0546840875743422,nan,nan,NO_WELD
27.162,0.0,0.0,0.0,0.0,0.0194,0.0,-0.0194,0.0,150,0,0.139,0.0,-1.0546840875743422,nan,nan,NO_WELD
27.212,0.0,0.0,0.0,0.0,0.0194,0.0,-0.0194,0.0,150,0,0.139,0.0,-1.0546840875743422,nan,nan,NO_WELD
27.262,0.0,0.0,0.0,0.0,0.0155,0.0,-0.0155,0.0,150,0,0.139,0.0,-1.0546840875743422,nan,nan,NO_WELD
27.312,0.0,0.0,0.0,0.0,0.0155,0.0,-0.0155,0.0,150,0,0.139,0.0,-1.0546840875743422,nan,nan,NO_WELD
27.362,0.0,0.0,0.0,0.0,0.0124,0.0,-0.0124,0.0,150,0,0.139,0.0,-1.0546840875743422,nan,nan,NO_WELD
27.412,0.0,0.0,0.0,0.0,0.0124,0.0,-0.0124,0.0,150,0,0.139,0.0,-1.0546840875743422,nan,nan,NO_WELD
27.462,0.0,0.0,0.0,0.0,0.0124,0.0,-0.0124,0.0,150,0,0.139,0.0,-1.0546840875743422,nan,nan,NO_WELD
27.512,0.025848408980401087,0.05,0.03334840898040109,0.018348408980401087,0.0099,0.0,0.0234,0.0183,150,0,0.139,0.0,-1.4062466240378864,-1.4062466240378864,0.0,WELD_FOUND
27.562,0.025848408980401087,0.05,0.03334840898040109,0.018348408980401087,0.0099,0.0,0.0234,0.0183,150,0,0.139,0.0,-1.4062466240378864,-1.4062466240378864,0.0,WELD_FOUND
27.612,0.0,0.0,0.0,0.0,0.0099,0.0,-0.0099,0.0,150,0,0.139,0.0,-1.4062466240378864,nan,nan,NO_WELD
27.662,0.0,0.0,0.0,0.0,0.0084,0.0,-0.0084,0.0,151,0,0.1399,0.0,-1.4062466240378864,nan,nan,NO_WELD
27.712,0.0,0.0,0.0,0.0,0.0084,0.0,-0.0084,0.0,151,0,0.1399,0.0,-1.4062466240378864,nan,nan,NO_WELD
27.762,0.0,0.0,0.0,0.0,0.0084,0.0,-0.0084,0.0,153,0,0.1418,0.0,-1.4062466240378864,nan,nan,NO_WELD
27.812,0.02418419916164567,0.05,0.031684199161645665,0.01668419916164567,0.01,0.0,0.0217,0.0167,153,0,0.1418,0.0,-1.7578091605014305,-1.7578091605014305,0.0,WELD_FOUND
27.862,0.02418419916164567,0.05,0.031684199161645665,0.01668419916164567,0.01,0.0,0.0217,0.0167,153,0,0.1418,0.0,-1.7578091605014305,-1.7578091605014305,0.0,WELD_FOUND
27.912,0.024677648392138686,0.06772831571622888,0.03483689574957302,0.014518401034704354,0.008,0.0,0.0268,0.0145,153,0,0.1418,0.0,-1.4062466240378864,-1.5820278389088056,0.17578121487091924,WELD_FOUND
27.962,0.024677648392138686,0.06772831571622888,0.03483689574957302,0.014518401034704354,0.008,0.0,0.0268,0.0145,155,0,0.1436,0.0,-1.4062466240378864,-1.5820278389088056,0.17578121487091924,WELD_FOUND
28.012,0.025612086316364635,0.05896192805771648,0.03445637552502211,0.016767797107707164,0.008,0.0,0.0265,0.0168,155,0,0.1436,0.0,-1.0546840875743422,-1.4062466240378864,0.3515625364635442,WELD_FOUND
28.063,0.025612086316364635,0.05896192805771648,0.03445637552502211,0.016767797107707164,0.0246,0.0,0.0099,0.0168,161,0,0.1492,0.0,-1.0546840875743422,-1.4062466240378864,0.3515625364635442,WELD_FOUND
28.112,0.0,0.0,0.0,0.0,0.0246,0.0,-0.0246,0.0,161,0,0.1492,0.0,-1.0546840875743422,nan,nan,NO_WELD
28.162,0.0,0.0,0.0,0.0,0.0246,0.0,-0.0246,0.0,166,0,0.1538,0.0,-1.0546840875743422,nan,nan,NO_WELD
28.212,0.0,0.0,0.0,0.0,0.0271,0.0,-0.0271,0.0,166,0,0.1538,0.0,-1.0546840875743422,nan,nan,NO_WELD
28.262,0.0,0.0,0.0,0.0,0.0271,0.0,-0.0271,0.0,168,0,0.1557,0.0,-1.0546840875743422,nan,nan,NO_WELD
28.312,0.027519088159119427,0.04668598345866778,0.034521985677919594,0.02051619064031926,0.0237,0.0,0.0109,0.0205,168,0,0.1557,0.0,-1.0546840875743422,-1.0546840875743422,0.0,WELD_FOUND
28.362,0.027519088159119427,0.04668598345866778,0.034521985677919594,0.02051619064031926,0.0237,0.0,0.0109,0.0205,168,0,0.1557,0.0,-1.0546840875743422,-1.0546840875743422,0.0,WELD_FOUND
28.412,0.027908704784265864,0.0450719827978598,0.03466950220394483,0.021147907364586892,0.0237,0.0,0.011,0.0211,168,0,0.1557,0.0,-1.0546840875743422,-1.0546840875743422,0.0,WELD_FOUND
28.462,0.027908704784265864,0.0450719827978598,0.03466950220394483,0.021147907364586892,0.0167,0.0,0.018,0.0211,169,0,0.1566,0.0,-1.0546840875743422,-1.0546840875743422,0.0,WELD_FOUND
28.512,0.027986956759558975,0.04582292643363442,0.034860395724604136,0.021113517794513814,0.0167,0.0,0.0182,0.0211,169,0,0.1566,0.0,-1.0546840875743422,-1.0546840875743422,0.0,WELD_FOUND
28.562,0.027986956759558975,0.04582292643363442,0.034860395724604136,0.021113517794513814,0.0167,0.0,0.0182,0.0211,175,0,0.1622,0.0,-1.0546840875743422,-1.0546840875743422,0.0,WELD_FOUND
28.612,0.028002620300628146,0.04598103498586159,0.034899775548507386,0.021105465052748906,0.0248,0.0,0.0101,0.0211,175,0,0.1622,0.0,-0.7031216044716506,-1.0546840875743422,0.35156248310269156,WELD_FOUND
28.662,0.028002620300628146,0.04598103498586159,0.034899775548507386,0.021105465052748906,0.0248,0.0,0.0101,0.0211,180,0,0.1668,0.0,-0.7031216044716506,-1.0546840875743422,0.35156248310269156,WELD_FOUND
28.712,0.0,0.0,0.0,0.0,0.0248,0.0,-0.0248,0.0,180,0,0.1668,0.0,-0.7031216044716506,nan,nan,NO_WELD
28.762,0.0,0.0,0.0,0.0,0.0396,0.0,-0.0396,0.0,185,0,0.1715,0.0,-0.7031216044716506,nan,nan,NO_WELD
28.812,0.035,0.0,0.035,0.035,0.0396,0.0,-0.0046,0.035,185,0,0.1715,0.0,3.4150945850063755e-06,3.4150945850063755e-06,0.0,WELD_FOUND
28.862,0.035,0.0,0.035,0.035,0.0317,0.0,0.0033,0.035,185,0,0.1715,0.0,3.4150945850063755e-06,3.4150945850063755e-06,0.0,WELD_FOUND
28.912,0.0,0.0,0.0,0.0,0.0317,0.0,-0.0317,0.0,185,0,0.1715,0.0,3.4150945850063755e-06,nan,nan,NO_WELD
28.962,0.0,0.0,0.0,0.0,0.0317,0.0,-0.0317,0.0,188,0,0.1742,0.0,3.4150945850063755e-06,nan,nan,NO_WELD
29.012,0.030895021747545878,0.034307042276991426,0.03604107808909459,0.025748965405997165,0.0264,0.0,0.0096,0.0257,188,0,0.1742,0.0,-0.7031216044716506,-0.7031216044716506,0.0,WELD_FOUND
29.063,0.030895021747545878,0.034307042276991426,0.03604107808909459,0.025748965405997165,0.0264,0.0,0.0096,0.0257,192,0,0.1779,0.0,-0.7031216044716506,-0.7031216044716506,0.0,WELD_FOUND
29.112,0.0,0.0,0.0,0.0,0.0264,0.0,-0.0264,0.0,192,0,0.1779,0.0,-0.7031216044716506,nan,nan,NO_WELD
29.162,0.0,0.0,0.0,0.0,0.0282,0.0,-0.0282,0.0,193,0,0.1789,0.0,-0.7031216044716506,nan,nan,NO_WELD
29.212,0.0,0.0,0.0,0.0,0.0282,0.0,-0.0282,0.0,193,0,0.1789,0.0,-0.7031216044716506,nan,nan,NO_WELD
29.262,0.0,0.0,0.0,0.0,0.0243,0.0,-0.0243,0.0,195,0,0.1807,0.0,-0.7031216044716506,nan,nan,NO_WELD
29.312,0.0,0.0,0.0,0.0,0.0243,0.0,-0.0243,0.0,195,0,0.1807,0.0,-0.7031216044716506,nan,nan,NO_WELD
29.362,0.0,0.0,0.0,0.0,0.0195,0.0,-0.0195,0.0,195,0,0.1807,0.0,-0.7031216044716506,nan,nan,NO_WELD
29.412,0.0,0.0,0.0,0.0,0.0195,0.0,-0.0195,0.0,195,0,0.1807,0.0,-1.4062466240378864,-1.4062466240378864,0.0,WELD_FOUND
29.462,0.0,0.0,0.0,0.0,0.0195,0.0,-0.0195,0.0,195,0,0.1807,0.0,-1.4062466240378864,-1.4062466240378864,0.0,WELD_FOUND
29.512,0.02800653687058349,0.05,0.035506536870583486,0.02050653687058349,0.0156,0.0,0.0199,0.0205,195,0,0.1807,0.0,-0.7031216044716506,-1.0546840875743422,0.35156248310269156,WELD_FOUND
29.562,0.02800653687058349,0.05,0.035506536870583486,0.02050653687058349,0.0156,0.0,0.0199,0.0205,195,0,0.1807,0.0,-0.7031216044716506,-1.0546840875743422,0.35156248310269156,WELD_FOUND
29.612,0.02800653687058349,0.04601927474141121,0.034909428081795174,0.021103645659371808,0.0156,0.0,0.0193,0.0211,195,0,0.1807,0.0,-1.0546840875743422,-1.0546840875743422,0.0,WELD_FOUND
29.662,0.02800653687058349,0.04601927474141121,0.034909428081795174,0.021103645659371808,0.0168,0.0,0.0181,0.0211,198,0,0.1835,0.0,-1.0546840875743422,-1.0546840875743422,0.0,WELD_FOUND
29.712,0.02800653687058349,0.04601927474141121,0.034909428081795174,0.021103645659371808,0.0168,0.0,0.0181,0.0211,198,0,0.1835,0.0,-1.0546840875743422,-1.0546840875743422,0.0,WELD_FOUND
29.762,0.02800653687058349,0.04601927474141121,0.034909428081795174,0.021103645659371808,0.0168,0.0,0.0181,0.0211,203,0,0.1881,0.0,-1.0546840875743422,-1.0546840875743422,0.0,WELD_FOUND
29.812,0.02800653687058349,0.04601927474141121,0.034909428081795174,0.021103645659371808,0.0224,0.0,0.0125,0.0211,203,0,0.1881,0.0,-0.7031216044716506,-1.0546840875743422,0.35156248310269156,WELD_FOUND
29.862,0.02800653687058349,0.04601927474141121,0.034909428081795174,0.021103645659371808,0.0224,0.0,0.0125,0.0211,208,0,0.1928,0.0,-0.7031216044716506,-1.0546840875743422,0.35156248310269156,WELD_FOUND
29.912,0.02800653687058349,0.04601927474141121,0.034909428081795174,0.021103645659371808,0.0224,0.0,0.0125,0.0211,208,0,0.1928,0.0,-1.0546840875743422,-1.0546840875743422,0.0,WELD_FOUND
29.962,0.02800653687058349,0.04601927474141121,0.034909428081795174,0.021103645659371808,0.0406,0.0,-0.0057,0.0211,214,0,0.1983,0.0,-1.0546840875743422,-1.0546840875743422,0.0,WELD_FOUND
30.012,0.02800653687058349,0.04601927474141121,0.034909428081795174,0.021103645659371808,0.0406,0.0,-0.0057,0.0211,214,0,0.1983,0.0,-1.0546840875743422,-1.0546840875743422,0.0,WELD_FOUND
30.063,0.02800653687058349,0.04601927474141121,0.034909428081795174,0.021103645659371808,0.0406,0.0,-0.0057,0.0211,218,0,0.202,0.0,-1.0546840875743422,-1.0546840875743422,0.0,WELD_FOUND
30.112,0.02800653687058349,0.04601927474141121,0.034909428081795174,0.021103645659371808,0.0343,0.0,0.0006,0.0211,218,0,0.202,0.0,-0.35155909468853286,-1.0546840875743422,0.7031249928858093,WELD_FOUND
30.162,0.02800653687058349,0.04601927474141121,0.034909428081795174,0.021103645659371808,0.0343,0.0,0.0006,0.0211,222,0,0.2057,0.0,-0.35155909468853286,-1.0546840875743422,0.7031249928858093,WELD_FOUND
30.212,0.0,0.0,0.0,0.0,0.0343,0.0,-0.0343,0.0,222,0,0.2057,0.0,-0.35155909468853286,nan,nan,NO_WELD
30.262,0.0,0.0,0.0,0.0,0.0403,0.0,-0.0403,0.0,226,0,0.2094,0.0,-0.35155909468853286,nan,nan,NO_WELD
30.312,0.02800653687058349,0.04601927474141121,0.034909428081795174,0.021103645659371808,0.0403,0.0,-0.0054,0.0211,226,0,0.2094,0.0,-1.0546840875743422,-1.0546840875743422,0.0,WELD_FOUND
30.362,0.02800653687058349,0.04601927474141121,0.034909428081795174,0.021103645659371808,0.0316,0.0,0.0033,0.0211,228,0,0.2113,0.0,-1.0546840875743422,-1.0546840875743422,0.0,WELD_FOUND
30.412,0.0,0.0,0.0,0.0,0.0316,0.0,-0.0316,0.0,228,0,0.2113,0.0,-1.0546840875743422,nan,nan,NO_WELD
30.462,0.0,0.0,0.0,0.0,0.0316,0.0,-0.0316,0.0,231,0,0.2141,0.0,-1.0546840875743422,nan,nan,NO_WELD
30.512,0.0,0.0,0.0,0.0,0.0264,0.0,-0.0264,0.0,231,0,0.2141,0.0,-1.0546840875743422,nan,nan,NO_WELD
30.562,0.0,0.0,0.0,0.0,0.0264,0.0,-0.0264,0.0,233,0,0.2159,0.0,-1.0546840875743422,nan,nan,NO_WELD
30.612,0.02800653687058349,0.04601927474141121,0.034909428081795174,0.021103645659371808,0.0232,0.0,0.0117,0.0211,233,0,0.2159,0.0,-1.0546840875743422,-1.0546840875743422,0.0,WELD_FOUND
30.662,0.02800653687058349,0.04601927474141121,0.034909428081795174,0.021103645659371808,0.0232,0.0,0.0117,0.0211,233,0,0.2159,0.0,-1.0546840875743422,-1.0546840875743422,0.0,WELD_FOUND
30.712,0.02800653687058349,0.04601927474141121,0.034909428081795174,0.021103645659371808,0.0232,0.0,0.0117,0.0211,233,0,0.2159,0.0,-1.0546840875743422,-1.0546840875743422,0.0,WELD_FOUND
30.762,0.02800653687058349,0.04601927474141121,0.034909428081795174,0.021103645659371808,0.0189,0.0,0.016,0.0211,235,0,0.2178,0.0,-1.0546840875743422,-1.0546840875743422,0.0,WELD_FOUND
30.812,0.0,0.0,0.0,0.0,0.0189,0.0,-0.0189,0.0,235,0,0.2178,0.0,-1.0546840875743422,nan,nan,NO_WELD
30.862,0.0,0.0,0.0,0.0,0.0336,0.0,-0.0336,0.0,241,0,0.2234,0.0,-1.0546840875743422,nan,nan,NO_WELD
30.912,0.024595060575218645,0.05,0.032095060575218645,0.017095060575218646,0.0336,0.0,-0.0015,0.0171,241,0,0.2234,0.0,-1.7578091605014305,-1.7578091605014305,0.0,WELD_FOUND
30.962,0.024595060575218645,0.05,0.032095060575218645,0.017095060575218646,0.0336,0.0,-0.0015,0.0171,242,0,0.2243,0.0,-1.7578091605014305,-1.7578091605014305,0.0,WELD_FOUND
31.012,0.02393934344665896,0.07841449473308189,0.035701517656621246,0.01217716923669668,0.0226,0.0,0.0131,0.0122,242,0,0.2243,0.0,-1.7578091605014305,-1.7578091605014305,0.0,WELD_FOUND
31.063,0.02393934344665896,0.07841449473308189,0.035701517656621246,0.01217716923669668,0.0226,0.0,0.0131,0.0122,244,0,0.2261,0.0,-1.7578091605014305,-1.7578091605014305,0.0,WELD_FOUND
31.112,0.0,0.0,0.0,0.0,0.021,0.0,-0.021,0.0,244,0,0.2261,0.0,-1.7578091605014305,nan,nan,NO_WELD
31.162,0.0,0.0,0.0,0.0,0.021,0.0,-0.021,0.0,248,0,0.2298,0.0,-1.7578091605014305,nan,nan,NO_WELD
31.212,0.0,0.0,0.0,0.0,0.0274,0.0,-0.0274,0.0,248,0,0.2298,0.0,-1.7578091605014305,nan,nan,NO_WELD
31.262,0.0,0.0,0.0,0.0,0.0274,0.0,-0.0274,0.0,249,0,0.2308,0.0,-1.7578091605014305,nan,nan,NO_WELD
31.312,0.02380926314616756,0.05,0.03130926314616756,0.01630926314616756,0.0274,0.0,0.0039,0.0163,249,0,0.2308,0.0,-1.7578091605014305,-1.7578091605014305,0.0,WELD_FOUND
31.362,0.02380926314616756,0.05,0.03130926314616756,0.01630926314616756,0.0219,0.0,0.0094,0.0163,248,0,0.2298,0.0,-1.7578091605014305,-1.7578091605014305,0.0,WELD_FOUND
31.412,0.023783289611078107,0.07676851895851805,0.035298567454855816,0.0122680117673004,0.0219,0.0,0.0134,0.0123,248,0,0.2298,0.0,-1.7578091605014305,-1.7578091605014305,0.0,WELD_FOUND
31.462,0.023783289611078107,0.07676851895851805,0.035298567454855816,0.0122680117673004,0.0219,0.0,0.0134,0.0123,250,0,0.2317,0.0,-1.7578091605014305,-1.7578091605014305,0.0,WELD_FOUND
31.512,0.023778096605060566,0.07671257808528319,0.03528498331785304,0.01227120989226809,0.0181,0.0,0.0172,0.0123,250,0,0.2317,0.0,-1.4062466240378864,-1.7578091605014305,0.3515625364635442,WELD_FOUND
31.562,0.023778096605060566,0.07671257808528319,0.03528498331785304,0.01227120989226809,0.0181,0.0,0.0172,0.0123,254,0,0.2354,0.0,-1.4062466240378864,-1.7578091605014305,0.3515625364635442,WELD_FOUND
31.612,0.02459532488515149,0.06681989811741769,0.034618309602764144,0.014572340167538835,0.0181,0.0,0.0165,0.0146,254,0,0.2354,0.0,-1.4062466240378864,-1.5820278389088056,0.17578121487091924,WELD_FOUND
31.662,0.02459532488515149,0.06681989811741769,0.034618309602764144,0.014572340167538835,0.0306,0.0,0.004,0.0146,258,0,0.2391,0.0,-1.4062466240378864,-1.5820278389088056,0.17578121487091924,WELD_FOUND
31.712,0.0,0.0,0.0,0.0,0.0306,0.0,-0.0306,0.0,258,0,0.2391,0.0,-1.4062466240378864,nan,nan,NO_WELD
31.762,0.0,0.0,0.0,0.0,0.0369,0.0,-0.0369,0.0,263,0,0.2437,0.0,-1.4062466240378864,nan,nan,NO_WELD
31.812,0.02907322642204871,0.029179063831347937,0.0334500859967509,0.024696366847346517,0.0369,0.0,-0.0035,0.0247,263,0,0.2437,0.0,-0.7031216044716506,-0.7031216044716506,0.0,WELD_FOUND
31.862,0.02907322642204871,0.029179063831347937,0.0334500859967509,0.024696366847346517,0.0296,0.0,0.0039,0.0247,265,0,0.2456,0.0,-0.7031216044716506,-0.7031216044716506,0.0,WELD_FOUND
31.912,0.02910907810851436,0.03826080663526349,0.034848199103803885,0.023369957113224836,0.0296,0.0,0.0053,0.0234,265,0,0.2456,0.0,-1.0546840875743422,-0.8789028727034228,-0.17578121487091936,WELD_FOUND
31.962,0.02910907810851436,0.03826080663526349,0.034848199103803885,0.023369957113224836,0.0296,0.0,0.0053,0.0234,267,0,0.2474,0.0,-1.0546840875743422,-0.8789028727034228,-0.17578121487091936,WELD_FOUND
32.012,0.028225342311754373,0.04818589319738172,0.035453226291361634,0.020997458332147115,0.0227,0.0,0.0128,0.021,267,0,0.2474,0.0,-1.7578091605014305,-1.0546840875743422,-0.7031250729270884,WELD_FOUND
32.063,0.028225342311754373,0.04818589319738172,0.035453226291361634,0.020997458332147115,0.0227,0.0,0.0128,0.021,272,0,0.2521,0.0,-1.7578091605014305,-1.0546840875743422,-0.7031250729270884,WELD_FOUND
32.112,0.026315432929065734,0.06607256386592625,0.03622631750895467,0.016404548349176797,0.0227,0.0,0.0135,0.0164,272,0,0.2521,0.0,-2.1093715902432693,-1.4062466240378864,-0.7031249662053829,WELD_FOUND
32.162,0.026315432929065734,0.06607256386592625,0.03622631750895467,0.016404548349176797,0.0359,0.0,0.0004,0.0164,276,0,0.2558,0.0,-2.1093715902432693,-1.4062466240378864,-0.7031249662053829,WELD_FOUND
32.212,0.024274226243973584,0.08199723008241355,0.03657381075633562,0.011974641731611552,0.0359,0.0,0.0007,0.012,276,0,0.2558,0.0,-2.460934233428519,-1.7578091605014305,-0.7031250729270886,WELD_FOUND
32.262,0.024274226243973584,0.08199723008241355,0.03657381075633562,0.011974641731611552,0.0359,0.0,0.0007,0.012,280,0,0.2595,0.0,-2.460934233428519,-1.7578091605014305,-0.7031250729270886,WELD_FOUND
32.312,0.0,0.0,0.0,0.0,0.0314,0.0,-0.0314,0.0,280,0,0.2595,0.0,-2.460934233428519,nan,nan,NO_WELD
32.362,0.0,0.0,0.0,0.0,0.0314,0.0,-0.0314,0.0,283,0,0.2623,0.0,-2.460934233428519,nan,nan,NO_WELD
32.412,0.0,0.0,0.0,0.0,0.0314,0.0,-0.0314,0.0,283,0,0.2623,0.0,-2.460934233428519,nan,nan,NO_WELD
32.462,0.0,0.0,0.0,0.0,0.0287,0.0,-0.0287,0.0,284,0,0.2632,0.0,-2.460934233428519,nan,nan,NO_WELD
32.512,0.022277499383284053,0.05,0.029777499383284053,0.014777499383284053,0.0287,0.0,0.0011,0.0148,284,0,0.2632,0.0,-2.1093715902432693,-2.1093715902432693,0.0,WELD_FOUND
32.562,0.022277499383284053,0.05,0.029777499383284053,0.014777499383284053,0.0287,0.0,0.0011,0.0148,284,0,0.2632,0.0,-2.1093715902432693,-2.1093715902432693,0.0,WELD_FOUND
32.612,0.023473032817130663,0.07339060112031591,0.03448162298517805,0.012464442649083278,0.023,0.0,0.0115,0.0125,284,0,0.2632,0.0,-1.4062466240378864,-1.7578091605014305,0.3515625364635442,WELD_FOUND
32.662,0.023473032817130663,0.07339060112031591,0.03448162298517805,0.012464442649083278,0.023,0.0,0.0115,0.0125,286,0,0.2651,0.0,-1.4062466240378864,-1.7578091605014305,0.3515625364635442,WELD_FOUND
32.712,0.025364176371325636,0.056377371287724354,0.03382078206448429,0.016907570678166985,0.023,0.0,0.0108,0.0169,286,0,0.2651,0.0,-1.4062466240378864,-1.4062466240378864,0.0,WELD_FOUND
32.762,0.025364176371325636,0.056377371287724354,0.03382078206448429,0.016907570678166985,0.0286,0.0,0.0052,0.0169,290,0,0.2688,0.0,-1.4062466240378864,-1.4062466240378864,0.0,WELD_FOUND
32.812,0.02491376237131522,0.0701855483551392,0.0354415946245861,0.014385930118044342,0.0286,0.0,0.0068,0.0144,290,0,0.2688,0.0,-1.7578091605014305,-1.5820278389088056,-0.17578132159262494,WELD_FOUND
32.862,0.02491376237131522,0.0701855483551392,0.0354415946245861,0.014385930118044342,0.032,0.0,0.0034,0.0144,294,0,0.2725,0.0,-1.7578091605014305,-1.5820278389088056,-0.17578132159262494,WELD_FOUND
32.912,0.024002067016283025,0.0790822683682312,0.035864407271517705,0.012139726761048344,0.032,0.0,0.0039,0.0121,294,0,0.2725,0.0,-1.7578091605014305,-1.7578091605014305,0.0,WELD_FOUND
32.962,0.024002067016283025,0.0790822683682312,0.035864407271517705,0.012139726761048344,0.032,0.0,0.0039,0.0121,298,0,0.2762,0.0,-1.7578091605014305,-1.7578091605014305,0.0,WELD_FOUND
33.012,0.0,0.0,0.0,0.0,0.0291,0.0,-0.0291,0.0,298,0,0.2762,0.0,-1.7578091605014305,nan,nan,NO_WELD
33.063,0.0,0.0,0.0,0.0,0.0291,0.0,-0.0291,0.0,302,0,0.2799,0.0,-1.7578091605014305,nan,nan,NO_WELD
33.112,0.0,0.0,0.0,0.0,0.0323,0.0,-0.0323,0.0,302,0,0.2799,0.0,-1.7578091605014305,nan,nan,NO_WELD
33.162,0.0,0.0,0.0,0.0,0.0323,0.0,-0.0323,0.0,303,0,0.2808,0.0,-1.7578091605014305,nan,nan,NO_WELD
33.212,0.02718093988511116,0.04716342710128141,0.03425545395030337,0.02010642581991895,0.0323,0.0,0.002,0.0201,303,0,0.2808,0.0,-1.0546840875743422,-1.0546840875743422,0.0,WELD_FOUND
33.262,0.02718093988511116,0.04716342710128141,0.03425545395030337,0.02010642581991895,0.0218,0.0,0.0124,0.0201,303,0,0.2808,0.0,-1.0546840875743422,-1.0546840875743422,0.0,WELD_FOUND
33.312,0.0,0.0,0.0,0.0,0.0218,0.0,-0.0218,0.0,303,0,0.2808,0.0,-1.0546840875743422,nan,nan,NO_WELD
33.362,0.0,0.0,0.0,0.0,0.0242,0.0,-0.0242,0.0,306,0,0.2836,0.0,-1.0546840875743422,nan,nan,NO_WELD
33.412,0.02784042935290454,0.04578592728888456,0.03470831844623722,0.020972540259571855,0.0242,0.0,0.0105,0.021,306,0,0.2836,0.0,-1.0546840875743422,-1.0546840875743422,0.0,WELD_FOUND
33.462,0.02784042935290454,0.04578592728888456,0.03470831844623722,0.020972540259571855,0.0242,0.0,0.0105,0.021,308,0,0.2854,0.0,-1.0546840875743422,-1.0546840875743422,0.0,WELD_FOUND
33.512,0.026240898213899133,0.065262367392332,0.03603025332274894,0.016451543105049333,0.0195,0.0,0.0166,0.0165,308,0,0.2854,0.0,-1.7578091605014305,-1.4062466240378864,-0.3515625364635442,WELD_FOUND
33.562,0.026240898213899133,0.065262367392332,0.03603025332274894,0.016451543105049333,0.0195,0.0,0.0166,0.0165,310,0,0.2873,0.0,-1.7578091605014305,-1.4062466240378864,-0.3515625364635442,WELD_FOUND
33.612,0.024259901073838425,0.0819187068248483,0.03654770709756567,0.011972095050111181,0.0191,0.0,0.0174,0.012,310,0,0.2873,0.0,-2.1093715902432693,-1.7578091605014305,-0.3515624297418387,WELD_FOUND
33.662,0.024259901073838425,0.0819187068248483,0.03654770709756567,0.011972095050111181,0.0191,0.0,0.0174,0.012,315,0,0.2919,0.0,-2.1093715902432693,-1.7578091605014305,-0.3515624297418387,WELD_FOUND
33.712,0.0,0.0,0.0,0.0,0.03,0.0,-0.03,0.0,315,0,0.2919,0.0,-2.1093715902432693,nan,nan,NO_WELD
33.762,0.0,0.0,0.0,0.0,0.03,0.0,-0.03,0.0,318,0,0.2947,0.0,-2.1093715902432693,nan,nan,NO_WELD
33.812,0.022274754391710377,0.05,0.029774754391710376,0.014774754391710377,0.03,0.0,-0.0002,0.0148,318,0,0.2947,0.0,-2.1093715902432693,-2.1093715902432693,0.0,WELD_FOUND
33.862,0.022274754391710377,0.05,0.029774754391710376,0.014774754391710377,0.0304,0.0,-0.0006,0.0148,320,0,0.2966,0.0,-2.1093715902432693,-2.1093715902432693,0.0,WELD_FOUND
33.912,0.0,0.0,0.0,0.0,0.0304,0.0,-0.0304,0.0,320,0,0.2966,0.0,-2.1093715902432693,nan,nan,NO_WELD
33.962,0.0,0.0,0.0,0.0,0.0304,0.0,-0.0304,0.0,322,0,0.2984,0.0,-2.1093715902432693,nan,nan,NO_WELD
34.012,0.023472469266206573,0.05,0.030972469266206573,0.015972469266206574,0.0232,0.0,0.0078,0.016,322,0,0.2984,0.0,-1.7578091605014305,-1.7578091605014305,0.0,WELD_FOUND
34.063,0.023472469266206573,0.05,0.030972469266206573,0.015972469266206574,0.0232,0.0,0.0078,0.016,323,0,0.2993,0.0,-1.7578091605014305,-1.7578091605014305,0.0,WELD_FOUND
34.112,0.023715775792327053,0.0760597144825724,0.03512473296471291,0.012306818619941193,0.0232,0.0,0.012,0.0123,323,0,0.2993,0.0,-1.7578091605014305,-1.7578091605014305,0.0,WELD_FOUND
34.162,0.023715775792327053,0.0760597144825724,0.03512473296471291,0.012306818619941193,0.0213,0.0,0.0138,0.0123,325,0,0.3012,0.0,-1.7578091605014305,-1.7578091605014305,0.0,WELD_FOUND
34.212,0.0,0.0,0.0,0.0,0.0213,0.0,-0.0213,0.0,325,0,0.3012,0.0,-1.7578091605014305,nan,nan,NO_WELD
34.262,0.0,0.0,0.0,0.0,0.0313,0.0,-0.0313,0.0,330,0,0.3058,0.0,-1.7578091605014305,nan,nan,NO_WELD
34.312,0.025414537956726466,0.05,0.03291453795672647,0.017914537956726467,0.0313,0.0,0.0016,0.0179,330,0,0.3058,0.0,-1.4062466240378864,-1.4062466240378864,0.0,WELD_FOUND
34.362,0.025414537956726466,0.05,0.03291453795672647,0.017914537956726467,0.0251,0.0,0.0079,0.0179,330,0,0.3058,0.0,-1.4062466240378864,-1.4062466240378864,0.0,WELD_FOUND
34.412,0.02492374090501862,0.07028948689453644,0.03546716393919908,0.014380317870838153,0.0251,0.0,0.0104,0.0144,330,0,0.3058,0.0,-1.7578091605014305,-1.5820278389088056,-0.17578132159262494,WELD_FOUND
34.462,0.02492374090501862,0.07028948689453644,0.03546716393919908,0.014380317870838153,0.0251,0.0,0.0104,0.0144,332,0,0.3077,0.0,-1.7578091605014305,-1.5820278389088056,-0.17578132159262494,WELD_FOUND
34.512,0.024004025711070198,0.07913526177681209,0.03587431497759201,0.012133736444548385,0.02,0.0,0.0159,0.0121,332,0,0.3077,0.0,-1.7578091605014305,-1.7578091605014305,0.0,WELD_FOUND
34.562,0.024004025711070198,0.07913526177681209,0.03587431497759201,0.012133736444548385,0.02,0.0,0.0159,0.0121,336,0,0.3114,0.0,-1.7578091605014305,-1.7578091605014305,0.0,WELD_FOUND
34.612,0.0,0.0,0.0,0.0,0.0268,0.0,-0.0268,0.0,336,0,0.3114,0.0,-1.7578091605014305,nan,nan,NO_WELD
34.662,0.0,0.0,0.0,0.0,0.0268,0.0,-0.0268,0.0,340,0,0.3151,0.0,-1.7578091605014305,nan,nan,NO_WELD
34.712,0.0,0.0,0.0,0.0,0.0309,0.0,-0.0309,0.0,340,0,0.3151,0.0,-1.7578091605014305,nan,nan,NO_WELD
34.762,0.0,0.0,0.0,0.0,0.0309,0.0,-0.0309,0.0,342,0,0.317,0.0,-1.7578091605014305,nan,nan,NO_WELD
34.812,0.0,0.0,0.0,0.0,0.026,0.0,-0.026,0.0,342,0,0.317,0.0,-1.7578091605014305,nan,nan,NO_WELD
34.862,0.0,0.0,0.0,0.0,0.026,0.0,-0.026,0.0,342,0,0.317,0.0,-1.7578091605014305,nan,nan,NO_WELD
34.912,0.02800653687058349,0.05,0.035506536870583486,0.02050653687058349,0.026,0.0,0.0095,0.0205,342,0,0.317,0.0,-1.0546840875743422,-1.0546840875743422,0.0,WELD_FOUND
34.962,0.02800653687058349,0.05,0.035506536870583486,0.02050653687058349,0.0208,0.0,0.0147,0.0205,342,0,0.317,0.0,-1.0546840875743422,-1.0546840875743422,0.0,WELD_FOUND
35.012,0.0,0.0,0.0,0.0,0.0208,0.0,-0.0208,0.0,342,0,0.317,0.0,-1.0546840875743422,nan,nan,NO_WELD
35.063,0.0,0.0,0.0,0.0,0.0208,0.0,-0.0208,0.0,345,0,0.3197,0.0,-1.0546840875743422,nan,nan,NO_WELD
35.112,0.0,0.0,0.0,0.0,0.0199,0.0,-0.0199,0.0,345,0,0.3197,0.0,-1.0546840875743422,nan,nan,NO_WELD
35.162,0.0,0.0,0.0,0.0,0.0199,0.0,-0.0199,0.0,346,0,0.3207,0.0,-1.0546840875743422,nan,nan,NO_WELD
35.212,0.02979533140041098,0.03128719120960712,0.03448841008185205,0.02510225271896991,0.0199,0.0,0.0146,0.0251,346,0,0.3207,0.0,-0.7031216044716506,-0.7031216044716506,0.0,WELD_FOUND
35.262,0.02979533140041098,0.03128719120960712,0.03448841008185205,0.02510225271896991,0.0144,0.0,0.0201,0.0251,346,0,0.3207,0.0,-0.7031216044716506,-0.7031216044716506,0.0,WELD_FOUND
35.312,0.02925287894058403,0.03964591993307094,0.03519976693054467,0.02330599095062339,0.0144,0.0,0.0208,0.0233,346,0,0.3207,0.0,-1.0546840875743422,-0.8789028727034228,-0.17578121487091936,WELD_FOUND
35.362,0.02925287894058403,0.03964591993307094,0.03519976693054467,0.02330599095062339,0.0198,0.0,0.0154,0.0233,349,0,0.3234,0.0,-1.0546840875743422,-0.8789028727034228,-0.17578121487091936,WELD_FOUND
35.412,0.0,0.0,0.0,0.0,0.0198,0.0,-0.0198,0.0,349,0,0.3234,0.0,-1.0546840875743422,nan,nan,NO_WELD
35.462,0.0,0.0,0.0,0.0,0.0198,0.0,-0.0198,0.0,354,0,0.3281,0.0,-1.0546840875743422,nan,nan,NO_WELD
35.512,0.0,0.0,0.0,0.0,0.0242,0.0,-0.0242,0.0,354,0,0.3281,0.0,-1.0546840875743422,nan,nan,NO_WELD
35.562,0.0,0.0,0.0,0.0,0.0242,0.0,-0.0242,0.0,355,0,0.329,0.0,-1.0546840875743422,nan,nan,NO_WELD
35.612,0.03190209893219395,0.016214066643934988,0.0343342089287842,0.0294699889356037,0.0182,0.0,0.0161,0.0295,355,0,0.329,0.0,-0.35155909468853286,-0.35155909468853286,0.0,WELD_FOUND
35.662,0.03190209893219395,0.016214066643934988,0.0343342089287842,0.0294699889356037,0.0182,0.0,0.0161,0.0295,355,0,0.329,0.0,-0.35155909468853286,-0.35155909468853286,0.0,WELD_FOUND
35.712,0.0,0.0,0.0,0.0,0.0146,0.0,-0.0146,0.0,355,0,0.329,0.0,-0.35155909468853286,nan,nan,NO_WELD
35.762,0.0,0.0,0.0,0.0,0.0146,0.0,-0.0146,0.0,359,0,0.3327,0.0,-0.35155909468853286,nan,nan,NO_WELD
35.812,0.030577856443176312,0.031119141262345267,0.035245727632528104,0.02590998525382452,0.0236,0.0,0.0117,0.0259,359,0,0.3327,0.0,-0.7031216044716506,-0.7031216044716506,0.0,WELD_FOUND
35.862,0.030577856443176312,0.031119141262345267,0.035245727632528104,0.02590998525382452,0.0236,0.0,0.0117,0.0259,362,0,0.3355,0.0,-0.7031216044716506,-0.7031216044716506,0.0,WELD_FOUND
35.912,0.030316376350758557,0.03129099566962888,0.03501002570120289,0.025622727000314226,0.0236,0.0,0.0114,0.0256,362,0,0.3355,0.0,-0.7031216044716506,-0.7031216044716506,0.0,WELD_FOUND
35.962,0.030316376350758557,0.03129099566962888,0.03501002570120289,0.025622727000314226,0.0265,0.0,0.0085,0.0256,364,0,0.3373,0.0,-0.7031216044716506,-0.7031216044716506,0.0,WELD_FOUND
36.012,0.030264215068490436,0.030802165913339105,0.0348845399554913,0.02564389018148957,0.0265,0.0,0.0084,0.0256,364,0,0.3373,0.0,-1.4062466240378864,-0.7031216044716506,-0.7031250195662357,WELD_FOUND
36.063,0.030264215068490436,0.030802165913339105,0.0348845399554913,0.02564389018148957,0.0344,0.0,0.0004,0.0256,369,0,0.342,0.0,-1.4062466240378864,-0.7031216044716506,-0.7031250195662357,WELD_FOUND
36.112,0.028451072051115803,0.05041488034023959,0.03601330410215174,0.020888840000079865,0.0344,0.0,0.0016,0.0209,369,0,0.342,0.0,-1.4062466240378864,-1.0546840875743422,-0.3515625364635442,WELD_FOUND
36.162,0.028451072051115803,0.05041488034023959,0.03601330410215174,0.020888840000079865,0.0392,0.0,-0.0032,0.0209,374,0,0.3466,0.0,-1.4062466240378864,-1.0546840875743422,-0.3515625364635442,WELD_FOUND
36.212,0.0,0.0,0.0,0.0,0.0392,0.0,-0.0392,0.0,374,0,0.3466,0.0,-1.4062466240378864,nan,nan,NO_WELD
36.262,0.0,0.0,0.0,0.0,0.0392,0.0,-0.0392,0.0,378,0,0.3503,0.0,-1.4062466240378864,nan,nan,NO_WELD
36.312,0.028095163888327987,0.046142137551114404,0.03501648452099515,0.021173843255660827,0.0334,0.0,0.0016,0.0212,378,0,0.3503,0.0,-1.0546840875743422,-1.0546840875743422,0.0,WELD_FOUND
36.362,0.028095163888327987,0.046142137551114404,0.03501648452099515,0.021173843255660827,0.0334,0.0,0.0016,0.0212,378,0,0.3503,0.0,-1.0546840875743422,-1.0546840875743422,0.0,WELD_FOUND
36.412,0.027150339139453115,0.056052965542475054,0.035558283970824375,0.018742394308081858,0.0267,0.0,0.0088,0.0187,378,0,0.3503,0.0,-1.4062466240378864,-1.2304654091669671,-0.17578121487091924,WELD_FOUND
36.462,0.027150339139453115,0.056052965542475054,0.035558283970824375,0.018742394308081858,0.0267,0.0,0.0088,0.0187,381,0,0.3531,0.0,-1.4062466240378864,-1.2304654091669671,-0.17578121487091924,WELD_FOUND
36.512,0.0,0.0,0.0,0.0,0.0267,0.0,-0.0267,0.0,381,0,0.3531,0.0,-1.4062466240378864,nan,nan,NO_WELD
36.562,0.0,0.0,0.0,0.0,0.0333,0.0,-0.0333,0.0,385,0,0.3568,0.0,-1.4062466240378864,nan,nan,NO_WELD
36.612,0.0,0.0,0.0,0.0,0.0333,0.0,-0.0333,0.0,385,0,0.3568,0.0,-1.4062466240378864,nan,nan,NO_WELD
36.662,0.0,0.0,0.0,0.0,0.0333,0.0,-0.0333,0.0,387,0,0.3587,0.0,-1.4062466240378864,nan,nan,NO_WELD
36.712,0.0,0.0,0.0,0.0,0.0249,0.0,-0.0249,0.0,387,0,0.3587,0.0,-1.4062466240378864,nan,nan,NO_WELD
36.762,0.0,0.0,0.0,0.0,0.0249,0.0,-0.0249,0.0,387,0,0.3587,0.0,-1.4062466240378864,nan,nan,NO_WELD
36.812,0.025848408980401087,0.05,0.03334840898040109,0.018348408980401087,0.02,0.0,0.0134,0.0183,387,0,0.3587,0.0,-1.4062466240378864,-1.4062466240378864,0.0,WELD_FOUND
36.862,0.025848408980401087,0.05,0.03334840898040109,0.018348408980401087,0.02,0.0,0.0134,0.0183,387,0,0.3587,0.0,-1.4062466240378864,-1.4062466240378864,0.0,WELD_FOUND
36.912,0.026701277793240916,0.051542314602066874,0.034432624983550944,0.018969930602930885,0.02,0.0,0.0145,0.019,387,0,0.3587,0.0,-1.0546840875743422,-1.2304654091669671,0.17578132159262494,WELD_FOUND
36.962,0.026701277793240916,0.051542314602066874,0.034432624983550944,0.018969930602930885,0.0194,0.0,0.015,0.019,390,0,0.3614,0.0,-1.0546840875743422,-1.2304654091669671,0.17578132159262494,WELD_FOUND
37.012,0.0,0.0,0.0,0.0,0.0194,0.0,-0.0194,0.0,390,0,0.3614,0.0,-1.0546840875743422,nan,nan,NO_WELD
37.063,0.0,0.0,0.0,0.0,0.0302,0.0,-0.0302,0.0,395,0,0.3661,0.0,-1.0546840875743422,nan,nan,NO_WELD
37.112,0.029523482217992707,0.029666044209247677,0.03397338884937986,0.025073575586605557,0.0302,0.0,0.0038,0.0251,395,0,0.3661,0.0,-0.7031216044716506,-0.7031216044716506,0.0,WELD_FOUND
37.162,0.029523482217992707,0.029666044209247677,0.03397338884937986,0.025073575586605557,0.0302,0.0,0.0038,0.0251,396,0,0.367,0.0,-0.7031216044716506,-0.7031216044716506,0.0,WELD_FOUND
37.212,0.0,0.0,0.0,0.0,0.0206,0.0,-0.0206,0.0,396,0,0.367,0.0,-0.7031216044716506,nan,nan,NO_WELD
37.262,0.0,0.0,0.0,0.0,0.0206,0.0,-0.0206,0.0,399,0,0.3698,0.0,-0.7031216044716506,nan,nan,NO_WELD
37.312,0.0,0.0,0.0,0.0,0.0206,0.0,-0.0206,0.0,399,0,0.3698,0.0,-0.7031216044716506,nan,nan,NO_WELD
37.362,0.0,0.0,0.0,0.0,0.0222,0.0,-0.0222,0.0,400,0,0.3707,0.0,-0.7031216044716506,nan,nan,NO_WELD
37.412,0.0,0.0,0.0,0.0,0.0222,0.0,-0.0222,0.0,400,0,0.3707,0.0,-0.7031216044716506,nan,nan,NO_WELD
37.462,0.0,0.0,0.0,0.0,0.0222,0.0,-0.0222,0.0,400,0,0.3707,0.0,-0.7031216044716506,nan,nan,NO_WELD
37.512,0.0,0.0,0.0,0.0,0.0178,0.0,-0.0178,0.0,400,0,0.3707,0.0,-1.4062466240378864,-1.4062466240378864,0.0,WELD_FOUND
37.562,0.0,0.0,0.0,0.0,0.0178,0.0,-0.0178,0.0,400,0,0.3707,0.0,-1.4062466240378864,-1.4062466240378864,0.0,WELD_FOUND
37.612,0.023776798442149943,0.05,0.03127679844214994,0.016276798442149944,0.0142,0.0,0.017,0.0163,400,0,0.3707,0.0,-2.1093715902432693,-1.7578091605014305,-0.3515624297418387,WELD_FOUND
37.661,0.023776798442149943,0.05,0.03127679844214994,0.016276798442149944,0.0142,0.0,0.017,0.0163,400,0,0.3707,0.0,-2.1093715902432693,-1.7578091605014305,-0.3515624297418387,WELD_FOUND
37.712,0.023776798442149943,0.07669889368116857,0.03528163249432523,0.012271964389974658,0.0142,0.0,0.0211,0.0123,400,0,0.3707,0.0,-1.7578091605014305,-1.7578091605014305,0.0,WELD_FOUND
37.762,0.023776798442149943,0.07669889368116857,0.03528163249432523,0.012271964389974658,0.0135,0.0,0.0218,0.0123,402,0,0.3726,0.0,-1.7578091605014305,-1.7578091605014305,0.0,WELD_FOUND
37.812,0.02297237884329863,0.08645287047143656,0.03594030941401411,0.010004448272583148,0.0135,0.0,0.0225,0.01,402,0,0.3726,0.0,-2.1093715902432693,-1.9335904820940557,-0.17578110814921355,WELD_FOUND
37.862,0.02297237884329863,0.08645287047143656,0.03594030941401411,0.010004448272583148,0.0229,0.0,0.013,0.01,406,0,0.3763,0.0,-2.1093715902432693,-1.9335904820940557,-0.17578110814921355,WELD_FOUND
37.912,0.0,0.0,0.0,0.0,0.0229,0.0,-0.0229,0.0,406,0,0.3763,0.0,-2.1093715902432693,nan,nan,NO_WELD
37.962,0.0,0.0,0.0,0.0,0.0229,0.0,-0.0229,0.0,411,0,0.3809,0.0,-2.1093715902432693,nan,nan,NO_WELD
38.012,0.0,0.0,0.0,0.0,0.0261,0.0,-0.0261,0.0,411,0,0.3809,0.0,-2.1093715902432693,nan,nan,NO_WELD
38.063,0.0,0.0,0.0,0.0,0.0261,0.0,-0.0261,0.0,413,0,0.3828,0.0,-2.1093715902432693,nan,nan,NO_WELD
38.112,0.02361480709960262,0.05,0.03111480709960262,0.01611480709960262,0.0261,0.0,0.005,0.0161,413,0,0.3828,0.0,-1.7578091605014305,-1.7578091605014305,0.0,WELD_FOUND
38.162,0.02361480709960262,0.05,0.03111480709960262,0.01611480709960262,0.0181,0.0,0.013,0.0161,412,0,0.3818,0.0,-1.7578091605014305,-1.7578091605014305,0.0,WELD_FOUND
38.212,0.02539361549673491,0.05670543858351892,0.033899431284262746,0.016887799709207073,0.0181,0.0,0.0158,0.0169,412,0,0.3818,0.0,-1.0546840875743422,-1.4062466240378864,0.3515625364635442,WELD_FOUND
38.262,0.02539361549673491,0.05670543858351892,0.033899431284262746,0.016887799709207073,0.0181,0.0,0.0158,0.0169,413,0,0.3828,0.0,-1.0546840875743422,-1.4062466240378864,0.3515625364635442,WELD_FOUND
38.312,0.0,0.0,0.0,0.0,0.0134,0.0,-0.0134,0.0,413,0,0.3828,0.0,-1.0546840875743422,nan,nan,NO_WELD
38.362,0.0,0.0,0.0,0.0,0.0134,0.0,-0.0134,0.0,418,0,0.3874,0.0,-1.0546840875743422,nan,nan,NO_WELD
38.412,0.0,0.0,0.0,0.0,0.0265,0.0,-0.0265,0.0,418,0,0.3874,0.0,-1.0546840875743422,nan,nan,NO_WELD
38.462,0.0,0.0,0.0,0.0,0.0265,0.0,-0.0265,0.0,420,0,0.3892,0.0,-1.0546840875743422,nan,nan,NO_WELD
38.512,0.0,0.0,0.0,0.0,0.0265,0.0,-0.0265,0.0,420,0,0.3892,0.0,-1.0546840875743422,nan,nan,NO_WELD
38.562,0.0,0.0,0.0,0.0,0.0209,0.0,-0.0209,0.0,420,0,0.3892,0.0,-1.0546840875743422,nan,nan,NO_WELD
38.612,0.02800653687058349,0.05,0.035506536870583486,0.02050653687058349,0.0209,0.0,0.0146,0.0205,420,0,0.3892,0.0,-1.0546840875743422,-1.0546840875743422,0.0,WELD_FOUND
38.662,0.02800653687058349,0.05,0.035506536870583486,0.02050653687058349,0.0209,0.0,0.0146,0.0205,420,0,0.3892,0.0,-1.0546840875743422,-1.0546840875743422,0.0,WELD_FOUND
38.712,0.02800653687058349,0.04601927474141121,0.034909428081795174,0.021103645659371808,0.0167,0.0,0.0182,0.0211,420,0,0.3892,0.0,-1.0546840875743422,-1.0546840875743422,0.0,WELD_FOUND
38.762,0.02800653687058349,0.04601927474141121,0.034909428081795174,0.021103645659371808,0.0167,0.0,0.0182,0.0211,422,0,0.3911,0.0,-1.0546840875743422,-1.0546840875743422,0.0,WELD_FOUND
38.812,0.02800653687058349,0.04601927474141121,0.034909428081795174,0.021103645659371808,0.0174,0.0,0.0175,0.0211,422,0,0.3911,0.0,-1.0546840875743422,-1.0546840875743422,0.0,WELD_FOUND
38.862,0.02800653687058349,0.04601927474141121,0.034909428081795174,0.021103645659371808,0.0174,0.0,0.0175,0.0211,428,0,0.3967,0.0,-1.0546840875743422,-1.0546840875743422,0.0,WELD_FOUND
38.912,0.02800653687058349,0.04601927474141121,0.034909428081795174,0.021103645659371808,0.0174,0.0,0.0175,0.0211,428,0,0.3967,0.0,-1.0546840875743422,-1.0546840875743422,0.0,WELD_FOUND
38.962,0.02800653687058349,0.04601927474141121,0.034909428081795174,0.021103645659371808,0.0377,0.0,-0.0027,0.0211,433,0,0.4013,0.0,-1.0546840875743422,-1.0546840875743422,0.0,WELD_FOUND
39.012,0.0,0.0,0.0,0.0,0.0377,0.0,-0.0377,0.0,433,0,0.4013,0.0,-1.0546840875743422,nan,nan,NO_WELD
39.063,0.0,0.0,0.0,0.0,0.0377,0.0,-0.0377,0.0,438,0,0.4059,0.0,-1.0546840875743422,nan,nan,NO_WELD
39.112,0.03163949716072246,0.01408167272068291,0.033751748068824895,0.029527246252620022,0.0349,0.0,-0.0012,0.0295,438,0,0.4059,0.0,-0.35155909468853286,-0.35155909468853286,0.0,WELD_FOUND
39.162,0.03163949716072246,0.01408167272068291,0.033751748068824895,0.029527246252620022,0.0349,0.0,-0.0012,0.0295,438,0,0.4059,0.0,-0.35155909468853286,-0.35155909468853286,0.0,WELD_FOUND
39.212,0.031452588927824814,0.0234429495474492,0.03496903135994219,0.027936146495707435,0.0349,0.0,0.0,0.0279,438,0,0.4059,0.0,-0.7031216044716506,-0.5273403362398785,-0.1757812682317721,WELD_FOUND
39.262,0.031452588927824814,0.0234429495474492,0.03496903135994219,0.027936146495707435,0.0333,0.0,0.0016,0.0279,443,0,0.4106,0.0,-0.7031216044716506,-0.5273403362398785,-0.1757812682317721,WELD_FOUND
39.312,0.03048959165459939,0.032932844741545036,0.03542951836583114,0.025549664943367634,0.0333,0.0,0.0021,0.0255,443,0,0.4106,0.0,-1.0546840875743422,-0.7031216044716506,-0.35156248310269156,WELD_FOUND
39.362,0.03048959165459939,0.032932844741545036,0.03542951836583114,0.025549664943367634,0.0385,0.0,-0.0031,0.0255,448,0,0.4152,0.0,-1.0546840875743422,-0.7031216044716506,-0.35156248310269156,WELD_FOUND
39.412,0.0,0.0,0.0,0.0,0.0385,0.0,-0.0385,0.0,448,0,0.4152,0.0,-1.0546840875743422,nan,nan,NO_WELD
39.462,0.0,0.0,0.0,0.0,0.0385,0.0,-0.0385,0.0,453,0,0.4198,0.0,-1.0546840875743422,nan,nan,NO_WELD
39.512,0.0,0.0,0.0,0.0,0.0355,0.0,-0.0355,0.0,453,0,0.4198,0.0,-1.0546840875743422,nan,nan,NO_WELD
39.562,0.0,0.0,0.0,0.0,0.0355,0.0,-0.0355,0.0,454,0,0.4208,0.0,-1.0546840875743422,nan,nan,NO_WELD
39.612,0.028494711931099904,0.04535372705276856,0.03529777098901519,0.02169165287318462,0.025,0.0,0.0103,0.0217,454,0,0.4208,0.0,-1.0546840875743422,-1.0546840875743422,0.0,WELD_FOUND
39.662,0.028494711931099904,0.04535372705276856,0.03529777098901519,0.02169165287318462,0.025,0.0,0.0103,0.0217,454,0,0.4208,0.0,-1.0546840875743422,-1.0546840875743422,0.0,WELD_FOUND
39.712,0.028103834446835303,0.04693369266775391,0.035143888346998386,0.02106378054667222,0.025,0.0,0.0102,0.0211,454,0,0.4208,0.0,-1.0546840875743422,-1.0546840875743422,0.0,WELD_FOUND
39.762,0.028103834446835303,0.04693369266775391,0.035143888346998386,0.02106378054667222,0.0224,0.0,0.0127,0.0211,457,0,0.4235,0.0,-1.0546840875743422,-1.0546840875743422,0.0,WELD_FOUND
39.812,0.0,0.0,0.0,0.0,0.0224,0.0,-0.0224,0.0,457,0,0.4235,0.0,-1.0546840875743422,nan,nan,NO_WELD
39.862,0.0,0.0,0.0,0.0,0.0283,0.0,-0.0283,0.0,461,0,0.4272,0.0,-1.0546840875743422,nan,nan,NO_WELD
39.912,0.028025982888399793,0.046048401318293394,0.0349332430861438,0.021118722690655782,0.0283,0.0,0.0067,0.0211,461,0,0.4272,0.0,-1.0546840875743422,-1.0546840875743422,0.0,WELD_FOUND
39.962,0.028025982888399793,0.046048401318293394,0.0349332430861438,0.021118722690655782,0.0283,0.0,0.0067,0.0211,461,0,0.4272,0.0,-1.0546840875743422,-1.0546840875743422,0.0,WELD_FOUND
40.012,0.0,0.0,0.0,0.0,0.0226,0.0,-0.0226,0.0,461,0,0.4272,0.0,-1.0546840875743422,nan,nan,NO_WELD
40.063,0.0,0.0,0.0,0.0,0.0226,0.0,-0.0226,0.0,465,0,0.4309,0.0,-1.0546840875743422,nan,nan,NO_WELD
40.112,0.02459870472011771,0.05,0.03209870472011771,0.01709870472011771,0.0226,0.0,0.0095,0.0171,465,0,0.4309,0.0,-1.7578091605014305,-1.7578091605014305,0.0,WELD_FOUND
40.162,0.02459870472011771,0.05,0.03209870472011771,0.01709870472011771,0.0259,0.0,0.0062,0.0171,466,0,0.4319,0.0,-1.7578091605014305,-1.7578091605014305,0.0,WELD_FOUND
40.212,0.02394006247329221,0.07844749369417628,0.03570718652741865,0.012172938419165768,0.0259,0.0,0.0098,0.0122,466,0,0.4319,0.0,-1.7578091605014305,-1.7578091605014305,0.0,WELD_FOUND
40.262,0.02394006247329221,0.07844749369417628,0.03570718652741865,0.012172938419165768,0.0259,0.0,0.0098,0.0122,469,0,0.4347,0.0,-1.7578091605014305,-1.7578091605014305,0.0,WELD_FOUND
40.312,0.0,0.0,0.0,0.0,0.023,0.0,-0.023,0.0,469,0,0.4347,0.0,-1.7578091605014305,nan,nan,NO_WELD
40.362,0.0,0.0,0.0,0.0,0.023,0.0,-0.023,0.0,473,0,0.4384,0.0,-1.7578091605014305,nan,nan,NO_WELD
40.412,0.025460885914326808,0.05,0.032960885914326804,0.017960885914326808,0.023,0.0,0.01,0.018,473,0,0.4384,0.0,-1.4062466240378864,-1.4062466240378864,0.0,WELD_FOUND
40.462,0.025460885914326808,0.05,0.032960885914326804,0.017960885914326808,0.0212,0.0,0.0118,0.018,472,0,0.4374,0.0,-1.4062466240378864,-1.4062466240378864,0.0,WELD_FOUND
40.512,0.02748770504782576,0.040973270799316786,0.03363369566772328,0.02134171442792824,0.0212,0.0,0.0124,0.0213,472,0,0.4374,0.0,-0.7031216044716506,-1.0546840875743422,0.35156248310269156,WELD_FOUND
40.562,0.02748770504782576,0.040973270799316786,0.03363369566772328,0.02134171442792824,0.0238,0.0,0.0098,0.0213,475,0,0.4402,0.0,-0.7031216044716506,-1.0546840875743422,0.35156248310269156,WELD_FOUND
40.612,0.02617223651428622,0.06468899664508533,0.03587558601104902,0.01646888701752342,0.0238,0.0,0.012,0.0165,475,0,0.4402,0.0,-1.4062466240378864,-1.4062466240378864,0.0,WELD_FOUND
40.662,0.02617223651428622,0.06468899664508533,0.03587558601104902,0.01646888701752342,0.0238,0.0,0.012,0.0165,480,0,0.4448,0.0,-1.4062466240378864,-1.4062466240378864,0.0,WELD_FOUND
40.712,0.026766938532762644,0.05219696011521707,0.0345964825500452,0.018937394515480085,0.0267,0.0,0.0079,0.0189,480,0,0.4448,0.0,-1.0546840875743422,-1.2304654091669671,0.17578132159262494,WELD_FOUND
40.762,0.026766938532762644,0.05219696011521707,0.0345964825500452,0.018937394515480085,0.0267,0.0,0.0079,0.0189,485,0,0.4495,0.0,-1.0546840875743422,-1.2304654091669671,0.17578132159262494,WELD_FOUND
40.812,0.027756372611698995,0.0435900253802649,0.034294876418738726,0.02121786880465926,0.0345,0.0,-0.0002,0.0212,485,0,0.4495,0.0,-1.0546840875743422,-1.0546840875743422,0.0,WELD_FOUND
40.862,0.027756372611698995,0.0435900253802649,0.034294876418738726,0.02121786880465926,0.0345,0.0,-0.0002,0.0212,489,0,0.4532,0.0,-1.0546840875743422,-1.0546840875743422,0.0,WELD_FOUND
40.912,0.027956414235153774,0.0455226563817369,0.03478481269241431,0.02112801577789324,0.0345,0.0,0.0003,0.0211,489,0,0.4532,0.0,-1.0546840875743422,-1.0546840875743422,0.0,WELD_FOUND
40.962,0.027956414235153774,0.0455226563817369,0.03478481269241431,0.02112801577789324,0.043,0.0,-0.0082,0.0211,494,0,0.4578,0.0,-1.0546840875743422,-1.0546840875743422,0.0,WELD_FOUND
41.012,0.0,0.0,0.0,0.0,0.043,0.0,-0.043,0.0,494,0,0.4578,0.0,-1.0546840875743422,nan,nan,NO_WELD
41.063,0.0,0.0,0.0,0.0,0.0406,0.0,-0.0406,0.0,498,0,0.4615,0.0,-1.0546840875743422,nan,nan,NO_WELD
41.112,0.0,0.0,0.0,0.0,0.0406,0.0,-0.0406,0.0,498,0,0.4615,0.0,-1.0546840875743422,nan,nan,NO_WELD
41.162,0.0,0.0,0.0,0.0,0.0406,0.0,-0.0406,0.0,499,0,0.4625,0.0,-1.0546840875743422,nan,nan,NO_WELD
41.212,0.0,0.0,0.0,0.0,0.0268,0.0,-0.0268,0.0,499,0,0.4625,0.0,-1.0546840875743422,nan,nan,NO_WELD
41.262,0.0,0.0,0.0,0.0,0.0268,0.0,-0.0268,0.0,499,0,0.4625,0.0,-1.0546840875743422,nan,nan,NO_WELD
41.312,0.0,0.0,0.0,0.0,0.0268,0.0,-0.0268,0.0,499,0,0.4625,0.0,-1.4062466240378864,-1.4062466240378864,0.0,WELD_FOUND
41.362,0.0,0.0,0.0,0.0,0.0215,0.0,-0.0215,0.0,499,0,0.4625,0.0,-1.4062466240378864,-1.4062466240378864,0.0,WELD_FOUND
41.412,0.0,0.0,0.0,0.0,0.0215,0.0,-0.0215,0.0,499,0,0.4625,0.0,-1.4062466240378864,nan,nan,NO_WELD
41.462,0.0,0.0,0.0,0.0,0.0215,0.0,-0.0215,0.0,499,0,0.4625,0.0,-1.4062466240378864,nan,nan,NO_WELD
41.512,0.025848408980401087,0.05,0.03334840898040109,0.018348408980401087,0.0172,0.0,0.0162,0.0183,499,0,0.4625,0.0,-1.4062466240378864,-1.4062466240378864,0.0,WELD_FOUND
41.562,0.025848408980401087,0.05,0.03334840898040109,0.018348408980401087,0.0172,0.0,0.0162,0.0183,499,0,0.4625,0.0,-1.4062466240378864,-1.4062466240378864,0.0,WELD_FOUND
41.612,0.025848408980401087,0.06135908421128988,0.035052271612094565,0.016644546348707604,0.0137,0.0,0.0213,0.0166,499,0,0.4625,0.0,-1.4062466240378864,-1.4062466240378864,0.0,WELD_FOUND
41.662,0.025848408980401087,0.06135908421128988,0.035052271612094565,0.016644546348707604,0.0137,0.0,0.0213,0.0166,503,0,0.4662,0.0,-1.4062466240378864,-1.4062466240378864,0.0,WELD_FOUND
41.712,0.025848408980401087,0.06135908421128988,0.035052271612094565,0.016644546348707604,0.0231,0.0,0.012,0.0166,503,0,0.4662,0.0,-1.4062466240378864,-1.4062466240378864,0.0,WELD_FOUND
41.762,0.025848408980401087,0.06135908421128988,0.035052271612094565,0.016644546348707604,0.0231,0.0,0.012,0.0166,507,0,0.4699,0.0,-1.4062466240378864,-1.4062466240378864,0.0,WELD_FOUND
41.812,0.025848408980401087,0.06135908421128988,0.035052271612094565,0.016644546348707604,0.0287,0.0,0.0064,0.0166,507,0,0.4699,0.0,-1.0546840875743422,-1.4062466240378864,0.3515625364635442,WELD_FOUND
41.862,0.025848408980401087,0.06135908421128988,0.035052271612094565,0.016644546348707604,0.0287,0.0,0.0064,0.0166,512,0,0.4745,0.0,-1.4062466240378864,-1.4062466240378864,0.0,WELD_FOUND
41.912,0.025848408980401087,0.06135908421128988,0.035052271612094565,0.016644546348707604,0.0287,0.0,0.0064,0.0166,512,0,0.4745,0.0,-1.4062466240378864,-1.4062466240378864,0.0,WELD_FOUND
41.962,0.025848408980401087,0.06135908421128988,0.035052271612094565,0.016644546348707604,0.0394,0.0,-0.0044,0.0166,516,0,0.4782,0.0,-1.0546840875743422,-1.4062466240378864,0.3515625364635442,WELD_FOUND
42.012,0.025848408980401087,0.06135908421128988,0.035052271612094565,0.016644546348707604,0.0394,0.0,-0.0044,0.0166,516,0,0.4782,0.0,-1.0546840875743422,-1.4062466240378864,0.3515625364635442,WELD_FOUND
42.063,0.025848408980401087,0.06135908421128988,0.035052271612094565,0.016644546348707604,0.0385,0.0,-0.0034,0.0166,520,0,0.4819,0.0,-1.0546840875743422,-1.4062466240378864,0.3515625364635442,WELD_FOUND
42.112,0.027567989904392506,0.04169592105567727,0.033822378062744095,0.021313601746040915,0.0385,0.0,-0.0046,0.0213,520,0,0.4819,0.0,-1.0546840875743422,-1.0546840875743422,0.0,WELD_FOUND
42.162,0.027567989904392506,0.04169592105567727,0.033822378062744095,0.021313601746040915,0.0385,0.0,-0.0046,0.0213,524,0,0.4856,0.0,-1.4062466240378864,-1.0546840875743422,-0.3515625364635442,WELD_FOUND
42.212,0.027918550621819114,0.04515928355890004,0.03469244315565412,0.02114465808798411,0.033,0.0,0.0017,0.0211,524,0,0.4856,0.0,-1.4062466240378864,-1.0546840875743422,-0.3515625364635442,WELD_FOUND
42.262,0.027918550621819114,0.04515928355890004,0.03469244315565412,0.02114465808798411,0.033,0.0,0.0017,0.0211,528,0,0.4893,0.0,-1.4062466240378864,-1.0546840875743422,-0.3515625364635442,WELD_FOUND
42.312,0.0262560585573615,0.06554737576134403,0.0360881649215631,0.016423952193159896,0.0346,0.0,0.0015,0.0164,528,0,0.4893,0.0,-1.4062466240378864,-1.4062466240378864,0.0,WELD_FOUND
42.362,0.0262560585573615,0.06554737576134403,0.0360881649215631,0.016423952193159896,0.0346,0.0,0.0015,0.0164,532,0,0.493,0.0,-1.7578091605014305,-1.4062466240378864,-0.3515625364635442,WELD_FOUND
42.412,0.025929683745740235,0.06218918631093127,0.035258061692379924,0.016601305799100546,0.0356,0.0,-0.0003,0.0166,532,0,0.493,0.0,-1.7578091605014305,-1.4062466240378864,-0.3515625364635442,WELD_FOUND
42.462,0.025929683745740235,0.06218918631093127,0.035258061692379924,0.016601305799100546,0.0356,0.0,-0.0003,0.0166,536,0,0.4967,0.0,-1.7578091605014305,nan,nan,NO_WELD
42.512,0.0,0.0,0.0,0.0,0.0356,0.0,-0.0356,0.0,536,0,0.4967,0.0,-1.7578091605014305,nan,nan,NO_WELD
42.562,0.0,0.0,0.0,0.0,0.0411,0.0,-0.0411,0.0,540,0,0.5005,0.0,-1.7578091605014305,nan,nan,NO_WELD
42.612,0.0,0.0,0.0,0.0,0.0411,0.0,-0.0411,0.0,540,0,0.5005,0.0,-1.7578091605014305,nan,nan,NO_WELD
42.662,0.0,0.0,0.0,0.0,0.0411,0.0,-0.0411,0.0,539,0,0.4995,0.0,-1.4062466240378864,nan,nan,NO_WELD
42.712,0.025864653727466793,0.05,0.03336465372746679,0.018364653727466793,0.0222,0.0,0.0112,0.0184,539,0,0.4995,0.0,-1.4062466240378864,-1.4062466240378864,0.0,WELD_FOUND
42.762,0.025864653727466793,0.05,0.03336465372746679,0.018364653727466793,0.0222,0.0,0.0112,0.0184,539,0,0.4995,0.0,-1.7578091605014305,-1.4062466240378864,-0.3515625364635442,WELD_FOUND
42.812,0.02501257832039408,0.07117128448958217,0.03568827099383141,0.014336885646956754,0.0222,0.0,0.0135,0.0143,539,0,0.4995,0.0,-1.7578091605014305,-1.5820278389088056,-0.17578132159262494,WELD_FOUND
42.862,0.02501257832039408,0.07117128448958217,0.03568827099383141,0.014336885646956754,0.0232,0.0,0.0125,0.0143,543,0,0.5032,0.0,-1.7578091605014305,-1.5820278389088056,-0.17578132159262494,WELD_FOUND
42.912,0.0240214499432198,0.07930975826557005,0.03591791368305531,0.012124986203384295,0.0232,0.0,0.0127,0.0121,543,0,0.5032,0.0,-1.7578091605014305,-1.7578091605014305,0.0,WELD_FOUND
42.962,0.0240214499432198,0.07930975826557005,0.03591791368305531,0.012124986203384295,0.0287,0.0,0.0072,0.0121,547,0,0.5069,0.0,-1.7578091605014305,-1.7578091605014305,0.0,WELD_FOUND
43.012,0.023825628563380757,0.07722653014878418,0.03540960808569838,0.01224164904106313,0.0287,0.0,0.0067,0.0122,547,0,0.5069,0.0,-1.7578091605014305,-1.7578091605014305,0.0,WELD_FOUND
43.064,0.02378656045923678,0.07680220198438256,0.035306890756894166,0.012266230161579395,0.0357,0.0,-0.0003,0.0123,552,0,0.5116,0.0,-2.1093715902432693,-1.7578091605014305,-0.3515624297418387,WELD_FOUND
43.112,0.02378656045923678,0.07680220198438256,0.035306890756894166,0.012266230161579395,0.0357,0.0,-0.0003,0.0123,552,0,0.5116,0.0,-2.1093715902432693,-1.7578091605014305,-0.3515624297418387,WELD_FOUND
43.162,0.0,0.0,0.0,0.0,0.0357,0.0,-0.0357,0.0,555,0,0.5144,0.0,-2.1093715902432693,nan,nan,NO_WELD
43.212,0.0,0.0,0.0,0.0,0.0288,0.0,-0.0288,0.0,555,0,0.5144,0.0,-2.1093715902432693,nan,nan,NO_WELD
43.262,0.023778750685280944,0.05,0.031278750685280944,0.016278750685280945,0.0288,0.0,0.0024,0.0163,557,0,0.5162,0.0,-1.7578091605014305,-1.7578091605014305,0.0,WELD_FOUND
43.312,0.023778750685280944,0.05,0.031278750685280944,0.016278750685280945,0.0247,0.0,0.0066,0.0163,557,0,0.5162,0.0,-1.7578091605014305,-1.7578091605014305,0.0,WELD_FOUND
43.362,0.023778750685280944,0.05,0.031278750685280944,0.016278750685280945,0.0247,0.0,0.0066,0.0163,558,0,0.5171,0.0,-1.0546840875743422,-1.4062466240378864,0.3515625364635442,WELD_FOUND
43.412,0.025427569249899046,0.057063268224287346,0.03398705948354215,0.016868079016255946,0.0185,0.0,0.0154,0.0169,558,0,0.5171,0.0,-1.0546840875743422,-1.4062466240378864,0.3515625364635442,WELD_FOUND
43.462,0.025427569249899046,0.057063268224287346,0.03398705948354215,0.016868079016255946,0.0185,0.0,0.0154,0.0169,562,0,0.5208,0.0,-1.4062466240378864,-1.4062466240378864,0.0,WELD_FOUND
43.512,0.025763964711441555,0.06052409263266527,0.034842578606341344,0.016685350816541766,0.0185,0.0,0.0163,0.0167,562,0,0.5208,0.0,-1.4062466240378864,-1.4062466240378864,0.0,WELD_FOUND
43.562,0.026684101297554188,0.051262337747886105,0.0343734519597371,0.018994750635371274,0.0309,0.0,0.0035,0.019,566,0,0.5246,0.0,-1.0546840875743422,-1.2304654091669671,0.17578132159262494,WELD_FOUND
43.612,0.026684101297554188,0.051262337747886105,0.0343734519597371,0.018994750635371274,0.0309,0.0,0.0035,0.019,566,0,0.5246,0.0,-1.0546840875743422,-1.2304654091669671,0.17578132159262494,WELD_FOUND
43.662,0.0,0.0,0.0,0.0,0.0333,0.0,-0.0333,0.0,570,0,0.5283,0.0,-1.0546840875743422,nan,nan,NO_WELD
43.712,0.0,0.0,0.0,0.0,0.0333,0.0,-0.0333,0.0,570,0,0.5283,0.0,-1.0546840875743422,nan,nan,NO_WELD
43.762,0.026014483834519632,0.05,0.03351448383451963,0.018514483834519632,0.0333,0.0,0.0002,0.0185,574,0,0.532,0.0,-1.4062466240378864,-1.4062466240378864,0.0,WELD_FOUND
43.812,0.026014483834519632,0.05,0.03351448383451963,0.018514483834519632,0.0299,0.0,0.0036,0.0185,574,0,0.532,0.0,-1.4062466240378864,-1.4062466240378864,0.0,WELD_FOUND
43.862,0.027602247625487124,0.04203232621649572,0.03390709655796148,0.021297398693012767,0.0299,0.0,0.004,0.0213,574,0,0.532,0.0,-0.7031216044716506,-1.0546840875743422,0.35156248310269156,WELD_FOUND
43.912,0.027602247625487124,0.04203232621649572,0.03390709655796148,0.021297398693012767,0.0299,0.0,0.004,0.0213,574,0,0.532,0.0,-0.7031216044716506,-1.0546840875743422,0.35156248310269156,WELD_FOUND
43.962,0.027925443876048877,0.04522421512659766,0.03470907614503853,0.02114181160705923,0.0303,0.0,0.0044,0.0211,579,0,0.5366,0.0,-1.0546840875743422,-1.0546840875743422,0.0,WELD_FOUND
44.012,0.027925443876048877,0.04522421512659766,0.03470907614503853,0.02114181160705923,0.0303,0.0,0.0044,0.0211,579,0,0.5366,0.0,-1.0546840875743422,-1.0546840875743422,0.0,WELD_FOUND
44.063,0.0,0.0,0.0,0.0,0.0303,0.0,-0.0303,0.0,583,0,0.5403,0.0,-1.0546840875743422,nan,nan,NO_WELD
44.112,0.0,0.0,0.0,0.0,0.0281,0.0,-0.0281,0.0,583,0,0.5403,0.0,-1.0546840875743422,nan,nan,NO_WELD
44.162,0.03162224855757786,0.014061611728484717,0.03373149031685056,0.02951300679830515,0.0281,0.0,0.0057,0.0295,585,0,0.5422,0.0,-0.35155909468853286,-0.35155909468853286,0.0,WELD_FOUND
44.212,0.03162224855757786,0.014061611728484717,0.03373149031685056,0.02951300679830515,0.0281,0.0,0.0057,0.0295,585,0,0.5422,0.0,-0.35155909468853286,-0.35155909468853286,0.0,WELD_FOUND
44.262,0.030522964284055855,0.0332089454759091,0.03550430610544222,0.02554162246266949,0.0242,0.0,0.0113,0.0255,586,0,0.5431,0.0,-1.0546840875743422,-0.7031216044716506,-0.35156248310269156,WELD_FOUND
44.312,0.030522964284055855,0.0332089454759091,0.03550430610544222,0.02554162246266949,0.0242,0.0,0.0113,0.0255,586,0,0.5431,0.0,-1.0546840875743422,-0.7031216044716506,-0.35156248310269156,WELD_FOUND
44.362,0.030305441035566576,0.031193070170741286,0.03498440156117777,0.025626480509955384,0.0242,0.0,0.0107,0.0256,592,0,0.5486,0.0,-0.7031216044716506,-0.7031216044716506,0.0,WELD_FOUND
44.412,0.030305441035566576,0.031193070170741286,0.03498440156117777,0.025626480509955384,0.0294,0.0,0.0056,0.0256,592,0,0.5486,0.0,-0.7031216044716506,-0.7031216044716506,0.0,WELD_FOUND
44.462,0.03026202973011732,0.03078298378789128,0.034879477298301015,0.02564458216193363,0.0294,0.0,0.0055,0.0256,597,0,0.5533,0.0,-0.7031216044716506,-0.7031216044716506,0.0,WELD_FOUND
44.512,0.03026202973011732,0.03078298378789128,0.034879477298301015,0.02564458216193363,0.0294,0.0,0.0055,0.0256,597,0,0.5533,0.0,-0.7031216044716506,-0.7031216044716506,0.0,WELD_FOUND
44.562,0.0,0.0,0.0,0.0,0.0398,0.0,-0.0398,0.0,601,0,0.557,0.0,-0.7031216044716506,nan,nan,NO_WELD
44.612,0.0,0.0,0.0,0.0,0.0398,0.0,-0.0398,0.0,601,0,0.557,0.0,-0.7031216044716506,nan,nan,NO_WELD
44.662,0.0,0.0,0.0,0.0,0.035,0.0,-0.035,0.0,604,0,0.5598,0.0,-0.7031216044716506,nan,nan,NO_WELD
44.712,0.0,0.0,0.0,0.0,0.035,0.0,-0.035,0.0,604,0,0.5598,0.0,-0.7031216044716506,nan,nan,NO_WELD
44.762,0.03211142536510539,0.015951481634764272,0.03450414761032003,0.02971870311989075,0.0173,0.0,0.0172,0.0297,603,0,0.5588,0.0,-0.35155909468853286,-0.35155909468853286,0.0,WELD_FOUND
44.812,0.03211142536510539,0.015951481634764272,0.03450414761032003,0.02971870311989075,0.0173,0.0,0.0172,0.0297,603,0,0.5588,0.0,-0.35155909468853286,-0.35155909468853286,0.0,WELD_FOUND
44.862,0.0,0.0,0.0,0.0,0.0173,0.0,-0.0173,0.0,606,0,0.5616,0.0,-0.35155909468853286,nan,nan,NO_WELD
44.912,0.0,0.0,0.0,0.0,0.0178,0.0,-0.0178,0.0,606,0,0.5616,0.0,-0.35155909468853286,nan,nan,NO_WELD
44.962,0.0,0.0,0.0,0.0,0.0178,0.0,-0.0178,0.0,611,0,0.5663,0.0,-0.35155909468853286,nan,nan,NO_WELD
45.012,0.0,0.0,0.0,0.0,0.0292,0.0,-0.0292,0.0,611,0,0.5663,0.0,-0.35155909468853286,nan,nan,NO_WELD
45.063,0.0,0.0,0.0,0.0,0.0292,0.0,-0.0292,0.0,610,0,0.5653,0.0,-0.35155909468853286,nan,nan,NO_WELD
45.112,0.0,0.0,0.0,0.0,0.0292,0.0,-0.0292,0.0,610,0,0.5653,0.0,-0.35155909468853286,nan,nan,NO_WELD
45.162,0.0,0.0,0.0,0.0,0.0151,0.0,-0.0151,0.0,610,0,0.5653,0.0,-0.35155909468853286,nan,nan,NO_WELD
45.212,0.0,0.0,0.0,0.0,0.0151,0.0,-0.0151,0.0,610,0,0.5653,0.0,-0.35155909468853286,nan,nan,NO_WELD
45.262,0.0,0.0,0.0,0.0,0.0151,0.0,-0.0151,0.0,610,0,0.5653,0.0,-0.35155909468853286,nan,nan,NO_WELD
45.312,0.0,0.0,0.0,0.0,0.0121,0.0,-0.0121,0.0,610,0,0.5653,0.0,-0.35155909468853286,nan,nan,NO_WELD
45.362,0.0,0.0,0.0,0.0,0.0121,0.0,-0.0121,0.0,610,0,0.5653,0.0,-1.0546840875743422,-1.0546840875743422,0.0,WELD_FOUND
45.412,0.0,0.0,0.0,0.0,0.0096,0.0,-0.0096,0.0,610,0,0.5653,0.0,-1.0546840875743422,-1.0546840875743422,0.0,WELD_FOUND
45.462,0.0,0.0,0.0,0.0,0.0096,0.0,-0.0096,0.0,610,0,0.5653,0.0,-1.0546840875743422,nan,nan,NO_WELD
45.512,0.0,0.0,0.0,0.0,0.0096,0.0,-0.0096,0.0,610,0,0.5653,0.0,-1.0546840875743422,nan,nan,NO_WELD
45.562,0.025848408980401087,0.05,0.03334840898040109,0.018348408980401087,0.0077,0.0,0.0256,0.0183,610,0,0.5653,0.0,-1.4062466240378864,-1.4062466240378864,0.0,WELD_FOUND
45.612,0.025848408980401087,0.05,0.03334840898040109,0.018348408980401087,0.0077,0.0,0.0256,0.0183,610,0,0.5653,0.0,-1.4062466240378864,-1.4062466240378864,0.0,WELD_FOUND
45.662,0.025848408980401087,0.06135908421128988,0.035052271612094565,0.016644546348707604,0.0062,0.0,0.0289,0.0166,610,0,0.5653,0.0,-1.4062466240378864,-1.4062466240378864,0.0,WELD_FOUND
45.712,0.025848408980401087,0.06135908421128988,0.035052271612094565,0.016644546348707604,0.0062,0.0,0.0289,0.0166,610,0,0.5653,0.0,-1.4062466240378864,-1.4062466240378864,0.0,WELD_FOUND
45.762,0.025848408980401087,0.06135908421128988,0.035052271612094565,0.016644546348707604,0.0062,0.0,0.0289,0.0166,615,0,0.57,0.0,-1.0546840875743422,-1.4062466240378864,0.3515625364635442,WELD_FOUND
45.812,0.025848408980401087,0.06135908421128988,0.035052271612094565,0.016644546348707604,0.0161,0.0,0.019,0.0166,615,0,0.57,0.0,-1.0546840875743422,-1.4062466240378864,0.3515625364635442,WELD_FOUND
45.862,0.026701277793240916,0.05150973620056041,0.034427738223324976,0.018974817363156857,0.0161,0.0,0.0183,0.019,620,0,0.5746,0.0,-1.0546840875743422,-1.2304654091669671,0.17578132159262494,WELD_FOUND
45.912,0.026701277793240916,0.05150973620056041,0.034427738223324976,0.018974817363156857,0.0161,0.0,0.0183,0.019,620,0,0.5746,0.0,-1.0546840875743422,-1.2304654091669671,0.17578132159262494,WELD_FOUND
45.962,0.027742993354370832,0.043431888134745404,0.03425777657458264,0.02122821013415902,0.0343,0.0,-0.0001,0.0212,625,0,0.5792,0.0,-1.0546840875743422,-1.0546840875743422,0.0,WELD_FOUND
46.012,0.027742993354370832,0.043431888134745404,0.03425777657458264,0.02122821013415902,0.0343,0.0,-0.0001,0.0212,625,0,0.5792,0.0,-1.0546840875743422,-1.0546840875743422,0.0,WELD_FOUND
46.063,0.0,0.0,0.0,0.0,0.0343,0.0,-0.0343,0.0,630,0,0.5839,0.0,-1.0546840875743422,nan,nan,NO_WELD
46.112,0.0,0.0,0.0,0.0,0.033,0.0,-0.033,0.0,630,0,0.5839,0.0,-1.0546840875743422,nan,nan,NO_WELD
46.162,0.0,0.0,0.0,0.0,0.033,0.0,-0.033,0.0,632,0,0.5857,0.0,-1.0546840875743422,nan,nan,NO_WELD
46.212,0.0,0.0,0.0,0.0,0.033,0.0,-0.033,0.0,632,0,0.5857,0.0,-1.0546840875743422,nan,nan,NO_WELD
46.262,0.027953728499311194,0.046092502255427666,0.03486760383762534,0.021039853160997043,0.0223,0.0,0.0126,0.021,631,0,0.5848,0.0,-1.0546840875743422,-1.0546840875743422,0.0,WELD_FOUND
46.312,0.027953728499311194,0.046092502255427666,0.03486760383762534,0.021039853160997043,0.0223,0.0,0.0126,0.021,631,0,0.5848,0.0,-1.0546840875743422,-1.0546840875743422,0.0,WELD_FOUND
46.362,0.0,0.0,0.0,0.0,0.0223,0.0,-0.0223,0.0,633,0,0.5866,0.0,-1.0546840875743422,nan,nan,NO_WELD
46.412,0.0,0.0,0.0,0.0,0.0183,0.0,-0.0183,0.0,633,0,0.5866,0.0,-1.0546840875743422,nan,nan,NO_WELD
46.462,0.0,0.0,0.0,0.0,0.0183,0.0,-0.0183,0.0,636,0,0.5894,0.0,-1.0546840875743422,nan,nan,NO_WELD
46.512,0.0,0.0,0.0,0.0,0.0183,0.0,-0.0183,0.0,636,0,0.5894,0.0,-1.0546840875743422,nan,nan,NO_WELD
46.562,0.02799597120960784,0.04603387395654597,0.034901052303089736,0.021090890116125943,0.0184,0.0,0.0165,0.0211,636,0,0.5894,0.0,-1.0546840875743422,-1.0546840875743422,0.0,WELD_FOUND
46.612,0.02799597120960784,0.04603387395654597,0.034901052303089736,0.021090890116125943,0.0184,0.0,0.0165,0.0211,636,0,0.5894,0.0,-1.0546840875743422,-1.0546840875743422,0.0,WELD_FOUND
46.662,0.0,0.0,0.0,0.0,0.0184,0.0,-0.0184,0.0,637,0,0.5904,0.0,-1.0546840875743422,nan,nan,NO_WELD
46.712,0.0,0.0,0.0,0.0,0.0135,0.0,-0.0135,0.0,637,0,0.5904,0.0,-1.0546840875743422,nan,nan,NO_WELD
46.762,0.0,0.0,0.0,0.0,0.0135,0.0,-0.0135,0.0,640,0,0.5931,0.0,-1.0546840875743422,nan,nan,NO_WELD
46.812,0.0,0.0,0.0,0.0,0.0192,0.0,-0.0192,0.0,640,0,0.5931,0.0,-1.0546840875743422,nan,nan,NO_WELD
46.862,0.02800442357891951,0.04602214893632731,0.034907745919368606,0.021101101238470414,0.0192,0.0,0.0157,0.0211,639,0,0.5922,0.0,-1.0546840875743422,-1.0546840875743422,0.0,WELD_FOUND
46.912,0.02800442357891951,0.04602214893632731,0.034907745919368606,0.021101101238470414,0.0192,0.0,0.0157,0.0211,639,0,0.5922,0.0,-1.0546840875743422,-1.0546840875743422,0.0,WELD_FOUND
46.962,0.0,0.0,0.0,0.0,0.0154,0.0,-0.0154,0.0,640,0,0.5931,0.0,-1.0546840875743422,nan,nan,NO_WELD
47.012,0.0,0.0,0.0,0.0,0.0154,0.0,-0.0154,0.0,640,0,0.5931,0.0,-1.0546840875743422,nan,nan,NO_WELD
47.063,0.029794895446633503,0.030075711156020535,0.03430625212003658,0.025283538773230422,0.0203,0.0,0.014,0.0253,643,0,0.5959,0.0,-0.7031216044716506,-0.7031216044716506,0.0,WELD_FOUND
47.112,0.029794895446633503,0.030075711156020535,0.03430625212003658,0.025283538773230422,0.0203,0.0,0.014,0.0253,643,0,0.5959,0.0,-0.7031216044716506,-0.7031216044716506,0.0,WELD_FOUND
47.162,0.0,0.0,0.0,0.0,0.0196,0.0,-0.0196,0.0,645,0,0.5978,0.0,-0.7031216044716506,nan,nan,NO_WELD
47.212,0.0,0.0,0.0,0.0,0.0196,0.0,-0.0196,0.0,645,0,0.5978,0.0,-0.7031216044716506,nan,nan,NO_WELD
47.262,0.0,0.0,0.0,0.0,0.0196,0.0,-0.0196,0.0,650,0,0.6024,0.0,-0.7031216044716506,nan,nan,NO_WELD
47.312,0.0,0.0,0.0,0.0,0.0241,0.0,-0.0241,0.0,650,0,0.6024,0.0,-0.7031216044716506,nan,nan,NO_WELD
47.362,0.026615285762861523,0.05,0.03411528576286152,0.019115285762861523,0.0241,0.0,0.01,0.0191,650,0,0.6024,0.0,-1.4062466240378864,-1.4062466240378864,0.0,WELD_FOUND
47.412,0.026615285762861523,0.05,0.03411528576286152,0.019115285762861523,0.0241,0.0,0.01,0.0191,650,0,0.6024,0.0,-1.4062466240378864,-1.4062466240378864,0.0,WELD_FOUND
47.462,0.0,0.0,0.0,0.0,0.017,0.0,-0.017,0.0,651,0,0.6033,0.0,-1.4062466240378864,nan,nan,NO_WELD
47.512,0.0,0.0,0.0,0.0,0.017,0.0,-0.017,0.0,651,0,0.6033,0.0,-1.4062466240378864,nan,nan,NO_WELD
47.562,0.029505385930461116,0.029650057838847457,0.03395289460628823,0.025057877254633997,0.0176,0.0,0.0164,0.0251,653,0,0.6052,0.0,-0.7031216044716506,-0.7031216044716506,0.0,WELD_FOUND
47.612,0.029505385930461116,0.029650057838847457,0.03395289460628823,0.025057877254633997,0.0176,0.0,0.0164,0.0251,653,0,0.6052,0.0,-0.7031216044716506,-0.7031216044716506,0.0,WELD_FOUND
47.662,0.0,0.0,0.0,0.0,0.0176,0.0,-0.0176,0.0,655,0,0.607,0.0,-0.7031216044716506,nan,nan,NO_WELD
47.712,0.0,0.0,0.0,0.0,0.0155,0.0,-0.0155,0.0,655,0,0.607,0.0,-0.7031216044716506,nan,nan,NO_WELD
47.762,0.0,0.0,0.0,0.0,0.0155,0.0,-0.0155,0.0,659,0,0.6107,0.0,-0.7031216044716506,nan,nan,NO_WELD
47.812,0.0,0.0,0.0,0.0,0.0241,0.0,-0.0241,0.0,659,0,0.6107,0.0,-0.7031216044716506,nan,nan,NO_WELD
47.862,0.0,0.0,0.0,0.0,0.0241,0.0,-0.0241,0.0,659,0,0.6107,0.0,-0.7031216044716506,nan,nan,NO_WELD
47.912,0.0,0.0,0.0,0.0,0.0241,0.0,-0.0241,0.0,659,0,0.6107,0.0,-0.7031216044716506,nan,nan,NO_WELD
47.962,0.0,0.0,0.0,0.0,0.0193,0.0,-0.0193,0.0,659,0,0.6107,0.0,-0.7031216044716506,nan,nan,NO_WELD
48.012,0.0,0.0,0.0,0.0,0.0193,0.0,-0.0193,0.0,659,0,0.6107,0.0,-0.7031216044716506,nan,nan,NO_WELD
48.063,0.02800653687058349,0.05,0.035506536870583486,0.02050653687058349,0.0193,0.0,0.0162,0.0205,659,0,0.6107,0.0,-1.0546840875743422,-1.0546840875743422,0.0,WELD_FOUND
48.112,0.02800653687058349,0.05,0.035506536870583486,0.02050653687058349,0.0154,0.0,0.0201,0.0205,659,0,0.6107,0.0,-1.0546840875743422,-1.0546840875743422,0.0,WELD_FOUND
48.162,0.0,0.0,0.0,0.0,0.0154,0.0,-0.0154,0.0,659,0,0.6107,0.0,-1.0546840875743422,nan,nan,NO_WELD
48.212,0.0,0.0,0.0,0.0,0.0124,0.0,-0.0124,0.0,659,0,0.6107,0.0,-1.0546840875743422,nan,nan,NO_WELD
48.262,0.0,0.0,0.0,0.0,0.0124,0.0,-0.0124,0.0,663,0,0.6144,0.0,-1.0546840875743422,nan,nan,NO_WELD
48.312,0.0,0.0,0.0,0.0,0.0124,0.0,-0.0124,0.0,663,0,0.6144,0.0,-1.0546840875743422,nan,nan,NO_WELD
48.362,0.0,0.0,0.0,0.0,0.0173,0.0,-0.0173,0.0,663,0,0.6144,0.0,-1.0546840875743422,nan,nan,NO_WELD
48.412,0.0,0.0,0.0,0.0,0.0173,0.0,-0.0173,0.0,662,0,0.6135,0.0,-1.0546840875743422,nan,nan,NO_WELD
48.462,0.02800653687058349,0.05,0.035506536870583486,0.02050653687058349,0.0067,0.0,0.0288,0.0205,662,0,0.6135,0.0,-1.0546840875743422,-1.0546840875743422,0.0,WELD_FOUND
48.512,0.02800653687058349,0.05,0.035506536870583486,0.02050653687058349,0.0067,0.0,0.0288,0.0205,662,0,0.6135,0.0,-1.0546840875743422,-1.0546840875743422,0.0,WELD_FOUND
48.562,0.0,0.0,0.0,0.0,0.0067,0.0,-0.0067,0.0,662,0,0.6135,0.0,-1.0546840875743422,nan,nan,NO_WELD
48.612,0.0,0.0,0.0,0.0,0.0065,0.0,-0.0065,0.0,663,0,0.6144,0.0,-1.0546840875743422,nan,nan,NO_WELD
48.662,0.0,0.0,0.0,0.0,0.0065,0.0,-0.0065,0.0,663,0,0.6144,0.0,-1.0546840875743422,nan,nan,NO_WELD
48.712,0.0,0.0,0.0,0.0,0.0187,0.0,-0.0187,0.0,667,0,0.6182,0.0,-1.0546840875743422,nan,nan,NO_WELD
48.762,0.03163949716072246,0.016550090425751625,0.034122010724585206,0.029156983596859715,0.0187,0.0,0.0154,0.0292,667,0,0.6182,0.0,-0.35155909468853286,-0.35155909468853286,0.0,WELD_FOUND
48.812,0.03163949716072246,0.016550090425751625,0.034122010724585206,0.029156983596859715,0.0075,0.0,0.0266,0.0292,666,0,0.6172,0.0,-0.35155909468853286,-0.35155909468853286,0.0,WELD_FOUND
48.862,0.0,0.0,0.0,0.0,0.0075,0.0,-0.0075,0.0,666,0,0.6172,0.0,-0.35155909468853286,nan,nan,NO_WELD
48.912,0.0,0.0,0.0,0.0,0.0082,0.0,-0.0082,0.0,667,0,0.6182,0.0,-0.35155909468853286,nan,nan,NO_WELD
48.962,0.0,0.0,0.0,0.0,0.0082,0.0,-0.0082,0.0,667,0,0.6182,0.0,-0.35155909468853286,nan,nan,NO_WELD
49.012,0.0,0.0,0.0,0.0,0.0082,0.0,-0.0082,0.0,672,0,0.6228,0.0,-0.35155909468853286,nan,nan,NO_WELD
49.063,0.0,0.0,0.0,0.0,0.0173,0.0,-0.0173,0.0,672,0,0.6228,0.0,-0.35155909468853286,nan,nan,NO_WELD
49.112,0.0,0.0,0.0,0.0,0.0173,0.0,-0.0173,0.0,671,0,0.6219,0.0,-0.35155909468853286,nan,nan,NO_WELD
49.162,0.0,0.0,0.0,0.0,0.0173,0.0,-0.0173,0.0,671,0,0.6219,0.0,-0.35155909468853286,nan,nan,NO_WELD
49.212,0.0,0.0,0.0,0.0,0.0079,0.0,-0.0079,0.0,671,0,0.6219,0.0,-0.35155909468853286,nan,nan,NO_WELD
49.262,0.0,0.0,0.0,0.0,0.0079,0.0,-0.0079,0.0,671,0,0.6219,0.0,-0.35155909468853286,nan,nan,NO_WELD
49.312,0.0,0.0,0.0,0.0,0.0079,0.0,-0.0079,0.0,671,0,0.6219,0.0,-0.35155909468853286,nan,nan,NO_WELD
49.362,0.0,0.0,0.0,0.0,0.0063,0.0,-0.0063,0.0,671,0,0.6219,0.0,-0.35155909468853286,nan,nan,NO_WELD
49.412,0.0,0.0,0.0,0.0,0.0063,0.0,-0.0063,0.0,671,0,0.6219,0.0,-0.35155909468853286,nan,nan,NO_WELD
49.462,0.0,0.0,0.0,0.0,0.0063,0.0,-0.0063,0.0,671,0,0.6219,0.0,-0.35155909468853286,nan,nan,NO_WELD
49.512,0.0,0.0,0.0,0.0,0.0051,0.0,-0.0051,0.0,671,0,0.6219,0.0,-0.35155909468853286,nan,nan,NO_WELD
49.562,0.0,0.0,0.0,0.0,0.0051,0.0,-0.0051,0.0,671,0,0.6219,0.0,-0.35155909468853286,nan,nan,NO_WELD
49.612,0.0,0.0,0.0,0.0,0.004,0.0,-0.004,0.0,671,0,0.6219,0.0,-0.35155909468853286,nan,nan,NO_WELD
49.662,0.02800653687058349,0.04909385038642365,0.03537061442854704,0.020642459312619942,0.004,0.0,0.0313,0.0206,671,0,0.6219,0.0,-1.0546840875743422,-1.0546840875743422,0.0,WELD_FOUND
49.712,0.02800653687058349,0.04909385038642365,0.03537061442854704,0.020642459312619942,0.004,0.0,0.0313,0.0206,671,0,0.6219,0.0,-1.0546840875743422,-1.0546840875743422,0.0,WELD_FOUND
49.762,0.02979533140041098,0.02631025200244421,0.03374186920077761,0.02584879360004435,0.0032,0.0,0.0305,0.0258,671,0,0.6219,0.0,-0.35155909468853286,-0.7031216044716506,0.35156250978311776,WELD_FOUND
49.812,0.02979533140041098,0.02631025200244421,0.03374186920077761,0.02584879360004435,0.0032,0.0,0.0305,0.0258,672,0,0.6228,0.0,-0.35155909468853286,-0.7031216044716506,0.35156250978311776,WELD_FOUND
49.862,0.030159734836987757,0.029814261533133005,0.03463187406695771,0.025687595607017808,0.0056,0.0,0.029,0.0257,672,0,0.6228,0.0,-0.7031216044716506,-0.7031216044716506,0.0,WELD_FOUND
49.912,0.030159734836987757,0.029814261533133005,0.03463187406695771,0.025687595607017808,0.0056,0.0,0.029,0.0257,678,0,0.6283,0.0,-0.7031216044716506,-0.7031216044716506,0.0,WELD_FOUND
49.962,0.0,0.0,0.0,0.0,0.0056,0.0,-0.0056,0.0,678,0,0.6283,0.0,-0.7031216044716506,nan,nan,NO_WELD
50.012,0.0,0.0,0.0,0.0,0.0331,0.0,-0.0331,0.0,684,0,0.6339,0.0,-0.7031216044716506,nan,nan,NO_WELD
50.063,0.030232881305527565,0.030654402829184777,0.03483104172990528,0.025634720881149847,0.0331,0.0,0.0018,0.0256,684,0,0.6339,0.0,-0.7031216044716506,-0.7031216044716506,0.0,WELD_FOUND
50.112,0.030232881305527565,0.030654402829184777,0.03483104172990528,0.025634720881149847,0.0331,0.0,0.0018,0.0256,687,0,0.6367,0.0,-0.7031216044716506,-0.7031216044716506,0.0,WELD_FOUND
50.162,0.028444994670727038,0.0502151418652089,0.035977265950508375,0.0209127233909457,0.0272,0.0,0.0087,0.0209,687,0,0.6367,0.0,-1.4062466240378864,-1.0546840875743422,-0.3515625364635442,WELD_FOUND
50.212,0.028444994670727038,0.0502151418652089,0.035977265950508375,0.0209127233909457,0.0272,0.0,0.0087,0.0209,688,0,0.6376,0.0,-1.4062466240378864,-1.0546840875743422,-0.3515625364635442,WELD_FOUND
50.262,0.0,0.0,0.0,0.0,0.0272,0.0,-0.0272,0.0,688,0,0.6376,0.0,-1.4062466240378864,nan,nan,NO_WELD
50.312,0.0,0.0,0.0,0.0,0.0287,0.0,-0.0287,0.0,692,0,0.6413,0.0,-1.4062466240378864,nan,nan,NO_WELD
50.362,0.0,0.0,0.0,0.0,0.0287,0.0,-0.0287,0.0,692,0,0.6413,0.0,-1.4062466240378864,nan,nan,NO_WELD
50.412,0.0,0.0,0.0,0.0,0.0246,0.0,-0.0246,0.0,694,0,0.6432,0.0,-1.4062466240378864,nan,nan,NO_WELD
50.462,0.026357785880435105,0.05,0.0338577858804351,0.018857785880435105,0.0246,0.0,0.0092,0.0189,694,0,0.6432,0.0,-1.4062466240378864,-1.4062466240378864,0.0,WELD_FOUND
50.512,0.026357785880435105,0.05,0.0338577858804351,0.018857785880435105,0.0197,0.0,0.0141,0.0189,694,0,0.6432,0.0,-1.4062466240378864,-1.4062466240378864,0.0,WELD_FOUND
50.562,0.026804414481494076,0.05257466887996162,0.03469061481348832,0.018918214149499832,0.0197,0.0,0.015,0.0189,694,0,0.6432,0.0,-1.0546840875743422,-1.2304654091669671,0.17578132159262494,WELD_FOUND
50.612,0.026804414481494076,0.05257466887996162,0.03469061481348832,0.018918214149499832,0.0192,0.0,0.0155,0.0189,696,0,0.645,0.0,-1.0546840875743422,-1.2304654091669671,0.17578132159262494,WELD_FOUND
50.662,0.027764002928106275,0.04360723945275936,0.03430508884602018,0.021222917010192372,0.0192,0.0,0.0151,0.0212,696,0,0.645,0.0,-0.7031216044716506,-1.0546840875743422,0.35156248310269156,WELD_FOUND
50.712,0.027764002928106275,0.04360723945275936,0.03430508884602018,0.021222917010192372,0.0264,0.0,0.0079,0.0212,700,0,0.6487,0.0,-0.7031216044716506,-1.0546840875743422,0.35156248310269156,WELD_FOUND
50.762,0.02884465723682481,0.03572817955905892,0.034203884170683645,0.02348543030296597,0.0264,0.0,0.0078,0.0235,700,0,0.6487,0.0,-0.35155909468853286,-0.8789028727034228,0.52734377801489,WELD_FOUND
50.812,0.02884465723682481,0.03572817955905892,0.034203884170683645,0.02348543030296597,0.0344,0.0,-0.0001,0.0235,705,0,0.6534,0.0,-0.35155909468853286,-0.8789028727034228,0.52734377801489,WELD_FOUND
50.862,0.028173172420821336,0.047653233702003514,0.03532115747612186,0.02102518736552081,0.0344,0.0,0.001,0.021,705,0,0.6534,0.0,-1.0546840875743422,-1.0546840875743422,0.0,WELD_FOUND
50.912,0.028173172420821336,0.047653233702003514,0.03532115747612186,0.02102518736552081,0.0344,0.0,0.001,0.021,710,0,0.658,0.0,-1.0546840875743422,-1.0546840875743422,0.0,WELD_FOUND
50.962,0.0,0.0,0.0,0.0,0.033,0.0,-0.033,0.0,710,0,0.658,0.0,-1.0546840875743422,nan,nan,NO_WELD
51.012,0.0,0.0,0.0,0.0,0.033,0.0,-0.033,0.0,715,0,0.6626,0.0,-1.0546840875743422,nan,nan,NO_WELD
51.063,0.03167487729954597,0.014149836350359452,0.033797352752099885,0.029552401846992052,0.0383,0.0,-0.0045,0.0296,715,0,0.6626,0.0,-0.35155909468853286,-0.35155909468853286,0.0,WELD_FOUND
51.112,0.03167487729954597,0.014149836350359452,0.033797352752099885,0.029552401846992052,0.0383,0.0,-0.0045,0.0296,716,0,0.6636,0.0,-0.35155909468853286,-0.35155909468853286,0.0,WELD_FOUND
51.162,0.035,0.0,0.035,0.035,0.0383,0.0,-0.0033,0.035,716,0,0.6636,0.0,3.4150945850063755e-06,-0.17577783979697392,0.17578125489155894,WELD_FOUND
51.212,0.035,0.0,0.035,0.035,0.0329,0.0,0.0021,0.035,719,0,0.6663,0.0,3.4150945850063755e-06,-0.17577783979697392,0.17578125489155894,WELD_FOUND
51.262,0.0,0.0,0.0,0.0,0.0329,0.0,-0.0329,0.0,719,0,0.6663,0.0,3.4150945850063755e-06,nan,nan,NO_WELD
51.312,0.0,0.0,0.0,0.0,0.042,0.0,-0.042,0.0,725,0,0.6719,0.0,3.4150945850063755e-06,nan,nan,NO_WELD
51.362,0.0,0.0,0.0,0.0,0.042,0.0,-0.042,0.0,725,0,0.6719,0.0,3.4150945850063755e-06,nan,nan,NO_WELD
51.412,0.0,0.0,0.0,0.0,0.04,0.0,-0.04,0.0,729,0,0.6756,0.0,3.4150945850063755e-06,nan,nan,NO_WELD
51.462,0.0,0.0,0.0,0.0,0.04,0.0,-0.04,0.0,729,0,0.6756,0.0,3.4150945850063755e-06,nan,nan,NO_WELD
51.512,0.0,0.0,0.0,0.0,0.04,0.0,-0.04,0.0,729,0,0.6756,0.0,3.4150945850063755e-06,nan,nan,NO_WELD
51.562,0.0,0.0,0.0,0.0,0.032,0.0,-0.032,0.0,729,0,0.6756,0.0,3.4150945850063755e-06,nan,nan,NO_WELD
51.612,0.0,0.0,0.0,0.0,0.032,0.0,-0.032,0.0,729,0,0.6756,0.0,3.4150945850063755e-06,nan,nan,NO_WELD
51.662,0.0,0.0,0.0,0.0,0.0256,0.0,-0.0256,0.0,729,0,0.6756,0.0,3.4150945850063755e-06,nan,nan,NO_WELD
51.712,0.0,0.0,0.0,0.0,0.0256,0.0,-0.0256,0.0,729,0,0.6756,0.0,3.4150945850063755e-06,nan,nan,NO_WELD
51.762,0.0,0.0,0.0,0.0,0.0256,0.0,-0.0256,0.0,729,0,0.6756,0.0,3.4150945850063755e-06,nan,nan,NO_WELD
51.812,0.0,0.0,0.0,0.0,0.0205,0.0,-0.0205,0.0,729,0,0.6756,0.0,3.4150945850063755e-06,nan,nan,NO_WELD
51.862,0.0,0.0,0.0,0.0,0.0205,0.0,-0.0205,0.0,729,0,0.6756,0.0,3.4150945850063755e-06,nan,nan,NO_WELD
51.912,0.0,0.0,0.0,0.0,0.0205,0.0,-0.0205,0.0,729,0,0.6756,0.0,3.4150945850063755e-06,nan,nan,NO_WELD
51.962,0.0,0.0,0.0,0.0,0.0164,0.0,-0.0164,0.0,729,0,0.6756,0.0,3.4150945850063755e-06,nan,nan,NO_WELD
52.012,0.0,0.0,0.0,0.0,0.0164,0.0,-0.0164,0.0,729,0,0.6756,0.0,3.4150945850063755e-06,nan,nan,NO_WELD
52.063,0.0,0.0,0.0,0.0,0.0164,0.0,-0.0164,0.0,729,0,0.6756,0.0,3.4150945850063755e-06,nan,nan,NO_WELD
52.112,0.0,0.0,0.0,0.0,0.0131,0.0,-0.0131,0.0,729,0,0.6756,0.0,3.4150945850063755e-06,nan,nan,NO_WELD
52.162,0.0,0.0,0.0,0.0,0.0131,0.0,-0.0131,0.0,729,0,0.6756,0.0,-0.7031216044716506,-0.7031216044716506,0.0,WELD_FOUND
52.212,0.0,0.0,0.0,0.0,0.0105,0.0,-0.0105,0.0,729,0,0.6756,0.0,-0.7031216044716506,-0.7031216044716506,0.0,WELD_FOUND
52.262,0.029118044481952255,0.040449124241322146,0.03518541311815058,0.023050675845753932,0.0105,0.0,0.0247,0.0231,729,0,0.6756,0.0,-1.0546840875743422,-0.8789028727034228,-0.17578121487091936,WELD_FOUND
52.312,0.029118044481952255,0.040449124241322146,0.03518541311815058,0.023050675845753932,0.0105,0.0,0.0247,0.0231,729,0,0.6756,0.0,-1.0546840875743422,-0.8789028727034228,-0.17578121487091936,WELD_FOUND
52.362,0.030022823961699526,0.028503971257953512,0.034298419650392556,0.0257472282730065,0.0084,0.0,0.0259,0.0257,729,0,0.6756,0.0,-0.7031216044716506,-0.7031216044716506,0.0,WELD_FOUND
52.412,0.030022823961699526,0.028503971257953512,0.034298419650392556,0.0257472282730065,0.0084,0.0,0.0259,0.0257,730,0,0.6765,0.0,-0.7031216044716506,-0.7031216044716506,0.0,WELD_FOUND
52.462,0.030205440990806055,0.030249640857010904,0.03474288711935769,0.02566799486225442,0.0084,0.0,0.0264,0.0257,730,0,0.6765,0.0,-0.7031216044716506,-0.7031216044716506,0.0,WELD_FOUND
52.512,0.030205440990806055,0.030249640857010904,0.03474288711935769,0.02566799486225442,0.0223,0.0,0.0124,0.0257,736,0,0.6821,0.0,-0.7031216044716506,-0.7031216044716506,0.0,WELD_FOUND
52.562,0.03024203084195365,0.03059219036206282,0.03483085939626307,0.025653202287644228,0.0223,0.0,0.0125,0.0257,736,0,0.6821,0.0,-1.0546840875743422,-0.7031216044716506,-0.35156248310269156,WELD_FOUND
52.612,0.03024203084195365,0.03059219036206282,0.03483085939626307,0.025653202287644228,0.0319,0.0,0.0029,0.0257,741,0,0.6867,0.0,-1.0546840875743422,-0.7031216044716506,-0.35156248310269156,WELD_FOUND
52.662,0.030249351469996216,0.030662270157093344,0.03484869199356022,0.025650010946432215,0.0319,0.0,0.0029,0.0257,741,0,0.6867,0.0,-0.7031216044716506,-0.7031216044716506,0.0,WELD_FOUND
52.712,0.030249351469996216,0.030662270157093344,0.03484869199356022,0.025650010946432215,0.0319,0.0,0.0029,0.0257,747,0,0.6923,0.0,-0.7031216044716506,-0.7031216044716506,0.0,WELD_FOUND
52.762,0.0,0.0,0.0,0.0,0.034,0.0,-0.034,0.0,747,0,0.6923,0.0,-0.7031216044716506,nan,nan,NO_WELD
52.812,0.0,0.0,0.0,0.0,0.034,0.0,-0.034,0.0,751,0,0.696,0.0,-0.7031216044716506,nan,nan,NO_WELD
52.862,0.0,0.0,0.0,0.0,0.034,0.0,-0.034,0.0,751,0,0.696,0.0,-0.7031216044716506,nan,nan,NO_WELD
52.912,0.0,0.0,0.0,0.0,0.0352,0.0,-0.0352,0.0,753,0,0.6979,0.0,-0.7031216044716506,nan,nan,NO_WELD
52.962,0.0,0.0,0.0,0.0,0.0352,0.0,-0.0352,0.0,753,0,0.6979,0.0,-0.7031216044716506,nan,nan,NO_WELD
53.012,0.0,0.0,0.0,0.0,0.0282,0.0,-0.0282,0.0,753,0,0.6979,0.0,-0.7031216044716506,nan,nan,NO_WELD
53.063,0.02800653687058349,0.05,0.035506536870583486,0.02050653687058349,0.0282,0.0,0.0073,0.0205,753,0,0.6979,0.0,-1.0546840875743422,-1.0546840875743422,0.0,WELD_FOUND
53.112,0.02800653687058349,0.05,0.035506536870583486,0.02050653687058349,0.0282,0.0,0.0073,0.0205,753,0,0.6979,0.0,-1.0546840875743422,-1.0546840875743422,0.0,WELD_FOUND
53.162,0.02979533140041098,0.026306316115895026,0.033741278817795234,0.025849383983026726,0.0225,0.0,0.0112,0.0258,753,0,0.6979,0.0,-0.35155909468853286,-0.7031216044716506,0.35156250978311776,WELD_FOUND
53.212,0.02979533140041098,0.026306316115895026,0.033741278817795234,0.025849383983026726,0.0225,0.0,0.0112,0.0258,756,0,0.7006,0.0,-0.35155909468853286,-0.7031216044716506,0.35156250978311776,WELD_FOUND
53.262,0.0,0.0,0.0,0.0,0.0225,0.0,-0.0225,0.0,756,0,0.7006,0.0,-0.35155909468853286,nan,nan,NO_WELD
53.312,0.0,0.0,0.0,0.0,0.0333,0.0,-0.0333,0.0,761,0,0.7053,0.0,-0.35155909468853286,nan,nan,NO_WELD
53.362,0.0,0.0,0.0,0.0,0.0333,0.0,-0.0333,0.0,761,0,0.7053,0.0,-0.35155909468853286,nan,nan,NO_WELD
53.412,0.0,0.0,0.0,0.0,0.0237,0.0,-0.0237,0.0,762,0,0.7062,0.0,-0.35155909468853286,nan,nan,NO_WELD
53.462,0.0,0.0,0.0,0.0,0.0237,0.0,-0.0237,0.0,762,0,0.7062,0.0,-0.35155909468853286,nan,nan,NO_WELD
53.512,0.0,0.0,0.0,0.0,0.0237,0.0,-0.0237,0.0,762,0,0.7062,0.0,-0.35155909468853286,nan,nan,NO_WELD
53.562,0.0,0.0,0.0,0.0,0.0189,0.0,-0.0189,0.0,762,0,0.7062,0.0,-0.35155909468853286,nan,nan,NO_WELD
53.612,0.0,0.0,0.0,0.0,0.0189,0.0,-0.0189,0.0,762,0,0.7062,0.0,-0.35155909468853286,nan,nan,NO_WELD
53.662,0.0,0.0,0.0,0.0,0.0152,0.0,-0.0152,0.0,762,0,0.7062,0.0,-0.35155909468853286,nan,nan,NO_WELD
53.712,0.0,0.0,0.0,0.0,0.0152,0.0,-0.0152,0.0,762,0,0.7062,0.0,-0.35155909468853286,nan,nan,NO_WELD
53.762,0.0,0.0,0.0,0.0,0.0121,0.0,-0.0121,0.0,762,0,0.7062,0.0,-0.35155909468853286,nan,nan,NO_WELD
53.812,0.0,0.0,0.0,0.0,0.0121,0.0,-0.0121,0.0,762,0,0.7062,0.0,-0.35155909468853286,nan,nan,NO_WELD
53.862,0.0,0.0,0.0,0.0,0.0121,0.0,-0.0121,0.0,762,0,0.7062,0.0,-0.35155909468853286,nan,nan,NO_WELD
53.912,0.0,0.0,0.0,0.0,0.0097,0.0,-0.0097,0.0,762,0,0.7062,0.0,-0.35155909468853286,nan,nan,NO_WELD
53.962,0.0,0.0,0.0,0.0,0.0097,0.0,-0.0097,0.0,762,0,0.7062,0.0,-0.35155909468853286,nan,nan,NO_WELD
54.012,0.0,0.0,0.0,0.0,0.0097,0.0,-0.0097,0.0,762,0,0.7062,0.0,-0.35155909468853286,nan,nan,NO_WELD
54.063,0.0,0.0,0.0,0.0,0.0078,0.0,-0.0078,0.0,762,0,0.7062,0.0,-0.35155909468853286,nan,nan,NO_WELD
54.111,0.0,0.0,0.0,0.0,0.0078,0.0,-0.0078,0.0,762,0,0.7062,0.0,-0.35155909468853286,nan,nan,NO_WELD
54.162,0.0,0.0,0.0,0.0,0.0078,0.0,-0.0078,0.0,762,0,0.7062,0.0,-0.35155909468853286,nan,nan,NO_WELD
54.212,0.0,0.0,0.0,0.0,0.0062,0.0,-0.0062,0.0,762,0,0.7062,0.0,-0.35155909468853286,nan,nan,NO_WELD
54.262,0.0,0.0,0.0,0.0,0.0062,0.0,-0.0062,0.0,762,0,0.7062,0.0,-1.7578091605014305,nan,nan,NO_WELD
54.312,0.0,0.0,0.0,0.0,0.005,0.0,-0.005,0.0,762,0,0.7062,0.0,-1.7578091605014305,nan,nan,NO_WELD
54.362,0.0,0.0,0.0,0.0,0.005,0.0,-0.005,0.0,762,0,0.7062,0.0,-7.031246887289478,nan,nan,NO_WELD
54.412,0.0,0.0,0.0,0.0,0.004,0.0,-0.004,0.0,762,0,0.7062,0.0,-7.031246887289478,nan,nan,NO_WELD
54.462,0.0,0.0,0.0,0.0,0.004,0.0,-0.004,0.0,762,0,0.7062,0.0,7.382816360663898,nan,nan,NO_WELD
54.512,0.0,0.0,0.0,0.0,0.004,0.0,-0.004,0.0,762,0,0.7062,0.0,7.382816360663898,nan,nan,NO_WELD
54.562,0.0,0.0,0.0,0.0,0.0032,0.0,-0.0032,0.0,762,0,0.7062,0.0,-1.7578091605014305,nan,nan,NO_WELD
54.612,0.0,0.0,0.0,0.0,0.0032,0.0,-0.0032,0.0,762,0,0.7062,0.0,-1.7578091605014305,nan,nan,NO_WELD
54.662,0.0,0.0,0.0,0.0,0.0025,0.0,-0.0025,0.0,762,0,0.7062,0.0,-1.0546840875743422,nan,nan,NO_WELD
54.712,0.0,0.0,0.0,0.0,0.0025,0.0,-0.0025,0.0,762,0,0.7062,0.0,-1.0546840875743422,nan,nan,NO_WELD
54.762,0.0,0.0,0.0,0.0,0.0025,0.0,-0.0025,0.0,762,0,0.7062,0.0,-1.0546840875743422,nan,nan,NO_WELD
54.812,0.0,0.0,0.0,0.0,0.002,0.0,-0.002,0.0,762,0,0.7062,0.0,-1.0546840875743422,nan,nan,NO_WELD
54.862,0.0,0.0,0.0,0.0,0.002,0.0,-0.002,0.0,762,0,0.7062,0.0,3.8671912094718666,nan,nan,NO_WELD
54.912,0.0,0.0,0.0,0.0,0.0016,0.0,-0.0016,0.0,762,0,0.7062,0.0,3.8671912094718666,nan,nan,NO_WELD
54.962,0.0,0.0,0.0,0.0,0.0016,0.0,-0.0016,0.0,762,0,0.7062,0.0,-1.7578091605014305,nan,nan,NO_WELD
55.012,0.0,0.0,0.0,0.0,0.0013,0.0,-0.0013,0.0,762,0,0.7062,0.0,-1.7578091605014305,nan,nan,NO_WELD
55.063,0.0,0.0,0.0,0.0,0.0013,0.0,-0.0013,0.0,762,0,0.7062,0.0,-1.7578091605014305,nan,nan,NO_WELD
55.112,0.0,0.0,0.0,0.0,0.001,0.0,-0.001,0.0,762,0,0.7062,0.0,-1.7578091605014305,nan,nan,NO_WELD
55.162,0.0,0.0,0.0,0.0,0.001,0.0,-0.001,0.0,762,0,0.7062,0.0,-1.4062466240378864,nan,nan,NO_WELD
55.212,0.0,0.0,0.0,0.0,0.001,0.0,-0.001,0.0,762,0,0.7062,0.0,-1.4062466240378864,nan,nan,NO_WELD
55.262,0.0,0.0,0.0,0.0,0.0,0.0,0.0,0.0,762,0,0.7062,0.0,-7.382809530474727,nan,nan,NO_WELD
55.312,0.0,0.0,0.0,0.0,0.0,0.0,0.0,0.0,762,0,0.7062,0.0,-7.382809530474727,nan,nan,NO_WELD
55.362,0.0,0.0,0.0,0.0,0.0,0.0,0.0,0.0,762,0,0.7062,0.0,-7.7343721736599775,nan,nan,NO_WELD
55.412,0.0,0.0,0.0,0.0,0.0,0.0,0.0,0.0,762,0,0.7062,0.0,-7.7343721736599775,nan,nan,NO_WELD
55.462,0.0,0.0,0.0,0.0,0.0,0.0,0.0,0.0,762,0,0.7062,0.0,-7.382809530474727,nan,nan,NO_WELD
55.512,0.0,0.0,0.0,0.0,0.0,0.0,0.0,0.0,762,0,0.7062,0.0,-7.382809530474727,nan,nan,NO_WELD
55.562,0.0,0.0,0.0,0.0,0.0,0.0,0.0,0.0,762,0,0.7062,0.0,-7.031246887289478,nan,nan,NO_WELD
55.612,0.0,0.0,0.0,0.0,0.0,0.0,0.0,0.0,762,0,0.7062,0.0,-7.031246887289478,nan,nan,NO_WELD
55.662,0.005,0.05,0.0125,-0.0024999999999999996,0.0,0.0,0.0125,-0.0025,762,0,0.7062,0.0,-7.7343721736599775,-7.7343721736599775,0.0,WELD_FOUND
55.712,0.005,0.05,0.0125,-0.0024999999999999996,0.0,0.0,0.0125,-0.0025,762,0,0.7062,0.0,-7.7343721736599775,-7.7343721736599775,0.0,WELD_FOUND
55.762,0.0,0.0,0.0,0.0,0.0,0.0,0.0,0.0,762,0,0.7062,0.0,-7.7343721736599775,nan,nan,NO_WELD
55.812,0.0,0.0,0.0,0.0,0.0,0.0,0.0,0.0,762,0,0.7062,0.0,-7.7343721736599775,nan,nan,NO_WELD
55.862,0.0,0.0,0.0,0.0,0.0,0.0,0.0,0.0,762,0,0.7062,0.0,-7.7343721736599775,nan,nan,NO_WELD
55.912,0.0,0.0,0.0,0.0,0.0,0.0,0.0,0.0,762,0,0.7062,0.0,-7.7343721736599775,nan,nan,NO_WELD
55.962,0.0,0.0,0.0,0.0,0.0,0.0,0.0,0.0,762,0,0.7062,0.0,-7.7343721736599775,nan,nan,NO_WELD
56.012,0.0,0.0,0.0,0.0,0.0,0.0,0.0,0.0,762,0,0.7062,0.0,-7.7343721736599775,nan,nan,NO_WELD
56.063,0.0,0.0,0.0,0.0,0.0,0.0,0.0,0.0,762,0,0.7062,0.0,-7.382809530474727,-7.382809530474727,0.0,WELD_FOUND
56.112,0.0,0.0,0.0,0.0,0.0,0.0,0.0,0.0,762,0,0.7062,0.0,-7.382809530474727,-7.382809530474727,0.0,WELD_FOUND
56.162,0.005,0.05,0.0125,-0.0024999999999999996,0.0,0.0,0.0125,-0.0025,762,0,0.7062,0.0,-7.382809530474727,-7.382809530474727,0.0,WELD_FOUND
56.212,0.005,0.05,0.0125,-0.0024999999999999996,0.0,0.0,0.0125,-0.0025,762,0,0.7062,0.0,-7.382809530474727,-7.382809530474727,0.0,WELD_FOUND
56.262,0.0,0.0,0.0,0.0,0.0,0.0,0.0,0.0,762,0,0.7062,0.0,-7.382809530474727,nan,nan,NO_WELD
56.312,0.0,0.0,0.0,0.0,0.0,0.0,0.0,0.0,763,0,0.7071,0.0,-7.382809530474727,nan,nan,NO_WELD
56.362,0.005,0.05,0.0125,-0.0024999999999999996,0.0025,0.0,0.01,-0.0025,763,0,0.7071,0.0,-6.6796842441042275,-6.6796842441042275,0.0,WELD_FOUND
56.412,0.005,0.05,0.0125,-0.0024999999999999996,0.0025,0.0,0.01,-0.0025,763,0,0.7071,0.0,-6.6796842441042275,-6.6796842441042275,0.0,WELD_FOUND
56.462,0.005,0.1,0.02,-0.009999999999999998,0.0025,0.0,0.0175,-0.01,763,0,0.7071,0.0,-5.9765593846205505,-6.328121600918977,0.35156221629842666,WELD_FOUND
56.512,0.005,0.1,0.02,-0.009999999999999998,0.002,0.0,0.018,-0.01,763,0,0.7071,0.0,-5.9765593846205505,-6.328121600918977,0.35156221629842666,WELD_FOUND
56.562,0.0,0.0,0.0,0.0,0.002,0.0,-0.002,0.0,763,0,0.7071,0.0,-5.9765593846205505,nan,nan,NO_WELD
56.612,0.0,0.0,0.0,0.0,0.002,0.0,-0.002,0.0,766,0,0.7099,0.0,-5.9765593846205505,nan,nan,NO_WELD
56.662,0.0,0.0,0.0,0.0,0.0086,0.0,-0.0086,0.0,766,0,0.7099,0.0,-5.9765593846205505,nan,nan,NO_WELD
56.712,0.0,0.0,0.0,0.0,0.0086,0.0,-0.0086,0.0,766,0,0.7099,0.0,-5.9765593846205505,nan,nan,NO_WELD
56.762,0.0,0.0,0.0,0.0,0.0086,0.0,-0.0086,0.0,766,0,0.7099,0.0,-5.9765593846205505,nan,nan,NO_WELD
56.812,0.0,0.0,0.0,0.0,0.0069,0.0,-0.0069,0.0,766,0,0.7099,0.0,-5.9765593846205505,nan,nan,NO_WELD
56.862,0.005,0.05,0.0125,-0.0024999999999999996,0.0069,0.0,0.0056,-0.0025,766,0,0.7099,0.0,-6.328121600918977,-6.328121600918977,0.0,WELD_FOUND
56.912,0.005,0.05,0.0125,-0.0024999999999999996,0.0055,0.0,0.007,-0.0025,766,0,0.7099,0.0,-6.328121600918977,-6.328121600918977,0.0,WELD_FOUND
56.962,0.0,0.0,0.0,0.0,0.0055,0.0,-0.0055,0.0,766,0,0.7099,0.0,-6.328121600918977,nan,nan,NO_WELD
57.012,0.0,0.0,0.0,0.0,0.0055,0.0,-0.0055,0.0,766,0,0.7099,0.0,-6.328121600918977,nan,nan,NO_WELD
57.063,0.0,0.0,0.0,0.0,0.0044,0.0,-0.0044,0.0,766,0,0.7099,0.0,-6.328121600918977,nan,nan,NO_WELD
57.112,0.0,0.0,0.0,0.0,0.0044,0.0,-0.0044,0.0,766,0,0.7099,0.0,-6.328121600918977,nan,nan,NO_WELD
57.162,0.005,0.05,0.0125,-0.0024999999999999996,0.0044,0.0,0.0081,-0.0025,766,0,0.7099,0.0,-6.328121600918977,-6.328121600918977,0.0,WELD_FOUND
57.212,0.005,0.05,0.0125,-0.0024999999999999996,0.0035,0.0,0.009,-0.0025,766,0,0.7099,0.0,-6.328121600918977,-6.328121600918977,0.0,WELD_FOUND
57.262,0.005,0.1,0.02,-0.009999999999999998,0.0035,0.0,0.0165,-0.01,766,0,0.7099,0.0,-7.031246887289478,-6.6796842441042275,-0.3515626431852503,WELD_FOUND
57.312,0.005,0.1,0.02,-0.009999999999999998,0.0028,0.0,0.0172,-0.01,766,0,0.7099,0.0,-7.031246887289478,-6.6796842441042275,-0.3515626431852503,WELD_FOUND
57.362,0.0,0.0,0.0,0.0,0.0028,0.0,-0.0028,0.0,766,0,0.7099,0.0,-7.031246887289478,nan,nan,NO_WELD
57.412,0.0,0.0,0.0,0.0,0.0054,0.0,-0.0054,0.0,767,0,0.7108,0.0,-7.031246887289478,nan,nan,NO_WELD
57.462,0.005,0.05,0.0125,-0.0024999999999999996,0.0054,0.0,0.0071,-0.0025,767,0,0.7108,0.0,-7.382809530474727,-7.382809530474727,0.0,WELD_FOUND
57.512,0.005,0.05,0.0125,-0.0024999999999999996,0.0054,0.0,0.0071,-0.0025,767,0,0.7108,0.0,-7.382809530474727,-7.382809530474727,0.0,WELD_FOUND
57.562,0.0,0.0,0.0,0.0,0.0043,0.0,-0.0043,0.0,767,0,0.7108,0.0,-7.382809530474727,nan,nan,NO_WELD
57.612,0.0,0.0,0.0,0.0,0.0043,0.0,-0.0043,0.0,767,0,0.7108,0.0,-7.382809530474727,nan,nan,NO_WELD
57.662,0.005,0.05,0.0125,-0.0024999999999999996,0.0035,0.0,0.009,-0.0025,767,0,0.7108,0.0,-7.031246887289478,-7.031246887289478,0.0,WELD_FOUND
57.712,0.005,0.05,0.0125,-0.0024999999999999996,0.0035,0.0,0.009,-0.0025,767,0,0.7108,0.0,-7.031246887289478,-7.031246887289478,0.0,WELD_FOUND
57.762,0.005,0.1,0.02,-0.009999999999999998,0.0035,0.0,0.0165,-0.01,767,0,0.7108,0.0,-6.6796842441042275,-6.855465565696853,0.17578132159262516,WELD_FOUND
57.812,0.005,0.1,0.02,-0.009999999999999998,0.0028,0.0,0.0172,-0.01,767,0,0.7108,0.0,-6.6796842441042275,-6.855465565696853,0.17578132159262516,WELD_FOUND
57.862,0.0,0.0,0.0,0.0,0.0028,0.0,-0.0028,0.0,767,0,0.7108,0.0,-6.6796842441042275,nan,nan,NO_WELD
57.912,0.0,0.0,0.0,0.0,0.0028,0.0,-0.0028,0.0,767,0,0.7108,0.0,-6.6796842441042275,nan,nan,NO_WELD
57.962,0.0,0.0,0.0,0.0,0.0022,0.0,-0.0022,0.0,767,0,0.7108,0.0,-6.6796842441042275,nan,nan,NO_WELD
58.013,0.0,0.0,0.0,0.0,0.0022,0.0,-0.0022,0.0,767,0,0.7108,0.0,-6.6796842441042275,nan,nan,NO_WELD
58.063,0.0,0.0,0.0,0.0,0.0022,0.0,-0.0022,0.0,767,0,0.7108,0.0,-6.6796842441042275,nan,nan,NO_WELD
58.112,0.0,0.0,0.0,0.0,0.0018,0.0,-0.0018,0.0,767,0,0.7108,0.0,-6.6796842441042275,nan,nan,NO_WELD
58.162,0.0,0.0,0.0,0.0,0.0018,0.0,-0.0018,0.0,767,0,0.7108,0.0,-6.6796842441042275,nan,nan,NO_WELD
58.212,0.0,0.0,0.0,0.0,0.0014,0.0,-0.0014,0.0,767,0,0.7108,0.0,-7.382809530474727,nan,nan,NO_WELD
58.262,0.0,0.0,0.0,0.0,0.0014,0.0,-0.0014,0.0,767,0,0.7108,0.0,-7.382809530474727,-7.382809530474727,0.0,WELD_FOUND
58.312,0.0,0.0,0.0,0.0,0.0011,0.0,-0.0011,0.0,767,0,0.7108,0.0,-7.382809530474727,nan,nan,NO_WELD
58.362,0.0,0.0,0.0,0.0,0.0011,0.0,-0.0011,0.0,767,0,0.7108,0.0,-7.382809530474727,nan,nan,NO_WELD
58.412,0.0,0.0,0.0,0.0,0.0,0.0,0.0,0.0,767,0,0.7108,0.0,-7.382809530474727,nan,nan,NO_WELD
58.462,0.0,0.0,0.0,0.0,0.0,0.0,0.0,0.0,767,0,0.7108,0.0,-7.382809530474727,nan,nan,NO_WELD
58.512,0.0,0.0,0.0,0.0,0.0,0.0,0.0,0.0,767,0,0.7108,0.0,-7.7343721736599775,nan,nan,NO_WELD
58.562,0.005,0.05,0.0125,-0.0024999999999999996,0.0,0.0,0.0125,-0.0025,767,0,0.7108,0.0,-7.7343721736599775,-7.7343721736599775,0.0,WELD_FOUND
58.612,0.005,0.05,0.0125,-0.0024999999999999996,0.0,0.0,0.0125,-0.0025,767,0,0.7108,0.0,-7.7343721736599775,nan,nan,NO_WELD
58.662,0.0,0.0,0.0,0.0,0.0,0.0,0.0,0.0,767,0,0.7108,0.0,-7.7343721736599775,nan,nan,NO_WELD
58.712,0.0,0.0,0.0,0.0,0.0,0.0,0.0,0.0,767,0,0.7108,0.0,-7.7343721736599775,nan,nan,NO_WELD
58.762,0.005,0.05,0.0125,-0.0024999999999999996,0.0,0.0,0.0125,-0.0025,767,0,0.7108,0.0,-7.7343721736599775,-7.7343721736599775,0.0,WELD_FOUND
58.812,0.005,0.05,0.0125,-0.0024999999999999996,0.0,0.0,0.0125,-0.0025,767,0,0.7108,0.0,-7.031246887289478,-7.7343721736599775,0.7031252863704998,WELD_FOUND
58.862,0.005,0.1,0.02,-0.009999999999999998,0.0,0.0,0.02,-0.01,767,0,0.7108,0.0,-7.031246887289478,-7.382809530474727,0.35156264318524943,WELD_FOUND
58.912,0.005,0.1,0.02,-0.009999999999999998,0.0,0.0,0.02,-0.01,767,0,0.7108,0.0,-7.031246887289478,nan,nan,WELD_FOUND
58.962,0.0,0.0,0.0,0.0,0.0,0.0,0.0,0.0,767,0,0.7108,0.0,-7.031246887289478,nan,nan,NO_WELD
59.012,0.0,0.0,0.0,0.0,0.0,0.0,0.0,0.0,767,0,0.7108,0.0,-7.031246887289478,-7.031246887289478,0.0,WELD_FOUND
59.063,0.005,0.05,0.0125,-0.0024999999999999996,0.0,0.0,0.0125,-0.0025,767,0,0.7108,0.0,-7.031246887289478,-7.031246887289478,0.0,WELD_FOUND
59.112,0.005,0.05,0.0125,-0.0024999999999999996,0.0,0.0,0.0125,-0.0025,767,0,0.7108,0.0,-7.7343721736599775,-7.382809530474727,-0.3515626431852503,WELD_FOUND
59.162,0.005,0.1,0.02,-0.009999999999999998,0.0,0.0,0.02,-0.01,767,0,0.7108,0.0,-7.7343721736599775,-7.382809530474727,-0.3515626431852503,WELD_FOUND
59.212,0.005,0.15000000000000002,0.027500000000000004,-0.0175,0.0,0.0,0.0275,-0.0175,767,0,0.7108,0.0,-7.031246887289478,-7.031246887289478,0.0,WELD_FOUND
59.262,0.005,0.15000000000000002,0.027500000000000004,-0.0175,0.0,0.0,0.0275,-0.0175,767,0,0.7108,0.0,-7.031246887289478,-7.031246887289478,0.0,WELD_FOUND
59.312,0.0,0.0,0.0,0.0,0.0,0.0,0.0,0.0,769,0,0.7127,0.0,-7.031246887289478,nan,nan,NO_WELD
59.362,0.0,0.0,0.0,0.0,0.005,0.0,-0.005,0.0,769,0,0.7127,0.0,-7.031246887289478,nan,nan,NO_WELD
59.412,0.0,0.0,0.0,0.0,0.005,0.0,-0.005,0.0,769,0,0.7127,0.0,-7.031246887289478,nan,nan,NO_WELD
59.462,0.0,0.0,0.0,0.0,0.004,0.0,-0.004,0.0,769,0,0.7127,0.0,-7.031246887289478,nan,nan,NO_WELD
59.512,0.005,0.05,0.0125,-0.0024999999999999996,0.004,0.0,0.0085,-0.0025,769,0,0.7127,0.0,-7.382809530474727,-7.382809530474727,0.0,WELD_FOUND
59.562,0.005,0.05,0.0125,-0.0024999999999999996,0.004,0.0,0.0085,-0.0025,769,0,0.7127,0.0,-7.382809530474727,-7.382809530474727,0.0,WELD_FOUND
59.612,0.0,0.0,0.0,0.0,0.0032,0.0,-0.0032,0.0,769,0,0.7127,0.0,-7.382809530474727,nan,nan,NO_WELD
59.662,0.0,0.0,0.0,0.0,0.0032,0.0,-0.0032,0.0,769,0,0.7127,0.0,-7.382809530474727,nan,nan,NO_WELD
59.712,0.0,0.0,0.0,0.0,0.0025,0.0,-0.0025,0.0,769,0,0.7127,0.0,-7.382809530474727,nan,nan,NO_WELD
59.762,0.0,0.0,0.0,0.0,0.0025,0.0,-0.0025,0.0,769,0,0.7127,0.0,-7.382809530474727,nan,nan,NO_WELD
59.812,0.0,0.0,0.0,0.0,0.002,0.0,-0.002,0.0,769,0,0.7127,0.0,-7.382809530474727,nan,nan,NO_WELD
59.862,0.0,0.0,0.0,0.0,0.002,0.0,-0.002,0.0,769,0,0.7127,0.0,-7.382809530474727,nan,nan,NO_WELD
59.912,0.0,0.0,0.0,0.0,0.002,0.0,-0.002,0.0,769,0,0.7127,0.0,-7.382809530474727,nan,nan,NO_WELD
59.962,0.0,0.0,0.0,0.0,0.0016,0.0,-0.0016,0.0,769,0,0.7127,0.0,-7.382809530474727,nan,nan,NO_WELD
60.012,0.0,0.0,0.0,0.0,0.0016,0.0,-0.0016,0.0,769,0,0.7127,0.0,-7.382809530474727,nan,nan,NO_WELD
60.063,0.0,0.0,0.0,0.0,0.0016,0.0,-0.0016,0.0,769,0,0.7127,0.0,-7.382809530474727,nan,nan,NO_WELD
60.112,0.0,0.0,0.0,0.0,0.0013,0.0,-0.0013,0.0,769,0,0.7127,0.0,-7.382809530474727,nan,nan,NO_WELD
60.162,0.0,0.0,0.0,0.0,0.0013,0.0,-0.0013,0.0,769,0,0.7127,0.0,-7.382809530474727,nan,nan,NO_WELD
60.212,0.0,0.0,0.0,0.0,0.0013,0.0,-0.0013,0.0,769,0,0.7127,0.0,-7.382809530474727,nan,nan,NO_WELD
60.262,0.0,0.0,0.0,0.0,0.001,0.0,-0.001,0.0,769,0,0.7127,0.0,-7.382809530474727,nan,nan,NO_WELD
60.312,0.0,0.0,0.0,0.0,0.001,0.0,-0.001,0.0,769,0,0.7127,0.0,-7.382809530474727,nan,nan,NO_WELD
60.362,0.0,0.0,0.0,0.0,0.0,0.0,0.0,0.0,769,0,0.7127,0.0,-7.382809530474727,nan,nan,NO_WELD
60.412,0.0,0.0,0.0,0.0,0.0,0.0,0.0,0.0,769,0,0.7127,0.0,-7.382809530474727,nan,nan,NO_WELD
60.462,0.0,0.0,0.0,0.0,0.0,0.0,0.0,0.0,769,0,0.7127,0.0,-7.382809530474727,nan,nan,NO_WELD
60.512,0.0,0.0,0.0,0.0,0.0,0.0,0.0,0.0,769,0,0.7127,0.0,-7.031246887289478,-7.031246887289478,0.0,WELD_FOUND
60.562,0.0,0.0,0.0,0.0,0.0,0.0,0.0,0.0,769,0,0.7127,0.0,-7.031246887289478,-7.031246887289478,0.0,WELD_FOUND
60.612,0.0,0.0,0.0,0.0,0.0,0.0,0.0,0.0,769,0,0.7127,0.0,-7.031246887289478,nan,nan,NO_WELD
60.662,0.0,0.0,0.0,0.0,0.0,0.0,0.0,0.0,769,0,0.7127,0.0,-7.031246887289478,nan,nan,NO_WELD
60.712,0.0,0.0,0.0,0.0,0.0,0.0,0.0,0.0,769,0,0.7127,0.0,-7.031246887289478,nan,nan,NO_WELD
60.762,0.0,0.0,0.0,0.0,0.0,0.0,0.0,0.0,769,0,0.7127,0.0,-7.031246887289478,nan,nan,NO_WELD
60.812,0.0,0.0,0.0,0.0,0.0,0.0,0.0,0.0,769,0,0.7127,0.0,-7.031246887289478,nan,nan,NO_WELD
60.862,0.0,0.0,0.0,0.0,0.0,0.0,0.0,0.0,769,0,0.7127,0.0,-7.031246887289478,nan,nan,NO_WELD
60.912,0.0,0.0,0.0,0.0,0.0,0.0,0.0,0.0,769,0,0.7127,0.0,-7.031246887289478,nan,nan,NO_WELD
60.962,0.0,0.0,0.0,0.0,0.0,0.0,0.0,0.0,769,0,0.7127,0.0,-7.031246887289478,nan,nan,NO_WELD
61.012,0.005,0.05,0.0125,-0.0024999999999999996,0.0,0.0,0.0125,-0.0025,769,0,0.7127,0.0,-6.328121600918977,-6.328121600918977,0.0,WELD_FOUND
61.063,0.005,0.05,0.0125,-0.0024999999999999996,0.0,0.0,0.0125,-0.0025,769,0,0.7127,0.0,-6.328121600918977,-6.328121600918977,0.0,WELD_FOUND
61.112,0.0,0.0,0.0,0.0,0.0,0.0,0.0,0.0,769,0,0.7127,0.0,-6.328121600918977,nan,nan,NO_WELD
61.162,0.0,0.0,0.0,0.0,0.0,0.0,0.0,0.0,769,0,0.7127,0.0,-6.328121600918977,nan,nan,NO_WELD
61.212,0.0,0.0,0.0,0.0,0.0,0.0,0.0,0.0,769,0,0.7127,0.0,-6.328121600918977,nan,nan,NO_WELD
61.262,0.0,0.0,0.0,0.0,0.0,0.0,0.0,0.0,769,0,0.7127,0.0,-6.328121600918977,nan,nan,NO_WELD
61.312,0.0,0.0,0.0,0.0,0.0,0.0,0.0,0.0,769,0,0.7127,0.0,-6.328121600918977,nan,nan,NO_WELD
61.362,0.0,0.0,0.0,0.0,0.0,0.0,0.0,0.0,769,0,0.7127,0.0,-6.328121600918977,nan,nan,NO_WELD
61.412,0.0,0.0,0.0,0.0,0.0,0.0,0.0,0.0,769,0,0.7127,0.0,-6.328121600918977,-6.328121600918977,0.0,WELD_FOUND
61.462,0.0,0.0,0.0,0.0,0.0,0.0,0.0,0.0,769,0,0.7127,0.0,-6.328121600918977,-6.328121600918977,0.0,WELD_FOUND
61.512,0.005,0.05,0.0125,-0.0024999999999999996,0.0,0.0,0.0125,-0.0025,769,0,0.7127,0.0,-7.031246887289478,-6.6796842441042275,-0.3515626431852503,WELD_FOUND
61.562,0.005,0.05,0.0125,-0.0024999999999999996,0.0,0.0,0.0125,-0.0025,769,0,0.7127,0.0,-7.031246887289478,-6.6796842441042275,-0.3515626431852503,WELD_FOUND
61.612,0.0,0.0,0.0,0.0,0.0,0.0,0.0,0.0,769,0,0.7127,0.0,-7.031246887289478,nan,nan,NO_WELD
61.662,0.0,0.0,0.0,0.0,0.0,0.0,0.0,0.0,769,0,0.7127,0.0,-7.031246887289478,nan,nan,NO_WELD
61.712,0.0,0.0,0.0,0.0,0.0,0.0,0.0,0.0,769,0,0.7127,0.0,-7.031246887289478,nan,nan,NO_WELD
61.762,0.0,0.0,0.0,0.0,0.0,0.0,0.0,0.0,769,0,0.7127,0.0,-7.031246887289478,nan,nan,NO_WELD
61.812,0.0,0.0,0.0,0.0,0.0,0.0,0.0,0.0,769,0,0.7127,0.0,-7.031246887289478,nan,nan,NO_WELD
61.862,0.0,0.0,0.0,0.0,0.0,0.0,0.0,0.0,769,0,0.7127,0.0,-7.031246887289478,nan,nan,NO_WELD
61.912,0.0,0.0,0.0,0.0,0.0,0.0,0.0,0.0,769,0,0.7127,0.0,-7.031246887289478,nan,nan,NO_WELD
61.962,0.0,0.0,0.0,0.0,0.0,0.0,0.0,0.0,769,0,0.7127,0.0,-7.031246887289478,nan,nan,NO_WELD
62.012,0.0,0.0,0.0,0.0,0.0,0.0,0.0,0.0,769,0,0.7127,0.0,-7.031246887289478,nan,nan,NO_WELD
62.063,0.0,0.0,0.0,0.0,0.0,0.0,0.0,0.0,769,0,0.7127,0.0,-7.031246887289478,nan,nan,NO_WELD
62.112,0.0,0.0,0.0,0.0,0.0,0.0,0.0,0.0,769,0,0.7127,0.0,-7.382809530474727,-7.382809530474727,0.0,WELD_FOUND
62.162,0.0,0.0,0.0,0.0,0.0,0.0,0.0,0.0,769,0,0.7127,0.0,-7.382809530474727,-7.382809530474727,0.0,WELD_FOUND
62.212,0.005,0.05,0.0125,-0.0024999999999999996,0.0,0.0,0.0125,-0.0025,769,0,0.7127,0.0,-7.031246887289478,-7.207027781995279,0.1757808947058015,WELD_FOUND
62.262,0.005,0.05,0.0125,-0.0024999999999999996,0.0,0.0,0.0125,-0.0025,769,0,0.7127,0.0,-7.031246887289478,-7.207027781995279,0.1757808947058015,WELD_FOUND
62.312,0.005,0.1,0.02,-0.009999999999999998,0.0,0.0,0.02,-0.01,769,0,0.7127,0.0,-7.382809530474727,-7.382809530474727,0.0,WELD_FOUND
62.362,0.005,0.1,0.02,-0.009999999999999998,0.0,0.0,0.02,-0.01,769,0,0.7127,0.0,-7.382809530474727,-7.382809530474727,0.0,WELD_FOUND
62.412,0.0,0.0,0.0,0.0,0.0,0.0,0.0,0.0,770,0,0.7136,0.0,-7.382809530474727,nan,nan,NO_WELD
62.462,0.0,0.0,0.0,0.0,0.0037,0.0,-0.0037,0.0,770,0,0.7136,0.0,-7.382809530474727,nan,nan,NO_WELD
62.512,0.005,0.05,0.0125,-0.0024999999999999996,0.0037,0.0,0.0088,-0.0025,770,0,0.7136,0.0,-7.031246887289478,-7.031246887289478,0.0,WELD_FOUND
62.562,0.005,0.05,0.0125,-0.0024999999999999996,0.0037,0.0,0.0088,-0.0025,770,0,0.7136,0.0,-7.031246887289478,-7.031246887289478,0.0,WELD_FOUND
62.612,0.0,0.0,0.0,0.0,0.003,0.0,-0.003,0.0,770,0,0.7136,0.0,-7.031246887289478,nan,nan,NO_WELD
62.662,0.0,0.0,0.0,0.0,0.003,0.0,-0.003,0.0,770,0,0.7136,0.0,-7.031246887289478,nan,nan,NO_WELD
62.712,0.0,0.0,0.0,0.0,0.003,0.0,-0.003,0.0,770,0,0.7136,0.0,-7.031246887289478,nan,nan,NO_WELD
62.762,0.0,0.0,0.0,0.0,0.0024,0.0,-0.0024,0.0,770,0,0.7136,0.0,-7.031246887289478,nan,nan,NO_WELD
62.812,0.005,0.05,0.0125,-0.0024999999999999996,0.0024,0.0,0.0101,-0.0025,770,0,0.7136,0.0,-7.382809530474727,-7.382809530474727,0.0,WELD_FOUND
62.862,0.005,0.05,0.0125,-0.0024999999999999996,0.0019,0.0,0.0106,-0.0025,770,0,0.7136,0.0,-7.382809530474727,-7.382809530474727,0.0,WELD_FOUND
62.912,0.005,0.1,0.02,-0.009999999999999998,0.0019,0.0,0.0181,-0.01,770,0,0.7136,0.0,-7.031246887289478,-7.207027781995279,0.1757808947058015,WELD_FOUND
62.962,0.005,0.1,0.02,-0.009999999999999998,0.0019,0.0,0.0181,-0.01,770,0,0.7136,0.0,-7.031246887289478,-7.207027781995279,0.1757808947058015,WELD_FOUND
63.012,0.005,0.15000000000000002,0.027500000000000004,-0.0175,0.0015,0.0,0.026,-0.0175,770,0,0.7136,0.0,-6.328121600918977,-7.031246887289478,0.7031252863705006,WELD_FOUND
63.063,0.005,0.15000000000000002,0.027500000000000004,-0.0175,0.0015,0.0,0.026,-0.0175,770,0,0.7136,0.0,-6.328121600918977,-7.031246887289478,0.7031252863705006,WELD_FOUND
63.112,0.0,0.0,0.0,0.0,0.0015,0.0,-0.0015,0.0,770,0,0.7136,0.0,-6.328121600918977,nan,nan,NO_WELD
63.162,0.0,0.0,0.0,0.0,0.0012,0.0,-0.0012,0.0,770,0,0.7136,0.0,-6.328121600918977,nan,nan,NO_WELD
63.212,0.0,0.0,0.0,0.0,0.0012,0.0,-0.0012,0.0,771,0,0.7145,0.0,-6.328121600918977,nan,nan,NO_WELD
63.262,0.0,0.0,0.0,0.0,0.0012,0.0,-0.0012,0.0,771,0,0.7145,0.0,-6.328121600918977,nan,nan,NO_WELD
63.312,0.0,0.0,0.0,0.0,0.0032,0.0,-0.0032,0.0,771,0,0.7145,0.0,-6.328121600918977,nan,nan,NO_WELD
63.362,0.0,0.0,0.0,0.0,0.0032,0.0,-0.0032,0.0,771,0,0.7145,0.0,-6.328121600918977,nan,nan,NO_WELD
63.412,0.0,0.0,0.0,0.0,0.0026,0.0,-0.0026,0.0,771,0,0.7145,0.0,-6.328121600918977,nan,nan,NO_WELD
63.462,0.0,0.0,0.0,0.0,0.0026,0.0,-0.0026,0.0,771,0,0.7145,0.0,-6.328121600918977,nan,nan,NO_WELD
63.512,0.005,0.05,0.0125,-0.0024999999999999996,0.0026,0.0,0.0099,-0.0025,771,0,0.7145,0.0,-6.6796842441042275,-6.6796842441042275,0.0,WELD_FOUND
63.562,0.005,0.05,0.0125,-0.0024999999999999996,0.002,0.0,0.0105,-0.0025,771,0,0.7145,0.0,-6.6796842441042275,-6.6796842441042275,0.0,WELD_FOUND
63.612,0.0,0.0,0.0,0.0,0.002,0.0,-0.002,0.0,771,0,0.7145,0.0,-6.6796842441042275,nan,nan,NO_WELD
63.662,0.0,0.0,0.0,0.0,0.002,0.0,-0.002,0.0,771,0,0.7145,0.0,-6.6796842441042275,nan,nan,NO_WELD
63.712,0.005,0.05,0.0125,-0.0024999999999999996,0.0016,0.0,0.0109,-0.0025,771,0,0.7145,0.0,-7.031246887289478,-7.031246887289478,0.0,WELD_FOUND
63.762,0.005,0.05,0.0125,-0.0024999999999999996,0.0016,0.0,0.0109,-0.0025,771,0,0.7145,0.0,-7.031246887289478,-7.031246887289478,0.0,WELD_FOUND
63.812,0.0,0.0,0.0,0.0,0.0013,0.0,-0.0013,0.0,771,0,0.7145,0.0,-7.031246887289478,nan,nan,NO_WELD
63.862,0.0,0.0,0.0,0.0,0.0013,0.0,-0.0013,0.0,771,0,0.7145,0.0,-7.031246887289478,nan,nan,NO_WELD
63.912,0.0,0.0,0.0,0.0,0.0013,0.0,-0.0013,0.0,771,0,0.7145,0.0,-7.031246887289478,nan,nan,NO_WELD
63.962,0.0,0.0,0.0,0.0,0.001,0.0,-0.001,0.0,771,0,0.7145,0.0,-7.031246887289478,nan,nan,NO_WELD
64.012,0.0,0.0,0.0,0.0,0.001,0.0,-0.001,0.0,771,0,0.7145,0.0,-7.031246887289478,nan,nan,NO_WELD
64.063,0.0,0.0,0.0,0.0,0.001,0.0,-0.001,0.0,771,0,0.7145,0.0,-7.031246887289478,nan,nan,NO_WELD
64.112,0.0,0.0,0.0,0.0,0.0,0.0,0.0,0.0,771,0,0.7145,0.0,-7.031246887289478,nan,nan,NO_WELD
64.162,0.0,0.0,0.0,0.0,0.0,0.0,0.0,0.0,771,0,0.7145,0.0,-7.031246887289478,nan,nan,NO_WELD
64.212,0.005,0.05,0.0125,-0.0024999999999999996,0.0,0.0,0.0125,-0.0025,771,0,0.7145,0.0,-6.328121600918977,-6.328121600918977,0.0,WELD_FOUND
64.262,0.005,0.05,0.0125,-0.0024999999999999996,0.0,0.0,0.0125,-0.0025,771,0,0.7145,0.0,-6.328121600918977,-6.328121600918977,0.0,WELD_FOUND
64.312,0.0,0.0,0.0,0.0,0.0,0.0,0.0,0.0,771,0,0.7145,0.0,-6.328121600918977,nan,nan,NO_WELD
64.362,0.0,0.0,0.0,0.0,0.0,0.0,0.0,0.0,771,0,0.7145,0.0,-6.328121600918977,nan,nan,NO_WELD
64.412,0.0,0.0,0.0,0.0,0.0,0.0,0.0,0.0,771,0,0.7145,0.0,-6.328121600918977,nan,nan,NO_WELD
64.462,0.0,0.0,0.0,0.0,0.0,0.0,0.0,0.0,771,0,0.7145,0.0,-6.328121600918977,nan,nan,NO_WELD
64.512,0.0,0.0,0.0,0.0,0.0,0.0,0.0,0.0,771,0,0.7145,0.0,-6.328121600918977,nan,nan,NO_WELD
64.562,0.0,0.0,0.0,0.0,0.0,0.0,0.0,0.0,771,0,0.7145,0.0,-6.328121600918977,nan,nan,NO_WELD
64.612,0.0,0.0,0.0,0.0,0.0,0.0,0.0,0.0,771,0,0.7145,0.0,-6.328121600918977,nan,nan,NO_WELD
64.662,0.0,0.0,0.0,0.0,0.0,0.0,0.0,0.0,771,0,0.7145,0.0,-6.328121600918977,nan,nan,NO_WELD
64.712,0.0,0.0,0.0,0.0,0.0,0.0,0.0,0.0,771,0,0.7145,0.0,-6.328121600918977,nan,nan,NO_WELD
64.762,0.0,0.0,0.0,0.0,0.0,0.0,0.0,0.0,771,0,0.7145,0.0,-6.328121600918977,nan,nan,NO_WELD
64.812,0.0,0.0,0.0,0.0,0.0,0.0,0.0,0.0,771,0,0.7145,0.0,-6.328121600918977,nan,nan,NO_WELD
64.862,0.0,0.0,0.0,0.0,0.0,0.0,0.0,0.0,771,0,0.7145,0.0,-6.328121600918977,nan,nan,NO_WELD
64.912,0.0,0.0,0.0,0.0,0.0,0.0,0.0,0.0,771,0,0.7145,0.0,-6.328121600918977,nan,nan,NO_WELD
64.962,0.0,0.0,0.0,0.0,0.0,0.0,0.0,0.0,771,0,0.7145,0.0,-6.328121600918977,nan,nan,NO_WELD
65.012,0.0,0.0,0.0,0.0,0.0,0.0,0.0,0.0,771,0,0.7145,0.0,-6.328121600918977,nan,nan,NO_WELD
65.063,0.0,0.0,0.0,0.0,0.0,0.0,0.0,0.0,771,0,0.7145,0.0,-6.328121600918977,nan,nan,NO_WELD
65.112,0.0,0.0,0.0,0.0,0.0,0.0,0.0,0.0,771,0,0.7145,0.0,-5.9765593846205505,-5.9765593846205505,0.0,WELD_FOUND
65.162,0.0,0.0,0.0,0.0,0.0,0.0,0.0,0.0,771,0,0.7145,0.0,-5.9765593846205505,-5.9765593846205505,0.0,WELD_FOUND
65.212,0.0,0.0,0.0,0.0,0.0,0.0,0.0,0.0,771,0,0.7145,0.0,-5.9765593846205505,nan,nan,NO_WELD
65.262,0.0,0.0,0.0,0.0,0.0,0.0,0.0,0.0,771,0,0.7145,0.0,-5.9765593846205505,nan,nan,NO_WELD
65.312,0.005,0.05,0.0125,-0.0024999999999999996,0.0,0.0,0.0125,-0.0025,771,0,0.7145,0.0,-6.6796842441042275,-6.6796842441042275,0.0,WELD_FOUND
65.362,0.005,0.05,0.0125,-0.0024999999999999996,0.0,0.0,0.0125,-0.0025,771,0,0.7145,0.0,-6.6796842441042275,-6.6796842441042275,0.0,WELD_FOUND
65.412,0.0,0.0,0.0,0.0,0.0,0.0,0.0,0.0,771,0,0.7145,0.0,-6.6796842441042275,nan,nan,NO_WELD
65.462,0.0,0.0,0.0,0.0,0.0,0.0,0.0,0.0,771,0,0.7145,0.0,-6.6796842441042275,nan,nan,NO_WELD
65.512,0.0,0.0,0.0,0.0,0.0,0.0,0.0,0.0,771,0,0.7145,0.0,-6.6796842441042275,nan,nan,NO_WELD
65.562,0.0,0.0,0.0,0.0,0.0,0.0,0.0,0.0,771,0,0.7145,0.0,-6.6796842441042275,nan,nan,NO_WELD
65.612,0.0,0.0,0.0,0.0,0.0,0.0,0.0,0.0,771,0,0.7145,0.0,-6.6796842441042275,nan,nan,NO_WELD
65.662,0.0,0.0,0.0,0.0,0.0,0.0,0.0,0.0,771,0,0.7145,0.0,-6.6796842441042275,nan,nan,NO_WELD
65.712,0.0,0.0,0.0,0.0,0.0,0.0,0.0,0.0,771,0,0.7145,0.0,-6.6796842441042275,nan,nan,NO_WELD
65.762,0.0,0.0,0.0,0.0,0.0,0.0,0.0,0.0,771,0,0.7145,0.0,-6.6796842441042275,nan,nan,NO_WELD
65.812,0.0,0.0,0.0,0.0,0.0,0.0,0.0,0.0,771,0,0.7145,0.0,-6.6796842441042275,nan,nan,NO_WELD
65.862,0.0,0.0,0.0,0.0,0.0,0.0,0.0,0.0,771,0,0.7145,0.0,-6.6796842441042275,nan,nan,NO_WELD
65.912,0.0,0.0,0.0,0.0,0.0,0.0,0.0,0.0,771,0,0.7145,0.0,-6.6796842441042275,nan,nan,NO_WELD
65.962,0.0,0.0,0.0,0.0,0.0,0.0,0.0,0.0,771,0,0.7145,0.0,-6.6796842441042275,nan,nan,NO_WELD
66.012,0.005665826034919736,0.05,0.013165826034919736,-0.0018341739650802637,0.0,0.0,0.0132,-0.0018,771,0,0.7145,0.0,-5.9765593846205505,-5.9765593846205505,0.0,WELD_FOUND
66.063,0.005665826034919736,0.05,0.013165826034919736,-0.0018341739650802637,0.0,0.0,0.0132,-0.0018,771,0,0.7145,0.0,-5.9765593846205505,-5.9765593846205505,0.0,WELD_FOUND
66.112,0.0,0.0,0.0,0.0,0.0,0.0,0.0,0.0,771,0,0.7145,0.0,-5.9765593846205505,nan,nan,NO_WELD
66.162,0.0,0.0,0.0,0.0,0.0,0.0,0.0,0.0,771,0,0.7145,0.0,-5.9765593846205505,nan,nan,NO_WELD
66.212,0.0,0.0,0.0,0.0,0.0,0.0,0.0,0.0,771,0,0.7145,0.0,-5.9765593846205505,nan,nan,NO_WELD
66.262,0.0,0.0,0.0,0.0,0.0,0.0,0.0,0.0,771,0,0.7145,0.0,-5.9765593846205505,nan,nan,NO_WELD
66.312,0.007360798700161156,0.05,0.014860798700161156,-0.0001392012998388441,0.0,0.0,0.0149,-0.0001,771,0,0.7145,0.0,-5.273434098250051,-5.273434098250051,0.0,WELD_FOUND
66.362,0.007360798700161156,0.05,0.014860798700161156,-0.0001392012998388441,0.0,0.0,0.0149,-0.0001,771,0,0.7145,0.0,-5.273434098250051,-5.273434098250051,0.0,WELD_FOUND
66.412,0.008679061685873086,0.1,0.023679061685873085,-0.006320938314126914,0.0,0.0,0.0237,-0.0063,771,0,0.7145,0.0,-4.570309238766374,-4.921871881951623,0.35156264318524943,WELD_FOUND
66.462,0.008679061685873086,0.1,0.023679061685873085,-0.006320938314126914,0.0,0.0,0.0237,-0.0063,771,0,0.7145,0.0,-4.570309238766374,-4.921871881951623,0.35156264318524943,WELD_FOUND
66.512,0.0,0.0,0.0,0.0,0.0,0.0,0.0,0.0,771,0,0.7145,0.0,-4.570309238766374,nan,nan,NO_WELD
66.562,0.0,0.0,0.0,0.0,0.0,0.0,0.0,0.0,771,0,0.7145,0.0,-4.570309238766374,nan,nan,NO_WELD
66.612,0.0,0.0,0.0,0.0,0.0,0.0,0.0,0.0,772,0,0.7155,0.0,-4.570309238766374,nan,nan,NO_WELD
66.662,0.0,0.0,0.0,0.0,0.0025,0.0,-0.0025,0.0,772,0,0.7155,0.0,-4.570309238766374,nan,nan,NO_WELD
66.712,0.0,0.0,0.0,0.0,0.0025,0.0,-0.0025,0.0,772,0,0.7155,0.0,-4.570309238766374,nan,nan,NO_WELD
66.762,0.0,0.0,0.0,0.0,0.002,0.0,-0.002,0.0,772,0,0.7155,0.0,-4.570309238766374,nan,nan,NO_WELD
66.812,0.0,0.0,0.0,0.0,0.002,0.0,-0.002,0.0,772,0,0.7155,0.0,-4.570309238766374,nan,nan,NO_WELD
66.862,0.0,0.0,0.0,0.0,0.0016,0.0,-0.0016,0.0,772,0,0.7155,0.0,-4.570309238766374,nan,nan,NO_WELD
66.912,0.0,0.0,0.0,0.0,0.0016,0.0,-0.0016,0.0,772,0,0.7155,0.0,-4.570309238766374,nan,nan,NO_WELD
66.962,0.0,0.0,0.0,0.0,0.0016,0.0,-0.0016,0.0,772,0,0.7155,0.0,-4.570309238766374,nan,nan,NO_WELD
67.012,0.0,0.0,0.0,0.0,0.0013,0.0,-0.0013,0.0,772,0,0.7155,0.0,-4.570309238766374,nan,nan,NO_WELD
67.063,0.0,0.0,0.0,0.0,0.0013,0.0,-0.0013,0.0,772,0,0.7155,0.0,-4.570309238766374,nan,nan,NO_WELD
67.112,0.0,0.0,0.0,0.0,0.0013,0.0,-0.0013,0.0,772,0,0.7155,0.0,-4.570309238766374,nan,nan,NO_WELD
67.162,0.0,0.0,0.0,0.0,0.001,0.0,-0.001,0.0,772,0,0.7155,0.0,-4.570309238766374,nan,nan,NO_WELD
67.212,0.0,0.0,0.0,0.0,0.001,0.0,-0.001,0.0,772,0,0.7155,0.0,-4.570309238766374,nan,nan,NO_WELD
67.262,0.0,0.0,0.0,0.0,0.001,0.0,-0.001,0.0,772,0,0.7155,0.0,-4.570309238766374,nan,nan,NO_WELD
67.312,0.013163999603199958,0.05,0.020663999603199958,0.005663999603199958,0.0,0.0,0.0207,0.0057,772,0,0.7155,0.0,-3.8671843792826963,-3.8671843792826963,0.0,WELD_FOUND
67.362,0.013163999603199958,0.05,0.020663999603199958,0.005663999603199958,0.0,0.0,0.0207,0.0057,772,0,0.7155,0.0,-3.8671843792826963,-3.8671843792826963,0.0,WELD_FOUND
67.412,0.011984288004401345,0.1,0.026984288004401343,-0.0030157119955986546,0.0037,0.0,0.0233,-0.003,773,0,0.7164,0.0,-4.570309238766374,-4.218746595581123,-0.3515626431852503,WELD_FOUND
67.462,0.011984288004401345,0.1,0.026984288004401343,-0.0030157119955986546,0.0037,0.0,0.0233,-0.003,773,0,0.7164,0.0,-4.570309238766374,-4.218746595581123,-0.3515626431852503,WELD_FOUND
67.512,0.0,0.0,0.0,0.0,0.0037,0.0,-0.0037,0.0,775,0,0.7182,0.0,-4.570309238766374,nan,nan,NO_WELD
67.562,0.0,0.0,0.0,0.0,0.0072,0.0,-0.0072,0.0,775,0,0.7182,0.0,-4.570309238766374,nan,nan,NO_WELD
67.612,0.0,0.0,0.0,0.0,0.0072,0.0,-0.0072,0.0,775,0,0.7182,0.0,-4.570309238766374,nan,nan,NO_WELD
67.662,0.0,0.0,0.0,0.0,0.0072,0.0,-0.0072,0.0,775,0,0.7182,0.0,-4.570309238766374,nan,nan,NO_WELD
67.712,0.0,0.0,0.0,0.0,0.0057,0.0,-0.0057,0.0,775,0,0.7182,0.0,-4.570309238766374,nan,nan,NO_WELD
67.762,0.0,0.0,0.0,0.0,0.0057,0.0,-0.0057,0.0,775,0,0.7182,0.0,-4.570309238766374,nan,nan,NO_WELD
67.812,0.0,0.0,0.0,0.0,0.0046,0.0,-0.0046,0.0,775,0,0.7182,0.0,-4.570309238766374,nan,nan,NO_WELD
67.862,0.0,0.0,0.0,0.0,0.0046,0.0,-0.0046,0.0,775,0,0.7182,0.0,-4.570309238766374,nan,nan,NO_WELD
67.912,0.0,0.0,0.0,0.0,0.0046,0.0,-0.0046,0.0,775,0,0.7182,0.0,-4.570309238766374,nan,nan,NO_WELD
67.962,0.0,0.0,0.0,0.0,0.0037,0.0,-0.0037,0.0,775,0,0.7182,0.0,-4.570309238766374,nan,nan,NO_WELD
68.012,0.0,0.0,0.0,0.0,0.0037,0.0,-0.0037,0.0,775,0,0.7182,0.0,-4.570309238766374,nan,nan,NO_WELD
68.063,0.0,0.0,0.0,0.0,0.0037,0.0,-0.0037,0.0,775,0,0.7182,0.0,-4.570309238766374,nan,nan,NO_WELD
68.112,0.0,0.0,0.0,0.0,0.0029,0.0,-0.0029,0.0,775,0,0.7182,0.0,-4.570309238766374,nan,nan,NO_WELD
68.162,0.0,0.0,0.0,0.0,0.0029,0.0,-0.0029,0.0,775,0,0.7182,0.0,-4.570309238766374,nan,nan,NO_WELD
68.212,0.0,0.0,0.0,0.0,0.0023,0.0,-0.0023,0.0,775,0,0.7182,0.0,-4.570309238766374,nan,nan,NO_WELD
68.262,0.0,0.0,0.0,0.0,0.0023,0.0,-0.0023,0.0,775,0,0.7182,0.0,-4.570309238766374,nan,nan,NO_WELD
68.312,0.0,0.0,0.0,0.0,0.0023,0.0,-0.0023,0.0,775,0,0.7182,0.0,-4.570309238766374,-4.570309238766374,0.0,WELD_FOUND
68.362,0.0,0.0,0.0,0.0,0.0019,0.0,-0.0019,0.0,775,0,0.7182,0.0,-4.570309238766374,-4.570309238766374,0.0,WELD_FOUND
68.412,0.010997461044970567,0.05,0.01849746104497057,0.0034974610449705675,0.0019,0.0,0.0166,0.0035,775,0,0.7182,0.0,-4.218746595581123,-4.394527917173749,0.17578132159262516,WELD_FOUND
68.462,0.010997461044970567,0.05,0.01849746104497057,0.0034974610449705675,0.0019,0.0,0.0166,0.0035,775,0,0.7182,0.0,-4.218746595581123,-4.394527917173749,0.17578132159262516,WELD_FOUND
68.512,0.0,0.0,0.0,0.0,0.0036,0.0,-0.0036,0.0,776,0,0.7192,0.0,-4.218746595581123,nan,nan,NO_WELD
68.562,0.0,0.0,0.0,0.0,0.0036,0.0,-0.0036,0.0,776,0,0.7192,0.0,-4.218746595581123,nan,nan,NO_WELD
68.612,0.0,0.0,0.0,0.0,0.0059,0.0,-0.0059,0.0,777,0,0.7201,0.0,-4.218746595581123,nan,nan,NO_WELD
68.662,0.0,0.0,0.0,0.0,0.0059,0.0,-0.0059,0.0,777,0,0.7201,0.0,-4.218746595581123,nan,nan,NO_WELD
68.712,0.0,0.0,0.0,0.0,0.0059,0.0,-0.0059,0.0,777,0,0.7201,0.0,-4.218746595581123,nan,nan,NO_WELD
68.762,0.0,0.0,0.0,0.0,0.0047,0.0,-0.0047,0.0,777,0,0.7201,0.0,-4.218746595581123,nan,nan,NO_WELD
68.812,0.0,0.0,0.0,0.0,0.0047,0.0,-0.0047,0.0,777,0,0.7201,0.0,-4.218746595581123,nan,nan,NO_WELD
68.862,0.0,0.0,0.0,0.0,0.0038,0.0,-0.0038,0.0,777,0,0.7201,0.0,-4.218746595581123,nan,nan,NO_WELD
68.912,0.0,0.0,0.0,0.0,0.0038,0.0,-0.0038,0.0,777,0,0.7201,0.0,-4.218746595581123,nan,nan,NO_WELD
68.962,0.0,0.0,0.0,0.0,0.0038,0.0,-0.0038,0.0,777,0,0.7201,0.0,-4.218746595581123,nan,nan,NO_WELD
69.012,0.014716506514280164,0.05,0.022216506514280164,0.007216506514280165,0.003,0.0,0.0192,0.0072,777,0,0.7201,0.0,-3.5156217360974464,-3.5156217360974464,0.0,WELD_FOUND
69.063,0.014716506514280164,0.05,0.022216506514280164,0.007216506514280165,0.003,0.0,0.0192,0.0072,777,0,0.7201,0.0,-3.5156217360974464,-3.5156217360974464,0.0,WELD_FOUND
69.112,0.016020804574354366,0.1,0.031020804574354365,0.0010208045743543663,0.0055,0.0,0.0255,0.001,778,0,0.721,0.0,-2.8124966631703576,-3.164059092912196,0.3515624297418385,WELD_FOUND
69.162,0.016020804574354366,0.1,0.031020804574354365,0.0010208045743543663,0.0055,0.0,0.0255,0.001,778,0,0.721,0.0,-2.8124966631703576,-3.164059092912196,0.3515624297418385,WELD_FOUND
69.212,0.017659051300704897,0.11746436081520185,0.035278705422985175,3.939717842461887e-05,0.0144,0.0,0.0209,0.0,781,0,0.7238,0.0,-2.460934233428519,-2.8124966631703576,0.3515624297418385,WELD_FOUND
69.262,0.017659051300704897,0.11746436081520185,0.035278705422985175,3.939717842461887e-05,0.0144,0.0,0.0209,0.0,781,0,0.7238,0.0,-2.460934233428519,-2.8124966631703576,0.3515624297418385,WELD_FOUND
69.312,0.0,0.0,0.0,0.0,0.0144,0.0,-0.0144,0.0,784,0,0.7266,0.0,-2.460934233428519,nan,nan,NO_WELD
69.362,0.0,0.0,0.0,0.0,0.0161,0.0,-0.0161,0.0,784,0,0.7266,0.0,-2.460934233428519,nan,nan,NO_WELD
69.412,0.0,0.0,0.0,0.0,0.0161,0.0,-0.0161,0.0,784,0,0.7266,0.0,-2.460934233428519,nan,nan,NO_WELD
69.462,0.0,0.0,0.0,0.0,0.0129,0.0,-0.0129,0.0,784,0,0.7266,0.0,-2.460934233428519,nan,nan,NO_WELD
69.512,0.0,0.0,0.0,0.0,0.0129,0.0,-0.0129,0.0,784,0,0.7266,0.0,-2.460934233428519,nan,nan,NO_WELD
69.562,0.0,0.0,0.0,0.0,0.0129,0.0,-0.0129,0.0,784,0,0.7266,0.0,-2.460934233428519,nan,nan,NO_WELD
69.612,0.0,0.0,0.0,0.0,0.0103,0.0,-0.0103,0.0,784,0,0.7266,0.0,-2.460934233428519,-2.460934233428519,0.0,WELD_FOUND
69.662,0.0,0.0,0.0,0.0,0.0103,0.0,-0.0103,0.0,784,0,0.7266,0.0,-2.460934233428519,-2.460934233428519,0.0,WELD_FOUND
69.712,0.02083160295781396,0.05,0.02833160295781396,0.013331602957813962,0.0103,0.0,0.018,0.0133,784,0,0.7266,0.0,-2.1093715902432693,-2.285152911835894,0.17578132159262472,WELD_FOUND
69.762,0.02083160295781396,0.05,0.02833160295781396,0.013331602957813962,0.0082,0.0,0.0201,0.0133,784,0,0.7266,0.0,-2.1093715902432693,-2.285152911835894,0.17578132159262472,WELD_FOUND
69.812,0.020079093780626833,0.1,0.03507909378062683,0.005079093780626834,0.0082,0.0,0.0268,0.0051,786,0,0.7284,0.0,-2.460934233428519,-2.460934233428519,0.0,WELD_FOUND
69.862,0.020079093780626833,0.1,0.03507909378062683,0.005079093780626834,0.0124,0.0,0.0227,0.0051,786,0,0.7284,0.0,-2.460934233428519,-2.460934233428519,0.0,WELD_FOUND
69.912,0.0,0.0,0.0,0.0,0.0124,0.0,-0.0124,0.0,790,0,0.7321,0.0,-2.460934233428519,nan,nan,NO_WELD
69.962,0.0,0.0,0.0,0.0,0.0124,0.0,-0.0124,0.0,790,0,0.7321,0.0,-2.460934233428519,nan,nan,NO_WELD
70.012,0.018472301061360993,0.05,0.025972301061360992,0.010972301061360993,0.0173,0.0,0.0087,0.011,790,0,0.7321,0.0,-2.8124966631703576,-2.8124966631703576,0.0,WELD_FOUND
70.063,0.018472301061360993,0.05,0.025972301061360992,0.010972301061360993,0.0173,0.0,0.0087,0.011,790,0,0.7321,0.0,-2.8124966631703576,-2.8124966631703576,0.0,WELD_FOUND
70.112,0.0,0.0,0.0,0.0,0.0141,0.0,-0.0141,0.0,791,0,0.7331,0.0,-2.8124966631703576,nan,nan,NO_WELD
70.162,0.0,0.0,0.0,0.0,0.0141,0.0,-0.0141,0.0,791,0,0.7331,0.0,-2.8124966631703576,nan,nan,NO_WELD
70.212,0.0,0.0,0.0,0.0,0.0141,0.0,-0.0141,0.0,793,0,0.7349,0.0,-2.8124966631703576,nan,nan,NO_WELD
70.262,0.0,0.0,0.0,0.0,0.0134,0.0,-0.0134,0.0,793,0,0.7349,0.0,-2.8124966631703576,nan,nan,NO_WELD
70.312,0.0,0.0,0.0,0.0,0.0134,0.0,-0.0134,0.0,793,0,0.7349,0.0,-2.8124966631703576,nan,nan,NO_WELD
70.362,0.0,0.0,0.0,0.0,0.0107,0.0,-0.0107,0.0,793,0,0.7349,0.0,-2.8124966631703576,nan,nan,NO_WELD
70.412,0.0,0.0,0.0,0.0,0.0107,0.0,-0.0107,0.0,793,0,0.7349,0.0,-2.8124966631703576,nan,nan,NO_WELD
70.462,0.0,0.0,0.0,0.0,0.0086,0.0,-0.0086,0.0,793,0,0.7349,0.0,-2.8124966631703576,nan,nan,NO_WELD
70.512,0.0,0.0,0.0,0.0,0.0086,0.0,-0.0086,0.0,793,0,0.7349,0.0,-2.8124966631703576,nan,nan,NO_WELD
70.561,0.0,0.0,0.0,0.0,0.0086,0.0,-0.0086,0.0,793,0,0.7349,0.0,-2.8124966631703576,nan,nan,NO_WELD
70.612,0.0,0.0,0.0,0.0,0.0069,0.0,-0.0069,0.0,793,0,0.7349,0.0,-2.8124966631703576,nan,nan,NO_WELD
70.662,0.0,0.0,0.0,0.0,0.0069,0.0,-0.0069,0.0,793,0,0.7349,0.0,-2.8124966631703576,nan,nan,NO_WELD
70.712,0.0,0.0,0.0,0.0,0.0055,0.0,-0.0055,0.0,793,0,0.7349,0.0,-2.8124966631703576,nan,nan,NO_WELD
70.762,0.0,0.0,0.0,0.0,0.0055,0.0,-0.0055,0.0,793,0,0.7349,0.0,-2.8124966631703576,nan,nan,NO_WELD
70.812,0.016355530829818745,0.05,0.023855530829818745,0.008855530829818745,0.0044,0.0,0.0195,0.0089,793,0,0.7349,0.0,-3.164059092912196,-3.164059092912196,0.0,WELD_FOUND
70.862,0.016355530829818745,0.05,0.023855530829818745,0.008855530829818745,0.0044,0.0,0.0195,0.0089,793,0,0.7349,0.0,-3.164059092912196,-3.164059092912196,0.0,WELD_FOUND
70.912,0.0,0.0,0.0,0.0,0.0044,0.0,-0.0044,0.0,794,0,0.7359,0.0,-3.164059092912196,nan,nan,NO_WELD
70.962,0.0,0.0,0.0,0.0,0.0051,0.0,-0.0051,0.0,794,0,0.7359,0.0,-3.164059092912196,nan,nan,NO_WELD
71.012,0.0,0.0,0.0,0.0,0.0051,0.0,-0.0051,0.0,796,0,0.7377,0.0,-3.164059092912196,nan,nan,NO_WELD
71.063,0.0,0.0,0.0,0.0,0.0051,0.0,-0.0051,0.0,796,0,0.7377,0.0,-3.164059092912196,nan,nan,NO_WELD
71.112,0.0,0.0,0.0,0.0,0.008,0.0,-0.008,0.0,796,0,0.7377,0.0,-3.164059092912196,nan,nan,NO_WELD
71.162,0.0,0.0,0.0,0.0,0.008,0.0,-0.008,0.0,796,0,0.7377,0.0,-3.164059092912196,nan,nan,NO_WELD
71.212,0.0,0.0,0.0,0.0,0.008,0.0,-0.008,0.0,796,0,0.7377,0.0,-3.164059092912196,nan,nan,NO_WELD
71.262,0.0,0.0,0.0,0.0,0.0064,0.0,-0.0064,0.0,796,0,0.7377,0.0,-3.164059092912196,nan,nan,NO_WELD
71.312,0.0,0.0,0.0,0.0,0.0064,0.0,-0.0064,0.0,796,0,0.7377,0.0,-3.164059092912196,nan,nan,NO_WELD
71.362,0.0,0.0,0.0,0.0,0.0064,0.0,-0.0064,0.0,796,0,0.7377,0.0,-3.164059092912196,nan,nan,NO_WELD
71.412,0.0,0.0,0.0,0.0,0.0051,0.0,-0.0051,0.0,796,0,0.7377,0.0,-3.164059092912196,nan,nan,NO_WELD
71.462,0.0,0.0,0.0,0.0,0.0051,0.0,-0.0051,0.0,796,0,0.7377,0.0,-3.164059092912196,nan,nan,NO_WELD
71.512,0.014716506514280164,0.05,0.022216506514280164,0.007216506514280165,0.0051,0.0,0.0171,0.0072,796,0,0.7377,0.0,-3.5156217360974464,-3.5156217360974464,0.0,WELD_FOUND
71.562,0.014716506514280164,0.05,0.022216506514280164,0.007216506514280165,0.0041,0.0,0.0181,0.0072,796,0,0.7377,0.0,-3.5156217360974464,-3.5156217360974464,0.0,WELD_FOUND
71.612,0.0,0.0,0.0,0.0,0.0041,0.0,-0.0041,0.0,798,0,0.7396,0.0,-3.5156217360974464,nan,nan,NO_WELD
71.662,0.0,0.0,0.0,0.0,0.0099,0.0,-0.0099,0.0,798,0,0.7396,0.0,-3.5156217360974464,nan,nan,NO_WELD
71.712,0.0,0.0,0.0,0.0,0.0099,0.0,-0.0099,0.0,798,0,0.7396,0.0,-3.5156217360974464,nan,nan,NO_WELD
71.762,0.0,0.0,0.0,0.0,0.0099,0.0,-0.0099,0.0,798,0,0.7396,0.0,-3.5156217360974464,nan,nan,NO_WELD
71.812,0.017380472930980453,0.05,0.024880472930980453,0.009880472930980454,0.0079,0.0,0.017,0.0099,798,0,0.7396,0.0,-2.8124966631703576,-2.8124966631703576,0.0,WELD_FOUND
71.862,0.017380472930980453,0.05,0.024880472930980453,0.009880472930980454,0.0079,0.0,0.017,0.0099,798,0,0.7396,0.0,-2.8124966631703576,-2.8124966631703576,0.0,WELD_FOUND
71.912,0.0,0.0,0.0,0.0,0.0079,0.0,-0.0079,0.0,800,0,0.7414,0.0,-2.8124966631703576,nan,nan,NO_WELD
71.962,0.0,0.0,0.0,0.0,0.0097,0.0,-0.0097,0.0,800,0,0.7414,0.0,-2.8124966631703576,nan,nan,NO_WELD
72.012,0.017939844344833797,0.05,0.025439844344833797,0.010439844344833797,0.0097,0.0,0.0158,0.0104,800,0,0.7414,0.0,-2.8124966631703576,-2.8124966631703576,0.0,WELD_FOUND
72.063,0.017939844344833797,0.05,0.025439844344833797,0.010439844344833797,0.0097,0.0,0.0158,0.0104,800,0,0.7414,0.0,-2.8124966631703576,-2.8124966631703576,0.0,WELD_FOUND
72.112,0.019494399303514896,0.1,0.034494399303514896,0.004494399303514897,0.0083,0.0,0.0262,0.0045,801,0,0.7423,0.0,-2.1093715902432693,-2.460934233428519,0.3515626431852499,WELD_FOUND
72.162,0.019494399303514896,0.1,0.034494399303514896,0.004494399303514897,0.0083,0.0,0.0262,0.0045,801,0,0.7423,0.0,-2.1093715902432693,-2.460934233428519,0.3515626431852499,WELD_FOUND
72.212,0.0,0.0,0.0,0.0,0.0198,0.0,-0.0198,0.0,805,0,0.746,0.0,-2.1093715902432693,nan,nan,NO_WELD
72.262,0.0,0.0,0.0,0.0,0.0198,0.0,-0.0198,0.0,805,0,0.746,0.0,-2.1093715902432693,nan,nan,NO_WELD
72.312,0.0,0.0,0.0,0.0,0.0193,0.0,-0.0193,0.0,807,0,0.7479,0.0,-2.1093715902432693,nan,nan,NO_WELD
72.362,0.0,0.0,0.0,0.0,0.0193,0.0,-0.0193,0.0,807,0,0.7479,0.0,-2.1093715902432693,nan,nan,NO_WELD
72.412,0.0,0.0,0.0,0.0,0.0154,0.0,-0.0154,0.0,807,0,0.7479,0.0,-2.1093715902432693,nan,nan,NO_WELD
72.462,0.0,0.0,0.0,0.0,0.0154,0.0,-0.0154,0.0,807,0,0.7479,0.0,-2.1093715902432693,nan,nan,NO_WELD
72.512,0.0,0.0,0.0,0.0,0.0154,0.0,-0.0154,0.0,807,0,0.7479,0.0,-2.1093715902432693,nan,nan,NO_WELD
72.562,0.0,0.0,0.0,0.0,0.0123,0.0,-0.0123,0.0,807,0,0.7479,0.0,-2.1093715902432693,nan,nan,NO_WELD
72.612,0.0,0.0,0.0,0.0,0.0123,0.0,-0.0123,0.0,807,0,0.7479,0.0,-2.1093715902432693,nan,nan,NO_WELD
72.662,0.0,0.0,0.0,0.0,0.0099,0.0,-0.0099,0.0,807,0,0.7479,0.0,-2.1093715902432693,nan,nan,NO_WELD
72.712,0.0,0.0,0.0,0.0,0.0099,0.0,-0.0099,0.0,807,0,0.7479,0.0,-2.1093715902432693,nan,nan,NO_WELD
72.762,0.0,0.0,0.0,0.0,0.0079,0.0,-0.0079,0.0,807,0,0.7479,0.0,-2.1093715902432693,nan,nan,NO_WELD
72.812,0.0,0.0,0.0,0.0,0.0079,0.0,-0.0079,0.0,807,0,0.7479,0.0,-2.1093715902432693,nan,nan,NO_WELD
72.862,0.0,0.0,0.0,0.0,0.0063,0.0,-0.0063,0.0,807,0,0.7479,0.0,-2.1093715902432693,nan,nan,NO_WELD
72.912,0.0,0.0,0.0,0.0,0.0063,0.0,-0.0063,0.0,807,0,0.7479,0.0,-2.8124966631703576,-2.8124966631703576,0.0,WELD_FOUND
72.962,0.0,0.0,0.0,0.0,0.0063,0.0,-0.0063,0.0,807,0,0.7479,0.0,-2.8124966631703576,-2.8124966631703576,0.0,WELD_FOUND
73.012,0.019893129421441513,0.05,0.027393129421441512,0.012393129421441513,0.0051,0.0,0.0223,0.0124,807,0,0.7479,0.0,-2.1093715902432693,-2.460934233428519,0.3515626431852499,WELD_FOUND
73.063,0.019893129421441513,0.05,0.027393129421441512,0.012393129421441513,0.0051,0.0,0.0223,0.0124,807,0,0.7479,0.0,-2.1093715902432693,-2.460934233428519,0.3515626431852499,WELD_FOUND
73.112,0.019893129421441513,0.1,0.034893129421441516,0.004893129421441513,0.0051,0.0,0.0298,0.0049,807,0,0.7479,0.0,-2.460934233428519,-2.460934233428519,0.0,WELD_FOUND
73.162,0.019893129421441513,0.1,0.034893129421441516,0.004893129421441513,0.008,0.0,0.0269,0.0049,809,0,0.7498,0.0,-2.460934233428519,-2.460934233428519,0.0,WELD_FOUND
73.212,0.0,0.0,0.0,0.0,0.008,0.0,-0.008,0.0,809,0,0.7498,0.0,-2.460934233428519,nan,nan,NO_WELD
73.262,0.0,0.0,0.0,0.0,0.008,0.0,-0.008,0.0,814,0,0.7544,0.0,-2.460934233428519,nan,nan,NO_WELD
73.312,0.02140506916817244,0.05,0.02890506916817244,0.01390506916817244,0.0171,0.0,0.0118,0.0139,814,0,0.7544,0.0,-2.1093715902432693,-2.1093715902432693,0.0,WELD_FOUND
73.362,0.02140506916817244,0.05,0.02890506916817244,0.01390506916817244,0.0171,0.0,0.0118,0.0139,815,0,0.7553,0.0,-2.1093715902432693,-2.1093715902432693,0.0,WELD_FOUND
73.412,0.0,0.0,0.0,0.0,0.0171,0.0,-0.0171,0.0,815,0,0.7553,0.0,-2.1093715902432693,nan,nan,NO_WELD
73.462,0.0,0.0,0.0,0.0,0.0202,0.0,-0.0202,0.0,818,0,0.7581,0.0,-2.1093715902432693,nan,nan,NO_WELD
73.512,0.020191087679679427,0.05,0.027691087679679427,0.012691087679679428,0.0202,0.0,0.0075,0.0127,818,0,0.7581,0.0,-2.460934233428519,-2.460934233428519,0.0,WELD_FOUND
73.562,0.020191087679679427,0.05,0.027691087679679427,0.012691087679679428,0.0202,0.0,0.0075,0.0127,818,0,0.7581,0.0,-2.460934233428519,-2.460934233428519,0.0,WELD_FOUND
73.612,0.0,0.0,0.0,0.0,0.0161,0.0,-0.0161,0.0,818,0,0.7581,0.0,-2.460934233428519,nan,nan,NO_WELD
73.662,0.0,0.0,0.0,0.0,0.0161,0.0,-0.0161,0.0,819,0,0.759,0.0,-2.460934233428519,nan,nan,NO_WELD
73.712,0.0,0.0,0.0,0.0,0.0161,0.0,-0.0161,0.0,819,0,0.759,0.0,-2.460934233428519,nan,nan,NO_WELD
73.762,0.0,0.0,0.0,0.0,0.0171,0.0,-0.0171,0.0,821,0,0.7609,0.0,-2.460934233428519,nan,nan,NO_WELD
73.812,0.0,0.0,0.0,0.0,0.0171,0.0,-0.0171,0.0,821,0,0.7609,0.0,-2.460934233428519,nan,nan,NO_WELD
73.862,0.0,0.0,0.0,0.0,0.014,0.0,-0.014,0.0,822,0,0.7618,0.0,-2.460934233428519,nan,nan,NO_WELD
73.912,0.023776798442149943,0.05,0.03127679844214994,0.016276798442149944,0.014,0.0,0.0173,0.0163,822,0,0.7618,0.0,-1.7578091605014305,-1.7578091605014305,0.0,WELD_FOUND
73.962,0.023776798442149943,0.05,0.03127679844214994,0.016276798442149944,0.014,0.0,0.0173,0.0163,822,0,0.7618,0.0,-1.7578091605014305,-1.7578091605014305,0.0,WELD_FOUND
74.012,0.0,0.0,0.0,0.0,0.0112,0.0,-0.0112,0.0,822,0,0.7618,0.0,-1.7578091605014305,nan,nan,NO_WELD
74.063,0.0,0.0,0.0,0.0,0.0112,0.0,-0.0112,0.0,824,0,0.7637,0.0,-1.7578091605014305,nan,nan,NO_WELD
74.112,0.0,0.0,0.0,0.0,0.0141,0.0,-0.0141,0.0,824,0,0.7637,0.0,-1.7578091605014305,nan,nan,NO_WELD
74.162,0.0,0.0,0.0,0.0,0.0141,0.0,-0.0141,0.0,825,0,0.7646,0.0,-1.7578091605014305,nan,nan,NO_WELD
74.212,0.0,0.0,0.0,0.0,0.0122,0.0,-0.0122,0.0,825,0,0.7646,0.0,-1.7578091605014305,nan,nan,NO_WELD
74.262,0.0,0.0,0.0,0.0,0.0122,0.0,-0.0122,0.0,824,0,0.7637,0.0,-1.7578091605014305,nan,nan,NO_WELD
74.312,0.0,0.0,0.0,0.0,0.0122,0.0,-0.0122,0.0,824,0,0.7637,0.0,-1.7578091605014305,nan,nan,NO_WELD
74.362,0.0,0.0,0.0,0.0,0.0048,0.0,-0.0048,0.0,824,0,0.7637,0.0,-1.7578091605014305,nan,nan,NO_WELD
74.412,0.0,0.0,0.0,0.0,0.0048,0.0,-0.0048,0.0,824,0,0.7637,0.0,-1.7578091605014305,nan,nan,NO_WELD
74.462,0.0,0.0,0.0,0.0,0.0039,0.0,-0.0039,0.0,824,0,0.7637,0.0,-1.7578091605014305,nan,nan,NO_WELD
74.512,0.019893129421441513,0.05,0.027393129421441512,0.012393129421441513,0.0039,0.0,0.0235,0.0124,824,0,0.7637,0.0,-2.460934233428519,-2.460934233428519,0.0,WELD_FOUND
74.562,0.019893129421441513,0.05,0.027393129421441512,0.012393129421441513,0.0039,0.0,0.0235,0.0124,824,0,0.7637,0.0,-2.1093715902432693,-2.460934233428519,0.3515626431852499,WELD_FOUND
74.612,0.020642177902450307,0.09747509069498496,0.03526344150669805,0.006020914298202564,0.0031,0.0,0.0322,0.006,824,0,0.7637,0.0,-2.1093715902432693,-2.285152911835894,0.17578132159262472,WELD_FOUND
74.662,0.020642177902450307,0.09747509069498496,0.03526344150669805,0.006020914298202564,0.0031,0.0,0.0322,0.006,826,0,0.7655,0.0,-2.1093715902432693,nan,nan,NO_WELD
74.712,0.0,0.0,0.0,0.0,0.0031,0.0,-0.0031,0.0,826,0,0.7655,0.0,-2.1093715902432693,nan,nan,NO_WELD
74.762,0.0,0.0,0.0,0.0,0.0192,0.0,-0.0192,0.0,831,0,0.7701,0.0,-2.460934233428519,nan,nan,NO_WELD
74.812,0.020041831694866202,0.05,0.027541831694866202,0.012541831694866203,0.0192,0.0,0.0084,0.0125,831,0,0.7701,0.0,-2.460934233428519,-2.460934233428519,0.0,WELD_FOUND
74.862,0.020041831694866202,0.05,0.027541831694866202,0.012541831694866203,0.0152,0.0,0.0124,0.0125,832,0,0.7711,0.0,-2.460934233428519,nan,nan,NO_WELD
74.912,0.0,0.0,0.0,0.0,0.0152,0.0,-0.0152,0.0,832,0,0.7711,0.0,-2.460934233428519,nan,nan,NO_WELD
74.962,0.0,0.0,0.0,0.0,0.0152,0.0,-0.0152,0.0,834,0,0.7729,0.0,-2.460934233428519,nan,nan,NO_WELD
75.012,0.0,0.0,0.0,0.0,0.0141,0.0,-0.0141,0.0,834,0,0.7729,0.0,-2.460934233428519,nan,nan,NO_WELD
75.064,0.0,0.0,0.0,0.0,0.0141,0.0,-0.0141,0.0,835,0,0.7739,0.0,-2.460934233428519,nan,nan,NO_WELD
75.112,0.0,0.0,0.0,0.0,0.0121,0.0,-0.0121,0.0,835,0,0.7739,0.0,-2.460934233428519,nan,nan,NO_WELD
75.162,0.0,0.0,0.0,0.0,0.0121,0.0,-0.0121,0.0,834,0,0.7729,0.0,-2.460934233428519,nan,nan,WELD_FOUND
75.212,0.019893129421441513,0.05,0.027393129421441512,0.012393129421441513,0.0121,0.0,0.0152,0.0124,834,0,0.7729,0.0,-2.460934233428519,-2.460934233428519,0.0,WELD_FOUND
75.262,0.0,0.0,0.0,0.0,0.0048,0.0,-0.0048,0.0,834,0,0.7729,0.0,-2.460934233428519,nan,nan,NO_WELD
75.312,0.0,0.0,0.0,0.0,0.0048,0.0,-0.0048,0.0,834,0,0.7729,0.0,-2.460934233428519,nan,nan,NO_WELD
75.362,0.0,0.0,0.0,0.0,0.0048,0.0,-0.0048,0.0,835,0,0.7739,0.0,-2.460934233428519,nan,nan,NO_WELD
75.412,0.0,0.0,0.0,0.0,0.0054,0.0,-0.0054,0.0,835,0,0.7739,0.0,-2.460934233428519,nan,nan,NO_WELD
75.462,0.0,0.0,0.0,0.0,0.0054,0.0,-0.0054,0.0,835,0,0.7739,0.0,-2.460934233428519,nan,nan,NO_WELD
75.512,0.0,0.0,0.0,0.0,0.0054,0.0,-0.0054,0.0,835,0,0.7739,0.0,-2.460934233428519,nan,nan,NO_WELD
75.562,0.0,0.0,0.0,0.0,0.0043,0.0,-0.0043,0.0,835,0,0.7739,0.0,-1.7578091605014305,-1.7578091605014305,0.0,WELD_FOUND
75.612,0.0,0.0,0.0,0.0,0.0043,0.0,-0.0043,0.0,835,0,0.7739,0.0,-1.7578091605014305,-1.7578091605014305,0.0,WELD_FOUND
75.662,0.02179170584530101,0.05,0.02929170584530101,0.014291705845301012,0.0034,0.0,0.0258,0.0143,835,0,0.7739,0.0,-2.460934233428519,-2.1093715902432693,-0.3515626431852499,WELD_FOUND
75.712,0.02179170584530101,0.05,0.02929170584530101,0.014291705845301012,0.0034,0.0,0.0258,0.0143,835,0,0.7739,0.0,-2.460934233428519,-2.1093715902432693,-0.3515626431852499,WELD_FOUND
75.762,0.0,0.0,0.0,0.0,0.0034,0.0,-0.0034,0.0,836,0,0.7748,0.0,-2.460934233428519,nan,nan,NO_WELD
75.812,0.0,0.0,0.0,0.0,0.0045,0.0,-0.0045,0.0,836,0,0.7748,0.0,-2.460934233428519,nan,nan,NO_WELD
75.862,0.0,0.0,0.0,0.0,0.0045,0.0,-0.0045,0.0,839,0,0.7776,0.0,-2.460934233428519,nan,nan,NO_WELD
75.912,0.0,0.0,0.0,0.0,0.0138,0.0,-0.0138,0.0,839,0,0.7776,0.0,-2.460934233428519,nan,nan,NO_WELD
75.962,0.01879551279718462,0.05,0.02629551279718462,0.011295512797184621,0.0138,0.0,0.0125,0.0113,840,0,0.7785,0.0,-2.8124966631703576,-2.8124966631703576,0.0,WELD_FOUND
76.012,0.01879551279718462,0.05,0.02629551279718462,0.011295512797184621,0.0138,0.0,0.0125,0.0113,840,0,0.7785,0.0,-2.8124966631703576,-2.8124966631703576,0.0,WELD_FOUND
76.063,0.01967111439937581,0.1,0.03467111439937581,0.004671114399375811,0.0108,0.0,0.0239,0.0047,840,0,0.7785,0.0,-2.1093715902432693,-2.460934233428519,0.3515626431852499,WELD_FOUND
76.112,0.01967111439937581,0.1,0.03467111439937581,0.004671114399375811,0.0108,0.0,0.0239,0.0047,840,0,0.7785,0.0,-2.1093715902432693,-2.460934233428519,0.3515626431852499,WELD_FOUND
76.162,0.019848626749139796,0.1068459202973352,0.03587551479374007,0.0038217387045395186,0.0108,0.0,0.0251,0.0038,844,0,0.7822,0.0,-2.460934233428519,-2.460934233428519,0.0,WELD_FOUND
76.212,0.019848626749139796,0.1068459202973352,0.03587551479374007,0.0038217387045395186,0.0164,0.0,0.0195,0.0038,844,0,0.7822,0.0,-2.460934233428519,-2.460934233428519,0.0,WELD_FOUND
76.262,0.01988422490026563,0.10727526641044544,0.03597551486183244,0.0037929349386988144,0.0164,0.0,0.0196,0.0038,848,0,0.7859,0.0,-2.460934233428519,-2.460934233428519,0.0,WELD_FOUND
76.312,0.01988422490026563,0.10727526641044544,0.03597551486183244,0.0037929349386988144,0.0246,0.0,0.0113,0.0038,848,0,0.7859,0.0,-2.460934233428519,-2.460934233428519,0.0,WELD_FOUND
76.362,0.0,0.0,0.0,0.0,0.0246,0.0,-0.0246,0.0,851,0,0.7887,0.0,-2.460934233428519,nan,nan,NO_WELD
76.412,0.0,0.0,0.0,0.0,0.0259,0.0,-0.0259,0.0,851,0,0.7887,0.0,-2.460934233428519,nan,nan,NO_WELD
76.462,0.017033716839175154,0.05,0.024533716839175154,0.009533716839175154,0.0259,0.0,-0.0014,0.0095,852,0,0.7896,0.0,-3.164059092912196,-3.164059092912196,0.0,WELD_FOUND
76.512,0.017033716839175154,0.05,0.024533716839175154,0.009533716839175154,0.0193,0.0,0.0053,0.0095,852,0,0.7896,0.0,-3.164059092912196,-3.164059092912196,0.0,WELD_FOUND
76.562,0.01516640125325214,0.1,0.030166401253252137,0.0001664012532521398,0.0193,0.0,0.0109,0.0002,852,0,0.7896,0.0,-3.8671843792826963,-3.5156217360974464,-0.3515626431852499,WELD_FOUND
76.612,0.01516640125325214,0.1,0.030166401253252137,0.0001664012532521398,0.0193,0.0,0.0109,0.0002,852,0,0.7896,0.0,-3.8671843792826963,-3.5156217360974464,-0.3515626431852499,WELD_FOUND
76.662,0.0,0.0,0.0,0.0,0.019,0.0,-0.019,0.0,855,0,0.7924,0.0,-3.8671843792826963,nan,nan,NO_WELD
76.712,0.0,0.0,0.0,0.0,0.019,0.0,-0.019,0.0,855,0,0.7924,0.0,-3.8671843792826963,nan,nan,NO_WELD
76.762,0.013553143326578568,0.05,0.021053143326578566,0.006053143326578568,0.019,0.0,0.0021,0.0061,856,0,0.7933,0.0,-3.8671843792826963,-3.8671843792826963,0.0,WELD_FOUND
76.812,0.013553143326578568,0.05,0.021053143326578566,0.006053143326578568,0.0139,0.0,0.0072,0.0061,856,0,0.7933,0.0,-3.8671843792826963,-3.8671843792826963,0.0,WELD_FOUND
76.862,0.013853767170102307,0.1,0.028853767170102306,-0.0011462328298976927,0.0139,0.0,0.015,-0.0011,856,0,0.7933,0.0,-3.5156217360974464,-3.691403057690071,0.17578132159262472,WELD_FOUND
76.912,0.013853767170102307,0.1,0.028853767170102306,-0.0011462328298976927,0.0139,0.0,0.015,-0.0011,856,0,0.7933,0.0,-3.5156217360974464,-3.691403057690071,0.17578132159262472,WELD_FOUND
76.962,0.0,0.0,0.0,0.0,0.0133,0.0,-0.0133,0.0,858,0,0.7952,0.0,-3.5156217360974464,nan,nan,NO_WELD
77.012,0.0,0.0,0.0,0.0,0.0133,0.0,-0.0133,0.0,858,0,0.7952,0.0,-3.5156217360974464,nan,nan,NO_WELD
77.063,0.0,0.0,0.0,0.0,0.0133,0.0,-0.0133,0.0,859,0,0.7961,0.0,-3.5156217360974464,nan,nan,NO_WELD
77.112,0.0,0.0,0.0,0.0,0.0104,0.0,-0.0104,0.0,859,0,0.7961,0.0,-3.5156217360974464,nan,nan,NO_WELD
77.162,0.0,0.0,0.0,0.0,0.0104,0.0,-0.0104,0.0,859,0,0.7961,0.0,-3.5156217360974464,nan,nan,NO_WELD
77.212,0.0,0.0,0.0,0.0,0.0083,0.0,-0.0083,0.0,859,0,0.7961,0.0,-3.5156217360974464,nan,nan,NO_WELD
77.262,0.016355530829818745,0.05,0.023855530829818745,0.008855530829818745,0.0083,0.0,0.0155,0.0089,859,0,0.7961,0.0,-3.164059092912196,-3.164059092912196,0.0,WELD_FOUND
77.312,0.016355530829818745,0.05,0.023855530829818745,0.008855530829818745,0.0067,0.0,0.0172,0.0089,859,0,0.7961,0.0,-3.164059092912196,-3.164059092912196,0.0,WELD_FOUND
77.362,0.015037389985031211,0.1,0.03003738998503121,3.738998503121163e-05,0.0067,0.0,0.0234,0.0,860,0,0.797,0.0,-3.8671843792826963,-3.5156217360974464,-0.3515626431852499,WELD_FOUND
77.412,0.015037389985031211,0.1,0.03003738998503121,3.738998503121163e-05,0.0067,0.0,0.0234,0.0,860,0,0.797,0.0,-3.8671843792826963,-3.5156217360974464,-0.3515626431852499,WELD_FOUND
77.462,0.0,0.0,0.0,0.0,0.0114,0.0,-0.0114,0.0,862,0,0.7989,0.0,-3.8671843792826963,nan,nan,NO_WELD
77.512,0.0,0.0,0.0,0.0,0.0114,0.0,-0.0114,0.0,862,0,0.7989,0.0,-3.8671843792826963,nan,nan,NO_WELD
77.562,0.0,0.0,0.0,0.0,0.0106,0.0,-0.0106,0.0,863,0,0.7998,0.0,-3.8671843792826963,nan,nan,NO_WELD
77.612,0.0,0.0,0.0,0.0,0.0106,0.0,-0.0106,0.0,863,0,0.7998,0.0,-3.8671843792826963,nan,nan,NO_WELD
77.662,0.0,0.0,0.0,0.0,0.0084,0.0,-0.0084,0.0,863,0,0.7998,0.0,-3.8671843792826963,nan,nan,NO_WELD
77.712,0.0,0.0,0.0,0.0,0.0084,0.0,-0.0084,0.0,863,0,0.7998,0.0,-3.8671843792826963,nan,nan,NO_WELD
77.762,0.0,0.0,0.0,0.0,0.0084,0.0,-0.0084,0.0,863,0,0.7998,0.0,-3.8671843792826963,nan,nan,NO_WELD
77.812,0.0,0.0,0.0,0.0,0.0068,0.0,-0.0068,0.0,863,0,0.7998,0.0,-3.8671843792826963,nan,nan,NO_WELD
77.862,0.0,0.0,0.0,0.0,0.0068,0.0,-0.0068,0.0,863,0,0.7998,0.0,-3.8671843792826963,nan,nan,NO_WELD
77.912,0.0,0.0,0.0,0.0,0.0068,0.0,-0.0068,0.0,863,0,0.7998,0.0,-3.8671843792826963,nan,nan,NO_WELD
77.962,0.0,0.0,0.0,0.0,0.0054,0.0,-0.0054,0.0,863,0,0.7998,0.0,-3.8671843792826963,nan,nan,NO_WELD
78.012,0.0,0.0,0.0,0.0,0.0054,0.0,-0.0054,0.0,863,0,0.7998,0.0,-3.8671843792826963,nan,nan,NO_WELD
78.063,0.0,0.0,0.0,0.0,0.0043,0.0,-0.0043,0.0,863,0,0.7998,0.0,-3.8671843792826963,nan,nan,NO_WELD
78.112,0.0,0.0,0.0,0.0,0.0043,0.0,-0.0043,0.0,863,0,0.7998,0.0,-3.8671843792826963,nan,nan,NO_WELD
78.162,0.0,0.0,0.0,0.0,0.0043,0.0,-0.0043,0.0,863,0,0.7998,0.0,-3.8671843792826963,nan,nan,NO_WELD
78.212,0.0,0.0,0.0,0.0,0.0035,0.0,-0.0035,0.0,863,0,0.7998,0.0,-3.8671843792826963,nan,nan,NO_WELD
78.262,0.0,0.0,0.0,0.0,0.0035,0.0,-0.0035,0.0,863,0,0.7998,0.0,-3.8671843792826963,nan,nan,NO_WELD
78.312,0.0,0.0,0.0,0.0,0.0035,0.0,-0.0035,0.0,863,0,0.7998,0.0,-3.8671843792826963,nan,nan,NO_WELD
78.362,0.016355530829818745,0.05,0.023855530829818745,0.008855530829818745,0.0028,0.0,0.0211,0.0089,863,0,0.7998,0.0,-3.164059092912196,-3.164059092912196,0.0,WELD_FOUND
78.412,0.016355530829818745,0.05,0.023855530829818745,0.008855530829818745,0.0028,0.0,0.0211,0.0089,863,0,0.7998,0.0,-3.164059092912196,-3.164059092912196,0.0,WELD_FOUND
78.462,0.0,0.0,0.0,0.0,0.0054,0.0,-0.0054,0.0,864,0,0.8007,0.0,-3.164059092912196,nan,nan,NO_WELD
78.512,0.0,0.0,0.0,0.0,0.0054,0.0,-0.0054,0.0,864,0,0.8007,0.0,-3.164059092912196,nan,nan,NO_WELD
78.562,0.01915792416730762,0.05,0.02665792416730762,0.01165792416730762,0.0054,0.0,0.0213,0.0117,866,0,0.8026,0.0,-2.460934233428519,-2.460934233428519,0.0,WELD_FOUND
78.612,0.01915792416730762,0.05,0.02665792416730762,0.01165792416730762,0.0082,0.0,0.0185,0.0117,866,0,0.8026,0.0,-2.460934233428519,-2.460934233428519,0.0,WELD_FOUND
78.662,0.01829395031598111,0.1,0.033293950315981105,0.0032939503159811097,0.0082,0.0,0.0251,0.0033,866,0,0.8026,0.0,-3.164059092912196,-2.8124966631703576,-0.3515624297418385,WELD_FOUND
78.712,0.01829395031598111,0.1,0.033293950315981105,0.0032939503159811097,0.0082,0.0,0.0251,0.0033,866,0,0.8026,0.0,-3.164059092912196,-2.8124966631703576,-0.3515624297418385,WELD_FOUND
78.762,0.0,0.0,0.0,0.0,0.0123,0.0,-0.0123,0.0,869,0,0.8054,0.0,-3.164059092912196,nan,nan,NO_WELD
78.812,0.0,0.0,0.0,0.0,0.0123,0.0,-0.0123,0.0,869,0,0.8054,0.0,-3.164059092912196,nan,nan,NO_WELD
78.862,0.0,0.0,0.0,0.0,0.0185,0.0,-0.0185,0.0,872,0,0.8081,0.0,-3.164059092912196,nan,nan,NO_WELD
78.912,0.0,0.0,0.0,0.0,0.0185,0.0,-0.0185,0.0,872,0,0.8081,0.0,-3.164059092912196,nan,nan,NO_WELD
78.962,0.0,0.0,0.0,0.0,0.0185,0.0,-0.0185,0.0,872,0,0.8081,0.0,-3.164059092912196,nan,nan,NO_WELD
79.012,0.0,0.0,0.0,0.0,0.0148,0.0,-0.0148,0.0,872,0,0.8081,0.0,-3.164059092912196,nan,nan,NO_WELD
79.063,0.0,0.0,0.0,0.0,0.0148,0.0,-0.0148,0.0,872,0,0.8081,0.0,-3.164059092912196,nan,nan,NO_WELD
79.112,0.0,0.0,0.0,0.0,0.0148,0.0,-0.0148,0.0,872,0,0.8081,0.0,-3.164059092912196,nan,nan,NO_WELD
79.162,0.0,0.0,0.0,0.0,0.0118,0.0,-0.0118,0.0,872,0,0.8081,0.0,-3.164059092912196,nan,nan,NO_WELD
79.212,0.0,0.0,0.0,0.0,0.0118,0.0,-0.0118,0.0,872,0,0.8081,0.0,-3.164059092912196,nan,nan,NO_WELD
79.262,0.018081071475928034,0.05,0.025581071475928033,0.010581071475928034,0.0095,0.0,0.0161,0.0106,872,0,0.8081,0.0,-2.8124966631703576,-2.8124966631703576,0.0,WELD_FOUND
79.312,0.018081071475928034,0.05,0.025581071475928033,0.010581071475928034,0.0095,0.0,0.0161,0.0106,872,0,0.8081,0.0,-2.8124966631703576,-2.8124966631703576,0.0,WELD_FOUND
79.362,0.01952379644838648,0.1,0.034523796448386476,0.004523796448386481,0.0095,0.0,0.025,0.0045,873,0,0.8091,0.0,-2.1093715902432693,-2.460934233428519,0.3515626431852499,WELD_FOUND
79.412,0.01952379644838648,0.1,0.034523796448386476,0.004523796448386481,0.0082,0.0,0.0264,0.0045,873,0,0.8091,0.0,-2.1093715902432693,-2.460934233428519,0.3515626431852499,WELD_FOUND
79.462,0.0,0.0,0.0,0.0,0.0082,0.0,-0.0082,0.0,877,0,0.8128,0.0,-2.1093715902432693,nan,nan,NO_WELD
79.512,0.0,0.0,0.0,0.0,0.0082,0.0,-0.0082,0.0,877,0,0.8128,0.0,-2.1093715902432693,nan,nan,NO_WELD
79.562,0.018365186784690225,0.05,0.025865186784690224,0.010865186784690225,0.0197,0.0,0.0061,0.0109,879,0,0.8146,0.0,-2.8124966631703576,-2.8124966631703576,0.0,WELD_FOUND
79.612,0.018365186784690225,0.05,0.025865186784690224,0.010865186784690225,0.0197,0.0,0.0061,0.0109,879,0,0.8146,0.0,-2.8124966631703576,-2.8124966631703576,0.0,WELD_FOUND
79.662,0.0,0.0,0.0,0.0,0.0155,0.0,-0.0155,0.0,880,0,0.8156,0.0,-2.8124966631703576,nan,nan,NO_WELD
79.712,0.0,0.0,0.0,0.0,0.0155,0.0,-0.0155,0.0,880,0,0.8156,0.0,-2.8124966631703576,nan,nan,NO_WELD
79.762,0.0,0.0,0.0,0.0,0.0155,0.0,-0.0155,0.0,882,0,0.8174,0.0,-2.8124966631703576,nan,nan,NO_WELD
79.812,0.0,0.0,0.0,0.0,0.0143,0.0,-0.0143,0.0,882,0,0.8174,0.0,-2.8124966631703576,nan,nan,NO_WELD
79.862,0.021082968980205858,0.05,0.028582968980205858,0.013582968980205858,0.0143,0.0,0.0143,0.0136,882,0,0.8174,0.0,-2.1093715902432693,-2.1093715902432693,0.0,WELD_FOUND
79.912,0.021082968980205858,0.05,0.028582968980205858,0.013582968980205858,0.0114,0.0,0.0172,0.0136,882,0,0.8174,0.0,-2.1093715902432693,-2.1093715902432693,0.0,WELD_FOUND
79.962,0.0,0.0,0.0,0.0,0.0114,0.0,-0.0114,0.0,883,0,0.8183,0.0,-2.1093715902432693,nan,nan,NO_WELD
80.012,0.0,0.0,0.0,0.0,0.0114,0.0,-0.0114,0.0,883,0,0.8183,0.0,-2.1093715902432693,nan,nan,NO_WELD
80.063,0.0,0.0,0.0,0.0,0.0167,0.0,-0.0167,0.0,886,0,0.8211,0.0,-2.1093715902432693,nan,nan,NO_WELD
80.112,0.0,0.0,0.0,0.0,0.0167,0.0,-0.0167,0.0,886,0,0.8211,0.0,-2.1093715902432693,nan,nan,NO_WELD
80.162,0.0,0.0,0.0,0.0,0.0167,0.0,-0.0167,0.0,885,0,0.8202,0.0,-2.1093715902432693,nan,nan,NO_WELD
80.212,0.0,0.0,0.0,0.0,0.0076,0.0,-0.0076,0.0,885,0,0.8202,0.0,-2.1093715902432693,nan,nan,NO_WELD
80.262,0.0,0.0,0.0,0.0,0.0076,0.0,-0.0076,0.0,885,0,0.8202,0.0,-2.1093715902432693,nan,nan,NO_WELD
80.312,0.0,0.0,0.0,0.0,0.0061,0.0,-0.0061,0.0,885,0,0.8202,0.0,-2.1093715902432693,nan,nan,NO_WELD
80.362,0.0,0.0,0.0,0.0,0.0061,0.0,-0.0061,0.0,885,0,0.8202,0.0,-2.1093715902432693,nan,nan,NO_WELD
80.412,0.0,0.0,0.0,0.0,0.0061,0.0,-0.0061,0.0,885,0,0.8202,0.0,-2.1093715902432693,nan,nan,NO_WELD
80.462,0.0,0.0,0.0,0.0,0.0048,0.0,-0.0048,0.0,885,0,0.8202,0.0,-2.1093715902432693,nan,nan,NO_WELD
80.512,0.0,0.0,0.0,0.0,0.0048,0.0,-0.0048,0.0,885,0,0.8202,0.0,-2.1093715902432693,nan,nan,NO_WELD
80.562,0.0,0.0,0.0,0.0,0.0039,0.0,-0.0039,0.0,885,0,0.8202,0.0,-2.1093715902432693,nan,nan,NO_WELD
80.612,0.0,0.0,0.0,0.0,0.0039,0.0,-0.0039,0.0,885,0,0.8202,0.0,-2.1093715902432693,nan,nan,NO_WELD
80.662,0.0,0.0,0.0,0.0,0.0039,0.0,-0.0039,0.0,885,0,0.8202,0.0,-2.1093715902432693,nan,nan,NO_WELD
80.712,0.0,0.0,0.0,0.0,0.0031,0.0,-0.0031,0.0,885,0,0.8202,0.0,-2.1093715902432693,nan,nan,NO_WELD
80.762,0.0,0.0,0.0,0.0,0.0031,0.0,-0.0031,0.0,885,0,0.8202,0.0,-2.460934233428519,-2.460934233428519,0.0,WELD_FOUND
80.812,0.0,0.0,0.0,0.0,0.0025,0.0,-0.0025,0.0,885,0,0.8202,0.0,-2.460934233428519,-2.460934233428519,0.0,WELD_FOUND
80.862,0.019893129421441513,0.05,0.027393129421441512,0.012393129421441513,0.0025,0.0,0.0249,0.0124,885,0,0.8202,0.0,-2.460934233428519,-2.460934233428519,0.0,WELD_FOUND
80.912,0.019893129421441513,0.05,0.027393129421441512,0.012393129421441513,0.0025,0.0,0.0249,0.0124,885,0,0.8202,0.0,-2.460934233428519,-2.460934233428519,0.0,WELD_FOUND
80.962,0.0,0.0,0.0,0.0,0.002,0.0,-0.002,0.0,885,0,0.8202,0.0,-2.460934233428519,nan,nan,NO_WELD
81.012,0.0,0.0,0.0,0.0,0.002,0.0,-0.002,0.0,885,0,0.8202,0.0,-2.460934233428519,nan,nan,NO_WELD
81.063,0.017035365012333964,0.05,0.024535365012333964,0.009535365012333964,0.016,0.0,0.0085,0.0095,889,0,0.8239,0.0,-3.164059092912196,-3.164059092912196,0.0,WELD_FOUND
81.112,0.017035365012333964,0.05,0.024535365012333964,0.009535365012333964,0.016,0.0,0.0085,0.0095,889,0,0.8239,0.0,-3.164059092912196,-3.164059092912196,0.0,WELD_FOUND
81.162,0.0,0.0,0.0,0.0,0.016,0.0,-0.016,0.0,890,0,0.8248,0.0,-3.164059092912196,nan,nan,NO_WELD
81.212,0.0,0.0,0.0,0.0,0.0121,0.0,-0.0121,0.0,890,0,0.8248,0.0,-3.164059092912196,nan,nan,NO_WELD
81.262,0.0,0.0,0.0,0.0,0.0121,0.0,-0.0121,0.0,892,0,0.8267,0.0,-3.164059092912196,nan,nan,NO_WELD
81.312,0.0,0.0,0.0,0.0,0.0147,0.0,-0.0147,0.0,892,0,0.8267,0.0,-3.164059092912196,nan,nan,NO_WELD
81.362,0.016490390244889422,0.05,0.02399039024488942,0.008990390244889422,0.0147,0.0,0.0093,0.009,893,0,0.8276,0.0,-3.164059092912196,-3.164059092912196,0.0,WELD_FOUND
81.412,0.016490390244889422,0.05,0.02399039024488942,0.008990390244889422,0.0125,0.0,0.0115,0.009,893,0,0.8276,0.0,-3.164059092912196,-3.164059092912196,0.0,WELD_FOUND
81.462,0.017062845891922244,0.1,0.032062845891922244,0.002062845891922245,0.0125,0.0,0.0196,0.0021,893,0,0.8276,0.0,-2.8124966631703576,-2.988277984762983,0.17578132159262516,WELD_FOUND
81.512,0.017062845891922244,0.1,0.032062845891922244,0.002062845891922245,0.0125,0.0,0.0196,0.0021,893,0,0.8276,0.0,-2.8124966631703576,-2.988277984762983,0.17578132159262516,WELD_FOUND
81.562,0.017875065777638376,0.12017738766825956,0.03590167392787731,-0.00015154237260055561,0.0149,0.0,0.021,-0.0002,896,0,0.8304,0.0,-2.1093715902432693,-2.8124966631703576,0.7031250729270884,WELD_FOUND
81.612,0.017875065777638376,0.12017738766825956,0.03590167392787731,-0.00015154237260055561,0.0149,0.0,0.021,-0.0002,896,0,0.8304,0.0,-2.1093715902432693,-2.8124966631703576,0.7031250729270884,WELD_FOUND
81.662,0.0194808840495054,0.10255494058134325,0.034864125136706885,0.004097642962303914,0.0149,0.0,0.0199,0.0041,900,0,0.8341,0.0,-1.4062466240378864,-2.460934233428519,1.0546876093906328,WELD_FOUND
81.712,0.0194808840495054,0.10255494058134325,0.034864125136706885,0.004097642962303914,0.0188,0.0,0.016,0.0041,900,0,0.8341,0.0,-1.4062466240378864,-2.460934233428519,1.0546876093906328,WELD_FOUND
81.762,0.0,0.0,0.0,0.0,0.0188,0.0,-0.0188,0.0,902,0,0.8359,0.0,-1.4062466240378864,nan,nan,NO_WELD
81.812,0.0,0.0,0.0,0.0,0.0187,0.0,-0.0187,0.0,902,0,0.8359,0.0,-1.4062466240378864,nan,nan,NO_WELD
81.862,0.027908282615072662,0.027435287068384915,0.0320235756753304,0.023792989554814924,0.0187,0.0,0.0133,0.0238,902,0,0.8359,0.0,-0.7031216044716506,-0.7031216044716506,0.0,WELD_FOUND
81.912,0.027908282615072662,0.027435287068384915,0.0320235756753304,0.023792989554814924,0.015,0.0,0.0171,0.0238,902,0,0.8359,0.0,-0.7031216044716506,-0.7031216044716506,0.0,WELD_FOUND
81.962,0.03068990072109309,0.016400598847038542,0.03314999054814887,0.02822981089403731,0.015,0.0,0.0182,0.0282,903,0,0.8369,0.0,-0.35155909468853286,-0.5273403362398785,0.17578124155134567,WELD_FOUND
82.012,0.03068990072109309,0.016400598847038542,0.03314999054814887,0.02822981089403731,0.015,0.0,0.0182,0.0282,903,0,0.8369,0.0,-0.35155909468853286,-0.5273403362398785,0.17578124155134567,WELD_FOUND
82.063,0.0,0.0,0.0,0.0,0.0238,0.0,-0.0238,0.0,908,0,0.8415,0.0,-0.35155909468853286,nan,nan,NO_WELD
82.112,0.0,0.0,0.0,0.0,0.0238,0.0,-0.0238,0.0,908,0,0.8415,0.0,-0.35155909468853286,nan,nan,NO_WELD
82.162,0.0,0.0,0.0,0.0,0.0238,0.0,-0.0238,0.0,912,0,0.8452,0.0,-0.35155909468853286,nan,nan,NO_WELD
82.212,0.0,0.0,0.0,0.0,0.0242,0.0,-0.0242,0.0,912,0,0.8452,0.0,-0.35155909468853286,nan,nan,NO_WELD
82.262,0.0,0.0,0.0,0.0,0.0242,0.0,-0.0242,0.0,912,0,0.8452,0.0,-0.35155909468853286,nan,nan,NO_WELD
82.312,0.0,0.0,0.0,0.0,0.0242,0.0,-0.0242,0.0,912,0,0.8452,0.0,-0.35155909468853286,nan,nan,NO_WELD
82.362,0.0,0.0,0.0,0.0,0.0193,0.0,-0.0193,0.0,912,0,0.8452,0.0,-0.35155909468853286,nan,nan,NO_WELD
82.412,0.0,0.0,0.0,0.0,0.0193,0.0,-0.0193,0.0,912,0,0.8452,0.0,-0.35155909468853286,nan,nan,NO_WELD
82.462,0.0,0.0,0.0,0.0,0.0155,0.0,-0.0155,0.0,912,0,0.8452,0.0,-0.35155909468853286,nan,nan,NO_WELD
82.512,0.0,0.0,0.0,0.0,0.0155,0.0,-0.0155,0.0,912,0,0.8452,0.0,-0.35155909468853286,nan,nan,NO_WELD
82.562,0.0,0.0,0.0,0.0,0.0155,0.0,-0.0155,0.0,912,0,0.8452,0.0,-0.35155909468853286,nan,nan,NO_WELD
82.612,0.0,0.0,0.0,0.0,0.0124,0.0,-0.0124,0.0,912,0,0.8452,0.0,-0.35155909468853286,nan,nan,NO_WELD
82.662,0.0,0.0,0.0,0.0,0.0124,0.0,-0.0124,0.0,912,0,0.8452,0.0,-0.35155909468853286,nan,nan,NO_WELD
82.712,0.0,0.0,0.0,0.0,0.0124,0.0,-0.0124,0.0,912,0,0.8452,0.0,-0.35155909468853286,nan,nan,NO_WELD
82.762,0.0,0.0,0.0,0.0,0.0099,0.0,-0.0099,0.0,912,0,0.8452,0.0,-0.35155909468853286,-0.35155909468853286,0.0,WELD_FOUND
82.812,0.0,0.0,0.0,0.0,0.0099,0.0,-0.0099,0.0,912,0,0.8452,0.0,-0.35155909468853286,-0.35155909468853286,0.0,WELD_FOUND
82.862,0.03258234416615065,0.016365939869994427,0.03503723514664981,0.030127453185651486,0.0079,0.0,0.0271,0.0301,912,0,0.8452,0.0,-0.35155909468853286,-0.35155909468853286,0.0,WELD_FOUND
82.912,0.03258234416615065,0.016365939869994427,0.03503723514664981,0.030127453185651486,0.0079,0.0,0.0271,0.0301,912,0,0.8452,0.0,-0.35155909468853286,-0.35155909468853286,0.0,WELD_FOUND
82.962,0.03258234416615065,0.01533965929411352,0.034883293060267676,0.03028139527203362,0.0085,0.0,0.0264,0.0303,913,0,0.8461,0.0,-0.35155909468853286,-0.35155909468853286,0.0,WELD_FOUND
83.012,0.03258234416615065,0.01533965929411352,0.034883293060267676,0.03028139527203362,0.0085,0.0,0.0264,0.0303,913,0,0.8461,0.0,-0.35155909468853286,-0.35155909468853286,0.0,WELD_FOUND
83.063,0.0,0.0,0.0,0.0,0.0085,0.0,-0.0085,0.0,919,0,0.8517,0.0,-0.35155909468853286,nan,nan,NO_WELD
83.112,0.0,0.0,0.0,0.0,0.0199,0.0,-0.0199,0.0,919,0,0.8517,0.0,-0.35155909468853286,nan,nan,NO_WELD
83.162,0.0,0.0,0.0,0.0,0.0199,0.0,-0.0199,0.0,924,0,0.8563,0.0,-0.35155909468853286,nan,nan,NO_WELD
83.212,0.0,0.0,0.0,0.0,0.0305,0.0,-0.0305,0.0,924,0,0.8563,0.0,-0.35155909468853286,nan,nan,NO_WELD
83.262,0.0,0.0,0.0,0.0,0.0305,0.0,-0.0305,0.0,925,0,0.8573,0.0,-0.35155909468853286,nan,nan,NO_WELD
83.312,0.0,0.0,0.0,0.0,0.022,0.0,-0.022,0.0,925,0,0.8573,0.0,-0.35155909468853286,nan,nan,NO_WELD
83.362,0.0,0.0,0.0,0.0,0.022,0.0,-0.022,0.0,925,0,0.8573,0.0,8.437503436446002,nan,nan,NO_WELD
83.412,0.0,0.0,0.0,0.0,0.022,0.0,-0.022,0.0,925,0,0.8573,0.0,8.437503436446002,nan,nan,NO_WELD
83.462,0.0,0.0,0.0,0.0,0.0176,0.0,-0.0176,0.0,925,0,0.8573,0.0,8.437503436446002,nan,nan,NO_WELD
83.512,0.0,0.0,0.0,0.0,0.0176,0.0,-0.0176,0.0,925,0,0.8573,0.0,8.437503436446002,nan,nan,NO_WELD
83.562,0.0,0.0,0.0,0.0,0.0141,0.0,-0.0141,0.0,925,0,0.8573,0.0,8.085940793260752,nan,nan,NO_WELD
83.612,0.0,0.0,0.0,0.0,0.0141,0.0,-0.0141,0.0,925,0,0.8573,0.0,8.085940793260752,nan,nan,NO_WELD
83.662,0.0,0.0,0.0,0.0,0.0113,0.0,-0.0113,0.0,925,0,0.8573,0.0,8.085940793260752,nan,nan,NO_WELD
83.712,0.0,0.0,0.0,0.0,0.0113,0.0,-0.0113,0.0,925,0,0.8573,0.0,8.085940793260752,nan,nan,NO_WELD
83.762,0.005,-0.05,-0.0024999999999999996,0.0125,0.0113,0.0,-0.0138,0.0125,925,0,0.8573,0.0,8.437503436446002,8.437503436446002,0.0,WELD_FOUND
83.812,0.005,-0.05,-0.0024999999999999996,0.0125,0.009,0.0,-0.0115,0.0125,925,0,0.8573,0.0,8.437503436446002,8.437503436446002,0.0,WELD_FOUND
83.862,0.005,-0.1,-0.009999999999999998,0.02,0.009,0.0,-0.019,0.02,925,0,0.8573,0.0,8.789066079631251,8.61328518492545,0.1757808947058006,WELD_FOUND
83.912,0.005,-0.1,-0.009999999999999998,0.02,0.009,0.0,-0.019,0.02,925,0,0.8573,0.0,8.789066079631251,8.61328518492545,0.1757808947058006,WELD_FOUND
83.962,0.005,-0.15000000000000002,-0.0175,0.027500000000000004,0.0079,0.0,-0.0254,0.0275,926,0,0.8582,0.0,8.437503436446002,8.437503436446002,0.0,WELD_FOUND
84.012,0.005,-0.15000000000000002,-0.0175,0.027500000000000004,0.0079,0.0,-0.0254,0.0275,926,0,0.8582,0.0,8.437503436446002,8.437503436446002,0.0,WELD_FOUND
84.063,0.005,-0.2,-0.024999999999999998,0.034999999999999996,0.0079,0.0,-0.0329,0.035,928,0,0.86,0.0,7.734379003849147,8.437503436446002,-0.7031244325968551,WELD_FOUND
84.112,0.005,-0.2,-0.024999999999999998,0.034999999999999996,0.0097,0.0,-0.0347,0.035,928,0,0.86,0.0,7.734379003849147,8.437503436446002,-0.7031244325968551,WELD_FOUND
84.162,0.005,-0.25,-0.0325,0.042499999999999996,0.0097,0.0,-0.0422,0.0425,930,0,0.8619,0.0,8.437503436446002,8.437503436446002,0.0,WELD_FOUND
84.212,0.005,-0.25,-0.0325,0.042499999999999996,0.0132,0.0,-0.0457,0.0425,930,0,0.8619,0.0,8.437503436446002,8.437503436446002,0.0,WELD_FOUND
84.262,0.0,0.0,0.0,0.0,0.0132,0.0,-0.0132,0.0,930,0,0.8619,0.0,8.437503436446002,nan,nan,NO_WELD
84.312,0.0,0.0,0.0,0.0,0.0106,0.0,-0.0106,0.0,930,0,0.8619,0.0,8.437503436446002,nan,nan,NO_WELD
84.362,0.005,-0.05,-0.0024999999999999996,0.0125,0.0106,0.0,-0.0131,0.0125,930,0,0.8619,0.0,9.140628722816501,9.140628722816501,0.0,WELD_FOUND
84.412,0.005,-0.05,-0.0024999999999999996,0.0125,0.0085,0.0,-0.011,0.0125,930,0,0.8619,0.0,9.140628722816501,9.140628722816501,0.0,WELD_FOUND
84.462,0.0,0.0,0.0,0.0,0.0085,0.0,-0.0085,0.0,930,0,0.8619,0.0,9.140628722816501,nan,nan,NO_WELD
84.512,0.0,0.0,0.0,0.0,0.0085,0.0,-0.0085,0.0,930,0,0.8619,0.0,9.140628722816501,nan,nan,NO_WELD
84.562,0.0,0.0,0.0,0.0,0.0068,0.0,-0.0068,0.0,930,0,0.8619,0.0,9.140628722816501,nan,nan,NO_WELD
84.612,0.0,0.0,0.0,0.0,0.0068,0.0,-0.0068,0.0,930,0,0.8619,0.0,9.140628722816501,nan,nan,NO_WELD
84.662,0.0,0.0,0.0,0.0,0.0068,0.0,-0.0068,0.0,930,0,0.8619,0.0,9.140628722816501,nan,nan,NO_WELD
84.712,0.0,0.0,0.0,0.0,0.0054,0.0,-0.0054,0.0,930,0,0.8619,0.0,9.140628722816501,nan,nan,NO_WELD
84.762,0.005,-0.05,-0.0024999999999999996,0.0125,0.0054,0.0,-0.0079,0.0125,930,0,0.8619,0.0,9.843754009187002,9.843754009187002,0.0,WELD_FOUND
84.812,0.005,-0.05,-0.0024999999999999996,0.0125,0.0043,0.0,-0.0068,0.0125,930,0,0.8619,0.0,9.843754009187002,9.843754009187002,0.0,WELD_FOUND
84.862,0.0,0.0,0.0,0.0,0.0043,0.0,-0.0043,0.0,930,0,0.8619,0.0,9.843754009187002,nan,nan,NO_WELD
84.912,0.0,0.0,0.0,0.0,0.0043,0.0,-0.0043,0.0,930,0,0.8619,0.0,9.843754009187002,nan,nan,NO_WELD
84.962,0.005,-0.05,-0.0024999999999999996,0.0125,0.0035,0.0,-0.006,0.0125,930,0,0.8619,0.0,9.140628722816501,9.140628722816501,0.0,WELD_FOUND
85.012,0.005,-0.05,-0.0024999999999999996,0.0125,0.0035,0.0,-0.006,0.0125,930,0,0.8619,0.0,9.140628722816501,9.140628722816501,0.0,WELD_FOUND
85.063,0.0,0.0,0.0,0.0,0.0035,0.0,-0.0035,0.0,930,0,0.8619,0.0,9.140628722816501,nan,nan,NO_WELD
85.112,0.0,0.0,0.0,0.0,0.0028,0.0,-0.0028,0.0,930,0,0.8619,0.0,9.140628722816501,nan,nan,NO_WELD
85.162,0.0,0.0,0.0,0.0,0.0028,0.0,-0.0028,0.0,930,0,0.8619,0.0,9.140628722816501,nan,nan,NO_WELD
85.212,0.0,0.0,0.0,0.0,0.0028,0.0,-0.0028,0.0,930,0,0.8619,0.0,9.140628722816501,nan,nan,NO_WELD
85.262,0.0,0.0,0.0,0.0,0.0022,0.0,-0.0022,0.0,930,0,0.8619,0.0,9.140628722816501,nan,nan,NO_WELD
85.312,0.0,0.0,0.0,0.0,0.0022,0.0,-0.0022,0.0,930,0,0.8619,0.0,9.140628722816501,nan,nan,NO_WELD
85.362,0.0,0.0,0.0,0.0,0.0018,0.0,-0.0018,0.0,930,0,0.8619,0.0,9.140628722816501,nan,nan,NO_WELD
85.412,0.0,0.0,0.0,0.0,0.0018,0.0,-0.0018,0.0,930,0,0.8619,0.0,9.140628722816501,nan,nan,NO_WELD
85.462,0.0,0.0,0.0,0.0,0.0018,0.0,-0.0018,0.0,930,0,0.8619,0.0,9.140628722816501,nan,nan,NO_WELD
85.512,0.0,0.0,0.0,0.0,0.0014,0.0,-0.0014,0.0,930,0,0.8619,0.0,9.140628722816501,nan,nan,NO_WELD
85.562,0.0,0.0,0.0,0.0,0.0014,0.0,-0.0014,0.0,930,0,0.8619,0.0,9.140628722816501,nan,nan,NO_WELD
85.612,0.0,0.0,0.0,0.0,0.0011,0.0,-0.0011,0.0,930,0,0.8619,0.0,9.140628722816501,nan,nan,NO_WELD
85.662,0.0,0.0,0.0,0.0,0.0011,0.0,-0.0011,0.0,930,0,0.8619,0.0,9.492191366001752,9.492191366001752,0.0,WELD_FOUND
85.712,0.0,0.0,0.0,0.0,0.0,0.0,0.0,0.0,930,0,0.8619,0.0,9.492191366001752,9.492191366001752,0.0,WELD_FOUND
85.762,0.0,0.0,0.0,0.0,0.0,0.0,0.0,0.0,930,0,0.8619,0.0,9.492191366001752,nan,nan,NO_WELD
85.812,0.0,0.0,0.0,0.0,0.0,0.0,0.0,0.0,930,0,0.8619,0.0,9.492191366001752,nan,nan,NO_WELD
85.862,0.005,-0.05,-0.0024999999999999996,0.0125,0.0,0.0,-0.0025,0.0125,930,0,0.8619,0.0,8.789066079631251,8.789066079631251,0.0,WELD_FOUND
85.912,0.005,-0.05,-0.0024999999999999996,0.0125,0.0,0.0,-0.0025,0.0125,930,0,0.8619,0.0,8.789066079631251,8.789066079631251,0.0,WELD_FOUND
85.962,0.0,0.0,0.0,0.0,0.0,0.0,0.0,0.0,930,0,0.8619,0.0,8.789066079631251,nan,nan,NO_WELD
86.012,0.0,0.0,0.0,0.0,0.0,0.0,0.0,0.0,930,0,0.8619,0.0,8.789066079631251,nan,nan,NO_WELD
86.063,0.0,0.0,0.0,0.0,0.0,0.0,0.0,0.0,930,0,0.8619,0.0,8.789066079631251,nan,nan,NO_WELD
86.112,0.0,0.0,0.0,0.0,0.0,0.0,0.0,0.0,930,0,0.8619,0.0,8.789066079631251,nan,nan,NO_WELD
86.162,0.0,0.0,0.0,0.0,0.0,0.0,0.0,0.0,930,0,0.8619,0.0,8.789066079631251,nan,nan,NO_WELD
86.212,0.0,0.0,0.0,0.0,0.0,0.0,0.0,0.0,930,0,0.8619,0.0,8.789066079631251,nan,nan,NO_WELD
86.262,0.0,0.0,0.0,0.0,0.0,0.0,0.0,0.0,930,0,0.8619,0.0,8.789066079631251,nan,nan,NO_WELD
86.312,0.0,0.0,0.0,0.0,0.0,0.0,0.0,0.0,930,0,0.8619,0.0,8.789066079631251,nan,nan,NO_WELD
86.362,0.005,-0.05,-0.0024999999999999996,0.0125,0.0,0.0,-0.0025,0.0125,930,0,0.8619,0.0,8.789066079631251,8.789066079631251,0.0,WELD_FOUND
86.412,0.005,-0.05,-0.0024999999999999996,0.0125,0.0,0.0,-0.0025,0.0125,930,0,0.8619,0.0,8.789066079631251,8.789066079631251,0.0,WELD_FOUND
86.462,0.0,0.0,0.0,0.0,0.0,0.0,0.0,0.0,930,0,0.8619,0.0,8.789066079631251,nan,nan,NO_WELD
86.512,0.0,0.0,0.0,0.0,0.0,0.0,0.0,0.0,930,0,0.8619,0.0,8.789066079631251,nan,nan,NO_WELD
86.562,0.0,0.0,0.0,0.0,0.0,0.0,0.0,0.0,930,0,0.8619,0.0,8.789066079631251,nan,nan,NO_WELD
86.612,0.0,0.0,0.0,0.0,0.0,0.0,0.0,0.0,930,0,0.8619,0.0,8.789066079631251,nan,nan,NO_WELD
86.662,0.005,-0.05,-0.0024999999999999996,0.0125,0.0,0.0,-0.0025,0.0125,930,0,0.8619,0.0,8.789066079631251,8.789066079631251,0.0,WELD_FOUND
86.712,0.005,-0.05,-0.0024999999999999996,0.0125,0.0,0.0,-0.0025,0.0125,930,0,0.8619,0.0,8.789066079631251,8.789066079631251,0.0,WELD_FOUND
86.762,0.0,0.0,0.0,0.0,0.0,0.0,0.0,0.0,930,0,0.8619,0.0,8.789066079631251,nan,nan,NO_WELD
86.812,0.0,0.0,0.0,0.0,0.0,0.0,0.0,0.0,930,0,0.8619,0.0,8.789066079631251,nan,nan,NO_WELD
86.862,0.0,0.0,0.0,0.0,0.0,0.0,0.0,0.0,930,0,0.8619,0.0,8.789066079631251,nan,nan,NO_WELD
86.912,0.0,0.0,0.0,0.0,0.0,0.0,0.0,0.0,930,0,0.8619,0.0,8.789066079631251,nan,nan,NO_WELD
86.962,0.0,0.0,0.0,0.0,0.0,0.0,0.0,0.0,930,0,0.8619,0.0,8.789066079631251,nan,nan,NO_WELD
87.011,0.0,0.0,0.0,0.0,0.0,0.0,0.0,0.0,930,0,0.8619,0.0,8.789066079631251,nan,nan,NO_WELD
87.063,0.0,0.0,0.0,0.0,0.0,0.0,0.0,0.0,930,0,0.8619,0.0,8.789066079631251,nan,nan,NO_WELD
87.112,0.0,0.0,0.0,0.0,0.0,0.0,0.0,0.0,930,0,0.8619,0.0,8.789066079631251,nan,nan,NO_WELD
87.162,0.0,0.0,0.0,0.0,0.0,0.0,0.0,0.0,930,0,0.8619,0.0,8.789066079631251,8.789066079631251,0.0,WELD_FOUND
87.212,0.0,0.0,0.0,0.0,0.0,0.0,0.0,0.0,930,0,0.8619,0.0,8.789066079631251,8.789066079631251,0.0,WELD_FOUND
87.262,0.0,0.0,0.0,0.0,0.0,0.0,0.0,0.0,930,0,0.8619,0.0,8.789066079631251,nan,nan,NO_WELD
87.312,0.0,0.0,0.0,0.0,0.0,0.0,0.0,0.0,930,0,0.8619,0.0,8.789066079631251,nan,nan,NO_WELD
87.362,0.0,0.0,0.0,0.0,0.0,0.0,0.0,0.0,930,0,0.8619,0.0,8.789066079631251,nan,nan,NO_WELD
87.412,0.0,0.0,0.0,0.0,0.0,0.0,0.0,0.0,930,0,0.8619,0.0,8.789066079631251,nan,nan,NO_WELD
87.462,0.0,0.0,0.0,0.0,0.0,0.0,0.0,0.0,930,0,0.8619,0.0,8.789066079631251,nan,nan,NO_WELD
87.512,0.0,0.0,0.0,0.0,0.0,0.0,0.0,0.0,930,0,0.8619,0.0,8.789066079631251,nan,nan,NO_WELD
87.562,0.0,0.0,0.0,0.0,0.0,0.0,0.0,0.0,930,0,0.8619,0.0,8.789066079631251,nan,nan,NO_WELD
87.612,0.0,0.0,0.0,0.0,0.0,0.0,0.0,0.0,930,0,0.8619,0.0,8.789066079631251,nan,nan,NO_WELD
87.662,0.0,0.0,0.0,0.0,0.0,0.0,0.0,0.0,930,0,0.8619,0.0,8.789066079631251,nan,nan,NO_WELD
87.712,0.0,0.0,0.0,0.0,0.0,0.0,0.0,0.0,930,0,0.8619,0.0,8.789066079631251,nan,nan,NO_WELD
87.762,0.0,0.0,0.0,0.0,0.0,0.0,0.0,0.0,930,0,0.8619,0.0,8.789066079631251,nan,nan,NO_WELD
87.812,0.0,0.0,0.0,0.0,0.0,0.0,0.0,0.0,930,0,0.8619,0.0,8.789066079631251,nan,nan,NO_WELD
87.862,0.005,-0.05,-0.0024999999999999996,0.0125,0.0,0.0,-0.0025,0.0125,930,0,0.8619,0.0,8.789066079631251,8.789066079631251,0.0,WELD_FOUND
87.912,0.005,-0.05,-0.0024999999999999996,0.0125,0.0,0.0,-0.0025,0.0125,930,0,0.8619,0.0,8.789066079631251,8.789066079631251,0.0,WELD_FOUND
87.962,0.005,-0.1,-0.009999999999999998,0.02,0.0,0.0,-0.01,0.02,930,0,0.8619,0.0,9.492191366001752,9.140628722816501,0.3515626431852503,WELD_FOUND
88.012,0.005,-0.1,-0.009999999999999998,0.02,0.0,0.0,-0.01,0.02,930,0,0.8619,0.0,9.492191366001752,9.140628722816501,0.3515626431852503,WELD_FOUND
88.063,0.0,0.0,0.0,0.0,0.0,0.0,0.0,0.0,930,0,0.8619,0.0,9.492191366001752,nan,nan,NO_WELD
88.112,0.0,0.0,0.0,0.0,0.0,0.0,0.0,0.0,930,0,0.8619,0.0,9.492191366001752,nan,nan,NO_WELD
88.162,0.005,-0.05,-0.0024999999999999996,0.0125,0.0,0.0,-0.0025,0.0125,930,0,0.8619,0.0,8.789066079631251,8.789066079631251,0.0,WELD_FOUND
88.212,0.005,-0.05,-0.0024999999999999996,0.0125,0.0,0.0,-0.0025,0.0125,930,0,0.8619,0.0,8.789066079631251,8.789066079631251,0.0,WELD_FOUND
88.262,0.0,0.0,0.0,0.0,0.0,0.0,0.0,0.0,930,0,0.8619,0.0,8.789066079631251,nan,nan,NO_WELD
88.312,0.0,0.0,0.0,0.0,0.0,0.0,0.0,0.0,930,0,0.8619,0.0,8.789066079631251,nan,nan,NO_WELD
88.362,0.0,0.0,0.0,0.0,0.0,0.0,0.0,0.0,930,0,0.8619,0.0,8.789066079631251,nan,nan,NO_WELD
88.412,0.0,0.0,0.0,0.0,0.0,0.0,0.0,0.0,930,0,0.8619,0.0,8.789066079631251,nan,nan,NO_WELD
88.462,0.0,0.0,0.0,0.0,0.0,0.0,0.0,0.0,930,0,0.8619,0.0,8.789066079631251,nan,nan,NO_WELD
88.512,0.0,0.0,0.0,0.0,0.0,0.0,0.0,0.0,930,0,0.8619,0.0,8.789066079631251,nan,nan,NO_WELD
88.562,0.0,0.0,0.0,0.0,0.0,0.0,0.0,0.0,930,0,0.8619,0.0,8.789066079631251,nan,nan,NO_WELD
88.612,0.0,0.0,0.0,0.0,0.0,0.0,0.0,0.0,930,0,0.8619,0.0,8.789066079631251,nan,nan,NO_WELD
88.662,0.0,0.0,0.0,0.0,0.0,0.0,0.0,0.0,930,0,0.8619,0.0,8.789066079631251,nan,nan,NO_WELD
88.712,0.0,0.0,0.0,0.0,0.0,0.0,0.0,0.0,930,0,0.8619,0.0,8.789066079631251,nan,nan,NO_WELD
88.762,0.0,0.0,0.0,0.0,0.0,0.0,0.0,0.0,930,0,0.8619,0.0,8.789066079631251,nan,nan,NO_WELD
88.812,0.0,0.0,0.0,0.0,0.0,0.0,0.0,0.0,930,0,0.8619,0.0,8.789066079631251,nan,nan,NO_WELD
88.862,0.0,0.0,0.0,0.0,0.0,0.0,0.0,0.0,930,0,0.8619,0.0,8.789066079631251,nan,nan,NO_WELD
88.912,0.0,0.0,0.0,0.0,0.0,0.0,0.0,0.0,930,0,0.8619,0.0,8.789066079631251,nan,nan,NO_WELD
88.962,0.0,0.0,0.0,0.0,0.0,0.0,0.0,0.0,930,0,0.8619,0.0,8.789066079631251,nan,nan,NO_WELD
89.012,0.0,0.0,0.0,0.0,0.0,0.0,0.0,0.0,930,0,0.8619,0.0,8.789066079631251,nan,nan,NO_WELD
89.063,0.0,0.0,0.0,0.0,0.0,0.0,0.0,0.0,930,0,0.8619,0.0,8.789066079631251,nan,nan,NO_WELD
89.112,0.0,0.0,0.0,0.0,0.0,0.0,0.0,0.0,930,0,0.8619,0.0,8.789066079631251,nan,nan,NO_WELD
89.162,0.0,0.0,0.0,0.0,0.0,0.0,0.0,0.0,930,0,0.8619,0.0,8.789066079631251,nan,nan,NO_WELD
89.212,0.0,0.0,0.0,0.0,0.0,0.0,0.0,0.0,930,0,0.8619,0.0,8.789066079631251,nan,nan,NO_WELD
89.262,0.0,0.0,0.0,0.0,0.0,0.0,0.0,0.0,930,0,0.8619,0.0,5.2734409284392205,nan,nan,NO_WELD
89.312,0.0,0.0,0.0,0.0,0.0,0.0,0.0,0.0,930,0,0.8619,0.0,5.2734409284392205,nan,nan,NO_WELD
89.362,0.0,0.0,0.0,0.0,0.0,0.0,0.0,0.0,930,0,0.8619,0.0,4.921878712140794,nan,nan,NO_WELD
89.412,0.0,0.0,0.0,0.0,0.0,0.0,0.0,0.0,930,0,0.8619,0.0,4.921878712140794,nan,nan,NO_WELD
89.462,0.0,0.0,0.0,0.0,0.0,0.0,0.0,0.0,930,0,0.8619,0.0,5.2734409284392205,nan,nan,NO_WELD
89.512,0.0,0.0,0.0,0.0,0.0,0.0,0.0,0.0,930,0,0.8619,0.0,5.2734409284392205,nan,nan,NO_WELD
89.562,0.0,0.0,0.0,0.0,0.0,0.0,0.0,0.0,930,0,0.8619,0.0,4.5703160689555435,nan,nan,NO_WELD
89.612,0.0,0.0,0.0,0.0,0.0,0.0,0.0,0.0,930,0,0.8619,0.0,4.5703160689555435,nan,nan,NO_WELD
89.662,0.0,0.0,0.0,0.0,0.0,0.0,0.0,0.0,930,0,0.8619,0.0,-0.35155909468853286,nan,nan,NO_WELD
89.712,0.0,0.0,0.0,0.0,0.0,0.0,0.0,0.0,930,0,0.8619,0.0,0.35156592487770283,nan,nan,NO_WELD
89.762,0.0,0.0,0.0,0.0,0.0,0.0,0.0,0.0,930,0,0.8619,0.0,0.35156592487770283,nan,nan,NO_WELD
89.812,0.0,0.0,0.0,0.0,0.0,0.0,0.0,0.0,930,0,0.8619,0.0,4.921878712140794,nan,nan,NO_WELD
89.862,0.0,0.0,0.0,0.0,0.0,0.0,0.0,0.0,930,0,0.8619,0.0,4.921878712140794,nan,nan,NO_WELD
89.912,0.0,0.0,0.0,0.0,0.0,0.0,0.0,0.0,930,0,0.8619,0.0,5.625003571624471,nan,nan,NO_WELD
89.962,0.0,0.0,0.0,0.0,0.0,0.0,0.0,0.0,930,0,0.8619,0.0,5.625003571624471,nan,nan,NO_WELD
90.012,0.0,0.0,0.0,0.0,0.0,0.0,0.0,0.0,930,0,0.8619,0.0,5.2734409284392205,nan,nan,NO_WELD
90.063,0.0,0.0,0.0,0.0,0.0,0.0,0.0,0.0,930,0,0.8619,0.0,5.2734409284392205,nan,nan,NO_WELD
90.112,0.0,0.0,0.0,0.0,0.0,0.0,0.0,0.0,930,0,0.8619,0.0,-2.1093715902432693,nan,nan,NO_WELD
90.162,0.0,0.0,0.0,0.0,0.0,0.0,0.0,0.0,930,0,0.8619,0.0,-2.1093715902432693,nan,nan,NO_WELD
90.212,0.0,0.0,0.0,0.0,0.0,0.0,0.0,0.0,930,0,0.8619,0.0,5.2734409284392205,nan,nan,NO_WELD
90.262,0.0,0.0,0.0,0.0,0.0,0.0,0.0,0.0,930,0,0.8619,0.0,5.2734409284392205,nan,nan,NO_WELD
90.312,0.0,0.0,0.0,0.0,0.0,0.0,0.0,0.0,930,0,0.8619,0.0,4.921878712140794,nan,nan,NO_WELD
90.362,0.0,0.0,0.0,0.0,0.0,0.0,0.0,0.0,930,0,0.8619,0.0,4.921878712140794,nan,nan,NO_WELD
90.412,0.0,0.0,0.0,0.0,0.0,0.0,0.0,0.0,930,0,0.8619,0.0,5.2734409284392205,nan,nan,NO_WELD
90.462,0.0,0.0,0.0,0.0,0.0,0.0,0.0,0.0,930,0,0.8619,0.0,5.2734409284392205,nan,nan,NO_WELD
90.512,0.0,0.0,0.0,0.0,0.0,0.0,0.0,0.0,930,0,0.8619,0.0,5.2734409284392205,nan,nan,NO_WELD
90.562,0.0,0.0,0.0,0.0,0.0,0.0,0.0,0.0,930,0,0.8619,0.0,5.2734409284392205,nan,nan,NO_WELD
90.612,0.0,0.0,0.0,0.0,0.0,0.0,0.0,0.0,930,0,0.8619,0.0,9.140628722816501,nan,nan,NO_WELD
90.662,0.0,0.0,0.0,0.0,0.0,0.0,0.0,0.0,930,0,0.8619,0.0,9.140628722816501,nan,nan,NO_WELD
90.712,0.0,0.0,0.0,0.0,0.0,0.0,0.0,0.0,930,0,0.8619,0.0,-2.460934233428519,nan,nan,NO_WELD
90.762,0.0,0.0,0.0,0.0,0.0,0.0,0.0,0.0,930,0,0.8619,0.0,-2.460934233428519,nan,nan,NO_WELD
90.812,0.0,0.0,0.0,0.0,0.0,0.0,0.0,0.0,930,0,0.8619,0.0,5.2734409284392205,nan,nan,NO_WELD
90.862,0.0,0.0,0.0,0.0,0.0,0.0,0.0,0.0,930,0,0.8619,0.0,5.2734409284392205,nan,nan,NO_WELD
90.912,0.0,0.0,0.0,0.0,0.0,0.0,0.0,0.0,930,0,0.8619,0.0,5.2734409284392205,nan,nan,NO_WELD
90.962,0.0,0.0,0.0,0.0,0.0,0.0,0.0,0.0,930,0,0.8619,0.0,5.2734409284392205,nan,nan,NO_WELD
91.012,0.0,0.0,0.0,0.0,0.0,0.0,0.0,0.0,930,0,0.8619,0.0,5.625003571624471,nan,nan,NO_WELD
91.063,0.0,0.0,0.0,0.0,0.0,0.0,0.0,0.0,930,0,0.8619,0.0,5.625003571624471,nan,nan,NO_WELD
91.112,0.0,0.0,0.0,0.0,0.0,0.0,0.0,0.0,930,0,0.8619,0.0,4.921878712140794,nan,nan,NO_WELD
91.162,0.0,0.0,0.0,0.0,0.0,0.0,0.0,0.0,930,0,0.8619,0.0,4.921878712140794,nan,nan,NO_WELD
91.212,0.0,0.0,0.0,0.0,0.0,0.0,0.0,0.0,930,0,0.8619,0.0,4.218753425770293,4.218753425770293,0.0,WELD_FOUND
91.262,0.0,0.0,0.0,0.0,0.0,0.0,0.0,0.0,930,0,0.8619,0.0,4.218753425770293,4.218753425770293,0.0,WELD_FOUND
91.312,0.010997434244482596,-0.05,0.0034974342444825963,0.018497434244482594,0.0,0.0,0.0035,0.0185,930,0,0.8619,0.0,4.5703160689555435,4.394534747362918,0.17578132159262516,WELD_FOUND
91.362,0.010997434244482596,-0.05,0.0034974342444825963,0.018497434244482594,0.0,0.0,0.0035,0.0185,930,0,0.8619,0.0,4.5703160689555435,4.394534747362918,0.17578132159262516,WELD_FOUND
91.412,0.0,0.0,0.0,0.0,0.0,0.0,0.0,0.0,930,0,0.8619,0.0,4.5703160689555435,nan,nan,NO_WELD
91.462,0.0,0.0,0.0,0.0,0.0,0.0,0.0,0.0,930,0,0.8619,0.0,4.5703160689555435,nan,nan,NO_WELD
91.512,0.0,0.0,0.0,0.0,0.0,0.0,0.0,0.0,930,0,0.8619,0.0,4.5703160689555435,nan,nan,NO_WELD
91.562,0.0,0.0,0.0,0.0,0.0,0.0,0.0,0.0,930,0,0.8619,0.0,4.5703160689555435,nan,nan,NO_WELD
91.612,0.0,0.0,0.0,0.0,0.0,0.0,0.0,0.0,930,0,0.8619,0.0,4.5703160689555435,nan,nan,NO_WELD
91.662,0.0,0.0,0.0,0.0,0.0,0.0,0.0,0.0,930,0,0.8619,0.0,4.5703160689555435,nan,nan,NO_WELD
91.712,0.0,0.0,0.0,0.0,0.0,0.0,0.0,0.0,930,0,0.8619,0.0,4.5703160689555435,4.5703160689555435,0.0,WELD_FOUND
91.762,0.0,0.0,0.0,0.0,0.0,0.0,0.0,0.0,930,0,0.8619,0.0,4.5703160689555435,4.5703160689555435,0.0,WELD_FOUND
91.812,0.010318513656864835,-0.05,0.002818513656864835,0.017818513656864834,0.0,0.0,0.0028,0.0178,930,0,0.8619,0.0,4.5703160689555435,4.5703160689555435,0.0,WELD_FOUND
91.862,0.010318513656864835,-0.05,0.002818513656864835,0.017818513656864834,0.0,0.0,0.0028,0.0178,930,0,0.8619,0.0,4.5703160689555435,4.5703160689555435,0.0,WELD_FOUND
91.912,0.010318513656864831,-0.1,-0.004681486343135168,0.02531851365686483,0.0,0.0,-0.0047,0.0253,930,0,0.8619,0.0,5.2734409284392205,4.5703160689555435,0.703124859483677,WELD_FOUND
91.962,0.010318513656864831,-0.1,-0.004681486343135168,0.02531851365686483,0.0,0.0,-0.0047,0.0253,930,0,0.8619,0.0,5.2734409284392205,4.5703160689555435,0.703124859483677,WELD_FOUND
92.012,0.009790950319573133,-0.15000000000000002,-0.01270904968042687,0.03229095031957314,0.0,0.0,-0.0127,0.0323,930,0,0.8619,0.0,4.921878712140794,4.746097390548169,0.17578132159262516,WELD_FOUND
92.063,0.009790950319573133,-0.15000000000000002,-0.01270904968042687,0.03229095031957314,0.0,0.0,-0.0127,0.0323,931,0,0.8628,0.0,4.921878712140794,4.746097390548169,0.17578132159262516,WELD_FOUND
92.112,0.0091761467906447,-0.2,-0.0208238532093553,0.0391761467906447,0.0025,0.0,-0.0233,0.0392,931,0,0.8628,0.0,5.2734409284392205,4.921878712140794,0.35156221629842666,WELD_FOUND
92.162,0.0091761467906447,-0.2,-0.0208238532093553,0.0391761467906447,0.0025,0.0,-0.0233,0.0392,932,0,0.8637,0.0,5.2734409284392205,4.921878712140794,0.35156221629842666,WELD_FOUND
92.212,0.00905557811805748,-0.21527425761897573,-0.023235560524788874,0.04134671676090384,0.0052,0.0,-0.0284,0.0413,932,0,0.8637,0.0,4.5703160689555435,4.921878712140794,-0.3515626431852503,WELD_FOUND
92.262,0.00905557811805748,-0.21527425761897573,-0.023235560524788874,0.04134671676090384,0.0052,0.0,-0.0284,0.0413,932,0,0.8637,0.0,4.5703160689555435,4.921878712140794,-0.3515626431852503,WELD_FOUND
92.312,0.0,0.0,0.0,0.0,0.0052,0.0,-0.0052,0.0,932,0,0.8637,0.0,4.5703160689555435,nan,nan,NO_WELD
92.362,0.0,0.0,0.0,0.0,0.0056,0.0,-0.0056,0.0,933,0,0.8647,0.0,4.5703160689555435,nan,nan,NO_WELD
92.412,0.0,0.0,0.0,0.0,0.0056,0.0,-0.0056,0.0,933,0,0.8647,0.0,4.5703160689555435,nan,nan,NO_WELD
92.462,0.0,0.0,0.0,0.0,0.0056,0.0,-0.0056,0.0,932,0,0.8637,0.0,4.5703160689555435,nan,nan,NO_WELD
92.512,0.0,0.0,0.0,0.0,0.0009,0.0,-0.0009,0.0,932,0,0.8637,0.0,4.5703160689555435,nan,nan,NO_WELD
92.562,0.0,0.0,0.0,0.0,0.0009,0.0,-0.0009,0.0,932,0,0.8637,0.0,4.5703160689555435,nan,nan,NO_WELD
92.612,0.0,0.0,0.0,0.0,0.0009,0.0,-0.0009,0.0,932,0,0.8637,0.0,4.5703160689555435,nan,nan,NO_WELD
92.662,0.0,0.0,0.0,0.0,0.0,0.0,0.0,0.0,932,0,0.8637,0.0,4.5703160689555435,nan,nan,NO_WELD
92.712,0.0,0.0,0.0,0.0,0.0,0.0,0.0,0.0,932,0,0.8637,0.0,4.5703160689555435,nan,nan,NO_WELD
92.762,0.0,0.0,0.0,0.0,0.0,0.0,0.0,0.0,932,0,0.8637,0.0,4.5703160689555435,nan,nan,NO_WELD
92.812,0.007819126229933726,-0.05,0.000319126229933726,0.015319126229933725,0.0,0.0,0.0003,0.0153,932,0,0.8637,0.0,5.2734409284392205,5.2734409284392205,0.0,WELD_FOUND
92.862,0.007819126229933726,-0.05,0.000319126229933726,0.015319126229933725,0.0,0.0,0.0003,0.0153,932,0,0.8637,0.0,5.2734409284392205,5.2734409284392205,0.0,WELD_FOUND
92.912,0.0,0.0,0.0,0.0,0.0,0.0,0.0,0.0,932,0,0.8637,0.0,5.2734409284392205,nan,nan,NO_WELD
92.962,0.0,0.0,0.0,0.0,0.0,0.0,0.0,0.0,932,0,0.8637,0.0,5.2734409284392205,nan,nan,NO_WELD
93.012,0.0,0.0,0.0,0.0,0.0,0.0,0.0,0.0,932,0,0.8637,0.0,5.2734409284392205,nan,nan,NO_WELD
93.063,0.0,0.0,0.0,0.0,0.0,0.0,0.0,0.0,932,0,0.8637,0.0,5.2734409284392205,nan,nan,NO_WELD
93.112,0.007819126229933726,-0.05,0.000319126229933726,0.015319126229933725,0.0,0.0,0.0003,0.0153,932,0,0.8637,0.0,5.2734409284392205,5.2734409284392205,0.0,WELD_FOUND
93.162,0.007819126229933726,-0.05,0.000319126229933726,0.015319126229933725,0.0,0.0,0.0003,0.0153,932,0,0.8637,0.0,5.2734409284392205,5.2734409284392205,0.0,WELD_FOUND
93.212,0.0,0.0,0.0,0.0,0.0,0.0,0.0,0.0,932,0,0.8637,0.0,5.2734409284392205,nan,nan,NO_WELD
93.262,0.0,0.0,0.0,0.0,0.0,0.0,0.0,0.0,932,0,0.8637,0.0,5.2734409284392205,nan,nan,NO_WELD
93.312,0.0,0.0,0.0,0.0,0.0,0.0,0.0,0.0,932,0,0.8637,0.0,5.2734409284392205,nan,nan,NO_WELD
93.362,0.0,0.0,0.0,0.0,0.0,0.0,0.0,0.0,932,0,0.8637,0.0,5.2734409284392205,nan,nan,NO_WELD
93.412,0.0,0.0,0.0,0.0,0.0,0.0,0.0,0.0,932,0,0.8637,0.0,5.2734409284392205,nan,nan,NO_WELD
93.462,0.0,0.0,0.0,0.0,0.0,0.0,0.0,0.0,932,0,0.8637,0.0,5.2734409284392205,nan,nan,NO_WELD
93.512,0.0,0.0,0.0,0.0,0.0,0.0,0.0,0.0,932,0,0.8637,0.0,5.2734409284392205,nan,nan,NO_WELD
93.562,0.0,0.0,0.0,0.0,0.0,0.0,0.0,0.0,932,0,0.8637,0.0,5.2734409284392205,nan,nan,NO_WELD
93.612,0.0,0.0,0.0,0.0,0.0,0.0,0.0,0.0,932,0,0.8637,0.0,5.2734409284392205,nan,nan,NO_WELD
93.662,0.0,0.0,0.0,0.0,0.0,0.0,0.0,0.0,932,0,0.8637,0.0,5.2734409284392205,nan,nan,NO_WELD
93.712,0.0,0.0,0.0,0.0,0.0,0.0,0.0,0.0,932,0,0.8637,0.0,5.2734409284392205,nan,nan,NO_WELD
93.762,0.0,0.0,0.0,0.0,0.0,0.0,0.0,0.0,932,0,0.8637,0.0,5.2734409284392205,nan,nan,NO_WELD
93.812,0.0,0.0,0.0,0.0,0.0,0.0,0.0,0.0,932,0,0.8637,0.0,5.2734409284392205,nan,nan,NO_WELD
93.862,0.0,0.0,0.0,0.0,0.0,0.0,0.0,0.0,932,0,0.8637,0.0,5.2734409284392205,nan,nan,NO_WELD
93.912,0.0,0.0,0.0,0.0,0.0,0.0,0.0,0.0,932,0,0.8637,0.0,5.2734409284392205,nan,nan,NO_WELD
93.962,0.0,0.0,0.0,0.0,0.0,0.0,0.0,0.0,932,0,0.8637,0.0,5.2734409284392205,nan,nan,NO_WELD
94.012,0.0,0.0,0.0,0.0,0.0,0.0,0.0,0.0,932,0,0.8637,0.0,4.921878712140794,4.921878712140794,0.0,WELD_FOUND
94.063,0.0,0.0,0.0,0.0,0.0,0.0,0.0,0.0,932,0,0.8637,0.0,4.921878712140794,4.921878712140794,0.0,WELD_FOUND
94.112,0.0,0.0,0.0,0.0,0.0,0.0,0.0,0.0,932,0,0.8637,0.0,4.921878712140794,nan,nan,NO_WELD
94.162,0.0,0.0,0.0,0.0,0.0,0.0,0.0,0.0,932,0,0.8637,0.0,4.921878712140794,nan,nan,NO_WELD
94.212,0.009025560534973096,-0.05,0.0015255605349730958,0.016525560534973095,0.0,0.0,0.0015,0.0165,932,0,0.8637,0.0,4.921878712140794,4.921878712140794,0.0,WELD_FOUND
94.262,0.009025560534973096,-0.05,0.0015255605349730958,0.016525560534973095,0.0,0.0,0.0015,0.0165,932,0,0.8637,0.0,4.921878712140794,4.921878712140794,0.0,WELD_FOUND
94.312,0.0,0.0,0.0,0.0,0.0,0.0,0.0,0.0,932,0,0.8637,0.0,4.921878712140794,nan,nan,NO_WELD
94.362,0.0,0.0,0.0,0.0,0.0025,0.0,-0.0025,0.0,933,0,0.8647,0.0,4.921878712140794,nan,nan,NO_WELD
94.412,0.0,0.0,0.0,0.0,0.0025,0.0,-0.0025,0.0,933,0,0.8647,0.0,4.921878712140794,nan,nan,NO_WELD
94.462,0.0,0.0,0.0,0.0,0.0025,0.0,-0.0025,0.0,933,0,0.8647,0.0,4.921878712140794,nan,nan,NO_WELD
94.512,0.0,0.0,0.0,0.0,0.002,0.0,-0.002,0.0,933,0,0.8647,0.0,4.921878712140794,nan,nan,NO_WELD
94.562,0.0,0.0,0.0,0.0,0.002,0.0,-0.002,0.0,933,0,0.8647,0.0,4.921878712140794,nan,nan,NO_WELD
94.612,0.0,0.0,0.0,0.0,0.0016,0.0,-0.0016,0.0,933,0,0.8647,0.0,4.921878712140794,nan,nan,NO_WELD
94.662,0.0,0.0,0.0,0.0,0.0016,0.0,-0.0016,0.0,933,0,0.8647,0.0,4.921878712140794,nan,nan,NO_WELD
94.712,0.0,0.0,0.0,0.0,0.0013,0.0,-0.0013,0.0,933,0,0.8647,0.0,4.921878712140794,nan,nan,NO_WELD
94.762,0.0,0.0,0.0,0.0,0.0013,0.0,-0.0013,0.0,933,0,0.8647,0.0,4.921878712140794,nan,nan,NO_WELD
94.812,0.0,0.0,0.0,0.0,0.0013,0.0,-0.0013,0.0,933,0,0.8647,0.0,4.921878712140794,nan,nan,NO_WELD
94.862,0.0,0.0,0.0,0.0,0.001,0.0,-0.001,0.0,933,0,0.8647,0.0,4.921878712140794,nan,nan,NO_WELD
94.912,0.0,0.0,0.0,0.0,0.001,0.0,-0.001,0.0,933,0,0.8647,0.0,4.921878712140794,nan,nan,NO_WELD
94.962,0.0,0.0,0.0,0.0,0.001,0.0,-0.001,0.0,933,0,0.8647,0.0,4.921878712140794,nan,nan,NO_WELD
95.012,0.0,0.0,0.0,0.0,0.0,0.0,0.0,0.0,933,0,0.8647,0.0,4.921878712140794,nan,nan,NO_WELD
95.063,0.0,0.0,0.0,0.0,0.0,0.0,0.0,0.0,933,0,0.8647,0.0,4.921878712140794,nan,nan,NO_WELD
95.112,0.006699207811904525,-0.05,-0.0008007921880954748,0.014199207811904525,0.0,0.0,-0.0008,0.0142,933,0,0.8647,0.0,5.625003571624471,5.625003571624471,0.0,WELD_FOUND
95.162,0.006699207811904525,-0.05,-0.0008007921880954748,0.014199207811904525,0.0,0.0,-0.0008,0.0142,933,0,0.8647,0.0,5.625003571624471,5.625003571624471,0.0,WELD_FOUND
95.212,0.0,0.0,0.0,0.0,0.0,0.0,0.0,0.0,933,0,0.8647,0.0,5.625003571624471,nan,nan,NO_WELD
95.262,0.0,0.0,0.0,0.0,0.0,0.0,0.0,0.0,933,0,0.8647,0.0,5.625003571624471,nan,nan,NO_WELD
95.312,0.0,0.0,0.0,0.0,0.0,0.0,0.0,0.0,933,0,0.8647,0.0,5.625003571624471,nan,nan,NO_WELD
95.362,0.0,0.0,0.0,0.0,0.0,0.0,0.0,0.0,933,0,0.8647,0.0,5.625003571624471,nan,nan,NO_WELD
95.412,0.0,0.0,0.0,0.0,0.0,0.0,0.0,0.0,933,0,0.8647,0.0,5.625003571624471,nan,nan,NO_WELD
95.462,0.0,0.0,0.0,0.0,0.0,0.0,0.0,0.0,933,0,0.8647,0.0,5.625003571624471,nan,nan,NO_WELD
95.512,0.0,0.0,0.0,0.0,0.0,0.0,0.0,0.0,933,0,0.8647,0.0,5.625003571624471,nan,nan,NO_WELD
95.562,0.0,0.0,0.0,0.0,0.0,0.0,0.0,0.0,933,0,0.8647,0.0,5.625003571624471,nan,nan,NO_WELD
95.612,0.0,0.0,0.0,0.0,0.0,0.0,0.0,0.0,933,0,0.8647,0.0,5.625003571624471,nan,nan,NO_WELD
95.662,0.0,0.0,0.0,0.0,0.0,0.0,0.0,0.0,933,0,0.8647,0.0,5.625003571624471,nan,nan,NO_WELD
95.712,0.0,0.0,0.0,0.0,0.0,0.0,0.0,0.0,933,0,0.8647,0.0,5.625003571624471,nan,nan,NO_WELD
95.762,0.0,0.0,0.0,0.0,0.0,0.0,0.0,0.0,933,0,0.8647,0.0,5.625003571624471,nan,nan,NO_WELD
95.812,0.007819126229933726,-0.05,0.000319126229933726,0.015319126229933725,0.0,0.0,0.0003,0.0153,933,0,0.8647,0.0,5.2734409284392205,5.2734409284392205,0.0,WELD_FOUND
95.862,0.007819126229933726,-0.05,0.000319126229933726,0.015319126229933725,0.0,0.0,0.0003,0.0153,933,0,0.8647,0.0,5.2734409284392205,5.2734409284392205,0.0,WELD_FOUND
95.912,0.0,0.0,0.0,0.0,0.0,0.0,0.0,0.0,933,0,0.8647,0.0,5.2734409284392205,nan,nan,NO_WELD
95.962,0.0,0.0,0.0,0.0,0.0,0.0,0.0,0.0,933,0,0.8647,0.0,5.2734409284392205,nan,nan,NO_WELD
96.012,0.0,0.0,0.0,0.0,0.0,0.0,0.0,0.0,933,0,0.8647,0.0,5.2734409284392205,nan,nan,NO_WELD
96.063,0.0,0.0,0.0,0.0,0.0,0.0,0.0,0.0,933,0,0.8647,0.0,5.2734409284392205,nan,nan,NO_WELD
96.112,0.0,0.0,0.0,0.0,0.0,0.0,0.0,0.0,933,0,0.8647,0.0,5.2734409284392205,nan,nan,NO_WELD
96.162,0.0,0.0,0.0,0.0,0.0,0.0,0.0,0.0,933,0,0.8647,0.0,5.2734409284392205,nan,nan,NO_WELD
96.212,0.0,0.0,0.0,0.0,0.0,0.0,0.0,0.0,933,0,0.8647,0.0,5.2734409284392205,nan,nan,NO_WELD
96.262,0.0,0.0,0.0,0.0,0.0,0.0,0.0,0.0,933,0,0.8647,0.0,5.2734409284392205,nan,nan,NO_WELD
96.312,0.0,0.0,0.0,0.0,0.0,0.0,0.0,0.0,933,0,0.8647,0.0,5.2734409284392205,nan,nan,NO_WELD
96.362,0.0,0.0,0.0,0.0,0.0,0.0,0.0,0.0,933,0,0.8647,0.0,5.2734409284392205,nan,nan,NO_WELD
96.412,0.0,0.0,0.0,0.0,0.0,0.0,0.0,0.0,933,0,0.8647,0.0,5.2734409284392205,nan,nan,NO_WELD
96.462,0.0,0.0,0.0,0.0,0.0,0.0,0.0,0.0,933,0,0.8647,0.0,5.2734409284392205,nan,nan,NO_WELD
96.512,0.0,0.0,0.0,0.0,0.0,0.0,0.0,0.0,933,0,0.8647,0.0,5.2734409284392205,nan,nan,NO_WELD
96.562,0.0,0.0,0.0,0.0,0.0,0.0,0.0,0.0,933,0,0.8647,0.0,5.2734409284392205,nan,nan,NO_WELD
96.612,0.007819126229933726,-0.05,0.000319126229933726,0.015319126229933725,0.0,0.0,0.0003,0.0153,933,0,0.8647,0.0,5.2734409284392205,5.2734409284392205,0.0,WELD_FOUND
96.662,0.007819126229933726,-0.05,0.000319126229933726,0.015319126229933725,0.0,0.0,0.0003,0.0153,933,0,0.8647,0.0,5.2734409284392205,5.2734409284392205,0.0,WELD_FOUND
96.712,0.00736077677418704,-0.1,-0.007639223225812959,0.02236077677418704,0.0,0.0,-0.0076,0.0224,933,0,0.8647,0.0,5.625003571624471,5.449222250031846,0.17578132159262516,WELD_FOUND
96.762,0.00736077677418704,-0.1,-0.007639223225812959,0.02236077677418704,0.0,0.0,-0.0076,0.0224,933,0,0.8647,0.0,5.625003571624471,5.449222250031846,0.17578132159262516,WELD_FOUND
96.812,0.0,0.0,0.0,0.0,0.0,0.0,0.0,0.0,933,0,0.8647,0.0,5.625003571624471,nan,nan,NO_WELD
96.862,0.0,0.0,0.0,0.0,0.0,0.0,0.0,0.0,933,0,0.8647,0.0,5.625003571624471,nan,nan,NO_WELD
96.912,0.0,0.0,0.0,0.0,0.0,0.0,0.0,0.0,933,0,0.8647,0.0,5.625003571624471,nan,nan,NO_WELD
96.962,0.0,0.0,0.0,0.0,0.0,0.0,0.0,0.0,933,0,0.8647,0.0,5.625003571624471,nan,nan,NO_WELD
97.012,0.0,0.0,0.0,0.0,0.0,0.0,0.0,0.0,933,0,0.8647,0.0,5.625003571624471,nan,nan,NO_WELD
97.063,0.0,0.0,0.0,0.0,0.0,0.0,0.0,0.0,933,0,0.8647,0.0,5.625003571624471,nan,nan,NO_WELD
97.112,0.0,0.0,0.0,0.0,0.0,0.0,0.0,0.0,933,0,0.8647,0.0,5.625003571624471,nan,nan,NO_WELD
97.162,0.0,0.0,0.0,0.0,0.0,0.0,0.0,0.0,933,0,0.8647,0.0,5.625003571624471,nan,nan,NO_WELD
97.212,0.009025560534973096,-0.05,0.0015255605349730958,0.016525560534973095,0.0,0.0,0.0015,0.0165,933,0,0.8647,0.0,4.921878712140794,4.921878712140794,0.0,WELD_FOUND
97.262,0.009025560534973096,-0.05,0.0015255605349730958,0.016525560534973095,0.0,0.0,0.0015,0.0165,933,0,0.8647,0.0,4.921878712140794,4.921878712140794,0.0,WELD_FOUND
97.312,0.0,0.0,0.0,0.0,0.0,0.0,0.0,0.0,933,0,0.8647,0.0,4.921878712140794,nan,nan,NO_WELD
97.362,0.0,0.0,0.0,0.0,0.0,0.0,0.0,0.0,933,0,0.8647,0.0,4.921878712140794,nan,nan,NO_WELD
97.412,0.0,0.0,0.0,0.0,0.0,0.0,0.0,0.0,933,0,0.8647,0.0,4.921878712140794,nan,nan,NO_WELD
97.462,0.0,0.0,0.0,0.0,0.0,0.0,0.0,0.0,933,0,0.8647,0.0,4.921878712140794,nan,nan,NO_WELD
97.512,0.0,0.0,0.0,0.0,0.0,0.0,0.0,0.0,933,0,0.8647,0.0,4.921878712140794,nan,nan,NO_WELD
97.562,0.0,0.0,0.0,0.0,0.0,0.0,0.0,0.0,933,0,0.8647,0.0,4.921878712140794,nan,nan,NO_WELD
97.612,0.0,0.0,0.0,0.0,0.0,0.0,0.0,0.0,933,0,0.8647,0.0,4.921878712140794,nan,nan,NO_WELD
97.662,0.0,0.0,0.0,0.0,0.0,0.0,0.0,0.0,933,0,0.8647,0.0,4.921878712140794,nan,nan,NO_WELD
97.712,0.0,0.0,0.0,0.0,0.0,0.0,0.0,0.0,933,0,0.8647,0.0,4.921878712140794,nan,nan,NO_WELD
97.762,0.0,0.0,0.0,0.0,0.0,0.0,0.0,0.0,933,0,0.8647,0.0,4.921878712140794,nan,nan,NO_WELD
97.812,0.0,0.0,0.0,0.0,0.0,0.0,0.0,0.0,933,0,0.8647,0.0,5.2734409284392205,5.2734409284392205,0.0,WELD_FOUND
97.862,0.0,0.0,0.0,0.0,0.0,0.0,0.0,0.0,933,0,0.8647,0.0,5.2734409284392205,5.2734409284392205,0.0,WELD_FOUND
97.912,0.009025560534973096,-0.05,0.0015255605349730958,0.016525560534973095,0.0,0.0,0.0015,0.0165,933,0,0.8647,0.0,4.5703160689555435,4.921878712140794,-0.3515626431852503,WELD_FOUND
97.962,0.009025560534973096,-0.05,0.0015255605349730958,0.016525560534973095,0.0,0.0,0.0015,0.0165,933,0,0.8647,0.0,4.5703160689555435,4.921878712140794,-0.3515626431852503,WELD_FOUND
98.012,0.0,0.0,0.0,0.0,0.0,0.0,0.0,0.0,933,0,0.8647,0.0,4.5703160689555435,nan,nan,NO_WELD
98.063,0.0,0.0,0.0,0.0,0.0,0.0,0.0,0.0,933,0,0.8647,0.0,4.5703160689555435,nan,nan,NO_WELD
98.112,0.01227399585134076,-0.05,0.00477399585134076,0.019773995851340757,0.0,0.0,0.0048,0.0198,933,0,0.8647,0.0,3.8671912094718666,3.8671912094718666,0.0,WELD_FOUND
98.162,0.01227399585134076,-0.05,0.00477399585134076,0.019773995851340757,0.0,0.0,0.0048,0.0198,933,0,0.8647,0.0,3.8671912094718666,3.8671912094718666,0.0,WELD_FOUND
98.212,0.0,0.0,0.0,0.0,0.0,0.0,0.0,0.0,933,0,0.8647,0.0,3.8671912094718666,nan,nan,NO_WELD
98.262,0.0,0.0,0.0,0.0,0.0,0.0,0.0,0.0,933,0,0.8647,0.0,3.8671912094718666,nan,nan,NO_WELD
98.312,0.0,0.0,0.0,0.0,0.0,0.0,0.0,0.0,934,0,0.8656,0.0,3.8671912094718666,nan,nan,NO_WELD
98.362,0.0,0.0,0.0,0.0,0.0037,0.0,-0.0037,0.0,934,0,0.8656,0.0,3.8671912094718666,nan,nan,NO_WELD
98.412,0.0,0.0,0.0,0.0,0.0037,0.0,-0.0037,0.0,934,0,0.8656,0.0,3.8671912094718666,nan,nan,NO_WELD
98.462,0.0,0.0,0.0,0.0,0.0037,0.0,-0.0037,0.0,934,0,0.8656,0.0,3.8671912094718666,nan,nan,NO_WELD
98.512,0.0,0.0,0.0,0.0,0.003,0.0,-0.003,0.0,934,0,0.8656,0.0,3.8671912094718666,nan,nan,NO_WELD
98.562,0.0,0.0,0.0,0.0,0.003,0.0,-0.003,0.0,934,0,0.8656,0.0,3.8671912094718666,nan,nan,NO_WELD
98.612,0.0,0.0,0.0,0.0,0.0024,0.0,-0.0024,0.0,934,0,0.8656,0.0,3.8671912094718666,nan,nan,NO_WELD
98.662,0.0,0.0,0.0,0.0,0.0024,0.0,-0.0024,0.0,934,0,0.8656,0.0,3.8671912094718666,nan,nan,NO_WELD
98.712,0.0,0.0,0.0,0.0,0.0024,0.0,-0.0024,0.0,934,0,0.8656,0.0,3.8671912094718666,nan,nan,NO_WELD
98.762,0.0,0.0,0.0,0.0,0.0019,0.0,-0.0019,0.0,934,0,0.8656,0.0,3.8671912094718666,nan,nan,NO_WELD
98.812,0.0,0.0,0.0,0.0,0.0019,0.0,-0.0019,0.0,934,0,0.8656,0.0,3.8671912094718666,nan,nan,NO_WELD
98.862,0.0,0.0,0.0,0.0,0.0015,0.0,-0.0015,0.0,934,0,0.8656,0.0,3.8671912094718666,nan,nan,NO_WELD
98.912,0.0,0.0,0.0,0.0,0.0015,0.0,-0.0015,0.0,934,0,0.8656,0.0,3.8671912094718666,nan,nan,NO_WELD
98.962,0.0,0.0,0.0,0.0,0.0015,0.0,-0.0015,0.0,934,0,0.8656,0.0,3.8671912094718666,nan,nan,NO_WELD
99.012,0.0,0.0,0.0,0.0,0.0012,0.0,-0.0012,0.0,934,0,0.8656,0.0,3.8671912094718666,nan,nan,NO_WELD
99.063,0.0,0.0,0.0,0.0,0.0012,0.0,-0.0012,0.0,934,0,0.8656,0.0,3.8671912094718666,nan,nan,NO_WELD
99.112,0.0,0.0,0.0,0.0,0.0,0.0,0.0,0.0,934,0,0.8656,0.0,3.8671912094718666,nan,nan,NO_WELD
99.162,0.0,0.0,0.0,0.0,0.0,0.0,0.0,0.0,934,0,0.8656,0.0,3.8671912094718666,nan,nan,NO_WELD
99.212,0.0,0.0,0.0,0.0,0.0,0.0,0.0,0.0,934,0,0.8656,0.0,0.7031284346608206,nan,nan,NO_WELD
99.262,0.0,0.0,0.0,0.0,0.0,0.0,0.0,0.0,934,0,0.8656,0.0,0.7031284346608206,nan,nan,NO_WELD
99.312,0.0,0.0,0.0,0.0,0.0,0.0,0.0,0.0,934,0,0.8656,0.0,1.054690917763512,nan,nan,NO_WELD
99.362,0.0,0.0,0.0,0.0,0.0,0.0,0.0,0.0,934,0,0.8656,0.0,1.054690917763512,nan,nan,NO_WELD
99.412,0.0,0.0,0.0,0.0,0.0,0.0,0.0,0.0,934,0,0.8656,0.0,1.054690917763512,nan,nan,NO_WELD
99.462,0.0,0.0,0.0,0.0,0.0,0.0,0.0,0.0,934,0,0.8656,0.0,1.054690917763512,nan,nan,NO_WELD
99.512,0.0,0.0,0.0,0.0,0.0,0.0,0.0,0.0,934,0,0.8656,0.0,0.7031284346608206,nan,nan,NO_WELD
99.562,0.0,0.0,0.0,0.0,0.0,0.0,0.0,0.0,934,0,0.8656,0.0,0.7031284346608206,nan,nan,NO_WELD
99.612,0.0,0.0,0.0,0.0,0.0,0.0,0.0,0.0,934,0,0.8656,0.0,0.7031284346608206,0.7031284346608206,0.0,WELD_FOUND
99.662,0.0,0.0,0.0,0.0,0.0,0.0,0.0,0.0,934,0,0.8656,0.0,0.7031284346608206,0.7031284346608206,0.0,WELD_FOUND
99.712,0.0,0.0,0.0,0.0,0.0,0.0,0.0,0.0,934,0,0.8656,0.0,0.7031284346608206,nan,nan,NO_WELD
99.762,0.0,0.0,0.0,0.0,0.0,0.0,0.0,0.0,934,0,0.8656,0.0,0.7031284346608206,nan,nan,NO_WELD
99.812,0.032582298035693374,-0.015883203284567413,0.030199817543008264,0.03496477852837849,0.0,0.0,0.0302,0.035,934,0,0.8656,0.0,0.35156592487770283,0.35156592487770283,0.0,WELD_FOUND
99.862,0.032582298035693374,-0.015883203284567413,0.030199817543008264,0.03496477852837849,0.0,0.0,0.0302,0.035,934,0,0.8656,0.0,0.35156592487770283,0.35156592487770283,0.0,WELD_FOUND
99.912,0.03163945173812606,-0.025153906366582813,0.027866365783138638,0.035412537693113484,0.0037,0.0,0.0242,0.0354,935,0,0.8665,0.0,0.7031284346608206,0.5273471664290486,0.1757812682317721,WELD_FOUND
99.962,0.03163945173812606,-0.025153906366582813,0.027866365783138638,0.035412537693113484,0.0037,0.0,0.0242,0.0354,935,0,0.8665,0.0,0.7031284346608206,0.5273471664290486,0.1757812682317721,WELD_FOUND
100.012,0.03052630850069106,-0.03326597557696283,0.025536412164146635,0.035516204837235485,0.0282,0.0,-0.0026,0.0355,942,0,0.873,0.0,0.7031284346608206,0.7031284346608206,0.0,WELD_FOUND
100.063,0.03052630850069106,-0.03326597557696283,0.025536412164146635,0.035516204837235485,0.0282,0.0,-0.0026,0.0355,942,0,0.873,0.0,0.7031284346608206,0.7031284346608206,0.0,WELD_FOUND
100.112,0.030306071884829235,-0.031201612020626487,0.02562583008173526,0.03498631368792321,0.0282,0.0,-0.0025,0.035,947,0,0.8777,0.0,1.054690917763512,0.7031284346608206,0.35156248310269134,WELD_FOUND
100.162,0.030306071884829235,-0.031201612020626487,0.02562583008173526,0.03498631368792321,0.0293,0.0,-0.0036,0.035,947,0,0.8777,0.0,1.054690917763512,0.7031284346608206,0.35156248310269134,WELD_FOUND
100.212,0.03026212024292188,-0.03078338679403895,0.02564461222381604,0.03487962826202772,0.0293,0.0,-0.0036,0.0349,951,0,0.8814,0.0,0.7031284346608206,0.7031284346608206,0.0,WELD_FOUND
100.262,0.03026212024292188,-0.03078338679403895,0.02564461222381604,0.03487962826202772,0.0324,0.0,-0.0067,0.0349,951,0,0.8814,0.0,0.7031284346608206,0.7031284346608206,0.0,WELD_FOUND
100.312,0.0,0.0,0.0,0.0,0.0324,0.0,-0.0324,0.0,954,0,0.8841,0.0,0.7031284346608206,nan,nan,NO_WELD
100.362,0.0,0.0,0.0,0.0,0.0324,0.0,-0.0324,0.0,954,0,0.8841,0.0,0.7031284346608206,nan,nan,NO_WELD
100.412,0.0,0.0,0.0,0.0,0.0318,0.0,-0.0318,0.0,956,0,0.886,0.0,0.7031284346608206,nan,nan,NO_WELD
100.462,0.0,0.0,0.0,0.0,0.0318,0.0,-0.0318,0.0,956,0,0.886,0.0,0.7031284346608206,nan,nan,NO_WELD
100.512,0.0,0.0,0.0,0.0,0.0318,0.0,-0.0318,0.0,956,0,0.886,0.0,0.7031284346608206,nan,nan,NO_WELD
100.562,0.0,0.0,0.0,0.0,0.0254,0.0,-0.0254,0.0,956,0,0.886,0.0,0.7031284346608206,nan,nan,NO_WELD
100.612,0.0,0.0,0.0,0.0,0.0254,0.0,-0.0254,0.0,956,0,0.886,0.0,0.7031284346608206,nan,nan,NO_WELD
100.662,0.0,0.0,0.0,0.0,0.0254,0.0,-0.0254,0.0,956,0,0.886,0.0,0.7031284346608206,nan,nan,NO_WELD
100.712,0.0,0.0,0.0,0.0,0.0203,0.0,-0.0203,0.0,956,0,0.886,0.0,0.7031284346608206,nan,nan,NO_WELD
100.762,0.0,0.0,0.0,0.0,0.0203,0.0,-0.0203,0.0,956,0,0.886,0.0,0.7031284346608206,nan,nan,NO_WELD
100.812,0.0,0.0,0.0,0.0,0.0163,0.0,-0.0163,0.0,956,0,0.886,0.0,0.7031284346608206,nan,nan,NO_WELD
100.862,0.0,0.0,0.0,0.0,0.0163,0.0,-0.0163,0.0,956,0,0.886,0.0,0.7031284346608206,nan,nan,NO_WELD
100.912,0.0,0.0,0.0,0.0,0.013,0.0,-0.013,0.0,956,0,0.886,0.0,0.7031284346608206,nan,nan,NO_WELD
100.962,0.0,0.0,0.0,0.0,0.013,0.0,-0.013,0.0,956,0,0.886,0.0,0.7031284346608206,nan,nan,NO_WELD
101.012,0.0,0.0,0.0,0.0,0.0104,0.0,-0.0104,0.0,956,0,0.886,0.0,0.7031284346608206,nan,nan,NO_WELD
101.063,0.0,0.0,0.0,0.0,0.0104,0.0,-0.0104,0.0,956,0,0.886,0.0,0.7031284346608206,nan,nan,NO_WELD
101.112,0.0,0.0,0.0,0.0,0.0104,0.0,-0.0104,0.0,956,0,0.886,0.0,0.7031284346608206,nan,nan,NO_WELD
101.162,0.0,0.0,0.0,0.0,0.0083,0.0,-0.0083,0.0,956,0,0.886,0.0,0.7031284346608206,nan,nan,NO_WELD
101.212,0.0,0.0,0.0,0.0,0.0083,0.0,-0.0083,0.0,956,0,0.886,0.0,0.7031284346608206,nan,nan,NO_WELD
101.262,0.0,0.0,0.0,0.0,0.0083,0.0,-0.0083,0.0,956,0,0.886,0.0,0.7031284346608206,nan,nan,NO_WELD
101.312,0.0,0.0,0.0,0.0,0.0067,0.0,-0.0067,0.0,956,0,0.886,0.0,-0.7031216044716506,nan,nan,NO_WELD
101.362,0.0,0.0,0.0,0.0,0.0067,0.0,-0.0067,0.0,956,0,0.886,0.0,-0.7031216044716506,nan,nan,NO_WELD
101.412,0.0,0.0,0.0,0.0,0.0067,0.0,-0.0067,0.0,956,0,0.886,0.0,-1.0546840875743422,nan,nan,NO_WELD
101.462,0.0,0.0,0.0,0.0,0.0053,0.0,-0.0053,0.0,956,0,0.886,0.0,-1.0546840875743422,nan,nan,NO_WELD
101.512,0.0,0.0,0.0,0.0,0.0053,0.0,-0.0053,0.0,956,0,0.886,0.0,-0.35155909468853286,nan,nan,NO_WELD
101.562,0.0,0.0,0.0,0.0,0.0043,0.0,-0.0043,0.0,956,0,0.886,0.0,-0.35155909468853286,nan,nan,NO_WELD
101.612,0.0,0.0,0.0,0.0,0.0043,0.0,-0.0043,0.0,956,0,0.886,0.0,3.4150945850063755e-06,nan,nan,NO_WELD
101.662,0.0,0.0,0.0,0.0,0.0043,0.0,-0.0043,0.0,956,0,0.886,0.0,3.4150945850063755e-06,nan,nan,NO_WELD
101.712,0.0,0.0,0.0,0.0,0.0034,0.0,-0.0034,0.0,956,0,0.886,0.0,5.97656621480972,nan,nan,NO_WELD
101.762,0.0,0.0,0.0,0.0,0.0034,0.0,-0.0034,0.0,956,0,0.886,0.0,5.97656621480972,nan,nan,NO_WELD
101.812,0.0,0.0,0.0,0.0,0.0027,0.0,-0.0027,0.0,956,0,0.886,0.0,3.5156285662866162,nan,nan,NO_WELD
101.862,0.0,0.0,0.0,0.0,0.0027,0.0,-0.0027,0.0,956,0,0.886,0.0,3.5156285662866162,nan,nan,NO_WELD
101.912,0.0,0.0,0.0,0.0,0.0027,0.0,-0.0027,0.0,956,0,0.886,0.0,-0.7031216044716506,nan,nan,NO_WELD
101.962,0.0,0.0,0.0,0.0,0.0022,0.0,-0.0022,0.0,956,0,0.886,0.0,-0.7031216044716506,nan,nan,NO_WELD
102.012,0.0,0.0,0.0,0.0,0.0022,0.0,-0.0022,0.0,956,0,0.886,0.0,-1.4062466240378864,nan,nan,NO_WELD
102.063,0.0,0.0,0.0,0.0,0.0017,0.0,-0.0017,0.0,956,0,0.886,0.0,-1.4062466240378864,nan,nan,NO_WELD
102.112,0.0,0.0,0.0,0.0,0.0017,0.0,-0.0017,0.0,956,0,0.886,0.0,-1.4062466240378864,nan,nan,NO_WELD
102.162,0.0,0.0,0.0,0.0,0.0014,0.0,-0.0014,0.0,956,0,0.886,0.0,-1.4062466240378864,nan,nan,NO_WELD
102.212,0.0,0.0,0.0,0.0,0.0014,0.0,-0.0014,0.0,956,0,0.886,0.0,-0.35155909468853286,nan,nan,NO_WELD
102.262,0.0,0.0,0.0,0.0,0.0014,0.0,-0.0014,0.0,956,0,0.886,0.0,-0.35155909468853286,nan,nan,NO_WELD
102.312,0.0,0.0,0.0,0.0,0.0011,0.0,-0.0011,0.0,956,0,0.886,0.0,-0.35155909468853286,-0.35155909468853286,0.0,WELD_FOUND
102.362,0.0,0.0,0.0,0.0,0.0011,0.0,-0.0011,0.0,956,0,0.886,0.0,-0.35155909468853286,-0.35155909468853286,0.0,WELD_FOUND
102.412,0.03140594838689981,0.023639414000393544,0.034951860486958836,0.027860036286840775,0.0,0.0,0.035,0.0279,956,0,0.886,0.0,-0.7031216044716506,-0.5273403362398785,-0.1757812682317721,WELD_FOUND
102.462,0.03140594838689981,0.023639414000393544,0.034951860486958836,0.027860036286840775,0.0,0.0,0.035,0.0279,956,0,0.886,0.0,-0.7031216044716506,-0.5273403362398785,-0.1757812682317721,WELD_FOUND
102.512,0.030480404742689038,0.03280675511849781,0.03540141801046371,0.025559391474914366,0.0,0.0,0.0354,0.0256,957,0,0.8869,0.0,-0.7031216044716506,-0.7031216044716506,0.0,WELD_FOUND
102.562,0.030480404742689038,0.03280675511849781,0.03540141801046371,0.025559391474914366,0.0025,0.0,0.0329,0.0256,957,0,0.8869,0.0,-0.7031216044716506,-0.7031216044716506,0.0,WELD_FOUND
102.612,0.030296957147003957,0.031105144027908063,0.034962728751190164,0.02563118554281775,0.0025,0.0,0.0325,0.0256,964,0,0.8934,0.0,-0.7031216044716506,-0.7031216044716506,0.0,WELD_FOUND
102.662,0.030296957147003957,0.031105144027908063,0.034962728751190164,0.02563118554281775,0.0025,0.0,0.0325,0.0256,964,0,0.8934,0.0,-0.7031216044716506,-0.7031216044716506,0.0,WELD_FOUND
102.712,0.0,0.0,0.0,0.0,0.0336,0.0,-0.0336,0.0,970,0,0.899,0.0,-0.7031216044716506,nan,nan,NO_WELD
102.762,0.0,0.0,0.0,0.0,0.0336,0.0,-0.0336,0.0,970,0,0.899,0.0,-0.7031216044716506,nan,nan,NO_WELD
102.812,0.0,0.0,0.0,0.0,0.0336,0.0,-0.0336,0.0,973,0,0.9017,0.0,-0.7031216044716506,nan,nan,NO_WELD
102.862,0.0,0.0,0.0,0.0,0.0276,0.0,-0.0276,0.0,973,0,0.9017,0.0,-0.7031216044716506,nan,nan,NO_WELD
102.912,0.0,0.0,0.0,0.0,0.0276,0.0,-0.0276,0.0,972,0,0.9008,0.0,-0.7031216044716506,nan,nan,NO_WELD
102.962,0.0,0.0,0.0,0.0,0.0128,0.0,-0.0128,0.0,972,0,0.9008,0.0,-0.7031216044716506,nan,nan,NO_WELD
103.012,0.03258234416615065,0.01765705342505012,0.035230902179908166,0.02993378615239313,0.0128,0.0,0.0224,0.0299,972,0,0.9008,0.0,-0.35155909468853286,-0.35155909468853286,0.0,WELD_FOUND
103.063,0.03258234416615065,0.01765705342505012,0.035230902179908166,0.02993378615239313,0.0128,0.0,0.0224,0.0299,972,0,0.9008,0.0,-0.35155909468853286,-0.35155909468853286,0.0,WELD_FOUND
103.112,0.030710492858473867,0.03495836561059173,0.03595424770006263,0.025466738016885107,0.0103,0.0,0.0257,0.0255,972,0,0.9008,0.0,-1.0546840875743422,-0.7031216044716506,-0.35156248310269156,WELD_FOUND
103.162,0.030710492858473867,0.03495836561059173,0.03595424770006263,0.025466738016885107,0.0103,0.0,0.0257,0.0255,972,0,0.9008,0.0,-1.0546840875743422,-0.7031216044716506,-0.35156248310269156,WELD_FOUND
103.212,0.0,0.0,0.0,0.0,0.0284,0.0,-0.0284,0.0,978,0,0.9064,0.0,-1.0546840875743422,nan,nan,NO_WELD
103.262,0.0,0.0,0.0,0.0,0.0284,0.0,-0.0284,0.0,978,0,0.9064,0.0,-1.0546840875743422,nan,nan,NO_WELD
103.312,0.0,0.0,0.0,0.0,0.0319,0.0,-0.0319,0.0,982,0,0.9101,0.0,-1.0546840875743422,nan,nan,NO_WELD
103.362,0.0,0.0,0.0,0.0,0.0319,0.0,-0.0319,0.0,982,0,0.9101,0.0,-1.0546840875743422,nan,nan,NO_WELD
103.412,0.0,0.0,0.0,0.0,0.0255,0.0,-0.0255,0.0,982,0,0.9101,0.0,-1.0546840875743422,nan,nan,NO_WELD
103.461,0.0,0.0,0.0,0.0,0.0255,0.0,-0.0255,0.0,982,0,0.9101,0.0,-1.0546840875743422,nan,nan,NO_WELD
103.512,0.0,0.0,0.0,0.0,0.0255,0.0,-0.0255,0.0,982,0,0.9101,0.0,-1.4062466240378864,-1.4062466240378864,0.0,WELD_FOUND
103.562,0.0,0.0,0.0,0.0,0.0204,0.0,-0.0204,0.0,982,0,0.9101,0.0,-1.4062466240378864,-1.4062466240378864,0.0,WELD_FOUND
103.612,0.02800653687058349,0.05,0.035506536870583486,0.02050653687058349,0.0204,0.0,0.0151,0.0205,982,0,0.9101,0.0,-0.7031216044716506,-1.0546840875743422,0.35156248310269156,WELD_FOUND
103.662,0.02800653687058349,0.05,0.035506536870583486,0.02050653687058349,0.0204,0.0,0.0151,0.0205,982,0,0.9101,0.0,-0.7031216044716506,-1.0546840875743422,0.35156248310269156,WELD_FOUND
103.712,0.0,0.0,0.0,0.0,0.0147,0.0,-0.0147,0.0,983,0,0.911,0.0,-0.7031216044716506,nan,nan,NO_WELD
103.762,0.0,0.0,0.0,0.0,0.0147,0.0,-0.0147,0.0,983,0,0.911,0.0,-0.7031216044716506,nan,nan,NO_WELD
103.812,0.0,0.0,0.0,0.0,0.0147,0.0,-0.0147,0.0,986,0,0.9138,0.0,-0.7031216044716506,nan,nan,NO_WELD
103.862,0.0,0.0,0.0,0.0,0.0162,0.0,-0.0162,0.0,986,0,0.9138,0.0,-0.7031216044716506,nan,nan,NO_WELD
103.912,0.0,0.0,0.0,0.0,0.0162,0.0,-0.0162,0.0,985,0,0.9129,0.0,-0.7031216044716506,nan,nan,NO_WELD
103.962,0.0,0.0,0.0,0.0,0.006,0.0,-0.006,0.0,985,0,0.9129,0.0,-0.7031216044716506,nan,nan,NO_WELD
104.012,0.0,0.0,0.0,0.0,0.006,0.0,-0.006,0.0,985,0,0.9129,0.0,-0.7031216044716506,nan,nan,NO_WELD
104.063,0.0,0.0,0.0,0.0,0.0048,0.0,-0.0048,0.0,985,0,0.9129,0.0,-0.7031216044716506,nan,nan,NO_WELD
104.112,0.0,0.0,0.0,0.0,0.0048,0.0,-0.0048,0.0,985,0,0.9129,0.0,-0.7031216044716506,-0.7031216044716506,0.0,WELD_FOUND
104.162,0.0,0.0,0.0,0.0,0.0048,0.0,-0.0048,0.0,985,0,0.9129,0.0,-0.7031216044716506,-0.7031216044716506,0.0,WELD_FOUND
104.212,0.030251181765434624,0.033758140950363835,0.0353149029079892,0.025187460622880048,0.0039,0.0,0.0314,0.0252,985,0,0.9129,0.0,-0.7031216044716506,-0.7031216044716506,0.0,WELD_FOUND
104.262,0.030251181765434624,0.033758140950363835,0.0353149029079892,0.025187460622880048,0.0039,0.0,0.0314,0.0252,985,0,0.9129,0.0,-0.7031216044716506,-0.7031216044716506,0.0,WELD_FOUND
104.312,0.0,0.0,0.0,0.0,0.0031,0.0,-0.0031,0.0,985,0,0.9129,0.0,-0.7031216044716506,nan,nan,NO_WELD
104.362,0.0,0.0,0.0,0.0,0.0031,0.0,-0.0031,0.0,985,0,0.9129,0.0,-0.7031216044716506,nan,nan,NO_WELD
104.412,0.030251181765434624,0.030679467599838972,0.034853101905410466,0.025649261625458778,0.0031,0.0,0.0318,0.0256,990,0,0.9175,0.0,-0.7031216044716506,-0.7031216044716506,0.0,WELD_FOUND
104.462,0.030251181765434624,0.030679467599838972,0.034853101905410466,0.025649261625458778,0.0142,0.0,0.0207,0.0256,990,0,0.9175,0.0,-0.7031216044716506,-0.7031216044716506,0.0,WELD_FOUND
104.512,0.029342941591610106,0.04052041457418204,0.03542100377773741,0.0232648794054828,0.0142,0.0,0.0212,0.0233,991,0,0.9184,0.0,-1.0546840875743422,-0.8789028727034228,-0.17578121487091936,WELD_FOUND
104.562,0.029342941591610106,0.04052041457418204,0.03542100377773741,0.0232648794054828,0.0142,0.0,0.0212,0.0233,991,0,0.9184,0.0,-1.0546840875743422,-0.8789028727034228,-0.17578121487091936,WELD_FOUND
104.612,0.0,0.0,0.0,0.0,0.0258,0.0,-0.0258,0.0,997,0,0.924,0.0,-1.0546840875743422,nan,nan,NO_WELD
104.662,0.0,0.0,0.0,0.0,0.0258,0.0,-0.0258,0.0,997,0,0.924,0.0,-1.0546840875743422,nan,nan,NO_WELD
104.712,0.0,0.0,0.0,0.0,0.0258,0.0,-0.0258,0.0,1001,0,0.9277,0.0,-1.0546840875743422,nan,nan,NO_WELD
104.762,0.0,0.0,0.0,0.0,0.0254,0.0,-0.0254,0.0,1001,0,0.9277,0.0,-1.0546840875743422,nan,nan,NO_WELD
104.812,0.0,0.0,0.0,0.0,0.0254,0.0,-0.0254,0.0,1001,0,0.9277,0.0,-1.0546840875743422,nan,nan,NO_WELD
104.862,0.0,0.0,0.0,0.0,0.0203,0.0,-0.0203,0.0,1001,0,0.9277,0.0,-1.0546840875743422,nan,nan,NO_WELD
104.912,0.0,0.0,0.0,0.0,0.0203,0.0,-0.0203,0.0,1002,0,0.9286,0.0,-1.4062466240378864,-1.4062466240378864,0.0,WELD_FOUND
104.962,0.0,0.0,0.0,0.0,0.0203,0.0,-0.0203,0.0,1002,0,0.9286,0.0,-1.4062466240378864,-1.4062466240378864,0.0,WELD_FOUND
105.012,0.0,0.0,0.0,0.0,0.0147,0.0,-0.0147,0.0,1002,0,0.9286,0.0,-1.4062466240378864,nan,nan,NO_WELD
105.064,0.0,0.0,0.0,0.0,0.0147,0.0,-0.0147,0.0,1002,0,0.9286,0.0,-1.4062466240378864,nan,nan,NO_WELD
105.112,0.0,0.0,0.0,0.0,0.0117,0.0,-0.0117,0.0,1002,0,0.9286,0.0,-1.4062466240378864,nan,nan,NO_WELD
105.162,0.0,0.0,0.0,0.0,0.0117,0.0,-0.0117,0.0,1002,0,0.9286,0.0,-1.4062466240378864,nan,nan,NO_WELD
105.212,0.0,0.0,0.0,0.0,0.0117,0.0,-0.0117,0.0,1002,0,0.9286,0.0,-1.4062466240378864,nan,nan,NO_WELD
105.262,0.0,0.0,0.0,0.0,0.0094,0.0,-0.0094,0.0,1002,0,0.9286,0.0,-1.4062466240378864,nan,nan,NO_WELD
105.312,0.0,0.0,0.0,0.0,0.0094,0.0,-0.0094,0.0,1002,0,0.9286,0.0,-1.4062466240378864,nan,nan,NO_WELD
105.362,0.0,0.0,0.0,0.0,0.0075,0.0,-0.0075,0.0,1002,0,0.9286,0.0,-0.7031216044716506,nan,nan,NO_WELD
105.412,0.030251181765434624,0.032731172339252095,0.03516085761632244,0.02534150591454681,0.0075,0.0,0.0277,0.0253,1002,0,0.9286,0.0,-0.7031216044716506,-0.7031216044716506,0.0,WELD_FOUND
105.462,0.030251181765434624,0.032731172339252095,0.03516085761632244,0.02534150591454681,0.0075,0.0,0.0277,0.0253,1002,0,0.9286,0.0,-0.7031216044716506,nan,nan,NO_WELD
105.512,0.0,0.0,0.0,0.0,0.006,0.0,-0.006,0.0,1002,0,0.9286,0.0,-0.7031216044716506,nan,nan,NO_WELD
105.562,0.0,0.0,0.0,0.0,0.006,0.0,-0.006,0.0,1002,0,0.9286,0.0,-0.7031216044716506,nan,nan,NO_WELD
105.612,0.0,0.0,0.0,0.0,0.006,0.0,-0.006,0.0,1008,0,0.9342,0.0,-0.7031216044716506,nan,nan,NO_WELD
105.662,0.0,0.0,0.0,0.0,0.0184,0.0,-0.0184,0.0,1008,0,0.9342,0.0,-1.0546840875743422,-1.0546840875743422,0.0,WELD_FOUND
105.712,0.0284485444635003,0.04541414447270129,0.0352606661344055,0.021636422792595107,0.0184,0.0,0.0169,0.0216,1008,0,0.9342,0.0,-1.0546840875743422,-1.0546840875743422,0.0,WELD_FOUND
105.764,0.0284485444635003,0.04541414447270129,0.0352606661344055,0.021636422792595107,0.0147,0.0,0.0206,0.0216,1008,0,0.9342,0.0,-0.7031216044716506,-1.0546840875743422,0.35156248310269156,WELD_FOUND
105.812,0.02898352155383222,0.0370519162985542,0.03454130899861535,0.023425734109049093,0.0147,0.0,0.0198,0.0234,1009,0,0.9351,0.0,-0.7031216044716506,-0.8789028727034228,0.1757812682317722,WELD_FOUND
105.862,0.02898352155383222,0.0370519162985542,0.03454130899861535,0.023425734109049093,0.0147,0.0,0.0198,0.0234,1009,0,0.9351,0.0,-0.35155909468853286,-0.7031216044716506,0.35156250978311776,WELD_FOUND
105.912,0.02999547917597715,0.02827027517402636,0.03423602045208111,0.0257549378998732,0.0239,0.0,0.0104,0.0258,1014,0,0.9397,0.0,-0.35155909468853286,-0.7031216044716506,0.35156250978311776,WELD_FOUND
105.962,0.031121262180351484,0.02034238016920681,0.0341726192057325,0.028069905154970463,0.0239,0.0,0.0103,0.0281,1014,0,0.9397,0.0,-0.35155909468853286,-0.5273403362398785,0.17578124155134567,WELD_FOUND
106.012,0.031121262180351484,0.02034238016920681,0.0341726192057325,0.028069905154970463,0.0239,0.0,0.0103,0.0281,1020,0,0.9453,0.0,-0.35155909468853286,-0.5273403362398785,0.17578124155134567,WELD_FOUND
106.063,0.0,0.0,0.0,0.0,0.0291,0.0,-0.0291,0.0,1020,0,0.9453,0.0,-0.35155909468853286,nan,nan,NO_WELD
106.112,0.0,0.0,0.0,0.0,0.0291,0.0,-0.0291,0.0,1026,0,0.9509,0.0,-0.35155909468853286,nan,nan,NO_WELD
106.162,0.0,0.0,0.0,0.0,0.0291,0.0,-0.0291,0.0,1026,0,0.9509,0.0,-0.35155909468853286,nan,nan,NO_WELD
106.212,0.0,0.0,0.0,0.0,0.0348,0.0,-0.0348,0.0,1027,0,0.9518,0.0,-0.35155909468853286,nan,nan,NO_WELD
106.262,0.0,0.0,0.0,0.0,0.0348,0.0,-0.0348,0.0,1027,0,0.9518,0.0,-0.35155909468853286,nan,nan,NO_WELD
106.312,0.0,0.0,0.0,0.0,0.0348,0.0,-0.0348,0.0,1027,0,0.9518,0.0,-0.35155909468853286,nan,nan,NO_WELD
106.362,0.0,0.0,0.0,0.0,0.0278,0.0,-0.0278,0.0,1027,0,0.9518,0.0,-0.35155909468853286,nan,nan,NO_WELD
106.412,0.0,0.0,0.0,0.0,0.0278,0.0,-0.0278,0.0,1027,0,0.9518,0.0,-0.35155909468853286,nan,nan,NO_WELD
106.462,0.03258234416615065,0.017185412508176505,0.03516015604237712,0.030004532289924172,0.0223,0.0,0.0129,0.03,1027,0,0.9518,0.0,-0.35155909468853286,-0.35155909468853286,0.0,WELD_FOUND
106.512,0.03258234416615065,0.017185412508176505,0.03516015604237712,0.030004532289924172,0.0223,0.0,0.0129,0.03,1027,0,0.9518,0.0,-0.35155909468853286,-0.35155909468853286,0.0,WELD_FOUND
106.562,0.0,0.0,0.0,0.0,0.0223,0.0,-0.0223,0.0,1027,0,0.9518,0.0,-0.35155909468853286,nan,nan,NO_WELD
106.612,0.0,0.0,0.0,0.0,0.0233,0.0,-0.0233,0.0,1031,0,0.9555,0.0,-0.35155909468853286,nan,nan,NO_WELD
106.662,0.0,0.0,0.0,0.0,0.0233,0.0,-0.0233,0.0,1031,0,0.9555,0.0,-0.35155909468853286,nan,nan,NO_WELD
106.712,0.0,0.0,0.0,0.0,0.0214,0.0,-0.0214,0.0,1033,0,0.9574,0.0,-0.35155909468853286,nan,nan,NO_WELD
106.762,0.0,0.0,0.0,0.0,0.0214,0.0,-0.0214,0.0,1033,0,0.9574,0.0,-0.35155909468853286,nan,nan,NO_WELD
106.812,0.0,0.0,0.0,0.0,0.0171,0.0,-0.0171,0.0,1033,0,0.9574,0.0,-0.35155909468853286,nan,nan,NO_WELD
106.862,0.0,0.0,0.0,0.0,0.0171,0.0,-0.0171,0.0,1033,0,0.9574,0.0,-0.35155909468853286,nan,nan,NO_WELD
106.912,0.0,0.0,0.0,0.0,0.0137,0.0,-0.0137,0.0,1033,0,0.9574,0.0,-0.35155909468853286,nan,nan,NO_WELD
106.962,0.030251181765434624,0.03436721801379722,0.03540626446750421,0.025096099063365043,0.0137,0.0,0.0217,0.0251,1033,0,0.9574,0.0,-0.7031216044716506,-0.7031216044716506,0.0,WELD_FOUND
107.012,0.030251181765434624,0.03436721801379722,0.03540626446750421,0.025096099063365043,0.0137,0.0,0.0217,0.0251,1033,0,0.9574,0.0,-0.7031216044716506,-0.7031216044716506,0.0,WELD_FOUND
107.063,0.0,0.0,0.0,0.0,0.0109,0.0,-0.0109,0.0,1033,0,0.9574,0.0,-0.7031216044716506,nan,nan,NO_WELD
107.112,0.0,0.0,0.0,0.0,0.0109,0.0,-0.0109,0.0,1037,0,0.9611,0.0,-0.7031216044716506,nan,nan,NO_WELD
107.162,0.0,0.0,0.0,0.0,0.0109,0.0,-0.0109,0.0,1037,0,0.9611,0.0,-0.7031216044716506,nan,nan,NO_WELD
107.212,0.0,0.0,0.0,0.0,0.0214,0.0,-0.0214,0.0,1039,0,0.9629,0.0,-0.7031216044716506,nan,nan,NO_WELD
107.262,0.0,0.0,0.0,0.0,0.0214,0.0,-0.0214,0.0,1039,0,0.9629,0.0,-0.7031216044716506,nan,nan,NO_WELD
107.312,0.0,0.0,0.0,0.0,0.0171,0.0,-0.0171,0.0,1039,0,0.9629,0.0,-0.7031216044716506,nan,nan,NO_WELD
107.362,0.0,0.0,0.0,0.0,0.0171,0.0,-0.0171,0.0,1039,0,0.9629,0.0,-0.7031216044716506,nan,nan,NO_WELD
107.412,0.0,0.0,0.0,0.0,0.0171,0.0,-0.0171,0.0,1039,0,0.9629,0.0,-0.7031216044716506,nan,nan,NO_WELD
107.462,0.030251181765434624,0.03437651983336802,0.03540765974043983,0.02509470379042942,0.0137,0.0,0.0217,0.0251,1039,0,0.9629,0.0,-0.7031216044716506,-0.7031216044716506,0.0,WELD_FOUND
107.512,0.030251181765434624,0.03437651983336802,0.03540765974043983,0.02509470379042942,0.0137,0.0,0.0217,0.0251,1039,0,0.9629,0.0,-0.7031216044716506,-0.7031216044716506,0.0,WELD_FOUND
107.562,0.0284485444635003,0.050290265680178046,0.03599208431552701,0.020905004611473592,0.011,0.0,0.025,0.0209,1039,0,0.9629,0.0,-1.4062466240378864,-1.0546840875743422,-0.3515625364635442,WELD_FOUND
107.612,0.0284485444635003,0.050290265680178046,0.03599208431552701,0.020905004611473592,0.011,0.0,0.025,0.0209,1042,0,0.9657,0.0,-1.4062466240378864,-1.0546840875743422,-0.3515625364635442,WELD_FOUND
107.662,0.0,0.0,0.0,0.0,0.011,0.0,-0.011,0.0,1042,0,0.9657,0.0,-1.4062466240378864,nan,nan,NO_WELD
107.712,0.0,0.0,0.0,0.0,0.0264,0.0,-0.0264,0.0,1047,0,0.9703,0.0,-1.4062466240378864,nan,nan,NO_WELD
107.762,0.0,0.0,0.0,0.0,0.0264,0.0,-0.0264,0.0,1047,0,0.9703,0.0,-1.4062466240378864,nan,nan,NO_WELD
107.812,0.0,0.0,0.0,0.0,0.0232,0.0,-0.0232,0.0,1049,0,0.9722,0.0,-1.4062466240378864,nan,nan,NO_WELD
107.862,0.0,0.0,0.0,0.0,0.0232,0.0,-0.0232,0.0,1049,0,0.9722,0.0,-1.4062466240378864,nan,nan,NO_WELD
107.912,0.0,0.0,0.0,0.0,0.0232,0.0,-0.0232,0.0,1049,0,0.9722,0.0,-1.4062466240378864,nan,nan,NO_WELD
107.962,0.0,0.0,0.0,0.0,0.0186,0.0,-0.0186,0.0,1049,0,0.9722,0.0,-1.4062466240378864,nan,nan,NO_WELD
108.012,0.0,0.0,0.0,0.0,0.0186,0.0,-0.0186,0.0,1049,0,0.9722,0.0,-1.4062466240378864,nan,nan,NO_WELD
108.063,0.030251181765434624,0.03437461359966328,0.03540737380538411,0.025094989725485132,0.0149,0.0,0.0205,0.0251,1049,0,0.9722,0.0,-0.7031216044716506,-0.7031216044716506,0.0,WELD_FOUND
108.112,0.030251181765434624,0.03437461359966328,0.03540737380538411,0.025094989725485132,0.0149,0.0,0.0205,0.0251,1049,0,0.9722,0.0,-0.7031216044716506,-0.7031216044716506,0.0,WELD_FOUND
108.162,0.029342941591610106,0.040550860091260056,0.03542557060529911,0.023260312577921098,0.0119,0.0,0.0235,0.0233,1049,0,0.9722,0.0,-1.0546840875743422,-0.8789028727034228,-0.17578121487091936,WELD_FOUND
108.212,0.029342941591610106,0.040550860091260056,0.03542557060529911,0.023260312577921098,0.0119,0.0,0.0235,0.0233,1053,0,0.9759,0.0,-1.0546840875743422,-0.8789028727034228,-0.17578121487091936,WELD_FOUND
108.262,0.030068426308564995,0.028961568386058772,0.03441266156647381,0.02572419105065618,0.0119,0.0,0.0225,0.0257,1053,0,0.9759,0.0,-0.7031216044716506,-0.7031216044716506,0.0,WELD_FOUND
108.312,0.030068426308564995,0.028961568386058772,0.03441266156647381,0.02572419105065618,0.0319,0.0,0.0025,0.0257,1059,0,0.9814,0.0,-0.7031216044716506,-0.7031216044716506,0.0,WELD_FOUND
108.362,0.03021458637717651,0.03034009185903239,0.03476560015603137,0.02566357259832165,0.0319,0.0,0.0029,0.0257,1059,0,0.9814,0.0,-0.7031216044716506,-0.7031216044716506,0.0,WELD_FOUND
108.412,0.03021458637717651,0.03034009185903239,0.03476560015603137,0.02566357259832165,0.0376,0.0,-0.0029,0.0257,1064,0,0.9861,0.0,-0.7031216044716506,-0.7031216044716506,0.0,WELD_FOUND
108.462,0.0,0.0,0.0,0.0,0.0376,0.0,-0.0376,0.0,1064,0,0.9861,0.0,-0.7031216044716506,nan,nan,NO_WELD
108.512,0.0,0.0,0.0,0.0,0.0376,0.0,-0.0376,0.0,1068,0,0.9898,0.0,-0.7031216044716506,nan,nan,NO_WELD
108.562,0.0,0.0,0.0,0.0,0.0325,0.0,-0.0325,0.0,1068,0,0.9898,0.0,-0.7031216044716506,nan,nan,NO_WELD
108.612,0.0,0.0,0.0,0.0,0.0325,0.0,-0.0325,0.0,1068,0,0.9898,0.0,-0.7031216044716506,nan,nan,NO_WELD
108.662,0.0,0.0,0.0,0.0,0.026,0.0,-0.026,0.0,1068,0,0.9898,0.0,-0.7031216044716506,nan,nan,NO_WELD
108.712,0.0,0.0,0.0,0.0,0.026,0.0,-0.026,0.0,1068,0,0.9898,0.0,-0.7031216044716506,nan,nan,NO_WELD
108.762,0.0,0.0,0.0,0.0,0.026,0.0,-0.026,0.0,1068,0,0.9898,0.0,-0.7031216044716506,nan,nan,NO_WELD
108.812,0.0,0.0,0.0,0.0,0.0208,0.0,-0.0208,0.0,1068,0,0.9898,0.0,-0.7031216044716506,nan,nan,NO_WELD
108.862,0.0,0.0,0.0,0.0,0.0208,0.0,-0.0208,0.0,1068,0,0.9898,0.0,-0.7031216044716506,nan,nan,NO_WELD
108.912,0.0,0.0,0.0,0.0,0.0208,0.0,-0.0208,0.0,1068,0,0.9898,0.0,-0.7031216044716506,nan,nan,NO_WELD
108.962,0.0,0.0,0.0,0.0,0.0166,0.0,-0.0166,0.0,1068,0,0.9898,0.0,-0.7031216044716506,nan,nan,NO_WELD
109.012,0.0,0.0,0.0,0.0,0.0166,0.0,-0.0166,0.0,1068,0,0.9898,0.0,-0.7031216044716506,nan,nan,NO_WELD
109.063,0.0,0.0,0.0,0.0,0.0133,0.0,-0.0133,0.0,1068,0,0.9898,0.0,-0.7031216044716506,nan,nan,NO_WELD
109.112,0.0,0.0,0.0,0.0,0.0133,0.0,-0.0133,0.0,1068,0,0.9898,0.0,-0.7031216044716506,nan,nan,NO_WELD
109.162,0.0,0.0,0.0,0.0,0.0133,0.0,-0.0133,0.0,1068,0,0.9898,0.0,-0.7031216044716506,nan,nan,NO_WELD
109.212,0.0,0.0,0.0,0.0,0.0106,0.0,-0.0106,0.0,1068,0,0.9898,0.0,-0.7031216044716506,nan,nan,NO_WELD
109.262,0.0,0.0,0.0,0.0,0.0106,0.0,-0.0106,0.0,1068,0,0.9898,0.0,-0.7031216044716506,nan,nan,NO_WELD
109.312,0.0,0.0,0.0,0.0,0.0085,0.0,-0.0085,0.0,1068,0,0.9898,0.0,-0.7031216044716506,nan,nan,NO_WELD
109.362,0.0,0.0,0.0,0.0,0.0085,0.0,-0.0085,0.0,1068,0,0.9898,0.0,-0.7031216044716506,nan,nan,NO_WELD
109.412,0.0,0.0,0.0,0.0,0.0068,0.0,-0.0068,0.0,1068,0,0.9898,0.0,-0.7031216044716506,nan,nan,NO_WELD
109.462,0.0,0.0,0.0,0.0,0.0068,0.0,-0.0068,0.0,1068,0,0.9898,0.0,7.031253717478648,nan,nan,NO_WELD
109.512,0.0,0.0,0.0,0.0,0.0068,0.0,-0.0068,0.0,1068,0,0.9898,0.0,7.031253717478648,nan,nan,NO_WELD
109.562,0.0,0.0,0.0,0.0,0.0054,0.0,-0.0054,0.0,1068,0,0.9898,0.0,7.031253717478648,nan,nan,NO_WELD
109.612,0.0,0.0,0.0,0.0,0.0054,0.0,-0.0054,0.0,1068,0,0.9898,0.0,7.031253717478648,nan,nan,NO_WELD
109.662,0.0,0.0,0.0,0.0,0.0044,0.0,-0.0044,0.0,1068,0,0.9898,0.0,4.5703160689555435,nan,nan,NO_WELD
109.712,0.0,0.0,0.0,0.0,0.0044,0.0,-0.0044,0.0,1068,0,0.9898,0.0,4.5703160689555435,nan,nan,NO_WELD
109.762,0.0,0.0,0.0,0.0,0.0044,0.0,-0.0044,0.0,1068,0,0.9898,0.0,8.437503436446002,nan,nan,NO_WELD
109.812,0.0,0.0,0.0,0.0,0.0035,0.0,-0.0035,0.0,1068,0,0.9898,0.0,8.437503436446002,nan,nan,NO_WELD
109.862,0.0,0.0,0.0,0.0,0.0035,0.0,-0.0035,0.0,1068,0,0.9898,0.0,11.953129014524857,nan,nan,NO_WELD
109.912,0.0,0.0,0.0,0.0,0.0035,0.0,-0.0035,0.0,1068,0,0.9898,0.0,11.953129014524857,nan,nan,NO_WELD
109.962,0.0,0.0,0.0,0.0,0.0028,0.0,-0.0028,0.0,1068,0,0.9898,0.0,8.085940793260752,nan,nan,NO_WELD
110.012,0.0,0.0,0.0,0.0,0.0028,0.0,-0.0028,0.0,1068,0,0.9898,0.0,8.085940793260752,nan,nan,NO_WELD
110.063,0.0,0.0,0.0,0.0,0.0022,0.0,-0.0022,0.0,1068,0,0.9898,0.0,5.2734409284392205,nan,nan,NO_WELD
110.112,0.0,0.0,0.0,0.0,0.0022,0.0,-0.0022,0.0,1068,0,0.9898,0.0,5.2734409284392205,nan,nan,NO_WELD
110.162,0.0,0.0,0.0,0.0,0.0022,0.0,-0.0022,0.0,1068,0,0.9898,0.0,2.109378420432439,nan,nan,NO_WELD
110.212,0.0,0.0,0.0,0.0,0.0018,0.0,-0.0018,0.0,1068,0,0.9898,0.0,2.109378420432439,nan,nan,NO_WELD
110.262,0.0,0.0,0.0,0.0,0.0018,0.0,-0.0018,0.0,1068,0,0.9898,0.0,-1.4062466240378864,nan,nan,NO_WELD
110.312,0.0,0.0,0.0,0.0,0.0018,0.0,-0.0018,0.0,1068,0,0.9898,0.0,-1.4062466240378864,nan,nan,NO_WELD
110.362,0.0,0.0,0.0,0.0,0.0014,0.0,-0.0014,0.0,1068,0,0.9898,0.0,-1.4062466240378864,nan,nan,NO_WELD
110.412,0.0,0.0,0.0,0.0,0.0014,0.0,-0.0014,0.0,1068,0,0.9898,0.0,-1.4062466240378864,nan,nan,NO_WELD
110.462,0.0,0.0,0.0,0.0,0.0011,0.0,-0.0011,0.0,1068,0,0.9898,0.0,-1.4062466240378864,nan,nan,NO_WELD
110.512,0.0,0.0,0.0,0.0,0.0011,0.0,-0.0011,0.0,1068,0,0.9898,0.0,-1.4062466240378864,nan,nan,NO_WELD
110.562,0.0,0.0,0.0,0.0,0.0011,0.0,-0.0011,0.0,1068,0,0.9898,0.0,5.2734409284392205,nan,nan,NO_WELD
110.612,0.0,0.0,0.0,0.0,0.0,0.0,0.0,0.0,1068,0,0.9898,0.0,5.2734409284392205,nan,nan,NO_WELD
110.662,0.0,0.0,0.0,0.0,0.0,0.0,0.0,0.0,1068,0,0.9898,0.0,4.921878712140794,nan,nan,NO_WELD
110.712,0.0,0.0,0.0,0.0,0.0,0.0,0.0,0.0,1068,0,0.9898,0.0,4.921878712140794,nan,nan,NO_WELD
110.762,0.0,0.0,0.0,0.0,0.0,0.0,0.0,0.0,1068,0,0.9898,0.0,-5.6249967414353,nan,nan,NO_WELD
110.812,0.0,0.0,0.0,0.0,0.0,0.0,0.0,0.0,1068,0,0.9898,0.0,-5.6249967414353,nan,nan,NO_WELD
110.862,0.0,0.0,0.0,0.0,0.0,0.0,0.0,0.0,1068,0,0.9898,0.0,5.625003571624471,nan,nan,NO_WELD
110.912,0.0,0.0,0.0,0.0,0.0,0.0,0.0,0.0,1068,0,0.9898,0.0,5.625003571624471,nan,nan,NO_WELD
110.962,0.0,0.0,0.0,0.0,0.0,0.0,0.0,0.0,1068,0,0.9898,0.0,-5.9765593846205505,nan,nan,NO_WELD
111.012,0.0,0.0,0.0,0.0,0.0,0.0,0.0,0.0,1068,0,0.9898,0.0,-5.9765593846205505,nan,nan,NO_WELD
111.063,0.0,0.0,0.0,0.0,0.0,0.0,0.0,0.0,1068,0,0.9898,0.0,-1.0546840875743422,nan,nan,NO_WELD
111.112,0.0,0.0,0.0,0.0,0.0,0.0,0.0,0.0,1068,0,0.9898,0.0,-1.0546840875743422,nan,nan,NO_WELD
111.162,0.0,0.0,0.0,0.0,0.0,0.0,0.0,0.0,1068,0,0.9898,0.0,3.5156285662866162,nan,nan,NO_WELD
111.212,0.0,0.0,0.0,0.0,0.0,0.0,0.0,0.0,1068,0,0.9898,0.0,3.5156285662866162,nan,nan,NO_WELD
111.262,0.0,0.0,0.0,0.0,0.0,0.0,0.0,0.0,1068,0,0.9898,0.0,-0.7031216044716506,nan,nan,NO_WELD
111.312,0.0,0.0,0.0,0.0,0.0,0.0,0.0,0.0,1068,0,0.9898,0.0,-0.7031216044716506,nan,nan,NO_WELD
111.362,0.0,0.0,0.0,0.0,0.0,0.0,0.0,0.0,1068,0,0.9898,0.0,-1.0546840875743422,nan,nan,NO_WELD
111.412,0.0,0.0,0.0,0.0,0.0,0.0,0.0,0.0,1068,0,0.9898,0.0,-1.0546840875743422,nan,nan,NO_WELD
111.462,0.0,0.0,0.0,0.0,0.0,0.0,0.0,0.0,1068,0,0.9898,0.0,-5.273434098250051,nan,nan,NO_WELD
111.512,0.0,0.0,0.0,0.0,0.0,0.0,0.0,0.0,1068,0,0.9898,0.0,-5.273434098250051,nan,nan,NO_WELD
111.562,0.0,0.0,0.0,0.0,0.0,0.0,0.0,0.0,1068,0,0.9898,0.0,-8.43749660625683,nan,nan,NO_WELD
111.612,0.0,0.0,0.0,0.0,0.0,0.0,0.0,0.0,1068,0,0.9898,0.0,-8.43749660625683,nan,nan,NO_WELD
111.662,0.0,0.0,0.0,0.0,0.0,0.0,0.0,0.0,1068,0,0.9898,0.0,-7.7343721736599775,nan,nan,NO_WELD
111.712,0.0,0.0,0.0,0.0,0.0,0.0,0.0,0.0,1068,0,0.9898,0.0,-7.7343721736599775,nan,nan,NO_WELD
111.762,0.0,0.0,0.0,0.0,0.0,0.0,0.0,0.0,1068,0,0.9898,0.0,-9.843747178997832,nan,nan,NO_WELD
111.812,0.0,0.0,0.0,0.0,0.0,0.0,0.0,0.0,1068,0,0.9898,0.0,-9.843747178997832,nan,nan,NO_WELD
111.862,0.0,0.0,0.0,0.0,0.0,0.0,0.0,0.0,1068,0,0.9898,0.0,-1.4062466240378864,nan,nan,NO_WELD
111.912,0.0,0.0,0.0,0.0,0.0,0.0,0.0,0.0,1068,0,0.9898,0.0,-1.4062466240378864,nan,nan,NO_WELD
111.962,0.0,0.0,0.0,0.0,0.0,0.0,0.0,0.0,1068,0,0.9898,0.0,-7.031246887289478,nan,nan,NO_WELD
112.012,0.0,0.0,0.0,0.0,0.0,0.0,0.0,0.0,1068,0,0.9898,0.0,-7.031246887289478,nan,nan,NO_WELD
112.063,0.0,0.0,0.0,0.0,0.0,0.0,0.0,0.0,1068,0,0.9898,0.0,-5.9765593846205505,nan,nan,NO_WELD
112.112,0.0,0.0,0.0,0.0,0.0,0.0,0.0,0.0,1068,0,0.9898,0.0,-5.9765593846205505,nan,nan,NO_WELD
112.162,0.0,0.0,0.0,0.0,0.0,0.0,0.0,0.0,1068,0,0.9898,0.0,-1.0546840875743422,nan,nan,NO_WELD
112.212,0.0,0.0,0.0,0.0,0.0,0.0,0.0,0.0,1068,0,0.9898,0.0,-1.0546840875743422,nan,nan,NO_WELD
112.262,0.0,0.0,0.0,0.0,0.0,0.0,0.0,0.0,1068,0,0.9898,0.0,-1.0546840875743422,nan,nan,NO_WELD
112.312,0.0,0.0,0.0,0.0,0.0,0.0,0.0,0.0,1068,0,0.9898,0.0,-1.0546840875743422,nan,nan,NO_WELD
112.362,0.0,0.0,0.0,0.0,0.0,0.0,0.0,0.0,1068,0,0.9898,0.0,-1.0546840875743422,nan,nan,NO_WELD
112.412,0.0,0.0,0.0,0.0,0.0,0.0,0.0,0.0,1068,0,0.9898,0.0,-1.0546840875743422,nan,nan,NO_WELD
112.462,0.0,0.0,0.0,0.0,0.0,0.0,0.0,0.0,1068,0,0.9898,0.0,8.085940793260752,nan,nan,NO_WELD
112.512,0.0,0.0,0.0,0.0,0.0,0.0,0.0,0.0,1068,0,0.9898,0.0,8.085940793260752,nan,nan,NO_WELD
112.562,0.0,0.0,0.0,0.0,0.0,0.0,0.0,0.0,1068,0,0.9898,0.0,-0.7031216044716506,nan,nan,NO_WELD
112.612,0.0,0.0,0.0,0.0,0.0,0.0,0.0,0.0,1068,0,0.9898,0.0,-0.7031216044716506,nan,nan,NO_WELD
112.662,0.0,0.0,0.0,0.0,0.0,0.0,0.0,0.0,1068,0,0.9898,0.0,-5.6249967414353,nan,nan,NO_WELD
112.712,0.0,0.0,0.0,0.0,0.0,0.0,0.0,0.0,1068,0,0.9898,0.0,-5.6249967414353,nan,nan,NO_WELD
112.762,0.0,0.0,0.0,0.0,0.0,0.0,0.0,0.0,1068,0,0.9898,0.0,3.5156285662866162,nan,nan,NO_WELD
112.812,0.0,0.0,0.0,0.0,0.0,0.0,0.0,0.0,1068,0,0.9898,0.0,3.5156285662866162,nan,nan,NO_WELD
112.862,0.0,0.0,0.0,0.0,0.0,0.0,0.0,0.0,1068,0,0.9898,0.0,-1.7578091605014305,nan,nan,NO_WELD
112.912,0.0,0.0,0.0,0.0,0.0,0.0,0.0,0.0,1068,0,0.9898,0.0,-1.7578091605014305,nan,nan,NO_WELD
112.962,0.0,0.0,0.0,0.0,0.0,0.0,0.0,0.0,1068,0,0.9898,0.0,1.4062534542270564,nan,nan,NO_WELD
113.012,0.0,0.0,0.0,0.0,0.0,0.0,0.0,0.0,1068,0,0.9898,0.0,1.4062534542270564,nan,nan,NO_WELD
113.063,0.0,0.0,0.0,0.0,0.0,0.0,0.0,0.0,1068,0,0.9898,0.0,4.218753425770293,nan,nan,NO_WELD
113.112,0.0,0.0,0.0,0.0,0.0,0.0,0.0,0.0,1068,0,0.9898,0.0,4.218753425770293,nan,nan,NO_WELD
113.162,0.0,0.0,0.0,0.0,0.0,0.0,0.0,0.0,1068,0,0.9898,0.0,-1.7578091605014305,nan,nan,NO_WELD
113.212,0.0,0.0,0.0,0.0,0.0,0.0,0.0,0.0,1068,0,0.9898,0.0,-1.7578091605014305,nan,nan,NO_WELD
113.262,0.0,0.0,0.0,0.0,0.0,0.0,0.0,0.0,1068,0,0.9898,0.0,1.054690917763512,nan,nan,NO_WELD
113.312,0.0,0.0,0.0,0.0,0.0,0.0,0.0,0.0,1068,0,0.9898,0.0,1.054690917763512,nan,nan,NO_WELD
113.362,0.0,0.0,0.0,0.0,0.0,0.0,0.0,0.0,1068,0,0.9898,0.0,-0.7031216044716506,nan,nan,NO_WELD
113.412,0.0,0.0,0.0,0.0,0.0,0.0,0.0,0.0,1068,0,0.9898,0.0,-0.7031216044716506,nan,nan,NO_WELD
113.462,0.0,0.0,0.0,0.0,0.0,0.0,0.0,0.0,1068,0,0.9898,0.0,7.382816360663898,nan,nan,NO_WELD
113.512,0.0,0.0,0.0,0.0,0.0,0.0,0.0,0.0,1068,0,0.9898,0.0,7.382816360663898,nan,nan,NO_WELD
113.562,0.0,0.0,0.0,0.0,0.0,0.0,0.0,0.0,1068,0,0.9898,0.0,4.218753425770293,nan,nan,NO_WELD
113.612,0.0,0.0,0.0,0.0,0.0,0.0,0.0,0.0,1068,0,0.9898,0.0,4.218753425770293,nan,nan,NO_WELD
113.662,0.0,0.0,0.0,0.0,0.0,0.0,0.0,0.0,1068,0,0.9898,0.0,-1.7578091605014305,nan,nan,NO_WELD
113.712,0.0,0.0,0.0,0.0,0.0,0.0,0.0,0.0,1068,0,0.9898,0.0,-1.7578091605014305,nan,nan,NO_WELD
113.762,0.0,0.0,0.0,0.0,0.0,0.0,0.0,0.0,1068,0,0.9898,0.0,-0.7031216044716506,nan,nan,NO_WELD
113.812,0.0,0.0,0.0,0.0,0.0,0.0,0.0,0.0,1068,0,0.9898,0.0,-0.7031216044716506,nan,nan,NO_WELD
113.862,0.0,0.0,0.0,0.0,0.0,0.0,0.0,0.0,1068,0,0.9898,0.0,-1.0546840875743422,nan,nan,NO_WELD
113.912,0.0,0.0,0.0,0.0,0.0,0.0,0.0,0.0,1068,0,0.9898,0.0,-1.0546840875743422,nan,nan,NO_WELD
113.962,0.0,0.0,0.0,0.0,0.0,0.0,0.0,0.0,1068,0,0.9898,0.0,1.7578159906906006,nan,nan,NO_WELD
114.012,0.0,0.0,0.0,0.0,0.0,0.0,0.0,0.0,1068,0,0.9898,0.0,1.7578159906906006,nan,nan,NO_WELD
114.063,0.0,0.0,0.0,0.0,0.0,0.0,0.0,0.0,1068,0,0.9898,0.0,2.812503493359528,nan,nan,NO_WELD
114.112,0.0,0.0,0.0,0.0,0.0,0.0,0.0,0.0,1068,0,0.9898,0.0,2.812503493359528,nan,nan,NO_WELD
114.162,0.0,0.0,0.0,0.0,0.0,0.0,0.0,0.0,1068,0,0.9898,0.0,5.2734409284392205,nan,nan,NO_WELD
114.212,0.0,0.0,0.0,0.0,0.0,0.0,0.0,0.0,1068,0,0.9898,0.0,5.2734409284392205,nan,nan,NO_WELD
114.262,0.0,0.0,0.0,0.0,0.0,0.0,0.0,0.0,1068,0,0.9898,0.0,4.5703160689555435,nan,nan,NO_WELD
114.312,0.0,0.0,0.0,0.0,0.0,0.0,0.0,0.0,1068,0,0.9898,0.0,4.5703160689555435,nan,nan,NO_WELD
114.362,0.0,0.0,0.0,0.0,0.0,0.0,0.0,0.0,1068,0,0.9898,0.0,3.5156285662866162,nan,nan,NO_WELD
114.412,0.0,0.0,0.0,0.0,0.0,0.0,0.0,0.0,1068,0,0.9898,0.0,3.5156285662866162,nan,nan,NO_WELD
114.462,0.0,0.0,0.0,0.0,0.0,0.0,0.0,0.0,1068,0,0.9898,0.0,-2.460934233428519,nan,nan,NO_WELD
114.512,0.0,0.0,0.0,0.0,0.0,0.0,0.0,0.0,1068,0,0.9898,0.0,-2.460934233428519,nan,nan,NO_WELD
114.562,0.0,0.0,0.0,0.0,0.0,0.0,0.0,0.0,1068,0,0.9898,0.0,9.140628722816501,nan,nan,NO_WELD
114.612,0.0,0.0,0.0,0.0,0.0,0.0,0.0,0.0,1068,0,0.9898,0.0,9.140628722816501,nan,nan,NO_WELD
114.662,0.0,0.0,0.0,0.0,0.0,0.0,0.0,0.0,1068,0,0.9898,0.0,-8.085933963071582,nan,nan,NO_WELD
114.712,0.0,0.0,0.0,0.0,0.0,0.0,0.0,0.0,1068,0,0.9898,0.0,-8.085933963071582,nan,nan,NO_WELD
114.762,0.0,0.0,0.0,0.0,0.0,0.0,0.0,0.0,1068,0,0.9898,0.0,-7.382809530474727,nan,nan,NO_WELD
114.812,0.0,0.0,0.0,0.0,0.0,0.0,0.0,0.0,1068,0,0.9898,0.0,-7.382809530474727,nan,nan,NO_WELD
114.862,0.0,0.0,0.0,0.0,0.0,0.0,0.0,0.0,1068,0,0.9898,0.0,-0.7031216044716506,nan,nan,NO_WELD
114.912,0.0,0.0,0.0,0.0,0.0,0.0,0.0,0.0,1068,0,0.9898,0.0,-0.7031216044716506,nan,nan,NO_WELD
114.962,0.0,0.0,0.0,0.0,0.0,0.0,0.0,0.0,1068,0,0.9898,0.0,5.97656621480972,nan,nan,NO_WELD
115.012,0.0,0.0,0.0,0.0,0.0,0.0,0.0,0.0,1068,0,0.9898,0.0,5.97656621480972,nan,nan,NO_WELD
115.063,0.0,0.0,0.0,0.0,0.0,0.0,0.0,0.0,1068,0,0.9898,0.0,-1.4062466240378864,nan,nan,NO_WELD
115.112,0.0,0.0,0.0,0.0,0.0,0.0,0.0,0.0,1068,0,0.9898,0.0,-1.4062466240378864,nan,nan,NO_WELD
115.162,0.0,0.0,0.0,0.0,0.0,0.0,0.0,0.0,1068,0,0.9898,0.0,-1.4062466240378864,nan,nan,NO_WELD
115.212,0.0,0.0,0.0,0.0,0.0,0.0,0.0,0.0,1068,0,0.9898,0.0,-1.4062466240378864,nan,nan,NO_WELD
115.262,0.0,0.0,0.0,0.0,0.0,0.0,0.0,0.0,1068,0,0.9898,0.0,-0.7031216044716506,nan,nan,NO_WELD
115.312,0.0,0.0,0.0,0.0,0.0,0.0,0.0,0.0,1068,0,0.9898,0.0,-0.7031216044716506,nan,nan,NO_WELD
115.362,0.0,0.0,0.0,0.0,0.0,0.0,0.0,0.0,1068,0,0.9898,0.0,1.7578159906906006,nan,nan,NO_WELD
115.412,0.0,0.0,0.0,0.0,0.0,0.0,0.0,0.0,1068,0,0.9898,0.0,1.7578159906906006,nan,nan,NO_WELD
115.462,0.0,0.0,0.0,0.0,0.0,0.0,0.0,0.0,1068,0,0.9898,0.0,3.5156285662866162,nan,nan,NO_WELD
115.512,0.0,0.0,0.0,0.0,0.0,0.0,0.0,0.0,1068,0,0.9898,0.0,3.5156285662866162,nan,nan,NO_WELD
115.562,0.0,0.0,0.0,0.0,0.0,0.0,0.0,0.0,1068,0,0.9898,0.0,2.4609410636176894,nan,nan,NO_WELD
115.612,0.0,0.0,0.0,0.0,0.0,0.0,0.0,0.0,1068,0,0.9898,0.0,2.4609410636176894,nan,nan,NO_WELD
115.662,0.0,0.0,0.0,0.0,0.0,0.0,0.0,0.0,1068,0,0.9898,0.0,-0.7031216044716506,nan,nan,NO_WELD
115.712,0.0,0.0,0.0,0.0,0.0,0.0,0.0,0.0,1068,0,0.9898,0.0,-0.7031216044716506,nan,nan,NO_WELD
115.762,0.0,0.0,0.0,0.0,0.0,0.0,0.0,0.0,1068,0,0.9898,0.0,6.679691074293397,nan,nan,NO_WELD
115.812,0.0,0.0,0.0,0.0,0.0,0.0,0.0,0.0,1068,0,0.9898,0.0,6.679691074293397,nan,nan,NO_WELD
115.862,0.0,0.0,0.0,0.0,0.0,0.0,0.0,0.0,1068,0,0.9898,0.0,-7.7343721736599775,nan,nan,NO_WELD
115.912,0.0,0.0,0.0,0.0,0.0,0.0,0.0,0.0,1068,0,0.9898,0.0,-7.7343721736599775,nan,nan,NO_WELD
115.962,0.0,0.0,0.0,0.0,0.0,0.0,0.0,0.0,1068,0,0.9898,0.0,2.4609410636176894,nan,nan,NO_WELD
116.012,0.0,0.0,0.0,0.0,0.0,0.0,0.0,0.0,1068,0,0.9898,0.0,2.4609410636176894,nan,nan,NO_WELD
116.063,0.0,0.0,0.0,0.0,0.0,0.0,0.0,0.0,1068,0,0.9898,0.0,3.8671912094718666,nan,nan,NO_WELD
116.112,0.0,0.0,0.0,0.0,0.0,0.0,0.0,0.0,1068,0,0.9898,0.0,3.8671912094718666,nan,nan,NO_WELD
116.162,0.0,0.0,0.0,0.0,0.0,0.0,0.0,0.0,1068,0,0.9898,0.0,1.054690917763512,nan,nan,NO_WELD
116.212,0.0,0.0,0.0,0.0,0.0,0.0,0.0,0.0,1068,0,0.9898,0.0,1.054690917763512,nan,nan,NO_WELD
116.262,0.0,0.0,0.0,0.0,0.0,0.0,0.0,0.0,1068,0,0.9898,0.0,6.679691074293397,nan,nan,NO_WELD
116.312,0.0,0.0,0.0,0.0,0.0,0.0,0.0,0.0,1068,0,0.9898,0.0,6.679691074293397,nan,nan,NO_WELD
116.362,0.0,0.0,0.0,0.0,0.0,0.0,0.0,0.0,1068,0,0.9898,0.0,5.2734409284392205,nan,nan,NO_WELD
116.412,0.0,0.0,0.0,0.0,0.0,0.0,0.0,0.0,1068,0,0.9898,0.0,5.2734409284392205,nan,nan,NO_WELD
116.462,0.0,0.0,0.0,0.0,0.0,0.0,0.0,0.0,1068,0,0.9898,0.0,4.5703160689555435,nan,nan,NO_WELD
116.512,0.0,0.0,0.0,0.0,0.0,0.0,0.0,0.0,1068,0,0.9898,0.0,4.5703160689555435,nan,nan,NO_WELD
116.562,0.0,0.0,0.0,0.0,0.0,0.0,0.0,0.0,1068,0,0.9898,0.0,-9.492184535812582,nan,nan,NO_WELD
116.612,0.0,0.0,0.0,0.0,0.0,0.0,0.0,0.0,1068,0,0.9898,0.0,-9.492184535812582,nan,nan,NO_WELD
116.662,0.0,0.0,0.0,0.0,0.0,0.0,0.0,0.0,1068,0,0.9898,0.0,-1.7578091605014305,nan,nan,NO_WELD
116.712,0.0,0.0,0.0,0.0,0.0,0.0,0.0,0.0,1068,0,0.9898,0.0,-1.7578091605014305,nan,nan,NO_WELD
116.762,0.0,0.0,0.0,0.0,0.0,0.0,0.0,0.0,1068,0,0.9898,0.0,1.7578159906906006,nan,nan,NO_WELD
116.812,0.0,0.0,0.0,0.0,0.0,0.0,0.0,0.0,1068,0,0.9898,0.0,1.7578159906906006,nan,nan,NO_WELD
116.862,0.0,0.0,0.0,0.0,0.0,0.0,0.0,0.0,1068,0,0.9898,0.0,-6.328121600918977,nan,nan,NO_WELD
116.912,0.0,0.0,0.0,0.0,0.0,0.0,0.0,0.0,1068,0,0.9898,0.0,-6.328121600918977,nan,nan,NO_WELD
116.962,0.0,0.0,0.0,0.0,0.0,0.0,0.0,0.0,1068,0,0.9898,0.0,-1.0546840875743422,nan,nan,NO_WELD
117.012,0.0,0.0,0.0,0.0,0.0,0.0,0.0,0.0,1068,0,0.9898,0.0,-1.0546840875743422,nan,nan,NO_WELD
117.063,0.0,0.0,0.0,0.0,0.0,0.0,0.0,0.0,1068,0,0.9898,0.0,3.1640659231013664,nan,nan,NO_WELD
117.112,0.0,0.0,0.0,0.0,0.0,0.0,0.0,0.0,1068,0,0.9898,0.0,3.1640659231013664,nan,nan,NO_WELD
117.162,0.0,0.0,0.0,0.0,0.0,0.0,0.0,0.0,1068,0,0.9898,0.0,-7.031246887289478,nan,nan,NO_WELD
117.212,0.0,0.0,0.0,0.0,0.0,0.0,0.0,0.0,1068,0,0.9898,0.0,-7.031246887289478,nan,nan,NO_WELD
117.262,0.0,0.0,0.0,0.0,0.0,0.0,0.0,0.0,1068,0,0.9898,0.0,-1.4062466240378864,nan,nan,NO_WELD
117.312,0.0,0.0,0.0,0.0,0.0,0.0,0.0,0.0,1068,0,0.9898,0.0,-1.4062466240378864,nan,nan,NO_WELD
117.362,0.0,0.0,0.0,0.0,0.0,0.0,0.0,0.0,1068,0,0.9898,0.0,3.8671912094718666,nan,nan,NO_WELD
117.412,0.0,0.0,0.0,0.0,0.0,0.0,0.0,0.0,1068,0,0.9898,0.0,3.8671912094718666,nan,nan,NO_WELD
117.462,0.0,0.0,0.0,0.0,0.0,0.0,0.0,0.0,1068,0,0.9898,0.0,-1.7578091605014305,nan,nan,NO_WELD
117.512,0.0,0.0,0.0,0.0,0.0,0.0,0.0,0.0,1068,0,0.9898,0.0,-1.7578091605014305,nan,nan,NO_WELD
117.562,0.0,0.0,0.0,0.0,0.0,0.0,0.0,0.0,1068,0,0.9898,0.0,8.437503436446002,nan,nan,NO_WELD
117.612,0.0,0.0,0.0,0.0,0.0,0.0,0.0,0.0,1068,0,0.9898,0.0,8.437503436446002,nan,nan,NO_WELD
117.662,0.0,0.0,0.0,0.0,0.0,0.0,0.0,0.0,1068,0,0.9898,0.0,-1.0546840875743422,nan,nan,NO_WELD
117.712,0.0,0.0,0.0,0.0,0.0,0.0,0.0,0.0,1068,0,0.9898,0.0,-1.0546840875743422,nan,nan,NO_WELD
117.762,0.0,0.0,0.0,0.0,0.0,0.0,0.0,0.0,1068,0,0.9898,0.0,-6.6796842441042275,nan,nan,NO_WELD
117.812,0.0,0.0,0.0,0.0,0.0,0.0,0.0,0.0,1068,0,0.9898,0.0,-6.6796842441042275,nan,nan,NO_WELD
117.862,0.0,0.0,0.0,0.0,0.0,0.0,0.0,0.0,1068,0,0.9898,0.0,-2.1093715902432693,nan,nan,NO_WELD
117.912,0.0,0.0,0.0,0.0,0.0,0.0,0.0,0.0,1068,0,0.9898,0.0,-2.1093715902432693,nan,nan,NO_WELD
117.962,0.0,0.0,0.0,0.0,0.0,0.0,0.0,0.0,1068,0,0.9898,0.0,4.921878712140794,nan,nan,NO_WELD
118.012,0.0,0.0,0.0,0.0,0.0,0.0,0.0,0.0,1068,0,0.9898,0.0,4.921878712140794,nan,nan,NO_WELD
118.063,0.0,0.0,0.0,0.0,0.0,0.0,0.0,0.0,1068,0,0.9898,0.0,-1.4062466240378864,nan,nan,NO_WELD
118.112,0.0,0.0,0.0,0.0,0.0,0.0,0.0,0.0,1068,0,0.9898,0.0,-1.4062466240378864,nan,nan,NO_WELD
118.162,0.0,0.0,0.0,0.0,0.0,0.0,0.0,0.0,1068,0,0.9898,0.0,1.7578159906906006,nan,nan,NO_WELD
118.212,0.0,0.0,0.0,0.0,0.0,0.0,0.0,0.0,1068,0,0.9898,0.0,1.7578159906906006,nan,nan,NO_WELD
118.262,0.0,0.0,0.0,0.0,0.0,0.0,0.0,0.0,1068,0,0.9898,0.0,-1.0546840875743422,nan,nan,NO_WELD
118.312,0.0,0.0,0.0,0.0,0.0,0.0,0.0,0.0,1068,0,0.9898,0.0,-1.0546840875743422,nan,nan,NO_WELD
118.362,0.0,0.0,0.0,0.0,0.0,0.0,0.0,0.0,1068,0,0.9898,0.0,3.5156285662866162,nan,nan,NO_WELD
118.412,0.0,0.0,0.0,0.0,0.0,0.0,0.0,0.0,1068,0,0.9898,0.0,3.5156285662866162,nan,nan,NO_WELD
118.462,0.0,0.0,0.0,0.0,0.0,0.0,0.0,0.0,1068,0,0.9898,0.0,3.1640659231013664,nan,nan,NO_WELD
118.512,0.0,0.0,0.0,0.0,0.0,0.0,0.0,0.0,1068,0,0.9898,0.0,3.1640659231013664,nan,nan,NO_WELD
118.562,0.0,0.0,0.0,0.0,0.0,0.0,0.0,0.0,1068,0,0.9898,0.0,-1.0546840875743422,-1.0546840875743422,0.0,WELD_FOUND
118.612,0.0,0.0,0.0,0.0,0.0,0.0,0.0,0.0,1068,0,0.9898,0.0,-1.0546840875743422,-1.0546840875743422,0.0,WELD_FOUND
118.662,0.0,0.0,0.0,0.0,0.0,0.0,0.0,0.0,1068,0,0.9898,0.0,-1.0546840875743422,nan,nan,NO_WELD
118.712,0.0,0.0,0.0,0.0,0.0,0.0,0.0,0.0,1068,0,0.9898,0.0,-1.0546840875743422,nan,nan,NO_WELD
118.762,0.0,0.0,0.0,0.0,0.0,0.0,0.0,0.0,1068,0,0.9898,0.0,-1.0546840875743422,nan,nan,NO_WELD
118.812,0.0,0.0,0.0,0.0,0.0,0.0,0.0,0.0,1068,0,0.9898,0.0,-1.0546840875743422,nan,nan,NO_WELD
118.862,0.023776798442149943,0.05,0.03127679844214994,0.016276798442149944,0.0,0.0,0.0313,0.0163,1068,0,0.9898,0.0,-1.7578091605014305,-1.7578091605014305,0.0,WELD_FOUND
118.912,0.023776798442149943,0.05,0.03127679844214994,0.016276798442149944,0.0,0.0,0.0313,0.0163,1068,0,0.9898,0.0,-1.7578091605014305,-1.7578091605014305,0.0,WELD_FOUND
118.962,0.025427165484596354,0.057067669426044125,0.03398731589850297,0.016867015070689738,0.0,0.0,0.034,0.0169,1068,0,0.9898,0.0,-1.0546840875743422,-1.4062466240378864,0.3515625364635442,WELD_FOUND
119.012,0.025427165484596354,0.057067669426044125,0.03398731589850297,0.016867015070689738,0.0,0.0,0.034,0.0169,1068,0,0.9898,0.0,-1.0546840875743422,-1.4062466240378864,0.3515625364635442,WELD_FOUND
119.063,0.024102442162220346,0.0802050891865512,0.03613320554020302,0.012071678784237667,0.0,0.0,0.0361,0.0121,1073,0,0.9944,0.0,-1.7578091605014305,-1.7578091605014305,0.0,WELD_FOUND
119.112,0.024102442162220346,0.0802050891865512,0.03613320554020302,0.012071678784237667,0.0,0.0,0.0361,0.0121,1073,0,0.9944,0.0,-1.7578091605014305,-1.7578091605014305,0.0,WELD_FOUND
119.162,0.0,0.0,0.0,0.0,0.0272,0.0,-0.0272,0.0,1079,0,1.0,0.0,-1.7578091605014305,nan,nan,NO_WELD
119.212,0.0,0.0,0.0,0.0,0.0272,0.0,-0.0272,0.0,1079,0,1.0,0.0,-1.7578091605014305,nan,nan,NO_WELD
119.262,0.025494331885283116,0.05,0.03299433188528311,0.017994331885283116,0.0272,0.0,0.0058,0.018,1085,0,1.0055,0.0,-1.4062466240378864,-1.4062466240378864,0.0,WELD_FOUND
119.312,0.025494331885283116,0.05,0.03299433188528311,0.017994331885283116,0.0311,0.0,0.0019,0.018,1085,0,1.0055,0.0,-1.4062466240378864,-1.4062466240378864,0.0,WELD_FOUND
119.362,0.02493953496004002,0.07042616362243563,0.03550345950340536,0.014375610416674674,0.0311,0.0,0.0044,0.0144,1086,0,1.0065,0.0,-1.7578091605014305,-1.5820278389088056,-0.17578132159262494,WELD_FOUND
119.412,0.02493953496004002,0.07042616362243563,0.03550345950340536,0.014375610416674674,0.0311,0.0,0.0044,0.0144,1086,0,1.0065,0.0,-1.7578091605014305,-1.5820278389088056,-0.17578132159262494,WELD_FOUND
119.462,0.02566533289406901,0.059457688290585106,0.03458398613765677,0.016746679650481246,0.0261,0.0,0.0085,0.0167,1088,0,1.0083,0.0,-1.4062466240378864,-1.4062466240378864,0.0,WELD_FOUND
119.512,0.02566533289406901,0.059457688290585106,0.03458398613765677,0.016746679650481246,0.0261,0.0,0.0085,0.0167,1088,0,1.0083,0.0,-1.4062466240378864,-1.4062466240378864,0.0,WELD_FOUND
119.562,0.02581174171184427,0.060992888501928195,0.0349606749871335,0.016662808436555043,0.0305,0.0,0.0045,0.0167,1092,0,1.012,0.0,-1.4062466240378864,-1.4062466240378864,0.0,WELD_FOUND
119.613,0.02581174171184427,0.060992888501928195,0.0349606749871335,0.016662808436555043,0.0305,0.0,0.0045,0.0167,1092,0,1.012,0.0,-1.4062466240378864,-1.4062466240378864,0.0,WELD_FOUND
119.662,0.0,0.0,0.0,0.0,0.0305,0.0,-0.0305,0.0,1096,0,1.0157,0.0,-1.4062466240378864,nan,nan,NO_WELD
119.713,0.0,0.0,0.0,0.0,0.0281,0.0,-0.0281,0.0,1096,0,1.0157,0.0,-1.4062466240378864,nan,nan,NO_WELD
119.762,0.0,0.0,0.0,0.0,0.0281,0.0,-0.0281,0.0,1100,0,1.0194,0.0,-1.4062466240378864,nan,nan,NO_WELD
119.812,0.0,0.0,0.0,0.0,0.0281,0.0,-0.0281,0.0,1100,0,1.0194,0.0,-1.4062466240378864,nan,nan,NO_WELD
119.862,0.0,0.0,0.0,0.0,0.0293,0.0,-0.0293,0.0,1101,0,1.0204,0.0,-1.4062466240378864,nan,nan,NO_WELD
119.912,0.0,0.0,0.0,0.0,0.0293,0.0,-0.0293,0.0,1101,0,1.0204,0.0,-1.4062466240378864,nan,nan,NO_WELD
119.962,0.0,0.0,0.0,0.0,0.0293,0.0,-0.0293,0.0,1101,0,1.0204,0.0,-1.4062466240378864,nan,nan,NO_WELD
120.012,0.0,0.0,0.0,0.0,0.0234,0.0,-0.0234,0.0,1101,0,1.0204,0.0,-1.4062466240378864,nan,nan,NO_WELD
120.063,0.030251181765434624,0.034378483730661234,0.03540795432503381,0.025094409205835437,0.0234,0.0,0.012,0.0251,1101,0,1.0204,0.0,-0.7031216044716506,-0.7031216044716506,0.0,WELD_FOUND
120.112,0.030251181765434624,0.034378483730661234,0.03540795432503381,0.025094409205835437,0.0188,0.0,0.0167,0.0251,1101,0,1.0204,0.0,-0.7031216044716506,-0.7031216044716506,0.0,WELD_FOUND
120.162,0.0,0.0,0.0,0.0,0.0188,0.0,-0.0188,0.0,1102,0,1.0213,0.0,-0.7031216044716506,nan,nan,NO_WELD
120.212,0.0,0.0,0.0,0.0,0.015,0.0,-0.015,0.0,1102,0,1.0213,0.0,-0.7031216044716506,nan,nan,NO_WELD
120.262,0.0284485444635003,0.04663745227061544,0.035444162304092613,0.021452926622907983,0.015,0.0,0.0205,0.0215,1107,0,1.0259,0.0,-1.0546840875743422,-1.0546840875743422,0.0,WELD_FOUND
120.312,0.0284485444635003,0.04663745227061544,0.035444162304092613,0.021452926622907983,0.015,0.0,0.0205,0.0215,1107,0,1.0259,0.0,-1.0546840875743422,-1.0546840875743422,0.0,WELD_FOUND
120.362,0.02898352155383222,0.03708374836769096,0.03454608380898586,0.023420959298678577,0.0238,0.0,0.0107,0.0234,1108,0,1.0269,0.0,-0.7031216044716506,-0.8789028727034228,0.1757812682317722,WELD_FOUND
120.412,0.02898352155383222,0.03708374836769096,0.03454608380898586,0.023420959298678577,0.0238,0.0,0.0107,0.0234,1108,0,1.0269,0.0,-0.7031216044716506,-0.8789028727034228,0.1757812682317722,WELD_FOUND
120.462,0.028200593827263084,0.04793919166666338,0.03539147257726259,0.021009715077263576,0.0238,0.0,0.0116,0.021,1112,0,1.0306,0.0,-1.0546840875743422,-1.0546840875743422,0.0,WELD_FOUND
120.512,0.028200593827263084,0.04793919166666338,0.03539147257726259,0.021009715077263576,0.0242,0.0,0.0112,0.021,1112,0,1.0306,0.0,-1.0546840875743422,-1.0546840875743422,0.0,WELD_FOUND
120.562,0.0,0.0,0.0,0.0,0.0242,0.0,-0.0242,0.0,1117,0,1.0352,0.0,-1.0546840875743422,nan,nan,NO_WELD
120.612,0.0,0.0,0.0,0.0,0.0242,0.0,-0.0242,0.0,1117,0,1.0352,0.0,-1.0546840875743422,nan,nan,NO_WELD
120.662,0.028045294662720606,0.04607611377053688,0.034956711728301136,0.021133877597140076,0.0392,0.0,-0.0043,0.0211,1122,0,1.0398,0.0,-1.0546840875743422,-1.0546840875743422,0.0,WELD_FOUND
120.712,0.028045294662720606,0.04607611377053688,0.034956711728301136,0.021133877597140076,0.0392,0.0,-0.0043,0.0211,1122,0,1.0398,0.0,-1.0546840875743422,-1.0546840875743422,0.0,WELD_FOUND
120.762,0.0,0.0,0.0,0.0,0.0392,0.0,-0.0392,0.0,1122,0,1.0398,0.0,-1.0546840875743422,nan,nan,NO_WELD
120.812,0.0,0.0,0.0,0.0,0.0314,0.0,-0.0314,0.0,1122,0,1.0398,0.0,-1.4062466240378864,nan,nan,NO_WELD
120.862,0.026280618951950094,0.05,0.033780618951950094,0.018780618951950094,0.0314,0.0,0.0024,0.0188,1127,0,1.0445,0.0,-1.4062466240378864,-1.4062466240378864,0.0,WELD_FOUND
120.912,0.026280618951950094,0.05,0.033780618951950094,0.018780618951950094,0.0314,0.0,0.0024,0.0188,1127,0,1.0445,0.0,-1.0546840875743422,-1.4062466240378864,0.3515625364635442,WELD_FOUND
120.962,0.02678884174143666,0.052400098694876454,0.03464885654566813,0.01892882693720519,0.0312,0.0,0.0034,0.0189,1127,0,1.0445,0.0,-1.0546840875743422,-1.2304654091669671,0.17578132159262494,WELD_FOUND
121.012,0.02678884174143666,0.052400098694876454,0.03464885654566813,0.01892882693720519,0.0312,0.0,0.0034,0.0189,1127,0,1.0445,0.0,-1.4062466240378864,-1.2304654091669671,-0.17578121487091924,WELD_FOUND
121.063,0.026035151261234755,0.06327987470878582,0.035527132467552625,0.016543170054916883,0.0299,0.0,0.0057,0.0165,1130,0,1.0472,0.0,-1.4062466240378864,-1.4062466240378864,0.0,WELD_FOUND
121.112,0.026035151261234755,0.06327987470878582,0.035527132467552625,0.016543170054916883,0.0299,0.0,0.0057,0.0165,1130,0,1.0472,0.0,-1.4062466240378864,nan,nan,NO_WELD
121.162,0.0,0.0,0.0,0.0,0.0299,0.0,-0.0299,0.0,1135,0,1.0519,0.0,-1.4062466240378864,nan,nan,NO_WELD
121.212,0.0,0.0,0.0,0.0,0.0302,0.0,-0.0302,0.0,1135,0,1.0519,0.0,-1.4062466240378864,nan,nan,NO_WELD
121.262,0.0,0.0,0.0,0.0,0.0302,0.0,-0.0302,0.0,1139,0,1.0556,0.0,-1.4062466240378864,nan,nan,NO_WELD
121.312,0.0,0.0,0.0,0.0,0.0302,0.0,-0.0302,0.0,1139,0,1.0556,0.0,-1.0546840875743422,nan,nan,NO_WELD
121.362,0.02760650470274566,0.04657058125827969,0.03459209189148761,0.020620917514003707,0.0281,0.0,0.0065,0.0206,1139,0,1.0556,0.0,-1.0546840875743422,-1.0546840875743422,0.0,WELD_FOUND
121.412,0.02760650470274566,0.04657058125827969,0.03459209189148761,0.020620917514003707,0.0281,0.0,0.0065,0.0206,1139,0,1.0556,0.0,-1.4062466240378864,-1.0546840875743422,-0.3515625364635442,WELD_FOUND
121.462,0.02705392900047997,0.05507684426287017,0.035315455639910495,0.018792402361049447,0.0281,0.0,0.0073,0.0188,1139,0,1.0556,0.0,-1.4062466240378864,-1.2304654091669671,-0.17578121487091924,WELD_FOUND
121.512,0.02705392900047997,0.05507684426287017,0.035315455639910495,0.018792402361049447,0.0225,0.0,0.0129,0.0188,1139,0,1.0556,0.0,-1.0546840875743422,-1.0546840875743422,0.0,WELD_FOUND
121.562,0.02781469670303858,0.04416221543565692,0.034439029018387114,0.021190364387690043,0.0225,0.0,0.012,0.0212,1143,0,1.0593,0.0,-1.0546840875743422,-1.0546840875743422,0.0,WELD_FOUND
121.612,0.027095086793983297,0.05550874035764452,0.03542139784762997,0.01876877574033662,0.0225,0.0,0.013,0.0188,1143,0,1.0593,0.0,-1.7578091605014305,-1.2304654091669671,-0.5273437513344634,WELD_FOUND
121.662,0.027095086793983297,0.05550874035764452,0.03542139784762997,0.01876877574033662,0.0357,0.0,-0.0003,0.0188,1148,0,1.0639,0.0,-1.7578091605014305,-1.2304654091669671,-0.5273437513344634,WELD_FOUND
121.712,0.026095395743061082,0.06383754181496545,0.0356710270153059,0.016519764470816264,0.0357,0.0,-0.0001,0.0165,1148,0,1.0639,0.0,-1.4062466240378864,-1.4062466240378864,0.0,WELD_FOUND
121.762,0.026095395743061082,0.06383754181496545,0.0356710270153059,0.016519764470816264,0.0357,0.0,-0.0001,0.0165,1153,0,1.0686,0.0,-1.4062466240378864,-1.4062466240378864,0.0,WELD_FOUND
121.812,0.026095395743061082,0.06383754181496545,0.0356710270153059,0.016519764470816264,0.0338,0.0,0.0019,0.0165,1153,0,1.0686,0.0,-1.0546840875743422,-1.4062466240378864,0.3515625364635442,WELD_FOUND
121.862,0.025897712380930825,0.06185920071383499,0.03517659248800607,0.016618832273855577,0.0338,0.0,0.0014,0.0166,1157,0,1.0723,0.0,-1.0546840875743422,-1.4062466240378864,0.3515625364635442,WELD_FOUND
121.912,0.027578169385752572,0.04175387498282868,0.033841250633176875,0.02131508813832827,0.0351,0.0,-0.0012,0.0213,1157,0,1.0723,0.0,-0.7031216044716506,-1.0546840875743422,0.35156248310269156,WELD_FOUND
121.962,0.027578169385752572,0.04175387498282868,0.033841250633176875,0.02131508813832827,0.0351,0.0,-0.0012,0.0213,1161,0,1.076,0.0,-0.7031216044716506,-1.0546840875743422,0.35156248310269156,WELD_FOUND
122.012,0.0,0.0,0.0,0.0,0.0351,0.0,-0.0351,0.0,1161,0,1.076,0.0,-0.7031216044716506,nan,nan,NO_WELD
122.063,0.0,0.0,0.0,0.0,0.0409,0.0,-0.0409,0.0,1165,0,1.0797,0.0,-0.7031216044716506,nan,nan,NO_WELD
122.112,0.0,0.0,0.0,0.0,0.0409,0.0,-0.0409,0.0,1165,0,1.0797,0.0,-0.7031216044716506,nan,nan,NO_WELD
122.162,0.0,0.0,0.0,0.0,0.0319,0.0,-0.0319,0.0,1167,0,1.0815,0.0,-0.7031216044716506,nan,nan,NO_WELD
122.212,0.0,0.0,0.0,0.0,0.0319,0.0,-0.0319,0.0,1167,0,1.0815,0.0,-0.7031216044716506,nan,nan,NO_WELD
122.262,0.0,0.0,0.0,0.0,0.0255,0.0,-0.0255,0.0,1167,0,1.0815,0.0,-0.7031216044716506,nan,nan,NO_WELD
122.312,0.0,0.0,0.0,0.0,0.0255,0.0,-0.0255,0.0,1167,0,1.0815,0.0,-0.7031216044716506,nan,nan,NO_WELD
122.362,0.0,0.0,0.0,0.0,0.0255,0.0,-0.0255,0.0,1167,0,1.0815,0.0,-0.7031216044716506,nan,nan,NO_WELD
122.412,0.030251181765434624,0.03437040581590246,0.035406742637819996,0.025095620893049255,0.0204,0.0,0.015,0.0251,1167,0,1.0815,0.0,-0.7031216044716506,-0.7031216044716506,0.0,WELD_FOUND
122.462,0.030251181765434624,0.03437040581590246,0.035406742637819996,0.025095620893049255,0.0204,0.0,0.015,0.0251,1167,0,1.0815,0.0,-0.7031216044716506,-0.7031216044716506,0.0,WELD_FOUND
122.512,0.030251181765434624,0.030679467599838972,0.034853101905410466,0.025649261625458778,0.0163,0.0,0.0185,0.0256,1167,0,1.0815,0.0,-0.7031216044716506,-0.7031216044716506,0.0,WELD_FOUND
122.562,0.030251181765434624,0.030679467599838972,0.034853101905410466,0.025649261625458778,0.0163,0.0,0.0185,0.0256,1171,0,1.0852,0.0,-0.7031216044716506,-0.7031216044716506,0.0,WELD_FOUND
122.612,0.0,0.0,0.0,0.0,0.0163,0.0,-0.0163,0.0,1171,0,1.0852,0.0,-0.7031216044716506,nan,nan,NO_WELD
122.662,0.0,0.0,0.0,0.0,0.0321,0.0,-0.0321,0.0,1176,0,1.0899,0.0,-0.7031216044716506,nan,nan,NO_WELD
122.712,0.0,0.0,0.0,0.0,0.0321,0.0,-0.0321,0.0,1176,0,1.0899,0.0,-0.7031216044716506,nan,nan,NO_WELD
122.762,0.0,0.0,0.0,0.0,0.0321,0.0,-0.0321,0.0,1178,0,1.0917,0.0,-0.7031216044716506,nan,nan,NO_WELD
122.812,0.0,0.0,0.0,0.0,0.0242,0.0,-0.0242,0.0,1178,0,1.0917,0.0,-0.7031216044716506,nan,nan,NO_WELD
122.862,0.0,0.0,0.0,0.0,0.0242,0.0,-0.0242,0.0,1178,0,1.0917,0.0,-0.7031216044716506,nan,nan,NO_WELD
122.912,0.030251181765434624,0.03529096864049189,0.03554482706150841,0.02495753646936084,0.0242,0.0,0.0114,0.025,1178,0,1.0917,0.0,-0.7031216044716506,-0.7031216044716506,0.0,WELD_FOUND
122.962,0.030251181765434624,0.03529096864049189,0.03554482706150841,0.02495753646936084,0.0193,0.0,0.0162,0.025,1178,0,1.0917,0.0,-0.7031216044716506,-0.7031216044716506,0.0,WELD_FOUND
123.012,0.031173264715568146,0.020823726343493304,0.03429682366709214,0.02804970576404415,0.0193,0.0,0.015,0.028,1178,0,1.0917,0.0,-0.35155909468853286,-0.5273403362398785,0.17578124155134567,WELD_FOUND
123.063,0.031173264715568146,0.020823726343493304,0.03429682366709214,0.02804970576404415,0.0193,0.0,0.015,0.028,1181,0,1.0945,0.0,-0.35155909468853286,-0.5273403362398785,0.17578124155134567,WELD_FOUND
123.112,0.0,0.0,0.0,0.0,0.019,0.0,-0.019,0.0,1181,0,1.0945,0.0,-0.35155909468853286,nan,nan,NO_WELD
123.162,0.0,0.0,0.0,0.0,0.019,0.0,-0.019,0.0,1186,0,1.0991,0.0,-0.35155909468853286,nan,nan,NO_WELD
123.212,0.0,0.0,0.0,0.0,0.0299,0.0,-0.0299,0.0,1186,0,1.0991,0.0,-0.35155909468853286,nan,nan,NO_WELD
123.262,0.0,0.0,0.0,0.0,0.0299,0.0,-0.0299,0.0,1188,0,1.101,0.0,-0.35155909468853286,nan,nan,NO_WELD
123.312,0.03043449093335661,0.03043808078602896,0.035000203051260954,0.025868778815452263,0.0254,0.0,0.0096,0.0259,1188,0,1.101,0.0,-0.7031216044716506,-0.7031216044716506,0.0,WELD_FOUND
123.362,0.03043449093335661,0.03043808078602896,0.035000203051260954,0.025868778815452263,0.0254,0.0,0.0096,0.0259,1187,0,1.1001,0.0,-0.7031216044716506,-0.7031216044716506,0.0,WELD_FOUND
123.412,0.031210435963320713,0.02118546979298667,0.03438825643226871,0.028032615494372713,0.0254,0.0,0.009,0.028,1187,0,1.1001,0.0,-0.35155909468853286,-0.5273403362398785,0.17578124155134567,WELD_FOUND
123.462,0.031210435963320713,0.02118546979298667,0.03438825643226871,0.028032615494372713,0.0202,0.0,0.0142,0.028,1190,0,1.1029,0.0,-0.35155909468853286,-0.5273403362398785,0.17578124155134567,WELD_FOUND
123.512,0.0,0.0,0.0,0.0,0.0202,0.0,-0.0202,0.0,1190,0,1.1029,0.0,-0.35155909468853286,nan,nan,NO_WELD
123.562,0.0,0.0,0.0,0.0,0.0202,0.0,-0.0202,0.0,1195,0,1.1075,0.0,-0.35155909468853286,nan,nan,NO_WELD
123.612,0.0,0.0,0.0,0.0,0.0245,0.0,-0.0245,0.0,1195,0,1.1075,0.0,-0.35155909468853286,nan,nan,NO_WELD
123.662,0.0,0.0,0.0,0.0,0.0245,0.0,-0.0245,0.0,1198,0,1.1103,0.0,-0.35155909468853286,nan,nan,NO_WELD
123.712,0.030441834817263373,0.030429867666728096,0.035006314967272585,0.02587735466725416,0.0245,0.0,0.0106,0.0259,1198,0,1.1103,0.0,-0.7031216044716506,-0.7031216044716506,0.0,WELD_FOUND
123.762,0.030441834817263373,0.030429867666728096,0.035006314967272585,0.02587735466725416,0.0221,0.0,0.0129,0.0259,1198,0,1.1103,0.0,-0.7031216044716506,-0.7031216044716506,0.0,WELD_FOUND
123.812,0.0,0.0,0.0,0.0,0.0221,0.0,-0.0221,0.0,1198,0,1.1103,0.0,-0.7031216044716506,nan,nan,NO_WELD
123.862,0.0,0.0,0.0,0.0,0.0244,0.0,-0.0244,0.0,1201,0,1.1131,0.0,-0.7031216044716506,nan,nan,NO_WELD
123.912,0.030289264464290436,0.030730092067630877,0.03489877827443506,0.025679750654145805,0.0244,0.0,0.0105,0.0257,1201,0,1.1131,0.0,-0.7031216044716506,-0.7031216044716506,0.0,WELD_FOUND
123.962,0.030289264464290436,0.030730092067630877,0.03489877827443506,0.025679750654145805,0.0244,0.0,0.0105,0.0257,1203,0,1.1149,0.0,-0.7031216044716506,-0.7031216044716506,0.0,WELD_FOUND
124.012,0.02935044104302198,0.040625717299858075,0.03544429863800069,0.02325658344804327,0.0196,0.0,0.0159,0.0233,1203,0,1.1149,0.0,-1.0546840875743422,-0.8789028727034228,-0.17578121487091936,WELD_FOUND
124.063,0.02935044104302198,0.040625717299858075,0.03544429863800069,0.02325658344804327,0.0196,0.0,0.0159,0.0233,1205,0,1.1168,0.0,-1.0546840875743422,-0.8789028727034228,-0.17578121487091936,WELD_FOUND
124.112,0.028272798288689054,0.048605015871835314,0.03556355066946435,0.020982045907913756,0.0192,0.0,0.0164,0.021,1205,0,1.1168,0.0,-1.7578091605014305,-1.0546840875743422,-0.7031250729270884,WELD_FOUND
124.162,0.028272798288689054,0.048605015871835314,0.03556355066946435,0.020982045907913756,0.0192,0.0,0.0164,0.021,1211,0,1.1223,0.0,-1.7578091605014305,-1.0546840875743422,-0.7031250729270884,WELD_FOUND
124.212,0.028059688377549324,0.04653634322382094,0.03504013986112246,0.021079236893976182,0.0192,0.0,0.0159,0.0211,1211,0,1.1223,0.0,-1.0546840875743422,-1.0546840875743422,0.0,WELD_FOUND
124.262,0.028059688377549324,0.04653634322382094,0.03504013986112246,0.021079236893976182,0.0412,0.0,-0.0061,0.0211,1217,0,1.1279,0.0,-1.0546840875743422,-1.0546840875743422,0.0,WELD_FOUND
124.312,0.028017163140910448,0.046123735173344324,0.0349357234169121,0.0210986028649088,0.0412,0.0,-0.0062,0.0211,1217,0,1.1279,0.0,-1.4062466240378864,-1.0546840875743422,-0.3515625364635442,WELD_FOUND
124.362,0.028017163140910448,0.046123735173344324,0.0349357234169121,0.0210986028649088,0.0412,0.0,-0.0062,0.0211,1222,0,1.1325,0.0,-1.4062466240378864,-1.0546840875743422,-0.3515625364635442,WELD_FOUND
124.412,0.0,0.0,0.0,0.0,0.0371,0.0,-0.0371,0.0,1222,0,1.1325,0.0,-1.4062466240378864,nan,nan,NO_WELD
124.462,0.0,0.0,0.0,0.0,0.0371,0.0,-0.0371,0.0,1226,0,1.1362,0.0,-1.4062466240378864,nan,nan,NO_WELD
124.512,0.0,0.0,0.0,0.0,0.0371,0.0,-0.0371,0.0,1226,0,1.1362,0.0,-1.4062466240378864,nan,nan,NO_WELD
124.562,0.0,0.0,0.0,0.0,0.0371,0.0,-0.0371,0.0,1228,0,1.1381,0.0,-1.4062466240378864,nan,nan,NO_WELD
124.612,0.0,0.0,0.0,0.0,0.0297,0.0,-0.0297,0.0,1228,0,1.1381,0.0,-1.4062466240378864,nan,nan,NO_WELD
124.662,0.0,0.0,0.0,0.0,0.0297,0.0,-0.0297,0.0,1227,0,1.1371,0.0,-1.4062466240378864,nan,nan,NO_WELD
124.712,0.0,0.0,0.0,0.0,0.0141,0.0,-0.0141,0.0,1227,0,1.1371,0.0,-1.4062466240378864,nan,nan,NO_WELD
124.762,0.0,0.0,0.0,0.0,0.0141,0.0,-0.0141,0.0,1227,0,1.1371,0.0,-1.4062466240378864,nan,nan,NO_WELD
124.812,0.0,0.0,0.0,0.0,0.0113,0.0,-0.0113,0.0,1227,0,1.1371,0.0,-1.4062466240378864,nan,nan,NO_WELD
124.862,0.0,0.0,0.0,0.0,0.0113,0.0,-0.0113,0.0,1227,0,1.1371,0.0,-1.4062466240378864,nan,nan,NO_WELD
124.912,0.0,0.0,0.0,0.0,0.009,0.0,-0.009,0.0,1227,0,1.1371,0.0,-1.4062466240378864,nan,nan,NO_WELD
124.962,0.0,0.0,0.0,0.0,0.009,0.0,-0.009,0.0,1227,0,1.1371,0.0,-1.4062466240378864,nan,nan,NO_WELD
125.012,0.0,0.0,0.0,0.0,0.009,0.0,-0.009,0.0,1227,0,1.1371,0.0,-1.4062466240378864,nan,nan,NO_WELD
125.063,0.0,0.0,0.0,0.0,0.0072,0.0,-0.0072,0.0,1227,0,1.1371,0.0,-1.4062466240378864,nan,nan,NO_WELD
125.112,0.0,0.0,0.0,0.0,0.0072,0.0,-0.0072,0.0,1227,0,1.1371,0.0,-0.7031216044716506,-0.7031216044716506,0.0,WELD_FOUND
125.162,0.0,0.0,0.0,0.0,0.0058,0.0,-0.0058,0.0,1227,0,1.1371,0.0,-0.7031216044716506,-0.7031216044716506,0.0,WELD_FOUND
125.212,0.030251181765434624,0.03272972907273662,0.035160641126345114,0.02534172240452413,0.0058,0.0,0.0294,0.0253,1227,0,1.1371,0.0,-0.7031216044716506,-0.7031216044716506,0.0,WELD_FOUND
125.262,0.030251181765434624,0.03272972907273662,0.035160641126345114,0.02534172240452413,0.0058,0.0,0.0294,0.0253,1227,0,1.1371,0.0,-0.7031216044716506,-0.7031216044716506,0.0,WELD_FOUND
125.312,0.030251181765434624,0.030679467599838972,0.034853101905410466,0.025649261625458778,0.0046,0.0,0.0302,0.0256,1227,0,1.1371,0.0,-0.7031216044716506,-0.7031216044716506,0.0,WELD_FOUND
125.362,0.030251181765434624,0.030679467599838972,0.034853101905410466,0.025649261625458778,0.0046,0.0,0.0302,0.0256,1230,0,1.1399,0.0,-0.7031216044716506,-0.7031216044716506,0.0,WELD_FOUND
125.412,0.0,0.0,0.0,0.0,0.0046,0.0,-0.0046,0.0,1230,0,1.1399,0.0,-0.7031216044716506,nan,nan,NO_WELD
125.462,0.0,0.0,0.0,0.0,0.0275,0.0,-0.0275,0.0,1237,0,1.1464,0.0,-0.7031216044716506,nan,nan,NO_WELD
125.512,0.0,0.0,0.0,0.0,0.0275,0.0,-0.0275,0.0,1237,0,1.1464,0.0,-0.7031216044716506,nan,nan,NO_WELD
125.562,0.0,0.0,0.0,0.0,0.0275,0.0,-0.0275,0.0,1238,0,1.1473,0.0,-0.7031216044716506,nan,nan,NO_WELD
125.612,0.0,0.0,0.0,0.0,0.019,0.0,-0.019,0.0,1238,0,1.1473,0.0,-0.7031216044716506,nan,nan,NO_WELD
125.662,0.0,0.0,0.0,0.0,0.019,0.0,-0.019,0.0,1237,0,1.1464,0.0,-0.7031216044716506,nan,nan,NO_WELD
125.712,0.025848408980401087,0.05,0.03334840898040109,0.018348408980401087,0.019,0.0,0.0144,0.0183,1237,0,1.1464,0.0,-1.4062466240378864,-1.4062466240378864,0.0,WELD_FOUND
125.762,0.025848408980401087,0.05,0.03334840898040109,0.018348408980401087,0.0089,0.0,0.0244,0.0183,1237,0,1.1464,0.0,-1.4062466240378864,-1.4062466240378864,0.0,WELD_FOUND
125.812,0.027567989904392506,0.04143681219214582,0.03378351173321438,0.021352468075570633,0.0089,0.0,0.0249,0.0214,1237,0,1.1464,0.0,-0.7031216044716506,-1.0546840875743422,0.35156248310269156,WELD_FOUND
125.862,0.027567989904392506,0.04143681219214582,0.03378351173321438,0.021352468075570633,0.0165,0.0,0.0173,0.0214,1240,0,1.1492,0.0,-0.7031216044716506,-1.0546840875743422,0.35156248310269156,WELD_FOUND
125.912,0.0,0.0,0.0,0.0,0.0165,0.0,-0.0165,0.0,1240,0,1.1492,0.0,-0.7031216044716506,nan,nan,NO_WELD
125.962,0.0,0.0,0.0,0.0,0.0165,0.0,-0.0165,0.0,1245,0,1.1538,0.0,-0.7031216044716506,nan,nan,NO_WELD
126.012,0.0,0.0,0.0,0.0,0.0222,0.0,-0.0222,0.0,1245,0,1.1538,0.0,-0.7031216044716506,nan,nan,NO_WELD
126.063,0.0,0.0,0.0,0.0,0.0222,0.0,-0.0222,0.0,1246,0,1.1548,0.0,-0.7031216044716506,nan,nan,NO_WELD
126.112,0.0,0.0,0.0,0.0,0.017,0.0,-0.017,0.0,1246,0,1.1548,0.0,-0.7031216044716506,nan,nan,NO_WELD
126.162,0.0,0.0,0.0,0.0,0.017,0.0,-0.017,0.0,1246,0,1.1548,0.0,-0.7031216044716506,nan,nan,NO_WELD
126.212,0.030251181765434624,0.03528777926071443,0.035544348654541785,0.02495801487632746,0.0136,0.0,0.0219,0.025,1246,0,1.1548,0.0,-0.7031216044716506,-0.7031216044716506,0.0,WELD_FOUND
126.262,0.030251181765434624,0.03528777926071443,0.035544348654541785,0.02495801487632746,0.0136,0.0,0.0219,0.025,1246,0,1.1548,0.0,-0.7031216044716506,-0.7031216044716506,0.0,WELD_FOUND
126.312,0.0,0.0,0.0,0.0,0.0136,0.0,-0.0136,0.0,1246,0,1.1548,0.0,-0.7031216044716506,nan,nan,NO_WELD
126.362,0.0,0.0,0.0,0.0,0.0156,0.0,-0.0156,0.0,1249,0,1.1575,0.0,-0.7031216044716506,nan,nan,NO_WELD
126.412,0.0284485444635003,0.04665022035699788,0.03544607751704998,0.021451011409950618,0.0156,0.0,0.0198,0.0215,1249,0,1.1575,0.0,-1.0546840875743422,-1.0546840875743422,0.0,WELD_FOUND
126.462,0.0284485444635003,0.04665022035699788,0.03544607751704998,0.021451011409950618,0.0205,0.0,0.015,0.0215,1252,0,1.1603,0.0,-1.0546840875743422,-1.0546840875743422,0.0,WELD_FOUND
126.512,0.0,0.0,0.0,0.0,0.0205,0.0,-0.0205,0.0,1252,0,1.1603,0.0,-1.0546840875743422,nan,nan,NO_WELD
126.562,0.0,0.0,0.0,0.0,0.0205,0.0,-0.0205,0.0,1253,0,1.1612,0.0,-1.0546840875743422,nan,nan,NO_WELD
126.612,0.024677648128676705,0.05,0.032177648128676704,0.017177648128676705,0.0148,0.0,0.0174,0.0172,1253,0,1.1612,0.0,-1.7578091605014305,-1.7578091605014305,0.0,WELD_FOUND
126.662,0.024677648128676705,0.05,0.032177648128676704,0.017177648128676705,0.0148,0.0,0.0174,0.0172,1256,0,1.164,0.0,-1.7578091605014305,-1.7578091605014305,0.0,WELD_FOUND
126.712,0.0,0.0,0.0,0.0,0.0148,0.0,-0.0148,0.0,1256,0,1.164,0.0,-1.7578091605014305,nan,nan,NO_WELD
126.762,0.0,0.0,0.0,0.0,0.0187,0.0,-0.0187,0.0,1257,0,1.1649,0.0,-1.7578091605014305,nan,nan,NO_WELD
126.812,0.0,0.0,0.0,0.0,0.0187,0.0,-0.0187,0.0,1257,0,1.1649,0.0,-1.7578091605014305,nan,nan,NO_WELD
126.862,0.0,0.0,0.0,0.0,0.0187,0.0,-0.0187,0.0,1259,0,1.1668,0.0,-1.7578091605014305,nan,nan,NO_WELD
126.912,0.02732391523185823,0.04695730719157755,0.034367511310594866,0.0202803191531216,0.0162,0.0,0.0182,0.0203,1259,0,1.1668,0.0,-1.0546840875743422,-1.0546840875743422,0.0,WELD_FOUND
126.962,0.02732391523185823,0.04695730719157755,0.034367511310594866,0.0202803191531216,0.0162,0.0,0.0182,0.0203,1259,0,1.1668,0.0,-1.0546840875743422,-1.0546840875743422,0.0,WELD_FOUND
127.012,0.026997864759585655,0.05448006775257014,0.03516987492247117,0.018825854596700137,0.0162,0.0,0.019,0.0188,1259,0,1.1668,0.0,-1.4062466240378864,-1.2304654091669671,-0.17578121487091924,WELD_FOUND
127.063,0.026997864759585655,0.05448006775257014,0.03516987492247117,0.018825854596700137,0.0196,0.0,0.0156,0.0188,1263,0,1.1705,0.0,-1.4062466240378864,-1.2304654091669671,-0.17578121487091924,WELD_FOUND
127.112,0.0,0.0,0.0,0.0,0.0196,0.0,-0.0196,0.0,1263,0,1.1705,0.0,-1.4062466240378864,nan,nan,NO_WELD
127.162,0.0,0.0,0.0,0.0,0.0196,0.0,-0.0196,0.0,1268,0,1.1751,0.0,-1.4062466240378864,nan,nan,NO_WELD
127.212,0.0,0.0,0.0,0.0,0.0241,0.0,-0.0241,0.0,1268,0,1.1751,0.0,-1.4062466240378864,nan,nan,NO_WELD
127.262,0.0,0.0,0.0,0.0,0.0241,0.0,-0.0241,0.0,1270,0,1.177,0.0,-1.4062466240378864,nan,nan,NO_WELD
127.312,0.0,0.0,0.0,0.0,0.0241,0.0,-0.0241,0.0,1270,0,1.177,0.0,-1.4062466240378864,nan,nan,NO_WELD
127.362,0.0,0.0,0.0,0.0,0.0169,0.0,-0.0169,0.0,1269,0,1.1761,0.0,-1.4062466240378864,nan,nan,NO_WELD
127.412,0.02179170584530101,0.05,0.02929170584530101,0.014291705845301012,0.0169,0.0,0.0123,0.0143,1269,0,1.1761,0.0,-2.1093715902432693,-2.1093715902432693,0.0,WELD_FOUND
127.462,0.02179170584530101,0.05,0.02929170584530101,0.014291705845301012,0.0169,0.0,0.0123,0.0143,1269,0,1.1761,0.0,-2.1093715902432693,-2.1093715902432693,0.0,WELD_FOUND
127.512,0.023372858538827826,0.07239925645619111,0.034232747007256495,0.01251297007039916,0.0136,0.0,0.0207,0.0125,1269,0,1.1761,0.0,-1.4062466240378864,-1.7578091605014305,0.3515625364635442,WELD_FOUND
127.562,0.023372858538827826,0.07239925645619111,0.034232747007256495,0.01251297007039916,0.0136,0.0,0.0207,0.0125,1271,0,1.1779,0.0,-1.4062466240378864,-1.7578091605014305,0.3515625364635442,WELD_FOUND
127.612,0.0,0.0,0.0,0.0,0.0155,0.0,-0.0155,0.0,1271,0,1.1779,0.0,-1.4062466240378864,nan,nan,NO_WELD
127.662,0.0,0.0,0.0,0.0,0.0155,0.0,-0.0155,0.0,1276,0,1.1826,0.0,-1.4062466240378864,nan,nan,NO_WELD
127.712,0.028804642114824017,0.028638539278217266,0.033100423006556606,0.024508861223091427,0.0155,0.0,0.0176,0.0245,1276,0,1.1826,0.0,-0.7031216044716506,-0.7031216044716506,0.0,WELD_FOUND
127.762,0.028804642114824017,0.028638539278217266,0.033100423006556606,0.024508861223091427,0.0242,0.0,0.0089,0.0245,1277,0,1.1835,0.0,-0.7031216044716506,-0.7031216044716506,0.0,WELD_FOUND
127.812,0.030876692097109727,0.01804893488370693,0.03358403232966577,0.028169351864553688,0.0242,0.0,0.0094,0.0282,1277,0,1.1835,0.0,-0.35155909468853286,-0.5273403362398785,0.17578124155134567,WELD_FOUND
127.862,0.030876692097109727,0.01804893488370693,0.03358403232966577,0.028169351864553688,0.0256,0.0,0.008,0.0282,1280,0,1.1863,0.0,-0.35155909468853286,-0.5273403362398785,0.17578124155134567,WELD_FOUND
127.912,0.03037577175975642,0.031857164883827546,0.035154346492330554,0.02559719702718229,0.0256,0.0,0.0095,0.0256,1280,0,1.1863,0.0,-1.0546840875743422,-0.7031216044716506,-0.35156248310269156,WELD_FOUND
127.962,0.03037577175975642,0.031857164883827546,0.035154346492330554,0.02559719702718229,0.0256,0.0,0.0095,0.0256,1285,0,1.1909,0.0,-1.0546840875743422,-0.7031216044716506,-0.35156248310269156,WELD_FOUND
128.012,0.029367462584066566,0.04068946152774197,0.03547088181322786,0.02326404335490527,0.0277,0.0,0.0077,0.0233,1285,0,1.1909,0.0,-1.4062466240378864,-0.8789028727034228,-0.5273437513344635,WELD_FOUND
128.063,0.029367462584066566,0.04068946152774197,0.03547088181322786,0.02326404335490527,0.0277,0.0,0.0077,0.0233,1290,0,1.1955,0.0,-1.4062466240378864,-0.8789028727034228,-0.5273437513344635,WELD_FOUND
128.112,0.03007338993150545,0.029009993994821924,0.03442488903072874,0.025721890832282164,0.0277,0.0,0.0067,0.0257,1290,0,1.1955,0.0,-0.7031216044716506,-0.7031216044716506,0.0,WELD_FOUND
128.162,0.03007338993150545,0.029009993994821924,0.03442488903072874,0.025721890832282164,0.0389,0.0,-0.0045,0.0257,1294,0,1.1992,0.0,-0.7031216044716506,-0.7031216044716506,0.0,WELD_FOUND
128.212,0.0,0.0,0.0,0.0,0.0389,0.0,-0.0389,0.0,1294,0,1.1992,0.0,-0.7031216044716506,nan,nan,NO_WELD
128.262,0.0,0.0,0.0,0.0,0.0419,0.0,-0.0419,0.0,1299,0,1.2039,0.0,-0.7031216044716506,nan,nan,NO_WELD
128.312,0.0,0.0,0.0,0.0,0.0419,0.0,-0.0419,0.0,1299,0,1.2039,0.0,-0.7031216044716506,nan,nan,NO_WELD
128.362,0.0,0.0,0.0,0.0,0.0325,0.0,-0.0325,0.0,1301,0,1.2057,0.0,-0.7031216044716506,nan,nan,NO_WELD
128.412,0.0,0.0,0.0,0.0,0.0325,0.0,-0.0325,0.0,1301,0,1.2057,0.0,-0.7031216044716506,nan,nan,NO_WELD
128.462,0.0,0.0,0.0,0.0,0.0325,0.0,-0.0325,0.0,1301,0,1.2057,0.0,-0.7031216044716506,nan,nan,NO_WELD
128.512,0.02800653687058349,0.05,0.035506536870583486,0.02050653687058349,0.026,0.0,0.0095,0.0205,1301,0,1.2057,0.0,-1.0546840875743422,-1.0546840875743422,0.0,WELD_FOUND
128.562,0.02800653687058349,0.05,0.035506536870583486,0.02050653687058349,0.026,0.0,0.0095,0.0205,1301,0,1.2057,0.0,-1.0546840875743422,-1.0546840875743422,0.0,WELD_FOUND
128.612,0.02800653687058349,0.04601927474141121,0.034909428081795174,0.021103645659371808,0.0208,0.0,0.0141,0.0211,1301,0,1.2057,0.0,-1.0546840875743422,-1.0546840875743422,0.0,WELD_FOUND
128.662,0.02800653687058349,0.04601927474141121,0.034909428081795174,0.021103645659371808,0.0208,0.0,0.0141,0.0211,1304,0,1.2085,0.0,-1.0546840875743422,-1.0546840875743422,0.0,WELD_FOUND
128.712,0.02800653687058349,0.04601927474141121,0.034909428081795174,0.021103645659371808,0.0208,0.0,0.0141,0.0211,1304,0,1.2085,0.0,-1.4062466240378864,-1.0546840875743422,-0.3515625364635442,WELD_FOUND
128.762,0.02800653687058349,0.04601927474141121,0.034909428081795174,0.021103645659371808,0.0323,0.0,0.0026,0.0211,1309,0,1.2131,0.0,-1.4062466240378864,-1.0546840875743422,-0.3515625364635442,WELD_FOUND
128.812,0.027132903369176318,0.05577023555645517,0.03549843870264459,0.018767368035708044,0.0323,0.0,0.0032,0.0188,1309,0,1.2131,0.0,-1.4062466240378864,-1.2304654091669671,-0.17578121487091924,WELD_FOUND
128.862,0.027132903369176318,0.05577023555645517,0.03549843870264459,0.018767368035708044,0.0342,0.0,0.0013,0.0188,1313,0,1.2168,0.0,-1.4062466240378864,-1.2304654091669671,-0.17578121487091924,WELD_FOUND
128.912,0.02610281615942903,0.06403456780643117,0.0357080013303937,0.016497630988464355,0.0342,0.0,0.0015,0.0165,1313,0,1.2168,0.0,-1.4062466240378864,-1.4062466240378864,0.0,WELD_FOUND
128.962,0.02610281615942903,0.06403456780643117,0.0357080013303937,0.016497630988464355,0.0342,0.0,0.0015,0.0165,1317,0,1.2206,0.0,-1.4062466240378864,-1.4062466240378864,0.0,WELD_FOUND
129.012,0.025899190748257587,0.0618788490423023,0.03518101810460293,0.016617363391912242,0.0304,0.0,0.0048,0.0166,1317,0,1.2206,0.0,-1.0546840875743422,-1.4062466240378864,0.3515625364635442,WELD_FOUND
129.063,0.025899190748257587,0.0618788490423023,0.03518101810460293,0.016617363391912242,0.0304,0.0,0.0048,0.0166,1321,0,1.2243,0.0,-1.0546840875743422,-1.4062466240378864,0.3515625364635442,WELD_FOUND
129.112,0.02585856134725442,0.06146276496722219,0.035077976092337745,0.01663914660217109,0.0304,0.0,0.0047,0.0166,1321,0,1.2243,0.0,-1.7578091605014305,-1.4062466240378864,-0.3515625364635442,WELD_FOUND
129.162,0.02585856134725442,0.06146276496722219,0.035077976092337745,0.01663914660217109,0.038,0.0,-0.0029,0.0166,1325,0,1.228,0.0,-1.7578091605014305,-1.4062466240378864,-0.3515625364635442,WELD_FOUND
129.212,0.0,0.0,0.0,0.0,0.038,0.0,-0.038,0.0,1325,0,1.228,0.0,-1.7578091605014305,nan,nan,NO_WELD
129.262,0.0,0.0,0.0,0.0,0.0376,0.0,-0.0376,0.0,1329,0,1.2317,0.0,-1.7578091605014305,nan,nan,NO_WELD
129.312,0.0,0.0,0.0,0.0,0.0376,0.0,-0.0376,0.0,1329,0,1.2317,0.0,-1.7578091605014305,nan,nan,NO_WELD
129.362,0.0,0.0,0.0,0.0,0.0263,0.0,-0.0263,0.0,1330,0,1.2326,0.0,-1.7578091605014305,nan,nan,NO_WELD
129.412,0.025850439294303033,0.05,0.033350439294303036,0.018350439294303033,0.0263,0.0,0.0071,0.0184,1330,0,1.2326,0.0,-1.4062466240378864,-1.4062466240378864,0.0,WELD_FOUND
129.462,0.025850439294303033,0.05,0.033350439294303036,0.018350439294303033,0.0263,0.0,0.0071,0.0184,1329,0,1.2317,0.0,-1.4062466240378864,-1.4062466240378864,0.0,WELD_FOUND
129.512,0.0,0.0,0.0,0.0,0.0133,0.0,-0.0133,0.0,1329,0,1.2317,0.0,-1.4062466240378864,nan,nan,NO_WELD
129.561,0.0,0.0,0.0,0.0,0.0133,0.0,-0.0133,0.0,1332,0,1.2345,0.0,-1.4062466240378864,nan,nan,NO_WELD
129.612,0.022575740406387896,0.05,0.030075740406387896,0.015075740406387896,0.0133,0.0,0.0168,0.0151,1332,0,1.2345,0.0,-2.1093715902432693,-2.1093715902432693,0.0,WELD_FOUND
129.661,0.022575740406387896,0.05,0.030075740406387896,0.015075740406387896,0.0179,0.0,0.0122,0.0151,1333,0,1.2354,0.0,-2.1093715902432693,-2.1093715902432693,0.0,WELD_FOUND
129.711,0.021174821729702364,0.1,0.036174821729702364,0.006174821729702365,0.0179,0.0,0.0183,0.0062,1333,0,1.2354,0.0,-2.460934233428519,-2.285152911835894,-0.17578132159262516,WELD_FOUND
129.761,0.021174821729702364,0.1,0.036174821729702364,0.006174821729702365,0.0179,0.0,0.0183,0.0062,1335,0,1.2372,0.0,-2.460934233428519,-2.285152911835894,-0.17578132159262516,WELD_FOUND
129.811,0.02166762044153247,0.09066157138220729,0.03526685614886356,0.008068384734201376,0.0157,0.0,0.0196,0.0081,1335,0,1.2372,0.0,-2.1093715902432693,-2.1093715902432693,0.0,WELD_FOUND
129.861,0.02166762044153247,0.09066157138220729,0.03526685614886356,0.008068384734201376,0.0157,0.0,0.0196,0.0081,1339,0,1.2409,0.0,-2.1093715902432693,-2.1093715902432693,0.0,WELD_FOUND
129.911,0.0,0.0,0.0,0.0,0.0157,0.0,-0.0157,0.0,1339,0,1.2409,0.0,-2.1093715902432693,nan,nan,NO_WELD
129.961,0.0,0.0,0.0,0.0,0.0292,0.0,-0.0292,0.0,1343,0,1.2447,0.0,-2.1093715902432693,nan,nan,NO_WELD
130.012,0.0,0.0,0.0,0.0,0.0292,0.0,-0.0292,0.0,1343,0,1.2447,0.0,-2.1093715902432693,nan,nan,NO_WELD
130.063,0.0,0.0,0.0,0.0,0.0138,0.0,-0.0138,0.0,1342,0,1.2437,0.0,-2.1093715902432693,nan,nan,NO_WELD
130.112,0.023347127283376,0.05,0.030847127283375998,0.015847127283376,0.0138,0.0,0.0171,0.0158,1342,0,1.2437,0.0,-1.7578091605014305,-1.7578091605014305,0.0,WELD_FOUND
130.161,0.023347127283376,0.05,0.030847127283375998,0.015847127283376,0.0138,0.0,0.0171,0.0158,1342,0,1.2437,0.0,-1.7578091605014305,-1.7578091605014305,0.0,WELD_FOUND
130.211,0.0,0.0,0.0,0.0,0.011,0.0,-0.011,0.0,1342,0,1.2437,0.0,-1.7578091605014305,nan,nan,NO_WELD
130.261,0.0,0.0,0.0,0.0,0.011,0.0,-0.011,0.0,1345,0,1.2465,0.0,-1.7578091605014305,nan,nan,NO_WELD
130.311,0.0,0.0,0.0,0.0,0.0177,0.0,-0.0177,0.0,1345,0,1.2465,0.0,-1.7578091605014305,nan,nan,NO_WELD
130.361,0.0,0.0,0.0,0.0,0.0177,0.0,-0.0177,0.0,1346,0,1.2474,0.0,-1.7578091605014305,nan,nan,NO_WELD
130.411,0.0,0.0,0.0,0.0,0.0144,0.0,-0.0144,0.0,1346,0,1.2474,0.0,-1.7578091605014305,nan,nan,NO_WELD
130.461,0.0,0.0,0.0,0.0,0.0144,0.0,-0.0144,0.0,1346,0,1.2474,0.0,-1.7578091605014305,nan,nan,NO_WELD
130.511,0.023776798442149943,0.05,0.03127679844214994,0.016276798442149944,0.0144,0.0,0.0169,0.0163,1346,0,1.2474,0.0,-1.7578091605014305,-1.7578091605014305,0.0,WELD_FOUND
130.561,0.023776798442149943,0.05,0.03127679844214994,0.016276798442149944,0.0115,0.0,0.0198,0.0163,1346,0,1.2474,0.0,-1.7578091605014305,-1.7578091605014305,0.0,WELD_FOUND
