t,vx,wz,tgt_r,tgt_l,spd_r,spd_l,err_r,err_l,ticks_r,ticks_l,dist_r,dist_l,raw_angle,filtered_angle,error,weld,ff_r,ff_l,kickstart_r,kickstart_l,holding_r,holding_l,manual_pwm_mode
2.106,0.0,0.0,0.0,0.0,0.0,0.0,0.0,0.0,0,0,0.0,0.0,nan,nan,nan,UNKNOWN,0.0,0.0,False,False,True,True,False
2.156,0.0,0.0,0.0,0.0,0.0,0.0,0.0,0.0,0,0,0.0,0.0,nan,nan,nan,UNKNOWN,0.0,0.0,False,False,True,True,False
2.206,0.0,0.0,0.0,0.0,0.0,0.0,0.0,0.0,0,0,0.0,0.0,nan,nan,nan,UNKNOWN,0.0,0.0,False,False,True,True,False
2.256,0.0,0.0,0.0,0.0,0.0,0.0,0.0,0.0,0,0,0.0,0.0,nan,nan,nan,UNKNOWN,0.0,0.0,False,False,True,True,False
2.306,0.0,0.0,0.0,0.0,0.0,0.0,0.0,0.0,0,0,0.0,0.0,nan,nan,nan,UNKNOWN,0.0,0.0,False,False,True,True,False
2.356,0.0,0.0,0.0,0.0,0.0,0.0,0.0,0.0,0,0,0.0,0.0,nan,nan,nan,UNKNOWN,0.0,0.0,False,False,True,True,False
2.406,0.0,0.0,0.0,0.0,0.0,0.0,0.0,0.0,0,0,0.0,0.0,nan,nan,nan,UNKNOWN,0.0,0.0,False,False,True,True,False
2.456,0.0,0.0,0.0,0.0,0.0,0.0,0.0,0.0,0,0,0.0,0.0,nan,nan,nan,UNKNOWN,0.0,0.0,False,False,True,True,False
2.506,0.0,0.0,0.0,0.0,0.0,0.0,0.0,0.0,1,0,0.0009,0.0,nan,nan,nan,UNKNOWN,0.0,0.0,False,False,True,True,False
2.556,0.0,0.0,0.0,0.0,0.0025,0.0,-0.0025,0.0,1,0,0.0009,0.0,nan,nan,nan,UNKNOWN,0.0,0.0,False,False,True,True,False
2.606,0.0,0.0,0.0,0.0,0.0025,0.0,-0.0025,0.0,3,0,0.0028,0.0,nan,nan,nan,UNKNOWN,0.0,0.0,False,False,True,True,False
2.656,0.0,0.0,0.0,0.0,0.0089,0.0,-0.0089,0.0,3,0,0.0028,0.0,nan,nan,nan,UNKNOWN,0.0,0.0,False,False,True,True,False
2.706,0.0,0.0,0.0,0.0,0.0089,0.0,-0.0089,0.0,3,0,0.0028,0.0,nan,nan,nan,UNKNOWN,0.0,0.0,False,False,True,True,False
2.756,0.0,0.0,0.0,0.0,0.0071,0.0,-0.0071,0.0,3,0,0.0028,0.0,nan,nan,nan,UNKNOWN,0.0,0.0,False,False,True,True,False
2.806,0.0,0.0,0.0,0.0,0.0071,0.0,-0.0071,0.0,1,0,0.0009,0.0,nan,nan,nan,UNKNOWN,0.0,0.0,False,False,True,True,False
2.856,0.0,0.0,0.0,0.0,0.0071,0.0,-0.0071,0.0,1,0,0.0009,0.0,nan,nan,nan,UNKNOWN,0.0,0.0,False,False,True,True,False
2.906,0.0,0.0,0.0,0.0,-0.0007,0.0,0.0007,0.0,1,0,0.0009,0.0,nan,nan,nan,UNKNOWN,0.0,0.0,False,False,True,True,False
2.956,0.0,0.0,0.0,0.0,-0.0007,0.0,0.0007,0.0,1,0,0.0009,0.0,nan,nan,nan,UNKNOWN,0.0,0.0,False,False,True,True,False
3.006,0.0,0.0,0.0,0.0,-0.0152,0.0,0.0152,0.0,-3,0,0.0028,0.0,nan,nan,nan,UNKNOWN,0.0,0.0,False,False,True,True,False
3.058,0.0,0.0,0.0,0.0,-0.0152,0.0,0.0152,0.0,-3,0,0.0028,0.0,nan,nan,nan,UNKNOWN,0.0,0.0,False,False,True,True,False
3.106,0.0,0.0,0.0,0.0,-0.0152,0.0,0.0152,0.0,-56,0,0.0519,0.0,nan,nan,nan,UNKNOWN,0.0,0.0,False,False,True,True,False
3.156,0.0,0.0,0.0,0.0,-0.1401,0.0,0.1401,0.0,-56,0,0.0519,0.0,nan,nan,nan,UNKNOWN,0.0,0.0,False,False,True,True,False
3.206,0.0,0.0,0.0,0.0,-0.1401,0.0,0.1401,0.0,-113,0,0.1047,0.0,nan,nan,nan,UNKNOWN,0.0,0.0,False,False,True,True,False
3.256,0.0,0.0,0.0,0.0,-0.1401,0.0,0.1401,0.0,-113,0,0.1047,0.0,nan,nan,nan,UNKNOWN,0.0,0.0,False,False,True,True,False
3.306,0.0,0.0,0.0,0.0,-0.1121,0.0,0.1121,0.0,-168,0,0.1557,0.0,nan,nan,nan,UNKNOWN,0.0,0.0,False,False,True,True,False
3.356,0.0,0.0,0.0,0.0,-0.1121,0.0,0.1121,0.0,-168,0,0.1557,0.0,nan,nan,nan,UNKNOWN,0.0,0.0,False,False,True,True,False
3.406,0.0,0.0,0.0,0.0,-0.1121,0.0,0.1121,0.0,-221,0,0.2048,0.0,nan,nan,nan,UNKNOWN,0.0,0.0,False,False,True,True,False
3.456,0.0,0.0,0.0,0.0,-0.1983,0.0,0.1983,0.0,-221,0,0.2048,0.0,nan,nan,nan,UNKNOWN,0.0,0.0,False,False,True,True,False
3.506,0.0,0.0,0.0,0.0,-0.1983,0.0,0.1983,0.0,-244,0,0.2261,0.0,nan,nan,nan,UNKNOWN,0.0,0.0,False,False,True,True,False
3.556,0.0,0.0,0.0,0.0,-0.1983,0.0,0.1983,0.0,-244,0,0.2261,0.0,nan,nan,nan,UNKNOWN,0.0,0.0,False,False,True,True,False
3.606,0.0,0.0,0.0,0.0,-0.1807,0.0,0.1807,0.0,-246,0,0.228,0.0,nan,nan,nan,UNKNOWN,0.0,0.0,False,False,True,True,False
3.656,0.0,0.0,0.0,0.0,-0.1807,0.0,0.1807,0.0,-246,0,0.228,0.0,nan,nan,nan,UNKNOWN,0.0,0.0,False,False,True,True,False
3.706,0.0,0.0,0.0,0.0,-0.1047,0.0,0.1047,0.0,-245,0,0.2271,0.0,nan,nan,nan,UNKNOWN,0.0,0.0,False,False,True,True,False
3.756,0.0,0.0,0.0,0.0,-0.1047,0.0,0.1047,0.0,-245,0,0.2271,0.0,nan,nan,nan,UNKNOWN,0.0,0.0,False,False,True,True,False
3.806,0.0,0.0,0.0,0.0,-0.0838,0.0,0.0838,0.0,-245,0,0.2271,0.0,nan,nan,nan,UNKNOWN,0.0,0.0,False,False,True,True,False
3.856,0.0,0.0,0.0,0.0,-0.0838,0.0,0.0838,0.0,-245,0,0.2271,0.0,nan,nan,nan,UNKNOWN,0.0,0.0,False,False,True,True,False
3.906,0.0,0.0,0.0,0.0,-0.0838,0.0,0.0838,0.0,-290,0,0.2688,0.0,nan,nan,nan,UNKNOWN,0.0,0.0,False,False,True,True,False
3.956,0.0,0.0,0.0,0.0,-0.1615,0.0,0.1615,0.0,-290,0,0.2688,0.0,nan,nan,nan,UNKNOWN,0.0,0.0,False,False,True,True,False
4.006,0.0,0.0,0.0,0.0,-0.1615,0.0,0.1615,0.0,-345,0,0.3197,0.0,nan,nan,nan,UNKNOWN,0.0,0.0,False,False,True,True,False
4.058,0.0,0.0,0.0,0.0,-0.1615,0.0,0.1615,0.0,-345,0,0.3197,0.0,nan,nan,nan,UNKNOWN,0.0,0.0,False,False,True,True,False
4.106,0.0,0.0,0.0,0.0,-0.1292,0.0,0.1292,0.0,-398,0,0.3689,0.0,nan,nan,nan,UNKNOWN,0.0,0.0,False,False,True,True,False
4.156,0.0,0.0,0.0,0.0,-0.1292,0.0,0.1292,0.0,-398,0,0.3689,0.0,nan,nan,nan,UNKNOWN,0.0,0.0,False,False,True,True,False
4.206,0.0,0.0,0.0,0.0,-0.2295,0.0,0.2295,0.0,-439,0,0.4069,0.0,nan,nan,nan,UNKNOWN,0.0,0.0,False,False,True,True,False
4.256,0.0,0.0,0.0,0.0,-0.2295,0.0,0.2295,0.0,-439,0,0.4069,0.0,nan,nan,nan,UNKNOWN,0.0,0.0,False,False,True,True,False
4.306,0.0,0.0,0.0,0.0,-0.2295,0.0,0.2295,0.0,-438,0,0.4059,0.0,nan,nan,nan,UNKNOWN,0.0,0.0,False,False,True,True,False
4.356,0.0,0.0,0.0,0.0,-0.1352,0.0,0.1352,0.0,-438,0,0.4059,0.0,nan,nan,nan,UNKNOWN,0.0,0.0,False,False,True,True,False
4.406,0.0,0.0,0.0,0.0,-0.1352,0.0,0.1352,0.0,-439,0,0.4069,0.0,nan,nan,nan,UNKNOWN,0.0,0.0,False,False,True,True,False
4.456,0.0,0.0,0.0,0.0,-0.0848,0.0,0.0848,0.0,-439,0,0.4069,0.0,nan,nan,nan,UNKNOWN,0.0,0.0,False,False,True,True,False
4.506,0.0,0.0,0.0,0.0,-0.0848,0.0,0.0848,0.0,-447,0,0.4143,0.0,nan,nan,nan,UNKNOWN,0.0,0.0,False,False,True,True,False
4.556,0.0,0.0,0.0,0.0,-0.0848,0.0,0.0848,0.0,-447,0,0.4143,0.0,nan,nan,nan,UNKNOWN,0.0,0.0,False,False,True,True,False
4.606,0.0,0.0,0.0,0.0,-0.0679,0.0,0.0679,0.0,-512,0,0.4745,0.0,nan,nan,nan,UNKNOWN,0.0,0.0,False,False,True,True,False
4.656,0.0,0.0,0.0,0.0,-0.0679,0.0,0.0679,0.0,-512,0,0.4745,0.0,nan,nan,nan,UNKNOWN,0.0,0.0,False,False,True,True,False
4.706,0.0,0.0,0.0,0.0,-0.0679,0.0,0.0679,0.0,-579,0,0.5366,0.0,nan,nan,nan,UNKNOWN,0.0,0.0,False,False,True,True,False
4.756,0.0,0.0,0.0,0.0,-0.2063,0.0,0.2063,0.0,-579,0,0.5366,0.0,nan,nan,nan,UNKNOWN,0.0,0.0,False,False,True,True,False
4.806,0.0,0.0,0.0,0.0,-0.2063,0.0,0.2063,0.0,-643,0,0.5959,0.0,nan,nan,nan,UNKNOWN,0.0,0.0,False,False,True,True,False
4.856,0.0,0.0,0.0,0.0,-0.2063,0.0,0.2063,0.0,-643,0,0.5959,0.0,nan,nan,nan,UNKNOWN,0.0,0.0,False,False,True,True,False
4.906,0.0,0.0,0.0,0.0,-0.165,0.0,0.165,0.0,-653,0,0.6052,0.0,nan,nan,nan,UNKNOWN,0.0,0.0,False,False,True,True,False
4.956,0.0,0.0,0.0,0.0,-0.165,0.0,0.165,0.0,-653,0,0.6052,0.0,nan,nan,nan,UNKNOWN,0.0,0.0,False,False,True,True,False
5.006,0.0,0.0,0.0,0.0,-0.2362,0.0,0.2362,0.0,-690,0,0.6395,0.0,nan,nan,nan,UNKNOWN,0.0,0.0,False,False,True,True,False
5.058,0.0,0.0,0.0,0.0,-0.2362,0.0,0.2362,0.0,-690,0,0.6395,0.0,nan,nan,nan,UNKNOWN,0.0,0.0,False,False,True,True,False
5.106,0.0,0.0,0.0,0.0,-0.2937,0.0,0.2937,0.0,-731,0,0.6775,0.0,nan,nan,nan,UNKNOWN,0.0,0.0,False,False,True,True,False
5.156,0.0,0.0,0.0,0.0,-0.2937,0.0,0.2937,0.0,-731,0,0.6775,0.0,nan,nan,nan,UNKNOWN,0.0,0.0,False,False,True,True,False
5.206,0.0,0.0,0.0,0.0,-0.2937,0.0,0.2937,0.0,-769,0,0.7127,0.0,nan,nan,nan,UNKNOWN,0.0,0.0,False,False,True,True,False
5.256,0.0,0.0,0.0,0.0,-0.2701,0.0,0.2701,0.0,-769,0,0.7127,0.0,nan,nan,nan,UNKNOWN,0.0,0.0,False,False,True,True,False
5.306,0.0,0.0,0.0,0.0,-0.2701,0.0,0.2701,0.0,-799,0,0.7405,0.0,nan,nan,nan,UNKNOWN,0.0,0.0,False,False,True,True,False
5.356,0.0,0.0,0.0,0.0,-0.2701,0.0,0.2701,0.0,-799,0,0.7405,0.0,nan,nan,nan,UNKNOWN,0.0,0.0,False,False,True,True,False
5.406,0.0,0.0,0.0,0.0,-0.2161,0.0,0.2161,0.0,-855,0,0.7924,0.0,nan,nan,nan,UNKNOWN,0.0,0.0,False,False,True,True,False
5.456,0.0,0.0,0.0,0.0,-0.2161,0.0,0.2161,0.0,-855,0,0.7924,0.0,nan,nan,nan,UNKNOWN,0.0,0.0,False,False,True,True,False
5.506,0.0,0.0,0.0,0.0,-0.2161,0.0,0.2161,0.0,-911,0,0.8443,0.0,nan,nan,nan,UNKNOWN,0.0,0.0,False,False,True,True,False
5.556,0.0,0.0,0.0,0.0,-0.2681,0.0,0.2681,0.0,-911,0,0.8443,0.0,nan,nan,nan,UNKNOWN,0.0,0.0,False,False,True,True,False
5.606,0.0,0.0,0.0,0.0,-0.2681,0.0,0.2681,0.0,-935,0,0.8665,0.0,nan,nan,nan,UNKNOWN,0.0,0.0,False,False,True,True,False
5.656,0.0,0.0,0.0,0.0,-0.2498,0.0,0.2498,0.0,-935,0,0.8665,0.0,nan,nan,nan,UNKNOWN,0.0,0.0,False,False,True,True,False
5.706,0.0,0.0,0.0,0.0,-0.2498,0.0,0.2498,0.0,-967,0,0.8962,0.0,nan,nan,nan,UNKNOWN,0.0,0.0,False,False,True,True,False
5.756,0.0,0.0,0.0,0.0,-0.2498,0.0,0.2498,0.0,-967,0,0.8962,0.0,nan,nan,nan,UNKNOWN,0.0,0.0,False,False,True,True,False
5.806,0.0,0.0,0.0,0.0,-0.3056,0.0,0.3056,0.0,-998,0,0.9249,0.0,nan,nan,nan,UNKNOWN,0.0,0.0,False,False,True,True,False
5.856,0.0,0.0,0.0,0.0,-0.3056,0.0,0.3056,0.0,-998,0,0.9249,0.0,nan,nan,nan,UNKNOWN,0.0,0.0,False,False,True,True,False
5.906,0.0,0.0,0.0,0.0,-0.3056,0.0,0.3056,0.0,-1022,0,0.9472,0.0,nan,nan,nan,UNKNOWN,0.0,0.0,False,False,True,True,False
5.956,0.0,0.0,0.0,0.0,-0.2427,0.0,0.2427,0.0,-1022,0,0.9472,0.0,nan,nan,nan,UNKNOWN,0.0,0.0,False,False,True,True,False
6.006,0.0,0.0,0.0,0.0,-0.2427,0.0,0.2427,0.0,-1073,0,0.9944,0.0,nan,nan,nan,UNKNOWN,0.0,0.0,False,False,True,True,False
6.058,0.0,0.0,0.0,0.0,-0.1941,0.0,0.1941,0.0,-1073,0,0.9944,0.0,nan,nan,nan,UNKNOWN,0.0,0.0,False,False,True,True,False
6.106,0.0,0.0,0.0,0.0,-0.1941,0.0,0.1941,0.0,-1131,0,1.0482,0.0,nan,nan,nan,UNKNOWN,0.0,0.0,False,False,True,True,False
6.156,0.0,0.0,0.0,0.0,-0.1941,0.0,0.1941,0.0,-1131,0,1.0482,0.0,nan,nan,nan,UNKNOWN,0.0,0.0,False,False,True,True,False
6.206,0.0,0.0,0.0,0.0,-0.1553,0.0,0.1553,0.0,-1187,0,1.1001,0.0,nan,nan,nan,UNKNOWN,0.0,0.0,False,False,True,True,False
6.256,0.0,0.0,0.0,0.0,-0.1553,0.0,0.1553,0.0,-1187,0,1.1001,0.0,nan,nan,nan,UNKNOWN,0.0,0.0,False,False,True,True,False
6.306,0.0,0.0,0.0,0.0,-0.2081,0.0,0.2081,0.0,-1218,0,1.1288,0.0,nan,nan,nan,UNKNOWN,0.0,0.0,False,False,True,True,False
6.356,0.0,0.0,0.0,0.0,-0.2081,0.0,0.2081,0.0,-1218,0,1.1288,0.0,nan,nan,nan,UNKNOWN,0.0,0.0,False,False,True,True,False
6.406,0.0,0.0,0.0,0.0,-0.2081,0.0,0.2081,0.0,-1266,0,1.1733,0.0,nan,nan,nan,UNKNOWN,0.0,0.0,False,False,True,True,False
6.456,0.0,0.0,0.0,0.0,-0.2435,0.0,0.2435,0.0,-1266,0,1.1733,0.0,nan,nan,nan,UNKNOWN,0.0,0.0,False,False,True,True,False
6.506,0.0,0.0,0.0,0.0,-0.2435,0.0,0.2435,0.0,-1313,0,1.2168,0.0,nan,nan,nan,UNKNOWN,0.0,0.0,False,False,True,True,False
6.556,0.0,0.0,0.0,0.0,-0.2435,0.0,0.2435,0.0,-1313,0,1.2168,0.0,nan,nan,nan,UNKNOWN,0.0,0.0,False,False,True,True,False
6.606,0.0,0.0,0.0,0.0,-0.1948,0.0,0.1948,0.0,-1346,0,1.2474,0.0,nan,nan,nan,UNKNOWN,0.0,0.0,False,False,True,True,False
6.656,0.0,0.0,0.0,0.0,-0.1948,0.0,0.1948,0.0,-1346,0,1.2474,0.0,nan,nan,nan,UNKNOWN,0.0,0.0,False,False,True,True,False
6.706,0.0,0.0,0.0,0.0,-0.1948,0.0,0.1948,0.0,-1414,0,1.3105,0.0,nan,nan,nan,UNKNOWN,0.0,0.0,False,False,True,True,False
6.756,0.0,0.0,0.0,0.0,-0.2849,0.0,0.2849,0.0,-1414,0,1.3105,0.0,nan,nan,nan,UNKNOWN,0.0,0.0,False,False,True,True,False
6.806,0.0,0.0,0.0,0.0,-0.2849,0.0,0.2849,0.0,-1481,0,1.3725,0.0,nan,nan,nan,UNKNOWN,0.0,0.0,False,False,True,True,False
6.856,0.0,0.0,0.0,0.0,-0.2279,0.0,0.2279,0.0,-1481,0,1.3725,0.0,nan,nan,nan,UNKNOWN,0.0,0.0,False,False,True,True,False
6.906,0.0,0.0,0.0,0.0,-0.2279,0.0,0.2279,0.0,-1529,0,1.417,0.0,nan,nan,nan,UNKNOWN,0.0,0.0,False,False,True,True,False
6.956,0.0,0.0,0.0,0.0,-0.2279,0.0,0.2279,0.0,-1529,0,1.417,0.0,nan,nan,nan,UNKNOWN,0.0,0.0,False,False,True,True,False
7.006,0.0,0.0,0.0,0.0,-0.1824,0.0,0.1824,0.0,-1594,0,1.4773,0.0,nan,nan,nan,UNKNOWN,0.0,0.0,False,False,True,True,False
7.058,0.0,0.0,0.0,0.0,-0.1824,0.0,0.1824,0.0,-1594,0,1.4773,0.0,nan,nan,nan,UNKNOWN,0.0,0.0,False,False,True,True,False
7.106,0.0,0.0,0.0,0.0,-0.1459,0.0,0.1459,0.0,-1659,0,1.5375,0.0,nan,nan,nan,UNKNOWN,0.0,0.0,False,False,True,True,False
7.156,0.0,0.0,0.0,0.0,-0.1459,0.0,0.1459,0.0,-1659,0,1.5375,0.0,nan,nan,nan,UNKNOWN,0.0,0.0,False,False,True,True,False
7.206,0.0,0.0,0.0,0.0,-0.1167,0.0,0.1167,0.0,-1715,0,1.5894,0.0,nan,nan,nan,UNKNOWN,0.0,0.0,False,False,True,True,False
7.256,0.0,0.0,0.0,0.0,-0.1167,0.0,0.1167,0.0,-1715,0,1.5894,0.0,nan,nan,nan,UNKNOWN,0.0,0.0,False,False,True,True,False
7.306,0.0,0.0,0.0,0.0,-0.1167,0.0,0.1167,0.0,-1709,0,1.5838,0.0,nan,nan,nan,UNKNOWN,0.0,0.0,False,False,True,True,False
7.356,0.0,0.0,0.0,0.0,-0.0552,0.0,0.0552,0.0,-1709,0,1.5838,0.0,nan,nan,nan,UNKNOWN,0.0,0.0,False,False,True,True,False
7.406,0.0,0.0,0.0,0.0,-0.0552,0.0,0.0552,0.0,-1697,0,1.5727,0.0,nan,nan,nan,UNKNOWN,0.0,0.0,False,False,True,True,False
7.456,0.0,0.0,0.0,0.0,0.0114,0.0,-0.0114,0.0,-1697,0,1.5727,0.0,nan,nan,nan,UNKNOWN,0.0,0.0,False,False,True,True,False
7.506,0.0,0.0,0.0,0.0,0.0114,0.0,-0.0114,0.0,-1684,0,1.5607,0.0,nan,nan,nan,UNKNOWN,0.0,0.0,False,False,True,True,False
7.556,0.0,0.0,0.0,0.0,0.055,0.0,-0.055,0.0,-1684,0,1.5607,0.0,nan,nan,nan,UNKNOWN,0.0,0.0,False,False,True,True,False
7.606,0.0,0.0,0.0,0.0,0.055,0.0,-0.055,0.0,-1678,0,1.5551,0.0,nan,nan,nan,UNKNOWN,0.0,0.0,False,False,True,True,False
7.656,0.0,0.0,0.0,0.0,0.055,0.0,-0.055,0.0,-1678,0,1.5551,0.0,nan,nan,nan,UNKNOWN,0.0,0.0,False,False,True,True,False
7.706,0.0,0.0,0.0,0.0,0.0824,0.0,-0.0824,0.0,-1664,0,1.5421,0.0,nan,nan,nan,UNKNOWN,0.0,0.0,False,False,True,True,False
7.756,0.0,0.0,0.0,0.0,0.0824,0.0,-0.0824,0.0,-1664,0,1.5421,0.0,nan,nan,nan,UNKNOWN,0.0,0.0,False,False,True,True,False
7.806,0.0,0.0,0.0,0.0,0.0824,0.0,-0.0824,0.0,-1657,0,1.5357,0.0,nan,nan,nan,UNKNOWN,0.0,0.0,False,False,True,True,False
7.856,0.0,0.0,0.0,0.0,0.0668,0.0,-0.0668,0.0,-1657,0,1.5357,0.0,nan,nan,nan,UNKNOWN,0.0,0.0,False,False,True,True,False
7.906,0.0,0.0,0.0,0.0,0.0668,0.0,-0.0668,0.0,-1654,0,1.5329,0.0,nan,nan,nan,UNKNOWN,0.0,0.0,False,False,True,True,False
7.956,0.0,0.0,0.0,0.0,0.0512,0.0,-0.0512,0.0,-1654,0,1.5329,0.0,nan,nan,nan,UNKNOWN,0.0,0.0,False,False,True,True,False
8.006,0.0,0.0,0.0,0.0,0.0512,0.0,-0.0512,0.0,-1630,0,1.5106,0.0,nan,nan,nan,UNKNOWN,0.0,0.0,False,False,True,True,False
8.058,0.0,0.0,0.0,0.0,0.1197,0.0,-0.1197,0.0,-1630,0,1.5106,0.0,nan,nan,nan,UNKNOWN,0.0,0.0,False,False,True,True,False
8.106,0.0,0.0,0.0,0.0,0.1197,0.0,-0.1197,0.0,-1618,0,1.4995,0.0,nan,nan,nan,UNKNOWN,0.0,0.0,False,False,True,True,False
8.156,0.0,0.0,0.0,0.0,0.1163,0.0,-0.1163,0.0,-1618,0,1.4995,0.0,nan,nan,nan,UNKNOWN,0.0,0.0,False,False,True,True,False
8.206,0.0,0.0,0.0,0.0,0.1163,0.0,-0.1163,0.0,-1608,0,1.4902,0.0,nan,nan,nan,UNKNOWN,0.0,0.0,False,False,True,True,False
8.256,0.0,0.0,0.0,0.0,0.1163,0.0,-0.1163,0.0,-1608,0,1.4902,0.0,nan,nan,nan,UNKNOWN,0.0,0.0,False,False,True,True,False
8.306,0.0,0.0,0.0,0.0,0.1142,0.0,-0.1142,0.0,-1600,0,1.4828,0.0,nan,nan,nan,UNKNOWN,0.0,0.0,False,False,True,True,False
8.356,0.0,0.0,0.0,0.0,0.1142,0.0,-0.1142,0.0,-1600,0,1.4828,0.0,nan,nan,nan,UNKNOWN,0.0,0.0,False,False,True,True,False
8.406,0.0,0.0,0.0,0.0,0.1142,0.0,-0.1142,0.0,-1598,0,1.481,0.0,nan,nan,nan,UNKNOWN,0.0,0.0,False,False,True,True,False
8.456,0.0,0.0,0.0,0.0,0.0735,0.0,-0.0735,0.0,-1598,0,1.481,0.0,nan,nan,nan,UNKNOWN,0.0,0.0,False,False,True,True,False
8.506,0.0,0.0,0.0,0.0,0.0735,0.0,-0.0735,0.0,-1597,0,1.4801,0.0,nan,nan,nan,UNKNOWN,0.0,0.0,False,False,True,True,False
8.556,0.0,0.0,0.0,0.0,0.0735,0.0,-0.0735,0.0,-1597,0,1.4801,0.0,nan,nan,nan,UNKNOWN,0.0,0.0,False,False,True,True,False
8.606,0.0,0.0,0.0,0.0,0.0465,0.0,-0.0465,0.0,-1597,0,1.4801,0.0,nan,nan,nan,UNKNOWN,0.0,0.0,False,False,True,True,False
8.656,0.0,0.0,0.0,0.0,0.0465,0.0,-0.0465,0.0,-1597,0,1.4801,0.0,nan,nan,nan,UNKNOWN,0.0,0.0,False,False,True,True,False
8.706,0.0,0.0,0.0,0.0,0.0465,0.0,-0.0465,0.0,-1597,0,1.4801,0.0,nan,nan,nan,UNKNOWN,0.0,0.0,False,False,True,True,False
8.756,0.0,0.0,0.0,0.0,0.0372,0.0,-0.0372,0.0,-1597,0,1.4801,0.0,nan,nan,nan,UNKNOWN,0.0,0.0,False,False,True,True,False
8.806,0.0,0.0,0.0,0.0,0.0372,0.0,-0.0372,0.0,-1597,0,1.4801,0.0,nan,nan,nan,UNKNOWN,0.0,0.0,False,False,True,True,False
8.856,0.0,0.0,0.0,0.0,0.0372,0.0,-0.0372,0.0,-1597,0,1.4801,0.0,nan,nan,nan,UNKNOWN,0.0,0.0,False,False,True,True,False
8.906,0.0,0.0,0.0,0.0,0.0298,0.0,-0.0298,0.0,-1597,0,1.4801,0.0,nan,nan,nan,UNKNOWN,0.0,0.0,False,False,True,True,False
8.956,0.0,0.0,0.0,0.0,0.0298,0.0,-0.0298,0.0,-1597,0,1.4801,0.0,nan,nan,nan,UNKNOWN,0.0,0.0,False,False,True,True,False
9.006,0.0,0.0,0.0,0.0,0.0238,0.0,-0.0238,0.0,-1597,0,1.4801,0.0,nan,nan,nan,UNKNOWN,0.0,0.0,False,False,True,True,False
9.058,0.0,0.0,0.0,0.0,0.0238,0.0,-0.0238,0.0,-1597,0,1.4801,0.0,nan,nan,nan,UNKNOWN,0.0,0.0,False,False,True,True,False
9.106,0.0,0.0,0.0,0.0,0.0238,0.0,-0.0238,0.0,-1597,0,1.4801,0.0,nan,nan,nan,UNKNOWN,0.0,0.0,False,False,True,True,False
9.156,0.0,0.0,0.0,0.0,0.0191,0.0,-0.0191,0.0,-1597,0,1.4801,0.0,nan,nan,nan,UNKNOWN,0.0,0.0,False,False,True,True,False
9.206,0.0,0.0,0.0,0.0,0.0191,0.0,-0.0191,0.0,-1597,0,1.4801,0.0,nan,nan,nan,UNKNOWN,0.0,0.0,False,False,True,True,False
9.256,0.0,0.0,0.0,0.0,0.0191,0.0,-0.0191,0.0,-1597,0,1.4801,0.0,nan,nan,nan,UNKNOWN,0.0,0.0,False,False,True,True,False
9.306,0.0,0.0,0.0,0.0,0.0153,0.0,-0.0153,0.0,-1597,0,1.4801,0.0,nan,nan,nan,UNKNOWN,0.0,0.0,False,False,True,True,False
9.356,0.0,0.0,0.0,0.0,0.0153,0.0,-0.0153,0.0,-1597,0,1.4801,0.0,nan,nan,nan,UNKNOWN,0.0,0.0,False,False,True,True,False
9.406,0.0,0.0,0.0,0.0,0.0153,0.0,-0.0153,0.0,-1597,0,1.4801,0.0,nan,nan,nan,UNKNOWN,0.0,0.0,False,False,True,True,False
9.456,0.0,0.0,0.0,0.0,0.0122,0.0,-0.0122,0.0,-1597,0,1.4801,0.0,nan,nan,nan,UNKNOWN,0.0,0.0,False,False,True,True,False
9.506,0.0,0.0,0.0,0.0,0.0122,0.0,-0.0122,0.0,-1597,0,1.4801,0.0,nan,nan,nan,UNKNOWN,0.0,0.0,False,False,True,True,False
9.556,0.0,0.0,0.0,0.0,0.0122,0.0,-0.0122,0.0,-1597,0,1.4801,0.0,nan,nan,nan,UNKNOWN,0.0,0.0,False,False,True,True,False
9.606,0.0,0.0,0.0,0.0,0.0098,0.0,-0.0098,0.0,-1597,0,1.4801,0.0,nan,nan,nan,UNKNOWN,0.0,0.0,False,False,True,True,False
9.656,0.0,0.0,0.0,0.0,0.0098,0.0,-0.0098,0.0,-1597,0,1.4801,0.0,nan,nan,nan,UNKNOWN,0.0,0.0,False,False,True,True,False
9.706,0.0,0.0,0.0,0.0,0.0098,0.0,-0.0098,0.0,-1597,0,1.4801,0.0,nan,nan,nan,UNKNOWN,0.0,0.0,False,False,True,True,False
9.756,0.0,0.0,0.0,0.0,0.0078,0.0,-0.0078,0.0,-1597,0,1.4801,0.0,nan,nan,nan,UNKNOWN,0.0,0.0,False,False,True,True,False
9.806,0.0,0.0,0.0,0.0,0.0078,0.0,-0.0078,0.0,-1597,0,1.4801,0.0,nan,nan,nan,UNKNOWN,0.0,0.0,False,False,True,True,False
9.856,0.0,0.0,0.0,0.0,0.0062,0.0,-0.0062,0.0,-1597,0,1.4801,0.0,nan,nan,nan,UNKNOWN,0.0,0.0,False,False,True,True,False
9.906,0.0,0.0,0.0,0.0,0.0062,0.0,-0.0062,0.0,-1597,0,1.4801,0.0,nan,nan,nan,UNKNOWN,0.0,0.0,False,False,True,True,False
9.956,0.0,0.0,0.0,0.0,0.0062,0.0,-0.0062,0.0,-1597,0,1.4801,0.0,nan,nan,nan,UNKNOWN,0.0,0.0,False,False,True,True,False
10.006,0.0,0.0,0.0,0.0,0.005,0.0,-0.005,0.0,-1597,0,1.4801,0.0,nan,nan,nan,UNKNOWN,0.0,0.0,False,False,True,True,False
10.058,0.0,0.0,0.0,0.0,0.005,0.0,-0.005,0.0,-1597,0,1.4801,0.0,nan,nan,nan,UNKNOWN,0.0,0.0,False,False,True,True,False
10.106,0.0,0.0,0.0,0.0,0.004,0.0,-0.004,0.0,-1597,0,1.4801,0.0,nan,nan,nan,UNKNOWN,0.0,0.0,False,False,True,True,False
10.156,0.0,0.0,0.0,0.0,0.004,0.0,-0.004,0.0,-1597,0,1.4801,0.0,nan,nan,nan,UNKNOWN,0.0,0.0,False,False,True,True,False
10.206,0.0,0.0,0.0,0.0,0.004,0.0,-0.004,0.0,-1597,0,1.4801,0.0,nan,nan,nan,UNKNOWN,0.0,0.0,False,False,True,True,False
10.256,0.0,0.0,0.0,0.0,0.0032,0.0,-0.0032,0.0,-1597,0,1.4801,0.0,nan,nan,nan,UNKNOWN,0.0,0.0,False,False,True,True,False
10.306,0.0,0.0,0.0,0.0,0.0032,0.0,-0.0032,0.0,-1597,0,1.4801,0.0,nan,nan,nan,UNKNOWN,0.0,0.0,False,False,True,True,False
10.356,0.0,0.0,0.0,0.0,0.0032,0.0,-0.0032,0.0,-1597,0,1.4801,0.0,nan,nan,nan,UNKNOWN,0.0,0.0,False,False,True,True,False
10.406,0.0,0.0,0.0,0.0,0.0026,0.0,-0.0026,0.0,-1597,0,1.4801,0.0,nan,nan,nan,UNKNOWN,0.0,0.0,False,False,True,True,False
10.456,0.0,0.0,0.0,0.0,0.0026,0.0,-0.0026,0.0,-1597,0,1.4801,0.0,nan,nan,nan,UNKNOWN,0.0,0.0,False,False,True,True,False
10.506,0.0,0.0,0.0,0.0,0.0026,0.0,-0.0026,0.0,-1597,0,1.4801,0.0,nan,nan,nan,UNKNOWN,0.0,0.0,False,False,True,True,False
10.556,0.0,0.0,0.0,0.0,0.002,0.0,-0.002,0.0,-1597,0,1.4801,0.0,nan,nan,nan,UNKNOWN,0.0,0.0,False,False,True,True,False
10.606,0.0,0.0,0.0,0.0,0.002,0.0,-0.002,0.0,-1597,0,1.4801,0.0,nan,nan,nan,UNKNOWN,0.0,0.0,False,False,True,True,False
10.656,0.0,0.0,0.0,0.0,0.0016,0.0,-0.0016,0.0,-1597,0,1.4801,0.0,nan,nan,nan,UNKNOWN,0.0,0.0,False,False,True,True,False
10.706,0.0,0.0,0.0,0.0,0.0016,0.0,-0.0016,0.0,-1597,0,1.4801,0.0,nan,nan,nan,UNKNOWN,0.0,0.0,False,False,True,True,False
10.756,0.0,0.0,0.0,0.0,0.0016,0.0,-0.0016,0.0,-1597,0,1.4801,0.0,nan,nan,nan,UNKNOWN,0.0,0.0,False,False,True,True,False
10.806,0.0,0.0,0.0,0.0,0.0013,0.0,-0.0013,0.0,-1597,0,1.4801,0.0,nan,nan,nan,UNKNOWN,0.0,0.0,False,False,True,True,False
10.856,0.0,0.0,0.0,0.0,0.0013,0.0,-0.0013,0.0,-1597,0,1.4801,0.0,nan,nan,nan,UNKNOWN,0.0,0.0,False,False,True,True,False
10.906,0.0,0.0,0.0,0.0,0.0013,0.0,-0.0013,0.0,-1597,0,1.4801,0.0,nan,nan,nan,UNKNOWN,0.0,0.0,False,False,True,True,False
10.956,0.0,0.0,0.0,0.0,0.001,0.0,-0.001,0.0,-1597,0,1.4801,0.0,nan,nan,nan,UNKNOWN,0.0,0.0,False,False,True,True,False
11.006,0.0,0.0,0.0,0.0,0.001,0.0,-0.001,0.0,-1597,0,1.4801,0.0,nan,nan,nan,UNKNOWN,0.0,0.0,False,False,True,True,False
11.058,0.0,0.0,0.0,0.0,0.001,0.0,-0.001,0.0,-1597,0,1.4801,0.0,nan,nan,nan,UNKNOWN,0.0,0.0,False,False,True,True,False
11.106,0.0,0.0,0.0,0.0,0.0,0.0,0.0,0.0,-1597,0,1.4801,0.0,nan,nan,nan,UNKNOWN,0.0,0.0,False,False,True,True,False
11.156,0.0,0.0,0.0,0.0,0.0,0.0,0.0,0.0,-1597,0,1.4801,0.0,nan,nan,nan,UNKNOWN,0.0,0.0,False,False,True,True,False
11.206,0.0,0.0,0.0,0.0,0.0,0.0,0.0,0.0,-1597,0,1.4801,0.0,nan,nan,nan,UNKNOWN,0.0,0.0,False,False,True,True,False
11.256,0.0,0.0,0.0,0.0,0.0,0.0,0.0,0.0,-1597,0,1.4801,0.0,nan,nan,nan,UNKNOWN,0.0,0.0,False,False,True,True,False
11.306,0.0,0.0,0.0,0.0,0.0,0.0,0.0,0.0,-1597,0,1.4801,0.0,nan,nan,nan,UNKNOWN,0.0,0.0,False,False,True,True,False
11.356,0.0,0.0,0.0,0.0,0.0,0.0,0.0,0.0,-1597,0,1.4801,0.0,nan,nan,nan,UNKNOWN,0.0,0.0,False,False,True,True,False
11.406,0.0,0.0,0.0,0.0,0.0,0.0,0.0,0.0,-1597,0,1.4801,0.0,nan,nan,nan,UNKNOWN,0.0,0.0,False,False,True,True,False
11.456,0.0,0.0,0.0,0.0,0.0,0.0,0.0,0.0,-1597,0,1.4801,0.0,nan,nan,nan,UNKNOWN,0.0,0.0,False,False,True,True,False
11.506,0.0,0.0,0.0,0.0,0.0,0.0,0.0,0.0,-1597,0,1.4801,0.0,nan,nan,nan,UNKNOWN,0.0,0.0,False,False,True,True,False
11.556,0.0,0.0,0.0,0.0,0.0,0.0,0.0,0.0,-1597,0,1.4801,0.0,nan,nan,nan,UNKNOWN,0.0,0.0,False,False,True,True,False
11.606,0.0,0.0,0.0,0.0,0.0,0.0,0.0,0.0,-1597,0,1.4801,0.0,nan,nan,nan,UNKNOWN,0.0,0.0,False,False,True,True,False
11.656,0.0,0.0,0.0,0.0,0.0,0.0,0.0,0.0,-1597,0,1.4801,0.0,nan,nan,nan,UNKNOWN,0.0,0.0,False,False,True,True,False
11.706,0.0,0.0,0.0,0.0,0.0,0.0,0.0,0.0,-1597,0,1.4801,0.0,nan,nan,nan,UNKNOWN,0.0,0.0,False,False,True,True,False
11.756,0.0,0.0,0.0,0.0,0.0,0.0,0.0,0.0,-1597,0,1.4801,0.0,nan,nan,nan,UNKNOWN,0.0,0.0,False,False,True,True,False
11.806,0.0,0.0,0.0,0.0,0.0,0.0,0.0,0.0,-1597,0,1.4801,0.0,nan,nan,nan,UNKNOWN,0.0,0.0,False,False,True,True,False
11.856,0.0,0.0,0.0,0.0,0.0,0.0,0.0,0.0,-1597,0,1.4801,0.0,nan,nan,nan,UNKNOWN,0.0,0.0,False,False,True,True,False
11.906,0.0,0.0,0.0,0.0,0.0,0.0,0.0,0.0,-1597,0,1.4801,0.0,nan,nan,nan,UNKNOWN,0.0,0.0,False,False,True,True,False
11.956,0.0,0.0,0.0,0.0,0.0,0.0,0.0,0.0,-1597,0,1.4801,0.0,nan,nan,nan,UNKNOWN,0.0,0.0,False,False,True,True,False
12.006,0.0,0.0,0.0,0.0,0.0,0.0,0.0,0.0,-1597,0,1.4801,0.0,nan,nan,nan,UNKNOWN,0.0,0.0,False,False,True,True,False
12.058,0.0,0.0,0.0,0.0,0.0,0.0,0.0,0.0,-1597,0,1.4801,0.0,nan,nan,nan,UNKNOWN,0.0,0.0,False,False,True,True,False
12.106,0.0,0.0,0.0,0.0,0.0,0.0,0.0,0.0,-1597,0,1.4801,0.0,nan,nan,nan,UNKNOWN,0.0,0.0,False,False,True,True,False
12.156,0.0,0.0,0.0,0.0,0.0,0.0,0.0,0.0,-1597,0,1.4801,0.0,nan,nan,nan,UNKNOWN,0.0,0.0,False,False,True,True,False
12.206,0.0,0.0,0.0,0.0,0.0,0.0,0.0,0.0,-1597,0,1.4801,0.0,nan,nan,nan,UNKNOWN,0.0,0.0,False,False,True,True,False
12.256,0.0,0.0,0.0,0.0,0.0,0.0,0.0,0.0,-1597,0,1.4801,0.0,nan,nan,nan,UNKNOWN,0.0,0.0,False,False,True,True,False
12.306,0.0,0.0,0.0,0.0,0.0,0.0,0.0,0.0,-1597,0,1.4801,0.0,nan,nan,nan,UNKNOWN,0.0,0.0,False,False,True,True,False
12.356,0.0,0.0,0.0,0.0,0.0,0.0,0.0,0.0,-1597,0,1.4801,0.0,nan,nan,nan,UNKNOWN,0.0,0.0,False,False,True,True,False
12.406,0.0,0.0,0.0,0.0,0.0,0.0,0.0,0.0,-1597,0,1.4801,0.0,nan,nan,nan,UNKNOWN,0.0,0.0,False,False,True,True,False
12.456,0.0,0.0,0.0,0.0,0.0,0.0,0.0,0.0,-1597,0,1.4801,0.0,nan,nan,nan,UNKNOWN,0.0,0.0,False,False,True,True,False
12.506,0.0,0.0,0.0,0.0,0.0,0.0,0.0,0.0,-1597,0,1.4801,0.0,nan,nan,nan,UNKNOWN,0.0,0.0,False,False,True,True,False
12.556,0.0,0.0,0.0,0.0,0.0,0.0,0.0,0.0,-1597,0,1.4801,0.0,nan,nan,nan,UNKNOWN,0.0,0.0,False,False,True,True,False
12.606,0.0,0.0,0.0,0.0,0.0,0.0,0.0,0.0,-1597,0,1.4801,0.0,nan,nan,nan,UNKNOWN,0.0,0.0,False,False,True,True,False
12.656,0.0,0.0,0.0,0.0,0.0,0.0,0.0,0.0,-1597,0,1.4801,0.0,nan,nan,nan,UNKNOWN,0.0,0.0,False,False,True,True,False
12.706,0.0,0.0,0.0,0.0,0.0,0.0,0.0,0.0,-1597,0,1.4801,0.0,nan,nan,nan,UNKNOWN,0.0,0.0,False,False,True,True,False
12.756,0.0,0.0,0.0,0.0,0.0,0.0,0.0,0.0,-1597,0,1.4801,0.0,nan,nan,nan,UNKNOWN,0.0,0.0,False,False,True,True,False
12.806,0.0,0.0,0.0,0.0,0.0,0.0,0.0,0.0,-1597,0,1.4801,0.0,nan,nan,nan,UNKNOWN,0.0,0.0,False,False,True,True,False
12.856,0.0,0.0,0.0,0.0,0.0,0.0,0.0,0.0,-1597,0,1.4801,0.0,nan,nan,nan,UNKNOWN,0.0,0.0,False,False,True,True,False
12.906,0.0,0.0,0.0,0.0,0.0,0.0,0.0,0.0,-1597,0,1.4801,0.0,nan,nan,nan,UNKNOWN,0.0,0.0,False,False,True,True,False
12.956,0.0,0.0,0.0,0.0,0.0,0.0,0.0,0.0,-1597,0,1.4801,0.0,nan,nan,nan,UNKNOWN,0.0,0.0,False,False,True,True,False
13.006,0.0,0.0,0.0,0.0,0.0,0.0,0.0,0.0,-1597,0,1.4801,0.0,nan,nan,nan,UNKNOWN,0.0,0.0,False,False,True,True,False
13.058,0.0,0.0,0.0,0.0,0.0,0.0,0.0,0.0,-1597,0,1.4801,0.0,nan,nan,nan,UNKNOWN,0.0,0.0,False,False,True,True,False
13.106,0.0,0.0,0.0,0.0,0.0,0.0,0.0,0.0,-1597,0,1.4801,0.0,nan,nan,nan,UNKNOWN,0.0,0.0,False,False,True,True,False
13.156,0.0,0.0,0.0,0.0,0.0,0.0,0.0,0.0,-1597,0,1.4801,0.0,nan,nan,nan,UNKNOWN,0.0,0.0,False,False,True,True,False
13.206,0.0,0.0,0.0,0.0,0.0,0.0,0.0,0.0,-1597,0,1.4801,0.0,nan,nan,nan,UNKNOWN,0.0,0.0,False,False,True,True,False
13.256,0.0,0.0,0.0,0.0,0.0,0.0,0.0,0.0,-1597,0,1.4801,0.0,nan,nan,nan,UNKNOWN,0.0,0.0,False,False,True,True,False
13.306,0.0,0.0,0.0,0.0,0.0,0.0,0.0,0.0,-1597,0,1.4801,0.0,nan,nan,nan,UNKNOWN,0.0,0.0,False,False,True,True,False
13.356,0.0,0.0,0.0,0.0,0.0,0.0,0.0,0.0,-1597,0,1.4801,0.0,nan,nan,nan,UNKNOWN,0.0,0.0,False,False,True,True,False
13.406,0.0,0.0,0.0,0.0,0.0,0.0,0.0,0.0,-1597,0,1.4801,0.0,nan,nan,nan,UNKNOWN,0.0,0.0,False,False,True,True,False
13.456,0.0,0.0,0.0,0.0,0.0,0.0,0.0,0.0,-1597,0,1.4801,0.0,nan,nan,nan,UNKNOWN,0.0,0.0,False,False,True,True,False
13.506,0.0,0.0,0.0,0.0,0.0,0.0,0.0,0.0,-1597,0,1.4801,0.0,nan,nan,nan,UNKNOWN,0.0,0.0,False,False,True,True,False
13.556,0.0,0.0,0.0,0.0,0.0,0.0,0.0,0.0,-1597,0,1.4801,0.0,nan,nan,nan,UNKNOWN,0.0,0.0,False,False,True,True,False
13.606,0.0,0.0,0.0,0.0,0.0,0.0,0.0,0.0,-1597,0,1.4801,0.0,nan,nan,nan,UNKNOWN,0.0,0.0,False,False,True,True,False
13.656,0.0,0.0,0.0,0.0,0.0,0.0,0.0,0.0,-1597,0,1.4801,0.0,nan,nan,nan,UNKNOWN,0.0,0.0,False,False,True,True,False
13.706,0.0,0.0,0.0,0.0,0.0,0.0,0.0,0.0,-1597,0,1.4801,0.0,nan,nan,nan,UNKNOWN,0.0,0.0,False,False,True,True,False
13.756,0.0,0.0,0.0,0.0,0.0,0.0,0.0,0.0,-1597,0,1.4801,0.0,nan,nan,nan,UNKNOWN,0.0,0.0,False,False,True,True,False
13.806,0.0,0.0,0.0,0.0,0.0,0.0,0.0,0.0,-1597,0,1.4801,0.0,nan,nan,nan,UNKNOWN,0.0,0.0,False,False,True,True,False
13.856,0.0,0.0,0.0,0.0,0.0,0.0,0.0,0.0,-1597,0,1.4801,0.0,nan,nan,nan,UNKNOWN,0.0,0.0,False,False,True,True,False
13.906,0.0,0.0,0.0,0.0,0.0,0.0,0.0,0.0,-1597,0,1.4801,0.0,nan,nan,nan,UNKNOWN,0.0,0.0,False,False,True,True,False
13.956,0.0,0.0,0.0,0.0,0.0,0.0,0.0,0.0,-1597,0,1.4801,0.0,nan,nan,nan,UNKNOWN,0.0,0.0,False,False,True,True,False
14.006,0.0,0.0,0.0,0.0,0.0,0.0,0.0,0.0,-1597,0,1.4801,0.0,nan,nan,nan,UNKNOWN,0.0,0.0,False,False,True,True,False
14.058,0.0,0.0,0.0,0.0,0.0,0.0,0.0,0.0,-1597,0,1.4801,0.0,nan,nan,nan,UNKNOWN,0.0,0.0,False,False,True,True,False
14.106,0.0,0.0,0.0,0.0,0.0,0.0,0.0,0.0,-1597,0,1.4801,0.0,nan,nan,nan,UNKNOWN,0.0,0.0,False,False,True,True,False
14.156,0.0,0.0,0.0,0.0,0.0,0.0,0.0,0.0,-1597,0,1.4801,0.0,nan,nan,nan,UNKNOWN,0.0,0.0,False,False,True,True,False
14.206,0.0,0.0,0.0,0.0,0.0,0.0,0.0,0.0,-1597,0,1.4801,0.0,nan,nan,nan,UNKNOWN,0.0,0.0,False,False,True,True,False
14.256,0.0,0.0,0.0,0.0,0.0,0.0,0.0,0.0,-1597,0,1.4801,0.0,nan,nan,nan,UNKNOWN,0.0,0.0,False,False,True,True,False
14.306,0.0,0.0,0.0,0.0,0.0,0.0,0.0,0.0,-1597,0,1.4801,0.0,nan,nan,nan,UNKNOWN,0.0,0.0,False,False,True,True,False
14.356,0.0,0.0,0.0,0.0,0.0,0.0,0.0,0.0,-1597,0,1.4801,0.0,nan,nan,nan,UNKNOWN,0.0,0.0,False,False,True,True,False
14.406,0.0,0.0,0.0,0.0,0.0,0.0,0.0,0.0,-1597,0,1.4801,0.0,nan,nan,nan,UNKNOWN,0.0,0.0,False,False,True,True,False
14.456,0.0,0.0,0.0,0.0,0.0,0.0,0.0,0.0,-1597,0,1.4801,0.0,nan,nan,nan,UNKNOWN,0.0,0.0,False,False,True,True,False
14.506,0.0,0.0,0.0,0.0,0.0,0.0,0.0,0.0,-1597,0,1.4801,0.0,nan,nan,nan,UNKNOWN,0.0,0.0,False,False,True,True,False
14.556,0.0,0.0,0.0,0.0,0.0,0.0,0.0,0.0,-1597,0,1.4801,0.0,nan,nan,nan,UNKNOWN,0.0,0.0,False,False,True,True,False
14.606,0.0,0.0,0.0,0.0,0.0,0.0,0.0,0.0,-1597,0,1.4801,0.0,nan,nan,nan,UNKNOWN,0.0,0.0,False,False,True,True,False
14.656,0.0,0.0,0.0,0.0,0.0,0.0,0.0,0.0,-1597,0,1.4801,0.0,nan,nan,nan,UNKNOWN,0.0,0.0,False,False,True,True,False
14.706,0.0,0.0,0.0,0.0,0.0,0.0,0.0,0.0,-1597,0,1.4801,0.0,nan,nan,nan,UNKNOWN,0.0,0.0,False,False,True,True,False
14.756,0.0,0.0,0.0,0.0,0.0,0.0,0.0,0.0,-1597,0,1.4801,0.0,nan,nan,nan,UNKNOWN,0.0,0.0,False,False,True,True,False
14.806,0.0,0.0,0.0,0.0,0.0,0.0,0.0,0.0,-1597,0,1.4801,0.0,nan,nan,nan,UNKNOWN,0.0,0.0,False,False,True,True,False
14.856,0.0,0.0,0.0,0.0,0.0,0.0,0.0,0.0,-1597,0,1.4801,0.0,nan,nan,nan,UNKNOWN,0.0,0.0,False,False,True,True,False
14.906,0.0,0.0,0.0,0.0,0.0,0.0,0.0,0.0,-1597,0,1.4801,0.0,nan,nan,nan,UNKNOWN,0.0,0.0,False,False,True,True,False
14.956,0.0,0.0,0.0,0.0,0.0,0.0,0.0,0.0,-1597,0,1.4801,0.0,nan,nan,nan,UNKNOWN,0.0,0.0,False,False,True,True,False
15.006,0.0,0.0,0.0,0.0,0.0,0.0,0.0,0.0,-1597,0,1.4801,0.0,nan,nan,nan,UNKNOWN,0.0,0.0,False,False,True,True,False
15.058,0.0,0.0,0.0,0.0,0.0,0.0,0.0,0.0,-1597,0,1.4801,0.0,nan,nan,nan,UNKNOWN,0.0,0.0,False,False,True,True,False
15.106,0.0,0.0,0.0,0.0,0.0,0.0,0.0,0.0,-1597,0,1.4801,0.0,nan,nan,nan,UNKNOWN,0.0,0.0,False,False,True,True,False
15.156,0.0,0.0,0.0,0.0,0.0,0.0,0.0,0.0,-1597,0,1.4801,0.0,nan,nan,nan,UNKNOWN,0.0,0.0,False,False,True,True,False
15.206,0.0,0.0,0.0,0.0,0.0,0.0,0.0,0.0,-1597,0,1.4801,0.0,nan,nan,nan,UNKNOWN,0.0,0.0,False,False,True,True,False
15.256,0.0,0.0,0.0,0.0,0.0,0.0,0.0,0.0,-1597,0,1.4801,0.0,nan,nan,nan,UNKNOWN,0.0,0.0,False,False,True,True,False
15.306,0.0,0.0,0.0,0.0,0.0,0.0,0.0,0.0,-1597,0,1.4801,0.0,nan,nan,nan,UNKNOWN,0.0,0.0,False,False,True,True,False
15.356,0.0,0.0,0.0,0.0,0.0,0.0,0.0,0.0,-1597,0,1.4801,0.0,nan,nan,nan,UNKNOWN,0.0,0.0,False,False,True,True,False
15.406,0.0,0.0,0.0,0.0,0.0,0.0,0.0,0.0,-1597,0,1.4801,0.0,nan,nan,nan,UNKNOWN,0.0,0.0,False,False,True,True,False
15.456,0.0,0.0,0.0,0.0,0.0,0.0,0.0,0.0,-1597,0,1.4801,0.0,nan,nan,nan,UNKNOWN,0.0,0.0,False,False,True,True,False
15.506,0.0,0.0,0.0,0.0,0.0,0.0,0.0,0.0,-1597,0,1.4801,0.0,nan,nan,nan,UNKNOWN,0.0,0.0,False,False,True,True,False
15.556,0.0,0.0,0.0,0.0,0.0,0.0,0.0,0.0,-1597,0,1.4801,0.0,nan,nan,nan,UNKNOWN,0.0,0.0,False,False,True,True,False
15.606,0.0,0.0,0.0,0.0,0.0,0.0,0.0,0.0,-1597,0,1.4801,0.0,nan,nan,nan,UNKNOWN,0.0,0.0,False,False,True,True,False
15.656,0.0,0.0,0.0,0.0,0.0,0.0,0.0,0.0,-1597,0,1.4801,0.0,nan,nan,nan,UNKNOWN,0.0,0.0,False,False,True,True,False
15.706,0.0,0.0,0.0,0.0,0.0,0.0,0.0,0.0,-1597,0,1.4801,0.0,nan,nan,nan,UNKNOWN,0.0,0.0,False,False,True,True,False
15.756,0.0,0.0,0.0,0.0,0.0,0.0,0.0,0.0,-1597,0,1.4801,0.0,nan,nan,nan,UNKNOWN,0.0,0.0,False,False,True,True,False
15.806,0.0,0.0,0.0,0.0,0.0,0.0,0.0,0.0,-1597,0,1.4801,0.0,nan,nan,nan,UNKNOWN,0.0,0.0,False,False,True,True,False
15.856,0.0,0.0,0.0,0.0,0.0,0.0,0.0,0.0,-1597,0,1.4801,0.0,nan,nan,nan,UNKNOWN,0.0,0.0,False,False,True,True,False
15.906,0.0,0.0,0.0,0.0,0.0,0.0,0.0,0.0,-1597,0,1.4801,0.0,nan,nan,nan,UNKNOWN,0.0,0.0,False,False,True,True,False
15.956,0.0,0.0,0.0,0.0,0.0,0.0,0.0,0.0,-1597,0,1.4801,0.0,nan,nan,nan,UNKNOWN,0.0,0.0,False,False,True,True,False
16.006,0.0,0.0,0.0,0.0,0.0,0.0,0.0,0.0,-1597,0,1.4801,0.0,nan,nan,nan,UNKNOWN,0.0,0.0,False,False,True,True,False
16.058,0.0,0.0,0.0,0.0,0.0,0.0,0.0,0.0,-1597,0,1.4801,0.0,nan,nan,nan,UNKNOWN,0.0,0.0,False,False,True,True,False
16.106,0.0,0.0,0.0,0.0,0.0,0.0,0.0,0.0,-1597,0,1.4801,0.0,nan,nan,nan,UNKNOWN,0.0,0.0,False,False,True,True,False
16.156,0.0,0.0,0.0,0.0,0.0,0.0,0.0,0.0,-1597,0,1.4801,0.0,nan,nan,nan,UNKNOWN,0.0,0.0,False,False,True,True,False
16.206,0.0,0.0,0.0,0.0,0.0,0.0,0.0,0.0,-1597,0,1.4801,0.0,nan,nan,nan,UNKNOWN,0.0,0.0,False,False,True,True,False
16.256,0.0,0.0,0.0,0.0,0.0,0.0,0.0,0.0,-1597,0,1.4801,0.0,nan,nan,nan,UNKNOWN,0.0,0.0,False,False,True,True,False
16.306,0.0,0.0,0.0,0.0,0.0,0.0,0.0,0.0,-1597,0,1.4801,0.0,nan,nan,nan,UNKNOWN,0.0,0.0,False,False,True,True,False
16.356,0.0,0.0,0.0,0.0,0.0,0.0,0.0,0.0,-1597,0,1.4801,0.0,nan,nan,nan,UNKNOWN,0.0,0.0,False,False,True,True,False
16.406,0.0,0.0,0.0,0.0,0.0,0.0,0.0,0.0,-1597,0,1.4801,0.0,nan,nan,nan,UNKNOWN,0.0,0.0,False,False,True,True,False
16.456,0.0,0.0,0.0,0.0,0.0,0.0,0.0,0.0,-1597,0,1.4801,0.0,nan,nan,nan,UNKNOWN,0.0,0.0,False,False,True,True,False
16.506,0.0,0.0,0.0,0.0,0.0,0.0,0.0,0.0,-1597,0,1.4801,0.0,nan,nan,nan,UNKNOWN,0.0,0.0,False,False,True,True,False
16.556,0.0,0.0,0.0,0.0,0.0,0.0,0.0,0.0,-1597,0,1.4801,0.0,nan,nan,nan,UNKNOWN,0.0,0.0,False,False,True,True,False
16.606,0.0,0.0,0.0,0.0,0.0,0.0,0.0,0.0,-1597,0,1.4801,0.0,nan,nan,nan,UNKNOWN,0.0,0.0,False,False,True,True,False
16.656,0.0,0.0,0.0,0.0,0.0,0.0,0.0,0.0,-1597,0,1.4801,0.0,nan,nan,nan,UNKNOWN,0.0,0.0,False,False,True,True,False
16.706,0.0,0.0,0.0,0.0,0.0,0.0,0.0,0.0,-1597,0,1.4801,0.0,nan,nan,nan,UNKNOWN,0.0,0.0,False,False,True,True,False
16.756,0.0,0.0,0.0,0.0,0.0,0.0,0.0,0.0,-1597,0,1.4801,0.0,nan,nan,nan,UNKNOWN,0.0,0.0,False,False,True,True,False
16.806,0.0,0.0,0.0,0.0,0.0,0.0,0.0,0.0,-1597,0,1.4801,0.0,nan,nan,nan,UNKNOWN,0.0,0.0,False,False,True,True,False
16.856,0.0,0.0,0.0,0.0,0.0,0.0,0.0,0.0,-1597,0,1.4801,0.0,nan,nan,nan,UNKNOWN,0.0,0.0,False,False,True,True,False
16.906,0.0,0.0,0.0,0.0,0.0,0.0,0.0,0.0,-1597,0,1.4801,0.0,nan,nan,nan,UNKNOWN,0.0,0.0,False,False,True,True,False
16.956,0.0,0.0,0.0,0.0,0.0,0.0,0.0,0.0,-1597,0,1.4801,0.0,nan,nan,nan,UNKNOWN,0.0,0.0,False,False,True,True,False
17.006,0.0,0.0,0.0,0.0,0.0,0.0,0.0,0.0,-1597,0,1.4801,0.0,nan,nan,nan,UNKNOWN,0.0,0.0,False,False,True,True,False
17.058,0.0,0.0,0.0,0.0,0.0,0.0,0.0,0.0,-1597,0,1.4801,0.0,nan,nan,nan,UNKNOWN,0.0,0.0,False,False,True,True,False
17.106,0.0,0.0,0.0,0.0,0.0,0.0,0.0,0.0,-1597,0,1.4801,0.0,nan,nan,nan,UNKNOWN,0.0,0.0,False,False,True,True,False
17.156,0.0,0.0,0.0,0.0,0.0,0.0,0.0,0.0,-1597,0,1.4801,0.0,nan,nan,nan,UNKNOWN,0.0,0.0,False,False,True,True,False
17.206,0.0,0.0,0.0,0.0,0.0,0.0,0.0,0.0,-1597,0,1.4801,0.0,nan,nan,nan,UNKNOWN,0.0,0.0,False,False,True,True,False
17.256,0.0,0.0,0.0,0.0,0.0,0.0,0.0,0.0,-1597,0,1.4801,0.0,nan,nan,nan,UNKNOWN,0.0,0.0,False,False,True,True,False
17.306,0.0,0.0,0.0,0.0,0.0,0.0,0.0,0.0,-1597,0,1.4801,0.0,nan,nan,nan,UNKNOWN,0.0,0.0,False,False,True,True,False
17.356,0.0,0.0,0.0,0.0,0.0,0.0,0.0,0.0,-1597,0,1.4801,0.0,nan,nan,nan,UNKNOWN,0.0,0.0,False,False,True,True,False
17.406,0.0,0.0,0.0,0.0,0.0,0.0,0.0,0.0,-1597,0,1.4801,0.0,nan,nan,nan,UNKNOWN,0.0,0.0,False,False,True,True,False
17.456,0.0,0.0,0.0,0.0,0.0,0.0,0.0,0.0,-1597,0,1.4801,0.0,nan,nan,nan,UNKNOWN,0.0,0.0,False,False,True,True,False
17.506,0.0,0.0,0.0,0.0,0.0,0.0,0.0,0.0,-1597,0,1.4801,0.0,nan,nan,nan,UNKNOWN,0.0,0.0,False,False,True,True,False
17.556,0.0,0.0,0.0,0.0,0.0,0.0,0.0,0.0,-1597,0,1.4801,0.0,nan,nan,nan,UNKNOWN,0.0,0.0,False,False,True,True,False
17.606,0.0,0.0,0.0,0.0,0.0,0.0,0.0,0.0,-1597,0,1.4801,0.0,nan,nan,nan,UNKNOWN,0.0,0.0,False,False,True,True,False
17.656,0.0,0.0,0.0,0.0,0.0,0.0,0.0,0.0,-1597,0,1.4801,0.0,nan,nan,nan,UNKNOWN,0.0,0.0,False,False,True,True,False
17.706,0.0,0.0,0.0,0.0,0.0,0.0,0.0,0.0,-1597,0,1.4801,0.0,nan,nan,nan,UNKNOWN,0.0,0.0,False,False,True,True,False
17.756,0.0,0.0,0.0,0.0,0.0,0.0,0.0,0.0,-1597,0,1.4801,0.0,nan,nan,nan,UNKNOWN,0.0,0.0,False,False,True,True,False
17.806,0.0,0.0,0.0,0.0,0.0,0.0,0.0,0.0,-1597,0,1.4801,0.0,nan,nan,nan,UNKNOWN,0.0,0.0,False,False,True,True,False
17.856,0.0,0.0,0.0,0.0,0.0,0.0,0.0,0.0,-1597,0,1.4801,0.0,nan,nan,nan,UNKNOWN,0.0,0.0,False,False,True,True,False
17.906,0.0,0.0,0.0,0.0,0.0,0.0,0.0,0.0,-1597,0,1.4801,0.0,nan,nan,nan,UNKNOWN,0.0,0.0,False,False,True,True,False
17.956,0.0,0.0,0.0,0.0,0.0,0.0,0.0,0.0,-1597,0,1.4801,0.0,nan,nan,nan,UNKNOWN,0.0,0.0,False,False,True,True,False
18.006,0.0,0.0,0.0,0.0,0.0,0.0,0.0,0.0,-1597,0,1.4801,0.0,nan,nan,nan,UNKNOWN,0.0,0.0,False,False,True,True,False
18.058,0.0,0.0,0.0,0.0,0.0,0.0,0.0,0.0,-1597,0,1.4801,0.0,nan,nan,nan,UNKNOWN,0.0,0.0,False,False,True,True,False
18.106,0.0,0.0,0.0,0.0,0.0,0.0,0.0,0.0,-1597,0,1.4801,0.0,nan,nan,nan,UNKNOWN,0.0,0.0,False,False,True,True,False
18.156,0.0,0.0,0.0,0.0,0.0,0.0,0.0,0.0,-1597,0,1.4801,0.0,nan,nan,nan,UNKNOWN,0.0,0.0,False,False,True,True,False
18.206,0.0,0.0,0.0,0.0,0.0,0.0,0.0,0.0,-1597,0,1.4801,0.0,nan,nan,nan,UNKNOWN,0.0,0.0,False,False,True,True,False
18.256,0.0,0.0,0.0,0.0,0.0,0.0,0.0,0.0,-1597,0,1.4801,0.0,nan,nan,nan,UNKNOWN,0.0,0.0,False,False,True,True,False
18.306,0.0,0.0,0.0,0.0,0.0,0.0,0.0,0.0,-1597,0,1.4801,0.0,nan,nan,nan,UNKNOWN,0.0,0.0,False,False,True,True,False
18.356,0.0,0.0,0.0,0.0,0.0,0.0,0.0,0.0,-1597,0,1.4801,0.0,nan,nan,nan,UNKNOWN,0.0,0.0,False,False,True,True,False
18.406,0.0,0.0,0.0,0.0,0.0,0.0,0.0,0.0,-1597,0,1.4801,0.0,nan,nan,nan,UNKNOWN,0.0,0.0,False,False,True,True,False
18.456,0.0,0.0,0.0,0.0,0.0,0.0,0.0,0.0,-1597,0,1.4801,0.0,nan,nan,nan,UNKNOWN,0.0,0.0,False,False,True,True,False
18.506,0.0,0.0,0.0,0.0,0.0,0.0,0.0,0.0,-1597,0,1.4801,0.0,nan,nan,nan,UNKNOWN,0.0,0.0,False,False,True,True,False
18.556,0.0,0.0,0.0,0.0,0.0,0.0,0.0,0.0,-1597,0,1.4801,0.0,nan,nan,nan,UNKNOWN,0.0,0.0,False,False,True,True,False
18.606,0.0,0.0,0.0,0.0,0.0,0.0,0.0,0.0,-1597,0,1.4801,0.0,nan,nan,nan,UNKNOWN,0.0,0.0,False,False,True,True,False
18.656,0.0,0.0,0.0,0.0,0.0,0.0,0.0,0.0,-1597,0,1.4801,0.0,nan,nan,nan,UNKNOWN,0.0,0.0,False,False,True,True,False
18.706,0.0,0.0,0.0,0.0,0.0,0.0,0.0,0.0,-1597,0,1.4801,0.0,nan,nan,nan,UNKNOWN,0.0,0.0,False,False,True,True,False
18.756,0.0,0.0,0.0,0.0,0.0,0.0,0.0,0.0,-1597,0,1.4801,0.0,nan,nan,nan,UNKNOWN,0.0,0.0,False,False,True,True,False
18.806,0.0,0.0,0.0,0.0,0.0,0.0,0.0,0.0,-1597,0,1.4801,0.0,nan,nan,nan,UNKNOWN,0.0,0.0,False,False,True,True,False
18.856,0.0,0.0,0.0,0.0,0.0,0.0,0.0,0.0,-1597,0,1.4801,0.0,nan,nan,nan,UNKNOWN,0.0,0.0,False,False,True,True,False
18.906,0.0,0.0,0.0,0.0,0.0,0.0,0.0,0.0,-1597,0,1.4801,0.0,nan,nan,nan,UNKNOWN,0.0,0.0,False,False,True,True,False
18.956,0.0,0.0,0.0,0.0,0.0,0.0,0.0,0.0,-1597,0,1.4801,0.0,nan,nan,nan,UNKNOWN,0.0,0.0,False,False,True,True,False
19.006,0.0,0.0,0.0,0.0,0.0,0.0,0.0,0.0,-1597,0,1.4801,0.0,nan,nan,nan,UNKNOWN,0.0,0.0,False,False,True,True,False
19.058,0.0,0.0,0.0,0.0,0.0,0.0,0.0,0.0,-1597,0,1.4801,0.0,nan,nan,nan,UNKNOWN,0.0,0.0,False,False,True,True,False
19.106,0.0,0.0,0.0,0.0,0.0,0.0,0.0,0.0,-1597,0,1.4801,0.0,nan,nan,nan,UNKNOWN,0.0,0.0,False,False,True,True,False
19.156,0.0,0.0,0.0,0.0,0.0,0.0,0.0,0.0,-1597,0,1.4801,0.0,nan,nan,nan,UNKNOWN,0.0,0.0,False,False,True,True,False
19.206,0.0,0.0,0.0,0.0,0.0,0.0,0.0,0.0,-1597,0,1.4801,0.0,nan,nan,nan,UNKNOWN,0.0,0.0,False,False,True,True,False
19.256,0.0,0.0,0.0,0.0,0.0,0.0,0.0,0.0,-1597,0,1.4801,0.0,nan,nan,nan,UNKNOWN,0.0,0.0,False,False,True,True,False
19.306,0.0,0.0,0.0,0.0,0.0,0.0,0.0,0.0,-1597,0,1.4801,0.0,nan,nan,nan,UNKNOWN,0.0,0.0,False,False,True,True,False
19.356,0.0,0.0,0.0,0.0,0.0,0.0,0.0,0.0,-1597,0,1.4801,0.0,nan,nan,nan,UNKNOWN,0.0,0.0,False,False,True,True,False
19.406,0.0,0.0,0.0,0.0,0.0,0.0,0.0,0.0,-1597,0,1.4801,0.0,nan,nan,nan,UNKNOWN,0.0,0.0,False,False,True,True,False
19.456,0.0,0.0,0.0,0.0,0.0,0.0,0.0,0.0,-1597,0,1.4801,0.0,nan,nan,nan,UNKNOWN,0.0,0.0,False,False,True,True,False
19.506,0.0,0.0,0.0,0.0,0.0,0.0,0.0,0.0,-1597,0,1.4801,0.0,nan,nan,nan,UNKNOWN,0.0,0.0,False,False,True,True,False
19.556,0.0,0.0,0.0,0.0,0.0,0.0,0.0,0.0,-1597,0,1.4801,0.0,nan,nan,nan,UNKNOWN,0.0,0.0,False,False,True,True,False
19.606,0.0,0.0,0.0,0.0,0.0,0.0,0.0,0.0,-1597,0,1.4801,0.0,nan,nan,nan,UNKNOWN,0.0,0.0,False,False,True,True,False
19.656,0.0,0.0,0.0,0.0,0.0,0.0,0.0,0.0,-1597,0,1.4801,0.0,nan,nan,nan,UNKNOWN,0.0,0.0,False,False,True,True,False
19.706,0.0,0.0,0.0,0.0,0.0,0.0,0.0,0.0,-1597,0,1.4801,0.0,nan,nan,nan,UNKNOWN,0.0,0.0,False,False,True,True,False
19.756,0.0,0.0,0.0,0.0,0.0,0.0,0.0,0.0,-1597,0,1.4801,0.0,nan,nan,nan,UNKNOWN,0.0,0.0,False,False,True,True,False
19.806,0.0,0.0,0.0,0.0,0.0,0.0,0.0,0.0,-1597,0,1.4801,0.0,nan,nan,nan,UNKNOWN,0.0,0.0,False,False,True,True,False
19.856,0.0,0.0,0.0,0.0,0.0,0.0,0.0,0.0,-1597,0,1.4801,0.0,nan,nan,nan,UNKNOWN,0.0,0.0,False,False,True,True,False
19.906,0.0,0.0,0.0,0.0,0.0,0.0,0.0,0.0,-1597,0,1.4801,0.0,nan,nan,nan,UNKNOWN,0.0,0.0,False,False,True,True,False
19.956,0.0,0.0,0.0,0.0,0.0,0.0,0.0,0.0,-1597,0,1.4801,0.0,nan,nan,nan,UNKNOWN,0.0,0.0,False,False,True,True,False
20.006,0.0,0.0,0.0,0.0,0.0,0.0,0.0,0.0,-1597,0,1.4801,0.0,nan,nan,nan,UNKNOWN,0.0,0.0,False,False,True,True,False
20.058,0.0,0.0,0.0,0.0,0.0,0.0,0.0,0.0,-1597,0,1.4801,0.0,nan,nan,nan,UNKNOWN,0.0,0.0,False,False,True,True,False
20.106,0.0,0.0,0.0,0.0,0.0,0.0,0.0,0.0,-1597,0,1.4801,0.0,nan,nan,nan,UNKNOWN,0.0,0.0,False,False,True,True,False
20.156,0.0,0.0,0.0,0.0,0.0,0.0,0.0,0.0,-1597,0,1.4801,0.0,nan,nan,nan,UNKNOWN,0.0,0.0,False,False,True,True,False
20.206,0.0,0.0,0.0,0.0,0.0,0.0,0.0,0.0,-1597,0,1.4801,0.0,nan,nan,nan,UNKNOWN,0.0,0.0,False,False,True,True,False
20.256,0.0,0.0,0.0,0.0,0.0,0.0,0.0,0.0,-1597,0,1.4801,0.0,nan,nan,nan,UNKNOWN,0.0,0.0,False,False,True,True,False
20.306,0.0,0.0,0.0,0.0,0.0,0.0,0.0,0.0,-1597,0,1.4801,0.0,nan,nan,nan,UNKNOWN,0.0,0.0,False,False,True,True,False
20.356,0.0,0.0,0.0,0.0,0.0,0.0,0.0,0.0,-1597,0,1.4801,0.0,nan,nan,nan,UNKNOWN,0.0,0.0,False,False,True,True,False
20.406,0.0,0.0,0.0,0.0,0.0,0.0,0.0,0.0,-1597,0,1.4801,0.0,nan,nan,nan,UNKNOWN,0.0,0.0,False,False,True,True,False
20.456,0.0,0.0,0.0,0.0,0.0,0.0,0.0,0.0,-1597,0,1.4801,0.0,nan,nan,nan,UNKNOWN,0.0,0.0,False,False,True,True,False
20.506,0.0,0.0,0.0,0.0,0.0,0.0,0.0,0.0,-1597,0,1.4801,0.0,nan,nan,nan,UNKNOWN,0.0,0.0,False,False,True,True,False
20.556,0.0,0.0,0.0,0.0,0.0,0.0,0.0,0.0,-1597,0,1.4801,0.0,nan,nan,nan,UNKNOWN,0.0,0.0,False,False,True,True,False
20.606,0.0,0.0,0.0,0.0,0.0,0.0,0.0,0.0,-1597,0,1.4801,0.0,nan,nan,nan,UNKNOWN,0.0,0.0,False,False,True,True,False
20.656,0.0,0.0,0.0,0.0,0.0,0.0,0.0,0.0,-1597,0,1.4801,0.0,nan,nan,nan,UNKNOWN,0.0,0.0,False,False,True,True,False
20.706,0.0,0.0,0.0,0.0,0.0,0.0,0.0,0.0,-1597,0,1.4801,0.0,nan,nan,nan,UNKNOWN,0.0,0.0,False,False,True,True,False
20.756,0.0,0.0,0.0,0.0,0.0,0.0,0.0,0.0,-1597,0,1.4801,0.0,nan,nan,nan,UNKNOWN,0.0,0.0,False,False,True,True,False
20.806,0.0,0.0,0.0,0.0,0.0,0.0,0.0,0.0,-1597,0,1.4801,0.0,nan,nan,nan,UNKNOWN,0.0,0.0,False,False,True,True,False
20.856,0.0,0.0,0.0,0.0,0.0,0.0,0.0,0.0,-1597,0,1.4801,0.0,nan,nan,nan,UNKNOWN,0.0,0.0,False,False,True,True,False
20.906,0.0,0.0,0.0,0.0,0.0,0.0,0.0,0.0,-1597,0,1.4801,0.0,nan,nan,nan,UNKNOWN,0.0,0.0,False,False,True,True,False
20.956,0.0,0.0,0.0,0.0,0.0,0.0,0.0,0.0,-1597,0,1.4801,0.0,nan,nan,nan,UNKNOWN,0.0,0.0,False,False,True,True,False
21.006,0.0,0.0,0.0,0.0,0.0,0.0,0.0,0.0,-1597,0,1.4801,0.0,nan,nan,nan,UNKNOWN,0.0,0.0,False,False,True,True,False
21.058,0.0,0.0,0.0,0.0,0.0,0.0,0.0,0.0,-1597,0,1.4801,0.0,nan,nan,nan,UNKNOWN,0.0,0.0,False,False,True,True,False
21.106,0.0,0.0,0.0,0.0,0.0,0.0,0.0,0.0,-1597,0,1.4801,0.0,nan,nan,nan,UNKNOWN,0.0,0.0,False,False,True,True,False
21.156,0.0,0.0,0.0,0.0,0.0,0.0,0.0,0.0,-1597,0,1.4801,0.0,nan,nan,nan,UNKNOWN,0.0,0.0,False,False,True,True,False
21.206,0.0,0.0,0.0,0.0,0.0,0.0,0.0,0.0,-1597,0,1.4801,0.0,nan,nan,nan,UNKNOWN,0.0,0.0,False,False,True,True,False
21.256,0.0,0.0,0.0,0.0,0.0,0.0,0.0,0.0,-1597,0,1.4801,0.0,nan,nan,nan,UNKNOWN,0.0,0.0,False,False,True,True,False
21.306,0.0,0.0,0.0,0.0,0.0,0.0,0.0,0.0,-1597,0,1.4801,0.0,nan,nan,nan,UNKNOWN,0.0,0.0,False,False,True,True,False
21.356,0.0,0.0,0.0,0.0,0.0,0.0,0.0,0.0,-1597,0,1.4801,0.0,nan,nan,nan,UNKNOWN,0.0,0.0,False,False,True,True,False
21.406,0.0,0.0,0.0,0.0,0.0,0.0,0.0,0.0,-1597,0,1.4801,0.0,nan,nan,nan,UNKNOWN,0.0,0.0,False,False,True,True,False
21.456,0.0,0.0,0.0,0.0,0.0,0.0,0.0,0.0,-1597,0,1.4801,0.0,nan,nan,nan,UNKNOWN,0.0,0.0,False,False,True,True,False
21.506,0.0,0.0,0.0,0.0,0.0,0.0,0.0,0.0,-1597,0,1.4801,0.0,nan,nan,nan,UNKNOWN,0.0,0.0,False,False,True,True,False
21.556,0.0,0.0,0.0,0.0,0.0,0.0,0.0,0.0,-1597,0,1.4801,0.0,nan,nan,nan,UNKNOWN,0.0,0.0,False,False,True,True,False
21.606,0.0,0.0,0.0,0.0,0.0,0.0,0.0,0.0,-1597,0,1.4801,0.0,nan,nan,nan,UNKNOWN,0.0,0.0,False,False,True,True,False
21.656,0.0,0.0,0.0,0.0,0.0,0.0,0.0,0.0,-1597,0,1.4801,0.0,nan,nan,nan,UNKNOWN,0.0,0.0,False,False,True,True,False
21.706,0.0,0.0,0.0,0.0,0.0,0.0,0.0,0.0,-1597,0,1.4801,0.0,nan,nan,nan,UNKNOWN,0.0,0.0,False,False,True,True,False
21.756,0.0,0.0,0.0,0.0,0.0,0.0,0.0,0.0,-1597,0,1.4801,0.0,nan,nan,nan,UNKNOWN,0.0,0.0,False,False,True,True,False
21.806,0.0,0.0,0.0,0.0,0.0,0.0,0.0,0.0,-1597,0,1.4801,0.0,nan,nan,nan,UNKNOWN,0.0,0.0,False,False,True,True,False
21.856,0.0,0.0,0.0,0.0,0.0,0.0,0.0,0.0,-1597,0,1.4801,0.0,nan,nan,nan,UNKNOWN,0.0,0.0,False,False,True,True,False
21.906,0.0,0.0,0.0,0.0,0.0,0.0,0.0,0.0,-1597,0,1.4801,0.0,nan,nan,nan,UNKNOWN,0.0,0.0,False,False,True,True,False
21.956,0.0,0.0,0.0,0.0,0.0,0.0,0.0,0.0,-1597,0,1.4801,0.0,nan,nan,nan,UNKNOWN,0.0,0.0,False,False,True,True,False
22.006,0.0,0.0,0.0,0.0,0.0,0.0,0.0,0.0,-1597,0,1.4801,0.0,nan,nan,nan,UNKNOWN,0.0,0.0,False,False,True,True,False
22.058,0.0,0.0,0.0,0.0,0.0,0.0,0.0,0.0,-1597,0,1.4801,0.0,nan,nan,nan,UNKNOWN,0.0,0.0,False,False,True,True,False
22.106,0.0,0.0,0.0,0.0,0.0,0.0,0.0,0.0,-1597,0,1.4801,0.0,nan,nan,nan,UNKNOWN,0.0,0.0,False,False,True,True,False
22.156,0.0,0.0,0.0,0.0,0.0,0.0,0.0,0.0,-1597,0,1.4801,0.0,nan,nan,nan,UNKNOWN,0.0,0.0,False,False,True,True,False
22.206,0.0,0.0,0.0,0.0,0.0,0.0,0.0,0.0,-1597,0,1.4801,0.0,nan,nan,nan,UNKNOWN,0.0,0.0,False,False,True,True,False
22.256,0.0,0.0,0.0,0.0,0.0,0.0,0.0,0.0,-1597,0,1.4801,0.0,nan,nan,nan,UNKNOWN,0.0,0.0,False,False,True,True,False
22.306,0.0,0.0,0.0,0.0,0.0,0.0,0.0,0.0,-1597,0,1.4801,0.0,nan,nan,nan,UNKNOWN,0.0,0.0,False,False,True,True,False
22.356,0.0,0.0,0.0,0.0,0.0,0.0,0.0,0.0,-1597,0,1.4801,0.0,nan,nan,nan,UNKNOWN,0.0,0.0,False,False,True,True,False
22.406,0.0,0.0,0.0,0.0,0.0,0.0,0.0,0.0,-1597,0,1.4801,0.0,nan,nan,nan,UNKNOWN,0.0,0.0,False,False,True,True,False
22.456,0.0,0.0,0.0,0.0,0.0,0.0,0.0,0.0,-1597,0,1.4801,0.0,nan,nan,nan,UNKNOWN,0.0,0.0,False,False,True,True,False
22.506,0.0,0.0,0.0,0.0,0.0,0.0,0.0,0.0,-1597,0,1.4801,0.0,nan,nan,nan,UNKNOWN,0.0,0.0,False,False,True,True,False
22.556,0.0,0.0,0.0,0.0,0.0,0.0,0.0,0.0,-1597,0,1.4801,0.0,nan,nan,nan,UNKNOWN,0.0,0.0,False,False,True,True,False
22.606,0.0,0.0,0.0,0.0,0.0,0.0,0.0,0.0,-1597,0,1.4801,0.0,nan,nan,nan,UNKNOWN,0.0,0.0,False,False,True,True,False
22.656,0.0,0.0,0.0,0.0,0.0,0.0,0.0,0.0,-1597,0,1.4801,0.0,nan,nan,nan,UNKNOWN,0.0,0.0,False,False,True,True,False
22.706,0.0,0.0,0.0,0.0,0.0,0.0,0.0,0.0,-1597,0,1.4801,0.0,nan,nan,nan,UNKNOWN,0.0,0.0,False,False,True,True,False
22.756,0.0,0.0,0.0,0.0,0.0,0.0,0.0,0.0,-1597,0,1.4801,0.0,nan,nan,nan,UNKNOWN,0.0,0.0,False,False,True,True,False
22.806,0.0,0.0,0.0,0.0,0.0,0.0,0.0,0.0,-1597,0,1.4801,0.0,nan,nan,nan,UNKNOWN,0.0,0.0,False,False,True,True,False
22.856,0.0,0.0,0.0,0.0,0.0,0.0,0.0,0.0,-1597,0,1.4801,0.0,nan,nan,nan,UNKNOWN,0.0,0.0,False,False,True,True,False
22.906,0.0,0.0,0.0,0.0,0.0,0.0,0.0,0.0,-1597,0,1.4801,0.0,nan,nan,nan,UNKNOWN,0.0,0.0,False,False,True,True,False
22.956,0.0,0.0,0.0,0.0,0.0,0.0,0.0,0.0,-1597,0,1.4801,0.0,nan,nan,nan,UNKNOWN,0.0,0.0,False,False,True,True,False
23.006,0.0,0.0,0.0,0.0,0.0,0.0,0.0,0.0,-1597,0,1.4801,0.0,nan,nan,nan,UNKNOWN,0.0,0.0,False,False,True,True,False
23.058,0.0,0.0,0.0,0.0,0.0,0.0,0.0,0.0,-1597,0,1.4801,0.0,nan,nan,nan,UNKNOWN,0.0,0.0,False,False,True,True,False
23.106,0.0,0.0,0.0,0.0,0.0,0.0,0.0,0.0,-1597,0,1.4801,0.0,nan,nan,nan,UNKNOWN,0.0,0.0,False,False,True,True,False
23.156,0.0,0.0,0.0,0.0,0.0,0.0,0.0,0.0,-1597,0,1.4801,0.0,nan,nan,nan,UNKNOWN,0.0,0.0,False,False,True,True,False
23.206,0.0,0.0,0.0,0.0,0.0,0.0,0.0,0.0,-1597,0,1.4801,0.0,nan,nan,nan,UNKNOWN,0.0,0.0,False,False,True,True,False
23.256,0.0,0.0,0.0,0.0,0.0,0.0,0.0,0.0,-1597,0,1.4801,0.0,nan,nan,nan,UNKNOWN,0.0,0.0,False,False,True,True,False
23.306,0.0,0.0,0.0,0.0,0.0,0.0,0.0,0.0,-1597,0,1.4801,0.0,nan,nan,nan,UNKNOWN,0.0,0.0,False,False,True,True,False
23.356,0.0,0.0,0.0,0.0,0.0,0.0,0.0,0.0,-1597,0,1.4801,0.0,nan,nan,nan,UNKNOWN,0.0,0.0,False,False,True,True,False
23.406,0.0,0.0,0.0,0.0,0.0,0.0,0.0,0.0,-1597,0,1.4801,0.0,nan,nan,nan,UNKNOWN,0.0,0.0,False,False,True,True,False
23.456,0.0,0.0,0.0,0.0,0.0,0.0,0.0,0.0,-1594,0,1.4773,0.0,nan,nan,nan,UNKNOWN,0.0,0.0,False,False,True,True,False
23.506,0.0,0.0,0.0,0.0,0.0,0.0,0.0,0.0,-1594,0,1.4773,0.0,nan,nan,nan,UNKNOWN,0.0,0.0,False,False,True,True,False
23.556,0.0,0.0,0.0,0.0,0.0173,0.0,-0.0173,0.0,-1590,0,1.4736,0.0,nan,nan,nan,UNKNOWN,0.0,0.0,False,False,True,True,False
23.606,0.0,0.0,0.0,0.0,0.0173,0.0,-0.0173,0.0,-1590,0,1.4736,0.0,nan,nan,nan,UNKNOWN,0.0,0.0,False,False,True,True,False
23.656,0.0,0.0,0.0,0.0,0.003,0.0,-0.003,0.0,-1592,0,1.4754,0.0,nan,nan,nan,UNKNOWN,0.0,0.0,False,False,True,True,False
23.706,0.0,0.0,0.0,0.0,0.003,0.0,-0.003,0.0,-1592,0,1.4754,0.0,nan,nan,nan,UNKNOWN,0.0,0.0,False,False,True,True,False
23.756,0.0,0.0,0.0,0.0,0.003,0.0,-0.003,0.0,-1593,0,1.4763,0.0,nan,nan,nan,UNKNOWN,0.0,0.0,False,False,True,True,False
23.806,0.0,0.0,0.0,0.0,-0.0007,0.0,0.0007,0.0,-1593,0,1.4763,0.0,nan,nan,nan,UNKNOWN,0.0,0.0,False,False,True,True,False
23.856,0.0,0.0,0.0,0.0,-0.0007,0.0,0.0007,0.0,-1584,0,1.468,0.0,nan,nan,nan,UNKNOWN,0.0,0.0,False,False,True,True,False
23.906,0.0,0.0,0.0,0.0,-0.0007,0.0,0.0007,0.0,-1584,0,1.468,0.0,nan,nan,nan,UNKNOWN,0.0,0.0,False,False,True,True,False
23.956,0.0,0.0,0.0,0.0,-0.0844,0.0,0.0844,0.0,-1627,0,1.5079,0.0,nan,nan,nan,UNKNOWN,0.0,0.0,False,False,True,True,False
24.006,0.0,0.0,0.0,0.0,-0.0844,0.0,0.0844,0.0,-1627,0,1.5079,0.0,nan,nan,nan,UNKNOWN,0.0,0.0,False,False,True,True,False
24.058,0.0,0.0,0.0,0.0,-0.0676,0.0,0.0676,0.0,-1696,0,1.5718,0.0,nan,nan,nan,UNKNOWN,0.0,0.0,False,False,True,True,False
24.106,0.0,0.0,0.0,0.0,-0.0676,0.0,0.0676,0.0,-1696,0,1.5718,0.0,nan,nan,nan,UNKNOWN,0.0,0.0,False,False,True,True,False
24.156,0.0,0.0,0.0,0.0,-0.0676,0.0,0.0676,0.0,-1763,0,1.6339,0.0,nan,nan,nan,UNKNOWN,0.0,0.0,False,False,True,True,False
24.206,0.0,0.0,0.0,0.0,-0.2061,0.0,0.2061,0.0,-1763,0,1.6339,0.0,nan,nan,nan,UNKNOWN,0.0,0.0,False,False,True,True,False
24.256,0.0,0.0,0.0,0.0,-0.2061,0.0,0.2061,0.0,-1827,0,1.6932,0.0,nan,nan,nan,UNKNOWN,0.0,0.0,False,False,True,True,False
24.306,0.0,0.0,0.0,0.0,-0.1649,0.0,0.1649,0.0,-1827,0,1.6932,0.0,nan,nan,nan,UNKNOWN,0.0,0.0,False,False,True,True,False
24.356,0.0,0.0,0.0,0.0,-0.1649,0.0,0.1649,0.0,-1890,0,1.7516,0.0,nan,nan,nan,UNKNOWN,0.0,0.0,False,False,True,True,False
24.406,0.0,0.0,0.0,0.0,-0.1649,0.0,0.1649,0.0,-1890,0,1.7516,0.0,nan,nan,nan,UNKNOWN,0.0,0.0,False,False,True,True,False
24.456,0.0,0.0,0.0,0.0,-0.1319,0.0,0.1319,0.0,-1940,0,1.7979,0.0,nan,nan,nan,UNKNOWN,0.0,0.0,False,False,True,True,False
24.506,0.0,0.0,0.0,0.0,-0.1319,0.0,0.1319,0.0,-1940,0,1.7979,0.0,nan,nan,nan,UNKNOWN,0.0,0.0,False,False,True,True,False
24.556,0.0,0.0,0.0,0.0,-0.1055,0.0,0.1055,0.0,-2036,0,1.8869,0.0,nan,nan,nan,UNKNOWN,0.0,0.0,False,False,True,True,False
24.606,0.0,0.0,0.0,0.0,-0.1055,0.0,0.1055,0.0,-2036,0,1.8869,0.0,nan,nan,nan,UNKNOWN,0.0,0.0,False,False,True,True,False
24.656,0.0,0.0,0.0,0.0,-0.1055,0.0,0.1055,0.0,-2131,0,1.9749,0.0,nan,nan,nan,UNKNOWN,0.0,0.0,False,False,True,True,False
24.706,0.0,0.0,0.0,0.0,-0.0844,0.0,0.0844,0.0,-2131,0,1.9749,0.0,nan,nan,nan,UNKNOWN,0.0,0.0,False,False,True,True,False
24.756,0.0,0.0,0.0,0.0,-0.0844,0.0,0.0844,0.0,-2222,0,2.0593,0.0,nan,nan,nan,UNKNOWN,0.0,0.0,False,False,True,True,False
24.806,0.0,0.0,0.0,0.0,-0.0844,0.0,0.0844,0.0,-2222,0,2.0593,0.0,nan,nan,nan,UNKNOWN,0.0,0.0,False,False,True,True,False
24.856,0.0,0.0,0.0,0.0,-0.0675,0.0,0.0675,0.0,-2312,0,2.1427,0.0,nan,nan,nan,UNKNOWN,0.0,0.0,False,False,True,True,False
24.906,0.0,0.0,0.0,0.0,-0.0675,0.0,0.0675,0.0,-2312,0,2.1427,0.0,nan,nan,nan,UNKNOWN,0.0,0.0,False,False,True,True,False
24.956,0.0,0.0,0.0,0.0,-0.0675,0.0,0.0675,0.0,-2399,0,2.2233,0.0,nan,nan,nan,UNKNOWN,0.0,0.0,False,False,True,True,False
25.006,0.0,0.0,0.0,0.0,-0.054,0.0,0.054,0.0,-2399,0,2.2233,0.0,nan,nan,nan,UNKNOWN,0.0,0.0,False,False,True,True,False
25.058,0.0,0.0,0.0,0.0,-0.054,0.0,0.054,0.0,-2428,0,2.2502,0.0,nan,nan,nan,UNKNOWN,0.0,0.0,False,False,True,True,False
25.106,0.0,0.0,0.0,0.0,-0.1399,0.0,0.1399,0.0,-2428,0,2.2502,0.0,nan,nan,nan,UNKNOWN,0.0,0.0,False,False,True,True,False
25.156,0.0,0.0,0.0,0.0,-0.1399,0.0,0.1399,0.0,-2427,0,2.2493,0.0,nan,nan,nan,UNKNOWN,0.0,0.0,False,False,True,True,False
25.206,0.0,0.0,0.0,0.0,-0.0802,0.0,0.0802,0.0,-2427,0,2.2493,0.0,nan,nan,nan,UNKNOWN,0.0,0.0,False,False,True,True,False
25.256,0.0,0.0,0.0,0.0,-0.0802,0.0,0.0802,0.0,-2461,0,2.2808,0.0,nan,nan,nan,UNKNOWN,0.0,0.0,False,False,True,True,False
25.306,0.0,0.0,0.0,0.0,-0.0802,0.0,0.0802,0.0,-2461,0,2.2808,0.0,nan,nan,nan,UNKNOWN,0.0,0.0,False,False,True,True,False
25.356,0.0,0.0,0.0,0.0,-0.0642,0.0,0.0642,0.0,-2563,0,2.3753,0.0,nan,nan,nan,UNKNOWN,0.0,0.0,False,False,True,True,False
25.406,0.0,0.0,0.0,0.0,-0.0642,0.0,0.0642,0.0,-2563,0,2.3753,0.0,nan,nan,nan,UNKNOWN,0.0,0.0,False,False,True,True,False
25.456,0.0,0.0,0.0,0.0,-0.0514,0.0,0.0514,0.0,-2663,0,2.468,0.0,nan,nan,nan,UNKNOWN,0.0,0.0,False,False,True,True,False
25.506,0.0,0.0,0.0,0.0,-0.0514,0.0,0.0514,0.0,-2663,0,2.468,0.0,nan,nan,nan,UNKNOWN,0.0,0.0,False,False,True,True,False
25.556,0.0,0.0,0.0,0.0,-0.0514,0.0,0.0514,0.0,-2760,0,2.5579,0.0,nan,nan,nan,UNKNOWN,0.0,0.0,False,False,True,True,False
25.606,0.0,0.0,0.0,0.0,-0.0411,0.0,0.0411,0.0,-2760,0,2.5579,0.0,nan,nan,nan,UNKNOWN,0.0,0.0,False,False,True,True,False
25.656,0.0,0.0,0.0,0.0,-0.0411,0.0,0.0411,0.0,-2853,0,2.6441,0.0,nan,nan,nan,UNKNOWN,0.0,0.0,False,False,True,True,False
25.706,0.0,0.0,0.0,0.0,-0.0329,0.0,0.0329,0.0,-2853,0,2.6441,0.0,nan,nan,nan,UNKNOWN,0.0,0.0,False,False,True,True,False
25.756,0.0,0.0,0.0,0.0,-0.0329,0.0,0.0329,0.0,-2875,0,2.6645,0.0,nan,nan,nan,UNKNOWN,0.0,0.0,False,False,True,True,False
25.806,0.0,0.0,0.0,0.0,-0.0329,0.0,0.0329,0.0,-2875,0,2.6645,0.0,nan,nan,nan,UNKNOWN,0.0,0.0,False,False,True,True,False
25.856,0.0,0.0,0.0,0.0,0.0816,0.0,-0.0816,0.0,-2812,0,2.6061,0.0,nan,nan,nan,UNKNOWN,0.0,0.0,False,False,True,True,False
25.906,0.0,0.0,0.0,0.0,0.0816,0.0,-0.0816,0.0,-2812,0,2.6061,0.0,nan,nan,nan,UNKNOWN,0.0,0.0,False,False,True,True,False
25.956,0.0,0.0,0.0,0.0,0.0816,0.0,-0.0816,0.0,-2741,0,2.5403,0.0,nan,nan,nan,UNKNOWN,0.0,0.0,False,False,True,True,False
26.006,0.0,0.0,0.0,0.0,0.2244,0.0,-0.2244,0.0,-2741,0,2.5403,0.0,nan,nan,nan,UNKNOWN,0.0,0.0,False,False,True,True,False
26.058,0.0,0.0,0.0,0.0,0.2244,0.0,-0.2244,0.0,-2672,0,2.4763,0.0,nan,nan,nan,UNKNOWN,0.0,0.0,False,False,True,True,False
26.106,0.0,0.0,0.0,0.0,0.1796,0.0,-0.1796,0.0,-2672,0,2.4763,0.0,nan,nan,nan,UNKNOWN,0.0,0.0,False,False,True,True,False
26.156,0.0,0.0,0.0,0.0,0.1796,0.0,-0.1796,0.0,-2604,0,2.4133,0.0,nan,nan,nan,UNKNOWN,0.0,0.0,False,False,True,True,False
26.206,0.0,0.0,0.0,0.0,0.1796,0.0,-0.1796,0.0,-2604,0,2.4133,0.0,nan,nan,nan,UNKNOWN,0.0,0.0,False,False,True,True,False
26.256,0.0,0.0,0.0,0.0,0.1436,0.0,-0.1436,0.0,-2548,0,2.3614,0.0,nan,nan,nan,UNKNOWN,0.0,0.0,False,False,True,True,False
26.306,0.0,0.0,0.0,0.0,0.1436,0.0,-0.1436,0.0,-2548,0,2.3614,0.0,nan,nan,nan,UNKNOWN,0.0,0.0,False,False,True,True,False
26.356,0.0,0.0,0.0,0.0,0.164,0.0,-0.164,0.0,-2527,0,2.3419,0.0,nan,nan,nan,UNKNOWN,0.0,0.0,False,False,True,True,False
26.406,0.0,0.0,0.0,0.0,0.164,0.0,-0.164,0.0,-2527,0,2.3419,0.0,nan,nan,nan,UNKNOWN,0.0,0.0,False,False,True,True,False
26.456,0.0,0.0,0.0,0.0,0.164,0.0,-0.164,0.0,-2506,0,2.3225,0.0,nan,nan,nan,UNKNOWN,0.0,0.0,False,False,True,True,False
26.506,0.0,0.0,0.0,0.0,0.1503,0.0,-0.1503,0.0,-2506,0,2.3225,0.0,nan,nan,nan,UNKNOWN,0.0,0.0,False,False,True,True,False
26.556,0.0,0.0,0.0,0.0,0.1503,0.0,-0.1503,0.0,-2485,0,2.303,0.0,nan,nan,nan,UNKNOWN,0.0,0.0,False,False,True,True,False
26.606,0.0,0.0,0.0,0.0,0.168,0.0,-0.168,0.0,-2485,0,2.303,0.0,nan,nan,nan,UNKNOWN,0.0,0.0,False,False,True,True,False
26.656,0.0,0.0,0.0,0.0,0.168,0.0,-0.168,0.0,-2465,0,2.2845,0.0,nan,nan,nan,UNKNOWN,0.0,0.0,False,False,True,True,False
26.706,0.0,0.0,0.0,0.0,0.175,0.0,-0.175,0.0,-2465,0,2.2845,0.0,nan,nan,nan,UNKNOWN,0.0,0.0,False,False,True,True,False
26.756,0.0,0.0,0.0,0.0,0.175,0.0,-0.175,0.0,-2454,0,2.2743,0.0,nan,nan,nan,UNKNOWN,0.0,0.0,False,False,True,True,False
26.806,0.0,0.0,0.0,0.0,0.175,0.0,-0.175,0.0,-2454,0,2.2743,0.0,nan,nan,nan,UNKNOWN,0.0,0.0,False,False,True,True,False
26.856,0.0,0.0,0.0,0.0,0.1371,0.0,-0.1371,0.0,-2452,0,2.2724,0.0,nan,nan,nan,UNKNOWN,0.0,0.0,False,False,True,True,False
26.906,0.0,0.0,0.0,0.0,0.1371,0.0,-0.1371,0.0,-2452,0,2.2724,0.0,nan,nan,nan,UNKNOWN,0.0,0.0,False,False,True,True,False
26.956,0.0,0.0,0.0,0.0,0.1097,0.0,-0.1097,0.0,-2452,0,2.2724,0.0,nan,nan,nan,UNKNOWN,0.0,0.0,False,False,True,True,False
27.006,0.0,0.0,0.0,0.0,0.1097,0.0,-0.1097,0.0,-2452,0,2.2724,0.0,nan,nan,nan,UNKNOWN,0.0,0.0,False,False,True,True,False
27.058,0.0,0.0,0.0,0.0,0.1325,0.0,-0.1325,0.0,-2434,0,2.2558,0.0,nan,nan,nan,UNKNOWN,0.0,0.0,False,False,True,True,False
27.106,0.0,0.0,0.0,0.0,0.1325,0.0,-0.1325,0.0,-2434,0,2.2558,0.0,nan,nan,nan,UNKNOWN,0.0,0.0,False,False,True,True,False
27.156,0.0,0.0,0.0,0.0,0.1325,0.0,-0.1325,0.0,-2415,0,2.2381,0.0,nan,nan,nan,UNKNOWN,0.0,0.0,False,False,True,True,False
27.206,0.0,0.0,0.0,0.0,0.1265,0.0,-0.1265,0.0,-2415,0,2.2381,0.0,nan,nan,nan,UNKNOWN,0.0,0.0,False,False,True,True,False
27.256,0.0,0.0,0.0,0.0,0.1265,0.0,-0.1265,0.0,-2399,0,2.2233,0.0,nan,nan,nan,UNKNOWN,0.0,0.0,False,False,True,True,False
27.306,0.0,0.0,0.0,0.0,0.1352,0.0,-0.1352,0.0,-2399,0,2.2233,0.0,nan,nan,nan,UNKNOWN,0.0,0.0,False,False,True,True,False
27.356,0.0,0.0,0.0,0.0,0.1352,0.0,-0.1352,0.0,-2386,0,2.2113,0.0,nan,nan,nan,UNKNOWN,0.0,0.0,False,False,True,True,False
27.406,0.0,0.0,0.0,0.0,0.1352,0.0,-0.1352,0.0,-2386,0,2.2113,0.0,nan,nan,nan,UNKNOWN,0.0,0.0,False,False,True,True,False
27.456,0.0,0.0,0.0,0.0,0.1404,0.0,-0.1404,0.0,-2375,0,2.2011,0.0,nan,nan,nan,UNKNOWN,0.0,0.0,False,False,True,True,False
27.506,0.0,0.0,0.0,0.0,0.1404,0.0,-0.1404,0.0,-2375,0,2.2011,0.0,nan,nan,nan,UNKNOWN,0.0,0.0,False,False,True,True,False
27.556,0.0,0.0,0.0,0.0,0.1404,0.0,-0.1404,0.0,-2370,0,2.1964,0.0,nan,nan,nan,UNKNOWN,0.0,0.0,False,False,True,True,False
27.606,0.0,0.0,0.0,0.0,0.0966,0.0,-0.0966,0.0,-2370,0,2.1964,0.0,nan,nan,nan,UNKNOWN,0.0,0.0,False,False,True,True,False
27.656,0.0,0.0,0.0,0.0,0.0966,0.0,-0.0966,0.0,-2366,0,2.1927,0.0,nan,nan,nan,UNKNOWN,0.0,0.0,False,False,True,True,False
27.706,0.0,0.0,0.0,0.0,0.0728,0.0,-0.0728,0.0,-2366,0,2.1927,0.0,nan,nan,nan,UNKNOWN,0.0,0.0,False,False,True,True,False
27.756,0.0,0.0,0.0,0.0,0.0728,0.0,-0.0728,0.0,-2366,0,2.1927,0.0,nan,nan,nan,UNKNOWN,0.0,0.0,False,False,True,True,False
27.806,0.0,0.0,0.0,0.0,0.0728,0.0,-0.0728,0.0,-2366,0,2.1927,0.0,nan,nan,nan,UNKNOWN,0.0,0.0,False,False,True,True,False
27.856,0.0,0.0,0.0,0.0,0.0582,0.0,-0.0582,0.0,-2366,0,2.1927,0.0,nan,nan,nan,UNKNOWN,0.0,0.0,False,False,True,True,False
27.906,0.0,0.0,0.0,0.0,0.0582,0.0,-0.0582,0.0,-2366,0,2.1927,0.0,nan,nan,nan,UNKNOWN,0.0,0.0,False,False,True,True,False
27.956,0.0,0.0,0.0,0.0,0.0466,0.0,-0.0466,0.0,-2366,0,2.1927,0.0,nan,nan,nan,UNKNOWN,0.0,0.0,False,False,True,True,False
28.006,0.0,0.0,0.0,0.0,0.0466,0.0,-0.0466,0.0,-2366,0,2.1927,0.0,nan,nan,nan,UNKNOWN,0.0,0.0,False,False,True,True,False
28.058,0.0,0.0,0.0,0.0,0.0317,0.0,-0.0317,0.0,-2365,0,2.1918,0.0,nan,nan,nan,UNKNOWN,0.0,0.0,False,False,True,True,False
28.106,0.0,0.0,0.0,0.0,0.0317,0.0,-0.0317,0.0,-2365,0,2.1918,0.0,nan,nan,nan,UNKNOWN,0.0,0.0,False,False,True,True,False
28.156,0.0,0.0,0.0,0.0,0.0301,0.0,-0.0301,0.0,-2362,0,2.189,0.0,nan,nan,nan,UNKNOWN,0.0,0.0,False,False,True,True,False
28.206,0.0,0.0,0.0,0.0,0.0301,0.0,-0.0301,0.0,-2362,0,2.189,0.0,nan,nan,nan,UNKNOWN,0.0,0.0,False,False,True,True,False
28.256,0.0,0.0,0.0,0.0,0.0301,0.0,-0.0301,0.0,-2358,0,2.1853,0.0,nan,nan,nan,UNKNOWN,0.0,0.0,False,False,True,True,False
28.306,0.0,0.0,0.0,0.0,0.028,0.0,-0.028,0.0,-2358,0,2.1853,0.0,nan,nan,nan,UNKNOWN,0.0,0.0,False,False,True,True,False
28.356,0.0,0.0,0.0,0.0,0.028,0.0,-0.028,0.0,-2355,0,2.1825,0.0,nan,nan,nan,UNKNOWN,0.0,0.0,False,False,True,True,False
28.406,0.0,0.0,0.0,0.0,0.0279,0.0,-0.0279,0.0,-2355,0,2.1825,0.0,nan,nan,nan,UNKNOWN,0.0,0.0,False,False,True,True,False
28.456,0.0,0.0,0.0,0.0,0.0279,0.0,-0.0279,0.0,-2353,0,2.1807,0.0,nan,nan,nan,UNKNOWN,0.0,0.0,False,False,True,True,False
28.506,0.0,0.0,0.0,0.0,0.0242,0.0,-0.0242,0.0,-2353,0,2.1807,0.0,nan,nan,nan,UNKNOWN,0.0,0.0,False,False,True,True,False
28.556,0.0,0.0,0.0,0.0,0.0242,0.0,-0.0242,0.0,-2364,0,2.1909,0.0,nan,nan,nan,UNKNOWN,0.0,0.0,False,False,True,True,False
28.606,0.0,0.0,0.0,0.0,0.0242,0.0,-0.0242,0.0,-2364,0,2.1909,0.0,nan,nan,nan,UNKNOWN,0.0,0.0,False,False,True,True,False
28.656,0.0,0.0,0.0,0.0,0.0193,0.0,-0.0193,0.0,-2451,0,2.2715,0.0,nan,nan,nan,UNKNOWN,0.0,0.0,False,False,True,True,False
28.706,0.0,0.0,0.0,0.0,0.0193,0.0,-0.0193,0.0,-2451,0,2.2715,0.0,nan,nan,nan,UNKNOWN,0.0,0.0,False,False,True,True,False
28.756,0.0,0.0,0.0,0.0,0.0155,0.0,-0.0155,0.0,-2541,0,2.3549,0.0,nan,nan,nan,UNKNOWN,0.0,0.0,False,False,True,True,False
28.806,0.0,0.0,0.0,0.0,0.0155,0.0,-0.0155,0.0,-2541,0,2.3549,0.0,nan,nan,nan,UNKNOWN,0.0,0.0,False,False,True,True,False
28.856,0.0,0.0,0.0,0.0,0.0124,0.0,-0.0124,0.0,-2629,0,2.4365,0.0,nan,nan,nan,UNKNOWN,0.0,0.0,False,False,True,True,False
28.906,0.0,0.0,0.0,0.0,0.0124,0.0,-0.0124,0.0,-2629,0,2.4365,0.0,nan,nan,nan,UNKNOWN,0.0,0.0,False,False,True,True,False
28.956,0.0,0.0,0.0,0.0,0.0124,0.0,-0.0124,0.0,-2714,0,2.5153,0.0,nan,nan,nan,UNKNOWN,0.0,0.0,False,False,True,True,False
29.006,0.0,0.0,0.0,0.0,0.0099,0.0,-0.0099,0.0,-2714,0,2.5153,0.0,nan,nan,nan,UNKNOWN,0.0,0.0,False,False,True,True,False
29.058,0.0,0.0,0.0,0.0,0.0099,0.0,-0.0099,0.0,-2796,0,2.5912,0.0,nan,nan,nan,UNKNOWN,0.0,0.0,False,False,True,True,False
29.106,0.0,0.0,0.0,0.0,0.0079,0.0,-0.0079,0.0,-2796,0,2.5912,0.0,nan,nan,nan,UNKNOWN,0.0,0.0,False,False,True,True,False
29.156,0.0,0.0,0.0,0.0,0.0079,0.0,-0.0079,0.0,-2877,0,2.6663,0.0,nan,nan,nan,UNKNOWN,0.0,0.0,False,False,True,True,False
29.206,0.0,0.0,0.0,0.0,0.0079,0.0,-0.0079,0.0,-2877,0,2.6663,0.0,nan,nan,nan,UNKNOWN,0.0,0.0,False,False,True,True,False
29.256,0.0,0.0,0.0,0.0,0.0063,0.0,-0.0063,0.0,-2955,0,2.7386,0.0,nan,nan,nan,UNKNOWN,0.0,0.0,False,False,True,True,False
29.306,0.0,0.0,0.0,0.0,0.0063,0.0,-0.0063,0.0,-2955,0,2.7386,0.0,nan,nan,nan,UNKNOWN,0.0,0.0,False,False,True,True,False
29.356,0.0,0.0,0.0,0.0,0.0063,0.0,-0.0063,0.0,-3030,0,2.8081,0.0,nan,nan,nan,UNKNOWN,0.0,0.0,False,False,True,True,False
29.406,0.0,0.0,0.0,0.0,0.0051,0.0,-0.0051,0.0,-3030,0,2.8081,0.0,nan,nan,nan,UNKNOWN,0.0,0.0,False,False,True,True,False
29.456,0.0,0.0,0.0,0.0,0.0051,0.0,-0.0051,0.0,-3104,0,2.8767,0.0,nan,nan,nan,UNKNOWN,0.0,0.0,False,False,True,True,False
29.506,0.0,0.0,0.0,0.0,0.0051,0.0,-0.0051,0.0,-3104,0,2.8767,0.0,nan,nan,nan,UNKNOWN,0.0,0.0,False,False,True,True,False
29.556,0.0,0.0,0.0,0.0,0.0041,0.0,-0.0041,0.0,-3172,0,2.9397,0.0,nan,nan,nan,UNKNOWN,0.0,0.0,False,False,True,True,False
29.606,0.0,0.0,0.0,0.0,0.0041,0.0,-0.0041,0.0,-3172,0,2.9397,0.0,nan,nan,nan,UNKNOWN,0.0,0.0,False,False,True,True,False
29.656,0.0,0.0,0.0,0.0,0.0041,0.0,-0.0041,0.0,-3196,0,2.962,0.0,nan,nan,nan,UNKNOWN,0.0,0.0,False,False,True,True,False
29.706,0.0,0.0,0.0,0.0,-0.057,0.0,0.057,0.0,-3196,0,2.962,0.0,nan,nan,nan,UNKNOWN,0.0,0.0,False,False,True,True,False
29.756,0.0,0.0,0.0,0.0,-0.057,0.0,0.057,0.0,-3194,0,2.9601,0.0,nan,nan,nan,UNKNOWN,0.0,0.0,False,False,True,True,False
29.806,0.0,0.0,0.0,0.0,-0.0268,0.0,0.0268,0.0,-3194,0,2.9601,0.0,nan,nan,nan,UNKNOWN,0.0,0.0,False,False,True,True,False
29.856,0.0,0.0,0.0,0.0,-0.0268,0.0,0.0268,0.0,-3196,0,2.962,0.0,nan,nan,nan,UNKNOWN,0.0,0.0,False,False,True,True,False
29.906,0.0,0.0,0.0,0.0,-0.0235,0.0,0.0235,0.0,-3196,0,2.962,0.0,nan,nan,nan,UNKNOWN,0.0,0.0,False,False,True,True,False
29.956,0.0,0.0,0.0,0.0,-0.0235,0.0,0.0235,0.0,-3294,0,3.0528,0.0,nan,nan,nan,UNKNOWN,0.0,0.0,False,False,True,True,False
30.006,0.0,0.0,0.0,0.0,-0.0235,0.0,0.0235,0.0,-3294,0,3.0528,0.0,nan,nan,nan,UNKNOWN,0.0,0.0,False,False,True,True,False
30.058,0.0,0.0,0.0,0.0,-0.0188,0.0,0.0188,0.0,-3404,0,3.1547,0.0,nan,nan,nan,UNKNOWN,0.0,0.0,False,False,True,True,False
30.106,0.0,0.0,0.0,0.0,-0.0188,0.0,0.0188,0.0,-3404,0,3.1547,0.0,nan,nan,nan,UNKNOWN,0.0,0.0,False,False,True,True,False
30.156,0.0,0.0,0.0,0.0,-0.0188,0.0,0.0188,0.0,-3511,0,3.2539,0.0,nan,nan,nan,UNKNOWN,0.0,0.0,False,False,True,True,False
30.206,0.0,0.0,0.0,0.0,-0.015,0.0,0.015,0.0,-3511,0,3.2539,0.0,nan,nan,nan,UNKNOWN,0.0,0.0,False,False,True,True,False
30.256,0.0,0.0,0.0,0.0,-0.015,0.0,0.015,0.0,-3615,0,3.3503,0.0,nan,nan,nan,UNKNOWN,0.0,0.0,False,False,True,True,False
30.306,0.0,0.0,0.0,0.0,-0.015,0.0,0.015,0.0,-3615,0,3.3503,0.0,nan,nan,nan,UNKNOWN,0.0,0.0,False,False,True,True,False
30.356,0.0,0.0,0.0,0.0,-0.012,0.0,0.012,0.0,-3688,0,3.4179,0.0,nan,nan,nan,UNKNOWN,0.0,0.0,False,False,True,True,False
30.406,0.0,0.0,0.0,0.0,-0.012,0.0,0.012,0.0,-3688,0,3.4179,0.0,nan,nan,nan,UNKNOWN,0.0,0.0,False,False,True,True,False
30.456,0.0,0.0,0.0,0.0,-0.0295,0.0,0.0295,0.0,-3694,0,3.4235,0.0,nan,nan,nan,UNKNOWN,0.0,0.0,False,False,True,True,False
30.506,0.0,0.0,0.0,0.0,-0.0295,0.0,0.0295,0.0,-3694,0,3.4235,0.0,nan,nan,nan,UNKNOWN,0.0,0.0,False,False,True,True,False
30.556,0.0,0.0,0.0,0.0,-0.0295,0.0,0.0295,0.0,-3694,0,3.4235,0.0,nan,nan,nan,UNKNOWN,0.0,0.0,False,False,True,True,False
30.606,0.0,0.0,0.0,0.0,-0.0236,0.0,0.0236,0.0,-3694,0,3.4235,0.0,nan,nan,nan,UNKNOWN,0.0,0.0,False,False,True,True,False
30.656,0.0,0.0,0.0,0.0,-0.0236,0.0,0.0236,0.0,-3693,0,3.4226,0.0,nan,nan,nan,UNKNOWN,0.0,0.0,False,False,True,True,False
30.706,0.0,0.0,0.0,0.0,-0.0236,0.0,0.0236,0.0,-3693,0,3.4226,0.0,nan,nan,nan,UNKNOWN,0.0,0.0,False,False,True,True,False
30.756,0.0,0.0,0.0,0.0,-0.0117,0.0,0.0117,0.0,-3693,0,3.4226,0.0,nan,nan,nan,UNKNOWN,0.0,0.0,False,False,True,True,False
30.806,0.0,0.0,0.0,0.0,-0.0117,0.0,0.0117,0.0,-3693,0,3.4226,0.0,nan,nan,nan,UNKNOWN,0.0,0.0,False,False,True,True,False
30.856,0.0,0.0,0.0,0.0,-0.0093,0.0,0.0093,0.0,-3693,0,3.4226,0.0,nan,nan,nan,UNKNOWN,0.0,0.0,False,False,True,True,False
30.906,0.0,0.0,0.0,0.0,-0.0093,0.0,0.0093,0.0,-3693,0,3.4226,0.0,nan,nan,nan,UNKNOWN,0.0,0.0,False,False,True,True,False
30.956,0.0,0.0,0.0,0.0,-0.0093,0.0,0.0093,0.0,-3704,0,3.4328,0.0,nan,nan,nan,UNKNOWN,0.0,0.0,False,False,True,True,False
31.006,0.0,0.0,0.0,0.0,-0.0328,0.0,0.0328,0.0,-3704,0,3.4328,0.0,nan,nan,nan,UNKNOWN,0.0,0.0,False,False,True,True,False
31.058,0.0,0.0,0.0,0.0,-0.0328,0.0,0.0328,0.0,-3707,0,3.4355,0.0,nan,nan,nan,UNKNOWN,0.0,0.0,False,False,True,True,False
31.106,0.0,0.0,0.0,0.0,-0.0308,0.0,0.0308,0.0,-3707,0,3.4355,0.0,nan,nan,nan,UNKNOWN,0.0,0.0,False,False,True,True,False
31.156,0.0,0.0,0.0,0.0,-0.0308,0.0,0.0308,0.0,-3707,0,3.4355,0.0,nan,nan,nan,UNKNOWN,0.0,0.0,False,False,True,True,False
31.206,0.0,0.0,0.0,0.0,-0.0308,0.0,0.0308,0.0,-3707,0,3.4355,0.0,nan,nan,nan,UNKNOWN,0.0,0.0,False,False,True,True,False
31.256,0.0,0.0,0.0,0.0,-0.0247,0.0,0.0247,0.0,-3707,0,3.4355,0.0,nan,nan,nan,UNKNOWN,0.0,0.0,False,False,True,True,False
31.306,0.0,0.0,0.0,0.0,-0.0247,0.0,0.0247,0.0,-3707,0,3.4355,0.0,nan,nan,nan,UNKNOWN,0.0,0.0,False,False,True,True,False
31.356,0.0,0.0,0.0,0.0,-0.0247,0.0,0.0247,0.0,-3707,0,3.4355,0.0,nan,nan,nan,UNKNOWN,0.0,0.0,False,False,True,True,False
31.406,0.0,0.0,0.0,0.0,-0.0197,0.0,0.0197,0.0,-3707,0,3.4355,0.0,nan,nan,nan,UNKNOWN,0.0,0.0,False,False,True,True,False
31.456,0.0,0.0,0.0,0.0,-0.0197,0.0,0.0197,0.0,-3707,0,3.4355,0.0,nan,nan,nan,UNKNOWN,0.0,0.0,False,False,True,True,False
31.506,0.0,0.0,0.0,0.0,-0.0158,0.0,0.0158,0.0,-3707,0,3.4355,0.0,nan,nan,nan,UNKNOWN,0.0,0.0,False,False,True,True,False
31.556,0.0,0.0,0.0,0.0,-0.0158,0.0,0.0158,0.0,-3707,0,3.4355,0.0,nan,nan,nan,UNKNOWN,0.0,0.0,False,False,True,True,False
31.606,0.0,0.0,0.0,0.0,-0.0158,0.0,0.0158,0.0,-3707,0,3.4355,0.0,nan,nan,nan,UNKNOWN,0.0,0.0,False,False,True,True,False
31.656,0.0,0.0,0.0,0.0,-0.0126,0.0,0.0126,0.0,-3707,0,3.4355,0.0,nan,nan,nan,UNKNOWN,0.0,0.0,False,False,True,True,False
31.706,0.0,0.0,0.0,0.0,-0.0126,0.0,0.0126,0.0,-3707,0,3.4355,0.0,nan,nan,nan,UNKNOWN,0.0,0.0,False,False,True,True,False
31.756,0.0,0.0,0.0,0.0,-0.0101,0.0,0.0101,0.0,-3707,0,3.4355,0.0,nan,nan,nan,UNKNOWN,0.0,0.0,False,False,True,True,False
31.806,0.0,0.0,0.0,0.0,-0.0101,0.0,0.0101,0.0,-3707,0,3.4355,0.0,nan,nan,nan,UNKNOWN,0.0,0.0,False,False,True,True,False
31.856,0.0,0.0,0.0,0.0,-0.0101,0.0,0.0101,0.0,-3707,0,3.4355,0.0,nan,nan,nan,UNKNOWN,0.0,0.0,False,False,True,True,False
31.906,0.0,0.0,0.0,0.0,-0.0081,0.0,0.0081,0.0,-3707,0,3.4355,0.0,nan,nan,nan,UNKNOWN,0.0,0.0,False,False,True,True,False
31.956,0.0,0.0,0.0,0.0,-0.0081,0.0,0.0081,0.0,-3707,0,3.4355,0.0,nan,nan,nan,UNKNOWN,0.0,0.0,False,False,True,True,False
32.006,0.0,0.0,0.0,0.0,-0.0081,0.0,0.0081,0.0,-3707,0,3.4355,0.0,nan,nan,nan,UNKNOWN,0.0,0.0,False,False,True,True,False
32.058,0.0,0.0,0.0,0.0,-0.0065,0.0,0.0065,0.0,-3707,0,3.4355,0.0,nan,nan,nan,UNKNOWN,0.0,0.0,False,False,True,True,False
32.106,0.0,0.0,0.0,0.0,-0.0065,0.0,0.0065,0.0,-3707,0,3.4355,0.0,nan,nan,nan,UNKNOWN,0.0,0.0,False,False,True,True,False
32.156,0.0,0.0,0.0,0.0,-0.0052,0.0,0.0052,0.0,-3707,0,3.4355,0.0,nan,nan,nan,UNKNOWN,0.0,0.0,False,False,True,True,False
32.206,0.0,0.0,0.0,0.0,-0.0052,0.0,0.0052,0.0,-3707,0,3.4355,0.0,nan,nan,nan,UNKNOWN,0.0,0.0,False,False,True,True,False
32.256,0.0,0.0,0.0,0.0,-0.0052,0.0,0.0052,0.0,-3707,0,3.4355,0.0,nan,nan,nan,UNKNOWN,0.0,0.0,False,False,True,True,False
32.306,0.0,0.0,0.0,0.0,-0.0041,0.0,0.0041,0.0,-3707,0,3.4355,0.0,nan,nan,nan,UNKNOWN,0.0,0.0,False,False,True,True,False
32.356,0.0,0.0,0.0,0.0,-0.0041,0.0,0.0041,0.0,-3707,0,3.4355,0.0,nan,nan,nan,UNKNOWN,0.0,0.0,False,False,True,True,False
32.406,0.0,0.0,0.0,0.0,-0.0041,0.0,0.0041,0.0,-3707,0,3.4355,0.0,nan,nan,nan,UNKNOWN,0.0,0.0,False,False,True,True,False
32.456,0.0,0.0,0.0,0.0,-0.0033,0.0,0.0033,0.0,-3707,0,3.4355,0.0,nan,nan,nan,UNKNOWN,0.0,0.0,False,False,True,True,False
32.506,0.0,0.0,0.0,0.0,-0.0033,0.0,0.0033,0.0,-3707,0,3.4355,0.0,nan,nan,nan,UNKNOWN,0.0,0.0,False,False,True,True,False
32.556,0.0,0.0,0.0,0.0,-0.0026,0.0,0.0026,0.0,-3707,0,3.4355,0.0,nan,nan,nan,UNKNOWN,0.0,0.0,False,False,True,True,False
32.606,0.0,0.0,0.0,0.0,-0.0026,0.0,0.0026,0.0,-3707,0,3.4355,0.0,nan,nan,nan,UNKNOWN,0.0,0.0,False,False,True,True,False
32.656,0.0,0.0,0.0,0.0,-0.0026,0.0,0.0026,0.0,-3707,0,3.4355,0.0,nan,nan,nan,UNKNOWN,0.0,0.0,False,False,True,True,False
32.706,0.0,0.0,0.0,0.0,-0.0021,0.0,0.0021,0.0,-3707,0,3.4355,0.0,nan,nan,nan,UNKNOWN,0.0,0.0,False,False,True,True,False
32.756,0.0,0.0,0.0,0.0,-0.0021,0.0,0.0021,0.0,-3707,0,3.4355,0.0,nan,nan,nan,UNKNOWN,0.0,0.0,False,False,True,True,False
32.806,0.0,0.0,0.0,0.0,-0.0017,0.0,0.0017,0.0,-3707,0,3.4355,0.0,nan,nan,nan,UNKNOWN,0.0,0.0,False,False,True,True,False
32.856,0.0,0.0,0.0,0.0,-0.0017,0.0,0.0017,0.0,-3707,0,3.4355,0.0,nan,nan,nan,UNKNOWN,0.0,0.0,False,False,True,True,False
32.906,0.0,0.0,0.0,0.0,-0.0017,0.0,0.0017,0.0,-3707,0,3.4355,0.0,nan,nan,nan,UNKNOWN,0.0,0.0,False,False,True,True,False
32.956,0.0,0.0,0.0,0.0,-0.0014,0.0,0.0014,0.0,-3707,0,3.4355,0.0,nan,nan,nan,UNKNOWN,0.0,0.0,False,False,True,True,False
33.006,0.0,0.0,0.0,0.0,-0.0014,0.0,0.0014,0.0,-3707,0,3.4355,0.0,nan,nan,nan,UNKNOWN,0.0,0.0,False,False,True,True,False
33.058,0.0,0.0,0.0,0.0,-0.0014,0.0,0.0014,0.0,-3707,0,3.4355,0.0,nan,nan,nan,UNKNOWN,0.0,0.0,False,False,True,True,False
33.106,0.0,0.0,0.0,0.0,-0.0011,0.0,0.0011,0.0,-3707,0,3.4355,0.0,nan,nan,nan,UNKNOWN,0.0,0.0,False,False,True,True,False
33.156,0.0,0.0,0.0,0.0,-0.0011,0.0,0.0011,0.0,-3707,0,3.4355,0.0,nan,nan,nan,UNKNOWN,0.0,0.0,False,False,True,True,False
33.206,0.0,0.0,0.0,0.0,-0.0011,0.0,0.0011,0.0,-3707,0,3.4355,0.0,nan,nan,nan,UNKNOWN,0.0,0.0,False,False,True,True,False
33.256,0.0,0.0,0.0,0.0,0.0,0.0,0.0,0.0,-3707,0,3.4355,0.0,nan,nan,nan,UNKNOWN,0.0,0.0,False,False,True,True,False
33.306,0.0,0.0,0.0,0.0,0.0,0.0,0.0,0.0,-3707,1,3.4355,0.0009,nan,nan,nan,UNKNOWN,0.0,0.0,False,False,True,True,False
33.356,0.0,0.0,0.0,0.0,0.0,0.0,0.0,0.0,-3707,1,3.4355,0.0009,nan,nan,nan,UNKNOWN,0.0,0.0,False,False,True,True,False
33.406,0.0,0.0,0.0,0.0,0.0,0.0049,0.0,-0.0049,-3707,2,3.4355,0.0019,nan,nan,nan,UNKNOWN,0.0,0.0,False,False,True,True,False
33.456,0.0,0.0,0.0,0.0,0.0,0.0049,0.0,-0.0049,-3707,2,3.4355,0.0019,nan,nan,nan,UNKNOWN,0.0,0.0,False,False,True,True,False
33.506,0.0,0.0,0.0,0.0,0.0,0.0049,0.0,-0.0049,-3707,2,3.4355,0.0019,nan,nan,nan,UNKNOWN,0.0,0.0,False,False,True,True,False
33.556,0.0,0.0,0.0,0.0,0.0,0.004,0.0,-0.004,-3707,2,3.4355,0.0019,nan,nan,nan,UNKNOWN,0.0,0.0,False,False,True,True,False
33.606,0.0,0.0,0.0,0.0,0.0,0.004,0.0,-0.004,-3707,2,3.4355,0.0019,nan,nan,nan,UNKNOWN,0.0,0.0,False,False,True,True,False
33.656,0.0,0.0,0.0,0.0,0.0,0.0032,0.0,-0.0032,-3707,2,3.4355,0.0019,nan,nan,nan,UNKNOWN,0.0,0.0,False,False,True,True,False
33.706,0.0,0.0,0.0,0.0,0.0,0.0032,0.0,-0.0032,-3707,2,3.4355,0.0019,nan,nan,nan,UNKNOWN,0.0,0.0,False,False,True,True,False
33.756,0.0,0.0,0.0,0.0,0.0,0.0025,0.0,-0.0025,-3707,2,3.4355,0.0019,nan,nan,nan,UNKNOWN,0.0,0.0,False,False,True,True,False
33.806,0.0,0.0,0.0,0.0,0.0,0.0025,0.0,-0.0025,-3707,2,3.4355,0.0019,nan,nan,nan,UNKNOWN,0.0,0.0,False,False,True,True,False
33.856,0.0,0.0,0.0,0.0,0.0,0.002,0.0,-0.002,-3707,2,3.4355,0.0019,nan,nan,nan,UNKNOWN,0.0,0.0,False,False,True,True,False
33.906,0.0,0.0,0.0,0.0,0.0,0.002,0.0,-0.002,-3707,-3,3.4355,0.0028,nan,nan,nan,UNKNOWN,0.0,0.0,False,False,True,True,False
33.956,0.0,0.0,0.0,0.0,0.0,0.002,0.0,-0.002,-3707,-3,3.4355,0.0028,nan,nan,nan,UNKNOWN,0.0,0.0,False,False,True,True,False
34.006,0.0,0.0,0.0,0.0,0.0,-0.0186,0.0,0.0186,-3707,-6,3.4355,0.0056,nan,nan,nan,UNKNOWN,0.0,0.0,False,False,True,True,False
34.058,0.0,0.0,0.0,0.0,0.0,-0.0186,0.0,0.0186,-3707,-6,3.4355,0.0056,nan,nan,nan,UNKNOWN,0.0,0.0,False,False,True,True,False
34.106,0.0,0.0,0.0,0.0,0.0,-0.0148,0.0,0.0148,-3707,-7,3.4355,0.0065,nan,nan,nan,UNKNOWN,0.0,0.0,False,False,True,True,False
34.156,0.0,0.0,0.0,0.0,0.0,-0.0148,0.0,0.0148,-3707,-7,3.4355,0.0065,nan,nan,nan,UNKNOWN,0.0,0.0,False,False,True,True,False
34.206,0.0,0.0,0.0,0.0,0.0,-0.0148,0.0,0.0148,-3707,-8,3.4355,0.0074,nan,nan,nan,UNKNOWN,0.0,0.0,False,False,True,True,False
34.256,0.0,0.0,0.0,0.0,0.0,-0.0114,0.0,0.0114,-3707,-8,3.4355,0.0074,nan,nan,nan,UNKNOWN,0.0,0.0,False,False,True,True,False
34.306,0.0,0.0,0.0,0.0,0.0,-0.0114,0.0,0.0114,-3707,-10,3.4355,0.0093,nan,nan,nan,UNKNOWN,0.0,0.0,False,False,True,True,False
34.356,0.0,0.0,0.0,0.0,0.0,-0.0114,0.0,0.0114,-3707,-10,3.4355,0.0093,nan,nan,nan,UNKNOWN,0.0,0.0,False,False,True,True,False
34.406,0.0,0.0,0.0,0.0,0.0,-0.0118,0.0,0.0118,-3707,-10,3.4355,0.0093,nan,nan,nan,UNKNOWN,0.0,0.0,False,False,True,True,False
34.456,0.0,0.0,0.0,0.0,0.0,-0.0118,0.0,0.0118,-3707,-10,3.4355,0.0093,nan,nan,nan,UNKNOWN,0.0,0.0,False,False,True,True,False
34.506,0.0,0.0,0.0,0.0,0.0,-0.0256,0.0,0.0256,-3707,-15,3.4355,0.0139,nan,nan,nan,UNKNOWN,0.0,0.0,False,False,True,True,False
34.556,0.0,0.0,0.0,0.0,0.0,-0.0256,0.0,0.0256,-3707,-15,3.4355,0.0139,nan,nan,nan,UNKNOWN,0.0,0.0,False,False,True,True,False
34.606,0.0,0.0,0.0,0.0,0.0,-0.0256,0.0,0.0256,-3707,-64,3.4355,0.0593,nan,nan,nan,UNKNOWN,0.0,0.0,False,False,True,True,False
34.656,0.0,0.0,0.0,0.0,0.0,-0.1365,0.0,0.1365,-3707,-64,3.4355,0.0593,nan,nan,nan,UNKNOWN,0.0,0.0,False,False,True,True,False
34.706,0.0,0.0,0.0,0.0,0.0,-0.1365,0.0,0.1365,-3707,-110,3.4355,0.1019,nan,nan,nan,UNKNOWN,0.0,0.0,False,False,True,True,False
34.756,0.0,0.0,0.0,0.0,0.0,-0.2524,0.0,0.2524,-3707,-110,3.4355,0.1019,nan,nan,nan,UNKNOWN,0.0,0.0,False,False,True,True,False
34.806,0.0,0.0,0.0,0.0,0.0,-0.2524,0.0,0.2524,-3707,-153,3.4355,0.1418,nan,nan,nan,UNKNOWN,0.0,0.0,False,False,True,True,False
34.856,0.0,0.0,0.0,0.0,0.0,-0.2524,0.0,0.2524,-3707,-153,3.4355,0.1418,nan,nan,nan,UNKNOWN,0.0,0.0,False,False,True,True,False
34.906,0.0,0.0,0.0,0.0,0.0,-0.2019,0.0,0.2019,-3707,-194,3.4355,0.1798,nan,nan,nan,UNKNOWN,0.0,0.0,False,False,True,True,False
34.956,0.0,0.0,0.0,0.0,0.0,-0.2019,0.0,0.2019,-3707,-194,3.4355,0.1798,nan,nan,nan,UNKNOWN,0.0,0.0,False,False,True,True,False
35.006,0.0,0.0,0.0,0.0,0.0,-0.2019,0.0,0.2019,-3707,-232,3.4355,0.215,nan,nan,nan,UNKNOWN,0.0,0.0,False,False,True,True,False
35.058,0.0,0.0,0.0,0.0,0.0,-0.2151,0.0,0.2151,-3707,-232,3.4355,0.215,nan,nan,nan,UNKNOWN,0.0,0.0,False,False,True,True,False
35.106,0.0,0.0,0.0,0.0,0.0,-0.2151,0.0,0.2151,-3707,-258,3.4355,0.2391,nan,nan,nan,UNKNOWN,0.0,0.0,False,False,True,True,False
35.156,0.0,0.0,0.0,0.0,0.0,-0.2151,0.0,0.2151,-3707,-258,3.4355,0.2391,nan,nan,nan,UNKNOWN,0.0,0.0,False,False,True,True,False
35.206,0.0,0.0,0.0,0.0,0.0,-0.1721,0.0,0.1721,-3707,-305,3.4355,0.2827,nan,nan,nan,UNKNOWN,0.0,0.0,False,False,True,True,False
35.256,0.0,0.0,0.0,0.0,0.0,-0.1721,0.0,0.1721,-3707,-305,3.4355,0.2827,nan,nan,nan,UNKNOWN,0.0,0.0,False,False,True,True,False
35.306,0.0,0.0,0.0,0.0,0.0,-0.2663,0.0,0.2663,-3707,-349,3.4355,0.3234,nan,nan,nan,UNKNOWN,0.0,0.0,False,False,True,True,False
35.356,0.0,0.0,0.0,0.0,0.0,-0.2663,0.0,0.2663,-3707,-349,3.4355,0.3234,nan,nan,nan,UNKNOWN,0.0,0.0,False,False,True,True,False
35.406,0.0,0.0,0.0,0.0,0.0,-0.2663,0.0,0.2663,-3707,-382,3.4355,0.354,nan,nan,nan,UNKNOWN,0.0,0.0,False,False,True,True,False
35.456,0.0,0.0,0.0,0.0,0.0,-0.2414,0.0,0.2414,-3707,-382,3.4355,0.354,nan,nan,nan,UNKNOWN,0.0,0.0,False,False,True,True,False
35.506,0.0,0.0,0.0,0.0,0.0,-0.2414,0.0,0.2414,-3707,-376,3.4355,0.3485,nan,nan,nan,UNKNOWN,0.0,0.0,False,False,True,True,False
35.556,0.0,0.0,0.0,0.0,0.0,-0.2414,0.0,0.2414,-3707,-376,3.4355,0.3485,nan,nan,nan,UNKNOWN,0.0,0.0,False,False,True,True,False
35.606,0.0,0.0,0.0,0.0,0.0,-0.1498,0.0,0.1498,-3707,-384,3.4355,0.3559,nan,nan,nan,UNKNOWN,0.0,0.0,False,False,True,True,False
35.656,0.0,0.0,0.0,0.0,0.0,-0.1498,0.0,0.1498,-3707,-384,3.4355,0.3559,nan,nan,nan,UNKNOWN,0.0,0.0,False,False,True,True,False
35.706,0.0,0.0,0.0,0.0,0.0,-0.2455,0.0,0.2455,-3707,-426,3.4355,0.3948,nan,nan,nan,UNKNOWN,0.0,0.0,False,False,True,True,False
35.756,0.0,0.0,0.0,0.0,0.0,-0.2455,0.0,0.2455,-3707,-426,3.4355,0.3948,nan,nan,nan,UNKNOWN,0.0,0.0,False,False,True,True,False
35.806,0.0,0.0,0.0,0.0,0.0,-0.2455,0.0,0.2455,-3707,-455,3.4355,0.4217,nan,nan,nan,UNKNOWN,0.0,0.0,False,False,True,True,False
35.856,0.0,0.0,0.0,0.0,0.0,-0.219,0.0,0.219,-3707,-455,3.4355,0.4217,nan,nan,nan,UNKNOWN,0.0,0.0,False,False,True,True,False
35.906,0.0,0.0,0.0,0.0,0.0,-0.219,0.0,0.219,-3707,-477,3.4355,0.4421,nan,nan,nan,UNKNOWN,0.0,0.0,False,False,True,True,False
35.956,0.0,0.0,0.0,0.0,0.0,-0.2129,0.0,0.2129,-3707,-477,3.4355,0.4421,nan,nan,nan,UNKNOWN,0.0,0.0,False,False,True,True,False
36.006,0.0,0.0,0.0,0.0,0.0,-0.2129,0.0,0.2129,-3707,-496,3.4355,0.4597,nan,nan,nan,UNKNOWN,0.0,0.0,False,False,True,True,False
36.058,0.0,0.0,0.0,0.0,0.0,-0.2129,0.0,0.2129,-3707,-496,3.4355,0.4597,nan,nan,nan,UNKNOWN,0.0,0.0,False,False,True,True,False
36.106,0.0,0.0,0.0,0.0,0.0,-0.2884,0.0,0.2884,-3707,-542,3.4355,0.5023,nan,nan,nan,UNKNOWN,0.0,0.0,False,False,True,True,False
36.156,0.0,0.0,0.0,0.0,0.0,-0.2884,0.0,0.2884,-3707,-542,3.4355,0.5023,nan,nan,nan,UNKNOWN,0.0,0.0,False,False,True,True,False
36.206,0.0,0.0,0.0,0.0,0.0,-0.2884,0.0,0.2884,-3707,-597,3.4355,0.5533,nan,nan,nan,UNKNOWN,0.0,0.0,False,False,True,True,False
36.256,0.0,0.0,0.0,0.0,0.0,-0.309,0.0,0.309,-3707,-597,3.4355,0.5533,nan,nan,nan,UNKNOWN,0.0,0.0,False,False,True,True,False
36.306,0.0,0.0,0.0,0.0,0.0,-0.309,0.0,0.309,-3707,-654,3.4355,0.6061,nan,nan,nan,UNKNOWN,0.0,0.0,False,False,True,True,False
36.356,0.0,0.0,0.0,0.0,0.0,-0.2472,0.0,0.2472,-3707,-654,3.4355,0.6061,nan,nan,nan,UNKNOWN,0.0,0.0,False,False,True,True,False
36.406,0.0,0.0,0.0,0.0,0.0,-0.2472,0.0,0.2472,-3707,-713,3.4355,0.6608,nan,nan,nan,UNKNOWN,0.0,0.0,False,False,True,True,False
36.456,0.0,0.0,0.0,0.0,0.0,-0.1977,0.0,0.1977,-3707,-713,3.4355,0.6608,nan,nan,nan,UNKNOWN,0.0,0.0,False,False,True,True,False
36.506,0.0,0.0,0.0,0.0,0.0,-0.1977,0.0,0.1977,-3707,-760,3.4355,0.7043,nan,nan,nan,UNKNOWN,0.0,0.0,False,False,True,True,False
36.556,0.0,0.0,0.0,0.0,0.0,-0.1977,0.0,0.1977,-3707,-760,3.4355,0.7043,nan,nan,nan,UNKNOWN,0.0,0.0,False,False,True,True,False
36.606,0.0,0.0,0.0,0.0,0.0,-0.2373,0.0,0.2373,-3707,-761,3.4355,0.7053,nan,nan,nan,UNKNOWN,0.0,0.0,False,False,True,True,False
36.656,0.0,0.0,0.0,0.0,0.0,-0.2373,0.0,0.2373,-3707,-761,3.4355,0.7053,nan,nan,nan,UNKNOWN,0.0,0.0,False,False,True,True,False
36.706,0.0,0.0,0.0,0.0,0.0,-0.1898,0.0,0.1898,-3707,-761,3.4355,0.7053,nan,nan,nan,UNKNOWN,0.0,0.0,False,False,True,True,False
36.756,0.0,0.0,0.0,0.0,0.0,-0.1898,0.0,0.1898,-3707,-761,3.4355,0.7053,nan,nan,nan,UNKNOWN,0.0,0.0,False,False,True,True,False
36.806,0.0,0.0,0.0,0.0,0.0,-0.1898,0.0,0.1898,-3707,-761,3.4355,0.7053,nan,nan,nan,UNKNOWN,0.0,0.0,False,False,True,True,False
36.856,0.0,0.0,0.0,0.0,0.0,-0.1519,0.0,0.1519,-3707,-761,3.4355,0.7053,nan,nan,nan,UNKNOWN,0.0,0.0,False,False,True,True,False
36.906,0.0,0.0,0.0,0.0,0.0,-0.1519,0.0,0.1519,-3707,-761,3.4355,0.7053,nan,nan,nan,UNKNOWN,0.0,0.0,False,False,True,True,False
36.956,0.0,0.0,0.0,0.0,0.0,-0.1519,0.0,0.1519,-3707,-761,3.4355,0.7053,nan,nan,nan,UNKNOWN,0.0,0.0,False,False,True,True,False
37.006,0.0,0.0,0.0,0.0,0.0,-0.1215,0.0,0.1215,-3707,-761,3.4355,0.7053,nan,nan,nan,UNKNOWN,0.0,0.0,False,False,True,True,False
37.058,0.0,0.0,0.0,0.0,0.0,-0.1215,0.0,0.1215,-3707,-761,3.4355,0.7053,nan,nan,nan,UNKNOWN,0.0,0.0,False,False,True,True,False
37.106,0.0,0.0,0.0,0.0,0.0,-0.1215,0.0,0.1215,-3707,-761,3.4355,0.7053,nan,nan,nan,UNKNOWN,0.0,0.0,False,False,True,True,False
37.156,0.0,0.0,0.0,0.0,0.0,-0.0972,0.0,0.0972,-3707,-761,3.4355,0.7053,nan,nan,nan,UNKNOWN,0.0,0.0,False,False,True,True,False
37.206,0.0,0.0,0.0,0.0,0.0,-0.0972,0.0,0.0972,-3707,-761,3.4355,0.7053,nan,nan,nan,UNKNOWN,0.0,0.0,False,False,True,True,False
37.256,0.0,0.0,0.0,0.0,0.0,-0.0972,0.0,0.0972,-3707,-761,3.4355,0.7053,nan,nan,nan,UNKNOWN,0.0,0.0,False,False,True,True,False
37.306,0.0,0.0,0.0,0.0,0.0,-0.0778,0.0,0.0778,-3707,-761,3.4355,0.7053,nan,nan,nan,UNKNOWN,0.0,0.0,False,False,True,True,False
37.356,0.0,0.0,0.0,0.0,0.0,-0.0778,0.0,0.0778,-3707,-761,3.4355,0.7053,nan,nan,nan,UNKNOWN,0.0,0.0,False,False,True,True,False
37.406,0.0,0.0,0.0,0.0,0.0,-0.0622,0.0,0.0622,-3707,-761,3.4355,0.7053,nan,nan,nan,UNKNOWN,0.0,0.0,False,False,True,True,False
37.456,0.0,0.0,0.0,0.0,0.0,-0.0622,0.0,0.0622,-3707,-761,3.4355,0.7053,nan,nan,nan,UNKNOWN,0.0,0.0,False,False,True,True,False
37.506,0.0,0.0,0.0,0.0,0.0,-0.0622,0.0,0.0622,-3707,-761,3.4355,0.7053,nan,nan,nan,UNKNOWN,0.0,0.0,False,False,True,True,False
37.556,0.0,0.0,0.0,0.0,0.0,-0.0498,0.0,0.0498,-3707,-761,3.4355,0.7053,nan,nan,nan,UNKNOWN,0.0,0.0,False,False,True,True,False
37.606,0.0,0.0,0.0,0.0,0.0,-0.0498,0.0,0.0498,-3707,-761,3.4355,0.7053,nan,nan,nan,UNKNOWN,0.0,0.0,False,False,True,True,False
37.656,0.0,0.0,0.0,0.0,0.0,-0.0398,0.0,0.0398,-3707,-761,3.4355,0.7053,nan,nan,nan,UNKNOWN,0.0,0.0,False,False,True,True,False
37.706,0.0,0.0,0.0,0.0,0.0,-0.0398,0.0,0.0398,-3707,-761,3.4355,0.7053,nan,nan,nan,UNKNOWN,0.0,0.0,False,False,True,True,False
37.756,0.0,0.0,0.0,0.0,0.0,-0.0318,0.0,0.0318,-3707,-761,3.4355,0.7053,nan,nan,nan,UNKNOWN,0.0,0.0,False,False,True,True,False
37.806,0.0,0.0,0.0,0.0,0.0,-0.0318,0.0,0.0318,-3707,-761,3.4355,0.7053,nan,nan,nan,UNKNOWN,0.0,0.0,False,False,True,True,False
37.856,0.0,0.0,0.0,0.0,0.0,-0.0318,0.0,0.0318,-3707,-761,3.4355,0.7053,nan,nan,nan,UNKNOWN,0.0,0.0,False,False,True,True,False
37.906,0.0,0.0,0.0,0.0,0.0,-0.0255,0.0,0.0255,-3707,-761,3.4355,0.7053,nan,nan,nan,UNKNOWN,0.0,0.0,False,False,True,True,False
37.956,0.0,0.0,0.0,0.0,0.0,-0.0255,0.0,0.0255,-3707,-761,3.4355,0.7053,nan,nan,nan,UNKNOWN,0.0,0.0,False,False,True,True,False
38.006,0.0,0.0,0.0,0.0,0.0,-0.0204,0.0,0.0204,-3707,-761,3.4355,0.7053,nan,nan,nan,UNKNOWN,0.0,0.0,False,False,True,True,False
38.058,0.0,0.0,0.0,0.0,0.0,-0.0204,0.0,0.0204,-3707,-761,3.4355,0.7053,nan,nan,nan,UNKNOWN,0.0,0.0,False,False,True,True,False
38.106,0.0,0.0,0.0,0.0,0.0,-0.0204,0.0,0.0204,-3707,-761,3.4355,0.7053,nan,nan,nan,UNKNOWN,0.0,0.0,False,False,True,True,False
38.156,0.0,0.0,0.0,0.0,0.0,-0.0163,0.0,0.0163,-3707,-761,3.4355,0.7053,nan,nan,nan,UNKNOWN,0.0,0.0,False,False,True,True,False
38.206,0.0,0.0,0.0,0.0,0.0,-0.0163,0.0,0.0163,-3707,-761,3.4355,0.7053,nan,nan,nan,UNKNOWN,0.0,0.0,False,False,True,True,False
38.256,0.0,0.0,0.0,0.0,0.0,-0.0163,0.0,0.0163,-3707,-761,3.4355,0.7053,nan,nan,nan,UNKNOWN,0.0,0.0,False,False,True,True,False
38.306,0.0,0.0,0.0,0.0,0.0,-0.013,0.0,0.013,-3707,-761,3.4355,0.7053,nan,nan,nan,UNKNOWN,0.0,0.0,False,False,True,True,False
38.356,0.0,0.0,0.0,0.0,0.0,-0.013,0.0,0.013,-3707,-761,3.4355,0.7053,nan,nan,nan,UNKNOWN,0.0,0.0,False,False,True,True,False
38.406,0.0,0.0,0.0,0.0,0.0,-0.013,0.0,0.013,-3707,-761,3.4355,0.7053,nan,nan,nan,UNKNOWN,0.0,0.0,False,False,True,True,False
38.456,0.0,0.0,0.0,0.0,0.0,-0.0104,0.0,0.0104,-3707,-761,3.4355,0.7053,nan,nan,nan,UNKNOWN,0.0,0.0,False,False,True,True,False
38.506,0.0,0.0,0.0,0.0,0.0,-0.0104,0.0,0.0104,-3707,-761,3.4355,0.7053,nan,nan,nan,UNKNOWN,0.0,0.0,False,False,True,True,False
38.556,0.0,0.0,0.0,0.0,0.0,-0.0104,0.0,0.0104,-3707,-761,3.4355,0.7053,nan,nan,nan,UNKNOWN,0.0,0.0,False,False,True,True,False
38.606,0.0,0.0,0.0,0.0,0.0,-0.0083,0.0,0.0083,-3707,-761,3.4355,0.7053,nan,nan,nan,UNKNOWN,0.0,0.0,False,False,True,True,False
38.656,0.0,0.0,0.0,0.0,0.0,-0.0083,0.0,0.0083,-3707,-761,3.4355,0.7053,nan,nan,nan,UNKNOWN,0.0,0.0,False,False,True,True,False
38.706,0.0,0.0,0.0,0.0,0.0,-0.0067,0.0,0.0067,-3707,-761,3.4355,0.7053,nan,nan,nan,UNKNOWN,0.0,0.0,False,False,True,True,False
38.756,0.0,0.0,0.0,0.0,0.0,-0.0067,0.0,0.0067,-3707,-761,3.4355,0.7053,nan,nan,nan,UNKNOWN,0.0,0.0,False,False,True,True,False
38.806,0.0,0.0,0.0,0.0,0.0,-0.0053,0.0,0.0053,-3707,-761,3.4355,0.7053,nan,nan,nan,UNKNOWN,0.0,0.0,False,False,True,True,False
38.856,0.0,0.0,0.0,0.0,0.0,-0.0053,0.0,0.0053,-3707,-761,3.4355,0.7053,nan,nan,nan,UNKNOWN,0.0,0.0,False,False,True,True,False
38.906,0.0,0.0,0.0,0.0,0.0,-0.0043,0.0,0.0043,-3707,-761,3.4355,0.7053,nan,nan,nan,UNKNOWN,0.0,0.0,False,False,True,True,False
38.956,0.0,0.0,0.0,0.0,0.0,-0.0043,0.0,0.0043,-3707,-761,3.4355,0.7053,nan,nan,nan,UNKNOWN,0.0,0.0,False,False,True,True,False
39.006,0.0,0.0,0.0,0.0,0.0,-0.0043,0.0,0.0043,-3707,-761,3.4355,0.7053,nan,nan,nan,UNKNOWN,0.0,0.0,False,False,True,True,False
39.058,0.0,0.0,0.0,0.0,0.0,-0.0034,0.0,0.0034,-3707,-761,3.4355,0.7053,nan,nan,nan,UNKNOWN,0.0,0.0,False,False,True,True,False
39.106,0.0,0.0,0.0,0.0,0.0,-0.0034,0.0,0.0034,-3707,-761,3.4355,0.7053,nan,nan,nan,UNKNOWN,0.0,0.0,False,False,True,True,False
39.156,0.0,0.0,0.0,0.0,0.0,-0.0034,0.0,0.0034,-3707,-761,3.4355,0.7053,nan,nan,nan,UNKNOWN,0.0,0.0,False,False,True,True,False
39.206,0.0,0.0,0.0,0.0,0.0,-0.0027,0.0,0.0027,-3707,-761,3.4355,0.7053,nan,nan,nan,UNKNOWN,0.0,0.0,False,False,True,True,False
39.256,0.0,0.0,0.0,0.0,0.0,-0.0027,0.0,0.0027,-3707,-761,3.4355,0.7053,nan,nan,nan,UNKNOWN,0.0,0.0,False,False,True,True,False
39.306,0.0,0.0,0.0,0.0,0.0,-0.0022,0.0,0.0022,-3707,-761,3.4355,0.7053,nan,nan,nan,UNKNOWN,0.0,0.0,False,False,True,True,False
39.356,0.0,0.0,0.0,0.0,0.0,-0.0022,0.0,0.0022,-3707,-761,3.4355,0.7053,nan,nan,nan,UNKNOWN,0.0,0.0,False,False,True,True,False
39.406,0.0,0.0,0.0,0.0,0.0,-0.0022,0.0,0.0022,-3707,-761,3.4355,0.7053,nan,nan,nan,UNKNOWN,0.0,0.0,False,False,True,True,False
39.456,0.0,0.0,0.0,0.0,0.0,-0.0018,0.0,0.0018,-3707,-761,3.4355,0.7053,nan,nan,nan,UNKNOWN,0.0,0.0,False,False,True,True,False
39.506,0.0,0.0,0.0,0.0,0.0,-0.0018,0.0,0.0018,-3707,-761,3.4355,0.7053,nan,nan,nan,UNKNOWN,0.0,0.0,False,False,True,True,False
39.556,0.0,0.0,0.0,0.0,0.0,-0.0018,0.0,0.0018,-3707,-761,3.4355,0.7053,nan,nan,nan,UNKNOWN,0.0,0.0,False,False,True,True,False
39.606,0.0,0.0,0.0,0.0,0.0,-0.0014,0.0,0.0014,-3707,-761,3.4355,0.7053,nan,nan,nan,UNKNOWN,0.0,0.0,False,False,True,True,False
39.656,0.0,0.0,0.0,0.0,0.0,-0.0014,0.0,0.0014,-3707,-761,3.4355,0.7053,nan,nan,nan,UNKNOWN,0.0,0.0,False,False,True,True,False
39.706,0.0,0.0,0.0,0.0,0.0,-0.0011,0.0,0.0011,-3707,-761,3.4355,0.7053,nan,nan,nan,UNKNOWN,0.0,0.0,False,False,True,True,False
39.756,0.0,0.0,0.0,0.0,0.0,-0.0011,0.0,0.0011,-3707,-761,3.4355,0.7053,nan,nan,nan,UNKNOWN,0.0,0.0,False,False,True,True,False
39.806,0.0,0.0,0.0,0.0,0.0,-0.0011,0.0,0.0011,-3707,-761,3.4355,0.7053,nan,nan,nan,UNKNOWN,0.0,0.0,False,False,True,True,False
39.856,0.0,0.0,0.0,0.0,0.0,0.0,0.0,0.0,-3707,-761,3.4355,0.7053,nan,nan,nan,UNKNOWN,0.0,0.0,False,False,True,True,False
39.906,0.0,0.0,0.0,0.0,0.0,0.0,0.0,0.0,-3707,-761,3.4355,0.7053,nan,nan,nan,UNKNOWN,0.0,0.0,False,False,True,True,False
39.956,0.0,0.0,0.0,0.0,0.0,0.0,0.0,0.0,-3707,-761,3.4355,0.7053,nan,nan,nan,UNKNOWN,0.0,0.0,False,False,True,True,False
40.006,0.0,0.0,0.0,0.0,0.0,0.0,0.0,0.0,-3707,-761,3.4355,0.7053,nan,nan,nan,UNKNOWN,0.0,0.0,False,False,True,True,False
40.058,0.0,0.0,0.0,0.0,0.0,0.0,0.0,0.0,-3707,-761,3.4355,0.7053,nan,nan,nan,UNKNOWN,0.0,0.0,False,False,True,True,False
40.106,0.0,0.0,0.0,0.0,0.0,0.0,0.0,0.0,-3707,-761,3.4355,0.7053,nan,nan,nan,UNKNOWN,0.0,0.0,False,False,True,True,False
40.156,0.0,0.0,0.0,0.0,0.0,0.0,0.0,0.0,-3707,-761,3.4355,0.7053,nan,nan,nan,UNKNOWN,0.0,0.0,False,False,True,True,False
40.206,0.0,0.0,0.0,0.0,0.0,0.0,0.0,0.0,-3707,-761,3.4355,0.7053,nan,nan,nan,UNKNOWN,0.0,0.0,False,False,True,True,False
40.256,0.0,0.0,0.0,0.0,0.0,0.0,0.0,0.0,-3707,-761,3.4355,0.7053,nan,nan,nan,UNKNOWN,0.0,0.0,False,False,True,True,False
40.306,0.0,0.0,0.0,0.0,0.0,0.0,0.0,0.0,-3707,-761,3.4355,0.7053,nan,nan,nan,UNKNOWN,0.0,0.0,False,False,True,True,False
40.356,0.0,0.0,0.0,0.0,0.0,0.0,0.0,0.0,-3707,-761,3.4355,0.7053,nan,nan,nan,UNKNOWN,0.0,0.0,False,False,True,True,False
40.406,0.0,0.0,0.0,0.0,0.0,0.0,0.0,0.0,-3707,-761,3.4355,0.7053,nan,nan,nan,UNKNOWN,0.0,0.0,False,False,True,True,False
40.456,0.0,0.0,0.0,0.0,0.0,0.0,0.0,0.0,-3707,-761,3.4355,0.7053,nan,nan,nan,UNKNOWN,0.0,0.0,False,False,True,True,False
40.506,0.0,0.0,0.0,0.0,0.0,0.0,0.0,0.0,-3707,-761,3.4355,0.7053,nan,nan,nan,UNKNOWN,0.0,0.0,False,False,True,True,False
40.556,0.0,0.0,0.0,0.0,0.0,0.0,0.0,0.0,-3707,-761,3.4355,0.7053,nan,nan,nan,UNKNOWN,0.0,0.0,False,False,True,True,False
40.606,0.0,0.0,0.0,0.0,0.0,0.0,0.0,0.0,-3707,-761,3.4355,0.7053,nan,nan,nan,UNKNOWN,0.0,0.0,False,False,True,True,False
40.656,0.0,0.0,0.0,0.0,0.0,0.0,0.0,0.0,-3707,-761,3.4355,0.7053,nan,nan,nan,UNKNOWN,0.0,0.0,False,False,True,True,False
40.706,0.0,0.0,0.0,0.0,0.0,0.0,0.0,0.0,-3707,-761,3.4355,0.7053,nan,nan,nan,UNKNOWN,0.0,0.0,False,False,True,True,False
40.756,0.0,0.0,0.0,0.0,0.0,0.0,0.0,0.0,-3707,-761,3.4355,0.7053,nan,nan,nan,UNKNOWN,0.0,0.0,False,False,True,True,False
40.806,0.0,0.0,0.0,0.0,0.0,0.0,0.0,0.0,-3707,-761,3.4355,0.7053,nan,nan,nan,UNKNOWN,0.0,0.0,False,False,True,True,False
40.856,0.0,0.0,0.0,0.0,0.0,0.0,0.0,0.0,-3707,-761,3.4355,0.7053,nan,nan,nan,UNKNOWN,0.0,0.0,False,False,True,True,False
40.906,0.0,0.0,0.0,0.0,0.0,0.0,0.0,0.0,-3707,-761,3.4355,0.7053,nan,nan,nan,UNKNOWN,0.0,0.0,False,False,True,True,False
40.956,0.0,0.0,0.0,0.0,0.0,0.0,0.0,0.0,-3707,-761,3.4355,0.7053,nan,nan,nan,UNKNOWN,0.0,0.0,False,False,True,True,False
41.006,0.0,0.0,0.0,0.0,0.0,0.0,0.0,0.0,-3707,-761,3.4355,0.7053,nan,nan,nan,UNKNOWN,0.0,0.0,False,False,True,True,False
41.058,0.0,0.0,0.0,0.0,0.0,0.0,0.0,0.0,-3707,-761,3.4355,0.7053,nan,nan,nan,UNKNOWN,0.0,0.0,False,False,True,True,False
41.106,0.0,0.0,0.0,0.0,0.0,0.0,0.0,0.0,-3707,-761,3.4355,0.7053,nan,nan,nan,UNKNOWN,0.0,0.0,False,False,True,True,False
41.156,0.0,0.0,0.0,0.0,0.0,0.0,0.0,0.0,-3707,-761,3.4355,0.7053,nan,nan,nan,UNKNOWN,0.0,0.0,False,False,True,True,False
41.206,0.0,0.0,0.0,0.0,0.0,0.0,0.0,0.0,-3707,-761,3.4355,0.7053,nan,nan,nan,UNKNOWN,0.0,0.0,False,False,True,True,False
41.256,0.0,0.0,0.0,0.0,0.0,0.0,0.0,0.0,-3707,-761,3.4355,0.7053,nan,nan,nan,UNKNOWN,0.0,0.0,False,False,True,True,False
41.306,0.0,0.0,0.0,0.0,0.0,0.0,0.0,0.0,-3707,-761,3.4355,0.7053,nan,nan,nan,UNKNOWN,0.0,0.0,False,False,True,True,False
41.356,0.0,0.0,0.0,0.0,0.0,0.0,0.0,0.0,-3707,-761,3.4355,0.7053,nan,nan,nan,UNKNOWN,0.0,0.0,False,False,True,True,False
41.406,0.0,0.0,0.0,0.0,0.0,0.0,0.0,0.0,-3707,-761,3.4355,0.7053,nan,nan,nan,UNKNOWN,0.0,0.0,False,False,True,True,False
41.456,0.0,0.0,0.0,0.0,0.0,0.0,0.0,0.0,-3707,-761,3.4355,0.7053,nan,nan,nan,UNKNOWN,0.0,0.0,False,False,True,True,False
41.506,0.0,0.0,0.0,0.0,0.0,0.0,0.0,0.0,-3707,-761,3.4355,0.7053,nan,nan,nan,UNKNOWN,0.0,0.0,False,False,True,True,False
41.556,0.0,0.0,0.0,0.0,0.0,0.0,0.0,0.0,-3707,-761,3.4355,0.7053,nan,nan,nan,UNKNOWN,0.0,0.0,False,False,True,True,False
41.606,0.0,0.0,0.0,0.0,0.0,0.0,0.0,0.0,-3707,-761,3.4355,0.7053,nan,nan,nan,UNKNOWN,0.0,0.0,False,False,True,True,False
41.656,0.0,0.0,0.0,0.0,0.0,0.0,0.0,0.0,-3707,-761,3.4355,0.7053,nan,nan,nan,UNKNOWN,0.0,0.0,False,False,True,True,False
41.706,0.0,0.0,0.0,0.0,0.0,0.0,0.0,0.0,-3707,-761,3.4355,0.7053,nan,nan,nan,UNKNOWN,0.0,0.0,False,False,True,True,False
41.756,0.0,0.0,0.0,0.0,0.0,0.0,0.0,0.0,-3707,-761,3.4355,0.7053,nan,nan,nan,UNKNOWN,0.0,0.0,False,False,True,True,False
41.806,0.0,0.0,0.0,0.0,0.0,0.0,0.0,0.0,-3707,-761,3.4355,0.7053,nan,nan,nan,UNKNOWN,0.0,0.0,False,False,True,True,False
41.856,0.0,0.0,0.0,0.0,0.0,0.0,0.0,0.0,-3707,-761,3.4355,0.7053,nan,nan,nan,UNKNOWN,0.0,0.0,False,False,True,True,False
41.906,0.0,0.0,0.0,0.0,0.0,0.0,0.0,0.0,-3707,-761,3.4355,0.7053,nan,nan,nan,UNKNOWN,0.0,0.0,False,False,True,True,False
41.956,0.0,0.0,0.0,0.0,0.0,0.0,0.0,0.0,-3707,-761,3.4355,0.7053,nan,nan,nan,UNKNOWN,0.0,0.0,False,False,True,True,False
42.006,0.0,0.0,0.0,0.0,0.0,0.0,0.0,0.0,-3707,-761,3.4355,0.7053,nan,nan,nan,UNKNOWN,0.0,0.0,False,False,True,True,False
42.058,0.0,0.0,0.0,0.0,0.0,0.0,0.0,0.0,-3707,-761,3.4355,0.7053,nan,nan,nan,UNKNOWN,0.0,0.0,False,False,True,True,False
42.106,0.0,0.0,0.0,0.0,0.0,0.0,0.0,0.0,-3707,-761,3.4355,0.7053,nan,nan,nan,UNKNOWN,0.0,0.0,False,False,True,True,False
42.156,0.0,0.0,0.0,0.0,0.0,0.0,0.0,0.0,-3707,-761,3.4355,0.7053,nan,nan,nan,UNKNOWN,0.0,0.0,False,False,True,True,False
42.206,0.0,0.0,0.0,0.0,0.0,0.0,0.0,0.0,-3707,-761,3.4355,0.7053,nan,nan,nan,UNKNOWN,0.0,0.0,False,False,True,True,False
42.256,0.0,0.0,0.0,0.0,0.0,0.0,0.0,0.0,-3707,-761,3.4355,0.7053,nan,nan,nan,UNKNOWN,0.0,0.0,False,False,True,True,False
42.306,0.0,0.0,0.0,0.0,0.0,0.0,0.0,0.0,-3707,-761,3.4355,0.7053,nan,nan,nan,UNKNOWN,0.0,0.0,False,False,True,True,False
42.356,0.0,0.0,0.0,0.0,0.0,0.0,0.0,0.0,-3707,-761,3.4355,0.7053,nan,nan,nan,UNKNOWN,0.0,0.0,False,False,True,True,False
42.406,0.0,0.0,0.0,0.0,0.0,0.0,0.0,0.0,-3707,-761,3.4355,0.7053,nan,nan,nan,UNKNOWN,0.0,0.0,False,False,True,True,False
42.456,0.0,0.0,0.0,0.0,0.0,0.0,0.0,0.0,-3707,-761,3.4355,0.7053,nan,nan,nan,UNKNOWN,0.0,0.0,False,False,True,True,False
42.506,0.0,0.0,0.0,0.0,0.0,0.0,0.0,0.0,-3707,-761,3.4355,0.7053,nan,nan,nan,UNKNOWN,0.0,0.0,False,False,True,True,False
42.556,0.0,0.0,0.0,0.0,0.0,0.0,0.0,0.0,-3707,-761,3.4355,0.7053,nan,nan,nan,UNKNOWN,0.0,0.0,False,False,True,True,False
42.606,0.0,0.0,0.0,0.0,0.0,0.0,0.0,0.0,-3707,-761,3.4355,0.7053,nan,nan,nan,UNKNOWN,0.0,0.0,False,False,True,True,False
42.656,0.0,0.0,0.0,0.0,0.0,0.0,0.0,0.0,-3707,-761,3.4355,0.7053,nan,nan,nan,UNKNOWN,0.0,0.0,False,False,True,True,False
42.706,0.0,0.0,0.0,0.0,0.0,0.0,0.0,0.0,-3707,-761,3.4355,0.7053,nan,nan,nan,UNKNOWN,0.0,0.0,False,False,True,True,False
42.756,0.0,0.0,0.0,0.0,0.0,0.0,0.0,0.0,-3707,-761,3.4355,0.7053,nan,nan,nan,UNKNOWN,0.0,0.0,False,False,True,True,False
42.806,0.0,0.0,0.0,0.0,0.0,0.0,0.0,0.0,-3707,-761,3.4355,0.7053,nan,nan,nan,UNKNOWN,0.0,0.0,False,False,True,True,False
42.856,0.0,0.0,0.0,0.0,0.0,0.0,0.0,0.0,-3707,-761,3.4355,0.7053,nan,nan,nan,UNKNOWN,0.0,0.0,False,False,True,True,False
42.906,0.0,0.0,0.0,0.0,0.0,0.0,0.0,0.0,-3707,-761,3.4355,0.7053,nan,nan,nan,UNKNOWN,0.0,0.0,False,False,True,True,False
42.956,0.0,0.0,0.0,0.0,0.0,0.0,0.0,0.0,-3707,-761,3.4355,0.7053,nan,nan,nan,UNKNOWN,0.0,0.0,False,False,True,True,False
43.006,0.0,0.0,0.0,0.0,0.0,0.0,0.0,0.0,-3707,-761,3.4355,0.7053,nan,nan,nan,UNKNOWN,0.0,0.0,False,False,True,True,False
43.058,0.0,0.0,0.0,0.0,0.0,0.0,0.0,0.0,-3707,-761,3.4355,0.7053,nan,nan,nan,UNKNOWN,0.0,0.0,False,False,True,True,False
43.106,0.0,0.0,0.0,0.0,0.0,0.0,0.0,0.0,-3707,-761,3.4355,0.7053,nan,nan,nan,UNKNOWN,0.0,0.0,False,False,True,True,False
43.156,0.0,0.0,0.0,0.0,0.0,0.0,0.0,0.0,-3707,-761,3.4355,0.7053,nan,nan,nan,UNKNOWN,0.0,0.0,False,False,True,True,False
43.206,0.0,0.0,0.0,0.0,0.0,0.0,0.0,0.0,-3707,-761,3.4355,0.7053,nan,nan,nan,UNKNOWN,0.0,0.0,False,False,True,True,False
43.256,0.0,0.0,0.0,0.0,0.0,0.0,0.0,0.0,-3707,-761,3.4355,0.7053,nan,nan,nan,UNKNOWN,0.0,0.0,False,False,True,True,False
43.306,0.0,0.0,0.0,0.0,0.0,0.0,0.0,0.0,-3707,-761,3.4355,0.7053,nan,nan,nan,UNKNOWN,0.0,0.0,False,False,True,True,False
43.356,0.0,0.0,0.0,0.0,0.0,0.0,0.0,0.0,-3707,-761,3.4355,0.7053,nan,nan,nan,UNKNOWN,0.0,0.0,False,False,True,True,False
43.406,0.0,0.0,0.0,0.0,0.0,0.0,0.0,0.0,-3707,-761,3.4355,0.7053,nan,nan,nan,UNKNOWN,0.0,0.0,False,False,True,True,False
43.456,0.0,0.0,0.0,0.0,0.0,0.0,0.0,0.0,-3707,-761,3.4355,0.7053,nan,nan,nan,UNKNOWN,0.0,0.0,False,False,True,True,False
43.506,0.0,0.0,0.0,0.0,0.0,0.0,0.0,0.0,-3707,-761,3.4355,0.7053,nan,nan,nan,UNKNOWN,0.0,0.0,False,False,True,True,False
43.556,0.0,0.0,0.0,0.0,0.0,0.0,0.0,0.0,-3707,-761,3.4355,0.7053,nan,nan,nan,UNKNOWN,0.0,0.0,False,False,True,True,False
43.606,0.0,0.0,0.0,0.0,0.0,0.0,0.0,0.0,-3707,-761,3.4355,0.7053,nan,nan,nan,UNKNOWN,0.0,0.0,False,False,True,True,False
43.656,0.0,0.0,0.0,0.0,0.0,0.0,0.0,0.0,-3707,-761,3.4355,0.7053,nan,nan,nan,UNKNOWN,0.0,0.0,False,False,True,True,False
43.706,0.0,0.0,0.0,0.0,0.0,0.0,0.0,0.0,-3707,-761,3.4355,0.7053,nan,nan,nan,UNKNOWN,0.0,0.0,False,False,True,True,False
43.756,0.0,0.0,0.0,0.0,0.0,0.0,0.0,0.0,-3707,-761,3.4355,0.7053,nan,nan,nan,UNKNOWN,0.0,0.0,False,False,True,True,False
43.806,0.0,0.0,0.0,0.0,0.0,0.0,0.0,0.0,-3707,-761,3.4355,0.7053,nan,nan,nan,UNKNOWN,0.0,0.0,False,False,True,True,False
43.856,0.0,0.0,0.0,0.0,0.0,0.0,0.0,0.0,-3707,-761,3.4355,0.7053,nan,nan,nan,UNKNOWN,0.0,0.0,False,False,True,True,False
43.906,0.0,0.0,0.0,0.0,0.0,0.0,0.0,0.0,-3707,-761,3.4355,0.7053,nan,nan,nan,UNKNOWN,0.0,0.0,False,False,True,True,False
43.956,0.0,0.0,0.0,0.0,0.0,0.0,0.0,0.0,-3707,-761,3.4355,0.7053,nan,nan,nan,UNKNOWN,0.0,0.0,False,False,True,True,False
44.006,0.0,0.0,0.0,0.0,0.0,0.0,0.0,0.0,-3707,-761,3.4355,0.7053,nan,nan,nan,UNKNOWN,0.0,0.0,False,False,True,True,False
44.058,0.0,0.0,0.0,0.0,0.0,0.0,0.0,0.0,-3707,-761,3.4355,0.7053,nan,nan,nan,UNKNOWN,0.0,0.0,False,False,True,True,False
44.106,0.0,0.0,0.0,0.0,0.0,0.0,0.0,0.0,-3707,-761,3.4355,0.7053,nan,nan,nan,UNKNOWN,0.0,0.0,False,False,True,True,False
44.156,0.0,0.0,0.0,0.0,0.0,0.0,0.0,0.0,-3707,-761,3.4355,0.7053,nan,nan,nan,UNKNOWN,0.0,0.0,False,False,True,True,False
44.206,0.0,0.0,0.0,0.0,0.0,0.0,0.0,0.0,-3707,-761,3.4355,0.7053,nan,nan,nan,UNKNOWN,0.0,0.0,False,False,True,True,False
44.256,0.0,0.0,0.0,0.0,0.0,0.0,0.0,0.0,-3707,-761,3.4355,0.7053,nan,nan,nan,UNKNOWN,0.0,0.0,False,False,True,True,False
44.306,0.0,0.0,0.0,0.0,0.0,0.0,0.0,0.0,-3707,-761,3.4355,0.7053,nan,nan,nan,UNKNOWN,0.0,0.0,False,False,True,True,False
44.356,0.0,0.0,0.0,0.0,0.0,0.0,0.0,0.0,-3707,-761,3.4355,0.7053,nan,nan,nan,UNKNOWN,0.0,0.0,False,False,True,True,False
44.406,0.0,0.0,0.0,0.0,0.0,0.0,0.0,0.0,-3707,-761,3.4355,0.7053,nan,nan,nan,UNKNOWN,0.0,0.0,False,False,True,True,False
44.456,0.0,0.0,0.0,0.0,0.0,0.0,0.0,0.0,-3707,-761,3.4355,0.7053,nan,nan,nan,UNKNOWN,0.0,0.0,False,False,True,True,False
44.506,0.0,0.0,0.0,0.0,0.0,0.0,0.0,0.0,-3707,-761,3.4355,0.7053,nan,nan,nan,UNKNOWN,0.0,0.0,False,False,True,True,False
44.556,0.0,0.0,0.0,0.0,0.0,0.0,0.0,0.0,-3707,-761,3.4355,0.7053,nan,nan,nan,UNKNOWN,0.0,0.0,False,False,True,True,False
44.606,0.0,0.0,0.0,0.0,0.0,0.0,0.0,0.0,-3707,-761,3.4355,0.7053,nan,nan,nan,UNKNOWN,0.0,0.0,False,False,True,True,False
44.656,0.0,0.0,0.0,0.0,0.0,0.0,0.0,0.0,-3707,-761,3.4355,0.7053,nan,nan,nan,UNKNOWN,0.0,0.0,False,False,True,True,False
44.706,0.0,0.0,0.0,0.0,0.0,0.0,0.0,0.0,-3707,-761,3.4355,0.7053,nan,nan,nan,UNKNOWN,0.0,0.0,False,False,True,True,False
44.756,0.0,0.0,0.0,0.0,0.0,0.0,0.0,0.0,-3707,-761,3.4355,0.7053,nan,nan,nan,UNKNOWN,0.0,0.0,False,False,True,True,False
44.806,0.0,0.0,0.0,0.0,0.0,0.0,0.0,0.0,-3707,-761,3.4355,0.7053,nan,nan,nan,UNKNOWN,0.0,0.0,False,False,True,True,False
44.856,0.0,0.0,0.0,0.0,0.0,0.0,0.0,0.0,-3707,-761,3.4355,0.7053,nan,nan,nan,UNKNOWN,0.0,0.0,False,False,True,True,False
44.906,0.0,0.0,0.0,0.0,0.0,0.0,0.0,0.0,-3707,-761,3.4355,0.7053,nan,nan,nan,UNKNOWN,0.0,0.0,False,False,True,True,False
44.956,0.0,0.0,0.0,0.0,0.0,0.0,0.0,0.0,-3707,-761,3.4355,0.7053,nan,nan,nan,UNKNOWN,0.0,0.0,False,False,True,True,False
45.006,0.0,0.0,0.0,0.0,0.0,0.0,0.0,0.0,-3707,-761,3.4355,0.7053,nan,nan,nan,UNKNOWN,0.0,0.0,False,False,True,True,False
45.058,0.0,0.0,0.0,0.0,0.0,0.0,0.0,0.0,-3707,-761,3.4355,0.7053,nan,nan,nan,UNKNOWN,0.0,0.0,False,False,True,True,False
45.106,0.0,0.0,0.0,0.0,0.0,0.0,0.0,0.0,-3707,-761,3.4355,0.7053,nan,nan,nan,UNKNOWN,0.0,0.0,False,False,True,True,False
45.156,0.0,0.0,0.0,0.0,0.0,0.0,0.0,0.0,-3707,-761,3.4355,0.7053,nan,nan,nan,UNKNOWN,0.0,0.0,False,False,True,True,False
45.206,0.0,0.0,0.0,0.0,0.0,0.0,0.0,0.0,-3707,-761,3.4355,0.7053,nan,nan,nan,UNKNOWN,0.0,0.0,False,False,True,True,False
45.256,0.0,0.0,0.0,0.0,0.0,0.0,0.0,0.0,-3707,-761,3.4355,0.7053,nan,nan,nan,UNKNOWN,0.0,0.0,False,False,True,True,False
45.306,0.0,0.0,0.0,0.0,0.0,0.0,0.0,0.0,-3707,-761,3.4355,0.7053,nan,nan,nan,UNKNOWN,0.0,0.0,False,False,True,True,False
45.356,0.0,0.0,0.0,0.0,0.0,0.0,0.0,0.0,-3707,-761,3.4355,0.7053,nan,nan,nan,UNKNOWN,0.0,0.0,False,False,True,True,False
45.406,0.0,0.0,0.0,0.0,0.0,0.0,0.0,0.0,-3707,-761,3.4355,0.7053,nan,nan,nan,UNKNOWN,0.0,0.0,False,False,True,True,False
45.456,0.0,0.0,0.0,0.0,0.0,0.0,0.0,0.0,-3707,-761,3.4355,0.7053,nan,nan,nan,UNKNOWN,0.0,0.0,False,False,True,True,False
45.506,0.0,0.0,0.0,0.0,0.0,0.0,0.0,0.0,-3707,-761,3.4355,0.7053,nan,nan,nan,UNKNOWN,0.0,0.0,False,False,True,True,False
45.556,0.0,0.0,0.0,0.0,0.0,0.0,0.0,0.0,-3707,-761,3.4355,0.7053,nan,nan,nan,UNKNOWN,0.0,0.0,False,False,True,True,False
45.606,0.0,0.0,0.0,0.0,0.0,0.0,0.0,0.0,-3707,-761,3.4355,0.7053,nan,nan,nan,UNKNOWN,0.0,0.0,False,False,True,True,False
45.656,0.0,0.0,0.0,0.0,0.0,0.0,0.0,0.0,-3707,-761,3.4355,0.7053,nan,nan,nan,UNKNOWN,0.0,0.0,False,False,True,True,False
45.706,0.0,0.0,0.0,0.0,0.0,0.0,0.0,0.0,-3707,-761,3.4355,0.7053,nan,nan,nan,UNKNOWN,0.0,0.0,False,False,True,True,False
45.756,0.0,0.0,0.0,0.0,0.0,0.0,0.0,0.0,-3707,-761,3.4355,0.7053,nan,nan,nan,UNKNOWN,0.0,0.0,False,False,True,True,False
45.806,0.0,0.0,0.0,0.0,0.0,0.0,0.0,0.0,-3707,-761,3.4355,0.7053,nan,nan,nan,UNKNOWN,0.0,0.0,False,False,True,True,False
45.856,0.0,0.0,0.0,0.0,0.0,0.0,0.0,0.0,-3707,-761,3.4355,0.7053,nan,nan,nan,UNKNOWN,0.0,0.0,False,False,True,True,False
45.906,0.0,0.0,0.0,0.0,0.0,0.0,0.0,0.0,-3707,-761,3.4355,0.7053,nan,nan,nan,UNKNOWN,0.0,0.0,False,False,True,True,False
45.956,0.0,0.0,0.0,0.0,0.0,0.0,0.0,0.0,-3707,-761,3.4355,0.7053,nan,nan,nan,UNKNOWN,0.0,0.0,False,False,True,True,False
46.006,0.0,0.0,0.0,0.0,0.0,0.0,0.0,0.0,-3707,-761,3.4355,0.7053,nan,nan,nan,UNKNOWN,0.0,0.0,False,False,True,True,False
46.058,0.0,0.0,0.0,0.0,0.0,0.0,0.0,0.0,-3707,-761,3.4355,0.7053,nan,nan,nan,UNKNOWN,0.0,0.0,False,False,True,True,False
46.106,0.0,0.0,0.0,0.0,0.0,0.0,0.0,0.0,-3707,-761,3.4355,0.7053,nan,nan,nan,UNKNOWN,0.0,0.0,False,False,True,True,False
