t,vx,wz,tgt_r,tgt_l,spd_r,spd_l,err_r,err_l,ticks_r,ticks_l,dist_r,dist_l,raw_angle,filtered_angle,error,weld,ff_r,ff_l,kickstart_r,kickstart_l,holding_r,holding_l,manual_pwm_mode,surface_mode
2.117,0.04800411180043986,-0.05,0.04050411180043986,0.05550411180043986,0.0,0.0,0.0405,0.0555,0,0,0.0,0.0,1.4062534542270564,1.4062534542270564,0.0,WELD_FOUND,0.0,0.0,True,True,False,False,False,vertical
2.167,0.04800411180043986,-0.05,0.04050411180043986,0.05550411180043986,0.0,0.0,0.0405,0.0555,0,0,0.0,0.0,1.4062534542270564,1.4062534542270564,0.0,WELD_FOUND,0.0,0.0,True,True,False,False,False,vertical
2.217,0.04800411180043986,-0.09817501157522203,0.03327786006415656,0.06273036353672316,0.0037,0.0,0.0296,0.0627,1,0,0.0009,0.0,1.4062534542270564,1.4062534542270564,0.0,WELD_FOUND,0.5186,0.0,False,True,False,False,False,vertical
2.267,0.04800411180043986,-0.09817501157522203,0.03327786006415656,0.06273036353672316,0.0037,0.0,0.0296,0.0627,1,0,0.0009,0.0,1.4062534542270564,1.4062534542270564,0.0,WELD_FOUND,0.5186,0.0,False,True,False,False,False,vertical
2.605,0.04800411180043986,-0.09817501157522203,0.03327786006415656,0.06273036353672316,0.0037,0.0,0.0296,0.0627,5,0,0.0046,0.0,0.7031284346608206,1.4062534542270564,-0.7031250195662357,WELD_FOUND,0.5186,0.0,False,True,False,False,False,vertical
2.617,0.04863458622282969,-0.05,0.04113458622282969,0.05613458622282969,0.0241,0.0,0.017,0.0561,24,0,0.0222,0.0,1.4062534542270564,1.4062534542270564,0.0,WELD_FOUND,0.6122,0.6816,False,False,False,False,False,vertical
2.667,0.04863458622282969,-0.05,0.04113458622282969,0.05613458622282969,0.0241,0.0,0.017,0.0561,24,0,0.0222,0.0,1.4062534542270564,1.4062534542270564,0.0,WELD_FOUND,0.6122,0.6816,False,False,False,False,False,vertical
2.717,0.0,0.0,0.0,0.0,0.0514,0.0,-0.0514,0.0,35,0,0.0324,0.0,1.4062534542270564,nan,nan,NO_WELD,0.0,0.0,False,False,False,False,False,vertical
2.767,0.0,0.0,0.0,0.0,0.0514,0.0,-0.0514,0.0,35,0,0.0324,0.0,1.4062534542270564,nan,nan,NO_WELD,0.0,0.0,False,False,False,False,False,vertical
2.817,0.0,0.0,0.0,0.0,0.0514,0.0,-0.0514,0.0,36,0,0.0334,0.0,1.4062534542270564,nan,nan,NO_WELD,0.0,0.0,False,False,False,False,False,vertical
2.867,0.0,0.0,0.0,0.0,0.0333,0.0,-0.0333,0.0,36,0,0.0334,0.0,1.4062534542270564,nan,nan,NO_WELD,0.0,0.0,False,False,False,False,False,vertical
2.917,0.0,0.0,0.0,0.0,0.0333,0.0,-0.0333,0.0,36,0,0.0334,0.0,1.4062534542270564,nan,nan,NO_WELD,0.0,0.0,False,False,False,False,False,vertical
2.967,0.0,0.0,0.0,0.0,0.0333,0.0,-0.0333,0.0,36,0,0.0334,0.0,1.4062534542270564,nan,nan,NO_WELD,0.0,0.0,False,False,False,False,False,vertical
3.017,0.0,0.0,0.0,0.0,0.0267,0.0,-0.0267,0.0,36,0,0.0334,0.0,1.4062534542270564,nan,nan,NO_WELD,0.0,0.0,False,False,False,False,False,vertical
3.067,0.0,0.0,0.0,0.0,0.0267,0.0,-0.0267,0.0,36,0,0.0334,0.0,1.4062534542270564,nan,nan,NO_WELD,0.0,0.0,False,False,False,False,False,vertical
3.117,0.0,0.0,0.0,0.0,0.0213,0.0,-0.0213,0.0,36,0,0.0334,0.0,1.4062534542270564,nan,nan,NO_WELD,0.0,0.0,False,False,False,False,False,vertical
3.167,0.0,0.0,0.0,0.0,0.0213,0.0,-0.0213,0.0,36,0,0.0334,0.0,1.4062534542270564,nan,nan,NO_WELD,0.0,0.0,False,False,False,False,False,vertical
3.217,0.0,0.0,0.0,0.0,0.0213,0.0,-0.0213,0.0,36,0,0.0334,0.0,1.4062534542270564,nan,nan,NO_WELD,0.0,0.0,False,False,False,False,False,vertical
3.269,0.0,0.0,0.0,0.0,0.0171,0.0,-0.0171,0.0,36,0,0.0334,0.0,1.4062534542270564,nan,nan,NO_WELD,0.0,0.0,False,False,False,False,False,vertical
3.317,0.056180683586567914,-0.05,0.048680683586567915,0.06368068358656792,0.0171,0.0,0.0316,0.0637,36,0,0.0334,0.0,0.7031284346608206,0.7031284346608206,0.0,WELD_FOUND,0.6471,0.7166,False,False,False,False,False,vertical
3.367,0.056180683586567914,-0.05,0.048680683586567915,0.06368068358656792,0.0136,0.0,0.035,0.0637,36,0,0.0334,0.0,0.7031284346608206,0.7031284346608206,0.0,WELD_FOUND,0.6471,0.7166,False,False,False,False,False,vertical
3.417,0.0578931221024575,-0.03556617645630134,0.052558195634012296,0.0632280485709027,0.0136,0.0,0.0389,0.0632,35,0,0.0324,0.0,0.35156592487770283,0.5273471664290486,-0.17578124155134572,WELD_FOUND,0.6651,0.7145,False,False,False,False,False,vertical
3.467,0.0578931221024575,-0.03556617645630134,0.052558195634012296,0.0632280485709027,0.0045,0.0,0.0481,0.0632,35,0,0.0324,0.0,0.35156592487770283,0.5273471664290486,-0.17578124155134572,WELD_FOUND,0.6651,0.7145,False,False,False,False,False,vertical
3.517,0.0,0.0,0.0,0.0,0.0045,0.0,-0.0045,0.0,50,0,0.0463,0.0,0.35156592487770283,nan,nan,NO_WELD,0.0,0.0,False,False,False,False,False,vertical
3.567,0.0,0.0,0.0,0.0,0.0045,0.0,-0.0045,0.0,50,0,0.0463,0.0,0.35156592487770283,nan,nan,NO_WELD,0.0,0.0,False,False,False,False,False,vertical
3.617,0.0,0.0,0.0,0.0,0.067,0.0,-0.067,0.0,61,0,0.0565,0.0,0.35156592487770283,nan,nan,NO_WELD,0.0,0.0,False,False,False,False,False,vertical
3.667,0.0,0.0,0.0,0.0,0.067,0.0,-0.067,0.0,61,0,0.0565,0.0,0.35156592487770283,nan,nan,NO_WELD,0.0,0.0,False,False,False,False,False,vertical
3.717,0.0,0.0,0.0,0.0,0.0476,0.0,-0.0476,0.0,63,0,0.0584,0.0,0.35156592487770283,nan,nan,NO_WELD,0.0,0.0,False,False,False,False,False,vertical
3.767,0.0,0.0,0.0,0.0,0.0476,0.0,-0.0476,0.0,63,0,0.0584,0.0,0.35156592487770283,nan,nan,NO_WELD,0.0,0.0,False,False,False,False,False,vertical
3.817,0.0,0.0,0.0,0.0,0.0476,0.0,-0.0476,0.0,63,0,0.0584,0.0,0.35156592487770283,nan,nan,NO_WELD,0.0,0.0,False,False,False,False,False,vertical
3.867,0.0,0.0,0.0,0.0,0.0381,0.0,-0.0381,0.0,63,0,0.0584,0.0,0.35156592487770283,nan,nan,NO_WELD,0.0,0.0,False,False,False,False,False,vertical
3.917,0.0,0.0,0.0,0.0,0.0381,0.0,-0.0381,0.0,63,0,0.0584,0.0,0.35156592487770283,nan,nan,NO_WELD,0.0,0.0,False,False,False,False,False,vertical
3.967,0.0,0.0,0.0,0.0,0.0305,0.0,-0.0305,0.0,63,0,0.0584,0.0,0.35156592487770283,nan,nan,NO_WELD,0.0,0.0,False,False,False,False,False,vertical
4.017,0.0,0.0,0.0,0.0,0.0305,0.0,-0.0305,0.0,63,0,0.0584,0.0,0.35156592487770283,nan,nan,NO_WELD,0.0,0.0,False,False,False,False,False,vertical
4.067,0.0,0.0,0.0,0.0,0.0305,0.0,-0.0305,0.0,63,0,0.0584,0.0,0.35156592487770283,nan,nan,NO_WELD,0.0,0.0,False,False,False,False,False,vertical
4.117,0.0,0.0,0.0,0.0,0.0244,0.0,-0.0244,0.0,63,0,0.0584,0.0,0.35156592487770283,nan,nan,NO_WELD,0.0,0.0,False,False,False,False,False,vertical
4.167,0.0,0.0,0.0,0.0,0.0244,0.0,-0.0244,0.0,63,0,0.0584,0.0,0.35156592487770283,nan,nan,NO_WELD,0.0,0.0,False,False,False,False,False,vertical
4.217,0.0,0.0,0.0,0.0,0.0244,0.0,-0.0244,0.0,63,0,0.0584,0.0,0.35156592487770283,nan,nan,NO_WELD,0.0,0.0,False,False,False,False,False,vertical
4.269,0.0,0.0,0.0,0.0,0.0195,0.0,-0.0195,0.0,63,0,0.0584,0.0,0.35156592487770283,nan,nan,NO_WELD,0.0,0.0,False,False,False,False,False,vertical
4.317,0.0,0.0,0.0,0.0,0.0195,0.0,-0.0195,0.0,63,0,0.0584,0.0,0.35156592487770283,nan,nan,NO_WELD,0.0,0.0,False,False,False,False,False,vertical
4.367,0.0,0.0,0.0,0.0,0.0156,0.0,-0.0156,0.0,63,0,0.0584,0.0,0.35156592487770283,nan,nan,NO_WELD,0.0,0.0,False,False,False,False,False,vertical
4.417,0.0,0.0,0.0,0.0,0.0156,0.0,-0.0156,0.0,63,0,0.0584,0.0,0.35156592487770283,nan,nan,NO_WELD,0.0,0.0,False,False,False,False,False,vertical
4.467,0.0,0.0,0.0,0.0,0.0156,0.0,-0.0156,0.0,63,0,0.0584,0.0,0.35156592487770283,nan,nan,NO_WELD,0.0,0.0,False,False,False,False,False,vertical
4.517,0.0,0.0,0.0,0.0,0.0125,0.0,-0.0125,0.0,63,0,0.0584,0.0,-2.460934233428519,nan,nan,NO_WELD,0.0,0.0,False,False,False,False,False,vertical
4.567,0.0,0.0,0.0,0.0,0.0125,0.0,-0.0125,0.0,63,0,0.0584,0.0,-2.460934233428519,nan,nan,NO_WELD,0.0,0.0,False,False,False,False,False,vertical
4.617,0.0,0.0,0.0,0.0,0.01,0.0,-0.01,0.0,63,0,0.0584,0.0,-2.8124966631703576,nan,nan,NO_WELD,0.0,0.0,False,False,False,False,False,vertical
4.667,0.0,0.0,0.0,0.0,0.01,0.0,-0.01,0.0,63,0,0.0584,0.0,-2.8124966631703576,nan,nan,NO_WELD,0.0,0.0,False,False,False,False,False,vertical
4.717,0.0,0.0,0.0,0.0,0.008,0.0,-0.008,0.0,63,0,0.0584,0.0,-2.8124966631703576,nan,nan,NO_WELD,0.0,0.0,False,False,False,False,False,vertical
4.767,0.0,0.0,0.0,0.0,0.008,0.0,-0.008,0.0,63,0,0.0584,0.0,-2.8124966631703576,nan,nan,NO_WELD,0.0,0.0,False,False,False,False,False,vertical
4.817,0.0,0.0,0.0,0.0,0.0064,0.0,-0.0064,0.0,63,0,0.0584,0.0,-2.8124966631703576,nan,nan,NO_WELD,0.0,0.0,False,False,False,False,False,vertical
4.867,0.0,0.0,0.0,0.0,0.0064,0.0,-0.0064,0.0,63,0,0.0584,0.0,-2.8124966631703576,nan,nan,NO_WELD,0.0,0.0,False,False,False,False,False,vertical
4.917,0.0,0.0,0.0,0.0,0.0064,0.0,-0.0064,0.0,63,0,0.0584,0.0,-3.164059092912196,nan,nan,NO_WELD,0.0,0.0,False,False,False,False,False,vertical
4.967,0.0,0.0,0.0,0.0,0.0051,0.0,-0.0051,0.0,63,0,0.0584,0.0,-3.164059092912196,nan,nan,NO_WELD,0.0,0.0,False,False,False,False,False,vertical
5.017,0.0,0.0,0.0,0.0,0.0051,0.0,-0.0051,0.0,63,0,0.0584,0.0,0.35156592487770283,nan,nan,NO_WELD,0.0,0.0,False,False,False,False,False,vertical
5.067,0.0,0.0,0.0,0.0,0.0051,0.0,-0.0051,0.0,63,0,0.0584,0.0,0.35156592487770283,nan,nan,NO_WELD,0.0,0.0,False,False,False,False,False,vertical
5.117,0.0,0.0,0.0,0.0,0.0041,0.0,-0.0041,0.0,63,0,0.0584,0.0,0.35156592487770283,nan,nan,NO_WELD,0.0,0.0,False,False,False,False,False,vertical
5.167,0.0,0.0,0.0,0.0,0.0041,0.0,-0.0041,0.0,63,0,0.0584,0.0,0.35156592487770283,nan,nan,NO_WELD,0.0,0.0,False,False,False,False,False,vertical
5.217,0.03037455725537767,0.05,0.03787455725537767,0.02287455725537767,0.0041,0.0,0.0338,0.0229,63,0,0.0584,0.0,-3.164059092912196,-3.164059092912196,0.0,WELD_FOUND,0.5903,0.3565,False,False,False,False,False,vertical
5.269,0.03037455725537767,0.05,0.03787455725537767,0.02287455725537767,0.0033,0.0,0.0346,0.0229,63,0,0.0584,0.0,-3.164059092912196,-3.164059092912196,0.0,WELD_FOUND,0.5903,0.3565,False,False,False,False,False,vertical
5.318,0.032925363645114274,0.1,0.04792536364511427,0.017925363645114274,0.0033,0.0,0.0447,0.0179,65,0,0.0602,0.0,-2.460934233428519,-2.8124966631703576,0.3515624297418385,WELD_FOUND,0.6436,0.2794,False,False,False,False,False,vertical
5.367,0.032925363645114274,0.1,0.04792536364511427,0.017925363645114274,0.0033,0.0,0.0447,0.0179,65,0,0.0602,0.0,-2.460934233428519,-2.8124966631703576,0.3515624297418385,WELD_FOUND,0.6436,0.2794,False,False,False,False,False,vertical
5.417,0.0,0.0,0.0,0.0,0.0143,0.0,-0.0143,0.0,68,0,0.063,0.0,-2.460934233428519,nan,nan,NO_WELD,0.0,0.0,False,False,False,False,False,vertical
5.467,0.0,0.0,0.0,0.0,0.0143,0.0,-0.0143,0.0,68,0,0.063,0.0,-2.460934233428519,nan,nan,NO_WELD,0.0,0.0,False,False,False,False,False,vertical
5.517,0.0,0.0,0.0,0.0,0.0123,0.0,-0.0123,0.0,69,0,0.0639,0.0,-2.460934233428519,nan,nan,NO_WELD,0.0,0.0,False,False,False,False,False,vertical
5.567,0.0,0.0,0.0,0.0,0.0123,0.0,-0.0123,0.0,69,0,0.0639,0.0,-2.460934233428519,nan,nan,NO_WELD,0.0,0.0,False,False,False,False,False,vertical
5.617,0.0,0.0,0.0,0.0,0.0123,0.0,-0.0123,0.0,69,0,0.0639,0.0,-2.460934233428519,nan,nan,NO_WELD,0.0,0.0,False,False,False,False,False,vertical
5.667,0.0,0.0,0.0,0.0,0.0098,0.0,-0.0098,0.0,69,0,0.0639,0.0,-2.460934233428519,nan,nan,NO_WELD,0.0,0.0,False,False,False,False,False,vertical
5.718,0.0,0.0,0.0,0.0,0.0098,0.0,-0.0098,0.0,69,0,0.0639,0.0,-2.460934233428519,nan,nan,NO_WELD,0.0,0.0,False,False,False,False,False,vertical
5.767,0.0,0.0,0.0,0.0,0.0079,0.0,-0.0079,0.0,69,0,0.0639,0.0,-2.460934233428519,nan,nan,NO_WELD,0.0,0.0,False,False,False,False,False,vertical
5.817,0.0,0.0,0.0,0.0,0.0079,0.0,-0.0079,0.0,69,0,0.0639,0.0,-2.460934233428519,nan,nan,NO_WELD,0.0,0.0,False,False,False,False,False,vertical
5.867,0.0,0.0,0.0,0.0,0.0063,0.0,-0.0063,0.0,69,0,0.0639,0.0,-2.460934233428519,nan,nan,NO_WELD,0.0,0.0,False,False,False,False,False,vertical
5.917,0.0,0.0,0.0,0.0,0.0063,0.0,-0.0063,0.0,69,0,0.0639,0.0,-2.460934233428519,nan,nan,NO_WELD,0.0,0.0,False,False,False,False,False,vertical
5.967,0.0,0.0,0.0,0.0,0.0063,0.0,-0.0063,0.0,69,0,0.0639,0.0,-2.460934233428519,nan,nan,NO_WELD,0.0,0.0,False,False,False,False,False,vertical
6.017,0.0,0.0,0.0,0.0,0.005,0.0,-0.005,0.0,69,0,0.0639,0.0,-2.460934233428519,nan,nan,NO_WELD,0.0,0.0,False,False,False,False,False,vertical
6.067,0.0,0.0,0.0,0.0,0.005,0.0,-0.005,0.0,69,0,0.0639,0.0,-2.460934233428519,nan,nan,NO_WELD,0.0,0.0,False,False,False,False,False,vertical
6.117,0.0,0.0,0.0,0.0,0.004,0.0,-0.004,0.0,69,0,0.0639,0.0,-2.460934233428519,nan,nan,NO_WELD,0.0,0.0,False,False,False,False,False,vertical
6.167,0.0,0.0,0.0,0.0,0.004,0.0,-0.004,0.0,69,0,0.0639,0.0,-2.460934233428519,nan,nan,NO_WELD,0.0,0.0,False,False,False,False,False,vertical
6.217,0.0,0.0,0.0,0.0,0.004,0.0,-0.004,0.0,69,0,0.0639,0.0,-2.460934233428519,nan,nan,NO_WELD,0.0,0.0,False,False,False,False,False,vertical
6.268,0.0,0.0,0.0,0.0,0.0032,0.0,-0.0032,0.0,69,0,0.0639,0.0,-2.460934233428519,nan,nan,NO_WELD,0.0,0.0,False,False,False,False,False,vertical
6.317,0.0,0.0,0.0,0.0,0.0032,0.0,-0.0032,0.0,69,0,0.0639,0.0,-2.460934233428519,nan,nan,NO_WELD,0.0,0.0,False,False,False,False,False,vertical
6.367,0.0,0.0,0.0,0.0,0.0026,0.0,-0.0026,0.0,69,0,0.0639,0.0,-2.460934233428519,nan,nan,NO_WELD,0.0,0.0,False,False,False,False,False,vertical
6.417,0.0,0.0,0.0,0.0,0.0026,0.0,-0.0026,0.0,69,0,0.0639,0.0,-2.460934233428519,nan,nan,NO_WELD,0.0,0.0,False,False,False,False,False,vertical
6.467,0.0,0.0,0.0,0.0,0.0021,0.0,-0.0021,0.0,69,0,0.0639,0.0,-2.460934233428519,nan,nan,NO_WELD,0.0,0.0,False,False,False,False,False,vertical
6.517,0.0,0.0,0.0,0.0,0.0021,0.0,-0.0021,0.0,69,0,0.0639,0.0,-2.460934233428519,nan,nan,NO_WELD,0.0,0.0,False,False,False,False,False,vertical
6.567,0.0,0.0,0.0,0.0,0.0021,0.0,-0.0021,0.0,69,0,0.0639,0.0,-2.460934233428519,nan,nan,NO_WELD,0.0,0.0,False,False,False,False,False,vertical
6.617,0.0,0.0,0.0,0.0,0.0017,0.0,-0.0017,0.0,69,0,0.0639,0.0,-2.460934233428519,nan,nan,NO_WELD,0.0,0.0,False,False,False,False,False,vertical
6.667,0.0,0.0,0.0,0.0,0.0017,0.0,-0.0017,0.0,69,0,0.0639,0.0,-2.460934233428519,nan,nan,NO_WELD,0.0,0.0,False,False,False,False,False,vertical
6.717,0.0,0.0,0.0,0.0,0.0017,0.0,-0.0017,0.0,69,0,0.0639,0.0,1.054690917763512,nan,nan,NO_WELD,0.0,0.0,False,False,False,False,False,vertical
6.767,0.0,0.0,0.0,0.0,0.0013,0.0,-0.0013,0.0,69,0,0.0639,0.0,1.054690917763512,nan,nan,NO_WELD,0.0,0.0,False,False,False,False,False,vertical
6.817,0.0,0.0,0.0,0.0,0.0013,0.0,-0.0013,0.0,69,0,0.0639,0.0,1.054690917763512,nan,nan,NO_WELD,0.0,0.0,False,False,False,False,False,vertical
6.867,0.0,0.0,0.0,0.0,0.0013,0.0,-0.0013,0.0,69,0,0.0639,0.0,1.054690917763512,nan,nan,NO_WELD,0.0,0.0,False,False,False,False,False,vertical
6.917,0.0,0.0,0.0,0.0,0.0011,0.0,-0.0011,0.0,69,0,0.0639,0.0,-3.8671843792826963,nan,nan,NO_WELD,0.0,0.0,False,False,False,False,False,vertical
6.967,0.0,0.0,0.0,0.0,0.0011,0.0,-0.0011,0.0,69,0,0.0639,0.0,-3.8671843792826963,nan,nan,NO_WELD,0.0,0.0,False,False,False,False,False,vertical
7.017,0.0,0.0,0.0,0.0,0.0,0.0,0.0,0.0,69,0,0.0639,0.0,-3.8671843792826963,nan,nan,NO_WELD,0.0,0.0,False,False,False,False,False,vertical
7.067,0.0,0.0,0.0,0.0,0.0,0.0,0.0,0.0,69,0,0.0639,0.0,-3.8671843792826963,nan,nan,NO_WELD,0.0,0.0,False,False,False,False,False,vertical
7.118,0.0,0.0,0.0,0.0,0.0,0.0,0.0,0.0,69,0,0.0639,0.0,-3.8671843792826963,nan,nan,NO_WELD,0.0,0.0,False,False,False,False,False,vertical
7.167,0.0,0.0,0.0,0.0,0.0,0.0,0.0,0.0,69,0,0.0639,0.0,-3.8671843792826963,nan,nan,NO_WELD,0.0,0.0,False,False,False,False,False,vertical
7.217,0.0,0.0,0.0,0.0,0.0,0.0,0.0,0.0,69,0,0.0639,0.0,3.4150945850063755e-06,nan,nan,NO_WELD,0.0,0.0,False,False,False,False,False,vertical
7.269,0.0,0.0,0.0,0.0,0.0,0.0,0.0,0.0,69,0,0.0639,0.0,3.4150945850063755e-06,nan,nan,NO_WELD,0.0,0.0,False,False,False,False,False,vertical
7.317,0.0,0.0,0.0,0.0,0.0,0.0,0.0,0.0,69,0,0.0639,0.0,0.35156592487770283,nan,nan,NO_WELD,0.0,0.0,False,False,False,False,False,vertical
7.367,0.0,0.0,0.0,0.0,0.0,0.0,0.0,0.0,69,0,0.0639,0.0,0.35156592487770283,nan,nan,NO_WELD,0.0,0.0,False,False,False,False,False,vertical
7.417,0.0,0.0,0.0,0.0,0.0,0.0,0.0,0.0,69,0,0.0639,0.0,0.35156592487770283,nan,nan,NO_WELD,0.0,0.0,False,False,False,False,False,vertical
7.467,0.0,0.0,0.0,0.0,0.0,0.0,0.0,0.0,69,0,0.0639,0.0,0.35156592487770283,nan,nan,NO_WELD,0.0,0.0,False,False,False,False,False,vertical
7.517,0.0,0.0,0.0,0.0,0.0,0.0,0.0,0.0,69,0,0.0639,0.0,3.4150945850063755e-06,nan,nan,NO_WELD,0.0,0.0,False,False,False,False,False,vertical
7.567,0.0,0.0,0.0,0.0,0.0,0.0,0.0,0.0,69,0,0.0639,0.0,3.4150945850063755e-06,nan,nan,NO_WELD,0.0,0.0,False,False,False,False,False,vertical
7.617,0.0,0.0,0.0,0.0,0.0,0.0,0.0,0.0,69,0,0.0639,0.0,0.7031284346608206,nan,nan,NO_WELD,0.0,0.0,False,False,False,False,False,vertical
7.667,0.0,0.0,0.0,0.0,0.0,0.0,0.0,0.0,69,0,0.0639,0.0,0.7031284346608206,nan,nan,NO_WELD,0.0,0.0,False,False,False,False,False,vertical
7.717,0.0,0.0,0.0,0.0,0.0,0.0,0.0,0.0,69,0,0.0639,0.0,0.7031284346608206,nan,nan,NO_WELD,0.0,0.0,False,False,False,False,False,vertical
7.767,0.0,0.0,0.0,0.0,0.0,0.0,0.0,0.0,69,0,0.0639,0.0,0.7031284346608206,nan,nan,NO_WELD,0.0,0.0,False,False,False,False,False,vertical
7.817,0.0,0.0,0.0,0.0,0.0,0.0,0.0,0.0,69,0,0.0639,0.0,-4.218746595581123,nan,nan,NO_WELD,0.0,0.0,False,False,False,False,False,vertical
7.867,0.0,0.0,0.0,0.0,0.0,0.0,0.0,0.0,69,0,0.0639,0.0,-4.218746595581123,nan,nan,NO_WELD,0.0,0.0,False,False,False,False,False,vertical
7.917,0.0,0.0,0.0,0.0,0.0,0.0,0.0,0.0,69,0,0.0639,0.0,0.35156592487770283,nan,nan,NO_WELD,0.0,0.0,False,False,False,False,False,vertical
7.967,0.0,0.0,0.0,0.0,0.0,0.0,0.0,0.0,69,0,0.0639,0.0,0.35156592487770283,nan,nan,NO_WELD,0.0,0.0,False,False,False,False,False,vertical
8.017,0.0,0.0,0.0,0.0,0.0,0.0,0.0,0.0,69,0,0.0639,0.0,0.35156592487770283,nan,nan,NO_WELD,0.0,0.0,False,False,False,False,False,vertical
8.067,0.0,0.0,0.0,0.0,0.0,0.0,0.0,0.0,69,0,0.0639,0.0,0.35156592487770283,nan,nan,NO_WELD,0.0,0.0,False,False,False,False,False,vertical
8.117,0.0,0.0,0.0,0.0,0.0,0.0,0.0,0.0,69,0,0.0639,0.0,0.35156592487770283,nan,nan,NO_WELD,0.0,0.0,False,False,False,False,False,vertical
8.167,0.0,0.0,0.0,0.0,0.0,0.0,0.0,0.0,69,0,0.0639,0.0,0.35156592487770283,nan,nan,NO_WELD,0.0,0.0,False,False,False,False,False,vertical
8.217,0.0,0.0,0.0,0.0,0.0,0.0,0.0,0.0,69,0,0.0639,0.0,0.35156592487770283,nan,nan,NO_WELD,0.0,0.0,False,False,False,False,False,vertical
8.269,0.0,0.0,0.0,0.0,0.0,0.0,0.0,0.0,69,0,0.0639,0.0,0.35156592487770283,nan,nan,NO_WELD,0.0,0.0,False,False,False,False,False,vertical
8.317,0.0,0.0,0.0,0.0,0.0,0.0,0.0,0.0,69,0,0.0639,0.0,0.35156592487770283,nan,nan,NO_WELD,0.0,0.0,False,False,False,False,False,vertical
8.367,0.0,0.0,0.0,0.0,0.0,0.0,0.0,0.0,69,0,0.0639,0.0,0.35156592487770283,nan,nan,NO_WELD,0.0,0.0,False,False,False,False,False,vertical
8.417,0.0,0.0,0.0,0.0,0.0,0.0,0.0,0.0,69,0,0.0639,0.0,1.4062534542270564,nan,nan,NO_WELD,0.0,0.0,False,False,False,False,False,vertical
8.467,0.0,0.0,0.0,0.0,0.0,0.0,0.0,0.0,69,0,0.0639,0.0,1.4062534542270564,nan,nan,NO_WELD,0.0,0.0,False,False,False,False,False,vertical
8.517,0.0,0.0,0.0,0.0,0.0,0.0,0.0,0.0,69,0,0.0639,0.0,1.4062534542270564,nan,nan,NO_WELD,0.0,0.0,False,False,False,False,False,vertical
8.567,0.0,0.0,0.0,0.0,0.0,0.0,0.0,0.0,69,0,0.0639,0.0,1.4062534542270564,nan,nan,NO_WELD,0.0,0.0,False,False,False,False,False,vertical
8.617,0.0,0.0,0.0,0.0,0.0,0.0,0.0,0.0,69,0,0.0639,0.0,1.4062534542270564,nan,nan,NO_WELD,0.0,0.0,False,False,False,False,False,vertical
8.667,0.0,0.0,0.0,0.0,0.0,0.0,0.0,0.0,69,0,0.0639,0.0,1.4062534542270564,nan,nan,NO_WELD,0.0,0.0,False,False,False,False,False,vertical
8.717,0.0,0.0,0.0,0.0,0.0,0.0,0.0,0.0,69,0,0.0639,0.0,3.4150945850063755e-06,nan,nan,NO_WELD,0.0,0.0,False,False,False,False,False,vertical
8.767,0.0,0.0,0.0,0.0,0.0,0.0,0.0,0.0,69,0,0.0639,0.0,3.4150945850063755e-06,nan,nan,NO_WELD,0.0,0.0,False,False,False,False,False,vertical
8.817,0.0,0.0,0.0,0.0,0.0,0.0,0.0,0.0,69,0,0.0639,0.0,3.4150945850063755e-06,3.4150945850063755e-06,0.0,WELD_FOUND,0.0,0.0,False,False,False,False,False,vertical
8.867,0.0,0.0,0.0,0.0,0.0,0.0,0.0,0.0,69,0,0.0639,0.0,3.4150945850063755e-06,3.4150945850063755e-06,0.0,WELD_FOUND,0.0,0.0,False,False,False,False,False,vertical
8.917,0.0,0.0,0.0,0.0,0.0,0.0,0.0,0.0,69,0,0.0639,0.0,3.4150945850063755e-06,nan,nan,NO_WELD,0.0,0.0,False,False,False,False,False,vertical
8.967,0.0,0.0,0.0,0.0,0.0,0.0,0.0,0.0,69,0,0.0639,0.0,3.4150945850063755e-06,nan,nan,NO_WELD,0.0,0.0,False,False,False,False,False,vertical
9.018,0.0,0.0,0.0,0.0,0.0,0.0,0.0,0.0,69,0,0.0639,0.0,3.4150945850063755e-06,nan,nan,NO_WELD,0.0,0.0,False,False,False,False,False,vertical
9.067,0.0,0.0,0.0,0.0,0.0,0.0,0.0,0.0,69,0,0.0639,0.0,3.4150945850063755e-06,nan,nan,NO_WELD,0.0,0.0,False,False,False,False,False,vertical
9.118,0.056180683586567914,-0.049573411480904994,0.04874467186443217,0.06361669530870366,0.0,0.0,0.0487,0.0636,69,0,0.0639,0.0,0.7031284346608206,0.7031284346608206,0.0,WELD_FOUND,0.0,0.7163,True,False,False,False,False,vertical
9.167,0.056180683586567914,-0.049573411480904994,0.04874467186443217,0.06361669530870366,0.0,0.0,0.0487,0.0636,69,0,0.0639,0.0,0.7031284346608206,0.7031284346608206,0.0,WELD_FOUND,0.0,0.7163,True,False,False,False,False,vertical
9.217,0.0,0.0,0.0,0.0,0.0,0.0,0.0,0.0,71,0,0.0658,0.0,0.7031284346608206,nan,nan,NO_WELD,0.0,0.0,False,False,False,False,False,vertical
9.269,0.0,0.0,0.0,0.0,0.0074,0.0,-0.0074,0.0,71,0,0.0658,0.0,0.7031284346608206,nan,nan,NO_WELD,0.0,0.0,False,False,False,False,False,vertical
9.317,0.0,0.0,0.0,0.0,0.0074,0.0,-0.0074,0.0,75,0,0.0695,0.0,0.7031284346608206,nan,nan,NO_WELD,0.0,0.0,False,False,False,False,False,vertical
9.367,0.0,0.0,0.0,0.0,0.0074,0.0,-0.0074,0.0,75,0,0.0695,0.0,0.7031284346608206,nan,nan,NO_WELD,0.0,0.0,False,False,False,False,False,vertical
9.417,0.0,0.0,0.0,0.0,0.0143,0.0,-0.0143,0.0,75,0,0.0695,0.0,0.7031284346608206,nan,nan,NO_WELD,0.0,0.0,False,False,False,False,False,vertical
9.467,0.0,0.0,0.0,0.0,0.0143,0.0,-0.0143,0.0,75,0,0.0695,0.0,0.7031284346608206,nan,nan,NO_WELD,0.0,0.0,False,False,False,False,False,vertical
9.517,0.0,0.0,0.0,0.0,0.0143,0.0,-0.0143,0.0,75,0,0.0695,0.0,0.7031284346608206,nan,nan,NO_WELD,0.0,0.0,False,False,False,False,False,vertical
9.567,0.0,0.0,0.0,0.0,0.0115,0.0,-0.0115,0.0,75,0,0.0695,0.0,0.7031284346608206,nan,nan,NO_WELD,0.0,0.0,False,False,False,False,False,vertical
9.617,0.0,0.0,0.0,0.0,0.0115,0.0,-0.0115,0.0,75,0,0.0695,0.0,0.7031284346608206,nan,nan,NO_WELD,0.0,0.0,False,False,False,False,False,vertical
9.667,0.0,0.0,0.0,0.0,0.0092,0.0,-0.0092,0.0,75,0,0.0695,0.0,0.7031284346608206,nan,nan,NO_WELD,0.0,0.0,False,False,False,False,False,vertical
9.717,0.0,0.0,0.0,0.0,0.0092,0.0,-0.0092,0.0,75,0,0.0695,0.0,0.7031284346608206,nan,nan,NO_WELD,0.0,0.0,False,False,False,False,False,vertical
9.767,0.0,0.0,0.0,0.0,0.0092,0.0,-0.0092,0.0,75,0,0.0695,0.0,0.7031284346608206,nan,nan,NO_WELD,0.0,0.0,False,False,False,False,False,vertical
9.817,0.0,0.0,0.0,0.0,0.0073,0.0,-0.0073,0.0,75,0,0.0695,0.0,0.7031284346608206,nan,nan,NO_WELD,0.0,0.0,False,False,False,False,False,vertical
9.867,0.0,0.0,0.0,0.0,0.0073,0.0,-0.0073,0.0,75,0,0.0695,0.0,0.7031284346608206,nan,nan,NO_WELD,0.0,0.0,False,False,False,False,False,vertical
9.917,0.0,0.0,0.0,0.0,0.0073,0.0,-0.0073,0.0,75,0,0.0695,0.0,0.7031284346608206,nan,nan,NO_WELD,0.0,0.0,False,False,False,False,False,vertical
9.967,0.0,0.0,0.0,0.0,0.0059,0.0,-0.0059,0.0,75,0,0.0695,0.0,0.7031284346608206,nan,nan,NO_WELD,0.0,0.0,False,False,False,False,False,vertical
10.017,0.0,0.0,0.0,0.0,0.0059,0.0,-0.0059,0.0,75,0,0.0695,0.0,0.7031284346608206,nan,nan,NO_WELD,0.0,0.0,False,False,False,False,False,vertical
10.067,0.0,0.0,0.0,0.0,0.0047,0.0,-0.0047,0.0,75,0,0.0695,0.0,0.7031284346608206,nan,nan,NO_WELD,0.0,0.0,False,False,False,False,False,vertical
10.117,0.0,0.0,0.0,0.0,0.0047,0.0,-0.0047,0.0,75,0,0.0695,0.0,0.7031284346608206,nan,nan,NO_WELD,0.0,0.0,False,False,False,False,False,vertical
10.167,0.0,0.0,0.0,0.0,0.0047,0.0,-0.0047,0.0,75,0,0.0695,0.0,0.7031284346608206,nan,nan,NO_WELD,0.0,0.0,False,False,False,False,False,vertical
10.217,0.0,0.0,0.0,0.0,0.0038,0.0,-0.0038,0.0,75,0,0.0695,0.0,0.7031284346608206,nan,nan,NO_WELD,0.0,0.0,False,False,False,False,False,vertical
10.269,0.0,0.0,0.0,0.0,0.0038,0.0,-0.0038,0.0,75,0,0.0695,0.0,0.7031284346608206,nan,nan,NO_WELD,0.0,0.0,False,False,False,False,False,vertical
10.317,0.0,0.0,0.0,0.0,0.0038,0.0,-0.0038,0.0,75,0,0.0695,0.0,0.7031284346608206,nan,nan,NO_WELD,0.0,0.0,False,False,False,False,False,vertical
10.367,0.0,0.0,0.0,0.0,0.003,0.0,-0.003,0.0,75,0,0.0695,0.0,0.7031284346608206,nan,nan,NO_WELD,0.0,0.0,False,False,False,False,False,vertical
10.417,0.0,0.0,0.0,0.0,0.003,0.0,-0.003,0.0,75,0,0.0695,0.0,-2.1093715902432693,nan,nan,NO_WELD,0.0,0.0,False,False,False,False,False,vertical
10.467,0.0,0.0,0.0,0.0,0.0024,0.0,-0.0024,0.0,75,0,0.0695,0.0,-2.1093715902432693,nan,nan,NO_WELD,0.0,0.0,False,False,False,False,False,vertical
10.517,0.0,0.0,0.0,0.0,0.0024,0.0,-0.0024,0.0,75,0,0.0695,0.0,-2.1093715902432693,nan,nan,NO_WELD,0.0,0.0,False,False,False,False,False,vertical
10.567,0.0,0.0,0.0,0.0,0.0024,0.0,-0.0024,0.0,75,0,0.0695,0.0,-2.1093715902432693,nan,nan,NO_WELD,0.0,0.0,False,False,False,False,False,vertical
10.617,0.0,0.0,0.0,0.0,0.0019,0.0,-0.0019,0.0,75,0,0.0695,0.0,-2.1093715902432693,nan,nan,NO_WELD,0.0,0.0,False,False,False,False,False,vertical
10.667,0.0,0.0,0.0,0.0,0.0019,0.0,-0.0019,0.0,75,0,0.0695,0.0,-2.1093715902432693,nan,nan,NO_WELD,0.0,0.0,False,False,False,False,False,vertical
10.717,0.0,0.0,0.0,0.0,0.0019,0.0,-0.0019,0.0,75,0,0.0695,0.0,-2.1093715902432693,nan,nan,NO_WELD,0.0,0.0,False,False,False,False,False,vertical
10.767,0.0,0.0,0.0,0.0,0.0015,0.0,-0.0015,0.0,75,0,0.0695,0.0,-2.1093715902432693,nan,nan,NO_WELD,0.0,0.0,False,False,False,False,False,vertical
10.817,0.0,0.0,0.0,0.0,0.0015,0.0,-0.0015,0.0,75,0,0.0695,0.0,-2.1093715902432693,nan,nan,NO_WELD,0.0,0.0,False,False,False,False,False,vertical
10.867,0.0,0.0,0.0,0.0,0.0012,0.0,-0.0012,0.0,75,0,0.0695,0.0,-2.1093715902432693,nan,nan,NO_WELD,0.0,0.0,False,False,False,False,False,vertical
10.917,0.0,0.0,0.0,0.0,0.0012,0.0,-0.0012,0.0,75,0,0.0695,0.0,-2.1093715902432693,nan,nan,NO_WELD,0.0,0.0,False,False,False,False,False,vertical
10.967,0.0,0.0,0.0,0.0,0.0,0.0,0.0,0.0,75,0,0.0695,0.0,-2.1093715902432693,nan,nan,NO_WELD,0.0,0.0,False,False,False,False,False,vertical
11.017,0.0,0.0,0.0,0.0,0.0,0.0,0.0,0.0,75,0,0.0695,0.0,-2.1093715902432693,nan,nan,NO_WELD,0.0,0.0,False,False,False,False,False,vertical
11.067,0.0,0.0,0.0,0.0,0.0,0.0,0.0,0.0,75,0,0.0695,0.0,-2.1093715902432693,nan,nan,NO_WELD,0.0,0.0,False,False,False,False,False,vertical
11.117,0.0,0.0,0.0,0.0,0.0,0.0,0.0,0.0,75,0,0.0695,0.0,-2.1093715902432693,nan,nan,NO_WELD,0.0,0.0,False,False,False,False,False,vertical
11.167,0.0,0.0,0.0,0.0,0.0,0.0,0.0,0.0,75,0,0.0695,0.0,-2.1093715902432693,nan,nan,NO_WELD,0.0,0.0,False,False,False,False,False,vertical
11.217,0.0,0.0,0.0,0.0,0.0,0.0,0.0,0.0,75,0,0.0695,0.0,-2.1093715902432693,nan,nan,NO_WELD,0.0,0.0,False,False,False,False,False,vertical
11.269,0.0,0.0,0.0,0.0,0.0,0.0,0.0,0.0,75,0,0.0695,0.0,-2.1093715902432693,nan,nan,NO_WELD,0.0,0.0,False,False,False,False,False,vertical
11.317,0.0,0.0,0.0,0.0,0.0,0.0,0.0,0.0,75,0,0.0695,0.0,-2.1093715902432693,nan,nan,NO_WELD,0.0,0.0,False,False,False,False,False,vertical
11.367,0.0,0.0,0.0,0.0,0.0,0.0,0.0,0.0,75,0,0.0695,0.0,-2.1093715902432693,nan,nan,NO_WELD,0.0,0.0,False,False,False,False,False,vertical
11.417,0.0,0.0,0.0,0.0,0.0,0.0,0.0,0.0,75,0,0.0695,0.0,-2.1093715902432693,nan,nan,NO_WELD,0.0,0.0,False,False,False,False,False,vertical
11.467,0.0,0.0,0.0,0.0,0.0,0.0,0.0,0.0,75,0,0.0695,0.0,-2.1093715902432693,nan,nan,NO_WELD,0.0,0.0,False,False,False,False,False,vertical
11.517,0.0,0.0,0.0,0.0,0.0,0.0,0.0,0.0,75,0,0.0695,0.0,3.8671912094718666,nan,nan,NO_WELD,0.0,0.0,False,False,False,False,False,vertical
11.567,0.0,0.0,0.0,0.0,0.0,0.0,0.0,0.0,75,0,0.0695,0.0,3.8671912094718666,nan,nan,NO_WELD,0.0,0.0,False,False,False,False,False,vertical
11.617,0.0,0.0,0.0,0.0,0.0,0.0,0.0,0.0,75,0,0.0695,0.0,-2.8124966631703576,nan,nan,NO_WELD,0.0,0.0,False,False,False,False,False,vertical
11.667,0.0,0.0,0.0,0.0,0.0,0.0,0.0,0.0,75,0,0.0695,0.0,-2.8124966631703576,nan,nan,NO_WELD,0.0,0.0,False,False,False,False,False,vertical
11.717,0.0,0.0,0.0,0.0,0.0,0.0,0.0,0.0,75,0,0.0695,0.0,-2.8124966631703576,nan,nan,NO_WELD,0.0,0.0,False,False,False,False,False,vertical
11.767,0.0,0.0,0.0,0.0,0.0,0.0,0.0,0.0,75,0,0.0695,0.0,-2.8124966631703576,nan,nan,NO_WELD,0.0,0.0,False,False,False,False,False,vertical
11.817,0.0,0.0,0.0,0.0,0.0,0.0,0.0,0.0,75,0,0.0695,0.0,-2.8124966631703576,nan,nan,NO_WELD,0.0,0.0,False,False,False,False,False,vertical
11.867,0.0,0.0,0.0,0.0,0.0,0.0,0.0,0.0,75,0,0.0695,0.0,-2.8124966631703576,nan,nan,NO_WELD,0.0,0.0,False,False,False,False,False,vertical
11.917,0.0,0.0,0.0,0.0,0.0,0.0,0.0,0.0,75,0,0.0695,0.0,-2.8124966631703576,nan,nan,NO_WELD,0.0,0.0,False,False,False,False,False,vertical
11.967,0.0,0.0,0.0,0.0,0.0,0.0,0.0,0.0,75,0,0.0695,0.0,-2.8124966631703576,nan,nan,NO_WELD,0.0,0.0,False,False,False,False,False,vertical
12.017,0.0,0.0,0.0,0.0,0.0,0.0,0.0,0.0,75,0,0.0695,0.0,3.8671912094718666,nan,nan,NO_WELD,0.0,0.0,False,False,False,False,False,vertical
12.067,0.0,0.0,0.0,0.0,0.0,0.0,0.0,0.0,75,0,0.0695,0.0,3.8671912094718666,nan,nan,NO_WELD,0.0,0.0,False,False,False,False,False,vertical
12.117,0.0,0.0,0.0,0.0,0.0,0.0,0.0,0.0,75,0,0.0695,0.0,3.8671912094718666,nan,nan,NO_WELD,0.0,0.0,False,False,False,False,False,vertical
12.167,0.0,0.0,0.0,0.0,0.0,0.0,0.0,0.0,75,0,0.0695,0.0,3.8671912094718666,nan,nan,NO_WELD,0.0,0.0,False,False,False,False,False,vertical
12.217,0.0,0.0,0.0,0.0,0.0,0.0,0.0,0.0,75,0,0.0695,0.0,-3.5156217360974464,nan,nan,NO_WELD,0.0,0.0,False,False,False,False,False,vertical
12.269,0.0,0.0,0.0,0.0,0.0,0.0,0.0,0.0,75,0,0.0695,0.0,-3.5156217360974464,nan,nan,NO_WELD,0.0,0.0,False,False,False,False,False,vertical
12.318,0.0,0.0,0.0,0.0,0.0,0.0,0.0,0.0,75,0,0.0695,0.0,-2.460934233428519,nan,nan,NO_WELD,0.0,0.0,False,False,False,False,False,vertical
12.367,0.0,0.0,0.0,0.0,0.0,0.0,0.0,0.0,75,0,0.0695,0.0,-2.460934233428519,nan,nan,NO_WELD,0.0,0.0,False,False,False,False,False,vertical
12.417,0.0,0.0,0.0,0.0,0.0,0.0,0.0,0.0,75,0,0.0695,0.0,-1.0546840875743422,nan,nan,NO_WELD,0.0,0.0,False,False,False,False,False,vertical
12.467,0.0,0.0,0.0,0.0,0.0,0.0,0.0,0.0,75,0,0.0695,0.0,-1.0546840875743422,nan,nan,NO_WELD,0.0,0.0,False,False,False,False,False,vertical
12.517,0.0,0.0,0.0,0.0,0.0,0.0,0.0,0.0,75,0,0.0695,0.0,-1.0546840875743422,nan,nan,NO_WELD,0.0,0.0,False,False,False,False,False,vertical
12.567,0.0,0.0,0.0,0.0,0.0,0.0,0.0,0.0,75,0,0.0695,0.0,-1.0546840875743422,nan,nan,NO_WELD,0.0,0.0,False,False,False,False,False,vertical
12.618,0.0,0.0,0.0,0.0,0.0,0.0,0.0,0.0,75,0,0.0695,0.0,-1.0546840875743422,nan,nan,NO_WELD,0.0,0.0,False,False,False,False,False,vertical
12.667,0.0,0.0,0.0,0.0,0.0,0.0,0.0,0.0,75,0,0.0695,0.0,-1.0546840875743422,nan,nan,NO_WELD,0.0,0.0,False,False,False,False,False,vertical
12.717,0.0,0.0,0.0,0.0,0.0,0.0,0.0,0.0,75,0,0.0695,0.0,-1.0546840875743422,nan,nan,NO_WELD,0.0,0.0,False,False,False,False,False,vertical
12.767,0.0,0.0,0.0,0.0,0.0,0.0,0.0,0.0,75,0,0.0695,0.0,-1.0546840875743422,nan,nan,NO_WELD,0.0,0.0,False,False,False,False,False,vertical
12.817,0.0,0.0,0.0,0.0,0.0,0.0,0.0,0.0,75,0,0.0695,0.0,-1.0546840875743422,nan,nan,NO_WELD,0.0,0.0,False,False,False,False,False,vertical
12.867,0.0,0.0,0.0,0.0,0.0,0.0,0.0,0.0,75,0,0.0695,0.0,-1.0546840875743422,nan,nan,NO_WELD,0.0,0.0,False,False,False,False,False,vertical
12.917,0.0,0.0,0.0,0.0,0.0,0.0,0.0,0.0,75,0,0.0695,0.0,-1.0546840875743422,nan,nan,NO_WELD,0.0,0.0,False,False,False,False,False,vertical
12.967,0.0,0.0,0.0,0.0,0.0,0.0,0.0,0.0,75,0,0.0695,0.0,-1.0546840875743422,nan,nan,NO_WELD,0.0,0.0,False,False,False,False,False,vertical
13.017,0.0,0.0,0.0,0.0,0.0,0.0,0.0,0.0,75,0,0.0695,0.0,-2.8124966631703576,nan,nan,NO_WELD,0.0,0.0,False,False,False,False,False,vertical
13.067,0.0,0.0,0.0,0.0,0.0,0.0,0.0,0.0,75,0,0.0695,0.0,-2.8124966631703576,nan,nan,NO_WELD,0.0,0.0,False,False,False,False,False,vertical
13.117,0.0,0.0,0.0,0.0,0.0,0.0,0.0,0.0,75,0,0.0695,0.0,-2.8124966631703576,nan,nan,NO_WELD,0.0,0.0,False,False,False,False,False,vertical
13.168,0.0,0.0,0.0,0.0,0.0,0.0,0.0,0.0,75,0,0.0695,0.0,-2.8124966631703576,nan,nan,NO_WELD,0.0,0.0,False,False,False,False,False,vertical
13.217,0.0,0.0,0.0,0.0,0.0,0.0,0.0,0.0,75,0,0.0695,0.0,-2.1093715902432693,-2.1093715902432693,0.0,WELD_FOUND,0.0,0.0,False,False,False,False,False,vertical
13.27,0.0,0.0,0.0,0.0,0.0,0.0,0.0,0.0,75,0,0.0695,0.0,-2.1093715902432693,-2.1093715902432693,0.0,WELD_FOUND,0.0,0.0,False,False,False,False,False,vertical
13.318,0.04229352563186634,0.05,0.04979352563186634,0.03479352563186634,0.0,0.0,0.0498,0.0348,75,0,0.0695,0.0,-1.7578091605014305,-1.9335904820940557,0.17578132159262516,WELD_FOUND,0.6523,0.5422,False,False,False,False,False,vertical
13.368,0.04229352563186634,0.05,0.04979352563186634,0.03479352563186634,0.0,0.0,0.0498,0.0348,75,0,0.0695,0.0,-1.7578091605014305,-1.9335904820940557,0.17578132159262516,WELD_FOUND,0.6523,0.5422,False,False,False,False,False,vertical
13.417,0.0,0.0,0.0,0.0,0.0,0.0,0.0,0.0,80,0,0.0741,0.0,-1.7578091605014305,nan,nan,NO_WELD,0.0,0.0,False,False,False,False,False,vertical
13.467,0.0,0.0,0.0,0.0,0.0,0.0,0.0,0.0,80,0,0.0741,0.0,-1.7578091605014305,nan,nan,NO_WELD,0.0,0.0,False,False,False,False,False,vertical
13.517,0.0,0.0,0.0,0.0,0.0198,0.0,-0.0198,0.0,83,0,0.0769,0.0,-1.7578091605014305,nan,nan,NO_WELD,0.0,0.0,False,False,False,False,False,vertical
13.567,0.0,0.0,0.0,0.0,0.0198,0.0,-0.0198,0.0,83,0,0.0769,0.0,-1.7578091605014305,nan,nan,NO_WELD,0.0,0.0,False,False,False,False,False,vertical
13.617,0.0,0.0,0.0,0.0,0.0158,0.0,-0.0158,0.0,83,0,0.0769,0.0,-1.7578091605014305,nan,nan,NO_WELD,0.0,0.0,False,False,False,False,False,vertical
13.667,0.0,0.0,0.0,0.0,0.0158,0.0,-0.0158,0.0,83,0,0.0769,0.0,-1.7578091605014305,nan,nan,NO_WELD,0.0,0.0,False,False,False,False,False,vertical
13.717,0.0,0.0,0.0,0.0,0.0158,0.0,-0.0158,0.0,83,0,0.0769,0.0,-1.7578091605014305,nan,nan,NO_WELD,0.0,0.0,False,False,False,False,False,vertical
13.767,0.0,0.0,0.0,0.0,0.0127,0.0,-0.0127,0.0,83,0,0.0769,0.0,-1.7578091605014305,nan,nan,NO_WELD,0.0,0.0,False,False,False,False,False,vertical
13.817,0.0,0.0,0.0,0.0,0.0127,0.0,-0.0127,0.0,83,0,0.0769,0.0,-1.7578091605014305,nan,nan,NO_WELD,0.0,0.0,False,False,False,False,False,vertical
13.868,0.0,0.0,0.0,0.0,0.0101,0.0,-0.0101,0.0,83,0,0.0769,0.0,-1.7578091605014305,nan,nan,NO_WELD,0.0,0.0,False,False,False,False,False,vertical
13.917,0.0,0.0,0.0,0.0,0.0101,0.0,-0.0101,0.0,83,0,0.0769,0.0,-1.7578091605014305,nan,nan,NO_WELD,0.0,0.0,False,False,False,False,False,vertical
13.967,0.0,0.0,0.0,0.0,0.0101,0.0,-0.0101,0.0,83,0,0.0769,0.0,-1.7578091605014305,nan,nan,NO_WELD,0.0,0.0,False,False,False,False,False,vertical
14.017,0.0,0.0,0.0,0.0,0.0081,0.0,-0.0081,0.0,83,0,0.0769,0.0,-1.7578091605014305,nan,nan,NO_WELD,0.0,0.0,False,False,False,False,False,vertical
14.068,0.0,0.0,0.0,0.0,0.0081,0.0,-0.0081,0.0,83,0,0.0769,0.0,-1.7578091605014305,nan,nan,NO_WELD,0.0,0.0,False,False,False,False,False,vertical
14.117,0.0,0.0,0.0,0.0,0.0065,0.0,-0.0065,0.0,83,0,0.0769,0.0,-1.7578091605014305,nan,nan,NO_WELD,0.0,0.0,False,False,False,False,False,vertical
14.168,0.0,0.0,0.0,0.0,0.0065,0.0,-0.0065,0.0,83,0,0.0769,0.0,-1.7578091605014305,nan,nan,NO_WELD,0.0,0.0,False,False,False,False,False,vertical
14.217,0.0,0.0,0.0,0.0,0.0065,0.0,-0.0065,0.0,83,0,0.0769,0.0,-1.7578091605014305,nan,nan,NO_WELD,0.0,0.0,False,False,False,False,False,vertical
14.27,0.0,0.0,0.0,0.0,0.0052,0.0,-0.0052,0.0,83,0,0.0769,0.0,-1.7578091605014305,nan,nan,NO_WELD,0.0,0.0,False,False,False,False,False,vertical
14.317,0.0,0.0,0.0,0.0,0.0052,0.0,-0.0052,0.0,83,0,0.0769,0.0,-1.7578091605014305,nan,nan,NO_WELD,0.0,0.0,False,False,False,False,False,vertical
14.368,0.0,0.0,0.0,0.0,0.0041,0.0,-0.0041,0.0,83,0,0.0769,0.0,-1.7578091605014305,nan,nan,NO_WELD,0.0,0.0,False,False,False,False,False,vertical
14.417,0.0,0.0,0.0,0.0,0.0041,0.0,-0.0041,0.0,83,0,0.0769,0.0,-1.7578091605014305,nan,nan,NO_WELD,0.0,0.0,False,False,False,False,False,vertical
14.468,0.0,0.0,0.0,0.0,0.0033,0.0,-0.0033,0.0,83,0,0.0769,0.0,-1.7578091605014305,nan,nan,NO_WELD,0.0,0.0,False,False,False,False,False,vertical
14.517,0.0,0.0,0.0,0.0,0.0033,0.0,-0.0033,0.0,83,0,0.0769,0.0,-1.7578091605014305,nan,nan,NO_WELD,0.0,0.0,False,False,False,False,False,vertical
14.568,0.0,0.0,0.0,0.0,0.0027,0.0,-0.0027,0.0,83,0,0.0769,0.0,-1.7578091605014305,nan,nan,NO_WELD,0.0,0.0,False,False,False,False,False,vertical
14.617,0.0,0.0,0.0,0.0,0.0027,0.0,-0.0027,0.0,83,0,0.0769,0.0,0.35156592487770283,nan,nan,NO_WELD,0.0,0.0,False,False,False,False,False,vertical
14.668,0.0,0.0,0.0,0.0,0.0021,0.0,-0.0021,0.0,83,0,0.0769,0.0,0.35156592487770283,nan,nan,NO_WELD,0.0,0.0,False,False,False,False,False,vertical
14.717,0.0,0.0,0.0,0.0,0.0021,0.0,-0.0021,0.0,83,0,0.0769,0.0,3.4150945850063755e-06,nan,nan,NO_WELD,0.0,0.0,False,False,False,False,False,vertical
14.768,0.0,0.0,0.0,0.0,0.0017,0.0,-0.0017,0.0,83,0,0.0769,0.0,-0.7031216044716506,nan,nan,NO_WELD,0.0,0.0,False,False,False,False,False,vertical
14.817,0.0,0.0,0.0,0.0,0.0017,0.0,-0.0017,0.0,83,0,0.0769,0.0,-0.7031216044716506,nan,nan,NO_WELD,0.0,0.0,False,False,False,False,False,vertical
14.87,0.0,0.0,0.0,0.0,0.0017,0.0,-0.0017,0.0,83,0,0.0769,0.0,0.35156592487770283,nan,nan,NO_WELD,0.0,0.0,False,False,False,False,False,vertical
14.917,0.0,0.0,0.0,0.0,0.0014,0.0,-0.0014,0.0,83,0,0.0769,0.0,0.35156592487770283,nan,nan,NO_WELD,0.0,0.0,False,False,False,False,False,vertical
14.968,0.0,0.0,0.0,0.0,0.0014,0.0,-0.0014,0.0,83,0,0.0769,0.0,3.4150945850063755e-06,nan,nan,NO_WELD,0.0,0.0,False,False,False,False,False,vertical
15.017,0.0,0.0,0.0,0.0,0.0014,0.0,-0.0014,0.0,83,0,0.0769,0.0,3.4150945850063755e-06,3.4150945850063755e-06,0.0,WELD_FOUND,0.0,0.0,False,False,False,False,False,vertical
15.068,0.0,0.0,0.0,0.0,0.0011,0.0,-0.0011,0.0,83,0,0.0769,0.0,-0.35155909468853286,3.4150945850063755e-06,-0.35156250978311787,WELD_FOUND,0.0,0.0,False,False,False,False,False,vertical
15.117,0.065,0.0,0.065,0.065,0.0011,0.0,0.0639,0.065,83,0,0.0769,0.0,-0.35155909468853286,-0.17577783979697392,-0.17578125489155894,WELD_FOUND,0.7227,0.7227,False,False,False,False,False,vertical
15.168,0.065,0.0,0.065,0.065,0.0,0.0,0.065,0.065,83,0,0.0769,0.0,-0.35155909468853286,nan,nan,NO_WELD,0.7227,0.7227,False,False,False,False,False,vertical
15.217,0.0,0.0,0.0,0.0,0.0,0.0,0.0,0.0,86,0,0.0797,0.0,-0.35155909468853286,nan,nan,NO_WELD,0.0,0.0,False,False,False,False,False,vertical
15.269,0.0,0.0,0.0,0.0,0.0,0.0,0.0,0.0,86,0,0.0797,0.0,-0.35155909468853286,nan,nan,NO_WELD,0.0,0.0,False,False,False,False,False,vertical
15.317,0.0,0.0,0.0,0.0,0.0297,0.0,-0.0297,0.0,95,0,0.088,0.0,-0.35155909468853286,nan,nan,NO_WELD,0.0,0.0,False,False,False,False,False,vertical
15.368,0.0,0.0,0.0,0.0,0.0297,0.0,-0.0297,0.0,95,0,0.088,0.0,-0.35155909468853286,nan,nan,NO_WELD,0.0,0.0,False,False,False,False,False,vertical
15.417,0.0,0.0,0.0,0.0,0.0238,0.0,-0.0238,0.0,95,0,0.088,0.0,-0.35155909468853286,nan,nan,NO_WELD,0.0,0.0,False,False,False,False,False,vertical
15.467,0.0,0.0,0.0,0.0,0.0238,0.0,-0.0238,0.0,95,0,0.088,0.0,-0.35155909468853286,nan,nan,NO_WELD,0.0,0.0,False,False,False,False,False,vertical
15.517,0.0,0.0,0.0,0.0,0.0238,0.0,-0.0238,0.0,95,0,0.088,0.0,-0.35155909468853286,nan,nan,NO_WELD,0.0,0.0,False,False,False,False,False,vertical
15.567,0.0,0.0,0.0,0.0,0.019,0.0,-0.019,0.0,95,0,0.088,0.0,-0.35155909468853286,nan,nan,NO_WELD,0.0,0.0,False,False,False,False,False,vertical
15.617,0.0,0.0,0.0,0.0,0.019,0.0,-0.019,0.0,95,0,0.088,0.0,-0.35155909468853286,nan,nan,NO_WELD,0.0,0.0,False,False,False,False,False,vertical
15.668,0.0,0.0,0.0,0.0,0.0152,0.0,-0.0152,0.0,95,0,0.088,0.0,-0.35155909468853286,nan,nan,NO_WELD,0.0,0.0,False,False,False,False,False,vertical
15.717,0.0,0.0,0.0,0.0,0.0152,0.0,-0.0152,0.0,95,0,0.088,0.0,-0.35155909468853286,nan,nan,NO_WELD,0.0,0.0,False,False,False,False,False,vertical
15.768,0.0,0.0,0.0,0.0,0.0152,0.0,-0.0152,0.0,95,0,0.088,0.0,-0.35155909468853286,nan,nan,NO_WELD,0.0,0.0,False,False,False,False,False,vertical
15.817,0.0,0.0,0.0,0.0,0.0122,0.0,-0.0122,0.0,95,0,0.088,0.0,-0.35155909468853286,nan,nan,NO_WELD,0.0,0.0,False,False,False,False,False,vertical
15.868,0.0,0.0,0.0,0.0,0.0122,0.0,-0.0122,0.0,95,0,0.088,0.0,-0.35155909468853286,nan,nan,NO_WELD,0.0,0.0,False,False,False,False,False,vertical
15.917,0.0,0.0,0.0,0.0,0.0097,0.0,-0.0097,0.0,95,0,0.088,0.0,-0.35155909468853286,nan,nan,NO_WELD,0.0,0.0,False,False,False,False,False,vertical
15.968,0.0,0.0,0.0,0.0,0.0097,0.0,-0.0097,0.0,95,0,0.088,0.0,-0.35155909468853286,nan,nan,NO_WELD,0.0,0.0,False,False,False,False,False,vertical
16.017,0.0,0.0,0.0,0.0,0.0097,0.0,-0.0097,0.0,95,0,0.088,0.0,-0.35155909468853286,nan,nan,NO_WELD,0.0,0.0,False,False,False,False,False,vertical
16.067,0.0,0.0,0.0,0.0,0.0078,0.0,-0.0078,0.0,95,0,0.088,0.0,-0.35155909468853286,nan,nan,NO_WELD,0.0,0.0,False,False,False,False,False,vertical
16.117,0.0,0.0,0.0,0.0,0.0078,0.0,-0.0078,0.0,95,0,0.088,0.0,-0.35155909468853286,nan,nan,NO_WELD,0.0,0.0,False,False,False,False,False,vertical
16.167,0.0,0.0,0.0,0.0,0.0062,0.0,-0.0062,0.0,95,0,0.088,0.0,-4.218746595581123,nan,nan,NO_WELD,0.0,0.0,False,False,False,False,False,vertical
16.217,0.0,0.0,0.0,0.0,0.0062,0.0,-0.0062,0.0,95,0,0.088,0.0,-4.218746595581123,nan,nan,NO_WELD,0.0,0.0,False,False,False,False,False,vertical
16.269,0.0,0.0,0.0,0.0,0.0062,0.0,-0.0062,0.0,95,0,0.088,0.0,-0.7031216044716506,nan,nan,NO_WELD,0.0,0.0,False,False,False,False,False,vertical
16.317,0.0,0.0,0.0,0.0,0.005,0.0,-0.005,0.0,95,0,0.088,0.0,-0.7031216044716506,nan,nan,NO_WELD,0.0,0.0,False,False,False,False,False,vertical
16.367,0.0,0.0,0.0,0.0,0.005,0.0,-0.005,0.0,95,0,0.088,0.0,-0.7031216044716506,nan,nan,NO_WELD,0.0,0.0,False,False,False,False,False,vertical
16.417,0.0,0.0,0.0,0.0,0.005,0.0,-0.005,0.0,95,0,0.088,0.0,-0.7031216044716506,nan,nan,NO_WELD,0.0,0.0,False,False,False,False,False,vertical
16.467,0.0,0.0,0.0,0.0,0.004,0.0,-0.004,0.0,95,0,0.088,0.0,-1.4062466240378864,nan,nan,NO_WELD,0.0,0.0,False,False,False,False,False,vertical
16.517,0.0,0.0,0.0,0.0,0.004,0.0,-0.004,0.0,95,0,0.088,0.0,-1.4062466240378864,nan,nan,NO_WELD,0.0,0.0,False,False,False,False,False,vertical
16.567,0.0,0.0,0.0,0.0,0.0032,0.0,-0.0032,0.0,95,0,0.088,0.0,-1.4062466240378864,nan,nan,NO_WELD,0.0,0.0,False,False,False,False,False,vertical
16.617,0.0,0.0,0.0,0.0,0.0032,0.0,-0.0032,0.0,95,0,0.088,0.0,-1.4062466240378864,nan,nan,NO_WELD,0.0,0.0,False,False,False,False,False,vertical
16.667,0.0,0.0,0.0,0.0,0.0026,0.0,-0.0026,0.0,95,0,0.088,0.0,-1.0546840875743422,nan,nan,NO_WELD,0.0,0.0,False,False,False,False,False,vertical
16.717,0.0,0.0,0.0,0.0,0.0026,0.0,-0.0026,0.0,95,0,0.088,0.0,-1.0546840875743422,nan,nan,NO_WELD,0.0,0.0,False,False,False,False,False,vertical
16.768,0.0,0.0,0.0,0.0,0.002,0.0,-0.002,0.0,95,0,0.088,0.0,-1.4062466240378864,nan,nan,NO_WELD,0.0,0.0,False,False,False,False,False,vertical
16.817,0.0,0.0,0.0,0.0,0.002,0.0,-0.002,0.0,95,0,0.088,0.0,-1.4062466240378864,nan,nan,NO_WELD,0.0,0.0,False,False,False,False,False,vertical
16.868,0.0,0.0,0.0,0.0,0.0016,0.0,-0.0016,0.0,95,0,0.088,0.0,-1.4062466240378864,nan,nan,NO_WELD,0.0,0.0,False,False,False,False,False,vertical
16.917,0.0,0.0,0.0,0.0,0.0016,0.0,-0.0016,0.0,95,0,0.088,0.0,-1.4062466240378864,nan,nan,NO_WELD,0.0,0.0,False,False,False,False,False,vertical
16.967,0.0,0.0,0.0,0.0,0.0016,0.0,-0.0016,0.0,95,0,0.088,0.0,-1.4062466240378864,nan,nan,NO_WELD,0.0,0.0,False,False,False,False,False,vertical
17.017,0.0,0.0,0.0,0.0,0.0013,0.0,-0.0013,0.0,95,0,0.088,0.0,-1.4062466240378864,nan,nan,NO_WELD,0.0,0.0,False,False,False,False,False,vertical
17.068,0.0,0.0,0.0,0.0,0.0013,0.0,-0.0013,0.0,95,0,0.088,0.0,-0.35155909468853286,-0.35155909468853286,0.0,WELD_FOUND,0.0,0.0,False,False,False,False,False,vertical
17.117,0.0,0.0,0.0,0.0,0.0013,0.0,-0.0013,0.0,95,0,0.088,0.0,-0.35155909468853286,-0.35155909468853286,0.0,WELD_FOUND,0.0,0.0,False,False,False,False,False,vertical
17.167,0.0,0.0,0.0,0.0,0.001,0.0,-0.001,0.0,95,0,0.088,0.0,-0.35155909468853286,nan,nan,NO_WELD,0.0,0.0,False,False,False,False,False,vertical
17.217,0.0,0.0,0.0,0.0,0.001,0.0,-0.001,0.0,95,0,0.088,0.0,-0.35155909468853286,nan,nan,NO_WELD,0.0,0.0,False,False,False,False,False,vertical
17.269,0.06051006773713692,0.02496318038764057,0.064254544795283,0.056765590678990833,0.0,0.0,0.0643,0.0568,95,0,0.088,0.0,-0.35155909468853286,-0.35155909468853286,0.0,WELD_FOUND,0.7192,0.6846,False,False,False,False,False,vertical
17.317,0.06051006773713692,0.02496318038764057,0.064254544795283,0.056765590678990833,0.0,0.0,0.0643,0.0568,100,0,0.0927,0.0,-0.35155909468853286,-0.35155909468853286,0.0,WELD_FOUND,0.7192,0.6846,False,False,False,False,False,vertical
17.368,0.0,0.0,0.0,0.0,0.0185,0.0,-0.0185,0.0,100,0,0.0927,0.0,-0.35155909468853286,nan,nan,NO_WELD,0.0,0.0,False,False,False,False,False,vertical
17.417,0.0,0.0,0.0,0.0,0.0185,0.0,-0.0185,0.0,108,0,0.1001,0.0,-0.35155909468853286,nan,nan,NO_WELD,0.0,0.0,False,False,False,False,False,vertical
17.467,0.0,0.0,0.0,0.0,0.0185,0.0,-0.0185,0.0,108,0,0.1001,0.0,-0.35155909468853286,nan,nan,NO_WELD,0.0,0.0,False,False,False,False,False,vertical
17.517,0.0,0.0,0.0,0.0,0.0284,0.0,-0.0284,0.0,107,0,0.0992,0.0,-0.35155909468853286,nan,nan,NO_WELD,0.0,0.0,False,False,False,False,False,vertical
17.567,0.0,0.0,0.0,0.0,0.0284,0.0,-0.0284,0.0,107,0,0.0992,0.0,-0.35155909468853286,nan,nan,NO_WELD,0.0,0.0,False,False,False,False,False,vertical
17.617,0.0,0.0,0.0,0.0,0.0284,0.0,-0.0284,0.0,107,0,0.0992,0.0,-0.35155909468853286,nan,nan,NO_WELD,0.0,0.0,False,False,False,False,False,vertical
17.667,0.0,0.0,0.0,0.0,0.0227,0.0,-0.0227,0.0,107,0,0.0992,0.0,-0.35155909468853286,nan,nan,NO_WELD,0.0,0.0,False,False,False,False,False,vertical
17.717,0.0,0.0,0.0,0.0,0.0227,0.0,-0.0227,0.0,107,0,0.0992,0.0,-0.35155909468853286,nan,nan,NO_WELD,0.0,0.0,False,False,False,False,False,vertical
17.767,0.065,0.0,0.065,0.065,0.0182,0.0,0.0468,0.065,107,0,0.0992,0.0,3.4150945850063755e-06,3.4150945850063755e-06,0.0,WELD_FOUND,0.7227,0.7227,False,False,False,False,False,vertical
17.817,0.065,0.0,0.065,0.065,0.0182,0.0,0.0468,0.065,108,0,0.1001,0.0,3.4150945850063755e-06,3.4150945850063755e-06,0.0,WELD_FOUND,0.7227,0.7227,False,False,False,False,False,vertical
17.867,0.0,0.0,0.0,0.0,0.0146,0.0,-0.0146,0.0,108,0,0.1001,0.0,3.4150945850063755e-06,nan,nan,NO_WELD,0.0,0.0,False,False,False,False,False,vertical
17.917,0.0,0.0,0.0,0.0,0.0146,0.0,-0.0146,0.0,127,0,0.1177,0.0,3.4150945850063755e-06,nan,nan,NO_WELD,0.0,0.0,False,False,False,False,False,vertical
17.967,0.0,0.0,0.0,0.0,0.0146,0.0,-0.0146,0.0,127,0,0.1177,0.0,3.4150945850063755e-06,nan,nan,NO_WELD,0.0,0.0,False,False,False,False,False,vertical
18.017,0.0,0.0,0.0,0.0,0.0533,0.0,-0.0533,0.0,126,0,0.1168,0.0,3.4150945850063755e-06,nan,nan,NO_WELD,0.0,0.0,False,False,False,False,False,vertical
18.067,0.0,0.0,0.0,0.0,0.0533,0.0,-0.0533,0.0,126,0,0.1168,0.0,3.4150945850063755e-06,nan,nan,NO_WELD,0.0,0.0,False,False,False,False,False,vertical
18.117,0.0,0.0,0.0,0.0,0.0533,0.0,-0.0533,0.0,126,0,0.1168,0.0,3.4150945850063755e-06,nan,nan,NO_WELD,0.0,0.0,False,False,False,False,False,vertical
18.167,0.0,0.0,0.0,0.0,0.0426,0.0,-0.0426,0.0,126,0,0.1168,0.0,3.4150945850063755e-06,nan,nan,NO_WELD,0.0,0.0,False,False,False,False,False,vertical
18.217,0.0,0.0,0.0,0.0,0.0426,0.0,-0.0426,0.0,126,0,0.1168,0.0,3.4150945850063755e-06,nan,nan,NO_WELD,0.0,0.0,False,False,False,False,False,vertical
18.269,0.0,0.0,0.0,0.0,0.0426,0.0,-0.0426,0.0,126,0,0.1168,0.0,3.4150945850063755e-06,nan,nan,NO_WELD,0.0,0.0,False,False,False,False,False,vertical
18.317,0.0,0.0,0.0,0.0,0.0341,0.0,-0.0341,0.0,126,0,0.1168,0.0,3.4150945850063755e-06,nan,nan,NO_WELD,0.0,0.0,False,False,False,False,False,vertical
18.367,0.0,0.0,0.0,0.0,0.0341,0.0,-0.0341,0.0,126,0,0.1168,0.0,3.4150945850063755e-06,nan,nan,NO_WELD,0.0,0.0,False,False,False,False,False,vertical
18.418,0.0,0.0,0.0,0.0,0.0273,0.0,-0.0273,0.0,126,0,0.1168,0.0,3.4150945850063755e-06,nan,nan,NO_WELD,0.0,0.0,False,False,False,False,False,vertical
18.467,0.0,0.0,0.0,0.0,0.0273,0.0,-0.0273,0.0,126,0,0.1168,0.0,3.4150945850063755e-06,nan,nan,NO_WELD,0.0,0.0,False,False,False,False,False,vertical
18.517,0.0,0.0,0.0,0.0,0.0273,0.0,-0.0273,0.0,126,0,0.1168,0.0,3.4150945850063755e-06,nan,nan,NO_WELD,0.0,0.0,False,False,False,False,False,vertical
18.567,0.0,0.0,0.0,0.0,0.0218,0.0,-0.0218,0.0,126,0,0.1168,0.0,3.4150945850063755e-06,nan,nan,NO_WELD,0.0,0.0,False,False,False,False,False,vertical
18.617,0.0,0.0,0.0,0.0,0.0218,0.0,-0.0218,0.0,126,0,0.1168,0.0,3.4150945850063755e-06,nan,nan,NO_WELD,0.0,0.0,False,False,False,False,False,vertical
18.667,0.0,0.0,0.0,0.0,0.0175,0.0,-0.0175,0.0,126,0,0.1168,0.0,3.4150945850063755e-06,3.4150945850063755e-06,0.0,WELD_FOUND,0.0,0.0,False,False,False,False,False,vertical
18.718,0.0,0.0,0.0,0.0,0.0175,0.0,-0.0175,0.0,126,0,0.1168,0.0,3.4150945850063755e-06,3.4150945850063755e-06,0.0,WELD_FOUND,0.0,0.0,False,False,False,False,False,vertical
18.767,0.0,0.0,0.0,0.0,0.0175,0.0,-0.0175,0.0,126,0,0.1168,0.0,3.4150945850063755e-06,nan,nan,NO_WELD,0.0,0.0,False,False,False,False,False,vertical
18.818,0.0,0.0,0.0,0.0,0.014,0.0,-0.014,0.0,126,0,0.1168,0.0,3.4150945850063755e-06,nan,nan,NO_WELD,0.0,0.0,False,False,False,False,False,vertical
18.867,0.0,0.0,0.0,0.0,0.014,0.0,-0.014,0.0,126,0,0.1168,0.0,3.4150945850063755e-06,nan,nan,NO_WELD,0.0,0.0,False,False,False,False,False,vertical
18.918,0.0,0.0,0.0,0.0,0.014,0.0,-0.014,0.0,126,0,0.1168,0.0,3.4150945850063755e-06,nan,nan,NO_WELD,0.0,0.0,False,False,False,False,False,vertical
18.967,0.0,0.0,0.0,0.0,0.0112,0.0,-0.0112,0.0,126,0,0.1168,0.0,3.4150945850063755e-06,nan,nan,NO_WELD,0.0,0.0,False,False,False,False,False,vertical
19.018,0.0,0.0,0.0,0.0,0.0112,0.0,-0.0112,0.0,126,0,0.1168,0.0,3.4150945850063755e-06,nan,nan,NO_WELD,0.0,0.0,False,False,False,False,False,vertical
19.067,0.0,0.0,0.0,0.0,0.0089,0.0,-0.0089,0.0,126,0,0.1168,0.0,3.4150945850063755e-06,nan,nan,NO_WELD,0.0,0.0,False,False,False,False,False,vertical
19.118,0.0,0.0,0.0,0.0,0.0089,0.0,-0.0089,0.0,126,0,0.1168,0.0,3.4150945850063755e-06,nan,nan,NO_WELD,0.0,0.0,False,False,False,False,False,vertical
19.167,0.0,0.0,0.0,0.0,0.0072,0.0,-0.0072,0.0,126,0,0.1168,0.0,3.4150945850063755e-06,nan,nan,NO_WELD,0.0,0.0,False,False,False,False,False,vertical
19.218,0.0,0.0,0.0,0.0,0.0072,0.0,-0.0072,0.0,126,0,0.1168,0.0,3.4150945850063755e-06,nan,nan,NO_WELD,0.0,0.0,False,False,False,False,False,vertical
19.269,0.0,0.0,0.0,0.0,0.0072,0.0,-0.0072,0.0,126,0,0.1168,0.0,-0.7031216044716506,-0.7031216044716506,0.0,WELD_FOUND,0.0,0.0,False,False,False,False,False,vertical
19.318,0.0,0.0,0.0,0.0,0.0057,0.0,-0.0057,0.0,126,0,0.1168,0.0,-0.7031216044716506,-0.7031216044716506,0.0,WELD_FOUND,0.0,0.0,False,False,False,False,False,vertical
19.367,0.0,0.0,0.0,0.0,0.0057,0.0,-0.0057,0.0,126,0,0.1168,0.0,-0.7031216044716506,nan,nan,NO_WELD,0.0,0.0,False,False,False,False,False,vertical
19.418,0.0,0.0,0.0,0.0,0.0046,0.0,-0.0046,0.0,126,0,0.1168,0.0,-0.7031216044716506,nan,nan,NO_WELD,0.0,0.0,False,False,False,False,False,vertical
19.467,0.05618076613580716,0.05,0.06368076613580716,0.04868076613580716,0.0046,0.0,0.0591,0.0487,126,0,0.1168,0.0,-0.7031216044716506,-0.7031216044716506,0.0,WELD_FOUND,0.7166,0.6471,False,False,False,False,False,vertical
19.518,0.05618076613580716,0.05,0.06368076613580716,0.04868076613580716,0.0046,0.0,0.0591,0.0487,128,0,0.1186,0.0,-0.7031216044716506,-0.7031216044716506,0.0,WELD_FOUND,0.7166,0.6471,False,False,False,False,False,vertical
19.567,0.0,0.0,0.0,0.0,0.0077,0.0,-0.0077,0.0,128,0,0.1186,0.0,-0.7031216044716506,nan,nan,NO_WELD,0.0,0.0,False,False,False,False,False,vertical
19.618,0.0,0.0,0.0,0.0,0.0077,0.0,-0.0077,0.0,137,0,0.127,0.0,-0.7031216044716506,nan,nan,NO_WELD,0.0,0.0,False,False,False,False,False,vertical
19.667,0.0,0.0,0.0,0.0,0.0077,0.0,-0.0077,0.0,137,0,0.127,0.0,-0.7031216044716506,nan,nan,NO_WELD,0.0,0.0,False,False,False,False,False,vertical
19.718,0.0,0.0,0.0,0.0,0.0244,0.0,-0.0244,0.0,136,0,0.126,0.0,-0.7031216044716506,nan,nan,NO_WELD,0.0,0.0,False,False,False,False,False,vertical
19.767,0.0,0.0,0.0,0.0,0.0244,0.0,-0.0244,0.0,136,0,0.126,0.0,-0.7031216044716506,nan,nan,NO_WELD,0.0,0.0,False,False,False,False,False,vertical
19.818,0.0,0.0,0.0,0.0,0.0244,0.0,-0.0244,0.0,134,0,0.1242,0.0,-0.7031216044716506,nan,nan,NO_WELD,0.0,0.0,False,False,False,False,False,vertical
19.867,0.0,0.0,0.0,0.0,0.0097,0.0,-0.0097,0.0,134,0,0.1242,0.0,-0.7031216044716506,nan,nan,NO_WELD,0.0,0.0,False,False,False,False,False,vertical
19.918,0.0,0.0,0.0,0.0,0.0097,0.0,-0.0097,0.0,133,0,0.1233,0.0,-0.7031216044716506,nan,nan,NO_WELD,0.0,0.0,False,False,False,False,False,vertical
19.967,0.0,0.0,0.0,0.0,0.0097,0.0,-0.0097,0.0,133,0,0.1233,0.0,-0.7031216044716506,nan,nan,NO_WELD,0.0,0.0,False,False,False,False,False,vertical
20.018,0.0,0.0,0.0,0.0,0.0033,0.0,-0.0033,0.0,133,0,0.1233,0.0,-0.7031216044716506,nan,nan,NO_WELD,0.0,0.0,False,False,False,False,False,vertical
20.067,0.0,0.0,0.0,0.0,0.0033,0.0,-0.0033,0.0,133,0,0.1233,0.0,-0.35155909468853286,-0.35155909468853286,0.0,WELD_FOUND,0.0,0.0,False,False,False,False,False,vertical
20.118,0.0,0.0,0.0,0.0,0.0027,0.0,-0.0027,0.0,133,0,0.1233,0.0,-0.35155909468853286,-0.35155909468853286,0.0,WELD_FOUND,0.0,0.0,False,False,False,False,False,vertical
20.167,0.0,0.0,0.0,0.0,0.0027,0.0,-0.0027,0.0,133,0,0.1233,0.0,-0.35155909468853286,nan,nan,NO_WELD,0.0,0.0,False,False,False,False,False,vertical
20.218,0.0,0.0,0.0,0.0,0.0027,0.0,-0.0027,0.0,133,0,0.1233,0.0,-0.35155909468853286,nan,nan,NO_WELD,0.0,0.0,False,False,False,False,False,vertical
20.269,0.065,0.0,0.065,0.065,0.0021,0.0,0.0629,0.065,133,0,0.1233,0.0,3.4150945850063755e-06,3.4150945850063755e-06,0.0,WELD_FOUND,0.7227,0.7227,False,False,False,False,False,vertical
20.318,0.065,0.0,0.065,0.065,0.0021,0.0,0.0629,0.065,132,0,0.1223,0.0,3.4150945850063755e-06,3.4150945850063755e-06,0.0,WELD_FOUND,0.7227,0.7227,False,False,False,False,False,vertical
20.367,0.0,0.0,0.0,0.0,-0.0024,0.0,0.0024,0.0,132,0,0.1223,0.0,3.4150945850063755e-06,nan,nan,NO_WELD,0.0,0.0,False,False,False,False,False,vertical
20.418,0.0,0.0,0.0,0.0,-0.0024,0.0,0.0024,0.0,143,0,0.1325,0.0,3.4150945850063755e-06,nan,nan,NO_WELD,0.0,0.0,False,False,False,False,False,vertical
20.467,0.0,0.0,0.0,0.0,0.0393,0.0,-0.0393,0.0,143,0,0.1325,0.0,3.4150945850063755e-06,nan,nan,NO_WELD,0.0,0.0,False,False,False,False,False,vertical
20.518,0.0,0.0,0.0,0.0,0.0393,0.0,-0.0393,0.0,142,0,0.1316,0.0,3.4150945850063755e-06,nan,nan,NO_WELD,0.0,0.0,False,False,False,False,False,vertical
20.567,0.0,0.0,0.0,0.0,0.0199,0.0,-0.0199,0.0,142,0,0.1316,0.0,3.4150945850063755e-06,nan,nan,NO_WELD,0.0,0.0,False,False,False,False,False,vertical
20.618,0.0,0.0,0.0,0.0,0.0199,0.0,-0.0199,0.0,142,0,0.1316,0.0,3.4150945850063755e-06,nan,nan,NO_WELD,0.0,0.0,False,False,False,False,False,vertical
20.667,0.0,0.0,0.0,0.0,0.0199,0.0,-0.0199,0.0,142,0,0.1316,0.0,3.4150945850063755e-06,nan,nan,NO_WELD,0.0,0.0,False,False,False,False,False,vertical
20.718,0.0,0.0,0.0,0.0,0.0159,0.0,-0.0159,0.0,142,0,0.1316,0.0,3.4150945850063755e-06,nan,nan,NO_WELD,0.0,0.0,False,False,False,False,False,vertical
20.767,0.0,0.0,0.0,0.0,0.0159,0.0,-0.0159,0.0,142,0,0.1316,0.0,-0.7031216044716506,-0.7031216044716506,0.0,WELD_FOUND,0.0,0.0,False,False,False,False,False,vertical
20.818,0.0,0.0,0.0,0.0,0.0127,0.0,-0.0127,0.0,142,0,0.1316,0.0,-0.7031216044716506,-0.7031216044716506,0.0,WELD_FOUND,0.0,0.0,False,False,False,False,False,vertical
20.868,0.0,0.0,0.0,0.0,0.0127,0.0,-0.0127,0.0,142,0,0.1316,0.0,-0.7031216044716506,nan,nan,NO_WELD,0.0,0.0,False,False,False,False,False,vertical
20.918,0.0,0.0,0.0,0.0,0.0102,0.0,-0.0102,0.0,142,0,0.1316,0.0,-0.7031216044716506,nan,nan,NO_WELD,0.0,0.0,False,False,False,False,False,vertical
20.967,0.06051006773713692,0.025862655390660336,0.06438946604573598,0.05663066942853787,0.0102,0.0,0.0542,0.0566,142,0,0.1316,0.0,-0.35155909468853286,-0.35155909468853286,0.0,WELD_FOUND,0.7199,0.6839,False,False,False,False,False,vertical
21.018,0.06051006773713692,0.025862655390660336,0.06438946604573598,0.05663066942853787,0.0102,0.0,0.0542,0.0566,144,0,0.1335,0.0,-0.35155909468853286,-0.35155909468853286,0.0,WELD_FOUND,0.7199,0.6839,False,False,False,False,False,vertical
21.067,0.0,0.0,0.0,0.0,0.0111,0.0,-0.0111,0.0,144,0,0.1335,0.0,-0.35155909468853286,nan,nan,NO_WELD,0.0,0.0,False,False,False,False,False,vertical
21.118,0.0,0.0,0.0,0.0,0.0111,0.0,-0.0111,0.0,157,0,0.1455,0.0,-0.35155909468853286,nan,nan,NO_WELD,0.0,0.0,False,False,False,False,False,vertical
21.167,0.0,0.0,0.0,0.0,0.0548,0.0,-0.0548,0.0,157,0,0.1455,0.0,-0.35155909468853286,nan,nan,NO_WELD,0.0,0.0,False,False,False,False,False,vertical
21.218,0.0,0.0,0.0,0.0,0.0548,0.0,-0.0548,0.0,158,0,0.1464,0.0,-0.35155909468853286,nan,nan,NO_WELD,0.0,0.0,False,False,False,False,False,vertical
21.269,0.06051006773713692,0.02454345487058163,0.06419158596772416,0.056828549506549676,0.0548,0.0,0.0094,0.0568,158,0,0.1464,0.0,-0.35155909468853286,-0.35155909468853286,0.0,WELD_FOUND,0.7189,0.6849,False,False,False,False,False,vertical
21.318,0.06051006773713692,0.02454345487058163,0.06419158596772416,0.056828549506549676,0.0452,0.0,0.019,0.0568,162,0,0.1501,0.0,-0.35155909468853286,-0.35155909468853286,0.0,WELD_FOUND,0.7189,0.6849,False,False,False,False,False,vertical
21.367,0.0,0.0,0.0,0.0,0.0452,0.0,-0.0452,0.0,162,0,0.1501,0.0,-0.35155909468853286,nan,nan,NO_WELD,0.0,0.0,False,False,False,False,False,vertical
21.418,0.0,0.0,0.0,0.0,0.042,0.0,-0.042,0.0,166,0,0.1538,0.0,-0.35155909468853286,nan,nan,NO_WELD,0.0,0.0,False,False,False,False,False,vertical
21.467,0.0,0.0,0.0,0.0,0.042,0.0,-0.042,0.0,166,0,0.1538,0.0,-0.35155909468853286,nan,nan,NO_WELD,0.0,0.0,False,False,False,False,False,vertical
21.518,0.0,0.0,0.0,0.0,0.042,0.0,-0.042,0.0,167,0,0.1548,0.0,-0.35155909468853286,nan,nan,NO_WELD,0.0,0.0,False,False,False,False,False,vertical
21.568,0.05703377245145146,0.046639705171173475,0.06402972822712748,0.05003781667577544,0.0277,0.0,0.0364,0.05,167,0,0.1548,0.0,-0.7031216044716506,-0.7031216044716506,0.0,WELD_FOUND,0.7182,0.6534,False,False,False,False,False,vertical
21.618,0.05703377245145146,0.046639705171173475,0.06402972822712748,0.05003781667577544,0.0277,0.0,0.0364,0.05,171,0,0.1585,0.0,-0.7031216044716506,-0.7031216044716506,0.0,WELD_FOUND,0.7182,0.6534,False,False,False,False,False,vertical
21.667,0.05635085323875115,0.049578210265350864,0.06378758477855379,0.04891412169894852,0.0277,0.0,0.0361,0.0489,171,0,0.1585,0.0,-0.7031216044716506,-0.7031216044716506,0.0,WELD_FOUND,0.7171,0.6482,False,False,False,False,False,vertical
21.718,0.05635085323875115,0.049578210265350864,0.06378758477855379,0.04891412169894852,0.0561,0.0,0.0077,0.0489,183,0,0.1696,0.0,-0.7031216044716506,-0.7031216044716506,0.0,WELD_FOUND,0.7171,0.6482,False,False,False,False,False,vertical
21.767,0.0,0.0,0.0,0.0,0.0561,0.0,-0.0561,0.0,183,0,0.1696,0.0,-0.7031216044716506,nan,nan,NO_WELD,0.0,0.0,False,False,False,False,False,vertical
21.818,0.0,0.0,0.0,0.0,0.0561,0.0,-0.0561,0.0,187,0,0.1733,0.0,-0.7031216044716506,nan,nan,NO_WELD,0.0,0.0,False,False,False,False,False,vertical
21.867,0.0,0.0,0.0,0.0,0.0435,0.0,-0.0435,0.0,187,0,0.1733,0.0,-0.7031216044716506,nan,nan,NO_WELD,0.0,0.0,False,False,False,False,False,vertical
21.918,0.0,0.0,0.0,0.0,0.0435,0.0,-0.0435,0.0,187,0,0.1733,0.0,-0.7031216044716506,nan,nan,NO_WELD,0.0,0.0,False,False,False,False,False,vertical
21.967,0.0,0.0,0.0,0.0,0.0435,0.0,-0.0435,0.0,187,0,0.1733,0.0,-0.7031216044716506,nan,nan,NO_WELD,0.0,0.0,False,False,False,False,False,vertical
22.018,0.0,0.0,0.0,0.0,0.0348,0.0,-0.0348,0.0,187,0,0.1733,0.0,-0.7031216044716506,nan,nan,NO_WELD,0.0,0.0,False,False,False,False,False,vertical
22.067,0.0,0.0,0.0,0.0,0.0348,0.0,-0.0348,0.0,187,0,0.1733,0.0,-0.7031216044716506,nan,nan,NO_WELD,0.0,0.0,False,False,False,False,False,vertical
22.118,0.0,0.0,0.0,0.0,0.0348,0.0,-0.0348,0.0,187,0,0.1733,0.0,-0.7031216044716506,nan,nan,NO_WELD,0.0,0.0,False,False,False,False,False,vertical
22.167,0.0,0.0,0.0,0.0,0.0279,0.0,-0.0279,0.0,187,0,0.1733,0.0,-0.7031216044716506,nan,nan,NO_WELD,0.0,0.0,False,False,False,False,False,vertical
22.218,0.0,0.0,0.0,0.0,0.0279,0.0,-0.0279,0.0,187,0,0.1733,0.0,-0.7031216044716506,nan,nan,NO_WELD,0.0,0.0,False,False,False,False,False,vertical
22.269,0.05618076613580716,0.05,0.06368076613580716,0.04868076613580716,0.0223,0.0,0.0414,0.0487,187,0,0.1733,0.0,-0.7031216044716506,-0.7031216044716506,0.0,WELD_FOUND,0.7166,0.6471,False,False,False,False,False,vertical
22.318,0.05618076613580716,0.05,0.06368076613580716,0.04868076613580716,0.0223,0.0,0.0414,0.0487,192,0,0.1779,0.0,-0.7031216044716506,-0.7031216044716506,0.0,WELD_FOUND,0.7166,0.6471,False,False,False,False,False,vertical
22.367,0.052833011146500554,0.0761792269007605,0.06425989518161462,0.04140612711138648,0.0223,0.0,0.042,0.0414,192,0,0.1779,0.0,-1.4062466240378864,-1.0546840875743422,-0.3515625364635442,WELD_FOUND,0.7193,0.6135,False,False,False,False,False,vertical
22.418,0.052833011146500554,0.0761792269007605,0.06425989518161462,0.04140612711138648,0.0479,0.0,0.0163,0.0414,201,0,0.1863,0.0,-1.4062466240378864,-1.0546840875743422,-0.3515625364635442,WELD_FOUND,0.7193,0.6135,False,False,False,False,False,vertical
22.467,0.0,0.0,0.0,0.0,0.0479,0.0,-0.0479,0.0,201,0,0.1863,0.0,-1.4062466240378864,nan,nan,NO_WELD,0.0,0.0,False,False,False,False,False,vertical
22.518,0.0,0.0,0.0,0.0,0.0479,0.0,-0.0479,0.0,208,0,0.1928,0.0,-1.4062466240378864,nan,nan,NO_WELD,0.0,0.0,False,False,False,False,False,vertical
22.567,0.05217579999120304,0.05,0.05967579999120304,0.04467579999120304,0.0461,0.0,0.0136,0.0447,208,0,0.1928,0.0,-1.0546840875743422,-1.0546840875743422,0.0,WELD_FOUND,0.698,0.6286,False,False,False,False,False,vertical
22.618,0.05217579999120304,0.05,0.05967579999120304,0.04467579999120304,0.0461,0.0,0.0136,0.0447,212,0,0.1965,0.0,-1.0546840875743422,-1.0546840875743422,0.0,WELD_FOUND,0.698,0.6286,False,False,False,False,False,vertical
22.667,0.0,0.0,0.0,0.0,0.0461,0.0,-0.0461,0.0,212,0,0.1965,0.0,-1.0546840875743422,nan,nan,NO_WELD,0.0,0.0,False,False,False,False,False,vertical
22.717,0.0,0.0,0.0,0.0,0.0375,0.0,-0.0375,0.0,212,0,0.1965,0.0,-1.0546840875743422,nan,nan,NO_WELD,0.0,0.0,False,False,False,False,False,vertical
22.767,0.0,0.0,0.0,0.0,0.0375,0.0,-0.0375,0.0,212,0,0.1965,0.0,-1.0546840875743422,nan,nan,NO_WELD,0.0,0.0,False,False,False,False,False,vertical
22.818,0.0,0.0,0.0,0.0,0.03,0.0,-0.03,0.0,212,0,0.1965,0.0,-1.0546840875743422,nan,nan,NO_WELD,0.0,0.0,False,False,False,False,False,vertical
22.868,0.04570719587885763,0.05,0.05320719587885763,0.03820719587885763,0.03,0.0,0.0232,0.0382,212,0,0.1965,0.0,-1.7578091605014305,-1.7578091605014305,0.0,WELD_FOUND,0.6681,0.5954,False,False,False,False,False,vertical
22.918,0.04570719587885763,0.05,0.05320719587885763,0.03820719587885763,0.0291,0.0,0.0241,0.0382,215,0,0.1993,0.0,-1.7578091605014305,-1.7578091605014305,0.0,WELD_FOUND,0.6681,0.5954,False,False,False,False,False,vertical
22.968,0.0444648285604855,0.1,0.0594648285604855,0.029464828560485504,0.0291,0.0,0.0303,0.0295,215,0,0.1993,0.0,-1.7578091605014305,-1.7578091605014305,0.0,WELD_FOUND,0.6971,0.4592,False,False,False,False,False,vertical
23.017,0.0444648285604855,0.1,0.0594648285604855,0.029464828560485504,0.0291,0.0,0.0303,0.0295,215,0,0.1993,0.0,-1.7578091605014305,-1.7578091605014305,0.0,WELD_FOUND,0.6971,0.4592,False,False,False,False,False,vertical
23.068,0.044218409236974954,0.12292270685692823,0.06265681526551418,0.02578000320843572,0.0224,0.0,0.0402,0.0258,217,0,0.2011,0.0,-2.460934233428519,-1.7578091605014305,-0.7031250729270886,WELD_FOUND,0.7118,0.4018,False,False,False,False,False,vertical
23.118,0.044218409236974954,0.12292270685692823,0.06265681526551418,0.02578000320843572,0.0224,0.0,0.0402,0.0258,217,0,0.2011,0.0,-2.460934233428519,-1.7578091605014305,-0.7031250729270886,WELD_FOUND,0.7118,0.4018,False,False,False,False,False,vertical
23.167,0.0,0.0,0.0,0.0,0.0224,0.0,-0.0224,0.0,226,0,0.2094,0.0,-2.460934233428519,nan,nan,NO_WELD,0.0,0.0,False,False,False,False,False,vertical
23.217,0.0,0.0,0.0,0.0,0.0357,0.0,-0.0357,0.0,226,0,0.2094,0.0,-2.460934233428519,nan,nan,NO_WELD,0.0,0.0,False,False,False,False,False,vertical
23.269,0.0,0.0,0.0,0.0,0.0357,0.0,-0.0357,0.0,228,0,0.2113,0.0,-2.460934233428519,nan,nan,NO_WELD,0.0,0.0,False,False,False,False,False,vertical
23.317,0.0,0.0,0.0,0.0,0.0288,0.0,-0.0288,0.0,228,0,0.2113,0.0,-2.460934233428519,nan,nan,NO_WELD,0.0,0.0,False,False,False,False,False,vertical
23.367,0.0,0.0,0.0,0.0,0.0288,0.0,-0.0288,0.0,228,0,0.2113,0.0,-2.460934233428519,nan,nan,NO_WELD,0.0,0.0,False,False,False,False,False,vertical
23.417,0.0,0.0,0.0,0.0,0.0288,0.0,-0.0288,0.0,228,0,0.2113,0.0,-2.460934233428519,nan,nan,NO_WELD,0.0,0.0,False,False,False,False,False,vertical
23.467,0.0,0.0,0.0,0.0,0.0231,0.0,-0.0231,0.0,228,0,0.2113,0.0,-2.460934233428519,nan,nan,NO_WELD,0.0,0.0,False,False,False,False,False,vertical
23.517,0.0,0.0,0.0,0.0,0.0231,0.0,-0.0231,0.0,228,0,0.2113,0.0,-2.460934233428519,nan,nan,NO_WELD,0.0,0.0,False,False,False,False,False,vertical
23.567,0.0,0.0,0.0,0.0,0.0185,0.0,-0.0185,0.0,228,0,0.2113,0.0,-2.460934233428519,nan,nan,NO_WELD,0.0,0.0,False,False,False,False,False,vertical
23.617,0.0,0.0,0.0,0.0,0.0185,0.0,-0.0185,0.0,228,0,0.2113,0.0,-2.460934233428519,nan,nan,NO_WELD,0.0,0.0,False,False,False,False,False,vertical
23.667,0.0,0.0,0.0,0.0,0.0185,0.0,-0.0185,0.0,228,0,0.2113,0.0,-2.460934233428519,nan,nan,NO_WELD,0.0,0.0,False,False,False,False,False,vertical
23.717,0.0,0.0,0.0,0.0,0.0148,0.0,-0.0148,0.0,228,0,0.2113,0.0,-2.460934233428519,nan,nan,NO_WELD,0.0,0.0,False,False,False,False,False,vertical
23.767,0.0,0.0,0.0,0.0,0.0148,0.0,-0.0148,0.0,228,0,0.2113,0.0,-2.460934233428519,nan,nan,NO_WELD,0.0,0.0,False,False,False,False,False,vertical
23.817,0.0,0.0,0.0,0.0,0.0118,0.0,-0.0118,0.0,228,0,0.2113,0.0,-2.460934233428519,nan,nan,NO_WELD,0.0,0.0,False,False,False,False,False,vertical
23.868,0.0,0.0,0.0,0.0,0.0118,0.0,-0.0118,0.0,228,0,0.2113,0.0,-2.460934233428519,nan,nan,NO_WELD,0.0,0.0,False,False,False,False,False,vertical
23.917,0.0,0.0,0.0,0.0,0.0118,0.0,-0.0118,0.0,228,0,0.2113,0.0,-2.460934233428519,nan,nan,NO_WELD,0.0,0.0,False,False,False,False,False,vertical
23.967,0.0,0.0,0.0,0.0,0.0094,0.0,-0.0094,0.0,228,0,0.2113,0.0,-2.460934233428519,nan,nan,NO_WELD,0.0,0.0,False,False,False,False,False,vertical
24.017,0.0,0.0,0.0,0.0,0.0094,0.0,-0.0094,0.0,228,0,0.2113,0.0,-2.460934233428519,nan,nan,NO_WELD,0.0,0.0,False,False,False,False,False,vertical
24.067,0.0,0.0,0.0,0.0,0.0076,0.0,-0.0076,0.0,228,0,0.2113,0.0,-2.460934233428519,nan,nan,NO_WELD,0.0,0.0,False,False,False,False,False,vertical
24.117,0.0,0.0,0.0,0.0,0.0076,0.0,-0.0076,0.0,228,0,0.2113,0.0,-2.460934233428519,nan,nan,NO_WELD,0.0,0.0,False,False,False,False,False,vertical
24.167,0.0,0.0,0.0,0.0,0.0076,0.0,-0.0076,0.0,228,0,0.2113,0.0,0.7031284346608206,nan,nan,NO_WELD,0.0,0.0,False,False,False,False,False,vertical
24.217,0.0,0.0,0.0,0.0,0.006,0.0,-0.006,0.0,228,0,0.2113,0.0,0.7031284346608206,nan,nan,NO_WELD,0.0,0.0,False,False,False,False,False,vertical
24.269,0.0,0.0,0.0,0.0,0.006,0.0,-0.006,0.0,228,0,0.2113,0.0,0.35156592487770283,nan,nan,NO_WELD,0.0,0.0,False,False,False,False,False,vertical
24.317,0.0,0.0,0.0,0.0,0.006,0.0,-0.006,0.0,228,0,0.2113,0.0,0.35156592487770283,nan,nan,NO_WELD,0.0,0.0,False,False,False,False,False,vertical
24.367,0.0,0.0,0.0,0.0,0.0048,0.0,-0.0048,0.0,228,0,0.2113,0.0,0.7031284346608206,nan,nan,NO_WELD,0.0,0.0,False,False,False,False,False,vertical
24.417,0.0,0.0,0.0,0.0,0.0048,0.0,-0.0048,0.0,228,0,0.2113,0.0,0.7031284346608206,nan,nan,NO_WELD,0.0,0.0,False,False,False,False,False,vertical
24.467,0.0,0.0,0.0,0.0,0.0039,0.0,-0.0039,0.0,228,0,0.2113,0.0,0.7031284346608206,nan,nan,NO_WELD,0.0,0.0,False,False,False,False,False,vertical
24.517,0.0,0.0,0.0,0.0,0.0039,0.0,-0.0039,0.0,228,0,0.2113,0.0,0.7031284346608206,nan,nan,NO_WELD,0.0,0.0,False,False,False,False,False,vertical
24.567,0.0,0.0,0.0,0.0,0.0031,0.0,-0.0031,0.0,228,0,0.2113,0.0,1.054690917763512,nan,nan,NO_WELD,0.0,0.0,False,False,False,False,False,vertical
24.617,0.0,0.0,0.0,0.0,0.0031,0.0,-0.0031,0.0,228,0,0.2113,0.0,1.054690917763512,nan,nan,NO_WELD,0.0,0.0,False,False,False,False,False,vertical
24.667,0.0,0.0,0.0,0.0,0.0025,0.0,-0.0025,0.0,228,0,0.2113,0.0,0.7031284346608206,0.7031284346608206,0.0,WELD_FOUND,0.0,0.0,False,False,False,False,False,vertical
24.717,0.0,0.0,0.0,0.0,0.0025,0.0,-0.0025,0.0,228,0,0.2113,0.0,0.7031284346608206,0.7031284346608206,0.0,WELD_FOUND,0.0,0.0,False,False,False,False,False,vertical
24.767,0.05407628733519148,-0.05,0.04657628733519148,0.06157628733519148,0.0025,0.0,0.0441,0.0616,228,0,0.2113,0.0,1.054690917763512,0.8789097028925928,0.17578121487091913,WELD_FOUND,0.6374,0.7068,False,False,False,False,False,vertical
24.817,0.05407628733519148,-0.05,0.04657628733519148,0.06157628733519148,0.002,0.0,0.0446,0.0616,228,0,0.2113,0.0,1.054690917763512,0.8789097028925928,0.17578121487091913,WELD_FOUND,0.6374,0.7068,False,False,False,False,False,vertical
24.868,0.0,0.0,0.0,0.0,0.002,0.0,-0.002,0.0,229,0,0.2122,0.0,1.054690917763512,nan,nan,NO_WELD,0.0,0.0,False,False,False,False,False,vertical
24.917,0.0,0.0,0.0,0.0,0.0049,0.0,-0.0049,0.0,229,0,0.2122,0.0,1.054690917763512,nan,nan,NO_WELD,0.0,0.0,False,False,False,False,False,vertical
24.967,0.0,0.0,0.0,0.0,0.0049,0.0,-0.0049,0.0,232,0,0.215,0.0,1.054690917763512,nan,nan,NO_WELD,0.0,0.0,False,False,False,False,False,vertical
25.017,0.0,0.0,0.0,0.0,0.0049,0.0,-0.0049,0.0,232,0,0.215,0.0,1.054690917763512,nan,nan,NO_WELD,0.0,0.0,False,False,False,False,False,vertical
25.067,0.0,0.0,0.0,0.0,0.0128,0.0,-0.0128,0.0,233,0,0.2159,0.0,1.054690917763512,nan,nan,NO_WELD,0.0,0.0,False,False,False,False,False,vertical
25.117,0.0,0.0,0.0,0.0,0.0128,0.0,-0.0128,0.0,233,0,0.2159,0.0,1.054690917763512,nan,nan,NO_WELD,0.0,0.0,False,False,False,False,False,vertical
25.167,0.0,0.0,0.0,0.0,0.0128,0.0,-0.0128,0.0,233,0,0.2159,0.0,1.054690917763512,nan,nan,NO_WELD,0.0,0.0,False,False,False,False,False,vertical
25.217,0.0,0.0,0.0,0.0,0.0103,0.0,-0.0103,0.0,233,0,0.2159,0.0,1.054690917763512,nan,nan,NO_WELD,0.0,0.0,False,False,False,False,False,vertical
25.269,0.0,0.0,0.0,0.0,0.0103,0.0,-0.0103,0.0,233,0,0.2159,0.0,1.054690917763512,nan,nan,NO_WELD,0.0,0.0,False,False,False,False,False,vertical
25.317,0.0,0.0,0.0,0.0,0.0082,0.0,-0.0082,0.0,233,0,0.2159,0.0,1.054690917763512,nan,nan,NO_WELD,0.0,0.0,False,False,False,False,False,vertical
25.367,0.0,0.0,0.0,0.0,0.0082,0.0,-0.0082,0.0,233,0,0.2159,0.0,1.054690917763512,nan,nan,NO_WELD,0.0,0.0,False,False,False,False,False,vertical
25.417,0.0,0.0,0.0,0.0,0.0082,0.0,-0.0082,0.0,233,0,0.2159,0.0,1.054690917763512,nan,nan,NO_WELD,0.0,0.0,False,False,False,False,False,vertical
25.467,0.0,0.0,0.0,0.0,0.0066,0.0,-0.0066,0.0,233,0,0.2159,0.0,1.054690917763512,nan,nan,NO_WELD,0.0,0.0,False,False,False,False,False,vertical
25.517,0.0,0.0,0.0,0.0,0.0066,0.0,-0.0066,0.0,233,0,0.2159,0.0,1.054690917763512,nan,nan,NO_WELD,0.0,0.0,False,False,False,False,False,vertical
25.568,0.0,0.0,0.0,0.0,0.0053,0.0,-0.0053,0.0,233,0,0.2159,0.0,1.054690917763512,nan,nan,NO_WELD,0.0,0.0,False,False,False,False,False,vertical
25.617,0.0,0.0,0.0,0.0,0.0053,0.0,-0.0053,0.0,233,0,0.2159,0.0,1.054690917763512,nan,nan,NO_WELD,0.0,0.0,False,False,False,False,False,vertical
25.667,0.0,0.0,0.0,0.0,0.0053,0.0,-0.0053,0.0,233,0,0.2159,0.0,1.054690917763512,nan,nan,NO_WELD,0.0,0.0,False,False,False,False,False,vertical
25.717,0.0,0.0,0.0,0.0,0.0042,0.0,-0.0042,0.0,233,0,0.2159,0.0,1.054690917763512,nan,nan,NO_WELD,0.0,0.0,False,False,False,False,False,vertical
25.767,0.0,0.0,0.0,0.0,0.0042,0.0,-0.0042,0.0,233,0,0.2159,0.0,1.054690917763512,nan,nan,NO_WELD,0.0,0.0,False,False,False,False,False,vertical
25.817,0.0,0.0,0.0,0.0,0.0042,0.0,-0.0042,0.0,233,0,0.2159,0.0,1.054690917763512,nan,nan,NO_WELD,0.0,0.0,False,False,False,False,False,vertical
25.867,0.0,0.0,0.0,0.0,0.0034,0.0,-0.0034,0.0,233,0,0.2159,0.0,1.054690917763512,nan,nan,NO_WELD,0.0,0.0,False,False,False,False,False,vertical
25.917,0.0,0.0,0.0,0.0,0.0034,0.0,-0.0034,0.0,233,0,0.2159,0.0,1.054690917763512,nan,nan,NO_WELD,0.0,0.0,False,False,False,False,False,vertical
25.967,0.0,0.0,0.0,0.0,0.0034,0.0,-0.0034,0.0,233,0,0.2159,0.0,1.054690917763512,nan,nan,NO_WELD,0.0,0.0,False,False,False,False,False,vertical
26.017,0.0,0.0,0.0,0.0,0.0027,0.0,-0.0027,0.0,233,0,0.2159,0.0,1.054690917763512,nan,nan,NO_WELD,0.0,0.0,False,False,False,False,False,vertical
26.067,0.0,0.0,0.0,0.0,0.0027,0.0,-0.0027,0.0,233,0,0.2159,0.0,-1.0546840875743422,nan,nan,NO_WELD,0.0,0.0,False,False,False,False,False,vertical
26.117,0.0,0.0,0.0,0.0,0.0022,0.0,-0.0022,0.0,233,0,0.2159,0.0,-1.0546840875743422,nan,nan,NO_WELD,0.0,0.0,False,False,False,False,False,vertical
26.167,0.0,0.0,0.0,0.0,0.0022,0.0,-0.0022,0.0,233,0,0.2159,0.0,-1.0546840875743422,nan,nan,NO_WELD,0.0,0.0,False,False,False,False,False,vertical
26.217,0.0,0.0,0.0,0.0,0.0022,0.0,-0.0022,0.0,233,0,0.2159,0.0,-1.0546840875743422,nan,nan,NO_WELD,0.0,0.0,False,False,False,False,False,vertical
26.269,0.0,0.0,0.0,0.0,0.0017,0.0,-0.0017,0.0,233,0,0.2159,0.0,-0.35155909468853286,nan,nan,NO_WELD,0.0,0.0,False,False,False,False,False,vertical
26.317,0.0,0.0,0.0,0.0,0.0017,0.0,-0.0017,0.0,233,0,0.2159,0.0,-0.35155909468853286,nan,nan,NO_WELD,0.0,0.0,False,False,False,False,False,vertical
26.367,0.0,0.0,0.0,0.0,0.0014,0.0,-0.0014,0.0,233,0,0.2159,0.0,-0.35155909468853286,nan,nan,NO_WELD,0.0,0.0,False,False,False,False,False,vertical
26.417,0.0,0.0,0.0,0.0,0.0014,0.0,-0.0014,0.0,233,0,0.2159,0.0,-0.35155909468853286,nan,nan,NO_WELD,0.0,0.0,False,False,False,False,False,vertical
26.467,0.0,0.0,0.0,0.0,0.0014,0.0,-0.0014,0.0,233,0,0.2159,0.0,-0.7031216044716506,nan,nan,NO_WELD,0.0,0.0,False,False,False,False,False,vertical
26.517,0.0,0.0,0.0,0.0,0.0011,0.0,-0.0011,0.0,233,0,0.2159,0.0,-0.7031216044716506,nan,nan,NO_WELD,0.0,0.0,False,False,False,False,False,vertical
26.567,0.024447427834514205,0.05,0.03194742783451421,0.016947427834514205,0.0011,0.0,0.0308,0.0169,233,0,0.2159,0.0,-3.8671843792826963,-3.8671843792826963,0.0,WELD_FOUND,0.0,0.2641,True,False,False,False,False,vertical
26.617,0.024447427834514205,0.05,0.03194742783451421,0.016947427834514205,0.0,0.0,0.0319,0.0169,233,0,0.2159,0.0,-3.8671843792826963,-3.8671843792826963,0.0,WELD_FOUND,0.0,0.2641,True,False,False,False,False,vertical
26.667,0.0,0.0,0.0,0.0,0.0,0.0,0.0,0.0,235,0,0.2178,0.0,-3.8671843792826963,nan,nan,NO_WELD,0.0,0.0,False,False,False,False,False,vertical
26.717,0.0,0.0,0.0,0.0,0.0074,0.0,-0.0074,0.0,235,0,0.2178,0.0,-3.8671843792826963,nan,nan,NO_WELD,0.0,0.0,False,False,False,False,False,vertical
26.767,0.0,0.0,0.0,0.0,0.0074,0.0,-0.0074,0.0,235,0,0.2178,0.0,-3.8671843792826963,nan,nan,NO_WELD,0.0,0.0,False,False,False,False,False,vertical
26.817,0.0,0.0,0.0,0.0,0.0074,0.0,-0.0074,0.0,235,0,0.2178,0.0,-3.8671843792826963,nan,nan,NO_WELD,0.0,0.0,False,False,False,False,False,vertical
26.867,0.0,0.0,0.0,0.0,0.0059,0.0,-0.0059,0.0,235,0,0.2178,0.0,-3.8671843792826963,nan,nan,NO_WELD,0.0,0.0,False,False,False,False,False,vertical
26.917,0.0,0.0,0.0,0.0,0.0059,0.0,-0.0059,0.0,235,0,0.2178,0.0,-3.8671843792826963,nan,nan,NO_WELD,0.0,0.0,False,False,False,False,False,vertical
26.967,0.0,0.0,0.0,0.0,0.0059,0.0,-0.0059,0.0,235,0,0.2178,0.0,-3.8671843792826963,nan,nan,NO_WELD,0.0,0.0,False,False,False,False,False,vertical
27.017,0.0,0.0,0.0,0.0,0.0047,0.0,-0.0047,0.0,235,0,0.2178,0.0,-3.8671843792826963,nan,nan,NO_WELD,0.0,0.0,False,False,False,False,False,vertical
27.067,0.0,0.0,0.0,0.0,0.0047,0.0,-0.0047,0.0,235,0,0.2178,0.0,-3.8671843792826963,nan,nan,NO_WELD,0.0,0.0,False,False,False,False,False,vertical
27.117,0.0,0.0,0.0,0.0,0.0047,0.0,-0.0047,0.0,235,0,0.2178,0.0,-3.8671843792826963,nan,nan,NO_WELD,0.0,0.0,False,False,False,False,False,vertical
27.167,0.0,0.0,0.0,0.0,0.0038,0.0,-0.0038,0.0,235,0,0.2178,0.0,-3.8671843792826963,nan,nan,NO_WELD,0.0,0.0,False,False,False,False,False,vertical
27.217,0.0,0.0,0.0,0.0,0.0038,0.0,-0.0038,0.0,235,0,0.2178,0.0,-3.8671843792826963,nan,nan,NO_WELD,0.0,0.0,False,False,False,False,False,vertical
27.269,0.0,0.0,0.0,0.0,0.0038,0.0,-0.0038,0.0,235,0,0.2178,0.0,-3.8671843792826963,nan,nan,NO_WELD,0.0,0.0,False,False,False,False,False,vertical
27.317,0.0,0.0,0.0,0.0,0.003,0.0,-0.003,0.0,235,0,0.2178,0.0,-3.8671843792826963,nan,nan,NO_WELD,0.0,0.0,False,False,False,False,False,vertical
27.367,0.0,0.0,0.0,0.0,0.003,0.0,-0.003,0.0,235,0,0.2178,0.0,-3.8671843792826963,nan,nan,NO_WELD,0.0,0.0,False,False,False,False,False,vertical
27.417,0.0,0.0,0.0,0.0,0.0024,0.0,-0.0024,0.0,235,0,0.2178,0.0,-3.8671843792826963,nan,nan,NO_WELD,0.0,0.0,False,False,False,False,False,vertical
27.467,0.0,0.0,0.0,0.0,0.0024,0.0,-0.0024,0.0,235,0,0.2178,0.0,-3.8671843792826963,nan,nan,NO_WELD,0.0,0.0,False,False,False,False,False,vertical
27.517,0.0,0.0,0.0,0.0,0.0024,0.0,-0.0024,0.0,235,0,0.2178,0.0,-3.8671843792826963,nan,nan,NO_WELD,0.0,0.0,False,False,False,False,False,vertical
27.567,0.0,0.0,0.0,0.0,0.0019,0.0,-0.0019,0.0,235,0,0.2178,0.0,-3.8671843792826963,nan,nan,NO_WELD,0.0,0.0,False,False,False,False,False,vertical
27.617,0.0,0.0,0.0,0.0,0.0019,0.0,-0.0019,0.0,235,0,0.2178,0.0,-3.8671843792826963,nan,nan,NO_WELD,0.0,0.0,False,False,False,False,False,vertical
27.667,0.0,0.0,0.0,0.0,0.0016,0.0,-0.0016,0.0,235,0,0.2178,0.0,-1.0546840875743422,nan,nan,NO_WELD,0.0,0.0,False,False,False,False,False,vertical
27.717,0.0,0.0,0.0,0.0,0.0016,0.0,-0.0016,0.0,235,0,0.2178,0.0,-1.0546840875743422,nan,nan,NO_WELD,0.0,0.0,False,False,False,False,False,vertical
27.767,0.0,0.0,0.0,0.0,0.0016,0.0,-0.0016,0.0,235,0,0.2178,0.0,-3.5156217360974464,nan,nan,NO_WELD,0.0,0.0,False,False,False,False,False,vertical
27.817,0.0,0.0,0.0,0.0,0.0012,0.0,-0.0012,0.0,235,0,0.2178,0.0,-3.5156217360974464,nan,nan,NO_WELD,0.0,0.0,False,False,False,False,False,vertical
27.867,0.0,0.0,0.0,0.0,0.0012,0.0,-0.0012,0.0,235,0,0.2178,0.0,-0.7031216044716506,nan,nan,NO_WELD,0.0,0.0,False,False,False,False,False,vertical
27.917,0.0,0.0,0.0,0.0,0.0012,0.0,-0.0012,0.0,235,0,0.2178,0.0,-0.7031216044716506,nan,nan,NO_WELD,0.0,0.0,False,False,False,False,False,vertical
27.967,0.0,0.0,0.0,0.0,0.0,0.0,0.0,0.0,235,0,0.2178,0.0,-3.8671843792826963,nan,nan,NO_WELD,0.0,0.0,False,False,False,False,False,vertical
28.017,0.0,0.0,0.0,0.0,0.0,0.0,0.0,0.0,235,0,0.2178,0.0,-3.8671843792826963,nan,nan,NO_WELD,0.0,0.0,False,False,False,False,False,vertical
28.067,0.0,0.0,0.0,0.0,0.0,0.0,0.0,0.0,235,0,0.2178,0.0,-3.8671843792826963,nan,nan,NO_WELD,0.0,0.0,False,False,False,False,False,vertical
28.117,0.0,0.0,0.0,0.0,0.0,0.0,0.0,0.0,235,0,0.2178,0.0,-3.8671843792826963,nan,nan,NO_WELD,0.0,0.0,False,False,False,False,False,vertical
28.167,0.0,0.0,0.0,0.0,0.0,0.0,0.0,0.0,235,0,0.2178,0.0,-3.164059092912196,-3.164059092912196,0.0,WELD_FOUND,0.0,0.0,False,False,False,False,False,vertical
28.217,0.0,0.0,0.0,0.0,0.0,0.0,0.0,0.0,235,0,0.2178,0.0,-3.164059092912196,-3.164059092912196,0.0,WELD_FOUND,0.0,0.0,False,False,False,False,False,vertical
28.269,0.0,0.0,0.0,0.0,0.0,0.0,0.0,0.0,235,0,0.2178,0.0,-3.164059092912196,nan,nan,NO_WELD,0.0,0.0,False,False,False,False,False,vertical
28.317,0.0,0.0,0.0,0.0,0.0,0.0,0.0,0.0,235,0,0.2178,0.0,-3.164059092912196,nan,nan,NO_WELD,0.0,0.0,False,False,False,False,False,vertical
28.367,0.0,0.0,0.0,0.0,0.0,0.0,0.0,0.0,235,0,0.2178,0.0,-3.164059092912196,nan,nan,NO_WELD,0.0,0.0,False,False,False,False,False,vertical
28.417,0.0,0.0,0.0,0.0,0.0,0.0,0.0,0.0,235,0,0.2178,0.0,-3.164059092912196,nan,nan,NO_WELD,0.0,0.0,False,False,False,False,False,vertical
28.467,0.0,0.0,0.0,0.0,0.0,0.0,0.0,0.0,235,0,0.2178,0.0,-3.164059092912196,nan,nan,NO_WELD,0.0,0.0,False,False,False,False,False,vertical
28.517,0.0,0.0,0.0,0.0,0.0,0.0,0.0,0.0,235,0,0.2178,0.0,-3.164059092912196,nan,nan,NO_WELD,0.0,0.0,False,False,False,False,False,vertical
28.567,0.0,0.0,0.0,0.0,0.0,0.0,0.0,0.0,235,0,0.2178,0.0,-3.164059092912196,nan,nan,NO_WELD,0.0,0.0,False,False,False,False,False,vertical
28.617,0.0,0.0,0.0,0.0,0.0,0.0,0.0,0.0,235,0,0.2178,0.0,-3.164059092912196,nan,nan,NO_WELD,0.0,0.0,False,False,False,False,False,vertical
28.667,0.0,0.0,0.0,0.0,0.0,0.0,0.0,0.0,235,0,0.2178,0.0,-3.164059092912196,nan,nan,NO_WELD,0.0,0.0,False,False,False,False,False,vertical
28.717,0.0,0.0,0.0,0.0,0.0,0.0,0.0,0.0,235,0,0.2178,0.0,-3.164059092912196,nan,nan,NO_WELD,0.0,0.0,False,False,False,False,False,vertical
28.767,0.0,0.0,0.0,0.0,0.0,0.0,0.0,0.0,235,0,0.2178,0.0,-3.164059092912196,nan,nan,NO_WELD,0.0,0.0,False,False,False,False,False,vertical
28.817,0.0,0.0,0.0,0.0,0.0,0.0,0.0,0.0,235,0,0.2178,0.0,-3.164059092912196,nan,nan,NO_WELD,0.0,0.0,False,False,False,False,False,vertical
28.867,0.0,0.0,0.0,0.0,0.0,0.0,0.0,0.0,235,0,0.2178,0.0,-3.164059092912196,nan,nan,NO_WELD,0.0,0.0,False,False,False,False,False,vertical
28.917,0.0,0.0,0.0,0.0,0.0,0.0,0.0,0.0,235,0,0.2178,0.0,-3.164059092912196,nan,nan,NO_WELD,0.0,0.0,False,False,False,False,False,vertical
28.967,0.0,0.0,0.0,0.0,0.0,0.0,0.0,0.0,235,0,0.2178,0.0,-3.164059092912196,nan,nan,NO_WELD,0.0,0.0,False,False,False,False,False,vertical
29.017,0.0,0.0,0.0,0.0,0.0,0.0,0.0,0.0,235,0,0.2178,0.0,-3.164059092912196,nan,nan,NO_WELD,0.0,0.0,False,False,False,False,False,vertical
29.068,0.024447427834514205,0.05,0.03194742783451421,0.016947427834514205,0.0,0.0,0.0319,0.0169,235,0,0.2178,0.0,-3.8671843792826963,-3.8671843792826963,0.0,WELD_FOUND,0.4979,0.2641,False,False,False,False,False,vertical
29.117,0.024447427834514205,0.05,0.03194742783451421,0.016947427834514205,0.0,0.0,0.0319,0.0169,235,0,0.2178,0.0,-3.8671843792826963,-3.8671843792826963,0.0,WELD_FOUND,0.4979,0.2641,False,False,False,False,False,vertical
29.167,0.0,0.0,0.0,0.0,0.0,0.0,0.0,0.0,236,0,0.2187,0.0,-3.8671843792826963,nan,nan,NO_WELD,0.0,0.0,False,False,False,False,False,vertical
29.217,0.0,0.0,0.0,0.0,0.0025,0.0,-0.0025,0.0,236,0,0.2187,0.0,-3.8671843792826963,nan,nan,NO_WELD,0.0,0.0,False,False,False,False,False,vertical
29.269,0.0,0.0,0.0,0.0,0.0025,0.0,-0.0025,0.0,236,0,0.2187,0.0,-3.8671843792826963,nan,nan,NO_WELD,0.0,0.0,False,False,False,False,False,vertical
29.318,0.0,0.0,0.0,0.0,0.002,0.0,-0.002,0.0,236,0,0.2187,0.0,-3.8671843792826963,nan,nan,NO_WELD,0.0,0.0,False,False,False,False,False,vertical
29.367,0.0,0.0,0.0,0.0,0.002,0.0,-0.002,0.0,236,0,0.2187,0.0,-3.8671843792826963,nan,nan,NO_WELD,0.0,0.0,False,False,False,False,False,vertical
29.417,0.0,0.0,0.0,0.0,0.002,0.0,-0.002,0.0,236,0,0.2187,0.0,-3.8671843792826963,nan,nan,NO_WELD,0.0,0.0,False,False,False,False,False,vertical
29.467,0.0,0.0,0.0,0.0,0.0016,0.0,-0.0016,0.0,236,0,0.2187,0.0,-3.8671843792826963,nan,nan,NO_WELD,0.0,0.0,False,False,False,False,False,vertical
29.517,0.0,0.0,0.0,0.0,0.0016,0.0,-0.0016,0.0,236,0,0.2187,0.0,-3.8671843792826963,nan,nan,NO_WELD,0.0,0.0,False,False,False,False,False,vertical
29.567,0.0,0.0,0.0,0.0,0.0013,0.0,-0.0013,0.0,236,0,0.2187,0.0,-3.8671843792826963,nan,nan,NO_WELD,0.0,0.0,False,False,False,False,False,vertical
29.617,0.0,0.0,0.0,0.0,0.0013,0.0,-0.0013,0.0,236,0,0.2187,0.0,-3.8671843792826963,nan,nan,NO_WELD,0.0,0.0,False,False,False,False,False,vertical
29.667,0.0,0.0,0.0,0.0,0.0013,0.0,-0.0013,0.0,236,0,0.2187,0.0,-3.8671843792826963,nan,nan,NO_WELD,0.0,0.0,False,False,False,False,False,vertical
29.717,0.0,0.0,0.0,0.0,0.001,0.0,-0.001,0.0,236,0,0.2187,0.0,-3.8671843792826963,nan,nan,NO_WELD,0.0,0.0,False,False,False,False,False,vertical
29.767,0.0,0.0,0.0,0.0,0.001,0.0,-0.001,0.0,235,0,0.2178,0.0,-3.8671843792826963,nan,nan,NO_WELD,0.0,0.0,False,False,False,False,False,vertical
29.817,0.0,0.0,0.0,0.0,0.001,0.0,-0.001,0.0,235,0,0.2178,0.0,-3.8671843792826963,nan,nan,NO_WELD,0.0,0.0,False,False,False,False,False,vertical
29.867,0.0,0.0,0.0,0.0,-0.0019,0.0,0.0019,0.0,235,0,0.2178,0.0,-3.8671843792826963,nan,nan,NO_WELD,0.0,0.0,False,False,False,False,False,vertical
29.917,0.0,0.0,0.0,0.0,-0.0019,0.0,0.0019,0.0,235,0,0.2178,0.0,-3.8671843792826963,nan,nan,NO_WELD,0.0,0.0,False,False,False,False,False,vertical
29.967,0.0,0.0,0.0,0.0,-0.0019,0.0,0.0019,0.0,235,0,0.2178,0.0,-3.8671843792826963,nan,nan,NO_WELD,0.0,0.0,False,False,False,False,False,vertical
30.017,0.0,0.0,0.0,0.0,-0.0015,0.0,0.0015,0.0,235,0,0.2178,0.0,-3.8671843792826963,nan,nan,NO_WELD,0.0,0.0,False,False,False,False,False,vertical
30.067,0.0,0.0,0.0,0.0,-0.0015,0.0,0.0015,0.0,235,0,0.2178,0.0,-3.5156217360974464,-3.5156217360974464,0.0,WELD_FOUND,0.0,0.0,False,False,False,False,False,vertical
30.117,0.0,0.0,0.0,0.0,-0.0012,0.0,0.0012,0.0,235,0,0.2178,0.0,-3.5156217360974464,-3.5156217360974464,0.0,WELD_FOUND,0.0,0.0,False,False,False,False,False,vertical
30.167,0.0,0.0,0.0,0.0,-0.0012,0.0,0.0012,0.0,235,0,0.2178,0.0,-3.5156217360974464,nan,nan,NO_WELD,0.0,0.0,False,False,False,False,False,vertical
30.218,0.0,0.0,0.0,0.0,0.0,0.0,0.0,0.0,235,0,0.2178,0.0,-3.5156217360974464,nan,nan,NO_WELD,0.0,0.0,False,False,False,False,False,vertical
30.269,0.0,0.0,0.0,0.0,0.0,0.0,0.0,0.0,235,0,0.2178,0.0,-3.5156217360974464,nan,nan,NO_WELD,0.0,0.0,False,False,False,False,False,vertical
30.318,0.0,0.0,0.0,0.0,0.0,0.0,0.0,0.0,235,0,0.2178,0.0,-3.5156217360974464,nan,nan,NO_WELD,0.0,0.0,False,False,False,False,False,vertical
30.367,0.0,0.0,0.0,0.0,0.0,0.0,0.0,0.0,235,0,0.2178,0.0,-3.5156217360974464,nan,nan,NO_WELD,0.0,0.0,False,False,False,False,False,vertical
30.418,0.0,0.0,0.0,0.0,0.0,0.0,0.0,0.0,235,0,0.2178,0.0,-3.5156217360974464,nan,nan,NO_WELD,0.0,0.0,False,False,False,False,False,vertical
30.467,0.0,0.0,0.0,0.0,0.0,0.0,0.0,0.0,235,0,0.2178,0.0,-3.5156217360974464,nan,nan,NO_WELD,0.0,0.0,False,False,False,False,False,vertical
30.518,0.0,0.0,0.0,0.0,0.0,0.0,0.0,0.0,235,0,0.2178,0.0,-3.5156217360974464,nan,nan,NO_WELD,0.0,0.0,False,False,False,False,False,vertical
30.567,0.0,0.0,0.0,0.0,0.0,0.0,0.0,0.0,235,0,0.2178,0.0,-3.5156217360974464,nan,nan,NO_WELD,0.0,0.0,False,False,False,False,False,vertical
30.618,0.0,0.0,0.0,0.0,0.0,0.0,0.0,0.0,235,0,0.2178,0.0,-3.5156217360974464,nan,nan,NO_WELD,0.0,0.0,False,False,False,False,False,vertical
30.667,0.0,0.0,0.0,0.0,0.0,0.0,0.0,0.0,235,0,0.2178,0.0,-3.5156217360974464,nan,nan,NO_WELD,0.0,0.0,False,False,False,False,False,vertical
30.718,0.0,0.0,0.0,0.0,0.0,0.0,0.0,0.0,235,0,0.2178,0.0,-3.5156217360974464,nan,nan,NO_WELD,0.0,0.0,False,False,False,False,False,vertical
30.767,0.0,0.0,0.0,0.0,0.0,0.0,0.0,0.0,235,0,0.2178,0.0,-3.5156217360974464,nan,nan,NO_WELD,0.0,0.0,False,False,False,False,False,vertical
30.818,0.0,0.0,0.0,0.0,0.0,0.0,0.0,0.0,235,0,0.2178,0.0,-3.5156217360974464,nan,nan,NO_WELD,0.0,0.0,False,False,False,False,False,vertical
30.867,0.0,0.0,0.0,0.0,0.0,0.0,0.0,0.0,235,0,0.2178,0.0,-3.5156217360974464,nan,nan,NO_WELD,0.0,0.0,False,False,False,False,False,vertical
30.918,0.0,0.0,0.0,0.0,0.0,0.0,0.0,0.0,235,0,0.2178,0.0,-4.218746595581123,nan,nan,NO_WELD,0.0,0.0,False,False,False,False,False,vertical
30.967,0.0,0.0,0.0,0.0,0.0,0.0,0.0,0.0,235,0,0.2178,0.0,-4.218746595581123,-4.218746595581123,0.0,WELD_FOUND,0.0,0.0,False,False,False,False,False,vertical
31.018,0.0,0.0,0.0,0.0,0.0,0.0,0.0,0.0,235,0,0.2178,0.0,-4.218746595581123,nan,nan,NO_WELD,0.0,0.0,False,False,False,False,False,vertical
31.067,0.0,0.0,0.0,0.0,0.0,0.0,0.0,0.0,235,0,0.2178,0.0,-4.218746595581123,nan,nan,NO_WELD,0.0,0.0,False,False,False,False,False,vertical
31.118,0.0,0.0,0.0,0.0,0.0,0.0,0.0,0.0,235,0,0.2178,0.0,-4.218746595581123,nan,nan,NO_WELD,0.0,0.0,False,False,False,False,False,vertical
31.167,0.0,0.0,0.0,0.0,0.0,0.0,0.0,0.0,235,0,0.2178,0.0,-4.218746595581123,nan,nan,NO_WELD,0.0,0.0,False,False,False,False,False,vertical
31.218,0.0,0.0,0.0,0.0,0.0,0.0,0.0,0.0,235,0,0.2178,0.0,-4.218746595581123,nan,nan,NO_WELD,0.0,0.0,False,False,False,False,False,vertical
31.269,0.021724879101968155,0.05,0.029224879101968155,0.014224879101968155,0.0,0.0,0.0292,0.0142,235,0,0.2178,0.0,-4.218746595581123,-4.218746595581123,0.0,WELD_FOUND,0.4555,0.2217,False,False,False,False,False,vertical
31.318,0.021724879101968155,0.05,0.029224879101968155,0.014224879101968155,0.0,0.0,0.0292,0.0142,235,0,0.2178,0.0,-4.218746595581123,nan,nan,NO_WELD,0.4555,0.2217,False,False,False,False,False,vertical
31.367,0.0,0.0,0.0,0.0,0.0,0.0,0.0,0.0,235,0,0.2178,0.0,-4.218746595581123,nan,nan,NO_WELD,0.0,0.0,False,False,False,False,False,vertical
31.418,0.0,0.0,0.0,0.0,0.0,0.0,0.0,0.0,235,0,0.2178,0.0,-4.218746595581123,nan,nan,NO_WELD,0.0,0.0,False,False,False,False,False,vertical
31.467,0.0,0.0,0.0,0.0,0.0,0.0,0.0,0.0,235,0,0.2178,0.0,-4.218746595581123,nan,nan,NO_WELD,0.0,0.0,False,False,False,False,False,vertical
31.518,0.0,0.0,0.0,0.0,0.0,0.0,0.0,0.0,235,0,0.2178,0.0,-4.218746595581123,nan,nan,NO_WELD,0.0,0.0,False,False,False,False,False,vertical
31.568,0.0,0.0,0.0,0.0,0.0,0.0,0.0,0.0,235,0,0.2178,0.0,-4.218746595581123,nan,nan,NO_WELD,0.0,0.0,False,False,False,False,False,vertical
31.618,0.0,0.0,0.0,0.0,0.0,0.0,0.0,0.0,235,0,0.2178,0.0,-4.218746595581123,nan,nan,NO_WELD,0.0,0.0,False,False,False,False,False,vertical
31.667,0.0,0.0,0.0,0.0,0.0,0.0,0.0,0.0,235,0,0.2178,0.0,-4.218746595581123,nan,nan,NO_WELD,0.0,0.0,False,False,False,False,False,vertical
31.717,0.0,0.0,0.0,0.0,0.0,0.0,0.0,0.0,235,0,0.2178,0.0,-4.218746595581123,nan,nan,NO_WELD,0.0,0.0,False,False,False,False,False,vertical
31.767,0.0,0.0,0.0,0.0,0.0,0.0,0.0,0.0,235,0,0.2178,0.0,-4.218746595581123,nan,nan,NO_WELD,0.0,0.0,False,False,False,False,False,vertical
31.817,0.0,0.0,0.0,0.0,0.0,0.0,0.0,0.0,235,0,0.2178,0.0,-4.218746595581123,nan,nan,NO_WELD,0.0,0.0,False,False,False,False,False,vertical
31.867,0.0,0.0,0.0,0.0,0.0,0.0,0.0,0.0,235,0,0.2178,0.0,-4.218746595581123,nan,nan,NO_WELD,0.0,0.0,False,False,False,False,False,vertical
31.917,0.0,0.0,0.0,0.0,0.0,0.0,0.0,0.0,235,0,0.2178,0.0,-4.218746595581123,nan,nan,NO_WELD,0.0,0.0,False,False,False,False,False,vertical
31.967,0.0,0.0,0.0,0.0,0.0,0.0,0.0,0.0,235,0,0.2178,0.0,-4.218746595581123,nan,nan,NO_WELD,0.0,0.0,False,False,False,False,False,vertical
32.017,0.0,0.0,0.0,0.0,0.0,0.0,0.0,0.0,235,0,0.2178,0.0,-4.218746595581123,nan,nan,NO_WELD,0.0,0.0,False,False,False,False,False,vertical
32.067,0.0,0.0,0.0,0.0,0.0,0.0,0.0,0.0,235,0,0.2178,0.0,-4.218746595581123,nan,nan,NO_WELD,0.0,0.0,False,False,False,False,False,vertical
32.117,0.0,0.0,0.0,0.0,0.0,0.0,0.0,0.0,235,0,0.2178,0.0,-4.218746595581123,nan,nan,NO_WELD,0.0,0.0,False,False,False,False,False,vertical
32.167,0.0,0.0,0.0,0.0,0.0,0.0,0.0,0.0,235,0,0.2178,0.0,-4.218746595581123,nan,nan,NO_WELD,0.0,0.0,False,False,False,False,False,vertical
32.218,0.027330654955091734,0.05,0.03483065495509173,0.019830654955091735,0.0,0.0,0.0348,0.0198,235,0,0.2178,0.0,-3.5156217360974464,-3.5156217360974464,0.0,WELD_FOUND,0.5428,0.309,False,False,False,False,False,vertical
32.269,0.027330654955091734,0.05,0.03483065495509173,0.019830654955091735,0.0,0.0,0.0348,0.0198,235,0,0.2178,0.0,-3.5156217360974464,-3.5156217360974464,0.0,WELD_FOUND,0.5428,0.309,False,False,False,False,False,vertical
32.317,0.0,0.0,0.0,0.0,0.0,0.0,0.0,0.0,235,0,0.2178,0.0,-3.5156217360974464,nan,nan,NO_WELD,0.0,0.0,False,False,False,False,False,vertical
32.367,0.0,0.0,0.0,0.0,0.0,0.0,0.0,0.0,236,0,0.2187,0.0,-3.5156217360974464,nan,nan,NO_WELD,0.0,0.0,False,False,False,False,False,vertical
32.418,0.02975292278094382,0.05,0.03725292278094382,0.02225292278094382,0.0025,0.0,0.0348,0.0223,236,0,0.2187,0.0,-3.164059092912196,-3.164059092912196,0.0,WELD_FOUND,0.5806,0.3468,False,False,False,False,False,vertical
32.467,0.02975292278094382,0.05,0.03725292278094382,0.02225292278094382,0.0025,0.0,0.0348,0.0223,236,0,0.2187,0.0,-3.164059092912196,-3.164059092912196,0.0,WELD_FOUND,0.5806,0.3468,False,False,False,False,False,vertical
32.517,0.0,0.0,0.0,0.0,0.0025,0.0,-0.0025,0.0,236,0,0.2187,0.0,-3.164059092912196,nan,nan,NO_WELD,0.0,0.0,False,False,False,False,False,vertical
32.567,0.0,0.0,0.0,0.0,0.0064,0.0,-0.0064,0.0,238,0,0.2206,0.0,-3.164059092912196,nan,nan,NO_WELD,0.0,0.0,False,False,False,False,False,vertical
32.617,0.0,0.0,0.0,0.0,0.0064,0.0,-0.0064,0.0,238,0,0.2206,0.0,-3.164059092912196,nan,nan,NO_WELD,0.0,0.0,False,False,False,False,False,vertical
32.667,0.0,0.0,0.0,0.0,0.0064,0.0,-0.0064,0.0,238,0,0.2206,0.0,-3.164059092912196,nan,nan,NO_WELD,0.0,0.0,False,False,False,False,False,vertical
32.717,0.0,0.0,0.0,0.0,0.0051,0.0,-0.0051,0.0,238,0,0.2206,0.0,-3.164059092912196,nan,nan,NO_WELD,0.0,0.0,False,False,False,False,False,vertical
32.767,0.0,0.0,0.0,0.0,0.0051,0.0,-0.0051,0.0,238,0,0.2206,0.0,-3.164059092912196,nan,nan,NO_WELD,0.0,0.0,False,False,False,False,False,vertical
32.818,0.0,0.0,0.0,0.0,0.0041,0.0,-0.0041,0.0,238,0,0.2206,0.0,-3.164059092912196,nan,nan,NO_WELD,0.0,0.0,False,False,False,False,False,vertical
32.867,0.0,0.0,0.0,0.0,0.0041,0.0,-0.0041,0.0,238,0,0.2206,0.0,-3.164059092912196,nan,nan,NO_WELD,0.0,0.0,False,False,False,False,False,vertical
32.917,0.0,0.0,0.0,0.0,0.0041,0.0,-0.0041,0.0,238,0,0.2206,0.0,-3.164059092912196,nan,nan,NO_WELD,0.0,0.0,False,False,False,False,False,vertical
32.967,0.0,0.0,0.0,0.0,0.0033,0.0,-0.0033,0.0,238,0,0.2206,0.0,-3.164059092912196,nan,nan,NO_WELD,0.0,0.0,False,False,False,False,False,vertical
33.018,0.03037455725537767,0.05,0.03787455725537767,0.02287455725537767,0.0033,0.0,0.0346,0.0229,238,0,0.2206,0.0,-3.164059092912196,-3.164059092912196,0.0,WELD_FOUND,0.5903,0.3565,False,False,False,False,False,vertical
33.067,0.03037455725537767,0.05,0.03787455725537767,0.02287455725537767,0.0033,0.0,0.0346,0.0229,238,0,0.2206,0.0,-3.164059092912196,-3.164059092912196,0.0,WELD_FOUND,0.5903,0.3565,False,False,False,False,False,vertical
33.117,0.0,0.0,0.0,0.0,0.0026,0.0,-0.0026,0.0,238,0,0.2206,0.0,-3.164059092912196,nan,nan,NO_WELD,0.0,0.0,False,False,False,False,False,vertical
33.167,0.0,0.0,0.0,0.0,0.0026,0.0,-0.0026,0.0,241,0,0.2234,0.0,-3.164059092912196,nan,nan,NO_WELD,0.0,0.0,False,False,False,False,False,vertical
33.217,0.0,0.0,0.0,0.0,0.0026,0.0,-0.0026,0.0,241,0,0.2234,0.0,-3.164059092912196,nan,nan,NO_WELD,0.0,0.0,False,False,False,False,False,vertical
33.269,0.0,0.0,0.0,0.0,0.0065,0.0,-0.0065,0.0,240,0,0.2224,0.0,-3.164059092912196,nan,nan,NO_WELD,0.0,0.0,False,False,False,False,False,vertical
33.318,0.0,0.0,0.0,0.0,0.0065,0.0,-0.0065,0.0,240,0,0.2224,0.0,-3.164059092912196,nan,nan,NO_WELD,0.0,0.0,False,False,False,False,False,vertical
33.367,0.0,0.0,0.0,0.0,0.0065,0.0,-0.0065,0.0,239,0,0.2215,0.0,-3.164059092912196,nan,nan,NO_WELD,0.0,0.0,False,False,False,False,False,vertical
33.417,0.0,0.0,0.0,0.0,0.0014,0.0,-0.0014,0.0,239,0,0.2215,0.0,-3.164059092912196,nan,nan,NO_WELD,0.0,0.0,False,False,False,False,False,vertical
33.467,0.0,0.0,0.0,0.0,0.0014,0.0,-0.0014,0.0,239,0,0.2215,0.0,-3.164059092912196,nan,nan,NO_WELD,0.0,0.0,False,False,False,False,False,vertical
33.517,0.0,0.0,0.0,0.0,0.0012,0.0,-0.0012,0.0,239,0,0.2215,0.0,-3.164059092912196,nan,nan,NO_WELD,0.0,0.0,False,False,False,False,False,vertical
33.567,0.0,0.0,0.0,0.0,0.0012,0.0,-0.0012,0.0,239,0,0.2215,0.0,-3.164059092912196,nan,nan,NO_WELD,0.0,0.0,False,False,False,False,False,vertical
33.617,0.0,0.0,0.0,0.0,0.0012,0.0,-0.0012,0.0,239,0,0.2215,0.0,-3.164059092912196,nan,nan,NO_WELD,0.0,0.0,False,False,False,False,False,vertical
33.667,0.0,0.0,0.0,0.0,0.0,0.0,0.0,0.0,239,0,0.2215,0.0,-3.164059092912196,nan,nan,NO_WELD,0.0,0.0,False,False,False,False,False,vertical
33.717,0.0,0.0,0.0,0.0,0.0,0.0,0.0,0.0,239,0,0.2215,0.0,-3.164059092912196,nan,nan,NO_WELD,0.0,0.0,False,False,False,False,False,vertical
33.767,0.0,0.0,0.0,0.0,0.0,0.0,0.0,0.0,239,0,0.2215,0.0,-3.164059092912196,nan,nan,NO_WELD,0.0,0.0,False,False,False,False,False,vertical
33.817,0.0,0.0,0.0,0.0,0.0,0.0,0.0,0.0,239,0,0.2215,0.0,-3.164059092912196,nan,nan,NO_WELD,0.0,0.0,False,False,False,False,False,vertical
33.867,0.0,0.0,0.0,0.0,0.0,0.0,0.0,0.0,239,0,0.2215,0.0,-3.164059092912196,nan,nan,NO_WELD,0.0,0.0,False,False,False,False,False,vertical
33.917,0.0,0.0,0.0,0.0,0.0,0.0,0.0,0.0,239,0,0.2215,0.0,-3.164059092912196,nan,nan,NO_WELD,0.0,0.0,False,False,False,False,False,vertical
33.967,0.0,0.0,0.0,0.0,0.0,0.0,0.0,0.0,239,0,0.2215,0.0,-3.164059092912196,nan,nan,NO_WELD,0.0,0.0,False,False,False,False,False,vertical
34.017,0.027330654955091734,0.05,0.03483065495509173,0.019830654955091735,0.0,0.0,0.0348,0.0198,239,0,0.2215,0.0,-3.5156217360974464,-3.5156217360974464,0.0,WELD_FOUND,0.0,0.309,True,False,False,False,False,vertical
34.067,0.027330654955091734,0.05,0.03483065495509173,0.019830654955091735,0.0,0.0,0.0348,0.0198,239,0,0.2215,0.0,-3.5156217360974464,-3.5156217360974464,0.0,WELD_FOUND,0.0,0.309,True,False,False,False,False,vertical
34.117,0.0,0.0,0.0,0.0,0.0,0.0,0.0,0.0,239,0,0.2215,0.0,-3.5156217360974464,nan,nan,NO_WELD,0.0,0.0,False,False,False,False,False,vertical
34.167,0.0,0.0,0.0,0.0,0.0025,0.0,-0.0025,0.0,240,0,0.2224,0.0,-3.5156217360974464,nan,nan,NO_WELD,0.0,0.0,False,False,False,False,False,vertical
34.217,0.0,0.0,0.0,0.0,0.0025,0.0,-0.0025,0.0,240,0,0.2224,0.0,-3.5156217360974464,nan,nan,NO_WELD,0.0,0.0,False,False,False,False,False,vertical
34.269,0.0,0.0,0.0,0.0,0.0025,0.0,-0.0025,0.0,240,0,0.2224,0.0,-3.5156217360974464,nan,nan,NO_WELD,0.0,0.0,False,False,False,False,False,vertical
34.317,0.0,0.0,0.0,0.0,0.002,0.0,-0.002,0.0,240,0,0.2224,0.0,-3.5156217360974464,nan,nan,NO_WELD,0.0,0.0,False,False,False,False,False,vertical
34.367,0.0,0.0,0.0,0.0,0.002,0.0,-0.002,0.0,240,0,0.2224,0.0,-3.5156217360974464,nan,nan,NO_WELD,0.0,0.0,False,False,False,False,False,vertical
34.417,0.0,0.0,0.0,0.0,0.002,0.0,-0.002,0.0,240,0,0.2224,0.0,-3.5156217360974464,nan,nan,NO_WELD,0.0,0.0,False,False,False,False,False,vertical
34.467,0.0,0.0,0.0,0.0,0.0016,0.0,-0.0016,0.0,240,0,0.2224,0.0,-3.5156217360974464,nan,nan,NO_WELD,0.0,0.0,False,False,False,False,False,vertical
34.517,0.0,0.0,0.0,0.0,0.0016,0.0,-0.0016,0.0,240,0,0.2224,0.0,-3.5156217360974464,nan,nan,NO_WELD,0.0,0.0,False,False,False,False,False,vertical
34.567,0.0,0.0,0.0,0.0,0.0016,0.0,-0.0016,0.0,240,0,0.2224,0.0,-3.5156217360974464,nan,nan,NO_WELD,0.0,0.0,False,False,False,False,False,vertical
34.617,0.0,0.0,0.0,0.0,0.0013,0.0,-0.0013,0.0,240,0,0.2224,0.0,-3.5156217360974464,nan,nan,NO_WELD,0.0,0.0,False,False,False,False,False,vertical
34.667,0.0,0.0,0.0,0.0,0.0013,0.0,-0.0013,0.0,240,0,0.2224,0.0,-3.5156217360974464,nan,nan,NO_WELD,0.0,0.0,False,False,False,False,False,vertical
34.717,0.0,0.0,0.0,0.0,0.0013,0.0,-0.0013,0.0,240,0,0.2224,0.0,-3.5156217360974464,nan,nan,NO_WELD,0.0,0.0,False,False,False,False,False,vertical
34.767,0.0,0.0,0.0,0.0,0.001,0.0,-0.001,0.0,240,0,0.2224,0.0,-3.5156217360974464,nan,nan,NO_WELD,0.0,0.0,False,False,False,False,False,vertical
34.817,0.0,0.0,0.0,0.0,0.001,0.0,-0.001,0.0,240,0,0.2224,0.0,-3.5156217360974464,nan,nan,NO_WELD,0.0,0.0,False,False,False,False,False,vertical
34.867,0.0,0.0,0.0,0.0,0.0,0.0,0.0,0.0,240,0,0.2224,0.0,-3.5156217360974464,nan,nan,NO_WELD,0.0,0.0,False,False,False,False,False,vertical
34.917,0.0,0.0,0.0,0.0,0.0,0.0,0.0,0.0,240,0,0.2224,0.0,-3.5156217360974464,nan,nan,NO_WELD,0.0,0.0,False,False,False,False,False,vertical
34.967,0.0,0.0,0.0,0.0,0.0,0.0,0.0,0.0,240,0,0.2224,0.0,-3.5156217360974464,nan,nan,NO_WELD,0.0,0.0,False,False,False,False,False,vertical
35.017,0.0,0.0,0.0,0.0,0.0,0.0,0.0,0.0,240,0,0.2224,0.0,-3.5156217360974464,nan,nan,NO_WELD,0.0,0.0,False,False,False,False,False,vertical
35.067,0.0,0.0,0.0,0.0,0.0,0.0,0.0,0.0,240,0,0.2224,0.0,-3.5156217360974464,nan,nan,NO_WELD,0.0,0.0,False,False,False,False,False,vertical
35.117,0.0,0.0,0.0,0.0,0.0,0.0,0.0,0.0,240,0,0.2224,0.0,-0.35155909468853286,nan,nan,NO_WELD,0.0,0.0,False,False,False,False,False,vertical
35.167,0.0,0.0,0.0,0.0,0.0,0.0,0.0,0.0,240,0,0.2224,0.0,-0.35155909468853286,nan,nan,NO_WELD,0.0,0.0,False,False,False,False,False,vertical
35.217,0.0,0.0,0.0,0.0,0.0,0.0,0.0,0.0,240,0,0.2224,0.0,-0.35155909468853286,nan,nan,NO_WELD,0.0,0.0,False,False,False,False,False,vertical
35.269,0.0,0.0,0.0,0.0,0.0,0.0,0.0,0.0,240,0,0.2224,0.0,-0.35155909468853286,nan,nan,NO_WELD,0.0,0.0,False,False,False,False,False,vertical
35.317,0.0,0.0,0.0,0.0,0.0,0.0,0.0,0.0,240,0,0.2224,0.0,-0.35155909468853286,nan,nan,NO_WELD,0.0,0.0,False,False,False,False,False,vertical
35.367,0.0,0.0,0.0,0.0,0.0,0.0,0.0,0.0,240,0,0.2224,0.0,-0.35155909468853286,nan,nan,NO_WELD,0.0,0.0,False,False,False,False,False,vertical
35.417,0.0,0.0,0.0,0.0,0.0,0.0,0.0,0.0,240,0,0.2224,0.0,-3.5156217360974464,nan,nan,NO_WELD,0.0,0.0,False,False,False,False,False,vertical
35.467,0.0,0.0,0.0,0.0,0.0,0.0,0.0,0.0,240,0,0.2224,0.0,-3.5156217360974464,nan,nan,NO_WELD,0.0,0.0,False,False,False,False,False,vertical
35.517,0.0,0.0,0.0,0.0,0.0,0.0,0.0,0.0,240,0,0.2224,0.0,0.7031284346608206,nan,nan,NO_WELD,0.0,0.0,False,False,False,False,False,vertical
35.567,0.0,0.0,0.0,0.0,0.0,0.0,0.0,0.0,240,0,0.2224,0.0,0.7031284346608206,nan,nan,NO_WELD,0.0,0.0,False,False,False,False,False,vertical
35.617,0.0,0.0,0.0,0.0,0.0,0.0,0.0,0.0,240,0,0.2224,0.0,1.4062534542270564,nan,nan,NO_WELD,0.0,0.0,False,False,False,False,False,vertical
35.667,0.0,0.0,0.0,0.0,0.0,0.0,0.0,0.0,240,0,0.2224,0.0,1.4062534542270564,nan,nan,NO_WELD,0.0,0.0,False,False,False,False,False,vertical
35.717,0.0,0.0,0.0,0.0,0.0,0.0,0.0,0.0,240,0,0.2224,0.0,1.4062534542270564,nan,nan,NO_WELD,0.0,0.0,False,False,False,False,False,vertical
35.767,0.0,0.0,0.0,0.0,0.0,0.0,0.0,0.0,240,0,0.2224,0.0,1.4062534542270564,nan,nan,NO_WELD,0.0,0.0,False,False,False,False,False,vertical
35.817,0.0,0.0,0.0,0.0,0.0,0.0,0.0,0.0,240,0,0.2224,0.0,1.7578159906906006,nan,nan,NO_WELD,0.0,0.0,False,False,False,False,False,vertical
35.867,0.0,0.0,0.0,0.0,0.0,0.0,0.0,0.0,240,0,0.2224,0.0,1.7578159906906006,nan,nan,NO_WELD,0.0,0.0,False,False,False,False,False,vertical
35.917,0.0,0.0,0.0,0.0,0.0,0.0,0.0,0.0,240,0,0.2224,0.0,0.7031284346608206,nan,nan,NO_WELD,0.0,0.0,False,False,False,False,False,vertical
35.967,0.0,0.0,0.0,0.0,0.0,0.0,0.0,0.0,240,0,0.2224,0.0,0.7031284346608206,nan,nan,NO_WELD,0.0,0.0,False,False,False,False,False,vertical
36.017,0.0,0.0,0.0,0.0,0.0,0.0,0.0,0.0,240,0,0.2224,0.0,0.7031284346608206,0.7031284346608206,0.0,WELD_FOUND,0.0,0.0,False,False,False,False,False,vertical
36.067,0.0,0.0,0.0,0.0,0.0,0.0,0.0,0.0,240,0,0.2224,0.0,0.7031284346608206,0.7031284346608206,0.0,WELD_FOUND,0.0,0.0,False,False,False,False,False,vertical
36.117,0.05407628733519148,-0.05,0.04657628733519148,0.06157628733519148,0.0,0.0,0.0466,0.0616,240,0,0.2224,0.0,1.054690917763512,0.8789097028925928,0.17578121487091913,WELD_FOUND,0.6374,0.7068,False,False,False,False,False,vertical
36.167,0.05407628733519148,-0.05,0.04657628733519148,0.06157628733519148,0.0,0.0,0.0466,0.0616,240,0,0.2224,0.0,1.054690917763512,0.8789097028925928,0.17578121487091913,WELD_FOUND,0.6374,0.7068,False,False,False,False,False,vertical
36.217,0.0,0.0,0.0,0.0,0.0,0.0,0.0,0.0,240,0,0.2224,0.0,1.054690917763512,nan,nan,NO_WELD,0.0,0.0,False,False,False,False,False,vertical
36.269,0.0,0.0,0.0,0.0,0.0,0.0,0.0,0.0,251,0,0.2326,0.0,1.054690917763512,nan,nan,NO_WELD,0.0,0.0,False,False,False,False,False,vertical
36.317,0.0,0.0,0.0,0.0,0.0272,0.0,-0.0272,0.0,251,0,0.2326,0.0,1.054690917763512,nan,nan,NO_WELD,0.0,0.0,False,False,False,False,False,vertical
36.367,0.0,0.0,0.0,0.0,0.0272,0.0,-0.0272,0.0,250,0,0.2317,0.0,1.054690917763512,nan,nan,NO_WELD,0.0,0.0,False,False,False,False,False,vertical
36.418,0.0,0.0,0.0,0.0,0.0126,0.0,-0.0126,0.0,250,0,0.2317,0.0,1.054690917763512,nan,nan,NO_WELD,0.0,0.0,False,False,False,False,False,vertical
36.467,0.0,0.0,0.0,0.0,0.0126,0.0,-0.0126,0.0,250,0,0.2317,0.0,1.054690917763512,nan,nan,NO_WELD,0.0,0.0,False,False,False,False,False,vertical
36.517,0.0,0.0,0.0,0.0,0.0126,0.0,-0.0126,0.0,250,0,0.2317,0.0,1.054690917763512,nan,nan,NO_WELD,0.0,0.0,False,False,False,False,False,vertical
36.567,0.0,0.0,0.0,0.0,0.0101,0.0,-0.0101,0.0,250,0,0.2317,0.0,1.054690917763512,nan,nan,NO_WELD,0.0,0.0,False,False,False,False,False,vertical
36.617,0.0,0.0,0.0,0.0,0.0101,0.0,-0.0101,0.0,250,0,0.2317,0.0,1.054690917763512,nan,nan,NO_WELD,0.0,0.0,False,False,False,False,False,vertical
36.667,0.0,0.0,0.0,0.0,0.0101,0.0,-0.0101,0.0,250,0,0.2317,0.0,1.054690917763512,nan,nan,NO_WELD,0.0,0.0,False,False,False,False,False,vertical
36.717,0.0,0.0,0.0,0.0,0.0081,0.0,-0.0081,0.0,250,0,0.2317,0.0,1.054690917763512,nan,nan,NO_WELD,0.0,0.0,False,False,False,False,False,vertical
36.767,0.0,0.0,0.0,0.0,0.0081,0.0,-0.0081,0.0,250,0,0.2317,0.0,1.054690917763512,nan,nan,NO_WELD,0.0,0.0,False,False,False,False,False,vertical
36.817,0.0,0.0,0.0,0.0,0.0065,0.0,-0.0065,0.0,250,0,0.2317,0.0,1.054690917763512,nan,nan,NO_WELD,0.0,0.0,False,False,False,False,False,vertical
36.867,0.0,0.0,0.0,0.0,0.0065,0.0,-0.0065,0.0,250,0,0.2317,0.0,1.054690917763512,nan,nan,NO_WELD,0.0,0.0,False,False,False,False,False,vertical
36.917,0.0,0.0,0.0,0.0,0.0065,0.0,-0.0065,0.0,250,0,0.2317,0.0,1.054690917763512,nan,nan,NO_WELD,0.0,0.0,False,False,False,False,False,vertical
36.967,0.0,0.0,0.0,0.0,0.0052,0.0,-0.0052,0.0,250,0,0.2317,0.0,1.054690917763512,nan,nan,NO_WELD,0.0,0.0,False,False,False,False,False,vertical
37.017,0.0,0.0,0.0,0.0,0.0052,0.0,-0.0052,0.0,250,0,0.2317,0.0,1.054690917763512,nan,nan,NO_WELD,0.0,0.0,False,False,False,False,False,vertical
37.067,0.0,0.0,0.0,0.0,0.0041,0.0,-0.0041,0.0,250,0,0.2317,0.0,1.054690917763512,nan,nan,NO_WELD,0.0,0.0,False,False,False,False,False,vertical
37.117,0.0,0.0,0.0,0.0,0.0041,0.0,-0.0041,0.0,250,0,0.2317,0.0,1.054690917763512,nan,nan,NO_WELD,0.0,0.0,False,False,False,False,False,vertical
37.167,0.0,0.0,0.0,0.0,0.0041,0.0,-0.0041,0.0,250,0,0.2317,0.0,1.054690917763512,nan,nan,NO_WELD,0.0,0.0,False,False,False,False,False,vertical
37.217,0.0,0.0,0.0,0.0,0.0033,0.0,-0.0033,0.0,250,0,0.2317,0.0,3.4150945850063755e-06,nan,nan,NO_WELD,0.0,0.0,False,False,False,False,False,vertical
37.269,0.0,0.0,0.0,0.0,0.0033,0.0,-0.0033,0.0,250,0,0.2317,0.0,3.4150945850063755e-06,nan,nan,NO_WELD,0.0,0.0,False,False,False,False,False,vertical
37.317,0.0,0.0,0.0,0.0,0.0026,0.0,-0.0026,0.0,250,0,0.2317,0.0,4.218753425770293,nan,nan,NO_WELD,0.0,0.0,False,False,False,False,False,vertical
37.367,0.0,0.0,0.0,0.0,0.0026,0.0,-0.0026,0.0,250,0,0.2317,0.0,4.218753425770293,nan,nan,NO_WELD,0.0,0.0,False,False,False,False,False,vertical
37.417,0.0,0.0,0.0,0.0,0.0026,0.0,-0.0026,0.0,250,0,0.2317,0.0,-0.7031216044716506,nan,nan,NO_WELD,0.0,0.0,False,False,False,False,False,vertical
37.467,0.0,0.0,0.0,0.0,0.0021,0.0,-0.0021,0.0,250,0,0.2317,0.0,-0.7031216044716506,nan,nan,NO_WELD,0.0,0.0,False,False,False,False,False,vertical
37.517,0.0,0.0,0.0,0.0,0.0021,0.0,-0.0021,0.0,250,0,0.2317,0.0,0.35156592487770283,nan,nan,NO_WELD,0.0,0.0,False,False,False,False,False,vertical
37.567,0.0,0.0,0.0,0.0,0.0017,0.0,-0.0017,0.0,250,0,0.2317,0.0,0.35156592487770283,nan,nan,NO_WELD,0.0,0.0,False,False,False,False,False,vertical
37.617,0.0,0.0,0.0,0.0,0.0017,0.0,-0.0017,0.0,250,0,0.2317,0.0,0.35156592487770283,nan,nan,NO_WELD,0.0,0.0,False,False,False,False,False,vertical
37.667,0.0,0.0,0.0,0.0,0.0017,0.0,-0.0017,0.0,250,0,0.2317,0.0,0.35156592487770283,nan,nan,NO_WELD,0.0,0.0,False,False,False,False,False,vertical
37.717,0.0,0.0,0.0,0.0,0.0014,0.0,-0.0014,0.0,250,0,0.2317,0.0,0.35156592487770283,nan,nan,NO_WELD,0.0,0.0,False,False,False,False,False,vertical
37.767,0.0,0.0,0.0,0.0,0.0014,0.0,-0.0014,0.0,250,0,0.2317,0.0,0.35156592487770283,nan,nan,NO_WELD,0.0,0.0,False,False,False,False,False,vertical
37.817,0.0,0.0,0.0,0.0,0.0011,0.0,-0.0011,0.0,250,0,0.2317,0.0,0.7031284346608206,nan,nan,NO_WELD,0.0,0.0,False,False,False,False,False,vertical
37.867,0.0,0.0,0.0,0.0,0.0011,0.0,-0.0011,0.0,250,0,0.2317,0.0,0.7031284346608206,nan,nan,NO_WELD,0.0,0.0,False,False,False,False,False,vertical
37.917,0.0,0.0,0.0,0.0,0.0011,0.0,-0.0011,0.0,250,0,0.2317,0.0,3.4150945850063755e-06,3.4150945850063755e-06,0.0,WELD_FOUND,0.0,0.0,False,False,False,False,False,vertical
37.967,0.0,0.0,0.0,0.0,0.0,0.0,0.0,0.0,250,0,0.2317,0.0,3.4150945850063755e-06,3.4150945850063755e-06,0.0,WELD_FOUND,0.0,0.0,False,False,False,False,False,vertical
38.017,0.065,0.0,0.065,0.065,0.0,0.0,0.065,0.065,250,0,0.2317,0.0,-0.35155909468853286,-0.17577783979697392,-0.17578125489155894,WELD_FOUND,0.7227,0.7227,False,False,False,False,False,vertical
38.067,0.065,0.0,0.065,0.065,0.0,0.0,0.065,0.065,253,0,0.2345,0.0,-0.35155909468853286,-0.17577783979697392,-0.17578125489155894,WELD_FOUND,0.7227,0.7227,False,False,False,False,False,vertical
38.117,0.0,0.0,0.0,0.0,0.0074,0.0,-0.0074,0.0,253,0,0.2345,0.0,-0.35155909468853286,nan,nan,NO_WELD,0.0,0.0,False,False,False,False,False,vertical
38.167,0.0,0.0,0.0,0.0,0.0074,0.0,-0.0074,0.0,264,0,0.2447,0.0,-0.35155909468853286,nan,nan,NO_WELD,0.0,0.0,False,False,False,False,False,vertical
38.217,0.0,0.0,0.0,0.0,0.0074,0.0,-0.0074,0.0,264,0,0.2447,0.0,-0.35155909468853286,nan,nan,NO_WELD,0.0,0.0,False,False,False,False,False,vertical
38.269,0.0,0.0,0.0,0.0,0.0292,0.0,-0.0292,0.0,263,0,0.2437,0.0,-0.35155909468853286,nan,nan,NO_WELD,0.0,0.0,False,False,False,False,False,vertical
38.317,0.0,0.0,0.0,0.0,0.0292,0.0,-0.0292,0.0,263,0,0.2437,0.0,-0.35155909468853286,nan,nan,NO_WELD,0.0,0.0,False,False,False,False,False,vertical
38.367,0.0,0.0,0.0,0.0,0.0233,0.0,-0.0233,0.0,263,0,0.2437,0.0,-0.35155909468853286,nan,nan,NO_WELD,0.0,0.0,False,False,False,False,False,vertical
38.417,0.0,0.0,0.0,0.0,0.0233,0.0,-0.0233,0.0,263,0,0.2437,0.0,-0.35155909468853286,nan,nan,NO_WELD,0.0,0.0,False,False,False,False,False,vertical
38.467,0.0,0.0,0.0,0.0,0.0187,0.0,-0.0187,0.0,263,0,0.2437,0.0,-0.35155909468853286,nan,nan,NO_WELD,0.0,0.0,False,False,False,False,False,vertical
38.517,0.0,0.0,0.0,0.0,0.0187,0.0,-0.0187,0.0,263,0,0.2437,0.0,-0.35155909468853286,nan,nan,NO_WELD,0.0,0.0,False,False,False,False,False,vertical
38.567,0.0,0.0,0.0,0.0,0.0187,0.0,-0.0187,0.0,263,0,0.2437,0.0,-0.35155909468853286,nan,nan,NO_WELD,0.0,0.0,False,False,False,False,False,vertical
38.617,0.0,0.0,0.0,0.0,0.0149,0.0,-0.0149,0.0,263,0,0.2437,0.0,-0.35155909468853286,nan,nan,NO_WELD,0.0,0.0,False,False,False,False,False,vertical
38.667,0.0,0.0,0.0,0.0,0.0149,0.0,-0.0149,0.0,263,0,0.2437,0.0,-0.35155909468853286,nan,nan,NO_WELD,0.0,0.0,False,False,False,False,False,vertical
38.717,0.0,0.0,0.0,0.0,0.0119,0.0,-0.0119,0.0,263,0,0.2437,0.0,-0.35155909468853286,nan,nan,NO_WELD,0.0,0.0,False,False,False,False,False,vertical
38.767,0.0,0.0,0.0,0.0,0.0119,0.0,-0.0119,0.0,263,0,0.2437,0.0,-0.35155909468853286,nan,nan,NO_WELD,0.0,0.0,False,False,False,False,False,vertical
38.817,0.0,0.0,0.0,0.0,0.0096,0.0,-0.0096,0.0,263,0,0.2437,0.0,-0.35155909468853286,nan,nan,NO_WELD,0.0,0.0,False,False,False,False,False,vertical
38.867,0.0,0.0,0.0,0.0,0.0096,0.0,-0.0096,0.0,263,0,0.2437,0.0,-0.35155909468853286,nan,nan,NO_WELD,0.0,0.0,False,False,False,False,False,vertical
38.917,0.0,0.0,0.0,0.0,0.0096,0.0,-0.0096,0.0,263,0,0.2437,0.0,-0.35155909468853286,nan,nan,NO_WELD,0.0,0.0,False,False,False,False,False,vertical
38.967,0.0,0.0,0.0,0.0,0.0033,0.0,-0.0033,0.0,262,0,0.2428,0.0,-0.35155909468853286,nan,nan,NO_WELD,0.0,0.0,False,False,False,False,False,vertical
39.017,0.0,0.0,0.0,0.0,0.0033,0.0,-0.0033,0.0,262,0,0.2428,0.0,-0.35155909468853286,nan,nan,NO_WELD,0.0,0.0,False,False,False,False,False,vertical
39.067,0.0,0.0,0.0,0.0,0.0033,0.0,-0.0033,0.0,262,0,0.2428,0.0,-0.35155909468853286,nan,nan,NO_WELD,0.0,0.0,False,False,False,False,False,vertical
39.117,0.0,0.0,0.0,0.0,0.0026,0.0,-0.0026,0.0,262,0,0.2428,0.0,-0.7031216044716506,nan,nan,NO_WELD,0.0,0.0,False,False,False,False,False,vertical
39.167,0.0,0.0,0.0,0.0,0.0026,0.0,-0.0026,0.0,262,0,0.2428,0.0,-0.7031216044716506,nan,nan,NO_WELD,0.0,0.0,False,False,False,False,False,vertical
39.217,0.0,0.0,0.0,0.0,0.0026,0.0,-0.0026,0.0,262,0,0.2428,0.0,-0.7031216044716506,nan,nan,NO_WELD,0.0,0.0,False,False,False,False,False,vertical
39.269,0.0,0.0,0.0,0.0,0.0021,0.0,-0.0021,0.0,262,0,0.2428,0.0,-0.7031216044716506,nan,nan,NO_WELD,0.0,0.0,False,False,False,False,False,vertical
39.317,0.0,0.0,0.0,0.0,0.0021,0.0,-0.0021,0.0,262,0,0.2428,0.0,-0.7031216044716506,nan,nan,NO_WELD,0.0,0.0,False,False,False,False,False,vertical
39.367,0.0,0.0,0.0,0.0,0.0021,0.0,-0.0021,0.0,262,0,0.2428,0.0,-0.7031216044716506,nan,nan,NO_WELD,0.0,0.0,False,False,False,False,False,vertical
39.417,0.0,0.0,0.0,0.0,0.0017,0.0,-0.0017,0.0,262,0,0.2428,0.0,1.054690917763512,nan,nan,NO_WELD,0.0,0.0,False,False,False,False,False,vertical
39.467,0.0,0.0,0.0,0.0,0.0017,0.0,-0.0017,0.0,262,0,0.2428,0.0,1.054690917763512,nan,nan,NO_WELD,0.0,0.0,False,False,False,False,False,vertical
39.517,0.0,0.0,0.0,0.0,0.0017,0.0,-0.0017,0.0,262,0,0.2428,0.0,0.35156592487770283,nan,nan,NO_WELD,0.0,0.0,False,False,False,False,False,vertical
39.567,0.0,0.0,0.0,0.0,0.0013,0.0,-0.0013,0.0,262,0,0.2428,0.0,0.35156592487770283,nan,nan,NO_WELD,0.0,0.0,False,False,False,False,False,vertical
39.617,0.0,0.0,0.0,0.0,0.0013,0.0,-0.0013,0.0,262,0,0.2428,0.0,0.35156592487770283,nan,nan,NO_WELD,0.0,0.0,False,False,False,False,False,vertical
39.667,0.0,0.0,0.0,0.0,0.0013,0.0,-0.0013,0.0,262,0,0.2428,0.0,0.35156592487770283,nan,nan,NO_WELD,0.0,0.0,False,False,False,False,False,vertical
39.717,0.0,0.0,0.0,0.0,0.0011,0.0,-0.0011,0.0,262,0,0.2428,0.0,0.35156592487770283,nan,nan,NO_WELD,0.0,0.0,False,False,False,False,False,vertical
39.767,0.0,0.0,0.0,0.0,0.0011,0.0,-0.0011,0.0,262,0,0.2428,0.0,0.35156592487770283,nan,nan,NO_WELD,0.0,0.0,False,False,False,False,False,vertical
39.817,0.0,0.0,0.0,0.0,0.0011,0.0,-0.0011,0.0,262,0,0.2428,0.0,0.7031284346608206,nan,nan,NO_WELD,0.0,0.0,False,False,False,False,False,vertical
39.867,0.0,0.0,0.0,0.0,0.0,0.0,0.0,0.0,262,0,0.2428,0.0,0.7031284346608206,nan,nan,NO_WELD,0.0,0.0,False,False,False,False,False,vertical
39.917,0.0,0.0,0.0,0.0,0.0,0.0,0.0,0.0,262,0,0.2428,0.0,-0.7031216044716506,-0.7031216044716506,0.0,WELD_FOUND,0.0,0.0,False,False,False,False,False,vertical
39.967,0.0,0.0,0.0,0.0,0.0,0.0,0.0,0.0,262,0,0.2428,0.0,-0.7031216044716506,-0.7031216044716506,0.0,WELD_FOUND,0.0,0.0,False,False,False,False,False,vertical
40.017,0.0,0.0,0.0,0.0,0.0,0.0,0.0,0.0,262,0,0.2428,0.0,-0.7031216044716506,nan,nan,NO_WELD,0.0,0.0,False,False,False,False,False,vertical
40.067,0.0,0.0,0.0,0.0,0.0,0.0,0.0,0.0,262,0,0.2428,0.0,-0.7031216044716506,nan,nan,NO_WELD,0.0,0.0,False,False,False,False,False,vertical
40.117,0.06051006773713692,0.024983074695996477,0.0642575289415364,0.05676260653273745,0.0,0.0,0.0643,0.0568,262,0,0.2428,0.0,-0.35155909468853286,-0.35155909468853286,0.0,WELD_FOUND,0.7192,0.6845,False,False,False,False,False,vertical
40.167,0.06051006773713692,0.024983074695996477,0.0642575289415364,0.05676260653273745,0.0,0.0,0.0643,0.0568,266,0,0.2465,0.0,-0.35155909468853286,-0.35155909468853286,0.0,WELD_FOUND,0.7192,0.6845,False,False,False,False,False,vertical
40.217,0.0,0.0,0.0,0.0,0.0,0.0,0.0,0.0,266,0,0.2465,0.0,-0.35155909468853286,nan,nan,NO_WELD,0.0,0.0,False,False,False,False,False,vertical
40.269,0.0,0.0,0.0,0.0,0.0297,0.0,-0.0297,0.0,274,0,0.2539,0.0,-0.35155909468853286,nan,nan,NO_WELD,0.0,0.0,False,False,False,False,False,vertical
40.318,0.06051006773713692,0.02454345487058163,0.06419158596772416,0.056828549506549676,0.0297,0.0,0.0345,0.0568,274,0,0.2539,0.0,-0.35155909468853286,-0.35155909468853286,0.0,WELD_FOUND,0.7189,0.6849,False,False,False,False,False,vertical
40.367,0.06051006773713692,0.02454345487058163,0.06419158596772416,0.056828549506549676,0.0237,0.0,0.0405,0.0568,274,0,0.2539,0.0,-0.35155909468853286,-0.35155909468853286,0.0,WELD_FOUND,0.7189,0.6849,False,False,False,False,False,vertical
40.417,0.0,0.0,0.0,0.0,0.0237,0.0,-0.0237,0.0,274,0,0.2539,0.0,-0.35155909468853286,nan,nan,NO_WELD,0.0,0.0,False,False,False,False,False,vertical
40.467,0.0,0.0,0.0,0.0,0.0237,0.0,-0.0237,0.0,276,0,0.2558,0.0,-0.35155909468853286,nan,nan,NO_WELD,0.0,0.0,False,False,False,False,False,vertical
40.517,0.0,0.0,0.0,0.0,0.0192,0.0,-0.0192,0.0,276,0,0.2558,0.0,-0.35155909468853286,nan,nan,NO_WELD,0.0,0.0,False,False,False,False,False,vertical
40.567,0.0,0.0,0.0,0.0,0.0192,0.0,-0.0192,0.0,276,0,0.2558,0.0,-0.35155909468853286,nan,nan,NO_WELD,0.0,0.0,False,False,False,False,False,vertical
40.617,0.06228669047435135,-0.019652569889484023,0.059338804990928744,0.06523457595777395,0.0192,0.0,0.0402,0.0652,276,0,0.2558,0.0,0.35156592487770283,0.35156592487770283,0.0,WELD_FOUND,0.6965,0.7238,False,False,False,False,False,vertical
40.667,0.06228669047435135,-0.019652569889484023,0.059338804990928744,0.06523457595777395,0.0153,0.0,0.044,0.0652,276,0,0.2558,0.0,0.35156592487770283,0.35156592487770283,0.0,WELD_FOUND,0.6965,0.7238,False,False,False,False,False,vertical
40.717,0.0,0.0,0.0,0.0,0.0153,0.0,-0.0153,0.0,276,0,0.2558,0.0,0.35156592487770283,nan,nan,NO_WELD,0.0,0.0,False,False,False,False,False,vertical
40.767,0.0,0.0,0.0,0.0,0.0277,0.0,-0.0277,0.0,281,0,0.2604,0.0,0.35156592487770283,nan,nan,NO_WELD,0.0,0.0,False,False,False,False,False,vertical
40.817,0.0,0.0,0.0,0.0,0.0277,0.0,-0.0277,0.0,281,0,0.2604,0.0,0.35156592487770283,nan,nan,NO_WELD,0.0,0.0,False,False,False,False,False,vertical
40.867,0.0,0.0,0.0,0.0,0.0222,0.0,-0.0222,0.0,281,0,0.2604,0.0,0.35156592487770283,nan,nan,NO_WELD,0.0,0.0,False,False,False,False,False,vertical
40.917,0.0,0.0,0.0,0.0,0.0222,0.0,-0.0222,0.0,281,0,0.2604,0.0,0.35156592487770283,nan,nan,NO_WELD,0.0,0.0,False,False,False,False,False,vertical
40.967,0.0,0.0,0.0,0.0,0.0222,0.0,-0.0222,0.0,281,0,0.2604,0.0,0.35156592487770283,nan,nan,NO_WELD,0.0,0.0,False,False,False,False,False,vertical
41.017,0.0,0.0,0.0,0.0,0.0178,0.0,-0.0178,0.0,281,0,0.2604,0.0,0.35156592487770283,nan,nan,NO_WELD,0.0,0.0,False,False,False,False,False,vertical
41.068,0.0,0.0,0.0,0.0,0.0178,0.0,-0.0178,0.0,281,0,0.2604,0.0,0.35156592487770283,nan,nan,NO_WELD,0.0,0.0,False,False,False,False,False,vertical
41.117,0.0,0.0,0.0,0.0,0.0178,0.0,-0.0178,0.0,281,0,0.2604,0.0,0.35156592487770283,nan,nan,NO_WELD,0.0,0.0,False,False,False,False,False,vertical
41.168,0.0,0.0,0.0,0.0,0.0142,0.0,-0.0142,0.0,281,0,0.2604,0.0,0.35156592487770283,nan,nan,NO_WELD,0.0,0.0,False,False,False,False,False,vertical
41.217,0.0,0.0,0.0,0.0,0.0142,0.0,-0.0142,0.0,281,0,0.2604,0.0,0.35156592487770283,nan,nan,NO_WELD,0.0,0.0,False,False,False,False,False,vertical
41.269,0.0,0.0,0.0,0.0,0.0142,0.0,-0.0142,0.0,281,0,0.2604,0.0,0.35156592487770283,nan,nan,NO_WELD,0.0,0.0,False,False,False,False,False,vertical
41.317,0.0,0.0,0.0,0.0,0.0114,0.0,-0.0114,0.0,281,0,0.2604,0.0,0.35156592487770283,nan,nan,NO_WELD,0.0,0.0,False,False,False,False,False,vertical
41.368,0.0,0.0,0.0,0.0,0.0114,0.0,-0.0114,0.0,281,0,0.2604,0.0,0.35156592487770283,nan,nan,NO_WELD,0.0,0.0,False,False,False,False,False,vertical
41.417,0.065,0.0,0.065,0.065,0.0091,0.0,0.0559,0.065,281,0,0.2604,0.0,3.4150945850063755e-06,3.4150945850063755e-06,0.0,WELD_FOUND,0.7227,0.7227,False,False,False,False,False,vertical
41.468,0.065,0.0,0.065,0.065,0.0091,0.0,0.0559,0.065,287,0,0.266,0.0,3.4150945850063755e-06,3.4150945850063755e-06,0.0,WELD_FOUND,0.7227,0.7227,False,False,False,False,False,vertical
41.517,0.0,0.0,0.0,0.0,0.0277,0.0,-0.0277,0.0,287,0,0.266,0.0,3.4150945850063755e-06,nan,nan,NO_WELD,0.0,0.0,False,False,False,False,False,vertical
41.568,0.0,0.0,0.0,0.0,0.0277,0.0,-0.0277,0.0,287,0,0.266,0.0,3.4150945850063755e-06,nan,nan,NO_WELD,0.0,0.0,False,False,False,False,False,vertical
41.617,0.06139520906433533,0.023314369246472358,0.06489236445130618,0.057898053677364475,0.0277,0.0,0.0372,0.0579,287,0,0.266,0.0,-0.35155909468853286,-0.35155909468853286,0.0,WELD_FOUND,0.7222,0.6898,False,False,False,False,False,vertical
41.668,0.06139520906433533,0.023314369246472358,0.06489236445130618,0.057898053677364475,0.0141,0.0,0.0507,0.0579,286,0,0.2651,0.0,-0.35155909468853286,-0.35155909468853286,0.0,WELD_FOUND,0.7222,0.6898,False,False,False,False,False,vertical
41.718,0.05720514495485763,0.0521228883855211,0.0650235782126858,0.04938671169702946,0.0141,0.0,0.0509,0.0494,286,0,0.2651,0.0,-1.0546840875743422,-0.7031216044716506,-0.35156248310269156,WELD_FOUND,0.7228,0.6504,False,False,False,False,False,vertical
41.768,0.05720514495485763,0.0521228883855211,0.0650235782126858,0.04938671169702946,0.053,0.0,0.0121,0.0494,298,0,0.2762,0.0,-1.0546840875743422,-0.7031216044716506,-0.35156248310269156,WELD_FOUND,0.7228,0.6504,False,False,False,False,False,vertical
41.817,0.053030976597894304,0.07668345174365072,0.06453349435944192,0.0415284588363467,0.053,0.0,0.0116,0.0415,298,0,0.2762,0.0,-1.4062466240378864,-1.0546840875743422,-0.3515625364635442,WELD_FOUND,0.7205,0.614,False,False,False,False,False,vertical
41.868,0.053030976597894304,0.07668345174365072,0.06453349435944192,0.0415284588363467,0.0614,0.0,0.0031,0.0415,306,0,0.2836,0.0,-1.4062466240378864,-1.0546840875743422,-0.3515625364635442,WELD_FOUND,0.7205,0.614,False,False,False,False,False,vertical
41.917,0.0,0.0,0.0,0.0,0.0614,0.0,-0.0614,0.0,306,0,0.2836,0.0,-1.4062466240378864,nan,nan,NO_WELD,0.0,0.0,False,False,False,False,False,vertical
41.968,0.0,0.0,0.0,0.0,0.0614,0.0,-0.0614,0.0,310,0,0.2873,0.0,-1.4062466240378864,nan,nan,NO_WELD,0.0,0.0,False,False,False,False,False,vertical
42.017,0.0,0.0,0.0,0.0,0.0468,0.0,-0.0468,0.0,310,0,0.2873,0.0,-1.4062466240378864,nan,nan,NO_WELD,0.0,0.0,False,False,False,False,False,vertical
42.068,0.0,0.0,0.0,0.0,0.0468,0.0,-0.0468,0.0,309,0,0.2864,0.0,-1.4062466240378864,nan,nan,NO_WELD,0.0,0.0,False,False,False,False,False,vertical
42.117,0.042846840638458304,0.05,0.050346840638458304,0.035346840638458304,0.0468,0.0,0.0036,0.0353,309,0,0.2864,0.0,-2.1093715902432693,-2.1093715902432693,0.0,WELD_FOUND,0.6548,0.5509,False,False,False,False,False,vertical
42.168,0.042846840638458304,0.05,0.050346840638458304,0.035346840638458304,0.0374,0.0,0.0129,0.0353,310,0,0.2873,0.0,-2.1093715902432693,-2.1093715902432693,0.0,WELD_FOUND,0.6548,0.5509,False,False,False,False,False,vertical
42.217,0.0,0.0,0.0,0.0,0.0374,0.0,-0.0374,0.0,310,0,0.2873,0.0,-2.1093715902432693,nan,nan,NO_WELD,0.0,0.0,False,False,False,False,False,vertical
42.269,0.0,0.0,0.0,0.0,0.0374,0.0,-0.0374,0.0,315,0,0.2919,0.0,-2.1093715902432693,nan,nan,NO_WELD,0.0,0.0,False,False,False,False,False,vertical
42.317,0.04094019267751617,0.05,0.04844019267751617,0.03344019267751617,0.0348,0.0,0.0136,0.0334,315,0,0.2919,0.0,-2.1093715902432693,-2.1093715902432693,0.0,WELD_FOUND,0.646,0.5211,False,False,False,False,False,vertical
42.368,0.04094019267751617,0.05,0.04844019267751617,0.03344019267751617,0.0348,0.0,0.0136,0.0334,319,0,0.2956,0.0,-2.1093715902432693,-2.1093715902432693,0.0,WELD_FOUND,0.646,0.5211,False,False,False,False,False,vertical
42.417,0.0,0.0,0.0,0.0,0.0357,0.0,-0.0357,0.0,319,0,0.2956,0.0,-2.1093715902432693,nan,nan,NO_WELD,0.0,0.0,False,False,False,False,False,vertical
42.468,0.0,0.0,0.0,0.0,0.0357,0.0,-0.0357,0.0,321,0,0.2975,0.0,-2.1093715902432693,nan,nan,NO_WELD,0.0,0.0,False,False,False,False,False,vertical
42.517,0.0,0.0,0.0,0.0,0.0357,0.0,-0.0357,0.0,321,0,0.2975,0.0,-2.1093715902432693,nan,nan,NO_WELD,0.0,0.0,False,False,False,False,False,vertical
42.568,0.0,0.0,0.0,0.0,0.0264,0.0,-0.0264,0.0,321,0,0.2975,0.0,-2.1093715902432693,nan,nan,NO_WELD,0.0,0.0,False,False,False,False,False,vertical
42.617,0.0,0.0,0.0,0.0,0.0264,0.0,-0.0264,0.0,321,0,0.2975,0.0,-2.1093715902432693,nan,nan,NO_WELD,0.0,0.0,False,False,False,False,False,vertical
42.668,0.0,0.0,0.0,0.0,0.0264,0.0,-0.0264,0.0,321,0,0.2975,0.0,-2.1093715902432693,nan,nan,NO_WELD,0.0,0.0,False,False,False,False,False,vertical
42.717,0.0,0.0,0.0,0.0,0.0211,0.0,-0.0211,0.0,321,0,0.2975,0.0,-2.1093715902432693,nan,nan,NO_WELD,0.0,0.0,False,False,False,False,False,vertical
42.768,0.0,0.0,0.0,0.0,0.0211,0.0,-0.0211,0.0,321,0,0.2975,0.0,-2.1093715902432693,nan,nan,NO_WELD,0.0,0.0,False,False,False,False,False,vertical
42.817,0.0,0.0,0.0,0.0,0.0169,0.0,-0.0169,0.0,321,0,0.2975,0.0,-2.1093715902432693,nan,nan,NO_WELD,0.0,0.0,False,False,False,False,False,vertical
42.868,0.0,0.0,0.0,0.0,0.0169,0.0,-0.0169,0.0,321,0,0.2975,0.0,-2.1093715902432693,nan,nan,NO_WELD,0.0,0.0,False,False,False,False,False,vertical
42.917,0.0,0.0,0.0,0.0,0.0169,0.0,-0.0169,0.0,321,0,0.2975,0.0,-2.1093715902432693,nan,nan,NO_WELD,0.0,0.0,False,False,False,False,False,vertical
42.968,0.0,0.0,0.0,0.0,0.0135,0.0,-0.0135,0.0,321,0,0.2975,0.0,-2.1093715902432693,nan,nan,NO_WELD,0.0,0.0,False,False,False,False,False,vertical
43.017,0.0,0.0,0.0,0.0,0.0135,0.0,-0.0135,0.0,321,0,0.2975,0.0,-2.1093715902432693,nan,nan,NO_WELD,0.0,0.0,False,False,False,False,False,vertical
43.068,0.0,0.0,0.0,0.0,0.0135,0.0,-0.0135,0.0,321,0,0.2975,0.0,-2.1093715902432693,nan,nan,NO_WELD,0.0,0.0,False,False,False,False,False,vertical
43.117,0.0,0.0,0.0,0.0,0.0108,0.0,-0.0108,0.0,321,0,0.2975,0.0,-2.1093715902432693,nan,nan,NO_WELD,0.0,0.0,False,False,False,False,False,vertical
43.168,0.0,0.0,0.0,0.0,0.0108,0.0,-0.0108,0.0,321,0,0.2975,0.0,-2.1093715902432693,nan,nan,NO_WELD,0.0,0.0,False,False,False,False,False,vertical
43.217,0.03694438321124852,0.05,0.04444438321124852,0.029444383211248523,0.0108,0.0,0.0336,0.0294,321,0,0.2975,0.0,-2.460934233428519,-2.460934233428519,0.0,WELD_FOUND,0.6275,0.4589,False,False,False,False,False,vertical
43.269,0.03694438321124852,0.05,0.04444438321124852,0.029444383211248523,0.0114,0.0,0.033,0.0294,323,0,0.2993,0.0,-2.460934233428519,-2.460934233428519,0.0,WELD_FOUND,0.6275,0.4589,False,False,False,False,False,vertical
43.317,0.0,0.0,0.0,0.0,0.0114,0.0,-0.0114,0.0,323,0,0.2993,0.0,-2.460934233428519,nan,nan,NO_WELD,0.0,0.0,False,False,False,False,False,vertical
43.368,0.0,0.0,0.0,0.0,0.0114,0.0,-0.0114,0.0,324,0,0.3003,0.0,-2.460934233428519,nan,nan,NO_WELD,0.0,0.0,False,False,False,False,False,vertical
43.417,0.0,0.0,0.0,0.0,0.0093,0.0,-0.0093,0.0,324,0,0.3003,0.0,-2.460934233428519,nan,nan,NO_WELD,0.0,0.0,False,False,False,False,False,vertical
43.468,0.0,0.0,0.0,0.0,0.0093,0.0,-0.0093,0.0,324,0,0.3003,0.0,-2.460934233428519,nan,nan,NO_WELD,0.0,0.0,False,False,False,False,False,vertical
43.517,0.0,0.0,0.0,0.0,0.0093,0.0,-0.0093,0.0,324,0,0.3003,0.0,-2.460934233428519,nan,nan,NO_WELD,0.0,0.0,False,False,False,False,False,vertical
43.568,0.0,0.0,0.0,0.0,0.0075,0.0,-0.0075,0.0,324,0,0.3003,0.0,-2.460934233428519,nan,nan,NO_WELD,0.0,0.0,False,False,False,False,False,vertical
43.617,0.0,0.0,0.0,0.0,0.0075,0.0,-0.0075,0.0,324,0,0.3003,0.0,-2.460934233428519,nan,nan,NO_WELD,0.0,0.0,False,False,False,False,False,vertical
43.668,0.0,0.0,0.0,0.0,0.0075,0.0,-0.0075,0.0,324,0,0.3003,0.0,-2.460934233428519,nan,nan,NO_WELD,0.0,0.0,False,False,False,False,False,vertical
43.717,0.0,0.0,0.0,0.0,0.006,0.0,-0.006,0.0,324,0,0.3003,0.0,-2.1093715902432693,-2.1093715902432693,0.0,WELD_FOUND,0.0,0.0,False,False,False,False,False,vertical
43.768,0.0,0.0,0.0,0.0,0.006,0.0,-0.006,0.0,324,0,0.3003,0.0,-2.1093715902432693,-2.1093715902432693,0.0,WELD_FOUND,0.0,0.0,False,False,False,False,False,vertical
43.817,0.0,0.0,0.0,0.0,0.006,0.0,-0.006,0.0,324,0,0.3003,0.0,-2.1093715902432693,nan,nan,NO_WELD,0.0,0.0,False,False,False,False,False,vertical
43.868,0.0,0.0,0.0,0.0,0.0048,0.0,-0.0048,0.0,324,0,0.3003,0.0,-2.1093715902432693,nan,nan,NO_WELD,0.0,0.0,False,False,False,False,False,vertical
43.918,0.04800418810645916,0.05,0.05550418810645916,0.04050418810645916,0.0048,0.0,0.0507,0.0405,324,0,0.3003,0.0,-1.4062466240378864,-1.4062466240378864,0.0,WELD_FOUND,0.6787,0.6093,False,False,False,False,False,vertical
43.968,0.04800418810645916,0.05,0.05550418810645916,0.04050418810645916,0.014,0.0,0.0415,0.0405,327,0,0.3031,0.0,-1.4062466240378864,-1.4062466240378864,0.0,WELD_FOUND,0.6787,0.6093,False,False,False,False,False,vertical
44.017,0.0,0.0,0.0,0.0,0.014,0.0,-0.014,0.0,327,0,0.3031,0.0,-1.4062466240378864,nan,nan,NO_WELD,0.0,0.0,False,False,False,False,False,vertical
44.068,0.0,0.0,0.0,0.0,0.014,0.0,-0.014,0.0,335,0,0.3105,0.0,-1.4062466240378864,nan,nan,NO_WELD,0.0,0.0,False,False,False,False,False,vertical
44.117,0.04800418810645916,0.05,0.05550418810645916,0.04050418810645916,0.0282,0.0,0.0273,0.0405,335,0,0.3105,0.0,-1.4062466240378864,-1.4062466240378864,0.0,WELD_FOUND,0.6787,0.6093,False,False,False,False,False,vertical
44.168,0.04800418810645916,0.05,0.05550418810645916,0.04050418810645916,0.0282,0.0,0.0273,0.0405,336,0,0.3114,0.0,-1.4062466240378864,-1.4062466240378864,0.0,WELD_FOUND,0.6787,0.6093,False,False,False,False,False,vertical
44.217,0.0,0.0,0.0,0.0,0.0282,0.0,-0.0282,0.0,336,0,0.3114,0.0,-1.4062466240378864,nan,nan,NO_WELD,0.0,0.0,False,False,False,False,False,vertical
44.269,0.0,0.0,0.0,0.0,0.0293,0.0,-0.0293,0.0,340,0,0.3151,0.0,-1.4062466240378864,nan,nan,NO_WELD,0.0,0.0,False,False,False,False,False,vertical
44.317,0.0,0.0,0.0,0.0,0.0293,0.0,-0.0293,0.0,340,0,0.3151,0.0,-1.4062466240378864,nan,nan,NO_WELD,0.0,0.0,False,False,False,False,False,vertical
44.368,0.0,0.0,0.0,0.0,0.0138,0.0,-0.0138,0.0,339,0,0.3142,0.0,-1.4062466240378864,nan,nan,NO_WELD,0.0,0.0,False,False,False,False,False,vertical
44.417,0.0,0.0,0.0,0.0,0.0138,0.0,-0.0138,0.0,339,0,0.3142,0.0,-1.4062466240378864,nan,nan,NO_WELD,0.0,0.0,False,False,False,False,False,vertical
44.468,0.0,0.0,0.0,0.0,0.0138,0.0,-0.0138,0.0,339,0,0.3142,0.0,-1.4062466240378864,nan,nan,NO_WELD,0.0,0.0,False,False,False,False,False,vertical
44.517,0.0,0.0,0.0,0.0,0.0111,0.0,-0.0111,0.0,339,0,0.3142,0.0,-1.4062466240378864,nan,nan,NO_WELD,0.0,0.0,False,False,False,False,False,vertical
44.568,0.0,0.0,0.0,0.0,0.0111,0.0,-0.0111,0.0,339,0,0.3142,0.0,-1.4062466240378864,nan,nan,NO_WELD,0.0,0.0,False,False,False,False,False,vertical
44.617,0.0,0.0,0.0,0.0,0.0089,0.0,-0.0089,0.0,339,0,0.3142,0.0,-1.4062466240378864,nan,nan,NO_WELD,0.0,0.0,False,False,False,False,False,vertical
44.668,0.0,0.0,0.0,0.0,0.0089,0.0,-0.0089,0.0,339,0,0.3142,0.0,-1.4062466240378864,nan,nan,NO_WELD,0.0,0.0,False,False,False,False,False,vertical
44.717,0.05618076613580716,0.05,0.06368076613580716,0.04868076613580716,0.0089,0.0,0.0548,0.0487,339,0,0.3142,0.0,-0.7031216044716506,-0.7031216044716506,0.0,WELD_FOUND,0.7166,0.6471,False,False,False,False,False,vertical
44.768,0.05618076613580716,0.05,0.06368076613580716,0.04868076613580716,0.0103,0.0,0.0534,0.0487,341,0,0.316,0.0,-0.7031216044716506,-0.7031216044716506,0.0,WELD_FOUND,0.7166,0.6471,False,False,False,False,False,vertical
44.817,0.052833011146500554,0.07617128079481386,0.06425870326572264,0.041407319027278476,0.0103,0.0,0.054,0.0414,341,0,0.316,0.0,-1.4062466240378864,-1.0546840875743422,-0.3515625364635442,WELD_FOUND,0.7193,0.6135,False,False,False,False,False,vertical
44.868,0.052833011146500554,0.07617128079481386,0.06425870326572264,0.041407319027278476,0.0432,0.0,0.021,0.0414,351,0,0.3253,0.0,-1.4062466240378864,-1.0546840875743422,-0.3515625364635442,WELD_FOUND,0.7193,0.6135,False,False,False,False,False,vertical
44.917,0.0,0.0,0.0,0.0,0.0432,0.0,-0.0432,0.0,351,0,0.3253,0.0,-1.4062466240378864,nan,nan,NO_WELD,0.0,0.0,False,False,False,False,False,vertical
44.968,0.0,0.0,0.0,0.0,0.0432,0.0,-0.0432,0.0,357,0,0.3309,0.0,-1.4062466240378864,nan,nan,NO_WELD,0.0,0.0,False,False,False,False,False,vertical
45.017,0.04281122591391359,0.05,0.05031122591391359,0.03531122591391359,0.0408,0.0,0.0095,0.0353,357,0,0.3309,0.0,-2.1093715902432693,-2.1093715902432693,0.0,WELD_FOUND,0.6547,0.5503,False,False,False,False,False,vertical
45.068,0.04281122591391359,0.05,0.05031122591391359,0.03531122591391359,0.0408,0.0,0.0095,0.0353,358,0,0.3318,0.0,-2.1093715902432693,-2.1093715902432693,0.0,WELD_FOUND,0.6547,0.5503,False,False,False,False,False,vertical
45.117,0.04239681374834848,0.1,0.05739681374834848,0.02739681374834848,0.0408,0.0,0.0166,0.0274,358,0,0.3318,0.0,-1.7578091605014305,-1.9335904820940557,0.17578132159262516,WELD_FOUND,0.6875,0.427,False,False,False,False,False,vertical
45.168,0.04239681374834848,0.1,0.05739681374834848,0.02739681374834848,0.0417,0.0,0.0157,0.0274,364,0,0.3373,0.0,-1.7578091605014305,-1.9335904820940557,0.17578132159262516,WELD_FOUND,0.6875,0.427,False,False,False,False,False,vertical
45.217,0.0,0.0,0.0,0.0,0.0417,0.0,-0.0417,0.0,364,0,0.3373,0.0,-1.7578091605014305,nan,nan,NO_WELD,0.0,0.0,False,False,False,False,False,vertical
45.27,0.0,0.0,0.0,0.0,0.0417,0.0,-0.0417,0.0,367,0,0.3401,0.0,-1.7578091605014305,nan,nan,NO_WELD,0.0,0.0,False,False,False,False,False,vertical
45.317,0.0,0.0,0.0,0.0,0.0325,0.0,-0.0325,0.0,367,0,0.3401,0.0,-1.7578091605014305,nan,nan,NO_WELD,0.0,0.0,False,False,False,False,False,vertical
45.368,0.0,0.0,0.0,0.0,0.0325,0.0,-0.0325,0.0,368,0,0.3411,0.0,-1.7578091605014305,nan,nan,NO_WELD,0.0,0.0,False,False,False,False,False,vertical
45.417,0.0,0.0,0.0,0.0,0.0232,0.0,-0.0232,0.0,368,0,0.3411,0.0,-1.7578091605014305,nan,nan,NO_WELD,0.0,0.0,False,False,False,False,False,vertical
45.467,0.0,0.0,0.0,0.0,0.0232,0.0,-0.0232,0.0,368,0,0.3411,0.0,-1.7578091605014305,nan,nan,NO_WELD,0.0,0.0,False,False,False,False,False,vertical
45.517,0.04800418810645916,0.05,0.05550418810645916,0.04050418810645916,0.0232,0.0,0.0323,0.0405,368,0,0.3411,0.0,-1.4062466240378864,-1.4062466240378864,0.0,WELD_FOUND,0.6787,0.6093,False,False,False,False,False,vertical
45.567,0.04800418810645916,0.05,0.05550418810645916,0.04050418810645916,0.0186,0.0,0.037,0.0405,368,0,0.3411,0.0,-1.4062466240378864,-1.4062466240378864,0.0,WELD_FOUND,0.6787,0.6093,False,False,False,False,False,vertical
45.617,0.0,0.0,0.0,0.0,0.0186,0.0,-0.0186,0.0,370,0,0.3429,0.0,-1.4062466240378864,nan,nan,NO_WELD,0.0,0.0,False,False,False,False,False,vertical
45.668,0.0,0.0,0.0,0.0,0.0185,0.0,-0.0185,0.0,370,0,0.3429,0.0,-1.4062466240378864,nan,nan,NO_WELD,0.0,0.0,False,False,False,False,False,vertical
45.717,0.0,0.0,0.0,0.0,0.0185,0.0,-0.0185,0.0,377,0,0.3494,0.0,-1.4062466240378864,nan,nan,NO_WELD,0.0,0.0,False,False,False,False,False,vertical
45.768,0.0,0.0,0.0,0.0,0.0185,0.0,-0.0185,0.0,377,0,0.3494,0.0,-1.4062466240378864,nan,nan,NO_WELD,0.0,0.0,False,False,False,False,False,vertical
45.817,0.0,0.0,0.0,0.0,0.0334,0.0,-0.0334,0.0,379,0,0.3512,0.0,-1.4062466240378864,nan,nan,NO_WELD,0.0,0.0,False,False,False,False,False,vertical
45.868,0.0,0.0,0.0,0.0,0.0334,0.0,-0.0334,0.0,379,0,0.3512,0.0,-1.4062466240378864,nan,nan,NO_WELD,0.0,0.0,False,False,False,False,False,vertical
45.917,0.0,0.0,0.0,0.0,0.0237,0.0,-0.0237,0.0,380,0,0.3522,0.0,-1.4062466240378864,nan,nan,NO_WELD,0.0,0.0,False,False,False,False,False,vertical
45.968,0.0,0.0,0.0,0.0,0.0237,0.0,-0.0237,0.0,380,0,0.3522,0.0,-1.4062466240378864,nan,nan,NO_WELD,0.0,0.0,False,False,False,False,False,vertical
46.017,0.0,0.0,0.0,0.0,0.019,0.0,-0.019,0.0,380,0,0.3522,0.0,-1.4062466240378864,nan,nan,NO_WELD,0.0,0.0,False,False,False,False,False,vertical
46.068,0.0,0.0,0.0,0.0,0.019,0.0,-0.019,0.0,380,0,0.3522,0.0,-1.4062466240378864,nan,nan,NO_WELD,0.0,0.0,False,False,False,False,False,vertical
46.117,0.0,0.0,0.0,0.0,0.019,0.0,-0.019,0.0,380,0,0.3522,0.0,-1.4062466240378864,nan,nan,NO_WELD,0.0,0.0,False,False,False,False,False,vertical
46.168,0.0,0.0,0.0,0.0,0.0152,0.0,-0.0152,0.0,380,0,0.3522,0.0,-1.4062466240378864,nan,nan,NO_WELD,0.0,0.0,False,False,False,False,False,vertical
46.217,0.040470310855559015,0.05,0.047970310855559015,0.032970310855559015,0.0152,0.0,0.0328,0.033,380,0,0.3522,0.0,-2.1093715902432693,-2.1093715902432693,0.0,WELD_FOUND,0.6438,0.5138,False,False,False,False,False,vertical
46.27,0.040470310855559015,0.05,0.047970310855559015,0.032970310855559015,0.0122,0.0,0.0358,0.033,380,0,0.3522,0.0,-2.1093715902432693,-2.1093715902432693,0.0,WELD_FOUND,0.6438,0.5138,False,False,False,False,False,vertical
46.317,0.0,0.0,0.0,0.0,0.0122,0.0,-0.0122,0.0,382,0,0.354,0.0,-2.1093715902432693,nan,nan,NO_WELD,0.0,0.0,False,False,False,False,False,vertical
46.368,0.0,0.0,0.0,0.0,0.0147,0.0,-0.0147,0.0,382,0,0.354,0.0,-2.1093715902432693,nan,nan,NO_WELD,0.0,0.0,False,False,False,False,False,vertical
46.417,0.0,0.0,0.0,0.0,0.0147,0.0,-0.0147,0.0,388,0,0.3596,0.0,-2.1093715902432693,nan,nan,NO_WELD,0.0,0.0,False,False,False,False,False,vertical
46.468,0.0,0.0,0.0,0.0,0.0147,0.0,-0.0147,0.0,388,0,0.3596,0.0,-2.1093715902432693,nan,nan,NO_WELD,0.0,0.0,False,False,False,False,False,vertical
46.517,0.0,0.0,0.0,0.0,0.0237,0.0,-0.0237,0.0,388,0,0.3596,0.0,-2.1093715902432693,nan,nan,NO_WELD,0.0,0.0,False,False,False,False,False,vertical
46.568,0.0,0.0,0.0,0.0,0.0237,0.0,-0.0237,0.0,388,0,0.3596,0.0,-2.1093715902432693,nan,nan,NO_WELD,0.0,0.0,False,False,False,False,False,vertical
46.617,0.0,0.0,0.0,0.0,0.0237,0.0,-0.0237,0.0,388,0,0.3596,0.0,-2.1093715902432693,nan,nan,NO_WELD,0.0,0.0,False,False,False,False,False,vertical
46.667,0.0,0.0,0.0,0.0,0.0189,0.0,-0.0189,0.0,388,0,0.3596,0.0,-2.1093715902432693,nan,nan,NO_WELD,0.0,0.0,False,False,False,False,False,vertical
46.717,0.0,0.0,0.0,0.0,0.0189,0.0,-0.0189,0.0,388,0,0.3596,0.0,-2.1093715902432693,nan,nan,NO_WELD,0.0,0.0,False,False,False,False,False,vertical
46.768,0.0,0.0,0.0,0.0,0.0152,0.0,-0.0152,0.0,388,0,0.3596,0.0,-2.1093715902432693,nan,nan,NO_WELD,0.0,0.0,False,False,False,False,False,vertical
46.817,0.0,0.0,0.0,0.0,0.0152,0.0,-0.0152,0.0,388,0,0.3596,0.0,-2.1093715902432693,nan,nan,NO_WELD,0.0,0.0,False,False,False,False,False,vertical
46.868,0.0,0.0,0.0,0.0,0.0152,0.0,-0.0152,0.0,388,0,0.3596,0.0,-2.1093715902432693,nan,nan,NO_WELD,0.0,0.0,False,False,False,False,False,vertical
46.917,0.0,0.0,0.0,0.0,0.0121,0.0,-0.0121,0.0,388,0,0.3596,0.0,-2.1093715902432693,nan,nan,NO_WELD,0.0,0.0,False,False,False,False,False,vertical
46.968,0.0,0.0,0.0,0.0,0.0121,0.0,-0.0121,0.0,388,0,0.3596,0.0,-2.1093715902432693,nan,nan,NO_WELD,0.0,0.0,False,False,False,False,False,vertical
47.017,0.0,0.0,0.0,0.0,0.0121,0.0,-0.0121,0.0,388,0,0.3596,0.0,-2.1093715902432693,-2.1093715902432693,0.0,WELD_FOUND,0.0,0.0,False,False,False,False,False,vertical
47.067,0.0,0.0,0.0,0.0,0.0097,0.0,-0.0097,0.0,388,0,0.3596,0.0,-2.1093715902432693,nan,nan,NO_WELD,0.0,0.0,False,False,False,False,False,vertical
47.117,0.0,0.0,0.0,0.0,0.0097,0.0,-0.0097,0.0,388,0,0.3596,0.0,-2.1093715902432693,nan,nan,NO_WELD,0.0,0.0,False,False,False,False,False,vertical
47.168,0.0,0.0,0.0,0.0,0.0078,0.0,-0.0078,0.0,388,0,0.3596,0.0,-2.1093715902432693,nan,nan,NO_WELD,0.0,0.0,False,False,False,False,False,vertical
47.217,0.0,0.0,0.0,0.0,0.0078,0.0,-0.0078,0.0,388,0,0.3596,0.0,-2.1093715902432693,nan,nan,NO_WELD,0.0,0.0,False,False,False,False,False,vertical
47.27,0.0,0.0,0.0,0.0,0.0062,0.0,-0.0062,0.0,388,0,0.3596,0.0,-2.1093715902432693,nan,nan,NO_WELD,0.0,0.0,False,False,False,False,False,vertical
47.317,0.0,0.0,0.0,0.0,0.0062,0.0,-0.0062,0.0,388,0,0.3596,0.0,-2.1093715902432693,nan,nan,NO_WELD,0.0,0.0,False,False,False,False,False,vertical
47.367,0.0,0.0,0.0,0.0,0.0062,0.0,-0.0062,0.0,388,0,0.3596,0.0,-2.1093715902432693,nan,nan,NO_WELD,0.0,0.0,False,False,False,False,False,vertical
47.417,0.0,0.0,0.0,0.0,0.005,0.0,-0.005,0.0,388,0,0.3596,0.0,-2.1093715902432693,nan,nan,NO_WELD,0.0,0.0,False,False,False,False,False,vertical
47.467,0.0,0.0,0.0,0.0,0.005,0.0,-0.005,0.0,388,0,0.3596,0.0,-2.1093715902432693,nan,nan,NO_WELD,0.0,0.0,False,False,False,False,False,vertical
47.517,0.0,0.0,0.0,0.0,0.005,0.0,-0.005,0.0,388,0,0.3596,0.0,-2.1093715902432693,nan,nan,NO_WELD,0.0,0.0,False,False,False,False,False,vertical
47.567,0.0,0.0,0.0,0.0,0.004,0.0,-0.004,0.0,388,0,0.3596,0.0,-2.1093715902432693,nan,nan,NO_WELD,0.0,0.0,False,False,False,False,False,vertical
47.617,0.0,0.0,0.0,0.0,0.004,0.0,-0.004,0.0,388,0,0.3596,0.0,-2.1093715902432693,nan,nan,NO_WELD,0.0,0.0,False,False,False,False,False,vertical
47.668,0.0,0.0,0.0,0.0,0.0032,0.0,-0.0032,0.0,388,0,0.3596,0.0,-2.1093715902432693,nan,nan,NO_WELD,0.0,0.0,False,False,False,False,False,vertical
47.717,0.0,0.0,0.0,0.0,0.0032,0.0,-0.0032,0.0,388,0,0.3596,0.0,-2.1093715902432693,nan,nan,NO_WELD,0.0,0.0,False,False,False,False,False,vertical
47.767,0.0,0.0,0.0,0.0,0.0032,0.0,-0.0032,0.0,388,0,0.3596,0.0,-2.1093715902432693,nan,nan,NO_WELD,0.0,0.0,False,False,False,False,False,vertical
47.817,0.0,0.0,0.0,0.0,0.0025,0.0,-0.0025,0.0,388,0,0.3596,0.0,-2.1093715902432693,nan,nan,NO_WELD,0.0,0.0,False,False,False,False,False,vertical
47.867,0.0,0.0,0.0,0.0,0.0025,0.0,-0.0025,0.0,388,0,0.3596,0.0,-2.1093715902432693,nan,nan,NO_WELD,0.0,0.0,False,False,False,False,False,vertical
47.917,0.0,0.0,0.0,0.0,0.0025,0.0,-0.0025,0.0,388,0,0.3596,0.0,-2.1093715902432693,nan,nan,NO_WELD,0.0,0.0,False,False,False,False,False,vertical
47.967,0.0,0.0,0.0,0.0,0.002,0.0,-0.002,0.0,388,0,0.3596,0.0,-2.1093715902432693,nan,nan,NO_WELD,0.0,0.0,False,False,False,False,False,vertical
48.017,0.0,0.0,0.0,0.0,0.002,0.0,-0.002,0.0,388,0,0.3596,0.0,-2.1093715902432693,nan,nan,NO_WELD,0.0,0.0,False,False,False,False,False,vertical
48.067,0.0,0.0,0.0,0.0,0.002,0.0,-0.002,0.0,388,0,0.3596,0.0,0.7031284346608206,nan,nan,NO_WELD,0.0,0.0,False,False,False,False,False,vertical
48.117,0.0,0.0,0.0,0.0,0.0016,0.0,-0.0016,0.0,388,0,0.3596,0.0,0.7031284346608206,nan,nan,NO_WELD,0.0,0.0,False,False,False,False,False,vertical
48.167,0.0,0.0,0.0,0.0,0.0016,0.0,-0.0016,0.0,388,0,0.3596,0.0,-2.460934233428519,nan,nan,NO_WELD,0.0,0.0,False,False,False,False,False,vertical
48.217,0.0,0.0,0.0,0.0,0.0013,0.0,-0.0013,0.0,388,0,0.3596,0.0,-2.460934233428519,nan,nan,NO_WELD,0.0,0.0,False,False,False,False,False,vertical
48.269,0.0,0.0,0.0,0.0,0.0013,0.0,-0.0013,0.0,388,0,0.3596,0.0,-2.460934233428519,nan,nan,NO_WELD,0.0,0.0,False,False,False,False,False,vertical
48.317,0.0,0.0,0.0,0.0,0.0013,0.0,-0.0013,0.0,388,0,0.3596,0.0,-2.460934233428519,nan,nan,NO_WELD,0.0,0.0,False,False,False,False,False,vertical
48.367,0.0,0.0,0.0,0.0,0.001,0.0,-0.001,0.0,388,0,0.3596,0.0,-2.460934233428519,nan,nan,NO_WELD,0.0,0.0,False,False,False,False,False,vertical
48.417,0.0,0.0,0.0,0.0,0.001,0.0,-0.001,0.0,388,0,0.3596,0.0,-2.460934233428519,nan,nan,NO_WELD,0.0,0.0,False,False,False,False,False,vertical
48.467,0.0,0.0,0.0,0.0,0.0,0.0,0.0,0.0,388,0,0.3596,0.0,3.4150945850063755e-06,nan,nan,NO_WELD,0.0,0.0,False,False,False,False,False,vertical
48.517,0.0,0.0,0.0,0.0,0.0,0.0,0.0,0.0,388,0,0.3596,0.0,3.4150945850063755e-06,nan,nan,NO_WELD,0.0,0.0,False,False,False,False,False,vertical
48.567,0.0,0.0,0.0,0.0,0.0,0.0,0.0,0.0,388,0,0.3596,0.0,0.7031284346608206,nan,nan,NO_WELD,0.0,0.0,False,False,False,False,False,vertical
48.617,0.0,0.0,0.0,0.0,0.0,0.0,0.0,0.0,388,0,0.3596,0.0,0.7031284346608206,nan,nan,NO_WELD,0.0,0.0,False,False,False,False,False,vertical
48.667,0.0,0.0,0.0,0.0,0.0,0.0,0.0,0.0,388,0,0.3596,0.0,-1.0546840875743422,nan,nan,NO_WELD,0.0,0.0,False,False,False,False,False,vertical
48.717,0.0,0.0,0.0,0.0,0.0,0.0,0.0,0.0,388,0,0.3596,0.0,-1.0546840875743422,nan,nan,NO_WELD,0.0,0.0,False,False,False,False,False,vertical
48.767,0.0,0.0,0.0,0.0,0.0,0.0,0.0,0.0,388,0,0.3596,0.0,4.218753425770293,nan,nan,NO_WELD,0.0,0.0,False,False,False,False,False,vertical
48.817,0.0,0.0,0.0,0.0,0.0,0.0,0.0,0.0,388,0,0.3596,0.0,4.218753425770293,nan,nan,NO_WELD,0.0,0.0,False,False,False,False,False,vertical
48.867,0.0,0.0,0.0,0.0,0.0,0.0,0.0,0.0,388,0,0.3596,0.0,-1.0546840875743422,nan,nan,NO_WELD,0.0,0.0,False,False,False,False,False,vertical
48.917,0.0,0.0,0.0,0.0,0.0,0.0,0.0,0.0,387,0,0.3587,0.0,-1.0546840875743422,nan,nan,NO_WELD,0.0,0.0,False,False,False,False,False,vertical
48.968,0.0,0.0,0.0,0.0,-0.0025,0.0,0.0025,0.0,387,0,0.3587,0.0,-2.460934233428519,nan,nan,NO_WELD,0.0,0.0,False,False,False,False,False,vertical
49.017,0.0,0.0,0.0,0.0,-0.0025,0.0,0.0025,0.0,387,0,0.3587,0.0,-2.460934233428519,nan,nan,NO_WELD,0.0,0.0,False,False,False,False,False,vertical
49.067,0.0,0.0,0.0,0.0,-0.0025,0.0,0.0025,0.0,387,0,0.3587,0.0,-2.460934233428519,nan,nan,NO_WELD,0.0,0.0,False,False,False,False,False,vertical
49.117,0.0,0.0,0.0,0.0,-0.002,0.0,0.002,0.0,387,0,0.3587,0.0,-2.460934233428519,nan,nan,NO_WELD,0.0,0.0,False,False,False,False,False,vertical
49.167,0.0,0.0,0.0,0.0,-0.002,0.0,0.002,0.0,387,0,0.3587,0.0,-1.4062466240378864,nan,nan,NO_WELD,0.0,0.0,False,False,False,False,False,vertical
49.217,0.0,0.0,0.0,0.0,-0.002,0.0,0.002,0.0,387,0,0.3587,0.0,-1.4062466240378864,nan,nan,NO_WELD,0.0,0.0,False,False,False,False,False,vertical
49.269,0.0,0.0,0.0,0.0,-0.0016,0.0,0.0016,0.0,387,0,0.3587,0.0,-1.4062466240378864,nan,nan,NO_WELD,0.0,0.0,False,False,False,False,False,vertical
49.317,0.0,0.0,0.0,0.0,-0.0016,0.0,0.0016,0.0,387,0,0.3587,0.0,-1.4062466240378864,nan,nan,NO_WELD,0.0,0.0,False,False,False,False,False,vertical
49.367,0.0,0.0,0.0,0.0,-0.0016,0.0,0.0016,0.0,387,0,0.3587,0.0,-0.35155909468853286,-0.35155909468853286,0.0,WELD_FOUND,0.0,0.0,False,False,False,False,False,vertical
49.417,0.0,0.0,0.0,0.0,-0.0013,0.0,0.0013,0.0,387,0,0.3587,0.0,-0.35155909468853286,-0.35155909468853286,0.0,WELD_FOUND,0.0,0.0,False,False,False,False,False,vertical
49.467,0.0,0.0,0.0,0.0,-0.0013,0.0,0.0013,0.0,387,0,0.3587,0.0,-0.35155909468853286,nan,nan,NO_WELD,0.0,0.0,False,False,False,False,False,vertical
49.517,0.0,0.0,0.0,0.0,-0.0013,0.0,0.0013,0.0,387,0,0.3587,0.0,-0.35155909468853286,nan,nan,NO_WELD,0.0,0.0,False,False,False,False,False,vertical
49.567,0.05618076613580716,0.049630485299811594,0.0636253389307789,0.04873619334083542,-0.001,0.0,0.0646,0.0487,387,0,0.3587,0.0,-0.7031216044716506,-0.7031216044716506,0.0,WELD_FOUND,0.0,0.6474,True,False,False,False,False,vertical
49.617,0.05618076613580716,0.049630485299811594,0.0636253389307789,0.04873619334083542,-0.001,0.0,0.0646,0.0487,387,0,0.3587,0.0,-0.7031216044716506,-0.7031216044716506,0.0,WELD_FOUND,0.0,0.6474,True,False,False,False,False,vertical
49.667,0.0,0.0,0.0,0.0,-0.001,0.0,0.001,0.0,387,0,0.3587,0.0,-0.7031216044716506,nan,nan,NO_WELD,0.0,0.0,False,False,False,False,False,vertical
49.717,0.0,0.0,0.0,0.0,0.0093,0.0,-0.0093,0.0,391,0,0.3624,0.0,-0.7031216044716506,nan,nan,NO_WELD,0.0,0.0,False,False,False,False,False,vertical
49.767,0.0,0.0,0.0,0.0,0.0093,0.0,-0.0093,0.0,391,0,0.3624,0.0,-0.7031216044716506,nan,nan,NO_WELD,0.0,0.0,False,False,False,False,False,vertical
49.817,0.0,0.0,0.0,0.0,0.0019,0.0,-0.0019,0.0,390,0,0.3614,0.0,-0.7031216044716506,nan,nan,NO_WELD,0.0,0.0,False,False,False,False,False,vertical
49.868,0.0,0.0,0.0,0.0,0.0019,0.0,-0.0019,0.0,390,0,0.3614,0.0,-0.7031216044716506,nan,nan,NO_WELD,0.0,0.0,False,False,False,False,False,vertical
49.917,0.0,0.0,0.0,0.0,0.0015,0.0,-0.0015,0.0,390,0,0.3614,0.0,-0.7031216044716506,nan,nan,NO_WELD,0.0,0.0,False,False,False,False,False,vertical
49.967,0.0,0.0,0.0,0.0,0.0015,0.0,-0.0015,0.0,390,0,0.3614,0.0,-0.7031216044716506,nan,nan,NO_WELD,0.0,0.0,False,False,False,False,False,vertical
50.017,0.0,0.0,0.0,0.0,0.0015,0.0,-0.0015,0.0,390,0,0.3614,0.0,-0.7031216044716506,nan,nan,NO_WELD,0.0,0.0,False,False,False,False,False,vertical
50.067,0.0,0.0,0.0,0.0,0.0012,0.0,-0.0012,0.0,390,0,0.3614,0.0,-0.7031216044716506,nan,nan,NO_WELD,0.0,0.0,False,False,False,False,False,vertical
50.117,0.0,0.0,0.0,0.0,0.0012,0.0,-0.0012,0.0,390,0,0.3614,0.0,-0.7031216044716506,nan,nan,NO_WELD,0.0,0.0,False,False,False,False,False,vertical
50.167,0.0,0.0,0.0,0.0,0.0,0.0,0.0,0.0,390,0,0.3614,0.0,-0.7031216044716506,nan,nan,NO_WELD,0.0,0.0,False,False,False,False,False,vertical
50.217,0.0,0.0,0.0,0.0,0.0,0.0,0.0,0.0,390,0,0.3614,0.0,-0.7031216044716506,nan,nan,NO_WELD,0.0,0.0,False,False,False,False,False,vertical
50.269,0.06051006773713692,0.02585983980384844,0.06438904370771419,0.05663109176655966,0.0,0.0,0.0644,0.0566,390,0,0.3614,0.0,-0.35155909468853286,-0.35155909468853286,0.0,WELD_FOUND,0.7199,0.6839,False,False,False,False,False,vertical
50.317,0.06051006773713692,0.02585983980384844,0.06438904370771419,0.05663109176655966,0.0,0.0,0.0644,0.0566,390,0,0.3614,0.0,-0.35155909468853286,-0.35155909468853286,0.0,WELD_FOUND,0.7199,0.6839,False,False,False,False,False,vertical
50.367,0.0,0.0,0.0,0.0,0.0,0.0,0.0,0.0,390,0,0.3614,0.0,-0.35155909468853286,nan,nan,NO_WELD,0.0,0.0,False,False,False,False,False,vertical
50.417,0.0,0.0,0.0,0.0,0.0124,0.0,-0.0124,0.0,395,0,0.3661,0.0,-0.35155909468853286,nan,nan,NO_WELD,0.0,0.0,False,False,False,False,False,vertical
50.467,0.0,0.0,0.0,0.0,0.0124,0.0,-0.0124,0.0,395,0,0.3661,0.0,-0.35155909468853286,nan,nan,NO_WELD,0.0,0.0,False,False,False,False,False,vertical
50.517,0.0,0.0,0.0,0.0,0.0124,0.0,-0.0124,0.0,395,0,0.3661,0.0,-0.35155909468853286,nan,nan,NO_WELD,0.0,0.0,False,False,False,False,False,vertical
50.567,0.0,0.0,0.0,0.0,0.0099,0.0,-0.0099,0.0,395,0,0.3661,0.0,-0.35155909468853286,nan,nan,NO_WELD,0.0,0.0,False,False,False,False,False,vertical
50.617,0.0,0.0,0.0,0.0,0.0099,0.0,-0.0099,0.0,395,0,0.3661,0.0,-0.35155909468853286,nan,nan,NO_WELD,0.0,0.0,False,False,False,False,False,vertical
50.667,0.0,0.0,0.0,0.0,0.0099,0.0,-0.0099,0.0,395,0,0.3661,0.0,-0.35155909468853286,nan,nan,NO_WELD,0.0,0.0,False,False,False,False,False,vertical
50.717,0.0,0.0,0.0,0.0,0.0079,0.0,-0.0079,0.0,395,0,0.3661,0.0,-0.35155909468853286,nan,nan,NO_WELD,0.0,0.0,False,False,False,False,False,vertical
50.767,0.0,0.0,0.0,0.0,0.0079,0.0,-0.0079,0.0,395,0,0.3661,0.0,-0.35155909468853286,nan,nan,NO_WELD,0.0,0.0,False,False,False,False,False,vertical
50.817,0.0,0.0,0.0,0.0,0.0063,0.0,-0.0063,0.0,395,0,0.3661,0.0,-0.35155909468853286,nan,nan,NO_WELD,0.0,0.0,False,False,False,False,False,vertical
50.867,0.0,0.0,0.0,0.0,0.0063,0.0,-0.0063,0.0,395,0,0.3661,0.0,-0.35155909468853286,nan,nan,NO_WELD,0.0,0.0,False,False,False,False,False,vertical
50.917,0.0,0.0,0.0,0.0,0.0051,0.0,-0.0051,0.0,395,0,0.3661,0.0,-0.35155909468853286,nan,nan,NO_WELD,0.0,0.0,False,False,False,False,False,vertical
50.967,0.0,0.0,0.0,0.0,0.0051,0.0,-0.0051,0.0,395,0,0.3661,0.0,-0.35155909468853286,nan,nan,NO_WELD,0.0,0.0,False,False,False,False,False,vertical
51.017,0.0,0.0,0.0,0.0,0.0051,0.0,-0.0051,0.0,395,0,0.3661,0.0,-0.35155909468853286,nan,nan,NO_WELD,0.0,0.0,False,False,False,False,False,vertical
51.067,0.0,0.0,0.0,0.0,0.004,0.0,-0.004,0.0,395,0,0.3661,0.0,-0.35155909468853286,nan,nan,NO_WELD,0.0,0.0,False,False,False,False,False,vertical
51.117,0.0,0.0,0.0,0.0,0.004,0.0,-0.004,0.0,394,0,0.3651,0.0,-0.35155909468853286,nan,nan,NO_WELD,0.0,0.0,False,False,False,False,False,vertical
51.167,0.0,0.0,0.0,0.0,0.004,0.0,-0.004,0.0,394,0,0.3651,0.0,-0.35155909468853286,nan,nan,NO_WELD,0.0,0.0,False,False,False,False,False,vertical
51.217,0.0,0.0,0.0,0.0,-0.0,0.0,0.0,0.0,394,0,0.3651,0.0,-0.35155909468853286,nan,nan,NO_WELD,0.0,0.0,False,False,False,False,False,vertical
51.269,0.0,0.0,0.0,0.0,-0.0,0.0,0.0,0.0,394,0,0.3651,0.0,-0.35155909468853286,nan,nan,NO_WELD,0.0,0.0,False,False,False,False,False,vertical
51.317,0.0,0.0,0.0,0.0,0.0,0.0,0.0,0.0,394,0,0.3651,0.0,-0.35155909468853286,nan,nan,NO_WELD,0.0,0.0,False,False,False,False,False,vertical
51.367,0.0,0.0,0.0,0.0,0.0,0.0,0.0,0.0,394,0,0.3651,0.0,-0.35155909468853286,nan,nan,NO_WELD,0.0,0.0,False,False,False,False,False,vertical
51.417,0.0,0.0,0.0,0.0,0.0,0.0,0.0,0.0,394,0,0.3651,0.0,-0.35155909468853286,nan,nan,NO_WELD,0.0,0.0,False,False,False,False,False,vertical
51.467,0.0,0.0,0.0,0.0,0.0,0.0,0.0,0.0,394,0,0.3651,0.0,-0.35155909468853286,nan,nan,NO_WELD,0.0,0.0,False,False,False,False,False,vertical
51.517,0.0,0.0,0.0,0.0,0.0,0.0,0.0,0.0,394,0,0.3651,0.0,-0.35155909468853286,nan,nan,NO_WELD,0.0,0.0,False,False,False,False,False,vertical
51.567,0.0,0.0,0.0,0.0,0.0,0.0,0.0,0.0,394,0,0.3651,0.0,-2.1093715902432693,nan,nan,NO_WELD,0.0,0.0,False,False,False,False,False,vertical
51.617,0.0,0.0,0.0,0.0,0.0,0.0,0.0,0.0,394,0,0.3651,0.0,-2.1093715902432693,nan,nan,NO_WELD,0.0,0.0,False,False,False,False,False,vertical
51.667,0.0,0.0,0.0,0.0,0.0,0.0,0.0,0.0,394,0,0.3651,0.0,-1.0546840875743422,nan,nan,NO_WELD,0.0,0.0,False,False,False,False,False,vertical
51.717,0.0,0.0,0.0,0.0,0.0,0.0,0.0,0.0,394,0,0.3651,0.0,-1.0546840875743422,nan,nan,NO_WELD,0.0,0.0,False,False,False,False,False,vertical
51.767,0.0,0.0,0.0,0.0,0.0,0.0,0.0,0.0,394,0,0.3651,0.0,-2.1093715902432693,nan,nan,NO_WELD,0.0,0.0,False,False,False,False,False,vertical
51.817,0.0,0.0,0.0,0.0,0.0,0.0,0.0,0.0,394,0,0.3651,0.0,-2.1093715902432693,nan,nan,NO_WELD,0.0,0.0,False,False,False,False,False,vertical
51.867,0.0,0.0,0.0,0.0,0.0,0.0,0.0,0.0,394,0,0.3651,0.0,-2.1093715902432693,nan,nan,NO_WELD,0.0,0.0,False,False,False,False,False,vertical
51.917,0.0,0.0,0.0,0.0,0.0,0.0,0.0,0.0,394,0,0.3651,0.0,-2.1093715902432693,nan,nan,NO_WELD,0.0,0.0,False,False,False,False,False,vertical
51.967,0.0,0.0,0.0,0.0,0.0,0.0,0.0,0.0,394,0,0.3651,0.0,-2.8124966631703576,nan,nan,NO_WELD,0.0,0.0,False,False,False,False,False,vertical
52.017,0.0,0.0,0.0,0.0,0.0,0.0,0.0,0.0,394,0,0.3651,0.0,-2.8124966631703576,nan,nan,NO_WELD,0.0,0.0,False,False,False,False,False,vertical
52.067,0.0,0.0,0.0,0.0,0.0,0.0,0.0,0.0,394,0,0.3651,0.0,-2.8124966631703576,nan,nan,NO_WELD,0.0,0.0,False,False,False,False,False,vertical
52.117,0.0,0.0,0.0,0.0,0.0,0.0,0.0,0.0,394,0,0.3651,0.0,-2.8124966631703576,nan,nan,NO_WELD,0.0,0.0,False,False,False,False,False,vertical
52.167,0.0,0.0,0.0,0.0,0.0,0.0,0.0,0.0,394,0,0.3651,0.0,3.8671912094718666,nan,nan,NO_WELD,0.0,0.0,False,False,False,False,False,vertical
52.217,0.0,0.0,0.0,0.0,0.0,0.0,0.0,0.0,394,0,0.3651,0.0,3.8671912094718666,nan,nan,NO_WELD,0.0,0.0,False,False,False,False,False,vertical
52.269,0.0,0.0,0.0,0.0,0.0,0.0,0.0,0.0,394,0,0.3651,0.0,3.8671912094718666,nan,nan,NO_WELD,0.0,0.0,False,False,False,False,False,vertical
52.317,0.0,0.0,0.0,0.0,0.0,0.0,0.0,0.0,394,0,0.3651,0.0,3.8671912094718666,nan,nan,NO_WELD,0.0,0.0,False,False,False,False,False,vertical
52.367,0.0,0.0,0.0,0.0,0.0,0.0,0.0,0.0,394,0,0.3651,0.0,-2.460934233428519,nan,nan,NO_WELD,0.0,0.0,False,False,False,False,False,vertical
52.417,0.0,0.0,0.0,0.0,0.0,0.0,0.0,0.0,394,0,0.3651,0.0,-2.460934233428519,nan,nan,NO_WELD,0.0,0.0,False,False,False,False,False,vertical
52.467,0.0,0.0,0.0,0.0,0.0,0.0,0.0,0.0,394,0,0.3651,0.0,-2.1093715902432693,nan,nan,NO_WELD,0.0,0.0,False,False,False,False,False,vertical
52.517,0.0,0.0,0.0,0.0,0.0,0.0,0.0,0.0,394,0,0.3651,0.0,-2.1093715902432693,nan,nan,NO_WELD,0.0,0.0,False,False,False,False,False,vertical
52.567,0.0,0.0,0.0,0.0,0.0,0.0,0.0,0.0,394,0,0.3651,0.0,-2.460934233428519,nan,nan,NO_WELD,0.0,0.0,False,False,False,False,False,vertical
52.617,0.0,0.0,0.0,0.0,0.0,0.0,0.0,0.0,394,0,0.3651,0.0,-2.460934233428519,nan,nan,NO_WELD,0.0,0.0,False,False,False,False,False,vertical
52.667,0.0,0.0,0.0,0.0,0.0,0.0,0.0,0.0,394,0,0.3651,0.0,-2.460934233428519,nan,nan,NO_WELD,0.0,0.0,False,False,False,False,False,vertical
52.717,0.0,0.0,0.0,0.0,0.0,0.0,0.0,0.0,394,0,0.3651,0.0,-2.460934233428519,nan,nan,NO_WELD,0.0,0.0,False,False,False,False,False,vertical
52.767,0.0,0.0,0.0,0.0,0.0,0.0,0.0,0.0,394,0,0.3651,0.0,-3.164059092912196,-3.164059092912196,0.0,WELD_FOUND,0.0,0.0,False,False,False,False,False,vertical
52.817,0.0,0.0,0.0,0.0,0.0,0.0,0.0,0.0,394,0,0.3651,0.0,-3.164059092912196,-3.164059092912196,0.0,WELD_FOUND,0.0,0.0,False,False,False,False,False,vertical
52.868,0.0335791327410092,0.05,0.0410791327410092,0.026079132741009203,0.0,0.0,0.0411,0.0261,394,0,0.3651,0.0,-2.460934233428519,-2.8124966631703576,0.3515624297418385,WELD_FOUND,0.6119,0.4064,False,False,False,False,False,vertical
52.917,0.0335791327410092,0.05,0.0410791327410092,0.026079132741009203,0.0,0.0,0.0411,0.0261,394,0,0.3651,0.0,-2.460934233428519,-2.8124966631703576,0.3515624297418385,WELD_FOUND,0.6119,0.4064,False,False,False,False,False,vertical
52.967,0.03625847911843203,0.1,0.05125847911843203,0.021258479118432032,0.0,0.0,0.0513,0.0213,394,0,0.3651,0.0,-2.460934233428519,-2.460934233428519,0.0,WELD_FOUND,0.6591,0.3313,False,False,False,False,False,vertical
53.017,0.03625847911843203,0.1,0.05125847911843203,0.021258479118432032,0.0,0.0,0.0513,0.0213,397,0,0.3679,0.0,-2.460934233428519,-2.460934233428519,0.0,WELD_FOUND,0.6591,0.3313,False,False,False,False,False,vertical
53.067,0.0,0.0,0.0,0.0,0.0111,0.0,-0.0111,0.0,397,0,0.3679,0.0,-2.460934233428519,nan,nan,NO_WELD,0.0,0.0,False,False,False,False,False,vertical
53.117,0.0,0.0,0.0,0.0,0.0111,0.0,-0.0111,0.0,402,0,0.3726,0.0,-2.460934233428519,nan,nan,NO_WELD,0.0,0.0,False,False,False,False,False,vertical
53.167,0.0,0.0,0.0,0.0,0.0111,0.0,-0.0111,0.0,402,0,0.3726,0.0,-2.460934233428519,nan,nan,NO_WELD,0.0,0.0,False,False,False,False,False,vertical
53.217,0.0,0.0,0.0,0.0,0.0166,0.0,-0.0166,0.0,401,0,0.3716,0.0,-2.460934233428519,nan,nan,NO_WELD,0.0,0.0,False,False,False,False,False,vertical
53.269,0.03410677545728184,0.05,0.04160677545728184,0.026606775457281844,0.0166,0.0,0.0251,0.0266,401,0,0.3716,0.0,-2.8124966631703576,-2.8124966631703576,0.0,WELD_FOUND,0.6144,0.4147,False,False,False,False,False,vertical
53.317,0.03410677545728184,0.05,0.04160677545728184,0.026606775457281844,0.0132,0.0,0.0284,0.0266,401,0,0.3716,0.0,-2.8124966631703576,-2.8124966631703576,0.0,WELD_FOUND,0.6144,0.4147,False,False,False,False,False,vertical
53.367,0.0,0.0,0.0,0.0,0.0132,0.0,-0.0132,0.0,401,0,0.3716,0.0,-2.8124966631703576,nan,nan,NO_WELD,0.0,0.0,False,False,False,False,False,vertical
53.417,0.0,0.0,0.0,0.0,0.0132,0.0,-0.0132,0.0,408,0,0.3781,0.0,-2.8124966631703576,nan,nan,NO_WELD,0.0,0.0,False,False,False,False,False,vertical
53.467,0.0,0.0,0.0,0.0,0.0252,0.0,-0.0252,0.0,408,0,0.3781,0.0,-2.8124966631703576,nan,nan,NO_WELD,0.0,0.0,False,False,False,False,False,vertical
53.517,0.0,0.0,0.0,0.0,0.0252,0.0,-0.0252,0.0,406,0,0.3763,0.0,-2.8124966631703576,nan,nan,NO_WELD,0.0,0.0,False,False,False,False,False,vertical
53.567,0.0,0.0,0.0,0.0,0.0077,0.0,-0.0077,0.0,406,0,0.3763,0.0,-2.8124966631703576,nan,nan,NO_WELD,0.0,0.0,False,False,False,False,False,vertical
53.617,0.0,0.0,0.0,0.0,0.0077,0.0,-0.0077,0.0,406,0,0.3763,0.0,-2.8124966631703576,nan,nan,NO_WELD,0.0,0.0,False,False,False,False,False,vertical
53.667,0.0,0.0,0.0,0.0,0.0077,0.0,-0.0077,0.0,406,0,0.3763,0.0,-2.8124966631703576,nan,nan,NO_WELD,0.0,0.0,False,False,False,False,False,vertical
53.717,0.0,0.0,0.0,0.0,0.0062,0.0,-0.0062,0.0,406,0,0.3763,0.0,-2.8124966631703576,nan,nan,NO_WELD,0.0,0.0,False,False,False,False,False,vertical
53.767,0.0,0.0,0.0,0.0,0.0062,0.0,-0.0062,0.0,406,0,0.3763,0.0,-2.8124966631703576,nan,nan,NO_WELD,0.0,0.0,False,False,False,False,False,vertical
53.817,0.0,0.0,0.0,0.0,0.005,0.0,-0.005,0.0,406,0,0.3763,0.0,-2.8124966631703576,nan,nan,NO_WELD,0.0,0.0,False,False,False,False,False,vertical
53.867,0.0,0.0,0.0,0.0,0.005,0.0,-0.005,0.0,406,0,0.3763,0.0,-2.8124966631703576,nan,nan,NO_WELD,0.0,0.0,False,False,False,False,False,vertical
53.917,0.0,0.0,0.0,0.0,0.005,0.0,-0.005,0.0,406,0,0.3763,0.0,-2.8124966631703576,nan,nan,NO_WELD,0.0,0.0,False,False,False,False,False,vertical
53.967,0.0,0.0,0.0,0.0,0.004,0.0,-0.004,0.0,406,0,0.3763,0.0,-2.8124966631703576,nan,nan,NO_WELD,0.0,0.0,False,False,False,False,False,vertical
54.017,0.0,0.0,0.0,0.0,0.004,0.0,-0.004,0.0,406,0,0.3763,0.0,-2.8124966631703576,nan,nan,NO_WELD,0.0,0.0,False,False,False,False,False,vertical
54.068,0.03037455725537767,0.05,0.03787455725537767,0.02287455725537767,0.0032,0.0,0.0347,0.0229,406,0,0.3763,0.0,-3.164059092912196,-3.164059092912196,0.0,WELD_FOUND,0.5903,0.3565,False,False,False,False,False,vertical
54.117,0.03037455725537767,0.05,0.03787455725537767,0.02287455725537767,0.0032,0.0,0.0347,0.0229,406,0,0.3763,0.0,-3.164059092912196,-3.164059092912196,0.0,WELD_FOUND,0.5903,0.3565,False,False,False,False,False,vertical
54.167,0.0,0.0,0.0,0.0,0.0032,0.0,-0.0032,0.0,406,0,0.3763,0.0,-3.164059092912196,nan,nan,NO_WELD,0.0,0.0,False,False,False,False,False,vertical
54.217,0.0,0.0,0.0,0.0,0.0118,0.0,-0.0118,0.0,410,0,0.38,0.0,-3.164059092912196,nan,nan,NO_WELD,0.0,0.0,False,False,False,False,False,vertical
54.269,0.0,0.0,0.0,0.0,0.0118,0.0,-0.0118,0.0,410,0,0.38,0.0,-3.164059092912196,nan,nan,NO_WELD,0.0,0.0,False,False,False,False,False,vertical
54.317,0.0,0.0,0.0,0.0,0.0034,0.0,-0.0034,0.0,409,0,0.379,0.0,-3.164059092912196,nan,nan,NO_WELD,0.0,0.0,False,False,False,False,False,vertical
54.367,0.027926581400772248,0.05,0.03542658140077225,0.020426581400772248,0.0034,0.0,0.0321,0.0204,409,0,0.379,0.0,-3.5156217360974464,-3.5156217360974464,0.0,WELD_FOUND,0.5521,0.3183,False,False,False,False,False,vertical
54.417,0.027926581400772248,0.05,0.03542658140077225,0.020426581400772248,0.0027,0.0,0.0327,0.0204,409,0,0.379,0.0,-3.5156217360974464,-3.5156217360974464,0.0,WELD_FOUND,0.5521,0.3183,False,False,False,False,False,vertical
54.467,0.0,0.0,0.0,0.0,0.0027,0.0,-0.0027,0.0,409,0,0.379,0.0,-3.5156217360974464,nan,nan,NO_WELD,0.0,0.0,False,False,False,False,False,vertical
54.517,0.0,0.0,0.0,0.0,0.0027,0.0,-0.0027,0.0,411,0,0.3809,0.0,-3.5156217360974464,nan,nan,NO_WELD,0.0,0.0,False,False,False,False,False,vertical
54.568,0.0,0.0,0.0,0.0,0.0066,0.0,-0.0066,0.0,411,0,0.3809,0.0,-3.5156217360974464,nan,nan,NO_WELD,0.0,0.0,False,False,False,False,False,vertical
54.617,0.0,0.0,0.0,0.0,0.0066,0.0,-0.0066,0.0,411,0,0.3809,0.0,-3.5156217360974464,nan,nan,NO_WELD,0.0,0.0,False,False,False,False,False,vertical
54.667,0.0,0.0,0.0,0.0,0.0066,0.0,-0.0066,0.0,411,0,0.3809,0.0,-3.5156217360974464,nan,nan,NO_WELD,0.0,0.0,False,False,False,False,False,vertical
54.717,0.0,0.0,0.0,0.0,0.0052,0.0,-0.0052,0.0,411,0,0.3809,0.0,-3.5156217360974464,nan,nan,NO_WELD,0.0,0.0,False,False,False,False,False,vertical
54.768,0.0,0.0,0.0,0.0,0.0052,0.0,-0.0052,0.0,411,0,0.3809,0.0,-2.8124966631703576,-2.8124966631703576,0.0,WELD_FOUND,0.0,0.0,False,False,False,False,False,vertical
54.817,0.0,0.0,0.0,0.0,0.0052,0.0,-0.0052,0.0,411,0,0.3809,0.0,-2.8124966631703576,-2.8124966631703576,0.0,WELD_FOUND,0.0,0.0,False,False,False,False,False,vertical
54.868,0.0,0.0,0.0,0.0,0.0042,0.0,-0.0042,0.0,411,0,0.3809,0.0,-2.8124966631703576,nan,nan,NO_WELD,0.0,0.0,False,False,False,False,False,vertical
54.917,0.0,0.0,0.0,0.0,0.0042,0.0,-0.0042,0.0,411,0,0.3809,0.0,-2.8124966631703576,nan,nan,NO_WELD,0.0,0.0,False,False,False,False,False,vertical
54.967,0.0,0.0,0.0,0.0,0.0042,0.0,-0.0042,0.0,411,0,0.3809,0.0,-2.8124966631703576,nan,nan,NO_WELD,0.0,0.0,False,False,False,False,False,vertical
55.017,0.0,0.0,0.0,0.0,0.0034,0.0,-0.0034,0.0,411,0,0.3809,0.0,-2.8124966631703576,nan,nan,NO_WELD,0.0,0.0,False,False,False,False,False,vertical
55.067,0.0,0.0,0.0,0.0,0.0034,0.0,-0.0034,0.0,411,0,0.3809,0.0,-2.8124966631703576,nan,nan,NO_WELD,0.0,0.0,False,False,False,False,False,vertical
55.117,0.0,0.0,0.0,0.0,0.0027,0.0,-0.0027,0.0,411,0,0.3809,0.0,-2.8124966631703576,nan,nan,NO_WELD,0.0,0.0,False,False,False,False,False,vertical
55.167,0.0,0.0,0.0,0.0,0.0027,0.0,-0.0027,0.0,411,0,0.3809,0.0,-2.8124966631703576,nan,nan,NO_WELD,0.0,0.0,False,False,False,False,False,vertical
55.217,0.0,0.0,0.0,0.0,0.0021,0.0,-0.0021,0.0,411,0,0.3809,0.0,-2.8124966631703576,nan,nan,NO_WELD,0.0,0.0,False,False,False,False,False,vertical
55.269,0.0,0.0,0.0,0.0,0.0021,0.0,-0.0021,0.0,411,0,0.3809,0.0,-2.8124966631703576,nan,nan,NO_WELD,0.0,0.0,False,False,False,False,False,vertical
55.317,0.0,0.0,0.0,0.0,0.0017,0.0,-0.0017,0.0,411,0,0.3809,0.0,-2.8124966631703576,nan,nan,NO_WELD,0.0,0.0,False,False,False,False,False,vertical
55.367,0.0,0.0,0.0,0.0,0.0017,0.0,-0.0017,0.0,411,0,0.3809,0.0,-2.8124966631703576,nan,nan,NO_WELD,0.0,0.0,False,False,False,False,False,vertical
55.417,0.0,0.0,0.0,0.0,0.0014,0.0,-0.0014,0.0,411,0,0.3809,0.0,-2.8124966631703576,nan,nan,NO_WELD,0.0,0.0,False,False,False,False,False,vertical
55.468,0.0,0.0,0.0,0.0,0.0014,0.0,-0.0014,0.0,411,0,0.3809,0.0,-2.8124966631703576,nan,nan,NO_WELD,0.0,0.0,False,False,False,False,False,vertical
55.517,0.0,0.0,0.0,0.0,0.0014,0.0,-0.0014,0.0,411,0,0.3809,0.0,-2.8124966631703576,nan,nan,NO_WELD,0.0,0.0,False,False,False,False,False,vertical
55.567,0.0,0.0,0.0,0.0,0.0011,0.0,-0.0011,0.0,411,0,0.3809,0.0,-2.8124966631703576,nan,nan,NO_WELD,0.0,0.0,False,False,False,False,False,vertical
55.617,0.0,0.0,0.0,0.0,0.0011,0.0,-0.0011,0.0,411,0,0.3809,0.0,-2.8124966631703576,nan,nan,NO_WELD,0.0,0.0,False,False,False,False,False,vertical
55.667,0.0,0.0,0.0,0.0,0.0011,0.0,-0.0011,0.0,411,0,0.3809,0.0,-2.8124966631703576,nan,nan,NO_WELD,0.0,0.0,False,False,False,False,False,vertical
55.717,0.0,0.0,0.0,0.0,0.0,0.0,0.0,0.0,411,0,0.3809,0.0,-2.8124966631703576,nan,nan,NO_WELD,0.0,0.0,False,False,False,False,False,vertical
55.767,0.0,0.0,0.0,0.0,0.0,0.0,0.0,0.0,411,0,0.3809,0.0,-3.164059092912196,-3.164059092912196,0.0,WELD_FOUND,0.0,0.0,False,False,False,False,False,vertical
55.817,0.0,0.0,0.0,0.0,0.0,0.0,0.0,0.0,411,0,0.3809,0.0,-3.164059092912196,-3.164059092912196,0.0,WELD_FOUND,0.0,0.0,False,False,False,False,False,vertical
55.867,0.0,0.0,0.0,0.0,0.0,0.0,0.0,0.0,411,0,0.3809,0.0,-3.164059092912196,nan,nan,NO_WELD,0.0,0.0,False,False,False,False,False,vertical
55.917,0.0,0.0,0.0,0.0,0.0,0.0,0.0,0.0,411,0,0.3809,0.0,-3.164059092912196,nan,nan,NO_WELD,0.0,0.0,False,False,False,False,False,vertical
55.968,0.0,0.0,0.0,0.0,0.0,0.0,0.0,0.0,411,0,0.3809,0.0,-3.164059092912196,nan,nan,NO_WELD,0.0,0.0,False,False,False,False,False,vertical
56.017,0.0,0.0,0.0,0.0,0.0,0.0,0.0,0.0,411,0,0.3809,0.0,-3.164059092912196,nan,nan,NO_WELD,0.0,0.0,False,False,False,False,False,vertical
56.067,0.0,0.0,0.0,0.0,0.0,0.0,0.0,0.0,411,0,0.3809,0.0,-3.164059092912196,nan,nan,NO_WELD,0.0,0.0,False,False,False,False,False,vertical
56.117,0.0,0.0,0.0,0.0,0.0,0.0,0.0,0.0,411,0,0.3809,0.0,-3.164059092912196,nan,nan,NO_WELD,0.0,0.0,False,False,False,False,False,vertical
56.167,0.0,0.0,0.0,0.0,0.0,0.0,0.0,0.0,411,0,0.3809,0.0,-3.8671843792826963,-3.8671843792826963,0.0,WELD_FOUND,0.0,0.0,False,False,False,False,False,vertical
56.217,0.0,0.0,0.0,0.0,0.0,0.0,0.0,0.0,411,0,0.3809,0.0,-3.8671843792826963,-3.8671843792826963,0.0,WELD_FOUND,0.0,0.0,False,False,False,False,False,vertical
56.269,0.0,0.0,0.0,0.0,0.0,0.0,0.0,0.0,411,0,0.3809,0.0,-3.8671843792826963,nan,nan,NO_WELD,0.0,0.0,False,False,False,False,False,vertical
56.317,0.0,0.0,0.0,0.0,0.0,0.0,0.0,0.0,411,0,0.3809,0.0,-3.8671843792826963,nan,nan,NO_WELD,0.0,0.0,False,False,False,False,False,vertical
56.367,0.0,0.0,0.0,0.0,0.0,0.0,0.0,0.0,411,0,0.3809,0.0,-3.8671843792826963,nan,nan,NO_WELD,0.0,0.0,False,False,False,False,False,vertical
56.417,0.0,0.0,0.0,0.0,0.0,0.0,0.0,0.0,411,0,0.3809,0.0,-3.8671843792826963,nan,nan,NO_WELD,0.0,0.0,False,False,False,False,False,vertical
56.467,0.0,0.0,0.0,0.0,0.0,0.0,0.0,0.0,411,0,0.3809,0.0,-3.8671843792826963,nan,nan,NO_WELD,0.0,0.0,False,False,False,False,False,vertical
56.517,0.0,0.0,0.0,0.0,0.0,0.0,0.0,0.0,411,0,0.3809,0.0,-3.8671843792826963,nan,nan,NO_WELD,0.0,0.0,False,False,False,False,False,vertical
56.568,0.0,0.0,0.0,0.0,0.0,0.0,0.0,0.0,411,0,0.3809,0.0,-3.8671843792826963,nan,nan,NO_WELD,0.0,0.0,False,False,False,False,False,vertical
56.617,0.0,0.0,0.0,0.0,0.0,0.0,0.0,0.0,411,0,0.3809,0.0,-3.8671843792826963,nan,nan,NO_WELD,0.0,0.0,False,False,False,False,False,vertical
56.667,0.0,0.0,0.0,0.0,0.0,0.0,0.0,0.0,411,0,0.3809,0.0,-3.8671843792826963,nan,nan,NO_WELD,0.0,0.0,False,False,False,False,False,vertical
56.717,0.0,0.0,0.0,0.0,0.0,0.0,0.0,0.0,411,0,0.3809,0.0,-3.8671843792826963,nan,nan,NO_WELD,0.0,0.0,False,False,False,False,False,vertical
56.767,0.0,0.0,0.0,0.0,0.0,0.0,0.0,0.0,411,0,0.3809,0.0,-3.164059092912196,-3.164059092912196,0.0,WELD_FOUND,0.0,0.0,False,False,False,False,False,vertical
56.817,0.0,0.0,0.0,0.0,0.0,0.0,0.0,0.0,411,0,0.3809,0.0,-3.164059092912196,-3.164059092912196,0.0,WELD_FOUND,0.0,0.0,False,False,False,False,False,vertical
56.867,0.0,0.0,0.0,0.0,0.0,0.0,0.0,0.0,411,0,0.3809,0.0,-3.164059092912196,nan,nan,NO_WELD,0.0,0.0,False,False,False,False,False,vertical
56.917,0.0,0.0,0.0,0.0,0.0,0.0,0.0,0.0,411,0,0.3809,0.0,-3.164059092912196,nan,nan,NO_WELD,0.0,0.0,False,False,False,False,False,vertical
56.967,0.03037455725537767,0.05,0.03787455725537767,0.02287455725537767,0.0,0.0,0.0379,0.0229,411,0,0.3809,0.0,-3.164059092912196,-3.164059092912196,0.0,WELD_FOUND,0.0,0.3565,True,False,False,False,False,vertical
57.017,0.03037455725537767,0.05,0.03787455725537767,0.02287455725537767,0.0,0.0,0.0379,0.0229,411,0,0.3809,0.0,-3.164059092912196,-3.164059092912196,0.0,WELD_FOUND,0.0,0.3565,True,False,False,False,False,vertical
57.068,0.0,0.0,0.0,0.0,0.0,0.0,0.0,0.0,411,0,0.3809,0.0,-3.164059092912196,nan,nan,NO_WELD,0.0,0.0,False,False,False,False,False,vertical
57.117,0.0,0.0,0.0,0.0,0.0074,0.0,-0.0074,0.0,413,0,0.3828,0.0,-3.164059092912196,nan,nan,NO_WELD,0.0,0.0,False,False,False,False,False,vertical
57.167,0.0,0.0,0.0,0.0,0.0074,0.0,-0.0074,0.0,413,0,0.3828,0.0,-3.164059092912196,nan,nan,NO_WELD,0.0,0.0,False,False,False,False,False,vertical
57.217,0.0,0.0,0.0,0.0,0.0007,0.0,-0.0007,0.0,412,0,0.3818,0.0,-3.164059092912196,nan,nan,NO_WELD,0.0,0.0,False,False,False,False,False,vertical
57.269,0.0,0.0,0.0,0.0,0.0007,0.0,-0.0007,0.0,412,0,0.3818,0.0,-3.164059092912196,nan,nan,NO_WELD,0.0,0.0,False,False,False,False,False,vertical
57.317,0.0,0.0,0.0,0.0,0.0007,0.0,-0.0007,0.0,412,0,0.3818,0.0,-3.164059092912196,nan,nan,NO_WELD,0.0,0.0,False,False,False,False,False,vertical
57.367,0.0,0.0,0.0,0.0,0.0,0.0,0.0,0.0,412,0,0.3818,0.0,-2.460934233428519,-2.460934233428519,0.0,WELD_FOUND,0.0,0.0,False,False,False,False,False,vertical
57.417,0.0,0.0,0.0,0.0,0.0,0.0,0.0,0.0,412,0,0.3818,0.0,-2.460934233428519,-2.460934233428519,0.0,WELD_FOUND,0.0,0.0,False,False,False,False,False,vertical
57.468,0.0,0.0,0.0,0.0,0.0,0.0,0.0,0.0,412,0,0.3818,0.0,-2.460934233428519,nan,nan,NO_WELD,0.0,0.0,False,False,False,False,False,vertical
57.517,0.0,0.0,0.0,0.0,0.0,0.0,0.0,0.0,412,0,0.3818,0.0,-2.460934233428519,nan,nan,NO_WELD,0.0,0.0,False,False,False,False,False,vertical
57.568,0.0,0.0,0.0,0.0,0.0,0.0,0.0,0.0,412,0,0.3818,0.0,-2.460934233428519,nan,nan,NO_WELD,0.0,0.0,False,False,False,False,False,vertical
57.617,0.0,0.0,0.0,0.0,0.0,0.0,0.0,0.0,412,0,0.3818,0.0,-2.460934233428519,nan,nan,NO_WELD,0.0,0.0,False,False,False,False,False,vertical
57.667,0.0,0.0,0.0,0.0,0.0,0.0,0.0,0.0,412,0,0.3818,0.0,-2.460934233428519,nan,nan,NO_WELD,0.0,0.0,False,False,False,False,False,vertical
57.717,0.0,0.0,0.0,0.0,0.0,0.0,0.0,0.0,412,0,0.3818,0.0,-2.460934233428519,nan,nan,NO_WELD,0.0,0.0,False,False,False,False,False,vertical
57.767,0.0,0.0,0.0,0.0,0.0,0.0,0.0,0.0,412,0,0.3818,0.0,-2.460934233428519,nan,nan,NO_WELD,0.0,0.0,False,False,False,False,False,vertical
57.817,0.0,0.0,0.0,0.0,0.0,0.0,0.0,0.0,412,0,0.3818,0.0,-2.460934233428519,nan,nan,NO_WELD,0.0,0.0,False,False,False,False,False,vertical
57.867,0.0,0.0,0.0,0.0,0.0,0.0,0.0,0.0,412,0,0.3818,0.0,-2.460934233428519,nan,nan,NO_WELD,0.0,0.0,False,False,False,False,False,vertical
57.917,0.0,0.0,0.0,0.0,0.0,0.0,0.0,0.0,412,0,0.3818,0.0,-2.460934233428519,nan,nan,NO_WELD,0.0,0.0,False,False,False,False,False,vertical
57.967,0.0,0.0,0.0,0.0,0.0,0.0,0.0,0.0,412,0,0.3818,0.0,-2.460934233428519,nan,nan,NO_WELD,0.0,0.0,False,False,False,False,False,vertical
58.017,0.0,0.0,0.0,0.0,0.0,0.0,0.0,0.0,412,0,0.3818,0.0,-2.460934233428519,nan,nan,NO_WELD,0.0,0.0,False,False,False,False,False,vertical
58.068,0.0,0.0,0.0,0.0,0.0,0.0,0.0,0.0,412,0,0.3818,0.0,-2.460934233428519,nan,nan,NO_WELD,0.0,0.0,False,False,False,False,False,vertical
58.117,0.0,0.0,0.0,0.0,0.0,0.0,0.0,0.0,412,0,0.3818,0.0,-2.460934233428519,nan,nan,NO_WELD,0.0,0.0,False,False,False,False,False,vertical
58.167,0.0,0.0,0.0,0.0,0.0,0.0,0.0,0.0,412,0,0.3818,0.0,-2.460934233428519,nan,nan,NO_WELD,0.0,0.0,False,False,False,False,False,vertical
58.217,0.0,0.0,0.0,0.0,0.0,0.0,0.0,0.0,412,0,0.3818,0.0,-2.460934233428519,nan,nan,NO_WELD,0.0,0.0,False,False,False,False,False,vertical
58.269,0.0,0.0,0.0,0.0,0.0,0.0,0.0,0.0,412,0,0.3818,0.0,-2.460934233428519,nan,nan,NO_WELD,0.0,0.0,False,False,False,False,False,vertical
58.317,0.0,0.0,0.0,0.0,0.0,0.0,0.0,0.0,412,0,0.3818,0.0,-2.460934233428519,nan,nan,NO_WELD,0.0,0.0,False,False,False,False,False,vertical
58.367,0.0,0.0,0.0,0.0,0.0,0.0,0.0,0.0,412,0,0.3818,0.0,-2.460934233428519,nan,nan,NO_WELD,0.0,0.0,False,False,False,False,False,vertical
58.417,0.0,0.0,0.0,0.0,0.0,0.0,0.0,0.0,412,0,0.3818,0.0,-2.460934233428519,nan,nan,NO_WELD,0.0,0.0,False,False,False,False,False,vertical
58.467,0.0,0.0,0.0,0.0,0.0,0.0,0.0,0.0,412,0,0.3818,0.0,-2.460934233428519,nan,nan,NO_WELD,0.0,0.0,False,False,False,False,False,vertical
58.517,0.0,0.0,0.0,0.0,0.0,0.0,0.0,0.0,412,0,0.3818,0.0,-2.460934233428519,nan,nan,NO_WELD,0.0,0.0,False,False,False,False,False,vertical
58.567,0.0,0.0,0.0,0.0,0.0,0.0,0.0,0.0,412,0,0.3818,0.0,-1.0546840875743422,nan,nan,NO_WELD,0.0,0.0,False,False,False,False,False,vertical
58.617,0.0,0.0,0.0,0.0,0.0,0.0,0.0,0.0,412,0,0.3818,0.0,-1.0546840875743422,nan,nan,NO_WELD,0.0,0.0,False,False,False,False,False,vertical
58.667,0.0,0.0,0.0,0.0,0.0,0.0,0.0,0.0,412,0,0.3818,0.0,0.7031284346608206,nan,nan,NO_WELD,0.0,0.0,False,False,False,False,False,vertical
58.717,0.0,0.0,0.0,0.0,0.0,0.0,0.0,0.0,412,0,0.3818,0.0,0.7031284346608206,nan,nan,NO_WELD,0.0,0.0,False,False,False,False,False,vertical
58.767,0.0,0.0,0.0,0.0,0.0,0.0,0.0,0.0,412,0,0.3818,0.0,0.7031284346608206,nan,nan,NO_WELD,0.0,0.0,False,False,False,False,False,vertical
58.817,0.0,0.0,0.0,0.0,0.0,0.0,0.0,0.0,412,0,0.3818,0.0,0.7031284346608206,nan,nan,NO_WELD,0.0,0.0,False,False,False,False,False,vertical
58.867,0.0,0.0,0.0,0.0,0.0,0.0,0.0,0.0,412,0,0.3818,0.0,0.7031284346608206,nan,nan,NO_WELD,0.0,0.0,False,False,False,False,False,vertical
58.917,0.0,0.0,0.0,0.0,0.0,0.0,0.0,0.0,412,0,0.3818,0.0,0.7031284346608206,nan,nan,NO_WELD,0.0,0.0,False,False,False,False,False,vertical
58.967,0.0,0.0,0.0,0.0,0.0,0.0,0.0,0.0,412,0,0.3818,0.0,-2.460934233428519,nan,nan,NO_WELD,0.0,0.0,False,False,False,False,False,vertical
59.017,0.0,0.0,0.0,0.0,0.0,0.0,0.0,0.0,412,0,0.3818,0.0,-2.460934233428519,nan,nan,NO_WELD,0.0,0.0,False,False,False,False,False,vertical
59.067,0.0,0.0,0.0,0.0,0.0,0.0,0.0,0.0,412,0,0.3818,0.0,-2.460934233428519,nan,nan,NO_WELD,0.0,0.0,False,False,False,False,False,vertical
59.117,0.0,0.0,0.0,0.0,0.0,0.0,0.0,0.0,412,0,0.3818,0.0,-2.460934233428519,nan,nan,NO_WELD,0.0,0.0,False,False,False,False,False,vertical
59.167,0.0,0.0,0.0,0.0,0.0,0.0,0.0,0.0,412,0,0.3818,0.0,1.7578159906906006,nan,nan,NO_WELD,0.0,0.0,False,False,False,False,False,vertical
59.217,0.0,0.0,0.0,0.0,0.0,0.0,0.0,0.0,412,0,0.3818,0.0,1.7578159906906006,nan,nan,NO_WELD,0.0,0.0,False,False,False,False,False,vertical
59.269,0.0,0.0,0.0,0.0,0.0,0.0,0.0,0.0,412,0,0.3818,0.0,-2.8124966631703576,-2.8124966631703576,0.0,WELD_FOUND,0.0,0.0,False,False,False,False,False,vertical
59.317,0.0,0.0,0.0,0.0,0.0,0.0,0.0,0.0,412,0,0.3818,0.0,-2.8124966631703576,-2.8124966631703576,0.0,WELD_FOUND,0.0,0.0,False,False,False,False,False,vertical
59.367,0.03524167462462186,0.05,0.04274167462462186,0.027741674624621862,0.0,0.0,0.0427,0.0277,412,0,0.3818,0.0,-2.460934233428519,-2.6367153415777325,0.17578110814921333,WELD_FOUND,0.6196,0.4323,False,False,False,False,False,vertical
59.417,0.03524167462462186,0.05,0.04274167462462186,0.027741674624621862,0.0,0.0,0.0427,0.0277,412,0,0.3818,0.0,-2.460934233428519,-2.6367153415777325,0.17578110814921333,WELD_FOUND,0.6196,0.4323,False,False,False,False,False,vertical
59.467,0.0,0.0,0.0,0.0,0.0,0.0,0.0,0.0,412,0,0.3818,0.0,-2.460934233428519,nan,nan,NO_WELD,0.0,0.0,False,False,False,False,False,vertical
59.517,0.0,0.0,0.0,0.0,0.0,0.0,0.0,0.0,416,0,0.3855,0.0,-2.460934233428519,nan,nan,NO_WELD,0.0,0.0,False,False,False,False,False,vertical
59.567,0.03131905922029107,0.05,0.03881905922029107,0.023819059220291074,0.0,0.0,0.0388,0.0238,416,0,0.3855,0.0,-3.164059092912196,-3.164059092912196,0.0,WELD_FOUND,0.6015,0.3712,False,False,False,False,False,vertical
59.617,0.03131905922029107,0.05,0.03881905922029107,0.023819059220291074,0.0099,0.0,0.0289,0.0238,416,0,0.3855,0.0,-3.164059092912196,-3.164059092912196,0.0,WELD_FOUND,0.6015,0.3712,False,False,False,False,False,vertical
59.667,0.0,0.0,0.0,0.0,0.0099,0.0,-0.0099,0.0,416,0,0.3855,0.0,-3.164059092912196,nan,nan,NO_WELD,0.0,0.0,False,False,False,False,False,vertical
59.717,0.0,0.0,0.0,0.0,0.0133,0.0,-0.0133,0.0,418,0,0.3874,0.0,-3.164059092912196,nan,nan,NO_WELD,0.0,0.0,False,False,False,False,False,vertical
59.767,0.0,0.0,0.0,0.0,0.0133,0.0,-0.0133,0.0,418,0,0.3874,0.0,-3.164059092912196,nan,nan,NO_WELD,0.0,0.0,False,False,False,False,False,vertical
59.817,0.0,0.0,0.0,0.0,0.0133,0.0,-0.0133,0.0,418,0,0.3874,0.0,-3.164059092912196,nan,nan,NO_WELD,0.0,0.0,False,False,False,False,False,vertical
59.868,0.025753756382796686,0.05,0.033253756382796686,0.018253756382796686,0.0107,0.0,0.0226,0.0183,418,0,0.3874,0.0,-3.8671843792826963,-3.8671843792826963,0.0,WELD_FOUND,0.5182,0.2845,False,False,False,False,False,vertical
59.917,0.025753756382796686,0.05,0.033253756382796686,0.018253756382796686,0.0107,0.0,0.0226,0.0183,418,0,0.3874,0.0,-3.8671843792826963,-3.8671843792826963,0.0,WELD_FOUND,0.5182,0.2845,False,False,False,False,False,vertical
59.967,0.023591761665468194,0.1,0.0385917616654682,0.008591761665468194,0.0107,0.0,0.0279,0.0086,418,0,0.3874,0.0,-4.218746595581123,-4.042965273988498,-0.17578132159262516,WELD_FOUND,0.6004,0.1339,False,False,False,False,False,vertical
60.017,0.023591761665468194,0.1,0.0385917616654682,0.008591761665468194,0.0089,0.0,0.0297,0.0086,419,0,0.3883,0.0,-4.218746595581123,-4.042965273988498,-0.17578132159262516,WELD_FOUND,0.6004,0.1339,False,False,False,False,False,vertical
60.067,0.0,0.0,0.0,0.0,0.0089,0.0,-0.0089,0.0,419,0,0.3883,0.0,-4.218746595581123,nan,nan,NO_WELD,0.0,0.0,False,False,False,False,False,vertical
60.117,0.0,0.0,0.0,0.0,0.0089,0.0,-0.0089,0.0,420,0,0.3892,0.0,-4.218746595581123,nan,nan,NO_WELD,0.0,0.0,False,False,False,False,False,vertical
60.168,0.026560884859215702,0.05,0.0340608848592157,0.019060884859215702,0.0078,0.0,0.0263,0.0191,420,0,0.3892,0.0,-3.5156217360974464,-3.5156217360974464,0.0,WELD_FOUND,0.5308,0.2971,False,False,False,False,False,vertical
60.218,0.026560884859215702,0.05,0.0340608848592157,0.019060884859215702,0.0078,0.0,0.0263,0.0191,421,0,0.3902,0.0,-3.5156217360974464,-3.5156217360974464,0.0,WELD_FOUND,0.5308,0.2971,False,False,False,False,False,vertical
60.269,0.0,0.0,0.0,0.0,0.0078,0.0,-0.0078,0.0,421,0,0.3902,0.0,-3.5156217360974464,nan,nan,NO_WELD,0.0,0.0,False,False,False,False,False,vertical
60.317,0.0,0.0,0.0,0.0,0.0072,0.0,-0.0072,0.0,421,0,0.3902,0.0,-3.5156217360974464,nan,nan,NO_WELD,0.0,0.0,False,False,False,False,False,vertical
60.367,0.02265323502336353,0.05,0.03015323502336353,0.015153235023363531,0.0072,0.0,0.023,0.0152,421,0,0.3902,0.0,-4.218746595581123,-4.218746595581123,0.0,WELD_FOUND,0.4699,0.2362,False,False,False,False,False,vertical
60.417,0.02265323502336353,0.05,0.03015323502336353,0.015153235023363531,0.0057,0.0,0.0244,0.0152,421,0,0.3902,0.0,-4.218746595581123,-4.218746595581123,0.0,WELD_FOUND,0.4699,0.2362,False,False,False,False,False,vertical
60.467,0.0,0.0,0.0,0.0,0.0057,0.0,-0.0057,0.0,421,0,0.3902,0.0,-4.218746595581123,nan,nan,NO_WELD,0.0,0.0,False,False,False,False,False,vertical
60.517,0.0,0.0,0.0,0.0,0.0057,0.0,-0.0057,0.0,421,0,0.3902,0.0,-4.218746595581123,nan,nan,NO_WELD,0.0,0.0,False,False,False,False,False,vertical
60.568,0.0,0.0,0.0,0.0,0.0046,0.0,-0.0046,0.0,421,0,0.3902,0.0,-4.218746595581123,nan,nan,NO_WELD,0.0,0.0,False,False,False,False,False,vertical
60.617,0.0,0.0,0.0,0.0,0.0046,0.0,-0.0046,0.0,421,0,0.3902,0.0,-4.218746595581123,nan,nan,NO_WELD,0.0,0.0,False,False,False,False,False,vertical
60.667,0.0,0.0,0.0,0.0,0.0046,0.0,-0.0046,0.0,421,0,0.3902,0.0,-4.218746595581123,nan,nan,NO_WELD,0.0,0.0,False,False,False,False,False,vertical
60.717,0.0,0.0,0.0,0.0,0.0037,0.0,-0.0037,0.0,421,0,0.3902,0.0,-4.218746595581123,nan,nan,NO_WELD,0.0,0.0,False,False,False,False,False,vertical
60.767,0.0,0.0,0.0,0.0,0.0037,0.0,-0.0037,0.0,421,0,0.3902,0.0,-4.218746595581123,nan,nan,NO_WELD,0.0,0.0,False,False,False,False,False,vertical
60.818,0.0,0.0,0.0,0.0,0.0029,0.0,-0.0029,0.0,421,0,0.3902,0.0,-4.218746595581123,nan,nan,NO_WELD,0.0,0.0,False,False,False,False,False,vertical
60.867,0.0,0.0,0.0,0.0,0.0029,0.0,-0.0029,0.0,421,0,0.3902,0.0,-4.218746595581123,nan,nan,NO_WELD,0.0,0.0,False,False,False,False,False,vertical
60.918,0.0,0.0,0.0,0.0,0.0029,0.0,-0.0029,0.0,421,0,0.3902,0.0,-4.218746595581123,nan,nan,NO_WELD,0.0,0.0,False,False,False,False,False,vertical
60.967,0.0,0.0,0.0,0.0,0.0023,0.0,-0.0023,0.0,421,0,0.3902,0.0,-4.218746595581123,nan,nan,NO_WELD,0.0,0.0,False,False,False,False,False,vertical
61.018,0.0,0.0,0.0,0.0,0.0023,0.0,-0.0023,0.0,421,0,0.3902,0.0,-4.218746595581123,nan,nan,NO_WELD,0.0,0.0,False,False,False,False,False,vertical
61.067,0.0,0.0,0.0,0.0,0.0019,0.0,-0.0019,0.0,421,0,0.3902,0.0,-4.218746595581123,nan,nan,NO_WELD,0.0,0.0,False,False,False,False,False,vertical
61.117,0.0,0.0,0.0,0.0,0.0019,0.0,-0.0019,0.0,421,0,0.3902,0.0,-4.218746595581123,nan,nan,NO_WELD,0.0,0.0,False,False,False,False,False,vertical
61.167,0.0,0.0,0.0,0.0,0.0015,0.0,-0.0015,0.0,421,0,0.3902,0.0,-4.218746595581123,nan,nan,NO_WELD,0.0,0.0,False,False,False,False,False,vertical
61.218,0.0,0.0,0.0,0.0,0.0015,0.0,-0.0015,0.0,421,0,0.3902,0.0,-4.218746595581123,nan,nan,NO_WELD,0.0,0.0,False,False,False,False,False,vertical
61.269,0.0,0.0,0.0,0.0,0.0015,0.0,-0.0015,0.0,421,0,0.3902,0.0,-4.218746595581123,-4.218746595581123,0.0,WELD_FOUND,0.0,0.0,False,False,False,False,False,vertical
61.318,0.0,0.0,0.0,0.0,0.0012,0.0,-0.0012,0.0,421,0,0.3902,0.0,-4.218746595581123,-4.218746595581123,0.0,WELD_FOUND,0.0,0.0,False,False,False,False,False,vertical
61.367,0.0,0.0,0.0,0.0,0.0012,0.0,-0.0012,0.0,421,0,0.3902,0.0,-4.218746595581123,nan,nan,NO_WELD,0.0,0.0,False,False,False,False,False,vertical
61.418,0.0,0.0,0.0,0.0,0.0012,0.0,-0.0012,0.0,421,0,0.3902,0.0,-4.218746595581123,nan,nan,NO_WELD,0.0,0.0,False,False,False,False,False,vertical
61.467,0.0,0.0,0.0,0.0,0.0,0.0,0.0,0.0,421,0,0.3902,0.0,-4.218746595581123,nan,nan,NO_WELD,0.0,0.0,False,False,False,False,False,vertical
61.518,0.0,0.0,0.0,0.0,0.0,0.0,0.0,0.0,421,0,0.3902,0.0,-4.218746595581123,nan,nan,NO_WELD,0.0,0.0,False,False,False,False,False,vertical
61.567,0.027330654955091734,0.05,0.03483065495509173,0.019830654955091735,0.0,0.0,0.0348,0.0198,421,0,0.3902,0.0,-3.5156217360974464,-3.5156217360974464,0.0,WELD_FOUND,0.0,0.309,True,False,False,False,False,vertical
61.618,0.027330654955091734,0.05,0.03483065495509173,0.019830654955091735,0.0,0.0,0.0348,0.0198,421,0,0.3902,0.0,-3.5156217360974464,-3.5156217360974464,0.0,WELD_FOUND,0.0,0.309,True,False,False,False,False,vertical
61.667,0.0,0.0,0.0,0.0,0.0,0.0,0.0,0.0,421,0,0.3902,0.0,-3.5156217360974464,nan,nan,NO_WELD,0.0,0.0,False,False,False,False,False,vertical
61.718,0.0,0.0,0.0,0.0,0.0025,0.0,-0.0025,0.0,422,0,0.3911,0.0,-3.5156217360974464,nan,nan,NO_WELD,0.0,0.0,False,False,False,False,False,vertical
61.767,0.027330654955091734,0.05,0.03483065495509173,0.019830654955091735,0.0025,0.0,0.0324,0.0198,422,0,0.3911,0.0,-3.5156217360974464,-3.5156217360974464,0.0,WELD_FOUND,0.5428,0.309,False,False,False,False,False,vertical
61.818,0.027330654955091734,0.05,0.03483065495509173,0.019830654955091735,0.002,0.0,0.0329,0.0198,422,0,0.3911,0.0,-3.5156217360974464,-3.5156217360974464,0.0,WELD_FOUND,0.5428,0.309,False,False,False,False,False,vertical
61.867,0.0,0.0,0.0,0.0,0.002,0.0,-0.002,0.0,422,0,0.3911,0.0,-3.5156217360974464,nan,nan,NO_WELD,0.0,0.0,False,False,False,False,False,vertical
61.918,0.0,0.0,0.0,0.0,0.002,0.0,-0.002,0.0,423,0,0.392,0.0,-3.5156217360974464,nan,nan,NO_WELD,0.0,0.0,False,False,False,False,False,vertical
61.967,0.027330654955091734,0.05,0.03483065495509173,0.019830654955091735,0.0037,0.0,0.0312,0.0198,423,0,0.392,0.0,-3.5156217360974464,-3.5156217360974464,0.0,WELD_FOUND,0.5428,0.309,False,False,False,False,False,vertical
62.018,0.027330654955091734,0.05,0.03483065495509173,0.019830654955091735,0.0037,0.0,0.0312,0.0198,423,0,0.392,0.0,-3.8671843792826963,-3.5156217360974464,-0.3515626431852499,WELD_FOUND,0.5428,0.309,False,False,False,False,False,vertical
62.068,0.026158083085295707,0.1,0.041158083085295706,0.011158083085295707,0.0029,0.0,0.0382,0.0112,423,0,0.392,0.0,-3.8671843792826963,-3.691403057690071,-0.17578132159262516,WELD_FOUND,0.6123,0.1739,False,False,False,False,False,vertical
62.118,0.026158083085295707,0.1,0.041158083085295706,0.011158083085295707,0.0029,0.0,0.0382,0.0112,425,0,0.3939,0.0,-3.8671843792826963,nan,nan,WELD_FOUND,0.6123,0.1739,False,False,False,False,False,vertical
62.167,0.0,0.0,0.0,0.0,0.0029,0.0,-0.0029,0.0,425,0,0.3939,0.0,-3.8671843792826963,nan,nan,NO_WELD,0.0,0.0,False,False,False,False,False,vertical
62.218,0.0,0.0,0.0,0.0,0.0092,0.0,-0.0092,0.0,426,0,0.3948,0.0,-3.8671843792826963,nan,nan,NO_WELD,0.0,0.0,False,False,False,False,False,vertical
62.269,0.0,0.0,0.0,0.0,0.0092,0.0,-0.0092,0.0,426,0,0.3948,0.0,-3.8671843792826963,nan,nan,NO_WELD,0.0,0.0,False,False,False,False,False,vertical
62.318,0.0,0.0,0.0,0.0,0.0073,0.0,-0.0073,0.0,426,0,0.3948,0.0,-3.8671843792826963,nan,nan,NO_WELD,0.0,0.0,False,False,False,False,False,vertical
62.367,0.0,0.0,0.0,0.0,0.0073,0.0,-0.0073,0.0,426,0,0.3948,0.0,-3.8671843792826963,nan,nan,NO_WELD,0.0,0.0,False,False,False,False,False,vertical
62.418,0.0,0.0,0.0,0.0,0.0073,0.0,-0.0073,0.0,426,0,0.3948,0.0,-3.8671843792826963,nan,nan,NO_WELD,0.0,0.0,False,False,False,False,False,vertical
62.467,0.0,0.0,0.0,0.0,0.0059,0.0,-0.0059,0.0,426,0,0.3948,0.0,-3.8671843792826963,nan,nan,NO_WELD,0.0,0.0,False,False,False,False,False,vertical
62.518,0.0,0.0,0.0,0.0,0.0059,0.0,-0.0059,0.0,426,0,0.3948,0.0,-3.8671843792826963,nan,nan,NO_WELD,0.0,0.0,False,False,False,False,False,vertical
62.567,0.0,0.0,0.0,0.0,0.0059,0.0,-0.0059,0.0,426,0,0.3948,0.0,-3.8671843792826963,nan,nan,NO_WELD,0.0,0.0,False,False,False,False,False,vertical
62.618,0.0,0.0,0.0,0.0,0.0047,0.0,-0.0047,0.0,426,0,0.3948,0.0,-3.8671843792826963,nan,nan,NO_WELD,0.0,0.0,False,False,False,False,False,vertical
62.667,0.0,0.0,0.0,0.0,0.0047,0.0,-0.0047,0.0,426,0,0.3948,0.0,-3.8671843792826963,nan,nan,NO_WELD,0.0,0.0,False,False,False,False,False,vertical
62.717,0.0,0.0,0.0,0.0,0.0038,0.0,-0.0038,0.0,426,0,0.3948,0.0,-3.8671843792826963,nan,nan,NO_WELD,0.0,0.0,False,False,False,False,False,vertical
62.767,0.0,0.0,0.0,0.0,0.0038,0.0,-0.0038,0.0,426,0,0.3948,0.0,-3.8671843792826963,nan,nan,NO_WELD,0.0,0.0,False,False,False,False,False,vertical
62.817,0.0,0.0,0.0,0.0,0.003,0.0,-0.003,0.0,426,0,0.3948,0.0,-3.8671843792826963,nan,nan,NO_WELD,0.0,0.0,False,False,False,False,False,vertical
62.867,0.0,0.0,0.0,0.0,0.003,0.0,-0.003,0.0,426,0,0.3948,0.0,-3.8671843792826963,nan,nan,NO_WELD,0.0,0.0,False,False,False,False,False,vertical
62.917,0.0,0.0,0.0,0.0,0.003,0.0,-0.003,0.0,426,0,0.3948,0.0,-3.8671843792826963,nan,nan,NO_WELD,0.0,0.0,False,False,False,False,False,vertical
62.967,0.0,0.0,0.0,0.0,0.0024,0.0,-0.0024,0.0,426,0,0.3948,0.0,-3.8671843792826963,nan,nan,NO_WELD,0.0,0.0,False,False,False,False,False,vertical
63.018,0.0,0.0,0.0,0.0,0.0024,0.0,-0.0024,0.0,426,0,0.3948,0.0,-3.8671843792826963,nan,nan,NO_WELD,0.0,0.0,False,False,False,False,False,vertical
63.067,0.0,0.0,0.0,0.0,0.0024,0.0,-0.0024,0.0,426,0,0.3948,0.0,-3.8671843792826963,nan,nan,NO_WELD,0.0,0.0,False,False,False,False,False,vertical
63.118,0.0,0.0,0.0,0.0,0.0019,0.0,-0.0019,0.0,426,0,0.3948,0.0,-0.35155909468853286,nan,nan,NO_WELD,0.0,0.0,False,False,False,False,False,vertical
63.167,0.0,0.0,0.0,0.0,0.0019,0.0,-0.0019,0.0,426,0,0.3948,0.0,-0.35155909468853286,nan,nan,NO_WELD,0.0,0.0,False,False,False,False,False,vertical
63.218,0.0,0.0,0.0,0.0,0.0015,0.0,-0.0015,0.0,426,0,0.3948,0.0,1.7578159906906006,nan,nan,NO_WELD,0.0,0.0,False,False,False,False,False,vertical
63.269,0.0,0.0,0.0,0.0,0.0015,0.0,-0.0015,0.0,426,0,0.3948,0.0,1.7578159906906006,nan,nan,NO_WELD,0.0,0.0,False,False,False,False,False,vertical
63.318,0.0,0.0,0.0,0.0,0.0015,0.0,-0.0015,0.0,426,0,0.3948,0.0,3.1640659231013664,nan,nan,NO_WELD,0.0,0.0,False,False,False,False,False,vertical
63.367,0.0,0.0,0.0,0.0,0.0012,0.0,-0.0012,0.0,426,0,0.3948,0.0,3.1640659231013664,nan,nan,NO_WELD,0.0,0.0,False,False,False,False,False,vertical
63.418,0.0,0.0,0.0,0.0,0.0012,0.0,-0.0012,0.0,426,0,0.3948,0.0,3.1640659231013664,nan,nan,NO_WELD,0.0,0.0,False,False,False,False,False,vertical
63.467,0.0,0.0,0.0,0.0,0.0012,0.0,-0.0012,0.0,426,0,0.3948,0.0,3.1640659231013664,nan,nan,NO_WELD,0.0,0.0,False,False,False,False,False,vertical
63.518,0.0,0.0,0.0,0.0,0.0,0.0,0.0,0.0,426,0,0.3948,0.0,2.812503493359528,nan,nan,NO_WELD,0.0,0.0,False,False,False,False,False,vertical
63.567,0.0,0.0,0.0,0.0,0.0,0.0,0.0,0.0,426,0,0.3948,0.0,2.812503493359528,nan,nan,NO_WELD,0.0,0.0,False,False,False,False,False,vertical
63.618,0.0,0.0,0.0,0.0,0.0,0.0,0.0,0.0,426,0,0.3948,0.0,-3.5156217360974464,nan,nan,NO_WELD,0.0,0.0,False,False,False,False,False,vertical
63.667,0.0,0.0,0.0,0.0,0.0,0.0,0.0,0.0,426,0,0.3948,0.0,-3.5156217360974464,nan,nan,NO_WELD,0.0,0.0,False,False,False,False,False,vertical
63.718,0.0,0.0,0.0,0.0,0.0,0.0,0.0,0.0,426,0,0.3948,0.0,-3.5156217360974464,nan,nan,NO_WELD,0.0,0.0,False,False,False,False,False,vertical
63.767,0.0,0.0,0.0,0.0,0.0,0.0,0.0,0.0,426,0,0.3948,0.0,-3.5156217360974464,nan,nan,NO_WELD,0.0,0.0,False,False,False,False,False,vertical
63.818,0.0,0.0,0.0,0.0,0.0,0.0,0.0,0.0,426,0,0.3948,0.0,-2.460934233428519,nan,nan,NO_WELD,0.0,0.0,False,False,False,False,False,vertical
63.867,0.0,0.0,0.0,0.0,0.0,0.0,0.0,0.0,426,0,0.3948,0.0,-2.460934233428519,nan,nan,NO_WELD,0.0,0.0,False,False,False,False,False,vertical
63.918,0.0,0.0,0.0,0.0,0.0,0.0,0.0,0.0,426,0,0.3948,0.0,2.812503493359528,nan,nan,NO_WELD,0.0,0.0,False,False,False,False,False,vertical
63.967,0.0,0.0,0.0,0.0,0.0,0.0,0.0,0.0,426,0,0.3948,0.0,2.812503493359528,nan,nan,NO_WELD,0.0,0.0,False,False,False,False,False,vertical
64.018,0.0,0.0,0.0,0.0,0.0,0.0,0.0,0.0,426,0,0.3948,0.0,-3.5156217360974464,nan,nan,NO_WELD,0.0,0.0,False,False,False,False,False,vertical
64.067,0.0,0.0,0.0,0.0,0.0,0.0,0.0,0.0,426,0,0.3948,0.0,-3.5156217360974464,nan,nan,NO_WELD,0.0,0.0,False,False,False,False,False,vertical
64.118,0.0,0.0,0.0,0.0,0.0,0.0,0.0,0.0,426,0,0.3948,0.0,2.109378420432439,nan,nan,NO_WELD,0.0,0.0,False,False,False,False,False,vertical
64.167,0.0,0.0,0.0,0.0,0.0,0.0,0.0,0.0,426,0,0.3948,0.0,2.109378420432439,nan,nan,NO_WELD,0.0,0.0,False,False,False,False,False,vertical
64.218,0.0,0.0,0.0,0.0,0.0,0.0,0.0,0.0,426,0,0.3948,0.0,1.054690917763512,nan,nan,NO_WELD,0.0,0.0,False,False,False,False,False,vertical
64.269,0.0,0.0,0.0,0.0,0.0,0.0,0.0,0.0,426,0,0.3948,0.0,1.054690917763512,nan,nan,NO_WELD,0.0,0.0,False,False,False,False,False,vertical
64.318,0.0,0.0,0.0,0.0,0.0,0.0,0.0,0.0,426,0,0.3948,0.0,2.109378420432439,nan,nan,NO_WELD,0.0,0.0,False,False,False,False,False,vertical
64.367,0.0,0.0,0.0,0.0,0.0,0.0,0.0,0.0,426,0,0.3948,0.0,2.109378420432439,nan,nan,NO_WELD,0.0,0.0,False,False,False,False,False,vertical
64.418,0.0,0.0,0.0,0.0,0.0,0.0,0.0,0.0,426,0,0.3948,0.0,2.812503493359528,nan,nan,NO_WELD,0.0,0.0,False,False,False,False,False,vertical
64.467,0.0,0.0,0.0,0.0,0.0,0.0,0.0,0.0,426,0,0.3948,0.0,2.812503493359528,nan,nan,NO_WELD,0.0,0.0,False,False,False,False,False,vertical
64.518,0.0,0.0,0.0,0.0,0.0,0.0,0.0,0.0,426,0,0.3948,0.0,2.812503493359528,nan,nan,NO_WELD,0.0,0.0,False,False,False,False,False,vertical
64.567,0.0,0.0,0.0,0.0,0.0,0.0,0.0,0.0,426,0,0.3948,0.0,2.812503493359528,nan,nan,NO_WELD,0.0,0.0,False,False,False,False,False,vertical
64.618,0.03694431627005988,-0.05,0.029444316270059882,0.04444431627005988,0.0,0.0,0.0294,0.0444,426,0,0.3948,0.0,2.4609410636176894,2.4609410636176894,0.0,WELD_FOUND,0.0,0.6275,True,False,False,False,False,vertical
64.667,0.03694431627005988,-0.05,0.029444316270059882,0.04444431627005988,0.0,0.0,0.0294,0.0444,426,0,0.3948,0.0,2.4609410636176894,2.4609410636176894,0.0,WELD_FOUND,0.0,0.6275,True,False,False,False,False,vertical
64.718,0.0,0.0,0.0,0.0,0.0,0.0,0.0,0.0,430,0,0.3985,0.0,2.4609410636176894,nan,nan,NO_WELD,0.0,0.0,False,False,False,False,False,vertical
64.767,0.0,0.0,0.0,0.0,0.0,0.0,0.0,0.0,430,0,0.3985,0.0,2.4609410636176894,nan,nan,NO_WELD,0.0,0.0,False,False,False,False,False,vertical
64.818,0.04266291779424548,-0.05,0.03516291779424548,0.050162917794245476,0.0197,0.0,0.0154,0.0502,434,0,0.4022,0.0,1.7578159906906006,1.7578159906906006,0.0,WELD_FOUND,0.548,0.654,False,False,False,False,False,vertical
64.867,0.04266291779424548,-0.05,0.03516291779424548,0.050162917794245476,0.0197,0.0,0.0154,0.0502,434,0,0.4022,0.0,1.7578159906906006,1.7578159906906006,0.0,WELD_FOUND,0.548,0.654,False,False,False,False,False,vertical
64.918,0.04537048477239303,-0.1,0.030370484772393028,0.06037048477239303,0.0341,0.0,-0.0037,0.0604,440,0,0.4078,0.0,1.4062534542270564,1.5820346690979756,-0.17578121487091924,WELD_FOUND,0.4733,0.7013,False,False,False,False,False,vertical
64.967,0.04537048477239303,-0.1,0.030370484772393028,0.06037048477239303,0.0341,0.0,-0.0037,0.0604,440,0,0.4078,0.0,1.4062534542270564,1.5820346690979756,-0.17578121487091924,WELD_FOUND,0.4733,0.7013,False,False,False,False,False,vertical
65.018,0.04747144270431399,-0.09649420574322803,0.032997311842829787,0.0619455735657982,0.0341,0.0,-0.0011,0.0619,454,0,0.4208,0.0,1.054690917763512,1.4062534542270564,-0.3515625364635444,WELD_FOUND,0.5142,0.7085,False,False,False,False,False,vertical
65.067,0.04747144270431399,-0.09649420574322803,0.032997311842829787,0.0619455735657982,0.0551,0.0,-0.0221,0.0619,454,0,0.4208,0.0,1.054690917763512,1.4062534542270564,-0.3515625364635444,WELD_FOUND,0.5142,0.7085,False,False,False,False,False,vertical
65.118,0.04947949006474469,-0.08435914117715212,0.036825618888171874,0.062133361241317506,0.0551,0.0,-0.0183,0.0621,464,0,0.43,0.0,0.35156592487770283,1.2304722393561371,-0.8789063144784344,WELD_FOUND,0.5739,0.7094,False,False,False,False,False,vertical
65.167,0.04947949006474469,-0.08435914117715212,0.036825618888171874,0.062133361241317506,0.0551,0.0,-0.0183,0.0621,464,0,0.43,0.0,0.35156592487770283,1.2304722393561371,-0.8789063144784344,WELD_FOUND,0.5739,0.7094,False,False,False,False,False,vertical
65.218,0.05150048988392662,-0.07202818998501682,0.0406962613861741,0.06230471838167915,0.0972,0.0,-0.0565,0.0623,480,0,0.4448,0.0,0.7031284346608206,1.054690917763512,-0.35156248310269134,WELD_FOUND,0.6102,0.7102,False,False,False,False,False,vertical
65.269,0.05150048988392662,-0.07202818998501682,0.0406962613861741,0.06230471838167915,0.0972,0.0,-0.0565,0.0623,480,0,0.4448,0.0,0.7031284346608206,1.054690917763512,-0.35156248310269134,WELD_FOUND,0.6102,0.7102,False,False,False,False,False,vertical
65.318,0.05522836376973306,-0.046424707438011734,0.0482646576540313,0.06219206988543482,0.0843,0.0,-0.036,0.0622,487,0,0.4513,0.0,0.35156592487770283,0.7031284346608206,-0.3515625097831178,WELD_FOUND,0.6452,0.7097,False,False,False,False,False,vertical
65.367,0.05522836376973306,-0.046424707438011734,0.0482646576540313,0.06219206988543482,0.0843,0.0,-0.036,0.0622,487,0,0.4513,0.0,0.35156592487770283,0.7031284346608206,-0.3515625097831178,WELD_FOUND,0.6452,0.7097,False,False,False,False,False,vertical
65.418,0.05943436659513969,-0.021442421247379585,0.05621800340803275,0.06265072978224663,0.0728,0.0,-0.0166,0.0627,493,0,0.4569,0.0,3.4150945850063755e-06,0.35156592487770283,-0.3515625097831178,WELD_FOUND,0.682,0.7118,False,False,False,False,False,vertical
65.467,0.05943436659513969,-0.021442421247379585,0.05621800340803275,0.06265072978224663,0.0728,0.0,-0.0166,0.0627,493,0,0.4569,0.0,3.4150945850063755e-06,0.35156592487770283,-0.3515625097831178,WELD_FOUND,0.682,0.7118,False,False,False,False,False,vertical
65.518,0.0,0.0,0.0,0.0,0.0728,0.0,-0.0728,0.0,509,0,0.4717,0.0,3.4150945850063755e-06,nan,nan,NO_WELD,0.0,0.0,False,False,False,False,False,vertical
65.567,0.0,0.0,0.0,0.0,0.0833,0.0,-0.0833,0.0,509,0,0.4717,0.0,3.4150945850063755e-06,nan,nan,NO_WELD,0.0,0.0,False,False,False,False,False,vertical
65.618,0.05897219738824161,0.04510599927783943,0.06573809727991753,0.0522062974965657,0.0833,0.0,-0.0176,0.0522,509,0,0.4717,0.0,-0.7031216044716506,-0.7031216044716506,0.0,WELD_FOUND,0.7261,0.6635,False,False,False,False,False,vertical
65.667,0.05897219738824161,0.04510599927783943,0.06573809727991753,0.0522062974965657,0.0666,0.0,-0.0009,0.0522,509,0,0.4717,0.0,-0.7031216044716506,-0.7031216044716506,0.0,WELD_FOUND,0.7261,0.6635,False,False,False,False,False,vertical
65.718,0.0,0.0,0.0,0.0,0.0666,0.0,-0.0666,0.0,517,0,0.4791,0.0,-0.7031216044716506,nan,nan,NO_WELD,0.0,0.0,False,False,False,False,False,vertical
65.767,0.0,0.0,0.0,0.0,0.0666,0.0,-0.0666,0.0,517,0,0.4791,0.0,-0.7031216044716506,nan,nan,NO_WELD,0.0,0.0,False,False,False,False,False,vertical
65.818,0.0,0.0,0.0,0.0,0.0622,0.0,-0.0622,0.0,518,0,0.4801,0.0,-0.7031216044716506,nan,nan,NO_WELD,0.0,0.0,False,False,False,False,False,vertical
65.867,0.0,0.0,0.0,0.0,0.0622,0.0,-0.0622,0.0,518,0,0.4801,0.0,-0.7031216044716506,nan,nan,NO_WELD,0.0,0.0,False,False,False,False,False,vertical
65.918,0.053369198631446936,0.05,0.060869198631446936,0.045869198631446936,0.0498,0.0,0.0111,0.0459,518,0,0.4801,0.0,-1.0546840875743422,-1.0546840875743422,0.0,WELD_FOUND,0.7036,0.6341,False,False,False,False,False,vertical
65.967,0.053369198631446936,0.05,0.060869198631446936,0.045869198631446936,0.0498,0.0,0.0111,0.0459,518,0,0.4801,0.0,-1.0546840875743422,-1.0546840875743422,0.0,WELD_FOUND,0.7036,0.6341,False,False,False,False,False,vertical
66.018,0.050655452059485594,0.08802101617561713,0.06385860448582817,0.037452299633143026,0.0498,0.0,0.0141,0.0375,525,0,0.4866,0.0,-1.4062466240378864,-1.2304654091669671,-0.17578121487091924,WELD_FOUND,0.7174,0.5837,False,False,False,False,False,vertical
66.067,0.050655452059485594,0.08802101617561713,0.06385860448582817,0.037452299633143026,0.0472,0.0,0.0167,0.0375,525,0,0.4866,0.0,-1.4062466240378864,-1.2304654091669671,-0.17578121487091924,WELD_FOUND,0.7174,0.5837,False,False,False,False,False,vertical
66.118,0.04852874010997221,0.09980176488123664,0.0634990048421577,0.033558475377786716,0.0472,0.0,0.0163,0.0336,535,0,0.4958,0.0,-1.4062466240378864,-1.4062466240378864,0.0,WELD_FOUND,0.7157,0.523,False,False,False,False,False,vertical
66.167,0.04852874010997221,0.09980176488123664,0.0634990048421577,0.033558475377786716,0.0654,0.0,-0.0019,0.0336,535,0,0.4958,0.0,-1.4062466240378864,-1.4062466240378864,0.0,WELD_FOUND,0.7157,0.523,False,False,False,False,False,vertical
66.218,0.0,0.0,0.0,0.0,0.0654,0.0,-0.0654,0.0,545,0,0.5051,0.0,-1.4062466240378864,nan,nan,NO_WELD,0.0,0.0,False,False,False,False,False,vertical
66.269,0.0,0.0,0.0,0.0,0.0654,0.0,-0.0654,0.0,545,0,0.5051,0.0,-1.4062466240378864,nan,nan,NO_WELD,0.0,0.0,False,False,False,False,False,vertical
66.318,0.0,0.0,0.0,0.0,0.0664,0.0,-0.0664,0.0,546,0,0.506,0.0,-1.4062466240378864,nan,nan,NO_WELD,0.0,0.0,False,False,False,False,False,vertical
66.367,0.0,0.0,0.0,0.0,0.0664,0.0,-0.0664,0.0,546,0,0.506,0.0,-1.4062466240378864,nan,nan,NO_WELD,0.0,0.0,False,False,False,False,False,vertical
66.418,0.05460556508364029,0.05,0.06210556508364029,0.04710556508364029,0.0531,0.0,0.009,0.0471,546,0,0.506,0.0,-0.7031216044716506,-0.7031216044716506,0.0,WELD_FOUND,0.7093,0.6398,False,False,False,False,False,vertical
66.467,0.05460556508364029,0.05,0.06210556508364029,0.04710556508364029,0.0531,0.0,0.009,0.0471,546,0,0.506,0.0,-0.7031216044716506,-0.7031216044716506,0.0,WELD_FOUND,0.7093,0.6398,False,False,False,False,False,vertical
66.518,0.057571574663963114,0.03466900858932358,0.06277192595236165,0.052371223375564574,0.0531,0.0,0.0097,0.0524,553,0,0.5125,0.0,-0.35155909468853286,-0.5273403362398785,0.17578124155134567,WELD_FOUND,0.7124,0.6642,False,False,False,False,False,vertical
66.567,0.057571574663963114,0.03466900858932358,0.06277192595236165,0.052371223375564574,0.0492,0.0,0.0136,0.0524,553,0,0.5125,0.0,-0.35155909468853286,-0.5273403362398785,0.17578124155134567,WELD_FOUND,0.7124,0.6642,False,False,False,False,False,vertical
66.618,0.0,0.0,0.0,0.0,0.0492,0.0,-0.0492,0.0,560,0,0.519,0.0,-0.35155909468853286,nan,nan,NO_WELD,0.0,0.0,False,False,False,False,False,vertical
66.667,0.0,0.0,0.0,0.0,0.0492,0.0,-0.0492,0.0,560,0,0.519,0.0,-0.35155909468853286,nan,nan,NO_WELD,0.0,0.0,False,False,False,False,False,vertical
66.718,0.065,0.0,0.065,0.065,0.0468,0.0,0.0182,0.065,560,0,0.519,0.0,0.35156592487770283,0.35156592487770283,0.0,WELD_FOUND,0.7227,0.7227,False,False,False,False,False,vertical
66.767,0.065,0.0,0.065,0.065,0.0468,0.0,0.0182,0.065,560,0,0.519,0.0,0.35156592487770283,0.35156592487770283,0.0,WELD_FOUND,0.7227,0.7227,False,False,False,False,False,vertical
66.818,0.0,0.0,0.0,0.0,0.0468,0.0,-0.0468,0.0,567,0,0.5255,0.0,0.35156592487770283,nan,nan,NO_WELD,0.0,0.0,False,False,False,False,False,vertical
66.867,0.0,0.0,0.0,0.0,0.0454,0.0,-0.0454,0.0,567,0,0.5255,0.0,0.35156592487770283,nan,nan,NO_WELD,0.0,0.0,False,False,False,False,False,vertical
66.918,0.0,0.0,0.0,0.0,0.0454,0.0,-0.0454,0.0,567,0,0.5255,0.0,0.35156592487770283,nan,nan,NO_WELD,0.0,0.0,False,False,False,False,False,vertical
66.967,0.0,0.0,0.0,0.0,0.0454,0.0,-0.0454,0.0,567,0,0.5255,0.0,0.35156592487770283,nan,nan,NO_WELD,0.0,0.0,False,False,False,False,False,vertical
67.018,0.0,0.0,0.0,0.0,0.0363,0.0,-0.0363,0.0,567,0,0.5255,0.0,0.35156592487770283,nan,nan,NO_WELD,0.0,0.0,False,False,False,False,False,vertical
67.067,0.0,0.0,0.0,0.0,0.0363,0.0,-0.0363,0.0,567,0,0.5255,0.0,0.35156592487770283,nan,nan,NO_WELD,0.0,0.0,False,False,False,False,False,vertical
67.118,0.0,0.0,0.0,0.0,0.0363,0.0,-0.0363,0.0,567,0,0.5255,0.0,0.35156592487770283,nan,nan,NO_WELD,0.0,0.0,False,False,False,False,False,vertical
67.167,0.0,0.0,0.0,0.0,0.0291,0.0,-0.0291,0.0,567,0,0.5255,0.0,0.35156592487770283,nan,nan,NO_WELD,0.0,0.0,False,False,False,False,False,vertical
67.218,0.065,0.0,0.065,0.065,0.0291,0.0,0.0359,0.065,567,0,0.5255,0.0,3.4150945850063755e-06,3.4150945850063755e-06,0.0,WELD_FOUND,0.7227,0.7227,False,False,False,False,False,vertical
67.269,0.065,0.0,0.065,0.065,0.0291,0.0,0.0359,0.065,567,0,0.5255,0.0,3.4150945850063755e-06,3.4150945850063755e-06,0.0,WELD_FOUND,0.7227,0.7227,False,False,False,False,False,vertical
67.318,0.0,0.0,0.0,0.0,0.0471,0.0,-0.0471,0.0,579,0,0.5366,0.0,3.4150945850063755e-06,nan,nan,NO_WELD,0.0,0.0,False,False,False,False,False,vertical
67.367,0.0,0.0,0.0,0.0,0.0471,0.0,-0.0471,0.0,579,0,0.5366,0.0,3.4150945850063755e-06,nan,nan,NO_WELD,0.0,0.0,False,False,False,False,False,vertical
67.418,0.0,0.0,0.0,0.0,0.0319,0.0,-0.0319,0.0,580,0,0.5375,0.0,3.4150945850063755e-06,nan,nan,NO_WELD,0.0,0.0,False,False,False,False,False,vertical
67.467,0.0,0.0,0.0,0.0,0.0319,0.0,-0.0319,0.0,580,0,0.5375,0.0,3.4150945850063755e-06,nan,nan,NO_WELD,0.0,0.0,False,False,False,False,False,vertical
67.518,0.0,0.0,0.0,0.0,0.0319,0.0,-0.0319,0.0,580,0,0.5375,0.0,3.4150945850063755e-06,nan,nan,NO_WELD,0.0,0.0,False,False,False,False,False,vertical
67.567,0.0,0.0,0.0,0.0,0.0256,0.0,-0.0256,0.0,580,0,0.5375,0.0,3.4150945850063755e-06,nan,nan,NO_WELD,0.0,0.0,False,False,False,False,False,vertical
67.618,0.0,0.0,0.0,0.0,0.0256,0.0,-0.0256,0.0,580,0,0.5375,0.0,3.4150945850063755e-06,nan,nan,NO_WELD,0.0,0.0,False,False,False,False,False,vertical
67.667,0.0,0.0,0.0,0.0,0.0204,0.0,-0.0204,0.0,580,0,0.5375,0.0,3.4150945850063755e-06,nan,nan,NO_WELD,0.0,0.0,False,False,False,False,False,vertical
67.718,0.0,0.0,0.0,0.0,0.0204,0.0,-0.0204,0.0,580,0,0.5375,0.0,3.4150945850063755e-06,nan,nan,NO_WELD,0.0,0.0,False,False,False,False,False,vertical
67.767,0.0,0.0,0.0,0.0,0.0164,0.0,-0.0164,0.0,580,0,0.5375,0.0,3.4150945850063755e-06,nan,nan,NO_WELD,0.0,0.0,False,False,False,False,False,vertical
67.817,0.0,0.0,0.0,0.0,0.0164,0.0,-0.0164,0.0,580,0,0.5375,0.0,3.4150945850063755e-06,nan,nan,NO_WELD,0.0,0.0,False,False,False,False,False,vertical
67.867,0.0,0.0,0.0,0.0,0.0164,0.0,-0.0164,0.0,580,0,0.5375,0.0,3.4150945850063755e-06,nan,nan,NO_WELD,0.0,0.0,False,False,False,False,False,vertical
67.917,0.0,0.0,0.0,0.0,0.0131,0.0,-0.0131,0.0,580,0,0.5375,0.0,3.4150945850063755e-06,nan,nan,NO_WELD,0.0,0.0,False,False,False,False,False,vertical
67.967,0.0,0.0,0.0,0.0,0.0131,0.0,-0.0131,0.0,580,0,0.5375,0.0,3.4150945850063755e-06,nan,nan,NO_WELD,0.0,0.0,False,False,False,False,False,vertical
68.017,0.0,0.0,0.0,0.0,0.0131,0.0,-0.0131,0.0,580,0,0.5375,0.0,3.4150945850063755e-06,nan,nan,NO_WELD,0.0,0.0,False,False,False,False,False,vertical
68.067,0.0,0.0,0.0,0.0,0.0105,0.0,-0.0105,0.0,580,0,0.5375,0.0,3.4150945850063755e-06,nan,nan,NO_WELD,0.0,0.0,False,False,False,False,False,vertical
68.117,0.0,0.0,0.0,0.0,0.0105,0.0,-0.0105,0.0,580,0,0.5375,0.0,3.4150945850063755e-06,nan,nan,NO_WELD,0.0,0.0,False,False,False,False,False,vertical
68.167,0.0,0.0,0.0,0.0,0.0105,0.0,-0.0105,0.0,580,0,0.5375,0.0,3.4150945850063755e-06,nan,nan,NO_WELD,0.0,0.0,False,False,False,False,False,vertical
68.217,0.0,0.0,0.0,0.0,0.0084,0.0,-0.0084,0.0,580,0,0.5375,0.0,3.4150945850063755e-06,nan,nan,NO_WELD,0.0,0.0,False,False,False,False,False,vertical
68.269,0.0,0.0,0.0,0.0,0.0084,0.0,-0.0084,0.0,580,0,0.5375,0.0,3.4150945850063755e-06,nan,nan,NO_WELD,0.0,0.0,False,False,False,False,False,vertical
68.317,0.0,0.0,0.0,0.0,0.0067,0.0,-0.0067,0.0,580,0,0.5375,0.0,1.7578159906906006,nan,nan,NO_WELD,0.0,0.0,False,False,False,False,False,vertical
68.367,0.0,0.0,0.0,0.0,0.0067,0.0,-0.0067,0.0,580,0,0.5375,0.0,1.7578159906906006,nan,nan,NO_WELD,0.0,0.0,False,False,False,False,False,vertical
68.417,0.0,0.0,0.0,0.0,0.0067,0.0,-0.0067,0.0,580,0,0.5375,0.0,1.7578159906906006,nan,nan,NO_WELD,0.0,0.0,False,False,False,False,False,vertical
68.467,0.0,0.0,0.0,0.0,0.0054,0.0,-0.0054,0.0,580,0,0.5375,0.0,1.7578159906906006,nan,nan,NO_WELD,0.0,0.0,False,False,False,False,False,vertical
68.517,0.0,0.0,0.0,0.0,0.0054,0.0,-0.0054,0.0,580,0,0.5375,0.0,-0.35155909468853286,nan,nan,NO_WELD,0.0,0.0,False,False,False,False,False,vertical
68.567,0.0,0.0,0.0,0.0,0.0043,0.0,-0.0043,0.0,580,0,0.5375,0.0,-0.35155909468853286,nan,nan,NO_WELD,0.0,0.0,False,False,False,False,False,vertical
68.617,0.0,0.0,0.0,0.0,0.0043,0.0,-0.0043,0.0,580,0,0.5375,0.0,-0.7031216044716506,nan,nan,NO_WELD,0.0,0.0,False,False,False,False,False,vertical
68.667,0.0,0.0,0.0,0.0,0.0043,0.0,-0.0043,0.0,580,0,0.5375,0.0,-0.7031216044716506,nan,nan,NO_WELD,0.0,0.0,False,False,False,False,False,vertical
68.717,0.0,0.0,0.0,0.0,0.0034,0.0,-0.0034,0.0,580,0,0.5375,0.0,-0.7031216044716506,nan,nan,NO_WELD,0.0,0.0,False,False,False,False,False,vertical
68.767,0.0,0.0,0.0,0.0,0.0034,0.0,-0.0034,0.0,580,0,0.5375,0.0,-0.7031216044716506,nan,nan,NO_WELD,0.0,0.0,False,False,False,False,False,vertical
68.817,0.0,0.0,0.0,0.0,0.0027,0.0,-0.0027,0.0,580,0,0.5375,0.0,-1.0546840875743422,nan,nan,NO_WELD,0.0,0.0,False,False,False,False,False,vertical
68.867,0.0,0.0,0.0,0.0,0.0027,0.0,-0.0027,0.0,580,0,0.5375,0.0,-1.0546840875743422,nan,nan,NO_WELD,0.0,0.0,False,False,False,False,False,vertical
68.917,0.0,0.0,0.0,0.0,0.0027,0.0,-0.0027,0.0,580,0,0.5375,0.0,-1.0546840875743422,nan,nan,NO_WELD,0.0,0.0,False,False,False,False,False,vertical
68.967,0.0,0.0,0.0,0.0,0.0022,0.0,-0.0022,0.0,580,0,0.5375,0.0,-1.0546840875743422,nan,nan,NO_WELD,0.0,0.0,False,False,False,False,False,vertical
69.017,0.0,0.0,0.0,0.0,0.0022,0.0,-0.0022,0.0,580,0,0.5375,0.0,-1.0546840875743422,nan,nan,NO_WELD,0.0,0.0,False,False,False,False,False,vertical
69.067,0.0,0.0,0.0,0.0,0.0022,0.0,-0.0022,0.0,580,0,0.5375,0.0,-1.0546840875743422,nan,nan,NO_WELD,0.0,0.0,False,False,False,False,False,vertical
69.117,0.02172482776882776,-0.05,0.01422482776882776,0.02922482776882776,0.0018,0.0,0.0125,0.0292,580,0,0.5375,0.0,4.218753425770293,4.218753425770293,0.0,WELD_FOUND,0.0,0.4555,True,False,False,False,False,vertical
69.167,0.02172482776882776,-0.05,0.01422482776882776,0.02922482776882776,0.0018,0.0,0.0125,0.0292,580,0,0.5375,0.0,4.218753425770293,4.218753425770293,0.0,WELD_FOUND,0.0,0.4555,True,False,False,False,False,vertical
69.217,0.0,0.0,0.0,0.0,0.0018,0.0,-0.0018,0.0,580,0,0.5375,0.0,4.218753425770293,nan,nan,NO_WELD,0.0,0.0,False,False,False,False,False,vertical
69.269,0.0,0.0,0.0,0.0,0.006,0.0,-0.006,0.0,582,0,0.5394,0.0,4.218753425770293,nan,nan,NO_WELD,0.0,0.0,False,False,False,False,False,vertical
69.317,0.0,0.0,0.0,0.0,0.006,0.0,-0.006,0.0,582,0,0.5394,0.0,4.218753425770293,nan,nan,NO_WELD,0.0,0.0,False,False,False,False,False,vertical
69.367,0.0,0.0,0.0,0.0,0.006,0.0,-0.006,0.0,581,0,0.5385,0.0,4.218753425770293,nan,nan,NO_WELD,0.0,0.0,False,False,False,False,False,vertical
69.418,0.0,0.0,0.0,0.0,0.0011,0.0,-0.0011,0.0,581,0,0.5385,0.0,4.218753425770293,nan,nan,NO_WELD,0.0,0.0,False,False,False,False,False,vertical
69.467,0.0,0.0,0.0,0.0,0.0011,0.0,-0.0011,0.0,581,0,0.5385,0.0,4.218753425770293,nan,nan,NO_WELD,0.0,0.0,False,False,False,False,False,vertical
69.517,0.0,0.0,0.0,0.0,0.0011,0.0,-0.0011,0.0,581,0,0.5385,0.0,4.218753425770293,nan,nan,NO_WELD,0.0,0.0,False,False,False,False,False,vertical
69.567,0.0,0.0,0.0,0.0,-0.0018,0.0,0.0018,0.0,580,0,0.5375,0.0,4.218753425770293,nan,nan,NO_WELD,0.0,0.0,False,False,False,False,False,vertical
69.617,0.0,0.0,0.0,0.0,-0.0018,0.0,0.0018,0.0,580,0,0.5375,0.0,4.218753425770293,nan,nan,NO_WELD,0.0,0.0,False,False,False,False,False,vertical
69.667,0.0,0.0,0.0,0.0,-0.0018,0.0,0.0018,0.0,580,0,0.5375,0.0,4.218753425770293,nan,nan,NO_WELD,0.0,0.0,False,False,False,False,False,vertical
69.717,0.0,0.0,0.0,0.0,-0.0014,0.0,0.0014,0.0,580,0,0.5375,0.0,4.218753425770293,nan,nan,NO_WELD,0.0,0.0,False,False,False,False,False,vertical
69.767,0.0,0.0,0.0,0.0,-0.0014,0.0,0.0014,0.0,580,0,0.5375,0.0,4.218753425770293,nan,nan,NO_WELD,0.0,0.0,False,False,False,False,False,vertical
69.817,0.0,0.0,0.0,0.0,-0.0014,0.0,0.0014,0.0,580,0,0.5375,0.0,4.218753425770293,nan,nan,NO_WELD,0.0,0.0,False,False,False,False,False,vertical
69.868,0.0,0.0,0.0,0.0,-0.0011,0.0,0.0011,0.0,580,0,0.5375,0.0,4.218753425770293,nan,nan,NO_WELD,0.0,0.0,False,False,False,False,False,vertical
69.917,0.0,0.0,0.0,0.0,-0.0011,0.0,0.0011,0.0,580,0,0.5375,0.0,4.218753425770293,nan,nan,NO_WELD,0.0,0.0,False,False,False,False,False,vertical
69.967,0.0,0.0,0.0,0.0,-0.0011,0.0,0.0011,0.0,580,0,0.5375,0.0,4.218753425770293,nan,nan,NO_WELD,0.0,0.0,False,False,False,False,False,vertical
70.017,0.0,0.0,0.0,0.0,0.0,0.0,0.0,0.0,580,0,0.5375,0.0,4.218753425770293,nan,nan,NO_WELD,0.0,0.0,False,False,False,False,False,vertical
70.067,0.0,0.0,0.0,0.0,0.0,0.0,0.0,0.0,580,0,0.5375,0.0,4.218753425770293,nan,nan,NO_WELD,0.0,0.0,False,False,False,False,False,vertical
70.117,0.0,0.0,0.0,0.0,0.0,0.0,0.0,0.0,580,0,0.5375,0.0,4.218753425770293,nan,nan,NO_WELD,0.0,0.0,False,False,False,False,False,vertical
70.167,0.0,0.0,0.0,0.0,0.0,0.0,0.0,0.0,580,0,0.5375,0.0,4.218753425770293,nan,nan,NO_WELD,0.0,0.0,False,False,False,False,False,vertical
70.217,0.0,0.0,0.0,0.0,0.0,0.0,0.0,0.0,580,0,0.5375,0.0,4.218753425770293,nan,nan,NO_WELD,0.0,0.0,False,False,False,False,False,vertical
70.269,0.0,0.0,0.0,0.0,0.0,0.0,0.0,0.0,580,0,0.5375,0.0,4.218753425770293,nan,nan,NO_WELD,0.0,0.0,False,False,False,False,False,vertical
70.317,0.0,0.0,0.0,0.0,0.0,0.0,0.0,0.0,580,0,0.5375,0.0,-3.8671843792826963,nan,nan,NO_WELD,0.0,0.0,False,False,False,False,False,vertical
70.367,0.0,0.0,0.0,0.0,0.0,0.0,0.0,0.0,580,0,0.5375,0.0,-3.8671843792826963,nan,nan,NO_WELD,0.0,0.0,False,False,False,False,False,vertical
70.417,0.0,0.0,0.0,0.0,0.0,0.0,0.0,0.0,580,0,0.5375,0.0,3.4150945850063755e-06,nan,nan,NO_WELD,0.0,0.0,False,False,False,False,False,vertical
70.467,0.0,0.0,0.0,0.0,0.0,0.0,0.0,0.0,580,0,0.5375,0.0,3.4150945850063755e-06,nan,nan,NO_WELD,0.0,0.0,False,False,False,False,False,vertical
70.517,0.0,0.0,0.0,0.0,0.0,0.0,0.0,0.0,580,0,0.5375,0.0,3.4150945850063755e-06,nan,nan,NO_WELD,0.0,0.0,False,False,False,False,False,vertical
70.567,0.0,0.0,0.0,0.0,0.0,0.0,0.0,0.0,580,0,0.5375,0.0,3.4150945850063755e-06,nan,nan,NO_WELD,0.0,0.0,False,False,False,False,False,vertical
70.617,0.0,0.0,0.0,0.0,0.0,0.0,0.0,0.0,580,0,0.5375,0.0,1.4062534542270564,nan,nan,NO_WELD,0.0,0.0,False,False,False,False,False,vertical
70.667,0.0,0.0,0.0,0.0,0.0,0.0,0.0,0.0,580,0,0.5375,0.0,1.4062534542270564,nan,nan,NO_WELD,0.0,0.0,False,False,False,False,False,vertical
70.717,0.0,0.0,0.0,0.0,0.0,0.0,0.0,0.0,580,0,0.5375,0.0,1.4062534542270564,nan,nan,NO_WELD,0.0,0.0,False,False,False,False,False,vertical
70.767,0.0,0.0,0.0,0.0,0.0,0.0,0.0,0.0,580,0,0.5375,0.0,1.4062534542270564,nan,nan,NO_WELD,0.0,0.0,False,False,False,False,False,vertical
70.817,0.0,0.0,0.0,0.0,0.0,0.0,0.0,0.0,580,0,0.5375,0.0,2.109378420432439,nan,nan,NO_WELD,0.0,0.0,False,False,False,False,False,vertical
70.867,0.0,0.0,0.0,0.0,0.0,0.0,0.0,0.0,580,0,0.5375,0.0,2.109378420432439,nan,nan,NO_WELD,0.0,0.0,False,False,False,False,False,vertical
70.917,0.0,0.0,0.0,0.0,0.0,0.0,0.0,0.0,580,0,0.5375,0.0,2.109378420432439,nan,nan,NO_WELD,0.0,0.0,False,False,False,False,False,vertical
70.967,0.0,0.0,0.0,0.0,0.0,0.0,0.0,0.0,580,0,0.5375,0.0,2.109378420432439,nan,nan,NO_WELD,0.0,0.0,False,False,False,False,False,vertical
71.017,0.0,0.0,0.0,0.0,0.0,0.0,0.0,0.0,580,0,0.5375,0.0,2.109378420432439,nan,nan,NO_WELD,0.0,0.0,False,False,False,False,False,vertical
71.067,0.0,0.0,0.0,0.0,0.0,0.0,0.0,0.0,580,0,0.5375,0.0,2.109378420432439,nan,nan,NO_WELD,0.0,0.0,False,False,False,False,False,vertical
71.117,0.0,0.0,0.0,0.0,0.0,0.0,0.0,0.0,580,0,0.5375,0.0,2.109378420432439,nan,nan,NO_WELD,0.0,0.0,False,False,False,False,False,vertical
71.167,0.0,0.0,0.0,0.0,0.0,0.0,0.0,0.0,580,0,0.5375,0.0,2.109378420432439,nan,nan,NO_WELD,0.0,0.0,False,False,False,False,False,vertical
71.217,0.0,0.0,0.0,0.0,0.0,0.0,0.0,0.0,580,0,0.5375,0.0,2.109378420432439,nan,nan,NO_WELD,0.0,0.0,False,False,False,False,False,vertical
71.269,0.0,0.0,0.0,0.0,0.0,0.0,0.0,0.0,580,0,0.5375,0.0,2.109378420432439,nan,nan,NO_WELD,0.0,0.0,False,False,False,False,False,vertical
71.317,0.0,0.0,0.0,0.0,0.0,0.0,0.0,0.0,580,0,0.5375,0.0,2.109378420432439,nan,nan,NO_WELD,0.0,0.0,False,False,False,False,False,vertical
71.367,0.0,0.0,0.0,0.0,0.0,0.0,0.0,0.0,580,0,0.5375,0.0,2.109378420432439,nan,nan,NO_WELD,0.0,0.0,False,False,False,False,False,vertical
71.417,0.0,0.0,0.0,0.0,0.0,0.0,0.0,0.0,580,0,0.5375,0.0,2.109378420432439,nan,nan,NO_WELD,0.0,0.0,False,False,False,False,False,vertical
71.467,0.0,0.0,0.0,0.0,0.0,0.0,0.0,0.0,580,0,0.5375,0.0,2.109378420432439,nan,nan,NO_WELD,0.0,0.0,False,False,False,False,False,vertical
71.517,0.0,0.0,0.0,0.0,0.0,0.0,0.0,0.0,580,0,0.5375,0.0,2.109378420432439,nan,nan,NO_WELD,0.0,0.0,False,False,False,False,False,vertical
71.567,0.0,0.0,0.0,0.0,0.0,0.0,0.0,0.0,580,0,0.5375,0.0,2.109378420432439,nan,nan,NO_WELD,0.0,0.0,False,False,False,False,False,vertical
71.617,0.0,0.0,0.0,0.0,0.0,0.0,0.0,0.0,580,0,0.5375,0.0,2.109378420432439,nan,nan,NO_WELD,0.0,0.0,False,False,False,False,False,vertical
71.667,0.0,0.0,0.0,0.0,0.0,0.0,0.0,0.0,580,0,0.5375,0.0,2.109378420432439,nan,nan,NO_WELD,0.0,0.0,False,False,False,False,False,vertical
71.717,0.0,0.0,0.0,0.0,0.0,0.0,0.0,0.0,580,0,0.5375,0.0,-3.5156217360974464,nan,nan,NO_WELD,0.0,0.0,False,False,False,False,False,vertical
71.767,0.0,0.0,0.0,0.0,0.0,0.0,0.0,0.0,580,0,0.5375,0.0,-3.5156217360974464,nan,nan,NO_WELD,0.0,0.0,False,False,False,False,False,vertical
71.817,0.0,0.0,0.0,0.0,0.0,0.0,0.0,0.0,580,0,0.5375,0.0,-3.5156217360974464,nan,nan,NO_WELD,0.0,0.0,False,False,False,False,False,vertical
71.867,0.0,0.0,0.0,0.0,0.0,0.0,0.0,0.0,580,0,0.5375,0.0,-3.5156217360974464,nan,nan,NO_WELD,0.0,0.0,False,False,False,False,False,vertical
71.917,0.0,0.0,0.0,0.0,0.0,0.0,0.0,0.0,580,0,0.5375,0.0,-3.164059092912196,nan,nan,NO_WELD,0.0,0.0,False,False,False,False,False,vertical
71.967,0.0,0.0,0.0,0.0,0.0,0.0,0.0,0.0,580,0,0.5375,0.0,-3.164059092912196,nan,nan,NO_WELD,0.0,0.0,False,False,False,False,False,vertical
72.017,0.0,0.0,0.0,0.0,0.0,0.0,0.0,0.0,580,0,0.5375,0.0,2.109378420432439,nan,nan,NO_WELD,0.0,0.0,False,False,False,False,False,vertical
72.067,0.0,0.0,0.0,0.0,0.0,0.0,0.0,0.0,580,0,0.5375,0.0,2.109378420432439,nan,nan,NO_WELD,0.0,0.0,False,False,False,False,False,vertical
72.117,0.0,0.0,0.0,0.0,0.0,0.0,0.0,0.0,580,0,0.5375,0.0,-1.0546840875743422,nan,nan,NO_WELD,0.0,0.0,False,False,False,False,False,vertical
72.167,0.0,0.0,0.0,0.0,0.0,0.0,0.0,0.0,580,0,0.5375,0.0,-1.0546840875743422,nan,nan,NO_WELD,0.0,0.0,False,False,False,False,False,vertical
72.217,0.0,0.0,0.0,0.0,0.0,0.0,0.0,0.0,580,0,0.5375,0.0,-2.8124966631703576,nan,nan,NO_WELD,0.0,0.0,False,False,False,False,False,vertical
72.269,0.0,0.0,0.0,0.0,0.0,0.0,0.0,0.0,580,0,0.5375,0.0,-2.8124966631703576,nan,nan,NO_WELD,0.0,0.0,False,False,False,False,False,vertical
72.317,0.0,0.0,0.0,0.0,0.0,0.0,0.0,0.0,580,0,0.5375,0.0,-2.8124966631703576,nan,nan,NO_WELD,0.0,0.0,False,False,False,False,False,vertical
72.367,0.0,0.0,0.0,0.0,0.0,0.0,0.0,0.0,580,0,0.5375,0.0,-2.8124966631703576,nan,nan,NO_WELD,0.0,0.0,False,False,False,False,False,vertical
72.417,0.0,0.0,0.0,0.0,0.0,0.0,0.0,0.0,580,0,0.5375,0.0,3.8671912094718666,nan,nan,NO_WELD,0.0,0.0,False,False,False,False,False,vertical
72.467,0.0,0.0,0.0,0.0,0.0,0.0,0.0,0.0,580,0,0.5375,0.0,3.8671912094718666,nan,nan,NO_WELD,0.0,0.0,False,False,False,False,False,vertical
72.517,0.0,0.0,0.0,0.0,0.0,0.0,0.0,0.0,580,0,0.5375,0.0,3.8671912094718666,nan,nan,NO_WELD,0.0,0.0,False,False,False,False,False,vertical
72.567,0.0,0.0,0.0,0.0,0.0,0.0,0.0,0.0,580,0,0.5375,0.0,3.8671912094718666,nan,nan,NO_WELD,0.0,0.0,False,False,False,False,False,vertical
72.617,0.0,0.0,0.0,0.0,0.0,0.0,0.0,0.0,580,0,0.5375,0.0,2.4609410636176894,nan,nan,NO_WELD,0.0,0.0,False,False,False,False,False,vertical
72.667,0.0,0.0,0.0,0.0,0.0,0.0,0.0,0.0,580,0,0.5375,0.0,2.4609410636176894,nan,nan,NO_WELD,0.0,0.0,False,False,False,False,False,vertical
72.717,0.0,0.0,0.0,0.0,0.0,0.0,0.0,0.0,580,0,0.5375,0.0,2.4609410636176894,nan,nan,NO_WELD,0.0,0.0,False,False,False,False,False,vertical
72.767,0.0,0.0,0.0,0.0,0.0,0.0,0.0,0.0,580,0,0.5375,0.0,2.4609410636176894,nan,nan,NO_WELD,0.0,0.0,False,False,False,False,False,vertical
72.817,0.0,0.0,0.0,0.0,0.0,0.0,0.0,0.0,580,0,0.5375,0.0,2.812503493359528,nan,nan,NO_WELD,0.0,0.0,False,False,False,False,False,vertical
72.867,0.0,0.0,0.0,0.0,0.0,0.0,0.0,0.0,580,0,0.5375,0.0,2.812503493359528,nan,nan,NO_WELD,0.0,0.0,False,False,False,False,False,vertical
72.917,0.0,0.0,0.0,0.0,0.0,0.0,0.0,0.0,580,0,0.5375,0.0,3.8671912094718666,nan,nan,NO_WELD,0.0,0.0,False,False,False,False,False,vertical
72.967,0.0,0.0,0.0,0.0,0.0,0.0,0.0,0.0,580,0,0.5375,0.0,3.8671912094718666,nan,nan,NO_WELD,0.0,0.0,False,False,False,False,False,vertical
73.017,0.0,0.0,0.0,0.0,0.0,0.0,0.0,0.0,580,0,0.5375,0.0,2.812503493359528,2.812503493359528,0.0,WELD_FOUND,0.0,0.0,False,False,False,False,False,vertical
73.068,0.0,0.0,0.0,0.0,0.0,0.0,0.0,0.0,580,0,0.5375,0.0,2.812503493359528,2.812503493359528,0.0,WELD_FOUND,0.0,0.0,False,False,False,False,False,vertical
73.117,0.0,0.0,0.0,0.0,0.0,0.0,0.0,0.0,580,0,0.5375,0.0,2.812503493359528,nan,nan,NO_WELD,0.0,0.0,False,False,False,False,False,vertical
73.167,0.0,0.0,0.0,0.0,0.0,0.0,0.0,0.0,580,0,0.5375,0.0,2.812503493359528,nan,nan,NO_WELD,0.0,0.0,False,False,False,False,False,vertical
73.217,0.0,0.0,0.0,0.0,0.0,0.0,0.0,0.0,580,0,0.5375,0.0,2.812503493359528,nan,nan,NO_WELD,0.0,0.0,False,False,False,False,False,vertical
