t,vx,wz,tgt_r,tgt_l,spd_r,spd_l,err_r,err_l,ticks_r,ticks_l,dist_r,dist_l,raw_angle,filtered_angle,error,weld,ff_r,ff_l,kickstart_r,kickstart_l,holding_r,holding_l,manual_pwm_mode,surface_mode
2.223,0.0,0.0,0.0,0.0,0.0,0.0,0.0,0.0,0,0,0.0,0.0,1.4062534542270564,nan,nan,NO_WELD,0.0,0.0,False,False,False,False,False,vertical
2.272,0.0,0.0,0.0,0.0,0.0,0.0,0.0,0.0,0,0,0.0,0.0,1.4062534542270564,nan,nan,NO_WELD,0.0,0.0,False,False,False,False,False,vertical
2.323,0.0,0.0,0.0,0.0,0.0,0.0,0.0,0.0,0,0,0.0,0.0,1.054690917763512,1.054690917763512,0.0,WELD_FOUND,0.0,0.0,False,False,False,False,False,vertical
2.372,0.0,0.0,0.0,0.0,0.0,0.0,0.0,0.0,0,0,0.0,0.0,1.054690917763512,1.054690917763512,0.0,WELD_FOUND,0.0,0.0,False,False,False,False,False,vertical
2.422,0.05407628733519148,-0.05,0.04657628733519148,0.06157628733519148,0.0,0.0,0.0466,0.0616,0,0,0.0,0.0,0.7031284346608206,0.8789097028925928,-0.1757812682317722,WELD_FOUND,0.0,0.0,True,True,False,False,False,vertical
2.472,0.05407628733519148,-0.05,0.04657628733519148,0.06157628733519148,0.0,0.0,0.0466,0.0616,0,0,0.0,0.0,0.7031284346608206,0.8789097028925928,-0.1757812682317722,WELD_FOUND,0.0,0.0,True,True,False,False,False,vertical
2.522,0.0,0.0,0.0,0.0,0.0,0.0,0.0,0.0,1,0,0.0009,0.0,0.7031284346608206,nan,nan,NO_WELD,0.0,0.0,False,False,False,False,False,vertical
2.572,0.0,0.0,0.0,0.0,0.0037,0.0,-0.0037,0.0,1,0,0.0009,0.0,0.7031284346608206,nan,nan,NO_WELD,0.0,0.0,False,False,False,False,False,vertical
2.622,0.0,0.0,0.0,0.0,0.0037,0.0,-0.0037,0.0,2,0,0.0019,0.0,0.7031284346608206,nan,nan,NO_WELD,0.0,0.0,False,False,False,False,False,vertical
2.672,0.0,0.0,0.0,0.0,0.0037,0.0,-0.0037,0.0,2,0,0.0019,0.0,0.7031284346608206,nan,nan,NO_WELD,0.0,0.0,False,False,False,False,False,vertical
2.722,0.0,0.0,0.0,0.0,0.0047,0.0,-0.0047,0.0,2,0,0.0019,0.0,0.7031284346608206,nan,nan,NO_WELD,0.0,0.0,False,False,False,False,False,vertical
2.772,0.0,0.0,0.0,0.0,0.0047,0.0,-0.0047,0.0,2,0,0.0019,0.0,0.7031284346608206,nan,nan,NO_WELD,0.0,0.0,False,False,False,False,False,vertical
2.822,0.0,0.0,0.0,0.0,0.0038,0.0,-0.0038,0.0,2,0,0.0019,0.0,0.7031284346608206,0.7031284346608206,0.0,WELD_FOUND,0.0,0.0,False,False,False,False,False,vertical
2.872,0.0,0.0,0.0,0.0,0.0038,0.0,-0.0038,0.0,2,0,0.0019,0.0,0.7031284346608206,0.7031284346608206,0.0,WELD_FOUND,0.0,0.0,False,False,False,False,False,vertical
2.922,0.0,0.0,0.0,0.0,0.0038,0.0,-0.0038,0.0,2,0,0.0019,0.0,0.7031284346608206,nan,nan,NO_WELD,0.0,0.0,False,False,False,False,False,vertical
2.972,0.0,0.0,0.0,0.0,0.003,0.0,-0.003,0.0,2,0,0.0019,0.0,0.7031284346608206,nan,nan,NO_WELD,0.0,0.0,False,False,False,False,False,vertical
3.022,0.056180683586567914,-0.05,0.048680683586567915,0.06368068358656792,0.003,0.0,0.0457,0.0637,2,0,0.0019,0.0,0.7031284346608206,0.7031284346608206,0.0,WELD_FOUND,0.6471,0.7166,False,False,False,False,False,vertical
3.072,0.056180683586567914,-0.05,0.048680683586567915,0.06368068358656792,0.003,0.0,0.0457,0.0637,2,0,0.0019,0.0,0.7031284346608206,0.7031284346608206,0.0,WELD_FOUND,0.6471,0.7166,False,False,False,False,False,vertical
3.122,0.056180683586567914,-0.049087624996900565,0.04881753983703283,0.063543827336103,-0.0056,0.0,0.0544,0.0635,-1,0,0.0009,0.0,0.7031284346608206,0.7031284346608206,0.0,WELD_FOUND,0.6478,0.7159,False,False,False,False,False,vertical
3.174,0.056180683586567914,-0.049087624996900565,0.04881753983703283,0.063543827336103,-0.0056,0.0,0.0544,0.0635,-1,0,0.0009,0.0,0.7031284346608206,0.7031284346608206,0.0,WELD_FOUND,0.6478,0.7159,False,False,False,False,False,vertical
3.222,0.0,0.0,0.0,0.0,0.0559,0.0,-0.0559,0.0,15,0,0.0139,0.0,0.7031284346608206,nan,nan,NO_WELD,0.0,0.0,False,False,False,False,False,vertical
3.272,0.0,0.0,0.0,0.0,0.0559,0.0,-0.0559,0.0,15,0,0.0139,0.0,0.7031284346608206,nan,nan,NO_WELD,0.0,0.0,False,False,False,False,False,vertical
3.322,0.0,0.0,0.0,0.0,0.0595,0.0,-0.0595,0.0,22,0,0.0204,0.0,0.7031284346608206,nan,nan,NO_WELD,0.0,0.0,False,False,False,False,False,vertical
3.372,0.0,0.0,0.0,0.0,0.0595,0.0,-0.0595,0.0,22,0,0.0204,0.0,0.7031284346608206,nan,nan,NO_WELD,0.0,0.0,False,False,False,False,False,vertical
3.422,0.0,0.0,0.0,0.0,0.0476,0.0,-0.0476,0.0,22,0,0.0204,0.0,0.7031284346608206,nan,nan,NO_WELD,0.0,0.0,False,False,False,False,False,vertical
3.472,0.0,0.0,0.0,0.0,0.0476,0.0,-0.0476,0.0,22,0,0.0204,0.0,0.7031284346608206,nan,nan,NO_WELD,0.0,0.0,False,False,False,False,False,vertical
3.523,0.0,0.0,0.0,0.0,0.0381,0.0,-0.0381,0.0,22,0,0.0204,0.0,0.7031284346608206,nan,nan,NO_WELD,0.0,0.0,False,False,False,False,False,vertical
3.572,0.0,0.0,0.0,0.0,0.0381,0.0,-0.0381,0.0,22,0,0.0204,0.0,0.7031284346608206,nan,nan,NO_WELD,0.0,0.0,False,False,False,False,False,vertical
3.622,0.0,0.0,0.0,0.0,0.0381,0.0,-0.0381,0.0,22,0,0.0204,0.0,0.7031284346608206,nan,nan,NO_WELD,0.0,0.0,False,False,False,False,False,vertical
3.672,0.0,0.0,0.0,0.0,0.0305,0.0,-0.0305,0.0,22,0,0.0204,0.0,0.7031284346608206,nan,nan,NO_WELD,0.0,0.0,False,False,False,False,False,vertical
3.722,0.0,0.0,0.0,0.0,0.0305,0.0,-0.0305,0.0,22,0,0.0204,0.0,0.7031284346608206,nan,nan,NO_WELD,0.0,0.0,False,False,False,False,False,vertical
3.772,0.0,0.0,0.0,0.0,0.0244,0.0,-0.0244,0.0,22,0,0.0204,0.0,0.7031284346608206,nan,nan,NO_WELD,0.0,0.0,False,False,False,False,False,vertical
3.822,0.0,0.0,0.0,0.0,0.0244,0.0,-0.0244,0.0,22,0,0.0204,0.0,0.7031284346608206,nan,nan,NO_WELD,0.0,0.0,False,False,False,False,False,vertical
3.872,0.0,0.0,0.0,0.0,0.0195,0.0,-0.0195,0.0,22,0,0.0204,0.0,0.7031284346608206,nan,nan,NO_WELD,0.0,0.0,False,False,False,False,False,vertical
3.922,0.0,0.0,0.0,0.0,0.0195,0.0,-0.0195,0.0,22,0,0.0204,0.0,0.7031284346608206,nan,nan,NO_WELD,0.0,0.0,False,False,False,False,False,vertical
3.972,0.0,0.0,0.0,0.0,0.0195,0.0,-0.0195,0.0,22,0,0.0204,0.0,0.7031284346608206,nan,nan,NO_WELD,0.0,0.0,False,False,False,False,False,vertical
4.022,0.0,0.0,0.0,0.0,0.0156,0.0,-0.0156,0.0,22,0,0.0204,0.0,0.7031284346608206,nan,nan,NO_WELD,0.0,0.0,False,False,False,False,False,vertical
4.072,0.0,0.0,0.0,0.0,0.0156,0.0,-0.0156,0.0,22,0,0.0204,0.0,0.7031284346608206,nan,nan,NO_WELD,0.0,0.0,False,False,False,False,False,vertical
4.122,0.0,0.0,0.0,0.0,0.0125,0.0,-0.0125,0.0,22,0,0.0204,0.0,0.7031284346608206,nan,nan,NO_WELD,0.0,0.0,False,False,False,False,False,vertical
4.174,0.0,0.0,0.0,0.0,0.0125,0.0,-0.0125,0.0,22,0,0.0204,0.0,0.7031284346608206,nan,nan,NO_WELD,0.0,0.0,False,False,False,False,False,vertical
4.222,0.0,0.0,0.0,0.0,0.01,0.0,-0.01,0.0,22,0,0.0204,0.0,-1.4062466240378864,nan,nan,NO_WELD,0.0,0.0,False,False,False,False,False,vertical
4.272,0.0,0.0,0.0,0.0,0.01,0.0,-0.01,0.0,22,0,0.0204,0.0,-1.4062466240378864,nan,nan,NO_WELD,0.0,0.0,False,False,False,False,False,vertical
4.322,0.0,0.0,0.0,0.0,0.01,0.0,-0.01,0.0,22,0,0.0204,0.0,-2.1093715902432693,nan,nan,NO_WELD,0.0,0.0,False,False,False,False,False,vertical
4.372,0.0,0.0,0.0,0.0,0.008,0.0,-0.008,0.0,22,0,0.0204,0.0,-2.1093715902432693,nan,nan,NO_WELD,0.0,0.0,False,False,False,False,False,vertical
4.423,0.0,0.0,0.0,0.0,0.008,0.0,-0.008,0.0,22,0,0.0204,0.0,-2.1093715902432693,nan,nan,NO_WELD,0.0,0.0,False,False,False,False,False,vertical
4.472,0.0,0.0,0.0,0.0,0.0064,0.0,-0.0064,0.0,22,0,0.0204,0.0,-2.1093715902432693,nan,nan,NO_WELD,0.0,0.0,False,False,False,False,False,vertical
4.522,0.0,0.0,0.0,0.0,0.0064,0.0,-0.0064,0.0,22,0,0.0204,0.0,-1.7578091605014305,nan,nan,NO_WELD,0.0,0.0,False,False,False,False,False,vertical
4.572,0.0,0.0,0.0,0.0,0.0064,0.0,-0.0064,0.0,22,0,0.0204,0.0,-1.7578091605014305,nan,nan,NO_WELD,0.0,0.0,False,False,False,False,False,vertical
4.622,0.0,0.0,0.0,0.0,0.0051,0.0,-0.0051,0.0,22,0,0.0204,0.0,-1.7578091605014305,nan,nan,NO_WELD,0.0,0.0,False,False,False,False,False,vertical
4.672,0.0,0.0,0.0,0.0,0.0051,0.0,-0.0051,0.0,22,0,0.0204,0.0,-1.7578091605014305,nan,nan,NO_WELD,0.0,0.0,False,False,False,False,False,vertical
4.722,0.0,0.0,0.0,0.0,0.0041,0.0,-0.0041,0.0,22,0,0.0204,0.0,-1.7578091605014305,nan,nan,NO_WELD,0.0,0.0,False,False,False,False,False,vertical
4.772,0.0,0.0,0.0,0.0,0.0041,0.0,-0.0041,0.0,22,0,0.0204,0.0,-1.7578091605014305,nan,nan,NO_WELD,0.0,0.0,False,False,False,False,False,vertical
4.822,0.0,0.0,0.0,0.0,0.0033,0.0,-0.0033,0.0,22,0,0.0204,0.0,-1.4062466240378864,-1.4062466240378864,0.0,WELD_FOUND,0.0,0.0,False,False,False,False,False,vertical
4.872,0.0,0.0,0.0,0.0,0.0033,0.0,-0.0033,0.0,22,0,0.0204,0.0,-1.4062466240378864,-1.4062466240378864,0.0,WELD_FOUND,0.0,0.0,False,False,False,False,False,vertical
4.922,0.0,0.0,0.0,0.0,0.0033,0.0,-0.0033,0.0,22,0,0.0204,0.0,-1.4062466240378864,nan,nan,NO_WELD,0.0,0.0,False,False,False,False,False,vertical
4.972,0.0,0.0,0.0,0.0,0.0026,0.0,-0.0026,0.0,22,0,0.0204,0.0,-1.4062466240378864,nan,nan,NO_WELD,0.0,0.0,False,False,False,False,False,vertical
5.022,0.04800418810645916,0.05,0.05550418810645916,0.04050418810645916,0.0026,0.0,0.0529,0.0405,22,0,0.0204,0.0,-1.4062466240378864,-1.4062466240378864,0.0,WELD_FOUND,0.6787,0.6093,False,False,False,False,False,vertical
5.072,0.04800418810645916,0.05,0.05550418810645916,0.04050418810645916,0.0021,0.0,0.0534,0.0405,22,0,0.0204,0.0,-1.4062466240378864,-1.4062466240378864,0.0,WELD_FOUND,0.6787,0.6093,False,False,False,False,False,vertical
5.122,0.046445996880150976,0.1,0.061445996880150976,0.03144599688015098,0.0021,0.0,0.0594,0.0314,28,0,0.0259,0.0,-1.7578091605014305,-1.5820278389088056,-0.17578132159262494,WELD_FOUND,0.7062,0.4901,False,False,False,False,False,vertical
5.174,0.046445996880150976,0.1,0.061445996880150976,0.03144599688015098,0.0021,0.0,0.0594,0.0314,28,0,0.0259,0.0,-1.7578091605014305,-1.5820278389088056,-0.17578132159262494,WELD_FOUND,0.7062,0.4901,False,False,False,False,False,vertical
5.222,0.0,0.0,0.0,0.0,0.0408,0.0,-0.0408,0.0,38,0,0.0352,0.0,-1.7578091605014305,nan,nan,NO_WELD,0.0,0.0,False,False,False,False,False,vertical
5.272,0.0,0.0,0.0,0.0,0.0408,0.0,-0.0408,0.0,38,0,0.0352,0.0,-1.7578091605014305,nan,nan,NO_WELD,0.0,0.0,False,False,False,False,False,vertical
5.322,0.0,0.0,0.0,0.0,0.0319,0.0,-0.0319,0.0,40,0,0.0371,0.0,-1.7578091605014305,nan,nan,NO_WELD,0.0,0.0,False,False,False,False,False,vertical
5.372,0.0,0.0,0.0,0.0,0.0319,0.0,-0.0319,0.0,40,0,0.0371,0.0,-1.7578091605014305,nan,nan,NO_WELD,0.0,0.0,False,False,False,False,False,vertical
5.422,0.0,0.0,0.0,0.0,0.0319,0.0,-0.0319,0.0,40,0,0.0371,0.0,-1.7578091605014305,nan,nan,NO_WELD,0.0,0.0,False,False,False,False,False,vertical
5.472,0.0,0.0,0.0,0.0,0.0255,0.0,-0.0255,0.0,40,0,0.0371,0.0,-1.7578091605014305,nan,nan,NO_WELD,0.0,0.0,False,False,False,False,False,vertical
5.522,0.0,0.0,0.0,0.0,0.0255,0.0,-0.0255,0.0,40,0,0.0371,0.0,-1.7578091605014305,nan,nan,NO_WELD,0.0,0.0,False,False,False,False,False,vertical
5.572,0.0,0.0,0.0,0.0,0.0204,0.0,-0.0204,0.0,40,0,0.0371,0.0,-1.7578091605014305,nan,nan,NO_WELD,0.0,0.0,False,False,False,False,False,vertical
5.622,0.0,0.0,0.0,0.0,0.0204,0.0,-0.0204,0.0,40,0,0.0371,0.0,-1.7578091605014305,nan,nan,NO_WELD,0.0,0.0,False,False,False,False,False,vertical
5.672,0.0,0.0,0.0,0.0,0.0163,0.0,-0.0163,0.0,40,0,0.0371,0.0,-1.7578091605014305,nan,nan,NO_WELD,0.0,0.0,False,False,False,False,False,vertical
5.722,0.0,0.0,0.0,0.0,0.0163,0.0,-0.0163,0.0,40,0,0.0371,0.0,-1.7578091605014305,nan,nan,NO_WELD,0.0,0.0,False,False,False,False,False,vertical
5.772,0.0,0.0,0.0,0.0,0.0163,0.0,-0.0163,0.0,40,0,0.0371,0.0,-1.7578091605014305,nan,nan,NO_WELD,0.0,0.0,False,False,False,False,False,vertical
5.822,0.0,0.0,0.0,0.0,0.0131,0.0,-0.0131,0.0,40,0,0.0371,0.0,-1.7578091605014305,nan,nan,NO_WELD,0.0,0.0,False,False,False,False,False,vertical
5.872,0.0,0.0,0.0,0.0,0.0131,0.0,-0.0131,0.0,40,0,0.0371,0.0,-1.7578091605014305,nan,nan,NO_WELD,0.0,0.0,False,False,False,False,False,vertical
5.922,0.0,0.0,0.0,0.0,0.0105,0.0,-0.0105,0.0,40,0,0.0371,0.0,-1.7578091605014305,nan,nan,NO_WELD,0.0,0.0,False,False,False,False,False,vertical
5.972,0.0,0.0,0.0,0.0,0.0105,0.0,-0.0105,0.0,40,0,0.0371,0.0,-1.7578091605014305,nan,nan,NO_WELD,0.0,0.0,False,False,False,False,False,vertical
6.022,0.0,0.0,0.0,0.0,0.0105,0.0,-0.0105,0.0,40,0,0.0371,0.0,-1.7578091605014305,nan,nan,NO_WELD,0.0,0.0,False,False,False,False,False,vertical
6.072,0.0,0.0,0.0,0.0,0.0084,0.0,-0.0084,0.0,40,0,0.0371,0.0,-1.7578091605014305,nan,nan,NO_WELD,0.0,0.0,False,False,False,False,False,vertical
6.122,0.0,0.0,0.0,0.0,0.0084,0.0,-0.0084,0.0,40,0,0.0371,0.0,-1.7578091605014305,nan,nan,NO_WELD,0.0,0.0,False,False,False,False,False,vertical
6.174,0.0,0.0,0.0,0.0,0.0084,0.0,-0.0084,0.0,40,0,0.0371,0.0,-1.7578091605014305,nan,nan,NO_WELD,0.0,0.0,False,False,False,False,False,vertical
6.222,0.0,0.0,0.0,0.0,0.0067,0.0,-0.0067,0.0,40,0,0.0371,0.0,-0.35155909468853286,nan,nan,NO_WELD,0.0,0.0,False,False,False,False,False,vertical
6.272,0.0,0.0,0.0,0.0,0.0067,0.0,-0.0067,0.0,40,0,0.0371,0.0,-0.35155909468853286,nan,nan,NO_WELD,0.0,0.0,False,False,False,False,False,vertical
6.322,0.0,0.0,0.0,0.0,0.0067,0.0,-0.0067,0.0,40,0,0.0371,0.0,-0.35155909468853286,nan,nan,NO_WELD,0.0,0.0,False,False,False,False,False,vertical
6.372,0.0,0.0,0.0,0.0,0.0054,0.0,-0.0054,0.0,40,0,0.0371,0.0,-0.35155909468853286,nan,nan,NO_WELD,0.0,0.0,False,False,False,False,False,vertical
6.422,0.0,0.0,0.0,0.0,0.0054,0.0,-0.0054,0.0,40,0,0.0371,0.0,-0.35155909468853286,nan,nan,NO_WELD,0.0,0.0,False,False,False,False,False,vertical
6.472,0.0,0.0,0.0,0.0,0.0054,0.0,-0.0054,0.0,40,0,0.0371,0.0,-0.35155909468853286,nan,nan,NO_WELD,0.0,0.0,False,False,False,False,False,vertical
6.522,0.0,0.0,0.0,0.0,0.0043,0.0,-0.0043,0.0,40,0,0.0371,0.0,-0.35155909468853286,nan,nan,NO_WELD,0.0,0.0,False,False,False,False,False,vertical
6.572,0.0,0.0,0.0,0.0,0.0043,0.0,-0.0043,0.0,40,0,0.0371,0.0,-0.35155909468853286,nan,nan,NO_WELD,0.0,0.0,False,False,False,False,False,vertical
6.622,0.0,0.0,0.0,0.0,0.0034,0.0,-0.0034,0.0,40,0,0.0371,0.0,-0.35155909468853286,nan,nan,NO_WELD,0.0,0.0,False,False,False,False,False,vertical
6.672,0.0,0.0,0.0,0.0,0.0034,0.0,-0.0034,0.0,40,0,0.0371,0.0,-0.35155909468853286,nan,nan,NO_WELD,0.0,0.0,False,False,False,False,False,vertical
6.722,0.0,0.0,0.0,0.0,0.0027,0.0,-0.0027,0.0,40,0,0.0371,0.0,-0.35155909468853286,nan,nan,NO_WELD,0.0,0.0,False,False,False,False,False,vertical
6.772,0.0,0.0,0.0,0.0,0.0027,0.0,-0.0027,0.0,40,0,0.0371,0.0,-0.35155909468853286,nan,nan,NO_WELD,0.0,0.0,False,False,False,False,False,vertical
6.822,0.0,0.0,0.0,0.0,0.0027,0.0,-0.0027,0.0,40,0,0.0371,0.0,0.7031284346608206,nan,nan,NO_WELD,0.0,0.0,False,False,False,False,False,vertical
6.872,0.0,0.0,0.0,0.0,0.0022,0.0,-0.0022,0.0,40,0,0.0371,0.0,0.7031284346608206,nan,nan,NO_WELD,0.0,0.0,False,False,False,False,False,vertical
6.922,0.0,0.0,0.0,0.0,0.0022,0.0,-0.0022,0.0,40,0,0.0371,0.0,0.35156592487770283,nan,nan,NO_WELD,0.0,0.0,False,False,False,False,False,vertical
6.972,0.0,0.0,0.0,0.0,0.0018,0.0,-0.0018,0.0,40,0,0.0371,0.0,0.35156592487770283,nan,nan,NO_WELD,0.0,0.0,False,False,False,False,False,vertical
7.022,0.0,0.0,0.0,0.0,0.0018,0.0,-0.0018,0.0,40,0,0.0371,0.0,0.35156592487770283,nan,nan,NO_WELD,0.0,0.0,False,False,False,False,False,vertical
7.072,0.0,0.0,0.0,0.0,0.0014,0.0,-0.0014,0.0,40,0,0.0371,0.0,0.35156592487770283,nan,nan,NO_WELD,0.0,0.0,False,False,False,False,False,vertical
7.122,0.0,0.0,0.0,0.0,0.0014,0.0,-0.0014,0.0,40,0,0.0371,0.0,-0.7031216044716506,-0.7031216044716506,0.0,WELD_FOUND,0.0,0.0,False,False,False,False,False,vertical
7.174,0.0,0.0,0.0,0.0,0.0014,0.0,-0.0014,0.0,40,0,0.0371,0.0,-0.7031216044716506,-0.7031216044716506,0.0,WELD_FOUND,0.0,0.0,False,False,False,False,False,vertical
7.222,0.0,0.0,0.0,0.0,0.0011,0.0,-0.0011,0.0,40,0,0.0371,0.0,-0.7031216044716506,nan,nan,NO_WELD,0.0,0.0,False,False,False,False,False,vertical
7.272,0.0,0.0,0.0,0.0,0.0011,0.0,-0.0011,0.0,40,0,0.0371,0.0,-0.7031216044716506,nan,nan,NO_WELD,0.0,0.0,False,False,False,False,False,vertical
7.322,0.0,0.0,0.0,0.0,0.0011,0.0,-0.0011,0.0,40,0,0.0371,0.0,-0.7031216044716506,nan,nan,NO_WELD,0.0,0.0,False,False,False,False,False,vertical
7.372,0.0,0.0,0.0,0.0,0.0,0.0,0.0,0.0,40,0,0.0371,0.0,-0.7031216044716506,nan,nan,NO_WELD,0.0,0.0,False,False,False,False,False,vertical
7.422,0.0,0.0,0.0,0.0,0.0,0.0,0.0,0.0,40,0,0.0371,0.0,-0.7031216044716506,nan,nan,NO_WELD,0.0,0.0,False,False,False,False,False,vertical
7.472,0.0,0.0,0.0,0.0,0.0,0.0,0.0,0.0,40,0,0.0371,0.0,-0.7031216044716506,nan,nan,NO_WELD,0.0,0.0,False,False,False,False,False,vertical
7.522,0.0,0.0,0.0,0.0,0.0,0.0,0.0,0.0,40,0,0.0371,0.0,-0.7031216044716506,nan,nan,NO_WELD,0.0,0.0,False,False,False,False,False,vertical
7.572,0.0,0.0,0.0,0.0,0.0,0.0,0.0,0.0,40,0,0.0371,0.0,-0.7031216044716506,nan,nan,NO_WELD,0.0,0.0,False,False,False,False,False,vertical
7.622,0.0,0.0,0.0,0.0,0.0,0.0,0.0,0.0,40,0,0.0371,0.0,-0.7031216044716506,nan,nan,NO_WELD,0.0,0.0,False,False,False,False,False,vertical
7.672,0.0,0.0,0.0,0.0,0.0,0.0,0.0,0.0,40,0,0.0371,0.0,-0.7031216044716506,nan,nan,NO_WELD,0.0,0.0,False,False,False,False,False,vertical
7.722,0.0,0.0,0.0,0.0,0.0,0.0,0.0,0.0,40,0,0.0371,0.0,-0.7031216044716506,nan,nan,NO_WELD,0.0,0.0,False,False,False,False,False,vertical
7.772,0.0,0.0,0.0,0.0,0.0,0.0,0.0,0.0,40,0,0.0371,0.0,-0.7031216044716506,nan,nan,NO_WELD,0.0,0.0,False,False,False,False,False,vertical
7.822,0.0,0.0,0.0,0.0,0.0,0.0,0.0,0.0,40,0,0.0371,0.0,-0.7031216044716506,nan,nan,NO_WELD,0.0,0.0,False,False,False,False,False,vertical
7.872,0.0,0.0,0.0,0.0,0.0,0.0,0.0,0.0,40,0,0.0371,0.0,-0.7031216044716506,nan,nan,NO_WELD,0.0,0.0,False,False,False,False,False,vertical
7.922,0.0,0.0,0.0,0.0,0.0,0.0,0.0,0.0,40,0,0.0371,0.0,-0.7031216044716506,nan,nan,NO_WELD,0.0,0.0,False,False,False,False,False,vertical
7.972,0.0,0.0,0.0,0.0,0.0,0.0,0.0,0.0,40,0,0.0371,0.0,-0.7031216044716506,nan,nan,NO_WELD,0.0,0.0,False,False,False,False,False,vertical
8.022,0.0,0.0,0.0,0.0,0.0,0.0,0.0,0.0,40,0,0.0371,0.0,-0.7031216044716506,nan,nan,NO_WELD,0.0,0.0,False,False,False,False,False,vertical
8.072,0.0,0.0,0.0,0.0,0.0,0.0,0.0,0.0,40,0,0.0371,0.0,-0.7031216044716506,nan,nan,NO_WELD,0.0,0.0,False,False,False,False,False,vertical
8.122,0.0,0.0,0.0,0.0,0.0,0.0,0.0,0.0,40,0,0.0371,0.0,-0.7031216044716506,nan,nan,NO_WELD,0.0,0.0,False,False,False,False,False,vertical
8.174,0.0,0.0,0.0,0.0,0.0,0.0,0.0,0.0,40,0,0.0371,0.0,-0.7031216044716506,nan,nan,NO_WELD,0.0,0.0,False,False,False,False,False,vertical
8.222,0.0,0.0,0.0,0.0,0.0,0.0,0.0,0.0,40,0,0.0371,0.0,-3.8671843792826963,nan,nan,NO_WELD,0.0,0.0,False,False,False,False,False,vertical
8.272,0.0,0.0,0.0,0.0,0.0,0.0,0.0,0.0,40,0,0.0371,0.0,-3.8671843792826963,nan,nan,NO_WELD,0.0,0.0,False,False,False,False,False,vertical
8.322,0.0,0.0,0.0,0.0,0.0,0.0,0.0,0.0,40,0,0.0371,0.0,-3.8671843792826963,nan,nan,NO_WELD,0.0,0.0,False,False,False,False,False,vertical
8.372,0.0,0.0,0.0,0.0,0.0,0.0,0.0,0.0,40,0,0.0371,0.0,-3.8671843792826963,nan,nan,NO_WELD,0.0,0.0,False,False,False,False,False,vertical
8.422,0.0,0.0,0.0,0.0,0.0,0.0,0.0,0.0,40,0,0.0371,0.0,-3.8671843792826963,nan,nan,NO_WELD,0.0,0.0,False,False,False,False,False,vertical
8.472,0.0,0.0,0.0,0.0,0.0,0.0,0.0,0.0,40,0,0.0371,0.0,-3.8671843792826963,nan,nan,NO_WELD,0.0,0.0,False,False,False,False,False,vertical
8.522,0.0,0.0,0.0,0.0,0.0,0.0,0.0,0.0,40,0,0.0371,0.0,-3.8671843792826963,nan,nan,NO_WELD,0.0,0.0,False,False,False,False,False,vertical
8.572,0.0,0.0,0.0,0.0,0.0,0.0,0.0,0.0,40,0,0.0371,0.0,-3.8671843792826963,nan,nan,NO_WELD,0.0,0.0,False,False,False,False,False,vertical
8.622,0.0,0.0,0.0,0.0,0.0,0.0,0.0,0.0,40,0,0.0371,0.0,-3.8671843792826963,nan,nan,NO_WELD,0.0,0.0,False,False,False,False,False,vertical
8.672,0.0,0.0,0.0,0.0,0.0,0.0,0.0,0.0,40,0,0.0371,0.0,-3.8671843792826963,nan,nan,NO_WELD,0.0,0.0,False,False,False,False,False,vertical
8.722,0.0,0.0,0.0,0.0,0.0,0.0,0.0,0.0,40,0,0.0371,0.0,-3.8671843792826963,nan,nan,NO_WELD,0.0,0.0,False,False,False,False,False,vertical
8.772,0.0,0.0,0.0,0.0,0.0,0.0,0.0,0.0,40,0,0.0371,0.0,-3.8671843792826963,nan,nan,NO_WELD,0.0,0.0,False,False,False,False,False,vertical
8.822,0.0,0.0,0.0,0.0,0.0,0.0,0.0,0.0,40,0,0.0371,0.0,0.35156592487770283,nan,nan,NO_WELD,0.0,0.0,False,False,False,False,False,vertical
8.872,0.0,0.0,0.0,0.0,0.0,0.0,0.0,0.0,40,0,0.0371,0.0,0.35156592487770283,nan,nan,NO_WELD,0.0,0.0,False,False,False,False,False,vertical
8.922,0.0,0.0,0.0,0.0,0.0,0.0,0.0,0.0,40,0,0.0371,0.0,0.35156592487770283,nan,nan,NO_WELD,0.0,0.0,False,False,False,False,False,vertical
8.972,0.0,0.0,0.0,0.0,0.0,0.0,0.0,0.0,40,0,0.0371,0.0,0.35156592487770283,nan,nan,NO_WELD,0.0,0.0,False,False,False,False,False,vertical
9.022,0.0,0.0,0.0,0.0,0.0,0.0,0.0,0.0,40,0,0.0371,0.0,0.35156592487770283,nan,nan,NO_WELD,0.0,0.0,False,False,False,False,False,vertical
9.072,0.0,0.0,0.0,0.0,0.0,0.0,0.0,0.0,40,0,0.0371,0.0,0.35156592487770283,nan,nan,NO_WELD,0.0,0.0,False,False,False,False,False,vertical
9.122,0.0,0.0,0.0,0.0,0.0,0.0,0.0,0.0,40,0,0.0371,0.0,0.7031284346608206,nan,nan,NO_WELD,0.0,0.0,False,False,False,False,False,vertical
9.174,0.0,0.0,0.0,0.0,0.0,0.0,0.0,0.0,40,0,0.0371,0.0,0.7031284346608206,nan,nan,NO_WELD,0.0,0.0,False,False,False,False,False,vertical
9.222,0.0,0.0,0.0,0.0,0.0,0.0,0.0,0.0,40,0,0.0371,0.0,0.7031284346608206,nan,nan,NO_WELD,0.0,0.0,False,False,False,False,False,vertical
9.272,0.0,0.0,0.0,0.0,0.0,0.0,0.0,0.0,40,0,0.0371,0.0,0.7031284346608206,nan,nan,NO_WELD,0.0,0.0,False,False,False,False,False,vertical
9.322,0.0,0.0,0.0,0.0,0.0,0.0,0.0,0.0,40,0,0.0371,0.0,0.7031284346608206,nan,nan,NO_WELD,0.0,0.0,False,False,False,False,False,vertical
9.372,0.0,0.0,0.0,0.0,0.0,0.0,0.0,0.0,40,0,0.0371,0.0,0.7031284346608206,nan,nan,NO_WELD,0.0,0.0,False,False,False,False,False,vertical
9.422,0.0,0.0,0.0,0.0,0.0,0.0,0.0,0.0,40,0,0.0371,0.0,0.7031284346608206,nan,nan,NO_WELD,0.0,0.0,False,False,False,False,False,vertical
9.472,0.0,0.0,0.0,0.0,0.0,0.0,0.0,0.0,40,0,0.0371,0.0,0.7031284346608206,nan,nan,NO_WELD,0.0,0.0,False,False,False,False,False,vertical
9.522,0.0,0.0,0.0,0.0,0.0,0.0,0.0,0.0,40,0,0.0371,0.0,1.054690917763512,nan,nan,NO_WELD,0.0,0.0,False,False,False,False,False,vertical
9.572,0.0,0.0,0.0,0.0,0.0,0.0,0.0,0.0,40,0,0.0371,0.0,1.054690917763512,nan,nan,NO_WELD,0.0,0.0,False,False,False,False,False,vertical
9.622,0.0,0.0,0.0,0.0,0.0,0.0,0.0,0.0,40,0,0.0371,0.0,1.054690917763512,nan,nan,NO_WELD,0.0,0.0,False,False,False,False,False,vertical
9.672,0.0,0.0,0.0,0.0,0.0,0.0,0.0,0.0,40,0,0.0371,0.0,1.054690917763512,nan,nan,NO_WELD,0.0,0.0,False,False,False,False,False,vertical
9.722,0.0,0.0,0.0,0.0,0.0,0.0,0.0,0.0,40,0,0.0371,0.0,1.054690917763512,nan,nan,NO_WELD,0.0,0.0,False,False,False,False,False,vertical
9.772,0.0,0.0,0.0,0.0,0.0,0.0,0.0,0.0,40,0,0.0371,0.0,1.054690917763512,nan,nan,NO_WELD,0.0,0.0,False,False,False,False,False,vertical
9.822,0.0,0.0,0.0,0.0,0.0,0.0,0.0,0.0,40,0,0.0371,0.0,-4.218746595581123,nan,nan,NO_WELD,0.0,0.0,False,False,False,False,False,vertical
9.872,0.0,0.0,0.0,0.0,0.0,0.0,0.0,0.0,40,0,0.0371,0.0,-4.218746595581123,nan,nan,NO_WELD,0.0,0.0,False,False,False,False,False,vertical
9.922,0.0,0.0,0.0,0.0,0.0,0.0,0.0,0.0,40,0,0.0371,0.0,-4.218746595581123,nan,nan,NO_WELD,0.0,0.0,False,False,False,False,False,vertical
9.972,0.0,0.0,0.0,0.0,0.0,0.0,0.0,0.0,40,0,0.0371,0.0,-4.218746595581123,nan,nan,NO_WELD,0.0,0.0,False,False,False,False,False,vertical
10.022,0.0,0.0,0.0,0.0,0.0,0.0,0.0,0.0,40,0,0.0371,0.0,0.7031284346608206,nan,nan,NO_WELD,0.0,0.0,False,False,False,False,False,vertical
10.072,0.0,0.0,0.0,0.0,0.0,0.0,0.0,0.0,40,0,0.0371,0.0,0.7031284346608206,nan,nan,NO_WELD,0.0,0.0,False,False,False,False,False,vertical
10.122,0.0,0.0,0.0,0.0,0.0,0.0,0.0,0.0,40,0,0.0371,0.0,0.7031284346608206,nan,nan,NO_WELD,0.0,0.0,False,False,False,False,False,vertical
10.174,0.0,0.0,0.0,0.0,0.0,0.0,0.0,0.0,40,0,0.0371,0.0,0.7031284346608206,nan,nan,NO_WELD,0.0,0.0,False,False,False,False,False,vertical
10.222,0.0,0.0,0.0,0.0,0.0,0.0,0.0,0.0,40,0,0.0371,0.0,3.4150945850063755e-06,nan,nan,NO_WELD,0.0,0.0,False,False,False,False,False,vertical
10.272,0.0,0.0,0.0,0.0,0.0,0.0,0.0,0.0,40,0,0.0371,0.0,3.4150945850063755e-06,nan,nan,NO_WELD,0.0,0.0,False,False,False,False,False,vertical
10.322,0.0,0.0,0.0,0.0,0.0,0.0,0.0,0.0,40,0,0.0371,0.0,3.4150945850063755e-06,nan,nan,NO_WELD,0.0,0.0,False,False,False,False,False,vertical
10.372,0.0,0.0,0.0,0.0,0.0,0.0,0.0,0.0,40,0,0.0371,0.0,3.4150945850063755e-06,nan,nan,NO_WELD,0.0,0.0,False,False,False,False,False,vertical
10.422,0.0,0.0,0.0,0.0,0.0,0.0,0.0,0.0,40,0,0.0371,0.0,-0.7031216044716506,nan,nan,NO_WELD,0.0,0.0,False,False,False,False,False,vertical
10.472,0.0,0.0,0.0,0.0,0.0,0.0,0.0,0.0,40,0,0.0371,0.0,-0.7031216044716506,nan,nan,NO_WELD,0.0,0.0,False,False,False,False,False,vertical
10.522,0.0,0.0,0.0,0.0,0.0,0.0,0.0,0.0,40,0,0.0371,0.0,-4.218746595581123,nan,nan,NO_WELD,0.0,0.0,False,False,False,False,False,vertical
10.572,0.0,0.0,0.0,0.0,0.0,0.0,0.0,0.0,40,0,0.0371,0.0,-4.218746595581123,nan,nan,NO_WELD,0.0,0.0,False,False,False,False,False,vertical
10.622,0.0,0.0,0.0,0.0,0.0,0.0,0.0,0.0,40,0,0.0371,0.0,-4.218746595581123,nan,nan,NO_WELD,0.0,0.0,False,False,False,False,False,vertical
10.672,0.0,0.0,0.0,0.0,0.0,0.0,0.0,0.0,40,0,0.0371,0.0,-4.218746595581123,nan,nan,NO_WELD,0.0,0.0,False,False,False,False,False,vertical
10.722,0.0,0.0,0.0,0.0,0.0,0.0,0.0,0.0,40,0,0.0371,0.0,-4.218746595581123,nan,nan,NO_WELD,0.0,0.0,False,False,False,False,False,vertical
10.772,0.0,0.0,0.0,0.0,0.0,0.0,0.0,0.0,40,0,0.0371,0.0,-4.218746595581123,nan,nan,NO_WELD,0.0,0.0,False,False,False,False,False,vertical
10.822,0.0,0.0,0.0,0.0,0.0,0.0,0.0,0.0,40,0,0.0371,0.0,-4.218746595581123,nan,nan,NO_WELD,0.0,0.0,False,False,False,False,False,vertical
10.872,0.0,0.0,0.0,0.0,0.0,0.0,0.0,0.0,40,0,0.0371,0.0,-4.218746595581123,nan,nan,NO_WELD,0.0,0.0,False,False,False,False,False,vertical
10.922,0.0,0.0,0.0,0.0,0.0,0.0,0.0,0.0,39,0,0.0361,0.0,-4.218746595581123,nan,nan,NO_WELD,0.0,0.0,False,False,False,False,False,vertical
10.972,0.0,0.0,0.0,0.0,-0.0025,0.0,0.0025,0.0,39,0,0.0361,0.0,-4.218746595581123,nan,nan,NO_WELD,0.0,0.0,False,False,False,False,False,vertical
11.022,0.0,0.0,0.0,0.0,-0.0025,0.0,0.0025,0.0,39,0,0.0361,0.0,-4.218746595581123,nan,nan,NO_WELD,0.0,0.0,False,False,False,False,False,vertical
11.072,0.0,0.0,0.0,0.0,-0.002,0.0,0.002,0.0,39,0,0.0361,0.0,-4.218746595581123,nan,nan,NO_WELD,0.0,0.0,False,False,False,False,False,vertical
11.122,0.0,0.0,0.0,0.0,-0.002,0.0,0.002,0.0,39,0,0.0361,0.0,-4.218746595581123,nan,nan,NO_WELD,0.0,0.0,False,False,False,False,False,vertical
11.175,0.0,0.0,0.0,0.0,-0.0016,0.0,0.0016,0.0,39,0,0.0361,0.0,-4.218746595581123,nan,nan,NO_WELD,0.0,0.0,False,False,False,False,False,vertical
11.222,0.0,0.0,0.0,0.0,-0.0016,0.0,0.0016,0.0,39,0,0.0361,0.0,-0.7031216044716506,nan,nan,NO_WELD,0.0,0.0,False,False,False,False,False,vertical
11.273,0.0,0.0,0.0,0.0,-0.0016,0.0,0.0016,0.0,39,0,0.0361,0.0,-0.7031216044716506,nan,nan,NO_WELD,0.0,0.0,False,False,False,False,False,vertical
11.322,0.0,0.0,0.0,0.0,-0.0013,0.0,0.0013,0.0,39,0,0.0361,0.0,-0.7031216044716506,nan,nan,NO_WELD,0.0,0.0,False,False,False,False,False,vertical
11.373,0.0,0.0,0.0,0.0,-0.0013,0.0,0.0013,0.0,39,0,0.0361,0.0,-0.7031216044716506,nan,nan,NO_WELD,0.0,0.0,False,False,False,False,False,vertical
11.422,0.0,0.0,0.0,0.0,-0.001,0.0,0.001,0.0,39,0,0.0361,0.0,0.35156592487770283,nan,nan,NO_WELD,0.0,0.0,False,False,False,False,False,vertical
11.472,0.0,0.0,0.0,0.0,-0.001,0.0,0.001,0.0,39,0,0.0361,0.0,0.35156592487770283,nan,nan,NO_WELD,0.0,0.0,False,False,False,False,False,vertical
11.522,0.0,0.0,0.0,0.0,0.0,0.0,0.0,0.0,39,0,0.0361,0.0,3.4150945850063755e-06,nan,nan,NO_WELD,0.0,0.0,False,False,False,False,False,vertical
11.572,0.0,0.0,0.0,0.0,0.0,0.0,0.0,0.0,39,0,0.0361,0.0,3.4150945850063755e-06,nan,nan,NO_WELD,0.0,0.0,False,False,False,False,False,vertical
11.622,0.0,0.0,0.0,0.0,0.0,0.0,0.0,0.0,39,0,0.0361,0.0,3.4150945850063755e-06,nan,nan,NO_WELD,0.0,0.0,False,False,False,False,False,vertical
11.673,0.0,0.0,0.0,0.0,0.0,0.0,0.0,0.0,39,0,0.0361,0.0,3.4150945850063755e-06,nan,nan,NO_WELD,0.0,0.0,False,False,False,False,False,vertical
11.722,0.0,0.0,0.0,0.0,0.0,0.0,0.0,0.0,39,0,0.0361,0.0,3.4150945850063755e-06,nan,nan,NO_WELD,0.0,0.0,False,False,False,False,False,vertical
11.773,0.0,0.0,0.0,0.0,0.0,0.0,0.0,0.0,39,0,0.0361,0.0,3.4150945850063755e-06,nan,nan,NO_WELD,0.0,0.0,False,False,False,False,False,vertical
11.822,0.0,0.0,0.0,0.0,0.0,0.0,0.0,0.0,39,0,0.0361,0.0,3.4150945850063755e-06,nan,nan,NO_WELD,0.0,0.0,False,False,False,False,False,vertical
11.873,0.0,0.0,0.0,0.0,0.0,0.0,0.0,0.0,39,0,0.0361,0.0,3.4150945850063755e-06,nan,nan,NO_WELD,0.0,0.0,False,False,False,False,False,vertical
11.922,0.0,0.0,0.0,0.0,0.0,0.0,0.0,0.0,39,0,0.0361,0.0,0.35156592487770283,nan,nan,NO_WELD,0.0,0.0,False,False,False,False,False,vertical
11.973,0.0,0.0,0.0,0.0,0.0,0.0,0.0,0.0,39,0,0.0361,0.0,0.35156592487770283,nan,nan,NO_WELD,0.0,0.0,False,False,False,False,False,vertical
12.022,0.065,0.0,0.065,0.065,0.0,0.0,0.065,0.065,39,0,0.0361,0.0,3.4150945850063755e-06,3.4150945850063755e-06,0.0,WELD_FOUND,0.0,0.7227,True,False,False,False,False,vertical
12.073,0.065,0.0,0.065,0.065,0.0,0.0,0.065,0.065,39,0,0.0361,0.0,3.4150945850063755e-06,3.4150945850063755e-06,0.0,WELD_FOUND,0.0,0.7227,True,False,False,False,False,vertical
12.122,0.0,0.0,0.0,0.0,0.0,0.0,0.0,0.0,41,0,0.038,0.0,3.4150945850063755e-06,nan,nan,NO_WELD,0.0,0.0,False,False,False,False,False,vertical
12.175,0.0,0.0,0.0,0.0,0.0049,0.0,-0.0049,0.0,41,0,0.038,0.0,3.4150945850063755e-06,nan,nan,NO_WELD,0.0,0.0,False,False,False,False,False,vertical
12.222,0.06139520906433533,0.023333011937494277,0.06489516085495947,0.057895257273711184,0.0049,0.0,0.06,0.0579,43,0,0.0399,0.0,-0.35155909468853286,-0.35155909468853286,0.0,WELD_FOUND,0.7222,0.6898,False,False,False,False,False,vertical
12.273,0.06139520906433533,0.023333011937494277,0.06489516085495947,0.057895257273711184,0.0104,0.0,0.0545,0.0579,43,0,0.0399,0.0,-0.35155909468853286,-0.35155909468853286,0.0,WELD_FOUND,0.7222,0.6898,False,False,False,False,False,vertical
12.322,0.0,0.0,0.0,0.0,0.0104,0.0,-0.0104,0.0,44,0,0.0408,0.0,-0.35155909468853286,nan,nan,NO_WELD,0.0,0.0,False,False,False,False,False,vertical
12.374,0.0,0.0,0.0,0.0,0.0099,0.0,-0.0099,0.0,44,0,0.0408,0.0,-0.35155909468853286,nan,nan,NO_WELD,0.0,0.0,False,False,False,False,False,vertical
12.422,0.0,0.0,0.0,0.0,0.0099,0.0,-0.0099,0.0,49,0,0.0454,0.0,-0.35155909468853286,nan,nan,NO_WELD,0.0,0.0,False,False,False,False,False,vertical
12.474,0.0,0.0,0.0,0.0,0.0099,0.0,-0.0099,0.0,49,0,0.0454,0.0,-0.35155909468853286,nan,nan,NO_WELD,0.0,0.0,False,False,False,False,False,vertical
12.522,0.0,0.0,0.0,0.0,0.0184,0.0,-0.0184,0.0,49,0,0.0454,0.0,-0.35155909468853286,nan,nan,NO_WELD,0.0,0.0,False,False,False,False,False,vertical
12.573,0.0,0.0,0.0,0.0,0.0184,0.0,-0.0184,0.0,49,0,0.0454,0.0,-0.35155909468853286,nan,nan,NO_WELD,0.0,0.0,False,False,False,False,False,vertical
12.622,0.0,0.0,0.0,0.0,0.0184,0.0,-0.0184,0.0,49,0,0.0454,0.0,-0.35155909468853286,nan,nan,NO_WELD,0.0,0.0,False,False,False,False,False,vertical
12.673,0.0,0.0,0.0,0.0,0.0147,0.0,-0.0147,0.0,49,0,0.0454,0.0,-0.35155909468853286,nan,nan,NO_WELD,0.0,0.0,False,False,False,False,False,vertical
12.722,0.0,0.0,0.0,0.0,0.0147,0.0,-0.0147,0.0,49,0,0.0454,0.0,-0.35155909468853286,nan,nan,NO_WELD,0.0,0.0,False,False,False,False,False,vertical
12.773,0.0,0.0,0.0,0.0,0.0118,0.0,-0.0118,0.0,49,0,0.0454,0.0,-0.35155909468853286,nan,nan,NO_WELD,0.0,0.0,False,False,False,False,False,vertical
12.822,0.0,0.0,0.0,0.0,0.0118,0.0,-0.0118,0.0,49,0,0.0454,0.0,-0.35155909468853286,nan,nan,NO_WELD,0.0,0.0,False,False,False,False,False,vertical
12.873,0.0,0.0,0.0,0.0,0.0118,0.0,-0.0118,0.0,49,0,0.0454,0.0,-0.35155909468853286,nan,nan,NO_WELD,0.0,0.0,False,False,False,False,False,vertical
12.922,0.0,0.0,0.0,0.0,0.0094,0.0,-0.0094,0.0,49,0,0.0454,0.0,-0.35155909468853286,nan,nan,NO_WELD,0.0,0.0,False,False,False,False,False,vertical
12.973,0.0,0.0,0.0,0.0,0.0094,0.0,-0.0094,0.0,49,0,0.0454,0.0,-0.7031216044716506,nan,nan,NO_WELD,0.0,0.0,False,False,False,False,False,vertical
13.022,0.0,0.0,0.0,0.0,0.0094,0.0,-0.0094,0.0,49,0,0.0454,0.0,-0.7031216044716506,-0.7031216044716506,0.0,WELD_FOUND,0.0,0.0,False,False,False,False,False,vertical
13.073,0.0,0.0,0.0,0.0,0.0075,0.0,-0.0075,0.0,49,0,0.0454,0.0,-0.7031216044716506,nan,nan,NO_WELD,0.0,0.0,False,False,False,False,False,vertical
13.122,0.0,0.0,0.0,0.0,0.0075,0.0,-0.0075,0.0,49,0,0.0454,0.0,-0.7031216044716506,nan,nan,NO_WELD,0.0,0.0,False,False,False,False,False,vertical
13.174,0.0,0.0,0.0,0.0,0.0075,0.0,-0.0075,0.0,49,0,0.0454,0.0,-0.7031216044716506,nan,nan,NO_WELD,0.0,0.0,False,False,False,False,False,vertical
13.222,0.0,0.0,0.0,0.0,0.006,0.0,-0.006,0.0,49,0,0.0454,0.0,-0.7031216044716506,nan,nan,NO_WELD,0.0,0.0,False,False,False,False,False,vertical
13.273,0.0,0.0,0.0,0.0,0.006,0.0,-0.006,0.0,49,0,0.0454,0.0,-0.7031216044716506,nan,nan,NO_WELD,0.0,0.0,False,False,False,False,False,vertical
13.322,0.0,0.0,0.0,0.0,0.0048,0.0,-0.0048,0.0,49,0,0.0454,0.0,-0.7031216044716506,nan,nan,NO_WELD,0.0,0.0,False,False,False,False,False,vertical
13.372,0.0,0.0,0.0,0.0,0.0048,0.0,-0.0048,0.0,49,0,0.0454,0.0,-0.7031216044716506,nan,nan,NO_WELD,0.0,0.0,False,False,False,False,False,vertical
13.422,0.0,0.0,0.0,0.0,0.0048,0.0,-0.0048,0.0,49,0,0.0454,0.0,-0.7031216044716506,nan,nan,NO_WELD,0.0,0.0,False,False,False,False,False,vertical
13.472,0.0,0.0,0.0,0.0,0.0039,0.0,-0.0039,0.0,49,0,0.0454,0.0,-0.7031216044716506,nan,nan,NO_WELD,0.0,0.0,False,False,False,False,False,vertical
13.522,0.0,0.0,0.0,0.0,0.0039,0.0,-0.0039,0.0,49,0,0.0454,0.0,-0.7031216044716506,nan,nan,NO_WELD,0.0,0.0,False,False,False,False,False,vertical
13.572,0.0,0.0,0.0,0.0,0.0039,0.0,-0.0039,0.0,49,0,0.0454,0.0,-0.7031216044716506,nan,nan,NO_WELD,0.0,0.0,False,False,False,False,False,vertical
13.622,0.0,0.0,0.0,0.0,0.0031,0.0,-0.0031,0.0,49,0,0.0454,0.0,-0.7031216044716506,nan,nan,NO_WELD,0.0,0.0,False,False,False,False,False,vertical
13.672,0.0,0.0,0.0,0.0,0.0031,0.0,-0.0031,0.0,49,0,0.0454,0.0,-0.7031216044716506,nan,nan,NO_WELD,0.0,0.0,False,False,False,False,False,vertical
13.722,0.0,0.0,0.0,0.0,0.0025,0.0,-0.0025,0.0,49,0,0.0454,0.0,-0.7031216044716506,nan,nan,NO_WELD,0.0,0.0,False,False,False,False,False,vertical
13.772,0.0,0.0,0.0,0.0,0.0025,0.0,-0.0025,0.0,49,0,0.0454,0.0,-0.7031216044716506,nan,nan,NO_WELD,0.0,0.0,False,False,False,False,False,vertical
13.822,0.0,0.0,0.0,0.0,0.0025,0.0,-0.0025,0.0,49,0,0.0454,0.0,-0.7031216044716506,nan,nan,NO_WELD,0.0,0.0,False,False,False,False,False,vertical
13.872,0.0,0.0,0.0,0.0,0.002,0.0,-0.002,0.0,49,0,0.0454,0.0,-0.7031216044716506,-0.7031216044716506,0.0,WELD_FOUND,0.0,0.0,False,False,False,False,False,vertical
13.922,0.0,0.0,0.0,0.0,0.002,0.0,-0.002,0.0,49,0,0.0454,0.0,-0.7031216044716506,-0.7031216044716506,0.0,WELD_FOUND,0.0,0.0,False,False,False,False,False,vertical
13.972,0.0,0.0,0.0,0.0,0.0016,0.0,-0.0016,0.0,49,0,0.0454,0.0,-0.7031216044716506,nan,nan,NO_WELD,0.0,0.0,False,False,False,False,False,vertical
14.022,0.0,0.0,0.0,0.0,0.0016,0.0,-0.0016,0.0,49,0,0.0454,0.0,-0.7031216044716506,nan,nan,NO_WELD,0.0,0.0,False,False,False,False,False,vertical
14.072,0.05201213990251219,0.05,0.05951213990251219,0.04451213990251219,0.0016,0.0,0.0579,0.0445,49,0,0.0454,0.0,-1.0546840875743422,-1.0546840875743422,0.0,WELD_FOUND,0.0,0.6278,True,False,False,False,False,vertical
14.122,0.05201213990251219,0.05,0.05951213990251219,0.04451213990251219,0.0034,0.0,0.0561,0.0445,50,0,0.0463,0.0,-1.0546840875743422,-1.0546840875743422,0.0,WELD_FOUND,0.6973,0.6278,False,False,False,False,False,vertical
14.174,0.05201213990251219,0.07363083958625793,0.06305676584045088,0.0409675139645735,0.0034,0.0,0.0596,0.041,50,0,0.0463,0.0,-1.0546840875743422,-1.0546840875743422,0.0,WELD_FOUND,0.7137,0.6114,False,False,False,False,False,vertical
14.222,0.05201213990251219,0.07363083958625793,0.06305676584045088,0.0409675139645735,0.0034,0.0,0.0596,0.041,54,0,0.05,0.0,-1.0546840875743422,-1.0546840875743422,0.0,WELD_FOUND,0.7137,0.6114,False,False,False,False,False,vertical
14.272,0.0,0.0,0.0,0.0,0.0119,0.0,-0.0119,0.0,54,0,0.05,0.0,-1.0546840875743422,nan,nan,NO_WELD,0.0,0.0,False,False,False,False,False,vertical
14.322,0.0,0.0,0.0,0.0,0.0119,0.0,-0.0119,0.0,64,0,0.0593,0.0,-1.0546840875743422,nan,nan,NO_WELD,0.0,0.0,False,False,False,False,False,vertical
14.372,0.0,0.0,0.0,0.0,0.0442,0.0,-0.0442,0.0,64,0,0.0593,0.0,-1.0546840875743422,nan,nan,NO_WELD,0.0,0.0,False,False,False,False,False,vertical
14.422,0.0,0.0,0.0,0.0,0.0442,0.0,-0.0442,0.0,64,0,0.0593,0.0,-1.0546840875743422,nan,nan,NO_WELD,0.0,0.0,False,False,False,False,False,vertical
14.472,0.0,0.0,0.0,0.0,0.0354,0.0,-0.0354,0.0,64,0,0.0593,0.0,-1.0546840875743422,nan,nan,NO_WELD,0.0,0.0,False,False,False,False,False,vertical
14.522,0.0,0.0,0.0,0.0,0.0354,0.0,-0.0354,0.0,64,0,0.0593,0.0,-1.0546840875743422,nan,nan,NO_WELD,0.0,0.0,False,False,False,False,False,vertical
14.572,0.0,0.0,0.0,0.0,0.0354,0.0,-0.0354,0.0,64,0,0.0593,0.0,-1.0546840875743422,nan,nan,NO_WELD,0.0,0.0,False,False,False,False,False,vertical
14.622,0.0,0.0,0.0,0.0,0.0283,0.0,-0.0283,0.0,64,0,0.0593,0.0,-1.0546840875743422,nan,nan,NO_WELD,0.0,0.0,False,False,False,False,False,vertical
14.672,0.0,0.0,0.0,0.0,0.0283,0.0,-0.0283,0.0,64,0,0.0593,0.0,-1.0546840875743422,nan,nan,NO_WELD,0.0,0.0,False,False,False,False,False,vertical
14.722,0.0,0.0,0.0,0.0,0.0226,0.0,-0.0226,0.0,64,0,0.0593,0.0,-1.0546840875743422,nan,nan,NO_WELD,0.0,0.0,False,False,False,False,False,vertical
14.772,0.0,0.0,0.0,0.0,0.0226,0.0,-0.0226,0.0,64,0,0.0593,0.0,-1.0546840875743422,nan,nan,NO_WELD,0.0,0.0,False,False,False,False,False,vertical
14.822,0.0,0.0,0.0,0.0,0.0181,0.0,-0.0181,0.0,64,0,0.0593,0.0,-1.0546840875743422,nan,nan,NO_WELD,0.0,0.0,False,False,False,False,False,vertical
14.873,0.0,0.0,0.0,0.0,0.0181,0.0,-0.0181,0.0,64,0,0.0593,0.0,-1.0546840875743422,nan,nan,NO_WELD,0.0,0.0,False,False,False,False,False,vertical
14.922,0.0,0.0,0.0,0.0,0.0181,0.0,-0.0181,0.0,64,0,0.0593,0.0,-1.0546840875743422,nan,nan,NO_WELD,0.0,0.0,False,False,False,False,False,vertical
14.972,0.0,0.0,0.0,0.0,0.0145,0.0,-0.0145,0.0,64,0,0.0593,0.0,-1.0546840875743422,nan,nan,NO_WELD,0.0,0.0,False,False,False,False,False,vertical
15.022,0.0,0.0,0.0,0.0,0.0145,0.0,-0.0145,0.0,64,0,0.0593,0.0,-1.0546840875743422,nan,nan,NO_WELD,0.0,0.0,False,False,False,False,False,vertical
15.073,0.0,0.0,0.0,0.0,0.0116,0.0,-0.0116,0.0,64,0,0.0593,0.0,-1.0546840875743422,nan,nan,NO_WELD,0.0,0.0,False,False,False,False,False,vertical
15.122,0.0,0.0,0.0,0.0,0.0116,0.0,-0.0116,0.0,64,0,0.0593,0.0,-1.0546840875743422,nan,nan,NO_WELD,0.0,0.0,False,False,False,False,False,vertical
15.174,0.0,0.0,0.0,0.0,0.0116,0.0,-0.0116,0.0,64,0,0.0593,0.0,-1.0546840875743422,nan,nan,NO_WELD,0.0,0.0,False,False,False,False,False,vertical
15.222,0.0,0.0,0.0,0.0,0.0093,0.0,-0.0093,0.0,64,0,0.0593,0.0,-1.0546840875743422,nan,nan,NO_WELD,0.0,0.0,False,False,False,False,False,vertical
15.272,0.0,0.0,0.0,0.0,0.0093,0.0,-0.0093,0.0,64,0,0.0593,0.0,0.35156592487770283,nan,nan,NO_WELD,0.0,0.0,False,False,False,False,False,vertical
15.322,0.0,0.0,0.0,0.0,0.0093,0.0,-0.0093,0.0,64,0,0.0593,0.0,0.35156592487770283,nan,nan,NO_WELD,0.0,0.0,False,False,False,False,False,vertical
15.373,0.0,0.0,0.0,0.0,0.0074,0.0,-0.0074,0.0,64,0,0.0593,0.0,0.35156592487770283,nan,nan,NO_WELD,0.0,0.0,False,False,False,False,False,vertical
15.422,0.0,0.0,0.0,0.0,0.0074,0.0,-0.0074,0.0,64,0,0.0593,0.0,0.35156592487770283,nan,nan,NO_WELD,0.0,0.0,False,False,False,False,False,vertical
15.472,0.0,0.0,0.0,0.0,0.0074,0.0,-0.0074,0.0,64,0,0.0593,0.0,0.35156592487770283,nan,nan,NO_WELD,0.0,0.0,False,False,False,False,False,vertical
15.522,0.0,0.0,0.0,0.0,0.0059,0.0,-0.0059,0.0,64,0,0.0593,0.0,0.35156592487770283,nan,nan,NO_WELD,0.0,0.0,False,False,False,False,False,vertical
15.572,0.0,0.0,0.0,0.0,0.0059,0.0,-0.0059,0.0,64,0,0.0593,0.0,0.35156592487770283,nan,nan,NO_WELD,0.0,0.0,False,False,False,False,False,vertical
15.622,0.0,0.0,0.0,0.0,0.0047,0.0,-0.0047,0.0,64,0,0.0593,0.0,0.35156592487770283,nan,nan,NO_WELD,0.0,0.0,False,False,False,False,False,vertical
15.672,0.0,0.0,0.0,0.0,0.0047,0.0,-0.0047,0.0,64,0,0.0593,0.0,0.35156592487770283,nan,nan,NO_WELD,0.0,0.0,False,False,False,False,False,vertical
15.722,0.0,0.0,0.0,0.0,0.0047,0.0,-0.0047,0.0,64,0,0.0593,0.0,0.35156592487770283,nan,nan,NO_WELD,0.0,0.0,False,False,False,False,False,vertical
15.772,0.0,0.0,0.0,0.0,0.0038,0.0,-0.0038,0.0,64,0,0.0593,0.0,-0.35155909468853286,nan,nan,NO_WELD,0.0,0.0,False,False,False,False,False,vertical
15.822,0.0,0.0,0.0,0.0,0.0038,0.0,-0.0038,0.0,64,0,0.0593,0.0,-0.35155909468853286,nan,nan,NO_WELD,0.0,0.0,False,False,False,False,False,vertical
15.872,0.0,0.0,0.0,0.0,0.003,0.0,-0.003,0.0,64,0,0.0593,0.0,0.35156592487770283,nan,nan,NO_WELD,0.0,0.0,False,False,False,False,False,vertical
15.922,0.0,0.0,0.0,0.0,0.003,0.0,-0.003,0.0,64,0,0.0593,0.0,0.35156592487770283,nan,nan,NO_WELD,0.0,0.0,False,False,False,False,False,vertical
15.972,0.0,0.0,0.0,0.0,0.003,0.0,-0.003,0.0,64,0,0.0593,0.0,-0.35155909468853286,-0.35155909468853286,0.0,WELD_FOUND,0.0,0.0,False,False,False,False,False,vertical
16.022,0.0,0.0,0.0,0.0,0.0024,0.0,-0.0024,0.0,64,0,0.0593,0.0,-0.35155909468853286,-0.35155909468853286,0.0,WELD_FOUND,0.0,0.0,False,False,False,False,False,vertical
16.072,0.0,0.0,0.0,0.0,0.0024,0.0,-0.0024,0.0,64,0,0.0593,0.0,-0.35155909468853286,nan,nan,NO_WELD,0.0,0.0,False,False,False,False,False,vertical
16.122,0.0,0.0,0.0,0.0,0.0019,0.0,-0.0019,0.0,64,0,0.0593,0.0,-0.35155909468853286,nan,nan,NO_WELD,0.0,0.0,False,False,False,False,False,vertical
16.174,0.0,0.0,0.0,0.0,0.0019,0.0,-0.0019,0.0,64,0,0.0593,0.0,-0.35155909468853286,nan,nan,NO_WELD,0.0,0.0,False,False,False,False,False,vertical
16.222,0.0,0.0,0.0,0.0,0.0019,0.0,-0.0019,0.0,64,0,0.0593,0.0,-0.35155909468853286,nan,nan,NO_WELD,0.0,0.0,False,False,False,False,False,vertical
16.272,0.0,0.0,0.0,0.0,0.0016,0.0,-0.0016,0.0,64,0,0.0593,0.0,-0.35155909468853286,nan,nan,NO_WELD,0.0,0.0,False,False,False,False,False,vertical
16.322,0.0,0.0,0.0,0.0,0.0016,0.0,-0.0016,0.0,64,0,0.0593,0.0,-0.35155909468853286,nan,nan,NO_WELD,0.0,0.0,False,False,False,False,False,vertical
16.372,0.0,0.0,0.0,0.0,0.0016,0.0,-0.0016,0.0,64,0,0.0593,0.0,-0.35155909468853286,nan,nan,NO_WELD,0.0,0.0,False,False,False,False,False,vertical
16.422,0.0,0.0,0.0,0.0,0.0012,0.0,-0.0012,0.0,64,0,0.0593,0.0,-0.35155909468853286,nan,nan,NO_WELD,0.0,0.0,False,False,False,False,False,vertical
16.472,0.0,0.0,0.0,0.0,0.0012,0.0,-0.0012,0.0,64,0,0.0593,0.0,-0.35155909468853286,nan,nan,NO_WELD,0.0,0.0,False,False,False,False,False,vertical
16.522,0.0,0.0,0.0,0.0,0.0012,0.0,-0.0012,0.0,64,0,0.0593,0.0,-0.35155909468853286,nan,nan,NO_WELD,0.0,0.0,False,False,False,False,False,vertical
16.572,0.0,0.0,0.0,0.0,0.0,0.0,0.0,0.0,64,0,0.0593,0.0,-0.35155909468853286,nan,nan,NO_WELD,0.0,0.0,False,False,False,False,False,vertical
16.622,0.0,0.0,0.0,0.0,0.0,0.0,0.0,0.0,64,0,0.0593,0.0,-0.35155909468853286,nan,nan,NO_WELD,0.0,0.0,False,False,False,False,False,vertical
16.672,0.0,0.0,0.0,0.0,0.0,0.0,0.0,0.0,64,0,0.0593,0.0,-0.35155909468853286,nan,nan,NO_WELD,0.0,0.0,False,False,False,False,False,vertical
16.722,0.0,0.0,0.0,0.0,0.0,0.0,0.0,0.0,64,0,0.0593,0.0,-0.35155909468853286,nan,nan,NO_WELD,0.0,0.0,False,False,False,False,False,vertical
16.772,0.060509982066287694,-0.02489910454576213,0.056775116384423376,0.06424484774815202,0.0,0.0,0.0568,0.0642,64,0,0.0593,0.0,0.35156592487770283,0.35156592487770283,0.0,WELD_FOUND,0.0,0.7192,True,False,False,False,False,vertical
16.822,0.060509982066287694,-0.02489910454576213,0.056775116384423376,0.06424484774815202,-0.0025,0.0,0.0592,0.0642,63,0,0.0584,0.0,0.35156592487770283,0.35156592487770283,0.0,WELD_FOUND,0.6846,0.7192,False,False,False,False,False,vertical
16.872,0.0,0.0,0.0,0.0,-0.0025,0.0,0.0025,0.0,63,0,0.0584,0.0,0.35156592487770283,nan,nan,NO_WELD,0.0,0.0,False,False,False,False,False,vertical
16.922,0.0,0.0,0.0,0.0,0.0541,0.0,-0.0541,0.0,78,0,0.0723,0.0,0.35156592487770283,nan,nan,NO_WELD,0.0,0.0,False,False,False,False,False,vertical
16.972,0.0,0.0,0.0,0.0,0.0541,0.0,-0.0541,0.0,78,0,0.0723,0.0,0.35156592487770283,nan,nan,NO_WELD,0.0,0.0,False,False,False,False,False,vertical
17.022,0.0,0.0,0.0,0.0,0.0541,0.0,-0.0541,0.0,77,0,0.0714,0.0,0.35156592487770283,nan,nan,NO_WELD,0.0,0.0,False,False,False,False,False,vertical
17.072,0.0,0.0,0.0,0.0,0.03,0.0,-0.03,0.0,77,0,0.0714,0.0,0.35156592487770283,nan,nan,NO_WELD,0.0,0.0,False,False,False,False,False,vertical
17.122,0.0,0.0,0.0,0.0,0.03,0.0,-0.03,0.0,76,0,0.0704,0.0,0.35156592487770283,nan,nan,NO_WELD,0.0,0.0,False,False,False,False,False,vertical
17.174,0.0,0.0,0.0,0.0,0.03,0.0,-0.03,0.0,76,0,0.0704,0.0,0.35156592487770283,nan,nan,NO_WELD,0.0,0.0,False,False,False,False,False,vertical
17.222,0.0,0.0,0.0,0.0,0.0131,0.0,-0.0131,0.0,75,0,0.0695,0.0,0.35156592487770283,nan,nan,NO_WELD,0.0,0.0,False,False,False,False,False,vertical
17.272,0.0,0.0,0.0,0.0,0.0131,0.0,-0.0131,0.0,75,0,0.0695,0.0,0.35156592487770283,nan,nan,NO_WELD,0.0,0.0,False,False,False,False,False,vertical
17.322,0.0,0.0,0.0,0.0,0.0131,0.0,-0.0131,0.0,75,0,0.0695,0.0,0.35156592487770283,nan,nan,NO_WELD,0.0,0.0,False,False,False,False,False,vertical
17.372,0.0,0.0,0.0,0.0,0.0104,0.0,-0.0104,0.0,75,0,0.0695,0.0,0.35156592487770283,nan,nan,NO_WELD,0.0,0.0,False,False,False,False,False,vertical
17.422,0.0,0.0,0.0,0.0,0.0104,0.0,-0.0104,0.0,75,0,0.0695,0.0,0.35156592487770283,nan,nan,NO_WELD,0.0,0.0,False,False,False,False,False,vertical
17.472,0.0,0.0,0.0,0.0,0.0084,0.0,-0.0084,0.0,75,0,0.0695,0.0,0.35156592487770283,nan,nan,NO_WELD,0.0,0.0,False,False,False,False,False,vertical
17.522,0.0,0.0,0.0,0.0,0.0084,0.0,-0.0084,0.0,75,0,0.0695,0.0,0.35156592487770283,nan,nan,NO_WELD,0.0,0.0,False,False,False,False,False,vertical
17.572,0.0,0.0,0.0,0.0,0.0067,0.0,-0.0067,0.0,75,0,0.0695,0.0,0.35156592487770283,nan,nan,NO_WELD,0.0,0.0,False,False,False,False,False,vertical
17.622,0.0,0.0,0.0,0.0,0.0067,0.0,-0.0067,0.0,75,0,0.0695,0.0,0.35156592487770283,nan,nan,NO_WELD,0.0,0.0,False,False,False,False,False,vertical
17.672,0.0,0.0,0.0,0.0,0.0067,0.0,-0.0067,0.0,75,0,0.0695,0.0,0.35156592487770283,nan,nan,NO_WELD,0.0,0.0,False,False,False,False,False,vertical
17.722,0.0,0.0,0.0,0.0,0.0053,0.0,-0.0053,0.0,75,0,0.0695,0.0,0.35156592487770283,nan,nan,NO_WELD,0.0,0.0,False,False,False,False,False,vertical
17.772,0.0,0.0,0.0,0.0,0.0053,0.0,-0.0053,0.0,75,0,0.0695,0.0,0.35156592487770283,nan,nan,NO_WELD,0.0,0.0,False,False,False,False,False,vertical
17.822,0.0,0.0,0.0,0.0,0.0043,0.0,-0.0043,0.0,75,0,0.0695,0.0,0.35156592487770283,nan,nan,NO_WELD,0.0,0.0,False,False,False,False,False,vertical
17.872,0.0,0.0,0.0,0.0,0.0043,0.0,-0.0043,0.0,75,0,0.0695,0.0,0.35156592487770283,nan,nan,NO_WELD,0.0,0.0,False,False,False,False,False,vertical
17.922,0.0,0.0,0.0,0.0,0.0043,0.0,-0.0043,0.0,75,0,0.0695,0.0,0.35156592487770283,nan,nan,NO_WELD,0.0,0.0,False,False,False,False,False,vertical
17.972,0.0,0.0,0.0,0.0,0.0034,0.0,-0.0034,0.0,75,0,0.0695,0.0,-0.7031216044716506,nan,nan,NO_WELD,0.0,0.0,False,False,False,False,False,vertical
18.022,0.0,0.0,0.0,0.0,0.0034,0.0,-0.0034,0.0,75,0,0.0695,0.0,-0.7031216044716506,nan,nan,NO_WELD,0.0,0.0,False,False,False,False,False,vertical
18.072,0.0,0.0,0.0,0.0,0.0027,0.0,-0.0027,0.0,75,0,0.0695,0.0,4.218753425770293,nan,nan,NO_WELD,0.0,0.0,False,False,False,False,False,vertical
18.122,0.0,0.0,0.0,0.0,0.0027,0.0,-0.0027,0.0,75,0,0.0695,0.0,4.218753425770293,nan,nan,NO_WELD,0.0,0.0,False,False,False,False,False,vertical
18.174,0.0,0.0,0.0,0.0,0.0027,0.0,-0.0027,0.0,75,0,0.0695,0.0,4.218753425770293,nan,nan,NO_WELD,0.0,0.0,False,False,False,False,False,vertical
18.222,0.0,0.0,0.0,0.0,0.0022,0.0,-0.0022,0.0,75,0,0.0695,0.0,4.218753425770293,nan,nan,NO_WELD,0.0,0.0,False,False,False,False,False,vertical
18.272,0.0,0.0,0.0,0.0,0.0022,0.0,-0.0022,0.0,75,0,0.0695,0.0,4.218753425770293,nan,nan,NO_WELD,0.0,0.0,False,False,False,False,False,vertical
18.322,0.0,0.0,0.0,0.0,0.0018,0.0,-0.0018,0.0,75,0,0.0695,0.0,4.218753425770293,nan,nan,NO_WELD,0.0,0.0,False,False,False,False,False,vertical
18.372,0.0,0.0,0.0,0.0,0.0018,0.0,-0.0018,0.0,75,0,0.0695,0.0,4.218753425770293,nan,nan,NO_WELD,0.0,0.0,False,False,False,False,False,vertical
18.422,0.0,0.0,0.0,0.0,0.0018,0.0,-0.0018,0.0,75,0,0.0695,0.0,4.218753425770293,nan,nan,NO_WELD,0.0,0.0,False,False,False,False,False,vertical
18.472,0.0,0.0,0.0,0.0,0.0014,0.0,-0.0014,0.0,75,0,0.0695,0.0,3.4150945850063755e-06,nan,nan,NO_WELD,0.0,0.0,False,False,False,False,False,vertical
18.522,0.0,0.0,0.0,0.0,0.0014,0.0,-0.0014,0.0,75,0,0.0695,0.0,3.4150945850063755e-06,nan,nan,NO_WELD,0.0,0.0,False,False,False,False,False,vertical
18.572,0.0,0.0,0.0,0.0,0.0014,0.0,-0.0014,0.0,75,0,0.0695,0.0,3.4150945850063755e-06,nan,nan,NO_WELD,0.0,0.0,False,False,False,False,False,vertical
18.622,0.0,0.0,0.0,0.0,0.0011,0.0,-0.0011,0.0,75,0,0.0695,0.0,3.4150945850063755e-06,nan,nan,NO_WELD,0.0,0.0,False,False,False,False,False,vertical
18.672,0.0,0.0,0.0,0.0,0.0011,0.0,-0.0011,0.0,75,0,0.0695,0.0,3.5156285662866162,nan,nan,NO_WELD,0.0,0.0,False,False,False,False,False,vertical
18.722,0.0,0.0,0.0,0.0,0.0011,0.0,-0.0011,0.0,75,0,0.0695,0.0,3.5156285662866162,nan,nan,NO_WELD,0.0,0.0,False,False,False,False,False,vertical
18.772,0.0,0.0,0.0,0.0,0.0,0.0,0.0,0.0,75,0,0.0695,0.0,3.5156285662866162,nan,nan,NO_WELD,0.0,0.0,False,False,False,False,False,vertical
18.822,0.0,0.0,0.0,0.0,0.0,0.0,0.0,0.0,75,0,0.0695,0.0,3.5156285662866162,nan,nan,NO_WELD,0.0,0.0,False,False,False,False,False,vertical
18.872,0.0,0.0,0.0,0.0,0.0,0.0,0.0,0.0,75,0,0.0695,0.0,-1.4062466240378864,nan,nan,NO_WELD,0.0,0.0,False,False,False,False,False,vertical
18.922,0.0,0.0,0.0,0.0,0.0,0.0,0.0,0.0,75,0,0.0695,0.0,-1.4062466240378864,nan,nan,NO_WELD,0.0,0.0,False,False,False,False,False,vertical
18.972,0.0,0.0,0.0,0.0,0.0,0.0,0.0,0.0,75,0,0.0695,0.0,4.218753425770293,nan,nan,NO_WELD,0.0,0.0,False,False,False,False,False,vertical
19.022,0.0,0.0,0.0,0.0,0.0,0.0,0.0,0.0,75,0,0.0695,0.0,4.218753425770293,nan,nan,NO_WELD,0.0,0.0,False,False,False,False,False,vertical
19.072,0.0,0.0,0.0,0.0,0.0,0.0,0.0,0.0,75,0,0.0695,0.0,4.218753425770293,nan,nan,NO_WELD,0.0,0.0,False,False,False,False,False,vertical
19.122,0.0,0.0,0.0,0.0,0.0,0.0,0.0,0.0,75,0,0.0695,0.0,4.218753425770293,nan,nan,NO_WELD,0.0,0.0,False,False,False,False,False,vertical
19.174,0.0,0.0,0.0,0.0,0.0,0.0,0.0,0.0,75,0,0.0695,0.0,4.218753425770293,nan,nan,NO_WELD,0.0,0.0,False,False,False,False,False,vertical
19.222,0.0,0.0,0.0,0.0,0.0,0.0,0.0,0.0,75,0,0.0695,0.0,4.218753425770293,nan,nan,NO_WELD,0.0,0.0,False,False,False,False,False,vertical
19.272,0.0,0.0,0.0,0.0,0.0,0.0,0.0,0.0,75,0,0.0695,0.0,4.218753425770293,nan,nan,NO_WELD,0.0,0.0,False,False,False,False,False,vertical
19.322,0.0,0.0,0.0,0.0,0.0,0.0,0.0,0.0,75,0,0.0695,0.0,4.218753425770293,nan,nan,NO_WELD,0.0,0.0,False,False,False,False,False,vertical
19.372,0.0,0.0,0.0,0.0,0.0,0.0,0.0,0.0,75,0,0.0695,0.0,4.218753425770293,nan,nan,NO_WELD,0.0,0.0,False,False,False,False,False,vertical
19.422,0.0,0.0,0.0,0.0,0.0,0.0,0.0,0.0,75,0,0.0695,0.0,4.218753425770293,nan,nan,NO_WELD,0.0,0.0,False,False,False,False,False,vertical
19.472,0.0,0.0,0.0,0.0,0.0,0.0,0.0,0.0,75,0,0.0695,0.0,4.218753425770293,nan,nan,NO_WELD,0.0,0.0,False,False,False,False,False,vertical
19.522,0.0,0.0,0.0,0.0,0.0,0.0,0.0,0.0,75,0,0.0695,0.0,4.218753425770293,nan,nan,NO_WELD,0.0,0.0,False,False,False,False,False,vertical
19.572,0.0,0.0,0.0,0.0,0.0,0.0,0.0,0.0,75,0,0.0695,0.0,-2.1093715902432693,nan,nan,NO_WELD,0.0,0.0,False,False,False,False,False,vertical
19.622,0.0,0.0,0.0,0.0,0.0,0.0,0.0,0.0,75,0,0.0695,0.0,-2.1093715902432693,nan,nan,NO_WELD,0.0,0.0,False,False,False,False,False,vertical
19.672,0.0,0.0,0.0,0.0,0.0,0.0,0.0,0.0,75,0,0.0695,0.0,-2.1093715902432693,nan,nan,NO_WELD,0.0,0.0,False,False,False,False,False,vertical
19.722,0.0,0.0,0.0,0.0,0.0,0.0,0.0,0.0,75,0,0.0695,0.0,-2.1093715902432693,nan,nan,NO_WELD,0.0,0.0,False,False,False,False,False,vertical
19.772,0.0,0.0,0.0,0.0,0.0,0.0,0.0,0.0,75,0,0.0695,0.0,-2.1093715902432693,nan,nan,NO_WELD,0.0,0.0,False,False,False,False,False,vertical
19.822,0.0,0.0,0.0,0.0,0.0,0.0,0.0,0.0,75,0,0.0695,0.0,-2.1093715902432693,nan,nan,NO_WELD,0.0,0.0,False,False,False,False,False,vertical
19.872,0.0,0.0,0.0,0.0,0.0,0.0,0.0,0.0,75,0,0.0695,0.0,-0.35155909468853286,nan,nan,NO_WELD,0.0,0.0,False,False,False,False,False,vertical
19.922,0.0,0.0,0.0,0.0,0.0,0.0,0.0,0.0,75,0,0.0695,0.0,-0.35155909468853286,nan,nan,NO_WELD,0.0,0.0,False,False,False,False,False,vertical
19.972,0.0,0.0,0.0,0.0,0.0,0.0,0.0,0.0,75,0,0.0695,0.0,-0.35155909468853286,nan,nan,NO_WELD,0.0,0.0,False,False,False,False,False,vertical
20.022,0.0,0.0,0.0,0.0,0.0,0.0,0.0,0.0,75,0,0.0695,0.0,-0.35155909468853286,nan,nan,NO_WELD,0.0,0.0,False,False,False,False,False,vertical
20.072,0.0,0.0,0.0,0.0,0.0,0.0,0.0,0.0,75,0,0.0695,0.0,-2.8124966631703576,nan,nan,NO_WELD,0.0,0.0,False,False,False,False,False,vertical
20.122,0.0,0.0,0.0,0.0,0.0,0.0,0.0,0.0,75,0,0.0695,0.0,-2.8124966631703576,nan,nan,NO_WELD,0.0,0.0,False,False,False,False,False,vertical
20.174,0.0,0.0,0.0,0.0,0.0,0.0,0.0,0.0,75,0,0.0695,0.0,-2.8124966631703576,nan,nan,NO_WELD,0.0,0.0,False,False,False,False,False,vertical
20.222,0.0,0.0,0.0,0.0,0.0,0.0,0.0,0.0,75,0,0.0695,0.0,-2.8124966631703576,nan,nan,NO_WELD,0.0,0.0,False,False,False,False,False,vertical
20.272,0.0,0.0,0.0,0.0,0.0,0.0,0.0,0.0,75,0,0.0695,0.0,-2.8124966631703576,nan,nan,NO_WELD,0.0,0.0,False,False,False,False,False,vertical
20.322,0.0,0.0,0.0,0.0,0.0,0.0,0.0,0.0,75,0,0.0695,0.0,-2.8124966631703576,nan,nan,NO_WELD,0.0,0.0,False,False,False,False,False,vertical
20.372,0.0,0.0,0.0,0.0,0.0,0.0,0.0,0.0,75,0,0.0695,0.0,-2.8124966631703576,nan,nan,NO_WELD,0.0,0.0,False,False,False,False,False,vertical
20.422,0.0,0.0,0.0,0.0,0.0,0.0,0.0,0.0,75,0,0.0695,0.0,-2.8124966631703576,nan,nan,NO_WELD,0.0,0.0,False,False,False,False,False,vertical
20.472,0.0,0.0,0.0,0.0,0.0,0.0,0.0,0.0,75,0,0.0695,0.0,-2.8124966631703576,nan,nan,NO_WELD,0.0,0.0,False,False,False,False,False,vertical
20.522,0.0,0.0,0.0,0.0,0.0,0.0,0.0,0.0,75,0,0.0695,0.0,-2.8124966631703576,nan,nan,NO_WELD,0.0,0.0,False,False,False,False,False,vertical
20.572,0.0,0.0,0.0,0.0,0.0,0.0,0.0,0.0,75,0,0.0695,0.0,-2.8124966631703576,nan,nan,NO_WELD,0.0,0.0,False,False,False,False,False,vertical
20.622,0.0,0.0,0.0,0.0,0.0,0.0,0.0,0.0,75,0,0.0695,0.0,-2.8124966631703576,nan,nan,NO_WELD,0.0,0.0,False,False,False,False,False,vertical
20.672,0.0,0.0,0.0,0.0,0.0,0.0,0.0,0.0,75,0,0.0695,0.0,-2.8124966631703576,nan,nan,NO_WELD,0.0,0.0,False,False,False,False,False,vertical
20.722,0.0,0.0,0.0,0.0,0.0,0.0,0.0,0.0,75,0,0.0695,0.0,-2.8124966631703576,nan,nan,NO_WELD,0.0,0.0,False,False,False,False,False,vertical
20.772,0.0,0.0,0.0,0.0,0.0,0.0,0.0,0.0,75,0,0.0695,0.0,-2.1093715902432693,nan,nan,NO_WELD,0.0,0.0,False,False,False,False,False,vertical
20.823,0.0,0.0,0.0,0.0,0.0,0.0,0.0,0.0,75,0,0.0695,0.0,-2.1093715902432693,nan,nan,NO_WELD,0.0,0.0,False,False,False,False,False,vertical
20.872,0.0,0.0,0.0,0.0,0.0,0.0,0.0,0.0,75,0,0.0695,0.0,-0.35155909468853286,-0.35155909468853286,0.0,WELD_FOUND,0.0,0.0,False,False,False,False,False,vertical
20.923,0.0,0.0,0.0,0.0,0.0,0.0,0.0,0.0,75,0,0.0695,0.0,-0.35155909468853286,-0.35155909468853286,0.0,WELD_FOUND,0.0,0.0,False,False,False,False,False,vertical
20.972,0.0,0.0,0.0,0.0,0.0,0.0,0.0,0.0,75,0,0.0695,0.0,-0.35155909468853286,nan,nan,NO_WELD,0.0,0.0,False,False,False,False,False,vertical
21.023,0.0,0.0,0.0,0.0,0.0,0.0,0.0,0.0,75,0,0.0695,0.0,-0.35155909468853286,nan,nan,NO_WELD,0.0,0.0,False,False,False,False,False,vertical
21.072,0.0,0.0,0.0,0.0,0.0,0.0,0.0,0.0,75,0,0.0695,0.0,-0.35155909468853286,nan,nan,NO_WELD,0.0,0.0,False,False,False,False,False,vertical
21.123,0.0,0.0,0.0,0.0,0.0,0.0,0.0,0.0,75,0,0.0695,0.0,-0.35155909468853286,nan,nan,NO_WELD,0.0,0.0,False,False,False,False,False,vertical
21.174,0.0,0.0,0.0,0.0,0.0,0.0,0.0,0.0,75,0,0.0695,0.0,-0.35155909468853286,nan,nan,NO_WELD,0.0,0.0,False,False,False,False,False,vertical
21.223,0.0,0.0,0.0,0.0,0.0,0.0,0.0,0.0,75,0,0.0695,0.0,-0.35155909468853286,nan,nan,NO_WELD,0.0,0.0,False,False,False,False,False,vertical
21.272,0.0,0.0,0.0,0.0,0.0,0.0,0.0,0.0,75,0,0.0695,0.0,-0.35155909468853286,nan,nan,NO_WELD,0.0,0.0,False,False,False,False,False,vertical
21.323,0.0,0.0,0.0,0.0,0.0,0.0,0.0,0.0,75,0,0.0695,0.0,-0.35155909468853286,nan,nan,NO_WELD,0.0,0.0,False,False,False,False,False,vertical
21.372,0.0,0.0,0.0,0.0,0.0,0.0,0.0,0.0,75,0,0.0695,0.0,-0.35155909468853286,nan,nan,NO_WELD,0.0,0.0,False,False,False,False,False,vertical
21.423,0.0,0.0,0.0,0.0,0.0,0.0,0.0,0.0,75,0,0.0695,0.0,-0.35155909468853286,nan,nan,NO_WELD,0.0,0.0,False,False,False,False,False,vertical
21.472,0.0,0.0,0.0,0.0,0.0,0.0,0.0,0.0,75,0,0.0695,0.0,-0.7031216044716506,-0.7031216044716506,0.0,WELD_FOUND,0.0,0.0,False,False,False,False,False,vertical
21.523,0.0,0.0,0.0,0.0,0.0,0.0,0.0,0.0,75,0,0.0695,0.0,-0.7031216044716506,-0.7031216044716506,0.0,WELD_FOUND,0.0,0.0,False,False,False,False,False,vertical
21.572,0.06051006773713692,0.0247358335607743,0.06422044277125306,0.05679969270302078,0.0,0.0,0.0642,0.0568,75,0,0.0695,0.0,3.4150945850063755e-06,-0.35155909468853286,0.35156250978311787,WELD_FOUND,0.0,0.6847,True,False,False,False,False,vertical
21.623,0.06051006773713692,0.0247358335607743,0.06422044277125306,0.05679969270302078,0.0,0.0,0.0642,0.0568,76,0,0.0704,0.0,3.4150945850063755e-06,-0.35155909468853286,0.35156250978311787,WELD_FOUND,0.0,0.6847,True,False,False,False,False,vertical
21.672,0.0,0.0,0.0,0.0,0.0025,0.0,-0.0025,0.0,76,0,0.0704,0.0,3.4150945850063755e-06,nan,nan,NO_WELD,0.0,0.0,False,False,False,False,False,vertical
21.723,0.0,0.0,0.0,0.0,0.0025,0.0,-0.0025,0.0,80,0,0.0741,0.0,3.4150945850063755e-06,nan,nan,NO_WELD,0.0,0.0,False,False,False,False,False,vertical
21.772,0.0,0.0,0.0,0.0,0.0025,0.0,-0.0025,0.0,80,0,0.0741,0.0,3.4150945850063755e-06,nan,nan,NO_WELD,0.0,0.0,False,False,False,False,False,vertical
21.823,0.0,0.0,0.0,0.0,0.0114,0.0,-0.0114,0.0,80,0,0.0741,0.0,3.4150945850063755e-06,nan,nan,NO_WELD,0.0,0.0,False,False,False,False,False,vertical
21.872,0.0,0.0,0.0,0.0,0.0114,0.0,-0.0114,0.0,80,0,0.0741,0.0,3.4150945850063755e-06,nan,nan,NO_WELD,0.0,0.0,False,False,False,False,False,vertical
21.923,0.0,0.0,0.0,0.0,0.0114,0.0,-0.0114,0.0,80,0,0.0741,0.0,3.4150945850063755e-06,nan,nan,NO_WELD,0.0,0.0,False,False,False,False,False,vertical
21.972,0.0,0.0,0.0,0.0,0.0091,0.0,-0.0091,0.0,80,0,0.0741,0.0,3.4150945850063755e-06,nan,nan,NO_WELD,0.0,0.0,False,False,False,False,False,vertical
22.023,0.0,0.0,0.0,0.0,0.0091,0.0,-0.0091,0.0,80,0,0.0741,0.0,3.4150945850063755e-06,nan,nan,NO_WELD,0.0,0.0,False,False,False,False,False,vertical
22.072,0.0,0.0,0.0,0.0,0.0073,0.0,-0.0073,0.0,80,0,0.0741,0.0,3.4150945850063755e-06,nan,nan,NO_WELD,0.0,0.0,False,False,False,False,False,vertical
22.123,0.0,0.0,0.0,0.0,0.0073,0.0,-0.0073,0.0,80,0,0.0741,0.0,3.4150945850063755e-06,nan,nan,NO_WELD,0.0,0.0,False,False,False,False,False,vertical
22.174,0.0,0.0,0.0,0.0,0.0073,0.0,-0.0073,0.0,80,0,0.0741,0.0,3.4150945850063755e-06,nan,nan,NO_WELD,0.0,0.0,False,False,False,False,False,vertical
22.223,0.0,0.0,0.0,0.0,0.0058,0.0,-0.0058,0.0,80,0,0.0741,0.0,3.4150945850063755e-06,nan,nan,NO_WELD,0.0,0.0,False,False,False,False,False,vertical
22.272,0.0,0.0,0.0,0.0,0.0058,0.0,-0.0058,0.0,80,0,0.0741,0.0,3.4150945850063755e-06,nan,nan,NO_WELD,0.0,0.0,False,False,False,False,False,vertical
22.323,0.0,0.0,0.0,0.0,0.0047,0.0,-0.0047,0.0,80,0,0.0741,0.0,3.4150945850063755e-06,nan,nan,NO_WELD,0.0,0.0,False,False,False,False,False,vertical
22.372,0.0,0.0,0.0,0.0,0.0047,0.0,-0.0047,0.0,80,0,0.0741,0.0,3.4150945850063755e-06,nan,nan,NO_WELD,0.0,0.0,False,False,False,False,False,vertical
22.423,0.0,0.0,0.0,0.0,0.0037,0.0,-0.0037,0.0,80,0,0.0741,0.0,3.4150945850063755e-06,nan,nan,NO_WELD,0.0,0.0,False,False,False,False,False,vertical
22.472,0.0,0.0,0.0,0.0,0.0037,0.0,-0.0037,0.0,80,0,0.0741,0.0,3.4150945850063755e-06,nan,nan,NO_WELD,0.0,0.0,False,False,False,False,False,vertical
22.523,0.0,0.0,0.0,0.0,0.0037,0.0,-0.0037,0.0,80,0,0.0741,0.0,3.4150945850063755e-06,nan,nan,NO_WELD,0.0,0.0,False,False,False,False,False,vertical
22.572,0.0,0.0,0.0,0.0,0.003,0.0,-0.003,0.0,80,0,0.0741,0.0,3.4150945850063755e-06,nan,nan,NO_WELD,0.0,0.0,False,False,False,False,False,vertical
22.623,0.0,0.0,0.0,0.0,0.003,0.0,-0.003,0.0,80,0,0.0741,0.0,3.4150945850063755e-06,nan,nan,NO_WELD,0.0,0.0,False,False,False,False,False,vertical
22.672,0.0,0.0,0.0,0.0,0.0024,0.0,-0.0024,0.0,80,0,0.0741,0.0,-2.1093715902432693,nan,nan,NO_WELD,0.0,0.0,False,False,False,False,False,vertical
22.723,0.0,0.0,0.0,0.0,0.0024,0.0,-0.0024,0.0,80,0,0.0741,0.0,-2.1093715902432693,nan,nan,NO_WELD,0.0,0.0,False,False,False,False,False,vertical
22.772,0.0,0.0,0.0,0.0,0.0024,0.0,-0.0024,0.0,80,0,0.0741,0.0,-2.1093715902432693,nan,nan,NO_WELD,0.0,0.0,False,False,False,False,False,vertical
22.823,0.0,0.0,0.0,0.0,0.0019,0.0,-0.0019,0.0,80,0,0.0741,0.0,-2.1093715902432693,nan,nan,NO_WELD,0.0,0.0,False,False,False,False,False,vertical
22.872,0.0,0.0,0.0,0.0,0.0019,0.0,-0.0019,0.0,80,0,0.0741,0.0,-2.1093715902432693,nan,nan,NO_WELD,0.0,0.0,False,False,False,False,False,vertical
22.923,0.0,0.0,0.0,0.0,0.0015,0.0,-0.0015,0.0,80,0,0.0741,0.0,-2.1093715902432693,nan,nan,NO_WELD,0.0,0.0,False,False,False,False,False,vertical
22.972,0.0,0.0,0.0,0.0,0.0015,0.0,-0.0015,0.0,80,0,0.0741,0.0,-2.1093715902432693,nan,nan,NO_WELD,0.0,0.0,False,False,False,False,False,vertical
23.023,0.0,0.0,0.0,0.0,0.0015,0.0,-0.0015,0.0,80,0,0.0741,0.0,-2.1093715902432693,nan,nan,NO_WELD,0.0,0.0,False,False,False,False,False,vertical
23.072,0.0,0.0,0.0,0.0,0.0012,0.0,-0.0012,0.0,80,0,0.0741,0.0,-2.1093715902432693,nan,nan,NO_WELD,0.0,0.0,False,False,False,False,False,vertical
23.123,0.0,0.0,0.0,0.0,0.0012,0.0,-0.0012,0.0,80,0,0.0741,0.0,-2.1093715902432693,nan,nan,NO_WELD,0.0,0.0,False,False,False,False,False,vertical
23.174,0.0,0.0,0.0,0.0,0.0,0.0,0.0,0.0,80,0,0.0741,0.0,-2.460934233428519,nan,nan,NO_WELD,0.0,0.0,False,False,False,False,False,vertical
23.223,0.0,0.0,0.0,0.0,0.0,0.0,0.0,0.0,80,0,0.0741,0.0,-2.460934233428519,nan,nan,NO_WELD,0.0,0.0,False,False,False,False,False,vertical
23.272,0.0,0.0,0.0,0.0,0.0,0.0,0.0,0.0,80,0,0.0741,0.0,-1.7578091605014305,nan,nan,NO_WELD,0.0,0.0,False,False,False,False,False,vertical
23.323,0.0,0.0,0.0,0.0,0.0,0.0,0.0,0.0,80,0,0.0741,0.0,-1.7578091605014305,nan,nan,NO_WELD,0.0,0.0,False,False,False,False,False,vertical
23.372,0.0,0.0,0.0,0.0,0.0,0.0,0.0,0.0,80,0,0.0741,0.0,-2.8124966631703576,nan,nan,NO_WELD,0.0,0.0,False,False,False,False,False,vertical
23.423,0.0,0.0,0.0,0.0,0.0,0.0,0.0,0.0,80,0,0.0741,0.0,-2.8124966631703576,nan,nan,NO_WELD,0.0,0.0,False,False,False,False,False,vertical
23.472,0.044156911392564176,0.05,0.051656911392564175,0.036656911392564176,0.0,0.0,0.0517,0.0367,80,0,0.0741,0.0,-1.7578091605014305,-1.7578091605014305,0.0,WELD_FOUND,0.6609,0.5713,False,False,False,False,False,vertical
23.523,0.044156911392564176,0.05,0.051656911392564175,0.036656911392564176,0.0074,0.0,0.0442,0.0367,82,0,0.076,0.0,-1.7578091605014305,-1.7578091605014305,0.0,WELD_FOUND,0.6609,0.5713,False,False,False,False,False,vertical
23.572,0.0,0.0,0.0,0.0,0.0074,0.0,-0.0074,0.0,82,0,0.076,0.0,-1.7578091605014305,nan,nan,NO_WELD,0.0,0.0,False,False,False,False,False,vertical
23.623,0.0,0.0,0.0,0.0,0.0074,0.0,-0.0074,0.0,90,0,0.0834,0.0,-1.7578091605014305,nan,nan,NO_WELD,0.0,0.0,False,False,False,False,False,vertical
23.672,0.044156911392564176,0.05,0.051656911392564175,0.036656911392564176,0.0242,0.0,0.0274,0.0367,90,0,0.0834,0.0,-1.7578091605014305,-1.7578091605014305,0.0,WELD_FOUND,0.6609,0.5713,False,False,False,False,False,vertical
23.722,0.044156911392564176,0.05,0.051656911392564175,0.036656911392564176,0.0242,0.0,0.0274,0.0367,92,0,0.0853,0.0,-1.7578091605014305,-1.7578091605014305,0.0,WELD_FOUND,0.6609,0.5713,False,False,False,False,False,vertical
23.772,0.04119477696419143,0.1,0.05619477696419143,0.02619477696419143,0.0242,0.0,0.0319,0.0262,92,0,0.0853,0.0,-2.460934233428519,-2.1093715902432693,-0.3515626431852499,WELD_FOUND,0.6819,0.4082,False,False,False,False,False,vertical
23.823,0.04119477696419143,0.1,0.05619477696419143,0.02619477696419143,0.0368,0.0,0.0194,0.0262,99,0,0.0918,0.0,-2.460934233428519,-2.1093715902432693,-0.3515626431852499,WELD_FOUND,0.6819,0.4082,False,False,False,False,False,vertical
23.872,0.0,0.0,0.0,0.0,0.0368,0.0,-0.0368,0.0,99,0,0.0918,0.0,-2.460934233428519,nan,nan,NO_WELD,0.0,0.0,False,False,False,False,False,vertical
23.923,0.0,0.0,0.0,0.0,0.0369,0.0,-0.0369,0.0,103,0,0.0955,0.0,-2.460934233428519,nan,nan,NO_WELD,0.0,0.0,False,False,False,False,False,vertical
23.972,0.0,0.0,0.0,0.0,0.0369,0.0,-0.0369,0.0,103,0,0.0955,0.0,-2.460934233428519,nan,nan,NO_WELD,0.0,0.0,False,False,False,False,False,vertical
24.023,0.0,0.0,0.0,0.0,0.0295,0.0,-0.0295,0.0,103,0,0.0955,0.0,-2.460934233428519,nan,nan,NO_WELD,0.0,0.0,False,False,False,False,False,vertical
24.072,0.0,0.0,0.0,0.0,0.0295,0.0,-0.0295,0.0,103,0,0.0955,0.0,-2.460934233428519,nan,nan,NO_WELD,0.0,0.0,False,False,False,False,False,vertical
24.123,0.0,0.0,0.0,0.0,0.0295,0.0,-0.0295,0.0,103,0,0.0955,0.0,-2.460934233428519,nan,nan,NO_WELD,0.0,0.0,False,False,False,False,False,vertical
24.174,0.0,0.0,0.0,0.0,0.0236,0.0,-0.0236,0.0,103,0,0.0955,0.0,-2.460934233428519,nan,nan,NO_WELD,0.0,0.0,False,False,False,False,False,vertical
24.223,0.0,0.0,0.0,0.0,0.0236,0.0,-0.0236,0.0,103,0,0.0955,0.0,-2.460934233428519,nan,nan,NO_WELD,0.0,0.0,False,False,False,False,False,vertical
24.272,0.0,0.0,0.0,0.0,0.0189,0.0,-0.0189,0.0,103,0,0.0955,0.0,-2.460934233428519,nan,nan,NO_WELD,0.0,0.0,False,False,False,False,False,vertical
24.323,0.0,0.0,0.0,0.0,0.0189,0.0,-0.0189,0.0,103,0,0.0955,0.0,-2.460934233428519,nan,nan,NO_WELD,0.0,0.0,False,False,False,False,False,vertical
24.372,0.0,0.0,0.0,0.0,0.0151,0.0,-0.0151,0.0,103,0,0.0955,0.0,-2.460934233428519,nan,nan,NO_WELD,0.0,0.0,False,False,False,False,False,vertical
24.423,0.0,0.0,0.0,0.0,0.0151,0.0,-0.0151,0.0,103,0,0.0955,0.0,-2.460934233428519,nan,nan,NO_WELD,0.0,0.0,False,False,False,False,False,vertical
24.472,0.0,0.0,0.0,0.0,0.0151,0.0,-0.0151,0.0,103,0,0.0955,0.0,-2.460934233428519,nan,nan,NO_WELD,0.0,0.0,False,False,False,False,False,vertical
24.523,0.0,0.0,0.0,0.0,0.0121,0.0,-0.0121,0.0,103,0,0.0955,0.0,-2.460934233428519,nan,nan,NO_WELD,0.0,0.0,False,False,False,False,False,vertical
24.572,0.0,0.0,0.0,0.0,0.0121,0.0,-0.0121,0.0,103,0,0.0955,0.0,-2.460934233428519,nan,nan,NO_WELD,0.0,0.0,False,False,False,False,False,vertical
24.623,0.0,0.0,0.0,0.0,0.0121,0.0,-0.0121,0.0,103,0,0.0955,0.0,-2.460934233428519,nan,nan,NO_WELD,0.0,0.0,False,False,False,False,False,vertical
24.672,0.0,0.0,0.0,0.0,0.0097,0.0,-0.0097,0.0,103,0,0.0955,0.0,-2.460934233428519,nan,nan,NO_WELD,0.0,0.0,False,False,False,False,False,vertical
24.723,0.0,0.0,0.0,0.0,0.0097,0.0,-0.0097,0.0,103,0,0.0955,0.0,-2.460934233428519,nan,nan,NO_WELD,0.0,0.0,False,False,False,False,False,vertical
24.772,0.0,0.0,0.0,0.0,0.0097,0.0,-0.0097,0.0,103,0,0.0955,0.0,-2.460934233428519,nan,nan,NO_WELD,0.0,0.0,False,False,False,False,False,vertical
24.823,0.0,0.0,0.0,0.0,0.0077,0.0,-0.0077,0.0,103,0,0.0955,0.0,-2.460934233428519,nan,nan,NO_WELD,0.0,0.0,False,False,False,False,False,vertical
24.872,0.0,0.0,0.0,0.0,0.0077,0.0,-0.0077,0.0,103,0,0.0955,0.0,-2.460934233428519,nan,nan,NO_WELD,0.0,0.0,False,False,False,False,False,vertical
24.923,0.0,0.0,0.0,0.0,0.0077,0.0,-0.0077,0.0,103,0,0.0955,0.0,-2.460934233428519,nan,nan,NO_WELD,0.0,0.0,False,False,False,False,False,vertical
24.972,0.0,0.0,0.0,0.0,0.0062,0.0,-0.0062,0.0,103,0,0.0955,0.0,-1.7578091605014305,nan,nan,NO_WELD,0.0,0.0,False,False,False,False,False,vertical
25.023,0.0,0.0,0.0,0.0,0.0062,0.0,-0.0062,0.0,103,0,0.0955,0.0,-1.7578091605014305,nan,nan,NO_WELD,0.0,0.0,False,False,False,False,False,vertical
25.072,0.0,0.0,0.0,0.0,0.005,0.0,-0.005,0.0,103,0,0.0955,0.0,-0.7031216044716506,nan,nan,NO_WELD,0.0,0.0,False,False,False,False,False,vertical
25.123,0.0,0.0,0.0,0.0,0.005,0.0,-0.005,0.0,103,0,0.0955,0.0,-0.7031216044716506,nan,nan,NO_WELD,0.0,0.0,False,False,False,False,False,vertical
25.174,0.0,0.0,0.0,0.0,0.005,0.0,-0.005,0.0,103,0,0.0955,0.0,0.35156592487770283,nan,nan,NO_WELD,0.0,0.0,False,False,False,False,False,vertical
25.223,0.0,0.0,0.0,0.0,0.004,0.0,-0.004,0.0,103,0,0.0955,0.0,0.35156592487770283,nan,nan,NO_WELD,0.0,0.0,False,False,False,False,False,vertical
25.272,0.0,0.0,0.0,0.0,0.004,0.0,-0.004,0.0,103,0,0.0955,0.0,3.4150945850063755e-06,nan,nan,NO_WELD,0.0,0.0,False,False,False,False,False,vertical
25.323,0.0,0.0,0.0,0.0,0.0032,0.0,-0.0032,0.0,103,0,0.0955,0.0,3.4150945850063755e-06,nan,nan,NO_WELD,0.0,0.0,False,False,False,False,False,vertical
25.372,0.0,0.0,0.0,0.0,0.0032,0.0,-0.0032,0.0,103,0,0.0955,0.0,3.4150945850063755e-06,nan,nan,NO_WELD,0.0,0.0,False,False,False,False,False,vertical
25.423,0.0,0.0,0.0,0.0,0.0032,0.0,-0.0032,0.0,103,0,0.0955,0.0,3.4150945850063755e-06,nan,nan,NO_WELD,0.0,0.0,False,False,False,False,False,vertical
25.472,0.0,0.0,0.0,0.0,0.0025,0.0,-0.0025,0.0,103,0,0.0955,0.0,3.4150945850063755e-06,nan,nan,NO_WELD,0.0,0.0,False,False,False,False,False,vertical
25.523,0.0,0.0,0.0,0.0,0.0025,0.0,-0.0025,0.0,103,0,0.0955,0.0,3.4150945850063755e-06,nan,nan,NO_WELD,0.0,0.0,False,False,False,False,False,vertical
25.572,0.0,0.0,0.0,0.0,0.002,0.0,-0.002,0.0,103,0,0.0955,0.0,3.4150945850063755e-06,nan,nan,NO_WELD,0.0,0.0,False,False,False,False,False,vertical
25.623,0.0,0.0,0.0,0.0,0.002,0.0,-0.002,0.0,103,0,0.0955,0.0,3.4150945850063755e-06,nan,nan,NO_WELD,0.0,0.0,False,False,False,False,False,vertical
25.672,0.0,0.0,0.0,0.0,0.0016,0.0,-0.0016,0.0,103,0,0.0955,0.0,0.7031284346608206,0.7031284346608206,0.0,WELD_FOUND,0.0,0.0,False,False,False,False,False,vertical
25.723,0.0,0.0,0.0,0.0,0.0016,0.0,-0.0016,0.0,103,0,0.0955,0.0,0.7031284346608206,0.7031284346608206,0.0,WELD_FOUND,0.0,0.0,False,False,False,False,False,vertical
25.772,0.0,0.0,0.0,0.0,0.0013,0.0,-0.0013,0.0,103,0,0.0955,0.0,0.7031284346608206,nan,nan,NO_WELD,0.0,0.0,False,False,False,False,False,vertical
25.822,0.0,0.0,0.0,0.0,0.0013,0.0,-0.0013,0.0,103,0,0.0955,0.0,0.7031284346608206,nan,nan,NO_WELD,0.0,0.0,False,False,False,False,False,vertical
25.872,0.0,0.0,0.0,0.0,0.0013,0.0,-0.0013,0.0,103,0,0.0955,0.0,0.7031284346608206,nan,nan,NO_WELD,0.0,0.0,False,False,False,False,False,vertical
25.922,0.0,0.0,0.0,0.0,0.001,0.0,-0.001,0.0,103,0,0.0955,0.0,0.7031284346608206,nan,nan,NO_WELD,0.0,0.0,False,False,False,False,False,vertical
25.972,0.0,0.0,0.0,0.0,0.001,0.0,-0.001,0.0,103,0,0.0955,0.0,0.7031284346608206,nan,nan,NO_WELD,0.0,0.0,False,False,False,False,False,vertical
26.022,0.0,0.0,0.0,0.0,0.0,0.0,0.0,0.0,103,0,0.0955,0.0,0.7031284346608206,nan,nan,NO_WELD,0.0,0.0,False,False,False,False,False,vertical
26.072,0.0,0.0,0.0,0.0,0.0,0.0,0.0,0.0,103,0,0.0955,0.0,3.4150945850063755e-06,3.4150945850063755e-06,0.0,WELD_FOUND,0.0,0.0,False,False,False,False,False,vertical
26.122,0.0,0.0,0.0,0.0,0.0,0.0,0.0,0.0,103,0,0.0955,0.0,3.4150945850063755e-06,3.4150945850063755e-06,0.0,WELD_FOUND,0.0,0.0,False,False,False,False,False,vertical
26.174,0.0,0.0,0.0,0.0,0.0,0.0,0.0,0.0,103,0,0.0955,0.0,3.4150945850063755e-06,nan,nan,NO_WELD,0.0,0.0,False,False,False,False,False,vertical
26.222,0.0,0.0,0.0,0.0,0.0,0.0,0.0,0.0,103,0,0.0955,0.0,3.4150945850063755e-06,nan,nan,NO_WELD,0.0,0.0,False,False,False,False,False,vertical
26.272,0.0,0.0,0.0,0.0,0.0,0.0,0.0,0.0,103,0,0.0955,0.0,3.4150945850063755e-06,nan,nan,NO_WELD,0.0,0.0,False,False,False,False,False,vertical
26.322,0.0,0.0,0.0,0.0,0.0,0.0,0.0,0.0,103,0,0.0955,0.0,3.4150945850063755e-06,nan,nan,NO_WELD,0.0,0.0,False,False,False,False,False,vertical
26.372,0.0,0.0,0.0,0.0,0.0,0.0,0.0,0.0,103,0,0.0955,0.0,3.4150945850063755e-06,nan,nan,NO_WELD,0.0,0.0,False,False,False,False,False,vertical
26.422,0.0,0.0,0.0,0.0,0.0,0.0,0.0,0.0,103,0,0.0955,0.0,3.4150945850063755e-06,nan,nan,NO_WELD,0.0,0.0,False,False,False,False,False,vertical
26.472,0.0,0.0,0.0,0.0,0.0,0.0,0.0,0.0,103,0,0.0955,0.0,3.4150945850063755e-06,nan,nan,NO_WELD,0.0,0.0,False,False,False,False,False,vertical
26.522,0.0,0.0,0.0,0.0,0.0,0.0,0.0,0.0,103,0,0.0955,0.0,3.4150945850063755e-06,nan,nan,NO_WELD,0.0,0.0,False,False,False,False,False,vertical
26.572,0.0,0.0,0.0,0.0,0.0,0.0,0.0,0.0,103,0,0.0955,0.0,3.4150945850063755e-06,nan,nan,NO_WELD,0.0,0.0,False,False,False,False,False,vertical
26.622,0.0,0.0,0.0,0.0,0.0,0.0,0.0,0.0,103,0,0.0955,0.0,3.4150945850063755e-06,nan,nan,NO_WELD,0.0,0.0,False,False,False,False,False,vertical
26.672,0.0,0.0,0.0,0.0,0.0,0.0,0.0,0.0,103,0,0.0955,0.0,3.4150945850063755e-06,nan,nan,NO_WELD,0.0,0.0,False,False,False,False,False,vertical
26.723,0.0,0.0,0.0,0.0,0.0,0.0,0.0,0.0,103,0,0.0955,0.0,3.4150945850063755e-06,nan,nan,NO_WELD,0.0,0.0,False,False,False,False,False,vertical
26.772,0.0,0.0,0.0,0.0,0.0,0.0,0.0,0.0,102,0,0.0945,0.0,3.4150945850063755e-06,nan,nan,NO_WELD,0.0,0.0,False,False,False,False,False,vertical
26.823,0.0,0.0,0.0,0.0,0.0,0.0,0.0,0.0,102,0,0.0945,0.0,3.4150945850063755e-06,nan,nan,NO_WELD,0.0,0.0,False,False,False,False,False,vertical
26.872,0.0,0.0,0.0,0.0,-0.0025,0.0,0.0025,0.0,102,0,0.0945,0.0,3.4150945850063755e-06,nan,nan,NO_WELD,0.0,0.0,False,False,False,False,False,vertical
26.923,0.0,0.0,0.0,0.0,-0.0025,0.0,0.0025,0.0,102,0,0.0945,0.0,3.4150945850063755e-06,nan,nan,NO_WELD,0.0,0.0,False,False,False,False,False,vertical
26.972,0.0,0.0,0.0,0.0,-0.002,0.0,0.002,0.0,102,0,0.0945,0.0,3.4150945850063755e-06,nan,nan,NO_WELD,0.0,0.0,False,False,False,False,False,vertical
27.023,0.0,0.0,0.0,0.0,-0.002,0.0,0.002,0.0,102,0,0.0945,0.0,3.4150945850063755e-06,nan,nan,NO_WELD,0.0,0.0,False,False,False,False,False,vertical
27.072,0.0,0.0,0.0,0.0,-0.002,0.0,0.002,0.0,102,0,0.0945,0.0,3.4150945850063755e-06,nan,nan,NO_WELD,0.0,0.0,False,False,False,False,False,vertical
27.123,0.0,0.0,0.0,0.0,-0.0016,0.0,0.0016,0.0,102,0,0.0945,0.0,3.4150945850063755e-06,nan,nan,NO_WELD,0.0,0.0,False,False,False,False,False,vertical
27.174,0.0,0.0,0.0,0.0,-0.0016,0.0,0.0016,0.0,102,0,0.0945,0.0,3.4150945850063755e-06,nan,nan,NO_WELD,0.0,0.0,False,False,False,False,False,vertical
27.223,0.0,0.0,0.0,0.0,-0.0013,0.0,0.0013,0.0,102,0,0.0945,0.0,3.4150945850063755e-06,nan,nan,NO_WELD,0.0,0.0,False,False,False,False,False,vertical
27.272,0.0,0.0,0.0,0.0,-0.0013,0.0,0.0013,0.0,102,0,0.0945,0.0,4.218753425770293,nan,nan,NO_WELD,0.0,0.0,False,False,False,False,False,vertical
27.323,0.0,0.0,0.0,0.0,-0.001,0.0,0.001,0.0,102,0,0.0945,0.0,4.218753425770293,nan,nan,NO_WELD,0.0,0.0,False,False,False,False,False,vertical
27.372,0.0,0.0,0.0,0.0,-0.001,0.0,0.001,0.0,102,0,0.0945,0.0,4.218753425770293,nan,nan,NO_WELD,0.0,0.0,False,False,False,False,False,vertical
27.423,0.0,0.0,0.0,0.0,0.0,0.0,0.0,0.0,102,0,0.0945,0.0,3.4150945850063755e-06,nan,nan,NO_WELD,0.0,0.0,False,False,False,False,False,vertical
27.472,0.0,0.0,0.0,0.0,0.0,0.0,0.0,0.0,102,0,0.0945,0.0,3.4150945850063755e-06,nan,nan,NO_WELD,0.0,0.0,False,False,False,False,False,vertical
27.523,0.0,0.0,0.0,0.0,0.0,0.0,0.0,0.0,102,0,0.0945,0.0,3.4150945850063755e-06,nan,nan,NO_WELD,0.0,0.0,False,False,False,False,False,vertical
27.572,0.0,0.0,0.0,0.0,0.0,0.0,0.0,0.0,102,0,0.0945,0.0,3.4150945850063755e-06,nan,nan,NO_WELD,0.0,0.0,False,False,False,False,False,vertical
27.623,0.0,0.0,0.0,0.0,0.0,0.0,0.0,0.0,102,0,0.0945,0.0,3.4150945850063755e-06,nan,nan,NO_WELD,0.0,0.0,False,False,False,False,False,vertical
27.672,0.0,0.0,0.0,0.0,0.0,0.0,0.0,0.0,102,0,0.0945,0.0,3.4150945850063755e-06,nan,nan,NO_WELD,0.0,0.0,False,False,False,False,False,vertical
27.723,0.0,0.0,0.0,0.0,0.0,0.0,0.0,0.0,102,0,0.0945,0.0,-2.1093715902432693,nan,nan,NO_WELD,0.0,0.0,False,False,False,False,False,vertical
27.772,0.0,0.0,0.0,0.0,0.0,0.0,0.0,0.0,102,0,0.0945,0.0,-2.1093715902432693,nan,nan,NO_WELD,0.0,0.0,False,False,False,False,False,vertical
27.823,0.0,0.0,0.0,0.0,0.0,0.0,0.0,0.0,102,0,0.0945,0.0,0.7031284346608206,nan,nan,NO_WELD,0.0,0.0,False,False,False,False,False,vertical
27.872,0.0,0.0,0.0,0.0,0.0,0.0,0.0,0.0,102,0,0.0945,0.0,0.7031284346608206,nan,nan,NO_WELD,0.0,0.0,False,False,False,False,False,vertical
27.922,0.0,0.0,0.0,0.0,0.0,0.0,0.0,0.0,102,0,0.0945,0.0,0.7031284346608206,nan,nan,NO_WELD,0.0,0.0,False,False,False,False,False,vertical
27.972,0.0,0.0,0.0,0.0,0.0,0.0,0.0,0.0,102,0,0.0945,0.0,0.7031284346608206,nan,nan,NO_WELD,0.0,0.0,False,False,False,False,False,vertical
28.022,0.0,0.0,0.0,0.0,0.0,0.0,0.0,0.0,102,0,0.0945,0.0,0.7031284346608206,nan,nan,NO_WELD,0.0,0.0,False,False,False,False,False,vertical
28.072,0.0,0.0,0.0,0.0,0.0,0.0,0.0,0.0,102,0,0.0945,0.0,0.7031284346608206,nan,nan,NO_WELD,0.0,0.0,False,False,False,False,False,vertical
28.123,0.0,0.0,0.0,0.0,0.0,0.0,0.0,0.0,102,0,0.0945,0.0,3.4150945850063755e-06,nan,nan,NO_WELD,0.0,0.0,False,False,False,False,False,vertical
28.174,0.0,0.0,0.0,0.0,0.0,0.0,0.0,0.0,102,0,0.0945,0.0,3.4150945850063755e-06,3.4150945850063755e-06,0.0,WELD_FOUND,0.0,0.0,False,False,False,False,False,vertical
28.223,0.0,0.0,0.0,0.0,0.0,0.0,0.0,0.0,102,0,0.0945,0.0,3.4150945850063755e-06,nan,nan,NO_WELD,0.0,0.0,False,False,False,False,False,vertical
28.272,0.0,0.0,0.0,0.0,0.0,0.0,0.0,0.0,102,0,0.0945,0.0,3.4150945850063755e-06,nan,nan,NO_WELD,0.0,0.0,False,False,False,False,False,vertical
28.322,0.0,0.0,0.0,0.0,0.0,0.0,0.0,0.0,102,0,0.0945,0.0,3.4150945850063755e-06,nan,nan,NO_WELD,0.0,0.0,False,False,False,False,False,vertical
28.372,0.0,0.0,0.0,0.0,0.0,0.0,0.0,0.0,102,0,0.0945,0.0,3.4150945850063755e-06,nan,nan,NO_WELD,0.0,0.0,False,False,False,False,False,vertical
28.423,0.0,0.0,0.0,0.0,0.0,0.0,0.0,0.0,102,0,0.0945,0.0,3.4150945850063755e-06,nan,nan,NO_WELD,0.0,0.0,False,False,False,False,False,vertical
28.472,0.0,0.0,0.0,0.0,0.0,0.0,0.0,0.0,102,0,0.0945,0.0,3.4150945850063755e-06,nan,nan,NO_WELD,0.0,0.0,False,False,False,False,False,vertical
28.522,0.0,0.0,0.0,0.0,0.0,0.0,0.0,0.0,102,0,0.0945,0.0,3.4150945850063755e-06,nan,nan,NO_WELD,0.0,0.0,False,False,False,False,False,vertical
28.572,0.0,0.0,0.0,0.0,0.0,0.0,0.0,0.0,102,0,0.0945,0.0,3.4150945850063755e-06,nan,nan,NO_WELD,0.0,0.0,False,False,False,False,False,vertical
28.622,0.0,0.0,0.0,0.0,0.0,0.0,0.0,0.0,102,0,0.0945,0.0,3.4150945850063755e-06,nan,nan,NO_WELD,0.0,0.0,False,False,False,False,False,vertical
28.672,0.0,0.0,0.0,0.0,0.0,0.0,0.0,0.0,102,0,0.0945,0.0,3.4150945850063755e-06,nan,nan,NO_WELD,0.0,0.0,False,False,False,False,False,vertical
28.723,0.0,0.0,0.0,0.0,0.0,0.0,0.0,0.0,102,0,0.0945,0.0,3.4150945850063755e-06,nan,nan,NO_WELD,0.0,0.0,False,False,False,False,False,vertical
28.772,0.0,0.0,0.0,0.0,0.0,0.0,0.0,0.0,102,0,0.0945,0.0,3.4150945850063755e-06,nan,nan,NO_WELD,0.0,0.0,False,False,False,False,False,vertical
28.822,0.0,0.0,0.0,0.0,0.0,0.0,0.0,0.0,102,0,0.0945,0.0,3.4150945850063755e-06,3.4150945850063755e-06,0.0,WELD_FOUND,0.0,0.0,False,False,False,False,False,vertical
28.872,0.0,0.0,0.0,0.0,0.0,0.0,0.0,0.0,102,0,0.0945,0.0,3.4150945850063755e-06,3.4150945850063755e-06,0.0,WELD_FOUND,0.0,0.0,False,False,False,False,False,vertical
28.922,0.0,0.0,0.0,0.0,0.0,0.0,0.0,0.0,102,0,0.0945,0.0,3.4150945850063755e-06,nan,nan,NO_WELD,0.0,0.0,False,False,False,False,False,vertical
28.972,0.0,0.0,0.0,0.0,0.0,0.0,0.0,0.0,102,0,0.0945,0.0,3.4150945850063755e-06,nan,nan,NO_WELD,0.0,0.0,False,False,False,False,False,vertical
29.022,0.0,0.0,0.0,0.0,0.0,0.0,0.0,0.0,102,0,0.0945,0.0,3.4150945850063755e-06,nan,nan,NO_WELD,0.0,0.0,False,False,False,False,False,vertical
29.072,0.0,0.0,0.0,0.0,0.0,0.0,0.0,0.0,102,0,0.0945,0.0,3.4150945850063755e-06,nan,nan,NO_WELD,0.0,0.0,False,False,False,False,False,vertical
29.122,0.0,0.0,0.0,0.0,0.0,0.0,0.0,0.0,102,0,0.0945,0.0,3.4150945850063755e-06,nan,nan,NO_WELD,0.0,0.0,False,False,False,False,False,vertical
29.174,0.0,0.0,0.0,0.0,0.0,0.0,0.0,0.0,102,0,0.0945,0.0,3.4150945850063755e-06,nan,nan,NO_WELD,0.0,0.0,False,False,False,False,False,vertical
29.222,0.0,0.0,0.0,0.0,0.0,0.0,0.0,0.0,102,0,0.0945,0.0,3.4150945850063755e-06,nan,nan,NO_WELD,0.0,0.0,False,False,False,False,False,vertical
29.272,0.0,0.0,0.0,0.0,0.0,0.0,0.0,0.0,102,0,0.0945,0.0,3.4150945850063755e-06,nan,nan,NO_WELD,0.0,0.0,False,False,False,False,False,vertical
29.322,0.0,0.0,0.0,0.0,0.0,0.0,0.0,0.0,102,0,0.0945,0.0,3.4150945850063755e-06,nan,nan,NO_WELD,0.0,0.0,False,False,False,False,False,vertical
29.372,0.0,0.0,0.0,0.0,0.0,0.0,0.0,0.0,102,0,0.0945,0.0,3.4150945850063755e-06,nan,nan,NO_WELD,0.0,0.0,False,False,False,False,False,vertical
29.422,0.0,0.0,0.0,0.0,0.0,0.0,0.0,0.0,102,0,0.0945,0.0,3.4150945850063755e-06,nan,nan,NO_WELD,0.0,0.0,False,False,False,False,False,vertical
29.472,0.0,0.0,0.0,0.0,0.0,0.0,0.0,0.0,102,0,0.0945,0.0,3.4150945850063755e-06,nan,nan,NO_WELD,0.0,0.0,False,False,False,False,False,vertical
29.523,0.0,0.0,0.0,0.0,0.0,0.0,0.0,0.0,102,0,0.0945,0.0,3.4150945850063755e-06,nan,nan,NO_WELD,0.0,0.0,False,False,False,False,False,vertical
29.572,0.0,0.0,0.0,0.0,0.0,0.0,0.0,0.0,102,0,0.0945,0.0,3.4150945850063755e-06,nan,nan,NO_WELD,0.0,0.0,False,False,False,False,False,vertical
29.622,0.06051006773713692,0.02470000240009252,0.0642150680971508,0.05680506737712304,0.0,0.0,0.0642,0.0568,102,0,0.0945,0.0,-0.35155909468853286,-0.35155909468853286,0.0,WELD_FOUND,0.0,0.6847,True,False,False,False,False,vertical
29.672,0.06051006773713692,0.02470000240009252,0.0642150680971508,0.05680506737712304,0.0,0.0,0.0642,0.0568,102,0,0.0945,0.0,-0.35155909468853286,-0.35155909468853286,0.0,WELD_FOUND,0.0,0.6847,True,False,False,False,False,vertical
29.722,0.0,0.0,0.0,0.0,0.0,0.0,0.0,0.0,102,0,0.0945,0.0,-0.35155909468853286,nan,nan,NO_WELD,0.0,0.0,False,False,False,False,False,vertical
29.772,0.0,0.0,0.0,0.0,0.0,0.0,0.0,0.0,110,0,0.1019,0.0,-0.35155909468853286,nan,nan,NO_WELD,0.0,0.0,False,False,False,False,False,vertical
29.822,0.0,0.0,0.0,0.0,0.0,0.0,0.0,0.0,110,0,0.1019,0.0,-0.35155909468853286,nan,nan,NO_WELD,0.0,0.0,False,False,False,False,False,vertical
29.872,0.0,0.0,0.0,0.0,0.0148,0.0,-0.0148,0.0,108,0,0.1001,0.0,-0.35155909468853286,nan,nan,NO_WELD,0.0,0.0,False,False,False,False,False,vertical
29.923,0.0,0.0,0.0,0.0,0.0148,0.0,-0.0148,0.0,108,0,0.1001,0.0,-0.35155909468853286,nan,nan,NO_WELD,0.0,0.0,False,False,False,False,False,vertical
29.972,0.0,0.0,0.0,0.0,0.0119,0.0,-0.0119,0.0,108,0,0.1001,0.0,-0.35155909468853286,nan,nan,NO_WELD,0.0,0.0,False,False,False,False,False,vertical
30.022,0.0,0.0,0.0,0.0,0.0119,0.0,-0.0119,0.0,108,0,0.1001,0.0,-0.35155909468853286,nan,nan,NO_WELD,0.0,0.0,False,False,False,False,False,vertical
30.072,0.0,0.0,0.0,0.0,0.0119,0.0,-0.0119,0.0,108,0,0.1001,0.0,-0.35155909468853286,nan,nan,NO_WELD,0.0,0.0,False,False,False,False,False,vertical
30.122,0.0,0.0,0.0,0.0,0.0095,0.0,-0.0095,0.0,108,0,0.1001,0.0,-0.35155909468853286,nan,nan,NO_WELD,0.0,0.0,False,False,False,False,False,vertical
30.174,0.0,0.0,0.0,0.0,0.0095,0.0,-0.0095,0.0,108,0,0.1001,0.0,-0.35155909468853286,nan,nan,NO_WELD,0.0,0.0,False,False,False,False,False,vertical
30.222,0.0,0.0,0.0,0.0,0.0076,0.0,-0.0076,0.0,108,0,0.1001,0.0,-0.35155909468853286,nan,nan,NO_WELD,0.0,0.0,False,False,False,False,False,vertical
30.272,0.0,0.0,0.0,0.0,0.0076,0.0,-0.0076,0.0,108,0,0.1001,0.0,-0.35155909468853286,nan,nan,NO_WELD,0.0,0.0,False,False,False,False,False,vertical
30.322,0.0,0.0,0.0,0.0,0.0076,0.0,-0.0076,0.0,108,0,0.1001,0.0,-0.35155909468853286,nan,nan,NO_WELD,0.0,0.0,False,False,False,False,False,vertical
30.372,0.0,0.0,0.0,0.0,0.0061,0.0,-0.0061,0.0,108,0,0.1001,0.0,-0.35155909468853286,nan,nan,NO_WELD,0.0,0.0,False,False,False,False,False,vertical
30.422,0.0,0.0,0.0,0.0,0.0061,0.0,-0.0061,0.0,108,0,0.1001,0.0,-0.35155909468853286,nan,nan,NO_WELD,0.0,0.0,False,False,False,False,False,vertical
30.472,0.0,0.0,0.0,0.0,0.0061,0.0,-0.0061,0.0,108,0,0.1001,0.0,-0.35155909468853286,nan,nan,NO_WELD,0.0,0.0,False,False,False,False,False,vertical
30.522,0.0,0.0,0.0,0.0,0.0049,0.0,-0.0049,0.0,108,0,0.1001,0.0,-0.35155909468853286,nan,nan,NO_WELD,0.0,0.0,False,False,False,False,False,vertical
30.572,0.0,0.0,0.0,0.0,0.0049,0.0,-0.0049,0.0,108,0,0.1001,0.0,-0.35155909468853286,nan,nan,NO_WELD,0.0,0.0,False,False,False,False,False,vertical
30.622,0.0,0.0,0.0,0.0,0.0049,0.0,-0.0049,0.0,108,0,0.1001,0.0,-0.35155909468853286,nan,nan,NO_WELD,0.0,0.0,False,False,False,False,False,vertical
30.672,0.0,0.0,0.0,0.0,0.0039,0.0,-0.0039,0.0,108,0,0.1001,0.0,-0.35155909468853286,nan,nan,NO_WELD,0.0,0.0,False,False,False,False,False,vertical
30.722,0.0,0.0,0.0,0.0,0.0039,0.0,-0.0039,0.0,108,0,0.1001,0.0,-0.35155909468853286,nan,nan,NO_WELD,0.0,0.0,False,False,False,False,False,vertical
30.772,0.0,0.0,0.0,0.0,0.0039,0.0,-0.0039,0.0,108,0,0.1001,0.0,-0.35155909468853286,nan,nan,NO_WELD,0.0,0.0,False,False,False,False,False,vertical
30.822,0.0,0.0,0.0,0.0,0.0031,0.0,-0.0031,0.0,108,0,0.1001,0.0,-2.8124966631703576,nan,nan,NO_WELD,0.0,0.0,False,False,False,False,False,vertical
30.872,0.0,0.0,0.0,0.0,0.0031,0.0,-0.0031,0.0,108,0,0.1001,0.0,-2.8124966631703576,nan,nan,NO_WELD,0.0,0.0,False,False,False,False,False,vertical
30.922,0.0,0.0,0.0,0.0,0.0031,0.0,-0.0031,0.0,108,0,0.1001,0.0,-1.0546840875743422,nan,nan,NO_WELD,0.0,0.0,False,False,False,False,False,vertical
30.972,0.0,0.0,0.0,0.0,0.0025,0.0,-0.0025,0.0,108,0,0.1001,0.0,-1.0546840875743422,nan,nan,NO_WELD,0.0,0.0,False,False,False,False,False,vertical
31.022,0.0,0.0,0.0,0.0,0.0025,0.0,-0.0025,0.0,108,0,0.1001,0.0,-2.1093715902432693,nan,nan,NO_WELD,0.0,0.0,False,False,False,False,False,vertical
31.072,0.0,0.0,0.0,0.0,0.002,0.0,-0.002,0.0,108,0,0.1001,0.0,-2.1093715902432693,nan,nan,NO_WELD,0.0,0.0,False,False,False,False,False,vertical
31.122,0.0,0.0,0.0,0.0,0.002,0.0,-0.002,0.0,108,0,0.1001,0.0,-2.1093715902432693,nan,nan,NO_WELD,0.0,0.0,False,False,False,False,False,vertical
31.174,0.0,0.0,0.0,0.0,0.002,0.0,-0.002,0.0,108,0,0.1001,0.0,-2.1093715902432693,nan,nan,NO_WELD,0.0,0.0,False,False,False,False,False,vertical
31.222,0.0,0.0,0.0,0.0,0.0016,0.0,-0.0016,0.0,108,0,0.1001,0.0,-2.460934233428519,nan,nan,NO_WELD,0.0,0.0,False,False,False,False,False,vertical
31.272,0.0,0.0,0.0,0.0,0.0016,0.0,-0.0016,0.0,108,0,0.1001,0.0,-2.460934233428519,nan,nan,NO_WELD,0.0,0.0,False,False,False,False,False,vertical
31.322,0.044156911392564176,0.05,0.051656911392564175,0.036656911392564176,0.0013,0.0,0.0504,0.0367,108,0,0.1001,0.0,-1.7578091605014305,-1.7578091605014305,0.0,WELD_FOUND,0.6609,0.5713,False,False,False,False,False,vertical
31.372,0.044156911392564176,0.05,0.051656911392564175,0.036656911392564176,0.0013,0.0,0.0504,0.0367,108,0,0.1001,0.0,-1.7578091605014305,-1.7578091605014305,0.0,WELD_FOUND,0.6609,0.5713,False,False,False,False,False,vertical
31.422,0.04266298928041174,0.1,0.05766298928041174,0.02766298928041174,0.0013,0.0,0.0564,0.0277,108,0,0.1001,0.0,-2.1093715902432693,-1.9335904820940557,-0.17578110814921355,WELD_FOUND,0.6887,0.4311,False,False,False,False,False,vertical
31.472,0.04266298928041174,0.1,0.05766298928041174,0.02766298928041174,0.0156,0.0,0.0421,0.0277,114,0,0.1057,0.0,-2.1093715902432693,-1.9335904820940557,-0.17578110814921355,WELD_FOUND,0.6887,0.4311,False,False,False,False,False,vertical
31.522,0.0,0.0,0.0,0.0,0.0156,0.0,-0.0156,0.0,114,0,0.1057,0.0,-2.1093715902432693,nan,nan,NO_WELD,0.0,0.0,False,False,False,False,False,vertical
31.572,0.0,0.0,0.0,0.0,0.039,0.0,-0.039,0.0,122,0,0.1131,0.0,-2.1093715902432693,nan,nan,NO_WELD,0.0,0.0,False,False,False,False,False,vertical
31.622,0.0,0.0,0.0,0.0,0.039,0.0,-0.039,0.0,122,0,0.1131,0.0,-2.1093715902432693,nan,nan,NO_WELD,0.0,0.0,False,False,False,False,False,vertical
31.673,0.0,0.0,0.0,0.0,0.0312,0.0,-0.0312,0.0,122,0,0.1131,0.0,-2.1093715902432693,nan,nan,NO_WELD,0.0,0.0,False,False,False,False,False,vertical
31.722,0.0,0.0,0.0,0.0,0.0312,0.0,-0.0312,0.0,122,0,0.1131,0.0,-2.1093715902432693,nan,nan,NO_WELD,0.0,0.0,False,False,False,False,False,vertical
31.772,0.0,0.0,0.0,0.0,0.0312,0.0,-0.0312,0.0,122,0,0.1131,0.0,-2.1093715902432693,nan,nan,NO_WELD,0.0,0.0,False,False,False,False,False,vertical
31.822,0.0,0.0,0.0,0.0,0.025,0.0,-0.025,0.0,122,0,0.1131,0.0,-2.1093715902432693,nan,nan,NO_WELD,0.0,0.0,False,False,False,False,False,vertical
31.872,0.0,0.0,0.0,0.0,0.025,0.0,-0.025,0.0,122,0,0.1131,0.0,-2.1093715902432693,nan,nan,NO_WELD,0.0,0.0,False,False,False,False,False,vertical
31.922,0.0,0.0,0.0,0.0,0.02,0.0,-0.02,0.0,122,0,0.1131,0.0,-2.1093715902432693,nan,nan,NO_WELD,0.0,0.0,False,False,False,False,False,vertical
31.972,0.0,0.0,0.0,0.0,0.02,0.0,-0.02,0.0,122,0,0.1131,0.0,-2.1093715902432693,nan,nan,NO_WELD,0.0,0.0,False,False,False,False,False,vertical
32.022,0.0,0.0,0.0,0.0,0.02,0.0,-0.02,0.0,122,0,0.1131,0.0,-2.1093715902432693,nan,nan,NO_WELD,0.0,0.0,False,False,False,False,False,vertical
32.072,0.0,0.0,0.0,0.0,0.016,0.0,-0.016,0.0,122,0,0.1131,0.0,-2.1093715902432693,nan,nan,NO_WELD,0.0,0.0,False,False,False,False,False,vertical
32.122,0.0,0.0,0.0,0.0,0.016,0.0,-0.016,0.0,122,0,0.1131,0.0,-2.1093715902432693,nan,nan,NO_WELD,0.0,0.0,False,False,False,False,False,vertical
32.174,0.0,0.0,0.0,0.0,0.0128,0.0,-0.0128,0.0,122,0,0.1131,0.0,-2.1093715902432693,nan,nan,NO_WELD,0.0,0.0,False,False,False,False,False,vertical
32.222,0.0,0.0,0.0,0.0,0.0128,0.0,-0.0128,0.0,122,0,0.1131,0.0,-2.1093715902432693,nan,nan,NO_WELD,0.0,0.0,False,False,False,False,False,vertical
32.272,0.0,0.0,0.0,0.0,0.0102,0.0,-0.0102,0.0,122,0,0.1131,0.0,-2.1093715902432693,nan,nan,NO_WELD,0.0,0.0,False,False,False,False,False,vertical
32.322,0.0,0.0,0.0,0.0,0.0102,0.0,-0.0102,0.0,122,0,0.1131,0.0,-2.1093715902432693,nan,nan,NO_WELD,0.0,0.0,False,False,False,False,False,vertical
32.372,0.0,0.0,0.0,0.0,0.0082,0.0,-0.0082,0.0,122,0,0.1131,0.0,-2.1093715902432693,nan,nan,NO_WELD,0.0,0.0,False,False,False,False,False,vertical
32.422,0.0,0.0,0.0,0.0,0.0082,0.0,-0.0082,0.0,122,0,0.1131,0.0,-2.1093715902432693,nan,nan,NO_WELD,0.0,0.0,False,False,False,False,False,vertical
32.472,0.0,0.0,0.0,0.0,0.0082,0.0,-0.0082,0.0,122,0,0.1131,0.0,-2.1093715902432693,nan,nan,NO_WELD,0.0,0.0,False,False,False,False,False,vertical
32.522,0.0,0.0,0.0,0.0,0.0065,0.0,-0.0065,0.0,122,0,0.1131,0.0,-2.1093715902432693,nan,nan,NO_WELD,0.0,0.0,False,False,False,False,False,vertical
32.572,0.0,0.0,0.0,0.0,0.0065,0.0,-0.0065,0.0,122,0,0.1131,0.0,-2.1093715902432693,nan,nan,NO_WELD,0.0,0.0,False,False,False,False,False,vertical
32.622,0.0,0.0,0.0,0.0,0.0065,0.0,-0.0065,0.0,122,0,0.1131,0.0,0.35156592487770283,nan,nan,NO_WELD,0.0,0.0,False,False,False,False,False,vertical
32.672,0.0,0.0,0.0,0.0,0.0052,0.0,-0.0052,0.0,122,0,0.1131,0.0,0.35156592487770283,nan,nan,NO_WELD,0.0,0.0,False,False,False,False,False,vertical
32.722,0.0,0.0,0.0,0.0,0.0052,0.0,-0.0052,0.0,122,0,0.1131,0.0,0.7031284346608206,nan,nan,NO_WELD,0.0,0.0,False,False,False,False,False,vertical
32.772,0.0,0.0,0.0,0.0,0.0042,0.0,-0.0042,0.0,122,0,0.1131,0.0,0.7031284346608206,nan,nan,NO_WELD,0.0,0.0,False,False,False,False,False,vertical
32.822,0.0,0.0,0.0,0.0,0.0042,0.0,-0.0042,0.0,122,0,0.1131,0.0,0.7031284346608206,nan,nan,NO_WELD,0.0,0.0,False,False,False,False,False,vertical
32.872,0.0,0.0,0.0,0.0,0.0042,0.0,-0.0042,0.0,122,0,0.1131,0.0,0.7031284346608206,nan,nan,NO_WELD,0.0,0.0,False,False,False,False,False,vertical
32.922,0.0,0.0,0.0,0.0,0.0034,0.0,-0.0034,0.0,122,0,0.1131,0.0,0.7031284346608206,nan,nan,NO_WELD,0.0,0.0,False,False,False,False,False,vertical
32.972,0.0,0.0,0.0,0.0,0.0034,0.0,-0.0034,0.0,122,0,0.1131,0.0,0.7031284346608206,nan,nan,NO_WELD,0.0,0.0,False,False,False,False,False,vertical
33.022,0.0,0.0,0.0,0.0,0.0034,0.0,-0.0034,0.0,122,0,0.1131,0.0,0.7031284346608206,nan,nan,NO_WELD,0.0,0.0,False,False,False,False,False,vertical
33.072,0.0,0.0,0.0,0.0,0.0027,0.0,-0.0027,0.0,122,0,0.1131,0.0,0.7031284346608206,nan,nan,NO_WELD,0.0,0.0,False,False,False,False,False,vertical
33.122,0.0,0.0,0.0,0.0,0.0027,0.0,-0.0027,0.0,122,0,0.1131,0.0,0.7031284346608206,nan,nan,NO_WELD,0.0,0.0,False,False,False,False,False,vertical
33.174,0.0,0.0,0.0,0.0,0.0027,0.0,-0.0027,0.0,122,0,0.1131,0.0,0.7031284346608206,nan,nan,NO_WELD,0.0,0.0,False,False,False,False,False,vertical
33.222,0.0,0.0,0.0,0.0,0.0021,0.0,-0.0021,0.0,122,0,0.1131,0.0,0.7031284346608206,nan,nan,NO_WELD,0.0,0.0,False,False,False,False,False,vertical
33.272,0.0,0.0,0.0,0.0,0.0021,0.0,-0.0021,0.0,122,0,0.1131,0.0,0.7031284346608206,nan,nan,NO_WELD,0.0,0.0,False,False,False,False,False,vertical
33.322,0.0,0.0,0.0,0.0,0.0017,0.0,-0.0017,0.0,122,0,0.1131,0.0,0.7031284346608206,nan,nan,NO_WELD,0.0,0.0,False,False,False,False,False,vertical
33.372,0.0,0.0,0.0,0.0,0.0017,0.0,-0.0017,0.0,122,0,0.1131,0.0,0.7031284346608206,nan,nan,NO_WELD,0.0,0.0,False,False,False,False,False,vertical
33.422,0.060509982066287694,-0.025005380417521508,0.05675917500365947,0.06426078912891592,0.0017,0.0,0.055,0.0643,122,0,0.1131,0.0,0.35156592487770283,0.35156592487770283,0.0,WELD_FOUND,0.0,0.7193,True,False,False,False,False,vertical
33.472,0.060509982066287694,-0.025005380417521508,0.05675917500365947,0.06426078912891592,-0.0014,0.0,0.0582,0.0643,121,0,0.1121,0.0,0.35156592487770283,0.35156592487770283,0.0,WELD_FOUND,0.0,0.7193,True,False,False,False,False,vertical
33.522,0.0,0.0,0.0,0.0,-0.0014,0.0,0.0014,0.0,121,0,0.1121,0.0,0.35156592487770283,nan,nan,NO_WELD,0.0,0.0,False,False,False,False,False,vertical
33.572,0.0,0.0,0.0,0.0,-0.0014,0.0,0.0014,0.0,129,0,0.1196,0.0,0.35156592487770283,nan,nan,NO_WELD,0.0,0.0,False,False,False,False,False,vertical
33.622,0.0,0.0,0.0,0.0,0.0189,0.0,-0.0189,0.0,129,0,0.1196,0.0,0.35156592487770283,nan,nan,NO_WELD,0.0,0.0,False,False,False,False,False,vertical
33.672,0.0,0.0,0.0,0.0,0.0189,0.0,-0.0189,0.0,127,0,0.1177,0.0,0.35156592487770283,nan,nan,NO_WELD,0.0,0.0,False,False,False,False,False,vertical
33.722,0.0,0.0,0.0,0.0,0.0039,0.0,-0.0039,0.0,127,0,0.1177,0.0,0.35156592487770283,nan,nan,NO_WELD,0.0,0.0,False,False,False,False,False,vertical
33.772,0.0,0.0,0.0,0.0,0.0039,0.0,-0.0039,0.0,126,0,0.1168,0.0,0.35156592487770283,nan,nan,NO_WELD,0.0,0.0,False,False,False,False,False,vertical
33.822,0.0,0.0,0.0,0.0,-0.0013,0.0,0.0013,0.0,126,0,0.1168,0.0,0.35156592487770283,nan,nan,NO_WELD,0.0,0.0,False,False,False,False,False,vertical
33.872,0.0,0.0,0.0,0.0,-0.0013,0.0,0.0013,0.0,126,0,0.1168,0.0,0.35156592487770283,nan,nan,NO_WELD,0.0,0.0,False,False,False,False,False,vertical
33.922,0.0,0.0,0.0,0.0,-0.0013,0.0,0.0013,0.0,126,0,0.1168,0.0,0.35156592487770283,nan,nan,NO_WELD,0.0,0.0,False,False,False,False,False,vertical
33.972,0.0,0.0,0.0,0.0,-0.0011,0.0,0.0011,0.0,126,0,0.1168,0.0,0.35156592487770283,nan,nan,NO_WELD,0.0,0.0,False,False,False,False,False,vertical
34.022,0.0,0.0,0.0,0.0,-0.0011,0.0,0.0011,0.0,126,0,0.1168,0.0,-0.35155909468853286,-0.35155909468853286,0.0,WELD_FOUND,0.0,0.0,False,False,False,False,False,vertical
34.072,0.0,0.0,0.0,0.0,-0.0011,0.0,0.0011,0.0,126,0,0.1168,0.0,-0.35155909468853286,-0.35155909468853286,0.0,WELD_FOUND,0.0,0.0,False,False,False,False,False,vertical
34.122,0.0,0.0,0.0,0.0,0.0,0.0,0.0,0.0,126,0,0.1168,0.0,-0.35155909468853286,nan,nan,NO_WELD,0.0,0.0,False,False,False,False,False,vertical
34.174,0.0,0.0,0.0,0.0,0.0,0.0,0.0,0.0,126,0,0.1168,0.0,-0.35155909468853286,nan,nan,NO_WELD,0.0,0.0,False,False,False,False,False,vertical
34.222,0.0,0.0,0.0,0.0,0.0,0.0,0.0,0.0,126,0,0.1168,0.0,-0.35155909468853286,nan,nan,NO_WELD,0.0,0.0,False,False,False,False,False,vertical
34.272,0.0,0.0,0.0,0.0,0.0,0.0,0.0,0.0,126,0,0.1168,0.0,-0.35155909468853286,nan,nan,NO_WELD,0.0,0.0,False,False,False,False,False,vertical
34.322,0.0,0.0,0.0,0.0,0.0,0.0,0.0,0.0,126,0,0.1168,0.0,-0.35155909468853286,nan,nan,NO_WELD,0.0,0.0,False,False,False,False,False,vertical
34.372,0.0,0.0,0.0,0.0,0.0,0.0,0.0,0.0,126,0,0.1168,0.0,-0.35155909468853286,nan,nan,NO_WELD,0.0,0.0,False,False,False,False,False,vertical
34.423,0.0,0.0,0.0,0.0,0.0,0.0,0.0,0.0,126,0,0.1168,0.0,-0.35155909468853286,nan,nan,NO_WELD,0.0,0.0,False,False,False,False,False,vertical
34.472,0.0,0.0,0.0,0.0,0.0,0.0,0.0,0.0,126,0,0.1168,0.0,-0.35155909468853286,nan,nan,NO_WELD,0.0,0.0,False,False,False,False,False,vertical
34.522,0.0,0.0,0.0,0.0,0.0,0.0,0.0,0.0,126,0,0.1168,0.0,-0.35155909468853286,nan,nan,NO_WELD,0.0,0.0,False,False,False,False,False,vertical
34.572,0.0,0.0,0.0,0.0,0.0,0.0,0.0,0.0,126,0,0.1168,0.0,-0.35155909468853286,nan,nan,NO_WELD,0.0,0.0,False,False,False,False,False,vertical
34.622,0.0,0.0,0.0,0.0,0.0,0.0,0.0,0.0,126,0,0.1168,0.0,-0.35155909468853286,nan,nan,NO_WELD,0.0,0.0,False,False,False,False,False,vertical
34.672,0.0,0.0,0.0,0.0,0.0,0.0,0.0,0.0,126,0,0.1168,0.0,-0.35155909468853286,nan,nan,NO_WELD,0.0,0.0,False,False,False,False,False,vertical
34.722,0.0,0.0,0.0,0.0,0.0,0.0,0.0,0.0,126,0,0.1168,0.0,-0.35155909468853286,nan,nan,NO_WELD,0.0,0.0,False,False,False,False,False,vertical
34.772,0.0,0.0,0.0,0.0,0.0,0.0,0.0,0.0,126,0,0.1168,0.0,-0.35155909468853286,nan,nan,NO_WELD,0.0,0.0,False,False,False,False,False,vertical
34.822,0.05618076613580716,0.05,0.06368076613580716,0.04868076613580716,0.0,0.0,0.0637,0.0487,126,0,0.1168,0.0,-0.7031216044716506,-0.7031216044716506,0.0,WELD_FOUND,0.7166,0.6471,False,False,False,False,False,vertical
34.872,0.05618076613580716,0.05,0.06368076613580716,0.04868076613580716,0.0,0.0,0.0637,0.0487,126,0,0.1168,0.0,-0.7031216044716506,-0.7031216044716506,0.0,WELD_FOUND,0.7166,0.6471,False,False,False,False,False,vertical
34.922,0.0,0.0,0.0,0.0,0.0,0.0,0.0,0.0,126,0,0.1168,0.0,-0.7031216044716506,nan,nan,NO_WELD,0.0,0.0,False,False,False,False,False,vertical
34.972,0.0,0.0,0.0,0.0,0.0395,0.0,-0.0395,0.0,142,0,0.1316,0.0,-0.7031216044716506,nan,nan,NO_WELD,0.0,0.0,False,False,False,False,False,vertical
35.022,0.0,0.0,0.0,0.0,0.0395,0.0,-0.0395,0.0,142,0,0.1316,0.0,-0.7031216044716506,nan,nan,NO_WELD,0.0,0.0,False,False,False,False,False,vertical
35.072,0.0,0.0,0.0,0.0,0.02,0.0,-0.02,0.0,141,0,0.1307,0.0,-0.7031216044716506,nan,nan,NO_WELD,0.0,0.0,False,False,False,False,False,vertical
35.122,0.0,0.0,0.0,0.0,0.02,0.0,-0.02,0.0,141,0,0.1307,0.0,-0.7031216044716506,nan,nan,NO_WELD,0.0,0.0,False,False,False,False,False,vertical
35.174,0.0,0.0,0.0,0.0,0.016,0.0,-0.016,0.0,141,0,0.1307,0.0,-0.7031216044716506,nan,nan,NO_WELD,0.0,0.0,False,False,False,False,False,vertical
35.222,0.0,0.0,0.0,0.0,0.016,0.0,-0.016,0.0,141,0,0.1307,0.0,-0.7031216044716506,nan,nan,NO_WELD,0.0,0.0,False,False,False,False,False,vertical
35.272,0.0,0.0,0.0,0.0,0.016,0.0,-0.016,0.0,141,0,0.1307,0.0,-0.7031216044716506,nan,nan,NO_WELD,0.0,0.0,False,False,False,False,False,vertical
35.322,0.0,0.0,0.0,0.0,0.0128,0.0,-0.0128,0.0,141,0,0.1307,0.0,-0.7031216044716506,nan,nan,NO_WELD,0.0,0.0,False,False,False,False,False,vertical
35.372,0.0,0.0,0.0,0.0,0.0128,0.0,-0.0128,0.0,141,0,0.1307,0.0,-0.7031216044716506,nan,nan,NO_WELD,0.0,0.0,False,False,False,False,False,vertical
35.422,0.0,0.0,0.0,0.0,0.0103,0.0,-0.0103,0.0,141,0,0.1307,0.0,-0.7031216044716506,nan,nan,NO_WELD,0.0,0.0,False,False,False,False,False,vertical
35.472,0.0,0.0,0.0,0.0,0.0103,0.0,-0.0103,0.0,141,0,0.1307,0.0,-0.7031216044716506,nan,nan,NO_WELD,0.0,0.0,False,False,False,False,False,vertical
35.522,0.0,0.0,0.0,0.0,0.0082,0.0,-0.0082,0.0,141,0,0.1307,0.0,-0.7031216044716506,nan,nan,NO_WELD,0.0,0.0,False,False,False,False,False,vertical
35.572,0.0,0.0,0.0,0.0,0.0082,0.0,-0.0082,0.0,141,0,0.1307,0.0,-0.7031216044716506,nan,nan,NO_WELD,0.0,0.0,False,False,False,False,False,vertical
35.622,0.0,0.0,0.0,0.0,0.0082,0.0,-0.0082,0.0,141,0,0.1307,0.0,-0.7031216044716506,nan,nan,NO_WELD,0.0,0.0,False,False,False,False,False,vertical
35.672,0.0,0.0,0.0,0.0,0.0066,0.0,-0.0066,0.0,141,0,0.1307,0.0,-0.7031216044716506,nan,nan,NO_WELD,0.0,0.0,False,False,False,False,False,vertical
35.722,0.0,0.0,0.0,0.0,0.0066,0.0,-0.0066,0.0,141,0,0.1307,0.0,-0.7031216044716506,nan,nan,NO_WELD,0.0,0.0,False,False,False,False,False,vertical
35.772,0.0,0.0,0.0,0.0,0.0052,0.0,-0.0052,0.0,141,0,0.1307,0.0,-0.7031216044716506,nan,nan,NO_WELD,0.0,0.0,False,False,False,False,False,vertical
35.822,0.0,0.0,0.0,0.0,0.0052,0.0,-0.0052,0.0,141,0,0.1307,0.0,-0.7031216044716506,nan,nan,NO_WELD,0.0,0.0,False,False,False,False,False,vertical
35.872,0.0,0.0,0.0,0.0,0.0052,0.0,-0.0052,0.0,141,0,0.1307,0.0,-0.7031216044716506,nan,nan,NO_WELD,0.0,0.0,False,False,False,False,False,vertical
35.922,0.0,0.0,0.0,0.0,0.0042,0.0,-0.0042,0.0,141,0,0.1307,0.0,0.35156592487770283,nan,nan,NO_WELD,0.0,0.0,False,False,False,False,False,vertical
35.972,0.0,0.0,0.0,0.0,0.0042,0.0,-0.0042,0.0,141,0,0.1307,0.0,0.35156592487770283,nan,nan,NO_WELD,0.0,0.0,False,False,False,False,False,vertical
36.022,0.0,0.0,0.0,0.0,0.0034,0.0,-0.0034,0.0,141,0,0.1307,0.0,-1.0546840875743422,nan,nan,NO_WELD,0.0,0.0,False,False,False,False,False,vertical
36.072,0.0,0.0,0.0,0.0,0.0034,0.0,-0.0034,0.0,141,0,0.1307,0.0,-1.0546840875743422,nan,nan,NO_WELD,0.0,0.0,False,False,False,False,False,vertical
36.122,0.0,0.0,0.0,0.0,0.0034,0.0,-0.0034,0.0,141,0,0.1307,0.0,-0.7031216044716506,nan,nan,NO_WELD,0.0,0.0,False,False,False,False,False,vertical
36.174,0.0,0.0,0.0,0.0,0.0027,0.0,-0.0027,0.0,141,0,0.1307,0.0,-0.7031216044716506,nan,nan,NO_WELD,0.0,0.0,False,False,False,False,False,vertical
36.222,0.0,0.0,0.0,0.0,0.0027,0.0,-0.0027,0.0,141,0,0.1307,0.0,-0.7031216044716506,nan,nan,NO_WELD,0.0,0.0,False,False,False,False,False,vertical
36.272,0.0,0.0,0.0,0.0,0.0021,0.0,-0.0021,0.0,141,0,0.1307,0.0,-0.7031216044716506,nan,nan,NO_WELD,0.0,0.0,False,False,False,False,False,vertical
36.322,0.0,0.0,0.0,0.0,0.0021,0.0,-0.0021,0.0,141,0,0.1307,0.0,-0.7031216044716506,nan,nan,NO_WELD,0.0,0.0,False,False,False,False,False,vertical
36.372,0.0,0.0,0.0,0.0,0.0017,0.0,-0.0017,0.0,141,0,0.1307,0.0,-0.7031216044716506,nan,nan,NO_WELD,0.0,0.0,False,False,False,False,False,vertical
36.422,0.0,0.0,0.0,0.0,0.0017,0.0,-0.0017,0.0,141,0,0.1307,0.0,-0.7031216044716506,nan,nan,NO_WELD,0.0,0.0,False,False,False,False,False,vertical
36.472,0.0,0.0,0.0,0.0,0.0017,0.0,-0.0017,0.0,141,0,0.1307,0.0,-0.7031216044716506,nan,nan,NO_WELD,0.0,0.0,False,False,False,False,False,vertical
36.522,0.0,0.0,0.0,0.0,0.0014,0.0,-0.0014,0.0,141,0,0.1307,0.0,-0.7031216044716506,nan,nan,NO_WELD,0.0,0.0,False,False,False,False,False,vertical
36.572,0.0,0.0,0.0,0.0,0.0014,0.0,-0.0014,0.0,141,0,0.1307,0.0,-0.7031216044716506,nan,nan,NO_WELD,0.0,0.0,False,False,False,False,False,vertical
36.622,0.0,0.0,0.0,0.0,0.0011,0.0,-0.0011,0.0,141,0,0.1307,0.0,-0.7031216044716506,nan,nan,NO_WELD,0.0,0.0,False,False,False,False,False,vertical
36.672,0.0,0.0,0.0,0.0,0.0011,0.0,-0.0011,0.0,141,0,0.1307,0.0,-0.7031216044716506,nan,nan,NO_WELD,0.0,0.0,False,False,False,False,False,vertical
36.722,0.0,0.0,0.0,0.0,0.0,0.0,0.0,0.0,141,0,0.1307,0.0,-0.35155909468853286,-0.35155909468853286,0.0,WELD_FOUND,0.0,0.0,False,False,False,False,False,vertical
36.772,0.0,0.0,0.0,0.0,0.0,0.0,0.0,0.0,141,0,0.1307,0.0,-0.35155909468853286,-0.35155909468853286,0.0,WELD_FOUND,0.0,0.0,False,False,False,False,False,vertical
36.822,0.05832533271852822,0.037507601963648746,0.06395147301307552,0.052699192423980905,0.0,0.0,0.064,0.0527,141,0,0.1307,0.0,-0.7031216044716506,-0.5273403362398785,-0.1757812682317721,WELD_FOUND,0.7178,0.6657,False,False,False,False,False,vertical
36.872,0.05832533271852822,0.037507601963648746,0.06395147301307552,0.052699192423980905,0.0,0.0,0.064,0.0527,141,0,0.1307,0.0,-0.7031216044716506,-0.5273403362398785,-0.1757812682317721,WELD_FOUND,0.7178,0.6657,False,False,False,False,False,vertical
36.922,0.05660646595070821,0.05030353846077152,0.06415199671982394,0.04906093518159248,0.0,0.0,0.0642,0.0491,141,0,0.1307,0.0,-0.7031216044716506,-0.7031216044716506,0.0,WELD_FOUND,0.7188,0.6489,False,False,False,False,False,vertical
36.972,0.05660646595070821,0.05030353846077152,0.06415199671982394,0.04906093518159248,0.0408,0.0,0.0234,0.0491,152,0,0.1409,0.0,-0.7031216044716506,-0.7031216044716506,0.0,WELD_FOUND,0.7188,0.6489,False,False,False,False,False,vertical
37.022,0.0,0.0,0.0,0.0,0.0408,0.0,-0.0408,0.0,152,0,0.1409,0.0,-0.7031216044716506,nan,nan,NO_WELD,0.0,0.0,False,False,False,False,False,vertical
37.072,0.0,0.0,0.0,0.0,0.0764,0.0,-0.0764,0.0,166,0,0.1538,0.0,-0.7031216044716506,nan,nan,NO_WELD,0.0,0.0,False,False,False,False,False,vertical
37.122,0.0,0.0,0.0,0.0,0.0764,0.0,-0.0764,0.0,166,0,0.1538,0.0,-0.7031216044716506,nan,nan,NO_WELD,0.0,0.0,False,False,False,False,False,vertical
37.174,0.0,0.0,0.0,0.0,0.0421,0.0,-0.0421,0.0,165,0,0.1529,0.0,-0.7031216044716506,nan,nan,NO_WELD,0.0,0.0,False,False,False,False,False,vertical
37.222,0.0,0.0,0.0,0.0,0.0421,0.0,-0.0421,0.0,165,0,0.1529,0.0,-0.7031216044716506,nan,nan,NO_WELD,0.0,0.0,False,False,False,False,False,vertical
37.272,0.0,0.0,0.0,0.0,0.0421,0.0,-0.0421,0.0,165,0,0.1529,0.0,-0.7031216044716506,nan,nan,NO_WELD,0.0,0.0,False,False,False,False,False,vertical
37.322,0.0,0.0,0.0,0.0,0.0337,0.0,-0.0337,0.0,165,0,0.1529,0.0,-0.7031216044716506,-0.7031216044716506,0.0,WELD_FOUND,0.0,0.0,False,False,False,False,False,vertical
37.372,0.0,0.0,0.0,0.0,0.0337,0.0,-0.0337,0.0,165,0,0.1529,0.0,-0.7031216044716506,-0.7031216044716506,0.0,WELD_FOUND,0.0,0.0,False,False,False,False,False,vertical
37.422,0.05832533271852822,0.03959243681183884,0.06426419824030405,0.05238646719675239,0.0337,0.0,0.0306,0.0524,165,0,0.1529,0.0,-0.35155909468853286,-0.5273403362398785,0.17578124155134567,WELD_FOUND,0.7193,0.6643,False,False,False,False,False,vertical
37.472,0.05832533271852822,0.03959243681183884,0.06426419824030405,0.05238646719675239,0.027,0.0,0.0373,0.0524,165,0,0.1529,0.0,-0.35155909468853286,-0.5273403362398785,0.17578124155134567,WELD_FOUND,0.7193,0.6643,False,False,False,False,False,vertical
37.522,0.0,0.0,0.0,0.0,0.027,0.0,-0.027,0.0,165,0,0.1529,0.0,-0.35155909468853286,nan,nan,NO_WELD,0.0,0.0,False,False,False,False,False,vertical
37.572,0.0,0.0,0.0,0.0,0.027,0.0,-0.027,0.0,171,0,0.1585,0.0,-0.35155909468853286,nan,nan,NO_WELD,0.0,0.0,False,False,False,False,False,vertical
37.622,0.05324585695677996,0.05,0.06074585695677996,0.04574585695677996,0.031,0.0,0.0297,0.0457,171,0,0.1585,0.0,-1.0546840875743422,-1.0546840875743422,0.0,WELD_FOUND,0.703,0.6335,False,False,False,False,False,vertical
37.672,0.05324585695677996,0.05,0.06074585695677996,0.04574585695677996,0.031,0.0,0.0297,0.0457,170,0,0.1576,0.0,-1.0546840875743422,-1.0546840875743422,0.0,WELD_FOUND,0.703,0.6335,False,False,False,False,False,vertical
37.722,0.0,0.0,0.0,0.0,0.031,0.0,-0.031,0.0,170,0,0.1576,0.0,-1.0546840875743422,nan,nan,NO_WELD,0.0,0.0,False,False,False,False,False,vertical
37.772,0.0,0.0,0.0,0.0,0.0433,0.0,-0.0433,0.0,181,0,0.1677,0.0,-1.0546840875743422,nan,nan,NO_WELD,0.0,0.0,False,False,False,False,False,vertical
37.822,0.0,0.0,0.0,0.0,0.0433,0.0,-0.0433,0.0,181,0,0.1677,0.0,-1.0546840875743422,nan,nan,NO_WELD,0.0,0.0,False,False,False,False,False,vertical
37.872,0.0,0.0,0.0,0.0,0.0347,0.0,-0.0347,0.0,181,0,0.1677,0.0,-1.0546840875743422,nan,nan,NO_WELD,0.0,0.0,False,False,False,False,False,vertical
37.922,0.0,0.0,0.0,0.0,0.0347,0.0,-0.0347,0.0,181,0,0.1677,0.0,-1.0546840875743422,nan,nan,NO_WELD,0.0,0.0,False,False,False,False,False,vertical
37.972,0.0,0.0,0.0,0.0,0.0347,0.0,-0.0347,0.0,181,0,0.1677,0.0,-1.0546840875743422,nan,nan,NO_WELD,0.0,0.0,False,False,False,False,False,vertical
38.022,0.0,0.0,0.0,0.0,0.0277,0.0,-0.0277,0.0,181,0,0.1677,0.0,-1.0546840875743422,nan,nan,NO_WELD,0.0,0.0,False,False,False,False,False,vertical
38.072,0.0,0.0,0.0,0.0,0.0277,0.0,-0.0277,0.0,181,0,0.1677,0.0,-1.0546840875743422,nan,nan,NO_WELD,0.0,0.0,False,False,False,False,False,vertical
38.122,0.0,0.0,0.0,0.0,0.0222,0.0,-0.0222,0.0,181,0,0.1677,0.0,-1.0546840875743422,nan,nan,NO_WELD,0.0,0.0,False,False,False,False,False,vertical
38.174,0.0,0.0,0.0,0.0,0.0222,0.0,-0.0222,0.0,181,0,0.1677,0.0,-1.0546840875743422,nan,nan,NO_WELD,0.0,0.0,False,False,False,False,False,vertical
38.222,0.0,0.0,0.0,0.0,0.0222,0.0,-0.0222,0.0,181,0,0.1677,0.0,-1.0546840875743422,nan,nan,NO_WELD,0.0,0.0,False,False,False,False,False,vertical
38.272,0.0,0.0,0.0,0.0,0.0177,0.0,-0.0177,0.0,181,0,0.1677,0.0,-1.0546840875743422,nan,nan,NO_WELD,0.0,0.0,False,False,False,False,False,vertical
38.322,0.0,0.0,0.0,0.0,0.0177,0.0,-0.0177,0.0,181,0,0.1677,0.0,-1.0546840875743422,nan,nan,NO_WELD,0.0,0.0,False,False,False,False,False,vertical
38.372,0.0,0.0,0.0,0.0,0.0142,0.0,-0.0142,0.0,181,0,0.1677,0.0,-1.0546840875743422,nan,nan,NO_WELD,0.0,0.0,False,False,False,False,False,vertical
38.422,0.0,0.0,0.0,0.0,0.0142,0.0,-0.0142,0.0,181,0,0.1677,0.0,-1.0546840875743422,nan,nan,NO_WELD,0.0,0.0,False,False,False,False,False,vertical
38.472,0.0,0.0,0.0,0.0,0.0142,0.0,-0.0142,0.0,181,0,0.1677,0.0,-1.0546840875743422,nan,nan,NO_WELD,0.0,0.0,False,False,False,False,False,vertical
38.522,0.0,0.0,0.0,0.0,0.0114,0.0,-0.0114,0.0,181,0,0.1677,0.0,-1.0546840875743422,nan,nan,NO_WELD,0.0,0.0,False,False,False,False,False,vertical
38.572,0.0,0.0,0.0,0.0,0.0114,0.0,-0.0114,0.0,181,0,0.1677,0.0,-1.0546840875743422,nan,nan,NO_WELD,0.0,0.0,False,False,False,False,False,vertical
38.622,0.0,0.0,0.0,0.0,0.0114,0.0,-0.0114,0.0,181,0,0.1677,0.0,-1.0546840875743422,nan,nan,NO_WELD,0.0,0.0,False,False,False,False,False,vertical
38.672,0.0,0.0,0.0,0.0,0.0091,0.0,-0.0091,0.0,181,0,0.1677,0.0,-1.0546840875743422,nan,nan,NO_WELD,0.0,0.0,False,False,False,False,False,vertical
38.722,0.0,0.0,0.0,0.0,0.0091,0.0,-0.0091,0.0,181,0,0.1677,0.0,-1.0546840875743422,nan,nan,NO_WELD,0.0,0.0,False,False,False,False,False,vertical
38.772,0.0,0.0,0.0,0.0,0.0091,0.0,-0.0091,0.0,181,0,0.1677,0.0,-1.0546840875743422,nan,nan,NO_WELD,0.0,0.0,False,False,False,False,False,vertical
38.822,0.0,0.0,0.0,0.0,0.0073,0.0,-0.0073,0.0,181,0,0.1677,0.0,-1.4062466240378864,nan,nan,NO_WELD,0.0,0.0,False,False,False,False,False,vertical
38.872,0.0,0.0,0.0,0.0,0.0073,0.0,-0.0073,0.0,181,0,0.1677,0.0,-1.4062466240378864,nan,nan,NO_WELD,0.0,0.0,False,False,False,False,False,vertical
38.922,0.0,0.0,0.0,0.0,0.0058,0.0,-0.0058,0.0,181,0,0.1677,0.0,-0.35155909468853286,nan,nan,NO_WELD,0.0,0.0,False,False,False,False,False,vertical
38.972,0.0,0.0,0.0,0.0,0.0058,0.0,-0.0058,0.0,181,0,0.1677,0.0,-0.35155909468853286,nan,nan,NO_WELD,0.0,0.0,False,False,False,False,False,vertical
39.022,0.0,0.0,0.0,0.0,0.0058,0.0,-0.0058,0.0,181,0,0.1677,0.0,-0.35155909468853286,nan,nan,NO_WELD,0.0,0.0,False,False,False,False,False,vertical
39.072,0.0,0.0,0.0,0.0,0.0047,0.0,-0.0047,0.0,181,0,0.1677,0.0,-0.35155909468853286,nan,nan,NO_WELD,0.0,0.0,False,False,False,False,False,vertical
39.122,0.0,0.0,0.0,0.0,0.0047,0.0,-0.0047,0.0,181,0,0.1677,0.0,-0.35155909468853286,nan,nan,NO_WELD,0.0,0.0,False,False,False,False,False,vertical
39.174,0.0,0.0,0.0,0.0,0.0037,0.0,-0.0037,0.0,181,0,0.1677,0.0,-0.35155909468853286,nan,nan,NO_WELD,0.0,0.0,False,False,False,False,False,vertical
39.222,0.0,0.0,0.0,0.0,0.0037,0.0,-0.0037,0.0,181,0,0.1677,0.0,-0.35155909468853286,nan,nan,NO_WELD,0.0,0.0,False,False,False,False,False,vertical
39.272,0.0,0.0,0.0,0.0,0.0037,0.0,-0.0037,0.0,181,0,0.1677,0.0,-0.35155909468853286,nan,nan,NO_WELD,0.0,0.0,False,False,False,False,False,vertical
39.322,0.0,0.0,0.0,0.0,0.003,0.0,-0.003,0.0,181,0,0.1677,0.0,-0.35155909468853286,nan,nan,NO_WELD,0.0,0.0,False,False,False,False,False,vertical
39.372,0.0,0.0,0.0,0.0,0.003,0.0,-0.003,0.0,181,0,0.1677,0.0,-0.35155909468853286,nan,nan,NO_WELD,0.0,0.0,False,False,False,False,False,vertical
39.422,0.05618076613580716,0.05,0.06368076613580716,0.04868076613580716,0.0024,0.0,0.0613,0.0487,181,0,0.1677,0.0,-0.7031216044716506,-0.7031216044716506,0.0,WELD_FOUND,0.7166,0.6471,False,False,False,False,False,vertical
39.472,0.05618076613580716,0.05,0.06368076613580716,0.04868076613580716,0.0024,0.0,0.0613,0.0487,185,0,0.1715,0.0,-0.7031216044716506,-0.7031216044716506,0.0,WELD_FOUND,0.7166,0.6471,False,False,False,False,False,vertical
39.522,0.0,0.0,0.0,0.0,0.0024,0.0,-0.0024,0.0,185,0,0.1715,0.0,-0.7031216044716506,nan,nan,NO_WELD,0.0,0.0,False,False,False,False,False,vertical
39.572,0.0,0.0,0.0,0.0,0.0607,0.0,-0.0607,0.0,205,0,0.19,0.0,-0.7031216044716506,nan,nan,NO_WELD,0.0,0.0,False,False,False,False,False,vertical
39.622,0.0,0.0,0.0,0.0,0.0607,0.0,-0.0607,0.0,205,0,0.19,0.0,-0.7031216044716506,nan,nan,NO_WELD,0.0,0.0,False,False,False,False,False,vertical
39.672,0.0,0.0,0.0,0.0,0.0486,0.0,-0.0486,0.0,205,0,0.19,0.0,-0.7031216044716506,nan,nan,NO_WELD,0.0,0.0,False,False,False,False,False,vertical
39.722,0.0,0.0,0.0,0.0,0.0486,0.0,-0.0486,0.0,205,0,0.19,0.0,-0.7031216044716506,nan,nan,NO_WELD,0.0,0.0,False,False,False,False,False,vertical
39.772,0.0,0.0,0.0,0.0,0.0486,0.0,-0.0486,0.0,205,0,0.19,0.0,-0.7031216044716506,nan,nan,NO_WELD,0.0,0.0,False,False,False,False,False,vertical
39.822,0.0,0.0,0.0,0.0,0.0389,0.0,-0.0389,0.0,205,0,0.19,0.0,3.4150945850063755e-06,3.4150945850063755e-06,0.0,WELD_FOUND,0.0,0.0,False,False,False,False,False,vertical
39.872,0.0,0.0,0.0,0.0,0.0389,0.0,-0.0389,0.0,205,0,0.19,0.0,3.4150945850063755e-06,3.4150945850063755e-06,0.0,WELD_FOUND,0.0,0.0,False,False,False,False,False,vertical
39.922,0.06051006773713692,0.026390382191211082,0.06446862506581859,0.05655151040845526,0.0389,0.0,0.0256,0.0566,205,0,0.19,0.0,-0.7031216044716506,-0.35155909468853286,-0.35156250978311776,WELD_FOUND,0.7202,0.6836,False,False,False,False,False,vertical
39.972,0.06051006773713692,0.026390382191211082,0.06446862506581859,0.05655151040845526,0.0311,0.0,0.0334,0.0566,205,0,0.19,0.0,-0.7031216044716506,-0.35155909468853286,-0.35156250978311776,WELD_FOUND,0.7202,0.6836,False,False,False,False,False,vertical
40.022,0.0,0.0,0.0,0.0,0.0311,0.0,-0.0311,0.0,205,0,0.19,0.0,-0.7031216044716506,nan,nan,NO_WELD,0.0,0.0,False,False,False,False,False,vertical
40.072,0.0,0.0,0.0,0.0,0.0706,0.0,-0.0706,0.0,219,0,0.203,0.0,-0.7031216044716506,nan,nan,NO_WELD,0.0,0.0,False,False,False,False,False,vertical
40.122,0.0,0.0,0.0,0.0,0.0706,0.0,-0.0706,0.0,219,0,0.203,0.0,-0.7031216044716506,nan,nan,NO_WELD,0.0,0.0,False,False,False,False,False,vertical
40.174,0.0,0.0,0.0,0.0,0.0706,0.0,-0.0706,0.0,219,0,0.203,0.0,-0.7031216044716506,nan,nan,NO_WELD,0.0,0.0,False,False,False,False,False,vertical
40.222,0.0,0.0,0.0,0.0,0.0564,0.0,-0.0564,0.0,219,0,0.203,0.0,-0.7031216044716506,nan,nan,NO_WELD,0.0,0.0,False,False,False,False,False,vertical
40.272,0.0,0.0,0.0,0.0,0.0564,0.0,-0.0564,0.0,219,0,0.203,0.0,-0.7031216044716506,nan,nan,NO_WELD,0.0,0.0,False,False,False,False,False,vertical
40.322,0.0,0.0,0.0,0.0,0.0564,0.0,-0.0564,0.0,219,0,0.203,0.0,-0.7031216044716506,nan,nan,NO_WELD,0.0,0.0,False,False,False,False,False,vertical
40.372,0.0,0.0,0.0,0.0,0.0452,0.0,-0.0452,0.0,219,0,0.203,0.0,-0.7031216044716506,nan,nan,NO_WELD,0.0,0.0,False,False,False,False,False,vertical
40.423,0.0,0.0,0.0,0.0,0.0452,0.0,-0.0452,0.0,219,0,0.203,0.0,-0.7031216044716506,nan,nan,NO_WELD,0.0,0.0,False,False,False,False,False,vertical
40.472,0.0,0.0,0.0,0.0,0.0361,0.0,-0.0361,0.0,219,0,0.203,0.0,-0.7031216044716506,nan,nan,NO_WELD,0.0,0.0,False,False,False,False,False,vertical
40.522,0.0,0.0,0.0,0.0,0.0361,0.0,-0.0361,0.0,219,0,0.203,0.0,-0.7031216044716506,nan,nan,NO_WELD,0.0,0.0,False,False,False,False,False,vertical
40.572,0.0,0.0,0.0,0.0,0.0289,0.0,-0.0289,0.0,219,0,0.203,0.0,-0.7031216044716506,nan,nan,NO_WELD,0.0,0.0,False,False,False,False,False,vertical
40.622,0.0,0.0,0.0,0.0,0.0289,0.0,-0.0289,0.0,219,0,0.203,0.0,-0.7031216044716506,nan,nan,NO_WELD,0.0,0.0,False,False,False,False,False,vertical
40.672,0.0,0.0,0.0,0.0,0.0289,0.0,-0.0289,0.0,219,0,0.203,0.0,-0.7031216044716506,nan,nan,NO_WELD,0.0,0.0,False,False,False,False,False,vertical
40.722,0.0,0.0,0.0,0.0,0.0231,0.0,-0.0231,0.0,219,0,0.203,0.0,-0.7031216044716506,nan,nan,NO_WELD,0.0,0.0,False,False,False,False,False,vertical
40.772,0.0,0.0,0.0,0.0,0.0231,0.0,-0.0231,0.0,219,0,0.203,0.0,-0.7031216044716506,nan,nan,NO_WELD,0.0,0.0,False,False,False,False,False,vertical
40.822,0.0,0.0,0.0,0.0,0.0231,0.0,-0.0231,0.0,219,0,0.203,0.0,-0.7031216044716506,nan,nan,NO_WELD,0.0,0.0,False,False,False,False,False,vertical
40.872,0.0,0.0,0.0,0.0,0.0185,0.0,-0.0185,0.0,219,0,0.203,0.0,-0.7031216044716506,nan,nan,NO_WELD,0.0,0.0,False,False,False,False,False,vertical
40.922,0.0,0.0,0.0,0.0,0.0185,0.0,-0.0185,0.0,219,0,0.203,0.0,-0.7031216044716506,nan,nan,NO_WELD,0.0,0.0,False,False,False,False,False,vertical
40.972,0.0,0.0,0.0,0.0,0.0185,0.0,-0.0185,0.0,219,0,0.203,0.0,-0.7031216044716506,nan,nan,NO_WELD,0.0,0.0,False,False,False,False,False,vertical
41.022,0.0,0.0,0.0,0.0,0.0148,0.0,-0.0148,0.0,219,0,0.203,0.0,-0.7031216044716506,nan,nan,NO_WELD,0.0,0.0,False,False,False,False,False,vertical
41.072,0.0,0.0,0.0,0.0,0.0148,0.0,-0.0148,0.0,219,0,0.203,0.0,-0.7031216044716506,nan,nan,NO_WELD,0.0,0.0,False,False,False,False,False,vertical
41.122,0.0,0.0,0.0,0.0,0.0148,0.0,-0.0148,0.0,219,0,0.203,0.0,-2.8124966631703576,nan,nan,NO_WELD,0.0,0.0,False,False,False,False,False,vertical
41.174,0.0,0.0,0.0,0.0,0.0118,0.0,-0.0118,0.0,219,0,0.203,0.0,-2.8124966631703576,nan,nan,NO_WELD,0.0,0.0,False,False,False,False,False,vertical
41.222,0.0,0.0,0.0,0.0,0.0118,0.0,-0.0118,0.0,219,0,0.203,0.0,-3.5156217360974464,nan,nan,NO_WELD,0.0,0.0,False,False,False,False,False,vertical
41.272,0.0,0.0,0.0,0.0,0.0118,0.0,-0.0118,0.0,219,0,0.203,0.0,-3.5156217360974464,nan,nan,NO_WELD,0.0,0.0,False,False,False,False,False,vertical
41.322,0.0,0.0,0.0,0.0,0.0095,0.0,-0.0095,0.0,219,0,0.203,0.0,-3.5156217360974464,nan,nan,NO_WELD,0.0,0.0,False,False,False,False,False,vertical
41.372,0.0,0.0,0.0,0.0,0.0095,0.0,-0.0095,0.0,219,0,0.203,0.0,-3.5156217360974464,nan,nan,NO_WELD,0.0,0.0,False,False,False,False,False,vertical
41.422,0.0,0.0,0.0,0.0,0.0095,0.0,-0.0095,0.0,219,0,0.203,0.0,-0.35155909468853286,nan,nan,NO_WELD,0.0,0.0,False,False,False,False,False,vertical
41.472,0.0,0.0,0.0,0.0,0.0076,0.0,-0.0076,0.0,219,0,0.203,0.0,-0.35155909468853286,nan,nan,NO_WELD,0.0,0.0,False,False,False,False,False,vertical
41.522,0.0,0.0,0.0,0.0,0.0076,0.0,-0.0076,0.0,219,0,0.203,0.0,-0.35155909468853286,nan,nan,NO_WELD,0.0,0.0,False,False,False,False,False,vertical
41.573,0.0,0.0,0.0,0.0,0.0061,0.0,-0.0061,0.0,219,0,0.203,0.0,-0.35155909468853286,nan,nan,NO_WELD,0.0,0.0,False,False,False,False,False,vertical
41.622,0.0,0.0,0.0,0.0,0.0061,0.0,-0.0061,0.0,219,0,0.203,0.0,-0.35155909468853286,nan,nan,NO_WELD,0.0,0.0,False,False,False,False,False,vertical
41.672,0.0,0.0,0.0,0.0,0.0061,0.0,-0.0061,0.0,219,0,0.203,0.0,-0.35155909468853286,nan,nan,NO_WELD,0.0,0.0,False,False,False,False,False,vertical
41.722,0.0,0.0,0.0,0.0,0.0048,0.0,-0.0048,0.0,219,0,0.203,0.0,-0.35155909468853286,nan,nan,NO_WELD,0.0,0.0,False,False,False,False,False,vertical
41.772,0.0,0.0,0.0,0.0,0.0048,0.0,-0.0048,0.0,219,0,0.203,0.0,-0.35155909468853286,nan,nan,NO_WELD,0.0,0.0,False,False,False,False,False,vertical
41.822,0.0,0.0,0.0,0.0,0.0039,0.0,-0.0039,0.0,219,0,0.203,0.0,-3.164059092912196,nan,nan,NO_WELD,0.0,0.0,False,False,False,False,False,vertical
41.872,0.0,0.0,0.0,0.0,0.0039,0.0,-0.0039,0.0,219,0,0.203,0.0,-3.164059092912196,nan,nan,NO_WELD,0.0,0.0,False,False,False,False,False,vertical
41.922,0.0,0.0,0.0,0.0,0.0039,0.0,-0.0039,0.0,219,0,0.203,0.0,3.1640659231013664,nan,nan,NO_WELD,0.0,0.0,False,False,False,False,False,vertical
41.972,0.0,0.0,0.0,0.0,0.0031,0.0,-0.0031,0.0,219,0,0.203,0.0,3.1640659231013664,nan,nan,NO_WELD,0.0,0.0,False,False,False,False,False,vertical
42.022,0.0,0.0,0.0,0.0,0.0031,0.0,-0.0031,0.0,219,0,0.203,0.0,3.1640659231013664,nan,nan,NO_WELD,0.0,0.0,False,False,False,False,False,vertical
42.072,0.0,0.0,0.0,0.0,0.0025,0.0,-0.0025,0.0,219,0,0.203,0.0,3.1640659231013664,nan,nan,NO_WELD,0.0,0.0,False,False,False,False,False,vertical
42.122,0.0,0.0,0.0,0.0,0.0025,0.0,-0.0025,0.0,219,0,0.203,0.0,3.1640659231013664,nan,nan,NO_WELD,0.0,0.0,False,False,False,False,False,vertical
42.175,0.0,0.0,0.0,0.0,0.002,0.0,-0.002,0.0,219,0,0.203,0.0,3.1640659231013664,nan,nan,NO_WELD,0.0,0.0,False,False,False,False,False,vertical
42.222,0.0,0.0,0.0,0.0,0.002,0.0,-0.002,0.0,219,0,0.203,0.0,3.1640659231013664,nan,nan,NO_WELD,0.0,0.0,False,False,False,False,False,vertical
42.273,0.0,0.0,0.0,0.0,0.0016,0.0,-0.0016,0.0,219,0,0.203,0.0,3.1640659231013664,nan,nan,NO_WELD,0.0,0.0,False,False,False,False,False,vertical
42.322,0.0,0.0,0.0,0.0,0.0016,0.0,-0.0016,0.0,219,0,0.203,0.0,3.1640659231013664,nan,nan,NO_WELD,0.0,0.0,False,False,False,False,False,vertical
42.373,0.0,0.0,0.0,0.0,0.0013,0.0,-0.0013,0.0,219,0,0.203,0.0,3.1640659231013664,nan,nan,NO_WELD,0.0,0.0,False,False,False,False,False,vertical
42.422,0.0,0.0,0.0,0.0,0.0013,0.0,-0.0013,0.0,219,0,0.203,0.0,3.1640659231013664,nan,nan,NO_WELD,0.0,0.0,False,False,False,False,False,vertical
42.473,0.0,0.0,0.0,0.0,0.001,0.0,-0.001,0.0,219,0,0.203,0.0,3.1640659231013664,nan,nan,NO_WELD,0.0,0.0,False,False,False,False,False,vertical
42.522,0.0,0.0,0.0,0.0,0.001,0.0,-0.001,0.0,219,0,0.203,0.0,3.1640659231013664,nan,nan,NO_WELD,0.0,0.0,False,False,False,False,False,vertical
42.573,0.0,0.0,0.0,0.0,0.001,0.0,-0.001,0.0,219,0,0.203,0.0,3.1640659231013664,nan,nan,NO_WELD,0.0,0.0,False,False,False,False,False,vertical
42.622,0.0,0.0,0.0,0.0,0.0,0.0,0.0,0.0,219,0,0.203,0.0,3.1640659231013664,nan,nan,NO_WELD,0.0,0.0,False,False,False,False,False,vertical
42.673,0.0,0.0,0.0,0.0,0.0,0.0,0.0,0.0,219,0,0.203,0.0,3.1640659231013664,nan,nan,NO_WELD,0.0,0.0,False,False,False,False,False,vertical
42.722,0.0,0.0,0.0,0.0,0.0,0.0,0.0,0.0,219,0,0.203,0.0,3.1640659231013664,nan,nan,NO_WELD,0.0,0.0,False,False,False,False,False,vertical
42.773,0.0,0.0,0.0,0.0,0.0,0.0,0.0,0.0,219,0,0.203,0.0,-0.7031216044716506,nan,nan,NO_WELD,0.0,0.0,False,False,False,False,False,vertical
42.822,0.0,0.0,0.0,0.0,0.0,0.0,0.0,0.0,219,0,0.203,0.0,-0.7031216044716506,nan,nan,NO_WELD,0.0,0.0,False,False,False,False,False,vertical
42.873,0.0,0.0,0.0,0.0,0.0,0.0,0.0,0.0,219,0,0.203,0.0,-1.0546840875743422,nan,nan,NO_WELD,0.0,0.0,False,False,False,False,False,vertical
42.922,0.0,0.0,0.0,0.0,0.0,0.0,0.0,0.0,219,0,0.203,0.0,-1.0546840875743422,nan,nan,NO_WELD,0.0,0.0,False,False,False,False,False,vertical
42.973,0.0,0.0,0.0,0.0,0.0,0.0,0.0,0.0,219,0,0.203,0.0,-1.4062466240378864,nan,nan,NO_WELD,0.0,0.0,False,False,False,False,False,vertical
43.022,0.0,0.0,0.0,0.0,0.0,0.0,0.0,0.0,219,0,0.203,0.0,-1.4062466240378864,nan,nan,NO_WELD,0.0,0.0,False,False,False,False,False,vertical
43.072,0.0,0.0,0.0,0.0,0.0,0.0,0.0,0.0,219,0,0.203,0.0,-1.7578091605014305,nan,nan,NO_WELD,0.0,0.0,False,False,False,False,False,vertical
43.122,0.0,0.0,0.0,0.0,0.0,0.0,0.0,0.0,219,0,0.203,0.0,-1.7578091605014305,nan,nan,NO_WELD,0.0,0.0,False,False,False,False,False,vertical
43.175,0.0,0.0,0.0,0.0,0.0,0.0,0.0,0.0,219,0,0.203,0.0,-1.4062466240378864,nan,nan,NO_WELD,0.0,0.0,False,False,False,False,False,vertical
43.222,0.0,0.0,0.0,0.0,0.0,0.0,0.0,0.0,219,0,0.203,0.0,-1.4062466240378864,-1.4062466240378864,0.0,WELD_FOUND,0.0,0.0,False,False,False,False,False,vertical
43.273,0.0,0.0,0.0,0.0,0.0,0.0,0.0,0.0,219,0,0.203,0.0,-0.7031216044716506,-1.4062466240378864,0.7031250195662357,WELD_FOUND,0.0,0.0,False,False,False,False,False,vertical
43.322,0.05201213990251219,0.05,0.05951213990251219,0.04451213990251219,0.0,0.0,0.0595,0.0445,219,0,0.203,0.0,-0.7031216044716506,-1.0546840875743422,0.35156248310269156,WELD_FOUND,0.0,0.6278,True,False,False,False,False,vertical
43.373,0.05201213990251219,0.05,0.05951213990251219,0.04451213990251219,0.0074,0.0,0.0521,0.0445,221,0,0.2048,0.0,-1.4062466240378864,-1.0546840875743422,-0.3515625364635442,WELD_FOUND,0.6973,0.6278,False,False,False,False,False,vertical
43.422,0.04879292445909711,0.1,0.06379292445909711,0.03379292445909711,0.0074,0.0,0.0564,0.0338,221,0,0.2048,0.0,-1.4062466240378864,-1.4062466240378864,0.0,WELD_FOUND,0.7171,0.5266,False,False,False,False,False,vertical
43.473,0.0,0.0,0.0,0.0,0.0415,0.0,-0.0415,0.0,231,0,0.2141,0.0,-1.4062466240378864,nan,nan,NO_WELD,0.0,0.0,False,False,False,False,False,vertical
43.522,0.0,0.0,0.0,0.0,0.0415,0.0,-0.0415,0.0,231,0,0.2141,0.0,-1.4062466240378864,nan,nan,NO_WELD,0.0,0.0,False,False,False,False,False,vertical
43.573,0.0,0.0,0.0,0.0,0.0415,0.0,-0.0415,0.0,235,0,0.2178,0.0,-1.4062466240378864,nan,nan,NO_WELD,0.0,0.0,False,False,False,False,False,vertical
43.622,0.0,0.0,0.0,0.0,0.0348,0.0,-0.0348,0.0,235,0,0.2178,0.0,-1.4062466240378864,nan,nan,NO_WELD,0.0,0.0,False,False,False,False,False,vertical
43.672,0.0,0.0,0.0,0.0,0.0348,0.0,-0.0348,0.0,235,0,0.2178,0.0,-1.4062466240378864,nan,nan,NO_WELD,0.0,0.0,False,False,False,False,False,vertical
43.722,0.0,0.0,0.0,0.0,0.0348,0.0,-0.0348,0.0,235,0,0.2178,0.0,-1.4062466240378864,nan,nan,NO_WELD,0.0,0.0,False,False,False,False,False,vertical
43.773,0.0,0.0,0.0,0.0,0.0278,0.0,-0.0278,0.0,235,0,0.2178,0.0,-1.0546840875743422,nan,nan,WELD_FOUND,0.0,0.0,False,False,False,False,False,vertical
43.822,0.05201213990251219,0.05,0.05951213990251219,0.04451213990251219,0.0278,0.0,0.0317,0.0445,235,0,0.2178,0.0,-1.0546840875743422,-1.0546840875743422,0.0,WELD_FOUND,0.6973,0.6278,False,False,False,False,False,vertical
43.872,0.0,0.0,0.0,0.0,0.0278,0.0,-0.0278,0.0,238,0,0.2206,0.0,-1.0546840875743422,nan,nan,NO_WELD,0.0,0.0,False,False,False,False,False,vertical
43.922,0.0,0.0,0.0,0.0,0.0242,0.0,-0.0242,0.0,238,0,0.2206,0.0,-1.0546840875743422,nan,nan,NO_WELD,0.0,0.0,False,False,False,False,False,vertical
43.973,0.05533418688647753,0.05,0.06283418688647753,0.04783418688647753,0.0242,0.0,0.0387,0.0478,240,0,0.2224,0.0,-0.7031216044716506,-0.7031216044716506,0.0,WELD_FOUND,0.7127,0.6432,False,False,False,False,False,vertical
44.022,0.05533418688647753,0.05,0.06283418688647753,0.04783418688647753,0.0242,0.0,0.0387,0.0478,240,0,0.2224,0.0,-0.7031216044716506,-0.7031216044716506,0.0,WELD_FOUND,0.7127,0.6432,False,False,False,False,False,vertical
44.072,0.0,0.0,0.0,0.0,0.0417,0.0,-0.0417,0.0,249,0,0.2308,0.0,-0.7031216044716506,nan,nan,NO_WELD,0.0,0.0,False,False,False,False,False,vertical
44.122,0.0,0.0,0.0,0.0,0.0417,0.0,-0.0417,0.0,249,0,0.2308,0.0,-0.7031216044716506,nan,nan,NO_WELD,0.0,0.0,False,False,False,False,False,vertical
44.174,0.0,0.0,0.0,0.0,0.0417,0.0,-0.0417,0.0,256,0,0.2373,0.0,-0.7031216044716506,nan,nan,NO_WELD,0.0,0.0,False,False,False,False,False,vertical
44.222,0.0,0.0,0.0,0.0,0.0423,0.0,-0.0423,0.0,256,0,0.2373,0.0,-0.7031216044716506,nan,nan,NO_WELD,0.0,0.0,False,False,False,False,False,vertical
44.273,0.0,0.0,0.0,0.0,0.0423,0.0,-0.0423,0.0,256,0,0.2373,0.0,-0.7031216044716506,nan,nan,NO_WELD,0.0,0.0,False,False,False,False,False,vertical
44.322,0.0,0.0,0.0,0.0,0.0423,0.0,-0.0423,0.0,256,0,0.2373,0.0,-0.7031216044716506,nan,nan,NO_WELD,0.0,0.0,False,False,False,False,False,vertical
44.372,0.0,0.0,0.0,0.0,0.0338,0.0,-0.0338,0.0,256,0,0.2373,0.0,-0.7031216044716506,nan,nan,NO_WELD,0.0,0.0,False,False,False,False,False,vertical
44.422,0.0,0.0,0.0,0.0,0.0338,0.0,-0.0338,0.0,256,0,0.2373,0.0,-0.7031216044716506,nan,nan,NO_WELD,0.0,0.0,False,False,False,False,False,vertical
44.473,0.0,0.0,0.0,0.0,0.0271,0.0,-0.0271,0.0,256,0,0.2373,0.0,-0.35155909468853286,-0.35155909468853286,0.0,WELD_FOUND,0.0,0.0,False,False,False,False,False,vertical
44.522,0.0,0.0,0.0,0.0,0.0271,0.0,-0.0271,0.0,256,0,0.2373,0.0,-0.35155909468853286,-0.35155909468853286,0.0,WELD_FOUND,0.0,0.0,False,False,False,False,False,vertical
44.573,0.0,0.0,0.0,0.0,0.0217,0.0,-0.0217,0.0,256,0,0.2373,0.0,-0.35155909468853286,nan,nan,NO_WELD,0.0,0.0,False,False,False,False,False,vertical
44.622,0.0,0.0,0.0,0.0,0.0217,0.0,-0.0217,0.0,256,0,0.2373,0.0,-0.35155909468853286,nan,nan,NO_WELD,0.0,0.0,False,False,False,False,False,vertical
44.673,0.06051006773713692,0.025859339899997752,0.06438896872213659,0.05663116675213726,0.0173,0.0,0.0471,0.0566,256,0,0.2373,0.0,-0.35155909468853286,-0.35155909468853286,0.0,WELD_FOUND,0.7199,0.6839,False,False,False,False,False,vertical
44.722,0.06051006773713692,0.025859339899997752,0.06438896872213659,0.05663116675213726,0.0173,0.0,0.0471,0.0566,256,0,0.2373,0.0,-0.35155909468853286,-0.35155909468853286,0.0,WELD_FOUND,0.7199,0.6839,False,False,False,False,False,vertical
44.773,0.0,0.0,0.0,0.0,0.0173,0.0,-0.0173,0.0,263,0,0.2437,0.0,-0.35155909468853286,nan,nan,NO_WELD,0.0,0.0,False,False,False,False,False,vertical
44.822,0.0,0.0,0.0,0.0,0.0277,0.0,-0.0277,0.0,263,0,0.2437,0.0,-0.35155909468853286,nan,nan,NO_WELD,0.0,0.0,False,False,False,False,False,vertical
44.873,0.0,0.0,0.0,0.0,0.0277,0.0,-0.0277,0.0,266,0,0.2465,0.0,-0.35155909468853286,nan,nan,NO_WELD,0.0,0.0,False,False,False,False,False,vertical
44.922,0.0,0.0,0.0,0.0,0.0277,0.0,-0.0277,0.0,266,0,0.2465,0.0,-0.35155909468853286,nan,nan,NO_WELD,0.0,0.0,False,False,False,False,False,vertical
44.973,0.053660309454852596,0.05,0.061160309454852596,0.0461603094548526,0.024,0.0,0.0371,0.0462,266,0,0.2465,0.0,-1.0546840875743422,-1.0546840875743422,0.0,WELD_FOUND,0.7049,0.6355,False,False,False,False,False,vertical
45.022,0.053660309454852596,0.05,0.061160309454852596,0.0461603094548526,0.024,0.0,0.0371,0.0462,266,0,0.2465,0.0,-1.0546840875743422,-1.0546840875743422,0.0,WELD_FOUND,0.7049,0.6355,False,False,False,False,False,vertical
45.073,0.0,0.0,0.0,0.0,0.024,0.0,-0.024,0.0,272,0,0.2521,0.0,-1.0546840875743422,nan,nan,NO_WELD,0.0,0.0,False,False,False,False,False,vertical
45.122,0.0,0.0,0.0,0.0,0.0293,0.0,-0.0293,0.0,272,0,0.2521,0.0,-1.0546840875743422,nan,nan,NO_WELD,0.0,0.0,False,False,False,False,False,vertical
45.174,0.0,0.0,0.0,0.0,0.0293,0.0,-0.0293,0.0,275,0,0.2549,0.0,-1.0546840875743422,nan,nan,NO_WELD,0.0,0.0,False,False,False,False,False,vertical
45.222,0.0,0.0,0.0,0.0,0.0293,0.0,-0.0293,0.0,275,0,0.2549,0.0,-1.0546840875743422,nan,nan,NO_WELD,0.0,0.0,False,False,False,False,False,vertical
45.273,0.0,0.0,0.0,0.0,0.025,0.0,-0.025,0.0,275,0,0.2549,0.0,-1.0546840875743422,nan,nan,NO_WELD,0.0,0.0,False,False,False,False,False,vertical
45.322,0.0,0.0,0.0,0.0,0.025,0.0,-0.025,0.0,275,0,0.2549,0.0,-1.0546840875743422,nan,nan,NO_WELD,0.0,0.0,False,False,False,False,False,vertical
45.373,0.05201213990251219,0.05,0.05951213990251219,0.04451213990251219,0.025,0.0,0.0345,0.0445,275,0,0.2549,0.0,-1.0546840875743422,-1.0546840875743422,0.0,WELD_FOUND,0.6973,0.6278,False,False,False,False,False,vertical
45.422,0.05201213990251219,0.05,0.05951213990251219,0.04451213990251219,0.02,0.0,0.0395,0.0445,275,0,0.2549,0.0,-1.0546840875743422,-1.0546840875743422,0.0,WELD_FOUND,0.6973,0.6278,False,False,False,False,False,vertical
45.473,0.0,0.0,0.0,0.0,0.02,0.0,-0.02,0.0,287,0,0.266,0.0,-1.0546840875743422,nan,nan,NO_WELD,0.0,0.0,False,False,False,False,False,vertical
45.522,0.0,0.0,0.0,0.0,0.02,0.0,-0.02,0.0,287,0,0.266,0.0,-1.0546840875743422,nan,nan,NO_WELD,0.0,0.0,False,False,False,False,False,vertical
45.573,0.0,0.0,0.0,0.0,0.0441,0.0,-0.0441,0.0,288,0,0.2669,0.0,-1.0546840875743422,nan,nan,NO_WELD,0.0,0.0,False,False,False,False,False,vertical
45.622,0.0,0.0,0.0,0.0,0.0441,0.0,-0.0441,0.0,288,0,0.2669,0.0,-1.0546840875743422,nan,nan,NO_WELD,0.0,0.0,False,False,False,False,False,vertical
45.673,0.0,0.0,0.0,0.0,0.0441,0.0,-0.0441,0.0,288,0,0.2669,0.0,-1.0546840875743422,nan,nan,NO_WELD,0.0,0.0,False,False,False,False,False,vertical
45.722,0.0,0.0,0.0,0.0,0.0353,0.0,-0.0353,0.0,288,0,0.2669,0.0,-1.0546840875743422,nan,nan,NO_WELD,0.0,0.0,False,False,False,False,False,vertical
45.773,0.04800418810645916,0.05,0.05550418810645916,0.04050418810645916,0.0353,0.0,0.0202,0.0405,288,0,0.2669,0.0,-1.4062466240378864,-1.4062466240378864,0.0,WELD_FOUND,0.6787,0.6093,False,False,False,False,False,vertical
45.822,0.04800418810645916,0.05,0.05550418810645916,0.04050418810645916,0.0282,0.0,0.0273,0.0405,288,0,0.2669,0.0,-1.4062466240378864,-1.4062466240378864,0.0,WELD_FOUND,0.6787,0.6093,False,False,False,False,False,vertical
45.873,0.0,0.0,0.0,0.0,0.0282,0.0,-0.0282,0.0,294,0,0.2725,0.0,-1.4062466240378864,nan,nan,NO_WELD,0.0,0.0,False,False,False,False,False,vertical
45.922,0.0,0.0,0.0,0.0,0.0282,0.0,-0.0282,0.0,294,0,0.2725,0.0,-1.4062466240378864,nan,nan,NO_WELD,0.0,0.0,False,False,False,False,False,vertical
45.973,0.041925670295056505,0.05,0.049425670295056505,0.034425670295056505,0.0367,0.0,0.0128,0.0344,296,0,0.2743,0.0,-2.1093715902432693,-2.1093715902432693,0.0,WELD_FOUND,0.6506,0.5365,False,False,False,False,False,vertical
46.022,0.041925670295056505,0.05,0.049425670295056505,0.034425670295056505,0.0367,0.0,0.0128,0.0344,296,0,0.2743,0.0,-2.1093715902432693,-2.1093715902432693,0.0,WELD_FOUND,0.6506,0.5365,False,False,False,False,False,vertical
46.073,0.0,0.0,0.0,0.0,0.0367,0.0,-0.0367,0.0,303,0,0.2808,0.0,-2.1093715902432693,nan,nan,NO_WELD,0.0,0.0,False,False,False,False,False,vertical
46.122,0.0,0.0,0.0,0.0,0.0393,0.0,-0.0393,0.0,303,0,0.2808,0.0,-2.1093715902432693,nan,nan,NO_WELD,0.0,0.0,False,False,False,False,False,vertical
46.174,0.0467555782973418,0.05,0.0542555782973418,0.0392555782973418,0.0393,0.0,0.0149,0.0393,304,0,0.2817,0.0,-1.4062466240378864,-1.4062466240378864,0.0,WELD_FOUND,0.6729,0.6035,False,False,False,False,False,vertical
46.222,0.0467555782973418,0.05,0.0542555782973418,0.0392555782973418,0.0393,0.0,0.0149,0.0393,304,0,0.2817,0.0,-1.4062466240378864,-1.4062466240378864,0.0,WELD_FOUND,0.6729,0.6035,False,False,False,False,False,vertical
46.273,0.0,0.0,0.0,0.0,0.0433,0.0,-0.0433,0.0,311,0,0.2882,0.0,-1.4062466240378864,nan,nan,NO_WELD,0.0,0.0,False,False,False,False,False,vertical
46.322,0.0,0.0,0.0,0.0,0.0433,0.0,-0.0433,0.0,311,0,0.2882,0.0,-1.4062466240378864,nan,nan,NO_WELD,0.0,0.0,False,False,False,False,False,vertical
46.373,0.047753149894762204,0.05,0.0552531498947622,0.040253149894762204,0.0433,0.0,0.0119,0.0403,313,0,0.2901,0.0,-1.4062466240378864,-1.4062466240378864,0.0,WELD_FOUND,0.6776,0.6081,False,False,False,False,False,vertical
46.423,0.047753149894762204,0.05,0.0552531498947622,0.040253149894762204,0.0309,0.0,0.0243,0.0403,313,0,0.2901,0.0,-1.4062466240378864,-1.4062466240378864,0.0,WELD_FOUND,0.6776,0.6081,False,False,False,False,False,vertical
46.473,0.0,0.0,0.0,0.0,0.0309,0.0,-0.0309,0.0,322,0,0.2984,0.0,-1.4062466240378864,nan,nan,NO_WELD,0.0,0.0,False,False,False,False,False,vertical
46.522,0.0,0.0,0.0,0.0,0.0309,0.0,-0.0309,0.0,322,0,0.2984,0.0,-1.4062466240378864,nan,nan,NO_WELD,0.0,0.0,False,False,False,False,False,vertical
46.573,0.05114578993180304,0.05,0.05864578993180304,0.04364578993180304,0.0408,0.0,0.0178,0.0436,322,0,0.2984,0.0,-1.0546840875743422,-1.0546840875743422,0.0,WELD_FOUND,0.6933,0.6238,False,False,False,False,False,vertical
46.622,0.05114578993180304,0.05,0.05864578993180304,0.04364578993180304,0.0408,0.0,0.0178,0.0436,322,0,0.2984,0.0,-1.0546840875743422,-1.0546840875743422,0.0,WELD_FOUND,0.6933,0.6238,False,False,False,False,False,vertical
46.672,0.0,0.0,0.0,0.0,0.0408,0.0,-0.0408,0.0,324,0,0.3003,0.0,-1.0546840875743422,nan,nan,NO_WELD,0.0,0.0,False,False,False,False,False,vertical
46.722,0.0,0.0,0.0,0.0,0.0294,0.0,-0.0294,0.0,324,0,0.3003,0.0,-1.0546840875743422,nan,nan,NO_WELD,0.0,0.0,False,False,False,False,False,vertical
46.772,0.0,0.0,0.0,0.0,0.0294,0.0,-0.0294,0.0,325,0,0.3012,0.0,-1.0546840875743422,nan,nan,NO_WELD,0.0,0.0,False,False,False,False,False,vertical
46.822,0.0,0.0,0.0,0.0,0.0214,0.0,-0.0214,0.0,325,0,0.3012,0.0,-1.0546840875743422,nan,nan,NO_WELD,0.0,0.0,False,False,False,False,False,vertical
46.873,0.0,0.0,0.0,0.0,0.0214,0.0,-0.0214,0.0,325,0,0.3012,0.0,-1.0546840875743422,nan,nan,NO_WELD,0.0,0.0,False,False,False,False,False,vertical
46.922,0.0,0.0,0.0,0.0,0.0171,0.0,-0.0171,0.0,325,0,0.3012,0.0,-1.0546840875743422,nan,nan,NO_WELD,0.0,0.0,False,False,False,False,False,vertical
46.972,0.0,0.0,0.0,0.0,0.0171,0.0,-0.0171,0.0,325,0,0.3012,0.0,-1.4062466240378864,-1.4062466240378864,0.0,WELD_FOUND,0.0,0.0,False,False,False,False,False,vertical
47.022,0.0,0.0,0.0,0.0,0.0171,0.0,-0.0171,0.0,325,0,0.3012,0.0,-1.4062466240378864,-1.4062466240378864,0.0,WELD_FOUND,0.0,0.0,False,False,False,False,False,vertical
47.073,0.0,0.0,0.0,0.0,0.0137,0.0,-0.0137,0.0,325,0,0.3012,0.0,-1.4062466240378864,nan,nan,NO_WELD,0.0,0.0,False,False,False,False,False,vertical
47.122,0.0,0.0,0.0,0.0,0.0137,0.0,-0.0137,0.0,325,0,0.3012,0.0,-1.4062466240378864,nan,nan,NO_WELD,0.0,0.0,False,False,False,False,False,vertical
47.174,0.0,0.0,0.0,0.0,0.0137,0.0,-0.0137,0.0,325,0,0.3012,0.0,-1.4062466240378864,nan,nan,NO_WELD,0.0,0.0,False,False,False,False,False,vertical
47.222,0.0,0.0,0.0,0.0,0.0109,0.0,-0.0109,0.0,325,0,0.3012,0.0,-1.4062466240378864,nan,nan,NO_WELD,0.0,0.0,False,False,False,False,False,vertical
47.273,0.0,0.0,0.0,0.0,0.0109,0.0,-0.0109,0.0,325,0,0.3012,0.0,-1.4062466240378864,nan,nan,NO_WELD,0.0,0.0,False,False,False,False,False,vertical
47.322,0.0,0.0,0.0,0.0,0.0088,0.0,-0.0088,0.0,325,0,0.3012,0.0,-1.4062466240378864,nan,nan,NO_WELD,0.0,0.0,False,False,False,False,False,vertical
47.372,0.05201213990251219,0.05,0.05951213990251219,0.04451213990251219,0.0088,0.0,0.0508,0.0445,325,0,0.3012,0.0,-1.0546840875743422,-1.0546840875743422,0.0,WELD_FOUND,0.6973,0.6278,False,False,False,False,False,vertical
47.422,0.05201213990251219,0.05,0.05951213990251219,0.04451213990251219,0.007,0.0,0.0525,0.0445,325,0,0.3012,0.0,-1.0546840875743422,-1.0546840875743422,0.0,WELD_FOUND,0.6973,0.6278,False,False,False,False,False,vertical
47.473,0.0,0.0,0.0,0.0,0.007,0.0,-0.007,0.0,335,0,0.3105,0.0,-1.0546840875743422,nan,nan,NO_WELD,0.0,0.0,False,False,False,False,False,vertical
47.522,0.0,0.0,0.0,0.0,0.007,0.0,-0.007,0.0,335,0,0.3105,0.0,-1.0546840875743422,nan,nan,NO_WELD,0.0,0.0,False,False,False,False,False,vertical
47.573,0.0,0.0,0.0,0.0,0.0314,0.0,-0.0314,0.0,336,0,0.3114,0.0,-1.0546840875743422,nan,nan,NO_WELD,0.0,0.0,False,False,False,False,False,vertical
47.622,0.0,0.0,0.0,0.0,0.0314,0.0,-0.0314,0.0,336,0,0.3114,0.0,-1.0546840875743422,nan,nan,NO_WELD,0.0,0.0,False,False,False,False,False,vertical
47.672,0.05533418688647753,0.05,0.06283418688647753,0.04783418688647753,0.0314,0.0,0.0315,0.0478,336,0,0.3114,0.0,-0.7031216044716506,-0.7031216044716506,0.0,WELD_FOUND,0.7127,0.6432,False,False,False,False,False,vertical
47.722,0.05533418688647753,0.05,0.06283418688647753,0.04783418688647753,0.0251,0.0,0.0378,0.0478,336,0,0.3114,0.0,-0.7031216044716506,-0.7031216044716506,0.0,WELD_FOUND,0.7127,0.6432,False,False,False,False,False,vertical
47.773,0.05945638180081812,0.02159744620757531,0.06269599873195442,0.05621676486968183,0.0251,0.0,0.0376,0.0562,345,0,0.3197,0.0,3.4150945850063755e-06,-0.35155909468853286,0.35156250978311787,WELD_FOUND,0.712,0.682,False,False,False,False,False,vertical
47.822,0.05945638180081812,0.02159744620757531,0.06269599873195442,0.05621676486968183,0.0484,0.0,0.0143,0.0562,345,0,0.3197,0.0,3.4150945850063755e-06,-0.35155909468853286,0.35156250978311787,WELD_FOUND,0.712,0.682,False,False,False,False,False,vertical
47.873,0.0,0.0,0.0,0.0,0.0484,0.0,-0.0484,0.0,355,0,0.329,0.0,3.4150945850063755e-06,nan,nan,NO_WELD,0.0,0.0,False,False,False,False,False,vertical
47.922,0.0,0.0,0.0,0.0,0.0484,0.0,-0.0484,0.0,355,0,0.329,0.0,3.4150945850063755e-06,nan,nan,NO_WELD,0.0,0.0,False,False,False,False,False,vertical
47.973,0.0,0.0,0.0,0.0,0.0636,0.0,-0.0636,0.0,359,0,0.3327,0.0,3.4150945850063755e-06,nan,nan,NO_WELD,0.0,0.0,False,False,False,False,False,vertical
48.022,0.0,0.0,0.0,0.0,0.0636,0.0,-0.0636,0.0,359,0,0.3327,0.0,3.4150945850063755e-06,nan,nan,NO_WELD,0.0,0.0,False,False,False,False,False,vertical
48.073,0.0,0.0,0.0,0.0,0.0509,0.0,-0.0509,0.0,359,0,0.3327,0.0,3.4150945850063755e-06,nan,nan,NO_WELD,0.0,0.0,False,False,False,False,False,vertical
48.122,0.0,0.0,0.0,0.0,0.0509,0.0,-0.0509,0.0,359,0,0.3327,0.0,3.4150945850063755e-06,nan,nan,NO_WELD,0.0,0.0,False,False,False,False,False,vertical
48.174,0.0,0.0,0.0,0.0,0.0509,0.0,-0.0509,0.0,359,0,0.3327,0.0,3.4150945850063755e-06,nan,nan,NO_WELD,0.0,0.0,False,False,False,False,False,vertical
48.222,0.0,0.0,0.0,0.0,0.0407,0.0,-0.0407,0.0,359,0,0.3327,0.0,3.4150945850063755e-06,nan,nan,NO_WELD,0.0,0.0,False,False,False,False,False,vertical
48.273,0.0,0.0,0.0,0.0,0.0407,0.0,-0.0407,0.0,359,0,0.3327,0.0,3.4150945850063755e-06,nan,nan,NO_WELD,0.0,0.0,False,False,False,False,False,vertical
48.322,0.0,0.0,0.0,0.0,0.0407,0.0,-0.0407,0.0,359,0,0.3327,0.0,3.4150945850063755e-06,nan,nan,NO_WELD,0.0,0.0,False,False,False,False,False,vertical
48.373,0.0,0.0,0.0,0.0,0.0326,0.0,-0.0326,0.0,359,0,0.3327,0.0,3.4150945850063755e-06,nan,nan,NO_WELD,0.0,0.0,False,False,False,False,False,vertical
48.422,0.0,0.0,0.0,0.0,0.0326,0.0,-0.0326,0.0,359,0,0.3327,0.0,3.4150945850063755e-06,nan,nan,NO_WELD,0.0,0.0,False,False,False,False,False,vertical
48.473,0.0,0.0,0.0,0.0,0.0326,0.0,-0.0326,0.0,359,0,0.3327,0.0,3.4150945850063755e-06,nan,nan,NO_WELD,0.0,0.0,False,False,False,False,False,vertical
48.522,0.0,0.0,0.0,0.0,0.0261,0.0,-0.0261,0.0,359,0,0.3327,0.0,3.4150945850063755e-06,nan,nan,NO_WELD,0.0,0.0,False,False,False,False,False,vertical
48.573,0.0,0.0,0.0,0.0,0.0261,0.0,-0.0261,0.0,359,0,0.3327,0.0,3.4150945850063755e-06,nan,nan,NO_WELD,0.0,0.0,False,False,False,False,False,vertical
48.622,0.0,0.0,0.0,0.0,0.0261,0.0,-0.0261,0.0,359,0,0.3327,0.0,3.4150945850063755e-06,nan,nan,NO_WELD,0.0,0.0,False,False,False,False,False,vertical
48.673,0.0,0.0,0.0,0.0,0.0208,0.0,-0.0208,0.0,359,0,0.3327,0.0,3.4150945850063755e-06,nan,nan,NO_WELD,0.0,0.0,False,False,False,False,False,vertical
48.722,0.0,0.0,0.0,0.0,0.0208,0.0,-0.0208,0.0,359,0,0.3327,0.0,3.4150945850063755e-06,nan,nan,NO_WELD,0.0,0.0,False,False,False,False,False,vertical
48.773,0.0,0.0,0.0,0.0,0.0208,0.0,-0.0208,0.0,359,0,0.3327,0.0,3.4150945850063755e-06,nan,nan,NO_WELD,0.0,0.0,False,False,False,False,False,vertical
48.822,0.0,0.0,0.0,0.0,0.0167,0.0,-0.0167,0.0,359,0,0.3327,0.0,3.4150945850063755e-06,nan,nan,NO_WELD,0.0,0.0,False,False,False,False,False,vertical
48.873,0.0,0.0,0.0,0.0,0.0167,0.0,-0.0167,0.0,359,0,0.3327,0.0,-0.35155909468853286,nan,nan,NO_WELD,0.0,0.0,False,False,False,False,False,vertical
48.922,0.0,0.0,0.0,0.0,0.0133,0.0,-0.0133,0.0,359,0,0.3327,0.0,-0.35155909468853286,nan,nan,NO_WELD,0.0,0.0,False,False,False,False,False,vertical
48.973,0.0,0.0,0.0,0.0,0.0133,0.0,-0.0133,0.0,359,0,0.3327,0.0,-1.0546840875743422,nan,nan,NO_WELD,0.0,0.0,False,False,False,False,False,vertical
49.022,0.0,0.0,0.0,0.0,0.0133,0.0,-0.0133,0.0,359,0,0.3327,0.0,-1.0546840875743422,nan,nan,NO_WELD,0.0,0.0,False,False,False,False,False,vertical
49.073,0.0,0.0,0.0,0.0,0.0107,0.0,-0.0107,0.0,359,0,0.3327,0.0,-1.0546840875743422,nan,nan,NO_WELD,0.0,0.0,False,False,False,False,False,vertical
49.122,0.0,0.0,0.0,0.0,0.0107,0.0,-0.0107,0.0,359,0,0.3327,0.0,-1.0546840875743422,nan,nan,NO_WELD,0.0,0.0,False,False,False,False,False,vertical
49.174,0.0,0.0,0.0,0.0,0.0107,0.0,-0.0107,0.0,359,0,0.3327,0.0,-1.0546840875743422,nan,nan,NO_WELD,0.0,0.0,False,False,False,False,False,vertical
49.222,0.0,0.0,0.0,0.0,0.0085,0.0,-0.0085,0.0,359,0,0.3327,0.0,-1.0546840875743422,nan,nan,NO_WELD,0.0,0.0,False,False,False,False,False,vertical
49.272,0.0,0.0,0.0,0.0,0.0085,0.0,-0.0085,0.0,359,0,0.3327,0.0,-2.8124966631703576,nan,nan,NO_WELD,0.0,0.0,False,False,False,False,False,vertical
49.322,0.0,0.0,0.0,0.0,0.0085,0.0,-0.0085,0.0,359,0,0.3327,0.0,-2.8124966631703576,nan,nan,NO_WELD,0.0,0.0,False,False,False,False,False,vertical
49.373,0.0,0.0,0.0,0.0,0.0068,0.0,-0.0068,0.0,359,0,0.3327,0.0,-2.8124966631703576,nan,nan,NO_WELD,0.0,0.0,False,False,False,False,False,vertical
49.422,0.0,0.0,0.0,0.0,0.0068,0.0,-0.0068,0.0,359,0,0.3327,0.0,-2.8124966631703576,nan,nan,NO_WELD,0.0,0.0,False,False,False,False,False,vertical
49.472,0.0,0.0,0.0,0.0,0.0068,0.0,-0.0068,0.0,359,0,0.3327,0.0,-3.5156217360974464,nan,nan,NO_WELD,0.0,0.0,False,False,False,False,False,vertical
49.522,0.0,0.0,0.0,0.0,0.0055,0.0,-0.0055,0.0,359,0,0.3327,0.0,-3.5156217360974464,nan,nan,NO_WELD,0.0,0.0,False,False,False,False,False,vertical
49.572,0.0,0.0,0.0,0.0,0.0055,0.0,-0.0055,0.0,359,0,0.3327,0.0,-2.1093715902432693,nan,nan,NO_WELD,0.0,0.0,False,False,False,False,False,vertical
49.622,0.0,0.0,0.0,0.0,0.0055,0.0,-0.0055,0.0,359,0,0.3327,0.0,-2.1093715902432693,nan,nan,NO_WELD,0.0,0.0,False,False,False,False,False,vertical
49.672,0.0,0.0,0.0,0.0,0.0044,0.0,-0.0044,0.0,359,0,0.3327,0.0,-1.0546840875743422,nan,nan,NO_WELD,0.0,0.0,False,False,False,False,False,vertical
49.722,0.0,0.0,0.0,0.0,0.0044,0.0,-0.0044,0.0,359,0,0.3327,0.0,-1.0546840875743422,nan,nan,NO_WELD,0.0,0.0,False,False,False,False,False,vertical
49.772,0.0,0.0,0.0,0.0,0.0044,0.0,-0.0044,0.0,359,0,0.3327,0.0,-1.0546840875743422,nan,nan,NO_WELD,0.0,0.0,False,False,False,False,False,vertical
49.822,0.0,0.0,0.0,0.0,0.0035,0.0,-0.0035,0.0,359,0,0.3327,0.0,-1.0546840875743422,nan,nan,NO_WELD,0.0,0.0,False,False,False,False,False,vertical
49.872,0.0,0.0,0.0,0.0,0.0035,0.0,-0.0035,0.0,359,0,0.3327,0.0,-1.0546840875743422,nan,nan,NO_WELD,0.0,0.0,False,False,False,False,False,vertical
49.922,0.0,0.0,0.0,0.0,0.0035,0.0,-0.0035,0.0,359,0,0.3327,0.0,-1.0546840875743422,nan,nan,NO_WELD,0.0,0.0,False,False,False,False,False,vertical
49.972,0.0,0.0,0.0,0.0,0.0028,0.0,-0.0028,0.0,359,0,0.3327,0.0,-2.1093715902432693,nan,nan,NO_WELD,0.0,0.0,False,False,False,False,False,vertical
50.022,0.0,0.0,0.0,0.0,0.0028,0.0,-0.0028,0.0,359,0,0.3327,0.0,-2.1093715902432693,nan,nan,NO_WELD,0.0,0.0,False,False,False,False,False,vertical
50.072,0.0,0.0,0.0,0.0,0.0028,0.0,-0.0028,0.0,359,0,0.3327,0.0,-2.1093715902432693,nan,nan,NO_WELD,0.0,0.0,False,False,False,False,False,vertical
50.122,0.0,0.0,0.0,0.0,0.0022,0.0,-0.0022,0.0,359,0,0.3327,0.0,-2.1093715902432693,nan,nan,NO_WELD,0.0,0.0,False,False,False,False,False,vertical
50.174,0.044156911392564176,0.05,0.051656911392564175,0.036656911392564176,0.0022,0.0,0.0494,0.0367,359,0,0.3327,0.0,-1.7578091605014305,-1.7578091605014305,0.0,WELD_FOUND,0.6609,0.5713,False,False,False,False,False,vertical
50.222,0.044156911392564176,0.05,0.051656911392564175,0.036656911392564176,0.0022,0.0,0.0494,0.0367,359,0,0.3327,0.0,-1.7578091605014305,-1.7578091605014305,0.0,WELD_FOUND,0.6609,0.5713,False,False,False,False,False,vertical
50.272,0.04119477696419143,0.1,0.05619477696419143,0.02619477696419143,0.0018,0.0,0.0544,0.0262,359,0,0.3327,0.0,-2.460934233428519,-2.1093715902432693,-0.3515626431852499,WELD_FOUND,0.6819,0.4082,False,False,False,False,False,vertical
50.322,0.04119477696419143,0.1,0.05619477696419143,0.02619477696419143,0.0018,0.0,0.0544,0.0262,369,0,0.342,0.0,-2.460934233428519,-2.1093715902432693,-0.3515626431852499,WELD_FOUND,0.6819,0.4082,False,False,False,False,False,vertical
50.372,0.03777595218488062,0.15000000000000002,0.06027595218488062,0.015275952184880617,0.0018,0.0,0.0585,0.0153,369,0,0.342,0.0,-2.8124966631703576,-2.460934233428519,-0.3515624297418385,WELD_FOUND,0.7008,0.2381,False,False,False,False,False,vertical
50.422,0.03777595218488062,0.15000000000000002,0.06027595218488062,0.015275952184880617,0.048,0.0,0.0122,0.0153,378,0,0.3503,0.0,-2.8124966631703576,-2.460934233428519,-0.3515624297418385,WELD_FOUND,0.7008,0.2381,False,False,False,False,False,vertical
50.472,0.0,0.0,0.0,0.0,0.048,0.0,-0.048,0.0,378,0,0.3503,0.0,-2.8124966631703576,nan,nan,NO_WELD,0.0,0.0,False,False,False,False,False,vertical
50.522,0.0,0.0,0.0,0.0,0.0399,0.0,-0.0399,0.0,381,0,0.3531,0.0,-2.8124966631703576,nan,nan,NO_WELD,0.0,0.0,False,False,False,False,False,vertical
50.572,0.0,0.0,0.0,0.0,0.0399,0.0,-0.0399,0.0,381,0,0.3531,0.0,-2.8124966631703576,nan,nan,NO_WELD,0.0,0.0,False,False,False,False,False,vertical
50.622,0.0,0.0,0.0,0.0,0.0399,0.0,-0.0399,0.0,380,0,0.3522,0.0,-2.8124966631703576,nan,nan,NO_WELD,0.0,0.0,False,False,False,False,False,vertical
50.672,0.0,0.0,0.0,0.0,0.0215,0.0,-0.0215,0.0,380,0,0.3522,0.0,-2.8124966631703576,nan,nan,NO_WELD,0.0,0.0,False,False,False,False,False,vertical
50.722,0.0,0.0,0.0,0.0,0.0215,0.0,-0.0215,0.0,380,0,0.3522,0.0,-2.8124966631703576,nan,nan,NO_WELD,0.0,0.0,False,False,False,False,False,vertical
50.772,0.0335791327410092,0.05,0.0410791327410092,0.026079132741009203,0.0215,0.0,0.0196,0.0261,380,0,0.3522,0.0,-2.8124966631703576,-2.8124966631703576,0.0,WELD_FOUND,0.6119,0.4064,False,False,False,False,False,vertical
50.822,0.0335791327410092,0.05,0.0410791327410092,0.026079132741009203,0.0172,0.0,0.0239,0.0261,380,0,0.3522,0.0,-2.8124966631703576,-2.8124966631703576,0.0,WELD_FOUND,0.6119,0.4064,False,False,False,False,False,vertical
50.872,0.0,0.0,0.0,0.0,0.0172,0.0,-0.0172,0.0,380,0,0.3522,0.0,-2.8124966631703576,nan,nan,NO_WELD,0.0,0.0,False,False,False,False,False,vertical
50.922,0.0,0.0,0.0,0.0,0.0172,0.0,-0.0172,0.0,381,0,0.3531,0.0,-2.8124966631703576,nan,nan,NO_WELD,0.0,0.0,False,False,False,False,False,vertical
50.972,0.0,0.0,0.0,0.0,0.0128,0.0,-0.0128,0.0,381,0,0.3531,0.0,-2.8124966631703576,nan,nan,NO_WELD,0.0,0.0,False,False,False,False,False,vertical
51.022,0.0,0.0,0.0,0.0,0.0128,0.0,-0.0128,0.0,382,0,0.354,0.0,-2.8124966631703576,nan,nan,NO_WELD,0.0,0.0,False,False,False,False,False,vertical
51.072,0.0,0.0,0.0,0.0,0.0114,0.0,-0.0114,0.0,382,0,0.354,0.0,-2.8124966631703576,nan,nan,NO_WELD,0.0,0.0,False,False,False,False,False,vertical
51.122,0.0,0.0,0.0,0.0,0.0114,0.0,-0.0114,0.0,382,0,0.354,0.0,-2.8124966631703576,nan,nan,NO_WELD,0.0,0.0,False,False,False,False,False,vertical
51.174,0.0,0.0,0.0,0.0,0.0114,0.0,-0.0114,0.0,382,0,0.354,0.0,-2.8124966631703576,nan,nan,NO_WELD,0.0,0.0,False,False,False,False,False,vertical
51.222,0.0,0.0,0.0,0.0,0.0091,0.0,-0.0091,0.0,382,0,0.354,0.0,-2.8124966631703576,nan,nan,NO_WELD,0.0,0.0,False,False,False,False,False,vertical
51.272,0.0,0.0,0.0,0.0,0.0091,0.0,-0.0091,0.0,382,0,0.354,0.0,-2.8124966631703576,nan,nan,NO_WELD,0.0,0.0,False,False,False,False,False,vertical
51.322,0.0,0.0,0.0,0.0,0.0091,0.0,-0.0091,0.0,382,0,0.354,0.0,-2.8124966631703576,nan,nan,NO_WELD,0.0,0.0,False,False,False,False,False,vertical
51.372,0.0,0.0,0.0,0.0,0.0073,0.0,-0.0073,0.0,382,0,0.354,0.0,-2.8124966631703576,nan,nan,NO_WELD,0.0,0.0,False,False,False,False,False,vertical
51.422,0.0,0.0,0.0,0.0,0.0073,0.0,-0.0073,0.0,382,0,0.354,0.0,-2.8124966631703576,nan,nan,NO_WELD,0.0,0.0,False,False,False,False,False,vertical
51.472,0.0,0.0,0.0,0.0,0.0073,0.0,-0.0073,0.0,382,0,0.354,0.0,-3.5156217360974464,-3.5156217360974464,0.0,WELD_FOUND,0.0,0.0,False,False,False,False,False,vertical
51.522,0.0,0.0,0.0,0.0,0.0058,0.0,-0.0058,0.0,382,0,0.354,0.0,-3.5156217360974464,-3.5156217360974464,0.0,WELD_FOUND,0.0,0.0,False,False,False,False,False,vertical
51.572,0.0,0.0,0.0,0.0,0.0058,0.0,-0.0058,0.0,382,0,0.354,0.0,-3.5156217360974464,nan,nan,NO_WELD,0.0,0.0,False,False,False,False,False,vertical
51.622,0.0,0.0,0.0,0.0,0.0058,0.0,-0.0058,0.0,382,0,0.354,0.0,-3.5156217360974464,nan,nan,NO_WELD,0.0,0.0,False,False,False,False,False,vertical
51.672,0.0,0.0,0.0,0.0,0.0047,0.0,-0.0047,0.0,382,0,0.354,0.0,-3.5156217360974464,nan,nan,NO_WELD,0.0,0.0,False,False,False,False,False,vertical
51.722,0.0,0.0,0.0,0.0,0.0047,0.0,-0.0047,0.0,382,0,0.354,0.0,-3.5156217360974464,nan,nan,NO_WELD,0.0,0.0,False,False,False,False,False,vertical
51.772,0.0,0.0,0.0,0.0,0.0037,0.0,-0.0037,0.0,382,0,0.354,0.0,-3.5156217360974464,nan,nan,NO_WELD,0.0,0.0,False,False,False,False,False,vertical
51.822,0.0,0.0,0.0,0.0,0.0037,0.0,-0.0037,0.0,382,0,0.354,0.0,-3.5156217360974464,nan,nan,NO_WELD,0.0,0.0,False,False,False,False,False,vertical
51.872,0.0,0.0,0.0,0.0,0.0037,0.0,-0.0037,0.0,382,0,0.354,0.0,-3.5156217360974464,nan,nan,NO_WELD,0.0,0.0,False,False,False,False,False,vertical
51.922,0.0,0.0,0.0,0.0,0.003,0.0,-0.003,0.0,382,0,0.354,0.0,-3.5156217360974464,nan,nan,NO_WELD,0.0,0.0,False,False,False,False,False,vertical
51.972,0.0,0.0,0.0,0.0,0.003,0.0,-0.003,0.0,382,0,0.354,0.0,-3.5156217360974464,nan,nan,NO_WELD,0.0,0.0,False,False,False,False,False,vertical
52.022,0.0,0.0,0.0,0.0,0.003,0.0,-0.003,0.0,382,0,0.354,0.0,-3.5156217360974464,nan,nan,NO_WELD,0.0,0.0,False,False,False,False,False,vertical
52.072,0.0,0.0,0.0,0.0,0.0024,0.0,-0.0024,0.0,382,0,0.354,0.0,-3.5156217360974464,nan,nan,NO_WELD,0.0,0.0,False,False,False,False,False,vertical
52.122,0.0,0.0,0.0,0.0,0.0024,0.0,-0.0024,0.0,382,0,0.354,0.0,-3.5156217360974464,nan,nan,NO_WELD,0.0,0.0,False,False,False,False,False,vertical
52.174,0.0,0.0,0.0,0.0,0.0024,0.0,-0.0024,0.0,382,0,0.354,0.0,-3.5156217360974464,nan,nan,NO_WELD,0.0,0.0,False,False,False,False,False,vertical
52.222,0.0,0.0,0.0,0.0,0.0019,0.0,-0.0019,0.0,382,0,0.354,0.0,-3.5156217360974464,nan,nan,NO_WELD,0.0,0.0,False,False,False,False,False,vertical
52.272,0.0,0.0,0.0,0.0,0.0019,0.0,-0.0019,0.0,382,0,0.354,0.0,-3.5156217360974464,nan,nan,NO_WELD,0.0,0.0,False,False,False,False,False,vertical
52.322,0.0,0.0,0.0,0.0,0.0019,0.0,-0.0019,0.0,382,0,0.354,0.0,-3.5156217360974464,nan,nan,NO_WELD,0.0,0.0,False,False,False,False,False,vertical
52.372,0.0,0.0,0.0,0.0,0.0015,0.0,-0.0015,0.0,382,0,0.354,0.0,-3.5156217360974464,nan,nan,NO_WELD,0.0,0.0,False,False,False,False,False,vertical
52.423,0.0,0.0,0.0,0.0,0.0015,0.0,-0.0015,0.0,382,0,0.354,0.0,-3.5156217360974464,nan,nan,NO_WELD,0.0,0.0,False,False,False,False,False,vertical
52.472,0.0,0.0,0.0,0.0,0.0012,0.0,-0.0012,0.0,382,0,0.354,0.0,-3.5156217360974464,nan,nan,NO_WELD,0.0,0.0,False,False,False,False,False,vertical
52.522,0.0,0.0,0.0,0.0,0.0012,0.0,-0.0012,0.0,382,0,0.354,0.0,-3.5156217360974464,nan,nan,NO_WELD,0.0,0.0,False,False,False,False,False,vertical
52.572,0.0,0.0,0.0,0.0,0.0012,0.0,-0.0012,0.0,382,0,0.354,0.0,-1.7578091605014305,nan,nan,NO_WELD,0.0,0.0,False,False,False,False,False,vertical
52.622,0.0,0.0,0.0,0.0,0.0,0.0,0.0,0.0,382,0,0.354,0.0,-1.7578091605014305,nan,nan,NO_WELD,0.0,0.0,False,False,False,False,False,vertical
52.672,0.0,0.0,0.0,0.0,0.0,0.0,0.0,0.0,382,0,0.354,0.0,-2.8124966631703576,nan,nan,NO_WELD,0.0,0.0,False,False,False,False,False,vertical
52.722,0.0,0.0,0.0,0.0,0.0,0.0,0.0,0.0,382,0,0.354,0.0,-2.8124966631703576,nan,nan,NO_WELD,0.0,0.0,False,False,False,False,False,vertical
52.772,0.0,0.0,0.0,0.0,0.0,0.0,0.0,0.0,382,0,0.354,0.0,-2.8124966631703576,nan,nan,NO_WELD,0.0,0.0,False,False,False,False,False,vertical
52.822,0.0,0.0,0.0,0.0,0.0,0.0,0.0,0.0,382,0,0.354,0.0,-2.8124966631703576,nan,nan,NO_WELD,0.0,0.0,False,False,False,False,False,vertical
52.872,0.0,0.0,0.0,0.0,0.0,0.0,0.0,0.0,382,0,0.354,0.0,-2.8124966631703576,nan,nan,NO_WELD,0.0,0.0,False,False,False,False,False,vertical
52.922,0.0,0.0,0.0,0.0,0.0,0.0,0.0,0.0,382,0,0.354,0.0,-2.8124966631703576,nan,nan,NO_WELD,0.0,0.0,False,False,False,False,False,vertical
52.972,0.0,0.0,0.0,0.0,0.0,0.0,0.0,0.0,382,0,0.354,0.0,-2.8124966631703576,nan,nan,NO_WELD,0.0,0.0,False,False,False,False,False,vertical
53.022,0.0,0.0,0.0,0.0,0.0,0.0,0.0,0.0,382,0,0.354,0.0,-2.8124966631703576,nan,nan,NO_WELD,0.0,0.0,False,False,False,False,False,vertical
53.072,0.0,0.0,0.0,0.0,0.0,0.0,0.0,0.0,382,0,0.354,0.0,-2.1093715902432693,nan,nan,NO_WELD,0.0,0.0,False,False,False,False,False,vertical
53.122,0.0,0.0,0.0,0.0,0.0,0.0,0.0,0.0,382,0,0.354,0.0,-2.1093715902432693,nan,nan,NO_WELD,0.0,0.0,False,False,False,False,False,vertical
53.174,0.0,0.0,0.0,0.0,0.0,0.0,0.0,0.0,382,0,0.354,0.0,-2.1093715902432693,nan,nan,NO_WELD,0.0,0.0,False,False,False,False,False,vertical
53.222,0.0,0.0,0.0,0.0,0.0,0.0,0.0,0.0,382,0,0.354,0.0,-2.1093715902432693,nan,nan,NO_WELD,0.0,0.0,False,False,False,False,False,vertical
53.272,0.0,0.0,0.0,0.0,0.0,0.0,0.0,0.0,382,0,0.354,0.0,-2.1093715902432693,nan,nan,NO_WELD,0.0,0.0,False,False,False,False,False,vertical
53.322,0.0,0.0,0.0,0.0,0.0,0.0,0.0,0.0,382,0,0.354,0.0,-2.1093715902432693,nan,nan,NO_WELD,0.0,0.0,False,False,False,False,False,vertical
53.372,0.0,0.0,0.0,0.0,0.0,0.0,0.0,0.0,382,0,0.354,0.0,-2.1093715902432693,nan,nan,NO_WELD,0.0,0.0,False,False,False,False,False,vertical
53.422,0.0,0.0,0.0,0.0,0.0,0.0,0.0,0.0,382,0,0.354,0.0,-2.1093715902432693,nan,nan,NO_WELD,0.0,0.0,False,False,False,False,False,vertical
53.472,0.0,0.0,0.0,0.0,0.0,0.0,0.0,0.0,382,0,0.354,0.0,-3.5156217360974464,nan,nan,NO_WELD,0.0,0.0,False,False,False,False,False,vertical
53.522,0.0,0.0,0.0,0.0,0.0,0.0,0.0,0.0,382,0,0.354,0.0,-3.5156217360974464,nan,nan,NO_WELD,0.0,0.0,False,False,False,False,False,vertical
53.572,0.0,0.0,0.0,0.0,0.0,0.0,0.0,0.0,382,0,0.354,0.0,-3.5156217360974464,nan,nan,NO_WELD,0.0,0.0,False,False,False,False,False,vertical
53.622,0.0,0.0,0.0,0.0,0.0,0.0,0.0,0.0,382,0,0.354,0.0,-3.5156217360974464,nan,nan,NO_WELD,0.0,0.0,False,False,False,False,False,vertical
53.672,0.0,0.0,0.0,0.0,0.0,0.0,0.0,0.0,382,0,0.354,0.0,-4.218746595581123,-4.218746595581123,0.0,WELD_FOUND,0.0,0.0,False,False,False,False,False,vertical
53.722,0.0,0.0,0.0,0.0,0.0,0.0,0.0,0.0,382,0,0.354,0.0,-4.218746595581123,-4.218746595581123,0.0,WELD_FOUND,0.0,0.0,False,False,False,False,False,vertical
53.772,0.0,0.0,0.0,0.0,0.0,0.0,0.0,0.0,382,0,0.354,0.0,-4.218746595581123,nan,nan,NO_WELD,0.0,0.0,False,False,False,False,False,vertical
53.822,0.0,0.0,0.0,0.0,0.0,0.0,0.0,0.0,382,0,0.354,0.0,-4.218746595581123,nan,nan,NO_WELD,0.0,0.0,False,False,False,False,False,vertical
53.872,0.0,0.0,0.0,0.0,0.0,0.0,0.0,0.0,382,0,0.354,0.0,-4.218746595581123,nan,nan,NO_WELD,0.0,0.0,False,False,False,False,False,vertical
53.922,0.0,0.0,0.0,0.0,0.0,0.0,0.0,0.0,382,0,0.354,0.0,-4.218746595581123,nan,nan,NO_WELD,0.0,0.0,False,False,False,False,False,vertical
53.972,0.0,0.0,0.0,0.0,0.0,0.0,0.0,0.0,382,0,0.354,0.0,-4.218746595581123,nan,nan,NO_WELD,0.0,0.0,False,False,False,False,False,vertical
54.022,0.0,0.0,0.0,0.0,0.0,0.0,0.0,0.0,382,0,0.354,0.0,-4.218746595581123,nan,nan,NO_WELD,0.0,0.0,False,False,False,False,False,vertical
54.072,0.024447427834514205,0.05,0.03194742783451421,0.016947427834514205,0.0,0.0,0.0319,0.0169,382,0,0.354,0.0,-3.8671843792826963,-3.8671843792826963,0.0,WELD_FOUND,0.0,0.2641,True,False,False,False,False,vertical
54.122,0.024447427834514205,0.05,0.03194742783451421,0.016947427834514205,0.0,0.0,0.0319,0.0169,382,0,0.354,0.0,-3.8671843792826963,-3.8671843792826963,0.0,WELD_FOUND,0.0,0.2641,True,False,False,False,False,vertical
54.174,0.0,0.0,0.0,0.0,0.0,0.0,0.0,0.0,382,0,0.354,0.0,-3.8671843792826963,nan,nan,NO_WELD,0.0,0.0,False,False,False,False,False,vertical
54.222,0.0,0.0,0.0,0.0,0.0,0.0,0.0,0.0,383,0,0.355,0.0,-3.8671843792826963,nan,nan,NO_WELD,0.0,0.0,False,False,False,False,False,vertical
54.272,0.024447427834514205,0.05,0.03194742783451421,0.016947427834514205,0.0,0.0,0.0319,0.0169,383,0,0.355,0.0,-3.8671843792826963,-3.8671843792826963,0.0,WELD_FOUND,0.0,0.2641,True,False,False,False,False,vertical
54.322,0.024447427834514205,0.05,0.03194742783451421,0.016947427834514205,0.0025,0.0,0.0295,0.0169,383,0,0.355,0.0,-3.8671843792826963,-3.8671843792826963,0.0,WELD_FOUND,0.4979,0.2641,False,False,False,False,False,vertical
54.372,0.0,0.0,0.0,0.0,0.0025,0.0,-0.0025,0.0,383,0,0.355,0.0,-3.8671843792826963,nan,nan,NO_WELD,0.0,0.0,False,False,False,False,False,vertical
54.422,0.0,0.0,0.0,0.0,0.0025,0.0,-0.0025,0.0,383,0,0.355,0.0,-3.8671843792826963,nan,nan,NO_WELD,0.0,0.0,False,False,False,False,False,vertical
54.472,0.0,0.0,0.0,0.0,0.002,0.0,-0.002,0.0,383,0,0.355,0.0,-3.8671843792826963,nan,nan,NO_WELD,0.0,0.0,False,False,False,False,False,vertical
54.522,0.0,0.0,0.0,0.0,0.002,0.0,-0.002,0.0,383,0,0.355,0.0,-3.8671843792826963,nan,nan,NO_WELD,0.0,0.0,False,False,False,False,False,vertical
54.572,0.0,0.0,0.0,0.0,0.0016,0.0,-0.0016,0.0,383,0,0.355,0.0,-3.8671843792826963,nan,nan,NO_WELD,0.0,0.0,False,False,False,False,False,vertical
54.622,0.0,0.0,0.0,0.0,0.0016,0.0,-0.0016,0.0,383,0,0.355,0.0,-3.8671843792826963,nan,nan,NO_WELD,0.0,0.0,False,False,False,False,False,vertical
54.672,0.0,0.0,0.0,0.0,0.0016,0.0,-0.0016,0.0,383,0,0.355,0.0,-3.8671843792826963,nan,nan,NO_WELD,0.0,0.0,False,False,False,False,False,vertical
54.722,0.0,0.0,0.0,0.0,0.0013,0.0,-0.0013,0.0,383,0,0.355,0.0,-3.8671843792826963,nan,nan,NO_WELD,0.0,0.0,False,False,False,False,False,vertical
54.772,0.0,0.0,0.0,0.0,0.0013,0.0,-0.0013,0.0,383,0,0.355,0.0,-3.8671843792826963,nan,nan,NO_WELD,0.0,0.0,False,False,False,False,False,vertical
54.822,0.0,0.0,0.0,0.0,0.001,0.0,-0.001,0.0,383,0,0.355,0.0,-3.8671843792826963,nan,nan,NO_WELD,0.0,0.0,False,False,False,False,False,vertical
54.872,0.0,0.0,0.0,0.0,0.001,0.0,-0.001,0.0,383,0,0.355,0.0,-3.8671843792826963,nan,nan,NO_WELD,0.0,0.0,False,False,False,False,False,vertical
54.922,0.0,0.0,0.0,0.0,0.0,0.0,0.0,0.0,383,0,0.355,0.0,-3.8671843792826963,nan,nan,NO_WELD,0.0,0.0,False,False,False,False,False,vertical
54.972,0.0,0.0,0.0,0.0,0.0,0.0,0.0,0.0,383,0,0.355,0.0,-3.8671843792826963,nan,nan,NO_WELD,0.0,0.0,False,False,False,False,False,vertical
55.022,0.0,0.0,0.0,0.0,0.0,0.0,0.0,0.0,383,0,0.355,0.0,-3.8671843792826963,nan,nan,NO_WELD,0.0,0.0,False,False,False,False,False,vertical
55.072,0.0,0.0,0.0,0.0,0.0,0.0,0.0,0.0,383,0,0.355,0.0,-3.8671843792826963,nan,nan,NO_WELD,0.0,0.0,False,False,False,False,False,vertical
55.122,0.0,0.0,0.0,0.0,0.0,0.0,0.0,0.0,383,0,0.355,0.0,-3.8671843792826963,nan,nan,NO_WELD,0.0,0.0,False,False,False,False,False,vertical
55.174,0.0,0.0,0.0,0.0,0.0,0.0,0.0,0.0,383,0,0.355,0.0,-3.8671843792826963,nan,nan,NO_WELD,0.0,0.0,False,False,False,False,False,vertical
55.222,0.0,0.0,0.0,0.0,0.0,0.0,0.0,0.0,383,0,0.355,0.0,-3.8671843792826963,nan,nan,NO_WELD,0.0,0.0,False,False,False,False,False,vertical
55.272,0.0,0.0,0.0,0.0,0.0,0.0,0.0,0.0,383,0,0.355,0.0,-3.8671843792826963,nan,nan,NO_WELD,0.0,0.0,False,False,False,False,False,vertical
55.322,0.0,0.0,0.0,0.0,0.0,0.0,0.0,0.0,383,0,0.355,0.0,-3.8671843792826963,nan,nan,NO_WELD,0.0,0.0,False,False,False,False,False,vertical
55.372,0.0,0.0,0.0,0.0,0.0,0.0,0.0,0.0,383,0,0.355,0.0,-3.8671843792826963,nan,nan,NO_WELD,0.0,0.0,False,False,False,False,False,vertical
55.422,0.0,0.0,0.0,0.0,0.0,0.0,0.0,0.0,383,0,0.355,0.0,-3.8671843792826963,nan,nan,NO_WELD,0.0,0.0,False,False,False,False,False,vertical
55.472,0.0,0.0,0.0,0.0,0.0,0.0,0.0,0.0,383,0,0.355,0.0,-3.8671843792826963,nan,nan,NO_WELD,0.0,0.0,False,False,False,False,False,vertical
55.522,0.0,0.0,0.0,0.0,0.0,0.0,0.0,0.0,383,0,0.355,0.0,-3.8671843792826963,nan,nan,NO_WELD,0.0,0.0,False,False,False,False,False,vertical
55.572,0.0,0.0,0.0,0.0,0.0,0.0,0.0,0.0,383,0,0.355,0.0,1.7578159906906006,nan,nan,NO_WELD,0.0,0.0,False,False,False,False,False,vertical
55.622,0.0,0.0,0.0,0.0,0.0,0.0,0.0,0.0,383,0,0.355,0.0,1.7578159906906006,nan,nan,NO_WELD,0.0,0.0,False,False,False,False,False,vertical
55.672,0.0,0.0,0.0,0.0,0.0,0.0,0.0,0.0,383,0,0.355,0.0,1.7578159906906006,nan,nan,NO_WELD,0.0,0.0,False,False,False,False,False,vertical
55.722,0.0,0.0,0.0,0.0,0.0,0.0,0.0,0.0,383,0,0.355,0.0,1.7578159906906006,nan,nan,NO_WELD,0.0,0.0,False,False,False,False,False,vertical
55.772,0.0,0.0,0.0,0.0,0.0,0.0,0.0,0.0,383,0,0.355,0.0,0.7031284346608206,nan,nan,NO_WELD,0.0,0.0,False,False,False,False,False,vertical
55.822,0.0,0.0,0.0,0.0,0.0,0.0,0.0,0.0,383,0,0.355,0.0,0.7031284346608206,nan,nan,NO_WELD,0.0,0.0,False,False,False,False,False,vertical
55.872,0.0,0.0,0.0,0.0,0.0,0.0,0.0,0.0,383,0,0.355,0.0,-2.460934233428519,nan,nan,NO_WELD,0.0,0.0,False,False,False,False,False,vertical
55.922,0.0,0.0,0.0,0.0,0.0,0.0,0.0,0.0,383,0,0.355,0.0,-2.460934233428519,nan,nan,NO_WELD,0.0,0.0,False,False,False,False,False,vertical
55.972,0.0,0.0,0.0,0.0,0.0,0.0,0.0,0.0,383,0,0.355,0.0,-3.8671843792826963,nan,nan,NO_WELD,0.0,0.0,False,False,False,False,False,vertical
56.022,0.0,0.0,0.0,0.0,0.0,0.0,0.0,0.0,383,0,0.355,0.0,-3.8671843792826963,nan,nan,NO_WELD,0.0,0.0,False,False,False,False,False,vertical
56.072,0.0,0.0,0.0,0.0,0.0,0.0,0.0,0.0,383,0,0.355,0.0,-3.8671843792826963,nan,nan,NO_WELD,0.0,0.0,False,False,False,False,False,vertical
56.122,0.0,0.0,0.0,0.0,0.0,0.0,0.0,0.0,383,0,0.355,0.0,-3.8671843792826963,nan,nan,NO_WELD,0.0,0.0,False,False,False,False,False,vertical
56.174,0.0,0.0,0.0,0.0,0.0,0.0,0.0,0.0,383,0,0.355,0.0,-3.8671843792826963,nan,nan,NO_WELD,0.0,0.0,False,False,False,False,False,vertical
56.222,0.0,0.0,0.0,0.0,0.0,0.0,0.0,0.0,383,0,0.355,0.0,-3.8671843792826963,nan,nan,NO_WELD,0.0,0.0,False,False,False,False,False,vertical
56.272,0.0,0.0,0.0,0.0,0.0,0.0,0.0,0.0,383,0,0.355,0.0,-0.7031216044716506,nan,nan,NO_WELD,0.0,0.0,False,False,False,False,False,vertical
56.322,0.0,0.0,0.0,0.0,0.0,0.0,0.0,0.0,383,0,0.355,0.0,-0.7031216044716506,nan,nan,NO_WELD,0.0,0.0,False,False,False,False,False,vertical
56.372,0.0,0.0,0.0,0.0,0.0,0.0,0.0,0.0,383,0,0.355,0.0,-0.7031216044716506,nan,nan,NO_WELD,0.0,0.0,False,False,False,False,False,vertical
56.422,0.0,0.0,0.0,0.0,0.0,0.0,0.0,0.0,383,0,0.355,0.0,-0.7031216044716506,nan,nan,NO_WELD,0.0,0.0,False,False,False,False,False,vertical
56.472,0.0,0.0,0.0,0.0,0.0,0.0,0.0,0.0,383,0,0.355,0.0,-2.1093715902432693,nan,nan,NO_WELD,0.0,0.0,False,False,False,False,False,vertical
56.522,0.0,0.0,0.0,0.0,0.0,0.0,0.0,0.0,383,0,0.355,0.0,-2.1093715902432693,nan,nan,NO_WELD,0.0,0.0,False,False,False,False,False,vertical
56.572,0.060509982066287694,-0.024945275881596198,0.056768190684048266,0.06425177344852713,0.0,0.0,0.0568,0.0643,383,0,0.355,0.0,0.35156592487770283,0.35156592487770283,0.0,WELD_FOUND,0.0,0.7192,True,False,False,False,False,vertical
56.622,0.060509982066287694,-0.024945275881596198,0.056768190684048266,0.06425177344852713,0.0,0.0,0.0568,0.0643,385,0,0.3568,0.0,0.35156592487770283,0.35156592487770283,0.0,WELD_FOUND,0.0,0.7192,True,False,False,False,False,vertical
56.672,0.0,0.0,0.0,0.0,0.0049,0.0,-0.0049,0.0,385,0,0.3568,0.0,0.35156592487770283,nan,nan,NO_WELD,0.0,0.0,False,False,False,False,False,vertical
56.722,0.0,0.0,0.0,0.0,0.0049,0.0,-0.0049,0.0,399,0,0.3698,0.0,0.35156592487770283,nan,nan,NO_WELD,0.0,0.0,False,False,False,False,False,vertical
56.772,0.0,0.0,0.0,0.0,0.0549,0.0,-0.0549,0.0,399,0,0.3698,0.0,0.35156592487770283,nan,nan,NO_WELD,0.0,0.0,False,False,False,False,False,vertical
56.822,0.0,0.0,0.0,0.0,0.0549,0.0,-0.0549,0.0,399,0,0.3698,0.0,0.35156592487770283,nan,nan,NO_WELD,0.0,0.0,False,False,False,False,False,vertical
56.872,0.0,0.0,0.0,0.0,0.0549,0.0,-0.0549,0.0,399,0,0.3698,0.0,0.35156592487770283,nan,nan,NO_WELD,0.0,0.0,False,False,False,False,False,vertical
56.922,0.0,0.0,0.0,0.0,0.0439,0.0,-0.0439,0.0,399,0,0.3698,0.0,0.35156592487770283,nan,nan,NO_WELD,0.0,0.0,False,False,False,False,False,vertical
56.972,0.0,0.0,0.0,0.0,0.0439,0.0,-0.0439,0.0,399,0,0.3698,0.0,0.35156592487770283,nan,nan,NO_WELD,0.0,0.0,False,False,False,False,False,vertical
57.022,0.0,0.0,0.0,0.0,0.0351,0.0,-0.0351,0.0,399,0,0.3698,0.0,0.35156592487770283,nan,nan,NO_WELD,0.0,0.0,False,False,False,False,False,vertical
57.072,0.065,0.0,0.065,0.065,0.0351,0.0,0.0299,0.065,399,0,0.3698,0.0,3.4150945850063755e-06,3.4150945850063755e-06,0.0,WELD_FOUND,0.7227,0.7227,False,False,False,False,False,vertical
57.122,0.065,0.0,0.065,0.065,0.0359,0.0,0.0291,0.065,403,0,0.3735,0.0,3.4150945850063755e-06,3.4150945850063755e-06,0.0,WELD_FOUND,0.7227,0.7227,False,False,False,False,False,vertical
57.174,0.0,0.0,0.0,0.0,0.0359,0.0,-0.0359,0.0,403,0,0.3735,0.0,3.4150945850063755e-06,nan,nan,NO_WELD,0.0,0.0,False,False,False,False,False,vertical
57.222,0.0,0.0,0.0,0.0,0.0359,0.0,-0.0359,0.0,413,0,0.3828,0.0,3.4150945850063755e-06,nan,nan,NO_WELD,0.0,0.0,False,False,False,False,False,vertical
57.272,0.0,0.0,0.0,0.0,0.0463,0.0,-0.0463,0.0,413,0,0.3828,0.0,3.4150945850063755e-06,nan,nan,NO_WELD,0.0,0.0,False,False,False,False,False,vertical
57.322,0.0,0.0,0.0,0.0,0.0463,0.0,-0.0463,0.0,412,0,0.3818,0.0,3.4150945850063755e-06,nan,nan,NO_WELD,0.0,0.0,False,False,False,False,False,vertical
57.372,0.061395122769164104,-0.022101826336921072,0.05807984881862594,0.06471039671970226,0.024,0.0,0.034,0.0647,412,0,0.3818,0.0,0.35156592487770283,0.35156592487770283,0.0,WELD_FOUND,0.6906,0.7213,False,False,False,False,False,vertical
57.422,0.061395122769164104,-0.022101826336921072,0.05807984881862594,0.06471039671970226,0.024,0.0,0.034,0.0647,412,0,0.3818,0.0,0.35156592487770283,0.35156592487770283,0.0,WELD_FOUND,0.6906,0.7213,False,False,False,False,False,vertical
57.472,0.0,0.0,0.0,0.0,0.024,0.0,-0.024,0.0,412,0,0.3818,0.0,0.35156592487770283,nan,nan,NO_WELD,0.0,0.0,False,False,False,False,False,vertical
57.522,0.0,0.0,0.0,0.0,0.0243,0.0,-0.0243,0.0,416,0,0.3855,0.0,0.35156592487770283,nan,nan,NO_WELD,0.0,0.0,False,False,False,False,False,vertical
57.572,0.0,0.0,0.0,0.0,0.0243,0.0,-0.0243,0.0,416,0,0.3855,0.0,0.35156592487770283,nan,nan,NO_WELD,0.0,0.0,False,False,False,False,False,vertical
57.622,0.0,0.0,0.0,0.0,0.0109,0.0,-0.0109,0.0,415,0,0.3846,0.0,0.35156592487770283,nan,nan,NO_WELD,0.0,0.0,False,False,False,False,False,vertical
57.672,0.0,0.0,0.0,0.0,0.0109,0.0,-0.0109,0.0,415,0,0.3846,0.0,0.35156592487770283,nan,nan,NO_WELD,0.0,0.0,False,False,False,False,False,vertical
57.723,0.0,0.0,0.0,0.0,0.0087,0.0,-0.0087,0.0,415,0,0.3846,0.0,0.35156592487770283,nan,nan,NO_WELD,0.0,0.0,False,False,False,False,False,vertical
57.772,0.0,0.0,0.0,0.0,0.0087,0.0,-0.0087,0.0,415,0,0.3846,0.0,0.35156592487770283,0.35156592487770283,0.0,WELD_FOUND,0.0,0.0,False,False,False,False,False,vertical
57.823,0.0,0.0,0.0,0.0,0.0087,0.0,-0.0087,0.0,415,0,0.3846,0.0,0.35156592487770283,0.35156592487770283,0.0,WELD_FOUND,0.0,0.0,False,False,False,False,False,vertical
57.872,0.0,0.0,0.0,0.0,0.007,0.0,-0.007,0.0,415,0,0.3846,0.0,0.35156592487770283,nan,nan,NO_WELD,0.0,0.0,False,False,False,False,False,vertical
57.923,0.0,0.0,0.0,0.0,0.007,0.0,-0.007,0.0,415,0,0.3846,0.0,0.35156592487770283,nan,nan,NO_WELD,0.0,0.0,False,False,False,False,False,vertical
57.972,0.0,0.0,0.0,0.0,0.0056,0.0,-0.0056,0.0,415,0,0.3846,0.0,0.35156592487770283,nan,nan,NO_WELD,0.0,0.0,False,False,False,False,False,vertical
58.023,0.0,0.0,0.0,0.0,0.0056,0.0,-0.0056,0.0,415,0,0.3846,0.0,0.35156592487770283,nan,nan,NO_WELD,0.0,0.0,False,False,False,False,False,vertical
58.072,0.0,0.0,0.0,0.0,0.0056,0.0,-0.0056,0.0,415,0,0.3846,0.0,0.35156592487770283,nan,nan,NO_WELD,0.0,0.0,False,False,False,False,False,vertical
58.123,0.0,0.0,0.0,0.0,0.0045,0.0,-0.0045,0.0,415,0,0.3846,0.0,0.35156592487770283,nan,nan,NO_WELD,0.0,0.0,False,False,False,False,False,vertical
58.174,0.0,0.0,0.0,0.0,0.0045,0.0,-0.0045,0.0,415,0,0.3846,0.0,0.35156592487770283,nan,nan,NO_WELD,0.0,0.0,False,False,False,False,False,vertical
58.223,0.0,0.0,0.0,0.0,0.0045,0.0,-0.0045,0.0,415,0,0.3846,0.0,0.35156592487770283,nan,nan,NO_WELD,0.0,0.0,False,False,False,False,False,vertical
58.272,0.0,0.0,0.0,0.0,0.0036,0.0,-0.0036,0.0,415,0,0.3846,0.0,0.35156592487770283,nan,nan,NO_WELD,0.0,0.0,False,False,False,False,False,vertical
58.323,0.0,0.0,0.0,0.0,0.0036,0.0,-0.0036,0.0,415,0,0.3846,0.0,0.35156592487770283,nan,nan,NO_WELD,0.0,0.0,False,False,False,False,False,vertical
58.372,0.0,0.0,0.0,0.0,0.0036,0.0,-0.0036,0.0,415,0,0.3846,0.0,0.35156592487770283,nan,nan,NO_WELD,0.0,0.0,False,False,False,False,False,vertical
58.423,0.0,0.0,0.0,0.0,0.0029,0.0,-0.0029,0.0,415,0,0.3846,0.0,-0.35155909468853286,nan,nan,NO_WELD,0.0,0.0,False,False,False,False,False,vertical
58.472,0.0,0.0,0.0,0.0,0.0029,0.0,-0.0029,0.0,415,0,0.3846,0.0,-0.35155909468853286,-0.35155909468853286,0.0,WELD_FOUND,0.0,0.0,False,False,False,False,False,vertical
58.523,0.0,0.0,0.0,0.0,0.0029,0.0,-0.0029,0.0,415,0,0.3846,0.0,-0.35155909468853286,nan,nan,WELD_FOUND,0.0,0.0,False,False,False,False,False,vertical
58.572,0.0,0.0,0.0,0.0,0.0023,0.0,-0.0023,0.0,415,0,0.3846,0.0,-0.35155909468853286,nan,nan,NO_WELD,0.0,0.0,False,False,False,False,False,vertical
58.623,0.0,0.0,0.0,0.0,0.0023,0.0,-0.0023,0.0,415,0,0.3846,0.0,-0.35155909468853286,nan,nan,NO_WELD,0.0,0.0,False,False,False,False,False,vertical
58.672,0.0,0.0,0.0,0.0,0.0018,0.0,-0.0018,0.0,415,0,0.3846,0.0,-0.35155909468853286,nan,nan,NO_WELD,0.0,0.0,False,False,False,False,False,vertical
58.724,0.0,0.0,0.0,0.0,0.0018,0.0,-0.0018,0.0,415,0,0.3846,0.0,-0.35155909468853286,nan,nan,NO_WELD,0.0,0.0,False,False,False,False,False,vertical
58.772,0.0,0.0,0.0,0.0,0.0015,0.0,-0.0015,0.0,415,0,0.3846,0.0,-0.35155909468853286,nan,nan,NO_WELD,0.0,0.0,False,False,False,False,False,vertical
58.823,0.0,0.0,0.0,0.0,0.0015,0.0,-0.0015,0.0,415,0,0.3846,0.0,-0.35155909468853286,nan,nan,NO_WELD,0.0,0.0,False,False,False,False,False,vertical
58.872,0.0,0.0,0.0,0.0,0.0015,0.0,-0.0015,0.0,415,0,0.3846,0.0,-0.35155909468853286,nan,nan,NO_WELD,0.0,0.0,False,False,False,False,False,vertical
58.923,0.0,0.0,0.0,0.0,0.0012,0.0,-0.0012,0.0,415,0,0.3846,0.0,-0.35155909468853286,nan,nan,NO_WELD,0.0,0.0,False,False,False,False,False,vertical
58.972,0.0,0.0,0.0,0.0,0.0012,0.0,-0.0012,0.0,415,0,0.3846,0.0,-0.35155909468853286,nan,nan,NO_WELD,0.0,0.0,False,False,False,False,False,vertical
59.022,0.0,0.0,0.0,0.0,0.0012,0.0,-0.0012,0.0,415,0,0.3846,0.0,-0.35155909468853286,nan,nan,NO_WELD,0.0,0.0,False,False,False,False,False,vertical
59.072,0.0,0.0,0.0,0.0,0.0,0.0,0.0,0.0,415,0,0.3846,0.0,-0.35155909468853286,nan,nan,NO_WELD,0.0,0.0,False,False,False,False,False,vertical
59.122,0.0,0.0,0.0,0.0,0.0,0.0,0.0,0.0,415,0,0.3846,0.0,-0.35155909468853286,nan,nan,NO_WELD,0.0,0.0,False,False,False,False,False,vertical
59.174,0.0,0.0,0.0,0.0,0.0,0.0,0.0,0.0,415,0,0.3846,0.0,-0.35155909468853286,nan,nan,NO_WELD,0.0,0.0,False,False,False,False,False,vertical
59.222,0.0,0.0,0.0,0.0,0.0,0.0,0.0,0.0,415,0,0.3846,0.0,-0.35155909468853286,nan,nan,NO_WELD,0.0,0.0,False,False,False,False,False,vertical
59.272,0.0,0.0,0.0,0.0,0.0,0.0,0.0,0.0,415,0,0.3846,0.0,-0.35155909468853286,nan,nan,NO_WELD,0.0,0.0,False,False,False,False,False,vertical
59.322,0.0,0.0,0.0,0.0,0.0,0.0,0.0,0.0,415,0,0.3846,0.0,-0.35155909468853286,nan,nan,NO_WELD,0.0,0.0,False,False,False,False,False,vertical
59.372,0.0,0.0,0.0,0.0,0.0,0.0,0.0,0.0,415,0,0.3846,0.0,-0.35155909468853286,nan,nan,NO_WELD,0.0,0.0,False,False,False,False,False,vertical
59.423,0.0,0.0,0.0,0.0,0.0,0.0,0.0,0.0,415,0,0.3846,0.0,-0.35155909468853286,nan,nan,NO_WELD,0.0,0.0,False,False,False,False,False,vertical
59.472,0.0,0.0,0.0,0.0,0.0,0.0,0.0,0.0,415,0,0.3846,0.0,-0.35155909468853286,nan,nan,NO_WELD,0.0,0.0,False,False,False,False,False,vertical
59.522,0.0,0.0,0.0,0.0,0.0,0.0,0.0,0.0,415,0,0.3846,0.0,-0.35155909468853286,nan,nan,NO_WELD,0.0,0.0,False,False,False,False,False,vertical
59.572,0.0,0.0,0.0,0.0,0.0,0.0,0.0,0.0,415,0,0.3846,0.0,-0.35155909468853286,nan,nan,NO_WELD,0.0,0.0,False,False,False,False,False,vertical
59.623,0.0,0.0,0.0,0.0,0.0,0.0,0.0,0.0,415,0,0.3846,0.0,-0.35155909468853286,nan,nan,NO_WELD,0.0,0.0,False,False,False,False,False,vertical
59.672,0.0,0.0,0.0,0.0,0.0,0.0,0.0,0.0,415,0,0.3846,0.0,-0.35155909468853286,nan,nan,NO_WELD,0.0,0.0,False,False,False,False,False,vertical
59.722,0.0,0.0,0.0,0.0,0.0,0.0,0.0,0.0,415,0,0.3846,0.0,-3.164059092912196,nan,nan,NO_WELD,0.0,0.0,False,False,False,False,False,vertical
59.772,0.0,0.0,0.0,0.0,0.0,0.0,0.0,0.0,415,0,0.3846,0.0,-3.164059092912196,nan,nan,NO_WELD,0.0,0.0,False,False,False,False,False,vertical
59.823,0.0,0.0,0.0,0.0,0.0,0.0,0.0,0.0,415,0,0.3846,0.0,-2.460934233428519,nan,nan,NO_WELD,0.0,0.0,False,False,False,False,False,vertical
59.872,0.0,0.0,0.0,0.0,0.0,0.0,0.0,0.0,415,0,0.3846,0.0,-2.460934233428519,nan,nan,NO_WELD,0.0,0.0,False,False,False,False,False,vertical
59.922,0.0,0.0,0.0,0.0,0.0,0.0,0.0,0.0,415,0,0.3846,0.0,-2.460934233428519,nan,nan,NO_WELD,0.0,0.0,False,False,False,False,False,vertical
59.972,0.0,0.0,0.0,0.0,0.0,0.0,0.0,0.0,415,0,0.3846,0.0,-2.460934233428519,nan,nan,NO_WELD,0.0,0.0,False,False,False,False,False,vertical
60.023,0.0,0.0,0.0,0.0,0.0,0.0,0.0,0.0,415,0,0.3846,0.0,-1.4062466240378864,nan,nan,NO_WELD,0.0,0.0,False,False,False,False,False,vertical
60.072,0.0,0.0,0.0,0.0,0.0,0.0,0.0,0.0,415,0,0.3846,0.0,-1.4062466240378864,nan,nan,NO_WELD,0.0,0.0,False,False,False,False,False,vertical
60.123,0.0,0.0,0.0,0.0,0.0,0.0,0.0,0.0,415,0,0.3846,0.0,-1.4062466240378864,nan,nan,NO_WELD,0.0,0.0,False,False,False,False,False,vertical
60.174,0.0,0.0,0.0,0.0,0.0,0.0,0.0,0.0,415,0,0.3846,0.0,-1.4062466240378864,nan,nan,NO_WELD,0.0,0.0,False,False,False,False,False,vertical
60.222,0.0,0.0,0.0,0.0,0.0,0.0,0.0,0.0,415,0,0.3846,0.0,-2.8124966631703576,nan,nan,NO_WELD,0.0,0.0,False,False,False,False,False,vertical
60.272,0.0,0.0,0.0,0.0,0.0,0.0,0.0,0.0,415,0,0.3846,0.0,-2.8124966631703576,nan,nan,NO_WELD,0.0,0.0,False,False,False,False,False,vertical
60.323,0.0,0.0,0.0,0.0,0.0,0.0,0.0,0.0,415,0,0.3846,0.0,-2.8124966631703576,nan,nan,NO_WELD,0.0,0.0,False,False,False,False,False,vertical
60.372,0.0,0.0,0.0,0.0,0.0,0.0,0.0,0.0,415,0,0.3846,0.0,-2.8124966631703576,nan,nan,NO_WELD,0.0,0.0,False,False,False,False,False,vertical
60.422,0.0,0.0,0.0,0.0,0.0,0.0,0.0,0.0,415,0,0.3846,0.0,-2.8124966631703576,-2.8124966631703576,0.0,WELD_FOUND,0.0,0.0,False,False,False,False,False,vertical
60.472,0.0,0.0,0.0,0.0,0.0,0.0,0.0,0.0,415,0,0.3846,0.0,-2.8124966631703576,-2.8124966631703576,0.0,WELD_FOUND,0.0,0.0,False,False,False,False,False,vertical
60.523,0.03694438321124852,0.05,0.04444438321124852,0.029444383211248523,0.0,0.0,0.0444,0.0294,415,0,0.3846,0.0,-2.1093715902432693,-2.460934233428519,0.3515626431852499,WELD_FOUND,0.0,0.4589,True,False,False,False,False,vertical
60.572,0.03694438321124852,0.05,0.04444438321124852,0.029444383211248523,0.0,0.0,0.0444,0.0294,415,0,0.3846,0.0,-2.1093715902432693,-2.460934233428519,0.3515626431852499,WELD_FOUND,0.0,0.4589,True,False,False,False,False,vertical
60.623,0.0,0.0,0.0,0.0,0.0,0.0,0.0,0.0,416,0,0.3855,0.0,-2.1093715902432693,nan,nan,NO_WELD,0.0,0.0,False,False,False,False,False,vertical
60.672,0.0,0.0,0.0,0.0,0.0025,0.0,-0.0025,0.0,416,0,0.3855,0.0,-2.1093715902432693,nan,nan,NO_WELD,0.0,0.0,False,False,False,False,False,vertical
60.722,0.0,0.0,0.0,0.0,0.0025,0.0,-0.0025,0.0,416,0,0.3855,0.0,-2.1093715902432693,nan,nan,NO_WELD,0.0,0.0,False,False,False,False,False,vertical
60.772,0.0,0.0,0.0,0.0,0.002,0.0,-0.002,0.0,416,0,0.3855,0.0,-2.1093715902432693,nan,nan,NO_WELD,0.0,0.0,False,False,False,False,False,vertical
60.823,0.03694438321124852,0.05,0.04444438321124852,0.029444383211248523,0.002,0.0,0.0425,0.0294,416,0,0.3855,0.0,-2.460934233428519,-2.460934233428519,0.0,WELD_FOUND,0.6275,0.4589,False,False,False,False,False,vertical
60.872,0.03694438321124852,0.05,0.04444438321124852,0.029444383211248523,0.0016,0.0,0.0429,0.0294,416,0,0.3855,0.0,-2.460934233428519,-2.460934233428519,0.0,WELD_FOUND,0.6275,0.4589,False,False,False,False,False,vertical
60.922,0.0,0.0,0.0,0.0,0.0016,0.0,-0.0016,0.0,418,0,0.3874,0.0,-2.460934233428519,nan,nan,NO_WELD,0.0,0.0,False,False,False,False,False,vertical
60.972,0.0,0.0,0.0,0.0,0.0016,0.0,-0.0016,0.0,418,0,0.3874,0.0,-2.460934233428519,nan,nan,NO_WELD,0.0,0.0,False,False,False,False,False,vertical
61.023,0.0,0.0,0.0,0.0,0.0084,0.0,-0.0084,0.0,419,0,0.3883,0.0,-2.460934233428519,nan,nan,NO_WELD,0.0,0.0,False,False,False,False,False,vertical
61.072,0.0,0.0,0.0,0.0,0.0084,0.0,-0.0084,0.0,419,0,0.3883,0.0,-2.460934233428519,nan,nan,NO_WELD,0.0,0.0,False,False,False,False,False,vertical
61.122,0.0,0.0,0.0,0.0,0.0084,0.0,-0.0084,0.0,419,0,0.3883,0.0,-2.460934233428519,nan,nan,NO_WELD,0.0,0.0,False,False,False,False,False,vertical
61.174,0.0,0.0,0.0,0.0,0.0067,0.0,-0.0067,0.0,419,0,0.3883,0.0,-2.460934233428519,nan,nan,NO_WELD,0.0,0.0,False,False,False,False,False,vertical
61.222,0.0,0.0,0.0,0.0,0.0067,0.0,-0.0067,0.0,419,0,0.3883,0.0,-2.460934233428519,nan,nan,NO_WELD,0.0,0.0,False,False,False,False,False,vertical
61.272,0.0,0.0,0.0,0.0,0.0054,0.0,-0.0054,0.0,419,0,0.3883,0.0,-2.460934233428519,nan,nan,NO_WELD,0.0,0.0,False,False,False,False,False,vertical
61.322,0.0,0.0,0.0,0.0,0.0054,0.0,-0.0054,0.0,419,0,0.3883,0.0,-2.460934233428519,nan,nan,NO_WELD,0.0,0.0,False,False,False,False,False,vertical
61.372,0.0,0.0,0.0,0.0,0.0043,0.0,-0.0043,0.0,419,0,0.3883,0.0,-2.460934233428519,nan,nan,NO_WELD,0.0,0.0,False,False,False,False,False,vertical
61.422,0.0,0.0,0.0,0.0,0.0043,0.0,-0.0043,0.0,419,0,0.3883,0.0,-2.460934233428519,nan,nan,NO_WELD,0.0,0.0,False,False,False,False,False,vertical
61.472,0.0,0.0,0.0,0.0,0.0043,0.0,-0.0043,0.0,419,0,0.3883,0.0,-2.460934233428519,nan,nan,NO_WELD,0.0,0.0,False,False,False,False,False,vertical
61.522,0.0,0.0,0.0,0.0,0.0034,0.0,-0.0034,0.0,419,0,0.3883,0.0,-2.460934233428519,nan,nan,NO_WELD,0.0,0.0,False,False,False,False,False,vertical
61.572,0.0,0.0,0.0,0.0,0.0034,0.0,-0.0034,0.0,419,0,0.3883,0.0,-2.460934233428519,nan,nan,NO_WELD,0.0,0.0,False,False,False,False,False,vertical
61.622,0.0,0.0,0.0,0.0,0.0034,0.0,-0.0034,0.0,419,0,0.3883,0.0,-2.460934233428519,nan,nan,NO_WELD,0.0,0.0,False,False,False,False,False,vertical
61.672,0.0,0.0,0.0,0.0,0.0027,0.0,-0.0027,0.0,419,0,0.3883,0.0,-2.460934233428519,nan,nan,NO_WELD,0.0,0.0,False,False,False,False,False,vertical
61.722,0.0,0.0,0.0,0.0,0.0027,0.0,-0.0027,0.0,419,0,0.3883,0.0,-2.460934233428519,nan,nan,NO_WELD,0.0,0.0,False,False,False,False,False,vertical
61.772,0.0,0.0,0.0,0.0,0.0027,0.0,-0.0027,0.0,419,0,0.3883,0.0,-2.460934233428519,nan,nan,NO_WELD,0.0,0.0,False,False,False,False,False,vertical
61.822,0.0,0.0,0.0,0.0,0.0022,0.0,-0.0022,0.0,419,0,0.3883,0.0,-2.460934233428519,-2.460934233428519,0.0,WELD_FOUND,0.0,0.0,False,False,False,False,False,vertical
61.872,0.0,0.0,0.0,0.0,0.0022,0.0,-0.0022,0.0,419,0,0.3883,0.0,-2.460934233428519,-2.460934233428519,0.0,WELD_FOUND,0.0,0.0,False,False,False,False,False,vertical
61.922,0.0,0.0,0.0,0.0,0.0022,0.0,-0.0022,0.0,419,0,0.3883,0.0,-2.460934233428519,nan,nan,NO_WELD,0.0,0.0,False,False,False,False,False,vertical
61.972,0.0,0.0,0.0,0.0,0.0018,0.0,-0.0018,0.0,419,0,0.3883,0.0,-2.460934233428519,nan,nan,NO_WELD,0.0,0.0,False,False,False,False,False,vertical
62.022,0.03037455725537767,0.05,0.03787455725537767,0.02287455725537767,0.0018,0.0,0.0361,0.0229,419,0,0.3883,0.0,-3.164059092912196,-3.164059092912196,0.0,WELD_FOUND,0.5903,0.3565,False,False,False,False,False,vertical
62.072,0.03037455725537767,0.05,0.03787455725537767,0.02287455725537767,0.0018,0.0,0.0361,0.0229,419,0,0.3883,0.0,-3.164059092912196,-3.164059092912196,0.0,WELD_FOUND,0.5903,0.3565,False,False,False,False,False,vertical
62.122,0.0,0.0,0.0,0.0,0.0035,0.0,-0.0035,0.0,420,0,0.3892,0.0,-3.164059092912196,nan,nan,NO_WELD,0.0,0.0,False,False,False,False,False,vertical
62.174,0.0,0.0,0.0,0.0,0.0035,0.0,-0.0035,0.0,420,0,0.3892,0.0,-3.164059092912196,nan,nan,NO_WELD,0.0,0.0,False,False,False,False,False,vertical
62.222,0.0,0.0,0.0,0.0,0.0058,0.0,-0.0058,0.0,421,0,0.3902,0.0,-3.164059092912196,nan,nan,NO_WELD,0.0,0.0,False,False,False,False,False,vertical
62.272,0.0,0.0,0.0,0.0,0.0058,0.0,-0.0058,0.0,421,0,0.3902,0.0,-3.164059092912196,nan,nan,NO_WELD,0.0,0.0,False,False,False,False,False,vertical
62.322,0.025581437661180213,0.05,0.03308143766118021,0.018081437661180214,0.0047,0.0,0.0284,0.0181,421,0,0.3902,0.0,-3.8671843792826963,-3.8671843792826963,0.0,WELD_FOUND,0.5156,0.2818,False,False,False,False,False,vertical
62.372,0.025581437661180213,0.05,0.03308143766118021,0.018081437661180214,0.0047,0.0,0.0284,0.0181,421,0,0.3902,0.0,-3.8671843792826963,-3.8671843792826963,0.0,WELD_FOUND,0.5156,0.2818,False,False,False,False,False,vertical
62.422,0.0,0.0,0.0,0.0,0.0047,0.0,-0.0047,0.0,421,0,0.3902,0.0,-3.8671843792826963,nan,nan,NO_WELD,0.0,0.0,False,False,False,False,False,vertical
62.472,0.0,0.0,0.0,0.0,0.0037,0.0,-0.0037,0.0,421,0,0.3902,0.0,-3.8671843792826963,nan,nan,NO_WELD,0.0,0.0,False,False,False,False,False,vertical
62.522,0.0,0.0,0.0,0.0,0.0037,0.0,-0.0037,0.0,421,0,0.3902,0.0,-3.8671843792826963,nan,nan,NO_WELD,0.0,0.0,False,False,False,False,False,vertical
62.572,0.0,0.0,0.0,0.0,0.0037,0.0,-0.0037,0.0,421,0,0.3902,0.0,-3.8671843792826963,nan,nan,NO_WELD,0.0,0.0,False,False,False,False,False,vertical
62.622,0.0,0.0,0.0,0.0,0.003,0.0,-0.003,0.0,421,0,0.3902,0.0,-3.8671843792826963,nan,nan,NO_WELD,0.0,0.0,False,False,False,False,False,vertical
62.672,0.0,0.0,0.0,0.0,0.003,0.0,-0.003,0.0,421,0,0.3902,0.0,-3.8671843792826963,nan,nan,NO_WELD,0.0,0.0,False,False,False,False,False,vertical
62.722,0.024447427834514205,0.05,0.03194742783451421,0.016947427834514205,0.0024,0.0,0.0296,0.0169,421,0,0.3902,0.0,-3.8671843792826963,-3.8671843792826963,0.0,WELD_FOUND,0.4979,0.2641,False,False,False,False,False,vertical
62.772,0.024447427834514205,0.05,0.03194742783451421,0.016947427834514205,0.0024,0.0,0.0296,0.0169,421,0,0.3902,0.0,-3.8671843792826963,-3.8671843792826963,0.0,WELD_FOUND,0.4979,0.2641,False,False,False,False,False,vertical
62.822,0.0,0.0,0.0,0.0,0.0024,0.0,-0.0024,0.0,421,0,0.3902,0.0,-3.8671843792826963,nan,nan,NO_WELD,0.0,0.0,False,False,False,False,False,vertical
62.872,0.0,0.0,0.0,0.0,0.0019,0.0,-0.0019,0.0,421,0,0.3902,0.0,-3.8671843792826963,nan,nan,NO_WELD,0.0,0.0,False,False,False,False,False,vertical
62.922,0.0,0.0,0.0,0.0,0.0019,0.0,-0.0019,0.0,421,0,0.3902,0.0,-3.8671843792826963,nan,nan,NO_WELD,0.0,0.0,False,False,False,False,False,vertical
62.972,0.0,0.0,0.0,0.0,0.0015,0.0,-0.0015,0.0,421,0,0.3902,0.0,-3.8671843792826963,nan,nan,NO_WELD,0.0,0.0,False,False,False,False,False,vertical
63.022,0.0,0.0,0.0,0.0,0.0015,0.0,-0.0015,0.0,421,0,0.3902,0.0,-3.8671843792826963,nan,nan,NO_WELD,0.0,0.0,False,False,False,False,False,vertical
63.072,0.0,0.0,0.0,0.0,0.0015,0.0,-0.0015,0.0,421,0,0.3902,0.0,-3.8671843792826963,nan,nan,NO_WELD,0.0,0.0,False,False,False,False,False,vertical
63.122,0.0,0.0,0.0,0.0,0.0012,0.0,-0.0012,0.0,421,0,0.3902,0.0,-3.5156217360974464,-3.5156217360974464,0.0,WELD_FOUND,0.0,0.0,False,False,False,False,False,vertical
63.174,0.0,0.0,0.0,0.0,0.0012,0.0,-0.0012,0.0,421,0,0.3902,0.0,-3.5156217360974464,-3.5156217360974464,0.0,WELD_FOUND,0.0,0.0,False,False,False,False,False,vertical
63.222,0.027330654955091734,0.05,0.03483065495509173,0.019830654955091735,0.0012,0.0,0.0336,0.0198,421,0,0.3902,0.0,-3.5156217360974464,-3.5156217360974464,0.0,WELD_FOUND,0.5428,0.309,False,False,False,False,False,vertical
63.272,0.027330654955091734,0.05,0.03483065495509173,0.019830654955091735,0.0,0.0,0.0348,0.0198,421,0,0.3902,0.0,-3.5156217360974464,-3.5156217360974464,0.0,WELD_FOUND,0.0,0.309,True,False,False,False,False,vertical
63.322,0.0,0.0,0.0,0.0,0.0,0.0,0.0,0.0,421,0,0.3902,0.0,-3.5156217360974464,nan,nan,NO_WELD,0.0,0.0,False,False,False,False,False,vertical
63.372,0.0,0.0,0.0,0.0,0.0,0.0,0.0,0.0,421,0,0.3902,0.0,-3.5156217360974464,nan,nan,NO_WELD,0.0,0.0,False,False,False,False,False,vertical
63.422,0.022794618277518372,0.05,0.03029461827751837,0.015294618277518372,0.0,0.0,0.0303,0.0153,422,0,0.3911,0.0,-4.218746595581123,-4.218746595581123,0.0,WELD_FOUND,0.0,0.2384,True,False,False,False,False,vertical
63.472,0.022794618277518372,0.05,0.03029461827751837,0.015294618277518372,0.0037,0.0,0.0266,0.0153,422,0,0.3911,0.0,-4.218746595581123,-4.218746595581123,0.0,WELD_FOUND,0.4721,0.2384,False,False,False,False,False,vertical
63.522,0.0,0.0,0.0,0.0,0.0037,0.0,-0.0037,0.0,423,0,0.392,0.0,-4.218746595581123,nan,nan,NO_WELD,0.0,0.0,False,False,False,False,False,vertical
63.572,0.0,0.0,0.0,0.0,0.0037,0.0,-0.0037,0.0,423,0,0.392,0.0,-4.218746595581123,nan,nan,NO_WELD,0.0,0.0,False,False,False,False,False,vertical
63.622,0.0,0.0,0.0,0.0,0.0047,0.0,-0.0047,0.0,423,0,0.392,0.0,-4.218746595581123,nan,nan,NO_WELD,0.0,0.0,False,False,False,False,False,vertical
63.672,0.0,0.0,0.0,0.0,0.0047,0.0,-0.0047,0.0,423,0,0.392,0.0,-4.218746595581123,nan,nan,NO_WELD,0.0,0.0,False,False,False,False,False,vertical
63.722,0.0,0.0,0.0,0.0,0.0047,0.0,-0.0047,0.0,423,0,0.392,0.0,-4.218746595581123,nan,nan,NO_WELD,0.0,0.0,False,False,False,False,False,vertical
63.772,0.0,0.0,0.0,0.0,0.0038,0.0,-0.0038,0.0,423,0,0.392,0.0,-4.218746595581123,nan,nan,NO_WELD,0.0,0.0,False,False,False,False,False,vertical
63.822,0.0,0.0,0.0,0.0,0.0038,0.0,-0.0038,0.0,423,0,0.392,0.0,-4.218746595581123,nan,nan,NO_WELD,0.0,0.0,False,False,False,False,False,vertical
63.872,0.0,0.0,0.0,0.0,0.0038,0.0,-0.0038,0.0,423,0,0.392,0.0,-4.218746595581123,nan,nan,NO_WELD,0.0,0.0,False,False,False,False,False,vertical
63.922,0.0,0.0,0.0,0.0,0.003,0.0,-0.003,0.0,423,0,0.392,0.0,-4.218746595581123,nan,nan,NO_WELD,0.0,0.0,False,False,False,False,False,vertical
63.972,0.0,0.0,0.0,0.0,0.003,0.0,-0.003,0.0,423,0,0.392,0.0,-4.218746595581123,nan,nan,NO_WELD,0.0,0.0,False,False,False,False,False,vertical
64.022,0.0,0.0,0.0,0.0,0.0024,0.0,-0.0024,0.0,423,0,0.392,0.0,-4.218746595581123,nan,nan,NO_WELD,0.0,0.0,False,False,False,False,False,vertical
64.072,0.0,0.0,0.0,0.0,0.0024,0.0,-0.0024,0.0,423,0,0.392,0.0,-4.218746595581123,nan,nan,NO_WELD,0.0,0.0,False,False,False,False,False,vertical
64.122,0.0,0.0,0.0,0.0,0.0019,0.0,-0.0019,0.0,423,0,0.392,0.0,-4.218746595581123,nan,nan,NO_WELD,0.0,0.0,False,False,False,False,False,vertical
64.174,0.0,0.0,0.0,0.0,0.0019,0.0,-0.0019,0.0,423,0,0.392,0.0,-4.218746595581123,nan,nan,NO_WELD,0.0,0.0,False,False,False,False,False,vertical
64.222,0.027330654955091734,0.05,0.03483065495509173,0.019830654955091735,0.0019,0.0,0.0329,0.0198,423,0,0.392,0.0,-3.5156217360974464,-3.5156217360974464,0.0,WELD_FOUND,0.0,0.309,True,False,False,False,False,vertical
64.272,0.027330654955091734,0.05,0.03483065495509173,0.019830654955091735,0.0015,0.0,0.0333,0.0198,423,0,0.392,0.0,-3.5156217360974464,-3.5156217360974464,0.0,WELD_FOUND,0.0,0.309,True,False,False,False,False,vertical
64.322,0.026158083085295707,0.1,0.041158083085295706,0.011158083085295707,0.0015,0.0,0.0396,0.0112,424,0,0.393,0.0,-3.8671843792826963,-3.691403057690071,-0.17578132159262516,WELD_FOUND,0.0,0.1739,True,False,False,False,False,vertical
64.372,0.026158083085295707,0.1,0.041158083085295706,0.011158083085295707,0.0015,0.0,0.0396,0.0112,424,0,0.393,0.0,-3.8671843792826963,-3.691403057690071,-0.17578132159262516,WELD_FOUND,0.0,0.1739,True,False,False,False,False,vertical
64.423,0.0,0.0,0.0,0.0,0.0034,0.0,-0.0034,0.0,424,0,0.393,0.0,-3.8671843792826963,nan,nan,NO_WELD,0.0,0.0,False,False,False,False,False,vertical
64.472,0.0,0.0,0.0,0.0,0.0034,0.0,-0.0034,0.0,424,0,0.393,0.0,-3.8671843792826963,nan,nan,NO_WELD,0.0,0.0,False,False,False,False,False,vertical
64.522,0.0,0.0,0.0,0.0,0.0034,0.0,-0.0034,0.0,424,0,0.393,0.0,-3.8671843792826963,nan,nan,NO_WELD,0.0,0.0,False,False,False,False,False,vertical
64.572,0.0,0.0,0.0,0.0,0.0027,0.0,-0.0027,0.0,424,0,0.393,0.0,-3.8671843792826963,nan,nan,NO_WELD,0.0,0.0,False,False,False,False,False,vertical
64.622,0.0,0.0,0.0,0.0,0.0027,0.0,-0.0027,0.0,424,0,0.393,0.0,-3.8671843792826963,nan,nan,NO_WELD,0.0,0.0,False,False,False,False,False,vertical
64.672,0.0,0.0,0.0,0.0,0.0022,0.0,-0.0022,0.0,424,0,0.393,0.0,-3.8671843792826963,nan,nan,NO_WELD,0.0,0.0,False,False,False,False,False,vertical
64.722,0.027330654955091734,0.05,0.03483065495509173,0.019830654955091735,0.0022,0.0,0.0327,0.0198,424,0,0.393,0.0,-3.5156217360974464,-3.5156217360974464,0.0,WELD_FOUND,0.5428,0.309,False,False,False,False,False,vertical
64.772,0.027330654955091734,0.05,0.03483065495509173,0.019830654955091735,0.0022,0.0,0.0327,0.0198,424,0,0.393,0.0,-3.5156217360974464,-3.5156217360974464,0.0,WELD_FOUND,0.5428,0.309,False,False,False,False,False,vertical
64.822,0.0,0.0,0.0,0.0,0.0017,0.0,-0.0017,0.0,424,0,0.393,0.0,-3.5156217360974464,nan,nan,NO_WELD,0.0,0.0,False,False,False,False,False,vertical
64.872,0.0,0.0,0.0,0.0,0.0017,0.0,-0.0017,0.0,424,0,0.393,0.0,-3.5156217360974464,nan,nan,NO_WELD,0.0,0.0,False,False,False,False,False,vertical
64.922,0.0,0.0,0.0,0.0,0.0047,0.0,-0.0047,0.0,425,0,0.3939,0.0,-3.5156217360974464,nan,nan,NO_WELD,0.0,0.0,False,False,False,False,False,vertical
64.972,0.0,0.0,0.0,0.0,0.0047,0.0,-0.0047,0.0,425,0,0.3939,0.0,-3.5156217360974464,nan,nan,NO_WELD,0.0,0.0,False,False,False,False,False,vertical
65.022,0.0,0.0,0.0,0.0,0.0047,0.0,-0.0047,0.0,425,0,0.3939,0.0,-3.5156217360974464,nan,nan,NO_WELD,0.0,0.0,False,False,False,False,False,vertical
65.072,0.0,0.0,0.0,0.0,0.0038,0.0,-0.0038,0.0,425,0,0.3939,0.0,-3.5156217360974464,nan,nan,NO_WELD,0.0,0.0,False,False,False,False,False,vertical
65.122,0.0,0.0,0.0,0.0,0.0038,0.0,-0.0038,0.0,425,0,0.3939,0.0,-3.164059092912196,-3.164059092912196,0.0,WELD_FOUND,0.0,0.0,False,False,False,False,False,vertical
65.174,0.0,0.0,0.0,0.0,0.0038,0.0,-0.0038,0.0,425,0,0.3939,0.0,-3.164059092912196,-3.164059092912196,0.0,WELD_FOUND,0.0,0.0,False,False,False,False,False,vertical
65.223,0.028832521707771154,0.05,0.036332521707771154,0.021332521707771154,0.003,0.0,0.0333,0.0213,425,0,0.3939,0.0,-3.5156217360974464,-3.3398404145048213,-0.17578132159262516,WELD_FOUND,0.5662,0.3325,False,False,False,False,False,vertical
65.272,0.028832521707771154,0.05,0.036332521707771154,0.021332521707771154,0.003,0.0,0.0333,0.0213,425,0,0.3939,0.0,-3.5156217360974464,-3.3398404145048213,-0.17578132159262516,WELD_FOUND,0.5662,0.3325,False,False,False,False,False,vertical
65.322,0.027627814802033444,0.1,0.04262781480203344,0.012627814802033444,0.003,0.0,0.0396,0.0126,427,0,0.3957,0.0,-3.8671843792826963,-3.5156217360974464,-0.3515626431852499,WELD_FOUND,0.6191,0.1968,False,False,False,False,False,vertical
65.372,0.027627814802033444,0.1,0.04262781480203344,0.012627814802033444,0.0068,0.0,0.0359,0.0126,427,0,0.3957,0.0,-3.8671843792826963,-3.5156217360974464,-0.3515626431852499,WELD_FOUND,0.6191,0.1968,False,False,False,False,False,vertical
65.423,0.027389958384336312,0.15000000000000002,0.04988995838433631,0.004889958384336309,0.0068,0.0,0.0431,0.0049,429,0,0.3976,0.0,-3.5156217360974464,-3.5156217360974464,0.0,WELD_FOUND,0.6527,0.0762,False,False,False,False,False,vertical
65.472,0.027389958384336312,0.15000000000000002,0.04988995838433631,0.004889958384336309,0.0068,0.0,0.0431,0.0049,429,0,0.3976,0.0,-3.5156217360974464,-3.5156217360974464,0.0,WELD_FOUND,0.6527,0.0762,False,False,False,False,False,vertical
65.522,0.027342510499334897,0.2,0.05734251049933489,-0.002657489500665102,0.0139,0.0,0.0434,-0.0027,431,0,0.3994,0.0,-3.5156217360974464,-3.5156217360974464,0.0,WELD_FOUND,0.6872,0.0414,False,False,False,False,False,vertical
65.572,0.027342510499334897,0.2,0.05734251049933489,-0.002657489500665102,0.0139,0.0,0.0434,-0.0027,431,0,0.3994,0.0,-3.5156217360974464,-3.5156217360974464,0.0,WELD_FOUND,0.6872,0.0414,False,False,False,False,False,vertical
65.622,0.02733302585827613,0.24544696418127562,0.06415007048546748,-0.00948401876891521,0.0121,0.0,0.0521,-0.0095,432,0,0.4004,0.0,-3.5156217360974464,-3.5156217360974464,0.0,WELD_FOUND,0.7188,0.1478,False,False,False,False,False,vertical
65.672,0.02733302585827613,0.24544696418127562,0.06415007048546748,-0.00948401876891521,0.0121,0.0,0.0521,-0.0095,432,0,0.4004,0.0,-3.5156217360974464,-3.5156217360974464,0.0,WELD_FOUND,0.7188,0.1478,False,False,False,False,False,vertical
65.722,0.027331129127502043,0.2454386837469449,0.06414693168954377,-0.009484673434539691,0.0121,0.0,0.0521,-0.0095,432,0,0.4004,0.0,-3.5156217360974464,-3.5156217360974464,0.0,WELD_FOUND,0.7187,0.1478,False,False,False,False,False,vertical
65.772,0.027331129127502043,0.2454386837469449,0.06414693168954377,-0.009484673434539691,0.0097,0.0,0.0545,-0.0095,432,0,0.4004,0.0,-3.5156217360974464,-3.5156217360974464,0.0,WELD_FOUND,0.7187,0.1478,False,False,False,False,False,vertical
65.822,0.0,0.0,0.0,0.0,0.0097,0.0,-0.0097,0.0,433,0,0.4013,0.0,-3.5156217360974464,nan,nan,NO_WELD,0.0,0.0,False,False,False,False,False,vertical
65.872,0.0,0.0,0.0,0.0,0.0095,0.0,-0.0095,0.0,433,0,0.4013,0.0,-3.5156217360974464,nan,nan,NO_WELD,0.0,0.0,False,False,False,False,False,vertical
65.922,0.029753021728381412,0.05,0.03725302172838141,0.022253021728381412,0.0095,0.0,0.0278,0.0223,433,0,0.4013,0.0,-3.164059092912196,-3.164059092912196,0.0,WELD_FOUND,0.5806,0.3468,False,False,False,False,False,vertical
65.972,0.029753021728381412,0.05,0.03725302172838141,0.022253021728381412,0.0076,0.0,0.0297,0.0223,433,0,0.4013,0.0,-3.164059092912196,-3.164059092912196,0.0,WELD_FOUND,0.5806,0.3468,False,False,False,False,False,vertical
66.022,0.03150971418726245,0.1,0.04650971418726245,0.01650971418726245,0.0076,0.0,0.0389,0.0165,433,0,0.4013,0.0,-2.8124966631703576,-2.988277984762983,0.17578132159262516,WELD_FOUND,0.6371,0.2573,False,False,False,False,False,vertical
66.072,0.03150971418726245,0.1,0.04650971418726245,0.01650971418726245,0.0076,0.0,0.0389,0.0165,433,0,0.4013,0.0,-2.8124966631703576,-2.988277984762983,0.17578132159262516,WELD_FOUND,0.6371,0.2573,False,False,False,False,False,vertical
66.122,0.0,0.0,0.0,0.0,0.0095,0.0,-0.0095,0.0,435,0,0.4031,0.0,-2.8124966631703576,nan,nan,NO_WELD,0.0,0.0,False,False,False,False,False,vertical
66.174,0.0,0.0,0.0,0.0,0.0095,0.0,-0.0095,0.0,435,0,0.4031,0.0,-2.8124966631703576,nan,nan,NO_WELD,0.0,0.0,False,False,False,False,False,vertical
66.222,0.0,0.0,0.0,0.0,0.0076,0.0,-0.0076,0.0,435,0,0.4031,0.0,-2.8124966631703576,nan,nan,NO_WELD,0.0,0.0,False,False,False,False,False,vertical
66.272,0.0,0.0,0.0,0.0,0.0076,0.0,-0.0076,0.0,435,0,0.4031,0.0,-2.8124966631703576,nan,nan,NO_WELD,0.0,0.0,False,False,False,False,False,vertical
66.322,0.030599922706754785,0.05,0.03809992270675479,0.023099922706754785,0.0076,0.0,0.0305,0.0231,435,0,0.4031,0.0,-3.164059092912196,-3.164059092912196,0.0,WELD_FOUND,0.5938,0.36,False,False,False,False,False,vertical
66.372,0.030599922706754785,0.05,0.03809992270675479,0.023099922706754785,0.0061,0.0,0.032,0.0231,435,0,0.4031,0.0,-3.164059092912196,-3.164059092912196,0.0,WELD_FOUND,0.5938,0.36,False,False,False,False,False,vertical
66.422,0.029181796262334102,0.1,0.0441817962623341,0.014181796262334102,0.0061,0.0,0.0381,0.0142,435,0,0.4031,0.0,-3.5156217360974464,-3.3398404145048213,-0.17578132159262516,WELD_FOUND,0.6263,0.221,False,False,False,False,False,vertical
66.472,0.029181796262334102,0.1,0.0441817962623341,0.014181796262334102,0.0061,0.0,0.0381,0.0142,435,0,0.4031,0.0,-3.5156217360974464,-3.3398404145048213,-0.17578132159262516,WELD_FOUND,0.6263,0.221,False,False,False,False,False,vertical
66.522,0.0276960309848511,0.15000000000000002,0.050196030984851106,0.005196030984851097,0.0061,0.0,0.0441,0.0052,436,0,0.4041,0.0,-3.5156217360974464,-3.5156217360974464,0.0,WELD_FOUND,0.6541,0.081,False,False,False,False,False,vertical
66.572,0.0276960309848511,0.15000000000000002,0.050196030984851106,0.005196030984851097,0.0061,0.0,0.0441,0.0052,436,0,0.4041,0.0,-3.5156217360974464,-3.5156217360974464,0.0,WELD_FOUND,0.6541,0.081,False,False,False,False,False,vertical
66.622,0.027403536071776036,0.2,0.057403536071776035,-0.002596463928223963,0.0074,0.0,0.05,-0.0026,437,0,0.405,0.0,-3.5156217360974464,-3.5156217360974464,0.0,WELD_FOUND,0.6875,0.0405,False,False,False,False,False,vertical
66.672,0.027403536071776036,0.2,0.057403536071776035,-0.002596463928223963,0.0074,0.0,0.05,-0.0026,437,0,0.405,0.0,-3.5156217360974464,-3.5156217360974464,0.0,WELD_FOUND,0.6875,0.0405,False,False,False,False,False,vertical
66.722,0.0,0.0,0.0,0.0,0.0074,0.0,-0.0074,0.0,438,0,0.4059,0.0,-3.5156217360974464,nan,nan,NO_WELD,0.0,0.0,False,False,False,False,False,vertical
66.772,0.0,0.0,0.0,0.0,0.0069,0.0,-0.0069,0.0,438,0,0.4059,0.0,-3.5156217360974464,nan,nan,NO_WELD,0.0,0.0,False,False,False,False,False,vertical
66.822,0.02734522341485789,0.05,0.03484522341485789,0.01984522341485789,0.0069,0.0,0.0279,0.0198,438,0,0.4059,0.0,-3.5156217360974464,-3.5156217360974464,0.0,WELD_FOUND,0.543,0.3093,False,False,False,False,False,vertical
66.872,0.02734522341485789,0.05,0.03484522341485789,0.01984522341485789,0.0055,0.0,0.0293,0.0198,438,0,0.4059,0.0,-3.5156217360974464,-3.5156217360974464,0.0,WELD_FOUND,0.543,0.3093,False,False,False,False,False,vertical
66.922,0.0,0.0,0.0,0.0,0.0055,0.0,-0.0055,0.0,439,0,0.4069,0.0,-3.5156217360974464,nan,nan,NO_WELD,0.0,0.0,False,False,False,False,False,vertical
66.972,0.0,0.0,0.0,0.0,0.0055,0.0,-0.0055,0.0,439,0,0.4069,0.0,-3.5156217360974464,nan,nan,NO_WELD,0.0,0.0,False,False,False,False,False,vertical
67.022,0.0297559625225058,0.05,0.0372559625225058,0.0222559625225058,0.0058,0.0,0.0315,0.0223,439,0,0.4069,0.0,-3.164059092912196,-3.164059092912196,0.0,WELD_FOUND,0.5806,0.3468,False,False,False,False,False,vertical
67.072,0.0297559625225058,0.05,0.0372559625225058,0.0222559625225058,0.0058,0.0,0.0315,0.0223,439,0,0.4069,0.0,-3.164059092912196,-3.164059092912196,0.0,WELD_FOUND,0.5806,0.3468,False,False,False,False,False,vertical
67.122,0.0,0.0,0.0,0.0,0.0046,0.0,-0.0046,0.0,439,0,0.4069,0.0,-3.164059092912196,nan,nan,NO_WELD,0.0,0.0,False,False,False,False,False,vertical
67.174,0.0,0.0,0.0,0.0,0.0046,0.0,-0.0046,0.0,439,0,0.4069,0.0,-3.164059092912196,nan,nan,NO_WELD,0.0,0.0,False,False,False,False,False,vertical
67.222,0.025467442263455816,0.05,0.03296744226345581,0.017967442263455816,0.0046,0.0,0.0283,0.018,439,0,0.4069,0.0,-3.8671843792826963,-3.8671843792826963,0.0,WELD_FOUND,0.5138,0.28,False,False,False,False,False,vertical
67.272,0.025467442263455816,0.05,0.03296744226345581,0.017967442263455816,0.0037,0.0,0.0293,0.018,439,0,0.4069,0.0,-3.8671843792826963,-3.8671843792826963,0.0,WELD_FOUND,0.5138,0.28,False,False,False,False,False,vertical
67.322,0.0,0.0,0.0,0.0,0.0037,0.0,-0.0037,0.0,439,0,0.4069,0.0,-3.8671843792826963,nan,nan,NO_WELD,0.0,0.0,False,False,False,False,False,vertical
67.372,0.0,0.0,0.0,0.0,0.003,0.0,-0.003,0.0,439,0,0.4069,0.0,-3.8671843792826963,nan,nan,NO_WELD,0.0,0.0,False,False,False,False,False,vertical
67.422,0.0,0.0,0.0,0.0,0.003,0.0,-0.003,0.0,439,0,0.4069,0.0,-3.8671843792826963,nan,nan,NO_WELD,0.0,0.0,False,False,False,False,False,vertical
67.472,0.0,0.0,0.0,0.0,0.0024,0.0,-0.0024,0.0,439,0,0.4069,0.0,-3.8671843792826963,nan,nan,NO_WELD,0.0,0.0,False,False,False,False,False,vertical
67.522,0.024649763019956264,0.05,0.032149763019956264,0.017149763019956264,0.0024,0.0,0.0298,0.0171,439,0,0.4069,0.0,-3.8671843792826963,-3.8671843792826963,0.0,WELD_FOUND,0.501,0.2673,False,False,False,False,False,vertical
67.572,0.024649763019956264,0.05,0.032149763019956264,0.017149763019956264,0.0024,0.0,0.0298,0.0171,439,0,0.4069,0.0,-3.8671843792826963,-3.8671843792826963,0.0,WELD_FOUND,0.501,0.2673,False,False,False,False,False,vertical
67.622,0.0,0.0,0.0,0.0,0.0019,0.0,-0.0019,0.0,439,0,0.4069,0.0,-3.8671843792826963,nan,nan,NO_WELD,0.0,0.0,False,False,False,False,False,vertical
67.672,0.0,0.0,0.0,0.0,0.0019,0.0,-0.0019,0.0,439,0,0.4069,0.0,-3.8671843792826963,nan,nan,NO_WELD,0.0,0.0,False,False,False,False,False,vertical
67.722,0.0,0.0,0.0,0.0,0.0019,0.0,-0.0019,0.0,439,0,0.4069,0.0,-3.8671843792826963,nan,nan,NO_WELD,0.0,0.0,False,False,False,False,False,vertical
67.772,0.0,0.0,0.0,0.0,0.0015,0.0,-0.0015,0.0,439,0,0.4069,0.0,-3.8671843792826963,nan,nan,NO_WELD,0.0,0.0,False,False,False,False,False,vertical
67.823,0.026783407834625562,0.05,0.034283407834625565,0.019283407834625562,0.0015,0.0,0.0328,0.0193,439,0,0.4069,0.0,-3.5156217360974464,-3.5156217360974464,0.0,WELD_FOUND,0.5343,0.3005,False,False,False,False,False,vertical
67.872,0.026783407834625562,0.05,0.034283407834625565,0.019283407834625562,0.0015,0.0,0.0328,0.0193,439,0,0.4069,0.0,-3.5156217360974464,-3.5156217360974464,0.0,WELD_FOUND,0.5343,0.3005,False,False,False,False,False,vertical
67.923,0.026050576515845098,0.1,0.041050576515845094,0.011050576515845099,0.0012,0.0,0.0398,0.0111,439,0,0.4069,0.0,-3.8671843792826963,-3.691403057690071,-0.17578132159262516,WELD_FOUND,0.6118,0.1722,False,False,False,False,False,vertical
67.972,0.026050576515845098,0.1,0.041050576515845094,0.011050576515845099,0.0012,0.0,0.0398,0.0111,439,0,0.4069,0.0,-3.8671843792826963,-3.691403057690071,-0.17578132159262516,WELD_FOUND,0.6118,0.1722,False,False,False,False,False,vertical
68.023,0.0,0.0,0.0,0.0,0.0012,0.0,-0.0012,0.0,440,0,0.4078,0.0,-3.8671843792826963,nan,nan,NO_WELD,0.0,0.0,False,False,False,False,False,vertical
68.072,0.0,0.0,0.0,0.0,0.0032,0.0,-0.0032,0.0,440,0,0.4078,0.0,-3.8671843792826963,nan,nan,NO_WELD,0.0,0.0,False,False,False,False,False,vertical
68.123,0.0,0.0,0.0,0.0,0.0032,0.0,-0.0032,0.0,440,0,0.4078,0.0,-3.8671843792826963,nan,nan,NO_WELD,0.0,0.0,False,False,False,False,False,vertical
68.174,0.0,0.0,0.0,0.0,0.0032,0.0,-0.0032,0.0,440,0,0.4078,0.0,-3.8671843792826963,nan,nan,NO_WELD,0.0,0.0,False,False,False,False,False,vertical
68.223,0.0,0.0,0.0,0.0,0.0026,0.0,-0.0026,0.0,440,0,0.4078,0.0,-3.8671843792826963,nan,nan,NO_WELD,0.0,0.0,False,False,False,False,False,vertical
68.272,0.0,0.0,0.0,0.0,0.0026,0.0,-0.0026,0.0,440,0,0.4078,0.0,-3.8671843792826963,nan,nan,NO_WELD,0.0,0.0,False,False,False,False,False,vertical
68.323,0.0,0.0,0.0,0.0,0.002,0.0,-0.002,0.0,440,0,0.4078,0.0,-3.8671843792826963,nan,nan,NO_WELD,0.0,0.0,False,False,False,False,False,vertical
68.372,0.0,0.0,0.0,0.0,0.002,0.0,-0.002,0.0,440,0,0.4078,0.0,-3.8671843792826963,nan,nan,NO_WELD,0.0,0.0,False,False,False,False,False,vertical
68.423,0.0,0.0,0.0,0.0,0.0016,0.0,-0.0016,0.0,440,0,0.4078,0.0,-3.8671843792826963,nan,nan,NO_WELD,0.0,0.0,False,False,False,False,False,vertical
68.472,0.0,0.0,0.0,0.0,0.0016,0.0,-0.0016,0.0,440,0,0.4078,0.0,-3.8671843792826963,nan,nan,NO_WELD,0.0,0.0,False,False,False,False,False,vertical
68.523,0.0,0.0,0.0,0.0,0.0016,0.0,-0.0016,0.0,440,0,0.4078,0.0,-3.8671843792826963,nan,nan,NO_WELD,0.0,0.0,False,False,False,False,False,vertical
68.572,0.0,0.0,0.0,0.0,0.0013,0.0,-0.0013,0.0,440,0,0.4078,0.0,-3.8671843792826963,nan,nan,NO_WELD,0.0,0.0,False,False,False,False,False,vertical
68.623,0.0,0.0,0.0,0.0,0.0013,0.0,-0.0013,0.0,440,0,0.4078,0.0,-3.8671843792826963,nan,nan,NO_WELD,0.0,0.0,False,False,False,False,False,vertical
68.672,0.0,0.0,0.0,0.0,0.001,0.0,-0.001,0.0,440,0,0.4078,0.0,-3.8671843792826963,nan,nan,NO_WELD,0.0,0.0,False,False,False,False,False,vertical
68.723,0.0,0.0,0.0,0.0,0.001,0.0,-0.001,0.0,440,0,0.4078,0.0,-3.8671843792826963,nan,nan,NO_WELD,0.0,0.0,False,False,False,False,False,vertical
68.772,0.0,0.0,0.0,0.0,0.0,0.0,0.0,0.0,440,0,0.4078,0.0,-3.8671843792826963,nan,nan,NO_WELD,0.0,0.0,False,False,False,False,False,vertical
68.823,0.0,0.0,0.0,0.0,0.0,0.0,0.0,0.0,440,0,0.4078,0.0,-3.8671843792826963,nan,nan,NO_WELD,0.0,0.0,False,False,False,False,False,vertical
68.872,0.0,0.0,0.0,0.0,0.0,0.0,0.0,0.0,440,0,0.4078,0.0,-3.8671843792826963,nan,nan,NO_WELD,0.0,0.0,False,False,False,False,False,vertical
68.923,0.0,0.0,0.0,0.0,0.0,0.0,0.0,0.0,440,0,0.4078,0.0,-3.164059092912196,-3.164059092912196,0.0,WELD_FOUND,0.0,0.0,False,False,False,False,False,vertical
68.972,0.0,0.0,0.0,0.0,0.0,0.0,0.0,0.0,440,0,0.4078,0.0,-3.164059092912196,-3.164059092912196,0.0,WELD_FOUND,0.0,0.0,False,False,False,False,False,vertical
69.023,0.0,0.0,0.0,0.0,0.0,0.0,0.0,0.0,440,0,0.4078,0.0,-3.164059092912196,nan,nan,NO_WELD,0.0,0.0,False,False,False,False,False,vertical
69.072,0.0,0.0,0.0,0.0,0.0,0.0,0.0,0.0,440,0,0.4078,0.0,-3.164059092912196,nan,nan,NO_WELD,0.0,0.0,False,False,False,False,False,vertical
69.123,0.0,0.0,0.0,0.0,0.0,0.0,0.0,0.0,440,0,0.4078,0.0,-3.164059092912196,nan,nan,NO_WELD,0.0,0.0,False,False,False,False,False,vertical
69.174,0.0,0.0,0.0,0.0,0.0,0.0,0.0,0.0,440,0,0.4078,0.0,-3.164059092912196,nan,nan,NO_WELD,0.0,0.0,False,False,False,False,False,vertical
69.223,0.024447427834514205,0.05,0.03194742783451421,0.016947427834514205,0.0,0.0,0.0319,0.0169,440,0,0.4078,0.0,-3.8671843792826963,-3.8671843792826963,0.0,WELD_FOUND,0.0,0.2641,True,False,False,False,False,vertical
69.272,0.024447427834514205,0.05,0.03194742783451421,0.016947427834514205,0.0,0.0,0.0319,0.0169,440,0,0.4078,0.0,-3.8671843792826963,-3.8671843792826963,0.0,WELD_FOUND,0.0,0.2641,True,False,False,False,False,vertical
69.323,0.0,0.0,0.0,0.0,0.0,0.0,0.0,0.0,440,0,0.4078,0.0,-3.8671843792826963,nan,nan,NO_WELD,0.0,0.0,False,False,False,False,False,vertical
69.372,0.0,0.0,0.0,0.0,0.0,0.0,0.0,0.0,440,0,0.4078,0.0,-3.8671843792826963,nan,nan,NO_WELD,0.0,0.0,False,False,False,False,False,vertical
69.423,0.024447427834514205,0.05,0.03194742783451421,0.016947427834514205,0.0,0.0,0.0319,0.0169,440,0,0.4078,0.0,-3.8671843792826963,-3.8671843792826963,0.0,WELD_FOUND,0.0,0.2641,True,False,False,False,False,vertical
69.472,0.024447427834514205,0.05,0.03194742783451421,0.016947427834514205,0.0,0.0,0.0319,0.0169,440,0,0.4078,0.0,-3.8671843792826963,-3.8671843792826963,0.0,WELD_FOUND,0.0,0.2641,True,False,False,False,False,vertical
69.523,0.0,0.0,0.0,0.0,0.0,0.0,0.0,0.0,440,0,0.4078,0.0,-3.8671843792826963,nan,nan,NO_WELD,0.0,0.0,False,False,False,False,False,vertical
69.572,0.0,0.0,0.0,0.0,0.0,0.0,0.0,0.0,440,0,0.4078,0.0,-3.8671843792826963,nan,nan,NO_WELD,0.0,0.0,False,False,False,False,False,vertical
69.623,0.0,0.0,0.0,0.0,0.0,0.0,0.0,0.0,440,0,0.4078,0.0,-3.8671843792826963,nan,nan,NO_WELD,0.0,0.0,False,False,False,False,False,vertical
69.672,0.0,0.0,0.0,0.0,0.0,0.0,0.0,0.0,440,0,0.4078,0.0,-3.8671843792826963,nan,nan,NO_WELD,0.0,0.0,False,False,False,False,False,vertical
69.723,0.029137715313698284,0.05,0.036637715313698284,0.021637715313698284,0.0,0.0,0.0366,0.0216,440,0,0.4078,0.0,-3.164059092912196,-3.164059092912196,0.0,WELD_FOUND,0.571,0.3372,False,False,False,False,False,vertical
69.772,0.029137715313698284,0.05,0.036637715313698284,0.021637715313698284,0.0,0.0,0.0366,0.0216,440,0,0.4078,0.0,-3.164059092912196,-3.164059092912196,0.0,WELD_FOUND,0.571,0.3372,False,False,False,False,False,vertical
69.823,0.0,0.0,0.0,0.0,0.0,0.0,0.0,0.0,441,0,0.4087,0.0,-3.164059092912196,nan,nan,NO_WELD,0.0,0.0,False,False,False,False,False,vertical
69.872,0.0,0.0,0.0,0.0,0.0025,0.0,-0.0025,0.0,441,0,0.4087,0.0,-3.164059092912196,nan,nan,NO_WELD,0.0,0.0,False,False,False,False,False,vertical
69.923,0.0,0.0,0.0,0.0,0.0025,0.0,-0.0025,0.0,441,0,0.4087,0.0,-3.164059092912196,nan,nan,NO_WELD,0.0,0.0,False,False,False,False,False,vertical
69.972,0.0,0.0,0.0,0.0,0.002,0.0,-0.002,0.0,441,0,0.4087,0.0,-3.164059092912196,nan,nan,NO_WELD,0.0,0.0,False,False,False,False,False,vertical
70.023,0.03266565540922001,0.05,0.04016565540922001,0.025165655409220007,0.002,0.0,0.0382,0.0252,441,0,0.4087,0.0,-2.8124966631703576,-2.8124966631703576,0.0,WELD_FOUND,0.6077,0.3922,False,False,False,False,False,vertical
70.072,0.03266565540922001,0.05,0.04016565540922001,0.025165655409220007,0.002,0.0,0.0382,0.0252,441,0,0.4087,0.0,-2.8124966631703576,-2.8124966631703576,0.0,WELD_FOUND,0.6077,0.3922,False,False,False,False,False,vertical
70.123,0.0,0.0,0.0,0.0,0.0061,0.0,-0.0061,0.0,443,0,0.4106,0.0,-2.8124966631703576,nan,nan,NO_WELD,0.0,0.0,False,False,False,False,False,vertical
70.174,0.0,0.0,0.0,0.0,0.0061,0.0,-0.0061,0.0,443,0,0.4106,0.0,-2.8124966631703576,nan,nan,NO_WELD,0.0,0.0,False,False,False,False,False,vertical
70.223,0.03606757765766204,0.05,0.04356757765766204,0.02856757765766204,-0.0,0.0,0.0436,0.0286,442,0,0.4096,0.0,-2.460934233428519,-2.460934233428519,0.0,WELD_FOUND,0.6235,0.4452,False,False,False,False,False,vertical
70.272,0.03606757765766204,0.05,0.04356757765766204,0.02856757765766204,-0.0,0.0,0.0436,0.0286,442,0,0.4096,0.0,-2.460934233428519,-2.460934233428519,0.0,WELD_FOUND,0.6235,0.4452,False,False,False,False,False,vertical
70.323,0.0,0.0,0.0,0.0,-0.0,0.0,0.0,0.0,444,0,0.4115,0.0,-2.460934233428519,nan,nan,NO_WELD,0.0,0.0,False,False,False,False,False,vertical
70.372,0.0,0.0,0.0,0.0,0.0049,0.0,-0.0049,0.0,444,0,0.4115,0.0,-2.460934233428519,nan,nan,NO_WELD,0.0,0.0,False,False,False,False,False,vertical
70.423,0.034069706573463185,0.05,0.041569706573463185,0.026569706573463185,0.0049,0.0,0.0366,0.0266,445,0,0.4124,0.0,-2.8124966631703576,-2.8124966631703576,0.0,WELD_FOUND,0.6142,0.4141,False,False,False,False,False,vertical
70.472,0.034069706573463185,0.05,0.041569706573463185,0.026569706573463185,0.0067,0.0,0.0349,0.0266,445,0,0.4124,0.0,-2.8124966631703576,-2.8124966631703576,0.0,WELD_FOUND,0.6142,0.4141,False,False,False,False,False,vertical
70.523,0.0,0.0,0.0,0.0,0.0067,0.0,-0.0067,0.0,447,0,0.4143,0.0,-2.8124966631703576,nan,nan,NO_WELD,0.0,0.0,False,False,False,False,False,vertical
70.572,0.0,0.0,0.0,0.0,0.0067,0.0,-0.0067,0.0,447,0,0.4143,0.0,-2.8124966631703576,nan,nan,NO_WELD,0.0,0.0,False,False,False,False,False,vertical
70.623,0.0,0.0,0.0,0.0,0.0114,0.0,-0.0114,0.0,448,0,0.4152,0.0,-2.8124966631703576,nan,nan,NO_WELD,0.0,0.0,False,False,False,False,False,vertical
70.672,0.0,0.0,0.0,0.0,0.0114,0.0,-0.0114,0.0,448,0,0.4152,0.0,-2.8124966631703576,nan,nan,NO_WELD,0.0,0.0,False,False,False,False,False,vertical
70.723,0.0,0.0,0.0,0.0,0.0091,0.0,-0.0091,0.0,448,0,0.4152,0.0,-2.8124966631703576,nan,nan,NO_WELD,0.0,0.0,False,False,False,False,False,vertical
70.772,0.0,0.0,0.0,0.0,0.0091,0.0,-0.0091,0.0,448,0,0.4152,0.0,-2.8124966631703576,nan,nan,NO_WELD,0.0,0.0,False,False,False,False,False,vertical
70.823,0.0,0.0,0.0,0.0,0.0073,0.0,-0.0073,0.0,448,0,0.4152,0.0,-2.8124966631703576,nan,nan,NO_WELD,0.0,0.0,False,False,False,False,False,vertical
70.872,0.0,0.0,0.0,0.0,0.0073,0.0,-0.0073,0.0,448,0,0.4152,0.0,-2.8124966631703576,nan,nan,NO_WELD,0.0,0.0,False,False,False,False,False,vertical
70.923,0.0,0.0,0.0,0.0,0.0073,0.0,-0.0073,0.0,448,0,0.4152,0.0,-3.5156217360974464,-3.5156217360974464,0.0,WELD_FOUND,0.0,0.0,False,False,False,False,False,vertical
70.972,0.0,0.0,0.0,0.0,0.0058,0.0,-0.0058,0.0,448,0,0.4152,0.0,-3.5156217360974464,-3.5156217360974464,0.0,WELD_FOUND,0.0,0.0,False,False,False,False,False,vertical
71.023,0.0,0.0,0.0,0.0,0.0058,0.0,-0.0058,0.0,448,0,0.4152,0.0,-3.5156217360974464,nan,nan,NO_WELD,0.0,0.0,False,False,False,False,False,vertical
71.072,0.0,0.0,0.0,0.0,0.0047,0.0,-0.0047,0.0,448,0,0.4152,0.0,-3.5156217360974464,nan,nan,NO_WELD,0.0,0.0,False,False,False,False,False,vertical
71.123,0.024447427834514205,0.05,0.03194742783451421,0.016947427834514205,0.0047,0.0,0.0273,0.0169,448,0,0.4152,0.0,-3.8671843792826963,-3.8671843792826963,0.0,WELD_FOUND,0.4979,0.2641,False,False,False,False,False,vertical
71.174,0.024447427834514205,0.05,0.03194742783451421,0.016947427834514205,0.0047,0.0,0.0273,0.0169,448,0,0.4152,0.0,-3.8671843792826963,-3.8671843792826963,0.0,WELD_FOUND,0.4979,0.2641,False,False,False,False,False,vertical
71.223,0.026741155516599557,0.1,0.04174115551659956,0.011741155516599558,0.0037,0.0,0.038,0.0117,448,0,0.4152,0.0,-3.164059092912196,-3.5156217360974464,0.3515626431852503,WELD_FOUND,0.615,0.183,False,False,False,False,False,vertical
71.272,0.026741155516599557,0.1,0.04174115551659956,0.011741155516599558,0.0037,0.0,0.038,0.0117,448,0,0.4152,0.0,-3.164059092912196,-3.5156217360974464,0.3515626431852503,WELD_FOUND,0.615,0.183,False,False,False,False,False,vertical
71.323,0.0,0.0,0.0,0.0,0.0059,0.0,-0.0059,0.0,449,0,0.4161,0.0,-3.164059092912196,nan,nan,NO_WELD,0.0,0.0,False,False,False,False,False,vertical
71.372,0.0,0.0,0.0,0.0,0.0059,0.0,-0.0059,0.0,449,0,0.4161,0.0,-3.164059092912196,nan,nan,NO_WELD,0.0,0.0,False,False,False,False,False,vertical
71.423,0.024897946801730204,0.05,0.03239794680173021,0.017397946801730204,0.0059,0.0,0.0264,0.0174,450,0,0.417,0.0,-3.8671843792826963,-3.8671843792826963,0.0,WELD_FOUND,0.5049,0.2711,False,False,False,False,False,vertical
71.472,0.024897946801730204,0.05,0.03239794680173021,0.017397946801730204,0.006,0.0,0.0264,0.0174,450,0,0.417,0.0,-3.8671843792826963,-3.8671843792826963,0.0,WELD_FOUND,0.5049,0.2711,False,False,False,False,False,vertical
71.523,0.02342684679027778,0.1,0.038426846790277774,0.008426846790277779,0.006,0.0,0.0324,0.0084,450,0,0.417,0.0,-4.218746595581123,-4.042965273988498,-0.17578132159262516,WELD_FOUND,0.5989,0.1313,False,False,False,False,False,vertical
71.572,0.02342684679027778,0.1,0.038426846790277774,0.008426846790277779,0.0048,0.0,0.0336,0.0084,450,0,0.417,0.0,-4.218746595581123,-4.042965273988498,-0.17578132159262516,WELD_FOUND,0.5989,0.1313,False,False,False,False,False,vertical
71.623,0.02424157089281399,0.15000000000000002,0.04674157089281399,0.0017415708928139872,0.0048,0.0,0.0419,0.0017,451,0,0.418,0.0,-3.5156217360974464,-3.8671843792826963,0.3515626431852499,WELD_FOUND,0.6382,0.0271,False,False,False,False,False,vertical
71.672,0.02424157089281399,0.15000000000000002,0.04674157089281399,0.0017415708928139872,0.0066,0.0,0.0401,0.0017,451,0,0.418,0.0,-3.5156217360974464,-3.8671843792826963,0.3515626431852499,WELD_FOUND,0.6382,0.0271,False,False,False,False,False,vertical
71.723,0.0,0.0,0.0,0.0,0.0066,0.0,-0.0066,0.0,453,0,0.4198,0.0,-3.5156217360974464,nan,nan,NO_WELD,0.0,0.0,False,False,False,False,False,vertical
71.772,0.0,0.0,0.0,0.0,0.0066,0.0,-0.0066,0.0,453,0,0.4198,0.0,-3.5156217360974464,nan,nan,NO_WELD,0.0,0.0,False,False,False,False,False,vertical
71.823,0.0,0.0,0.0,0.0,0.0089,0.0,-0.0089,0.0,453,0,0.4198,0.0,-3.5156217360974464,nan,nan,NO_WELD,0.0,0.0,False,False,False,False,False,vertical
71.872,0.0,0.0,0.0,0.0,0.0089,0.0,-0.0089,0.0,453,0,0.4198,0.0,-3.5156217360974464,nan,nan,NO_WELD,0.0,0.0,False,False,False,False,False,vertical
71.923,0.02909269008420079,0.05,0.03659269008420079,0.02159269008420079,0.0089,0.0,0.0277,0.0216,453,0,0.4198,0.0,-3.164059092912196,-3.164059092912196,0.0,WELD_FOUND,0.5703,0.3365,False,False,False,False,False,vertical
71.972,0.02909269008420079,0.05,0.03659269008420079,0.02159269008420079,0.0071,0.0,0.0295,0.0216,453,0,0.4198,0.0,-3.164059092912196,-3.164059092912196,0.0,WELD_FOUND,0.5703,0.3365,False,False,False,False,False,vertical
72.023,0.027678658803275975,0.1,0.042678658803275975,0.012678658803275976,0.0071,0.0,0.0356,0.0127,454,0,0.4208,0.0,-3.8671843792826963,-3.5156217360974464,-0.3515626431852499,WELD_FOUND,0.6193,0.1976,False,False,False,False,False,vertical
72.072,0.027678658803275975,0.1,0.042678658803275975,0.012678658803275976,0.0071,0.0,0.0356,0.0127,454,0,0.4208,0.0,-3.8671843792826963,-3.5156217360974464,-0.3515626431852499,WELD_FOUND,0.6193,0.1976,False,False,False,False,False,vertical
72.123,0.0,0.0,0.0,0.0,0.0117,0.0,-0.0117,0.0,456,0,0.4226,0.0,-3.8671843792826963,nan,nan,NO_WELD,0.0,0.0,False,False,False,False,False,vertical
72.174,0.0,0.0,0.0,0.0,0.0117,0.0,-0.0117,0.0,456,0,0.4226,0.0,-3.8671843792826963,nan,nan,NO_WELD,0.0,0.0,False,False,False,False,False,vertical
72.223,0.0,0.0,0.0,0.0,0.0117,0.0,-0.0117,0.0,457,0,0.4235,0.0,-3.8671843792826963,nan,nan,NO_WELD,0.0,0.0,False,False,False,False,False,vertical
72.272,0.0,0.0,0.0,0.0,0.0095,0.0,-0.0095,0.0,457,0,0.4235,0.0,-3.8671843792826963,nan,nan,NO_WELD,0.0,0.0,False,False,False,False,False,vertical
72.323,0.0,0.0,0.0,0.0,0.0095,0.0,-0.0095,0.0,457,0,0.4235,0.0,-3.8671843792826963,nan,nan,NO_WELD,0.0,0.0,False,False,False,False,False,vertical
72.372,0.0,0.0,0.0,0.0,0.0076,0.0,-0.0076,0.0,457,0,0.4235,0.0,-3.8671843792826963,nan,nan,NO_WELD,0.0,0.0,False,False,False,False,False,vertical
72.423,0.0,0.0,0.0,0.0,0.0076,0.0,-0.0076,0.0,457,0,0.4235,0.0,-3.8671843792826963,nan,nan,NO_WELD,0.0,0.0,False,False,False,False,False,vertical
72.472,0.0,0.0,0.0,0.0,0.0076,0.0,-0.0076,0.0,457,0,0.4235,0.0,-3.8671843792826963,nan,nan,NO_WELD,0.0,0.0,False,False,False,False,False,vertical
72.523,0.0,0.0,0.0,0.0,0.0061,0.0,-0.0061,0.0,457,0,0.4235,0.0,-3.164059092912196,-3.164059092912196,0.0,WELD_FOUND,0.0,0.0,False,False,False,False,False,vertical
72.572,0.0,0.0,0.0,0.0,0.0061,0.0,-0.0061,0.0,457,0,0.4235,0.0,-3.164059092912196,-3.164059092912196,0.0,WELD_FOUND,0.0,0.0,False,False,False,False,False,vertical
72.622,0.028832521707771154,0.05,0.036332521707771154,0.021332521707771154,0.0061,0.0,0.0303,0.0213,457,0,0.4235,0.0,-3.5156217360974464,-3.3398404145048213,-0.17578132159262516,WELD_FOUND,0.5662,0.3325,False,False,False,False,False,vertical
72.672,0.028832521707771154,0.05,0.036332521707771154,0.021332521707771154,0.0049,0.0,0.0315,0.0213,457,0,0.4235,0.0,-3.5156217360974464,-3.3398404145048213,-0.17578132159262516,WELD_FOUND,0.5662,0.3325,False,False,False,False,False,vertical
72.722,0.0,0.0,0.0,0.0,0.0049,0.0,-0.0049,0.0,457,0,0.4235,0.0,-3.5156217360974464,nan,nan,NO_WELD,0.0,0.0,False,False,False,False,False,vertical
72.772,0.0,0.0,0.0,0.0,0.0066,0.0,-0.0066,0.0,458,0,0.4245,0.0,-3.5156217360974464,nan,nan,NO_WELD,0.0,0.0,False,False,False,False,False,vertical
72.822,0.030062936642262204,0.05,0.03756293664226221,0.022562936642262204,0.0066,0.0,0.0309,0.0226,458,0,0.4245,0.0,-3.164059092912196,-3.164059092912196,0.0,WELD_FOUND,0.5854,0.3516,False,False,False,False,False,vertical
72.873,0.030062936642262204,0.05,0.03756293664226221,0.022562936642262204,0.0053,0.0,0.0323,0.0226,458,0,0.4245,0.0,-3.164059092912196,-3.164059092912196,0.0,WELD_FOUND,0.5854,0.3516,False,False,False,False,False,vertical
72.922,0.02907654805236909,0.1,0.04407654805236909,0.01407654805236909,0.0053,0.0,0.0388,0.0141,458,0,0.4245,0.0,-3.5156217360974464,-3.3398404145048213,-0.17578132159262516,WELD_FOUND,0.6258,0.2194,False,False,False,False,False,vertical
72.972,0.02907654805236909,0.1,0.04407654805236909,0.01407654805236909,0.0053,0.0,0.0388,0.0141,459,0,0.4254,0.0,-3.5156217360974464,-3.3398404145048213,-0.17578132159262516,WELD_FOUND,0.6258,0.2194,False,False,False,False,False,vertical
73.022,0.0,0.0,0.0,0.0,0.0056,0.0,-0.0056,0.0,459,0,0.4254,0.0,-3.5156217360974464,nan,nan,NO_WELD,0.0,0.0,False,False,False,False,False,vertical
73.073,0.0,0.0,0.0,0.0,0.0056,0.0,-0.0056,0.0,461,0,0.4272,0.0,-3.5156217360974464,nan,nan,NO_WELD,0.0,0.0,False,False,False,False,False,vertical
73.122,0.0,0.0,0.0,0.0,0.0108,0.0,-0.0108,0.0,461,0,0.4272,0.0,-3.5156217360974464,nan,nan,NO_WELD,0.0,0.0,False,False,False,False,False,vertical
73.175,0.0,0.0,0.0,0.0,0.0108,0.0,-0.0108,0.0,461,0,0.4272,0.0,-3.5156217360974464,nan,nan,NO_WELD,0.0,0.0,False,False,False,False,False,vertical
73.222,0.0,0.0,0.0,0.0,0.0086,0.0,-0.0086,0.0,461,0,0.4272,0.0,-3.5156217360974464,nan,nan,NO_WELD,0.0,0.0,False,False,False,False,False,vertical
73.273,0.0,0.0,0.0,0.0,0.0086,0.0,-0.0086,0.0,460,0,0.4263,0.0,-3.5156217360974464,nan,nan,NO_WELD,0.0,0.0,False,False,False,False,False,vertical
73.322,0.0,0.0,0.0,0.0,0.0086,0.0,-0.0086,0.0,460,0,0.4263,0.0,-3.5156217360974464,nan,nan,NO_WELD,0.0,0.0,False,False,False,False,False,vertical
73.373,0.0,0.0,0.0,0.0,0.0027,0.0,-0.0027,0.0,460,0,0.4263,0.0,-3.5156217360974464,nan,nan,NO_WELD,0.0,0.0,False,False,False,False,False,vertical
73.422,0.0,0.0,0.0,0.0,0.0027,0.0,-0.0027,0.0,460,0,0.4263,0.0,-3.5156217360974464,nan,nan,NO_WELD,0.0,0.0,False,False,False,False,False,vertical
73.473,0.0,0.0,0.0,0.0,0.0022,0.0,-0.0022,0.0,460,0,0.4263,0.0,-3.5156217360974464,nan,nan,NO_WELD,0.0,0.0,False,False,False,False,False,vertical
73.522,0.0,0.0,0.0,0.0,0.0022,0.0,-0.0022,0.0,460,0,0.4263,0.0,-3.5156217360974464,nan,nan,NO_WELD,0.0,0.0,False,False,False,False,False,vertical
73.573,0.0,0.0,0.0,0.0,0.0022,0.0,-0.0022,0.0,460,0,0.4263,0.0,-3.5156217360974464,nan,nan,NO_WELD,0.0,0.0,False,False,False,False,False,vertical
73.622,0.0,0.0,0.0,0.0,0.0017,0.0,-0.0017,0.0,460,0,0.4263,0.0,-3.5156217360974464,nan,nan,NO_WELD,0.0,0.0,False,False,False,False,False,vertical
73.673,0.0,0.0,0.0,0.0,0.0017,0.0,-0.0017,0.0,460,0,0.4263,0.0,-3.5156217360974464,nan,nan,NO_WELD,0.0,0.0,False,False,False,False,False,vertical
73.722,0.0335791327410092,0.05,0.0410791327410092,0.026079132741009203,0.0014,0.0,0.0397,0.0261,460,0,0.4263,0.0,-2.8124966631703576,-2.8124966631703576,0.0,WELD_FOUND,0.0,0.4064,True,False,False,False,False,vertical
73.773,0.0335791327410092,0.05,0.0410791327410092,0.026079132741009203,0.0014,0.0,0.0397,0.0261,460,0,0.4263,0.0,-2.460934233428519,-2.8124966631703576,0.3515624297418385,WELD_FOUND,0.0,0.4064,True,False,False,False,False,vertical
73.822,0.03490595274430516,0.1,0.04990595274430516,0.019905952744305164,0.0014,0.0,0.0485,0.0199,460,0,0.4263,0.0,-2.460934233428519,-2.6367153415777325,0.17578110814921333,WELD_FOUND,0.0,0.3102,True,False,False,False,False,vertical
73.873,0.03490595274430516,0.1,0.04990595274430516,0.019905952744305164,0.0033,0.0,0.0466,0.0199,461,0,0.4272,0.0,-2.460934233428519,-2.6367153415777325,0.17578110814921333,WELD_FOUND,0.6528,0.3102,False,False,False,False,False,vertical
73.922,0.0,0.0,0.0,0.0,0.0033,0.0,-0.0033,0.0,461,0,0.4272,0.0,-2.460934233428519,nan,nan,NO_WELD,0.0,0.0,False,False,False,False,False,vertical
73.973,0.0,0.0,0.0,0.0,0.0033,0.0,-0.0033,0.0,463,0,0.4291,0.0,-2.1093715902432693,nan,nan,NO_WELD,0.0,0.0,False,False,False,False,False,vertical
74.022,0.03932453298147685,0.05,0.046824532981476846,0.03182453298147685,0.0069,0.0,0.0399,0.0318,463,0,0.4291,0.0,-2.1093715902432693,-2.1093715902432693,0.0,WELD_FOUND,0.6385,0.496,False,False,False,False,False,vertical
74.073,0.03932453298147685,0.05,0.046824532981476846,0.03182453298147685,0.0069,0.0,0.0399,0.0318,464,0,0.43,0.0,-2.1093715902432693,nan,nan,NO_WELD,0.6385,0.496,False,False,False,False,False,vertical
74.122,0.0,0.0,0.0,0.0,0.0079,0.0,-0.0079,0.0,464,0,0.43,0.0,-2.1093715902432693,nan,nan,NO_WELD,0.0,0.0,False,False,False,False,False,vertical
74.174,0.0,0.0,0.0,0.0,0.0079,0.0,-0.0079,0.0,469,0,0.4347,0.0,-2.1093715902432693,nan,nan,NO_WELD,0.0,0.0,False,False,False,False,False,vertical
74.222,0.0,0.0,0.0,0.0,0.0079,0.0,-0.0079,0.0,469,0,0.4347,0.0,-2.1093715902432693,nan,nan,NO_WELD,0.0,0.0,False,False,False,False,False,vertical
74.273,0.0,0.0,0.0,0.0,0.0121,0.0,-0.0121,0.0,467,0,0.4328,0.0,-2.8124966631703576,nan,nan,NO_WELD,0.0,0.0,False,False,False,False,False,vertical
74.322,0.03469193363990323,0.05,0.04219193363990323,0.02719193363990323,0.0121,0.0,0.0301,0.0272,467,0,0.4328,0.0,-2.8124966631703576,-2.8124966631703576,0.0,WELD_FOUND,0.6171,0.4238,False,False,False,False,False,vertical
74.373,0.0,0.0,0.0,0.0,-0.0001,0.0,0.0001,0.0,465,0,0.4309,0.0,-2.8124966631703576,nan,nan,NO_WELD,0.0,0.0,False,False,False,False,False,vertical
74.422,0.0,0.0,0.0,0.0,-0.0001,0.0,0.0001,0.0,465,0,0.4309,0.0,-2.8124966631703576,nan,nan,NO_WELD,0.0,0.0,False,False,False,False,False,vertical
74.473,0.0,0.0,0.0,0.0,0.0073,0.0,-0.0073,0.0,467,0,0.4328,0.0,-2.8124966631703576,-2.8124966631703576,0.0,WELD_FOUND,0.0,0.0,False,False,False,False,False,vertical
74.522,0.033800241754820035,0.05,0.041300241754820034,0.026300241754820035,0.0073,0.0,0.034,0.0263,467,0,0.4328,0.0,-2.8124966631703576,-2.8124966631703576,0.0,WELD_FOUND,0.613,0.4099,False,False,False,False,False,vertical
74.573,0.033800241754820035,0.05,0.041300241754820034,0.026300241754820035,0.0073,0.0,0.034,0.0263,467,0,0.4328,0.0,-2.1093715902432693,-2.8124966631703576,0.7031250729270884,WELD_FOUND,0.613,0.4099,False,False,False,False,False,vertical
74.622,0.03630437045253939,0.1,0.05130437045253939,0.02130437045253939,0.0059,0.0,0.0454,0.0213,467,0,0.4328,0.0,-2.1093715902432693,-2.460934233428519,0.3515626431852499,WELD_FOUND,0.6593,0.332,False,False,False,False,False,vertical
74.673,0.0,0.0,0.0,0.0,0.0059,0.0,-0.0059,0.0,471,0,0.4365,0.0,-2.1093715902432693,nan,nan,NO_WELD,0.0,0.0,False,False,False,False,False,vertical
74.722,0.0,0.0,0.0,0.0,0.0059,0.0,-0.0059,0.0,471,0,0.4365,0.0,-2.1093715902432693,nan,nan,NO_WELD,0.0,0.0,False,False,False,False,False,vertical
74.772,0.0,0.0,0.0,0.0,0.0183,0.0,-0.0183,0.0,473,0,0.4384,0.0,-2.1093715902432693,nan,nan,NO_WELD,0.0,0.0,False,False,False,False,False,vertical
74.822,0.0,0.0,0.0,0.0,0.0183,0.0,-0.0183,0.0,473,0,0.4384,0.0,-2.1093715902432693,nan,nan,NO_WELD,0.0,0.0,False,False,False,False,False,vertical
74.872,0.0,0.0,0.0,0.0,0.0147,0.0,-0.0147,0.0,473,0,0.4384,0.0,-2.1093715902432693,nan,nan,NO_WELD,0.0,0.0,False,False,False,False,False,vertical
74.922,0.0,0.0,0.0,0.0,0.0147,0.0,-0.0147,0.0,473,0,0.4384,0.0,-2.1093715902432693,nan,nan,NO_WELD,0.0,0.0,False,False,False,False,False,vertical
74.973,0.040470310855559015,0.05,0.047970310855559015,0.032970310855559015,0.0117,0.0,0.0362,0.033,473,0,0.4384,0.0,-2.1093715902432693,-2.1093715902432693,0.0,WELD_FOUND,0.6438,0.5138,False,False,False,False,False,vertical
75.022,0.040470310855559015,0.05,0.047970310855559015,0.032970310855559015,0.0117,0.0,0.0362,0.033,473,0,0.4384,0.0,-2.1093715902432693,-2.1093715902432693,0.0,WELD_FOUND,0.6438,0.5138,False,False,False,False,False,vertical
75.072,0.03904065877626981,0.1,0.05404065877626981,0.024040658776269812,0.0117,0.0,0.0423,0.024,474,0,0.4393,0.0,-2.460934233428519,-2.285152911835894,-0.17578132159262516,WELD_FOUND,0.6719,0.3747,False,False,False,False,False,vertical
75.122,0.03904065877626981,0.1,0.05404065877626981,0.024040658776269812,0.0095,0.0,0.0445,0.024,474,0,0.4393,0.0,-2.460934233428519,-2.285152911835894,-0.17578132159262516,WELD_FOUND,0.6719,0.3747,False,False,False,False,False,vertical
75.174,0.03735901087907717,0.15000000000000002,0.059859010879077176,0.014859010879077168,0.0095,0.0,0.0503,0.0149,479,0,0.4439,0.0,-3.164059092912196,-2.460934233428519,-0.703124859483677,WELD_FOUND,0.6989,0.2316,False,False,False,False,False,vertical
75.222,0.03735901087907717,0.15000000000000002,0.059859010879077176,0.014859010879077168,0.0095,0.0,0.0503,0.0149,479,0,0.4439,0.0,-3.164059092912196,-2.460934233428519,-0.703124859483677,WELD_FOUND,0.6989,0.2316,False,False,False,False,False,vertical
75.272,0.0,0.0,0.0,0.0,0.0304,0.0,-0.0304,0.0,484,0,0.4486,0.0,-3.164059092912196,nan,nan,NO_WELD,0.0,0.0,False,False,False,False,False,vertical
75.322,0.0,0.0,0.0,0.0,0.0304,0.0,-0.0304,0.0,484,0,0.4486,0.0,-3.164059092912196,nan,nan,NO_WELD,0.0,0.0,False,False,False,False,False,vertical
75.372,0.0,0.0,0.0,0.0,0.0304,0.0,-0.0304,0.0,486,0,0.4504,0.0,-3.164059092912196,nan,nan,NO_WELD,0.0,0.0,False,False,False,False,False,vertical
75.422,0.0,0.0,0.0,0.0,0.0232,0.0,-0.0232,0.0,486,0,0.4504,0.0,-3.164059092912196,nan,nan,NO_WELD,0.0,0.0,False,False,False,False,False,vertical
75.473,0.0,0.0,0.0,0.0,0.0232,0.0,-0.0232,0.0,486,0,0.4504,0.0,-3.164059092912196,nan,nan,NO_WELD,0.0,0.0,False,False,False,False,False,vertical
75.522,0.0,0.0,0.0,0.0,0.0186,0.0,-0.0186,0.0,486,0,0.4504,0.0,-3.164059092912196,nan,nan,NO_WELD,0.0,0.0,False,False,False,False,False,vertical
75.572,0.024447427834514205,0.05,0.03194742783451421,0.016947427834514205,0.0186,0.0,0.0134,0.0169,486,0,0.4504,0.0,-3.8671843792826963,-3.8671843792826963,0.0,WELD_FOUND,0.4979,0.2641,False,False,False,False,False,vertical
75.622,0.024447427834514205,0.05,0.03194742783451421,0.016947427834514205,0.0148,0.0,0.0171,0.0169,486,0,0.4504,0.0,-3.8671843792826963,-3.8671843792826963,0.0,WELD_FOUND,0.4979,0.2641,False,False,False,False,False,vertical
75.672,0.0,0.0,0.0,0.0,0.0148,0.0,-0.0148,0.0,486,0,0.4504,0.0,-3.8671843792826963,nan,nan,NO_WELD,0.0,0.0,False,False,False,False,False,vertical
75.722,0.0,0.0,0.0,0.0,0.0119,0.0,-0.0119,0.0,486,0,0.4504,0.0,-3.8671843792826963,nan,nan,NO_WELD,0.0,0.0,False,False,False,False,False,vertical
75.773,0.026741155516599557,0.05,0.03424115551659956,0.019241155516599558,0.0119,0.0,0.0224,0.0192,486,0,0.4504,0.0,-3.5156217360974464,-3.5156217360974464,0.0,WELD_FOUND,0.5336,0.2999,False,False,False,False,False,vertical
75.822,0.026741155516599557,0.05,0.03424115551659956,0.019241155516599558,0.0119,0.0,0.0224,0.0192,486,0,0.4504,0.0,-3.5156217360974464,-3.5156217360974464,0.0,WELD_FOUND,0.5336,0.2999,False,False,False,False,False,vertical
75.872,0.029629367126919645,0.1,0.044629367126919645,0.014629367126919646,0.0095,0.0,0.0351,0.0146,486,0,0.4504,0.0,-2.8124966631703576,-3.164059092912196,0.3515624297418385,WELD_FOUND,0.6284,0.228,False,False,False,False,False,vertical
75.922,0.029629367126919645,0.1,0.044629367126919645,0.014629367126919646,0.0095,0.0,0.0351,0.0146,486,0,0.4504,0.0,-2.8124966631703576,-3.164059092912196,0.3515624297418385,WELD_FOUND,0.6284,0.228,False,False,False,False,False,vertical
75.973,0.0,0.0,0.0,0.0,0.0131,0.0,-0.0131,0.0,488,0,0.4523,0.0,-2.8124966631703576,nan,nan,NO_WELD,0.0,0.0,False,False,False,False,False,vertical
76.022,0.0,0.0,0.0,0.0,0.0131,0.0,-0.0131,0.0,488,0,0.4523,0.0,-2.8124966631703576,nan,nan,NO_WELD,0.0,0.0,False,False,False,False,False,vertical
76.072,0.032769415305039705,0.05,0.040269415305039705,0.025269415305039705,0.0131,0.0,0.0272,0.0253,489,0,0.4532,0.0,-2.8124966631703576,-2.8124966631703576,0.0,WELD_FOUND,0.6082,0.3938,False,False,False,False,False,vertical
76.122,0.032769415305039705,0.05,0.040269415305039705,0.025269415305039705,0.0103,0.0,0.0299,0.0253,489,0,0.4532,0.0,-2.8124966631703576,-2.8124966631703576,0.0,WELD_FOUND,0.6082,0.3938,False,False,False,False,False,vertical
76.174,0.0,0.0,0.0,0.0,0.0103,0.0,-0.0103,0.0,491,0,0.455,0.0,-2.8124966631703576,nan,nan,NO_WELD,0.0,0.0,False,False,False,False,False,vertical
76.222,0.0,0.0,0.0,0.0,0.0103,0.0,-0.0103,0.0,491,0,0.455,0.0,-2.8124966631703576,nan,nan,NO_WELD,0.0,0.0,False,False,False,False,False,vertical
76.272,0.0,0.0,0.0,0.0,0.0136,0.0,-0.0136,0.0,492,0,0.456,0.0,-2.8124966631703576,nan,nan,NO_WELD,0.0,0.0,False,False,False,False,False,vertical
76.322,0.0,0.0,0.0,0.0,0.0136,0.0,-0.0136,0.0,492,0,0.456,0.0,-2.8124966631703576,nan,nan,NO_WELD,0.0,0.0,False,False,False,False,False,vertical
76.373,0.0,0.0,0.0,0.0,0.0109,0.0,-0.0109,0.0,492,0,0.456,0.0,-2.8124966631703576,nan,nan,NO_WELD,0.0,0.0,False,False,False,False,False,vertical
76.422,0.0,0.0,0.0,0.0,0.0109,0.0,-0.0109,0.0,492,0,0.456,0.0,-2.8124966631703576,nan,nan,NO_WELD,0.0,0.0,False,False,False,False,False,vertical
76.472,0.0,0.0,0.0,0.0,0.0109,0.0,-0.0109,0.0,492,0,0.456,0.0,-2.8124966631703576,nan,nan,NO_WELD,0.0,0.0,False,False,False,False,False,vertical
76.522,0.0,0.0,0.0,0.0,0.0087,0.0,-0.0087,0.0,492,0,0.456,0.0,-2.8124966631703576,nan,nan,NO_WELD,0.0,0.0,False,False,False,False,False,vertical
76.572,0.0,0.0,0.0,0.0,0.0087,0.0,-0.0087,0.0,492,0,0.456,0.0,-2.8124966631703576,nan,nan,NO_WELD,0.0,0.0,False,False,False,False,False,vertical
76.622,0.0,0.0,0.0,0.0,0.007,0.0,-0.007,0.0,492,0,0.456,0.0,-2.8124966631703576,nan,nan,NO_WELD,0.0,0.0,False,False,False,False,False,vertical
76.672,0.03694438321124852,0.05,0.04444438321124852,0.029444383211248523,0.007,0.0,0.0375,0.0294,492,0,0.456,0.0,-2.460934233428519,-2.460934233428519,0.0,WELD_FOUND,0.6275,0.4589,False,False,False,False,False,vertical
76.722,0.03694438321124852,0.05,0.04444438321124852,0.029444383211248523,0.007,0.0,0.0375,0.0294,492,0,0.456,0.0,-2.460934233428519,-2.460934233428519,0.0,WELD_FOUND,0.6275,0.4589,False,False,False,False,False,vertical
76.772,0.0,0.0,0.0,0.0,0.0091,0.0,-0.0091,0.0,494,0,0.4578,0.0,-2.460934233428519,nan,nan,NO_WELD,0.0,0.0,False,False,False,False,False,vertical
76.822,0.0,0.0,0.0,0.0,0.0091,0.0,-0.0091,0.0,494,0,0.4578,0.0,-2.460934233428519,nan,nan,NO_WELD,0.0,0.0,False,False,False,False,False,vertical
76.872,0.0,0.0,0.0,0.0,0.0129,0.0,-0.0129,0.0,496,0,0.4597,0.0,-2.460934233428519,nan,nan,NO_WELD,0.0,0.0,False,False,False,False,False,vertical
76.922,0.0,0.0,0.0,0.0,0.0129,0.0,-0.0129,0.0,496,0,0.4597,0.0,-2.460934233428519,nan,nan,NO_WELD,0.0,0.0,False,False,False,False,False,vertical
76.972,0.0,0.0,0.0,0.0,0.0129,0.0,-0.0129,0.0,494,0,0.4578,0.0,-2.460934233428519,nan,nan,NO_WELD,0.0,0.0,False,False,False,False,False,vertical
77.022,0.0,0.0,0.0,0.0,0.0028,0.0,-0.0028,0.0,494,0,0.4578,0.0,-2.460934233428519,nan,nan,NO_WELD,0.0,0.0,False,False,False,False,False,vertical
77.073,0.0,0.0,0.0,0.0,0.0028,0.0,-0.0028,0.0,494,0,0.4578,0.0,-2.460934233428519,nan,nan,NO_WELD,0.0,0.0,False,False,False,False,False,vertical
77.122,0.0,0.0,0.0,0.0,0.0022,0.0,-0.0022,0.0,494,0,0.4578,0.0,-2.460934233428519,nan,nan,NO_WELD,0.0,0.0,False,False,False,False,False,vertical
77.174,0.0,0.0,0.0,0.0,0.0022,0.0,-0.0022,0.0,494,0,0.4578,0.0,-2.460934233428519,nan,nan,NO_WELD,0.0,0.0,False,False,False,False,False,vertical
77.222,0.0,0.0,0.0,0.0,0.0022,0.0,-0.0022,0.0,494,0,0.4578,0.0,-2.460934233428519,nan,nan,NO_WELD,0.0,0.0,False,False,False,False,False,vertical
77.272,0.0,0.0,0.0,0.0,0.0018,0.0,-0.0018,0.0,494,0,0.4578,0.0,-2.460934233428519,nan,nan,NO_WELD,0.0,0.0,False,False,False,False,False,vertical
77.322,0.0,0.0,0.0,0.0,0.0018,0.0,-0.0018,0.0,494,0,0.4578,0.0,-2.460934233428519,nan,nan,NO_WELD,0.0,0.0,False,False,False,False,False,vertical
77.372,0.0,0.0,0.0,0.0,0.0018,0.0,-0.0018,0.0,494,0,0.4578,0.0,-2.460934233428519,nan,nan,NO_WELD,0.0,0.0,False,False,False,False,False,vertical
77.422,0.0,0.0,0.0,0.0,0.0014,0.0,-0.0014,0.0,494,0,0.4578,0.0,-2.460934233428519,nan,nan,NO_WELD,0.0,0.0,False,False,False,False,False,vertical
77.472,0.0,0.0,0.0,0.0,0.0014,0.0,-0.0014,0.0,494,0,0.4578,0.0,-2.460934233428519,-2.460934233428519,0.0,WELD_FOUND,0.0,0.0,False,False,False,False,False,vertical
77.522,0.0,0.0,0.0,0.0,0.0014,0.0,-0.0014,0.0,494,0,0.4578,0.0,-2.460934233428519,-2.460934233428519,0.0,WELD_FOUND,0.0,0.0,False,False,False,False,False,vertical
77.572,0.0,0.0,0.0,0.0,0.0011,0.0,-0.0011,0.0,494,0,0.4578,0.0,-2.460934233428519,nan,nan,NO_WELD,0.0,0.0,False,False,False,False,False,vertical
77.622,0.0,0.0,0.0,0.0,0.0011,0.0,-0.0011,0.0,494,0,0.4578,0.0,-2.460934233428519,nan,nan,NO_WELD,0.0,0.0,False,False,False,False,False,vertical
77.672,0.0335791327410092,0.05,0.0410791327410092,0.026079132741009203,0.0011,0.0,0.0399,0.0261,494,0,0.4578,0.0,-2.8124966631703576,-2.8124966631703576,0.0,WELD_FOUND,0.0,0.4064,True,False,False,False,False,vertical
77.722,0.0335791327410092,0.05,0.0410791327410092,0.026079132741009203,0.0,0.0,0.0411,0.0261,494,0,0.4578,0.0,-2.8124966631703576,-2.8124966631703576,0.0,WELD_FOUND,0.0,0.4064,True,False,False,False,False,vertical
77.772,0.03490595274430516,0.1,0.04990595274430516,0.019905952744305164,0.0,0.0,0.0499,0.0199,495,0,0.4588,0.0,-2.460934233428519,-2.6367153415777325,0.17578110814921333,WELD_FOUND,0.0,0.3102,True,False,False,False,False,vertical
77.822,0.03490595274430516,0.1,0.04990595274430516,0.019905952744305164,0.0037,0.0,0.0462,0.0199,495,0,0.4588,0.0,-2.460934233428519,-2.6367153415777325,0.17578110814921333,WELD_FOUND,0.6528,0.3102,False,False,False,False,False,vertical
77.872,0.0,0.0,0.0,0.0,0.0037,0.0,-0.0037,0.0,498,0,0.4615,0.0,-2.460934233428519,nan,nan,NO_WELD,0.0,0.0,False,False,False,False,False,vertical
77.922,0.0,0.0,0.0,0.0,0.0037,0.0,-0.0037,0.0,498,0,0.4615,0.0,-2.460934233428519,nan,nan,NO_WELD,0.0,0.0,False,False,False,False,False,vertical
77.972,0.0,0.0,0.0,0.0,0.0121,0.0,-0.0121,0.0,499,0,0.4625,0.0,-2.460934233428519,nan,nan,NO_WELD,0.0,0.0,False,False,False,False,False,vertical
78.022,0.0,0.0,0.0,0.0,0.0121,0.0,-0.0121,0.0,499,0,0.4625,0.0,-2.460934233428519,nan,nan,NO_WELD,0.0,0.0,False,False,False,False,False,vertical
78.072,0.0,0.0,0.0,0.0,0.0097,0.0,-0.0097,0.0,499,0,0.4625,0.0,-2.460934233428519,nan,nan,NO_WELD,0.0,0.0,False,False,False,False,False,vertical
78.122,0.0,0.0,0.0,0.0,0.0097,0.0,-0.0097,0.0,499,0,0.4625,0.0,-2.460934233428519,nan,nan,NO_WELD,0.0,0.0,False,False,False,False,False,vertical
78.174,0.0,0.0,0.0,0.0,0.0097,0.0,-0.0097,0.0,499,0,0.4625,0.0,-2.460934233428519,nan,nan,NO_WELD,0.0,0.0,False,False,False,False,False,vertical
78.222,0.0,0.0,0.0,0.0,0.0078,0.0,-0.0078,0.0,499,0,0.4625,0.0,-2.460934233428519,nan,nan,NO_WELD,0.0,0.0,False,False,False,False,False,vertical
78.272,0.0,0.0,0.0,0.0,0.0078,0.0,-0.0078,0.0,499,0,0.4625,0.0,-2.460934233428519,nan,nan,NO_WELD,0.0,0.0,False,False,False,False,False,vertical
78.322,0.0,0.0,0.0,0.0,0.0078,0.0,-0.0078,0.0,499,0,0.4625,0.0,-2.460934233428519,nan,nan,NO_WELD,0.0,0.0,False,False,False,False,False,vertical
78.372,0.0,0.0,0.0,0.0,0.0062,0.0,-0.0062,0.0,499,0,0.4625,0.0,-2.460934233428519,nan,nan,NO_WELD,0.0,0.0,False,False,False,False,False,vertical
78.422,0.0,0.0,0.0,0.0,0.0062,0.0,-0.0062,0.0,499,0,0.4625,0.0,-2.460934233428519,nan,nan,NO_WELD,0.0,0.0,False,False,False,False,False,vertical
78.472,0.0,0.0,0.0,0.0,0.0062,0.0,-0.0062,0.0,499,0,0.4625,0.0,-2.460934233428519,nan,nan,NO_WELD,0.0,0.0,False,False,False,False,False,vertical
78.522,0.0,0.0,0.0,0.0,0.005,0.0,-0.005,0.0,499,0,0.4625,0.0,-2.460934233428519,nan,nan,NO_WELD,0.0,0.0,False,False,False,False,False,vertical
78.572,0.0,0.0,0.0,0.0,0.005,0.0,-0.005,0.0,499,0,0.4625,0.0,-2.460934233428519,nan,nan,NO_WELD,0.0,0.0,False,False,False,False,False,vertical
78.622,0.0,0.0,0.0,0.0,0.004,0.0,-0.004,0.0,499,0,0.4625,0.0,-2.460934233428519,nan,nan,NO_WELD,0.0,0.0,False,False,False,False,False,vertical
78.672,0.0,0.0,0.0,0.0,0.004,0.0,-0.004,0.0,499,0,0.4625,0.0,-2.460934233428519,nan,nan,NO_WELD,0.0,0.0,False,False,False,False,False,vertical
78.722,0.0,0.0,0.0,0.0,0.004,0.0,-0.004,0.0,499,0,0.4625,0.0,-2.460934233428519,nan,nan,NO_WELD,0.0,0.0,False,False,False,False,False,vertical
78.772,0.0,0.0,0.0,0.0,0.0032,0.0,-0.0032,0.0,499,0,0.4625,0.0,-2.460934233428519,nan,nan,NO_WELD,0.0,0.0,False,False,False,False,False,vertical
78.822,0.0,0.0,0.0,0.0,0.0032,0.0,-0.0032,0.0,499,0,0.4625,0.0,-2.460934233428519,nan,nan,NO_WELD,0.0,0.0,False,False,False,False,False,vertical
78.872,0.0,0.0,0.0,0.0,0.0025,0.0,-0.0025,0.0,499,0,0.4625,0.0,-2.8124966631703576,nan,nan,NO_WELD,0.0,0.0,False,False,False,False,False,vertical
78.922,0.0,0.0,0.0,0.0,0.0025,0.0,-0.0025,0.0,499,0,0.4625,0.0,-2.8124966631703576,nan,nan,NO_WELD,0.0,0.0,False,False,False,False,False,vertical
78.972,0.0,0.0,0.0,0.0,0.002,0.0,-0.002,0.0,499,0,0.4625,0.0,-2.8124966631703576,nan,nan,NO_WELD,0.0,0.0,False,False,False,False,False,vertical
79.022,0.0,0.0,0.0,0.0,0.002,0.0,-0.002,0.0,499,0,0.4625,0.0,-2.8124966631703576,nan,nan,NO_WELD,0.0,0.0,False,False,False,False,False,vertical
79.072,0.0,0.0,0.0,0.0,0.0016,0.0,-0.0016,0.0,499,0,0.4625,0.0,3.8671912094718666,nan,nan,NO_WELD,0.0,0.0,False,False,False,False,False,vertical
79.122,0.0,0.0,0.0,0.0,0.0016,0.0,-0.0016,0.0,499,0,0.4625,0.0,3.8671912094718666,nan,nan,NO_WELD,0.0,0.0,False,False,False,False,False,vertical
79.174,0.0,0.0,0.0,0.0,0.0016,0.0,-0.0016,0.0,499,0,0.4625,0.0,3.8671912094718666,nan,nan,NO_WELD,0.0,0.0,False,False,False,False,False,vertical
79.222,0.0,0.0,0.0,0.0,0.0013,0.0,-0.0013,0.0,499,0,0.4625,0.0,3.8671912094718666,nan,nan,NO_WELD,0.0,0.0,False,False,False,False,False,vertical
79.272,0.0,0.0,0.0,0.0,0.0013,0.0,-0.0013,0.0,499,0,0.4625,0.0,-3.5156217360974464,nan,nan,NO_WELD,0.0,0.0,False,False,False,False,False,vertical
79.322,0.0,0.0,0.0,0.0,0.0013,0.0,-0.0013,0.0,499,0,0.4625,0.0,-3.5156217360974464,nan,nan,NO_WELD,0.0,0.0,False,False,False,False,False,vertical
79.372,0.0,0.0,0.0,0.0,0.001,0.0,-0.001,0.0,499,0,0.4625,0.0,4.218753425770293,nan,nan,NO_WELD,0.0,0.0,False,False,False,False,False,vertical
79.422,0.0,0.0,0.0,0.0,0.001,0.0,-0.001,0.0,499,0,0.4625,0.0,4.218753425770293,nan,nan,NO_WELD,0.0,0.0,False,False,False,False,False,vertical
79.472,0.0,0.0,0.0,0.0,0.001,0.0,-0.001,0.0,499,0,0.4625,0.0,4.218753425770293,nan,nan,NO_WELD,0.0,0.0,False,False,False,False,False,vertical
79.522,0.0,0.0,0.0,0.0,0.0,0.0,0.0,0.0,499,0,0.4625,0.0,4.218753425770293,nan,nan,NO_WELD,0.0,0.0,False,False,False,False,False,vertical
79.572,0.0,0.0,0.0,0.0,0.0,0.0,0.0,0.0,499,0,0.4625,0.0,4.218753425770293,nan,nan,NO_WELD,0.0,0.0,False,False,False,False,False,vertical
79.622,0.0,0.0,0.0,0.0,0.0,0.0,0.0,0.0,499,0,0.4625,0.0,4.218753425770293,nan,nan,NO_WELD,0.0,0.0,False,False,False,False,False,vertical
79.672,0.0,0.0,0.0,0.0,0.0,0.0,0.0,0.0,499,0,0.4625,0.0,4.218753425770293,nan,nan,NO_WELD,0.0,0.0,False,False,False,False,False,vertical
79.722,0.0,0.0,0.0,0.0,0.0,0.0,0.0,0.0,499,0,0.4625,0.0,4.218753425770293,nan,nan,NO_WELD,0.0,0.0,False,False,False,False,False,vertical
79.772,0.0,0.0,0.0,0.0,0.0,0.0,0.0,0.0,499,0,0.4625,0.0,-3.8671843792826963,nan,nan,NO_WELD,0.0,0.0,False,False,False,False,False,vertical
79.822,0.0,0.0,0.0,0.0,0.0,0.0,0.0,0.0,499,0,0.4625,0.0,-3.8671843792826963,nan,nan,NO_WELD,0.0,0.0,False,False,False,False,False,vertical
79.872,0.0,0.0,0.0,0.0,0.0,0.0,0.0,0.0,499,0,0.4625,0.0,2.812503493359528,nan,nan,NO_WELD,0.0,0.0,False,False,False,False,False,vertical
79.922,0.0,0.0,0.0,0.0,0.0,0.0,0.0,0.0,499,0,0.4625,0.0,2.812503493359528,nan,nan,NO_WELD,0.0,0.0,False,False,False,False,False,vertical
79.972,0.0,0.0,0.0,0.0,0.0,0.0,0.0,0.0,499,0,0.4625,0.0,-1.4062466240378864,nan,nan,NO_WELD,0.0,0.0,False,False,False,False,False,vertical
80.022,0.0,0.0,0.0,0.0,0.0,0.0,0.0,0.0,499,0,0.4625,0.0,-1.4062466240378864,nan,nan,NO_WELD,0.0,0.0,False,False,False,False,False,vertical
80.072,0.0,0.0,0.0,0.0,0.0,0.0,0.0,0.0,499,0,0.4625,0.0,-1.4062466240378864,nan,nan,NO_WELD,0.0,0.0,False,False,False,False,False,vertical
80.122,0.0,0.0,0.0,0.0,0.0,0.0,0.0,0.0,499,0,0.4625,0.0,-1.4062466240378864,nan,nan,NO_WELD,0.0,0.0,False,False,False,False,False,vertical
80.174,0.0,0.0,0.0,0.0,0.0,0.0,0.0,0.0,499,0,0.4625,0.0,2.4609410636176894,nan,nan,NO_WELD,0.0,0.0,False,False,False,False,False,vertical
80.222,0.0,0.0,0.0,0.0,0.0,0.0,0.0,0.0,499,0,0.4625,0.0,2.4609410636176894,nan,nan,NO_WELD,0.0,0.0,False,False,False,False,False,vertical
80.272,0.0,0.0,0.0,0.0,0.0,0.0,0.0,0.0,499,0,0.4625,0.0,2.4609410636176894,nan,nan,NO_WELD,0.0,0.0,False,False,False,False,False,vertical
80.322,0.0,0.0,0.0,0.0,0.0,0.0,0.0,0.0,499,0,0.4625,0.0,2.4609410636176894,nan,nan,NO_WELD,0.0,0.0,False,False,False,False,False,vertical
80.372,0.0,0.0,0.0,0.0,0.0,0.0,0.0,0.0,499,0,0.4625,0.0,2.4609410636176894,nan,nan,NO_WELD,0.0,0.0,False,False,False,False,False,vertical
80.422,0.0,0.0,0.0,0.0,0.0,0.0,0.0,0.0,499,0,0.4625,0.0,2.4609410636176894,nan,nan,NO_WELD,0.0,0.0,False,False,False,False,False,vertical
80.472,0.0,0.0,0.0,0.0,0.0,0.0,0.0,0.0,499,0,0.4625,0.0,-1.7578091605014305,nan,nan,NO_WELD,0.0,0.0,False,False,False,False,False,vertical
80.522,0.0,0.0,0.0,0.0,0.0,0.0,0.0,0.0,499,0,0.4625,0.0,-1.7578091605014305,nan,nan,NO_WELD,0.0,0.0,False,False,False,False,False,vertical
80.572,0.0,0.0,0.0,0.0,0.0,0.0,0.0,0.0,499,0,0.4625,0.0,-1.7578091605014305,nan,nan,NO_WELD,0.0,0.0,False,False,False,False,False,vertical
80.622,0.0,0.0,0.0,0.0,0.0,0.0,0.0,0.0,499,0,0.4625,0.0,-1.7578091605014305,nan,nan,NO_WELD,0.0,0.0,False,False,False,False,False,vertical
80.672,0.0,0.0,0.0,0.0,0.0,0.0,0.0,0.0,499,0,0.4625,0.0,-1.7578091605014305,nan,nan,NO_WELD,0.0,0.0,False,False,False,False,False,vertical
80.722,0.0,0.0,0.0,0.0,0.0,0.0,0.0,0.0,499,0,0.4625,0.0,-1.7578091605014305,nan,nan,NO_WELD,0.0,0.0,False,False,False,False,False,vertical
80.772,0.0,0.0,0.0,0.0,0.0,0.0,0.0,0.0,499,0,0.4625,0.0,-1.7578091605014305,nan,nan,NO_WELD,0.0,0.0,False,False,False,False,False,vertical
80.822,0.0,0.0,0.0,0.0,0.0,0.0,0.0,0.0,499,0,0.4625,0.0,-1.7578091605014305,nan,nan,NO_WELD,0.0,0.0,False,False,False,False,False,vertical
80.872,0.0,0.0,0.0,0.0,0.0,0.0,0.0,0.0,499,0,0.4625,0.0,-1.7578091605014305,nan,nan,NO_WELD,0.0,0.0,False,False,False,False,False,vertical
80.922,0.0,0.0,0.0,0.0,0.0,0.0,0.0,0.0,499,0,0.4625,0.0,-1.7578091605014305,nan,nan,NO_WELD,0.0,0.0,False,False,False,False,False,vertical
80.972,0.0,0.0,0.0,0.0,0.0,0.0,0.0,0.0,499,0,0.4625,0.0,-1.7578091605014305,nan,nan,NO_WELD,0.0,0.0,False,False,False,False,False,vertical
81.022,0.0,0.0,0.0,0.0,0.0,0.0,0.0,0.0,499,0,0.4625,0.0,-1.7578091605014305,nan,nan,NO_WELD,0.0,0.0,False,False,False,False,False,vertical
81.072,0.0,0.0,0.0,0.0,0.0,0.0,0.0,0.0,499,0,0.4625,0.0,-1.7578091605014305,nan,nan,NO_WELD,0.0,0.0,False,False,False,False,False,vertical
81.122,0.0,0.0,0.0,0.0,0.0,0.0,0.0,0.0,499,0,0.4625,0.0,-1.7578091605014305,nan,nan,NO_WELD,0.0,0.0,False,False,False,False,False,vertical
81.174,0.0,0.0,0.0,0.0,0.0,0.0,0.0,0.0,499,0,0.4625,0.0,-2.1093715902432693,nan,nan,NO_WELD,0.0,0.0,False,False,False,False,False,vertical
81.222,0.0,0.0,0.0,0.0,0.0,0.0,0.0,0.0,499,0,0.4625,0.0,-2.1093715902432693,nan,nan,NO_WELD,0.0,0.0,False,False,False,False,False,vertical
81.272,0.0,0.0,0.0,0.0,0.0,0.0,0.0,0.0,499,0,0.4625,0.0,3.4150945850063755e-06,nan,nan,NO_WELD,0.0,0.0,False,False,False,False,False,vertical
81.322,0.0,0.0,0.0,0.0,0.0,0.0,0.0,0.0,499,0,0.4625,0.0,3.4150945850063755e-06,nan,nan,NO_WELD,0.0,0.0,False,False,False,False,False,vertical
81.372,0.0,0.0,0.0,0.0,0.0,0.0,0.0,0.0,499,0,0.4625,0.0,3.4150945850063755e-06,nan,nan,NO_WELD,0.0,0.0,False,False,False,False,False,vertical
81.422,0.0,0.0,0.0,0.0,0.0,0.0,0.0,0.0,499,0,0.4625,0.0,3.4150945850063755e-06,nan,nan,NO_WELD,0.0,0.0,False,False,False,False,False,vertical
81.472,0.0,0.0,0.0,0.0,0.0,0.0,0.0,0.0,499,0,0.4625,0.0,-3.164059092912196,nan,nan,NO_WELD,0.0,0.0,False,False,False,False,False,vertical
81.522,0.0,0.0,0.0,0.0,0.0,0.0,0.0,0.0,499,0,0.4625,0.0,-3.164059092912196,nan,nan,NO_WELD,0.0,0.0,False,False,False,False,False,vertical
81.572,0.0,0.0,0.0,0.0,0.0,0.0,0.0,0.0,499,0,0.4625,0.0,-3.164059092912196,nan,nan,NO_WELD,0.0,0.0,False,False,False,False,False,vertical
81.622,0.0,0.0,0.0,0.0,0.0,0.0,0.0,0.0,499,0,0.4625,0.0,-3.164059092912196,nan,nan,NO_WELD,0.0,0.0,False,False,False,False,False,vertical
81.672,0.0,0.0,0.0,0.0,0.0,0.0,0.0,0.0,499,0,0.4625,0.0,-3.164059092912196,nan,nan,NO_WELD,0.0,0.0,False,False,False,False,False,vertical
81.722,0.0,0.0,0.0,0.0,0.0,0.0,0.0,0.0,499,0,0.4625,0.0,-3.164059092912196,nan,nan,NO_WELD,0.0,0.0,False,False,False,False,False,vertical
81.772,0.0,0.0,0.0,0.0,0.0,0.0,0.0,0.0,499,0,0.4625,0.0,-3.164059092912196,nan,nan,NO_WELD,0.0,0.0,False,False,False,False,False,vertical
81.822,0.0,0.0,0.0,0.0,0.0,0.0,0.0,0.0,499,0,0.4625,0.0,-3.164059092912196,nan,nan,NO_WELD,0.0,0.0,False,False,False,False,False,vertical
81.872,0.0,0.0,0.0,0.0,0.0,0.0,0.0,0.0,499,0,0.4625,0.0,-3.164059092912196,nan,nan,NO_WELD,0.0,0.0,False,False,False,False,False,vertical
81.922,0.0,0.0,0.0,0.0,0.0,0.0,0.0,0.0,499,0,0.4625,0.0,-3.164059092912196,nan,nan,NO_WELD,0.0,0.0,False,False,False,False,False,vertical
81.972,0.0,0.0,0.0,0.0,0.0,0.0,0.0,0.0,499,0,0.4625,0.0,-3.164059092912196,nan,nan,NO_WELD,0.0,0.0,False,False,False,False,False,vertical
82.022,0.0,0.0,0.0,0.0,0.0,0.0,0.0,0.0,499,0,0.4625,0.0,-3.164059092912196,nan,nan,NO_WELD,0.0,0.0,False,False,False,False,False,vertical
82.072,0.0,0.0,0.0,0.0,0.0,0.0,0.0,0.0,499,0,0.4625,0.0,-1.4062466240378864,-1.4062466240378864,0.0,WELD_FOUND,0.0,0.0,False,False,False,False,False,vertical
82.122,0.0,0.0,0.0,0.0,0.0,0.0,0.0,0.0,499,0,0.4625,0.0,-1.4062466240378864,-1.4062466240378864,0.0,WELD_FOUND,0.0,0.0,False,False,False,False,False,vertical
82.174,0.0,0.0,0.0,0.0,0.0,0.0,0.0,0.0,499,0,0.4625,0.0,-1.4062466240378864,nan,nan,NO_WELD,0.0,0.0,False,False,False,False,False,vertical
82.222,0.0,0.0,0.0,0.0,0.0,0.0,0.0,0.0,499,0,0.4625,0.0,-1.4062466240378864,nan,nan,NO_WELD,0.0,0.0,False,False,False,False,False,vertical
82.272,0.0,0.0,0.0,0.0,0.0,0.0,0.0,0.0,499,0,0.4625,0.0,-1.4062466240378864,nan,nan,NO_WELD,0.0,0.0,False,False,False,False,False,vertical
82.322,0.0,0.0,0.0,0.0,0.0,0.0,0.0,0.0,499,0,0.4625,0.0,-1.4062466240378864,nan,nan,NO_WELD,0.0,0.0,False,False,False,False,False,vertical
82.372,0.0,0.0,0.0,0.0,0.0,0.0,0.0,0.0,499,0,0.4625,0.0,-1.4062466240378864,nan,nan,NO_WELD,0.0,0.0,False,False,False,False,False,vertical
82.423,0.0,0.0,0.0,0.0,0.0,0.0,0.0,0.0,499,0,0.4625,0.0,-1.4062466240378864,nan,nan,NO_WELD,0.0,0.0,False,False,False,False,False,vertical
82.472,0.0,0.0,0.0,0.0,0.0,0.0,0.0,0.0,499,0,0.4625,0.0,-1.4062466240378864,nan,nan,NO_WELD,0.0,0.0,False,False,False,False,False,vertical
82.522,0.0,0.0,0.0,0.0,0.0,0.0,0.0,0.0,499,0,0.4625,0.0,-1.4062466240378864,nan,nan,NO_WELD,0.0,0.0,False,False,False,False,False,vertical
82.572,0.0,0.0,0.0,0.0,0.0,0.0,0.0,0.0,499,0,0.4625,0.0,-1.4062466240378864,nan,nan,NO_WELD,0.0,0.0,False,False,False,False,False,vertical
82.622,0.0,0.0,0.0,0.0,0.0,0.0,0.0,0.0,499,0,0.4625,0.0,-1.4062466240378864,nan,nan,NO_WELD,0.0,0.0,False,False,False,False,False,vertical
82.672,0.0,0.0,0.0,0.0,0.0,0.0,0.0,0.0,499,0,0.4625,0.0,-1.4062466240378864,nan,nan,NO_WELD,0.0,0.0,False,False,False,False,False,vertical
82.722,0.0,0.0,0.0,0.0,0.0,0.0,0.0,0.0,499,0,0.4625,0.0,-1.4062466240378864,nan,nan,NO_WELD,0.0,0.0,False,False,False,False,False,vertical
82.772,0.0,0.0,0.0,0.0,0.0,0.0,0.0,0.0,499,0,0.4625,0.0,-1.4062466240378864,nan,nan,NO_WELD,0.0,0.0,False,False,False,False,False,vertical
82.822,0.0,0.0,0.0,0.0,0.0,0.0,0.0,0.0,499,0,0.4625,0.0,-1.4062466240378864,nan,nan,NO_WELD,0.0,0.0,False,False,False,False,False,vertical
82.872,0.0,0.0,0.0,0.0,0.0,0.0,0.0,0.0,499,0,0.4625,0.0,-1.4062466240378864,nan,nan,NO_WELD,0.0,0.0,False,False,False,False,False,vertical
82.922,0.0,0.0,0.0,0.0,0.0,0.0,0.0,0.0,499,0,0.4625,0.0,-1.4062466240378864,nan,nan,NO_WELD,0.0,0.0,False,False,False,False,False,vertical
82.972,0.0,0.0,0.0,0.0,0.0,0.0,0.0,0.0,499,0,0.4625,0.0,-1.4062466240378864,nan,nan,NO_WELD,0.0,0.0,False,False,False,False,False,vertical
83.022,0.0,0.0,0.0,0.0,0.0,0.0,0.0,0.0,499,0,0.4625,0.0,-1.4062466240378864,nan,nan,NO_WELD,0.0,0.0,False,False,False,False,False,vertical
83.072,0.0,0.0,0.0,0.0,0.0,0.0,0.0,0.0,499,0,0.4625,0.0,-1.4062466240378864,nan,nan,NO_WELD,0.0,0.0,False,False,False,False,False,vertical
83.122,0.0,0.0,0.0,0.0,0.0,0.0,0.0,0.0,499,0,0.4625,0.0,-1.4062466240378864,nan,nan,NO_WELD,0.0,0.0,False,False,False,False,False,vertical
83.174,0.0,0.0,0.0,0.0,0.0,0.0,0.0,0.0,499,0,0.4625,0.0,-1.4062466240378864,nan,nan,NO_WELD,0.0,0.0,False,False,False,False,False,vertical
83.222,0.0,0.0,0.0,0.0,0.0,0.0,0.0,0.0,499,0,0.4625,0.0,-1.4062466240378864,nan,nan,NO_WELD,0.0,0.0,False,False,False,False,False,vertical
83.272,0.0,0.0,0.0,0.0,0.0,0.0,0.0,0.0,499,0,0.4625,0.0,-2.8124966631703576,nan,nan,NO_WELD,0.0,0.0,False,False,False,False,False,vertical
83.322,0.0,0.0,0.0,0.0,0.0,0.0,0.0,0.0,499,0,0.4625,0.0,-2.8124966631703576,nan,nan,NO_WELD,0.0,0.0,False,False,False,False,False,vertical
83.372,0.0,0.0,0.0,0.0,0.0,0.0,0.0,0.0,499,0,0.4625,0.0,-3.5156217360974464,nan,nan,NO_WELD,0.0,0.0,False,False,False,False,False,vertical
83.422,0.0,0.0,0.0,0.0,0.0,0.0,0.0,0.0,499,0,0.4625,0.0,-3.5156217360974464,nan,nan,NO_WELD,0.0,0.0,False,False,False,False,False,vertical
83.472,0.0,0.0,0.0,0.0,0.0,0.0,0.0,0.0,499,0,0.4625,0.0,0.35156592487770283,nan,nan,NO_WELD,0.0,0.0,False,False,False,False,False,vertical
83.522,0.0,0.0,0.0,0.0,0.0,0.0,0.0,0.0,499,0,0.4625,0.0,0.35156592487770283,nan,nan,NO_WELD,0.0,0.0,False,False,False,False,False,vertical
83.572,0.0,0.0,0.0,0.0,0.0,0.0,0.0,0.0,499,0,0.4625,0.0,0.35156592487770283,nan,nan,NO_WELD,0.0,0.0,False,False,False,False,False,vertical
83.622,0.0,0.0,0.0,0.0,0.0,0.0,0.0,0.0,499,0,0.4625,0.0,0.35156592487770283,nan,nan,NO_WELD,0.0,0.0,False,False,False,False,False,vertical
83.672,0.0,0.0,0.0,0.0,0.0,0.0,0.0,0.0,499,0,0.4625,0.0,1.7578159906906006,nan,nan,NO_WELD,0.0,0.0,False,False,False,False,False,vertical
83.722,0.0,0.0,0.0,0.0,0.0,0.0,0.0,0.0,499,0,0.4625,0.0,1.7578159906906006,nan,nan,NO_WELD,0.0,0.0,False,False,False,False,False,vertical
83.772,0.0,0.0,0.0,0.0,0.0,0.0,0.0,0.0,499,0,0.4625,0.0,1.7578159906906006,nan,nan,NO_WELD,0.0,0.0,False,False,False,False,False,vertical
83.822,0.0,0.0,0.0,0.0,0.0,0.0,0.0,0.0,499,0,0.4625,0.0,1.7578159906906006,nan,nan,NO_WELD,0.0,0.0,False,False,False,False,False,vertical
83.872,0.0,0.0,0.0,0.0,0.0,0.0,0.0,0.0,499,0,0.4625,0.0,1.7578159906906006,nan,nan,NO_WELD,0.0,0.0,False,False,False,False,False,vertical
83.922,0.0,0.0,0.0,0.0,0.0,0.0,0.0,0.0,499,0,0.4625,0.0,1.7578159906906006,nan,nan,NO_WELD,0.0,0.0,False,False,False,False,False,vertical
83.972,0.0,0.0,0.0,0.0,0.0,0.0,0.0,0.0,499,0,0.4625,0.0,-0.7031216044716506,nan,nan,NO_WELD,0.0,0.0,False,False,False,False,False,vertical
84.022,0.0,0.0,0.0,0.0,0.0,0.0,0.0,0.0,499,0,0.4625,0.0,-0.7031216044716506,nan,nan,NO_WELD,0.0,0.0,False,False,False,False,False,vertical
84.072,0.0,0.0,0.0,0.0,0.0,0.0,0.0,0.0,499,0,0.4625,0.0,-0.7031216044716506,nan,nan,NO_WELD,0.0,0.0,False,False,False,False,False,vertical
84.122,0.0,0.0,0.0,0.0,0.0,0.0,0.0,0.0,499,0,0.4625,0.0,-0.7031216044716506,nan,nan,NO_WELD,0.0,0.0,False,False,False,False,False,vertical
84.174,0.0,0.0,0.0,0.0,0.0,0.0,0.0,0.0,499,0,0.4625,0.0,1.7578159906906006,nan,nan,NO_WELD,0.0,0.0,False,False,False,False,False,vertical
84.222,0.0,0.0,0.0,0.0,0.0,0.0,0.0,0.0,499,0,0.4625,0.0,1.7578159906906006,nan,nan,NO_WELD,0.0,0.0,False,False,False,False,False,vertical
84.272,0.0,0.0,0.0,0.0,0.0,0.0,0.0,0.0,499,0,0.4625,0.0,1.7578159906906006,nan,nan,NO_WELD,0.0,0.0,False,False,False,False,False,vertical
84.322,0.0,0.0,0.0,0.0,0.0,0.0,0.0,0.0,499,0,0.4625,0.0,1.7578159906906006,nan,nan,NO_WELD,0.0,0.0,False,False,False,False,False,vertical
84.372,0.0,0.0,0.0,0.0,0.0,0.0,0.0,0.0,499,0,0.4625,0.0,1.7578159906906006,nan,nan,NO_WELD,0.0,0.0,False,False,False,False,False,vertical
84.422,0.0,0.0,0.0,0.0,0.0,0.0,0.0,0.0,499,0,0.4625,0.0,1.7578159906906006,nan,nan,NO_WELD,0.0,0.0,False,False,False,False,False,vertical
84.472,0.0,0.0,0.0,0.0,0.0,0.0,0.0,0.0,499,0,0.4625,0.0,1.7578159906906006,nan,nan,NO_WELD,0.0,0.0,False,False,False,False,False,vertical
84.522,0.0,0.0,0.0,0.0,0.0,0.0,0.0,0.0,499,0,0.4625,0.0,1.7578159906906006,nan,nan,NO_WELD,0.0,0.0,False,False,False,False,False,vertical
84.572,0.0,0.0,0.0,0.0,0.0,0.0,0.0,0.0,499,0,0.4625,0.0,-3.5156217360974464,nan,nan,NO_WELD,0.0,0.0,False,False,False,False,False,vertical
84.622,0.0,0.0,0.0,0.0,0.0,0.0,0.0,0.0,499,0,0.4625,0.0,-3.5156217360974464,nan,nan,NO_WELD,0.0,0.0,False,False,False,False,False,vertical
84.672,0.0,0.0,0.0,0.0,0.0,0.0,0.0,0.0,499,0,0.4625,0.0,-2.460934233428519,nan,nan,NO_WELD,0.0,0.0,False,False,False,False,False,vertical
84.722,0.0,0.0,0.0,0.0,0.0,0.0,0.0,0.0,499,0,0.4625,0.0,-2.460934233428519,nan,nan,NO_WELD,0.0,0.0,False,False,False,False,False,vertical
84.772,0.0,0.0,0.0,0.0,0.0,0.0,0.0,0.0,499,0,0.4625,0.0,-1.4062466240378864,nan,nan,NO_WELD,0.0,0.0,False,False,False,False,False,vertical
84.822,0.0,0.0,0.0,0.0,0.0,0.0,0.0,0.0,499,0,0.4625,0.0,-1.4062466240378864,nan,nan,NO_WELD,0.0,0.0,False,False,False,False,False,vertical
84.872,0.0,0.0,0.0,0.0,0.0,0.0,0.0,0.0,499,0,0.4625,0.0,-1.4062466240378864,nan,nan,NO_WELD,0.0,0.0,False,False,False,False,False,vertical
84.922,0.0,0.0,0.0,0.0,0.0,0.0,0.0,0.0,499,0,0.4625,0.0,-1.4062466240378864,nan,nan,NO_WELD,0.0,0.0,False,False,False,False,False,vertical
84.972,0.0,0.0,0.0,0.0,0.0,0.0,0.0,0.0,499,0,0.4625,0.0,-3.164059092912196,nan,nan,NO_WELD,0.0,0.0,False,False,False,False,False,vertical
85.022,0.0,0.0,0.0,0.0,0.0,0.0,0.0,0.0,499,0,0.4625,0.0,-3.164059092912196,nan,nan,NO_WELD,0.0,0.0,False,False,False,False,False,vertical
85.072,0.0,0.0,0.0,0.0,0.0,0.0,0.0,0.0,499,0,0.4625,0.0,-3.164059092912196,nan,nan,NO_WELD,0.0,0.0,False,False,False,False,False,vertical
85.122,0.0,0.0,0.0,0.0,0.0,0.0,0.0,0.0,499,0,0.4625,0.0,-3.164059092912196,nan,nan,NO_WELD,0.0,0.0,False,False,False,False,False,vertical
85.174,0.0,0.0,0.0,0.0,0.0,0.0,0.0,0.0,499,0,0.4625,0.0,-3.164059092912196,nan,nan,NO_WELD,0.0,0.0,False,False,False,False,False,vertical
85.222,0.0,0.0,0.0,0.0,0.0,0.0,0.0,0.0,499,0,0.4625,0.0,-3.164059092912196,nan,nan,NO_WELD,0.0,0.0,False,False,False,False,False,vertical
85.272,0.0,0.0,0.0,0.0,0.0,0.0,0.0,0.0,499,0,0.4625,0.0,-3.164059092912196,nan,nan,NO_WELD,0.0,0.0,False,False,False,False,False,vertical
85.322,0.0,0.0,0.0,0.0,0.0,0.0,0.0,0.0,499,0,0.4625,0.0,-3.164059092912196,nan,nan,NO_WELD,0.0,0.0,False,False,False,False,False,vertical
85.372,0.0,0.0,0.0,0.0,0.0,0.0,0.0,0.0,499,0,0.4625,0.0,-3.164059092912196,nan,nan,NO_WELD,0.0,0.0,False,False,False,False,False,vertical
85.422,0.0,0.0,0.0,0.0,0.0,0.0,0.0,0.0,499,0,0.4625,0.0,-3.164059092912196,nan,nan,NO_WELD,0.0,0.0,False,False,False,False,False,vertical
85.472,0.0,0.0,0.0,0.0,0.0,0.0,0.0,0.0,499,0,0.4625,0.0,-3.164059092912196,nan,nan,NO_WELD,0.0,0.0,False,False,False,False,False,vertical
85.522,0.0,0.0,0.0,0.0,0.0,0.0,0.0,0.0,499,0,0.4625,0.0,-3.164059092912196,nan,nan,NO_WELD,0.0,0.0,False,False,False,False,False,vertical
85.572,0.0,0.0,0.0,0.0,0.0,0.0,0.0,0.0,499,0,0.4625,0.0,2.4609410636176894,nan,nan,NO_WELD,0.0,0.0,False,False,False,False,False,vertical
85.622,0.0,0.0,0.0,0.0,0.0,0.0,0.0,0.0,499,0,0.4625,0.0,2.4609410636176894,nan,nan,NO_WELD,0.0,0.0,False,False,False,False,False,vertical
85.672,0.0,0.0,0.0,0.0,0.0,0.0,0.0,0.0,499,0,0.4625,0.0,-3.5156217360974464,nan,nan,NO_WELD,0.0,0.0,False,False,False,False,False,vertical
85.722,0.0,0.0,0.0,0.0,0.0,0.0,0.0,0.0,499,0,0.4625,0.0,-3.5156217360974464,nan,nan,NO_WELD,0.0,0.0,False,False,False,False,False,vertical
85.772,0.0,0.0,0.0,0.0,0.0,0.0,0.0,0.0,499,0,0.4625,0.0,-2.8124966631703576,nan,nan,NO_WELD,0.0,0.0,False,False,False,False,False,vertical
85.822,0.0,0.0,0.0,0.0,0.0,0.0,0.0,0.0,499,0,0.4625,0.0,-2.8124966631703576,nan,nan,NO_WELD,0.0,0.0,False,False,False,False,False,vertical
85.872,0.0,0.0,0.0,0.0,0.0,0.0,0.0,0.0,499,0,0.4625,0.0,-2.8124966631703576,nan,nan,NO_WELD,0.0,0.0,False,False,False,False,False,vertical
85.922,0.0,0.0,0.0,0.0,0.0,0.0,0.0,0.0,499,0,0.4625,0.0,-2.8124966631703576,nan,nan,NO_WELD,0.0,0.0,False,False,False,False,False,vertical
85.972,0.0,0.0,0.0,0.0,0.0,0.0,0.0,0.0,499,0,0.4625,0.0,-2.8124966631703576,nan,nan,NO_WELD,0.0,0.0,False,False,False,False,False,vertical
86.022,0.0,0.0,0.0,0.0,0.0,0.0,0.0,0.0,499,0,0.4625,0.0,-2.8124966631703576,nan,nan,NO_WELD,0.0,0.0,False,False,False,False,False,vertical
86.072,0.0,0.0,0.0,0.0,0.0,0.0,0.0,0.0,499,0,0.4625,0.0,1.4062534542270564,nan,nan,NO_WELD,0.0,0.0,False,False,False,False,False,vertical
86.122,0.0,0.0,0.0,0.0,0.0,0.0,0.0,0.0,499,0,0.4625,0.0,1.4062534542270564,nan,nan,NO_WELD,0.0,0.0,False,False,False,False,False,vertical
86.174,0.0,0.0,0.0,0.0,0.0,0.0,0.0,0.0,499,0,0.4625,0.0,1.4062534542270564,nan,nan,NO_WELD,0.0,0.0,False,False,False,False,False,vertical
86.222,0.0,0.0,0.0,0.0,0.0,0.0,0.0,0.0,499,0,0.4625,0.0,1.4062534542270564,nan,nan,NO_WELD,0.0,0.0,False,False,False,False,False,vertical
86.272,0.0,0.0,0.0,0.0,0.0,0.0,0.0,0.0,499,0,0.4625,0.0,3.1640659231013664,nan,nan,NO_WELD,0.0,0.0,False,False,False,False,False,vertical
86.322,0.0,0.0,0.0,0.0,0.0,0.0,0.0,0.0,499,0,0.4625,0.0,3.1640659231013664,nan,nan,NO_WELD,0.0,0.0,False,False,False,False,False,vertical
86.372,0.0,0.0,0.0,0.0,0.0,0.0,0.0,0.0,499,0,0.4625,0.0,3.1640659231013664,nan,nan,NO_WELD,0.0,0.0,False,False,False,False,False,vertical
86.422,0.0,0.0,0.0,0.0,0.0,0.0,0.0,0.0,499,0,0.4625,0.0,3.1640659231013664,nan,nan,NO_WELD,0.0,0.0,False,False,False,False,False,vertical
86.472,0.0,0.0,0.0,0.0,0.0,0.0,0.0,0.0,499,0,0.4625,0.0,3.1640659231013664,nan,nan,NO_WELD,0.0,0.0,False,False,False,False,False,vertical
86.522,0.0,0.0,0.0,0.0,0.0,0.0,0.0,0.0,499,0,0.4625,0.0,3.1640659231013664,nan,nan,NO_WELD,0.0,0.0,False,False,False,False,False,vertical
86.572,0.0,0.0,0.0,0.0,0.0,0.0,0.0,0.0,498,0,0.4615,0.0,3.1640659231013664,nan,nan,NO_WELD,0.0,0.0,False,False,False,False,False,vertical
86.622,0.0,0.0,0.0,0.0,0.0,0.0,0.0,0.0,498,0,0.4615,0.0,3.1640659231013664,nan,nan,NO_WELD,0.0,0.0,False,False,False,False,False,vertical
86.672,0.0,0.0,0.0,0.0,-0.0025,0.0,0.0025,0.0,498,0,0.4615,0.0,3.1640659231013664,nan,nan,NO_WELD,0.0,0.0,False,False,False,False,False,vertical
86.722,0.0,0.0,0.0,0.0,-0.0025,0.0,0.0025,0.0,498,0,0.4615,0.0,3.1640659231013664,nan,nan,NO_WELD,0.0,0.0,False,False,False,False,False,vertical
86.772,0.0,0.0,0.0,0.0,-0.0025,0.0,0.0025,0.0,498,0,0.4615,0.0,3.1640659231013664,nan,nan,NO_WELD,0.0,0.0,False,False,False,False,False,vertical
86.822,0.0,0.0,0.0,0.0,-0.002,0.0,0.002,0.0,498,0,0.4615,0.0,3.1640659231013664,nan,nan,NO_WELD,0.0,0.0,False,False,False,False,False,vertical
86.872,0.0,0.0,0.0,0.0,-0.002,0.0,0.002,0.0,498,0,0.4615,0.0,3.1640659231013664,nan,nan,NO_WELD,0.0,0.0,False,False,False,False,False,vertical
86.922,0.0,0.0,0.0,0.0,-0.0016,0.0,0.0016,0.0,498,0,0.4615,0.0,3.1640659231013664,nan,nan,NO_WELD,0.0,0.0,False,False,False,False,False,vertical
86.972,0.0,0.0,0.0,0.0,-0.0016,0.0,0.0016,0.0,498,0,0.4615,0.0,3.1640659231013664,nan,nan,NO_WELD,0.0,0.0,False,False,False,False,False,vertical
87.022,0.0,0.0,0.0,0.0,-0.0013,0.0,0.0013,0.0,498,0,0.4615,0.0,3.1640659231013664,nan,nan,NO_WELD,0.0,0.0,False,False,False,False,False,vertical
87.072,0.0,0.0,0.0,0.0,-0.0013,0.0,0.0013,0.0,498,0,0.4615,0.0,3.1640659231013664,nan,nan,NO_WELD,0.0,0.0,False,False,False,False,False,vertical
87.122,0.0,0.0,0.0,0.0,-0.0013,0.0,0.0013,0.0,498,0,0.4615,0.0,3.1640659231013664,nan,nan,NO_WELD,0.0,0.0,False,False,False,False,False,vertical
87.174,0.0,0.0,0.0,0.0,-0.001,0.0,0.001,0.0,498,0,0.4615,0.0,3.1640659231013664,nan,nan,NO_WELD,0.0,0.0,False,False,False,False,False,vertical
87.222,0.0,0.0,0.0,0.0,-0.001,0.0,0.001,0.0,498,0,0.4615,0.0,3.1640659231013664,nan,nan,NO_WELD,0.0,0.0,False,False,False,False,False,vertical
87.272,0.0,0.0,0.0,0.0,-0.001,0.0,0.001,0.0,498,0,0.4615,0.0,-3.8671843792826963,nan,nan,NO_WELD,0.0,0.0,False,False,False,False,False,vertical
87.322,0.0,0.0,0.0,0.0,0.0,0.0,0.0,0.0,498,0,0.4615,0.0,-3.8671843792826963,nan,nan,NO_WELD,0.0,0.0,False,False,False,False,False,vertical
87.372,0.0,0.0,0.0,0.0,0.0,0.0,0.0,0.0,498,0,0.4615,0.0,2.812503493359528,nan,nan,NO_WELD,0.0,0.0,False,False,False,False,False,vertical
87.422,0.0,0.0,0.0,0.0,0.0,0.0,0.0,0.0,498,0,0.4615,0.0,2.812503493359528,nan,nan,NO_WELD,0.0,0.0,False,False,False,False,False,vertical
87.472,0.0,0.0,0.0,0.0,0.0,0.0,0.0,0.0,498,0,0.4615,0.0,2.812503493359528,nan,nan,NO_WELD,0.0,0.0,False,False,False,False,False,vertical
87.522,0.0,0.0,0.0,0.0,0.0,0.0,0.0,0.0,498,0,0.4615,0.0,2.812503493359528,nan,nan,NO_WELD,0.0,0.0,False,False,False,False,False,vertical
87.572,0.0,0.0,0.0,0.0,0.0,0.0,0.0,0.0,498,0,0.4615,0.0,-1.0546840875743422,nan,nan,NO_WELD,0.0,0.0,False,False,False,False,False,vertical
87.622,0.0,0.0,0.0,0.0,0.0,0.0,0.0,0.0,498,0,0.4615,0.0,-1.0546840875743422,nan,nan,NO_WELD,0.0,0.0,False,False,False,False,False,vertical
87.672,0.0,0.0,0.0,0.0,0.0,0.0,0.0,0.0,498,0,0.4615,0.0,0.35156592487770283,nan,nan,NO_WELD,0.0,0.0,False,False,False,False,False,vertical
87.723,0.0,0.0,0.0,0.0,0.0,0.0,0.0,0.0,498,0,0.4615,0.0,0.35156592487770283,nan,nan,NO_WELD,0.0,0.0,False,False,False,False,False,vertical
87.772,0.0,0.0,0.0,0.0,0.0,0.0,0.0,0.0,498,0,0.4615,0.0,-2.8124966631703576,nan,nan,NO_WELD,0.0,0.0,False,False,False,False,False,vertical
87.823,0.0,0.0,0.0,0.0,0.0,0.0,0.0,0.0,498,0,0.4615,0.0,-2.8124966631703576,nan,nan,NO_WELD,0.0,0.0,False,False,False,False,False,vertical
87.872,0.0,0.0,0.0,0.0,0.0,0.0,0.0,0.0,498,0,0.4615,0.0,4.218753425770293,nan,nan,NO_WELD,0.0,0.0,False,False,False,False,False,vertical
87.922,0.0,0.0,0.0,0.0,0.0,0.0,0.0,0.0,498,0,0.4615,0.0,4.218753425770293,nan,nan,NO_WELD,0.0,0.0,False,False,False,False,False,vertical
87.972,0.0,0.0,0.0,0.0,0.0,0.0,0.0,0.0,498,0,0.4615,0.0,3.1640659231013664,nan,nan,NO_WELD,0.0,0.0,False,False,False,False,False,vertical
88.022,0.0,0.0,0.0,0.0,0.0,0.0,0.0,0.0,498,0,0.4615,0.0,3.1640659231013664,nan,nan,NO_WELD,0.0,0.0,False,False,False,False,False,vertical
88.072,0.0,0.0,0.0,0.0,0.0,0.0,0.0,0.0,498,0,0.4615,0.0,1.7578159906906006,nan,nan,NO_WELD,0.0,0.0,False,False,False,False,False,vertical
88.122,0.0,0.0,0.0,0.0,0.0,0.0,0.0,0.0,498,0,0.4615,0.0,1.7578159906906006,nan,nan,NO_WELD,0.0,0.0,False,False,False,False,False,vertical
88.174,0.0,0.0,0.0,0.0,0.0,0.0,0.0,0.0,498,0,0.4615,0.0,4.218753425770293,nan,nan,NO_WELD,0.0,0.0,False,False,False,False,False,vertical
88.223,0.0,0.0,0.0,0.0,0.0,0.0,0.0,0.0,498,0,0.4615,0.0,4.218753425770293,nan,nan,NO_WELD,0.0,0.0,False,False,False,False,False,vertical
88.272,0.0,0.0,0.0,0.0,0.0,0.0,0.0,0.0,498,0,0.4615,0.0,4.218753425770293,4.218753425770293,0.0,WELD_FOUND,0.0,0.0,False,False,False,False,False,vertical
88.322,0.0,0.0,0.0,0.0,0.0,0.0,0.0,0.0,498,0,0.4615,0.0,4.218753425770293,4.218753425770293,0.0,WELD_FOUND,0.0,0.0,False,False,False,False,False,vertical
88.372,0.0,0.0,0.0,0.0,0.0,0.0,0.0,0.0,498,0,0.4615,0.0,4.218753425770293,nan,nan,NO_WELD,0.0,0.0,False,False,False,False,False,vertical
88.423,0.0,0.0,0.0,0.0,0.0,0.0,0.0,0.0,498,0,0.4615,0.0,4.218753425770293,nan,nan,NO_WELD,0.0,0.0,False,False,False,False,False,vertical
88.472,0.0,0.0,0.0,0.0,0.0,0.0,0.0,0.0,498,0,0.4615,0.0,4.218753425770293,nan,nan,NO_WELD,0.0,0.0,False,False,False,False,False,vertical
88.523,0.0,0.0,0.0,0.0,0.0,0.0,0.0,0.0,498,0,0.4615,0.0,4.218753425770293,nan,nan,NO_WELD,0.0,0.0,False,False,False,False,False,vertical
88.572,0.0,0.0,0.0,0.0,0.0,0.0,0.0,0.0,498,0,0.4615,0.0,4.218753425770293,nan,nan,NO_WELD,0.0,0.0,False,False,False,False,False,vertical
88.623,0.0,0.0,0.0,0.0,0.0,0.0,0.0,0.0,498,0,0.4615,0.0,4.218753425770293,nan,nan,NO_WELD,0.0,0.0,False,False,False,False,False,vertical
88.672,0.0,0.0,0.0,0.0,0.0,0.0,0.0,0.0,498,0,0.4615,0.0,4.218753425770293,nan,nan,NO_WELD,0.0,0.0,False,False,False,False,False,vertical
88.723,0.0,0.0,0.0,0.0,0.0,0.0,0.0,0.0,498,0,0.4615,0.0,4.218753425770293,nan,nan,NO_WELD,0.0,0.0,False,False,False,False,False,vertical
88.772,0.02172482776882776,-0.05,0.01422482776882776,0.02922482776882776,0.0,0.0,0.0142,0.0292,498,0,0.4615,0.0,4.218753425770293,4.218753425770293,0.0,WELD_FOUND,0.0,0.4555,True,False,False,False,False,vertical
88.823,0.02172482776882776,-0.05,0.01422482776882776,0.02922482776882776,0.0,0.0,0.0142,0.0292,498,0,0.4615,0.0,4.218753425770293,4.218753425770293,0.0,WELD_FOUND,0.0,0.4555,True,False,False,False,False,vertical
88.872,0.0,0.0,0.0,0.0,0.0,0.0,0.0,0.0,499,0,0.4625,0.0,4.218753425770293,nan,nan,NO_WELD,0.0,0.0,False,False,False,False,False,vertical
88.923,0.0,0.0,0.0,0.0,0.0025,0.0,-0.0025,0.0,499,0,0.4625,0.0,4.218753425770293,nan,nan,NO_WELD,0.0,0.0,False,False,False,False,False,vertical
88.972,0.0,0.0,0.0,0.0,0.0025,0.0,-0.0025,0.0,500,0,0.4634,0.0,4.218753425770293,nan,nan,NO_WELD,0.0,0.0,False,False,False,False,False,vertical
89.023,0.0,0.0,0.0,0.0,0.0025,0.0,-0.0025,0.0,500,0,0.4634,0.0,4.218753425770293,nan,nan,NO_WELD,0.0,0.0,False,False,False,False,False,vertical
89.072,0.02172482776882776,-0.05,0.01422482776882776,0.02922482776882776,0.004,0.0,0.0103,0.0292,500,0,0.4634,0.0,4.218753425770293,4.218753425770293,0.0,WELD_FOUND,0.2217,0.4555,False,False,False,False,False,vertical
89.123,0.02172482776882776,-0.05,0.01422482776882776,0.02922482776882776,0.004,0.0,0.0103,0.0292,500,0,0.4634,0.0,4.218753425770293,nan,nan,NO_WELD,0.2217,0.4555,False,False,False,False,False,vertical
89.174,0.0,0.0,0.0,0.0,0.004,0.0,-0.004,0.0,500,0,0.4634,0.0,4.218753425770293,nan,nan,NO_WELD,0.0,0.0,False,False,False,False,False,vertical
89.223,0.0,0.0,0.0,0.0,0.0032,0.0,-0.0032,0.0,500,0,0.4634,0.0,4.218753425770293,nan,nan,NO_WELD,0.0,0.0,False,False,False,False,False,vertical
89.272,0.0,0.0,0.0,0.0,0.0032,0.0,-0.0032,0.0,500,0,0.4634,0.0,4.218753425770293,nan,nan,NO_WELD,0.0,0.0,False,False,False,False,False,vertical
89.323,0.0,0.0,0.0,0.0,0.0032,0.0,-0.0032,0.0,500,0,0.4634,0.0,4.218753425770293,nan,nan,NO_WELD,0.0,0.0,False,False,False,False,False,vertical
89.372,0.02172482776882776,-0.05,0.01422482776882776,0.02922482776882776,0.0025,0.0,0.0117,0.0292,500,0,0.4634,0.0,4.218753425770293,4.218753425770293,0.0,WELD_FOUND,0.2217,0.4555,False,False,False,False,False,vertical
89.422,0.02172482776882776,-0.05,0.01422482776882776,0.02922482776882776,0.0025,0.0,0.0117,0.0292,500,0,0.4634,0.0,4.218753425770293,nan,nan,NO_WELD,0.2217,0.4555,False,False,False,False,False,vertical
89.472,0.0,0.0,0.0,0.0,0.002,0.0,-0.002,0.0,500,0,0.4634,0.0,4.218753425770293,nan,nan,NO_WELD,0.0,0.0,False,False,False,False,False,vertical
89.522,0.0,0.0,0.0,0.0,0.002,0.0,-0.002,0.0,500,0,0.4634,0.0,4.218753425770293,nan,nan,NO_WELD,0.0,0.0,False,False,False,False,False,vertical
89.572,0.0,0.0,0.0,0.0,0.002,0.0,-0.002,0.0,500,0,0.4634,0.0,4.218753425770293,nan,nan,NO_WELD,0.0,0.0,False,False,False,False,False,vertical
89.622,0.0,0.0,0.0,0.0,0.0016,0.0,-0.0016,0.0,500,0,0.4634,0.0,4.218753425770293,nan,nan,NO_WELD,0.0,0.0,False,False,False,False,False,vertical
89.672,0.0,0.0,0.0,0.0,0.0016,0.0,-0.0016,0.0,500,0,0.4634,0.0,4.218753425770293,nan,nan,NO_WELD,0.0,0.0,False,False,False,False,False,vertical
89.722,0.0,0.0,0.0,0.0,0.0013,0.0,-0.0013,0.0,500,0,0.4634,0.0,4.218753425770293,nan,nan,NO_WELD,0.0,0.0,False,False,False,False,False,vertical
89.772,0.0,0.0,0.0,0.0,0.0013,0.0,-0.0013,0.0,500,0,0.4634,0.0,4.218753425770293,nan,nan,NO_WELD,0.0,0.0,False,False,False,False,False,vertical
89.822,0.0,0.0,0.0,0.0,0.0013,0.0,-0.0013,0.0,500,0,0.4634,0.0,4.218753425770293,nan,nan,NO_WELD,0.0,0.0,False,False,False,False,False,vertical
89.872,0.0,0.0,0.0,0.0,0.001,0.0,-0.001,0.0,500,0,0.4634,0.0,4.218753425770293,nan,nan,NO_WELD,0.0,0.0,False,False,False,False,False,vertical
89.922,0.0,0.0,0.0,0.0,0.001,0.0,-0.001,0.0,500,0,0.4634,0.0,4.218753425770293,nan,nan,NO_WELD,0.0,0.0,False,False,False,False,False,vertical
89.972,0.0,0.0,0.0,0.0,0.001,0.0,-0.001,0.0,500,0,0.4634,0.0,4.218753425770293,nan,nan,NO_WELD,0.0,0.0,False,False,False,False,False,vertical
90.022,0.0,0.0,0.0,0.0,0.0,0.0,0.0,0.0,500,0,0.4634,0.0,4.218753425770293,nan,nan,NO_WELD,0.0,0.0,False,False,False,False,False,vertical
90.072,0.0,0.0,0.0,0.0,0.0,0.0,0.0,0.0,500,0,0.4634,0.0,4.218753425770293,nan,nan,NO_WELD,0.0,0.0,False,False,False,False,False,vertical
90.122,0.0,0.0,0.0,0.0,0.0,0.0,0.0,0.0,500,0,0.4634,0.0,4.218753425770293,nan,nan,NO_WELD,0.0,0.0,False,False,False,False,False,vertical
90.174,0.0,0.0,0.0,0.0,0.0,0.0,0.0,0.0,500,0,0.4634,0.0,4.218753425770293,nan,nan,NO_WELD,0.0,0.0,False,False,False,False,False,vertical
90.222,0.0,0.0,0.0,0.0,0.0,0.0,0.0,0.0,500,0,0.4634,0.0,4.218753425770293,nan,nan,NO_WELD,0.0,0.0,False,False,False,False,False,vertical
90.272,0.0,0.0,0.0,0.0,0.0,0.0,0.0,0.0,500,0,0.4634,0.0,4.218753425770293,nan,nan,NO_WELD,0.0,0.0,False,False,False,False,False,vertical
90.322,0.0,0.0,0.0,0.0,0.0,0.0,0.0,0.0,500,0,0.4634,0.0,4.218753425770293,nan,nan,NO_WELD,0.0,0.0,False,False,False,False,False,vertical
90.372,0.0,0.0,0.0,0.0,0.0,0.0,0.0,0.0,500,0,0.4634,0.0,4.218753425770293,nan,nan,NO_WELD,0.0,0.0,False,False,False,False,False,vertical
90.423,0.0,0.0,0.0,0.0,0.0,0.0,0.0,0.0,500,0,0.4634,0.0,3.1640659231013664,nan,nan,NO_WELD,0.0,0.0,False,False,False,False,False,vertical
90.472,0.0,0.0,0.0,0.0,0.0,0.0,0.0,0.0,500,0,0.4634,0.0,3.1640659231013664,nan,nan,NO_WELD,0.0,0.0,False,False,False,False,False,vertical
90.522,0.0,0.0,0.0,0.0,0.0,0.0,0.0,0.0,500,0,0.4634,0.0,-2.460934233428519,nan,nan,NO_WELD,0.0,0.0,False,False,False,False,False,vertical
90.572,0.0,0.0,0.0,0.0,0.0,0.0,0.0,0.0,500,0,0.4634,0.0,-2.460934233428519,nan,nan,NO_WELD,0.0,0.0,False,False,False,False,False,vertical
90.622,0.0,0.0,0.0,0.0,0.0,0.0,0.0,0.0,500,0,0.4634,0.0,-2.460934233428519,nan,nan,NO_WELD,0.0,0.0,False,False,False,False,False,vertical
90.672,0.0,0.0,0.0,0.0,0.0,0.0,0.0,0.0,500,0,0.4634,0.0,-2.460934233428519,nan,nan,NO_WELD,0.0,0.0,False,False,False,False,False,vertical
90.723,0.0,0.0,0.0,0.0,0.0,0.0,0.0,0.0,500,0,0.4634,0.0,-2.460934233428519,nan,nan,NO_WELD,0.0,0.0,False,False,False,False,False,vertical
90.772,0.0,0.0,0.0,0.0,0.0,0.0,0.0,0.0,500,0,0.4634,0.0,-2.460934233428519,nan,nan,NO_WELD,0.0,0.0,False,False,False,False,False,vertical
90.822,0.0,0.0,0.0,0.0,0.0,0.0,0.0,0.0,500,0,0.4634,0.0,-2.460934233428519,nan,nan,NO_WELD,0.0,0.0,False,False,False,False,False,vertical
90.872,0.0,0.0,0.0,0.0,0.0,0.0,0.0,0.0,500,0,0.4634,0.0,-2.460934233428519,nan,nan,NO_WELD,0.0,0.0,False,False,False,False,False,vertical
90.922,0.0,0.0,0.0,0.0,0.0,0.0,0.0,0.0,500,0,0.4634,0.0,-2.460934233428519,nan,nan,NO_WELD,0.0,0.0,False,False,False,False,False,vertical
90.972,0.0,0.0,0.0,0.0,0.0,0.0,0.0,0.0,500,0,0.4634,0.0,-2.460934233428519,nan,nan,NO_WELD,0.0,0.0,False,False,False,False,False,vertical
91.022,0.0,0.0,0.0,0.0,0.0,0.0,0.0,0.0,500,0,0.4634,0.0,-2.8124966631703576,nan,nan,NO_WELD,0.0,0.0,False,False,False,False,False,vertical
91.072,0.0,0.0,0.0,0.0,0.0,0.0,0.0,0.0,500,0,0.4634,0.0,-2.8124966631703576,nan,nan,NO_WELD,0.0,0.0,False,False,False,False,False,vertical
91.122,0.0,0.0,0.0,0.0,0.0,0.0,0.0,0.0,500,0,0.4634,0.0,-2.8124966631703576,nan,nan,NO_WELD,0.0,0.0,False,False,False,False,False,vertical
91.174,0.0,0.0,0.0,0.0,0.0,0.0,0.0,0.0,500,0,0.4634,0.0,-2.8124966631703576,nan,nan,NO_WELD,0.0,0.0,False,False,False,False,False,vertical
91.222,0.0,0.0,0.0,0.0,0.0,0.0,0.0,0.0,500,0,0.4634,0.0,-2.8124966631703576,nan,nan,NO_WELD,0.0,0.0,False,False,False,False,False,vertical
91.273,0.0,0.0,0.0,0.0,0.0,0.0,0.0,0.0,500,0,0.4634,0.0,-2.8124966631703576,nan,nan,NO_WELD,0.0,0.0,False,False,False,False,False,vertical
91.322,0.0,0.0,0.0,0.0,0.0,0.0,0.0,0.0,500,0,0.4634,0.0,-2.8124966631703576,nan,nan,NO_WELD,0.0,0.0,False,False,False,False,False,vertical
91.373,0.0,0.0,0.0,0.0,0.0,0.0,0.0,0.0,500,0,0.4634,0.0,-2.8124966631703576,nan,nan,NO_WELD,0.0,0.0,False,False,False,False,False,vertical
91.422,0.0,0.0,0.0,0.0,0.0,0.0,0.0,0.0,500,0,0.4634,0.0,-3.164059092912196,nan,nan,NO_WELD,0.0,0.0,False,False,False,False,False,vertical
91.473,0.0,0.0,0.0,0.0,0.0,0.0,0.0,0.0,500,0,0.4634,0.0,-3.164059092912196,nan,nan,NO_WELD,0.0,0.0,False,False,False,False,False,vertical
91.522,0.03037455725537767,0.05,0.03787455725537767,0.02287455725537767,0.0,0.0,0.0379,0.0229,500,0,0.4634,0.0,-3.164059092912196,-3.164059092912196,0.0,WELD_FOUND,0.0,0.3565,True,False,False,False,False,vertical
91.573,0.03037455725537767,0.05,0.03787455725537767,0.02287455725537767,0.0,0.0,0.0379,0.0229,500,0,0.4634,0.0,-3.164059092912196,-3.164059092912196,0.0,WELD_FOUND,0.0,0.3565,True,False,False,False,False,vertical
91.622,0.03037455725537767,0.1,0.04537455725537767,0.015374557255377671,0.0,0.0,0.0454,0.0154,500,0,0.4634,0.0,-3.164059092912196,-3.164059092912196,0.0,WELD_FOUND,0.0,0.2396,True,False,False,False,False,vertical
91.673,0.03037455725537767,0.1,0.04537455725537767,0.015374557255377671,0.0,0.0,0.0454,0.0154,500,0,0.4634,0.0,-3.164059092912196,-3.164059092912196,0.0,WELD_FOUND,0.0,0.2396,True,False,False,False,False,vertical
91.722,0.0,0.0,0.0,0.0,0.0,0.0,0.0,0.0,500,0,0.4634,0.0,-3.164059092912196,nan,nan,NO_WELD,0.0,0.0,False,False,False,False,False,vertical
91.773,0.0,0.0,0.0,0.0,0.0,0.0,0.0,0.0,500,0,0.4634,0.0,-3.164059092912196,nan,nan,NO_WELD,0.0,0.0,False,False,False,False,False,vertical
91.822,0.032925363645114274,0.05,0.04042536364511427,0.025425363645114274,0.0,0.0,0.0404,0.0254,500,0,0.4634,0.0,-2.8124966631703576,-2.8124966631703576,0.0,WELD_FOUND,0.6089,0.3962,False,False,False,False,False,vertical
91.873,0.032925363645114274,0.05,0.04042536364511427,0.025425363645114274,0.0025,0.0,0.038,0.0254,501,0,0.4643,0.0,-2.8124966631703576,-2.8124966631703576,0.0,WELD_FOUND,0.6089,0.3962,False,False,False,False,False,vertical
91.922,0.0,0.0,0.0,0.0,0.0025,0.0,-0.0025,0.0,501,0,0.4643,0.0,-2.8124966631703576,nan,nan,NO_WELD,0.0,0.0,False,False,False,False,False,vertical
91.973,0.0,0.0,0.0,0.0,0.0025,0.0,-0.0025,0.0,502,0,0.4652,0.0,-2.8124966631703576,nan,nan,NO_WELD,0.0,0.0,False,False,False,False,False,vertical
92.022,0.0,0.0,0.0,0.0,0.004,0.0,-0.004,0.0,502,0,0.4652,0.0,-2.8124966631703576,nan,nan,NO_WELD,0.0,0.0,False,False,False,False,False,vertical
92.073,0.0,0.0,0.0,0.0,0.004,0.0,-0.004,0.0,502,0,0.4652,0.0,-2.8124966631703576,nan,nan,NO_WELD,0.0,0.0,False,False,False,False,False,vertical
92.122,0.0,0.0,0.0,0.0,0.0032,0.0,-0.0032,0.0,502,0,0.4652,0.0,-2.8124966631703576,nan,nan,NO_WELD,0.0,0.0,False,False,False,False,False,vertical
92.174,0.0,0.0,0.0,0.0,0.0032,0.0,-0.0032,0.0,502,0,0.4652,0.0,-2.8124966631703576,nan,nan,NO_WELD,0.0,0.0,False,False,False,False,False,vertical
92.222,0.0,0.0,0.0,0.0,0.0032,0.0,-0.0032,0.0,502,0,0.4652,0.0,-2.8124966631703576,nan,nan,NO_WELD,0.0,0.0,False,False,False,False,False,vertical
92.273,0.0,0.0,0.0,0.0,0.0025,0.0,-0.0025,0.0,502,0,0.4652,0.0,-2.8124966631703576,nan,nan,NO_WELD,0.0,0.0,False,False,False,False,False,vertical
92.322,0.0,0.0,0.0,0.0,0.0025,0.0,-0.0025,0.0,502,0,0.4652,0.0,-2.8124966631703576,nan,nan,NO_WELD,0.0,0.0,False,False,False,False,False,vertical
92.373,0.0,0.0,0.0,0.0,0.0025,0.0,-0.0025,0.0,502,0,0.4652,0.0,-2.8124966631703576,nan,nan,NO_WELD,0.0,0.0,False,False,False,False,False,vertical
92.422,0.0,0.0,0.0,0.0,0.002,0.0,-0.002,0.0,502,0,0.4652,0.0,-2.8124966631703576,nan,nan,NO_WELD,0.0,0.0,False,False,False,False,False,vertical
92.473,0.0,0.0,0.0,0.0,0.002,0.0,-0.002,0.0,502,0,0.4652,0.0,-2.8124966631703576,nan,nan,NO_WELD,0.0,0.0,False,False,False,False,False,vertical
92.522,0.0,0.0,0.0,0.0,0.002,0.0,-0.002,0.0,502,0,0.4652,0.0,-2.8124966631703576,nan,nan,NO_WELD,0.0,0.0,False,False,False,False,False,vertical
92.573,0.0,0.0,0.0,0.0,0.0016,0.0,-0.0016,0.0,502,0,0.4652,0.0,-2.8124966631703576,nan,nan,NO_WELD,0.0,0.0,False,False,False,False,False,vertical
92.622,0.0,0.0,0.0,0.0,0.0016,0.0,-0.0016,0.0,502,0,0.4652,0.0,-2.8124966631703576,nan,nan,NO_WELD,0.0,0.0,False,False,False,False,False,vertical
92.673,0.0,0.0,0.0,0.0,0.0013,0.0,-0.0013,0.0,502,0,0.4652,0.0,-2.8124966631703576,nan,nan,NO_WELD,0.0,0.0,False,False,False,False,False,vertical
92.722,0.040470310855559015,0.05,0.047970310855559015,0.032970310855559015,0.0013,0.0,0.0467,0.033,502,0,0.4652,0.0,-2.1093715902432693,-2.1093715902432693,0.0,WELD_FOUND,0.0,0.5138,True,False,False,False,False,vertical
92.773,0.040470310855559015,0.05,0.047970310855559015,0.032970310855559015,0.0045,0.0,0.0435,0.033,503,0,0.4662,0.0,-2.1093715902432693,-2.1093715902432693,0.0,WELD_FOUND,0.6438,0.5138,False,False,False,False,False,vertical
92.822,0.0,0.0,0.0,0.0,0.0045,0.0,-0.0045,0.0,503,0,0.4662,0.0,-2.1093715902432693,nan,nan,NO_WELD,0.0,0.0,False,False,False,False,False,vertical
92.873,0.0,0.0,0.0,0.0,0.0101,0.0,-0.0101,0.0,505,0,0.468,0.0,-2.1093715902432693,nan,nan,NO_WELD,0.0,0.0,False,False,False,False,False,vertical
92.922,0.0,0.0,0.0,0.0,0.0101,0.0,-0.0101,0.0,505,0,0.468,0.0,-2.1093715902432693,nan,nan,NO_WELD,0.0,0.0,False,False,False,False,False,vertical
92.973,0.0,0.0,0.0,0.0,0.0101,0.0,-0.0101,0.0,505,0,0.468,0.0,-2.1093715902432693,nan,nan,NO_WELD,0.0,0.0,False,False,False,False,False,vertical
93.022,0.0,0.0,0.0,0.0,0.0081,0.0,-0.0081,0.0,505,0,0.468,0.0,-2.1093715902432693,nan,nan,NO_WELD,0.0,0.0,False,False,False,False,False,vertical
93.073,0.0,0.0,0.0,0.0,0.0081,0.0,-0.0081,0.0,505,0,0.468,0.0,-2.1093715902432693,nan,nan,NO_WELD,0.0,0.0,False,False,False,False,False,vertical
93.122,0.0,0.0,0.0,0.0,0.0081,0.0,-0.0081,0.0,505,0,0.468,0.0,-2.1093715902432693,nan,nan,NO_WELD,0.0,0.0,False,False,False,False,False,vertical
93.174,0.0,0.0,0.0,0.0,0.0065,0.0,-0.0065,0.0,505,0,0.468,0.0,-2.1093715902432693,nan,nan,NO_WELD,0.0,0.0,False,False,False,False,False,vertical
93.222,0.0,0.0,0.0,0.0,0.0065,0.0,-0.0065,0.0,505,0,0.468,0.0,-2.1093715902432693,nan,nan,NO_WELD,0.0,0.0,False,False,False,False,False,vertical
93.273,0.0,0.0,0.0,0.0,0.0065,0.0,-0.0065,0.0,505,0,0.468,0.0,-2.1093715902432693,nan,nan,NO_WELD,0.0,0.0,False,False,False,False,False,vertical
93.322,0.0,0.0,0.0,0.0,0.0052,0.0,-0.0052,0.0,505,0,0.468,0.0,-2.1093715902432693,nan,nan,NO_WELD,0.0,0.0,False,False,False,False,False,vertical
93.373,0.0,0.0,0.0,0.0,0.0052,0.0,-0.0052,0.0,505,0,0.468,0.0,-2.1093715902432693,nan,nan,NO_WELD,0.0,0.0,False,False,False,False,False,vertical
93.422,0.0,0.0,0.0,0.0,0.0052,0.0,-0.0052,0.0,505,0,0.468,0.0,-2.1093715902432693,nan,nan,NO_WELD,0.0,0.0,False,False,False,False,False,vertical
93.473,0.0,0.0,0.0,0.0,0.0041,0.0,-0.0041,0.0,505,0,0.468,0.0,-2.1093715902432693,nan,nan,NO_WELD,0.0,0.0,False,False,False,False,False,vertical
93.522,0.0,0.0,0.0,0.0,0.0041,0.0,-0.0041,0.0,505,0,0.468,0.0,-1.4062466240378864,-1.4062466240378864,0.0,WELD_FOUND,0.0,0.0,False,False,False,False,False,vertical
93.573,0.0,0.0,0.0,0.0,0.0041,0.0,-0.0041,0.0,505,0,0.468,0.0,-1.4062466240378864,-1.4062466240378864,0.0,WELD_FOUND,0.0,0.0,False,False,False,False,False,vertical
93.622,0.0,0.0,0.0,0.0,0.0033,0.0,-0.0033,0.0,505,0,0.468,0.0,-1.4062466240378864,nan,nan,NO_WELD,0.0,0.0,False,False,False,False,False,vertical
93.673,0.0,0.0,0.0,0.0,0.0033,0.0,-0.0033,0.0,505,0,0.468,0.0,-1.4062466240378864,nan,nan,NO_WELD,0.0,0.0,False,False,False,False,False,vertical
93.722,0.0,0.0,0.0,0.0,0.0026,0.0,-0.0026,0.0,505,0,0.468,0.0,-1.4062466240378864,nan,nan,NO_WELD,0.0,0.0,False,False,False,False,False,vertical
93.773,0.0,0.0,0.0,0.0,0.0026,0.0,-0.0026,0.0,505,0,0.468,0.0,-1.4062466240378864,nan,nan,NO_WELD,0.0,0.0,False,False,False,False,False,vertical
93.822,0.0,0.0,0.0,0.0,0.0021,0.0,-0.0021,0.0,505,0,0.468,0.0,-1.4062466240378864,nan,nan,NO_WELD,0.0,0.0,False,False,False,False,False,vertical
93.873,0.0,0.0,0.0,0.0,0.0021,0.0,-0.0021,0.0,505,0,0.468,0.0,-1.4062466240378864,nan,nan,NO_WELD,0.0,0.0,False,False,False,False,False,vertical
93.922,0.0,0.0,0.0,0.0,0.0021,0.0,-0.0021,0.0,505,0,0.468,0.0,-1.4062466240378864,nan,nan,NO_WELD,0.0,0.0,False,False,False,False,False,vertical
93.973,0.0,0.0,0.0,0.0,0.0017,0.0,-0.0017,0.0,505,0,0.468,0.0,-1.4062466240378864,nan,nan,NO_WELD,0.0,0.0,False,False,False,False,False,vertical
94.022,0.0,0.0,0.0,0.0,0.0017,0.0,-0.0017,0.0,505,0,0.468,0.0,-1.4062466240378864,nan,nan,NO_WELD,0.0,0.0,False,False,False,False,False,vertical
94.073,0.0,0.0,0.0,0.0,0.0017,0.0,-0.0017,0.0,505,0,0.468,0.0,-1.4062466240378864,nan,nan,NO_WELD,0.0,0.0,False,False,False,False,False,vertical
94.122,0.0,0.0,0.0,0.0,0.0014,0.0,-0.0014,0.0,505,0,0.468,0.0,-1.4062466240378864,nan,nan,NO_WELD,0.0,0.0,False,False,False,False,False,vertical
94.175,0.0,0.0,0.0,0.0,0.0014,0.0,-0.0014,0.0,505,0,0.468,0.0,-1.4062466240378864,nan,nan,NO_WELD,0.0,0.0,False,False,False,False,False,vertical
94.222,0.0,0.0,0.0,0.0,0.0011,0.0,-0.0011,0.0,505,0,0.468,0.0,-1.4062466240378864,nan,nan,NO_WELD,0.0,0.0,False,False,False,False,False,vertical
94.273,0.0,0.0,0.0,0.0,0.0011,0.0,-0.0011,0.0,505,0,0.468,0.0,-1.4062466240378864,nan,nan,NO_WELD,0.0,0.0,False,False,False,False,False,vertical
94.322,0.0,0.0,0.0,0.0,0.0,0.0,0.0,0.0,505,0,0.468,0.0,-1.4062466240378864,nan,nan,NO_WELD,0.0,0.0,False,False,False,False,False,vertical
94.373,0.0,0.0,0.0,0.0,0.0,0.0,0.0,0.0,505,0,0.468,0.0,-1.4062466240378864,nan,nan,NO_WELD,0.0,0.0,False,False,False,False,False,vertical
94.423,0.0,0.0,0.0,0.0,0.0,0.0,0.0,0.0,505,0,0.468,0.0,-1.4062466240378864,nan,nan,NO_WELD,0.0,0.0,False,False,False,False,False,vertical
94.473,0.0,0.0,0.0,0.0,0.0,0.0,0.0,0.0,504,0,0.4671,0.0,-1.4062466240378864,nan,nan,NO_WELD,0.0,0.0,False,False,False,False,False,vertical
94.522,0.0,0.0,0.0,0.0,0.0,0.0,0.0,0.0,504,0,0.4671,0.0,-1.4062466240378864,nan,nan,NO_WELD,0.0,0.0,False,False,False,False,False,vertical
94.573,0.0,0.0,0.0,0.0,-0.0025,0.0,0.0025,0.0,504,0,0.4671,0.0,-1.4062466240378864,nan,nan,NO_WELD,0.0,0.0,False,False,False,False,False,vertical
94.622,0.0,0.0,0.0,0.0,-0.0025,0.0,0.0025,0.0,504,0,0.4671,0.0,-2.460934233428519,nan,nan,NO_WELD,0.0,0.0,False,False,False,False,False,vertical
94.673,0.0,0.0,0.0,0.0,-0.002,0.0,0.002,0.0,504,0,0.4671,0.0,-2.460934233428519,nan,nan,NO_WELD,0.0,0.0,False,False,False,False,False,vertical
94.722,0.0,0.0,0.0,0.0,-0.002,0.0,0.002,0.0,504,0,0.4671,0.0,-2.460934233428519,nan,nan,NO_WELD,0.0,0.0,False,False,False,False,False,vertical
94.773,0.0,0.0,0.0,0.0,-0.0016,0.0,0.0016,0.0,504,0,0.4671,0.0,-2.460934233428519,nan,nan,NO_WELD,0.0,0.0,False,False,False,False,False,vertical
94.822,0.0,0.0,0.0,0.0,-0.0016,0.0,0.0016,0.0,504,0,0.4671,0.0,-2.460934233428519,nan,nan,NO_WELD,0.0,0.0,False,False,False,False,False,vertical
94.873,0.0,0.0,0.0,0.0,-0.0013,0.0,0.0013,0.0,504,0,0.4671,0.0,-2.460934233428519,nan,nan,NO_WELD,0.0,0.0,False,False,False,False,False,vertical
94.922,0.0,0.0,0.0,0.0,-0.0013,0.0,0.0013,0.0,504,0,0.4671,0.0,-2.460934233428519,nan,nan,NO_WELD,0.0,0.0,False,False,False,False,False,vertical
94.973,0.0,0.0,0.0,0.0,-0.0013,0.0,0.0013,0.0,504,0,0.4671,0.0,-2.460934233428519,nan,nan,NO_WELD,0.0,0.0,False,False,False,False,False,vertical
95.022,0.0,0.0,0.0,0.0,-0.001,0.0,0.001,0.0,504,0,0.4671,0.0,0.35156592487770283,nan,nan,NO_WELD,0.0,0.0,False,False,False,False,False,vertical
95.073,0.0,0.0,0.0,0.0,-0.001,0.0,0.001,0.0,504,0,0.4671,0.0,0.35156592487770283,nan,nan,NO_WELD,0.0,0.0,False,False,False,False,False,vertical
95.122,0.0,0.0,0.0,0.0,0.0,0.0,0.0,0.0,504,0,0.4671,0.0,0.35156592487770283,nan,nan,NO_WELD,0.0,0.0,False,False,False,False,False,vertical
95.174,0.0,0.0,0.0,0.0,0.0,0.0,0.0,0.0,504,0,0.4671,0.0,0.35156592487770283,nan,nan,NO_WELD,0.0,0.0,False,False,False,False,False,vertical
95.222,0.0,0.0,0.0,0.0,0.0,0.0,0.0,0.0,504,0,0.4671,0.0,4.218753425770293,nan,nan,NO_WELD,0.0,0.0,False,False,False,False,False,vertical
95.273,0.0,0.0,0.0,0.0,0.0,0.0,0.0,0.0,504,0,0.4671,0.0,4.218753425770293,nan,nan,NO_WELD,0.0,0.0,False,False,False,False,False,vertical
95.322,0.0,0.0,0.0,0.0,0.0,0.0,0.0,0.0,504,0,0.4671,0.0,4.218753425770293,nan,nan,NO_WELD,0.0,0.0,False,False,False,False,False,vertical
95.373,0.0,0.0,0.0,0.0,0.0,0.0,0.0,0.0,504,0,0.4671,0.0,4.218753425770293,nan,nan,NO_WELD,0.0,0.0,False,False,False,False,False,vertical
95.422,0.0,0.0,0.0,0.0,0.0,0.0,0.0,0.0,504,0,0.4671,0.0,-3.164059092912196,nan,nan,NO_WELD,0.0,0.0,False,False,False,False,False,vertical
95.473,0.0,0.0,0.0,0.0,0.0,0.0,0.0,0.0,504,0,0.4671,0.0,-3.164059092912196,nan,nan,NO_WELD,0.0,0.0,False,False,False,False,False,vertical
95.522,0.0,0.0,0.0,0.0,0.0,0.0,0.0,0.0,504,0,0.4671,0.0,-1.0546840875743422,nan,nan,NO_WELD,0.0,0.0,False,False,False,False,False,vertical
95.573,0.0,0.0,0.0,0.0,0.0,0.0,0.0,0.0,504,0,0.4671,0.0,-1.0546840875743422,nan,nan,NO_WELD,0.0,0.0,False,False,False,False,False,vertical
95.622,0.0,0.0,0.0,0.0,0.0,0.0,0.0,0.0,504,0,0.4671,0.0,-1.0546840875743422,nan,nan,NO_WELD,0.0,0.0,False,False,False,False,False,vertical
95.672,0.0,0.0,0.0,0.0,0.0,0.0,0.0,0.0,504,0,0.4671,0.0,-1.0546840875743422,nan,nan,NO_WELD,0.0,0.0,False,False,False,False,False,vertical
95.722,0.0,0.0,0.0,0.0,0.0,0.0,0.0,0.0,504,0,0.4671,0.0,-1.0546840875743422,nan,nan,NO_WELD,0.0,0.0,False,False,False,False,False,vertical
95.772,0.0,0.0,0.0,0.0,0.0,0.0,0.0,0.0,504,0,0.4671,0.0,-1.0546840875743422,nan,nan,NO_WELD,0.0,0.0,False,False,False,False,False,vertical
95.822,0.0,0.0,0.0,0.0,0.0,0.0,0.0,0.0,504,0,0.4671,0.0,-2.460934233428519,nan,nan,NO_WELD,0.0,0.0,False,False,False,False,False,vertical
95.872,0.0,0.0,0.0,0.0,0.0,0.0,0.0,0.0,504,0,0.4671,0.0,-2.460934233428519,nan,nan,NO_WELD,0.0,0.0,False,False,False,False,False,vertical
95.922,0.0,0.0,0.0,0.0,0.0,0.0,0.0,0.0,504,0,0.4671,0.0,-2.460934233428519,nan,nan,NO_WELD,0.0,0.0,False,False,False,False,False,vertical
95.972,0.0,0.0,0.0,0.0,0.0,0.0,0.0,0.0,504,0,0.4671,0.0,-2.460934233428519,nan,nan,NO_WELD,0.0,0.0,False,False,False,False,False,vertical
96.022,0.0,0.0,0.0,0.0,0.0,0.0,0.0,0.0,504,0,0.4671,0.0,-2.460934233428519,nan,nan,NO_WELD,0.0,0.0,False,False,False,False,False,vertical
96.072,0.0,0.0,0.0,0.0,0.0,0.0,0.0,0.0,504,0,0.4671,0.0,-2.460934233428519,nan,nan,NO_WELD,0.0,0.0,False,False,False,False,False,vertical
96.122,0.0,0.0,0.0,0.0,0.0,0.0,0.0,0.0,504,0,0.4671,0.0,-2.460934233428519,nan,nan,NO_WELD,0.0,0.0,False,False,False,False,False,vertical
96.174,0.0,0.0,0.0,0.0,0.0,0.0,0.0,0.0,504,0,0.4671,0.0,-2.460934233428519,nan,nan,NO_WELD,0.0,0.0,False,False,False,False,False,vertical
96.222,0.0,0.0,0.0,0.0,0.0,0.0,0.0,0.0,504,0,0.4671,0.0,3.1640659231013664,nan,nan,NO_WELD,0.0,0.0,False,False,False,False,False,vertical
96.272,0.0,0.0,0.0,0.0,0.0,0.0,0.0,0.0,504,0,0.4671,0.0,3.1640659231013664,nan,nan,NO_WELD,0.0,0.0,False,False,False,False,False,vertical
96.322,0.0,0.0,0.0,0.0,0.0,0.0,0.0,0.0,504,0,0.4671,0.0,-1.0546840875743422,nan,nan,NO_WELD,0.0,0.0,False,False,False,False,False,vertical
96.372,0.0,0.0,0.0,0.0,0.0,0.0,0.0,0.0,504,0,0.4671,0.0,-1.0546840875743422,nan,nan,NO_WELD,0.0,0.0,False,False,False,False,False,vertical
96.422,0.0,0.0,0.0,0.0,0.0,0.0,0.0,0.0,504,0,0.4671,0.0,-0.7031216044716506,nan,nan,NO_WELD,0.0,0.0,False,False,False,False,False,vertical
96.472,0.0,0.0,0.0,0.0,0.0,0.0,0.0,0.0,504,0,0.4671,0.0,-0.7031216044716506,nan,nan,NO_WELD,0.0,0.0,False,False,False,False,False,vertical
96.522,0.0,0.0,0.0,0.0,0.0,0.0,0.0,0.0,504,0,0.4671,0.0,-0.7031216044716506,nan,nan,NO_WELD,0.0,0.0,False,False,False,False,False,vertical
96.572,0.0,0.0,0.0,0.0,0.0,0.0,0.0,0.0,504,0,0.4671,0.0,-0.7031216044716506,nan,nan,NO_WELD,0.0,0.0,False,False,False,False,False,vertical
96.622,0.0,0.0,0.0,0.0,0.0,0.0,0.0,0.0,504,0,0.4671,0.0,-4.218746595581123,nan,nan,NO_WELD,0.0,0.0,False,False,False,False,False,vertical
96.672,0.0,0.0,0.0,0.0,0.0,0.0,0.0,0.0,504,0,0.4671,0.0,-4.218746595581123,nan,nan,NO_WELD,0.0,0.0,False,False,False,False,False,vertical
96.722,0.0,0.0,0.0,0.0,0.0,0.0,0.0,0.0,504,0,0.4671,0.0,-4.218746595581123,nan,nan,NO_WELD,0.0,0.0,False,False,False,False,False,vertical
96.772,0.0,0.0,0.0,0.0,0.0,0.0,0.0,0.0,504,0,0.4671,0.0,-4.218746595581123,nan,nan,NO_WELD,0.0,0.0,False,False,False,False,False,vertical
96.822,0.0,0.0,0.0,0.0,0.0,0.0,0.0,0.0,504,0,0.4671,0.0,-2.460934233428519,nan,nan,NO_WELD,0.0,0.0,False,False,False,False,False,vertical
96.872,0.0,0.0,0.0,0.0,0.0,0.0,0.0,0.0,504,0,0.4671,0.0,-2.460934233428519,nan,nan,NO_WELD,0.0,0.0,False,False,False,False,False,vertical
96.922,0.0,0.0,0.0,0.0,0.0,0.0,0.0,0.0,504,0,0.4671,0.0,-2.1093715902432693,nan,nan,NO_WELD,0.0,0.0,False,False,False,False,False,vertical
96.972,0.0,0.0,0.0,0.0,0.0,0.0,0.0,0.0,504,0,0.4671,0.0,-2.1093715902432693,nan,nan,NO_WELD,0.0,0.0,False,False,False,False,False,vertical
97.022,0.0,0.0,0.0,0.0,0.0,0.0,0.0,0.0,504,0,0.4671,0.0,3.4150945850063755e-06,nan,nan,NO_WELD,0.0,0.0,False,False,False,False,False,vertical
97.072,0.0,0.0,0.0,0.0,0.0,0.0,0.0,0.0,504,0,0.4671,0.0,3.4150945850063755e-06,nan,nan,NO_WELD,0.0,0.0,False,False,False,False,False,vertical
97.122,0.0,0.0,0.0,0.0,0.0,0.0,0.0,0.0,504,0,0.4671,0.0,3.4150945850063755e-06,nan,nan,NO_WELD,0.0,0.0,False,False,False,False,False,vertical
97.174,0.0,0.0,0.0,0.0,0.0,0.0,0.0,0.0,504,0,0.4671,0.0,3.4150945850063755e-06,nan,nan,NO_WELD,0.0,0.0,False,False,False,False,False,vertical
97.222,0.0,0.0,0.0,0.0,0.0,0.0,0.0,0.0,504,0,0.4671,0.0,3.4150945850063755e-06,nan,nan,NO_WELD,0.0,0.0,False,False,False,False,False,vertical
97.272,0.0,0.0,0.0,0.0,0.0,0.0,0.0,0.0,504,0,0.4671,0.0,3.4150945850063755e-06,nan,nan,NO_WELD,0.0,0.0,False,False,False,False,False,vertical
97.322,0.0,0.0,0.0,0.0,0.0,0.0,0.0,0.0,504,0,0.4671,0.0,3.5156285662866162,nan,nan,NO_WELD,0.0,0.0,False,False,False,False,False,vertical
97.372,0.0,0.0,0.0,0.0,0.0,0.0,0.0,0.0,504,0,0.4671,0.0,3.5156285662866162,nan,nan,NO_WELD,0.0,0.0,False,False,False,False,False,vertical
97.422,0.0,0.0,0.0,0.0,0.0,0.0,0.0,0.0,504,0,0.4671,0.0,3.5156285662866162,nan,nan,NO_WELD,0.0,0.0,False,False,False,False,False,vertical
97.472,0.0,0.0,0.0,0.0,0.0,0.0,0.0,0.0,504,0,0.4671,0.0,3.5156285662866162,nan,nan,NO_WELD,0.0,0.0,False,False,False,False,False,vertical
97.522,0.0,0.0,0.0,0.0,0.0,0.0,0.0,0.0,504,0,0.4671,0.0,3.5156285662866162,nan,nan,NO_WELD,0.0,0.0,False,False,False,False,False,vertical
97.572,0.0,0.0,0.0,0.0,0.0,0.0,0.0,0.0,504,0,0.4671,0.0,3.5156285662866162,nan,nan,NO_WELD,0.0,0.0,False,False,False,False,False,vertical
97.622,0.0,0.0,0.0,0.0,0.0,0.0,0.0,0.0,504,0,0.4671,0.0,3.5156285662866162,nan,nan,NO_WELD,0.0,0.0,False,False,False,False,False,vertical
97.672,0.0,0.0,0.0,0.0,0.0,0.0,0.0,0.0,504,0,0.4671,0.0,3.5156285662866162,nan,nan,NO_WELD,0.0,0.0,False,False,False,False,False,vertical
97.722,0.0,0.0,0.0,0.0,0.0,0.0,0.0,0.0,504,0,0.4671,0.0,1.7578159906906006,nan,nan,NO_WELD,0.0,0.0,False,False,False,False,False,vertical
97.772,0.0,0.0,0.0,0.0,0.0,0.0,0.0,0.0,504,0,0.4671,0.0,1.7578159906906006,nan,nan,NO_WELD,0.0,0.0,False,False,False,False,False,vertical
97.822,0.0,0.0,0.0,0.0,0.0,0.0,0.0,0.0,504,0,0.4671,0.0,1.054690917763512,nan,nan,NO_WELD,0.0,0.0,False,False,False,False,False,vertical
97.872,0.0,0.0,0.0,0.0,0.0,0.0,0.0,0.0,504,0,0.4671,0.0,1.054690917763512,nan,nan,NO_WELD,0.0,0.0,False,False,False,False,False,vertical
97.922,0.0,0.0,0.0,0.0,0.0,0.0,0.0,0.0,504,0,0.4671,0.0,1.054690917763512,nan,nan,NO_WELD,0.0,0.0,False,False,False,False,False,vertical
97.972,0.0,0.0,0.0,0.0,0.0,0.0,0.0,0.0,504,0,0.4671,0.0,1.054690917763512,nan,nan,NO_WELD,0.0,0.0,False,False,False,False,False,vertical
98.022,0.0,0.0,0.0,0.0,0.0,0.0,0.0,0.0,504,0,0.4671,0.0,1.054690917763512,nan,nan,NO_WELD,0.0,0.0,False,False,False,False,False,vertical
98.072,0.0,0.0,0.0,0.0,0.0,0.0,0.0,0.0,504,0,0.4671,0.0,1.054690917763512,nan,nan,NO_WELD,0.0,0.0,False,False,False,False,False,vertical
98.122,0.0,0.0,0.0,0.0,0.0,0.0,0.0,0.0,504,0,0.4671,0.0,1.054690917763512,nan,nan,NO_WELD,0.0,0.0,False,False,False,False,False,vertical
98.174,0.0,0.0,0.0,0.0,0.0,0.0,0.0,0.0,504,0,0.4671,0.0,1.054690917763512,nan,nan,NO_WELD,0.0,0.0,False,False,False,False,False,vertical
98.222,0.0,0.0,0.0,0.0,0.0,0.0,0.0,0.0,504,0,0.4671,0.0,0.7031284346608206,nan,nan,NO_WELD,0.0,0.0,False,False,False,False,False,vertical
98.272,0.0,0.0,0.0,0.0,0.0,0.0,0.0,0.0,504,0,0.4671,0.0,0.7031284346608206,nan,nan,NO_WELD,0.0,0.0,False,False,False,False,False,vertical
98.322,0.0,0.0,0.0,0.0,0.0,0.0,0.0,0.0,504,0,0.4671,0.0,1.7578159906906006,1.7578159906906006,0.0,WELD_FOUND,0.0,0.0,False,False,False,False,False,vertical
98.372,0.0,0.0,0.0,0.0,0.0,0.0,0.0,0.0,504,0,0.4671,0.0,1.7578159906906006,1.7578159906906006,0.0,WELD_FOUND,0.0,0.0,False,False,False,False,False,vertical
98.422,0.0,0.0,0.0,0.0,0.0,0.0,0.0,0.0,504,0,0.4671,0.0,1.7578159906906006,nan,nan,NO_WELD,0.0,0.0,False,False,False,False,False,vertical
98.472,0.0,0.0,0.0,0.0,0.0,0.0,0.0,0.0,504,0,0.4671,0.0,1.7578159906906006,nan,nan,NO_WELD,0.0,0.0,False,False,False,False,False,vertical
98.522,0.0,0.0,0.0,0.0,0.0,0.0,0.0,0.0,504,0,0.4671,0.0,1.7578159906906006,nan,nan,NO_WELD,0.0,0.0,False,False,False,False,False,vertical
98.572,0.0,0.0,0.0,0.0,0.0,0.0,0.0,0.0,504,0,0.4671,0.0,1.7578159906906006,nan,nan,NO_WELD,0.0,0.0,False,False,False,False,False,vertical
98.622,0.0,0.0,0.0,0.0,0.0,0.0,0.0,0.0,504,0,0.4671,0.0,1.7578159906906006,nan,nan,NO_WELD,0.0,0.0,False,False,False,False,False,vertical
98.672,0.0,0.0,0.0,0.0,0.0,0.0,0.0,0.0,504,0,0.4671,0.0,1.7578159906906006,nan,nan,NO_WELD,0.0,0.0,False,False,False,False,False,vertical
98.722,0.0,0.0,0.0,0.0,0.0,0.0,0.0,0.0,504,0,0.4671,0.0,1.7578159906906006,nan,nan,NO_WELD,0.0,0.0,False,False,False,False,False,vertical
98.772,0.0,0.0,0.0,0.0,0.0,0.0,0.0,0.0,504,0,0.4671,0.0,1.7578159906906006,nan,nan,NO_WELD,0.0,0.0,False,False,False,False,False,vertical
98.822,0.0,0.0,0.0,0.0,0.0,0.0,0.0,0.0,504,0,0.4671,0.0,1.7578159906906006,nan,nan,NO_WELD,0.0,0.0,False,False,False,False,False,vertical
98.872,0.0,0.0,0.0,0.0,0.0,0.0,0.0,0.0,504,0,0.4671,0.0,1.7578159906906006,nan,nan,NO_WELD,0.0,0.0,False,False,False,False,False,vertical
98.922,0.0,0.0,0.0,0.0,0.0,0.0,0.0,0.0,504,0,0.4671,0.0,1.7578159906906006,nan,nan,NO_WELD,0.0,0.0,False,False,False,False,False,vertical
98.972,0.0,0.0,0.0,0.0,0.0,0.0,0.0,0.0,504,0,0.4671,0.0,1.7578159906906006,nan,nan,NO_WELD,0.0,0.0,False,False,False,False,False,vertical
99.022,0.0,0.0,0.0,0.0,0.0,0.0,0.0,0.0,504,0,0.4671,0.0,1.7578159906906006,nan,nan,NO_WELD,0.0,0.0,False,False,False,False,False,vertical
99.072,0.0,0.0,0.0,0.0,0.0,0.0,0.0,0.0,504,0,0.4671,0.0,1.7578159906906006,nan,nan,NO_WELD,0.0,0.0,False,False,False,False,False,vertical
99.122,0.0,0.0,0.0,0.0,0.0,0.0,0.0,0.0,504,0,0.4671,0.0,1.7578159906906006,nan,nan,NO_WELD,0.0,0.0,False,False,False,False,False,vertical
99.174,0.0,0.0,0.0,0.0,0.0,0.0,0.0,0.0,504,0,0.4671,0.0,1.7578159906906006,nan,nan,NO_WELD,0.0,0.0,False,False,False,False,False,vertical
99.222,0.0,0.0,0.0,0.0,0.0,0.0,0.0,0.0,504,0,0.4671,0.0,1.7578159906906006,nan,nan,NO_WELD,0.0,0.0,False,False,False,False,False,vertical
99.272,0.0,0.0,0.0,0.0,0.0,0.0,0.0,0.0,504,0,0.4671,0.0,1.7578159906906006,nan,nan,NO_WELD,0.0,0.0,False,False,False,False,False,vertical
99.322,0.0,0.0,0.0,0.0,0.0,0.0,0.0,0.0,504,0,0.4671,0.0,1.7578159906906006,nan,nan,NO_WELD,0.0,0.0,False,False,False,False,False,vertical
99.372,0.0,0.0,0.0,0.0,0.0,0.0,0.0,0.0,504,0,0.4671,0.0,1.7578159906906006,nan,nan,NO_WELD,0.0,0.0,False,False,False,False,False,vertical
99.422,0.0,0.0,0.0,0.0,0.0,0.0,0.0,0.0,504,0,0.4671,0.0,1.7578159906906006,nan,nan,NO_WELD,0.0,0.0,False,False,False,False,False,vertical
99.472,0.0,0.0,0.0,0.0,0.0,0.0,0.0,0.0,504,0,0.4671,0.0,1.7578159906906006,nan,nan,NO_WELD,0.0,0.0,False,False,False,False,False,vertical
99.522,0.0,0.0,0.0,0.0,0.0,0.0,0.0,0.0,504,0,0.4671,0.0,-4.218746595581123,nan,nan,NO_WELD,0.0,0.0,False,False,False,False,False,vertical
99.572,0.0,0.0,0.0,0.0,0.0,0.0,0.0,0.0,504,0,0.4671,0.0,-4.218746595581123,nan,nan,NO_WELD,0.0,0.0,False,False,False,False,False,vertical
99.622,0.0,0.0,0.0,0.0,0.0,0.0,0.0,0.0,504,0,0.4671,0.0,1.4062534542270564,nan,nan,NO_WELD,0.0,0.0,False,False,False,False,False,vertical
99.672,0.0,0.0,0.0,0.0,0.0,0.0,0.0,0.0,504,0,0.4671,0.0,1.4062534542270564,nan,nan,NO_WELD,0.0,0.0,False,False,False,False,False,vertical
99.722,0.0,0.0,0.0,0.0,0.0,0.0,0.0,0.0,504,0,0.4671,0.0,1.4062534542270564,nan,nan,NO_WELD,0.0,0.0,False,False,False,False,False,vertical
99.772,0.0,0.0,0.0,0.0,0.0,0.0,0.0,0.0,504,0,0.4671,0.0,1.4062534542270564,nan,nan,NO_WELD,0.0,0.0,False,False,False,False,False,vertical
99.822,0.0,0.0,0.0,0.0,0.0,0.0,0.0,0.0,504,0,0.4671,0.0,1.4062534542270564,nan,nan,NO_WELD,0.0,0.0,False,False,False,False,False,vertical
99.872,0.0,0.0,0.0,0.0,0.0,0.0,0.0,0.0,504,0,0.4671,0.0,1.4062534542270564,nan,nan,NO_WELD,0.0,0.0,False,False,False,False,False,vertical
99.922,0.0,0.0,0.0,0.0,0.0,0.0,0.0,0.0,504,0,0.4671,0.0,-3.164059092912196,nan,nan,NO_WELD,0.0,0.0,False,False,False,False,False,vertical
99.972,0.0,0.0,0.0,0.0,0.0,0.0,0.0,0.0,504,0,0.4671,0.0,-3.164059092912196,nan,nan,NO_WELD,0.0,0.0,False,False,False,False,False,vertical
100.022,0.0,0.0,0.0,0.0,0.0,0.0,0.0,0.0,504,0,0.4671,0.0,-3.164059092912196,nan,nan,NO_WELD,0.0,0.0,False,False,False,False,False,vertical
100.072,0.0,0.0,0.0,0.0,0.0,0.0,0.0,0.0,504,0,0.4671,0.0,-3.164059092912196,nan,nan,NO_WELD,0.0,0.0,False,False,False,False,False,vertical
100.122,0.0,0.0,0.0,0.0,0.0,0.0,0.0,0.0,504,0,0.4671,0.0,3.5156285662866162,nan,nan,NO_WELD,0.0,0.0,False,False,False,False,False,vertical
100.174,0.0,0.0,0.0,0.0,0.0,0.0,0.0,0.0,504,0,0.4671,0.0,3.5156285662866162,nan,nan,NO_WELD,0.0,0.0,False,False,False,False,False,vertical
100.222,0.0,0.0,0.0,0.0,0.0,0.0,0.0,0.0,504,0,0.4671,0.0,3.5156285662866162,nan,nan,NO_WELD,0.0,0.0,False,False,False,False,False,vertical
100.272,0.0,0.0,0.0,0.0,0.0,0.0,0.0,0.0,504,0,0.4671,0.0,3.5156285662866162,nan,nan,NO_WELD,0.0,0.0,False,False,False,False,False,vertical
100.322,0.0,0.0,0.0,0.0,0.0,0.0,0.0,0.0,504,0,0.4671,0.0,3.5156285662866162,nan,nan,NO_WELD,0.0,0.0,False,False,False,False,False,vertical
100.372,0.0,0.0,0.0,0.0,0.0,0.0,0.0,0.0,504,0,0.4671,0.0,3.5156285662866162,nan,nan,NO_WELD,0.0,0.0,False,False,False,False,False,vertical
100.422,0.0,0.0,0.0,0.0,0.0,0.0,0.0,0.0,504,0,0.4671,0.0,3.5156285662866162,nan,nan,NO_WELD,0.0,0.0,False,False,False,False,False,vertical
100.472,0.0,0.0,0.0,0.0,0.0,0.0,0.0,0.0,504,0,0.4671,0.0,3.5156285662866162,nan,nan,NO_WELD,0.0,0.0,False,False,False,False,False,vertical
100.522,0.0,0.0,0.0,0.0,0.0,0.0,0.0,0.0,504,0,0.4671,0.0,2.109378420432439,nan,nan,NO_WELD,0.0,0.0,False,False,False,False,False,vertical
100.572,0.0,0.0,0.0,0.0,0.0,0.0,0.0,0.0,504,0,0.4671,0.0,2.109378420432439,nan,nan,NO_WELD,0.0,0.0,False,False,False,False,False,vertical
100.622,0.0,0.0,0.0,0.0,0.0,0.0,0.0,0.0,504,0,0.4671,0.0,2.109378420432439,nan,nan,NO_WELD,0.0,0.0,False,False,False,False,False,vertical
100.672,0.0,0.0,0.0,0.0,0.0,0.0,0.0,0.0,504,0,0.4671,0.0,2.109378420432439,nan,nan,NO_WELD,0.0,0.0,False,False,False,False,False,vertical
100.722,0.0,0.0,0.0,0.0,0.0,0.0,0.0,0.0,504,0,0.4671,0.0,2.812503493359528,nan,nan,NO_WELD,0.0,0.0,False,False,False,False,False,vertical
100.772,0.0,0.0,0.0,0.0,0.0,0.0,0.0,0.0,504,0,0.4671,0.0,2.812503493359528,nan,nan,NO_WELD,0.0,0.0,False,False,False,False,False,vertical
100.822,0.0,0.0,0.0,0.0,0.0,0.0,0.0,0.0,504,0,0.4671,0.0,2.812503493359528,nan,nan,NO_WELD,0.0,0.0,False,False,False,False,False,vertical
100.872,0.0,0.0,0.0,0.0,0.0,0.0,0.0,0.0,504,0,0.4671,0.0,2.812503493359528,nan,nan,NO_WELD,0.0,0.0,False,False,False,False,False,vertical
100.922,0.0,0.0,0.0,0.0,0.0,0.0,0.0,0.0,504,0,0.4671,0.0,2.812503493359528,nan,nan,NO_WELD,0.0,0.0,False,False,False,False,False,vertical
100.972,0.0,0.0,0.0,0.0,0.0,0.0,0.0,0.0,504,0,0.4671,0.0,2.812503493359528,nan,nan,NO_WELD,0.0,0.0,False,False,False,False,False,vertical
101.022,0.0,0.0,0.0,0.0,0.0,0.0,0.0,0.0,504,0,0.4671,0.0,-2.460934233428519,nan,nan,NO_WELD,0.0,0.0,False,False,False,False,False,vertical
101.072,0.0,0.0,0.0,0.0,0.0,0.0,0.0,0.0,504,0,0.4671,0.0,-2.460934233428519,nan,nan,NO_WELD,0.0,0.0,False,False,False,False,False,vertical
101.122,0.0,0.0,0.0,0.0,0.0,0.0,0.0,0.0,504,0,0.4671,0.0,-2.460934233428519,nan,nan,NO_WELD,0.0,0.0,False,False,False,False,False,vertical
101.174,0.0,0.0,0.0,0.0,0.0,0.0,0.0,0.0,504,0,0.4671,0.0,-2.460934233428519,nan,nan,NO_WELD,0.0,0.0,False,False,False,False,False,vertical
101.222,0.0,0.0,0.0,0.0,0.0,0.0,0.0,0.0,504,0,0.4671,0.0,3.8671912094718666,nan,nan,NO_WELD,0.0,0.0,False,False,False,False,False,vertical
101.272,0.0,0.0,0.0,0.0,0.0,0.0,0.0,0.0,504,0,0.4671,0.0,3.8671912094718666,nan,nan,NO_WELD,0.0,0.0,False,False,False,False,False,vertical
101.322,0.0,0.0,0.0,0.0,0.0,0.0,0.0,0.0,504,0,0.4671,0.0,3.8671912094718666,nan,nan,NO_WELD,0.0,0.0,False,False,False,False,False,vertical
101.372,0.0,0.0,0.0,0.0,0.0,0.0,0.0,0.0,504,0,0.4671,0.0,3.8671912094718666,nan,nan,NO_WELD,0.0,0.0,False,False,False,False,False,vertical
101.422,0.0,0.0,0.0,0.0,0.0,0.0,0.0,0.0,504,0,0.4671,0.0,3.8671912094718666,nan,nan,NO_WELD,0.0,0.0,False,False,False,False,False,vertical
101.472,0.0,0.0,0.0,0.0,0.0,0.0,0.0,0.0,504,0,0.4671,0.0,3.8671912094718666,nan,nan,NO_WELD,0.0,0.0,False,False,False,False,False,vertical
101.522,0.0,0.0,0.0,0.0,0.0,0.0,0.0,0.0,504,0,0.4671,0.0,3.8671912094718666,nan,nan,NO_WELD,0.0,0.0,False,False,False,False,False,vertical
101.572,0.0,0.0,0.0,0.0,0.0,0.0,0.0,0.0,504,0,0.4671,0.0,3.8671912094718666,nan,nan,NO_WELD,0.0,0.0,False,False,False,False,False,vertical
101.622,0.0,0.0,0.0,0.0,0.0,0.0,0.0,0.0,504,0,0.4671,0.0,3.8671912094718666,nan,nan,NO_WELD,0.0,0.0,False,False,False,False,False,vertical
101.672,0.0,0.0,0.0,0.0,0.0,0.0,0.0,0.0,504,0,0.4671,0.0,3.8671912094718666,nan,nan,NO_WELD,0.0,0.0,False,False,False,False,False,vertical
101.722,0.0,0.0,0.0,0.0,0.0,0.0,0.0,0.0,504,0,0.4671,0.0,4.218753425770293,nan,nan,NO_WELD,0.0,0.0,False,False,False,False,False,vertical
101.772,0.0,0.0,0.0,0.0,0.0,0.0,0.0,0.0,504,0,0.4671,0.0,4.218753425770293,nan,nan,NO_WELD,0.0,0.0,False,False,False,False,False,vertical
101.822,0.0,0.0,0.0,0.0,0.0,0.0,0.0,0.0,504,0,0.4671,0.0,2.4609410636176894,nan,nan,NO_WELD,0.0,0.0,False,False,False,False,False,vertical
101.872,0.0,0.0,0.0,0.0,0.0,0.0,0.0,0.0,504,0,0.4671,0.0,2.4609410636176894,nan,nan,NO_WELD,0.0,0.0,False,False,False,False,False,vertical
101.922,0.0,0.0,0.0,0.0,0.0,0.0,0.0,0.0,504,0,0.4671,0.0,1.4062534542270564,nan,nan,NO_WELD,0.0,0.0,False,False,False,False,False,vertical
101.972,0.0,0.0,0.0,0.0,0.0,0.0,0.0,0.0,504,0,0.4671,0.0,1.4062534542270564,nan,nan,NO_WELD,0.0,0.0,False,False,False,False,False,vertical
102.022,0.0,0.0,0.0,0.0,0.0,0.0,0.0,0.0,504,0,0.4671,0.0,1.4062534542270564,nan,nan,NO_WELD,0.0,0.0,False,False,False,False,False,vertical
102.072,0.0,0.0,0.0,0.0,0.0,0.0,0.0,0.0,504,0,0.4671,0.0,1.4062534542270564,nan,nan,NO_WELD,0.0,0.0,False,False,False,False,False,vertical
102.122,0.0,0.0,0.0,0.0,0.0,0.0,0.0,0.0,504,0,0.4671,0.0,1.4062534542270564,nan,nan,NO_WELD,0.0,0.0,False,False,False,False,False,vertical
102.174,0.0,0.0,0.0,0.0,0.0,0.0,0.0,0.0,504,0,0.4671,0.0,1.4062534542270564,nan,nan,NO_WELD,0.0,0.0,False,False,False,False,False,vertical
102.222,0.033579068921429846,-0.05,0.026079068921429846,0.041079068921429845,0.0,0.0,0.0261,0.0411,504,0,0.4671,0.0,2.812503493359528,2.812503493359528,0.0,WELD_FOUND,0.0,0.6119,True,False,False,False,False,vertical
102.272,0.033579068921429846,-0.05,0.026079068921429846,0.041079068921429845,0.0,0.0,0.0261,0.0411,504,0,0.4671,0.0,2.812503493359528,2.812503493359528,0.0,WELD_FOUND,0.0,0.6119,True,False,False,False,False,vertical
102.322,0.036258412801565255,-0.1,0.021258412801565256,0.051258412801565255,0.0,0.0,0.0213,0.0513,505,0,0.468,0.0,2.109378420432439,2.4609410636176894,-0.3515626431852503,WELD_FOUND,0.0,0.6591,True,False,False,False,False,vertical
102.373,0.036258412801565255,-0.1,0.021258412801565256,0.051258412801565255,0.0037,0.0,0.0176,0.0513,505,0,0.468,0.0,2.109378420432439,2.4609410636176894,-0.3515626431852503,WELD_FOUND,0.3313,0.6591,False,False,False,False,False,vertical
102.422,0.0,0.0,0.0,0.0,0.0037,0.0,-0.0037,0.0,507,0,0.4699,0.0,2.109378420432439,nan,nan,NO_WELD,0.0,0.0,False,False,False,False,False,vertical
102.472,0.0,0.0,0.0,0.0,0.0037,0.0,-0.0037,0.0,507,0,0.4699,0.0,2.109378420432439,nan,nan,NO_WELD,0.0,0.0,False,False,False,False,False,vertical
102.522,0.0,0.0,0.0,0.0,0.0171,0.0,-0.0171,0.0,511,0,0.4736,0.0,2.109378420432439,nan,nan,NO_WELD,0.0,0.0,False,False,False,False,False,vertical
102.572,0.0,0.0,0.0,0.0,0.0171,0.0,-0.0171,0.0,511,0,0.4736,0.0,2.109378420432439,nan,nan,NO_WELD,0.0,0.0,False,False,False,False,False,vertical
102.622,0.0,0.0,0.0,0.0,0.0136,0.0,-0.0136,0.0,511,0,0.4736,0.0,2.109378420432439,nan,nan,NO_WELD,0.0,0.0,False,False,False,False,False,vertical
102.673,0.0,0.0,0.0,0.0,0.0136,0.0,-0.0136,0.0,511,0,0.4736,0.0,2.109378420432439,nan,nan,NO_WELD,0.0,0.0,False,False,False,False,False,vertical
102.722,0.0,0.0,0.0,0.0,0.0136,0.0,-0.0136,0.0,511,0,0.4736,0.0,2.109378420432439,nan,nan,NO_WELD,0.0,0.0,False,False,False,False,False,vertical
102.773,0.0,0.0,0.0,0.0,0.0109,0.0,-0.0109,0.0,511,0,0.4736,0.0,2.109378420432439,nan,nan,NO_WELD,0.0,0.0,False,False,False,False,False,vertical
102.822,0.0,0.0,0.0,0.0,0.0109,0.0,-0.0109,0.0,511,0,0.4736,0.0,2.109378420432439,nan,nan,NO_WELD,0.0,0.0,False,False,False,False,False,vertical
102.873,0.0,0.0,0.0,0.0,0.0087,0.0,-0.0087,0.0,511,0,0.4736,0.0,2.109378420432439,nan,nan,NO_WELD,0.0,0.0,False,False,False,False,False,vertical
102.922,0.0,0.0,0.0,0.0,0.0087,0.0,-0.0087,0.0,511,0,0.4736,0.0,2.109378420432439,nan,nan,NO_WELD,0.0,0.0,False,False,False,False,False,vertical
102.973,0.0,0.0,0.0,0.0,0.0087,0.0,-0.0087,0.0,511,0,0.4736,0.0,2.109378420432439,nan,nan,NO_WELD,0.0,0.0,False,False,False,False,False,vertical
103.022,0.0,0.0,0.0,0.0,0.007,0.0,-0.007,0.0,511,0,0.4736,0.0,2.109378420432439,nan,nan,NO_WELD,0.0,0.0,False,False,False,False,False,vertical
103.073,0.0,0.0,0.0,0.0,0.007,0.0,-0.007,0.0,511,0,0.4736,0.0,2.109378420432439,nan,nan,NO_WELD,0.0,0.0,False,False,False,False,False,vertical
103.122,0.0,0.0,0.0,0.0,0.0056,0.0,-0.0056,0.0,511,0,0.4736,0.0,2.109378420432439,nan,nan,NO_WELD,0.0,0.0,False,False,False,False,False,vertical
103.175,0.0,0.0,0.0,0.0,0.0056,0.0,-0.0056,0.0,511,0,0.4736,0.0,2.109378420432439,nan,nan,NO_WELD,0.0,0.0,False,False,False,False,False,vertical
103.222,0.0,0.0,0.0,0.0,0.0045,0.0,-0.0045,0.0,511,0,0.4736,0.0,2.109378420432439,nan,nan,NO_WELD,0.0,0.0,False,False,False,False,False,vertical
103.273,0.0,0.0,0.0,0.0,0.0045,0.0,-0.0045,0.0,511,0,0.4736,0.0,2.109378420432439,nan,nan,NO_WELD,0.0,0.0,False,False,False,False,False,vertical
103.322,0.0,0.0,0.0,0.0,0.0036,0.0,-0.0036,0.0,511,0,0.4736,0.0,2.109378420432439,nan,nan,NO_WELD,0.0,0.0,False,False,False,False,False,vertical
103.373,0.0,0.0,0.0,0.0,0.0036,0.0,-0.0036,0.0,511,0,0.4736,0.0,2.109378420432439,nan,nan,NO_WELD,0.0,0.0,False,False,False,False,False,vertical
103.422,0.0,0.0,0.0,0.0,0.0036,0.0,-0.0036,0.0,511,0,0.4736,0.0,2.109378420432439,nan,nan,NO_WELD,0.0,0.0,False,False,False,False,False,vertical
103.473,0.0,0.0,0.0,0.0,0.0029,0.0,-0.0029,0.0,511,0,0.4736,0.0,-3.5156217360974464,nan,nan,NO_WELD,0.0,0.0,False,False,False,False,False,vertical
103.522,0.0,0.0,0.0,0.0,0.0029,0.0,-0.0029,0.0,511,0,0.4736,0.0,-3.5156217360974464,nan,nan,NO_WELD,0.0,0.0,False,False,False,False,False,vertical
103.573,0.0,0.0,0.0,0.0,0.0029,0.0,-0.0029,0.0,511,0,0.4736,0.0,-3.5156217360974464,nan,nan,NO_WELD,0.0,0.0,False,False,False,False,False,vertical
103.622,0.0,0.0,0.0,0.0,0.0023,0.0,-0.0023,0.0,511,0,0.4736,0.0,-3.5156217360974464,nan,nan,NO_WELD,0.0,0.0,False,False,False,False,False,vertical
103.673,0.0,0.0,0.0,0.0,0.0023,0.0,-0.0023,0.0,511,0,0.4736,0.0,-2.460934233428519,nan,nan,NO_WELD,0.0,0.0,False,False,False,False,False,vertical
103.722,0.0,0.0,0.0,0.0,0.0018,0.0,-0.0018,0.0,511,0,0.4736,0.0,-2.460934233428519,nan,nan,NO_WELD,0.0,0.0,False,False,False,False,False,vertical
103.773,0.0,0.0,0.0,0.0,0.0018,0.0,-0.0018,0.0,511,0,0.4736,0.0,-2.460934233428519,nan,nan,NO_WELD,0.0,0.0,False,False,False,False,False,vertical
103.822,0.0,0.0,0.0,0.0,0.0018,0.0,-0.0018,0.0,511,0,0.4736,0.0,-2.460934233428519,nan,nan,NO_WELD,0.0,0.0,False,False,False,False,False,vertical
103.873,0.0,0.0,0.0,0.0,0.0015,0.0,-0.0015,0.0,511,0,0.4736,0.0,-2.460934233428519,nan,nan,NO_WELD,0.0,0.0,False,False,False,False,False,vertical
103.922,0.0,0.0,0.0,0.0,0.0015,0.0,-0.0015,0.0,511,0,0.4736,0.0,-2.460934233428519,nan,nan,NO_WELD,0.0,0.0,False,False,False,False,False,vertical
103.973,0.0,0.0,0.0,0.0,0.0015,0.0,-0.0015,0.0,511,0,0.4736,0.0,-2.460934233428519,nan,nan,NO_WELD,0.0,0.0,False,False,False,False,False,vertical
104.022,0.0,0.0,0.0,0.0,0.0012,0.0,-0.0012,0.0,511,0,0.4736,0.0,-2.460934233428519,nan,nan,NO_WELD,0.0,0.0,False,False,False,False,False,vertical
104.074,0.0,0.0,0.0,0.0,0.0012,0.0,-0.0012,0.0,511,0,0.4736,0.0,-2.1093715902432693,nan,nan,NO_WELD,0.0,0.0,False,False,False,False,False,vertical
104.122,0.0,0.0,0.0,0.0,0.0012,0.0,-0.0012,0.0,511,0,0.4736,0.0,-2.1093715902432693,-2.1093715902432693,0.0,WELD_FOUND,0.0,0.0,False,False,False,False,False,vertical
104.175,0.0,0.0,0.0,0.0,0.0,0.0,0.0,0.0,511,0,0.4736,0.0,-2.460934233428519,-2.1093715902432693,-0.3515626431852499,WELD_FOUND,0.0,0.0,False,False,False,False,False,vertical
104.222,0.03868726263594021,0.05,0.04618726263594021,0.03118726263594021,0.0,0.0,0.0462,0.0312,511,0,0.4736,0.0,-2.460934233428519,-2.285152911835894,-0.17578132159262516,WELD_FOUND,0.0,0.486,True,False,False,False,False,vertical
104.274,0.03868726263594021,0.05,0.04618726263594021,0.03118726263594021,0.0,0.0,0.0462,0.0312,511,0,0.4736,0.0,-3.164059092912196,-2.285152911835894,-0.8789061810763021,WELD_FOUND,0.0,0.486,True,False,False,False,False,vertical
104.322,0.03728974559259269,0.1,0.05228974559259269,0.02228974559259269,0.0,0.0,0.0523,0.0223,512,0,0.4745,0.0,-3.164059092912196,-2.460934233428519,-0.703124859483677,WELD_FOUND,0.0,0.3474,True,False,False,False,False,vertical
104.373,0.03728974559259269,0.1,0.05228974559259269,0.02228974559259269,0.0,0.0,0.0523,0.0223,512,0,0.4745,0.0,-2.460934233428519,-2.460934233428519,0.0,WELD_FOUND,0.0,0.3474,True,False,False,False,False,vertical
104.422,0.037013327147373584,0.15000000000000002,0.05951332714737359,0.014513327147373582,0.0075,0.0,0.052,0.0145,514,0,0.4764,0.0,-2.460934233428519,-2.460934233428519,0.0,WELD_FOUND,0.6973,0.2262,False,False,False,False,False,vertical
104.472,0.0,0.0,0.0,0.0,0.0075,0.0,-0.0075,0.0,514,0,0.4764,0.0,-2.460934233428519,nan,nan,NO_WELD,0.0,0.0,False,False,False,False,False,vertical
104.522,0.0,0.0,0.0,0.0,0.0075,0.0,-0.0075,0.0,516,0,0.4782,0.0,-2.460934233428519,nan,nan,NO_WELD,0.0,0.0,False,False,False,False,False,vertical
104.572,0.0,0.0,0.0,0.0,0.0094,0.0,-0.0094,0.0,516,0,0.4782,0.0,-2.460934233428519,nan,nan,NO_WELD,0.0,0.0,False,False,False,False,False,vertical
104.622,0.0,0.0,0.0,0.0,0.0094,0.0,-0.0094,0.0,515,0,0.4773,0.0,-2.460934233428519,nan,nan,NO_WELD,0.0,0.0,False,False,False,False,False,vertical
104.673,0.0,0.0,0.0,0.0,0.002,0.0,-0.002,0.0,515,0,0.4773,0.0,-2.460934233428519,nan,nan,NO_WELD,0.0,0.0,False,False,False,False,False,vertical
104.722,0.0,0.0,0.0,0.0,0.002,0.0,-0.002,0.0,515,0,0.4773,0.0,-2.460934233428519,nan,nan,NO_WELD,0.0,0.0,False,False,False,False,False,vertical
104.773,0.03694438321124852,0.05,0.04444438321124852,0.029444383211248523,0.002,0.0,0.0425,0.0294,515,0,0.4773,0.0,-2.460934233428519,-2.460934233428519,0.0,WELD_FOUND,0.6275,0.4589,False,False,False,False,False,vertical
104.822,0.03694438321124852,0.05,0.04444438321124852,0.029444383211248523,0.0016,0.0,0.0429,0.0294,515,0,0.4773,0.0,-2.460934233428519,-2.460934233428519,0.0,WELD_FOUND,0.6275,0.4589,False,False,False,False,False,vertical
104.872,0.0,0.0,0.0,0.0,0.0016,0.0,-0.0016,0.0,515,0,0.4773,0.0,-2.460934233428519,nan,nan,NO_WELD,0.0,0.0,False,False,False,False,False,vertical
104.922,0.0,0.0,0.0,0.0,0.0306,0.0,-0.0306,0.0,523,0,0.4847,0.0,-2.460934233428519,nan,nan,NO_WELD,0.0,0.0,False,False,False,False,False,vertical
104.972,0.0,0.0,0.0,0.0,0.0306,0.0,-0.0306,0.0,523,0,0.4847,0.0,-2.460934233428519,nan,nan,NO_WELD,0.0,0.0,False,False,False,False,False,vertical
105.022,0.0,0.0,0.0,0.0,0.0306,0.0,-0.0306,0.0,522,0,0.4838,0.0,-2.460934233428519,nan,nan,NO_WELD,0.0,0.0,False,False,False,False,False,vertical
105.072,0.03423932883628845,0.05,0.04173932883628845,0.026739328836288448,0.0159,0.0,0.0259,0.0267,522,0,0.4838,0.0,-2.8124966631703576,-2.8124966631703576,0.0,WELD_FOUND,0.615,0.4167,False,False,False,False,False,vertical
105.122,0.03423932883628845,0.05,0.04173932883628845,0.026739328836288448,0.0159,0.0,0.0259,0.0267,522,0,0.4838,0.0,-2.8124966631703576,-2.8124966631703576,0.0,WELD_FOUND,0.615,0.4167,False,False,False,False,False,vertical
105.174,0.0,0.0,0.0,0.0,0.0127,0.0,-0.0127,0.0,522,0,0.4838,0.0,-2.8124966631703576,nan,nan,NO_WELD,0.0,0.0,False,False,False,False,False,vertical
105.222,0.0,0.0,0.0,0.0,0.0127,0.0,-0.0127,0.0,528,0,0.4893,0.0,-2.8124966631703576,nan,nan,NO_WELD,0.0,0.0,False,False,False,False,False,vertical
105.272,0.0,0.0,0.0,0.0,0.0299,0.0,-0.0299,0.0,528,0,0.4893,0.0,-2.8124966631703576,nan,nan,NO_WELD,0.0,0.0,False,False,False,False,False,vertical
105.322,0.0,0.0,0.0,0.0,0.0299,0.0,-0.0299,0.0,528,0,0.4893,0.0,-2.8124966631703576,nan,nan,NO_WELD,0.0,0.0,False,False,False,False,False,vertical
105.372,0.033710657800114306,0.05,0.041210657800114306,0.026210657800114306,0.0239,0.0,0.0173,0.0262,528,0,0.4893,0.0,-2.8124966631703576,-2.8124966631703576,0.0,WELD_FOUND,0.6125,0.4085,False,False,False,False,False,vertical
105.422,0.033710657800114306,0.05,0.041210657800114306,0.026210657800114306,0.0239,0.0,0.0173,0.0262,528,0,0.4893,0.0,-2.8124966631703576,-2.8124966631703576,0.0,WELD_FOUND,0.6125,0.4085,False,False,False,False,False,vertical
105.472,0.0,0.0,0.0,0.0,0.0239,0.0,-0.0239,0.0,528,0,0.4893,0.0,-2.8124966631703576,nan,nan,NO_WELD,0.0,0.0,False,False,False,False,False,vertical
105.522,0.0,0.0,0.0,0.0,0.0316,0.0,-0.0316,0.0,535,0,0.4958,0.0,-2.8124966631703576,nan,nan,NO_WELD,0.0,0.0,False,False,False,False,False,vertical
105.572,0.0,0.0,0.0,0.0,0.0316,0.0,-0.0316,0.0,535,0,0.4958,0.0,-2.8124966631703576,nan,nan,NO_WELD,0.0,0.0,False,False,False,False,False,vertical
105.622,0.0,0.0,0.0,0.0,0.0253,0.0,-0.0253,0.0,535,0,0.4958,0.0,-2.8124966631703576,nan,nan,NO_WELD,0.0,0.0,False,False,False,False,False,vertical
105.673,0.0,0.0,0.0,0.0,0.0253,0.0,-0.0253,0.0,535,0,0.4958,0.0,-2.8124966631703576,nan,nan,NO_WELD,0.0,0.0,False,False,False,False,False,vertical
105.722,0.0,0.0,0.0,0.0,0.0202,0.0,-0.0202,0.0,535,0,0.4958,0.0,-2.8124966631703576,nan,nan,NO_WELD,0.0,0.0,False,False,False,False,False,vertical
105.772,0.0,0.0,0.0,0.0,0.0202,0.0,-0.0202,0.0,535,0,0.4958,0.0,-2.8124966631703576,nan,nan,NO_WELD,0.0,0.0,False,False,False,False,False,vertical
105.822,0.0,0.0,0.0,0.0,0.0202,0.0,-0.0202,0.0,535,0,0.4958,0.0,-2.8124966631703576,nan,nan,NO_WELD,0.0,0.0,False,False,False,False,False,vertical
105.872,0.0,0.0,0.0,0.0,0.0162,0.0,-0.0162,0.0,535,0,0.4958,0.0,-2.8124966631703576,nan,nan,NO_WELD,0.0,0.0,False,False,False,False,False,vertical
105.922,0.0,0.0,0.0,0.0,0.0162,0.0,-0.0162,0.0,535,0,0.4958,0.0,-2.8124966631703576,nan,nan,NO_WELD,0.0,0.0,False,False,False,False,False,vertical
105.972,0.0,0.0,0.0,0.0,0.013,0.0,-0.013,0.0,535,0,0.4958,0.0,-2.8124966631703576,nan,nan,NO_WELD,0.0,0.0,False,False,False,False,False,vertical
106.022,0.0,0.0,0.0,0.0,0.013,0.0,-0.013,0.0,535,0,0.4958,0.0,-2.8124966631703576,nan,nan,NO_WELD,0.0,0.0,False,False,False,False,False,vertical
106.072,0.0,0.0,0.0,0.0,0.013,0.0,-0.013,0.0,535,0,0.4958,0.0,-2.8124966631703576,nan,nan,NO_WELD,0.0,0.0,False,False,False,False,False,vertical
106.122,0.0,0.0,0.0,0.0,0.0104,0.0,-0.0104,0.0,535,0,0.4958,0.0,-2.8124966631703576,nan,nan,NO_WELD,0.0,0.0,False,False,False,False,False,vertical
106.174,0.0,0.0,0.0,0.0,0.0104,0.0,-0.0104,0.0,535,0,0.4958,0.0,-2.8124966631703576,nan,nan,NO_WELD,0.0,0.0,False,False,False,False,False,vertical
106.222,0.0,0.0,0.0,0.0,0.0083,0.0,-0.0083,0.0,535,0,0.4958,0.0,-2.8124966631703576,nan,nan,NO_WELD,0.0,0.0,False,False,False,False,False,vertical
106.272,0.0,0.0,0.0,0.0,0.0083,0.0,-0.0083,0.0,535,0,0.4958,0.0,-2.8124966631703576,nan,nan,NO_WELD,0.0,0.0,False,False,False,False,False,vertical
106.322,0.0,0.0,0.0,0.0,0.0083,0.0,-0.0083,0.0,535,0,0.4958,0.0,-2.8124966631703576,nan,nan,NO_WELD,0.0,0.0,False,False,False,False,False,vertical
106.372,0.0,0.0,0.0,0.0,0.0066,0.0,-0.0066,0.0,535,0,0.4958,0.0,-2.8124966631703576,nan,nan,NO_WELD,0.0,0.0,False,False,False,False,False,vertical
106.422,0.0,0.0,0.0,0.0,0.0066,0.0,-0.0066,0.0,535,0,0.4958,0.0,-2.8124966631703576,nan,nan,NO_WELD,0.0,0.0,False,False,False,False,False,vertical
106.472,0.0,0.0,0.0,0.0,0.0053,0.0,-0.0053,0.0,535,0,0.4958,0.0,-2.8124966631703576,nan,nan,NO_WELD,0.0,0.0,False,False,False,False,False,vertical
106.522,0.0,0.0,0.0,0.0,0.0053,0.0,-0.0053,0.0,535,0,0.4958,0.0,-2.8124966631703576,nan,nan,NO_WELD,0.0,0.0,False,False,False,False,False,vertical
106.572,0.0,0.0,0.0,0.0,0.0053,0.0,-0.0053,0.0,535,0,0.4958,0.0,-2.8124966631703576,nan,nan,NO_WELD,0.0,0.0,False,False,False,False,False,vertical
106.622,0.0,0.0,0.0,0.0,0.0042,0.0,-0.0042,0.0,535,0,0.4958,0.0,-2.8124966631703576,nan,nan,NO_WELD,0.0,0.0,False,False,False,False,False,vertical
106.672,0.0,0.0,0.0,0.0,0.0042,0.0,-0.0042,0.0,535,0,0.4958,0.0,-2.460934233428519,nan,nan,NO_WELD,0.0,0.0,False,False,False,False,False,vertical
106.722,0.0,0.0,0.0,0.0,0.0034,0.0,-0.0034,0.0,535,0,0.4958,0.0,-2.460934233428519,nan,nan,NO_WELD,0.0,0.0,False,False,False,False,False,vertical
106.772,0.0,0.0,0.0,0.0,0.0034,0.0,-0.0034,0.0,535,0,0.4958,0.0,-2.1093715902432693,nan,nan,NO_WELD,0.0,0.0,False,False,False,False,False,vertical
106.822,0.0,0.0,0.0,0.0,0.0034,0.0,-0.0034,0.0,535,0,0.4958,0.0,-2.1093715902432693,nan,nan,NO_WELD,0.0,0.0,False,False,False,False,False,vertical
106.872,0.03037455725537767,0.05,0.03787455725537767,0.02287455725537767,0.0027,0.0,0.0352,0.0229,535,0,0.4958,0.0,-3.164059092912196,-3.164059092912196,0.0,WELD_FOUND,0.5903,0.3565,False,False,False,False,False,vertical
106.922,0.03037455725537767,0.05,0.03787455725537767,0.02287455725537767,0.0027,0.0,0.0352,0.0229,537,0,0.4977,0.0,-3.164059092912196,-3.164059092912196,0.0,WELD_FOUND,0.5903,0.3565,False,False,False,False,False,vertical
106.972,0.0,0.0,0.0,0.0,0.0027,0.0,-0.0027,0.0,537,0,0.4977,0.0,-3.164059092912196,nan,nan,NO_WELD,0.0,0.0,False,False,False,False,False,vertical
107.022,0.0,0.0,0.0,0.0,0.0115,0.0,-0.0115,0.0,539,0,0.4995,0.0,-3.164059092912196,nan,nan,NO_WELD,0.0,0.0,False,False,False,False,False,vertical
107.072,0.0,0.0,0.0,0.0,0.0115,0.0,-0.0115,0.0,539,0,0.4995,0.0,-3.164059092912196,nan,nan,NO_WELD,0.0,0.0,False,False,False,False,False,vertical
107.122,0.0,0.0,0.0,0.0,0.0115,0.0,-0.0115,0.0,538,0,0.4986,0.0,-3.164059092912196,nan,nan,NO_WELD,0.0,0.0,False,False,False,False,False,vertical
107.174,0.0,0.0,0.0,0.0,0.0044,0.0,-0.0044,0.0,538,0,0.4986,0.0,-3.164059092912196,nan,nan,NO_WELD,0.0,0.0,False,False,False,False,False,vertical
107.222,0.0,0.0,0.0,0.0,0.0044,0.0,-0.0044,0.0,538,0,0.4986,0.0,-3.164059092912196,nan,nan,NO_WELD,0.0,0.0,False,False,False,False,False,vertical
107.272,0.0,0.0,0.0,0.0,0.0036,0.0,-0.0036,0.0,538,0,0.4986,0.0,-3.164059092912196,nan,nan,NO_WELD,0.0,0.0,False,False,False,False,False,vertical
107.322,0.0,0.0,0.0,0.0,0.0036,0.0,-0.0036,0.0,538,0,0.4986,0.0,-3.164059092912196,nan,nan,NO_WELD,0.0,0.0,False,False,False,False,False,vertical
107.372,0.0,0.0,0.0,0.0,0.0036,0.0,-0.0036,0.0,538,0,0.4986,0.0,-3.164059092912196,nan,nan,NO_WELD,0.0,0.0,False,False,False,False,False,vertical
107.422,0.0,0.0,0.0,0.0,0.0028,0.0,-0.0028,0.0,538,0,0.4986,0.0,-3.164059092912196,nan,nan,NO_WELD,0.0,0.0,False,False,False,False,False,vertical
107.472,0.0,0.0,0.0,0.0,0.0028,0.0,-0.0028,0.0,538,0,0.4986,0.0,-3.164059092912196,nan,nan,NO_WELD,0.0,0.0,False,False,False,False,False,vertical
107.522,0.0,0.0,0.0,0.0,0.0028,0.0,-0.0028,0.0,538,0,0.4986,0.0,-3.164059092912196,nan,nan,NO_WELD,0.0,0.0,False,False,False,False,False,vertical
107.572,0.0,0.0,0.0,0.0,0.0023,0.0,-0.0023,0.0,538,0,0.4986,0.0,-3.164059092912196,nan,nan,NO_WELD,0.0,0.0,False,False,False,False,False,vertical
107.622,0.0,0.0,0.0,0.0,0.0023,0.0,-0.0023,0.0,538,0,0.4986,0.0,-3.164059092912196,nan,nan,NO_WELD,0.0,0.0,False,False,False,False,False,vertical
107.672,0.0,0.0,0.0,0.0,0.0018,0.0,-0.0018,0.0,538,0,0.4986,0.0,-3.164059092912196,nan,nan,NO_WELD,0.0,0.0,False,False,False,False,False,vertical
107.722,0.0,0.0,0.0,0.0,0.0018,0.0,-0.0018,0.0,538,0,0.4986,0.0,-3.164059092912196,nan,nan,NO_WELD,0.0,0.0,False,False,False,False,False,vertical
107.772,0.0,0.0,0.0,0.0,0.0015,0.0,-0.0015,0.0,538,0,0.4986,0.0,-3.164059092912196,nan,nan,NO_WELD,0.0,0.0,False,False,False,False,False,vertical
107.822,0.0,0.0,0.0,0.0,0.0015,0.0,-0.0015,0.0,538,0,0.4986,0.0,-3.164059092912196,nan,nan,NO_WELD,0.0,0.0,False,False,False,False,False,vertical
107.872,0.0,0.0,0.0,0.0,0.0015,0.0,-0.0015,0.0,538,0,0.4986,0.0,-3.164059092912196,-3.164059092912196,0.0,WELD_FOUND,0.0,0.0,False,False,False,False,False,vertical
107.922,0.0,0.0,0.0,0.0,0.0012,0.0,-0.0012,0.0,538,0,0.4986,0.0,-3.164059092912196,-3.164059092912196,0.0,WELD_FOUND,0.0,0.0,False,False,False,False,False,vertical
107.972,0.027330654955091734,0.05,0.03483065495509173,0.019830654955091735,0.0012,0.0,0.0337,0.0198,538,0,0.4986,0.0,-3.8671843792826963,-3.5156217360974464,-0.3515626431852499,WELD_FOUND,0.0,0.309,True,False,False,False,False,vertical
108.022,0.027330654955091734,0.05,0.03483065495509173,0.019830654955091735,0.0012,0.0,0.0337,0.0198,538,0,0.4986,0.0,-3.8671843792826963,-3.5156217360974464,-0.3515626431852499,WELD_FOUND,0.0,0.309,True,False,False,False,False,vertical
108.072,0.0,0.0,0.0,0.0,0.0,0.0,0.0,0.0,538,0,0.4986,0.0,-3.8671843792826963,nan,nan,NO_WELD,0.0,0.0,False,False,False,False,False,vertical
108.122,0.0,0.0,0.0,0.0,0.0,0.0,0.0,0.0,539,0,0.4995,0.0,-3.8671843792826963,nan,nan,NO_WELD,0.0,0.0,False,False,False,False,False,vertical
108.174,0.02975292278094382,0.05,0.03725292278094382,0.02225292278094382,0.0037,0.0,0.0335,0.0223,539,0,0.4995,0.0,-3.164059092912196,-3.164059092912196,0.0,WELD_FOUND,0.5806,0.3468,False,False,False,False,False,vertical
108.222,0.02975292278094382,0.05,0.03725292278094382,0.02225292278094382,0.0037,0.0,0.0335,0.0223,539,0,0.4995,0.0,-3.164059092912196,-3.164059092912196,0.0,WELD_FOUND,0.5806,0.3468,False,False,False,False,False,vertical
108.272,0.027806881951061076,0.1,0.042806881951061075,0.012806881951061076,0.0037,0.0,0.0391,0.0128,539,0,0.4995,0.0,-3.8671843792826963,-3.5156217360974464,-0.3515626431852499,WELD_FOUND,0.6199,0.1996,False,False,False,False,False,vertical
108.322,0.027806881951061076,0.1,0.042806881951061075,0.012806881951061076,0.0121,0.0,0.0307,0.0128,543,0,0.5032,0.0,-3.8671843792826963,-3.5156217360974464,-0.3515626431852499,WELD_FOUND,0.6199,0.1996,False,False,False,False,False,vertical
108.372,0.0,0.0,0.0,0.0,0.0121,0.0,-0.0121,0.0,543,0,0.5032,0.0,-3.8671843792826963,nan,nan,NO_WELD,0.0,0.0,False,False,False,False,False,vertical
108.422,0.0,0.0,0.0,0.0,0.011,0.0,-0.011,0.0,544,0,0.5042,0.0,-3.8671843792826963,nan,nan,NO_WELD,0.0,0.0,False,False,False,False,False,vertical
108.472,0.0,0.0,0.0,0.0,0.011,0.0,-0.011,0.0,544,0,0.5042,0.0,-3.8671843792826963,nan,nan,NO_WELD,0.0,0.0,False,False,False,False,False,vertical
108.522,0.0,0.0,0.0,0.0,0.0088,0.0,-0.0088,0.0,544,0,0.5042,0.0,-3.8671843792826963,nan,nan,NO_WELD,0.0,0.0,False,False,False,False,False,vertical
108.572,0.0,0.0,0.0,0.0,0.0088,0.0,-0.0088,0.0,544,0,0.5042,0.0,-3.8671843792826963,nan,nan,NO_WELD,0.0,0.0,False,False,False,False,False,vertical
108.622,0.0,0.0,0.0,0.0,0.0088,0.0,-0.0088,0.0,544,0,0.5042,0.0,-3.8671843792826963,nan,nan,NO_WELD,0.0,0.0,False,False,False,False,False,vertical
108.672,0.0,0.0,0.0,0.0,0.007,0.0,-0.007,0.0,544,0,0.5042,0.0,-3.8671843792826963,nan,nan,NO_WELD,0.0,0.0,False,False,False,False,False,vertical
108.722,0.0,0.0,0.0,0.0,0.007,0.0,-0.007,0.0,544,0,0.5042,0.0,-3.8671843792826963,nan,nan,NO_WELD,0.0,0.0,False,False,False,False,False,vertical
108.772,0.0,0.0,0.0,0.0,0.007,0.0,-0.007,0.0,544,0,0.5042,0.0,-3.8671843792826963,nan,nan,NO_WELD,0.0,0.0,False,False,False,False,False,vertical
108.822,0.0,0.0,0.0,0.0,0.0056,0.0,-0.0056,0.0,544,0,0.5042,0.0,-3.8671843792826963,nan,nan,NO_WELD,0.0,0.0,False,False,False,False,False,vertical
108.872,0.0,0.0,0.0,0.0,0.0056,0.0,-0.0056,0.0,544,0,0.5042,0.0,-3.8671843792826963,nan,nan,NO_WELD,0.0,0.0,False,False,False,False,False,vertical
108.922,0.0,0.0,0.0,0.0,0.0056,0.0,-0.0056,0.0,544,0,0.5042,0.0,-3.8671843792826963,nan,nan,NO_WELD,0.0,0.0,False,False,False,False,False,vertical
108.972,0.0,0.0,0.0,0.0,0.0045,0.0,-0.0045,0.0,544,0,0.5042,0.0,-3.8671843792826963,nan,nan,NO_WELD,0.0,0.0,False,False,False,False,False,vertical
109.022,0.0,0.0,0.0,0.0,0.0045,0.0,-0.0045,0.0,544,0,0.5042,0.0,-3.8671843792826963,nan,nan,NO_WELD,0.0,0.0,False,False,False,False,False,vertical
109.072,0.0,0.0,0.0,0.0,0.0045,0.0,-0.0045,0.0,544,0,0.5042,0.0,-3.8671843792826963,nan,nan,NO_WELD,0.0,0.0,False,False,False,False,False,vertical
109.122,0.0,0.0,0.0,0.0,0.0036,0.0,-0.0036,0.0,544,0,0.5042,0.0,-3.8671843792826963,nan,nan,NO_WELD,0.0,0.0,False,False,False,False,False,vertical
109.174,0.0,0.0,0.0,0.0,0.0036,0.0,-0.0036,0.0,544,0,0.5042,0.0,-3.8671843792826963,nan,nan,NO_WELD,0.0,0.0,False,False,False,False,False,vertical
109.222,0.0,0.0,0.0,0.0,0.0029,0.0,-0.0029,0.0,544,0,0.5042,0.0,-3.8671843792826963,nan,nan,NO_WELD,0.0,0.0,False,False,False,False,False,vertical
109.272,0.0,0.0,0.0,0.0,0.0029,0.0,-0.0029,0.0,544,0,0.5042,0.0,-3.8671843792826963,nan,nan,NO_WELD,0.0,0.0,False,False,False,False,False,vertical
109.322,0.0,0.0,0.0,0.0,0.0029,0.0,-0.0029,0.0,544,0,0.5042,0.0,-3.8671843792826963,nan,nan,NO_WELD,0.0,0.0,False,False,False,False,False,vertical
109.372,0.0,0.0,0.0,0.0,0.0023,0.0,-0.0023,0.0,544,0,0.5042,0.0,-3.8671843792826963,nan,nan,NO_WELD,0.0,0.0,False,False,False,False,False,vertical
109.422,0.0,0.0,0.0,0.0,0.0023,0.0,-0.0023,0.0,543,0,0.5032,0.0,-3.8671843792826963,nan,nan,NO_WELD,0.0,0.0,False,False,False,False,False,vertical
109.472,0.0,0.0,0.0,0.0,-0.0023,0.0,0.0023,0.0,543,0,0.5032,0.0,-3.8671843792826963,nan,nan,NO_WELD,0.0,0.0,False,False,False,False,False,vertical
109.522,0.0,0.0,0.0,0.0,-0.0023,0.0,0.0023,0.0,543,0,0.5032,0.0,-3.8671843792826963,nan,nan,NO_WELD,0.0,0.0,False,False,False,False,False,vertical
109.572,0.0,0.0,0.0,0.0,-0.0023,0.0,0.0023,0.0,543,0,0.5032,0.0,-3.8671843792826963,nan,nan,NO_WELD,0.0,0.0,False,False,False,False,False,vertical
109.622,0.0,0.0,0.0,0.0,-0.0019,0.0,0.0019,0.0,543,0,0.5032,0.0,-3.8671843792826963,nan,nan,NO_WELD,0.0,0.0,False,False,False,False,False,vertical
109.672,0.0,0.0,0.0,0.0,-0.0019,0.0,0.0019,0.0,543,0,0.5032,0.0,-3.8671843792826963,nan,nan,NO_WELD,0.0,0.0,False,False,False,False,False,vertical
109.722,0.0,0.0,0.0,0.0,-0.0015,0.0,0.0015,0.0,543,0,0.5032,0.0,-3.8671843792826963,nan,nan,NO_WELD,0.0,0.0,False,False,False,False,False,vertical
109.772,0.0,0.0,0.0,0.0,-0.0015,0.0,0.0015,0.0,543,0,0.5032,0.0,-3.8671843792826963,nan,nan,NO_WELD,0.0,0.0,False,False,False,False,False,vertical
109.822,0.0,0.0,0.0,0.0,-0.0012,0.0,0.0012,0.0,543,0,0.5032,0.0,-3.8671843792826963,nan,nan,NO_WELD,0.0,0.0,False,False,False,False,False,vertical
109.872,0.0,0.0,0.0,0.0,-0.0012,0.0,0.0012,0.0,543,0,0.5032,0.0,-3.8671843792826963,nan,nan,NO_WELD,0.0,0.0,False,False,False,False,False,vertical
109.922,0.0,0.0,0.0,0.0,-0.0012,0.0,0.0012,0.0,543,0,0.5032,0.0,-3.8671843792826963,nan,nan,NO_WELD,0.0,0.0,False,False,False,False,False,vertical
109.972,0.0,0.0,0.0,0.0,0.0,0.0,0.0,0.0,543,0,0.5032,0.0,-3.8671843792826963,nan,nan,NO_WELD,0.0,0.0,False,False,False,False,False,vertical
110.022,0.0,0.0,0.0,0.0,0.0,0.0,0.0,0.0,543,0,0.5032,0.0,-3.8671843792826963,nan,nan,NO_WELD,0.0,0.0,False,False,False,False,False,vertical
110.072,0.0,0.0,0.0,0.0,0.0,0.0,0.0,0.0,543,0,0.5032,0.0,-3.8671843792826963,nan,nan,NO_WELD,0.0,0.0,False,False,False,False,False,vertical
110.122,0.0,0.0,0.0,0.0,0.0,0.0,0.0,0.0,543,0,0.5032,0.0,-3.8671843792826963,nan,nan,NO_WELD,0.0,0.0,False,False,False,False,False,vertical
110.174,0.0,0.0,0.0,0.0,0.0,0.0,0.0,0.0,543,0,0.5032,0.0,-2.8124966631703576,nan,nan,NO_WELD,0.0,0.0,False,False,False,False,False,vertical
110.222,0.0,0.0,0.0,0.0,0.0,0.0,0.0,0.0,543,0,0.5032,0.0,-2.8124966631703576,nan,nan,NO_WELD,0.0,0.0,False,False,False,False,False,vertical
110.272,0.0,0.0,0.0,0.0,0.0,0.0,0.0,0.0,543,0,0.5032,0.0,1.4062534542270564,nan,nan,NO_WELD,0.0,0.0,False,False,False,False,False,vertical
110.322,0.0,0.0,0.0,0.0,0.0,0.0,0.0,0.0,543,0,0.5032,0.0,1.4062534542270564,nan,nan,NO_WELD,0.0,0.0,False,False,False,False,False,vertical
110.372,0.0,0.0,0.0,0.0,0.0,0.0,0.0,0.0,543,0,0.5032,0.0,1.4062534542270564,nan,nan,NO_WELD,0.0,0.0,False,False,False,False,False,vertical
110.422,0.0,0.0,0.0,0.0,0.0,0.0,0.0,0.0,543,0,0.5032,0.0,1.4062534542270564,nan,nan,NO_WELD,0.0,0.0,False,False,False,False,False,vertical
110.472,0.0,0.0,0.0,0.0,0.0,0.0,0.0,0.0,543,0,0.5032,0.0,1.4062534542270564,nan,nan,NO_WELD,0.0,0.0,False,False,False,False,False,vertical
110.522,0.0,0.0,0.0,0.0,0.0,0.0,0.0,0.0,543,0,0.5032,0.0,1.4062534542270564,nan,nan,NO_WELD,0.0,0.0,False,False,False,False,False,vertical
110.572,0.0,0.0,0.0,0.0,0.0,0.0,0.0,0.0,543,0,0.5032,0.0,3.8671912094718666,nan,nan,NO_WELD,0.0,0.0,False,False,False,False,False,vertical
110.622,0.0,0.0,0.0,0.0,0.0,0.0,0.0,0.0,543,0,0.5032,0.0,3.8671912094718666,nan,nan,NO_WELD,0.0,0.0,False,False,False,False,False,vertical
110.672,0.0,0.0,0.0,0.0,0.0,0.0,0.0,0.0,543,0,0.5032,0.0,3.5156285662866162,nan,nan,NO_WELD,0.0,0.0,False,False,False,False,False,vertical
110.722,0.0,0.0,0.0,0.0,0.0,0.0,0.0,0.0,543,0,0.5032,0.0,3.5156285662866162,nan,nan,NO_WELD,0.0,0.0,False,False,False,False,False,vertical
110.772,0.0,0.0,0.0,0.0,0.0,0.0,0.0,0.0,543,0,0.5032,0.0,3.4150945850063755e-06,nan,nan,NO_WELD,0.0,0.0,False,False,False,False,False,vertical
110.822,0.0,0.0,0.0,0.0,0.0,0.0,0.0,0.0,543,0,0.5032,0.0,3.4150945850063755e-06,nan,nan,NO_WELD,0.0,0.0,False,False,False,False,False,vertical
110.872,0.0,0.0,0.0,0.0,0.0,0.0,0.0,0.0,543,0,0.5032,0.0,3.4150945850063755e-06,nan,nan,NO_WELD,0.0,0.0,False,False,False,False,False,vertical
110.922,0.0,0.0,0.0,0.0,0.0,0.0,0.0,0.0,543,0,0.5032,0.0,3.4150945850063755e-06,nan,nan,NO_WELD,0.0,0.0,False,False,False,False,False,vertical
110.972,0.0,0.0,0.0,0.0,0.0,0.0,0.0,0.0,543,0,0.5032,0.0,3.4150945850063755e-06,nan,nan,NO_WELD,0.0,0.0,False,False,False,False,False,vertical
111.022,0.0,0.0,0.0,0.0,0.0,0.0,0.0,0.0,543,0,0.5032,0.0,3.4150945850063755e-06,nan,nan,NO_WELD,0.0,0.0,False,False,False,False,False,vertical
111.072,0.0,0.0,0.0,0.0,0.0,0.0,0.0,0.0,543,0,0.5032,0.0,-3.8671843792826963,nan,nan,NO_WELD,0.0,0.0,False,False,False,False,False,vertical
111.122,0.0,0.0,0.0,0.0,0.0,0.0,0.0,0.0,543,0,0.5032,0.0,-3.8671843792826963,nan,nan,NO_WELD,0.0,0.0,False,False,False,False,False,vertical
111.174,0.0,0.0,0.0,0.0,0.0,0.0,0.0,0.0,543,0,0.5032,0.0,-3.164059092912196,nan,nan,NO_WELD,0.0,0.0,False,False,False,False,False,vertical
111.222,0.0,0.0,0.0,0.0,0.0,0.0,0.0,0.0,543,0,0.5032,0.0,-3.164059092912196,nan,nan,NO_WELD,0.0,0.0,False,False,False,False,False,vertical
111.272,0.0,0.0,0.0,0.0,0.0,0.0,0.0,0.0,543,0,0.5032,0.0,-3.164059092912196,nan,nan,NO_WELD,0.0,0.0,False,False,False,False,False,vertical
111.322,0.0,0.0,0.0,0.0,0.0,0.0,0.0,0.0,543,0,0.5032,0.0,-3.164059092912196,nan,nan,NO_WELD,0.0,0.0,False,False,False,False,False,vertical
111.373,0.0,0.0,0.0,0.0,0.0,0.0,0.0,0.0,543,0,0.5032,0.0,-3.164059092912196,nan,nan,NO_WELD,0.0,0.0,False,False,False,False,False,vertical
111.422,0.0,0.0,0.0,0.0,0.0,0.0,0.0,0.0,543,0,0.5032,0.0,-3.164059092912196,nan,nan,NO_WELD,0.0,0.0,False,False,False,False,False,vertical
111.472,0.0,0.0,0.0,0.0,0.0,0.0,0.0,0.0,543,0,0.5032,0.0,1.054690917763512,nan,nan,NO_WELD,0.0,0.0,False,False,False,False,False,vertical
111.522,0.0,0.0,0.0,0.0,0.0,0.0,0.0,0.0,543,0,0.5032,0.0,1.054690917763512,nan,nan,NO_WELD,0.0,0.0,False,False,False,False,False,vertical
111.572,0.0,0.0,0.0,0.0,0.0,0.0,0.0,0.0,543,0,0.5032,0.0,1.054690917763512,nan,nan,NO_WELD,0.0,0.0,False,False,False,False,False,vertical
111.622,0.0,0.0,0.0,0.0,0.0,0.0,0.0,0.0,543,0,0.5032,0.0,1.054690917763512,nan,nan,NO_WELD,0.0,0.0,False,False,False,False,False,vertical
111.672,0.0,0.0,0.0,0.0,0.0,0.0,0.0,0.0,543,0,0.5032,0.0,-2.460934233428519,nan,nan,NO_WELD,0.0,0.0,False,False,False,False,False,vertical
111.722,0.0,0.0,0.0,0.0,0.0,0.0,0.0,0.0,543,0,0.5032,0.0,-2.460934233428519,nan,nan,NO_WELD,0.0,0.0,False,False,False,False,False,vertical
111.772,0.0,0.0,0.0,0.0,0.0,0.0,0.0,0.0,543,0,0.5032,0.0,-3.8671843792826963,nan,nan,NO_WELD,0.0,0.0,False,False,False,False,False,vertical
111.822,0.0,0.0,0.0,0.0,0.0,0.0,0.0,0.0,543,0,0.5032,0.0,-3.8671843792826963,nan,nan,NO_WELD,0.0,0.0,False,False,False,False,False,vertical
111.872,0.0,0.0,0.0,0.0,0.0,0.0,0.0,0.0,543,0,0.5032,0.0,-3.8671843792826963,nan,nan,NO_WELD,0.0,0.0,False,False,False,False,False,vertical
111.922,0.0,0.0,0.0,0.0,0.0,0.0,0.0,0.0,543,0,0.5032,0.0,-3.8671843792826963,nan,nan,NO_WELD,0.0,0.0,False,False,False,False,False,vertical
111.972,0.0,0.0,0.0,0.0,0.0,0.0,0.0,0.0,543,0,0.5032,0.0,-3.164059092912196,nan,nan,NO_WELD,0.0,0.0,False,False,False,False,False,vertical
112.022,0.0,0.0,0.0,0.0,0.0,0.0,0.0,0.0,543,0,0.5032,0.0,-3.164059092912196,nan,nan,NO_WELD,0.0,0.0,False,False,False,False,False,vertical
112.072,0.0,0.0,0.0,0.0,0.0,0.0,0.0,0.0,543,0,0.5032,0.0,-3.164059092912196,nan,nan,NO_WELD,0.0,0.0,False,False,False,False,False,vertical
112.122,0.0,0.0,0.0,0.0,0.0,0.0,0.0,0.0,543,0,0.5032,0.0,-3.164059092912196,nan,nan,NO_WELD,0.0,0.0,False,False,False,False,False,vertical
112.174,0.0,0.0,0.0,0.0,0.0,0.0,0.0,0.0,543,0,0.5032,0.0,-3.5156217360974464,nan,nan,NO_WELD,0.0,0.0,False,False,False,False,False,vertical
112.222,0.0,0.0,0.0,0.0,0.0,0.0,0.0,0.0,543,0,0.5032,0.0,-3.5156217360974464,nan,nan,NO_WELD,0.0,0.0,False,False,False,False,False,vertical
112.272,0.0,0.0,0.0,0.0,0.0,0.0,0.0,0.0,543,0,0.5032,0.0,-3.5156217360974464,nan,nan,NO_WELD,0.0,0.0,False,False,False,False,False,vertical
112.322,0.0,0.0,0.0,0.0,0.0,0.0,0.0,0.0,543,0,0.5032,0.0,-3.5156217360974464,nan,nan,NO_WELD,0.0,0.0,False,False,False,False,False,vertical
112.372,0.0,0.0,0.0,0.0,0.0,0.0,0.0,0.0,543,0,0.5032,0.0,-3.5156217360974464,nan,nan,NO_WELD,0.0,0.0,False,False,False,False,False,vertical
112.423,0.0,0.0,0.0,0.0,0.0,0.0,0.0,0.0,543,0,0.5032,0.0,-3.5156217360974464,nan,nan,NO_WELD,0.0,0.0,False,False,False,False,False,vertical
112.472,0.0,0.0,0.0,0.0,0.0,0.0,0.0,0.0,543,0,0.5032,0.0,-4.218746595581123,-4.218746595581123,0.0,WELD_FOUND,0.0,0.0,False,False,False,False,False,vertical
112.522,0.0,0.0,0.0,0.0,0.0,0.0,0.0,0.0,543,0,0.5032,0.0,-4.218746595581123,-4.218746595581123,0.0,WELD_FOUND,0.0,0.0,False,False,False,False,False,vertical
112.572,0.0,0.0,0.0,0.0,0.0,0.0,0.0,0.0,543,0,0.5032,0.0,-4.218746595581123,nan,nan,NO_WELD,0.0,0.0,False,False,False,False,False,vertical
112.622,0.0,0.0,0.0,0.0,0.0,0.0,0.0,0.0,543,0,0.5032,0.0,-4.218746595581123,nan,nan,NO_WELD,0.0,0.0,False,False,False,False,False,vertical
112.672,0.0,0.0,0.0,0.0,0.0,0.0,0.0,0.0,543,0,0.5032,0.0,-4.218746595581123,nan,nan,NO_WELD,0.0,0.0,False,False,False,False,False,vertical
112.722,0.0,0.0,0.0,0.0,0.0,0.0,0.0,0.0,543,0,0.5032,0.0,-4.218746595581123,nan,nan,NO_WELD,0.0,0.0,False,False,False,False,False,vertical
112.772,0.024447427834514205,0.05,0.03194742783451421,0.016947427834514205,0.0,0.0,0.0319,0.0169,543,0,0.5032,0.0,-3.8671843792826963,-3.8671843792826963,0.0,WELD_FOUND,0.0,0.2641,True,False,False,False,False,vertical
112.822,0.024447427834514205,0.05,0.03194742783451421,0.016947427834514205,0.0,0.0,0.0319,0.0169,543,0,0.5032,0.0,-3.8671843792826963,-3.8671843792826963,0.0,WELD_FOUND,0.0,0.2641,True,False,False,False,False,vertical
112.872,0.0,0.0,0.0,0.0,0.0,0.0,0.0,0.0,543,0,0.5032,0.0,-3.8671843792826963,nan,nan,NO_WELD,0.0,0.0,False,False,False,False,False,vertical
112.922,0.0,0.0,0.0,0.0,0.0,0.0,0.0,0.0,543,0,0.5032,0.0,-3.8671843792826963,nan,nan,NO_WELD,0.0,0.0,False,False,False,False,False,vertical
112.972,0.0,0.0,0.0,0.0,0.0,0.0,0.0,0.0,543,0,0.5032,0.0,-3.8671843792826963,nan,nan,NO_WELD,0.0,0.0,False,False,False,False,False,vertical
113.022,0.0,0.0,0.0,0.0,0.0,0.0,0.0,0.0,543,0,0.5032,0.0,-3.8671843792826963,nan,nan,NO_WELD,0.0,0.0,False,False,False,False,False,vertical
113.072,0.0,0.0,0.0,0.0,0.0,0.0,0.0,0.0,543,0,0.5032,0.0,-3.8671843792826963,nan,nan,NO_WELD,0.0,0.0,False,False,False,False,False,vertical
113.122,0.0,0.0,0.0,0.0,0.0,0.0,0.0,0.0,543,0,0.5032,0.0,-3.8671843792826963,nan,nan,NO_WELD,0.0,0.0,False,False,False,False,False,vertical
113.174,0.0,0.0,0.0,0.0,0.0,0.0,0.0,0.0,543,0,0.5032,0.0,-3.8671843792826963,nan,nan,NO_WELD,0.0,0.0,False,False,False,False,False,vertical
113.222,0.0,0.0,0.0,0.0,0.0,0.0,0.0,0.0,543,0,0.5032,0.0,-3.8671843792826963,nan,nan,NO_WELD,0.0,0.0,False,False,False,False,False,vertical
113.272,0.0,0.0,0.0,0.0,0.0,0.0,0.0,0.0,543,0,0.5032,0.0,-3.8671843792826963,nan,nan,NO_WELD,0.0,0.0,False,False,False,False,False,vertical
113.322,0.0,0.0,0.0,0.0,0.0,0.0,0.0,0.0,543,0,0.5032,0.0,-3.8671843792826963,nan,nan,NO_WELD,0.0,0.0,False,False,False,False,False,vertical
113.372,0.0,0.0,0.0,0.0,0.0,0.0,0.0,0.0,543,0,0.5032,0.0,-3.8671843792826963,nan,nan,NO_WELD,0.0,0.0,False,False,False,False,False,vertical
113.422,0.0,0.0,0.0,0.0,0.0,0.0,0.0,0.0,543,0,0.5032,0.0,-3.8671843792826963,nan,nan,NO_WELD,0.0,0.0,False,False,False,False,False,vertical
113.472,0.0,0.0,0.0,0.0,0.0,0.0,0.0,0.0,543,0,0.5032,0.0,-3.8671843792826963,nan,nan,NO_WELD,0.0,0.0,False,False,False,False,False,vertical
113.522,0.0,0.0,0.0,0.0,0.0,0.0,0.0,0.0,543,0,0.5032,0.0,-3.8671843792826963,nan,nan,NO_WELD,0.0,0.0,False,False,False,False,False,vertical
113.572,0.0,0.0,0.0,0.0,0.0,0.0,0.0,0.0,543,0,0.5032,0.0,-3.8671843792826963,nan,nan,NO_WELD,0.0,0.0,False,False,False,False,False,vertical
113.622,0.0,0.0,0.0,0.0,0.0,0.0,0.0,0.0,543,0,0.5032,0.0,-3.8671843792826963,nan,nan,NO_WELD,0.0,0.0,False,False,False,False,False,vertical
113.672,0.0,0.0,0.0,0.0,0.0,0.0,0.0,0.0,543,0,0.5032,0.0,-3.8671843792826963,nan,nan,NO_WELD,0.0,0.0,False,False,False,False,False,vertical
113.722,0.0,0.0,0.0,0.0,0.0,0.0,0.0,0.0,543,0,0.5032,0.0,-3.8671843792826963,nan,nan,NO_WELD,0.0,0.0,False,False,False,False,False,vertical
113.772,0.0,0.0,0.0,0.0,0.0,0.0,0.0,0.0,543,0,0.5032,0.0,-3.8671843792826963,nan,nan,NO_WELD,0.0,0.0,False,False,False,False,False,vertical
113.822,0.0,0.0,0.0,0.0,0.0,0.0,0.0,0.0,543,0,0.5032,0.0,-3.8671843792826963,nan,nan,NO_WELD,0.0,0.0,False,False,False,False,False,vertical
113.872,0.0,0.0,0.0,0.0,0.0,0.0,0.0,0.0,543,0,0.5032,0.0,-2.1093715902432693,nan,nan,NO_WELD,0.0,0.0,False,False,False,False,False,vertical
113.922,0.0,0.0,0.0,0.0,0.0,0.0,0.0,0.0,543,0,0.5032,0.0,-2.1093715902432693,nan,nan,NO_WELD,0.0,0.0,False,False,False,False,False,vertical
113.972,0.0,0.0,0.0,0.0,0.0,0.0,0.0,0.0,543,0,0.5032,0.0,-2.1093715902432693,nan,nan,NO_WELD,0.0,0.0,False,False,False,False,False,vertical
114.022,0.0,0.0,0.0,0.0,0.0,0.0,0.0,0.0,543,0,0.5032,0.0,-2.1093715902432693,nan,nan,NO_WELD,0.0,0.0,False,False,False,False,False,vertical
114.072,0.0,0.0,0.0,0.0,0.0,0.0,0.0,0.0,543,0,0.5032,0.0,3.1640659231013664,nan,nan,NO_WELD,0.0,0.0,False,False,False,False,False,vertical
114.122,0.0,0.0,0.0,0.0,0.0,0.0,0.0,0.0,543,0,0.5032,0.0,3.1640659231013664,nan,nan,NO_WELD,0.0,0.0,False,False,False,False,False,vertical
114.174,0.0,0.0,0.0,0.0,0.0,0.0,0.0,0.0,543,0,0.5032,0.0,-3.5156217360974464,nan,nan,NO_WELD,0.0,0.0,False,False,False,False,False,vertical
114.222,0.0,0.0,0.0,0.0,0.0,0.0,0.0,0.0,543,0,0.5032,0.0,-3.5156217360974464,nan,nan,NO_WELD,0.0,0.0,False,False,False,False,False,vertical
114.272,0.0,0.0,0.0,0.0,0.0,0.0,0.0,0.0,543,0,0.5032,0.0,-3.8671843792826963,nan,nan,NO_WELD,0.0,0.0,False,False,False,False,False,vertical
114.323,0.0,0.0,0.0,0.0,0.0,0.0,0.0,0.0,543,0,0.5032,0.0,-3.8671843792826963,nan,nan,NO_WELD,0.0,0.0,False,False,False,False,False,vertical
114.372,0.0,0.0,0.0,0.0,0.0,0.0,0.0,0.0,543,0,0.5032,0.0,-3.8671843792826963,nan,nan,NO_WELD,0.0,0.0,False,False,False,False,False,vertical
114.423,0.0,0.0,0.0,0.0,0.0,0.0,0.0,0.0,543,0,0.5032,0.0,-3.8671843792826963,nan,nan,NO_WELD,0.0,0.0,False,False,False,False,False,vertical
114.472,0.0,0.0,0.0,0.0,0.0,0.0,0.0,0.0,543,0,0.5032,0.0,2.812503493359528,nan,nan,NO_WELD,0.0,0.0,False,False,False,False,False,vertical
114.523,0.0,0.0,0.0,0.0,0.0,0.0,0.0,0.0,543,0,0.5032,0.0,2.812503493359528,nan,nan,NO_WELD,0.0,0.0,False,False,False,False,False,vertical
114.572,0.0,0.0,0.0,0.0,0.0,0.0,0.0,0.0,543,0,0.5032,0.0,2.812503493359528,nan,nan,NO_WELD,0.0,0.0,False,False,False,False,False,vertical
114.623,0.0,0.0,0.0,0.0,0.0,0.0,0.0,0.0,543,0,0.5032,0.0,2.812503493359528,nan,nan,NO_WELD,0.0,0.0,False,False,False,False,False,vertical
114.672,0.0,0.0,0.0,0.0,0.0,0.0,0.0,0.0,543,0,0.5032,0.0,3.5156285662866162,nan,nan,NO_WELD,0.0,0.0,False,False,False,False,False,vertical
114.723,0.0,0.0,0.0,0.0,0.0,0.0,0.0,0.0,543,0,0.5032,0.0,3.5156285662866162,nan,nan,NO_WELD,0.0,0.0,False,False,False,False,False,vertical
114.772,0.0,0.0,0.0,0.0,0.0,0.0,0.0,0.0,543,0,0.5032,0.0,3.1640659231013664,nan,nan,NO_WELD,0.0,0.0,False,False,False,False,False,vertical
114.823,0.0,0.0,0.0,0.0,0.0,0.0,0.0,0.0,543,0,0.5032,0.0,3.1640659231013664,nan,nan,NO_WELD,0.0,0.0,False,False,False,False,False,vertical
114.872,0.0,0.0,0.0,0.0,0.0,0.0,0.0,0.0,543,0,0.5032,0.0,3.1640659231013664,nan,nan,NO_WELD,0.0,0.0,False,False,False,False,False,vertical
114.923,0.0,0.0,0.0,0.0,0.0,0.0,0.0,0.0,543,0,0.5032,0.0,3.1640659231013664,nan,nan,NO_WELD,0.0,0.0,False,False,False,False,False,vertical
114.972,0.0,0.0,0.0,0.0,0.0,0.0,0.0,0.0,543,0,0.5032,0.0,-3.8671843792826963,nan,nan,NO_WELD,0.0,0.0,False,False,False,False,False,vertical
115.023,0.0,0.0,0.0,0.0,0.0,0.0,0.0,0.0,543,0,0.5032,0.0,-3.8671843792826963,nan,nan,NO_WELD,0.0,0.0,False,False,False,False,False,vertical
115.072,0.0,0.0,0.0,0.0,0.0,0.0,0.0,0.0,543,0,0.5032,0.0,-3.5156217360974464,nan,nan,NO_WELD,0.0,0.0,False,False,False,False,False,vertical
115.123,0.0,0.0,0.0,0.0,0.0,0.0,0.0,0.0,543,0,0.5032,0.0,-3.5156217360974464,nan,nan,NO_WELD,0.0,0.0,False,False,False,False,False,vertical
115.174,0.0,0.0,0.0,0.0,0.0,0.0,0.0,0.0,543,0,0.5032,0.0,-3.5156217360974464,nan,nan,NO_WELD,0.0,0.0,False,False,False,False,False,vertical
115.223,0.0,0.0,0.0,0.0,0.0,0.0,0.0,0.0,543,0,0.5032,0.0,-3.5156217360974464,nan,nan,NO_WELD,0.0,0.0,False,False,False,False,False,vertical
115.272,0.0,0.0,0.0,0.0,0.0,0.0,0.0,0.0,543,0,0.5032,0.0,-3.5156217360974464,nan,nan,NO_WELD,0.0,0.0,False,False,False,False,False,vertical
115.323,0.0,0.0,0.0,0.0,0.0,0.0,0.0,0.0,543,0,0.5032,0.0,-3.5156217360974464,nan,nan,NO_WELD,0.0,0.0,False,False,False,False,False,vertical
115.372,0.0,0.0,0.0,0.0,0.0,0.0,0.0,0.0,543,0,0.5032,0.0,-3.5156217360974464,nan,nan,NO_WELD,0.0,0.0,False,False,False,False,False,vertical
115.423,0.0,0.0,0.0,0.0,0.0,0.0,0.0,0.0,543,0,0.5032,0.0,-3.5156217360974464,nan,nan,NO_WELD,0.0,0.0,False,False,False,False,False,vertical
115.472,0.0,0.0,0.0,0.0,0.0,0.0,0.0,0.0,543,0,0.5032,0.0,-3.5156217360974464,nan,nan,NO_WELD,0.0,0.0,False,False,False,False,False,vertical
115.523,0.0,0.0,0.0,0.0,0.0,0.0,0.0,0.0,543,0,0.5032,0.0,-3.5156217360974464,nan,nan,NO_WELD,0.0,0.0,False,False,False,False,False,vertical
115.572,0.0,0.0,0.0,0.0,0.0,0.0,0.0,0.0,543,0,0.5032,0.0,-3.5156217360974464,nan,nan,NO_WELD,0.0,0.0,False,False,False,False,False,vertical
115.623,0.0,0.0,0.0,0.0,0.0,0.0,0.0,0.0,543,0,0.5032,0.0,-3.5156217360974464,nan,nan,NO_WELD,0.0,0.0,False,False,False,False,False,vertical
115.672,0.0,0.0,0.0,0.0,0.0,0.0,0.0,0.0,543,0,0.5032,0.0,-3.5156217360974464,nan,nan,NO_WELD,0.0,0.0,False,False,False,False,False,vertical
115.723,0.0,0.0,0.0,0.0,0.0,0.0,0.0,0.0,543,0,0.5032,0.0,-3.5156217360974464,nan,nan,NO_WELD,0.0,0.0,False,False,False,False,False,vertical
115.772,0.0,0.0,0.0,0.0,0.0,0.0,0.0,0.0,543,0,0.5032,0.0,3.5156285662866162,nan,nan,NO_WELD,0.0,0.0,False,False,False,False,False,vertical
115.823,0.0,0.0,0.0,0.0,0.0,0.0,0.0,0.0,543,0,0.5032,0.0,3.5156285662866162,nan,nan,NO_WELD,0.0,0.0,False,False,False,False,False,vertical
115.872,0.0,0.0,0.0,0.0,0.0,0.0,0.0,0.0,543,0,0.5032,0.0,3.5156285662866162,nan,nan,NO_WELD,0.0,0.0,False,False,False,False,False,vertical
115.923,0.0,0.0,0.0,0.0,0.0,0.0,0.0,0.0,543,0,0.5032,0.0,3.5156285662866162,nan,nan,NO_WELD,0.0,0.0,False,False,False,False,False,vertical
115.972,0.0,0.0,0.0,0.0,0.0,0.0,0.0,0.0,543,0,0.5032,0.0,1.7578159906906006,nan,nan,NO_WELD,0.0,0.0,False,False,False,False,False,vertical
116.023,0.0,0.0,0.0,0.0,0.0,0.0,0.0,0.0,543,0,0.5032,0.0,1.7578159906906006,nan,nan,NO_WELD,0.0,0.0,False,False,False,False,False,vertical
116.072,0.0,0.0,0.0,0.0,0.0,0.0,0.0,0.0,543,0,0.5032,0.0,2.4609410636176894,nan,nan,NO_WELD,0.0,0.0,False,False,False,False,False,vertical
116.123,0.0,0.0,0.0,0.0,0.0,0.0,0.0,0.0,543,0,0.5032,0.0,2.4609410636176894,nan,nan,NO_WELD,0.0,0.0,False,False,False,False,False,vertical
116.174,0.0,0.0,0.0,0.0,0.0,0.0,0.0,0.0,543,0,0.5032,0.0,-3.5156217360974464,nan,nan,NO_WELD,0.0,0.0,False,False,False,False,False,vertical
116.223,0.0,0.0,0.0,0.0,0.0,0.0,0.0,0.0,543,0,0.5032,0.0,-3.5156217360974464,nan,nan,NO_WELD,0.0,0.0,False,False,False,False,False,vertical
116.272,0.0,0.0,0.0,0.0,0.0,0.0,0.0,0.0,543,0,0.5032,0.0,3.1640659231013664,nan,nan,NO_WELD,0.0,0.0,False,False,False,False,False,vertical
116.323,0.0,0.0,0.0,0.0,0.0,0.0,0.0,0.0,543,0,0.5032,0.0,3.1640659231013664,nan,nan,NO_WELD,0.0,0.0,False,False,False,False,False,vertical
116.372,0.0,0.0,0.0,0.0,0.0,0.0,0.0,0.0,543,0,0.5032,0.0,3.1640659231013664,nan,nan,NO_WELD,0.0,0.0,False,False,False,False,False,vertical
116.423,0.0,0.0,0.0,0.0,0.0,0.0,0.0,0.0,543,0,0.5032,0.0,3.1640659231013664,nan,nan,NO_WELD,0.0,0.0,False,False,False,False,False,vertical
116.472,0.0,0.0,0.0,0.0,0.0,0.0,0.0,0.0,543,0,0.5032,0.0,-3.8671843792826963,nan,nan,NO_WELD,0.0,0.0,False,False,False,False,False,vertical
116.523,0.0,0.0,0.0,0.0,0.0,0.0,0.0,0.0,543,0,0.5032,0.0,-3.8671843792826963,nan,nan,NO_WELD,0.0,0.0,False,False,False,False,False,vertical
116.572,0.0,0.0,0.0,0.0,0.0,0.0,0.0,0.0,543,0,0.5032,0.0,-3.8671843792826963,nan,nan,NO_WELD,0.0,0.0,False,False,False,False,False,vertical
116.623,0.0,0.0,0.0,0.0,0.0,0.0,0.0,0.0,543,0,0.5032,0.0,-3.8671843792826963,nan,nan,NO_WELD,0.0,0.0,False,False,False,False,False,vertical
116.672,0.0,0.0,0.0,0.0,0.0,0.0,0.0,0.0,543,0,0.5032,0.0,-3.8671843792826963,nan,nan,NO_WELD,0.0,0.0,False,False,False,False,False,vertical
116.723,0.0,0.0,0.0,0.0,0.0,0.0,0.0,0.0,543,0,0.5032,0.0,-3.8671843792826963,nan,nan,NO_WELD,0.0,0.0,False,False,False,False,False,vertical
116.772,0.0,0.0,0.0,0.0,0.0,0.0,0.0,0.0,543,0,0.5032,0.0,2.812503493359528,nan,nan,NO_WELD,0.0,0.0,False,False,False,False,False,vertical
116.823,0.0,0.0,0.0,0.0,0.0,0.0,0.0,0.0,543,0,0.5032,0.0,2.812503493359528,nan,nan,NO_WELD,0.0,0.0,False,False,False,False,False,vertical
116.872,0.0,0.0,0.0,0.0,0.0,0.0,0.0,0.0,543,0,0.5032,0.0,2.812503493359528,nan,nan,NO_WELD,0.0,0.0,False,False,False,False,False,vertical
116.923,0.0,0.0,0.0,0.0,0.0,0.0,0.0,0.0,543,0,0.5032,0.0,2.812503493359528,nan,nan,NO_WELD,0.0,0.0,False,False,False,False,False,vertical
116.972,0.0,0.0,0.0,0.0,0.0,0.0,0.0,0.0,543,0,0.5032,0.0,2.812503493359528,nan,nan,NO_WELD,0.0,0.0,False,False,False,False,False,vertical
117.023,0.0,0.0,0.0,0.0,0.0,0.0,0.0,0.0,543,0,0.5032,0.0,2.812503493359528,nan,nan,NO_WELD,0.0,0.0,False,False,False,False,False,vertical
117.072,0.0,0.0,0.0,0.0,0.0,0.0,0.0,0.0,543,0,0.5032,0.0,-3.164059092912196,nan,nan,NO_WELD,0.0,0.0,False,False,False,False,False,vertical
117.123,0.0,0.0,0.0,0.0,0.0,0.0,0.0,0.0,543,0,0.5032,0.0,-3.164059092912196,nan,nan,NO_WELD,0.0,0.0,False,False,False,False,False,vertical
117.174,0.0,0.0,0.0,0.0,0.0,0.0,0.0,0.0,543,0,0.5032,0.0,2.812503493359528,nan,nan,NO_WELD,0.0,0.0,False,False,False,False,False,vertical
117.223,0.0,0.0,0.0,0.0,0.0,0.0,0.0,0.0,543,0,0.5032,0.0,2.812503493359528,nan,nan,NO_WELD,0.0,0.0,False,False,False,False,False,vertical
117.272,0.0,0.0,0.0,0.0,0.0,0.0,0.0,0.0,543,0,0.5032,0.0,-2.8124966631703576,nan,nan,NO_WELD,0.0,0.0,False,False,False,False,False,vertical
117.323,0.0,0.0,0.0,0.0,0.0,0.0,0.0,0.0,543,0,0.5032,0.0,-2.8124966631703576,nan,nan,NO_WELD,0.0,0.0,False,False,False,False,False,vertical
117.372,0.0,0.0,0.0,0.0,0.0,0.0,0.0,0.0,543,0,0.5032,0.0,-2.8124966631703576,nan,nan,NO_WELD,0.0,0.0,False,False,False,False,False,vertical
117.423,0.0,0.0,0.0,0.0,0.0,0.0,0.0,0.0,543,0,0.5032,0.0,-2.8124966631703576,nan,nan,NO_WELD,0.0,0.0,False,False,False,False,False,vertical
117.472,0.0,0.0,0.0,0.0,0.0,0.0,0.0,0.0,543,0,0.5032,0.0,-2.8124966631703576,nan,nan,NO_WELD,0.0,0.0,False,False,False,False,False,vertical
117.523,0.0,0.0,0.0,0.0,0.0,0.0,0.0,0.0,543,0,0.5032,0.0,-2.8124966631703576,nan,nan,NO_WELD,0.0,0.0,False,False,False,False,False,vertical
117.572,0.0,0.0,0.0,0.0,0.0,0.0,0.0,0.0,543,0,0.5032,0.0,-2.8124966631703576,nan,nan,NO_WELD,0.0,0.0,False,False,False,False,False,vertical
117.623,0.0,0.0,0.0,0.0,0.0,0.0,0.0,0.0,543,0,0.5032,0.0,-2.8124966631703576,nan,nan,NO_WELD,0.0,0.0,False,False,False,False,False,vertical
117.672,0.0,0.0,0.0,0.0,0.0,0.0,0.0,0.0,543,0,0.5032,0.0,-2.8124966631703576,nan,nan,NO_WELD,0.0,0.0,False,False,False,False,False,vertical
117.723,0.0,0.0,0.0,0.0,0.0,0.0,0.0,0.0,543,0,0.5032,0.0,-2.8124966631703576,nan,nan,NO_WELD,0.0,0.0,False,False,False,False,False,vertical
117.772,0.0,0.0,0.0,0.0,0.0,0.0,0.0,0.0,543,0,0.5032,0.0,-2.8124966631703576,nan,nan,NO_WELD,0.0,0.0,False,False,False,False,False,vertical
117.824,0.0,0.0,0.0,0.0,0.0,0.0,0.0,0.0,543,0,0.5032,0.0,2.812503493359528,nan,nan,NO_WELD,0.0,0.0,False,False,False,False,False,vertical
117.872,0.0,0.0,0.0,0.0,0.0,0.0,0.0,0.0,543,0,0.5032,0.0,2.812503493359528,nan,nan,NO_WELD,0.0,0.0,False,False,False,False,False,vertical
117.924,0.0,0.0,0.0,0.0,0.0,0.0,0.0,0.0,543,0,0.5032,0.0,2.812503493359528,nan,nan,NO_WELD,0.0,0.0,False,False,False,False,False,vertical
117.972,0.0,0.0,0.0,0.0,0.0,0.0,0.0,0.0,543,0,0.5032,0.0,2.812503493359528,nan,nan,NO_WELD,0.0,0.0,False,False,False,False,False,vertical
118.023,0.0,0.0,0.0,0.0,0.0,0.0,0.0,0.0,543,0,0.5032,0.0,-3.5156217360974464,nan,nan,NO_WELD,0.0,0.0,False,False,False,False,False,vertical
118.072,0.0,0.0,0.0,0.0,0.0,0.0,0.0,0.0,543,0,0.5032,0.0,-3.5156217360974464,nan,nan,NO_WELD,0.0,0.0,False,False,False,False,False,vertical
118.123,0.0,0.0,0.0,0.0,0.0,0.0,0.0,0.0,543,0,0.5032,0.0,-0.35155909468853286,nan,nan,NO_WELD,0.0,0.0,False,False,False,False,False,vertical
118.174,0.0,0.0,0.0,0.0,0.0,0.0,0.0,0.0,543,0,0.5032,0.0,-0.35155909468853286,nan,nan,NO_WELD,0.0,0.0,False,False,False,False,False,vertical
118.223,0.0,0.0,0.0,0.0,0.0,0.0,0.0,0.0,543,0,0.5032,0.0,-3.8671843792826963,nan,nan,NO_WELD,0.0,0.0,False,False,False,False,False,vertical
118.272,0.0,0.0,0.0,0.0,0.0,0.0,0.0,0.0,543,0,0.5032,0.0,-3.8671843792826963,nan,nan,NO_WELD,0.0,0.0,False,False,False,False,False,vertical
118.323,0.0,0.0,0.0,0.0,0.0,0.0,0.0,0.0,543,0,0.5032,0.0,-2.460934233428519,nan,nan,NO_WELD,0.0,0.0,False,False,False,False,False,vertical
118.372,0.0,0.0,0.0,0.0,0.0,0.0,0.0,0.0,543,0,0.5032,0.0,-2.460934233428519,nan,nan,NO_WELD,0.0,0.0,False,False,False,False,False,vertical
118.423,0.0,0.0,0.0,0.0,0.0,0.0,0.0,0.0,543,0,0.5032,0.0,-2.460934233428519,nan,nan,NO_WELD,0.0,0.0,False,False,False,False,False,vertical
118.472,0.0,0.0,0.0,0.0,0.0,0.0,0.0,0.0,543,0,0.5032,0.0,-2.460934233428519,nan,nan,NO_WELD,0.0,0.0,False,False,False,False,False,vertical
118.523,0.0,0.0,0.0,0.0,0.0,0.0,0.0,0.0,543,0,0.5032,0.0,-3.164059092912196,nan,nan,NO_WELD,0.0,0.0,False,False,False,False,False,vertical
118.572,0.0,0.0,0.0,0.0,0.0,0.0,0.0,0.0,543,0,0.5032,0.0,-3.164059092912196,nan,nan,NO_WELD,0.0,0.0,False,False,False,False,False,vertical
118.623,0.0,0.0,0.0,0.0,0.0,0.0,0.0,0.0,543,0,0.5032,0.0,3.1640659231013664,nan,nan,NO_WELD,0.0,0.0,False,False,False,False,False,vertical
118.672,0.0,0.0,0.0,0.0,0.0,0.0,0.0,0.0,543,0,0.5032,0.0,3.1640659231013664,nan,nan,NO_WELD,0.0,0.0,False,False,False,False,False,vertical
118.723,0.0,0.0,0.0,0.0,0.0,0.0,0.0,0.0,543,0,0.5032,0.0,2.812503493359528,nan,nan,NO_WELD,0.0,0.0,False,False,False,False,False,vertical
118.772,0.0,0.0,0.0,0.0,0.0,0.0,0.0,0.0,543,0,0.5032,0.0,2.812503493359528,nan,nan,NO_WELD,0.0,0.0,False,False,False,False,False,vertical
118.822,0.0,0.0,0.0,0.0,0.0,0.0,0.0,0.0,543,0,0.5032,0.0,-2.460934233428519,nan,nan,NO_WELD,0.0,0.0,False,False,False,False,False,vertical
118.872,0.0,0.0,0.0,0.0,0.0,0.0,0.0,0.0,543,0,0.5032,0.0,-2.460934233428519,nan,nan,NO_WELD,0.0,0.0,False,False,False,False,False,vertical
118.923,0.0,0.0,0.0,0.0,0.0,0.0,0.0,0.0,543,0,0.5032,0.0,-2.460934233428519,nan,nan,NO_WELD,0.0,0.0,False,False,False,False,False,vertical
118.972,0.0,0.0,0.0,0.0,0.0,0.0,0.0,0.0,543,0,0.5032,0.0,-2.460934233428519,nan,nan,NO_WELD,0.0,0.0,False,False,False,False,False,vertical
119.022,0.0,0.0,0.0,0.0,0.0,0.0,0.0,0.0,543,0,0.5032,0.0,-2.460934233428519,nan,nan,NO_WELD,0.0,0.0,False,False,False,False,False,vertical
119.072,0.0,0.0,0.0,0.0,0.0,0.0,0.0,0.0,543,0,0.5032,0.0,-2.460934233428519,nan,nan,NO_WELD,0.0,0.0,False,False,False,False,False,vertical
119.122,0.0,0.0,0.0,0.0,0.0,0.0,0.0,0.0,543,0,0.5032,0.0,2.812503493359528,nan,nan,NO_WELD,0.0,0.0,False,False,False,False,False,vertical
119.174,0.0,0.0,0.0,0.0,0.0,0.0,0.0,0.0,543,0,0.5032,0.0,2.812503493359528,nan,nan,NO_WELD,0.0,0.0,False,False,False,False,False,vertical
119.222,0.0,0.0,0.0,0.0,0.0,0.0,0.0,0.0,543,0,0.5032,0.0,2.4609410636176894,nan,nan,NO_WELD,0.0,0.0,False,False,False,False,False,vertical
119.272,0.0,0.0,0.0,0.0,0.0,0.0,0.0,0.0,543,0,0.5032,0.0,2.4609410636176894,nan,nan,NO_WELD,0.0,0.0,False,False,False,False,False,vertical
119.322,0.0,0.0,0.0,0.0,0.0,0.0,0.0,0.0,543,0,0.5032,0.0,2.812503493359528,nan,nan,NO_WELD,0.0,0.0,False,False,False,False,False,vertical
119.372,0.0,0.0,0.0,0.0,0.0,0.0,0.0,0.0,543,0,0.5032,0.0,2.812503493359528,nan,nan,NO_WELD,0.0,0.0,False,False,False,False,False,vertical
119.423,0.0,0.0,0.0,0.0,0.0,0.0,0.0,0.0,543,0,0.5032,0.0,3.4150945850063755e-06,nan,nan,NO_WELD,0.0,0.0,False,False,False,False,False,vertical
119.472,0.0,0.0,0.0,0.0,0.0,0.0,0.0,0.0,543,0,0.5032,0.0,3.4150945850063755e-06,nan,nan,NO_WELD,0.0,0.0,False,False,False,False,False,vertical
119.522,0.0,0.0,0.0,0.0,0.0,0.0,0.0,0.0,543,0,0.5032,0.0,3.4150945850063755e-06,nan,nan,NO_WELD,0.0,0.0,False,False,False,False,False,vertical
119.572,0.0,0.0,0.0,0.0,0.0,0.0,0.0,0.0,543,0,0.5032,0.0,3.4150945850063755e-06,nan,nan,NO_WELD,0.0,0.0,False,False,False,False,False,vertical
119.622,0.0,0.0,0.0,0.0,0.0,0.0,0.0,0.0,543,0,0.5032,0.0,3.4150945850063755e-06,nan,nan,NO_WELD,0.0,0.0,False,False,False,False,False,vertical
119.672,0.0,0.0,0.0,0.0,0.0,0.0,0.0,0.0,543,0,0.5032,0.0,3.4150945850063755e-06,nan,nan,NO_WELD,0.0,0.0,False,False,False,False,False,vertical
119.723,0.030374496557407583,-0.05,0.022874496557407583,0.037874496557407586,0.0,0.0,0.0229,0.0379,543,0,0.5032,0.0,3.1640659231013664,3.1640659231013664,0.0,WELD_FOUND,0.3565,0.5903,False,False,False,False,False,vertical
119.772,0.030374496557407583,-0.05,0.022874496557407583,0.037874496557407586,0.0,0.0,0.0229,0.0379,543,0,0.5032,0.0,3.1640659231013664,3.1640659231013664,0.0,WELD_FOUND,0.3565,0.5903,False,False,False,False,False,vertical
119.822,0.0,0.0,0.0,0.0,0.0,0.0,0.0,0.0,543,0,0.5032,0.0,3.1640659231013664,nan,nan,NO_WELD,0.0,0.0,False,False,False,False,False,vertical
119.872,0.0,0.0,0.0,0.0,0.0074,0.0,-0.0074,0.0,546,0,0.506,0.0,3.1640659231013664,nan,nan,NO_WELD,0.0,0.0,False,False,False,False,False,vertical
119.922,0.0,0.0,0.0,0.0,0.0074,0.0,-0.0074,0.0,546,0,0.506,0.0,3.1640659231013664,nan,nan,NO_WELD,0.0,0.0,False,False,False,False,False,vertical
119.972,0.0,0.0,0.0,0.0,0.0082,0.0,-0.0082,0.0,547,0,0.5069,0.0,3.1640659231013664,nan,nan,NO_WELD,0.0,0.0,False,False,False,False,False,vertical
120.022,0.0,0.0,0.0,0.0,0.0082,0.0,-0.0082,0.0,547,0,0.5069,0.0,3.1640659231013664,nan,nan,NO_WELD,0.0,0.0,False,False,False,False,False,vertical
120.072,0.0,0.0,0.0,0.0,0.0082,0.0,-0.0082,0.0,547,0,0.5069,0.0,3.1640659231013664,nan,nan,NO_WELD,0.0,0.0,False,False,False,False,False,vertical
120.122,0.0,0.0,0.0,0.0,0.0065,0.0,-0.0065,0.0,547,0,0.5069,0.0,3.1640659231013664,nan,nan,NO_WELD,0.0,0.0,False,False,False,False,False,vertical
120.174,0.0,0.0,0.0,0.0,0.0065,0.0,-0.0065,0.0,547,0,0.5069,0.0,3.1640659231013664,nan,nan,NO_WELD,0.0,0.0,False,False,False,False,False,vertical
120.222,0.0,0.0,0.0,0.0,0.0065,0.0,-0.0065,0.0,547,0,0.5069,0.0,3.1640659231013664,nan,nan,NO_WELD,0.0,0.0,False,False,False,False,False,vertical
120.272,0.0,0.0,0.0,0.0,0.0052,0.0,-0.0052,0.0,547,0,0.5069,0.0,3.1640659231013664,nan,nan,NO_WELD,0.0,0.0,False,False,False,False,False,vertical
120.322,0.0,0.0,0.0,0.0,0.0052,0.0,-0.0052,0.0,547,0,0.5069,0.0,3.1640659231013664,nan,nan,NO_WELD,0.0,0.0,False,False,False,False,False,vertical
120.372,0.0,0.0,0.0,0.0,0.0042,0.0,-0.0042,0.0,547,0,0.5069,0.0,3.1640659231013664,nan,nan,NO_WELD,0.0,0.0,False,False,False,False,False,vertical
120.422,0.0,0.0,0.0,0.0,0.0042,0.0,-0.0042,0.0,547,0,0.5069,0.0,3.1640659231013664,nan,nan,NO_WELD,0.0,0.0,False,False,False,False,False,vertical
120.472,0.0,0.0,0.0,0.0,0.0042,0.0,-0.0042,0.0,547,0,0.5069,0.0,3.1640659231013664,nan,nan,NO_WELD,0.0,0.0,False,False,False,False,False,vertical
120.523,0.0,0.0,0.0,0.0,0.0033,0.0,-0.0033,0.0,547,0,0.5069,0.0,3.1640659231013664,nan,nan,NO_WELD,0.0,0.0,False,False,False,False,False,vertical
120.572,0.0,0.0,0.0,0.0,0.0033,0.0,-0.0033,0.0,547,0,0.5069,0.0,3.1640659231013664,nan,nan,NO_WELD,0.0,0.0,False,False,False,False,False,vertical
120.622,0.0,0.0,0.0,0.0,0.0033,0.0,-0.0033,0.0,547,0,0.5069,0.0,3.1640659231013664,nan,nan,NO_WELD,0.0,0.0,False,False,False,False,False,vertical
120.672,0.0,0.0,0.0,0.0,0.0027,0.0,-0.0027,0.0,547,0,0.5069,0.0,3.1640659231013664,nan,nan,NO_WELD,0.0,0.0,False,False,False,False,False,vertical
120.722,0.0,0.0,0.0,0.0,0.0027,0.0,-0.0027,0.0,547,0,0.5069,0.0,3.1640659231013664,nan,nan,NO_WELD,0.0,0.0,False,False,False,False,False,vertical
120.772,0.0,0.0,0.0,0.0,0.0027,0.0,-0.0027,0.0,547,0,0.5069,0.0,3.1640659231013664,nan,nan,NO_WELD,0.0,0.0,False,False,False,False,False,vertical
120.822,0.0,0.0,0.0,0.0,0.0021,0.0,-0.0021,0.0,547,0,0.5069,0.0,3.1640659231013664,nan,nan,NO_WELD,0.0,0.0,False,False,False,False,False,vertical
120.872,0.0,0.0,0.0,0.0,0.0021,0.0,-0.0021,0.0,547,0,0.5069,0.0,3.1640659231013664,nan,nan,NO_WELD,0.0,0.0,False,False,False,False,False,vertical
120.922,0.0,0.0,0.0,0.0,0.0017,0.0,-0.0017,0.0,547,0,0.5069,0.0,-2.460934233428519,nan,nan,NO_WELD,0.0,0.0,False,False,False,False,False,vertical
120.972,0.0,0.0,0.0,0.0,0.0017,0.0,-0.0017,0.0,547,0,0.5069,0.0,-2.460934233428519,nan,nan,NO_WELD,0.0,0.0,False,False,False,False,False,vertical
121.022,0.0,0.0,0.0,0.0,0.0017,0.0,-0.0017,0.0,547,0,0.5069,0.0,-2.460934233428519,nan,nan,NO_WELD,0.0,0.0,False,False,False,False,False,vertical
121.072,0.0,0.0,0.0,0.0,0.0014,0.0,-0.0014,0.0,547,0,0.5069,0.0,-2.460934233428519,nan,nan,NO_WELD,0.0,0.0,False,False,False,False,False,vertical
121.122,0.0,0.0,0.0,0.0,0.0014,0.0,-0.0014,0.0,547,0,0.5069,0.0,-2.460934233428519,nan,nan,NO_WELD,0.0,0.0,False,False,False,False,False,vertical
121.174,0.0,0.0,0.0,0.0,0.0014,0.0,-0.0014,0.0,547,0,0.5069,0.0,-2.460934233428519,nan,nan,NO_WELD,0.0,0.0,False,False,False,False,False,vertical
121.222,0.0,0.0,0.0,0.0,0.0011,0.0,-0.0011,0.0,547,0,0.5069,0.0,-2.460934233428519,nan,nan,NO_WELD,0.0,0.0,False,False,False,False,False,vertical
121.272,0.0,0.0,0.0,0.0,0.0011,0.0,-0.0011,0.0,547,0,0.5069,0.0,-2.460934233428519,nan,nan,NO_WELD,0.0,0.0,False,False,False,False,False,vertical
121.322,0.0,0.0,0.0,0.0,0.0011,0.0,-0.0011,0.0,547,0,0.5069,0.0,3.4150945850063755e-06,nan,nan,NO_WELD,0.0,0.0,False,False,False,False,False,vertical
121.372,0.0,0.0,0.0,0.0,0.0,0.0,0.0,0.0,547,0,0.5069,0.0,3.4150945850063755e-06,nan,nan,NO_WELD,0.0,0.0,False,False,False,False,False,vertical
121.422,0.0,0.0,0.0,0.0,0.0,0.0,0.0,0.0,547,0,0.5069,0.0,-3.5156217360974464,nan,nan,NO_WELD,0.0,0.0,False,False,False,False,False,vertical
121.472,0.0,0.0,0.0,0.0,0.0,0.0,0.0,0.0,547,0,0.5069,0.0,-3.5156217360974464,nan,nan,NO_WELD,0.0,0.0,False,False,False,False,False,vertical
121.522,0.0,0.0,0.0,0.0,0.0,0.0,0.0,0.0,547,0,0.5069,0.0,-3.5156217360974464,nan,nan,NO_WELD,0.0,0.0,False,False,False,False,False,vertical
121.572,0.0,0.0,0.0,0.0,0.0,0.0,0.0,0.0,547,0,0.5069,0.0,-3.5156217360974464,nan,nan,NO_WELD,0.0,0.0,False,False,False,False,False,vertical
121.622,0.0,0.0,0.0,0.0,0.0,0.0,0.0,0.0,547,0,0.5069,0.0,-3.5156217360974464,nan,nan,NO_WELD,0.0,0.0,False,False,False,False,False,vertical
121.672,0.0,0.0,0.0,0.0,0.0,0.0,0.0,0.0,547,0,0.5069,0.0,-3.5156217360974464,nan,nan,NO_WELD,0.0,0.0,False,False,False,False,False,vertical
121.722,0.0,0.0,0.0,0.0,0.0,0.0,0.0,0.0,547,0,0.5069,0.0,-3.5156217360974464,nan,nan,NO_WELD,0.0,0.0,False,False,False,False,False,vertical
121.772,0.0,0.0,0.0,0.0,0.0,0.0,0.0,0.0,547,0,0.5069,0.0,-3.5156217360974464,nan,nan,NO_WELD,0.0,0.0,False,False,False,False,False,vertical
121.822,0.0,0.0,0.0,0.0,0.0,0.0,0.0,0.0,547,0,0.5069,0.0,-3.5156217360974464,nan,nan,NO_WELD,0.0,0.0,False,False,False,False,False,vertical
121.872,0.0,0.0,0.0,0.0,0.0,0.0,0.0,0.0,547,0,0.5069,0.0,-3.5156217360974464,nan,nan,NO_WELD,0.0,0.0,False,False,False,False,False,vertical
121.922,0.0,0.0,0.0,0.0,0.0,0.0,0.0,0.0,547,0,0.5069,0.0,3.4150945850063755e-06,nan,nan,NO_WELD,0.0,0.0,False,False,False,False,False,vertical
121.972,0.0,0.0,0.0,0.0,0.0,0.0,0.0,0.0,547,0,0.5069,0.0,3.4150945850063755e-06,nan,nan,NO_WELD,0.0,0.0,False,False,False,False,False,vertical
122.022,0.0,0.0,0.0,0.0,0.0,0.0,0.0,0.0,547,0,0.5069,0.0,0.7031284346608206,nan,nan,NO_WELD,0.0,0.0,False,False,False,False,False,vertical
122.072,0.0,0.0,0.0,0.0,0.0,0.0,0.0,0.0,547,0,0.5069,0.0,0.7031284346608206,nan,nan,NO_WELD,0.0,0.0,False,False,False,False,False,vertical
122.122,0.0,0.0,0.0,0.0,0.0,0.0,0.0,0.0,547,0,0.5069,0.0,1.4062534542270564,nan,nan,NO_WELD,0.0,0.0,False,False,False,False,False,vertical
122.174,0.0,0.0,0.0,0.0,0.0,0.0,0.0,0.0,547,0,0.5069,0.0,1.4062534542270564,nan,nan,NO_WELD,0.0,0.0,False,False,False,False,False,vertical
122.222,0.0,0.0,0.0,0.0,0.0,0.0,0.0,0.0,547,0,0.5069,0.0,1.4062534542270564,nan,nan,NO_WELD,0.0,0.0,False,False,False,False,False,vertical
122.272,0.0,0.0,0.0,0.0,0.0,0.0,0.0,0.0,547,0,0.5069,0.0,1.4062534542270564,nan,nan,NO_WELD,0.0,0.0,False,False,False,False,False,vertical
122.322,0.0,0.0,0.0,0.0,0.0,0.0,0.0,0.0,547,0,0.5069,0.0,1.4062534542270564,nan,nan,NO_WELD,0.0,0.0,False,False,False,False,False,vertical
122.372,0.0,0.0,0.0,0.0,0.0,0.0,0.0,0.0,547,0,0.5069,0.0,1.4062534542270564,nan,nan,NO_WELD,0.0,0.0,False,False,False,False,False,vertical
122.422,0.0,0.0,0.0,0.0,0.0,0.0,0.0,0.0,547,0,0.5069,0.0,1.4062534542270564,nan,nan,NO_WELD,0.0,0.0,False,False,False,False,False,vertical
122.472,0.0,0.0,0.0,0.0,0.0,0.0,0.0,0.0,547,0,0.5069,0.0,1.4062534542270564,nan,nan,NO_WELD,0.0,0.0,False,False,False,False,False,vertical
122.522,0.0,0.0,0.0,0.0,0.0,0.0,0.0,0.0,547,0,0.5069,0.0,1.4062534542270564,nan,nan,NO_WELD,0.0,0.0,False,False,False,False,False,vertical
122.572,0.0,0.0,0.0,0.0,0.0,0.0,0.0,0.0,547,0,0.5069,0.0,1.4062534542270564,nan,nan,NO_WELD,0.0,0.0,False,False,False,False,False,vertical
122.622,0.0,0.0,0.0,0.0,0.0,0.0,0.0,0.0,547,0,0.5069,0.0,0.35156592487770283,nan,nan,NO_WELD,0.0,0.0,False,False,False,False,False,vertical
122.672,0.0,0.0,0.0,0.0,0.0,0.0,0.0,0.0,547,0,0.5069,0.0,0.35156592487770283,nan,nan,NO_WELD,0.0,0.0,False,False,False,False,False,vertical
122.722,0.0,0.0,0.0,0.0,0.0,0.0,0.0,0.0,547,0,0.5069,0.0,-3.8671843792826963,nan,nan,NO_WELD,0.0,0.0,False,False,False,False,False,vertical
122.772,0.0,0.0,0.0,0.0,0.0,0.0,0.0,0.0,547,0,0.5069,0.0,-3.8671843792826963,nan,nan,NO_WELD,0.0,0.0,False,False,False,False,False,vertical
122.822,0.0,0.0,0.0,0.0,0.0,0.0,0.0,0.0,547,0,0.5069,0.0,-3.8671843792826963,nan,nan,NO_WELD,0.0,0.0,False,False,False,False,False,vertical
122.872,0.0,0.0,0.0,0.0,0.0,0.0,0.0,0.0,547,0,0.5069,0.0,-3.8671843792826963,nan,nan,NO_WELD,0.0,0.0,False,False,False,False,False,vertical
122.922,0.0,0.0,0.0,0.0,0.0,0.0,0.0,0.0,547,0,0.5069,0.0,-3.5156217360974464,nan,nan,NO_WELD,0.0,0.0,False,False,False,False,False,vertical
122.972,0.0,0.0,0.0,0.0,0.0,0.0,0.0,0.0,547,0,0.5069,0.0,-3.5156217360974464,nan,nan,NO_WELD,0.0,0.0,False,False,False,False,False,vertical
123.022,0.0,0.0,0.0,0.0,0.0,0.0,0.0,0.0,547,0,0.5069,0.0,-3.5156217360974464,nan,nan,NO_WELD,0.0,0.0,False,False,False,False,False,vertical
123.072,0.0,0.0,0.0,0.0,0.0,0.0,0.0,0.0,547,0,0.5069,0.0,-3.5156217360974464,nan,nan,NO_WELD,0.0,0.0,False,False,False,False,False,vertical
123.122,0.0,0.0,0.0,0.0,0.0,0.0,0.0,0.0,547,0,0.5069,0.0,-4.218746595581123,nan,nan,NO_WELD,0.0,0.0,False,False,False,False,False,vertical
123.174,0.0,0.0,0.0,0.0,0.0,0.0,0.0,0.0,547,0,0.5069,0.0,-4.218746595581123,nan,nan,NO_WELD,0.0,0.0,False,False,False,False,False,vertical
123.222,0.0,0.0,0.0,0.0,0.0,0.0,0.0,0.0,547,0,0.5069,0.0,-3.5156217360974464,nan,nan,NO_WELD,0.0,0.0,False,False,False,False,False,vertical
123.272,0.0,0.0,0.0,0.0,0.0,0.0,0.0,0.0,547,0,0.5069,0.0,-3.5156217360974464,nan,nan,NO_WELD,0.0,0.0,False,False,False,False,False,vertical
123.322,0.0,0.0,0.0,0.0,0.0,0.0,0.0,0.0,547,0,0.5069,0.0,-2.8124966631703576,-2.8124966631703576,0.0,WELD_FOUND,0.0,0.0,False,False,False,False,False,vertical
123.372,0.0,0.0,0.0,0.0,0.0,0.0,0.0,0.0,547,0,0.5069,0.0,-2.8124966631703576,-2.8124966631703576,0.0,WELD_FOUND,0.0,0.0,False,False,False,False,False,vertical
123.422,0.0,0.0,0.0,0.0,0.0,0.0,0.0,0.0,547,0,0.5069,0.0,-2.8124966631703576,nan,nan,NO_WELD,0.0,0.0,False,False,False,False,False,vertical
123.472,0.0,0.0,0.0,0.0,0.0,0.0,0.0,0.0,547,0,0.5069,0.0,-2.8124966631703576,nan,nan,NO_WELD,0.0,0.0,False,False,False,False,False,vertical
123.522,0.0,0.0,0.0,0.0,0.0,0.0,0.0,0.0,547,0,0.5069,0.0,-2.8124966631703576,nan,nan,NO_WELD,0.0,0.0,False,False,False,False,False,vertical
123.572,0.0,0.0,0.0,0.0,0.0,0.0,0.0,0.0,547,0,0.5069,0.0,-2.8124966631703576,nan,nan,NO_WELD,0.0,0.0,False,False,False,False,False,vertical
123.622,0.0,0.0,0.0,0.0,0.0,0.0,0.0,0.0,547,0,0.5069,0.0,-2.8124966631703576,nan,nan,NO_WELD,0.0,0.0,False,False,False,False,False,vertical
123.672,0.0,0.0,0.0,0.0,0.0,0.0,0.0,0.0,547,0,0.5069,0.0,-2.8124966631703576,nan,nan,NO_WELD,0.0,0.0,False,False,False,False,False,vertical
123.722,0.0,0.0,0.0,0.0,0.0,0.0,0.0,0.0,547,0,0.5069,0.0,-2.8124966631703576,nan,nan,NO_WELD,0.0,0.0,False,False,False,False,False,vertical
123.772,0.0,0.0,0.0,0.0,0.0,0.0,0.0,0.0,547,0,0.5069,0.0,-2.8124966631703576,nan,nan,NO_WELD,0.0,0.0,False,False,False,False,False,vertical
123.822,0.0,0.0,0.0,0.0,0.0,0.0,0.0,0.0,547,0,0.5069,0.0,-2.8124966631703576,nan,nan,NO_WELD,0.0,0.0,False,False,False,False,False,vertical
123.872,0.0,0.0,0.0,0.0,0.0,0.0,0.0,0.0,547,0,0.5069,0.0,-2.8124966631703576,nan,nan,NO_WELD,0.0,0.0,False,False,False,False,False,vertical
123.922,0.0,0.0,0.0,0.0,0.0,0.0,0.0,0.0,547,0,0.5069,0.0,-2.8124966631703576,nan,nan,NO_WELD,0.0,0.0,False,False,False,False,False,vertical
123.972,0.0,0.0,0.0,0.0,0.0,0.0,0.0,0.0,547,0,0.5069,0.0,-2.8124966631703576,nan,nan,NO_WELD,0.0,0.0,False,False,False,False,False,vertical
124.022,0.0,0.0,0.0,0.0,0.0,0.0,0.0,0.0,547,0,0.5069,0.0,-2.8124966631703576,nan,nan,NO_WELD,0.0,0.0,False,False,False,False,False,vertical
124.072,0.0,0.0,0.0,0.0,0.0,0.0,0.0,0.0,547,0,0.5069,0.0,-2.8124966631703576,nan,nan,NO_WELD,0.0,0.0,False,False,False,False,False,vertical
124.122,0.0,0.0,0.0,0.0,0.0,0.0,0.0,0.0,547,0,0.5069,0.0,-2.8124966631703576,nan,nan,NO_WELD,0.0,0.0,False,False,False,False,False,vertical
124.174,0.0,0.0,0.0,0.0,0.0,0.0,0.0,0.0,547,0,0.5069,0.0,-2.8124966631703576,nan,nan,NO_WELD,0.0,0.0,False,False,False,False,False,vertical
124.222,0.0,0.0,0.0,0.0,0.0,0.0,0.0,0.0,547,0,0.5069,0.0,-2.8124966631703576,-2.8124966631703576,0.0,WELD_FOUND,0.0,0.0,False,False,False,False,False,vertical
124.272,0.0,0.0,0.0,0.0,0.0,0.0,0.0,0.0,547,0,0.5069,0.0,-2.8124966631703576,-2.8124966631703576,0.0,WELD_FOUND,0.0,0.0,False,False,False,False,False,vertical
124.322,0.0,0.0,0.0,0.0,0.0,0.0,0.0,0.0,547,0,0.5069,0.0,-2.8124966631703576,nan,nan,NO_WELD,0.0,0.0,False,False,False,False,False,vertical
124.372,0.0,0.0,0.0,0.0,0.0,0.0,0.0,0.0,547,0,0.5069,0.0,-2.8124966631703576,nan,nan,NO_WELD,0.0,0.0,False,False,False,False,False,vertical
124.423,0.0,0.0,0.0,0.0,0.0,0.0,0.0,0.0,547,0,0.5069,0.0,-2.8124966631703576,nan,nan,NO_WELD,0.0,0.0,False,False,False,False,False,vertical
124.472,0.0,0.0,0.0,0.0,0.0,0.0,0.0,0.0,547,0,0.5069,0.0,-2.8124966631703576,nan,nan,NO_WELD,0.0,0.0,False,False,False,False,False,vertical
124.522,0.0,0.0,0.0,0.0,0.0,0.0,0.0,0.0,547,0,0.5069,0.0,-2.8124966631703576,nan,nan,NO_WELD,0.0,0.0,False,False,False,False,False,vertical
124.572,0.0,0.0,0.0,0.0,0.0,0.0,0.0,0.0,547,0,0.5069,0.0,-2.8124966631703576,nan,nan,NO_WELD,0.0,0.0,False,False,False,False,False,vertical
124.622,0.0,0.0,0.0,0.0,0.0,0.0,0.0,0.0,547,0,0.5069,0.0,-2.8124966631703576,nan,nan,NO_WELD,0.0,0.0,False,False,False,False,False,vertical
124.672,0.0,0.0,0.0,0.0,0.0,0.0,0.0,0.0,547,0,0.5069,0.0,-2.8124966631703576,nan,nan,NO_WELD,0.0,0.0,False,False,False,False,False,vertical
124.722,0.0335791327410092,0.05,0.0410791327410092,0.026079132741009203,0.0,0.0,0.0411,0.0261,547,0,0.5069,0.0,-2.8124966631703576,-2.8124966631703576,0.0,WELD_FOUND,0.6119,0.4064,False,False,False,False,False,vertical
124.772,0.0335791327410092,0.05,0.0410791327410092,0.026079132741009203,0.0,0.0,0.0411,0.0261,547,0,0.5069,0.0,-2.8124966631703576,-2.8124966631703576,0.0,WELD_FOUND,0.6119,0.4064,False,False,False,False,False,vertical
124.823,0.0,0.0,0.0,0.0,0.0,0.0,0.0,0.0,547,0,0.5069,0.0,-2.8124966631703576,nan,nan,NO_WELD,0.0,0.0,False,False,False,False,False,vertical
124.872,0.0,0.0,0.0,0.0,0.0,0.0,0.0,0.0,552,0,0.5116,0.0,-2.8124966631703576,nan,nan,NO_WELD,0.0,0.0,False,False,False,False,False,vertical
124.922,0.0335791327410092,0.05,0.0410791327410092,0.026079132741009203,0.0124,0.0,0.0287,0.0261,552,0,0.5116,0.0,-2.8124966631703576,-2.8124966631703576,0.0,WELD_FOUND,0.6119,0.4064,False,False,False,False,False,vertical
124.972,0.0335791327410092,0.05,0.0410791327410092,0.026079132741009203,0.0124,0.0,0.0287,0.0261,550,0,0.5097,0.0,-2.8124966631703576,-2.8124966631703576,0.0,WELD_FOUND,0.6119,0.4064,False,False,False,False,False,vertical
125.022,0.03490595274430516,0.1,0.04990595274430516,0.019905952744305164,0.0124,0.0,0.0375,0.0199,550,0,0.5097,0.0,-2.460934233428519,-2.6367153415777325,0.17578110814921333,WELD_FOUND,0.6528,0.3102,False,False,False,False,False,vertical
125.072,0.03490595274430516,0.1,0.04990595274430516,0.019905952744305164,0.0124,0.0,0.0375,0.0199,554,0,0.5134,0.0,-2.460934233428519,-2.6367153415777325,0.17578110814921333,WELD_FOUND,0.6528,0.3102,False,False,False,False,False,vertical
125.122,0.033842440099368126,0.15000000000000002,0.05634244009936813,0.011342440099368124,0.0124,0.0,0.044,0.0113,554,0,0.5134,0.0,-3.164059092912196,-2.8124966631703576,-0.3515624297418385,WELD_FOUND,0.6826,0.1768,False,False,False,False,False,vertical
125.174,0.033842440099368126,0.15000000000000002,0.05634244009936813,0.011342440099368124,0.0124,0.0,0.044,0.0113,558,0,0.5171,0.0,-3.164059092912196,-2.8124966631703576,-0.3515624297418385,WELD_FOUND,0.6826,0.1768,False,False,False,False,False,vertical
125.222,0.0,0.0,0.0,0.0,0.0173,0.0,-0.0173,0.0,558,0,0.5171,0.0,-3.164059092912196,nan,nan,NO_WELD,0.0,0.0,False,False,False,False,False,vertical
125.272,0.0,0.0,0.0,0.0,0.0173,0.0,-0.0173,0.0,561,0,0.5199,0.0,-3.164059092912196,nan,nan,NO_WELD,0.0,0.0,False,False,False,False,False,vertical
125.322,0.0,0.0,0.0,0.0,0.0173,0.0,-0.0173,0.0,561,0,0.5199,0.0,-3.164059092912196,nan,nan,NO_WELD,0.0,0.0,False,False,False,False,False,vertical
125.372,0.0,0.0,0.0,0.0,0.0178,0.0,-0.0178,0.0,561,0,0.5199,0.0,-3.164059092912196,nan,nan,NO_WELD,0.0,0.0,False,False,False,False,False,vertical
125.422,0.0,0.0,0.0,0.0,0.0178,0.0,-0.0178,0.0,561,0,0.5199,0.0,-3.164059092912196,nan,nan,NO_WELD,0.0,0.0,False,False,False,False,False,vertical
125.472,0.0,0.0,0.0,0.0,0.0142,0.0,-0.0142,0.0,561,0,0.5199,0.0,-3.164059092912196,nan,nan,NO_WELD,0.0,0.0,False,False,False,False,False,vertical
125.522,0.0,0.0,0.0,0.0,0.0142,0.0,-0.0142,0.0,561,0,0.5199,0.0,-3.164059092912196,nan,nan,NO_WELD,0.0,0.0,False,False,False,False,False,vertical
125.572,0.0,0.0,0.0,0.0,0.0114,0.0,-0.0114,0.0,561,0,0.5199,0.0,-3.164059092912196,nan,nan,NO_WELD,0.0,0.0,False,False,False,False,False,vertical
125.622,0.0,0.0,0.0,0.0,0.0114,0.0,-0.0114,0.0,561,0,0.5199,0.0,-3.164059092912196,nan,nan,NO_WELD,0.0,0.0,False,False,False,False,False,vertical
125.672,0.0,0.0,0.0,0.0,0.0114,0.0,-0.0114,0.0,561,0,0.5199,0.0,-3.164059092912196,nan,nan,NO_WELD,0.0,0.0,False,False,False,False,False,vertical
125.722,0.03037455725537767,0.05,0.03787455725537767,0.02287455725537767,0.0091,0.0,0.0288,0.0229,561,0,0.5199,0.0,-3.164059092912196,-3.164059092912196,0.0,WELD_FOUND,0.5903,0.3565,False,False,False,False,False,vertical
125.772,0.03037455725537767,0.05,0.03787455725537767,0.02287455725537767,0.0091,0.0,0.0288,0.0229,560,0,0.519,0.0,-3.164059092912196,-3.164059092912196,0.0,WELD_FOUND,0.5903,0.3565,False,False,False,False,False,vertical
125.822,0.0,0.0,0.0,0.0,0.0018,0.0,-0.0018,0.0,560,0,0.519,0.0,-3.164059092912196,nan,nan,NO_WELD,0.0,0.0,False,False,False,False,False,vertical
125.872,0.0,0.0,0.0,0.0,0.0018,0.0,-0.0018,0.0,562,0,0.5208,0.0,-3.164059092912196,nan,nan,NO_WELD,0.0,0.0,False,False,False,False,False,vertical
125.922,0.0,0.0,0.0,0.0,0.0018,0.0,-0.0018,0.0,562,0,0.5208,0.0,-3.164059092912196,nan,nan,NO_WELD,0.0,0.0,False,False,False,False,False,vertical
125.972,0.0,0.0,0.0,0.0,0.006,0.0,-0.006,0.0,562,0,0.5208,0.0,-3.164059092912196,nan,nan,NO_WELD,0.0,0.0,False,False,False,False,False,vertical
126.022,0.0,0.0,0.0,0.0,0.006,0.0,-0.006,0.0,562,0,0.5208,0.0,-3.164059092912196,nan,nan,NO_WELD,0.0,0.0,False,False,False,False,False,vertical
126.072,0.0,0.0,0.0,0.0,0.0048,0.0,-0.0048,0.0,562,0,0.5208,0.0,-3.164059092912196,nan,nan,NO_WELD,0.0,0.0,False,False,False,False,False,vertical
126.122,0.024447427834514205,0.05,0.03194742783451421,0.016947427834514205,0.0048,0.0,0.0271,0.0169,562,0,0.5208,0.0,-3.8671843792826963,-3.8671843792826963,0.0,WELD_FOUND,0.4979,0.2641,False,False,False,False,False,vertical
126.174,0.024447427834514205,0.05,0.03194742783451421,0.016947427834514205,0.0048,0.0,0.0271,0.0169,562,0,0.5208,0.0,-3.8671843792826963,-3.8671843792826963,0.0,WELD_FOUND,0.4979,0.2641,False,False,False,False,False,vertical
126.222,0.0,0.0,0.0,0.0,0.0038,0.0,-0.0038,0.0,562,0,0.5208,0.0,-3.8671843792826963,nan,nan,NO_WELD,0.0,0.0,False,False,False,False,False,vertical
126.272,0.0,0.0,0.0,0.0,0.0038,0.0,-0.0038,0.0,562,0,0.5208,0.0,-3.8671843792826963,nan,nan,NO_WELD,0.0,0.0,False,False,False,False,False,vertical
126.322,0.0,0.0,0.0,0.0,0.0038,0.0,-0.0038,0.0,562,0,0.5208,0.0,-3.8671843792826963,nan,nan,NO_WELD,0.0,0.0,False,False,False,False,False,vertical
126.372,0.0,0.0,0.0,0.0,0.0031,0.0,-0.0031,0.0,562,0,0.5208,0.0,-3.8671843792826963,nan,nan,NO_WELD,0.0,0.0,False,False,False,False,False,vertical
126.422,0.0,0.0,0.0,0.0,0.0031,0.0,-0.0031,0.0,562,0,0.5208,0.0,-3.8671843792826963,nan,nan,NO_WELD,0.0,0.0,False,False,False,False,False,vertical
126.472,0.0,0.0,0.0,0.0,0.0031,0.0,-0.0031,0.0,562,0,0.5208,0.0,-3.8671843792826963,nan,nan,NO_WELD,0.0,0.0,False,False,False,False,False,vertical
126.522,0.0,0.0,0.0,0.0,0.0025,0.0,-0.0025,0.0,562,0,0.5208,0.0,-3.8671843792826963,nan,nan,NO_WELD,0.0,0.0,False,False,False,False,False,vertical
126.572,0.0,0.0,0.0,0.0,0.0025,0.0,-0.0025,0.0,562,0,0.5208,0.0,-3.8671843792826963,nan,nan,NO_WELD,0.0,0.0,False,False,False,False,False,vertical
126.622,0.0,0.0,0.0,0.0,0.0025,0.0,-0.0025,0.0,562,0,0.5208,0.0,-3.8671843792826963,nan,nan,NO_WELD,0.0,0.0,False,False,False,False,False,vertical
126.672,0.0,0.0,0.0,0.0,0.002,0.0,-0.002,0.0,562,0,0.5208,0.0,-3.8671843792826963,nan,nan,NO_WELD,0.0,0.0,False,False,False,False,False,vertical
126.722,0.0,0.0,0.0,0.0,0.002,0.0,-0.002,0.0,562,0,0.5208,0.0,-3.8671843792826963,nan,nan,NO_WELD,0.0,0.0,False,False,False,False,False,vertical
126.772,0.0,0.0,0.0,0.0,0.002,0.0,-0.002,0.0,562,0,0.5208,0.0,-3.8671843792826963,nan,nan,NO_WELD,0.0,0.0,False,False,False,False,False,vertical
126.822,0.0,0.0,0.0,0.0,0.0016,0.0,-0.0016,0.0,562,0,0.5208,0.0,-3.8671843792826963,nan,nan,NO_WELD,0.0,0.0,False,False,False,False,False,vertical
126.872,0.0,0.0,0.0,0.0,0.0016,0.0,-0.0016,0.0,562,0,0.5208,0.0,-3.8671843792826963,nan,nan,NO_WELD,0.0,0.0,False,False,False,False,False,vertical
126.922,0.0,0.0,0.0,0.0,0.0013,0.0,-0.0013,0.0,562,0,0.5208,0.0,-3.8671843792826963,nan,nan,NO_WELD,0.0,0.0,False,False,False,False,False,vertical
126.972,0.0,0.0,0.0,0.0,0.0013,0.0,-0.0013,0.0,562,0,0.5208,0.0,-3.8671843792826963,nan,nan,NO_WELD,0.0,0.0,False,False,False,False,False,vertical
127.022,0.0,0.0,0.0,0.0,0.001,0.0,-0.001,0.0,562,0,0.5208,0.0,-3.8671843792826963,nan,nan,NO_WELD,0.0,0.0,False,False,False,False,False,vertical
127.072,0.0,0.0,0.0,0.0,0.001,0.0,-0.001,0.0,562,0,0.5208,0.0,-3.8671843792826963,nan,nan,NO_WELD,0.0,0.0,False,False,False,False,False,vertical
127.122,0.0,0.0,0.0,0.0,0.001,0.0,-0.001,0.0,562,0,0.5208,0.0,-3.8671843792826963,nan,nan,NO_WELD,0.0,0.0,False,False,False,False,False,vertical
127.174,0.0,0.0,0.0,0.0,0.0,0.0,0.0,0.0,562,0,0.5208,0.0,-3.8671843792826963,nan,nan,NO_WELD,0.0,0.0,False,False,False,False,False,vertical
127.222,0.0,0.0,0.0,0.0,0.0,0.0,0.0,0.0,562,0,0.5208,0.0,2.812503493359528,nan,nan,NO_WELD,0.0,0.0,False,False,False,False,False,vertical
127.272,0.0,0.0,0.0,0.0,0.0,0.0,0.0,0.0,562,0,0.5208,0.0,2.812503493359528,nan,nan,NO_WELD,0.0,0.0,False,False,False,False,False,vertical
127.322,0.0,0.0,0.0,0.0,0.0,0.0,0.0,0.0,562,0,0.5208,0.0,2.812503493359528,nan,nan,NO_WELD,0.0,0.0,False,False,False,False,False,vertical
127.372,0.0,0.0,0.0,0.0,0.0,0.0,0.0,0.0,562,0,0.5208,0.0,2.812503493359528,nan,nan,NO_WELD,0.0,0.0,False,False,False,False,False,vertical
127.422,0.0,0.0,0.0,0.0,0.0,0.0,0.0,0.0,562,0,0.5208,0.0,3.1640659231013664,nan,nan,NO_WELD,0.0,0.0,False,False,False,False,False,vertical
127.472,0.0,0.0,0.0,0.0,0.0,0.0,0.0,0.0,562,0,0.5208,0.0,3.1640659231013664,nan,nan,NO_WELD,0.0,0.0,False,False,False,False,False,vertical
127.522,0.0,0.0,0.0,0.0,0.0,0.0,0.0,0.0,562,0,0.5208,0.0,-3.8671843792826963,nan,nan,NO_WELD,0.0,0.0,False,False,False,False,False,vertical
127.572,0.0,0.0,0.0,0.0,0.0,0.0,0.0,0.0,562,0,0.5208,0.0,-3.8671843792826963,nan,nan,NO_WELD,0.0,0.0,False,False,False,False,False,vertical
127.622,0.0,0.0,0.0,0.0,0.0,0.0,0.0,0.0,562,0,0.5208,0.0,-4.218746595581123,nan,nan,NO_WELD,0.0,0.0,False,False,False,False,False,vertical
127.672,0.0,0.0,0.0,0.0,0.0,0.0,0.0,0.0,562,0,0.5208,0.0,-4.218746595581123,nan,nan,NO_WELD,0.0,0.0,False,False,False,False,False,vertical
127.722,0.0,0.0,0.0,0.0,0.0,0.0,0.0,0.0,562,0,0.5208,0.0,-4.218746595581123,nan,nan,NO_WELD,0.0,0.0,False,False,False,False,False,vertical
127.772,0.0,0.0,0.0,0.0,0.0,0.0,0.0,0.0,562,0,0.5208,0.0,-4.218746595581123,nan,nan,NO_WELD,0.0,0.0,False,False,False,False,False,vertical
127.822,0.0,0.0,0.0,0.0,0.0,0.0,0.0,0.0,562,0,0.5208,0.0,-3.5156217360974464,nan,nan,NO_WELD,0.0,0.0,False,False,False,False,False,vertical
127.872,0.0,0.0,0.0,0.0,0.0,0.0,0.0,0.0,562,0,0.5208,0.0,-3.5156217360974464,nan,nan,NO_WELD,0.0,0.0,False,False,False,False,False,vertical
127.922,0.0,0.0,0.0,0.0,0.0,0.0,0.0,0.0,562,0,0.5208,0.0,-3.5156217360974464,nan,nan,NO_WELD,0.0,0.0,False,False,False,False,False,vertical
127.972,0.0,0.0,0.0,0.0,0.0,0.0,0.0,0.0,562,0,0.5208,0.0,-3.5156217360974464,nan,nan,NO_WELD,0.0,0.0,False,False,False,False,False,vertical
128.022,0.0,0.0,0.0,0.0,0.0,0.0,0.0,0.0,562,0,0.5208,0.0,-0.7031216044716506,nan,nan,NO_WELD,0.0,0.0,False,False,False,False,False,vertical
128.072,0.0,0.0,0.0,0.0,0.0,0.0,0.0,0.0,562,0,0.5208,0.0,-0.7031216044716506,nan,nan,NO_WELD,0.0,0.0,False,False,False,False,False,vertical
128.122,0.0,0.0,0.0,0.0,0.0,0.0,0.0,0.0,562,0,0.5208,0.0,-0.7031216044716506,nan,nan,NO_WELD,0.0,0.0,False,False,False,False,False,vertical
128.174,0.0,0.0,0.0,0.0,0.0,0.0,0.0,0.0,562,0,0.5208,0.0,-0.7031216044716506,nan,nan,NO_WELD,0.0,0.0,False,False,False,False,False,vertical
128.222,0.0,0.0,0.0,0.0,0.0,0.0,0.0,0.0,562,0,0.5208,0.0,-2.1093715902432693,nan,nan,NO_WELD,0.0,0.0,False,False,False,False,False,vertical
128.272,0.0,0.0,0.0,0.0,0.0,0.0,0.0,0.0,562,0,0.5208,0.0,-2.1093715902432693,nan,nan,NO_WELD,0.0,0.0,False,False,False,False,False,vertical
128.322,0.0,0.0,0.0,0.0,0.0,0.0,0.0,0.0,562,0,0.5208,0.0,-2.1093715902432693,nan,nan,NO_WELD,0.0,0.0,False,False,False,False,False,vertical
128.372,0.0,0.0,0.0,0.0,0.0,0.0,0.0,0.0,562,0,0.5208,0.0,-2.1093715902432693,nan,nan,NO_WELD,0.0,0.0,False,False,False,False,False,vertical
128.422,0.0,0.0,0.0,0.0,0.0,0.0,0.0,0.0,562,0,0.5208,0.0,-2.1093715902432693,nan,nan,NO_WELD,0.0,0.0,False,False,False,False,False,vertical
128.472,0.0,0.0,0.0,0.0,0.0,0.0,0.0,0.0,562,0,0.5208,0.0,-2.1093715902432693,nan,nan,NO_WELD,0.0,0.0,False,False,False,False,False,vertical
128.522,0.0,0.0,0.0,0.0,0.0,0.0,0.0,0.0,562,0,0.5208,0.0,-2.1093715902432693,nan,nan,NO_WELD,0.0,0.0,False,False,False,False,False,vertical
128.572,0.0,0.0,0.0,0.0,0.0,0.0,0.0,0.0,562,0,0.5208,0.0,-2.1093715902432693,nan,nan,NO_WELD,0.0,0.0,False,False,False,False,False,vertical
128.622,0.0,0.0,0.0,0.0,0.0,0.0,0.0,0.0,562,0,0.5208,0.0,-2.1093715902432693,nan,nan,NO_WELD,0.0,0.0,False,False,False,False,False,vertical
128.672,0.0,0.0,0.0,0.0,0.0,0.0,0.0,0.0,562,0,0.5208,0.0,-2.1093715902432693,nan,nan,NO_WELD,0.0,0.0,False,False,False,False,False,vertical
128.722,0.0,0.0,0.0,0.0,0.0,0.0,0.0,0.0,562,0,0.5208,0.0,-2.1093715902432693,nan,nan,NO_WELD,0.0,0.0,False,False,False,False,False,vertical
128.772,0.0,0.0,0.0,0.0,0.0,0.0,0.0,0.0,562,0,0.5208,0.0,-2.1093715902432693,nan,nan,NO_WELD,0.0,0.0,False,False,False,False,False,vertical
128.822,0.0,0.0,0.0,0.0,0.0,0.0,0.0,0.0,562,0,0.5208,0.0,-2.1093715902432693,nan,nan,NO_WELD,0.0,0.0,False,False,False,False,False,vertical
128.872,0.0,0.0,0.0,0.0,0.0,0.0,0.0,0.0,562,0,0.5208,0.0,-2.1093715902432693,nan,nan,NO_WELD,0.0,0.0,False,False,False,False,False,vertical
128.922,0.0,0.0,0.0,0.0,0.0,0.0,0.0,0.0,562,0,0.5208,0.0,-2.1093715902432693,nan,nan,NO_WELD,0.0,0.0,False,False,False,False,False,vertical
128.972,0.0,0.0,0.0,0.0,0.0,0.0,0.0,0.0,562,0,0.5208,0.0,-2.1093715902432693,nan,nan,NO_WELD,0.0,0.0,False,False,False,False,False,vertical
129.022,0.0,0.0,0.0,0.0,0.0,0.0,0.0,0.0,562,0,0.5208,0.0,-2.1093715902432693,nan,nan,NO_WELD,0.0,0.0,False,False,False,False,False,vertical
129.072,0.0,0.0,0.0,0.0,0.0,0.0,0.0,0.0,562,0,0.5208,0.0,-2.1093715902432693,nan,nan,NO_WELD,0.0,0.0,False,False,False,False,False,vertical
129.122,0.0,0.0,0.0,0.0,0.0,0.0,0.0,0.0,562,0,0.5208,0.0,-2.1093715902432693,nan,nan,NO_WELD,0.0,0.0,False,False,False,False,False,vertical
129.174,0.0,0.0,0.0,0.0,0.0,0.0,0.0,0.0,562,0,0.5208,0.0,-2.1093715902432693,nan,nan,NO_WELD,0.0,0.0,False,False,False,False,False,vertical
129.222,0.0,0.0,0.0,0.0,0.0,0.0,0.0,0.0,562,0,0.5208,0.0,-2.1093715902432693,nan,nan,NO_WELD,0.0,0.0,False,False,False,False,False,vertical
129.272,0.0,0.0,0.0,0.0,0.0,0.0,0.0,0.0,562,0,0.5208,0.0,-2.1093715902432693,nan,nan,NO_WELD,0.0,0.0,False,False,False,False,False,vertical
129.322,0.0,0.0,0.0,0.0,0.0,0.0,0.0,0.0,562,0,0.5208,0.0,-2.1093715902432693,nan,nan,NO_WELD,0.0,0.0,False,False,False,False,False,vertical
129.372,0.0,0.0,0.0,0.0,0.0,0.0,0.0,0.0,562,0,0.5208,0.0,-2.1093715902432693,nan,nan,NO_WELD,0.0,0.0,False,False,False,False,False,vertical
129.422,0.0,0.0,0.0,0.0,0.0,0.0,0.0,0.0,562,0,0.5208,0.0,3.8671912094718666,nan,nan,NO_WELD,0.0,0.0,False,False,False,False,False,vertical
129.472,0.0,0.0,0.0,0.0,0.0,0.0,0.0,0.0,562,0,0.5208,0.0,3.8671912094718666,nan,nan,NO_WELD,0.0,0.0,False,False,False,False,False,vertical
129.522,0.0,0.0,0.0,0.0,0.0,0.0,0.0,0.0,562,0,0.5208,0.0,3.8671912094718666,nan,nan,NO_WELD,0.0,0.0,False,False,False,False,False,vertical
129.572,0.0,0.0,0.0,0.0,0.0,0.0,0.0,0.0,562,0,0.5208,0.0,3.8671912094718666,nan,nan,NO_WELD,0.0,0.0,False,False,False,False,False,vertical
129.622,0.0,0.0,0.0,0.0,0.0,0.0,0.0,0.0,562,0,0.5208,0.0,3.8671912094718666,nan,nan,NO_WELD,0.0,0.0,False,False,False,False,False,vertical
129.672,0.0,0.0,0.0,0.0,0.0,0.0,0.0,0.0,562,0,0.5208,0.0,3.8671912094718666,nan,nan,NO_WELD,0.0,0.0,False,False,False,False,False,vertical
129.722,0.0,0.0,0.0,0.0,0.0,0.0,0.0,0.0,562,0,0.5208,0.0,-2.460934233428519,nan,nan,NO_WELD,0.0,0.0,False,False,False,False,False,vertical
129.772,0.0,0.0,0.0,0.0,0.0,0.0,0.0,0.0,562,0,0.5208,0.0,-2.460934233428519,nan,nan,NO_WELD,0.0,0.0,False,False,False,False,False,vertical
129.822,0.0,0.0,0.0,0.0,0.0,0.0,0.0,0.0,562,0,0.5208,0.0,-2.460934233428519,nan,nan,NO_WELD,0.0,0.0,False,False,False,False,False,vertical
129.872,0.0,0.0,0.0,0.0,0.0,0.0,0.0,0.0,562,0,0.5208,0.0,-2.460934233428519,nan,nan,NO_WELD,0.0,0.0,False,False,False,False,False,vertical
129.922,0.0,0.0,0.0,0.0,0.0,0.0,0.0,0.0,562,0,0.5208,0.0,-2.460934233428519,nan,nan,NO_WELD,0.0,0.0,False,False,False,False,False,vertical
129.972,0.0,0.0,0.0,0.0,0.0,0.0,0.0,0.0,562,0,0.5208,0.0,-2.460934233428519,nan,nan,NO_WELD,0.0,0.0,False,False,False,False,False,vertical
130.022,0.0,0.0,0.0,0.0,0.0,0.0,0.0,0.0,562,0,0.5208,0.0,3.8671912094718666,nan,nan,NO_WELD,0.0,0.0,False,False,False,False,False,vertical
130.072,0.0,0.0,0.0,0.0,0.0,0.0,0.0,0.0,562,0,0.5208,0.0,3.8671912094718666,nan,nan,NO_WELD,0.0,0.0,False,False,False,False,False,vertical
130.122,0.0,0.0,0.0,0.0,0.0,0.0,0.0,0.0,562,0,0.5208,0.0,3.8671912094718666,nan,nan,NO_WELD,0.0,0.0,False,False,False,False,False,vertical
130.174,0.0,0.0,0.0,0.0,0.0,0.0,0.0,0.0,562,0,0.5208,0.0,3.8671912094718666,nan,nan,NO_WELD,0.0,0.0,False,False,False,False,False,vertical
130.222,0.0,0.0,0.0,0.0,0.0,0.0,0.0,0.0,562,0,0.5208,0.0,-3.164059092912196,nan,nan,NO_WELD,0.0,0.0,False,False,False,False,False,vertical
130.272,0.0,0.0,0.0,0.0,0.0,0.0,0.0,0.0,562,0,0.5208,0.0,-3.164059092912196,nan,nan,NO_WELD,0.0,0.0,False,False,False,False,False,vertical
130.322,0.0,0.0,0.0,0.0,0.0,0.0,0.0,0.0,562,0,0.5208,0.0,-3.164059092912196,nan,nan,NO_WELD,0.0,0.0,False,False,False,False,False,vertical
130.372,0.0,0.0,0.0,0.0,0.0,0.0,0.0,0.0,562,0,0.5208,0.0,-3.164059092912196,nan,nan,NO_WELD,0.0,0.0,False,False,False,False,False,vertical
130.423,0.0,0.0,0.0,0.0,0.0,0.0,0.0,0.0,562,0,0.5208,0.0,-1.0546840875743422,nan,nan,NO_WELD,0.0,0.0,False,False,False,False,False,vertical
130.472,0.0,0.0,0.0,0.0,0.0,0.0,0.0,0.0,562,0,0.5208,0.0,-1.0546840875743422,nan,nan,NO_WELD,0.0,0.0,False,False,False,False,False,vertical
130.522,0.0,0.0,0.0,0.0,0.0,0.0,0.0,0.0,562,0,0.5208,0.0,-1.0546840875743422,nan,nan,NO_WELD,0.0,0.0,False,False,False,False,False,vertical
130.572,0.0,0.0,0.0,0.0,0.0,0.0,0.0,0.0,562,0,0.5208,0.0,-1.0546840875743422,nan,nan,NO_WELD,0.0,0.0,False,False,False,False,False,vertical
130.622,0.0,0.0,0.0,0.0,0.0,0.0,0.0,0.0,562,0,0.5208,0.0,-3.8671843792826963,nan,nan,NO_WELD,0.0,0.0,False,False,False,False,False,vertical
130.673,0.0,0.0,0.0,0.0,0.0,0.0,0.0,0.0,562,0,0.5208,0.0,-3.8671843792826963,nan,nan,NO_WELD,0.0,0.0,False,False,False,False,False,vertical
130.722,0.0,0.0,0.0,0.0,0.0,0.0,0.0,0.0,562,0,0.5208,0.0,-3.8671843792826963,nan,nan,NO_WELD,0.0,0.0,False,False,False,False,False,vertical
130.772,0.0,0.0,0.0,0.0,0.0,0.0,0.0,0.0,562,0,0.5208,0.0,-3.8671843792826963,nan,nan,NO_WELD,0.0,0.0,False,False,False,False,False,vertical
130.822,0.0,0.0,0.0,0.0,0.0,0.0,0.0,0.0,562,0,0.5208,0.0,-3.8671843792826963,nan,nan,NO_WELD,0.0,0.0,False,False,False,False,False,vertical
130.872,0.0,0.0,0.0,0.0,0.0,0.0,0.0,0.0,562,0,0.5208,0.0,-3.8671843792826963,nan,nan,NO_WELD,0.0,0.0,False,False,False,False,False,vertical
130.922,0.0,0.0,0.0,0.0,0.0,0.0,0.0,0.0,562,0,0.5208,0.0,-3.8671843792826963,nan,nan,NO_WELD,0.0,0.0,False,False,False,False,False,vertical
130.972,0.0,0.0,0.0,0.0,0.0,0.0,0.0,0.0,562,0,0.5208,0.0,-3.8671843792826963,nan,nan,NO_WELD,0.0,0.0,False,False,False,False,False,vertical
131.022,0.0,0.0,0.0,0.0,0.0,0.0,0.0,0.0,562,0,0.5208,0.0,-3.8671843792826963,nan,nan,NO_WELD,0.0,0.0,False,False,False,False,False,vertical
131.072,0.0,0.0,0.0,0.0,0.0,0.0,0.0,0.0,562,0,0.5208,0.0,-3.8671843792826963,nan,nan,NO_WELD,0.0,0.0,False,False,False,False,False,vertical
131.122,0.0,0.0,0.0,0.0,0.0,0.0,0.0,0.0,562,0,0.5208,0.0,-3.8671843792826963,nan,nan,NO_WELD,0.0,0.0,False,False,False,False,False,vertical
131.174,0.0,0.0,0.0,0.0,0.0,0.0,0.0,0.0,562,0,0.5208,0.0,-3.8671843792826963,nan,nan,NO_WELD,0.0,0.0,False,False,False,False,False,vertical
131.222,0.0,0.0,0.0,0.0,0.0,0.0,0.0,0.0,562,0,0.5208,0.0,-3.8671843792826963,nan,nan,NO_WELD,0.0,0.0,False,False,False,False,False,vertical
131.272,0.0,0.0,0.0,0.0,0.0,0.0,0.0,0.0,562,0,0.5208,0.0,-3.8671843792826963,nan,nan,NO_WELD,0.0,0.0,False,False,False,False,False,vertical
131.322,0.0,0.0,0.0,0.0,0.0,0.0,0.0,0.0,562,0,0.5208,0.0,0.35156592487770283,nan,nan,NO_WELD,0.0,0.0,False,False,False,False,False,vertical
131.372,0.0,0.0,0.0,0.0,0.0,0.0,0.0,0.0,562,0,0.5208,0.0,0.35156592487770283,nan,nan,NO_WELD,0.0,0.0,False,False,False,False,False,vertical
131.422,0.0,0.0,0.0,0.0,0.0,0.0,0.0,0.0,562,0,0.5208,0.0,0.35156592487770283,nan,nan,NO_WELD,0.0,0.0,False,False,False,False,False,vertical
131.472,0.0,0.0,0.0,0.0,0.0,0.0,0.0,0.0,562,0,0.5208,0.0,0.35156592487770283,nan,nan,NO_WELD,0.0,0.0,False,False,False,False,False,vertical
131.522,0.0,0.0,0.0,0.0,0.0,0.0,0.0,0.0,562,0,0.5208,0.0,-2.8124966631703576,nan,nan,NO_WELD,0.0,0.0,False,False,False,False,False,vertical
131.573,0.0,0.0,0.0,0.0,0.0,0.0,0.0,0.0,562,0,0.5208,0.0,-2.8124966631703576,nan,nan,NO_WELD,0.0,0.0,False,False,False,False,False,vertical
131.622,0.0,0.0,0.0,0.0,0.0,0.0,0.0,0.0,562,0,0.5208,0.0,-2.8124966631703576,nan,nan,NO_WELD,0.0,0.0,False,False,False,False,False,vertical
131.673,0.0,0.0,0.0,0.0,0.0,0.0,0.0,0.0,562,0,0.5208,0.0,-2.8124966631703576,nan,nan,NO_WELD,0.0,0.0,False,False,False,False,False,vertical
131.722,0.0,0.0,0.0,0.0,0.0,0.0,0.0,0.0,562,0,0.5208,0.0,-3.8671843792826963,nan,nan,NO_WELD,0.0,0.0,False,False,False,False,False,vertical
131.773,0.0,0.0,0.0,0.0,0.0,0.0,0.0,0.0,562,0,0.5208,0.0,-3.8671843792826963,nan,nan,NO_WELD,0.0,0.0,False,False,False,False,False,vertical
131.822,0.0,0.0,0.0,0.0,0.0,0.0,0.0,0.0,562,0,0.5208,0.0,-3.8671843792826963,nan,nan,NO_WELD,0.0,0.0,False,False,False,False,False,vertical
131.873,0.0,0.0,0.0,0.0,0.0,0.0,0.0,0.0,562,0,0.5208,0.0,-3.8671843792826963,nan,nan,NO_WELD,0.0,0.0,False,False,False,False,False,vertical
131.922,0.0,0.0,0.0,0.0,0.0,0.0,0.0,0.0,562,0,0.5208,0.0,-2.460934233428519,nan,nan,NO_WELD,0.0,0.0,False,False,False,False,False,vertical
131.973,0.0,0.0,0.0,0.0,0.0,0.0,0.0,0.0,562,0,0.5208,0.0,-2.460934233428519,nan,nan,NO_WELD,0.0,0.0,False,False,False,False,False,vertical
132.022,0.0,0.0,0.0,0.0,0.0,0.0,0.0,0.0,562,0,0.5208,0.0,-2.8124966631703576,nan,nan,NO_WELD,0.0,0.0,False,False,False,False,False,vertical
132.073,0.0,0.0,0.0,0.0,0.0,0.0,0.0,0.0,562,0,0.5208,0.0,-2.8124966631703576,nan,nan,NO_WELD,0.0,0.0,False,False,False,False,False,vertical
132.122,0.0,0.0,0.0,0.0,0.0,0.0,0.0,0.0,562,0,0.5208,0.0,-2.8124966631703576,nan,nan,NO_WELD,0.0,0.0,False,False,False,False,False,vertical
132.175,0.0,0.0,0.0,0.0,0.0,0.0,0.0,0.0,562,0,0.5208,0.0,-2.8124966631703576,nan,nan,NO_WELD,0.0,0.0,False,False,False,False,False,vertical
132.222,0.0,0.0,0.0,0.0,0.0,0.0,0.0,0.0,562,0,0.5208,0.0,-2.8124966631703576,-2.8124966631703576,0.0,WELD_FOUND,0.0,0.0,False,False,False,False,False,vertical
132.273,0.0,0.0,0.0,0.0,0.0,0.0,0.0,0.0,562,0,0.5208,0.0,-2.1093715902432693,-2.8124966631703576,0.7031250729270884,WELD_FOUND,0.0,0.0,False,False,False,False,False,vertical
132.322,0.03694438321124852,0.05,0.04444438321124852,0.029444383211248523,0.0,0.0,0.0444,0.0294,562,0,0.5208,0.0,-2.1093715902432693,-2.460934233428519,0.3515626431852499,WELD_FOUND,0.0,0.4589,True,False,False,False,False,vertical
132.373,0.03694438321124852,0.05,0.04444438321124852,0.029444383211248523,0.0,0.0,0.0444,0.0294,562,0,0.5208,0.0,-2.1093715902432693,nan,nan,NO_WELD,0.0,0.4589,True,False,False,False,False,vertical
132.422,0.0,0.0,0.0,0.0,0.0,0.0,0.0,0.0,562,0,0.5208,0.0,-2.1093715902432693,nan,nan,NO_WELD,0.0,0.0,False,False,False,False,False,vertical
132.473,0.0,0.0,0.0,0.0,0.0049,0.0,-0.0049,0.0,564,0,0.5227,0.0,-2.1093715902432693,nan,nan,NO_WELD,0.0,0.0,False,False,False,False,False,vertical
132.522,0.039752271312320245,0.05,0.047252271312320245,0.032252271312320245,0.0049,0.0,0.0423,0.0323,564,0,0.5227,0.0,-2.1093715902432693,-2.1093715902432693,0.0,WELD_FOUND,0.6405,0.5026,False,False,False,False,False,vertical
132.573,0.0,0.0,0.0,0.0,0.004,0.0,-0.004,0.0,564,0,0.5227,0.0,-2.1093715902432693,nan,nan,NO_WELD,0.0,0.0,False,False,False,False,False,vertical
132.622,0.0,0.0,0.0,0.0,0.004,0.0,-0.004,0.0,564,0,0.5227,0.0,-2.1093715902432693,nan,nan,NO_WELD,0.0,0.0,False,False,False,False,False,vertical
132.672,0.0,0.0,0.0,0.0,0.004,0.0,-0.004,0.0,566,0,0.5246,0.0,-2.1093715902432693,nan,nan,NO_WELD,0.0,0.0,False,False,False,False,False,vertical
132.722,0.0,0.0,0.0,0.0,0.0073,0.0,-0.0073,0.0,566,0,0.5246,0.0,-2.1093715902432693,nan,nan,NO_WELD,0.0,0.0,False,False,False,False,False,vertical
132.773,0.0,0.0,0.0,0.0,0.0073,0.0,-0.0073,0.0,566,0,0.5246,0.0,-2.1093715902432693,nan,nan,NO_WELD,0.0,0.0,False,False,False,False,False,vertical
132.822,0.0,0.0,0.0,0.0,0.0059,0.0,-0.0059,0.0,566,0,0.5246,0.0,-2.1093715902432693,nan,nan,NO_WELD,0.0,0.0,False,False,False,False,False,vertical
132.872,0.0,0.0,0.0,0.0,0.0059,0.0,-0.0059,0.0,566,0,0.5246,0.0,-2.1093715902432693,nan,nan,NO_WELD,0.0,0.0,False,False,False,False,False,vertical
132.922,0.0,0.0,0.0,0.0,0.0059,0.0,-0.0059,0.0,566,0,0.5246,0.0,-2.1093715902432693,nan,nan,NO_WELD,0.0,0.0,False,False,False,False,False,vertical
132.972,0.0,0.0,0.0,0.0,0.0047,0.0,-0.0047,0.0,566,0,0.5246,0.0,-2.1093715902432693,nan,nan,NO_WELD,0.0,0.0,False,False,False,False,False,vertical
133.022,0.0,0.0,0.0,0.0,0.0047,0.0,-0.0047,0.0,566,0,0.5246,0.0,-2.1093715902432693,nan,nan,NO_WELD,0.0,0.0,False,False,False,False,False,vertical
133.072,0.0,0.0,0.0,0.0,0.0047,0.0,-0.0047,0.0,566,0,0.5246,0.0,-2.1093715902432693,nan,nan,NO_WELD,0.0,0.0,False,False,False,False,False,vertical
133.122,0.0,0.0,0.0,0.0,0.0038,0.0,-0.0038,0.0,566,0,0.5246,0.0,-2.1093715902432693,nan,nan,NO_WELD,0.0,0.0,False,False,False,False,False,vertical
133.174,0.0,0.0,0.0,0.0,0.0038,0.0,-0.0038,0.0,566,0,0.5246,0.0,-2.1093715902432693,nan,nan,NO_WELD,0.0,0.0,False,False,False,False,False,vertical
133.222,0.0,0.0,0.0,0.0,0.003,0.0,-0.003,0.0,566,0,0.5246,0.0,-2.1093715902432693,nan,nan,NO_WELD,0.0,0.0,False,False,False,False,False,vertical
133.272,0.0,0.0,0.0,0.0,0.003,0.0,-0.003,0.0,566,0,0.5246,0.0,-2.1093715902432693,nan,nan,NO_WELD,0.0,0.0,False,False,False,False,False,vertical
133.322,0.0,0.0,0.0,0.0,0.003,0.0,-0.003,0.0,566,0,0.5246,0.0,-2.1093715902432693,nan,nan,NO_WELD,0.0,0.0,False,False,False,False,False,vertical
133.372,0.0,0.0,0.0,0.0,0.0024,0.0,-0.0024,0.0,566,0,0.5246,0.0,-2.1093715902432693,nan,nan,NO_WELD,0.0,0.0,False,False,False,False,False,vertical
133.422,0.0,0.0,0.0,0.0,0.0024,0.0,-0.0024,0.0,566,0,0.5246,0.0,-2.1093715902432693,nan,nan,NO_WELD,0.0,0.0,False,False,False,False,False,vertical
133.473,0.0,0.0,0.0,0.0,0.0019,0.0,-0.0019,0.0,566,0,0.5246,0.0,-2.1093715902432693,nan,nan,NO_WELD,0.0,0.0,False,False,False,False,False,vertical
133.522,0.0,0.0,0.0,0.0,0.0019,0.0,-0.0019,0.0,566,0,0.5246,0.0,-2.1093715902432693,nan,nan,NO_WELD,0.0,0.0,False,False,False,False,False,vertical
133.572,0.0,0.0,0.0,0.0,0.0019,0.0,-0.0019,0.0,566,0,0.5246,0.0,-2.1093715902432693,nan,nan,NO_WELD,0.0,0.0,False,False,False,False,False,vertical
133.622,0.0,0.0,0.0,0.0,0.0015,0.0,-0.0015,0.0,566,0,0.5246,0.0,-2.1093715902432693,nan,nan,NO_WELD,0.0,0.0,False,False,False,False,False,vertical
133.672,0.0,0.0,0.0,0.0,0.0015,0.0,-0.0015,0.0,566,0,0.5246,0.0,-2.1093715902432693,nan,nan,NO_WELD,0.0,0.0,False,False,False,False,False,vertical
133.722,0.0,0.0,0.0,0.0,0.0012,0.0,-0.0012,0.0,566,0,0.5246,0.0,-2.1093715902432693,nan,nan,NO_WELD,0.0,0.0,False,False,False,False,False,vertical
133.773,0.0,0.0,0.0,0.0,0.0012,0.0,-0.0012,0.0,566,0,0.5246,0.0,-2.8124966631703576,nan,nan,NO_WELD,0.0,0.0,False,False,False,False,False,vertical
133.822,0.0,0.0,0.0,0.0,0.0012,0.0,-0.0012,0.0,566,0,0.5246,0.0,-2.8124966631703576,nan,nan,NO_WELD,0.0,0.0,False,False,False,False,False,vertical
133.872,0.0,0.0,0.0,0.0,0.0,0.0,0.0,0.0,566,0,0.5246,0.0,-3.8671843792826963,nan,nan,NO_WELD,0.0,0.0,False,False,False,False,False,vertical
133.922,0.0,0.0,0.0,0.0,0.0,0.0,0.0,0.0,566,0,0.5246,0.0,-3.8671843792826963,nan,nan,NO_WELD,0.0,0.0,False,False,False,False,False,vertical
133.972,0.0,0.0,0.0,0.0,0.0,0.0,0.0,0.0,566,0,0.5246,0.0,-2.460934233428519,nan,nan,NO_WELD,0.0,0.0,False,False,False,False,False,vertical
134.022,0.0,0.0,0.0,0.0,0.0,0.0,0.0,0.0,566,0,0.5246,0.0,-2.460934233428519,nan,nan,NO_WELD,0.0,0.0,False,False,False,False,False,vertical
134.073,0.0,0.0,0.0,0.0,0.0,0.0,0.0,0.0,566,0,0.5246,0.0,-2.460934233428519,nan,nan,NO_WELD,0.0,0.0,False,False,False,False,False,vertical
134.122,0.0,0.0,0.0,0.0,0.0,0.0,0.0,0.0,566,0,0.5246,0.0,-2.460934233428519,nan,nan,NO_WELD,0.0,0.0,False,False,False,False,False,vertical
134.174,0.0,0.0,0.0,0.0,0.0,0.0,0.0,0.0,566,0,0.5246,0.0,-2.460934233428519,-2.460934233428519,0.0,WELD_FOUND,0.0,0.0,False,False,False,False,False,vertical
134.222,0.0,0.0,0.0,0.0,0.0,0.0,0.0,0.0,566,0,0.5246,0.0,-2.460934233428519,-2.460934233428519,0.0,WELD_FOUND,0.0,0.0,False,False,False,False,False,vertical
134.273,0.0,0.0,0.0,0.0,0.0,0.0,0.0,0.0,566,0,0.5246,0.0,-2.460934233428519,nan,nan,NO_WELD,0.0,0.0,False,False,False,False,False,vertical
134.322,0.0,0.0,0.0,0.0,0.0,0.0,0.0,0.0,566,0,0.5246,0.0,-2.460934233428519,nan,nan,NO_WELD,0.0,0.0,False,False,False,False,False,vertical
134.372,0.0,0.0,0.0,0.0,0.0,0.0,0.0,0.0,566,0,0.5246,0.0,-2.460934233428519,nan,nan,NO_WELD,0.0,0.0,False,False,False,False,False,vertical
134.422,0.0,0.0,0.0,0.0,0.0,0.0,0.0,0.0,566,0,0.5246,0.0,-2.460934233428519,nan,nan,NO_WELD,0.0,0.0,False,False,False,False,False,vertical
134.472,0.0,0.0,0.0,0.0,0.0,0.0,0.0,0.0,566,0,0.5246,0.0,-2.460934233428519,nan,nan,NO_WELD,0.0,0.0,False,False,False,False,False,vertical
134.522,0.0,0.0,0.0,0.0,0.0,0.0,0.0,0.0,566,0,0.5246,0.0,-2.460934233428519,nan,nan,NO_WELD,0.0,0.0,False,False,False,False,False,vertical
134.573,0.0,0.0,0.0,0.0,0.0,0.0,0.0,0.0,566,0,0.5246,0.0,-2.460934233428519,nan,nan,NO_WELD,0.0,0.0,False,False,False,False,False,vertical
134.622,0.0,0.0,0.0,0.0,0.0,0.0,0.0,0.0,566,0,0.5246,0.0,-2.460934233428519,nan,nan,NO_WELD,0.0,0.0,False,False,False,False,False,vertical
134.672,0.0,0.0,0.0,0.0,0.0,0.0,0.0,0.0,566,0,0.5246,0.0,-2.460934233428519,nan,nan,NO_WELD,0.0,0.0,False,False,False,False,False,vertical
134.722,0.0,0.0,0.0,0.0,0.0,0.0,0.0,0.0,566,0,0.5246,0.0,-2.460934233428519,nan,nan,NO_WELD,0.0,0.0,False,False,False,False,False,vertical
134.772,0.0,0.0,0.0,0.0,0.0,0.0,0.0,0.0,566,0,0.5246,0.0,-2.460934233428519,nan,nan,NO_WELD,0.0,0.0,False,False,False,False,False,vertical
134.822,0.0,0.0,0.0,0.0,0.0,0.0,0.0,0.0,566,0,0.5246,0.0,-2.460934233428519,nan,nan,NO_WELD,0.0,0.0,False,False,False,False,False,vertical
134.872,0.0,0.0,0.0,0.0,0.0,0.0,0.0,0.0,566,0,0.5246,0.0,-2.460934233428519,-2.460934233428519,0.0,WELD_FOUND,0.0,0.0,False,False,False,False,False,vertical
134.922,0.0,0.0,0.0,0.0,0.0,0.0,0.0,0.0,566,0,0.5246,0.0,-2.460934233428519,-2.460934233428519,0.0,WELD_FOUND,0.0,0.0,False,False,False,False,False,vertical
134.972,0.0,0.0,0.0,0.0,0.0,0.0,0.0,0.0,566,0,0.5246,0.0,-2.460934233428519,nan,nan,NO_WELD,0.0,0.0,False,False,False,False,False,vertical
135.022,0.0,0.0,0.0,0.0,0.0,0.0,0.0,0.0,566,0,0.5246,0.0,-2.460934233428519,nan,nan,NO_WELD,0.0,0.0,False,False,False,False,False,vertical
135.072,0.0,0.0,0.0,0.0,0.0,0.0,0.0,0.0,566,0,0.5246,0.0,-2.460934233428519,nan,nan,NO_WELD,0.0,0.0,False,False,False,False,False,vertical
135.122,0.0,0.0,0.0,0.0,0.0,0.0,0.0,0.0,566,0,0.5246,0.0,-2.460934233428519,nan,nan,NO_WELD,0.0,0.0,False,False,False,False,False,vertical
135.174,0.0,0.0,0.0,0.0,0.0,0.0,0.0,0.0,566,0,0.5246,0.0,-2.460934233428519,nan,nan,NO_WELD,0.0,0.0,False,False,False,False,False,vertical
135.222,0.0,0.0,0.0,0.0,0.0,0.0,0.0,0.0,566,0,0.5246,0.0,-2.460934233428519,nan,nan,NO_WELD,0.0,0.0,False,False,False,False,False,vertical
135.272,0.0,0.0,0.0,0.0,0.0,0.0,0.0,0.0,566,0,0.5246,0.0,-2.460934233428519,nan,nan,NO_WELD,0.0,0.0,False,False,False,False,False,vertical
135.322,0.0,0.0,0.0,0.0,0.0,0.0,0.0,0.0,566,0,0.5246,0.0,-2.460934233428519,nan,nan,NO_WELD,0.0,0.0,False,False,False,False,False,vertical
135.372,0.0,0.0,0.0,0.0,0.0,0.0,0.0,0.0,566,0,0.5246,0.0,-2.460934233428519,nan,nan,NO_WELD,0.0,0.0,False,False,False,False,False,vertical
