t,vx,wz,tgt_r,tgt_l,spd_r,spd_l,err_r,err_l,ticks_r,ticks_l,dist_r,dist_l,raw_angle,filtered_angle,error,weld
2.144,0.0,0.0,0.0,0.0,0.0,0.0,0.0,0.0,0,0,0.0,0.0,1.4062534542270564,nan,nan,NO_WELD
2.194,0.0,0.0,0.0,0.0,0.0,0.0,0.0,0.0,0,0,0.0,0.0,1.4062534542270564,nan,nan,NO_WELD
2.244,0.0,0.0,0.0,0.0,0.0,0.0,0.0,0.0,0,0,0.0,0.0,2.4609410636176894,nan,nan,NO_WELD
2.294,0.0,0.0,0.0,0.0,0.0,0.0,0.0,0.0,0,0,0.0,0.0,2.4609410636176894,nan,nan,NO_WELD
2.344,0.0,0.0,0.0,0.0,0.0,0.0,0.0,0.0,0,0,0.0,0.0,1.4062534542270564,nan,nan,NO_WELD
2.394,0.0,0.0,0.0,0.0,0.0,0.0,0.0,0.0,0,0,0.0,0.0,1.4062534542270564,nan,nan,NO_WELD
2.444,0.0,0.0,0.0,0.0,0.0,0.0,0.0,0.0,0,0,0.0,0.0,2.109378420432439,nan,nan,NO_WELD
2.494,0.0,0.0,0.0,0.0,0.0,0.0,0.0,0.0,0,0,0.0,0.0,2.109378420432439,nan,nan,NO_WELD
2.544,0.0,0.0,0.0,0.0,0.0,0.0,0.0,0.0,0,0,0.0,0.0,1.7578159906906006,1.7578159906906006,0.0,WELD_FOUND
2.594,0.0,0.0,0.0,0.0,0.0,0.0,0.0,0.0,0,0,0.0,0.0,1.7578159906906006,1.7578159906906006,0.0,WELD_FOUND
2.644,0.021791668119178043,-0.05,0.014291668119178043,0.029291668119178042,0.0,0.0,0.0143,0.0293,0,0,0.0,0.0,2.4609410636176894,2.109378420432439,0.3515626431852503,WELD_FOUND
2.694,0.021791668119178043,-0.05,0.014291668119178043,0.029291668119178042,0.0,0.0,0.0143,0.0293,0,0,0.0,0.0,2.4609410636176894,2.109378420432439,0.3515626431852503,WELD_FOUND
2.744,0.0,0.0,0.0,0.0,0.0025,0.0,-0.0025,0.0,1,0,0.0009,0.0,2.4609410636176894,nan,nan,NO_WELD
2.794,0.0,0.0,0.0,0.0,0.0025,0.0,-0.0025,0.0,1,0,0.0009,0.0,2.4609410636176894,nan,nan,NO_WELD
2.844,0.0,0.0,0.0,0.0,0.0025,0.0,-0.0025,0.0,4,0,0.0037,0.0,2.4609410636176894,nan,nan,NO_WELD
2.894,0.0,0.0,0.0,0.0,0.0089,0.0,-0.0089,0.0,4,0,0.0037,0.0,2.4609410636176894,nan,nan,NO_WELD
2.944,0.0,0.0,0.0,0.0,0.0089,0.0,-0.0089,0.0,3,0,0.0028,0.0,2.4609410636176894,nan,nan,NO_WELD
2.994,0.0,0.0,0.0,0.0,0.0089,0.0,-0.0089,0.0,3,0,0.0028,0.0,2.4609410636176894,nan,nan,NO_WELD
3.044,0.0,0.0,0.0,0.0,0.0029,0.0,-0.0029,0.0,3,0,0.0028,0.0,2.4609410636176894,nan,nan,NO_WELD
3.095,0.0,0.0,0.0,0.0,0.0029,0.0,-0.0029,0.0,3,0,0.0028,0.0,2.4609410636176894,nan,nan,NO_WELD
3.144,0.02377675903516045,-0.05,0.01627675903516045,0.031276759035160445,0.0023,0.0,0.014,0.0313,3,0,0.0028,0.0,1.7578159906906006,1.7578159906906006,0.0,WELD_FOUND
3.194,0.02377675903516045,-0.05,0.01627675903516045,0.031276759035160445,0.0023,0.0,0.014,0.0313,3,0,0.0028,0.0,1.7578159906906006,1.7578159906906006,0.0,WELD_FOUND
3.244,0.0,0.0,0.0,0.0,0.0018,0.0,-0.0018,0.0,3,0,0.0028,0.0,1.7578159906906006,nan,nan,NO_WELD
3.294,0.0,0.0,0.0,0.0,0.0018,0.0,-0.0018,0.0,3,0,0.0028,0.0,1.7578159906906006,nan,nan,NO_WELD
3.344,0.0,0.0,0.0,0.0,0.0233,0.0,-0.0233,0.0,9,0,0.0083,0.0,1.7578159906906006,nan,nan,NO_WELD
3.394,0.0,0.0,0.0,0.0,0.0233,0.0,-0.0233,0.0,9,0,0.0083,0.0,1.7578159906906006,nan,nan,NO_WELD
3.444,0.027132861535902008,-0.04721711841369517,0.020050293773847733,0.03421542929795628,0.0103,0.0,0.0097,0.0342,8,0,0.0074,0.0,1.054690917763512,1.054690917763512,0.0,WELD_FOUND
3.494,0.027132861535902008,-0.04721711841369517,0.020050293773847733,0.03421542929795628,0.0103,0.0,0.0097,0.0342,8,0,0.0074,0.0,1.054690917763512,1.054690917763512,0.0,WELD_FOUND
3.544,0.0,0.0,0.0,0.0,0.0103,0.0,-0.0103,0.0,8,0,0.0074,0.0,1.054690917763512,nan,nan,NO_WELD
3.594,0.0,0.0,0.0,0.0,0.0082,0.0,-0.0082,0.0,8,0,0.0074,0.0,1.054690917763512,nan,nan,NO_WELD
3.644,0.029613916242014503,-0.029852057644315942,0.02513610759536711,0.03409172488866189,0.0082,0.0,0.0169,0.0341,12,0,0.0111,0.0,0.7031284346608206,0.7031284346608206,0.0,WELD_FOUND
3.694,0.029613916242014503,-0.029852057644315942,0.02513610759536711,0.03409172488866189,0.0082,0.0,0.0169,0.0341,12,0,0.0111,0.0,0.7031284346608206,0.7031284346608206,0.0,WELD_FOUND
3.744,0.031977281676487834,-0.009616079248905387,0.030534869789152028,0.03341969356382364,0.0173,0.0,0.0132,0.0334,13,0,0.012,0.0,3.4150945850063755e-06,0.35156592487770283,-0.3515625097831178,WELD_FOUND
3.794,0.031977281676487834,-0.009616079248905387,0.030534869789152028,0.03341969356382364,0.0173,0.0,0.0132,0.0334,13,0,0.012,0.0,3.4150945850063755e-06,0.35156592487770283,-0.3515625097831178,WELD_FOUND
3.844,0.0,0.0,0.0,0.0,0.0326,0.0,-0.0326,0.0,19,0,0.0176,0.0,3.4150945850063755e-06,nan,nan,NO_WELD
3.894,0.0,0.0,0.0,0.0,0.0326,0.0,-0.0326,0.0,19,0,0.0176,0.0,3.4150945850063755e-06,nan,nan,NO_WELD
3.944,0.0,0.0,0.0,0.0,0.0381,0.0,-0.0381,0.0,24,0,0.0222,0.0,3.4150945850063755e-06,nan,nan,NO_WELD
3.994,0.0,0.0,0.0,0.0,0.0381,0.0,-0.0381,0.0,24,0,0.0222,0.0,3.4150945850063755e-06,nan,nan,NO_WELD
4.044,0.0,0.0,0.0,0.0,0.0381,0.0,-0.0381,0.0,24,0,0.0222,0.0,3.4150945850063755e-06,nan,nan,NO_WELD
4.096,0.0,0.0,0.0,0.0,0.0305,0.0,-0.0305,0.0,24,0,0.0222,0.0,3.4150945850063755e-06,nan,nan,NO_WELD
4.144,0.0,0.0,0.0,0.0,0.0305,0.0,-0.0305,0.0,25,0,0.0232,0.0,0.7031284346608206,0.7031284346608206,0.0,WELD_FOUND
4.194,0.0,0.0,0.0,0.0,0.0305,0.0,-0.0305,0.0,25,0,0.0232,0.0,0.7031284346608206,0.7031284346608206,0.0,WELD_FOUND
4.244,0.0,0.0,0.0,0.0,0.0208,0.0,-0.0208,0.0,25,0,0.0232,0.0,0.7031284346608206,nan,nan,NO_WELD
4.294,0.0,0.0,0.0,0.0,0.0208,0.0,-0.0208,0.0,25,0,0.0232,0.0,0.7031284346608206,nan,nan,NO_WELD
4.344,0.0,0.0,0.0,0.0,0.0166,0.0,-0.0166,0.0,25,0,0.0232,0.0,0.7031284346608206,nan,nan,NO_WELD
4.394,0.0,0.0,0.0,0.0,0.0166,0.0,-0.0166,0.0,25,0,0.0232,0.0,0.7031284346608206,nan,nan,NO_WELD
4.444,0.035,0.0,0.035,0.035,0.0133,0.0,0.0217,0.035,25,0,0.0232,0.0,3.4150945850063755e-06,3.4150945850063755e-06,0.0,WELD_FOUND
4.494,0.035,0.0,0.035,0.035,0.0133,0.0,0.0217,0.035,25,0,0.0232,0.0,3.4150945850063755e-06,3.4150945850063755e-06,0.0,WELD_FOUND
4.544,0.0,0.0,0.0,0.0,0.0133,0.0,-0.0133,0.0,25,0,0.0232,0.0,3.4150945850063755e-06,nan,nan,NO_WELD
4.594,0.0,0.0,0.0,0.0,0.0106,0.0,-0.0106,0.0,25,0,0.0232,0.0,3.4150945850063755e-06,nan,nan,NO_WELD
4.644,0.0,0.0,0.0,0.0,0.0106,0.0,-0.0106,0.0,31,0,0.0287,0.0,3.4150945850063755e-06,nan,nan,NO_WELD
4.694,0.0,0.0,0.0,0.0,0.0106,0.0,-0.0106,0.0,31,0,0.0287,0.0,3.4150945850063755e-06,nan,nan,NO_WELD
4.744,0.035,0.0,0.035,0.035,0.0212,0.0,0.0138,0.035,31,0,0.0287,0.0,3.4150945850063755e-06,3.4150945850063755e-06,0.0,WELD_FOUND
4.794,0.035,0.0,0.035,0.035,0.0212,0.0,0.0138,0.035,31,0,0.0287,0.0,3.4150945850063755e-06,3.4150945850063755e-06,0.0,WELD_FOUND
4.844,0.03305891226031913,-0.019623380770791694,0.030115405144700375,0.036002419375937886,0.0164,0.0,0.0137,0.036,32,0,0.0297,0.0,0.7031284346608206,0.35156592487770283,0.3515625097831178,WELD_FOUND
4.894,0.03305891226031913,-0.019623380770791694,0.030115405144700375,0.036002419375937886,0.0164,0.0,0.0137,0.036,32,0,0.0297,0.0,0.7031284346608206,0.35156592487770283,0.3515625097831178,WELD_FOUND
4.944,0.0,0.0,0.0,0.0,0.0164,0.0,-0.0164,0.0,38,0,0.0352,0.0,0.7031284346608206,nan,nan,NO_WELD
4.994,0.0,0.0,0.0,0.0,0.0247,0.0,-0.0247,0.0,38,0,0.0352,0.0,0.7031284346608206,nan,nan,NO_WELD
5.044,0.030802725507309527,-0.031416565003253724,0.026090240756821467,0.03551521025779759,0.0247,0.0,0.0014,0.0355,42,0,0.0389,0.0,0.7031284346608206,0.7031284346608206,0.0,WELD_FOUND
5.095,0.030802725507309527,-0.031416565003253724,0.026090240756821467,0.03551521025779759,0.0247,0.0,0.0014,0.0355,42,0,0.0389,0.0,0.7031284346608206,0.7031284346608206,0.0,WELD_FOUND
5.144,0.030361056282240128,-0.03171959522275335,0.025603116998827127,0.03511899556565313,0.0247,0.0,0.0009,0.0351,42,0,0.0389,0.0,0.7031284346608206,0.7031284346608206,0.0,WELD_FOUND
5.194,0.030361056282240128,-0.03171959522275335,0.025603116998827127,0.03511899556565313,0.0247,0.0,0.0009,0.0351,42,0,0.0389,0.0,0.7031284346608206,0.7031284346608206,0.0,WELD_FOUND
5.244,0.03027310516224754,-0.03088648211004617,0.025640132845740612,0.03490607747875447,0.0247,0.0,0.0009,0.0349,47,0,0.0436,0.0,3.4150945850063755e-06,0.7031284346608206,-0.7031250195662356,WELD_FOUND
5.294,0.03027310516224754,-0.03088648211004617,0.025640132845740612,0.03490607747875447,0.0272,0.0,-0.0015,0.0349,47,0,0.0436,0.0,3.4150945850063755e-06,0.7031284346608206,-0.7031250195662356,WELD_FOUND
5.344,0.03211367032665761,-0.011087740583855275,0.030450509239079316,0.033776831414235896,0.0272,0.0,0.0033,0.0338,51,0,0.0473,0.0,-0.7031216044716506,0.35156592487770283,-1.0546875293493534,WELD_FOUND
5.394,0.03211367032665761,-0.011087740583855275,0.030450509239079316,0.033776831414235896,0.0311,0.0,-0.0007,0.0338,51,0,0.0473,0.0,-0.7031216044716506,0.35156592487770283,-1.0546875293493534,WELD_FOUND
5.444,0.035,0.0,0.035,0.035,0.0311,0.0,0.0039,0.035,55,0,0.051,0.0,-1.4062466240378864,3.4150945850063755e-06,-1.4062500391324713,WELD_FOUND
5.494,0.035,0.0,0.035,0.035,0.0311,0.0,0.0039,0.035,55,0,0.051,0.0,-1.4062466240378864,3.4150945850063755e-06,-1.4062500391324713,WELD_FOUND
5.544,0.0,0.0,0.0,0.0,0.0385,0.0,-0.0385,0.0,59,0,0.0547,0.0,-1.4062466240378864,nan,nan,NO_WELD
5.594,0.0,0.0,0.0,0.0,0.0385,0.0,-0.0385,0.0,59,0,0.0547,0.0,-1.4062466240378864,nan,nan,NO_WELD
5.644,0.02428233322648386,0.05,0.031782333226483855,0.01678233322648386,0.0385,0.0,-0.0067,0.0168,61,0,0.0565,0.0,-2.1093715902432693,-2.1093715902432693,0.0,WELD_FOUND
5.694,0.02428233322648386,0.05,0.031782333226483855,0.01678233322648386,0.028,0.0,0.0038,0.0168,61,0,0.0565,0.0,-2.1093715902432693,-2.1093715902432693,0.0,WELD_FOUND
5.744,0.0,0.0,0.0,0.0,0.028,0.0,-0.028,0.0,62,0,0.0575,0.0,-2.1093715902432693,nan,nan,NO_WELD
5.794,0.0,0.0,0.0,0.0,0.028,0.0,-0.028,0.0,62,0,0.0575,0.0,-2.1093715902432693,nan,nan,NO_WELD
5.844,0.025531278959278068,0.05,0.03303127895927807,0.018031278959278068,0.0242,0.0,0.0088,0.018,64,0,0.0593,0.0,-1.4062466240378864,-1.4062466240378864,0.0,WELD_FOUND
5.894,0.025531278959278068,0.05,0.03303127895927807,0.018031278959278068,0.0242,0.0,0.0088,0.018,64,0,0.0593,0.0,-1.4062466240378864,-1.4062466240378864,0.0,WELD_FOUND
5.944,0.026636654111674905,0.0509003765002309,0.03427171058670954,0.01900159763664027,0.0182,0.0,0.016,0.019,65,0,0.0602,0.0,-1.0546840875743422,-1.2304654091669671,0.17578132159262494,WELD_FOUND
5.994,0.026636654111674905,0.0509003765002309,0.03427171058670954,0.01900159763664027,0.0182,0.0,0.016,0.019,65,0,0.0602,0.0,-1.0546840875743422,-1.2304654091669671,0.17578132159262494,WELD_FOUND
6.044,0.0,0.0,0.0,0.0,0.0221,0.0,-0.0221,0.0,68,0,0.063,0.0,-1.0546840875743422,nan,nan,NO_WELD
6.096,0.0,0.0,0.0,0.0,0.0221,0.0,-0.0221,0.0,68,0,0.063,0.0,-1.0546840875743422,nan,nan,NO_WELD
6.144,0.0,0.0,0.0,0.0,0.0207,0.0,-0.0207,0.0,70,0,0.0649,0.0,-1.0546840875743422,nan,nan,NO_WELD
6.194,0.0,0.0,0.0,0.0,0.0207,0.0,-0.0207,0.0,70,0,0.0649,0.0,-1.0546840875743422,nan,nan,NO_WELD
6.244,0.027729812494332,0.04639573650071348,0.03468917296943902,0.020770452019224978,0.0165,0.0,0.0182,0.0208,70,0,0.0649,0.0,-1.0546840875743422,-1.0546840875743422,0.0,WELD_FOUND
6.294,0.027729812494332,0.04639573650071348,0.03468917296943902,0.020770452019224978,0.0165,0.0,0.0182,0.0208,70,0,0.0649,0.0,-1.0546840875743422,-1.0546840875743422,0.0,WELD_FOUND
6.344,0.0,0.0,0.0,0.0,0.0165,0.0,-0.0165,0.0,71,0,0.0658,0.0,-1.0546840875743422,nan,nan,NO_WELD
6.394,0.0,0.0,0.0,0.0,0.0124,0.0,-0.0124,0.0,71,0,0.0658,0.0,-1.0546840875743422,nan,nan,NO_WELD
6.444,0.0,0.0,0.0,0.0,0.0124,0.0,-0.0124,0.0,75,0,0.0695,0.0,-1.0546840875743422,nan,nan,NO_WELD
6.494,0.0,0.0,0.0,0.0,0.0223,0.0,-0.0223,0.0,75,0,0.0695,0.0,-1.0546840875743422,nan,nan,NO_WELD
6.544,0.026219402802174732,0.05,0.03371940280217473,0.018719402802174732,0.0223,0.0,0.0115,0.0187,75,0,0.0695,0.0,-1.4062466240378864,-1.4062466240378864,0.0,WELD_FOUND
6.594,0.026219402802174732,0.05,0.03371940280217473,0.018719402802174732,0.0178,0.0,0.0159,0.0187,75,0,0.0695,0.0,-1.4062466240378864,-1.4062466240378864,0.0,WELD_FOUND
6.644,0.0,0.0,0.0,0.0,0.0178,0.0,-0.0178,0.0,76,0,0.0704,0.0,-1.4062466240378864,nan,nan,NO_WELD
6.694,0.0,0.0,0.0,0.0,0.0178,0.0,-0.0178,0.0,76,0,0.0704,0.0,-1.4062466240378864,nan,nan,NO_WELD
6.744,0.022644508875480814,0.05,0.030144508875480813,0.015144508875480814,0.0181,0.0,0.012,0.0151,78,0,0.0723,0.0,-2.1093715902432693,-2.1093715902432693,0.0,WELD_FOUND
6.794,0.022644508875480814,0.05,0.030144508875480813,0.015144508875480814,0.0181,0.0,0.012,0.0151,78,0,0.0723,0.0,-2.1093715902432693,-2.1093715902432693,0.0,WELD_FOUND
6.844,0.022747621998942865,0.08408836962663067,0.03536087744293746,0.010134366554948265,0.0181,0.0,0.0173,0.0101,78,0,0.0723,0.0,-1.7578091605014305,-1.9335904820940557,0.17578132159262516,WELD_FOUND
6.894,0.022747621998942865,0.08408836962663067,0.03536087744293746,0.010134366554948265,0.0145,0.0,0.0209,0.0101,78,0,0.0723,0.0,-1.7578091605014305,-1.9335904820940557,0.17578132159262516,WELD_FOUND
6.944,0.0,0.0,0.0,0.0,0.0145,0.0,-0.0145,0.0,82,0,0.076,0.0,-1.7578091605014305,nan,nan,NO_WELD
6.994,0.0,0.0,0.0,0.0,0.0145,0.0,-0.0145,0.0,82,0,0.076,0.0,-1.7578091605014305,nan,nan,NO_WELD
7.044,0.0,0.0,0.0,0.0,0.026,0.0,-0.026,0.0,85,0,0.0788,0.0,-1.7578091605014305,nan,nan,NO_WELD
7.096,0.0,0.0,0.0,0.0,0.026,0.0,-0.026,0.0,85,0,0.0788,0.0,-1.7578091605014305,nan,nan,NO_WELD
7.144,0.021981247594688,0.05,0.029481247594688,0.014481247594688,0.026,0.0,0.0035,0.0145,85,0,0.0788,0.0,-2.1093715902432693,-2.1093715902432693,0.0,WELD_FOUND
7.194,0.021981247594688,0.05,0.029481247594688,0.014481247594688,0.0208,0.0,0.0087,0.0145,85,0,0.0788,0.0,-2.1093715902432693,-2.1093715902432693,0.0,WELD_FOUND
7.244,0.0,0.0,0.0,0.0,0.0208,0.0,-0.0208,0.0,86,0,0.0797,0.0,-2.1093715902432693,nan,nan,NO_WELD
7.294,0.0,0.0,0.0,0.0,0.0162,0.0,-0.0162,0.0,86,0,0.0797,0.0,-2.1093715902432693,nan,nan,NO_WELD
7.344,0.0,0.0,0.0,0.0,0.0162,0.0,-0.0162,0.0,88,0,0.0816,0.0,-2.1093715902432693,nan,nan,NO_WELD
7.394,0.0,0.0,0.0,0.0,0.0162,0.0,-0.0162,0.0,88,0,0.0816,0.0,-2.1093715902432693,nan,nan,NO_WELD
7.444,0.0,0.0,0.0,0.0,0.0147,0.0,-0.0147,0.0,88,0,0.0816,0.0,-2.1093715902432693,nan,nan,NO_WELD
7.494,0.0,0.0,0.0,0.0,0.0147,0.0,-0.0147,0.0,88,0,0.0816,0.0,-2.1093715902432693,nan,nan,NO_WELD
7.544,0.0,0.0,0.0,0.0,0.0147,0.0,-0.0147,0.0,88,0,0.0816,0.0,-1.4062466240378864,-1.4062466240378864,0.0,WELD_FOUND
7.594,0.0,0.0,0.0,0.0,0.0117,0.0,-0.0117,0.0,88,0,0.0816,0.0,-1.4062466240378864,-1.4062466240378864,0.0,WELD_FOUND
7.644,0.0,0.0,0.0,0.0,0.0117,0.0,-0.0117,0.0,88,0,0.0816,0.0,-1.4062466240378864,nan,nan,NO_WELD
7.694,0.0,0.0,0.0,0.0,0.0094,0.0,-0.0094,0.0,88,0,0.0816,0.0,-1.4062466240378864,nan,nan,NO_WELD
7.744,0.0,0.0,0.0,0.0,0.0094,0.0,-0.0094,0.0,88,0,0.0816,0.0,-1.4062466240378864,nan,nan,NO_WELD
7.794,0.0,0.0,0.0,0.0,0.0094,0.0,-0.0094,0.0,88,0,0.0816,0.0,-1.4062466240378864,nan,nan,NO_WELD
7.844,0.0,0.0,0.0,0.0,0.0075,0.0,-0.0075,0.0,88,0,0.0816,0.0,-1.4062466240378864,nan,nan,NO_WELD
7.894,0.0,0.0,0.0,0.0,0.0075,0.0,-0.0075,0.0,88,0,0.0816,0.0,-1.4062466240378864,nan,nan,NO_WELD
7.944,0.0,0.0,0.0,0.0,0.0075,0.0,-0.0075,0.0,88,0,0.0816,0.0,-1.4062466240378864,-1.4062466240378864,0.0,WELD_FOUND
7.994,0.0,0.0,0.0,0.0,0.006,0.0,-0.006,0.0,88,0,0.0816,0.0,-1.4062466240378864,-1.4062466240378864,0.0,WELD_FOUND
8.044,0.023776798442149943,0.05,0.03127679844214994,0.016276798442149944,0.006,0.0,0.0253,0.0163,88,0,0.0816,0.0,-2.1093715902432693,-1.7578091605014305,-0.3515624297418387,WELD_FOUND
8.095,0.023776798442149943,0.05,0.03127679844214994,0.016276798442149944,0.006,0.0,0.0253,0.0163,88,0,0.0816,0.0,-2.1093715902432693,-1.7578091605014305,-0.3515624297418387,WELD_FOUND
8.144,0.0,0.0,0.0,0.0,0.0061,0.0,-0.0061,0.0,89,0,0.0825,0.0,-2.1093715902432693,nan,nan,NO_WELD
8.194,0.0,0.0,0.0,0.0,0.0061,0.0,-0.0061,0.0,89,0,0.0825,0.0,-2.1093715902432693,nan,nan,NO_WELD
8.244,0.022181802980718465,0.05,0.029681802980718465,0.014681802980718466,0.0222,0.0,0.0075,0.0147,94,0,0.0871,0.0,-2.1093715902432693,-2.1093715902432693,0.0,WELD_FOUND
8.294,0.022181802980718465,0.05,0.029681802980718465,0.014681802980718466,0.0222,0.0,0.0075,0.0147,94,0,0.0871,0.0,-2.1093715902432693,-2.1093715902432693,0.0,WELD_FOUND
8.344,0.0,0.0,0.0,0.0,0.0222,0.0,-0.0222,0.0,94,0,0.0871,0.0,-2.1093715902432693,nan,nan,NO_WELD
8.394,0.0,0.0,0.0,0.0,0.0177,0.0,-0.0177,0.0,94,0,0.0871,0.0,-2.1093715902432693,nan,nan,NO_WELD
8.444,0.0,0.0,0.0,0.0,0.0177,0.0,-0.0177,0.0,97,0,0.0899,0.0,-2.1093715902432693,nan,nan,NO_WELD
8.494,0.0,0.0,0.0,0.0,0.0218,0.0,-0.0218,0.0,97,0,0.0899,0.0,-2.1093715902432693,nan,nan,NO_WELD
8.544,0.0,0.0,0.0,0.0,0.0218,0.0,-0.0218,0.0,96,0,0.089,0.0,-2.1093715902432693,nan,nan,NO_WELD
8.594,0.0,0.0,0.0,0.0,0.0094,0.0,-0.0094,0.0,96,0,0.089,0.0,-2.1093715902432693,nan,nan,NO_WELD
8.644,0.0,0.0,0.0,0.0,0.0094,0.0,-0.0094,0.0,96,0,0.089,0.0,-2.1093715902432693,nan,nan,NO_WELD
8.694,0.0,0.0,0.0,0.0,0.0094,0.0,-0.0094,0.0,96,0,0.089,0.0,-2.1093715902432693,nan,nan,NO_WELD
8.744,0.0,0.0,0.0,0.0,0.0075,0.0,-0.0075,0.0,96,0,0.089,0.0,-2.1093715902432693,nan,nan,NO_WELD
8.794,0.0,0.0,0.0,0.0,0.0075,0.0,-0.0075,0.0,96,0,0.089,0.0,-2.1093715902432693,nan,nan,NO_WELD
8.844,0.0,0.0,0.0,0.0,0.0075,0.0,-0.0075,0.0,96,0,0.089,0.0,-2.1093715902432693,nan,nan,NO_WELD
8.894,0.0,0.0,0.0,0.0,0.006,0.0,-0.006,0.0,96,0,0.089,0.0,-2.1093715902432693,nan,nan,NO_WELD
8.944,0.0,0.0,0.0,0.0,0.006,0.0,-0.006,0.0,96,0,0.089,0.0,-2.460934233428519,-2.460934233428519,0.0,WELD_FOUND
8.994,0.0,0.0,0.0,0.0,0.0048,0.0,-0.0048,0.0,96,0,0.089,0.0,-2.460934233428519,-2.460934233428519,0.0,WELD_FOUND
9.044,0.0,0.0,0.0,0.0,0.0048,0.0,-0.0048,0.0,96,0,0.089,0.0,-2.460934233428519,nan,nan,NO_WELD
9.095,0.0,0.0,0.0,0.0,0.0038,0.0,-0.0038,0.0,96,0,0.089,0.0,-2.460934233428519,nan,nan,NO_WELD
9.144,0.0,0.0,0.0,0.0,0.0038,0.0,-0.0038,0.0,96,0,0.089,0.0,-2.460934233428519,nan,nan,NO_WELD
9.194,0.0,0.0,0.0,0.0,0.0038,0.0,-0.0038,0.0,96,0,0.089,0.0,-2.460934233428519,nan,nan,NO_WELD
9.244,0.0,0.0,0.0,0.0,0.0031,0.0,-0.0031,0.0,96,0,0.089,0.0,-2.460934233428519,nan,nan,NO_WELD
9.294,0.0,0.0,0.0,0.0,0.0031,0.0,-0.0031,0.0,96,0,0.089,0.0,-2.460934233428519,nan,nan,NO_WELD
9.344,0.0,0.0,0.0,0.0,0.0025,0.0,-0.0025,0.0,96,0,0.089,0.0,-2.460934233428519,nan,nan,NO_WELD
9.394,0.0,0.0,0.0,0.0,0.0025,0.0,-0.0025,0.0,96,0,0.089,0.0,-2.460934233428519,nan,nan,NO_WELD
9.444,0.0,0.0,0.0,0.0,0.0025,0.0,-0.0025,0.0,96,0,0.089,0.0,-2.460934233428519,nan,nan,NO_WELD
9.494,0.0,0.0,0.0,0.0,0.002,0.0,-0.002,0.0,96,0,0.089,0.0,-2.460934233428519,nan,nan,NO_WELD
9.544,0.0,0.0,0.0,0.0,0.002,0.0,-0.002,0.0,96,0,0.089,0.0,-2.460934233428519,nan,nan,NO_WELD
9.594,0.0,0.0,0.0,0.0,0.0016,0.0,-0.0016,0.0,96,0,0.089,0.0,-2.460934233428519,nan,nan,NO_WELD
9.644,0.02179170584530101,0.05,0.02929170584530101,0.014291705845301012,0.0016,0.0,0.0277,0.0143,96,0,0.089,0.0,-2.1093715902432693,-2.1093715902432693,0.0,WELD_FOUND
9.694,0.02179170584530101,0.05,0.02929170584530101,0.014291705845301012,0.0016,0.0,0.0277,0.0143,96,0,0.089,0.0,-2.1093715902432693,-2.1093715902432693,0.0,WELD_FOUND
9.744,0.0,0.0,0.0,0.0,0.0034,0.0,-0.0034,0.0,97,0,0.0899,0.0,-2.1093715902432693,nan,nan,NO_WELD
9.794,0.0,0.0,0.0,0.0,0.0034,0.0,-0.0034,0.0,97,0,0.0899,0.0,-2.1093715902432693,nan,nan,NO_WELD
9.844,0.0,0.0,0.0,0.0,0.0034,0.0,-0.0034,0.0,101,0,0.0936,0.0,-2.1093715902432693,nan,nan,NO_WELD
9.894,0.0,0.0,0.0,0.0,0.0119,0.0,-0.0119,0.0,101,0,0.0936,0.0,-2.1093715902432693,nan,nan,NO_WELD
9.944,0.0,0.0,0.0,0.0,0.0119,0.0,-0.0119,0.0,102,0,0.0945,0.0,-2.1093715902432693,nan,nan,NO_WELD
9.994,0.0,0.0,0.0,0.0,0.0119,0.0,-0.0119,0.0,102,0,0.0945,0.0,-2.1093715902432693,nan,nan,NO_WELD
10.044,0.0,0.0,0.0,0.0,0.0121,0.0,-0.0121,0.0,103,0,0.0955,0.0,-2.1093715902432693,nan,nan,NO_WELD
10.096,0.0,0.0,0.0,0.0,0.0121,0.0,-0.0121,0.0,103,0,0.0955,0.0,-2.1093715902432693,nan,nan,NO_WELD
10.144,0.0,0.0,0.0,0.0,0.0097,0.0,-0.0097,0.0,103,0,0.0955,0.0,-2.1093715902432693,nan,nan,NO_WELD
10.194,0.0,0.0,0.0,0.0,0.0097,0.0,-0.0097,0.0,103,0,0.0955,0.0,-2.1093715902432693,nan,nan,NO_WELD
10.244,0.0,0.0,0.0,0.0,0.0097,0.0,-0.0097,0.0,103,0,0.0955,0.0,-2.1093715902432693,nan,nan,NO_WELD
10.294,0.0,0.0,0.0,0.0,0.0077,0.0,-0.0077,0.0,103,0,0.0955,0.0,-2.1093715902432693,nan,nan,NO_WELD
10.344,0.0,0.0,0.0,0.0,0.0077,0.0,-0.0077,0.0,103,0,0.0955,0.0,-2.1093715902432693,nan,nan,NO_WELD
10.394,0.0,0.0,0.0,0.0,0.0062,0.0,-0.0062,0.0,103,0,0.0955,0.0,-2.1093715902432693,nan,nan,NO_WELD
10.444,0.0,0.0,0.0,0.0,0.0062,0.0,-0.0062,0.0,103,0,0.0955,0.0,-2.1093715902432693,nan,nan,NO_WELD
10.494,0.0,0.0,0.0,0.0,0.0062,0.0,-0.0062,0.0,103,0,0.0955,0.0,-2.1093715902432693,nan,nan,NO_WELD
10.544,0.023776798442149943,0.05,0.03127679844214994,0.016276798442149944,0.005,0.0,0.0263,0.0163,103,0,0.0955,0.0,-1.7578091605014305,-1.7578091605014305,0.0,WELD_FOUND
10.594,0.023776798442149943,0.05,0.03127679844214994,0.016276798442149944,0.005,0.0,0.0263,0.0163,103,0,0.0955,0.0,-1.7578091605014305,-1.7578091605014305,0.0,WELD_FOUND
10.644,0.023776798442149943,0.07669889368116857,0.03528163249432523,0.012271964389974658,0.004,0.0,0.0313,0.0123,103,0,0.0955,0.0,-1.7578091605014305,-1.7578091605014305,0.0,WELD_FOUND
10.694,0.023776798442149943,0.07669889368116857,0.03528163249432523,0.012271964389974658,0.004,0.0,0.0313,0.0123,103,0,0.0955,0.0,-1.7578091605014305,-1.7578091605014305,0.0,WELD_FOUND
10.744,0.023776798442149943,0.07669889368116857,0.03528163249432523,0.012271964389974658,0.004,0.0,0.0313,0.0123,108,0,0.1001,0.0,-1.0546840875743422,-1.7578091605014305,0.7031250729270884,WELD_FOUND
10.794,0.023776798442149943,0.07669889368116857,0.03528163249432523,0.012271964389974658,0.0147,0.0,0.0205,0.0123,108,0,0.1001,0.0,-1.0546840875743422,-1.7578091605014305,0.7031250729270884,WELD_FOUND
10.844,0.025427165484596354,0.057018503412206406,0.033979940996427316,0.016874389972765393,0.0147,0.0,0.0192,0.0169,113,0,0.1047,0.0,-1.0546840875743422,-1.4062466240378864,0.3515625364635442,WELD_FOUND
10.894,0.025427165484596354,0.057018503412206406,0.033979940996427316,0.016874389972765393,0.0274,0.0,0.0066,0.0169,113,0,0.1047,0.0,-1.0546840875743422,-1.4062466240378864,0.3515625364635442,WELD_FOUND
10.944,0.0,0.0,0.0,0.0,0.0274,0.0,-0.0274,0.0,118,0,0.1094,0.0,-1.0546840875743422,nan,nan,NO_WELD
10.994,0.0,0.0,0.0,0.0,0.0274,0.0,-0.0274,0.0,118,0,0.1094,0.0,-1.0546840875743422,nan,nan,NO_WELD
11.044,0.027480695794443576,0.04526051164409105,0.03426977254105723,0.02069161904782992,0.0387,0.0,-0.0044,0.0207,122,0,0.1131,0.0,-1.0546840875743422,-1.0546840875743422,0.0,WELD_FOUND
11.095,0.027480695794443576,0.04526051164409105,0.03426977254105723,0.02069161904782992,0.0387,0.0,-0.0044,0.0207,122,0,0.1131,0.0,-1.0546840875743422,-1.0546840875743422,0.0,WELD_FOUND
11.144,0.029686442247415398,0.02529495152478585,0.033480684976133275,0.02589219951869752,0.0387,0.0,-0.0052,0.0259,123,0,0.114,0.0,-0.35155909468853286,-0.7031216044716506,0.35156250978311776,WELD_FOUND
11.194,0.029686442247415398,0.02529495152478585,0.033480684976133275,0.02589219951869752,0.0257,0.0,0.0078,0.0259,123,0,0.114,0.0,-0.35155909468853286,-0.7031216044716506,0.35156250978311776,WELD_FOUND
11.244,0.03199238369450292,0.010018593512348899,0.03349517272135526,0.030489594667650586,0.0257,0.0,0.0078,0.0305,126,0,0.1168,0.0,-0.35155909468853286,-0.35155909468853286,0.0,WELD_FOUND
11.294,0.03199238369450292,0.010018593512348899,0.03349517272135526,0.030489594667650586,0.0257,0.0,0.0078,0.0305,126,0,0.1168,0.0,-0.35155909468853286,-0.35155909468853286,0.0,WELD_FOUND
11.344,0.0,0.0,0.0,0.0,0.0376,0.0,-0.0376,0.0,132,0,0.1223,0.0,-0.35155909468853286,nan,nan,NO_WELD
11.394,0.0,0.0,0.0,0.0,0.0376,0.0,-0.0376,0.0,132,0,0.1223,0.0,-0.35155909468853286,nan,nan,NO_WELD
11.444,0.0,0.0,0.0,0.0,0.0411,0.0,-0.0411,0.0,137,0,0.127,0.0,-0.35155909468853286,nan,nan,NO_WELD
11.494,0.0,0.0,0.0,0.0,0.0411,0.0,-0.0411,0.0,137,0,0.127,0.0,-0.35155909468853286,nan,nan,NO_WELD
11.544,0.0,0.0,0.0,0.0,0.0329,0.0,-0.0329,0.0,137,0,0.127,0.0,-0.35155909468853286,nan,nan,NO_WELD
11.594,0.0,0.0,0.0,0.0,0.0329,0.0,-0.0329,0.0,137,0,0.127,0.0,-0.35155909468853286,nan,nan,NO_WELD
11.644,0.0,0.0,0.0,0.0,0.0263,0.0,-0.0263,0.0,137,0,0.127,0.0,-0.35155909468853286,nan,nan,NO_WELD
11.694,0.0,0.0,0.0,0.0,0.0263,0.0,-0.0263,0.0,137,0,0.127,0.0,-0.35155909468853286,nan,nan,NO_WELD
11.744,0.0,0.0,0.0,0.0,0.0263,0.0,-0.0263,0.0,137,0,0.127,0.0,-0.35155909468853286,nan,nan,NO_WELD
11.794,0.0,0.0,0.0,0.0,0.0211,0.0,-0.0211,0.0,137,0,0.127,0.0,-0.35155909468853286,nan,nan,NO_WELD
11.844,0.0,0.0,0.0,0.0,0.0211,0.0,-0.0211,0.0,137,0,0.127,0.0,-0.35155909468853286,nan,nan,NO_WELD
11.894,0.0,0.0,0.0,0.0,0.0211,0.0,-0.0211,0.0,137,0,0.127,0.0,-0.35155909468853286,nan,nan,NO_WELD
11.944,0.0,0.0,0.0,0.0,0.0168,0.0,-0.0168,0.0,137,0,0.127,0.0,-0.35155909468853286,nan,nan,NO_WELD
11.994,0.0,0.0,0.0,0.0,0.0168,0.0,-0.0168,0.0,137,0,0.127,0.0,-0.35155909468853286,nan,nan,NO_WELD
12.044,0.0,0.0,0.0,0.0,0.0168,0.0,-0.0168,0.0,137,0,0.127,0.0,-0.35155909468853286,nan,nan,NO_WELD
12.095,0.0,0.0,0.0,0.0,0.0135,0.0,-0.0135,0.0,137,0,0.127,0.0,-0.35155909468853286,nan,nan,NO_WELD
12.144,0.0,0.0,0.0,0.0,0.0135,0.0,-0.0135,0.0,137,0,0.127,0.0,-0.35155909468853286,nan,nan,NO_WELD
12.194,0.0,0.0,0.0,0.0,0.0135,0.0,-0.0135,0.0,137,0,0.127,0.0,-0.35155909468853286,nan,nan,NO_WELD
12.244,0.0,0.0,0.0,0.0,0.0108,0.0,-0.0108,0.0,137,0,0.127,0.0,-0.35155909468853286,nan,nan,NO_WELD
12.294,0.0,0.0,0.0,0.0,0.0108,0.0,-0.0108,0.0,137,0,0.127,0.0,-0.35155909468853286,nan,nan,NO_WELD
12.344,0.0,0.0,0.0,0.0,0.0086,0.0,-0.0086,0.0,137,0,0.127,0.0,13.35937873349221,nan,nan,NO_WELD
12.394,0.0,0.0,0.0,0.0,0.0086,0.0,-0.0086,0.0,137,0,0.127,0.0,13.35937873349221,nan,nan,NO_WELD
12.444,0.0,0.0,0.0,0.0,0.0086,0.0,-0.0086,0.0,137,0,0.127,0.0,5.625003571624471,nan,nan,NO_WELD
12.494,0.0,0.0,0.0,0.0,0.0069,0.0,-0.0069,0.0,137,0,0.127,0.0,5.625003571624471,nan,nan,NO_WELD
12.544,0.0,0.0,0.0,0.0,0.0069,0.0,-0.0069,0.0,137,0,0.127,0.0,2.812503493359528,nan,nan,NO_WELD
12.594,0.0,0.0,0.0,0.0,0.0069,0.0,-0.0069,0.0,137,0,0.127,0.0,2.812503493359528,nan,nan,NO_WELD
12.644,0.0,0.0,0.0,0.0,0.0055,0.0,-0.0055,0.0,137,0,0.127,0.0,4.5703160689555435,nan,nan,NO_WELD
12.694,0.0,0.0,0.0,0.0,0.0055,0.0,-0.0055,0.0,137,0,0.127,0.0,4.5703160689555435,nan,nan,NO_WELD
12.744,0.0,0.0,0.0,0.0,0.0055,0.0,-0.0055,0.0,137,0,0.127,0.0,3.1640659231013664,nan,nan,NO_WELD
12.794,0.0,0.0,0.0,0.0,0.0044,0.0,-0.0044,0.0,137,0,0.127,0.0,3.1640659231013664,nan,nan,NO_WELD
12.844,0.0,0.0,0.0,0.0,0.0044,0.0,-0.0044,0.0,137,0,0.127,0.0,5.2734409284392205,5.2734409284392205,0.0,WELD_FOUND
12.894,0.0,0.0,0.0,0.0,0.0035,0.0,-0.0035,0.0,137,0,0.127,0.0,5.2734409284392205,5.2734409284392205,0.0,WELD_FOUND
12.944,0.007248352345361827,-0.05,-0.00025164765463817247,0.014748352345361827,0.0035,0.0,-0.0038,0.0147,137,0,0.127,0.0,5.625003571624471,5.449222250031846,0.17578132159262516,WELD_FOUND
12.994,0.007248352345361827,-0.05,-0.00025164765463817247,0.014748352345361827,0.0035,0.0,-0.0038,0.0147,137,0,0.127,0.0,5.625003571624471,5.449222250031846,0.17578132159262516,WELD_FOUND
13.044,0.006807306370506818,-0.1,-0.00819269362949318,0.021807306370506818,0.0028,0.0,-0.011,0.0218,137,0,0.127,0.0,5.625003571624471,5.625003571624471,0.0,WELD_FOUND
13.096,0.006807306370506818,-0.1,-0.00819269362949318,0.021807306370506818,0.0028,0.0,-0.011,0.0218,137,0,0.127,0.0,5.625003571624471,5.625003571624471,0.0,WELD_FOUND
13.144,0.0,0.0,0.0,0.0,0.0028,0.0,-0.0028,0.0,140,0,0.1297,0.0,5.625003571624471,nan,nan,NO_WELD
13.194,0.0,0.0,0.0,0.0,0.0091,0.0,-0.0091,0.0,140,0,0.1297,0.0,5.625003571624471,nan,nan,NO_WELD
13.244,0.0,0.0,0.0,0.0,0.0091,0.0,-0.0091,0.0,142,0,0.1316,0.0,5.625003571624471,nan,nan,NO_WELD
13.294,0.0,0.0,0.0,0.0,0.0091,0.0,-0.0091,0.0,142,0,0.1316,0.0,5.625003571624471,nan,nan,NO_WELD
13.344,0.0,0.0,0.0,0.0,0.0104,0.0,-0.0104,0.0,142,0,0.1316,0.0,5.625003571624471,nan,nan,NO_WELD
13.394,0.0,0.0,0.0,0.0,0.0104,0.0,-0.0104,0.0,142,0,0.1316,0.0,5.625003571624471,nan,nan,NO_WELD
13.444,0.0,0.0,0.0,0.0,0.0104,0.0,-0.0104,0.0,142,0,0.1316,0.0,5.625003571624471,nan,nan,NO_WELD
13.494,0.0,0.0,0.0,0.0,0.0083,0.0,-0.0083,0.0,142,0,0.1316,0.0,5.625003571624471,nan,nan,NO_WELD
13.544,0.0,0.0,0.0,0.0,0.0083,0.0,-0.0083,0.0,142,0,0.1316,0.0,5.625003571624471,nan,nan,NO_WELD
13.594,0.0,0.0,0.0,0.0,0.0083,0.0,-0.0083,0.0,142,0,0.1316,0.0,5.625003571624471,nan,nan,NO_WELD
13.644,0.0,0.0,0.0,0.0,0.0067,0.0,-0.0067,0.0,142,0,0.1316,0.0,5.625003571624471,nan,nan,NO_WELD
13.694,0.0,0.0,0.0,0.0,0.0067,0.0,-0.0067,0.0,142,0,0.1316,0.0,5.625003571624471,nan,nan,NO_WELD
13.744,0.0,0.0,0.0,0.0,0.0067,0.0,-0.0067,0.0,142,0,0.1316,0.0,5.97656621480972,5.97656621480972,0.0,WELD_FOUND
13.794,0.0,0.0,0.0,0.0,0.0053,0.0,-0.0053,0.0,142,0,0.1316,0.0,5.97656621480972,5.97656621480972,0.0,WELD_FOUND
13.844,0.0,0.0,0.0,0.0,0.0053,0.0,-0.0053,0.0,142,0,0.1316,0.0,5.97656621480972,nan,nan,NO_WELD
13.894,0.0,0.0,0.0,0.0,0.0053,0.0,-0.0053,0.0,142,0,0.1316,0.0,5.97656621480972,nan,nan,NO_WELD
13.944,0.005,-0.05,-0.0024999999999999996,0.0125,0.0043,0.0,-0.0068,0.0125,142,0,0.1316,0.0,6.679691074293397,6.679691074293397,0.0,WELD_FOUND
13.994,0.005,-0.05,-0.0024999999999999996,0.0125,0.0043,0.0,-0.0068,0.0125,142,0,0.1316,0.0,6.679691074293397,6.679691074293397,0.0,WELD_FOUND
14.044,0.0,0.0,0.0,0.0,0.0034,0.0,-0.0034,0.0,142,0,0.1316,0.0,6.679691074293397,nan,nan,NO_WELD
14.096,0.0,0.0,0.0,0.0,0.0034,0.0,-0.0034,0.0,142,0,0.1316,0.0,6.679691074293397,nan,nan,NO_WELD
14.144,0.0,0.0,0.0,0.0,0.0058,0.0,-0.0058,0.0,143,0,0.1325,0.0,6.679691074293397,nan,nan,NO_WELD
14.194,0.0,0.0,0.0,0.0,0.0058,0.0,-0.0058,0.0,143,0,0.1325,0.0,6.679691074293397,nan,nan,NO_WELD
14.244,0.0,0.0,0.0,0.0,0.0058,0.0,-0.0058,0.0,143,0,0.1325,0.0,6.679691074293397,nan,nan,NO_WELD
14.294,0.0,0.0,0.0,0.0,0.0046,0.0,-0.0046,0.0,143,0,0.1325,0.0,6.679691074293397,nan,nan,NO_WELD
14.344,0.0,0.0,0.0,0.0,0.0046,0.0,-0.0046,0.0,143,0,0.1325,0.0,6.679691074293397,nan,nan,NO_WELD
14.394,0.0,0.0,0.0,0.0,0.0037,0.0,-0.0037,0.0,143,0,0.1325,0.0,6.679691074293397,nan,nan,NO_WELD
14.444,0.0,0.0,0.0,0.0,0.0037,0.0,-0.0037,0.0,143,0,0.1325,0.0,6.679691074293397,nan,nan,NO_WELD
14.494,0.0,0.0,0.0,0.0,0.0029,0.0,-0.0029,0.0,143,0,0.1325,0.0,6.679691074293397,nan,nan,NO_WELD
14.544,0.005665806798333702,-0.05,-0.0018341932016662978,0.013165806798333702,0.0029,0.0,-0.0048,0.0132,143,0,0.1325,0.0,5.97656621480972,5.97656621480972,0.0,WELD_FOUND
14.594,0.005665806798333702,-0.05,-0.0018341932016662978,0.013165806798333702,0.0024,0.0,-0.0042,0.0132,143,0,0.1325,0.0,5.97656621480972,5.97656621480972,0.0,WELD_FOUND
14.644,0.0,0.0,0.0,0.0,0.0024,0.0,-0.0024,0.0,143,0,0.1325,0.0,5.97656621480972,nan,nan,NO_WELD
14.694,0.0,0.0,0.0,0.0,0.0024,0.0,-0.0024,0.0,143,0,0.1325,0.0,5.97656621480972,nan,nan,NO_WELD
14.744,0.0,0.0,0.0,0.0,0.0019,0.0,-0.0019,0.0,143,0,0.1325,0.0,5.97656621480972,nan,nan,NO_WELD
14.794,0.0,0.0,0.0,0.0,0.0019,0.0,-0.0019,0.0,143,0,0.1325,0.0,5.97656621480972,nan,nan,NO_WELD
14.844,0.0,0.0,0.0,0.0,0.0015,0.0,-0.0015,0.0,143,0,0.1325,0.0,5.97656621480972,nan,nan,NO_WELD
14.894,0.0,0.0,0.0,0.0,0.0015,0.0,-0.0015,0.0,143,0,0.1325,0.0,5.97656621480972,nan,nan,NO_WELD
14.944,0.0,0.0,0.0,0.0,0.0015,0.0,-0.0015,0.0,143,0,0.1325,0.0,5.97656621480972,nan,nan,NO_WELD
14.994,0.0,0.0,0.0,0.0,0.0012,0.0,-0.0012,0.0,143,0,0.1325,0.0,5.97656621480972,nan,nan,NO_WELD
15.044,0.0,0.0,0.0,0.0,0.0012,0.0,-0.0012,0.0,143,0,0.1325,0.0,5.97656621480972,nan,nan,NO_WELD
15.095,0.0,0.0,0.0,0.0,0.0,0.0,0.0,0.0,143,0,0.1325,0.0,5.97656621480972,nan,nan,NO_WELD
15.144,0.005665806798333702,-0.05,-0.0018341932016662978,0.013165806798333702,0.0,0.0,-0.0018,0.0132,143,0,0.1325,0.0,5.97656621480972,5.97656621480972,0.0,WELD_FOUND
15.194,0.005665806798333702,-0.05,-0.0018341932016662978,0.013165806798333702,0.0,0.0,-0.0018,0.0132,143,0,0.1325,0.0,5.97656621480972,5.97656621480972,0.0,WELD_FOUND
15.244,0.0,0.0,0.0,0.0,0.0,0.0,0.0,0.0,144,0,0.1335,0.0,5.97656621480972,nan,nan,NO_WELD
15.294,0.0,0.0,0.0,0.0,0.0,0.0,0.0,0.0,144,0,0.1335,0.0,5.97656621480972,nan,nan,NO_WELD
15.344,0.0,0.0,0.0,0.0,0.0025,0.0,-0.0025,0.0,144,0,0.1335,0.0,5.97656621480972,nan,nan,NO_WELD
15.394,0.0,0.0,0.0,0.0,0.0025,0.0,-0.0025,0.0,144,0,0.1335,0.0,5.97656621480972,nan,nan,NO_WELD
15.444,0.0064856062168336896,-0.05,-0.0010143937831663102,0.01398560621683369,0.0025,0.0,-0.0035,0.014,144,0,0.1335,0.0,5.625003571624471,5.625003571624471,0.0,WELD_FOUND
15.494,0.0064856062168336896,-0.05,-0.0010143937831663102,0.01398560621683369,0.002,0.0,-0.003,0.014,144,0,0.1335,0.0,5.625003571624471,5.625003571624471,0.0,WELD_FOUND
15.544,0.0,0.0,0.0,0.0,0.002,0.0,-0.002,0.0,144,0,0.1335,0.0,5.625003571624471,nan,nan,NO_WELD
15.594,0.0,0.0,0.0,0.0,0.0016,0.0,-0.0016,0.0,144,0,0.1335,0.0,5.625003571624471,nan,nan,NO_WELD
15.644,0.0,0.0,0.0,0.0,0.0016,0.0,-0.0016,0.0,144,0,0.1335,0.0,5.625003571624471,nan,nan,NO_WELD
15.694,0.0,0.0,0.0,0.0,0.0016,0.0,-0.0016,0.0,144,0,0.1335,0.0,5.625003571624471,nan,nan,NO_WELD
15.744,0.0,0.0,0.0,0.0,0.0013,0.0,-0.0013,0.0,144,0,0.1335,0.0,5.625003571624471,nan,nan,NO_WELD
15.794,0.0,0.0,0.0,0.0,0.0013,0.0,-0.0013,0.0,144,0,0.1335,0.0,5.625003571624471,nan,nan,NO_WELD
15.844,0.0,0.0,0.0,0.0,0.001,0.0,-0.001,0.0,144,0,0.1335,0.0,5.625003571624471,nan,nan,NO_WELD
15.894,0.0,0.0,0.0,0.0,0.001,0.0,-0.001,0.0,144,0,0.1335,0.0,5.625003571624471,nan,nan,NO_WELD
15.944,0.0,0.0,0.0,0.0,0.001,0.0,-0.001,0.0,144,0,0.1335,0.0,5.625003571624471,nan,nan,NO_WELD
15.994,0.0,0.0,0.0,0.0,0.0,0.0,0.0,0.0,144,0,0.1335,0.0,5.625003571624471,nan,nan,NO_WELD
16.044,0.0,0.0,0.0,0.0,0.0,0.0,0.0,0.0,144,0,0.1335,0.0,5.625003571624471,nan,nan,NO_WELD
16.096,0.0,0.0,0.0,0.0,0.0,0.0,0.0,0.0,144,0,0.1335,0.0,5.625003571624471,nan,nan,NO_WELD
16.144,0.0,0.0,0.0,0.0,0.0,0.0,0.0,0.0,144,0,0.1335,0.0,5.625003571624471,nan,nan,NO_WELD
16.194,0.0,0.0,0.0,0.0,0.0,0.0,0.0,0.0,144,0,0.1335,0.0,5.625003571624471,nan,nan,NO_WELD
16.244,0.005665806798333702,-0.05,-0.0018341932016662978,0.013165806798333702,0.0,0.0,-0.0018,0.0132,144,0,0.1335,0.0,5.97656621480972,5.97656621480972,0.0,WELD_FOUND
16.294,0.005665806798333702,-0.05,-0.0018341932016662978,0.013165806798333702,0.0,0.0,-0.0018,0.0132,144,0,0.1335,0.0,5.97656621480972,5.97656621480972,0.0,WELD_FOUND
16.344,0.0,0.0,0.0,0.0,0.0,0.0,0.0,0.0,144,0,0.1335,0.0,5.97656621480972,nan,nan,NO_WELD
16.394,0.0,0.0,0.0,0.0,0.0,0.0,0.0,0.0,144,0,0.1335,0.0,5.97656621480972,nan,nan,NO_WELD
16.444,0.0,0.0,0.0,0.0,0.0,0.0,0.0,0.0,144,0,0.1335,0.0,5.97656621480972,nan,nan,NO_WELD
16.494,0.0,0.0,0.0,0.0,0.0,0.0,0.0,0.0,144,0,0.1335,0.0,5.97656621480972,nan,nan,NO_WELD
16.544,0.0,0.0,0.0,0.0,0.0,0.0,0.0,0.0,144,0,0.1335,0.0,5.97656621480972,nan,nan,NO_WELD
16.594,0.0,0.0,0.0,0.0,0.0,0.0,0.0,0.0,144,0,0.1335,0.0,5.97656621480972,nan,nan,NO_WELD
16.644,0.0,0.0,0.0,0.0,0.0,0.0,0.0,0.0,144,0,0.1335,0.0,5.97656621480972,nan,nan,NO_WELD
16.694,0.0,0.0,0.0,0.0,0.0,0.0,0.0,0.0,144,0,0.1335,0.0,5.97656621480972,nan,nan,NO_WELD
16.744,0.0,0.0,0.0,0.0,0.0,0.0,0.0,0.0,144,0,0.1335,0.0,5.97656621480972,nan,nan,NO_WELD
16.794,0.0,0.0,0.0,0.0,0.0,0.0,0.0,0.0,144,0,0.1335,0.0,5.97656621480972,nan,nan,NO_WELD
16.844,0.0,0.0,0.0,0.0,0.0,0.0,0.0,0.0,144,0,0.1335,0.0,5.97656621480972,nan,nan,NO_WELD
16.894,0.0,0.0,0.0,0.0,0.0,0.0,0.0,0.0,144,0,0.1335,0.0,5.97656621480972,nan,nan,NO_WELD
16.944,0.0,0.0,0.0,0.0,0.0,0.0,0.0,0.0,144,0,0.1335,0.0,5.97656621480972,nan,nan,NO_WELD
16.994,0.0,0.0,0.0,0.0,0.0,0.0,0.0,0.0,144,0,0.1335,0.0,5.97656621480972,nan,nan,NO_WELD
17.044,0.0,0.0,0.0,0.0,0.0,0.0,0.0,0.0,144,0,0.1335,0.0,5.97656621480972,nan,nan,NO_WELD
17.095,0.0,0.0,0.0,0.0,0.0,0.0,0.0,0.0,144,0,0.1335,0.0,5.97656621480972,nan,nan,NO_WELD
17.144,0.0,0.0,0.0,0.0,0.0,0.0,0.0,0.0,144,0,0.1335,0.0,5.97656621480972,nan,nan,NO_WELD
17.194,0.0,0.0,0.0,0.0,0.0,0.0,0.0,0.0,144,0,0.1335,0.0,5.97656621480972,nan,nan,NO_WELD
17.244,0.0,0.0,0.0,0.0,0.0,0.0,0.0,0.0,144,0,0.1335,0.0,5.97656621480972,nan,nan,NO_WELD
17.294,0.0,0.0,0.0,0.0,0.0,0.0,0.0,0.0,144,0,0.1335,0.0,5.97656621480972,nan,nan,NO_WELD
17.344,0.0,0.0,0.0,0.0,0.0,0.0,0.0,0.0,144,0,0.1335,0.0,-1.7578091605014305,nan,nan,NO_WELD
17.394,0.0,0.0,0.0,0.0,0.0,0.0,0.0,0.0,144,0,0.1335,0.0,-1.7578091605014305,nan,nan,NO_WELD
17.444,0.0,0.0,0.0,0.0,0.0,0.0,0.0,0.0,144,0,0.1335,0.0,2.4609410636176894,nan,nan,NO_WELD
17.494,0.0,0.0,0.0,0.0,0.0,0.0,0.0,0.0,144,0,0.1335,0.0,2.4609410636176894,nan,nan,NO_WELD
17.544,0.0,0.0,0.0,0.0,0.0,0.0,0.0,0.0,144,0,0.1335,0.0,5.97656621480972,nan,nan,NO_WELD
17.594,0.0,0.0,0.0,0.0,0.0,0.0,0.0,0.0,144,0,0.1335,0.0,5.97656621480972,nan,nan,NO_WELD
17.644,0.0,0.0,0.0,0.0,0.0,0.0,0.0,0.0,144,0,0.1335,0.0,3.1640659231013664,nan,nan,NO_WELD
17.694,0.0,0.0,0.0,0.0,0.0,0.0,0.0,0.0,144,0,0.1335,0.0,3.1640659231013664,nan,nan,NO_WELD
17.744,0.0,0.0,0.0,0.0,0.0,0.0,0.0,0.0,144,0,0.1335,0.0,6.679691074293397,nan,nan,NO_WELD
17.794,0.0,0.0,0.0,0.0,0.0,0.0,0.0,0.0,144,0,0.1335,0.0,6.679691074293397,nan,nan,NO_WELD
17.844,0.0,0.0,0.0,0.0,0.0,0.0,0.0,0.0,144,0,0.1335,0.0,3.1640659231013664,nan,nan,NO_WELD
17.894,0.0,0.0,0.0,0.0,0.0,0.0,0.0,0.0,144,0,0.1335,0.0,3.1640659231013664,nan,nan,NO_WELD
17.944,0.0,0.0,0.0,0.0,0.0,0.0,0.0,0.0,144,0,0.1335,0.0,-4.921871881951623,nan,nan,NO_WELD
17.994,0.0,0.0,0.0,0.0,0.0,0.0,0.0,0.0,144,0,0.1335,0.0,-4.921871881951623,nan,nan,NO_WELD
18.044,0.0,0.0,0.0,0.0,0.0,0.0,0.0,0.0,144,0,0.1335,0.0,-8.43749660625683,nan,nan,NO_WELD
18.096,0.0,0.0,0.0,0.0,0.0,0.0,0.0,0.0,144,0,0.1335,0.0,-8.43749660625683,nan,nan,NO_WELD
18.144,0.0,0.0,0.0,0.0,0.0,0.0,0.0,0.0,144,0,0.1335,0.0,5.625003571624471,nan,nan,NO_WELD
18.194,0.0,0.0,0.0,0.0,0.0,0.0,0.0,0.0,144,0,0.1335,0.0,5.625003571624471,nan,nan,NO_WELD
18.244,0.0,0.0,0.0,0.0,0.0,0.0,0.0,0.0,144,0,0.1335,0.0,3.1640659231013664,nan,nan,NO_WELD
18.294,0.0,0.0,0.0,0.0,0.0,0.0,0.0,0.0,144,0,0.1335,0.0,3.1640659231013664,nan,nan,NO_WELD
18.344,0.0,0.0,0.0,0.0,0.0,0.0,0.0,0.0,144,0,0.1335,0.0,-2.1093715902432693,nan,nan,NO_WELD
18.394,0.0,0.0,0.0,0.0,0.0,0.0,0.0,0.0,144,0,0.1335,0.0,-2.1093715902432693,nan,nan,NO_WELD
18.444,0.0,0.0,0.0,0.0,0.0,0.0,0.0,0.0,144,0,0.1335,0.0,2.812503493359528,nan,nan,NO_WELD
18.494,0.0,0.0,0.0,0.0,0.0,0.0,0.0,0.0,144,0,0.1335,0.0,2.812503493359528,nan,nan,NO_WELD
18.544,0.0,0.0,0.0,0.0,0.0,0.0,0.0,0.0,144,0,0.1335,0.0,7.382816360663898,nan,nan,NO_WELD
18.594,0.0,0.0,0.0,0.0,0.0,0.0,0.0,0.0,144,0,0.1335,0.0,7.382816360663898,nan,nan,NO_WELD
18.644,0.0,0.0,0.0,0.0,0.0,0.0,0.0,0.0,144,0,0.1335,0.0,-5.6249967414353,nan,nan,NO_WELD
18.694,0.0,0.0,0.0,0.0,0.0,0.0,0.0,0.0,144,0,0.1335,0.0,-5.6249967414353,nan,nan,NO_WELD
18.744,0.0,0.0,0.0,0.0,0.0,0.0,0.0,0.0,144,0,0.1335,0.0,-2.1093715902432693,nan,nan,NO_WELD
18.794,0.0,0.0,0.0,0.0,0.0,0.0,0.0,0.0,144,0,0.1335,0.0,-2.1093715902432693,nan,nan,NO_WELD
18.844,0.0,0.0,0.0,0.0,0.0,0.0,0.0,0.0,144,0,0.1335,0.0,-8.085933963071582,nan,nan,NO_WELD
18.894,0.0,0.0,0.0,0.0,0.0,0.0,0.0,0.0,144,0,0.1335,0.0,-8.085933963071582,nan,nan,NO_WELD
18.944,0.0,0.0,0.0,0.0,0.0,0.0,0.0,0.0,144,0,0.1335,0.0,-1.7578091605014305,nan,nan,NO_WELD
18.994,0.0,0.0,0.0,0.0,0.0,0.0,0.0,0.0,144,0,0.1335,0.0,-1.7578091605014305,nan,nan,NO_WELD
19.044,0.0,0.0,0.0,0.0,0.0,0.0,0.0,0.0,144,0,0.1335,0.0,-1.4062466240378864,nan,nan,NO_WELD
19.097,0.0,0.0,0.0,0.0,0.0,0.0,0.0,0.0,144,0,0.1335,0.0,-1.4062466240378864,nan,nan,NO_WELD
19.144,0.0,0.0,0.0,0.0,0.0,0.0,0.0,0.0,144,0,0.1335,0.0,3.1640659231013664,nan,nan,NO_WELD
19.194,0.0,0.0,0.0,0.0,0.0,0.0,0.0,0.0,144,0,0.1335,0.0,3.1640659231013664,nan,nan,NO_WELD
19.244,0.0,0.0,0.0,0.0,0.0,0.0,0.0,0.0,144,0,0.1335,0.0,-5.9765593846205505,nan,nan,NO_WELD
19.294,0.0,0.0,0.0,0.0,0.0,0.0,0.0,0.0,144,0,0.1335,0.0,-5.9765593846205505,nan,nan,NO_WELD
19.344,0.0,0.0,0.0,0.0,0.0,0.0,0.0,0.0,144,0,0.1335,0.0,3.8671912094718666,nan,nan,NO_WELD
19.394,0.0,0.0,0.0,0.0,0.0,0.0,0.0,0.0,144,0,0.1335,0.0,3.8671912094718666,nan,nan,NO_WELD
19.444,0.0,0.0,0.0,0.0,0.0,0.0,0.0,0.0,144,0,0.1335,0.0,2.812503493359528,nan,nan,NO_WELD
19.494,0.0,0.0,0.0,0.0,0.0,0.0,0.0,0.0,144,0,0.1335,0.0,2.812503493359528,nan,nan,NO_WELD
19.544,0.0,0.0,0.0,0.0,0.0,0.0,0.0,0.0,144,0,0.1335,0.0,-1.4062466240378864,nan,nan,NO_WELD
19.594,0.0,0.0,0.0,0.0,0.0,0.0,0.0,0.0,144,0,0.1335,0.0,-1.4062466240378864,nan,nan,NO_WELD
19.644,0.0,0.0,0.0,0.0,0.0,0.0,0.0,0.0,144,0,0.1335,0.0,-2.460934233428519,nan,nan,NO_WELD
19.694,0.0,0.0,0.0,0.0,0.0,0.0,0.0,0.0,144,0,0.1335,0.0,-2.460934233428519,nan,nan,NO_WELD
19.744,0.0,0.0,0.0,0.0,0.0,0.0,0.0,0.0,144,0,0.1335,0.0,-1.7578091605014305,nan,nan,NO_WELD
19.795,0.0,0.0,0.0,0.0,0.0,0.0,0.0,0.0,144,0,0.1335,0.0,7.031253717478648,nan,nan,NO_WELD
19.844,0.0,0.0,0.0,0.0,0.0,0.0,0.0,0.0,144,0,0.1335,0.0,7.031253717478648,nan,nan,NO_WELD
19.895,0.0,0.0,0.0,0.0,0.0,0.0,0.0,0.0,144,0,0.1335,0.0,-2.460934233428519,nan,nan,NO_WELD
19.944,0.0,0.0,0.0,0.0,0.0,0.0,0.0,0.0,144,0,0.1335,0.0,-2.460934233428519,nan,nan,NO_WELD
19.995,0.0,0.0,0.0,0.0,0.0,0.0,0.0,0.0,144,0,0.1335,0.0,5.2734409284392205,nan,nan,NO_WELD
20.044,0.0,0.0,0.0,0.0,0.0,0.0,0.0,0.0,144,0,0.1335,0.0,5.2734409284392205,nan,nan,NO_WELD
20.096,0.0,0.0,0.0,0.0,0.0,0.0,0.0,0.0,144,0,0.1335,0.0,-2.460934233428519,nan,nan,NO_WELD
20.144,0.0,0.0,0.0,0.0,0.0,0.0,0.0,0.0,144,0,0.1335,0.0,-2.460934233428519,nan,nan,NO_WELD
20.194,0.0,0.0,0.0,0.0,0.0,0.0,0.0,0.0,144,0,0.1335,0.0,-1.4062466240378864,nan,nan,NO_WELD
20.244,0.0,0.0,0.0,0.0,0.0,0.0,0.0,0.0,144,0,0.1335,0.0,-1.4062466240378864,nan,nan,NO_WELD
20.294,0.0,0.0,0.0,0.0,0.0,0.0,0.0,0.0,144,0,0.1335,0.0,3.5156285662866162,nan,nan,NO_WELD
20.344,0.0,0.0,0.0,0.0,0.0,0.0,0.0,0.0,144,0,0.1335,0.0,3.5156285662866162,nan,nan,NO_WELD
20.394,0.0,0.0,0.0,0.0,0.0,0.0,0.0,0.0,144,0,0.1335,0.0,-1.7578091605014305,nan,nan,NO_WELD
20.444,0.0,0.0,0.0,0.0,0.0,0.0,0.0,0.0,144,0,0.1335,0.0,-1.7578091605014305,nan,nan,NO_WELD
20.494,0.0,0.0,0.0,0.0,0.0,0.0,0.0,0.0,144,0,0.1335,0.0,7.382816360663898,nan,nan,NO_WELD
20.544,0.0,0.0,0.0,0.0,0.0,0.0,0.0,0.0,144,0,0.1335,0.0,7.382816360663898,nan,nan,NO_WELD
20.594,0.0,0.0,0.0,0.0,0.0,0.0,0.0,0.0,144,0,0.1335,0.0,2.812503493359528,nan,nan,NO_WELD
20.644,0.0,0.0,0.0,0.0,0.0,0.0,0.0,0.0,144,0,0.1335,0.0,2.812503493359528,nan,nan,NO_WELD
20.694,0.0,0.0,0.0,0.0,0.0,0.0,0.0,0.0,144,0,0.1335,0.0,3.8671912094718666,nan,nan,NO_WELD
20.744,0.0,0.0,0.0,0.0,0.0,0.0,0.0,0.0,144,0,0.1335,0.0,3.8671912094718666,nan,nan,NO_WELD
20.794,0.0,0.0,0.0,0.0,0.0,0.0,0.0,0.0,144,0,0.1335,0.0,-1.0546840875743422,nan,nan,NO_WELD
20.844,0.0,0.0,0.0,0.0,0.0,0.0,0.0,0.0,144,0,0.1335,0.0,-1.0546840875743422,nan,nan,NO_WELD
20.894,0.0,0.0,0.0,0.0,0.0,0.0,0.0,0.0,144,0,0.1335,0.0,4.218753425770293,nan,nan,NO_WELD
20.944,0.0,0.0,0.0,0.0,0.0,0.0,0.0,0.0,144,0,0.1335,0.0,4.218753425770293,nan,nan,NO_WELD
20.994,0.0,0.0,0.0,0.0,0.0,0.0,0.0,0.0,144,0,0.1335,0.0,2.812503493359528,nan,nan,NO_WELD
21.044,0.0,0.0,0.0,0.0,0.0,0.0,0.0,0.0,144,0,0.1335,0.0,2.812503493359528,nan,nan,NO_WELD
21.096,0.0,0.0,0.0,0.0,0.0,0.0,0.0,0.0,144,0,0.1335,0.0,4.921878712140794,nan,nan,NO_WELD
21.144,0.0,0.0,0.0,0.0,0.0,0.0,0.0,0.0,144,0,0.1335,0.0,4.921878712140794,nan,nan,NO_WELD
21.194,0.0,0.0,0.0,0.0,0.0,0.0,0.0,0.0,144,0,0.1335,0.0,4.218753425770293,nan,nan,NO_WELD
21.244,0.0,0.0,0.0,0.0,0.0,0.0,0.0,0.0,144,0,0.1335,0.0,4.218753425770293,nan,nan,NO_WELD
21.294,0.0,0.0,0.0,0.0,0.0,0.0,0.0,0.0,144,0,0.1335,0.0,4.218753425770293,4.218753425770293,0.0,WELD_FOUND
21.344,0.011697984183214948,-0.05,0.0041979841832149485,0.019197984183214948,0.0,0.0,0.0042,0.0192,144,0,0.1335,0.0,4.218753425770293,4.218753425770293,0.0,WELD_FOUND
21.395,0.011135813884139898,-0.1,-0.0038641861158601014,0.026135813884139898,0.0,0.0,-0.0039,0.0261,144,0,0.1335,0.0,4.5703160689555435,4.394534747362918,0.17578132159262516,WELD_FOUND
21.444,0.011135813884139898,-0.1,-0.0038641861158601014,0.026135813884139898,0.0,0.0,-0.0039,0.0261,144,0,0.1335,0.0,4.5703160689555435,4.394534747362918,0.17578132159262516,WELD_FOUND
21.494,0.0,0.0,0.0,0.0,0.0,0.0,0.0,0.0,144,0,0.1335,0.0,4.5703160689555435,nan,nan,NO_WELD
21.544,0.0,0.0,0.0,0.0,0.0,0.0,0.0,0.0,144,0,0.1335,0.0,4.5703160689555435,nan,nan,NO_WELD
21.594,0.0,0.0,0.0,0.0,0.0037,0.0,-0.0037,0.0,145,0,0.1344,0.0,4.5703160689555435,nan,nan,NO_WELD
21.644,0.0,0.0,0.0,0.0,0.0037,0.0,-0.0037,0.0,145,0,0.1344,0.0,4.5703160689555435,nan,nan,NO_WELD
21.694,0.0,0.0,0.0,0.0,0.003,0.0,-0.003,0.0,145,0,0.1344,0.0,4.5703160689555435,nan,nan,NO_WELD
21.744,0.0,0.0,0.0,0.0,0.003,0.0,-0.003,0.0,145,0,0.1344,0.0,4.5703160689555435,nan,nan,NO_WELD
21.794,0.010318513656864835,-0.05,0.002818513656864835,0.017818513656864834,0.003,0.0,-0.0001,0.0178,145,0,0.1344,0.0,4.5703160689555435,4.5703160689555435,0.0,WELD_FOUND
21.844,0.010318513656864835,-0.05,0.002818513656864835,0.017818513656864834,0.0024,0.0,0.0004,0.0178,145,0,0.1344,0.0,4.5703160689555435,4.5703160689555435,0.0,WELD_FOUND
21.894,0.0,0.0,0.0,0.0,0.0024,0.0,-0.0024,0.0,145,0,0.1344,0.0,4.5703160689555435,nan,nan,NO_WELD
21.944,0.0,0.0,0.0,0.0,0.0019,0.0,-0.0019,0.0,145,0,0.1344,0.0,4.5703160689555435,nan,nan,NO_WELD
21.994,0.0,0.0,0.0,0.0,0.0019,0.0,-0.0019,0.0,145,0,0.1344,0.0,4.5703160689555435,nan,nan,NO_WELD
22.044,0.0,0.0,0.0,0.0,0.0019,0.0,-0.0019,0.0,145,0,0.1344,0.0,4.5703160689555435,nan,nan,NO_WELD
22.095,0.0,0.0,0.0,0.0,0.0015,0.0,-0.0015,0.0,145,0,0.1344,0.0,4.5703160689555435,nan,nan,NO_WELD
22.144,0.0,0.0,0.0,0.0,0.0015,0.0,-0.0015,0.0,145,0,0.1344,0.0,4.5703160689555435,nan,nan,NO_WELD
22.194,0.010318513656864835,-0.05,0.002818513656864835,0.017818513656864834,0.0012,0.0,0.0016,0.0178,145,0,0.1344,0.0,4.5703160689555435,4.5703160689555435,0.0,WELD_FOUND
22.244,0.010318513656864835,-0.05,0.002818513656864835,0.017818513656864834,0.0012,0.0,0.0016,0.0178,145,0,0.1344,0.0,4.5703160689555435,4.5703160689555435,0.0,WELD_FOUND
22.294,0.0,0.0,0.0,0.0,0.0012,0.0,-0.0012,0.0,145,0,0.1344,0.0,4.5703160689555435,nan,nan,NO_WELD
22.344,0.0,0.0,0.0,0.0,0.0,0.0,0.0,0.0,145,0,0.1344,0.0,4.5703160689555435,nan,nan,NO_WELD
22.394,0.0,0.0,0.0,0.0,0.0,0.0,0.0,0.0,145,0,0.1344,0.0,4.5703160689555435,nan,nan,NO_WELD
22.444,0.0,0.0,0.0,0.0,0.0,0.0,0.0,0.0,145,0,0.1344,0.0,4.5703160689555435,nan,nan,NO_WELD
22.494,0.0,0.0,0.0,0.0,0.0,0.0,0.0,0.0,145,0,0.1344,0.0,4.5703160689555435,nan,nan,NO_WELD
22.544,0.0,0.0,0.0,0.0,0.0,0.0,0.0,0.0,145,0,0.1344,0.0,4.5703160689555435,nan,nan,NO_WELD
22.594,0.0,0.0,0.0,0.0,0.0,0.0,0.0,0.0,145,0,0.1344,0.0,4.5703160689555435,nan,nan,NO_WELD
22.644,0.0,0.0,0.0,0.0,0.0,0.0,0.0,0.0,145,0,0.1344,0.0,4.5703160689555435,nan,nan,NO_WELD
22.694,0.0,0.0,0.0,0.0,0.0,0.0,0.0,0.0,145,0,0.1344,0.0,4.5703160689555435,nan,nan,NO_WELD
22.744,0.0,0.0,0.0,0.0,0.0,0.0,0.0,0.0,145,0,0.1344,0.0,4.5703160689555435,nan,nan,NO_WELD
22.794,0.0,0.0,0.0,0.0,0.0,0.0,0.0,0.0,145,0,0.1344,0.0,4.5703160689555435,nan,nan,NO_WELD
22.844,0.0,0.0,0.0,0.0,0.0,0.0,0.0,0.0,145,0,0.1344,0.0,4.5703160689555435,nan,nan,NO_WELD
22.894,0.013163970281412703,-0.05,0.005663970281412703,0.020663970281412702,0.0,0.0,0.0057,0.0207,145,0,0.1344,0.0,3.8671912094718666,3.8671912094718666,0.0,WELD_FOUND
22.944,0.013163970281412703,-0.05,0.005663970281412703,0.020663970281412702,0.0,0.0,0.0057,0.0207,145,0,0.1344,0.0,3.8671912094718666,3.8671912094718666,0.0,WELD_FOUND
22.994,0.0,0.0,0.0,0.0,0.0,0.0,0.0,0.0,145,0,0.1344,0.0,3.8671912094718666,nan,nan,NO_WELD
23.044,0.0,0.0,0.0,0.0,0.0,0.0,0.0,0.0,145,0,0.1344,0.0,3.8671912094718666,nan,nan,NO_WELD
23.095,0.0,0.0,0.0,0.0,0.0,0.0,0.0,0.0,146,0,0.1353,0.0,3.8671912094718666,nan,nan,NO_WELD
23.144,0.0,0.0,0.0,0.0,0.0,0.0,0.0,0.0,146,0,0.1353,0.0,3.8671912094718666,nan,nan,NO_WELD
23.194,0.0,0.0,0.0,0.0,0.0025,0.0,-0.0025,0.0,146,0,0.1353,0.0,3.8671912094718666,nan,nan,NO_WELD
23.244,0.0,0.0,0.0,0.0,0.0025,0.0,-0.0025,0.0,146,0,0.1353,0.0,3.8671912094718666,nan,nan,NO_WELD
23.294,0.0,0.0,0.0,0.0,0.002,0.0,-0.002,0.0,146,0,0.1353,0.0,3.8671912094718666,nan,nan,NO_WELD
23.344,0.0,0.0,0.0,0.0,0.002,0.0,-0.002,0.0,146,0,0.1353,0.0,3.8671912094718666,nan,nan,NO_WELD
23.394,0.0,0.0,0.0,0.0,0.002,0.0,-0.002,0.0,146,0,0.1353,0.0,3.5156285662866162,3.5156285662866162,0.0,WELD_FOUND
23.444,0.0,0.0,0.0,0.0,0.0016,0.0,-0.0016,0.0,146,0,0.1353,0.0,3.5156285662866162,3.5156285662866162,0.0,WELD_FOUND
23.494,0.013163970281412703,-0.05,0.005663970281412703,0.020663970281412702,0.0016,0.0,0.0041,0.0207,146,0,0.1353,0.0,4.218753425770293,3.8671912094718666,0.35156221629842666,WELD_FOUND
23.544,0.013163970281412703,-0.05,0.005663970281412703,0.020663970281412702,0.0016,0.0,0.0041,0.0207,146,0,0.1353,0.0,4.218753425770293,3.8671912094718666,0.35156221629842666,WELD_FOUND
23.594,0.0,0.0,0.0,0.0,0.0013,0.0,-0.0013,0.0,146,0,0.1353,0.0,4.218753425770293,nan,nan,NO_WELD
23.644,0.0,0.0,0.0,0.0,0.0013,0.0,-0.0013,0.0,146,0,0.1353,0.0,4.218753425770293,nan,nan,NO_WELD
23.694,0.0,0.0,0.0,0.0,0.0045,0.0,-0.0045,0.0,147,0,0.1362,0.0,4.218753425770293,nan,nan,NO_WELD
23.744,0.0,0.0,0.0,0.0,0.0045,0.0,-0.0045,0.0,147,0,0.1362,0.0,4.218753425770293,nan,nan,NO_WELD
23.794,0.0,0.0,0.0,0.0,0.0045,0.0,-0.0045,0.0,147,0,0.1362,0.0,4.218753425770293,nan,nan,NO_WELD
23.844,0.0,0.0,0.0,0.0,0.0036,0.0,-0.0036,0.0,147,0,0.1362,0.0,4.218753425770293,nan,nan,NO_WELD
23.894,0.0,0.0,0.0,0.0,0.0036,0.0,-0.0036,0.0,147,0,0.1362,0.0,4.5703160689555435,4.5703160689555435,0.0,WELD_FOUND
23.944,0.0,0.0,0.0,0.0,0.0029,0.0,-0.0029,0.0,147,0,0.1362,0.0,4.5703160689555435,4.5703160689555435,0.0,WELD_FOUND
23.994,0.0,0.0,0.0,0.0,0.0029,0.0,-0.0029,0.0,147,0,0.1362,0.0,4.5703160689555435,nan,nan,NO_WELD
24.044,0.0,0.0,0.0,0.0,0.0029,0.0,-0.0029,0.0,147,0,0.1362,0.0,4.5703160689555435,nan,nan,NO_WELD
24.096,0.0,0.0,0.0,0.0,0.0023,0.0,-0.0023,0.0,147,0,0.1362,0.0,4.5703160689555435,nan,nan,NO_WELD
24.144,0.0,0.0,0.0,0.0,0.0023,0.0,-0.0023,0.0,147,0,0.1362,0.0,4.5703160689555435,nan,nan,NO_WELD
24.194,0.0,0.0,0.0,0.0,0.0023,0.0,-0.0023,0.0,147,0,0.1362,0.0,4.5703160689555435,nan,nan,NO_WELD
24.244,0.0,0.0,0.0,0.0,0.0018,0.0,-0.0018,0.0,147,0,0.1362,0.0,4.5703160689555435,nan,nan,NO_WELD
24.294,0.0,0.0,0.0,0.0,0.0018,0.0,-0.0018,0.0,147,0,0.1362,0.0,4.5703160689555435,nan,nan,NO_WELD
24.344,0.0,0.0,0.0,0.0,0.0015,0.0,-0.0015,0.0,147,0,0.1362,0.0,4.5703160689555435,nan,nan,NO_WELD
24.394,0.0,0.0,0.0,0.0,0.0015,0.0,-0.0015,0.0,147,0,0.1362,0.0,4.5703160689555435,nan,nan,NO_WELD
24.444,0.0,0.0,0.0,0.0,0.0015,0.0,-0.0015,0.0,147,0,0.1362,0.0,4.5703160689555435,nan,nan,NO_WELD
24.494,0.0,0.0,0.0,0.0,0.0012,0.0,-0.0012,0.0,147,0,0.1362,0.0,4.5703160689555435,nan,nan,NO_WELD
24.544,0.0,0.0,0.0,0.0,0.0012,0.0,-0.0012,0.0,147,0,0.1362,0.0,4.5703160689555435,nan,nan,NO_WELD
24.594,0.0,0.0,0.0,0.0,0.0,0.0,0.0,0.0,147,0,0.1362,0.0,4.5703160689555435,nan,nan,NO_WELD
24.644,0.0,0.0,0.0,0.0,0.0,0.0,0.0,0.0,147,0,0.1362,0.0,4.5703160689555435,nan,nan,NO_WELD
24.694,0.0,0.0,0.0,0.0,0.0,0.0,0.0,0.0,147,0,0.1362,0.0,4.5703160689555435,nan,nan,NO_WELD
24.744,0.0,0.0,0.0,0.0,0.0,0.0,0.0,0.0,147,0,0.1362,0.0,4.5703160689555435,nan,nan,NO_WELD
24.794,0.0,0.0,0.0,0.0,0.0,0.0,0.0,0.0,147,0,0.1362,0.0,4.5703160689555435,nan,nan,NO_WELD
24.844,0.0,0.0,0.0,0.0,0.0,0.0,0.0,0.0,147,0,0.1362,0.0,4.5703160689555435,nan,nan,NO_WELD
24.894,0.0,0.0,0.0,0.0,0.0,0.0,0.0,0.0,147,0,0.1362,0.0,3.8671912094718666,3.8671912094718666,0.0,WELD_FOUND
24.944,0.0,0.0,0.0,0.0,0.0,0.0,0.0,0.0,147,0,0.1362,0.0,3.8671912094718666,3.8671912094718666,0.0,WELD_FOUND
24.994,0.0,0.0,0.0,0.0,0.0,0.0,0.0,0.0,147,0,0.1362,0.0,3.8671912094718666,nan,nan,NO_WELD
25.044,0.0,0.0,0.0,0.0,0.0,0.0,0.0,0.0,147,0,0.1362,0.0,3.8671912094718666,nan,nan,NO_WELD
25.095,0.0,0.0,0.0,0.0,0.0,0.0,0.0,0.0,147,0,0.1362,0.0,3.8671912094718666,nan,nan,NO_WELD
25.144,0.0,0.0,0.0,0.0,0.0,0.0,0.0,0.0,147,0,0.1362,0.0,3.8671912094718666,nan,nan,NO_WELD
25.194,0.0,0.0,0.0,0.0,0.0,0.0,0.0,0.0,147,0,0.1362,0.0,3.8671912094718666,nan,nan,NO_WELD
25.244,0.0,0.0,0.0,0.0,0.0,0.0,0.0,0.0,147,0,0.1362,0.0,3.8671912094718666,nan,nan,NO_WELD
25.294,0.0,0.0,0.0,0.0,0.0,0.0,0.0,0.0,147,0,0.1362,0.0,3.8671912094718666,nan,nan,NO_WELD
25.344,0.0,0.0,0.0,0.0,0.0,0.0,0.0,0.0,147,0,0.1362,0.0,3.8671912094718666,nan,nan,NO_WELD
25.394,0.01635549814629639,-0.05,0.008855498146296392,0.02385549814629639,0.0,0.0,0.0089,0.0239,147,0,0.1362,0.0,3.1640659231013664,3.1640659231013664,0.0,WELD_FOUND
25.444,0.01635549814629639,-0.05,0.008855498146296392,0.02385549814629639,0.0,0.0,0.0089,0.0239,147,0,0.1362,0.0,3.1640659231013664,3.1640659231013664,0.0,WELD_FOUND
25.494,0.0,0.0,0.0,0.0,0.0,0.0,0.0,0.0,148,0,0.1372,0.0,3.1640659231013664,nan,nan,NO_WELD
25.544,0.0,0.0,0.0,0.0,0.0025,0.0,-0.0025,0.0,148,0,0.1372,0.0,3.1640659231013664,nan,nan,NO_WELD
25.594,0.0,0.0,0.0,0.0,0.0025,0.0,-0.0025,0.0,149,0,0.1381,0.0,3.1640659231013664,nan,nan,NO_WELD
25.644,0.0,0.0,0.0,0.0,0.0052,0.0,-0.0052,0.0,149,0,0.1381,0.0,3.1640659231013664,nan,nan,NO_WELD
25.694,0.01377459028496276,-0.05,0.00627459028496276,0.021274590284962758,0.0052,0.0,0.0011,0.0213,149,0,0.1381,0.0,3.8671912094718666,3.8671912094718666,0.0,WELD_FOUND
25.744,0.01377459028496276,-0.05,0.00627459028496276,0.021274590284962758,0.0052,0.0,0.0011,0.0213,149,0,0.1381,0.0,3.8671912094718666,3.8671912094718666,0.0,WELD_FOUND
25.794,0.0,0.0,0.0,0.0,0.0042,0.0,-0.0042,0.0,149,0,0.1381,0.0,3.8671912094718666,nan,nan,NO_WELD
25.844,0.0,0.0,0.0,0.0,0.0042,0.0,-0.0042,0.0,149,0,0.1381,0.0,3.8671912094718666,nan,nan,NO_WELD
25.894,0.0,0.0,0.0,0.0,0.0062,0.0,-0.0062,0.0,150,0,0.139,0.0,3.8671912094718666,nan,nan,NO_WELD
25.944,0.0,0.0,0.0,0.0,0.0062,0.0,-0.0062,0.0,150,0,0.139,0.0,3.8671912094718666,nan,nan,NO_WELD
25.994,0.0,0.0,0.0,0.0,0.0062,0.0,-0.0062,0.0,150,0,0.139,0.0,3.8671912094718666,nan,nan,NO_WELD
26.044,0.0,0.0,0.0,0.0,0.005,0.0,-0.005,0.0,150,0,0.139,0.0,3.8671912094718666,nan,nan,NO_WELD
26.095,0.0,0.0,0.0,0.0,0.005,0.0,-0.005,0.0,150,0,0.139,0.0,3.8671912094718666,nan,nan,NO_WELD
26.144,0.0,0.0,0.0,0.0,0.005,0.0,-0.005,0.0,150,0,0.139,0.0,3.8671912094718666,nan,nan,NO_WELD
26.194,0.0,0.0,0.0,0.0,0.004,0.0,-0.004,0.0,150,0,0.139,0.0,3.8671912094718666,nan,nan,NO_WELD
26.244,0.0,0.0,0.0,0.0,0.004,0.0,-0.004,0.0,150,0,0.139,0.0,3.8671912094718666,nan,nan,NO_WELD
26.294,0.0,0.0,0.0,0.0,0.0032,0.0,-0.0032,0.0,150,0,0.139,0.0,3.8671912094718666,nan,nan,NO_WELD
26.344,0.0,0.0,0.0,0.0,0.0032,0.0,-0.0032,0.0,150,0,0.139,0.0,3.8671912094718666,nan,nan,NO_WELD
26.394,0.0,0.0,0.0,0.0,0.0025,0.0,-0.0025,0.0,150,0,0.139,0.0,3.5156285662866162,3.5156285662866162,0.0,WELD_FOUND
26.444,0.0,0.0,0.0,0.0,0.0025,0.0,-0.0025,0.0,150,0,0.139,0.0,3.5156285662866162,3.5156285662866162,0.0,WELD_FOUND
26.494,0.013163970281412703,-0.05,0.005663970281412703,0.020663970281412702,0.0025,0.0,0.0031,0.0207,150,0,0.139,0.0,4.218753425770293,3.8671912094718666,0.35156221629842666,WELD_FOUND
26.544,0.013163970281412703,-0.05,0.005663970281412703,0.020663970281412702,0.002,0.0,0.0036,0.0207,150,0,0.139,0.0,4.218753425770293,3.8671912094718666,0.35156221629842666,WELD_FOUND
26.594,0.0,0.0,0.0,0.0,0.002,0.0,-0.002,0.0,150,0,0.139,0.0,4.218753425770293,nan,nan,NO_WELD
26.644,0.0,0.0,0.0,0.0,0.002,0.0,-0.002,0.0,150,0,0.139,0.0,4.218753425770293,nan,nan,NO_WELD
26.694,0.0,0.0,0.0,0.0,0.0037,0.0,-0.0037,0.0,151,0,0.1399,0.0,4.218753425770293,nan,nan,NO_WELD
26.744,0.0,0.0,0.0,0.0,0.0037,0.0,-0.0037,0.0,151,0,0.1399,0.0,4.218753425770293,nan,nan,NO_WELD
26.794,0.0,0.0,0.0,0.0,0.0037,0.0,-0.0037,0.0,151,0,0.1399,0.0,4.218753425770293,nan,nan,NO_WELD
26.844,0.0,0.0,0.0,0.0,0.003,0.0,-0.003,0.0,151,0,0.1399,0.0,4.218753425770293,nan,nan,NO_WELD
26.894,0.0,0.0,0.0,0.0,0.003,0.0,-0.003,0.0,151,0,0.1399,0.0,4.218753425770293,nan,nan,NO_WELD
26.944,0.0,0.0,0.0,0.0,0.003,0.0,-0.003,0.0,151,0,0.1399,0.0,4.218753425770293,nan,nan,NO_WELD
26.994,0.009025560534973096,-0.05,0.0015255605349730958,0.016525560534973095,0.0024,0.0,-0.0008,0.0165,151,0,0.1399,0.0,4.921878712140794,4.921878712140794,0.0,WELD_FOUND
27.044,0.009025560534973096,-0.05,0.0015255605349730958,0.016525560534973095,0.0024,0.0,-0.0008,0.0165,151,0,0.1399,0.0,4.921878712140794,4.921878712140794,0.0,WELD_FOUND
27.095,0.0,0.0,0.0,0.0,0.0024,0.0,-0.0024,0.0,151,0,0.1399,0.0,4.921878712140794,nan,nan,NO_WELD
27.144,0.0,0.0,0.0,0.0,0.0019,0.0,-0.0019,0.0,151,0,0.1399,0.0,4.921878712140794,nan,nan,NO_WELD
27.194,0.011135813884139898,-0.05,0.0036358138841398983,0.018635813884139898,0.0019,0.0,0.0017,0.0186,151,0,0.1399,0.0,4.218753425770293,4.218753425770293,0.0,WELD_FOUND
27.244,0.011135813884139898,-0.05,0.0036358138841398983,0.018635813884139898,0.0015,0.0,0.0021,0.0186,151,0,0.1399,0.0,4.218753425770293,4.218753425770293,0.0,WELD_FOUND
27.294,0.0,0.0,0.0,0.0,0.0015,0.0,-0.0015,0.0,152,0,0.1409,0.0,4.218753425770293,nan,nan,NO_WELD
27.344,0.0,0.0,0.0,0.0,0.0015,0.0,-0.0015,0.0,152,0,0.1409,0.0,4.218753425770293,nan,nan,NO_WELD
27.394,0.011584442700622874,-0.05,0.004084442700622875,0.019084442700622872,0.0012,0.0,0.0029,0.0191,151,0,0.1399,0.0,4.218753425770293,4.218753425770293,0.0,WELD_FOUND
27.444,0.011584442700622874,-0.05,0.004084442700622875,0.019084442700622872,0.0012,0.0,0.0029,0.0191,151,0,0.1399,0.0,4.218753425770293,4.218753425770293,0.0,WELD_FOUND
27.494,0.011675231589785454,-0.1,-0.003324768410214545,0.026675231589785454,0.0012,0.0,-0.0045,0.0267,151,0,0.1399,0.0,4.218753425770293,4.218753425770293,0.0,WELD_FOUND
27.544,0.011675231589785454,-0.1,-0.003324768410214545,0.026675231589785454,0.0,0.0,-0.0033,0.0267,151,0,0.1399,0.0,4.218753425770293,4.218753425770293,0.0,WELD_FOUND
27.594,0.0,0.0,0.0,0.0,0.0,0.0,0.0,0.0,152,0,0.1409,0.0,4.218753425770293,nan,nan,NO_WELD
27.644,0.0,0.0,0.0,0.0,0.0,0.0,0.0,0.0,152,0,0.1409,0.0,4.218753425770293,nan,nan,NO_WELD
27.694,0.0,0.0,0.0,0.0,0.0025,0.0,-0.0025,0.0,152,0,0.1409,0.0,4.218753425770293,nan,nan,NO_WELD
27.744,0.0,0.0,0.0,0.0,0.0025,0.0,-0.0025,0.0,152,0,0.1409,0.0,4.218753425770293,nan,nan,NO_WELD
27.794,0.0,0.0,0.0,0.0,0.0025,0.0,-0.0025,0.0,152,0,0.1409,0.0,4.218753425770293,nan,nan,NO_WELD
27.844,0.0,0.0,0.0,0.0,0.002,0.0,-0.002,0.0,152,0,0.1409,0.0,4.218753425770293,nan,nan,NO_WELD
27.894,0.0,0.0,0.0,0.0,0.002,0.0,-0.002,0.0,152,0,0.1409,0.0,4.218753425770293,nan,nan,NO_WELD
27.944,0.0,0.0,0.0,0.0,0.002,0.0,-0.002,0.0,152,0,0.1409,0.0,4.218753425770293,nan,nan,NO_WELD
27.994,0.0,0.0,0.0,0.0,0.0016,0.0,-0.0016,0.0,152,0,0.1409,0.0,4.218753425770293,nan,nan,NO_WELD
28.044,0.0,0.0,0.0,0.0,0.0016,0.0,-0.0016,0.0,152,0,0.1409,0.0,4.218753425770293,nan,nan,NO_WELD
28.096,0.0,0.0,0.0,0.0,0.0013,0.0,-0.0013,0.0,152,0,0.1409,0.0,4.218753425770293,nan,nan,NO_WELD
28.144,0.0,0.0,0.0,0.0,0.0013,0.0,-0.0013,0.0,152,0,0.1409,0.0,4.218753425770293,nan,nan,NO_WELD
28.194,0.0,0.0,0.0,0.0,0.0013,0.0,-0.0013,0.0,152,0,0.1409,0.0,4.218753425770293,nan,nan,NO_WELD
28.244,0.0,0.0,0.0,0.0,0.001,0.0,-0.001,0.0,152,0,0.1409,0.0,4.218753425770293,nan,nan,NO_WELD
28.294,0.0,0.0,0.0,0.0,0.001,0.0,-0.001,0.0,152,0,0.1409,0.0,4.218753425770293,nan,nan,NO_WELD
28.344,0.0,0.0,0.0,0.0,0.0,0.0,0.0,0.0,152,0,0.1409,0.0,4.218753425770293,nan,nan,NO_WELD
28.394,0.0,0.0,0.0,0.0,0.0,0.0,0.0,0.0,152,0,0.1409,0.0,4.218753425770293,nan,nan,NO_WELD
28.444,0.0,0.0,0.0,0.0,0.0,0.0,0.0,0.0,152,0,0.1409,0.0,4.218753425770293,nan,nan,NO_WELD
28.494,0.0,0.0,0.0,0.0,0.0,0.0,0.0,0.0,152,0,0.1409,0.0,4.218753425770293,nan,nan,NO_WELD
28.544,0.0,0.0,0.0,0.0,0.0,0.0,0.0,0.0,152,0,0.1409,0.0,4.218753425770293,nan,nan,NO_WELD
28.594,0.0,0.0,0.0,0.0,0.0,0.0,0.0,0.0,152,0,0.1409,0.0,-6.328121600918977,nan,nan,NO_WELD
28.644,0.0,0.0,0.0,0.0,0.0,0.0,0.0,0.0,152,0,0.1409,0.0,-6.328121600918977,nan,nan,NO_WELD
28.694,0.0,0.0,0.0,0.0,0.0,0.0,0.0,0.0,152,0,0.1409,0.0,3.1640659231013664,nan,nan,NO_WELD
28.744,0.0,0.0,0.0,0.0,0.0,0.0,0.0,0.0,152,0,0.1409,0.0,3.1640659231013664,nan,nan,NO_WELD
28.794,0.0,0.0,0.0,0.0,0.0,0.0,0.0,0.0,152,0,0.1409,0.0,-3.5156217360974464,nan,nan,NO_WELD
28.844,0.0,0.0,0.0,0.0,0.0,0.0,0.0,0.0,152,0,0.1409,0.0,-3.5156217360974464,nan,nan,NO_WELD
28.894,0.0,0.0,0.0,0.0,0.0,0.0,0.0,0.0,152,0,0.1409,0.0,-3.164059092912196,nan,nan,NO_WELD
28.944,0.0,0.0,0.0,0.0,0.0,0.0,0.0,0.0,152,0,0.1409,0.0,-3.164059092912196,nan,nan,NO_WELD
28.994,0.0,0.0,0.0,0.0,0.0,0.0,0.0,0.0,152,0,0.1409,0.0,-3.5156217360974464,nan,nan,NO_WELD
29.044,0.0,0.0,0.0,0.0,0.0,0.0,0.0,0.0,152,0,0.1409,0.0,-3.5156217360974464,nan,nan,NO_WELD
29.096,0.0,0.0,0.0,0.0,0.0,0.0,0.0,0.0,152,0,0.1409,0.0,1.7578159906906006,nan,nan,NO_WELD
29.144,0.0,0.0,0.0,0.0,0.0,0.0,0.0,0.0,152,0,0.1409,0.0,1.7578159906906006,nan,nan,NO_WELD
29.194,0.0,0.0,0.0,0.0,0.0,0.0,0.0,0.0,152,0,0.1409,0.0,-3.8671843792826963,nan,nan,NO_WELD
29.244,0.0,0.0,0.0,0.0,0.0,0.0,0.0,0.0,152,0,0.1409,0.0,-3.8671843792826963,nan,nan,NO_WELD
29.294,0.0,0.0,0.0,0.0,0.0,0.0,0.0,0.0,152,0,0.1409,0.0,-4.218746595581123,nan,nan,NO_WELD
29.344,0.0,0.0,0.0,0.0,0.0,0.0,0.0,0.0,152,0,0.1409,0.0,-4.218746595581123,nan,nan,NO_WELD
29.394,0.0,0.0,0.0,0.0,0.0,0.0,0.0,0.0,152,0,0.1409,0.0,-3.8671843792826963,nan,nan,NO_WELD
29.444,0.0,0.0,0.0,0.0,0.0,0.0,0.0,0.0,152,0,0.1409,0.0,-3.8671843792826963,nan,nan,NO_WELD
29.494,0.0,0.0,0.0,0.0,0.0,0.0,0.0,0.0,152,0,0.1409,0.0,1.4062534542270564,nan,nan,NO_WELD
29.544,0.0,0.0,0.0,0.0,0.0,0.0,0.0,0.0,152,0,0.1409,0.0,1.4062534542270564,nan,nan,NO_WELD
29.594,0.0,0.0,0.0,0.0,0.0,0.0,0.0,0.0,152,0,0.1409,0.0,2.109378420432439,nan,nan,NO_WELD
29.644,0.0,0.0,0.0,0.0,0.0,0.0,0.0,0.0,152,0,0.1409,0.0,2.109378420432439,nan,nan,NO_WELD
29.694,0.0,0.0,0.0,0.0,0.0,0.0,0.0,0.0,152,0,0.1409,0.0,2.812503493359528,nan,nan,NO_WELD
29.744,0.0,0.0,0.0,0.0,0.0,0.0,0.0,0.0,152,0,0.1409,0.0,2.812503493359528,nan,nan,NO_WELD
29.794,0.0,0.0,0.0,0.0,0.0,0.0,0.0,0.0,152,0,0.1409,0.0,-2.8124966631703576,nan,nan,NO_WELD
29.844,0.0,0.0,0.0,0.0,0.0,0.0,0.0,0.0,152,0,0.1409,0.0,-2.8124966631703576,nan,nan,NO_WELD
29.894,0.0,0.0,0.0,0.0,0.0,0.0,0.0,0.0,152,0,0.1409,0.0,-3.164059092912196,nan,nan,NO_WELD
29.944,0.0,0.0,0.0,0.0,0.0,0.0,0.0,0.0,152,0,0.1409,0.0,-3.164059092912196,nan,nan,NO_WELD
29.994,0.0,0.0,0.0,0.0,0.0,0.0,0.0,0.0,152,0,0.1409,0.0,-3.5156217360974464,nan,nan,NO_WELD
30.044,0.0,0.0,0.0,0.0,0.0,0.0,0.0,0.0,152,0,0.1409,0.0,-3.5156217360974464,nan,nan,NO_WELD
30.096,0.0,0.0,0.0,0.0,0.0,0.0,0.0,0.0,152,0,0.1409,0.0,-3.164059092912196,nan,nan,NO_WELD
30.144,0.0,0.0,0.0,0.0,0.0,0.0,0.0,0.0,152,0,0.1409,0.0,-3.164059092912196,nan,nan,NO_WELD
30.194,0.0,0.0,0.0,0.0,0.0,0.0,0.0,0.0,152,0,0.1409,0.0,2.109378420432439,nan,nan,NO_WELD
30.244,0.0,0.0,0.0,0.0,0.0,0.0,0.0,0.0,152,0,0.1409,0.0,2.109378420432439,nan,nan,NO_WELD
30.294,0.0,0.0,0.0,0.0,0.0,0.0,0.0,0.0,152,0,0.1409,0.0,3.1640659231013664,nan,nan,NO_WELD
30.344,0.0,0.0,0.0,0.0,0.0,0.0,0.0,0.0,152,0,0.1409,0.0,3.1640659231013664,nan,nan,NO_WELD
30.394,0.0,0.0,0.0,0.0,0.0,0.0,0.0,0.0,152,0,0.1409,0.0,2.812503493359528,nan,nan,NO_WELD
30.444,0.0,0.0,0.0,0.0,0.0,0.0,0.0,0.0,152,0,0.1409,0.0,2.812503493359528,nan,nan,NO_WELD
30.494,0.0,0.0,0.0,0.0,0.0,0.0,0.0,0.0,152,0,0.1409,0.0,4.5703160689555435,nan,nan,NO_WELD
30.544,0.0,0.0,0.0,0.0,0.0,0.0,0.0,0.0,152,0,0.1409,0.0,4.5703160689555435,nan,nan,NO_WELD
30.594,0.0,0.0,0.0,0.0,0.0,0.0,0.0,0.0,152,0,0.1409,0.0,4.921878712140794,4.921878712140794,0.0,WELD_FOUND
30.644,0.0,0.0,0.0,0.0,0.0,0.0,0.0,0.0,152,0,0.1409,0.0,4.921878712140794,4.921878712140794,0.0,WELD_FOUND
30.694,0.0,0.0,0.0,0.0,0.0,0.0,0.0,0.0,152,0,0.1409,0.0,4.921878712140794,nan,nan,NO_WELD
30.744,0.0,0.0,0.0,0.0,0.0,0.0,0.0,0.0,152,0,0.1409,0.0,4.921878712140794,nan,nan,NO_WELD
30.794,0.0,0.0,0.0,0.0,0.0,0.0,0.0,0.0,152,0,0.1409,0.0,4.921878712140794,nan,nan,NO_WELD
30.844,0.0,0.0,0.0,0.0,0.0,0.0,0.0,0.0,152,0,0.1409,0.0,4.921878712140794,nan,nan,NO_WELD
30.894,0.0,0.0,0.0,0.0,0.0,0.0,0.0,0.0,152,0,0.1409,0.0,4.921878712140794,nan,nan,NO_WELD
30.944,0.0,0.0,0.0,0.0,0.0,0.0,0.0,0.0,152,0,0.1409,0.0,4.921878712140794,nan,nan,NO_WELD
30.994,0.010318513656864835,-0.05,0.002818513656864835,0.017818513656864834,0.0,0.0,0.0028,0.0178,152,0,0.1409,0.0,4.5703160689555435,4.5703160689555435,0.0,WELD_FOUND
31.044,0.010318513656864835,-0.05,0.002818513656864835,0.017818513656864834,0.0,0.0,0.0028,0.0178,152,0,0.1409,0.0,4.5703160689555435,4.5703160689555435,0.0,WELD_FOUND
31.096,0.0,0.0,0.0,0.0,0.0025,0.0,-0.0025,0.0,153,0,0.1418,0.0,4.5703160689555435,nan,nan,NO_WELD
31.144,0.0,0.0,0.0,0.0,0.0025,0.0,-0.0025,0.0,153,0,0.1418,0.0,4.5703160689555435,nan,nan,NO_WELD
31.194,0.0,0.0,0.0,0.0,0.0025,0.0,-0.0025,0.0,153,0,0.1418,0.0,4.5703160689555435,nan,nan,NO_WELD
31.244,0.0,0.0,0.0,0.0,0.002,0.0,-0.002,0.0,153,0,0.1418,0.0,4.5703160689555435,nan,nan,NO_WELD
31.294,0.011415168685588261,-0.05,0.003915168685588262,0.018915168685588263,0.002,0.0,0.0019,0.0189,153,0,0.1418,0.0,4.218753425770293,4.218753425770293,0.0,WELD_FOUND
31.344,0.011415168685588261,-0.05,0.003915168685588262,0.018915168685588263,0.0016,0.0,0.0023,0.0189,153,0,0.1418,0.0,4.218753425770293,4.218753425770293,0.0,WELD_FOUND
31.394,0.012215773033312406,-0.1,-0.0027842269666875936,0.027215773033312407,0.0016,0.0,-0.0044,0.0272,153,0,0.1418,0.0,3.8671912094718666,4.042972104177668,-0.1757808947058015,WELD_FOUND
31.444,0.012215773033312406,-0.1,-0.0027842269666875936,0.027215773033312407,0.0013,0.0,-0.004,0.0272,153,0,0.1418,0.0,3.8671912094718666,4.042972104177668,-0.1757808947058015,WELD_FOUND
31.494,0.012971495840240896,-0.15000000000000002,-0.009528504159759107,0.035471495840240896,0.0013,0.0,-0.0108,0.0355,153,0,0.1418,0.0,3.5156285662866162,3.8671912094718666,-0.3515626431852503,WELD_FOUND
31.544,0.012971495840240896,-0.15000000000000002,-0.009528504159759107,0.035471495840240896,0.0013,0.0,-0.0108,0.0355,153,0,0.1418,0.0,3.5156285662866162,3.8671912094718666,-0.3515626431852503,WELD_FOUND
31.594,0.012529472141540075,-0.1780108805723789,-0.01417215994431676,0.03923110422739691,0.0032,0.0,-0.0174,0.0392,154,0,0.1427,0.0,4.218753425770293,4.042972104177668,0.17578132159262516,WELD_FOUND
31.644,0.012529472141540075,-0.1780108805723789,-0.01417215994431676,0.03923110422739691,0.0032,0.0,-0.0174,0.0392,154,0,0.1427,0.0,4.218753425770293,4.042972104177668,0.17578132159262516,WELD_FOUND
31.694,0.01186199816434586,-0.18653821733768305,-0.016118734436306598,0.039842730764998315,0.0032,0.0,-0.0193,0.0398,155,0,0.1436,0.0,4.218753425770293,4.218753425770293,0.0,WELD_FOUND
31.744,0.01186199816434586,-0.18653821733768305,-0.016118734436306598,0.039842730764998315,0.0044,0.0,-0.0205,0.0398,155,0,0.1436,0.0,4.218753425770293,4.218753425770293,0.0,WELD_FOUND
31.794,0.01173069563501977,-0.18457676680650317,-0.015955819385955708,0.039417210655995245,0.0044,0.0,-0.0204,0.0394,156,0,0.1446,0.0,4.218753425770293,4.218753425770293,0.0,WELD_FOUND
31.844,0.01173069563501977,-0.18457676680650317,-0.015955819385955708,0.039417210655995245,0.0044,0.0,-0.0204,0.0394,156,0,0.1446,0.0,4.218753425770293,4.218753425770293,0.0,WELD_FOUND
31.894,0.011704522819799062,-0.18417566921499545,-0.015921827562450253,0.03933087320204838,0.0076,0.0,-0.0235,0.0393,157,0,0.1455,0.0,3.8671912094718666,4.218753425770293,-0.35156221629842666,WELD_FOUND
31.944,0.011704522819799062,-0.18417566921499545,-0.015921827562450253,0.03933087320204838,0.0076,0.0,-0.0235,0.0393,157,0,0.1455,0.0,3.8671912094718666,4.218753425770293,-0.35156221629842666,WELD_FOUND
31.994,0.0,0.0,0.0,0.0,0.0083,0.0,-0.0083,0.0,158,0,0.1464,0.0,3.8671912094718666,nan,nan,NO_WELD
32.044,0.0,0.0,0.0,0.0,0.0083,0.0,-0.0083,0.0,158,0,0.1464,0.0,3.8671912094718666,nan,nan,NO_WELD
32.096,0.0,0.0,0.0,0.0,0.0083,0.0,-0.0083,0.0,159,0,0.1474,0.0,3.8671912094718666,nan,nan,NO_WELD
32.144,0.0,0.0,0.0,0.0,0.0074,0.0,-0.0074,0.0,159,0,0.1474,0.0,3.8671912094718666,nan,nan,NO_WELD
32.194,0.0,0.0,0.0,0.0,0.0074,0.0,-0.0074,0.0,159,0,0.1474,0.0,3.8671912094718666,nan,nan,NO_WELD
32.244,0.0,0.0,0.0,0.0,0.0074,0.0,-0.0074,0.0,159,0,0.1474,0.0,3.8671912094718666,nan,nan,NO_WELD
32.294,0.0,0.0,0.0,0.0,0.0059,0.0,-0.0059,0.0,159,0,0.1474,0.0,3.8671912094718666,nan,nan,NO_WELD
32.344,0.0,0.0,0.0,0.0,0.0059,0.0,-0.0059,0.0,159,0,0.1474,0.0,3.8671912094718666,nan,nan,NO_WELD
32.394,0.0,0.0,0.0,0.0,0.0059,0.0,-0.0059,0.0,159,0,0.1474,0.0,3.8671912094718666,nan,nan,NO_WELD
32.444,0.0,0.0,0.0,0.0,0.0048,0.0,-0.0048,0.0,159,0,0.1474,0.0,3.8671912094718666,nan,nan,NO_WELD
32.494,0.0,0.0,0.0,0.0,0.0048,0.0,-0.0048,0.0,159,0,0.1474,0.0,3.8671912094718666,nan,nan,NO_WELD
32.544,0.0,0.0,0.0,0.0,0.0038,0.0,-0.0038,0.0,159,0,0.1474,0.0,3.8671912094718666,nan,nan,NO_WELD
32.594,0.0,0.0,0.0,0.0,0.0038,0.0,-0.0038,0.0,159,0,0.1474,0.0,3.8671912094718666,3.8671912094718666,0.0,WELD_FOUND
32.644,0.0,0.0,0.0,0.0,0.0038,0.0,-0.0038,0.0,159,0,0.1474,0.0,3.8671912094718666,3.8671912094718666,0.0,WELD_FOUND
32.694,0.0,0.0,0.0,0.0,0.003,0.0,-0.003,0.0,159,0,0.1474,0.0,3.8671912094718666,nan,nan,NO_WELD
32.744,0.0,0.0,0.0,0.0,0.003,0.0,-0.003,0.0,159,0,0.1474,0.0,3.8671912094718666,nan,nan,NO_WELD
32.794,0.0,0.0,0.0,0.0,0.0024,0.0,-0.0024,0.0,159,0,0.1474,0.0,3.8671912094718666,nan,nan,NO_WELD
32.844,0.0,0.0,0.0,0.0,0.0024,0.0,-0.0024,0.0,159,0,0.1474,0.0,3.8671912094718666,nan,nan,NO_WELD
32.894,0.0,0.0,0.0,0.0,0.0019,0.0,-0.0019,0.0,159,0,0.1474,0.0,3.8671912094718666,nan,nan,NO_WELD
32.944,0.0,0.0,0.0,0.0,0.0019,0.0,-0.0019,0.0,159,0,0.1474,0.0,3.8671912094718666,nan,nan,NO_WELD
32.994,0.01635549814629639,-0.05,0.008855498146296392,0.02385549814629639,0.0019,0.0,0.0069,0.0239,159,0,0.1474,0.0,3.1640659231013664,3.1640659231013664,0.0,WELD_FOUND
33.044,0.01635549814629639,-0.05,0.008855498146296392,0.02385549814629639,0.0016,0.0,0.0073,0.0239,159,0,0.1474,0.0,3.1640659231013664,3.1640659231013664,0.0,WELD_FOUND
33.096,0.01568950700389297,-0.1,0.0006895070038929717,0.03068950700389297,0.0016,0.0,-0.0009,0.0307,160,0,0.1483,0.0,3.5156285662866162,3.339847244693991,0.17578132159262516,WELD_FOUND
33.144,0.01568950700389297,-0.1,0.0006895070038929717,0.03068950700389297,0.0016,0.0,-0.0009,0.0307,160,0,0.1483,0.0,3.5156285662866162,3.339847244693991,0.17578132159262516,WELD_FOUND
33.194,0.0,0.0,0.0,0.0,0.0059,0.0,-0.0059,0.0,161,0,0.1492,0.0,3.5156285662866162,nan,nan,NO_WELD
33.244,0.0,0.0,0.0,0.0,0.0059,0.0,-0.0059,0.0,161,0,0.1492,0.0,3.5156285662866162,nan,nan,NO_WELD
33.294,0.0,0.0,0.0,0.0,0.0072,0.0,-0.0072,0.0,162,0,0.1501,0.0,3.5156285662866162,nan,nan,NO_WELD
33.344,0.0,0.0,0.0,0.0,0.0072,0.0,-0.0072,0.0,162,0,0.1501,0.0,3.5156285662866162,nan,nan,NO_WELD
33.394,0.0,0.0,0.0,0.0,0.0072,0.0,-0.0072,0.0,162,0,0.1501,0.0,3.5156285662866162,nan,nan,NO_WELD
33.444,0.0,0.0,0.0,0.0,0.0058,0.0,-0.0058,0.0,162,0,0.1501,0.0,3.5156285662866162,nan,nan,NO_WELD
33.494,0.01635549814629639,-0.05,0.008855498146296392,0.02385549814629639,0.0058,0.0,0.0031,0.0239,162,0,0.1501,0.0,3.1640659231013664,3.1640659231013664,0.0,WELD_FOUND
33.544,0.01635549814629639,-0.05,0.008855498146296392,0.02385549814629639,0.0046,0.0,0.0042,0.0239,162,0,0.1501,0.0,3.1640659231013664,3.1640659231013664,0.0,WELD_FOUND
33.594,0.0,0.0,0.0,0.0,0.0046,0.0,-0.0046,0.0,162,0,0.1501,0.0,3.1640659231013664,nan,nan,NO_WELD
33.644,0.0,0.0,0.0,0.0,0.0046,0.0,-0.0046,0.0,162,0,0.1501,0.0,3.1640659231013664,nan,nan,NO_WELD
33.694,0.0,0.0,0.0,0.0,0.0052,0.0,-0.0052,0.0,163,0,0.1511,0.0,3.1640659231013664,nan,nan,NO_WELD
33.744,0.0,0.0,0.0,0.0,0.0052,0.0,-0.0052,0.0,163,0,0.1511,0.0,3.1640659231013664,nan,nan,NO_WELD
33.794,0.0,0.0,0.0,0.0,0.0042,0.0,-0.0042,0.0,163,0,0.1511,0.0,3.1640659231013664,nan,nan,NO_WELD
33.844,0.0,0.0,0.0,0.0,0.0042,0.0,-0.0042,0.0,163,0,0.1511,0.0,3.1640659231013664,nan,nan,NO_WELD
33.894,0.0,0.0,0.0,0.0,0.0042,0.0,-0.0042,0.0,163,0,0.1511,0.0,3.1640659231013664,nan,nan,NO_WELD
33.944,0.0,0.0,0.0,0.0,0.0034,0.0,-0.0034,0.0,163,0,0.1511,0.0,3.1640659231013664,nan,nan,NO_WELD
33.994,0.0,0.0,0.0,0.0,0.0034,0.0,-0.0034,0.0,163,0,0.1511,0.0,3.1640659231013664,nan,nan,NO_WELD
34.044,0.0,0.0,0.0,0.0,0.0027,0.0,-0.0027,0.0,163,0,0.1511,0.0,3.1640659231013664,nan,nan,NO_WELD
34.096,0.013163970281412703,-0.05,0.005663970281412703,0.020663970281412702,0.0027,0.0,0.003,0.0207,163,0,0.1511,0.0,3.8671912094718666,3.8671912094718666,0.0,WELD_FOUND
34.144,0.013163970281412703,-0.05,0.005663970281412703,0.020663970281412702,0.0021,0.0,0.0035,0.0207,163,0,0.1511,0.0,3.8671912094718666,3.8671912094718666,0.0,WELD_FOUND
34.194,0.0,0.0,0.0,0.0,0.0021,0.0,-0.0021,0.0,163,0,0.1511,0.0,3.8671912094718666,nan,nan,NO_WELD
34.244,0.0,0.0,0.0,0.0,0.0021,0.0,-0.0021,0.0,163,0,0.1511,0.0,3.8671912094718666,nan,nan,NO_WELD
34.294,0.0,0.0,0.0,0.0,0.0017,0.0,-0.0017,0.0,163,0,0.1511,0.0,3.8671912094718666,nan,nan,NO_WELD
34.344,0.0,0.0,0.0,0.0,0.0017,0.0,-0.0017,0.0,163,0,0.1511,0.0,3.8671912094718666,nan,nan,NO_WELD
34.394,0.0,0.0,0.0,0.0,0.0017,0.0,-0.0017,0.0,163,0,0.1511,0.0,3.8671912094718666,nan,nan,NO_WELD
34.444,0.0,0.0,0.0,0.0,0.0014,0.0,-0.0014,0.0,163,0,0.1511,0.0,3.8671912094718666,nan,nan,NO_WELD
34.494,0.0,0.0,0.0,0.0,0.0014,0.0,-0.0014,0.0,163,0,0.1511,0.0,3.8671912094718666,nan,nan,NO_WELD
34.544,0.0,0.0,0.0,0.0,0.0014,0.0,-0.0014,0.0,163,0,0.1511,0.0,3.8671912094718666,nan,nan,NO_WELD
34.594,0.0,0.0,0.0,0.0,0.0011,0.0,-0.0011,0.0,163,0,0.1511,0.0,3.8671912094718666,3.8671912094718666,0.0,WELD_FOUND
34.644,0.0,0.0,0.0,0.0,0.0011,0.0,-0.0011,0.0,163,0,0.1511,0.0,3.8671912094718666,3.8671912094718666,0.0,WELD_FOUND
34.694,0.014716475511625355,-0.05,0.007216475511625355,0.022216475511625353,0.0,0.0,0.0072,0.0222,163,0,0.1511,0.0,3.1640659231013664,3.5156285662866162,-0.3515626431852499,WELD_FOUND
34.744,0.014716475511625355,-0.05,0.007216475511625355,0.022216475511625353,0.0,0.0,0.0072,0.0222,163,0,0.1511,0.0,3.1640659231013664,3.5156285662866162,-0.3515626431852499,WELD_FOUND
34.794,0.0,0.0,0.0,0.0,0.0,0.0,0.0,0.0,164,0,0.152,0.0,3.1640659231013664,nan,nan,NO_WELD
34.844,0.0,0.0,0.0,0.0,0.0025,0.0,-0.0025,0.0,164,0,0.152,0.0,3.1640659231013664,nan,nan,NO_WELD
34.894,0.0,0.0,0.0,0.0,0.0025,0.0,-0.0025,0.0,165,0,0.1529,0.0,3.1640659231013664,nan,nan,NO_WELD
34.944,0.0,0.0,0.0,0.0,0.0052,0.0,-0.0052,0.0,165,0,0.1529,0.0,3.1640659231013664,nan,nan,NO_WELD
34.994,0.013467549935098563,-0.05,0.005967549935098564,0.020967549935098563,0.0052,0.0,0.0008,0.021,165,0,0.1529,0.0,3.8671912094718666,3.8671912094718666,0.0,WELD_FOUND
35.044,0.013467549935098563,-0.05,0.005967549935098564,0.020967549935098563,0.0052,0.0,0.0008,0.021,165,0,0.1529,0.0,3.8671912094718666,3.8671912094718666,0.0,WELD_FOUND
35.096,0.012626249294980527,-0.1,-0.0023737507050194725,0.027626249294980525,0.0042,0.0,-0.0065,0.0276,165,0,0.1529,0.0,4.218753425770293,4.042972104177668,0.17578132159262516,WELD_FOUND
35.144,0.012626249294980527,-0.1,-0.0023737507050194725,0.027626249294980525,0.0042,0.0,-0.0065,0.0276,165,0,0.1529,0.0,4.218753425770293,4.042972104177668,0.17578132159262516,WELD_FOUND
35.194,0.0,0.0,0.0,0.0,0.0062,0.0,-0.0062,0.0,166,0,0.1538,0.0,4.218753425770293,nan,nan,NO_WELD
35.244,0.0,0.0,0.0,0.0,0.0062,0.0,-0.0062,0.0,166,0,0.1538,0.0,4.218753425770293,nan,nan,NO_WELD
35.294,0.010761445013118718,-0.05,0.003261445013118718,0.018261445013118716,0.0062,0.0,-0.0029,0.0183,166,0,0.1538,0.0,4.5703160689555435,4.5703160689555435,0.0,WELD_FOUND
35.344,0.010761445013118718,-0.05,0.003261445013118718,0.018261445013118716,0.005,0.0,-0.0017,0.0183,166,0,0.1538,0.0,4.5703160689555435,4.5703160689555435,0.0,WELD_FOUND
35.394,0.0,0.0,0.0,0.0,0.005,0.0,-0.005,0.0,166,0,0.1538,0.0,4.5703160689555435,nan,nan,NO_WELD
35.444,0.0,0.0,0.0,0.0,0.005,0.0,-0.005,0.0,166,0,0.1538,0.0,4.5703160689555435,nan,nan,NO_WELD
35.494,0.0,0.0,0.0,0.0,0.004,0.0,-0.004,0.0,166,0,0.1538,0.0,4.5703160689555435,nan,nan,NO_WELD
35.544,0.0,0.0,0.0,0.0,0.004,0.0,-0.004,0.0,166,0,0.1538,0.0,4.5703160689555435,nan,nan,NO_WELD
35.594,0.008370078959992597,-0.05,0.0008700789599925974,0.015870078959992595,0.0032,0.0,-0.0023,0.0159,166,0,0.1538,0.0,5.2734409284392205,5.2734409284392205,0.0,WELD_FOUND
35.644,0.008370078959992597,-0.05,0.0008700789599925974,0.015870078959992595,0.0032,0.0,-0.0023,0.0159,166,0,0.1538,0.0,5.2734409284392205,5.2734409284392205,0.0,WELD_FOUND
35.694,0.007466244280602526,-0.1,-0.0075337557193974735,0.022466244280602524,0.0032,0.0,-0.0107,0.0225,166,0,0.1538,0.0,5.625003571624471,5.449222250031846,0.17578132159262516,WELD_FOUND
35.744,0.007466244280602526,-0.1,-0.0075337557193974735,0.022466244280602524,0.0025,0.0,-0.0101,0.0225,166,0,0.1538,0.0,5.625003571624471,5.449222250031846,0.17578132159262516,WELD_FOUND
35.794,0.0,0.0,0.0,0.0,0.0025,0.0,-0.0025,0.0,166,0,0.1538,0.0,5.625003571624471,nan,nan,NO_WELD
35.844,0.0,0.0,0.0,0.0,0.002,0.0,-0.002,0.0,166,0,0.1538,0.0,5.625003571624471,nan,nan,NO_WELD
35.894,0.0,0.0,0.0,0.0,0.002,0.0,-0.002,0.0,166,0,0.1538,0.0,5.625003571624471,nan,nan,NO_WELD
35.944,0.0,0.0,0.0,0.0,0.002,0.0,-0.002,0.0,166,0,0.1538,0.0,5.625003571624471,nan,nan,NO_WELD
35.994,0.0,0.0,0.0,0.0,0.0016,0.0,-0.0016,0.0,166,0,0.1538,0.0,5.625003571624471,nan,nan,NO_WELD
36.044,0.0,0.0,0.0,0.0,0.0016,0.0,-0.0016,0.0,166,0,0.1538,0.0,5.625003571624471,nan,nan,NO_WELD
36.096,0.0,0.0,0.0,0.0,0.0013,0.0,-0.0013,0.0,166,0,0.1538,0.0,5.625003571624471,nan,nan,NO_WELD
36.144,0.0,0.0,0.0,0.0,0.0013,0.0,-0.0013,0.0,166,0,0.1538,0.0,5.625003571624471,nan,nan,NO_WELD
36.194,0.0,0.0,0.0,0.0,0.0013,0.0,-0.0013,0.0,166,0,0.1538,0.0,5.625003571624471,nan,nan,NO_WELD
36.244,0.0,0.0,0.0,0.0,0.001,0.0,-0.001,0.0,166,0,0.1538,0.0,5.625003571624471,nan,nan,NO_WELD
36.294,0.0,0.0,0.0,0.0,0.001,0.0,-0.001,0.0,166,0,0.1538,0.0,5.625003571624471,nan,nan,NO_WELD
36.344,0.0,0.0,0.0,0.0,0.001,0.0,-0.001,0.0,166,0,0.1538,0.0,5.625003571624471,nan,nan,NO_WELD
36.394,0.0,0.0,0.0,0.0,0.0,0.0,0.0,0.0,166,0,0.1538,0.0,5.625003571624471,nan,nan,NO_WELD
36.444,0.0,0.0,0.0,0.0,0.0,0.0,0.0,0.0,166,0,0.1538,0.0,5.625003571624471,nan,nan,NO_WELD
36.494,0.0,0.0,0.0,0.0,0.0,0.0,0.0,0.0,166,0,0.1538,0.0,5.625003571624471,nan,nan,NO_WELD
36.544,0.0,0.0,0.0,0.0,0.0,0.0,0.0,0.0,166,0,0.1538,0.0,5.625003571624471,nan,nan,NO_WELD
36.594,0.0,0.0,0.0,0.0,0.0,0.0,0.0,0.0,166,0,0.1538,0.0,5.625003571624471,nan,nan,NO_WELD
36.644,0.0,0.0,0.0,0.0,0.0,0.0,0.0,0.0,166,0,0.1538,0.0,5.625003571624471,nan,nan,NO_WELD
36.694,0.0,0.0,0.0,0.0,0.0,0.0,0.0,0.0,166,0,0.1538,0.0,5.625003571624471,nan,nan,NO_WELD
36.744,0.0,0.0,0.0,0.0,0.0,0.0,0.0,0.0,166,0,0.1538,0.0,5.625003571624471,nan,nan,NO_WELD
36.794,0.0,0.0,0.0,0.0,0.0,0.0,0.0,0.0,166,0,0.1538,0.0,-6.328121600918977,nan,nan,NO_WELD
36.844,0.0,0.0,0.0,0.0,0.0,0.0,0.0,0.0,166,0,0.1538,0.0,-6.328121600918977,nan,nan,NO_WELD
36.894,0.0,0.0,0.0,0.0,0.0,0.0,0.0,0.0,166,0,0.1538,0.0,3.1640659231013664,nan,nan,NO_WELD
36.944,0.0,0.0,0.0,0.0,0.0,0.0,0.0,0.0,166,0,0.1538,0.0,3.1640659231013664,nan,nan,NO_WELD
36.994,0.0,0.0,0.0,0.0,0.0,0.0,0.0,0.0,166,0,0.1538,0.0,1.7578159906906006,nan,nan,NO_WELD
37.044,0.0,0.0,0.0,0.0,0.0,0.0,0.0,0.0,166,0,0.1538,0.0,1.7578159906906006,nan,nan,NO_WELD
37.095,0.0,0.0,0.0,0.0,0.0,0.0,0.0,0.0,166,0,0.1538,0.0,1.4062534542270564,nan,nan,NO_WELD
37.144,0.0,0.0,0.0,0.0,0.0,0.0,0.0,0.0,166,0,0.1538,0.0,1.4062534542270564,nan,nan,NO_WELD
37.194,0.0,0.0,0.0,0.0,0.0,0.0,0.0,0.0,166,0,0.1538,0.0,1.4062534542270564,nan,nan,NO_WELD
37.244,0.0,0.0,0.0,0.0,0.0,0.0,0.0,0.0,166,0,0.1538,0.0,1.4062534542270564,nan,nan,NO_WELD
37.294,0.0,0.0,0.0,0.0,0.0,0.0,0.0,0.0,166,0,0.1538,0.0,-1.7578091605014305,nan,nan,NO_WELD
37.344,0.0,0.0,0.0,0.0,0.0,0.0,0.0,0.0,166,0,0.1538,0.0,-1.7578091605014305,nan,nan,NO_WELD
37.394,0.0,0.0,0.0,0.0,0.0,0.0,0.0,0.0,166,0,0.1538,0.0,7.031253717478648,nan,nan,NO_WELD
37.444,0.0,0.0,0.0,0.0,0.0,0.0,0.0,0.0,166,0,0.1538,0.0,7.031253717478648,nan,nan,NO_WELD
37.494,0.0,0.0,0.0,0.0,0.0,0.0,0.0,0.0,166,0,0.1538,0.0,6.328128431108148,nan,nan,NO_WELD
37.544,0.0,0.0,0.0,0.0,0.0,0.0,0.0,0.0,166,0,0.1538,0.0,6.328128431108148,nan,nan,NO_WELD
37.594,0.0,0.0,0.0,0.0,0.0,0.0,0.0,0.0,166,0,0.1538,0.0,11.250003728154356,nan,nan,NO_WELD
37.644,0.0,0.0,0.0,0.0,0.0,0.0,0.0,0.0,166,0,0.1538,0.0,11.250003728154356,nan,nan,NO_WELD
37.694,0.0,0.0,0.0,0.0,0.0,0.0,0.0,0.0,166,0,0.1538,0.0,2.109378420432439,nan,nan,NO_WELD
37.744,0.0,0.0,0.0,0.0,0.0,0.0,0.0,0.0,166,0,0.1538,0.0,2.109378420432439,nan,nan,NO_WELD
37.794,0.0,0.0,0.0,0.0,0.0,0.0,0.0,0.0,166,0,0.1538,0.0,0.7031284346608206,nan,nan,NO_WELD
37.844,0.0,0.0,0.0,0.0,0.0,0.0,0.0,0.0,166,0,0.1538,0.0,0.7031284346608206,nan,nan,NO_WELD
37.894,0.0,0.0,0.0,0.0,0.0,0.0,0.0,0.0,166,0,0.1538,0.0,1.4062534542270564,nan,nan,NO_WELD
37.944,0.0,0.0,0.0,0.0,0.0,0.0,0.0,0.0,166,0,0.1538,0.0,1.4062534542270564,nan,nan,NO_WELD
37.994,0.0,0.0,0.0,0.0,0.0,0.0,0.0,0.0,166,0,0.1538,0.0,-2.8124966631703576,nan,nan,NO_WELD
38.044,0.0,0.0,0.0,0.0,0.0,0.0,0.0,0.0,166,0,0.1538,0.0,-2.8124966631703576,nan,nan,NO_WELD
38.096,0.0,0.0,0.0,0.0,0.0,0.0,0.0,0.0,166,0,0.1538,0.0,-2.460934233428519,nan,nan,NO_WELD
38.144,0.0,0.0,0.0,0.0,0.0,0.0,0.0,0.0,166,0,0.1538,0.0,-2.460934233428519,nan,nan,NO_WELD
38.194,0.0,0.0,0.0,0.0,0.0,0.0,0.0,0.0,166,0,0.1538,0.0,7.031253717478648,nan,nan,NO_WELD
38.244,0.0,0.0,0.0,0.0,0.0,0.0,0.0,0.0,166,0,0.1538,0.0,7.031253717478648,nan,nan,NO_WELD
38.294,0.0,0.0,0.0,0.0,0.0,0.0,0.0,0.0,166,0,0.1538,0.0,-6.328121600918977,nan,nan,NO_WELD
38.345,0.0,0.0,0.0,0.0,0.0,0.0,0.0,0.0,166,0,0.1538,0.0,-6.328121600918977,nan,nan,NO_WELD
38.394,0.0,0.0,0.0,0.0,0.0,0.0,0.0,0.0,166,0,0.1538,0.0,2.812503493359528,nan,nan,NO_WELD
38.444,0.0,0.0,0.0,0.0,0.0,0.0,0.0,0.0,166,0,0.1538,0.0,2.812503493359528,nan,nan,NO_WELD
38.494,0.0,0.0,0.0,0.0,0.0,0.0,0.0,0.0,166,0,0.1538,0.0,-2.8124966631703576,nan,nan,NO_WELD
38.544,0.0,0.0,0.0,0.0,0.0,0.0,0.0,0.0,166,0,0.1538,0.0,-2.8124966631703576,nan,nan,NO_WELD
38.594,0.0,0.0,0.0,0.0,0.0,0.0,0.0,0.0,166,0,0.1538,0.0,3.8671912094718666,nan,nan,NO_WELD
38.644,0.0,0.0,0.0,0.0,0.0,0.0,0.0,0.0,166,0,0.1538,0.0,3.8671912094718666,nan,nan,NO_WELD
38.694,0.0,0.0,0.0,0.0,0.0,0.0,0.0,0.0,166,0,0.1538,0.0,1.054690917763512,nan,nan,NO_WELD
38.744,0.0,0.0,0.0,0.0,0.0,0.0,0.0,0.0,166,0,0.1538,0.0,1.054690917763512,nan,nan,NO_WELD
38.794,0.0,0.0,0.0,0.0,0.0,0.0,0.0,0.0,166,0,0.1538,0.0,3.4150945850063755e-06,nan,nan,NO_WELD
38.844,0.0,0.0,0.0,0.0,0.0,0.0,0.0,0.0,166,0,0.1538,0.0,3.4150945850063755e-06,nan,nan,NO_WELD
38.894,0.0,0.0,0.0,0.0,0.0,0.0,0.0,0.0,166,0,0.1538,0.0,3.4150945850063755e-06,nan,nan,NO_WELD
38.944,0.0,0.0,0.0,0.0,0.0,0.0,0.0,0.0,166,0,0.1538,0.0,3.4150945850063755e-06,nan,nan,NO_WELD
38.994,0.0,0.0,0.0,0.0,0.0,0.0,0.0,0.0,166,0,0.1538,0.0,0.7031284346608206,nan,nan,NO_WELD
39.044,0.0,0.0,0.0,0.0,0.0,0.0,0.0,0.0,166,0,0.1538,0.0,0.7031284346608206,nan,nan,NO_WELD
39.095,0.0,0.0,0.0,0.0,0.0,0.0,0.0,0.0,166,0,0.1538,0.0,1.4062534542270564,nan,nan,NO_WELD
39.144,0.0,0.0,0.0,0.0,0.0,0.0,0.0,0.0,166,0,0.1538,0.0,1.4062534542270564,nan,nan,NO_WELD
39.194,0.0,0.0,0.0,0.0,0.0,0.0,0.0,0.0,166,0,0.1538,0.0,-2.1093715902432693,-2.1093715902432693,0.0,WELD_FOUND
39.244,0.0,0.0,0.0,0.0,0.0,0.0,0.0,0.0,166,0,0.1538,0.0,-2.1093715902432693,-2.1093715902432693,0.0,WELD_FOUND
39.294,0.02179170584530101,0.05,0.02929170584530101,0.014291705845301012,0.0,0.0,0.0293,0.0143,166,0,0.1538,0.0,-2.1093715902432693,-2.1093715902432693,0.0,WELD_FOUND
39.344,0.02179170584530101,0.05,0.02929170584530101,0.014291705845301012,0.0,0.0,0.0293,0.0143,166,0,0.1538,0.0,-2.1093715902432693,-2.1093715902432693,0.0,WELD_FOUND
39.394,0.0,0.0,0.0,0.0,0.0,0.0,0.0,0.0,168,0,0.1557,0.0,-2.1093715902432693,nan,nan,NO_WELD
39.444,0.0,0.0,0.0,0.0,0.0049,0.0,-0.0049,0.0,168,0,0.1557,0.0,-2.1093715902432693,nan,nan,NO_WELD
39.494,0.0,0.0,0.0,0.0,0.0049,0.0,-0.0049,0.0,170,0,0.1576,0.0,-2.1093715902432693,nan,nan,NO_WELD
39.545,0.0,0.0,0.0,0.0,0.0104,0.0,-0.0104,0.0,170,0,0.1576,0.0,-2.1093715902432693,nan,nan,NO_WELD
39.594,0.0,0.0,0.0,0.0,0.0104,0.0,-0.0104,0.0,170,0,0.1576,0.0,-2.1093715902432693,nan,nan,NO_WELD
39.645,0.0,0.0,0.0,0.0,0.0104,0.0,-0.0104,0.0,170,0,0.1576,0.0,-2.1093715902432693,nan,nan,NO_WELD
39.694,0.0,0.0,0.0,0.0,0.0083,0.0,-0.0083,0.0,170,0,0.1576,0.0,-2.1093715902432693,nan,nan,NO_WELD
39.744,0.0,0.0,0.0,0.0,0.0083,0.0,-0.0083,0.0,170,0,0.1576,0.0,-2.1093715902432693,nan,nan,NO_WELD
39.794,0.0,0.0,0.0,0.0,0.0083,0.0,-0.0083,0.0,170,0,0.1576,0.0,-2.1093715902432693,nan,nan,NO_WELD
39.845,0.0,0.0,0.0,0.0,0.0066,0.0,-0.0066,0.0,170,0,0.1576,0.0,-2.1093715902432693,nan,nan,NO_WELD
39.894,0.0,0.0,0.0,0.0,0.0066,0.0,-0.0066,0.0,170,0,0.1576,0.0,-2.1093715902432693,nan,nan,NO_WELD
39.945,0.0,0.0,0.0,0.0,0.0066,0.0,-0.0066,0.0,170,0,0.1576,0.0,-2.1093715902432693,nan,nan,NO_WELD
39.994,0.0,0.0,0.0,0.0,0.0053,0.0,-0.0053,0.0,170,0,0.1576,0.0,-2.1093715902432693,nan,nan,NO_WELD
40.044,0.0,0.0,0.0,0.0,0.0053,0.0,-0.0053,0.0,170,0,0.1576,0.0,-2.1093715902432693,nan,nan,NO_WELD
40.096,0.0,0.0,0.0,0.0,0.0053,0.0,-0.0053,0.0,170,0,0.1576,0.0,-2.1093715902432693,nan,nan,NO_WELD
40.144,0.0,0.0,0.0,0.0,0.0042,0.0,-0.0042,0.0,170,0,0.1576,0.0,-2.1093715902432693,nan,nan,NO_WELD
40.194,0.0,0.0,0.0,0.0,0.0042,0.0,-0.0042,0.0,170,0,0.1576,0.0,-2.1093715902432693,nan,nan,NO_WELD
40.244,0.0,0.0,0.0,0.0,0.0034,0.0,-0.0034,0.0,170,0,0.1576,0.0,-2.1093715902432693,nan,nan,NO_WELD
40.294,0.0,0.0,0.0,0.0,0.0034,0.0,-0.0034,0.0,170,0,0.1576,0.0,-2.1093715902432693,nan,nan,NO_WELD
40.344,0.0,0.0,0.0,0.0,0.0034,0.0,-0.0034,0.0,170,0,0.1576,0.0,1.7578159906906006,nan,nan,NO_WELD
40.394,0.0,0.0,0.0,0.0,0.0027,0.0,-0.0027,0.0,170,0,0.1576,0.0,1.7578159906906006,nan,nan,NO_WELD
40.444,0.0,0.0,0.0,0.0,0.0027,0.0,-0.0027,0.0,170,0,0.1576,0.0,-4.218746595581123,nan,nan,NO_WELD
40.494,0.0,0.0,0.0,0.0,0.0022,0.0,-0.0022,0.0,170,0,0.1576,0.0,-4.218746595581123,nan,nan,NO_WELD
40.545,0.0,0.0,0.0,0.0,0.0022,0.0,-0.0022,0.0,170,0,0.1576,0.0,2.4609410636176894,nan,nan,NO_WELD
40.594,0.0,0.0,0.0,0.0,0.0017,0.0,-0.0017,0.0,170,0,0.1576,0.0,2.4609410636176894,nan,nan,NO_WELD
40.644,0.0,0.0,0.0,0.0,0.0017,0.0,-0.0017,0.0,170,0,0.1576,0.0,2.812503493359528,nan,nan,NO_WELD
40.694,0.0,0.0,0.0,0.0,0.0017,0.0,-0.0017,0.0,170,0,0.1576,0.0,2.812503493359528,nan,nan,NO_WELD
40.744,0.0,0.0,0.0,0.0,0.0014,0.0,-0.0014,0.0,170,0,0.1576,0.0,-3.5156217360974464,nan,nan,NO_WELD
40.794,0.0,0.0,0.0,0.0,0.0014,0.0,-0.0014,0.0,170,0,0.1576,0.0,-3.5156217360974464,nan,nan,NO_WELD
40.844,0.0,0.0,0.0,0.0,0.0011,0.0,-0.0011,0.0,170,0,0.1576,0.0,-4.218746595581123,nan,nan,NO_WELD
40.894,0.0,0.0,0.0,0.0,0.0011,0.0,-0.0011,0.0,170,0,0.1576,0.0,-4.218746595581123,nan,nan,NO_WELD
40.944,0.0,0.0,0.0,0.0,0.0011,0.0,-0.0011,0.0,170,0,0.1576,0.0,-2.460934233428519,nan,nan,NO_WELD
40.994,0.0,0.0,0.0,0.0,0.0,0.0,0.0,0.0,170,0,0.1576,0.0,-2.460934233428519,nan,nan,NO_WELD
41.044,0.0,0.0,0.0,0.0,0.0,0.0,0.0,0.0,170,0,0.1576,0.0,-2.8124966631703576,nan,nan,NO_WELD
41.096,0.0,0.0,0.0,0.0,0.0,0.0,0.0,0.0,170,0,0.1576,0.0,-2.8124966631703576,nan,nan,NO_WELD
41.144,0.02800653687058349,0.04747597666221342,0.0351279333699155,0.020885140371251477,0.0,0.0,0.0351,0.0209,170,0,0.1576,0.0,-1.0546840875743422,-1.0546840875743422,0.0,WELD_FOUND
41.194,0.02800653687058349,0.04747597666221342,0.0351279333699155,0.020885140371251477,0.0,0.0,0.0351,0.0209,170,0,0.1576,0.0,-1.0546840875743422,-1.0546840875743422,0.0,WELD_FOUND
41.244,0.0,0.0,0.0,0.0,0.0,0.0,0.0,0.0,170,0,0.1576,0.0,-1.0546840875743422,nan,nan,NO_WELD
41.294,0.0,0.0,0.0,0.0,0.0099,0.0,-0.0099,0.0,174,0,0.1613,0.0,-1.0546840875743422,nan,nan,NO_WELD
41.344,0.024595060575218645,0.05,0.032095060575218645,0.017095060575218646,0.0099,0.0,0.0222,0.0171,174,0,0.1613,0.0,-1.7578091605014305,-1.7578091605014305,0.0,WELD_FOUND
41.394,0.024595060575218645,0.05,0.032095060575218645,0.017095060575218646,0.0022,0.0,0.0299,0.0171,173,0,0.1603,0.0,-1.7578091605014305,-1.7578091605014305,0.0,WELD_FOUND
41.444,0.0,0.0,0.0,0.0,0.0022,0.0,-0.0022,0.0,173,0,0.1603,0.0,-1.7578091605014305,nan,nan,NO_WELD
41.494,0.0,0.0,0.0,0.0,0.0087,0.0,-0.0087,0.0,175,0,0.1622,0.0,-1.7578091605014305,nan,nan,NO_WELD
41.544,0.0,0.0,0.0,0.0,0.0087,0.0,-0.0087,0.0,175,0,0.1622,0.0,-1.7578091605014305,nan,nan,NO_WELD
41.594,0.0,0.0,0.0,0.0,0.0087,0.0,-0.0087,0.0,176,0,0.1631,0.0,-1.7578091605014305,nan,nan,NO_WELD
41.644,0.0,0.0,0.0,0.0,0.0077,0.0,-0.0077,0.0,176,0,0.1631,0.0,-1.7578091605014305,nan,nan,NO_WELD
41.694,0.0,0.0,0.0,0.0,0.0077,0.0,-0.0077,0.0,176,0,0.1631,0.0,-1.7578091605014305,nan,nan,NO_WELD
41.744,0.0,0.0,0.0,0.0,0.0077,0.0,-0.0077,0.0,176,0,0.1631,0.0,-1.7578091605014305,nan,nan,NO_WELD
41.794,0.0,0.0,0.0,0.0,0.0062,0.0,-0.0062,0.0,176,0,0.1631,0.0,-1.7578091605014305,nan,nan,NO_WELD
41.844,0.0,0.0,0.0,0.0,0.0062,0.0,-0.0062,0.0,176,0,0.1631,0.0,-2.460934233428519,-2.460934233428519,0.0,WELD_FOUND
41.894,0.0,0.0,0.0,0.0,0.0049,0.0,-0.0049,0.0,176,0,0.1631,0.0,-2.460934233428519,-2.460934233428519,0.0,WELD_FOUND
41.944,0.0,0.0,0.0,0.0,0.0049,0.0,-0.0049,0.0,176,0,0.1631,0.0,-2.460934233428519,nan,nan,NO_WELD
41.994,0.0,0.0,0.0,0.0,0.004,0.0,-0.004,0.0,176,0,0.1631,0.0,-2.460934233428519,nan,nan,NO_WELD
42.044,0.018081071475928034,0.05,0.025581071475928033,0.010581071475928034,0.004,0.0,0.0216,0.0106,176,0,0.1631,0.0,-2.8124966631703576,-2.8124966631703576,0.0,WELD_FOUND
42.096,0.018081071475928034,0.05,0.025581071475928033,0.010581071475928034,0.004,0.0,0.0216,0.0106,176,0,0.1631,0.0,-2.8124966631703576,-2.8124966631703576,0.0,WELD_FOUND
42.144,0.0,0.0,0.0,0.0,0.0032,0.0,-0.0032,0.0,176,0,0.1631,0.0,-2.8124966631703576,nan,nan,NO_WELD
42.194,0.0,0.0,0.0,0.0,0.0032,0.0,-0.0032,0.0,178,0,0.165,0.0,-2.8124966631703576,nan,nan,NO_WELD
42.244,0.0,0.0,0.0,0.0,0.0032,0.0,-0.0032,0.0,178,0,0.165,0.0,-2.8124966631703576,nan,nan,NO_WELD
42.294,0.0,0.0,0.0,0.0,0.0068,0.0,-0.0068,0.0,178,0,0.165,0.0,-2.8124966631703576,nan,nan,NO_WELD
42.344,0.0,0.0,0.0,0.0,0.0068,0.0,-0.0068,0.0,178,0,0.165,0.0,-2.8124966631703576,nan,nan,NO_WELD
42.394,0.0,0.0,0.0,0.0,0.0068,0.0,-0.0068,0.0,178,0,0.165,0.0,-2.8124966631703576,nan,nan,NO_WELD
42.444,0.014716506514280164,0.05,0.022216506514280164,0.007216506514280165,0.0055,0.0,0.0167,0.0072,178,0,0.165,0.0,-3.5156217360974464,-3.5156217360974464,0.0,WELD_FOUND
42.494,0.014716506514280164,0.05,0.022216506514280164,0.007216506514280165,0.0055,0.0,0.0167,0.0072,178,0,0.165,0.0,-3.5156217360974464,-3.5156217360974464,0.0,WELD_FOUND
42.544,0.0,0.0,0.0,0.0,0.0044,0.0,-0.0044,0.0,178,0,0.165,0.0,-3.5156217360974464,nan,nan,NO_WELD
42.594,0.0,0.0,0.0,0.0,0.0044,0.0,-0.0044,0.0,180,0,0.1668,0.0,-3.5156217360974464,nan,nan,NO_WELD
42.644,0.0,0.0,0.0,0.0,0.0044,0.0,-0.0044,0.0,180,0,0.1668,0.0,-3.5156217360974464,nan,nan,NO_WELD
42.694,0.0,0.0,0.0,0.0,0.0051,0.0,-0.0051,0.0,179,0,0.1659,0.0,-3.5156217360974464,nan,nan,NO_WELD
42.744,0.0,0.0,0.0,0.0,0.0051,0.0,-0.0051,0.0,179,0,0.1659,0.0,-3.5156217360974464,nan,nan,NO_WELD
42.794,0.0,0.0,0.0,0.0,0.0041,0.0,-0.0041,0.0,179,0,0.1659,0.0,-3.5156217360974464,nan,nan,NO_WELD
42.844,0.0,0.0,0.0,0.0,0.0041,0.0,-0.0041,0.0,179,0,0.1659,0.0,-3.5156217360974464,nan,nan,NO_WELD
42.894,0.0,0.0,0.0,0.0,0.0041,0.0,-0.0041,0.0,179,0,0.1659,0.0,-3.5156217360974464,nan,nan,NO_WELD
42.944,0.0,0.0,0.0,0.0,0.0033,0.0,-0.0033,0.0,179,0,0.1659,0.0,-3.5156217360974464,nan,nan,NO_WELD
42.994,0.0,0.0,0.0,0.0,0.0033,0.0,-0.0033,0.0,179,0,0.1659,0.0,-3.5156217360974464,nan,nan,NO_WELD
43.044,0.0,0.0,0.0,0.0,0.0033,0.0,-0.0033,0.0,179,0,0.1659,0.0,-3.5156217360974464,nan,nan,NO_WELD
43.096,0.0,0.0,0.0,0.0,0.0026,0.0,-0.0026,0.0,179,0,0.1659,0.0,-3.5156217360974464,nan,nan,NO_WELD
43.144,0.0,0.0,0.0,0.0,0.0026,0.0,-0.0026,0.0,179,0,0.1659,0.0,-3.5156217360974464,nan,nan,NO_WELD
43.194,0.0,0.0,0.0,0.0,0.0026,0.0,-0.0026,0.0,179,0,0.1659,0.0,-3.5156217360974464,nan,nan,NO_WELD
43.244,0.0,0.0,0.0,0.0,0.0021,0.0,-0.0021,0.0,179,0,0.1659,0.0,-3.5156217360974464,nan,nan,NO_WELD
43.294,0.0,0.0,0.0,0.0,0.0021,0.0,-0.0021,0.0,179,0,0.1659,0.0,-3.5156217360974464,nan,nan,NO_WELD
43.344,0.013163999603199958,0.05,0.020663999603199958,0.005663999603199958,0.0021,0.0,0.0186,0.0057,179,0,0.1659,0.0,-3.8671843792826963,-3.8671843792826963,0.0,WELD_FOUND
43.394,0.013163999603199958,0.05,0.020663999603199958,0.005663999603199958,0.0017,0.0,0.019,0.0057,179,0,0.1659,0.0,-3.8671843792826963,-3.8671843792826963,0.0,WELD_FOUND
43.444,0.0,0.0,0.0,0.0,0.0017,0.0,-0.0017,0.0,179,0,0.1659,0.0,-3.8671843792826963,nan,nan,NO_WELD
43.494,0.0,0.0,0.0,0.0,0.0017,0.0,-0.0017,0.0,181,0,0.1677,0.0,-3.8671843792826963,nan,nan,NO_WELD
43.544,0.0,0.0,0.0,0.0,0.0059,0.0,-0.0059,0.0,181,0,0.1677,0.0,-3.8671843792826963,nan,nan,NO_WELD
43.594,0.0,0.0,0.0,0.0,0.0059,0.0,-0.0059,0.0,181,0,0.1677,0.0,-3.8671843792826963,nan,nan,NO_WELD
43.644,0.0,0.0,0.0,0.0,0.0059,0.0,-0.0059,0.0,181,0,0.1677,0.0,-3.8671843792826963,nan,nan,NO_WELD
43.694,0.0,0.0,0.0,0.0,0.0048,0.0,-0.0048,0.0,181,0,0.1677,0.0,-3.8671843792826963,nan,nan,NO_WELD
43.744,0.0,0.0,0.0,0.0,0.0048,0.0,-0.0048,0.0,181,0,0.1677,0.0,-3.8671843792826963,nan,nan,NO_WELD
43.794,0.0,0.0,0.0,0.0,0.0048,0.0,-0.0048,0.0,181,0,0.1677,0.0,-3.8671843792826963,nan,nan,NO_WELD
43.844,0.0,0.0,0.0,0.0,0.0038,0.0,-0.0038,0.0,181,0,0.1677,0.0,-3.8671843792826963,nan,nan,NO_WELD
43.894,0.0,0.0,0.0,0.0,0.0038,0.0,-0.0038,0.0,181,0,0.1677,0.0,-3.8671843792826963,nan,nan,NO_WELD
43.944,0.0,0.0,0.0,0.0,0.0038,0.0,-0.0038,0.0,181,0,0.1677,0.0,-3.8671843792826963,nan,nan,NO_WELD
43.994,0.0,0.0,0.0,0.0,0.003,0.0,-0.003,0.0,181,0,0.1677,0.0,-3.8671843792826963,nan,nan,NO_WELD
44.044,0.0,0.0,0.0,0.0,0.003,0.0,-0.003,0.0,181,0,0.1677,0.0,-3.8671843792826963,nan,nan,NO_WELD
44.096,0.0,0.0,0.0,0.0,0.0024,0.0,-0.0024,0.0,181,0,0.1677,0.0,-3.8671843792826963,nan,nan,NO_WELD
44.144,0.0,0.0,0.0,0.0,0.0024,0.0,-0.0024,0.0,181,0,0.1677,0.0,-3.8671843792826963,nan,nan,NO_WELD
44.194,0.0,0.0,0.0,0.0,0.0019,0.0,-0.0019,0.0,181,0,0.1677,0.0,-3.8671843792826963,nan,nan,NO_WELD
44.244,0.0,0.0,0.0,0.0,0.0019,0.0,-0.0019,0.0,181,0,0.1677,0.0,-3.8671843792826963,nan,nan,NO_WELD
44.294,0.0,0.0,0.0,0.0,0.0016,0.0,-0.0016,0.0,181,0,0.1677,0.0,-3.8671843792826963,nan,nan,NO_WELD
44.344,0.0,0.0,0.0,0.0,0.0016,0.0,-0.0016,0.0,181,0,0.1677,0.0,-3.8671843792826963,nan,nan,NO_WELD
44.394,0.0,0.0,0.0,0.0,0.0012,0.0,-0.0012,0.0,181,0,0.1677,0.0,-3.8671843792826963,nan,nan,NO_WELD
44.444,0.0,0.0,0.0,0.0,0.0012,0.0,-0.0012,0.0,181,0,0.1677,0.0,-10.898434254779936,nan,nan,NO_WELD
44.494,0.0,0.0,0.0,0.0,0.0012,0.0,-0.0012,0.0,181,0,0.1677,0.0,-10.898434254779936,nan,nan,NO_WELD
44.544,0.0,0.0,0.0,0.0,0.0,0.0,0.0,0.0,181,0,0.1677,0.0,-10.898434254779936,nan,nan,NO_WELD
44.594,0.0,0.0,0.0,0.0,0.0,0.0,0.0,0.0,181,0,0.1677,0.0,-10.898434254779936,nan,nan,NO_WELD
44.644,0.0,0.0,0.0,0.0,0.0,0.0,0.0,0.0,181,0,0.1677,0.0,-10.898434254779936,nan,nan,NO_WELD
44.694,0.0,0.0,0.0,0.0,0.0,0.0,0.0,0.0,181,0,0.1677,0.0,-10.898434254779936,nan,nan,NO_WELD
44.744,0.0,0.0,0.0,0.0,0.0,0.0,0.0,0.0,181,0,0.1677,0.0,-10.546871611594685,nan,nan,NO_WELD
44.794,0.0,0.0,0.0,0.0,0.0,0.0,0.0,0.0,181,0,0.1677,0.0,-10.546871611594685,nan,nan,NO_WELD
44.844,0.0,0.0,0.0,0.0,0.0,0.0,0.0,0.0,181,0,0.1677,0.0,-10.898434254779936,-10.898434254779936,0.0,WELD_FOUND
44.894,0.0,0.0,0.0,0.0,0.0,0.0,0.0,0.0,181,0,0.1677,0.0,-10.898434254779936,-10.898434254779936,0.0,WELD_FOUND
44.944,0.0,0.05,0.0075,-0.0075,0.0,0.0,0.0075,-0.0075,181,0,0.1677,0.0,-10.898434254779936,-10.898434254779936,0.0,WELD_FOUND
44.994,0.0,0.05,0.0075,-0.0075,0.0,0.0,0.0075,-0.0075,181,0,0.1677,0.0,-10.898434254779936,-10.898434254779936,0.0,WELD_FOUND
45.044,0.0,0.0,0.0,0.0,0.0,0.0,0.0,0.0,181,0,0.1677,0.0,-10.898434254779936,nan,nan,NO_WELD
45.096,0.0,0.0,0.0,0.0,0.0,0.0,0.0,0.0,181,0,0.1677,0.0,-10.898434254779936,nan,nan,NO_WELD
45.144,0.0,0.0,0.0,0.0,0.0,0.0,0.0,0.0,181,0,0.1677,0.0,-10.898434254779936,nan,nan,NO_WELD
45.194,0.0,0.0,0.0,0.0,0.0,0.0,0.0,0.0,181,0,0.1677,0.0,-10.898434254779936,nan,nan,NO_WELD
45.244,0.0,0.05,0.0075,-0.0075,0.0,0.0,0.0075,-0.0075,181,0,0.1677,0.0,-10.195308968409435,-10.195308968409435,0.0,WELD_FOUND
45.294,0.0,0.05,0.0075,-0.0075,0.0,0.0,0.0075,-0.0075,181,0,0.1677,0.0,-10.195308968409435,-10.195308968409435,0.0,WELD_FOUND
45.344,0.0,0.0,0.0,0.0,0.0,0.0,0.0,0.0,181,0,0.1677,0.0,-10.195308968409435,nan,nan,NO_WELD
45.394,0.0,0.0,0.0,0.0,0.0,0.0,0.0,0.0,181,0,0.1677,0.0,-10.195308968409435,nan,nan,NO_WELD
45.444,0.0,0.05,0.0075,-0.0075,0.0,0.0,0.0075,-0.0075,182,0,0.1687,0.0,-10.898434254779936,-10.898434254779936,0.0,WELD_FOUND
45.494,0.0,0.05,0.0075,-0.0075,0.0,0.0,0.0075,-0.0075,182,0,0.1687,0.0,-10.898434254779936,-10.898434254779936,0.0,WELD_FOUND
45.544,0.0,0.1,0.015,-0.015,0.0025,0.0,0.0125,-0.015,182,0,0.1687,0.0,-10.195308968409435,-10.546871611594685,0.3515626431852503,WELD_FOUND
45.594,0.0,0.1,0.015,-0.015,0.0025,0.0,0.0125,-0.015,182,0,0.1687,0.0,-10.195308968409435,-10.546871611594685,0.3515626431852503,WELD_FOUND
45.644,0.0,0.15000000000000002,0.022500000000000003,-0.022500000000000003,0.002,0.0,0.0205,-0.0225,182,0,0.1687,0.0,-10.546871611594685,-10.546871611594685,0.0,WELD_FOUND
45.694,0.0,0.15000000000000002,0.022500000000000003,-0.022500000000000003,0.002,0.0,0.0205,-0.0225,182,0,0.1687,0.0,-10.546871611594685,-10.546871611594685,0.0,WELD_FOUND
45.744,0.0,0.2,0.03,-0.03,0.0049,0.0,0.0251,-0.03,183,0,0.1696,0.0,-10.898434254779936,-10.722653360074133,-0.17578089470580238,WELD_FOUND
45.794,0.0,0.2,0.03,-0.03,0.0049,0.0,0.0251,-0.03,183,0,0.1696,0.0,-10.898434254779936,-10.722653360074133,-0.17578089470580238,WELD_FOUND
45.844,0.0,0.0,0.0,0.0,0.0049,0.0,-0.0049,0.0,183,0,0.1696,0.0,-10.898434254779936,nan,nan,NO_WELD
45.894,0.0,0.0,0.0,0.0,0.0039,0.0,-0.0039,0.0,183,0,0.1696,0.0,-10.898434254779936,nan,nan,NO_WELD
45.944,0.0,0.0,0.0,0.0,0.0039,0.0,-0.0039,0.0,184,0,0.1705,0.0,-10.898434254779936,nan,nan,NO_WELD
45.994,0.0,0.0,0.0,0.0,0.0061,0.0,-0.0061,0.0,184,0,0.1705,0.0,-10.898434254779936,nan,nan,NO_WELD
46.044,0.0,0.0,0.0,0.0,0.0061,0.0,-0.0061,0.0,184,0,0.1705,0.0,-10.898434254779936,nan,nan,NO_WELD
46.096,0.0,0.0,0.0,0.0,0.0061,0.0,-0.0061,0.0,184,0,0.1705,0.0,-10.898434254779936,nan,nan,NO_WELD
46.144,0.0,0.0,0.0,0.0,0.0048,0.0,-0.0048,0.0,184,0,0.1705,0.0,-10.898434254779936,nan,nan,NO_WELD
46.194,0.0,0.0,0.0,0.0,0.0048,0.0,-0.0048,0.0,184,0,0.1705,0.0,-10.898434254779936,nan,nan,NO_WELD
46.244,0.0,0.0,0.0,0.0,0.0048,0.0,-0.0048,0.0,184,0,0.1705,0.0,-10.898434254779936,nan,nan,NO_WELD
46.294,0.0,0.0,0.0,0.0,0.0039,0.0,-0.0039,0.0,184,0,0.1705,0.0,-10.898434254779936,nan,nan,NO_WELD
46.344,0.0,0.0,0.0,0.0,0.0039,0.0,-0.0039,0.0,184,0,0.1705,0.0,-10.898434254779936,nan,nan,NO_WELD
46.394,0.0,0.0,0.0,0.0,0.0039,0.0,-0.0039,0.0,184,0,0.1705,0.0,-10.898434254779936,nan,nan,NO_WELD
46.444,0.0,0.0,0.0,0.0,0.0031,0.0,-0.0031,0.0,184,0,0.1705,0.0,-10.898434254779936,nan,nan,NO_WELD
46.494,0.0,0.0,0.0,0.0,0.0031,0.0,-0.0031,0.0,184,0,0.1705,0.0,-10.898434254779936,nan,nan,NO_WELD
46.544,0.0,0.0,0.0,0.0,0.0025,0.0,-0.0025,0.0,184,0,0.1705,0.0,-10.898434254779936,nan,nan,NO_WELD
46.594,0.0,0.0,0.0,0.0,0.0025,0.0,-0.0025,0.0,184,0,0.1705,0.0,-10.898434254779936,nan,nan,NO_WELD
46.644,0.0,0.0,0.0,0.0,0.002,0.0,-0.002,0.0,184,0,0.1705,0.0,-10.898434254779936,nan,nan,NO_WELD
46.694,0.0,0.0,0.0,0.0,0.002,0.0,-0.002,0.0,184,0,0.1705,0.0,-10.898434254779936,nan,nan,NO_WELD
46.744,0.0,0.0,0.0,0.0,0.002,0.0,-0.002,0.0,184,0,0.1705,0.0,-10.898434254779936,nan,nan,NO_WELD
46.794,0.0,0.0,0.0,0.0,0.0016,0.0,-0.0016,0.0,184,0,0.1705,0.0,-10.898434254779936,nan,nan,NO_WELD
46.844,0.0,0.0,0.0,0.0,0.0016,0.0,-0.0016,0.0,184,0,0.1705,0.0,-9.492184535812582,nan,nan,NO_WELD
46.894,0.0,0.0,0.0,0.0,0.0013,0.0,-0.0013,0.0,184,0,0.1705,0.0,-9.492184535812582,nan,nan,NO_WELD
46.944,0.0,0.0,0.0,0.0,0.0013,0.0,-0.0013,0.0,184,0,0.1705,0.0,2.4609410636176894,nan,nan,NO_WELD
46.994,0.0,0.0,0.0,0.0,0.0013,0.0,-0.0013,0.0,184,0,0.1705,0.0,2.4609410636176894,nan,nan,NO_WELD
47.044,0.0,0.0,0.0,0.0,0.001,0.0,-0.001,0.0,184,0,0.1705,0.0,3.4150945850063755e-06,nan,nan,NO_WELD
47.095,0.0,0.0,0.0,0.0,0.001,0.0,-0.001,0.0,184,0,0.1705,0.0,3.4150945850063755e-06,nan,nan,NO_WELD
47.144,0.0,0.0,0.0,0.0,0.001,0.0,-0.001,0.0,184,0,0.1705,0.0,-6.328121600918977,nan,nan,NO_WELD
47.194,0.0,0.0,0.0,0.0,0.0,0.0,0.0,0.0,184,0,0.1705,0.0,-6.328121600918977,nan,nan,NO_WELD
47.244,0.0,0.0,0.0,0.0,0.0,0.0,0.0,0.0,184,0,0.1705,0.0,3.8671912094718666,nan,nan,NO_WELD
47.294,0.0,0.0,0.0,0.0,0.0,0.0,0.0,0.0,184,0,0.1705,0.0,3.8671912094718666,nan,nan,NO_WELD
47.344,0.0,0.0,0.0,0.0,0.0,0.0,0.0,0.0,184,0,0.1705,0.0,-3.8671843792826963,nan,nan,NO_WELD
47.394,0.0,0.0,0.0,0.0,0.0,0.0,0.0,0.0,184,0,0.1705,0.0,-3.8671843792826963,nan,nan,NO_WELD
47.444,0.0,0.0,0.0,0.0,0.0,0.0,0.0,0.0,184,0,0.1705,0.0,-2.460934233428519,nan,nan,NO_WELD
47.494,0.0,0.0,0.0,0.0,0.0,0.0,0.0,0.0,184,0,0.1705,0.0,-2.460934233428519,nan,nan,NO_WELD
47.544,0.0,0.0,0.0,0.0,0.0,0.0,0.0,0.0,184,0,0.1705,0.0,-3.164059092912196,nan,nan,NO_WELD
47.594,0.0,0.0,0.0,0.0,0.0,0.0,0.0,0.0,184,0,0.1705,0.0,-3.164059092912196,nan,nan,NO_WELD
47.644,0.0,0.0,0.0,0.0,0.0,0.0,0.0,0.0,184,0,0.1705,0.0,2.4609410636176894,nan,nan,NO_WELD
47.694,0.0,0.0,0.0,0.0,0.0,0.0,0.0,0.0,184,0,0.1705,0.0,2.4609410636176894,nan,nan,NO_WELD
47.744,0.0,0.0,0.0,0.0,0.0,0.0,0.0,0.0,184,0,0.1705,0.0,-2.1093715902432693,nan,nan,NO_WELD
47.794,0.0,0.0,0.0,0.0,0.0,0.0,0.0,0.0,184,0,0.1705,0.0,-2.1093715902432693,nan,nan,NO_WELD
47.844,0.0,0.0,0.0,0.0,0.0,0.0,0.0,0.0,184,0,0.1705,0.0,-0.35155909468853286,nan,nan,NO_WELD
47.894,0.0,0.0,0.0,0.0,0.0,0.0,0.0,0.0,184,0,0.1705,0.0,-0.35155909468853286,nan,nan,NO_WELD
47.944,0.0,0.0,0.0,0.0,0.0,0.0,0.0,0.0,184,0,0.1705,0.0,-2.460934233428519,nan,nan,NO_WELD
47.994,0.0,0.0,0.0,0.0,0.0,0.0,0.0,0.0,184,0,0.1705,0.0,-2.460934233428519,nan,nan,NO_WELD
48.044,0.0,0.0,0.0,0.0,0.0,0.0,0.0,0.0,184,0,0.1705,0.0,3.1640659231013664,nan,nan,NO_WELD
48.095,0.0,0.0,0.0,0.0,0.0,0.0,0.0,0.0,184,0,0.1705,0.0,3.1640659231013664,nan,nan,NO_WELD
48.144,0.0,0.0,0.0,0.0,0.0,0.0,0.0,0.0,184,0,0.1705,0.0,3.8671912094718666,nan,nan,NO_WELD
48.194,0.0,0.0,0.0,0.0,0.0,0.0,0.0,0.0,184,0,0.1705,0.0,3.8671912094718666,nan,nan,NO_WELD
48.244,0.0,0.0,0.0,0.0,0.0,0.0,0.0,0.0,184,0,0.1705,0.0,-2.8124966631703576,nan,nan,NO_WELD
48.294,0.0,0.0,0.0,0.0,0.0,0.0,0.0,0.0,184,0,0.1705,0.0,-2.8124966631703576,nan,nan,NO_WELD
48.344,0.0,0.0,0.0,0.0,0.0,0.0,0.0,0.0,184,0,0.1705,0.0,-2.460934233428519,nan,nan,NO_WELD
48.394,0.0,0.0,0.0,0.0,0.0,0.0,0.0,0.0,184,0,0.1705,0.0,-2.460934233428519,nan,nan,NO_WELD
48.444,0.0,0.0,0.0,0.0,0.0,0.0,0.0,0.0,184,0,0.1705,0.0,-1.7578091605014305,nan,nan,NO_WELD
48.494,0.0,0.0,0.0,0.0,0.0,0.0,0.0,0.0,184,0,0.1705,0.0,-1.7578091605014305,nan,nan,NO_WELD
48.544,0.0,0.0,0.0,0.0,0.0,0.0,0.0,0.0,184,0,0.1705,0.0,-3.164059092912196,nan,nan,NO_WELD
48.594,0.0,0.0,0.0,0.0,0.0,0.0,0.0,0.0,184,0,0.1705,0.0,-3.164059092912196,nan,nan,NO_WELD
48.644,0.0,0.0,0.0,0.0,0.0,0.0,0.0,0.0,184,0,0.1705,0.0,2.109378420432439,nan,nan,NO_WELD
48.694,0.0,0.0,0.0,0.0,0.0,0.0,0.0,0.0,184,0,0.1705,0.0,2.109378420432439,nan,nan,NO_WELD
48.744,0.0,0.0,0.0,0.0,0.0,0.0,0.0,0.0,184,0,0.1705,0.0,-2.8124966631703576,nan,nan,NO_WELD
48.794,0.0,0.0,0.0,0.0,0.0,0.0,0.0,0.0,184,0,0.1705,0.0,-2.8124966631703576,nan,nan,NO_WELD
48.844,0.0,0.0,0.0,0.0,0.0,0.0,0.0,0.0,184,0,0.1705,0.0,-5.273434098250051,nan,nan,NO_WELD
48.894,0.0,0.0,0.0,0.0,0.0,0.0,0.0,0.0,184,0,0.1705,0.0,-5.273434098250051,nan,nan,NO_WELD
48.944,0.0,0.0,0.0,0.0,0.0,0.0,0.0,0.0,184,0,0.1705,0.0,2.109378420432439,nan,nan,NO_WELD
48.994,0.0,0.0,0.0,0.0,0.0,0.0,0.0,0.0,184,0,0.1705,0.0,2.109378420432439,nan,nan,NO_WELD
49.044,0.0,0.0,0.0,0.0,0.0,0.0,0.0,0.0,184,0,0.1705,0.0,7.382816360663898,nan,nan,NO_WELD
49.095,0.0,0.0,0.0,0.0,0.0,0.0,0.0,0.0,184,0,0.1705,0.0,7.382816360663898,nan,nan,NO_WELD
49.144,0.0,0.0,0.0,0.0,0.0,0.0,0.0,0.0,184,0,0.1705,0.0,-4.570309238766374,nan,nan,NO_WELD
49.194,0.0,0.0,0.0,0.0,0.0,0.0,0.0,0.0,184,0,0.1705,0.0,-4.570309238766374,nan,nan,NO_WELD
49.244,0.0,0.0,0.0,0.0,0.0,0.0,0.0,0.0,184,0,0.1705,0.0,-0.35155909468853286,nan,nan,NO_WELD
49.294,0.0,0.0,0.0,0.0,0.0,0.0,0.0,0.0,184,0,0.1705,0.0,-0.35155909468853286,nan,nan,NO_WELD
49.344,0.0,0.0,0.0,0.0,0.0,0.0,0.0,0.0,184,0,0.1705,0.0,4.218753425770293,nan,nan,NO_WELD
49.394,0.0,0.0,0.0,0.0,0.0,0.0,0.0,0.0,184,0,0.1705,0.0,4.218753425770293,nan,nan,NO_WELD
49.444,0.0,0.0,0.0,0.0,0.0,0.0,0.0,0.0,184,0,0.1705,0.0,-4.921871881951623,nan,nan,NO_WELD
49.494,0.0,0.0,0.0,0.0,0.0,0.0,0.0,0.0,184,0,0.1705,0.0,-4.921871881951623,nan,nan,NO_WELD
49.544,0.0,0.0,0.0,0.0,0.0,0.0,0.0,0.0,184,0,0.1705,0.0,-3.164059092912196,nan,nan,NO_WELD
49.594,0.0,0.0,0.0,0.0,0.0,0.0,0.0,0.0,184,0,0.1705,0.0,-3.164059092912196,nan,nan,NO_WELD
49.644,0.0,0.0,0.0,0.0,0.0,0.0,0.0,0.0,184,0,0.1705,0.0,2.812503493359528,nan,nan,NO_WELD
49.694,0.0,0.0,0.0,0.0,0.0,0.0,0.0,0.0,184,0,0.1705,0.0,2.812503493359528,nan,nan,NO_WELD
49.744,0.0,0.0,0.0,0.0,0.0,0.0,0.0,0.0,184,0,0.1705,0.0,1.7578159906906006,nan,nan,NO_WELD
49.794,0.0,0.0,0.0,0.0,0.0,0.0,0.0,0.0,184,0,0.1705,0.0,1.7578159906906006,nan,nan,NO_WELD
49.844,0.0,0.0,0.0,0.0,0.0,0.0,0.0,0.0,184,0,0.1705,0.0,-3.164059092912196,nan,nan,NO_WELD
49.894,0.0,0.0,0.0,0.0,0.0,0.0,0.0,0.0,184,0,0.1705,0.0,-3.164059092912196,nan,nan,NO_WELD
49.944,0.0,0.0,0.0,0.0,0.0,0.0,0.0,0.0,184,0,0.1705,0.0,-4.570309238766374,nan,nan,NO_WELD
49.994,0.0,0.0,0.0,0.0,0.0,0.0,0.0,0.0,184,0,0.1705,0.0,-4.570309238766374,nan,nan,NO_WELD
50.044,0.0,0.0,0.0,0.0,0.0,0.0,0.0,0.0,184,0,0.1705,0.0,-3.164059092912196,nan,nan,NO_WELD
50.095,0.0,0.0,0.0,0.0,0.0,0.0,0.0,0.0,184,0,0.1705,0.0,-3.164059092912196,nan,nan,NO_WELD
50.144,0.0,0.0,0.0,0.0,0.0,0.0,0.0,0.0,184,0,0.1705,0.0,0.35156592487770283,nan,nan,NO_WELD
50.194,0.0,0.0,0.0,0.0,0.0,0.0,0.0,0.0,184,0,0.1705,0.0,0.35156592487770283,nan,nan,NO_WELD
50.244,0.0,0.0,0.0,0.0,0.0,0.0,0.0,0.0,184,0,0.1705,0.0,2.109378420432439,nan,nan,NO_WELD
50.294,0.0,0.0,0.0,0.0,0.0,0.0,0.0,0.0,184,0,0.1705,0.0,2.109378420432439,nan,nan,NO_WELD
50.344,0.0,0.0,0.0,0.0,0.0,0.0,0.0,0.0,184,0,0.1705,0.0,0.7031284346608206,nan,nan,NO_WELD
50.394,0.0,0.0,0.0,0.0,0.0,0.0,0.0,0.0,184,0,0.1705,0.0,0.7031284346608206,nan,nan,NO_WELD
50.444,0.0,0.0,0.0,0.0,0.0,0.0,0.0,0.0,184,0,0.1705,0.0,-2.8124966631703576,nan,nan,NO_WELD
50.494,0.0,0.0,0.0,0.0,0.0,0.0,0.0,0.0,184,0,0.1705,0.0,-2.8124966631703576,nan,nan,NO_WELD
50.544,0.0,0.0,0.0,0.0,0.0,0.0,0.0,0.0,184,0,0.1705,0.0,3.8671912094718666,nan,nan,NO_WELD
50.594,0.0,0.0,0.0,0.0,0.0,0.0,0.0,0.0,184,0,0.1705,0.0,3.8671912094718666,nan,nan,NO_WELD
50.644,0.0,0.0,0.0,0.0,0.0,0.0,0.0,0.0,184,0,0.1705,0.0,-0.35155909468853286,nan,nan,NO_WELD
50.694,0.0,0.0,0.0,0.0,0.0,0.0,0.0,0.0,184,0,0.1705,0.0,-0.35155909468853286,nan,nan,NO_WELD
50.744,0.0,0.0,0.0,0.0,0.0,0.0,0.0,0.0,184,0,0.1705,0.0,1.4062534542270564,nan,nan,NO_WELD
50.794,0.0,0.0,0.0,0.0,0.0,0.0,0.0,0.0,184,0,0.1705,0.0,1.4062534542270564,nan,nan,NO_WELD
50.844,0.0,0.0,0.0,0.0,0.0,0.0,0.0,0.0,184,0,0.1705,0.0,3.8671912094718666,nan,nan,NO_WELD
50.894,0.0,0.0,0.0,0.0,0.0,0.0,0.0,0.0,184,0,0.1705,0.0,3.8671912094718666,nan,nan,NO_WELD
50.944,0.0,0.0,0.0,0.0,0.0,0.0,0.0,0.0,184,0,0.1705,0.0,-9.492184535812582,nan,nan,NO_WELD
50.994,0.0,0.0,0.0,0.0,0.0,0.0,0.0,0.0,184,0,0.1705,0.0,-9.492184535812582,nan,nan,NO_WELD
51.044,0.0,0.0,0.0,0.0,0.0,0.0,0.0,0.0,184,0,0.1705,0.0,-8.789059249442081,nan,nan,NO_WELD
51.095,0.0,0.0,0.0,0.0,0.0,0.0,0.0,0.0,184,0,0.1705,0.0,-8.789059249442081,nan,nan,NO_WELD
51.144,0.0,0.0,0.0,0.0,0.0,0.0,0.0,0.0,184,0,0.1705,0.0,-9.140621892627331,nan,nan,NO_WELD
51.194,0.0,0.0,0.0,0.0,0.0,0.0,0.0,0.0,184,0,0.1705,0.0,-9.140621892627331,nan,nan,NO_WELD
51.244,0.0,0.0,0.0,0.0,0.0,0.0,0.0,0.0,184,0,0.1705,0.0,-2.8124966631703576,nan,nan,NO_WELD
51.294,0.0,0.0,0.0,0.0,0.0,0.0,0.0,0.0,184,0,0.1705,0.0,-2.8124966631703576,nan,nan,NO_WELD
51.344,0.0,0.0,0.0,0.0,0.0,0.0,0.0,0.0,184,0,0.1705,0.0,6.679691074293397,nan,nan,NO_WELD
51.394,0.0,0.0,0.0,0.0,0.0,0.0,0.0,0.0,184,0,0.1705,0.0,6.679691074293397,nan,nan,NO_WELD
51.444,0.0,0.0,0.0,0.0,0.0,0.0,0.0,0.0,184,0,0.1705,0.0,-8.43749660625683,nan,nan,NO_WELD
51.494,0.0,0.0,0.0,0.0,0.0,0.0,0.0,0.0,184,0,0.1705,0.0,-8.43749660625683,nan,nan,NO_WELD
51.544,0.0,0.0,0.0,0.0,0.0,0.0,0.0,0.0,184,0,0.1705,0.0,-12.65624661693254,nan,nan,NO_WELD
51.594,0.0,0.0,0.0,0.0,0.0,0.0,0.0,0.0,184,0,0.1705,0.0,-12.65624661693254,nan,nan,NO_WELD
51.644,0.0,0.0,0.0,0.0,0.0,0.0,0.0,0.0,184,0,0.1705,0.0,-9.492184535812582,nan,nan,NO_WELD
51.694,0.0,0.0,0.0,0.0,0.0,0.0,0.0,0.0,184,0,0.1705,0.0,-9.492184535812582,nan,nan,NO_WELD
51.744,0.0,0.0,0.0,0.0,0.0,0.0,0.0,0.0,184,0,0.1705,0.0,-9.843747178997832,nan,nan,NO_WELD
51.794,0.0,0.0,0.0,0.0,0.0,0.0,0.0,0.0,184,0,0.1705,0.0,-9.843747178997832,nan,nan,NO_WELD
51.844,0.0,0.0,0.0,0.0,0.0,0.0,0.0,0.0,184,0,0.1705,0.0,-2.8124966631703576,nan,nan,NO_WELD
51.894,0.0,0.0,0.0,0.0,0.0,0.0,0.0,0.0,184,0,0.1705,0.0,-2.8124966631703576,nan,nan,NO_WELD
51.944,0.0,0.0,0.0,0.0,0.0,0.0,0.0,0.0,184,0,0.1705,0.0,-9.492184535812582,nan,nan,NO_WELD
51.994,0.0,0.0,0.0,0.0,0.0,0.0,0.0,0.0,184,0,0.1705,0.0,-9.492184535812582,nan,nan,NO_WELD
52.044,0.0,0.0,0.0,0.0,0.0,0.0,0.0,0.0,184,0,0.1705,0.0,-9.140621892627331,nan,nan,NO_WELD
52.095,0.0,0.0,0.0,0.0,0.0,0.0,0.0,0.0,184,0,0.1705,0.0,-9.140621892627331,nan,nan,NO_WELD
52.144,0.0,0.0,0.0,0.0,0.0,0.0,0.0,0.0,184,0,0.1705,0.0,-8.43749660625683,nan,nan,NO_WELD
52.194,0.0,0.0,0.0,0.0,0.0,0.0,0.0,0.0,184,0,0.1705,0.0,-8.43749660625683,nan,nan,NO_WELD
52.244,0.0,0.0,0.0,0.0,0.0,0.0,0.0,0.0,184,0,0.1705,0.0,-8.789059249442081,nan,nan,NO_WELD
52.294,0.0,0.0,0.0,0.0,0.0,0.0,0.0,0.0,184,0,0.1705,0.0,-8.789059249442081,nan,nan,NO_WELD
52.344,0.0,0.0,0.0,0.0,0.0,0.0,0.0,0.0,184,0,0.1705,0.0,-3.8671843792826963,nan,nan,NO_WELD
52.394,0.0,0.0,0.0,0.0,0.0,0.0,0.0,0.0,184,0,0.1705,0.0,-3.8671843792826963,nan,nan,NO_WELD
52.444,0.0,0.0,0.0,0.0,0.0,0.0,0.0,0.0,184,0,0.1705,0.0,-4.570309238766374,nan,nan,NO_WELD
52.494,0.0,0.0,0.0,0.0,0.0,0.0,0.0,0.0,184,0,0.1705,0.0,-4.570309238766374,nan,nan,NO_WELD
52.544,0.0,0.0,0.0,0.0,0.0,0.0,0.0,0.0,184,0,0.1705,0.0,-9.492184535812582,nan,nan,NO_WELD
52.594,0.0,0.0,0.0,0.0,0.0,0.0,0.0,0.0,184,0,0.1705,0.0,-9.492184535812582,nan,nan,NO_WELD
52.644,0.0,0.0,0.0,0.0,0.0,0.0,0.0,0.0,184,0,0.1705,0.0,-3.164059092912196,nan,nan,NO_WELD
52.694,0.0,0.0,0.0,0.0,0.0,0.0,0.0,0.0,184,0,0.1705,0.0,-3.164059092912196,nan,nan,NO_WELD
52.744,0.0,0.0,0.0,0.0,0.0,0.0,0.0,0.0,184,0,0.1705,0.0,-3.8671843792826963,nan,nan,NO_WELD
52.794,0.0,0.0,0.0,0.0,0.0,0.0,0.0,0.0,184,0,0.1705,0.0,-3.8671843792826963,nan,nan,NO_WELD
52.844,0.0,0.0,0.0,0.0,0.0,0.0,0.0,0.0,184,0,0.1705,0.0,-2.460934233428519,nan,nan,NO_WELD
52.894,0.0,0.0,0.0,0.0,0.0,0.0,0.0,0.0,184,0,0.1705,0.0,-2.460934233428519,nan,nan,NO_WELD
52.944,0.0,0.0,0.0,0.0,0.0,0.0,0.0,0.0,184,0,0.1705,0.0,-8.789059249442081,nan,nan,NO_WELD
52.994,0.0,0.0,0.0,0.0,0.0,0.0,0.0,0.0,184,0,0.1705,0.0,-8.789059249442081,nan,nan,NO_WELD
53.044,0.0,0.0,0.0,0.0,0.0,0.0,0.0,0.0,184,0,0.1705,0.0,-8.789059249442081,nan,nan,NO_WELD
53.095,0.0,0.0,0.0,0.0,0.0,0.0,0.0,0.0,184,0,0.1705,0.0,-8.789059249442081,nan,nan,NO_WELD
53.144,0.0,0.0,0.0,0.0,0.0,0.0,0.0,0.0,184,0,0.1705,0.0,-0.7031216044716506,nan,nan,NO_WELD
53.194,0.0,0.0,0.0,0.0,0.0,0.0,0.0,0.0,184,0,0.1705,0.0,-0.7031216044716506,nan,nan,NO_WELD
53.244,0.0,0.0,0.0,0.0,0.0,0.0,0.0,0.0,184,0,0.1705,0.0,2.812503493359528,nan,nan,NO_WELD
53.294,0.0,0.0,0.0,0.0,0.0,0.0,0.0,0.0,184,0,0.1705,0.0,2.812503493359528,nan,nan,NO_WELD
53.344,0.0,0.0,0.0,0.0,0.0,0.0,0.0,0.0,184,0,0.1705,0.0,-4.218746595581123,nan,nan,NO_WELD
53.394,0.0,0.0,0.0,0.0,0.0,0.0,0.0,0.0,184,0,0.1705,0.0,-4.218746595581123,nan,nan,NO_WELD
53.444,0.0,0.0,0.0,0.0,0.0,0.0,0.0,0.0,184,0,0.1705,0.0,-10.195308968409435,nan,nan,NO_WELD
53.494,0.0,0.0,0.0,0.0,0.0,0.0,0.0,0.0,184,0,0.1705,0.0,-10.195308968409435,nan,nan,NO_WELD
53.544,0.0,0.0,0.0,0.0,0.0,0.0,0.0,0.0,184,0,0.1705,0.0,2.109378420432439,nan,nan,NO_WELD
53.594,0.0,0.0,0.0,0.0,0.0,0.0,0.0,0.0,184,0,0.1705,0.0,2.109378420432439,nan,nan,NO_WELD
53.644,0.0,0.0,0.0,0.0,0.0,0.0,0.0,0.0,184,0,0.1705,0.0,0.7031284346608206,nan,nan,NO_WELD
53.694,0.0,0.0,0.0,0.0,0.0,0.0,0.0,0.0,184,0,0.1705,0.0,0.7031284346608206,nan,nan,NO_WELD
53.744,0.0,0.0,0.0,0.0,0.0,0.0,0.0,0.0,184,0,0.1705,0.0,-5.6249967414353,nan,nan,NO_WELD
53.794,0.0,0.0,0.0,0.0,0.0,0.0,0.0,0.0,184,0,0.1705,0.0,-5.6249967414353,nan,nan,NO_WELD
53.844,0.0,0.0,0.0,0.0,0.0,0.0,0.0,0.0,184,0,0.1705,0.0,-8.789059249442081,nan,nan,NO_WELD
53.894,0.0,0.0,0.0,0.0,0.0,0.0,0.0,0.0,184,0,0.1705,0.0,-8.789059249442081,nan,nan,NO_WELD
53.944,0.0,0.0,0.0,0.0,0.0,0.0,0.0,0.0,184,0,0.1705,0.0,-9.140621892627331,nan,nan,NO_WELD
53.994,0.0,0.0,0.0,0.0,0.0,0.0,0.0,0.0,184,0,0.1705,0.0,-9.140621892627331,nan,nan,NO_WELD
54.044,0.0,0.0,0.0,0.0,0.0,0.0,0.0,0.0,184,0,0.1705,0.0,-3.164059092912196,nan,nan,NO_WELD
54.095,0.0,0.0,0.0,0.0,0.0,0.0,0.0,0.0,184,0,0.1705,0.0,-3.164059092912196,nan,nan,NO_WELD
54.144,0.0,0.0,0.0,0.0,0.0,0.0,0.0,0.0,184,0,0.1705,0.0,4.218753425770293,nan,nan,NO_WELD
54.194,0.0,0.0,0.0,0.0,0.0,0.0,0.0,0.0,184,0,0.1705,0.0,4.218753425770293,nan,nan,NO_WELD
54.244,0.0,0.0,0.0,0.0,0.0,0.0,0.0,0.0,184,0,0.1705,0.0,-4.218746595581123,nan,nan,NO_WELD
54.294,0.0,0.0,0.0,0.0,0.0,0.0,0.0,0.0,184,0,0.1705,0.0,-4.218746595581123,nan,nan,NO_WELD
54.344,0.0,0.0,0.0,0.0,0.0,0.0,0.0,0.0,184,0,0.1705,0.0,-2.8124966631703576,nan,nan,NO_WELD
54.394,0.0,0.0,0.0,0.0,0.0,0.0,0.0,0.0,184,0,0.1705,0.0,-2.8124966631703576,nan,nan,NO_WELD
54.444,0.0,0.0,0.0,0.0,0.0,0.0,0.0,0.0,184,0,0.1705,0.0,1.4062534542270564,nan,nan,NO_WELD
54.494,0.0,0.0,0.0,0.0,0.0,0.0,0.0,0.0,184,0,0.1705,0.0,1.4062534542270564,nan,nan,NO_WELD
54.544,0.0,0.0,0.0,0.0,0.0,0.0,0.0,0.0,184,0,0.1705,0.0,-3.164059092912196,nan,nan,NO_WELD
54.594,0.0,0.0,0.0,0.0,0.0,0.0,0.0,0.0,184,0,0.1705,0.0,-3.164059092912196,nan,nan,NO_WELD
54.644,0.0,0.0,0.0,0.0,0.0,0.0,0.0,0.0,184,0,0.1705,0.0,-1.7578091605014305,nan,nan,NO_WELD
54.694,0.0,0.0,0.0,0.0,0.0,0.0,0.0,0.0,184,0,0.1705,0.0,-1.7578091605014305,nan,nan,NO_WELD
54.744,0.0,0.0,0.0,0.0,0.0,0.0,0.0,0.0,184,0,0.1705,0.0,-2.8124966631703576,nan,nan,NO_WELD
54.794,0.0,0.0,0.0,0.0,0.0,0.0,0.0,0.0,184,0,0.1705,0.0,-2.8124966631703576,nan,nan,NO_WELD
54.844,0.0,0.0,0.0,0.0,0.0,0.0,0.0,0.0,184,0,0.1705,0.0,-9.843747178997832,nan,nan,NO_WELD
54.894,0.0,0.0,0.0,0.0,0.0,0.0,0.0,0.0,184,0,0.1705,0.0,-9.843747178997832,nan,nan,NO_WELD
54.944,0.0,0.0,0.0,0.0,0.0,0.0,0.0,0.0,184,0,0.1705,0.0,-8.43749660625683,nan,nan,NO_WELD
54.994,0.0,0.0,0.0,0.0,0.0,0.0,0.0,0.0,184,0,0.1705,0.0,-8.43749660625683,nan,nan,NO_WELD
55.044,0.0,0.0,0.0,0.0,0.0,0.0,0.0,0.0,184,0,0.1705,0.0,-3.164059092912196,nan,nan,NO_WELD
55.095,0.0,0.0,0.0,0.0,0.0,0.0,0.0,0.0,184,0,0.1705,0.0,-3.164059092912196,nan,nan,NO_WELD
55.144,0.0,0.0,0.0,0.0,0.0,0.0,0.0,0.0,184,0,0.1705,0.0,-0.35155909468853286,nan,nan,NO_WELD
55.194,0.0,0.0,0.0,0.0,0.0,0.0,0.0,0.0,184,0,0.1705,0.0,-0.35155909468853286,nan,nan,NO_WELD
55.244,0.0,0.0,0.0,0.0,0.0,0.0,0.0,0.0,184,0,0.1705,0.0,-2.460934233428519,nan,nan,NO_WELD
55.294,0.0,0.0,0.0,0.0,0.0,0.0,0.0,0.0,184,0,0.1705,0.0,-2.460934233428519,nan,nan,NO_WELD
55.344,0.0,0.0,0.0,0.0,0.0,0.0,0.0,0.0,184,0,0.1705,0.0,2.109378420432439,nan,nan,NO_WELD
55.394,0.0,0.0,0.0,0.0,0.0,0.0,0.0,0.0,184,0,0.1705,0.0,2.109378420432439,nan,nan,NO_WELD
55.444,0.0,0.0,0.0,0.0,0.0,0.0,0.0,0.0,184,0,0.1705,0.0,-2.8124966631703576,nan,nan,NO_WELD
55.494,0.0,0.0,0.0,0.0,0.0,0.0,0.0,0.0,184,0,0.1705,0.0,-2.8124966631703576,nan,nan,NO_WELD
55.544,0.0,0.0,0.0,0.0,0.0,0.0,0.0,0.0,184,0,0.1705,0.0,-3.5156217360974464,nan,nan,NO_WELD
55.594,0.0,0.0,0.0,0.0,0.0,0.0,0.0,0.0,184,0,0.1705,0.0,-3.5156217360974464,nan,nan,NO_WELD
55.644,0.0,0.0,0.0,0.0,0.0,0.0,0.0,0.0,184,0,0.1705,0.0,-3.5156217360974464,nan,nan,NO_WELD
55.694,0.0,0.0,0.0,0.0,0.0,0.0,0.0,0.0,184,0,0.1705,0.0,-3.5156217360974464,nan,nan,NO_WELD
55.744,0.0,0.0,0.0,0.0,0.0,0.0,0.0,0.0,184,0,0.1705,0.0,-3.164059092912196,nan,nan,NO_WELD
55.794,0.0,0.0,0.0,0.0,0.0,0.0,0.0,0.0,184,0,0.1705,0.0,-3.164059092912196,nan,nan,NO_WELD
55.844,0.0,0.0,0.0,0.0,0.0,0.0,0.0,0.0,184,0,0.1705,0.0,-2.1093715902432693,-2.1093715902432693,0.0,WELD_FOUND
55.894,0.0,0.0,0.0,0.0,0.0,0.0,0.0,0.0,184,0,0.1705,0.0,-2.1093715902432693,-2.1093715902432693,0.0,WELD_FOUND
55.944,0.0,0.0,0.0,0.0,0.0,0.0,0.0,0.0,184,0,0.1705,0.0,-2.1093715902432693,nan,nan,NO_WELD
55.994,0.0,0.0,0.0,0.0,0.0,0.0,0.0,0.0,184,0,0.1705,0.0,-2.1093715902432693,nan,nan,NO_WELD
56.044,0.0,0.0,0.0,0.0,0.0,0.0,0.0,0.0,184,0,0.1705,0.0,-2.1093715902432693,nan,nan,NO_WELD
56.095,0.0,0.0,0.0,0.0,0.0,0.0,0.0,0.0,184,0,0.1705,0.0,-2.1093715902432693,nan,nan,NO_WELD
56.144,0.0,0.0,0.0,0.0,0.0,0.0,0.0,0.0,184,0,0.1705,0.0,-2.1093715902432693,nan,nan,NO_WELD
56.194,0.0,0.0,0.0,0.0,0.0,0.0,0.0,0.0,184,0,0.1705,0.0,-2.1093715902432693,nan,nan,NO_WELD
56.244,0.0,0.0,0.0,0.0,0.0,0.0,0.0,0.0,184,0,0.1705,0.0,-2.1093715902432693,nan,nan,NO_WELD
56.294,0.0,0.0,0.0,0.0,0.0,0.0,0.0,0.0,184,0,0.1705,0.0,-2.1093715902432693,nan,nan,NO_WELD
56.344,0.0,0.0,0.0,0.0,0.0,0.0,0.0,0.0,184,0,0.1705,0.0,-2.1093715902432693,nan,nan,NO_WELD
56.394,0.0,0.0,0.0,0.0,0.0,0.0,0.0,0.0,184,0,0.1705,0.0,-2.1093715902432693,nan,nan,NO_WELD
56.444,0.0,0.0,0.0,0.0,0.0,0.0,0.0,0.0,184,0,0.1705,0.0,-2.1093715902432693,nan,nan,NO_WELD
56.494,0.0,0.0,0.0,0.0,0.0,0.0,0.0,0.0,184,0,0.1705,0.0,-2.1093715902432693,nan,nan,NO_WELD
56.544,0.0,0.0,0.0,0.0,0.0,0.0,0.0,0.0,184,0,0.1705,0.0,-2.1093715902432693,nan,nan,NO_WELD
56.594,0.0,0.0,0.0,0.0,0.0,0.0,0.0,0.0,184,0,0.1705,0.0,-2.1093715902432693,nan,nan,NO_WELD
56.644,0.0,0.0,0.0,0.0,0.0,0.0,0.0,0.0,184,0,0.1705,0.0,-2.1093715902432693,nan,nan,NO_WELD
56.694,0.0,0.0,0.0,0.0,0.0,0.0,0.0,0.0,184,0,0.1705,0.0,-2.1093715902432693,nan,nan,NO_WELD
56.744,0.0,0.0,0.0,0.0,0.0,0.0,0.0,0.0,184,0,0.1705,0.0,-2.1093715902432693,nan,nan,NO_WELD
56.794,0.0,0.0,0.0,0.0,0.0,0.0,0.0,0.0,184,0,0.1705,0.0,-2.1093715902432693,nan,nan,NO_WELD
56.844,0.0,0.0,0.0,0.0,0.0,0.0,0.0,0.0,184,0,0.1705,0.0,-2.1093715902432693,nan,nan,NO_WELD
56.894,0.0,0.0,0.0,0.0,0.0,0.0,0.0,0.0,184,0,0.1705,0.0,-2.1093715902432693,nan,nan,NO_WELD
56.944,0.0,0.0,0.0,0.0,0.0,0.0,0.0,0.0,184,0,0.1705,0.0,0.7031284346608206,nan,nan,NO_WELD
56.994,0.0,0.0,0.0,0.0,0.0,0.0,0.0,0.0,184,0,0.1705,0.0,0.7031284346608206,nan,nan,NO_WELD
57.044,0.0,0.0,0.0,0.0,0.0,0.0,0.0,0.0,184,0,0.1705,0.0,0.7031284346608206,nan,nan,NO_WELD
57.096,0.0,0.0,0.0,0.0,0.0,0.0,0.0,0.0,184,0,0.1705,0.0,0.7031284346608206,nan,nan,NO_WELD
57.144,0.0,0.0,0.0,0.0,0.0,0.0,0.0,0.0,184,0,0.1705,0.0,3.5156285662866162,nan,nan,NO_WELD
57.194,0.0,0.0,0.0,0.0,0.0,0.0,0.0,0.0,184,0,0.1705,0.0,3.5156285662866162,nan,nan,NO_WELD
57.244,0.0,0.0,0.0,0.0,0.0,0.0,0.0,0.0,184,0,0.1705,0.0,0.35156592487770283,nan,nan,NO_WELD
57.294,0.0,0.0,0.0,0.0,0.0,0.0,0.0,0.0,184,0,0.1705,0.0,0.35156592487770283,nan,nan,NO_WELD
57.344,0.0,0.0,0.0,0.0,0.0,0.0,0.0,0.0,184,0,0.1705,0.0,2.812503493359528,2.812503493359528,0.0,WELD_FOUND
57.394,0.0,0.0,0.0,0.0,0.0,0.0,0.0,0.0,184,0,0.1705,0.0,2.812503493359528,2.812503493359528,0.0,WELD_FOUND
57.444,0.0,0.0,0.0,0.0,0.0,0.0,0.0,0.0,184,0,0.1705,0.0,2.812503493359528,nan,nan,NO_WELD
57.494,0.0,0.0,0.0,0.0,0.0,0.0,0.0,0.0,184,0,0.1705,0.0,2.812503493359528,nan,nan,NO_WELD
57.544,0.0,0.0,0.0,0.0,0.0,0.0,0.0,0.0,184,0,0.1705,0.0,2.812503493359528,nan,nan,NO_WELD
57.594,0.0,0.0,0.0,0.0,0.0,0.0,0.0,0.0,184,0,0.1705,0.0,2.812503493359528,nan,nan,NO_WELD
57.644,0.0,0.0,0.0,0.0,0.0,0.0,0.0,0.0,184,0,0.1705,0.0,2.812503493359528,nan,nan,NO_WELD
57.694,0.0,0.0,0.0,0.0,0.0,0.0,0.0,0.0,184,0,0.1705,0.0,2.812503493359528,nan,nan,NO_WELD
57.744,0.0,0.0,0.0,0.0,0.0,0.0,0.0,0.0,184,0,0.1705,0.0,2.812503493359528,nan,nan,NO_WELD
57.794,0.0,0.0,0.0,0.0,0.0,0.0,0.0,0.0,184,0,0.1705,0.0,2.812503493359528,nan,nan,NO_WELD
57.844,0.0,0.0,0.0,0.0,0.0,0.0,0.0,0.0,184,0,0.1705,0.0,2.812503493359528,nan,nan,NO_WELD
57.894,0.0,0.0,0.0,0.0,0.0,0.0,0.0,0.0,184,0,0.1705,0.0,2.812503493359528,nan,nan,NO_WELD
57.944,0.0,0.0,0.0,0.0,0.0,0.0,0.0,0.0,184,0,0.1705,0.0,2.812503493359528,nan,nan,NO_WELD
57.994,0.0,0.0,0.0,0.0,0.0,0.0,0.0,0.0,184,0,0.1705,0.0,2.812503493359528,nan,nan,NO_WELD
58.044,0.0,0.0,0.0,0.0,0.0,0.0,0.0,0.0,184,0,0.1705,0.0,2.812503493359528,nan,nan,NO_WELD
58.095,0.0,0.0,0.0,0.0,0.0,0.0,0.0,0.0,184,0,0.1705,0.0,2.812503493359528,nan,nan,NO_WELD
58.144,0.0,0.0,0.0,0.0,0.0,0.0,0.0,0.0,184,0,0.1705,0.0,2.812503493359528,2.812503493359528,0.0,WELD_FOUND
58.194,0.0,0.0,0.0,0.0,0.0,0.0,0.0,0.0,184,0,0.1705,0.0,2.812503493359528,2.812503493359528,0.0,WELD_FOUND
58.244,0.0,0.0,0.0,0.0,0.0,0.0,0.0,0.0,184,0,0.1705,0.0,2.812503493359528,nan,nan,NO_WELD
58.294,0.0,0.0,0.0,0.0,0.0,0.0,0.0,0.0,184,0,0.1705,0.0,2.812503493359528,nan,nan,NO_WELD
58.344,0.014716475511625355,-0.05,0.007216475511625355,0.022216475511625353,0.0,0.0,0.0072,0.0222,184,0,0.1705,0.0,3.5156285662866162,3.5156285662866162,0.0,WELD_FOUND
58.394,0.014716475511625355,-0.05,0.007216475511625355,0.022216475511625353,0.0,0.0,0.0072,0.0222,184,0,0.1705,0.0,3.5156285662866162,3.5156285662866162,0.0,WELD_FOUND
58.444,0.0,0.0,0.0,0.0,0.0,0.0,0.0,0.0,184,0,0.1705,0.0,3.5156285662866162,nan,nan,NO_WELD
58.494,0.0,0.0,0.0,0.0,0.0,0.0,0.0,0.0,184,0,0.1705,0.0,3.5156285662866162,nan,nan,NO_WELD
58.544,0.0,0.0,0.0,0.0,0.0025,0.0,-0.0025,0.0,185,0,0.1715,0.0,3.5156285662866162,nan,nan,NO_WELD
58.594,0.0,0.0,0.0,0.0,0.0025,0.0,-0.0025,0.0,185,0,0.1715,0.0,3.5156285662866162,nan,nan,NO_WELD
58.644,0.0,0.0,0.0,0.0,0.002,0.0,-0.002,0.0,185,0,0.1715,0.0,3.5156285662866162,nan,nan,NO_WELD
58.694,0.0,0.0,0.0,0.0,0.002,0.0,-0.002,0.0,185,0,0.1715,0.0,3.5156285662866162,nan,nan,NO_WELD
58.744,0.0,0.0,0.0,0.0,0.002,0.0,-0.002,0.0,185,0,0.1715,0.0,3.5156285662866162,nan,nan,NO_WELD
58.794,0.0,0.0,0.0,0.0,0.0016,0.0,-0.0016,0.0,185,0,0.1715,0.0,3.5156285662866162,nan,nan,NO_WELD
58.844,0.0,0.0,0.0,0.0,0.0016,0.0,-0.0016,0.0,185,0,0.1715,0.0,4.218753425770293,4.218753425770293,0.0,WELD_FOUND
58.894,0.0,0.0,0.0,0.0,0.0016,0.0,-0.0016,0.0,185,0,0.1715,0.0,4.218753425770293,4.218753425770293,0.0,WELD_FOUND
58.944,0.0,0.0,0.0,0.0,0.0013,0.0,-0.0013,0.0,185,0,0.1715,0.0,4.218753425770293,nan,nan,NO_WELD
58.994,0.0,0.0,0.0,0.0,0.0013,0.0,-0.0013,0.0,185,0,0.1715,0.0,4.218753425770293,nan,nan,NO_WELD
59.044,0.0,0.0,0.0,0.0,0.0013,0.0,-0.0013,0.0,185,0,0.1715,0.0,4.218753425770293,nan,nan,NO_WELD
59.096,0.0,0.0,0.0,0.0,0.001,0.0,-0.001,0.0,185,0,0.1715,0.0,4.218753425770293,nan,nan,NO_WELD
59.144,0.013163970281412703,-0.05,0.005663970281412703,0.020663970281412702,0.001,0.0,0.0047,0.0207,185,0,0.1715,0.0,3.8671912094718666,3.8671912094718666,0.0,WELD_FOUND
59.194,0.013163970281412703,-0.05,0.005663970281412703,0.020663970281412702,0.0,0.0,0.0057,0.0207,185,0,0.1715,0.0,3.8671912094718666,3.8671912094718666,0.0,WELD_FOUND
59.244,0.012567194495047224,-0.1,-0.0024328055049527755,0.02756719449504722,0.0,0.0,-0.0024,0.0276,185,0,0.1715,0.0,4.218753425770293,4.042972104177668,0.17578132159262516,WELD_FOUND
59.294,0.012567194495047224,-0.1,-0.0024328055049527755,0.02756719449504722,0.0,0.0,-0.0024,0.0276,185,0,0.1715,0.0,4.218753425770293,4.042972104177668,0.17578132159262516,WELD_FOUND
59.344,0.0,0.0,0.0,0.0,0.0,0.0,0.0,0.0,185,0,0.1715,0.0,4.218753425770293,nan,nan,NO_WELD
59.395,0.0,0.0,0.0,0.0,0.0,0.0,0.0,0.0,185,0,0.1715,0.0,4.218753425770293,nan,nan,NO_WELD
59.444,0.0,0.0,0.0,0.0,0.0,0.0,0.0,0.0,187,0,0.1733,0.0,4.218753425770293,nan,nan,NO_WELD
59.494,0.0,0.0,0.0,0.0,0.0,0.0,0.0,0.0,187,0,0.1733,0.0,4.218753425770293,nan,nan,NO_WELD
59.544,0.014273053398116364,-0.05,0.006773053398116364,0.021773053398116363,0.0025,0.0,0.0043,0.0218,186,0,0.1724,0.0,3.5156285662866162,3.5156285662866162,0.0,WELD_FOUND
59.594,0.014273053398116364,-0.05,0.006773053398116364,0.021773053398116363,0.0025,0.0,0.0043,0.0218,186,0,0.1724,0.0,3.5156285662866162,3.5156285662866162,0.0,WELD_FOUND
59.644,0.0,0.0,0.0,0.0,0.0052,0.0,-0.0052,0.0,187,0,0.1733,0.0,3.5156285662866162,nan,nan,NO_WELD
59.694,0.0,0.0,0.0,0.0,0.0052,0.0,-0.0052,0.0,187,0,0.1733,0.0,3.5156285662866162,nan,nan,NO_WELD
59.744,0.0,0.0,0.0,0.0,0.0052,0.0,-0.0052,0.0,189,0,0.1752,0.0,3.5156285662866162,nan,nan,NO_WELD
59.794,0.0,0.0,0.0,0.0,0.0081,0.0,-0.0081,0.0,189,0,0.1752,0.0,3.5156285662866162,nan,nan,NO_WELD
59.844,0.0,0.0,0.0,0.0,0.0081,0.0,-0.0081,0.0,189,0,0.1752,0.0,3.5156285662866162,nan,nan,NO_WELD
59.895,0.0,0.0,0.0,0.0,0.0064,0.0,-0.0064,0.0,189,0,0.1752,0.0,3.5156285662866162,nan,nan,NO_WELD
59.944,0.01635549814629639,-0.05,0.008855498146296392,0.02385549814629639,0.0064,0.0,0.0024,0.0239,189,0,0.1752,0.0,3.1640659231013664,3.1640659231013664,0.0,WELD_FOUND
59.995,0.01635549814629639,-0.05,0.008855498146296392,0.02385549814629639,0.0052,0.0,0.0037,0.0239,189,0,0.1752,0.0,2.812503493359528,3.1640659231013664,-0.3515624297418385,WELD_FOUND
60.044,0.017035331239516838,-0.1,0.0020353312395168383,0.03203533123951684,0.0052,0.0,-0.0031,0.032,190,0,0.1761,0.0,2.812503493359528,2.9882848149521526,-0.17578132159262472,WELD_FOUND
60.096,0.017035331239516838,-0.1,0.0020353312395168383,0.03203533123951684,0.0052,0.0,-0.0031,0.032,190,0,0.1761,0.0,3.5156285662866162,2.9882848149521526,0.5273437513344637,WELD_FOUND
60.144,0.016490357344852796,-0.13976050809180296,-0.004473718868917648,0.03745443355862324,0.018,0.0,-0.0224,0.0375,195,0,0.1807,0.0,3.5156285662866162,3.1640659231013664,0.3515626431852499,WELD_FOUND
60.195,0.016490357344852796,-0.13976050809180296,-0.004473718868917648,0.03745443355862324,0.018,0.0,-0.0224,0.0375,195,0,0.1807,0.0,4.218753425770293,3.1640659231013664,1.0546875026689269,WELD_FOUND
60.244,0.015715880836084564,-0.1482274691409155,-0.006518239535052761,0.03795000120722189,0.018,0.0,-0.0245,0.038,199,0,0.1844,0.0,4.218753425770293,3.339847244693991,0.8789061810763021,WELD_FOUND
60.295,0.015715880836084564,-0.1482274691409155,-0.006518239535052761,0.03795000120722189,0.0206,0.0,-0.0272,0.038,199,0,0.1844,0.0,4.921878712140794,3.339847244693991,1.5820314674468028,WELD_FOUND
60.344,0.01491373021282477,-0.15607141900659324,-0.008496982638164214,0.03832444306381375,0.0206,0.0,-0.0291,0.0383,200,0,0.1854,0.0,4.921878712140794,3.5156285662866162,1.4062501458541776,WELD_FOUND
60.395,0.01491373021282477,-0.15607141900659324,-0.008496982638164214,0.03832444306381375,0.0161,0.0,-0.0246,0.0383,200,0,0.1854,0.0,4.921878712140794,3.5156285662866162,1.4062501458541776,WELD_FOUND
60.444,0.0,0.0,0.0,0.0,0.0161,0.0,-0.0161,0.0,201,0,0.1863,0.0,4.921878712140794,nan,nan,NO_WELD
60.494,0.0,0.0,0.0,0.0,0.0161,0.0,-0.0161,0.0,201,0,0.1863,0.0,4.921878712140794,nan,nan,NO_WELD
60.544,0.0,0.0,0.0,0.0,0.0121,0.0,-0.0121,0.0,201,0,0.1863,0.0,4.921878712140794,nan,nan,NO_WELD
60.595,0.0,0.0,0.0,0.0,0.0121,0.0,-0.0121,0.0,201,0,0.1863,0.0,4.921878712140794,nan,nan,NO_WELD
60.644,0.0,0.0,0.0,0.0,0.0097,0.0,-0.0097,0.0,201,0,0.1863,0.0,4.921878712140794,nan,nan,NO_WELD
60.694,0.0,0.0,0.0,0.0,0.0097,0.0,-0.0097,0.0,201,0,0.1863,0.0,5.625003571624471,nan,nan,NO_WELD
60.744,0.0,0.0,0.0,0.0,0.0078,0.0,-0.0078,0.0,201,0,0.1863,0.0,5.625003571624471,5.625003571624471,0.0,WELD_FOUND
60.794,0.0,0.0,0.0,0.0,0.0078,0.0,-0.0078,0.0,201,0,0.1863,0.0,5.625003571624471,nan,nan,NO_WELD
60.844,0.0,0.0,0.0,0.0,0.0062,0.0,-0.0062,0.0,201,0,0.1863,0.0,5.625003571624471,nan,nan,NO_WELD
60.894,0.0,0.0,0.0,0.0,0.0062,0.0,-0.0062,0.0,201,0,0.1863,0.0,5.625003571624471,nan,nan,NO_WELD
60.944,0.0,0.0,0.0,0.0,0.005,0.0,-0.005,0.0,201,0,0.1863,0.0,5.625003571624471,nan,nan,NO_WELD
60.994,0.0,0.0,0.0,0.0,0.005,0.0,-0.005,0.0,201,0,0.1863,0.0,5.625003571624471,nan,nan,NO_WELD
61.044,0.0,0.0,0.0,0.0,0.005,0.0,-0.005,0.0,201,0,0.1863,0.0,5.625003571624471,nan,nan,NO_WELD
61.096,0.0,0.0,0.0,0.0,0.004,0.0,-0.004,0.0,201,0,0.1863,0.0,5.625003571624471,5.625003571624471,0.0,WELD_FOUND
61.144,0.006699207811904525,-0.05,-0.0008007921880954748,0.014199207811904525,0.004,0.0,-0.0048,0.0142,201,0,0.1863,0.0,5.625003571624471,5.625003571624471,0.0,WELD_FOUND
61.194,0.006699207811904525,-0.05,-0.0008007921880954748,0.014199207811904525,0.004,0.0,-0.0048,0.0142,201,0,0.1863,0.0,5.625003571624471,nan,nan,NO_WELD
61.244,0.0,0.0,0.0,0.0,0.0032,0.0,-0.0032,0.0,201,0,0.1863,0.0,5.625003571624471,nan,nan,NO_WELD
61.294,0.0,0.0,0.0,0.0,0.0032,0.0,-0.0032,0.0,201,0,0.1863,0.0,5.625003571624471,nan,nan,NO_WELD
61.344,0.0,0.0,0.0,0.0,0.0025,0.0,-0.0025,0.0,201,0,0.1863,0.0,5.625003571624471,nan,nan,NO_WELD
61.394,0.0,0.0,0.0,0.0,0.0025,0.0,-0.0025,0.0,201,0,0.1863,0.0,5.625003571624471,nan,nan,NO_WELD
61.444,0.0,0.0,0.0,0.0,0.0025,0.0,-0.0025,0.0,201,0,0.1863,0.0,5.625003571624471,nan,nan,NO_WELD
61.494,0.0,0.0,0.0,0.0,0.002,0.0,-0.002,0.0,201,0,0.1863,0.0,5.625003571624471,nan,nan,NO_WELD
61.544,0.0,0.0,0.0,0.0,0.002,0.0,-0.002,0.0,201,0,0.1863,0.0,5.625003571624471,nan,nan,NO_WELD
61.594,0.0,0.0,0.0,0.0,0.0016,0.0,-0.0016,0.0,201,0,0.1863,0.0,5.625003571624471,nan,nan,NO_WELD
61.644,0.0,0.0,0.0,0.0,0.0016,0.0,-0.0016,0.0,201,0,0.1863,0.0,5.625003571624471,nan,nan,NO_WELD
61.694,0.0,0.0,0.0,0.0,0.0013,0.0,-0.0013,0.0,201,0,0.1863,0.0,6.328128431108148,nan,nan,WELD_FOUND
61.744,0.005,-0.05,-0.0024999999999999996,0.0125,0.0013,0.0,-0.0038,0.0125,201,0,0.1863,0.0,6.328128431108148,6.328128431108148,0.0,WELD_FOUND
61.794,0.005,-0.1,-0.009999999999999998,0.02,0.0013,0.0,-0.0113,0.02,201,0,0.1863,0.0,6.679691074293397,6.503909752700772,0.17578132159262516,WELD_FOUND
61.844,0.005,-0.1,-0.009999999999999998,0.02,0.001,0.0,-0.011,0.02,201,0,0.1863,0.0,6.679691074293397,6.503909752700772,0.17578132159262516,WELD_FOUND
61.894,0.0,0.0,0.0,0.0,0.001,0.0,-0.001,0.0,201,0,0.1863,0.0,6.679691074293397,nan,nan,NO_WELD
61.944,0.0,0.0,0.0,0.0,0.001,0.0,-0.001,0.0,201,0,0.1863,0.0,6.679691074293397,nan,nan,NO_WELD
61.994,0.0,0.0,0.0,0.0,0.0,0.0,0.0,0.0,201,0,0.1863,0.0,6.679691074293397,nan,nan,NO_WELD
62.044,0.0,0.0,0.0,0.0,0.0,0.0,0.0,0.0,202,0,0.1872,0.0,6.679691074293397,nan,nan,NO_WELD
62.096,0.0,0.0,0.0,0.0,0.0037,0.0,-0.0037,0.0,202,0,0.1872,0.0,6.679691074293397,nan,nan,NO_WELD
62.144,0.0,0.0,0.0,0.0,0.0037,0.0,-0.0037,0.0,202,0,0.1872,0.0,6.679691074293397,nan,nan,NO_WELD
62.194,0.0,0.0,0.0,0.0,0.0037,0.0,-0.0037,0.0,202,0,0.1872,0.0,6.679691074293397,nan,nan,NO_WELD
62.244,0.0,0.0,0.0,0.0,0.003,0.0,-0.003,0.0,202,0,0.1872,0.0,6.679691074293397,nan,nan,NO_WELD
62.294,0.0,0.0,0.0,0.0,0.003,0.0,-0.003,0.0,202,0,0.1872,0.0,6.679691074293397,nan,nan,NO_WELD
62.344,0.0,0.0,0.0,0.0,0.0024,0.0,-0.0024,0.0,202,0,0.1872,0.0,6.679691074293397,nan,nan,NO_WELD
62.394,0.0,0.0,0.0,0.0,0.0024,0.0,-0.0024,0.0,202,0,0.1872,0.0,6.679691074293397,nan,nan,NO_WELD
62.444,0.0,0.0,0.0,0.0,0.0024,0.0,-0.0024,0.0,202,0,0.1872,0.0,6.679691074293397,nan,nan,NO_WELD
62.495,0.0,0.0,0.0,0.0,0.0019,0.0,-0.0019,0.0,202,0,0.1872,0.0,6.679691074293397,nan,nan,NO_WELD
62.544,0.0,0.0,0.0,0.0,0.0019,0.0,-0.0019,0.0,202,0,0.1872,0.0,6.679691074293397,nan,nan,NO_WELD
62.594,0.0,0.0,0.0,0.0,0.0015,0.0,-0.0015,0.0,202,0,0.1872,0.0,6.328128431108148,6.328128431108148,0.0,WELD_FOUND
62.644,0.0,0.0,0.0,0.0,0.0015,0.0,-0.0015,0.0,202,0,0.1872,0.0,6.328128431108148,6.328128431108148,0.0,WELD_FOUND
62.694,0.0,0.0,0.0,0.0,0.0015,0.0,-0.0015,0.0,202,0,0.1872,0.0,6.328128431108148,nan,nan,NO_WELD
62.744,0.0,0.0,0.0,0.0,0.0012,0.0,-0.0012,0.0,202,0,0.1872,0.0,6.328128431108148,nan,nan,NO_WELD
62.794,0.0,0.0,0.0,0.0,0.0012,0.0,-0.0012,0.0,202,0,0.1872,0.0,6.328128431108148,nan,nan,NO_WELD
62.844,0.0,0.0,0.0,0.0,0.0,0.0,0.0,0.0,202,0,0.1872,0.0,6.328128431108148,nan,nan,NO_WELD
62.894,0.0,0.0,0.0,0.0,0.0,0.0,0.0,0.0,202,0,0.1872,0.0,6.328128431108148,nan,nan,NO_WELD
62.944,0.0,0.0,0.0,0.0,0.0,0.0,0.0,0.0,202,0,0.1872,0.0,6.328128431108148,nan,nan,NO_WELD
62.994,0.0,0.0,0.0,0.0,0.0,0.0,0.0,0.0,202,0,0.1872,0.0,6.328128431108148,nan,nan,NO_WELD
63.044,0.0,0.0,0.0,0.0,0.0,0.0,0.0,0.0,202,0,0.1872,0.0,6.328128431108148,nan,nan,NO_WELD
63.096,0.0,0.0,0.0,0.0,0.0,0.0,0.0,0.0,202,0,0.1872,0.0,6.328128431108148,nan,nan,NO_WELD
63.144,0.0,0.0,0.0,0.0,0.0,0.0,0.0,0.0,202,0,0.1872,0.0,6.328128431108148,nan,nan,NO_WELD
63.194,0.0,0.0,0.0,0.0,0.0,0.0,0.0,0.0,202,0,0.1872,0.0,6.328128431108148,nan,nan,NO_WELD
63.244,0.0,0.0,0.0,0.0,0.0,0.0,0.0,0.0,202,0,0.1872,0.0,6.328128431108148,nan,nan,NO_WELD
63.294,0.0,0.0,0.0,0.0,0.0,0.0,0.0,0.0,202,0,0.1872,0.0,6.328128431108148,nan,nan,NO_WELD
63.344,0.0,0.0,0.0,0.0,0.0,0.0,0.0,0.0,202,0,0.1872,0.0,6.328128431108148,nan,nan,NO_WELD
63.394,0.0,0.0,0.0,0.0,0.0,0.0,0.0,0.0,202,0,0.1872,0.0,6.328128431108148,nan,nan,NO_WELD
63.444,0.0,0.0,0.0,0.0,0.0,0.0,0.0,0.0,202,0,0.1872,0.0,6.328128431108148,nan,nan,NO_WELD
63.494,0.0,0.0,0.0,0.0,0.0,0.0,0.0,0.0,202,0,0.1872,0.0,6.328128431108148,nan,nan,NO_WELD
63.544,0.0,0.0,0.0,0.0,0.0,0.0,0.0,0.0,202,0,0.1872,0.0,6.328128431108148,nan,nan,NO_WELD
63.594,0.0,0.0,0.0,0.0,0.0,0.0,0.0,0.0,202,0,0.1872,0.0,6.328128431108148,nan,nan,NO_WELD
63.644,0.0,0.0,0.0,0.0,0.0,0.0,0.0,0.0,202,0,0.1872,0.0,6.328128431108148,nan,nan,NO_WELD
63.694,0.0,0.0,0.0,0.0,0.0,0.0,0.0,0.0,202,0,0.1872,0.0,-0.35155909468853286,nan,nan,NO_WELD
63.744,0.0,0.0,0.0,0.0,0.0,0.0,0.0,0.0,202,0,0.1872,0.0,-0.35155909468853286,nan,nan,NO_WELD
63.794,0.0,0.0,0.0,0.0,0.0,0.0,0.0,0.0,202,0,0.1872,0.0,-2.1093715902432693,nan,nan,NO_WELD
63.844,0.0,0.0,0.0,0.0,0.0,0.0,0.0,0.0,202,0,0.1872,0.0,-2.1093715902432693,nan,nan,NO_WELD
63.894,0.0,0.0,0.0,0.0,0.0,0.0,0.0,0.0,202,0,0.1872,0.0,0.7031284346608206,nan,nan,NO_WELD
63.944,0.0,0.0,0.0,0.0,0.0,0.0,0.0,0.0,202,0,0.1872,0.0,0.7031284346608206,nan,nan,NO_WELD
63.994,0.0,0.0,0.0,0.0,0.0,0.0,0.0,0.0,202,0,0.1872,0.0,-2.460934233428519,nan,nan,NO_WELD
64.044,0.0,0.0,0.0,0.0,0.0,0.0,0.0,0.0,202,0,0.1872,0.0,-2.460934233428519,nan,nan,NO_WELD
64.095,0.0,0.0,0.0,0.0,0.0,0.0,0.0,0.0,202,0,0.1872,0.0,6.328128431108148,nan,nan,NO_WELD
64.144,0.0,0.0,0.0,0.0,0.0,0.0,0.0,0.0,202,0,0.1872,0.0,6.328128431108148,nan,nan,NO_WELD
64.194,0.0,0.0,0.0,0.0,0.0,0.0,0.0,0.0,202,0,0.1872,0.0,-2.1093715902432693,nan,nan,NO_WELD
64.244,0.0,0.0,0.0,0.0,0.0,0.0,0.0,0.0,202,0,0.1872,0.0,-2.1093715902432693,nan,nan,NO_WELD
64.294,0.0,0.0,0.0,0.0,0.0,0.0,0.0,0.0,202,0,0.1872,0.0,0.35156592487770283,nan,nan,NO_WELD
64.344,0.0,0.0,0.0,0.0,0.0,0.0,0.0,0.0,202,0,0.1872,0.0,0.35156592487770283,nan,nan,NO_WELD
64.394,0.0,0.0,0.0,0.0,0.0,0.0,0.0,0.0,202,0,0.1872,0.0,0.35156592487770283,nan,nan,NO_WELD
64.444,0.0,0.0,0.0,0.0,0.0,0.0,0.0,0.0,202,0,0.1872,0.0,0.35156592487770283,nan,nan,NO_WELD
64.494,0.0,0.0,0.0,0.0,0.0,0.0,0.0,0.0,202,0,0.1872,0.0,2.4609410636176894,nan,nan,NO_WELD
64.544,0.0,0.0,0.0,0.0,0.0,0.0,0.0,0.0,202,0,0.1872,0.0,2.4609410636176894,nan,nan,NO_WELD
64.594,0.0,0.0,0.0,0.0,0.0,0.0,0.0,0.0,202,0,0.1872,0.0,3.4150945850063755e-06,nan,nan,NO_WELD
64.644,0.0,0.0,0.0,0.0,0.0,0.0,0.0,0.0,202,0,0.1872,0.0,3.4150945850063755e-06,nan,nan,NO_WELD
64.694,0.0,0.0,0.0,0.0,0.0,0.0,0.0,0.0,202,0,0.1872,0.0,0.7031284346608206,nan,nan,NO_WELD
64.744,0.0,0.0,0.0,0.0,0.0,0.0,0.0,0.0,202,0,0.1872,0.0,0.7031284346608206,nan,nan,NO_WELD
64.794,0.0,0.0,0.0,0.0,0.0,0.0,0.0,0.0,202,0,0.1872,0.0,5.97656621480972,nan,nan,NO_WELD
64.844,0.0,0.0,0.0,0.0,0.0,0.0,0.0,0.0,202,0,0.1872,0.0,5.97656621480972,nan,nan,NO_WELD
64.894,0.0,0.0,0.0,0.0,0.0,0.0,0.0,0.0,202,0,0.1872,0.0,-7.031246887289478,nan,nan,NO_WELD
64.944,0.0,0.0,0.0,0.0,0.0,0.0,0.0,0.0,202,0,0.1872,0.0,-7.031246887289478,nan,nan,NO_WELD
64.994,0.0,0.0,0.0,0.0,0.0,0.0,0.0,0.0,202,0,0.1872,0.0,-3.5156217360974464,nan,nan,NO_WELD
65.044,0.0,0.0,0.0,0.0,0.0,0.0,0.0,0.0,202,0,0.1872,0.0,-3.5156217360974464,nan,nan,NO_WELD
65.095,0.0,0.0,0.0,0.0,0.0,0.0,0.0,0.0,202,0,0.1872,0.0,-2.1093715902432693,nan,nan,NO_WELD
65.144,0.0,0.0,0.0,0.0,0.0,0.0,0.0,0.0,202,0,0.1872,0.0,-2.1093715902432693,nan,nan,NO_WELD
65.194,0.0,0.0,0.0,0.0,0.0,0.0,0.0,0.0,202,0,0.1872,0.0,2.812503493359528,nan,nan,NO_WELD
65.244,0.0,0.0,0.0,0.0,0.0,0.0,0.0,0.0,202,0,0.1872,0.0,2.812503493359528,nan,nan,NO_WELD
65.294,0.0,0.0,0.0,0.0,0.0,0.0,0.0,0.0,202,0,0.1872,0.0,-2.1093715902432693,nan,nan,NO_WELD
65.344,0.0,0.0,0.0,0.0,0.0,0.0,0.0,0.0,202,0,0.1872,0.0,-2.1093715902432693,nan,nan,NO_WELD
65.394,0.0,0.0,0.0,0.0,0.0,0.0,0.0,0.0,202,0,0.1872,0.0,5.625003571624471,nan,nan,NO_WELD
65.444,0.0,0.0,0.0,0.0,0.0,0.0,0.0,0.0,202,0,0.1872,0.0,5.625003571624471,nan,nan,NO_WELD
65.494,0.0,0.0,0.0,0.0,0.0,0.0,0.0,0.0,202,0,0.1872,0.0,0.35156592487770283,nan,nan,NO_WELD
65.544,0.0,0.0,0.0,0.0,0.0,0.0,0.0,0.0,202,0,0.1872,0.0,0.35156592487770283,nan,nan,NO_WELD
65.594,0.0,0.0,0.0,0.0,0.0,0.0,0.0,0.0,202,0,0.1872,0.0,-0.35155909468853286,nan,nan,NO_WELD
65.644,0.0,0.0,0.0,0.0,0.0,0.0,0.0,0.0,202,0,0.1872,0.0,-0.35155909468853286,nan,nan,NO_WELD
65.694,0.0,0.0,0.0,0.0,0.0,0.0,0.0,0.0,202,0,0.1872,0.0,2.109378420432439,nan,nan,NO_WELD
65.744,0.0,0.0,0.0,0.0,0.0,0.0,0.0,0.0,202,0,0.1872,0.0,2.109378420432439,nan,nan,NO_WELD
65.794,0.0,0.0,0.0,0.0,0.0,0.0,0.0,0.0,202,0,0.1872,0.0,1.054690917763512,nan,nan,NO_WELD
65.844,0.0,0.0,0.0,0.0,0.0,0.0,0.0,0.0,202,0,0.1872,0.0,1.054690917763512,nan,nan,NO_WELD
65.894,0.0,0.0,0.0,0.0,0.0,0.0,0.0,0.0,202,0,0.1872,0.0,-5.9765593846205505,nan,nan,NO_WELD
65.944,0.0,0.0,0.0,0.0,0.0,0.0,0.0,0.0,202,0,0.1872,0.0,-5.9765593846205505,nan,nan,NO_WELD
65.994,0.0,0.0,0.0,0.0,0.0,0.0,0.0,0.0,202,0,0.1872,0.0,3.1640659231013664,nan,nan,NO_WELD
66.044,0.0,0.0,0.0,0.0,0.0,0.0,0.0,0.0,202,0,0.1872,0.0,3.1640659231013664,nan,nan,NO_WELD
66.095,0.0,0.0,0.0,0.0,0.0,0.0,0.0,0.0,202,0,0.1872,0.0,4.921878712140794,nan,nan,NO_WELD
66.144,0.0,0.0,0.0,0.0,0.0,0.0,0.0,0.0,202,0,0.1872,0.0,4.921878712140794,nan,nan,NO_WELD
66.194,0.0,0.0,0.0,0.0,0.0,0.0,0.0,0.0,202,0,0.1872,0.0,2.109378420432439,nan,nan,NO_WELD
66.244,0.0,0.0,0.0,0.0,0.0,0.0,0.0,0.0,202,0,0.1872,0.0,2.109378420432439,nan,nan,NO_WELD
66.294,0.0,0.0,0.0,0.0,0.0,0.0,0.0,0.0,202,0,0.1872,0.0,6.328128431108148,nan,nan,NO_WELD
66.344,0.0,0.0,0.0,0.0,0.0,0.0,0.0,0.0,202,0,0.1872,0.0,6.328128431108148,nan,nan,NO_WELD
66.394,0.0,0.0,0.0,0.0,0.0,0.0,0.0,0.0,202,0,0.1872,0.0,1.4062534542270564,nan,nan,NO_WELD
66.444,0.0,0.0,0.0,0.0,0.0,0.0,0.0,0.0,202,0,0.1872,0.0,1.4062534542270564,nan,nan,NO_WELD
66.494,0.0,0.0,0.0,0.0,0.0,0.0,0.0,0.0,202,0,0.1872,0.0,0.35156592487770283,nan,nan,NO_WELD
66.544,0.0,0.0,0.0,0.0,0.0,0.0,0.0,0.0,202,0,0.1872,0.0,0.35156592487770283,nan,nan,NO_WELD
66.594,0.0,0.0,0.0,0.0,0.0,0.0,0.0,0.0,202,0,0.1872,0.0,3.1640659231013664,nan,nan,NO_WELD
66.644,0.0,0.0,0.0,0.0,0.0,0.0,0.0,0.0,202,0,0.1872,0.0,3.1640659231013664,nan,nan,NO_WELD
66.694,0.0,0.0,0.0,0.0,0.0,0.0,0.0,0.0,202,0,0.1872,0.0,1.054690917763512,nan,nan,NO_WELD
66.744,0.0,0.0,0.0,0.0,0.0,0.0,0.0,0.0,202,0,0.1872,0.0,1.054690917763512,nan,nan,NO_WELD
66.794,0.025848367892544542,-0.05,0.018348367892544543,0.03334836789254454,0.0,0.0,0.0183,0.0333,202,0,0.1872,0.0,1.4062534542270564,1.4062534542270564,0.0,WELD_FOUND
66.844,0.025848367892544542,-0.05,0.018348367892544543,0.03334836789254454,0.0,0.0,0.0183,0.0333,202,0,0.1872,0.0,1.4062534542270564,1.4062534542270564,0.0,WELD_FOUND
66.894,0.024184159418482766,-0.08085731132830774,0.012055562719236605,0.036312756117728925,0.0,0.0,0.0121,0.0363,202,0,0.1872,0.0,2.109378420432439,1.7578159906906006,0.3515624297418385,WELD_FOUND
66.944,0.024184159418482766,-0.08085731132830774,0.012055562719236605,0.036312756117728925,0.0,0.0,0.0121,0.0363,206,0,0.1909,0.0,2.109378420432439,1.7578159906906006,0.3515624297418385,WELD_FOUND
66.994,0.02226019958513911,-0.09733673498652252,0.007659689337160731,0.03686070983311748,0.0,0.0,0.0077,0.0369,206,0,0.1909,0.0,2.812503493359528,2.109378420432439,0.7031250729270888,WELD_FOUND
67.044,0.02226019958513911,-0.09733673498652252,0.007659689337160731,0.03686070983311748,0.0173,0.0,-0.0096,0.0369,209,0,0.1937,0.0,2.812503493359528,2.109378420432439,0.7031250729270888,WELD_FOUND
67.095,0.0,0.0,0.0,0.0,0.0173,0.0,-0.0173,0.0,209,0,0.1937,0.0,2.812503493359528,nan,nan,NO_WELD
67.144,0.0,0.0,0.0,0.0,0.0141,0.0,-0.0141,0.0,210,0,0.1946,0.0,2.812503493359528,nan,nan,NO_WELD
67.194,0.0,0.0,0.0,0.0,0.0141,0.0,-0.0141,0.0,210,0,0.1946,0.0,2.812503493359528,nan,nan,NO_WELD
67.244,0.0,0.0,0.0,0.0,0.0141,0.0,-0.0141,0.0,210,0,0.1946,0.0,2.812503493359528,nan,nan,NO_WELD
67.294,0.0,0.0,0.0,0.0,0.0113,0.0,-0.0113,0.0,210,0,0.1946,0.0,2.812503493359528,nan,nan,NO_WELD
67.344,0.0,0.0,0.0,0.0,0.0113,0.0,-0.0113,0.0,210,0,0.1946,0.0,2.812503493359528,nan,nan,NO_WELD
67.394,0.0,0.0,0.0,0.0,0.0113,0.0,-0.0113,0.0,210,0,0.1946,0.0,2.812503493359528,nan,nan,NO_WELD
67.444,0.0,0.0,0.0,0.0,0.009,0.0,-0.009,0.0,210,0,0.1946,0.0,2.812503493359528,nan,nan,NO_WELD
67.494,0.0,0.0,0.0,0.0,0.009,0.0,-0.009,0.0,210,0,0.1946,0.0,3.1640659231013664,3.1640659231013664,0.0,WELD_FOUND
67.544,0.0,0.0,0.0,0.0,0.009,0.0,-0.009,0.0,210,0,0.1946,0.0,3.1640659231013664,3.1640659231013664,0.0,WELD_FOUND
67.594,0.0,0.0,0.0,0.0,0.0072,0.0,-0.0072,0.0,210,0,0.1946,0.0,3.1640659231013664,nan,nan,NO_WELD
67.644,0.0,0.0,0.0,0.0,0.0072,0.0,-0.0072,0.0,210,0,0.1946,0.0,3.1640659231013664,nan,nan,NO_WELD
67.694,0.0,0.0,0.0,0.0,0.0058,0.0,-0.0058,0.0,210,0,0.1946,0.0,3.1640659231013664,nan,nan,NO_WELD
67.744,0.0,0.0,0.0,0.0,0.0058,0.0,-0.0058,0.0,210,0,0.1946,0.0,3.1640659231013664,nan,nan,NO_WELD
67.794,0.01635549814629639,-0.05,0.008855498146296392,0.02385549814629639,0.0058,0.0,0.0031,0.0239,210,0,0.1946,0.0,3.1640659231013664,3.1640659231013664,0.0,WELD_FOUND
67.844,0.01635549814629639,-0.05,0.008855498146296392,0.02385549814629639,0.0046,0.0,0.0042,0.0239,210,0,0.1946,0.0,3.1640659231013664,3.1640659231013664,0.0,WELD_FOUND
67.894,0.0,0.0,0.0,0.0,0.0046,0.0,-0.0046,0.0,210,0,0.1946,0.0,3.1640659231013664,nan,nan,NO_WELD
67.944,0.0,0.0,0.0,0.0,0.0046,0.0,-0.0046,0.0,211,0,0.1955,0.0,3.1640659231013664,nan,nan,NO_WELD
67.994,0.01377459028496276,-0.05,0.00627459028496276,0.021274590284962758,0.0052,0.0,0.001,0.0213,211,0,0.1955,0.0,3.8671912094718666,3.8671912094718666,0.0,WELD_FOUND
68.044,0.01377459028496276,-0.05,0.00627459028496276,0.021274590284962758,0.0052,0.0,0.001,0.0213,211,0,0.1955,0.0,3.8671912094718666,3.8671912094718666,0.0,WELD_FOUND
68.096,0.0,0.0,0.0,0.0,0.0042,0.0,-0.0042,0.0,211,0,0.1955,0.0,3.8671912094718666,nan,nan,NO_WELD
68.144,0.0,0.0,0.0,0.0,0.0042,0.0,-0.0042,0.0,212,0,0.1965,0.0,3.8671912094718666,nan,nan,NO_WELD
68.194,0.010969861802850808,-0.05,0.003469861802850808,0.018469861802850807,0.0042,0.0,-0.0007,0.0185,212,0,0.1965,0.0,4.5703160689555435,4.5703160689555435,0.0,WELD_FOUND
68.244,0.010969861802850808,-0.05,0.003469861802850808,0.018469861802850807,0.005,0.0,-0.0015,0.0185,212,0,0.1965,0.0,4.5703160689555435,4.5703160689555435,0.0,WELD_FOUND
68.294,0.010991916987532062,-0.1,-0.004008083012467937,0.02599191698753206,0.005,0.0,-0.009,0.026,212,0,0.1965,0.0,4.218753425770293,4.394534747362918,-0.17578132159262516,WELD_FOUND
68.344,0.010991916987532062,-0.1,-0.004008083012467937,0.02599191698753206,0.004,0.0,-0.008,0.026,212,0,0.1965,0.0,4.218753425770293,4.394534747362918,-0.17578132159262516,WELD_FOUND
68.394,0.0,0.0,0.0,0.0,0.004,0.0,-0.004,0.0,212,0,0.1965,0.0,4.218753425770293,nan,nan,NO_WELD
68.444,0.0,0.0,0.0,0.0,0.004,0.0,-0.004,0.0,212,0,0.1965,0.0,4.218753425770293,nan,nan,NO_WELD
68.494,0.0,0.0,0.0,0.0,0.0032,0.0,-0.0032,0.0,212,0,0.1965,0.0,4.218753425770293,nan,nan,NO_WELD
68.544,0.0,0.0,0.0,0.0,0.0032,0.0,-0.0032,0.0,212,0,0.1965,0.0,4.218753425770293,nan,nan,NO_WELD
68.594,0.0,0.0,0.0,0.0,0.0026,0.0,-0.0026,0.0,212,0,0.1965,0.0,4.218753425770293,nan,nan,NO_WELD
68.644,0.0,0.0,0.0,0.0,0.0026,0.0,-0.0026,0.0,212,0,0.1965,0.0,4.218753425770293,nan,nan,NO_WELD
68.694,0.0,0.0,0.0,0.0,0.002,0.0,-0.002,0.0,212,0,0.1965,0.0,3.8671912094718666,3.8671912094718666,0.0,WELD_FOUND
68.744,0.0,0.0,0.0,0.0,0.002,0.0,-0.002,0.0,212,0,0.1965,0.0,3.8671912094718666,3.8671912094718666,0.0,WELD_FOUND
68.794,0.013163970281412703,-0.05,0.005663970281412703,0.020663970281412702,0.002,0.0,0.0036,0.0207,212,0,0.1965,0.0,3.8671912094718666,3.8671912094718666,0.0,WELD_FOUND
68.844,0.013163970281412703,-0.05,0.005663970281412703,0.020663970281412702,0.0016,0.0,0.004,0.0207,212,0,0.1965,0.0,3.8671912094718666,3.8671912094718666,0.0,WELD_FOUND
68.894,0.0,0.0,0.0,0.0,0.0016,0.0,-0.0016,0.0,212,0,0.1965,0.0,3.8671912094718666,nan,nan,NO_WELD
68.944,0.0,0.0,0.0,0.0,0.0016,0.0,-0.0016,0.0,212,0,0.1965,0.0,3.8671912094718666,nan,nan,NO_WELD
68.994,0.011984260027306497,-0.05,0.004484260027306498,0.019484260027306497,0.0035,0.0,0.001,0.0195,213,0,0.1974,0.0,4.218753425770293,4.218753425770293,0.0,WELD_FOUND
69.044,0.011984260027306497,-0.05,0.004484260027306498,0.019484260027306497,0.0035,0.0,0.001,0.0195,213,0,0.1974,0.0,4.218753425770293,4.218753425770293,0.0,WELD_FOUND
69.095,0.012923598550240738,-0.1,-0.0020764014497592614,0.027923598550240736,0.0028,0.0,-0.0048,0.0279,213,0,0.1974,0.0,3.5156285662866162,3.8671912094718666,-0.3515626431852503,WELD_FOUND
69.144,0.012923598550240738,-0.1,-0.0020764014497592614,0.027923598550240736,0.0028,0.0,-0.0048,0.0279,213,0,0.1974,0.0,3.5156285662866162,3.8671912094718666,-0.3515626431852503,WELD_FOUND
69.194,0.014348586696912989,-0.1484277450392622,-0.007915575058976342,0.036612748452802324,0.0054,0.0,-0.0133,0.0366,214,0,0.1983,0.0,3.5156285662866162,3.5156285662866162,0.0,WELD_FOUND
69.244,0.014348586696912989,-0.1484277450392622,-0.007915575058976342,0.036612748452802324,0.0054,0.0,-0.0133,0.0366,214,0,0.1983,0.0,3.5156285662866162,3.5156285662866162,0.0,WELD_FOUND
69.294,0.0,0.0,0.0,0.0,0.0054,0.0,-0.0054,0.0,214,0,0.1983,0.0,3.5156285662866162,nan,nan,NO_WELD
69.344,0.0,0.0,0.0,0.0,0.0043,0.0,-0.0043,0.0,214,0,0.1983,0.0,3.5156285662866162,nan,nan,NO_WELD
69.394,0.0,0.0,0.0,0.0,0.0043,0.0,-0.0043,0.0,215,0,0.1993,0.0,3.5156285662866162,nan,nan,NO_WELD
69.444,0.0,0.0,0.0,0.0,0.0063,0.0,-0.0063,0.0,215,0,0.1993,0.0,3.5156285662866162,nan,nan,NO_WELD
69.494,0.0,0.0,0.0,0.0,0.0063,0.0,-0.0063,0.0,215,0,0.1993,0.0,3.5156285662866162,nan,nan,NO_WELD
69.544,0.0,0.0,0.0,0.0,0.005,0.0,-0.005,0.0,215,0,0.1993,0.0,3.5156285662866162,nan,nan,NO_WELD
69.594,0.0,0.0,0.0,0.0,0.005,0.0,-0.005,0.0,215,0,0.1993,0.0,3.5156285662866162,nan,nan,NO_WELD
69.644,0.0,0.0,0.0,0.0,0.005,0.0,-0.005,0.0,215,0,0.1993,0.0,3.5156285662866162,nan,nan,NO_WELD
69.694,0.0,0.0,0.0,0.0,0.004,0.0,-0.004,0.0,215,0,0.1993,0.0,3.5156285662866162,nan,nan,NO_WELD
69.744,0.0,0.0,0.0,0.0,0.004,0.0,-0.004,0.0,215,0,0.1993,0.0,3.5156285662866162,nan,nan,NO_WELD
69.794,0.0,0.0,0.0,0.0,0.0032,0.0,-0.0032,0.0,215,0,0.1993,0.0,3.5156285662866162,nan,nan,NO_WELD
69.844,0.0,0.0,0.0,0.0,0.0032,0.0,-0.0032,0.0,215,0,0.1993,0.0,3.5156285662866162,nan,nan,NO_WELD
69.894,0.0,0.0,0.0,0.0,0.0032,0.0,-0.0032,0.0,215,0,0.1993,0.0,3.8671912094718666,3.8671912094718666,0.0,WELD_FOUND
69.944,0.0,0.0,0.0,0.0,0.0026,0.0,-0.0026,0.0,215,0,0.1993,0.0,3.8671912094718666,3.8671912094718666,0.0,WELD_FOUND
69.994,0.0,0.0,0.0,0.0,0.0026,0.0,-0.0026,0.0,215,0,0.1993,0.0,3.8671912094718666,nan,nan,NO_WELD
70.044,0.0,0.0,0.0,0.0,0.0021,0.0,-0.0021,0.0,215,0,0.1993,0.0,3.8671912094718666,nan,nan,NO_WELD
70.096,0.0,0.0,0.0,0.0,0.0021,0.0,-0.0021,0.0,215,0,0.1993,0.0,3.8671912094718666,nan,nan,NO_WELD
70.144,0.0,0.0,0.0,0.0,0.0016,0.0,-0.0016,0.0,215,0,0.1993,0.0,3.8671912094718666,nan,nan,NO_WELD
70.194,0.0,0.0,0.0,0.0,0.0016,0.0,-0.0016,0.0,215,0,0.1993,0.0,3.8671912094718666,nan,nan,NO_WELD
70.244,0.0,0.0,0.0,0.0,0.0016,0.0,-0.0016,0.0,215,0,0.1993,0.0,3.8671912094718666,nan,nan,NO_WELD
70.294,0.0,0.0,0.0,0.0,0.0013,0.0,-0.0013,0.0,215,0,0.1993,0.0,3.8671912094718666,nan,nan,NO_WELD
70.344,0.0,0.0,0.0,0.0,0.0013,0.0,-0.0013,0.0,215,0,0.1993,0.0,3.8671912094718666,nan,nan,NO_WELD
70.394,0.0,0.0,0.0,0.0,0.0011,0.0,-0.0011,0.0,215,0,0.1993,0.0,3.8671912094718666,nan,nan,NO_WELD
70.444,0.0,0.0,0.0,0.0,0.0011,0.0,-0.0011,0.0,215,0,0.1993,0.0,3.8671912094718666,nan,nan,NO_WELD
70.494,0.0,0.0,0.0,0.0,0.0011,0.0,-0.0011,0.0,215,0,0.1993,0.0,3.8671912094718666,nan,nan,NO_WELD
70.544,0.0,0.0,0.0,0.0,0.0,0.0,0.0,0.0,215,0,0.1993,0.0,3.8671912094718666,nan,nan,NO_WELD
70.594,0.0,0.0,0.0,0.0,0.0,0.0,0.0,0.0,215,0,0.1993,0.0,3.8671912094718666,nan,nan,NO_WELD
70.644,0.0,0.0,0.0,0.0,0.0,0.0,0.0,0.0,215,0,0.1993,0.0,3.8671912094718666,nan,nan,NO_WELD
70.694,0.010318513656864835,-0.05,0.002818513656864835,0.017818513656864834,0.0,0.0,0.0028,0.0178,215,0,0.1993,0.0,4.5703160689555435,4.5703160689555435,0.0,WELD_FOUND
70.744,0.010318513656864835,-0.05,0.002818513656864835,0.017818513656864834,0.0,0.0,0.0028,0.0178,215,0,0.1993,0.0,4.5703160689555435,4.5703160689555435,0.0,WELD_FOUND
70.794,0.0,0.0,0.0,0.0,0.0,0.0,0.0,0.0,215,0,0.1993,0.0,4.5703160689555435,nan,nan,NO_WELD
70.844,0.0,0.0,0.0,0.0,0.0,0.0,0.0,0.0,215,0,0.1993,0.0,4.5703160689555435,nan,nan,NO_WELD
70.894,0.0,0.0,0.0,0.0,0.0,0.0,0.0,0.0,215,0,0.1993,0.0,4.5703160689555435,nan,nan,NO_WELD
70.944,0.0,0.0,0.0,0.0,0.0,0.0,0.0,0.0,215,0,0.1993,0.0,4.5703160689555435,nan,nan,NO_WELD
70.994,0.009277229766994773,-0.05,0.0017772297669947732,0.01677722976699477,0.0,0.0,0.0018,0.0168,215,0,0.1993,0.0,4.921878712140794,4.921878712140794,0.0,WELD_FOUND
71.044,0.009277229766994773,-0.05,0.0017772297669947732,0.01677722976699477,0.0,0.0,0.0018,0.0168,215,0,0.1993,0.0,4.921878712140794,4.921878712140794,0.0,WELD_FOUND
71.096,0.0,0.0,0.0,0.0,0.0,0.0,0.0,0.0,215,0,0.1993,0.0,4.921878712140794,nan,nan,NO_WELD
71.144,0.0,0.0,0.0,0.0,0.0,0.0,0.0,0.0,215,0,0.1993,0.0,4.921878712140794,nan,nan,NO_WELD
71.194,0.0,0.0,0.0,0.0,0.0,0.0,0.0,0.0,215,0,0.1993,0.0,4.921878712140794,nan,nan,NO_WELD
71.244,0.0,0.0,0.0,0.0,0.0,0.0,0.0,0.0,215,0,0.1993,0.0,4.921878712140794,nan,nan,NO_WELD
71.294,0.0,0.0,0.0,0.0,0.0,0.0,0.0,0.0,215,0,0.1993,0.0,4.921878712140794,nan,nan,NO_WELD
71.344,0.0,0.0,0.0,0.0,0.0,0.0,0.0,0.0,215,0,0.1993,0.0,4.921878712140794,nan,nan,NO_WELD
71.394,0.0,0.0,0.0,0.0,0.0,0.0,0.0,0.0,215,0,0.1993,0.0,4.5703160689555435,4.5703160689555435,0.0,WELD_FOUND
71.444,0.0,0.0,0.0,0.0,0.0,0.0,0.0,0.0,215,0,0.1993,0.0,4.5703160689555435,4.5703160689555435,0.0,WELD_FOUND
71.494,0.011697984183214948,-0.05,0.0041979841832149485,0.019197984183214948,0.0,0.0,0.0042,0.0192,215,0,0.1993,0.0,3.8671912094718666,4.218753425770293,-0.35156221629842666,WELD_FOUND
71.544,0.011697984183214948,-0.05,0.0041979841832149485,0.019197984183214948,0.0,0.0,0.0042,0.0192,215,0,0.1993,0.0,3.8671912094718666,4.218753425770293,-0.35156221629842666,WELD_FOUND
71.594,0.0,0.0,0.0,0.0,0.0,0.0,0.0,0.0,215,0,0.1993,0.0,3.8671912094718666,nan,nan,NO_WELD
71.644,0.0,0.0,0.0,0.0,0.0,0.0,0.0,0.0,215,0,0.1993,0.0,3.8671912094718666,nan,nan,NO_WELD
71.694,0.0,0.0,0.0,0.0,0.0,0.0,0.0,0.0,215,0,0.1993,0.0,3.8671912094718666,nan,nan,NO_WELD
71.744,0.0,0.0,0.0,0.0,0.0,0.0,0.0,0.0,215,0,0.1993,0.0,3.8671912094718666,nan,nan,NO_WELD
71.794,0.0,0.0,0.0,0.0,0.0,0.0,0.0,0.0,215,0,0.1993,0.0,3.8671912094718666,nan,nan,NO_WELD
71.844,0.0,0.0,0.0,0.0,0.0,0.0,0.0,0.0,215,0,0.1993,0.0,3.8671912094718666,nan,nan,NO_WELD
71.894,0.0,0.0,0.0,0.0,0.0,0.0,0.0,0.0,215,0,0.1993,0.0,3.8671912094718666,nan,nan,NO_WELD
71.944,0.0,0.0,0.0,0.0,0.0,0.0,0.0,0.0,215,0,0.1993,0.0,3.8671912094718666,nan,nan,NO_WELD
71.994,0.01635549814629639,-0.05,0.008855498146296392,0.02385549814629639,0.0,0.0,0.0089,0.0239,215,0,0.1993,0.0,3.1640659231013664,3.1640659231013664,0.0,WELD_FOUND
72.044,0.01635549814629639,-0.05,0.008855498146296392,0.02385549814629639,0.0,0.0,0.0089,0.0239,215,0,0.1993,0.0,3.1640659231013664,3.1640659231013664,0.0,WELD_FOUND
72.096,0.0,0.0,0.0,0.0,0.0,0.0,0.0,0.0,216,0,0.2002,0.0,3.1640659231013664,nan,nan,NO_WELD
72.144,0.0,0.0,0.0,0.0,0.0,0.0,0.0,0.0,216,0,0.2002,0.0,3.1640659231013664,nan,nan,NO_WELD
72.194,0.0,0.0,0.0,0.0,0.0074,0.0,-0.0074,0.0,218,0,0.202,0.0,3.1640659231013664,nan,nan,NO_WELD
72.244,0.0,0.0,0.0,0.0,0.0074,0.0,-0.0074,0.0,218,0,0.202,0.0,3.1640659231013664,nan,nan,NO_WELD
72.294,0.0,0.0,0.0,0.0,0.0074,0.0,-0.0074,0.0,218,0,0.202,0.0,3.1640659231013664,nan,nan,NO_WELD
72.344,0.0,0.0,0.0,0.0,0.0059,0.0,-0.0059,0.0,218,0,0.202,0.0,3.1640659231013664,nan,nan,NO_WELD
72.394,0.0,0.0,0.0,0.0,0.0059,0.0,-0.0059,0.0,218,0,0.202,0.0,3.1640659231013664,nan,nan,NO_WELD
72.444,0.0,0.0,0.0,0.0,0.0059,0.0,-0.0059,0.0,218,0,0.202,0.0,3.1640659231013664,nan,nan,NO_WELD
72.494,0.013163970281412703,-0.05,0.005663970281412703,0.020663970281412702,0.0047,0.0,0.0009,0.0207,218,0,0.202,0.0,3.8671912094718666,3.8671912094718666,0.0,WELD_FOUND
72.544,0.013163970281412703,-0.05,0.005663970281412703,0.020663970281412702,0.0047,0.0,0.0009,0.0207,218,0,0.202,0.0,3.8671912094718666,3.8671912094718666,0.0,WELD_FOUND
72.594,0.0,0.0,0.0,0.0,0.0066,0.0,-0.0066,0.0,219,0,0.203,0.0,3.8671912094718666,nan,nan,NO_WELD
72.644,0.0,0.0,0.0,0.0,0.0066,0.0,-0.0066,0.0,219,0,0.203,0.0,3.8671912094718666,nan,nan,NO_WELD
72.694,0.0,0.0,0.0,0.0,0.0066,0.0,-0.0066,0.0,218,0,0.202,0.0,3.8671912094718666,nan,nan,NO_WELD
72.744,0.0,0.0,0.0,0.0,0.0015,0.0,-0.0015,0.0,218,0,0.202,0.0,3.8671912094718666,nan,nan,NO_WELD
72.794,0.0,0.0,0.0,0.0,0.0015,0.0,-0.0015,0.0,217,0,0.2011,0.0,3.8671912094718666,nan,nan,NO_WELD
72.844,0.0,0.0,0.0,0.0,0.0015,0.0,-0.0015,0.0,217,0,0.2011,0.0,3.8671912094718666,nan,nan,NO_WELD
72.894,0.0,0.0,0.0,0.0,-0.0016,0.0,0.0016,0.0,217,0,0.2011,0.0,3.8671912094718666,3.8671912094718666,0.0,WELD_FOUND
72.944,0.0,0.0,0.0,0.0,-0.0016,0.0,0.0016,0.0,217,0,0.2011,0.0,3.8671912094718666,3.8671912094718666,0.0,WELD_FOUND
72.994,0.0,0.0,0.0,0.0,-0.0016,0.0,0.0016,0.0,217,0,0.2011,0.0,3.8671912094718666,nan,nan,NO_WELD
73.044,0.0,0.0,0.0,0.0,-0.0013,0.0,0.0013,0.0,217,0,0.2011,0.0,3.8671912094718666,nan,nan,NO_WELD
73.096,0.014716475511625355,-0.05,0.007216475511625355,0.022216475511625353,-0.0013,0.0,0.0085,0.0222,217,0,0.2011,0.0,3.5156285662866162,3.5156285662866162,0.0,WELD_FOUND
73.144,0.014716475511625355,-0.05,0.007216475511625355,0.022216475511625353,-0.001,0.0,0.0082,0.0222,217,0,0.2011,0.0,3.5156285662866162,3.5156285662866162,0.0,WELD_FOUND
73.194,0.0,0.0,0.0,0.0,-0.001,0.0,0.001,0.0,217,0,0.2011,0.0,3.5156285662866162,nan,nan,NO_WELD
73.244,0.0,0.0,0.0,0.0,0.0,0.0,0.0,0.0,217,0,0.2011,0.0,3.5156285662866162,nan,nan,NO_WELD
73.294,0.0,0.0,0.0,0.0,0.0,0.0,0.0,0.0,218,0,0.202,0.0,3.5156285662866162,nan,nan,NO_WELD
73.344,0.0,0.0,0.0,0.0,0.0,0.0,0.0,0.0,218,0,0.202,0.0,3.5156285662866162,nan,nan,NO_WELD
73.394,0.0,0.0,0.0,0.0,0.0025,0.0,-0.0025,0.0,218,0,0.202,0.0,3.5156285662866162,nan,nan,NO_WELD
73.444,0.0,0.0,0.0,0.0,0.0025,0.0,-0.0025,0.0,218,0,0.202,0.0,3.5156285662866162,nan,nan,NO_WELD
73.494,0.0,0.0,0.0,0.0,0.002,0.0,-0.002,0.0,218,0,0.202,0.0,3.5156285662866162,nan,nan,NO_WELD
73.544,0.0,0.0,0.0,0.0,0.002,0.0,-0.002,0.0,218,0,0.202,0.0,3.5156285662866162,nan,nan,NO_WELD
73.594,0.0,0.0,0.0,0.0,0.0016,0.0,-0.0016,0.0,218,0,0.202,0.0,3.5156285662866162,nan,nan,NO_WELD
73.644,0.0,0.0,0.0,0.0,0.0016,0.0,-0.0016,0.0,218,0,0.202,0.0,3.5156285662866162,nan,nan,NO_WELD
73.694,0.013163970281412703,-0.05,0.005663970281412703,0.020663970281412702,0.0016,0.0,0.0041,0.0207,218,0,0.202,0.0,3.8671912094718666,3.8671912094718666,0.0,WELD_FOUND
73.744,0.013163970281412703,-0.05,0.005663970281412703,0.020663970281412702,0.0013,0.0,0.0044,0.0207,218,0,0.202,0.0,3.8671912094718666,3.8671912094718666,0.0,WELD_FOUND
73.794,0.012567194495047224,-0.1,-0.0024328055049527755,0.02756719449504722,0.0013,0.0,-0.0037,0.0276,218,0,0.202,0.0,4.218753425770293,4.042972104177668,0.17578132159262516,WELD_FOUND
73.844,0.012567194495047224,-0.1,-0.0024328055049527755,0.02756719449504722,0.0013,0.0,-0.0037,0.0276,218,0,0.202,0.0,4.218753425770293,4.042972104177668,0.17578132159262516,WELD_FOUND
73.894,0.0,0.0,0.0,0.0,0.0057,0.0,-0.0057,0.0,220,0,0.2039,0.0,4.218753425770293,nan,nan,NO_WELD
73.944,0.0,0.0,0.0,0.0,0.0057,0.0,-0.0057,0.0,220,0,0.2039,0.0,4.218753425770293,nan,nan,NO_WELD
73.994,0.014273053398116364,-0.05,0.006773053398116364,0.021773053398116363,0.0046,0.0,0.0022,0.0218,220,0,0.2039,0.0,3.5156285662866162,3.5156285662866162,0.0,WELD_FOUND
74.044,0.014273053398116364,-0.05,0.006773053398116364,0.021773053398116363,0.0046,0.0,0.0022,0.0218,220,0,0.2039,0.0,3.5156285662866162,3.5156285662866162,0.0,WELD_FOUND
74.096,0.015270537429334062,-0.1,0.0002705374293340626,0.03027053742933406,0.0036,0.0,-0.0034,0.0303,220,0,0.2039,0.0,3.1640659231013664,3.339847244693991,-0.17578132159262472,WELD_FOUND
74.144,0.015270537429334062,-0.1,0.0002705374293340626,0.03027053742933406,0.0036,0.0,-0.0034,0.0303,220,0,0.2039,0.0,3.1640659231013664,3.339847244693991,-0.17578132159262472,WELD_FOUND
74.194,0.01482646884509615,-0.15000000000000002,-0.007673531154903853,0.037326468845096154,0.0059,0.0,-0.0136,0.0373,221,0,0.2048,0.0,3.5156285662866162,3.5156285662866162,0.0,WELD_FOUND
74.244,0.01482646884509615,-0.15000000000000002,-0.007673531154903853,0.037326468845096154,0.0059,0.0,-0.0136,0.0373,221,0,0.2048,0.0,3.5156285662866162,3.5156285662866162,0.0,WELD_FOUND
74.294,0.0,0.0,0.0,0.0,0.0059,0.0,-0.0059,0.0,221,0,0.2048,0.0,3.5156285662866162,nan,nan,NO_WELD
74.344,0.0,0.0,0.0,0.0,0.0047,0.0,-0.0047,0.0,221,0,0.2048,0.0,3.5156285662866162,nan,nan,NO_WELD
74.394,0.0,0.0,0.0,0.0,0.0047,0.0,-0.0047,0.0,222,0,0.2057,0.0,3.5156285662866162,nan,nan,NO_WELD
74.444,0.0,0.0,0.0,0.0,0.0047,0.0,-0.0047,0.0,222,0,0.2057,0.0,3.5156285662866162,nan,nan,NO_WELD
74.494,0.0,0.0,0.0,0.0,0.0053,0.0,-0.0053,0.0,222,0,0.2057,0.0,3.5156285662866162,nan,nan,NO_WELD
74.544,0.0,0.0,0.0,0.0,0.0053,0.0,-0.0053,0.0,222,0,0.2057,0.0,3.5156285662866162,nan,nan,NO_WELD
74.594,0.01635549814629639,-0.05,0.008855498146296392,0.02385549814629639,0.0053,0.0,0.0036,0.0239,222,0,0.2057,0.0,3.1640659231013664,3.1640659231013664,0.0,WELD_FOUND
74.644,0.01635549814629639,-0.05,0.008855498146296392,0.02385549814629639,0.0042,0.0,0.0046,0.0239,222,0,0.2057,0.0,3.1640659231013664,3.1640659231013664,0.0,WELD_FOUND
74.694,0.0,0.0,0.0,0.0,0.0042,0.0,-0.0042,0.0,222,0,0.2057,0.0,3.1640659231013664,nan,nan,NO_WELD
74.744,0.0,0.0,0.0,0.0,0.0034,0.0,-0.0034,0.0,222,0,0.2057,0.0,3.1640659231013664,nan,nan,NO_WELD
74.794,0.0,0.0,0.0,0.0,0.0034,0.0,-0.0034,0.0,223,0,0.2067,0.0,3.1640659231013664,nan,nan,NO_WELD
74.844,0.0,0.0,0.0,0.0,0.0034,0.0,-0.0034,0.0,223,0,0.2067,0.0,3.1640659231013664,nan,nan,NO_WELD
74.894,0.0,0.0,0.0,0.0,0.0045,0.0,-0.0045,0.0,223,0,0.2067,0.0,3.1640659231013664,nan,nan,NO_WELD
74.944,0.0,0.0,0.0,0.0,0.0045,0.0,-0.0045,0.0,223,0,0.2067,0.0,3.1640659231013664,nan,nan,NO_WELD
74.994,0.0,0.0,0.0,0.0,0.0036,0.0,-0.0036,0.0,223,0,0.2067,0.0,3.1640659231013664,nan,nan,NO_WELD
75.044,0.0,0.0,0.0,0.0,0.0036,0.0,-0.0036,0.0,223,0,0.2067,0.0,3.1640659231013664,nan,nan,NO_WELD
75.095,0.0,0.0,0.0,0.0,0.0036,0.0,-0.0036,0.0,223,0,0.2067,0.0,3.1640659231013664,nan,nan,NO_WELD
75.144,0.0,0.0,0.0,0.0,0.0029,0.0,-0.0029,0.0,223,0,0.2067,0.0,3.1640659231013664,nan,nan,NO_WELD
75.194,0.0,0.0,0.0,0.0,0.0029,0.0,-0.0029,0.0,223,0,0.2067,0.0,3.1640659231013664,nan,nan,NO_WELD
75.244,0.0,0.0,0.0,0.0,0.0023,0.0,-0.0023,0.0,223,0,0.2067,0.0,3.1640659231013664,nan,nan,NO_WELD
75.294,0.0,0.0,0.0,0.0,0.0023,0.0,-0.0023,0.0,223,0,0.2067,0.0,3.1640659231013664,nan,nan,NO_WELD
75.344,0.0,0.0,0.0,0.0,0.0018,0.0,-0.0018,0.0,223,0,0.2067,0.0,3.1640659231013664,nan,nan,NO_WELD
75.394,0.0,0.0,0.0,0.0,0.0018,0.0,-0.0018,0.0,223,0,0.2067,0.0,3.1640659231013664,nan,nan,NO_WELD
75.444,0.0,0.0,0.0,0.0,0.0018,0.0,-0.0018,0.0,223,0,0.2067,0.0,3.1640659231013664,nan,nan,NO_WELD
75.494,0.0,0.0,0.0,0.0,0.0015,0.0,-0.0015,0.0,223,0,0.2067,0.0,3.8671912094718666,3.8671912094718666,0.0,WELD_FOUND
75.544,0.0,0.0,0.0,0.0,0.0015,0.0,-0.0015,0.0,223,0,0.2067,0.0,3.8671912094718666,3.8671912094718666,0.0,WELD_FOUND
75.594,0.013929408220961734,-0.05,0.006429408220961734,0.021429408220961732,0.0012,0.0,0.0052,0.0214,223,0,0.2067,0.0,3.5156285662866162,3.6914098878792414,-0.17578132159262516,WELD_FOUND
75.644,0.013929408220961734,-0.05,0.006429408220961734,0.021429408220961732,0.0012,0.0,0.0052,0.0214,223,0,0.2067,0.0,3.5156285662866162,3.6914098878792414,-0.17578132159262516,WELD_FOUND
75.694,0.0,0.0,0.0,0.0,0.0,0.0,0.0,0.0,223,0,0.2067,0.0,3.5156285662866162,nan,nan,NO_WELD
75.744,0.0,0.0,0.0,0.0,0.0,0.0,0.0,0.0,223,0,0.2067,0.0,3.5156285662866162,nan,nan,NO_WELD
75.794,0.0,0.0,0.0,0.0,0.0,0.0,0.0,0.0,223,0,0.2067,0.0,3.5156285662866162,nan,nan,NO_WELD
75.844,0.0,0.0,0.0,0.0,0.0,0.0,0.0,0.0,223,0,0.2067,0.0,3.5156285662866162,nan,nan,NO_WELD
75.894,0.01331532752123334,-0.05,0.00581532752123334,0.02081532752123334,0.0,0.0,0.0058,0.0208,223,0,0.2067,0.0,3.8671912094718666,3.8671912094718666,0.0,WELD_FOUND
75.944,0.01331532752123334,-0.05,0.00581532752123334,0.02081532752123334,0.0,0.0,0.0058,0.0208,223,0,0.2067,0.0,3.8671912094718666,3.8671912094718666,0.0,WELD_FOUND
75.994,0.0,0.0,0.0,0.0,0.0025,0.0,-0.0025,0.0,224,0,0.2076,0.0,3.8671912094718666,nan,nan,NO_WELD
76.044,0.0,0.0,0.0,0.0,0.0025,0.0,-0.0025,0.0,224,0,0.2076,0.0,3.8671912094718666,nan,nan,NO_WELD
76.096,0.0,0.0,0.0,0.0,0.0025,0.0,-0.0025,0.0,225,0,0.2085,0.0,3.8671912094718666,nan,nan,NO_WELD
76.144,0.0,0.0,0.0,0.0,0.004,0.0,-0.004,0.0,225,0,0.2085,0.0,3.8671912094718666,nan,nan,NO_WELD
76.194,0.0,0.0,0.0,0.0,0.004,0.0,-0.004,0.0,225,0,0.2085,0.0,3.8671912094718666,nan,nan,NO_WELD
76.244,0.0,0.0,0.0,0.0,0.004,0.0,-0.004,0.0,225,0,0.2085,0.0,3.8671912094718666,nan,nan,NO_WELD
76.294,0.0,0.0,0.0,0.0,0.0032,0.0,-0.0032,0.0,225,0,0.2085,0.0,3.8671912094718666,nan,nan,NO_WELD
76.344,0.0,0.0,0.0,0.0,0.0032,0.0,-0.0032,0.0,225,0,0.2085,0.0,3.8671912094718666,nan,nan,NO_WELD
76.394,0.0,0.0,0.0,0.0,0.0025,0.0,-0.0025,0.0,225,0,0.2085,0.0,3.8671912094718666,nan,nan,NO_WELD
76.444,0.0,0.0,0.0,0.0,0.0025,0.0,-0.0025,0.0,225,0,0.2085,0.0,3.8671912094718666,nan,nan,NO_WELD
76.494,0.013163970281412703,-0.05,0.005663970281412703,0.020663970281412702,0.0025,0.0,0.0031,0.0207,225,0,0.2085,0.0,3.8671912094718666,3.8671912094718666,0.0,WELD_FOUND
76.544,0.013163970281412703,-0.05,0.005663970281412703,0.020663970281412702,0.002,0.0,0.0036,0.0207,225,0,0.2085,0.0,3.8671912094718666,3.8671912094718666,0.0,WELD_FOUND
76.594,0.012567194495047224,-0.1,-0.0024328055049527755,0.02756719449504722,0.002,0.0,-0.0045,0.0276,226,0,0.2094,0.0,4.218753425770293,4.042972104177668,0.17578132159262516,WELD_FOUND
76.644,0.012567194495047224,-0.1,-0.0024328055049527755,0.02756719449504722,0.0049,0.0,-0.0074,0.0276,226,0,0.2094,0.0,4.218753425770293,4.042972104177668,0.17578132159262516,WELD_FOUND
76.694,0.0,0.0,0.0,0.0,0.0049,0.0,-0.0049,0.0,227,0,0.2104,0.0,4.218753425770293,nan,nan,NO_WELD
76.744,0.0,0.0,0.0,0.0,0.0049,0.0,-0.0049,0.0,227,0,0.2104,0.0,4.218753425770293,nan,nan,NO_WELD
76.794,0.0,0.0,0.0,0.0,0.0054,0.0,-0.0054,0.0,227,0,0.2104,0.0,4.218753425770293,nan,nan,NO_WELD
76.844,0.0,0.0,0.0,0.0,0.0054,0.0,-0.0054,0.0,227,0,0.2104,0.0,4.218753425770293,nan,nan,NO_WELD
76.894,0.0,0.0,0.0,0.0,0.0054,0.0,-0.0054,0.0,227,0,0.2104,0.0,4.218753425770293,nan,nan,NO_WELD
76.944,0.0,0.0,0.0,0.0,0.0043,0.0,-0.0043,0.0,227,0,0.2104,0.0,4.218753425770293,nan,nan,NO_WELD
76.994,0.0,0.0,0.0,0.0,0.0043,0.0,-0.0043,0.0,227,0,0.2104,0.0,4.218753425770293,nan,nan,NO_WELD
77.044,0.0,0.0,0.0,0.0,0.0043,0.0,-0.0043,0.0,227,0,0.2104,0.0,4.218753425770293,nan,nan,NO_WELD
77.096,0.014716475511625355,-0.05,0.007216475511625355,0.022216475511625353,0.0035,0.0,0.0037,0.0222,227,0,0.2104,0.0,3.5156285662866162,3.5156285662866162,0.0,WELD_FOUND
77.144,0.014716475511625355,-0.05,0.007216475511625355,0.022216475511625353,0.0035,0.0,0.0037,0.0222,227,0,0.2104,0.0,3.5156285662866162,3.5156285662866162,0.0,WELD_FOUND
77.194,0.013467549935098563,-0.1,-0.001532450064901436,0.028467549935098563,0.0028,0.0,-0.0043,0.0285,227,0,0.2104,0.0,4.218753425770293,3.8671912094718666,0.35156221629842666,WELD_FOUND
77.244,0.013467549935098563,-0.1,-0.001532450064901436,0.028467549935098563,0.0028,0.0,-0.0043,0.0285,227,0,0.2104,0.0,4.218753425770293,3.8671912094718666,0.35156221629842666,WELD_FOUND
77.294,0.0,0.0,0.0,0.0,0.0054,0.0,-0.0054,0.0,228,0,0.2113,0.0,4.218753425770293,nan,nan,NO_WELD
77.344,0.0,0.0,0.0,0.0,0.0054,0.0,-0.0054,0.0,228,0,0.2113,0.0,4.218753425770293,nan,nan,NO_WELD
77.394,0.0,0.0,0.0,0.0,0.0069,0.0,-0.0069,0.0,229,0,0.2122,0.0,4.218753425770293,nan,nan,NO_WELD
77.444,0.0,0.0,0.0,0.0,0.0069,0.0,-0.0069,0.0,229,0,0.2122,0.0,4.218753425770293,nan,nan,NO_WELD
77.494,0.01204193054876847,-0.05,0.0045419305487684695,0.019541930548768467,0.0069,0.0,-0.0024,0.0195,229,0,0.2122,0.0,4.218753425770293,4.218753425770293,0.0,WELD_FOUND
77.544,0.01204193054876847,-0.05,0.0045419305487684695,0.019541930548768467,0.0055,0.0,-0.001,0.0195,229,0,0.2122,0.0,4.218753425770293,4.218753425770293,0.0,WELD_FOUND
77.594,0.0,0.0,0.0,0.0,0.0055,0.0,-0.0055,0.0,229,0,0.2122,0.0,4.218753425770293,nan,nan,NO_WELD
77.644,0.0,0.0,0.0,0.0,0.0055,0.0,-0.0055,0.0,229,0,0.2122,0.0,4.218753425770293,nan,nan,NO_WELD
77.694,0.0,0.0,0.0,0.0,0.0044,0.0,-0.0044,0.0,229,0,0.2122,0.0,4.218753425770293,nan,nan,NO_WELD
77.744,0.0,0.0,0.0,0.0,0.0044,0.0,-0.0044,0.0,229,0,0.2122,0.0,4.218753425770293,nan,nan,NO_WELD
77.794,0.0,0.0,0.0,0.0,0.0044,0.0,-0.0044,0.0,229,0,0.2122,0.0,4.218753425770293,nan,nan,NO_WELD
77.844,0.0,0.0,0.0,0.0,0.0035,0.0,-0.0035,0.0,229,0,0.2122,0.0,4.218753425770293,nan,nan,NO_WELD
77.894,0.013163970281412703,-0.05,0.005663970281412703,0.020663970281412702,0.0035,0.0,0.0021,0.0207,229,0,0.2122,0.0,3.8671912094718666,3.8671912094718666,0.0,WELD_FOUND
77.944,0.013163970281412703,-0.05,0.005663970281412703,0.020663970281412702,0.0028,0.0,0.0028,0.0207,229,0,0.2122,0.0,3.8671912094718666,3.8671912094718666,0.0,WELD_FOUND
77.994,0.0,0.0,0.0,0.0,0.0028,0.0,-0.0028,0.0,230,0,0.2132,0.0,3.8671912094718666,nan,nan,NO_WELD
78.044,0.0,0.0,0.0,0.0,0.0028,0.0,-0.0028,0.0,230,0,0.2132,0.0,3.8671912094718666,nan,nan,NO_WELD
78.096,0.0,0.0,0.0,0.0,0.0066,0.0,-0.0066,0.0,231,0,0.2141,0.0,3.8671912094718666,nan,nan,NO_WELD
78.144,0.0,0.0,0.0,0.0,0.0066,0.0,-0.0066,0.0,231,0,0.2141,0.0,3.8671912094718666,nan,nan,NO_WELD
78.194,0.0,0.0,0.0,0.0,0.0066,0.0,-0.0066,0.0,231,0,0.2141,0.0,3.8671912094718666,nan,nan,NO_WELD
78.244,0.0,0.0,0.0,0.0,0.0053,0.0,-0.0053,0.0,231,0,0.2141,0.0,3.8671912094718666,nan,nan,NO_WELD
78.294,0.0,0.0,0.0,0.0,0.0053,0.0,-0.0053,0.0,231,0,0.2141,0.0,3.8671912094718666,nan,nan,NO_WELD
78.344,0.0,0.0,0.0,0.0,0.0043,0.0,-0.0043,0.0,231,0,0.2141,0.0,3.8671912094718666,nan,nan,NO_WELD
