t,vx,wz,tgt_r,tgt_l,spd_r,spd_l,err_r,err_l,ticks_r,ticks_l,dist_r,dist_l,raw_angle,filtered_angle,error,weld,ff_r,ff_l,kickstart_r,kickstart_l,holding_r,holding_l,manual_pwm_mode
2.106,0.0,0.0,0.0,0.0,0.0,0.0,0.0,0.0,0,0,0.0,0.0,nan,nan,nan,UNKNOWN,0.0,0.0,False,False,True,True,False
2.156,0.0,0.0,0.0,0.0,0.0,0.0,0.0,0.0,0,0,0.0,0.0,nan,nan,nan,UNKNOWN,0.0,0.0,False,False,True,True,False
2.206,0.0,0.0,0.0,0.0,0.0,0.0,0.0,0.0,0,0,0.0,0.0,nan,nan,nan,UNKNOWN,0.0,0.0,False,False,True,True,False
2.256,0.0,0.0,0.0,0.0,0.0,0.0,0.0,0.0,0,0,0.0,0.0,nan,nan,nan,UNKNOWN,0.0,0.0,False,False,True,True,False
2.306,0.0,0.0,0.0,0.0,0.0,0.0,0.0,0.0,0,0,0.0,0.0,nan,nan,nan,UNKNOWN,0.0,0.0,False,False,True,True,False
2.356,0.0,0.0,0.0,0.0,0.0,0.0,0.0,0.0,0,0,0.0,0.0,nan,nan,nan,UNKNOWN,0.0,0.0,False,False,True,True,False
2.406,0.0,0.0,0.0,0.0,0.0,0.0,0.0,0.0,0,0,0.0,0.0,nan,nan,nan,UNKNOWN,0.0,0.0,False,False,True,True,False
2.456,0.0,0.0,0.0,0.0,0.0,0.0,0.0,0.0,0,0,0.0,0.0,nan,nan,nan,UNKNOWN,0.0,0.0,False,False,True,True,False
2.506,0.0,0.0,0.0,0.0,0.0,0.0,0.0,0.0,0,0,0.0,0.0,nan,nan,nan,UNKNOWN,0.0,0.0,False,False,True,True,False
2.556,0.0,0.0,0.0,0.0,0.0,0.0,0.0,0.0,0,0,0.0,0.0,nan,nan,nan,UNKNOWN,0.0,0.0,False,False,True,True,False
2.606,0.0,0.0,0.0,0.0,0.0,0.0,0.0,0.0,0,0,0.0,0.0,nan,nan,nan,UNKNOWN,0.0,0.0,False,False,True,True,False
2.656,0.0,0.0,0.0,0.0,0.0,0.0,0.0,0.0,0,0,0.0,0.0,nan,nan,nan,UNKNOWN,0.0,0.0,False,False,True,True,False
2.706,0.0,0.0,0.0,0.0,0.0,0.0,0.0,0.0,0,0,0.0,0.0,nan,nan,nan,UNKNOWN,0.0,0.0,False,False,True,True,False
2.756,0.0,0.0,0.0,0.0,0.0,0.0,0.0,0.0,0,0,0.0,0.0,nan,nan,nan,UNKNOWN,0.0,0.0,False,False,True,True,False
2.806,0.0,0.0,0.0,0.0,0.0,0.0,0.0,0.0,0,0,0.0,0.0,nan,nan,nan,UNKNOWN,0.0,0.0,False,False,True,True,False
2.856,0.0,0.0,0.0,0.0,0.0,0.0,0.0,0.0,0,0,0.0,0.0,nan,nan,nan,UNKNOWN,0.0,0.0,False,False,True,True,False
2.906,0.0,0.0,0.0,0.0,0.0,0.0,0.0,0.0,0,0,0.0,0.0,nan,nan,nan,UNKNOWN,0.0,0.0,False,False,True,True,False
2.956,0.0,0.0,0.0,0.0,0.0,0.0,0.0,0.0,0,0,0.0,0.0,nan,nan,nan,UNKNOWN,0.0,0.0,False,False,True,True,False
3.006,0.0,0.0,0.0,0.0,0.0,0.0,0.0,0.0,0,0,0.0,0.0,nan,nan,nan,UNKNOWN,0.0,0.0,False,False,True,True,False
3.058,0.0,0.0,0.0,0.0,0.0,0.0,0.0,0.0,0,0,0.0,0.0,nan,nan,nan,UNKNOWN,0.0,0.0,False,False,True,True,False
3.106,0.0,0.0,0.0,0.0,0.0,0.0,0.0,0.0,0,0,0.0,0.0,nan,nan,nan,UNKNOWN,0.0,0.0,False,False,True,True,False
3.156,0.0,0.0,0.0,0.0,0.0,0.0,0.0,0.0,0,0,0.0,0.0,nan,nan,nan,UNKNOWN,0.0,0.0,False,False,True,True,False
3.206,0.0,0.0,0.0,0.0,0.0,0.0,0.0,0.0,0,0,0.0,0.0,nan,nan,nan,UNKNOWN,0.0,0.0,False,False,True,True,False
3.256,0.0,0.0,0.0,0.0,0.0,0.0,0.0,0.0,0,0,0.0,0.0,nan,nan,nan,UNKNOWN,0.0,0.0,False,False,True,True,False
3.306,0.0,0.0,0.0,0.0,0.0,0.0,0.0,0.0,0,0,0.0,0.0,nan,nan,nan,UNKNOWN,0.0,0.0,False,False,True,True,False
3.356,0.0,0.0,0.0,0.0,0.0,0.0,0.0,0.0,0,0,0.0,0.0,nan,nan,nan,UNKNOWN,0.0,0.0,False,False,True,True,False
3.406,0.0,0.0,0.0,0.0,0.0,0.0,0.0,0.0,0,0,0.0,0.0,nan,nan,nan,UNKNOWN,0.0,0.0,False,False,True,True,False
3.456,0.0,0.0,0.0,0.0,0.0,0.0,0.0,0.0,0,0,0.0,0.0,nan,nan,nan,UNKNOWN,0.0,0.0,False,False,True,True,False
3.506,0.0,0.0,0.0,0.0,0.0,0.0,0.0,0.0,0,0,0.0,0.0,nan,nan,nan,UNKNOWN,0.0,0.0,False,False,True,True,False
3.556,0.0,0.0,0.0,0.0,0.0,0.0,0.0,0.0,0,0,0.0,0.0,nan,nan,nan,UNKNOWN,0.0,0.0,False,False,True,True,False
3.606,0.0,0.0,0.0,0.0,0.0,0.0,0.0,0.0,0,0,0.0,0.0,nan,nan,nan,UNKNOWN,0.0,0.0,False,False,True,True,False
3.656,0.0,0.0,0.0,0.0,0.0,0.0,0.0,0.0,0,0,0.0,0.0,nan,nan,nan,UNKNOWN,0.0,0.0,False,False,True,True,False
3.706,0.0,0.0,0.0,0.0,0.0,0.0,0.0,0.0,0,0,0.0,0.0,nan,nan,nan,UNKNOWN,0.0,0.0,False,False,True,True,False
3.756,0.0,0.0,0.0,0.0,0.0,0.0,0.0,0.0,0,0,0.0,0.0,nan,nan,nan,UNKNOWN,0.0,0.0,False,False,True,True,False
3.806,0.0,0.0,0.0,0.0,0.0,0.0,0.0,0.0,0,0,0.0,0.0,nan,nan,nan,UNKNOWN,0.0,0.0,False,False,True,True,False
3.856,0.0,0.0,0.0,0.0,0.0,0.0,0.0,0.0,0,0,0.0,0.0,nan,nan,nan,UNKNOWN,0.0,0.0,False,False,True,True,False
3.906,0.0,0.0,0.0,0.0,0.0,0.0,0.0,0.0,0,0,0.0,0.0,nan,nan,nan,UNKNOWN,0.0,0.0,False,False,True,True,False
3.956,0.0,0.0,0.0,0.0,0.0,0.0,0.0,0.0,0,0,0.0,0.0,nan,nan,nan,UNKNOWN,0.0,0.0,False,False,True,True,False
4.006,0.0,0.0,0.0,0.0,0.0,0.0,0.0,0.0,0,0,0.0,0.0,nan,nan,nan,UNKNOWN,0.0,0.0,False,False,True,True,False
4.058,0.0,0.0,0.0,0.0,0.0,0.0,0.0,0.0,0,0,0.0,0.0,nan,nan,nan,UNKNOWN,0.0,0.0,False,False,True,True,False
4.106,0.0,0.0,0.0,0.0,0.0,0.0,0.0,0.0,0,0,0.0,0.0,nan,nan,nan,UNKNOWN,0.0,0.0,False,False,True,True,False
4.156,0.0,0.0,0.0,0.0,0.0,0.0,0.0,0.0,0,0,0.0,0.0,nan,nan,nan,UNKNOWN,0.0,0.0,False,False,True,True,False
4.206,0.0,0.0,0.0,0.0,0.0,0.0,0.0,0.0,0,0,0.0,0.0,nan,nan,nan,UNKNOWN,0.0,0.0,False,False,True,True,False
4.256,0.0,0.0,0.0,0.0,0.0,0.0,0.0,0.0,0,0,0.0,0.0,nan,nan,nan,UNKNOWN,0.0,0.0,False,False,True,True,False
4.306,0.0,0.0,0.0,0.0,0.0,0.0,0.0,0.0,0,0,0.0,0.0,nan,nan,nan,UNKNOWN,0.0,0.0,False,False,True,True,False
4.356,0.0,0.0,0.0,0.0,0.0,0.0,0.0,0.0,0,0,0.0,0.0,nan,nan,nan,UNKNOWN,0.0,0.0,False,False,True,True,False
4.406,0.0,0.0,0.0,0.0,0.0,0.0,0.0,0.0,0,0,0.0,0.0,nan,nan,nan,UNKNOWN,0.0,0.0,False,False,True,True,False
4.456,0.0,0.0,0.0,0.0,0.0,0.0,0.0,0.0,0,0,0.0,0.0,nan,nan,nan,UNKNOWN,0.0,0.0,False,False,True,True,False
4.506,0.0,0.0,0.0,0.0,0.0,0.0,0.0,0.0,0,0,0.0,0.0,nan,nan,nan,UNKNOWN,0.0,0.0,False,False,True,True,False
4.556,0.0,0.0,0.0,0.0,0.0,0.0,0.0,0.0,0,0,0.0,0.0,nan,nan,nan,UNKNOWN,0.0,0.0,False,False,True,True,False
4.606,0.0,0.0,0.0,0.0,0.0,0.0,0.0,0.0,0,0,0.0,0.0,nan,nan,nan,UNKNOWN,0.0,0.0,False,False,True,True,False
4.656,0.0,0.0,0.0,0.0,0.0,0.0,0.0,0.0,0,0,0.0,0.0,nan,nan,nan,UNKNOWN,0.0,0.0,False,False,True,True,False
4.706,0.0,0.0,0.0,0.0,0.0,0.0,0.0,0.0,0,0,0.0,0.0,nan,nan,nan,UNKNOWN,0.0,0.0,False,False,True,True,False
4.756,0.0,0.0,0.0,0.0,0.0,0.0,0.0,0.0,0,0,0.0,0.0,nan,nan,nan,UNKNOWN,0.0,0.0,False,False,True,True,False
4.806,0.0,0.0,0.0,0.0,0.0,0.0,0.0,0.0,0,0,0.0,0.0,nan,nan,nan,UNKNOWN,0.0,0.0,False,False,True,True,False
4.856,0.0,0.0,0.0,0.0,0.0,0.0,0.0,0.0,0,0,0.0,0.0,nan,nan,nan,UNKNOWN,0.0,0.0,False,False,True,True,False
4.906,0.0,0.0,0.0,0.0,0.0,0.0,0.0,0.0,0,0,0.0,0.0,nan,nan,nan,UNKNOWN,0.0,0.0,False,False,True,True,False
4.956,0.0,0.0,0.0,0.0,0.0,0.0,0.0,0.0,0,0,0.0,0.0,nan,nan,nan,UNKNOWN,0.0,0.0,False,False,True,True,False
5.006,0.0,0.0,0.0,0.0,0.0,0.0,0.0,0.0,0,0,0.0,0.0,nan,nan,nan,UNKNOWN,0.0,0.0,False,False,True,True,False
5.058,0.0,0.0,0.0,0.0,0.0,0.0,0.0,0.0,0,0,0.0,0.0,nan,nan,nan,UNKNOWN,0.0,0.0,False,False,True,True,False
5.106,0.0,0.0,0.0,0.0,0.0,0.0,0.0,0.0,0,0,0.0,0.0,nan,nan,nan,UNKNOWN,0.0,0.0,False,False,True,True,False
5.156,0.0,0.0,0.0,0.0,0.0,0.0,0.0,0.0,0,0,0.0,0.0,nan,nan,nan,UNKNOWN,0.0,0.0,False,False,True,True,False
5.206,0.0,0.0,0.0,0.0,0.0,0.0,0.0,0.0,0,0,0.0,0.0,nan,nan,nan,UNKNOWN,0.0,0.0,False,False,True,True,False
5.256,0.0,0.0,0.0,0.0,0.0,0.0,0.0,0.0,0,0,0.0,0.0,nan,nan,nan,UNKNOWN,0.0,0.0,False,False,True,True,False
5.306,0.0,0.0,0.0,0.0,0.0,0.0,0.0,0.0,0,0,0.0,0.0,nan,nan,nan,UNKNOWN,0.0,0.0,False,False,True,True,False
5.356,0.0,0.0,0.0,0.0,0.0,0.0,0.0,0.0,0,0,0.0,0.0,nan,nan,nan,UNKNOWN,0.0,0.0,False,False,True,True,False
5.406,0.0,0.0,0.0,0.0,0.0,0.0,0.0,0.0,0,0,0.0,0.0,nan,nan,nan,UNKNOWN,0.0,0.0,False,False,True,True,False
5.456,0.0,0.0,0.0,0.0,0.0,0.0,0.0,0.0,0,0,0.0,0.0,nan,nan,nan,UNKNOWN,0.0,0.0,False,False,True,True,False
5.506,0.0,0.0,0.0,0.0,0.0,0.0,0.0,0.0,0,0,0.0,0.0,nan,nan,nan,UNKNOWN,0.0,0.0,False,False,True,True,False
5.556,0.0,0.0,0.0,0.0,0.0,0.0,0.0,0.0,0,0,0.0,0.0,nan,nan,nan,UNKNOWN,0.0,0.0,False,False,True,True,False
5.606,0.0,0.0,0.0,0.0,0.0,0.0,0.0,0.0,0,0,0.0,0.0,nan,nan,nan,UNKNOWN,0.0,0.0,False,False,True,True,False
5.656,0.0,0.0,0.0,0.0,0.0,0.0,0.0,0.0,0,0,0.0,0.0,nan,nan,nan,UNKNOWN,0.0,0.0,False,False,True,True,False
5.706,0.0,0.0,0.0,0.0,0.0,0.0,0.0,0.0,0,0,0.0,0.0,nan,nan,nan,UNKNOWN,0.0,0.0,False,False,True,True,False
5.756,0.0,0.0,0.0,0.0,0.0,0.0,0.0,0.0,0,0,0.0,0.0,nan,nan,nan,UNKNOWN,0.0,0.0,False,False,True,True,False
5.806,0.0,0.0,0.0,0.0,0.0,0.0,0.0,0.0,0,0,0.0,0.0,nan,nan,nan,UNKNOWN,0.0,0.0,False,False,True,True,False
5.856,0.0,0.0,0.0,0.0,0.0,0.0,0.0,0.0,0,0,0.0,0.0,nan,nan,nan,UNKNOWN,0.0,0.0,False,False,True,True,False
5.906,0.0,0.0,0.0,0.0,0.0,0.0,0.0,0.0,0,0,0.0,0.0,nan,nan,nan,UNKNOWN,0.0,0.0,False,False,True,True,False
5.956,0.0,0.0,0.0,0.0,0.0,0.0,0.0,0.0,0,0,0.0,0.0,nan,nan,nan,UNKNOWN,0.0,0.0,False,False,True,True,False
6.006,0.0,0.0,0.0,0.0,0.0,0.0,0.0,0.0,0,0,0.0,0.0,nan,nan,nan,UNKNOWN,0.0,0.0,False,False,True,True,False
6.058,0.0,0.0,0.0,0.0,0.0,0.0,0.0,0.0,0,0,0.0,0.0,nan,nan,nan,UNKNOWN,0.0,0.0,False,False,True,True,False
6.106,0.0,0.0,0.0,0.0,0.0,0.0,0.0,0.0,0,0,0.0,0.0,nan,nan,nan,UNKNOWN,0.0,0.0,False,False,True,True,False
6.156,0.0,0.0,0.0,0.0,0.0,0.0,0.0,0.0,0,0,0.0,0.0,nan,nan,nan,UNKNOWN,0.0,0.0,False,False,True,True,False
6.206,0.0,0.0,0.0,0.0,0.0,0.0,0.0,0.0,0,0,0.0,0.0,nan,nan,nan,UNKNOWN,0.0,0.0,False,False,True,True,False
6.256,0.0,0.0,0.0,0.0,0.0,0.0,0.0,0.0,0,0,0.0,0.0,nan,nan,nan,UNKNOWN,0.0,0.0,False,False,True,True,False
6.306,0.0,0.0,0.0,0.0,0.0,0.0,0.0,0.0,0,0,0.0,0.0,nan,nan,nan,UNKNOWN,0.0,0.0,False,False,True,True,False
6.356,0.0,0.0,0.0,0.0,0.0,0.0,0.0,0.0,0,0,0.0,0.0,nan,nan,nan,UNKNOWN,0.0,0.0,False,False,True,True,False
6.406,0.0,0.0,0.0,0.0,0.0,0.0,0.0,0.0,0,0,0.0,0.0,nan,nan,nan,UNKNOWN,0.0,0.0,False,False,True,True,False
6.456,0.0,0.0,0.0,0.0,0.0,0.0,0.0,0.0,0,0,0.0,0.0,nan,nan,nan,UNKNOWN,0.0,0.0,False,False,True,True,False
6.506,0.0,0.0,0.0,0.0,0.0,0.0,0.0,0.0,0,0,0.0,0.0,nan,nan,nan,UNKNOWN,0.0,0.0,False,False,True,True,False
6.556,0.0,0.0,0.0,0.0,0.0,0.0,0.0,0.0,0,0,0.0,0.0,nan,nan,nan,UNKNOWN,0.0,0.0,False,False,True,True,False
6.606,0.0,0.0,0.0,0.0,0.0,0.0,0.0,0.0,0,0,0.0,0.0,nan,nan,nan,UNKNOWN,0.0,0.0,False,False,True,True,False
6.656,0.0,0.0,0.0,0.0,0.0,0.0,0.0,0.0,0,0,0.0,0.0,nan,nan,nan,UNKNOWN,0.0,0.0,False,False,True,True,False
6.706,0.0,0.0,0.0,0.0,0.0,0.0,0.0,0.0,0,0,0.0,0.0,nan,nan,nan,UNKNOWN,0.0,0.0,False,False,True,True,False
6.756,0.0,0.0,0.0,0.0,0.0,0.0,0.0,0.0,0,0,0.0,0.0,nan,nan,nan,UNKNOWN,0.0,0.0,False,False,True,True,False
6.806,0.0,0.0,0.0,0.0,0.0,0.0,0.0,0.0,0,0,0.0,0.0,nan,nan,nan,UNKNOWN,0.0,0.0,False,False,True,True,False
6.856,0.0,0.0,0.0,0.0,0.0,0.0,0.0,0.0,0,0,0.0,0.0,nan,nan,nan,UNKNOWN,0.0,0.0,False,False,True,True,False
6.906,0.0,0.0,0.0,0.0,0.0,0.0,0.0,0.0,0,0,0.0,0.0,nan,nan,nan,UNKNOWN,0.0,0.0,False,False,True,True,False
6.956,0.0,0.0,0.0,0.0,0.0,0.0,0.0,0.0,0,0,0.0,0.0,nan,nan,nan,UNKNOWN,0.0,0.0,False,False,True,True,False
7.006,0.0,0.0,0.0,0.0,0.0,0.0,0.0,0.0,0,0,0.0,0.0,nan,nan,nan,UNKNOWN,0.0,0.0,False,False,True,True,False
7.058,0.0,0.0,0.0,0.0,0.0,0.0,0.0,0.0,0,0,0.0,0.0,nan,nan,nan,UNKNOWN,0.0,0.0,False,False,True,True,False
7.106,0.0,0.0,0.0,0.0,0.0,0.0,0.0,0.0,0,0,0.0,0.0,nan,nan,nan,UNKNOWN,0.0,0.0,False,False,True,True,False
7.156,0.0,0.0,0.0,0.0,0.0,0.0,0.0,0.0,0,0,0.0,0.0,nan,nan,nan,UNKNOWN,0.0,0.0,False,False,True,True,False
7.206,0.0,0.0,0.0,0.0,0.0,0.0,0.0,0.0,0,0,0.0,0.0,nan,nan,nan,UNKNOWN,0.0,0.0,False,False,True,True,False
7.256,0.0,0.0,0.0,0.0,0.0,0.0,0.0,0.0,0,0,0.0,0.0,nan,nan,nan,UNKNOWN,0.0,0.0,False,False,True,True,False
7.306,0.0,0.0,0.0,0.0,0.0,0.0,0.0,0.0,0,0,0.0,0.0,nan,nan,nan,UNKNOWN,0.0,0.0,False,False,True,True,False
7.356,0.0,0.0,0.0,0.0,0.0,0.0,0.0,0.0,0,0,0.0,0.0,nan,nan,nan,UNKNOWN,0.0,0.0,False,False,True,True,False
7.406,0.0,0.0,0.0,0.0,0.0,0.0,0.0,0.0,0,0,0.0,0.0,nan,nan,nan,UNKNOWN,0.0,0.0,False,False,True,True,False
7.456,0.0,0.0,0.0,0.0,0.0,0.0,0.0,0.0,0,0,0.0,0.0,nan,nan,nan,UNKNOWN,0.0,0.0,False,False,True,True,False
7.506,0.0,0.0,0.0,0.0,0.0,0.0,0.0,0.0,0,0,0.0,0.0,nan,nan,nan,UNKNOWN,0.0,0.0,False,False,True,True,False
7.556,0.0,0.0,0.0,0.0,0.0,0.0,0.0,0.0,0,0,0.0,0.0,nan,nan,nan,UNKNOWN,0.0,0.0,False,False,True,True,False
7.606,0.0,0.0,0.0,0.0,0.0,0.0,0.0,0.0,0,0,0.0,0.0,nan,nan,nan,UNKNOWN,0.0,0.0,False,False,True,True,False
7.656,0.0,0.0,0.0,0.0,0.0,0.0,0.0,0.0,0,0,0.0,0.0,nan,nan,nan,UNKNOWN,0.0,0.0,False,False,True,True,False
7.706,0.0,0.0,0.0,0.0,0.0,0.0,0.0,0.0,0,0,0.0,0.0,nan,nan,nan,UNKNOWN,0.0,0.0,False,False,True,True,False
7.756,0.0,0.0,0.0,0.0,0.0,0.0,0.0,0.0,0,0,0.0,0.0,nan,nan,nan,UNKNOWN,0.0,0.0,False,False,True,True,False
7.806,0.0,0.0,0.0,0.0,0.0,0.0,0.0,0.0,0,0,0.0,0.0,nan,nan,nan,UNKNOWN,0.0,0.0,False,False,True,True,False
7.856,0.0,0.0,0.0,0.0,0.0,0.0,0.0,0.0,0,0,0.0,0.0,nan,nan,nan,UNKNOWN,0.0,0.0,False,False,True,True,False
7.906,0.0,0.0,0.0,0.0,0.0,0.0,0.0,0.0,0,0,0.0,0.0,nan,nan,nan,UNKNOWN,0.0,0.0,False,False,True,True,False
7.956,0.0,0.0,0.0,0.0,0.0,0.0,0.0,0.0,0,0,0.0,0.0,nan,nan,nan,UNKNOWN,0.0,0.0,False,False,True,True,False
8.006,0.0,0.0,0.0,0.0,0.0,0.0,0.0,0.0,0,0,0.0,0.0,nan,nan,nan,UNKNOWN,0.0,0.0,False,False,True,True,False
8.058,0.0,0.0,0.0,0.0,0.0,0.0,0.0,0.0,0,0,0.0,0.0,nan,nan,nan,UNKNOWN,0.0,0.0,False,False,True,True,False
8.106,0.0,0.0,0.0,0.0,0.0,0.0,0.0,0.0,0,0,0.0,0.0,nan,nan,nan,UNKNOWN,0.0,0.0,False,False,True,True,False
8.156,0.0,0.0,0.0,0.0,0.0,0.0,0.0,0.0,0,0,0.0,0.0,nan,nan,nan,UNKNOWN,0.0,0.0,False,False,True,True,False
8.206,0.0,0.0,0.0,0.0,0.0,0.0,0.0,0.0,0,0,0.0,0.0,nan,nan,nan,UNKNOWN,0.0,0.0,False,False,True,True,False
8.256,0.0,0.0,0.0,0.0,0.0,0.0,0.0,0.0,0,0,0.0,0.0,nan,nan,nan,UNKNOWN,0.0,0.0,False,False,True,True,False
8.306,0.0,0.0,0.0,0.0,0.0,0.0,0.0,0.0,0,0,0.0,0.0,nan,nan,nan,UNKNOWN,0.0,0.0,False,False,True,True,False
8.356,0.0,0.0,0.0,0.0,0.0,0.0,0.0,0.0,0,0,0.0,0.0,nan,nan,nan,UNKNOWN,0.0,0.0,False,False,True,True,False
8.406,0.0,0.0,0.0,0.0,0.0,0.0,0.0,0.0,0,0,0.0,0.0,nan,nan,nan,UNKNOWN,0.0,0.0,False,False,True,True,False
8.456,0.0,0.0,0.0,0.0,0.0,0.0,0.0,0.0,0,0,0.0,0.0,nan,nan,nan,UNKNOWN,0.0,0.0,False,False,True,True,False
8.506,0.0,0.0,0.0,0.0,0.0,0.0,0.0,0.0,0,0,0.0,0.0,nan,nan,nan,UNKNOWN,0.0,0.0,False,False,True,True,False
8.556,0.0,0.0,0.0,0.0,0.0,0.0,0.0,0.0,0,0,0.0,0.0,nan,nan,nan,UNKNOWN,0.0,0.0,False,False,True,True,False
8.606,0.0,0.0,0.0,0.0,0.0,0.0,0.0,0.0,0,0,0.0,0.0,nan,nan,nan,UNKNOWN,0.0,0.0,False,False,True,True,False
8.656,0.0,0.0,0.0,0.0,0.0,0.0,0.0,0.0,0,0,0.0,0.0,nan,nan,nan,UNKNOWN,0.0,0.0,False,False,True,True,False
8.706,0.0,0.0,0.0,0.0,0.0,0.0,0.0,0.0,0,0,0.0,0.0,nan,nan,nan,UNKNOWN,0.0,0.0,False,False,True,True,False
8.756,0.0,0.0,0.0,0.0,0.0,0.0,0.0,0.0,0,0,0.0,0.0,nan,nan,nan,UNKNOWN,0.0,0.0,False,False,True,True,False
8.806,0.0,0.0,0.0,0.0,0.0,0.0,0.0,0.0,0,0,0.0,0.0,nan,nan,nan,UNKNOWN,0.0,0.0,False,False,True,True,False
8.856,0.0,0.0,0.0,0.0,0.0,0.0,0.0,0.0,0,0,0.0,0.0,nan,nan,nan,UNKNOWN,0.0,0.0,False,False,True,True,False
8.906,0.0,0.0,0.0,0.0,0.0,0.0,0.0,0.0,0,0,0.0,0.0,nan,nan,nan,UNKNOWN,0.0,0.0,False,False,True,True,False
8.956,0.0,0.0,0.0,0.0,0.0,0.0,0.0,0.0,0,0,0.0,0.0,nan,nan,nan,UNKNOWN,0.0,0.0,False,False,True,True,False
9.006,0.0,0.0,0.0,0.0,0.0,0.0,0.0,0.0,0,0,0.0,0.0,nan,nan,nan,UNKNOWN,0.0,0.0,False,False,True,True,False
9.058,0.0,0.0,0.0,0.0,0.0,0.0,0.0,0.0,0,0,0.0,0.0,nan,nan,nan,UNKNOWN,0.0,0.0,False,False,True,True,False
9.106,0.0,0.0,0.0,0.0,0.0,0.0,0.0,0.0,0,0,0.0,0.0,nan,nan,nan,UNKNOWN,0.0,0.0,False,False,True,True,False
9.156,0.0,0.0,0.0,0.0,0.0,0.0,0.0,0.0,0,0,0.0,0.0,nan,nan,nan,UNKNOWN,0.0,0.0,False,False,True,True,False
9.206,0.0,0.0,0.0,0.0,0.0,0.0,0.0,0.0,0,0,0.0,0.0,nan,nan,nan,UNKNOWN,0.0,0.0,False,False,True,True,False
9.256,0.0,0.0,0.0,0.0,0.0,0.0,0.0,0.0,0,0,0.0,0.0,nan,nan,nan,UNKNOWN,0.0,0.0,False,False,True,True,False
9.306,0.0,0.0,0.0,0.0,0.0,0.0,0.0,0.0,0,0,0.0,0.0,nan,nan,nan,UNKNOWN,0.0,0.0,False,False,True,True,False
9.356,0.0,0.0,0.0,0.0,0.0,0.0,0.0,0.0,0,0,0.0,0.0,nan,nan,nan,UNKNOWN,0.0,0.0,False,False,True,True,False
9.406,0.0,0.0,0.0,0.0,0.0,0.0,0.0,0.0,0,0,0.0,0.0,nan,nan,nan,UNKNOWN,0.0,0.0,False,False,True,True,False
9.456,0.0,0.0,0.0,0.0,0.0,0.0,0.0,0.0,0,0,0.0,0.0,nan,nan,nan,UNKNOWN,0.0,0.0,False,False,True,True,False
9.506,0.0,0.0,0.0,0.0,0.0,0.0,0.0,0.0,0,0,0.0,0.0,nan,nan,nan,UNKNOWN,0.0,0.0,False,False,True,True,False
9.556,0.0,0.0,0.0,0.0,0.0,0.0,0.0,0.0,0,0,0.0,0.0,nan,nan,nan,UNKNOWN,0.0,0.0,False,False,True,True,False
9.606,0.0,0.0,0.0,0.0,0.0,0.0,0.0,0.0,0,0,0.0,0.0,nan,nan,nan,UNKNOWN,0.0,0.0,False,False,True,True,False
9.656,0.0,0.0,0.0,0.0,0.0,0.0,0.0,0.0,0,0,0.0,0.0,nan,nan,nan,UNKNOWN,0.0,0.0,False,False,True,True,False
9.706,0.0,0.0,0.0,0.0,0.0,0.0,0.0,0.0,0,0,0.0,0.0,nan,nan,nan,UNKNOWN,0.0,0.0,False,False,True,True,False
9.756,0.0,0.0,0.0,0.0,0.0,0.0,0.0,0.0,0,0,0.0,0.0,nan,nan,nan,UNKNOWN,0.0,0.0,False,False,True,True,False
9.806,0.0,0.0,0.0,0.0,0.0,0.0,0.0,0.0,0,0,0.0,0.0,nan,nan,nan,UNKNOWN,0.0,0.0,False,False,True,True,False
9.856,0.0,0.0,0.0,0.0,0.0,0.0,0.0,0.0,0,0,0.0,0.0,nan,nan,nan,UNKNOWN,0.0,0.0,False,False,True,True,False
9.906,0.0,0.0,0.0,0.0,0.0,0.0,0.0,0.0,0,0,0.0,0.0,nan,nan,nan,UNKNOWN,0.0,0.0,False,False,True,True,False
9.956,0.0,0.0,0.0,0.0,0.0,0.0,0.0,0.0,0,0,0.0,0.0,nan,nan,nan,UNKNOWN,0.0,0.0,False,False,True,True,False
10.006,0.0,0.0,0.0,0.0,0.0,0.0,0.0,0.0,0,0,0.0,0.0,nan,nan,nan,UNKNOWN,0.0,0.0,False,False,True,True,False
10.058,0.0,0.0,0.0,0.0,0.0,0.0,0.0,0.0,0,0,0.0,0.0,nan,nan,nan,UNKNOWN,0.0,0.0,False,False,True,True,False
10.106,0.0,0.0,0.0,0.0,0.0,0.0,0.0,0.0,0,0,0.0,0.0,nan,nan,nan,UNKNOWN,0.0,0.0,False,False,True,True,False
10.156,0.0,0.0,0.0,0.0,0.0,0.0,0.0,0.0,0,0,0.0,0.0,nan,nan,nan,UNKNOWN,0.0,0.0,False,False,True,True,False
10.206,0.0,0.0,0.0,0.0,0.0,0.0,0.0,0.0,0,0,0.0,0.0,nan,nan,nan,UNKNOWN,0.0,0.0,False,False,True,True,False
10.256,0.0,0.0,0.0,0.0,0.0,0.0,0.0,0.0,0,0,0.0,0.0,nan,nan,nan,UNKNOWN,0.0,0.0,False,False,True,True,False
10.306,0.0,0.0,0.0,0.0,0.0,0.0,0.0,0.0,0,0,0.0,0.0,nan,nan,nan,UNKNOWN,0.0,0.0,False,False,True,True,False
10.356,0.0,0.0,0.0,0.0,0.0,0.0,0.0,0.0,0,0,0.0,0.0,nan,nan,nan,UNKNOWN,0.0,0.0,False,False,True,True,False
10.406,0.0,0.0,0.0,0.0,0.0,0.0,0.0,0.0,0,0,0.0,0.0,nan,nan,nan,UNKNOWN,0.0,0.0,False,False,True,True,False
10.456,0.0,0.0,0.0,0.0,0.0,0.0,0.0,0.0,0,0,0.0,0.0,nan,nan,nan,UNKNOWN,0.0,0.0,False,False,True,True,False
10.506,0.0,0.0,0.0,0.0,0.0,0.0,0.0,0.0,0,0,0.0,0.0,nan,nan,nan,UNKNOWN,0.0,0.0,False,False,True,True,False
10.556,0.0,0.0,0.0,0.0,0.0,0.0,0.0,0.0,0,0,0.0,0.0,nan,nan,nan,UNKNOWN,0.0,0.0,False,False,True,True,False
10.606,0.0,0.0,0.0,0.0,0.0,0.0,0.0,0.0,0,0,0.0,0.0,nan,nan,nan,UNKNOWN,0.0,0.0,False,False,True,True,False
10.656,0.0,0.0,0.0,0.0,0.0,0.0,0.0,0.0,0,0,0.0,0.0,nan,nan,nan,UNKNOWN,0.0,0.0,False,False,True,True,False
10.706,0.0,0.0,0.0,0.0,0.0,0.0,0.0,0.0,0,0,0.0,0.0,nan,nan,nan,UNKNOWN,0.0,0.0,False,False,True,True,False
10.756,0.0,0.0,0.0,0.0,0.0,0.0,0.0,0.0,0,0,0.0,0.0,nan,nan,nan,UNKNOWN,0.0,0.0,False,False,True,True,False
10.806,0.0,0.0,0.0,0.0,0.0,0.0,0.0,0.0,0,0,0.0,0.0,nan,nan,nan,UNKNOWN,0.0,0.0,False,False,True,True,False
10.856,0.0,0.0,0.0,0.0,0.0,0.0,0.0,0.0,0,0,0.0,0.0,nan,nan,nan,UNKNOWN,0.0,0.0,False,False,True,True,False
10.906,0.0,0.0,0.0,0.0,0.0,0.0,0.0,0.0,0,0,0.0,0.0,nan,nan,nan,UNKNOWN,0.0,0.0,False,False,True,True,False
10.956,0.0,0.0,0.0,0.0,0.0,0.0,0.0,0.0,0,0,0.0,0.0,nan,nan,nan,UNKNOWN,0.0,0.0,False,False,True,True,False
11.006,0.0,0.0,0.0,0.0,0.0,0.0,0.0,0.0,0,0,0.0,0.0,nan,nan,nan,UNKNOWN,0.0,0.0,False,False,True,True,False
11.058,0.0,0.0,0.0,0.0,0.0,0.0,0.0,0.0,0,0,0.0,0.0,nan,nan,nan,UNKNOWN,0.0,0.0,False,False,True,True,False
11.106,0.0,0.0,0.0,0.0,0.0,0.0,0.0,0.0,0,0,0.0,0.0,nan,nan,nan,UNKNOWN,0.0,0.0,False,False,True,True,False
11.156,0.0,0.0,0.0,0.0,0.0,0.0,0.0,0.0,0,0,0.0,0.0,nan,nan,nan,UNKNOWN,0.0,0.0,False,False,True,True,False
11.206,0.0,0.0,0.0,0.0,0.0,0.0,0.0,0.0,0,0,0.0,0.0,nan,nan,nan,UNKNOWN,0.0,0.0,False,False,True,True,False
11.256,0.0,0.0,0.0,0.0,0.0,0.0,0.0,0.0,0,0,0.0,0.0,nan,nan,nan,UNKNOWN,0.0,0.0,False,False,True,True,False
11.306,0.0,0.0,0.0,0.0,0.0,0.0,0.0,0.0,0,0,0.0,0.0,nan,nan,nan,UNKNOWN,0.0,0.0,False,False,True,True,False
11.356,0.0,0.0,0.0,0.0,0.0,0.0,0.0,0.0,0,0,0.0,0.0,nan,nan,nan,UNKNOWN,0.0,0.0,False,False,True,True,False
11.406,0.0,0.0,0.0,0.0,0.0,0.0,0.0,0.0,0,0,0.0,0.0,nan,nan,nan,UNKNOWN,0.0,0.0,False,False,True,True,False
11.456,0.0,0.0,0.0,0.0,0.0,0.0,0.0,0.0,0,0,0.0,0.0,nan,nan,nan,UNKNOWN,0.0,0.0,False,False,True,True,False
11.506,0.0,0.0,0.0,0.0,0.0,0.0,0.0,0.0,0,0,0.0,0.0,nan,nan,nan,UNKNOWN,0.0,0.0,False,False,True,True,False
11.556,0.0,0.0,0.0,0.0,0.0,0.0,0.0,0.0,0,0,0.0,0.0,nan,nan,nan,UNKNOWN,0.0,0.0,False,False,True,True,False
11.606,0.0,0.0,0.0,0.0,0.0,0.0,0.0,0.0,0,0,0.0,0.0,nan,nan,nan,UNKNOWN,0.0,0.0,False,False,True,True,False
11.656,0.0,0.0,0.0,0.0,0.0,0.0,0.0,0.0,0,0,0.0,0.0,nan,nan,nan,UNKNOWN,0.0,0.0,False,False,True,True,False
11.706,0.0,0.0,0.0,0.0,0.0,0.0,0.0,0.0,0,0,0.0,0.0,nan,nan,nan,UNKNOWN,0.0,0.0,False,False,True,True,False
11.756,0.0,0.0,0.0,0.0,0.0,0.0,0.0,0.0,0,0,0.0,0.0,nan,nan,nan,UNKNOWN,0.0,0.0,False,False,True,True,False
11.806,0.0,0.0,0.0,0.0,0.0,0.0,0.0,0.0,0,0,0.0,0.0,nan,nan,nan,UNKNOWN,0.0,0.0,False,False,True,True,False
11.856,0.0,0.0,0.0,0.0,0.0,0.0,0.0,0.0,0,0,0.0,0.0,nan,nan,nan,UNKNOWN,0.0,0.0,False,False,True,True,False
11.906,0.0,0.0,0.0,0.0,0.0,0.0,0.0,0.0,0,0,0.0,0.0,nan,nan,nan,UNKNOWN,0.0,0.0,False,False,True,True,False
11.956,0.0,0.0,0.0,0.0,0.0,0.0,0.0,0.0,0,0,0.0,0.0,nan,nan,nan,UNKNOWN,0.0,0.0,False,False,True,True,False
12.006,0.0,0.0,0.0,0.0,0.0,0.0,0.0,0.0,0,0,0.0,0.0,nan,nan,nan,UNKNOWN,0.0,0.0,False,False,True,True,False
12.058,0.0,0.0,0.0,0.0,0.0,0.0,0.0,0.0,0,0,0.0,0.0,nan,nan,nan,UNKNOWN,0.0,0.0,False,False,True,True,False
12.106,0.0,0.0,0.0,0.0,0.0,0.0,0.0,0.0,0,0,0.0,0.0,nan,nan,nan,UNKNOWN,0.0,0.0,False,False,True,True,False
12.156,0.0,0.0,0.0,0.0,0.0,0.0,0.0,0.0,0,0,0.0,0.0,nan,nan,nan,UNKNOWN,0.0,0.0,False,False,True,True,False
12.206,0.0,0.0,0.0,0.0,0.0,0.0,0.0,0.0,0,0,0.0,0.0,nan,nan,nan,UNKNOWN,0.0,0.0,False,False,True,True,False
12.256,0.0,0.0,0.0,0.0,0.0,0.0,0.0,0.0,0,0,0.0,0.0,nan,nan,nan,UNKNOWN,0.0,0.0,False,False,True,True,False
12.306,0.0,0.0,0.0,0.0,0.0,0.0,0.0,0.0,0,0,0.0,0.0,nan,nan,nan,UNKNOWN,0.0,0.0,False,False,True,True,False
12.356,0.0,0.0,0.0,0.0,0.0,0.0,0.0,0.0,0,0,0.0,0.0,nan,nan,nan,UNKNOWN,0.0,0.0,False,False,True,True,False
12.406,0.0,0.0,0.0,0.0,0.0,0.0,0.0,0.0,0,0,0.0,0.0,nan,nan,nan,UNKNOWN,0.0,0.0,False,False,True,True,False
12.456,0.0,0.0,0.0,0.0,0.0,0.0,0.0,0.0,0,0,0.0,0.0,nan,nan,nan,UNKNOWN,0.0,0.0,False,False,True,True,False
12.506,0.0,0.0,0.0,0.0,0.0,0.0,0.0,0.0,0,0,0.0,0.0,nan,nan,nan,UNKNOWN,0.0,0.0,False,False,True,True,False
12.556,0.0,0.0,0.0,0.0,0.0,0.0,0.0,0.0,0,0,0.0,0.0,nan,nan,nan,UNKNOWN,0.0,0.0,False,False,True,True,False
12.606,0.0,0.0,0.0,0.0,0.0,0.0,0.0,0.0,0,0,0.0,0.0,nan,nan,nan,UNKNOWN,0.0,0.0,False,False,True,True,False
12.656,0.0,0.0,0.0,0.0,0.0,0.0,0.0,0.0,0,0,0.0,0.0,nan,nan,nan,UNKNOWN,0.0,0.0,False,False,True,True,False
12.706,0.0,0.0,0.0,0.0,0.0,0.0,0.0,0.0,0,0,0.0,0.0,nan,nan,nan,UNKNOWN,0.0,0.0,False,False,True,True,False
12.756,0.0,0.0,0.0,0.0,0.0,0.0,0.0,0.0,0,0,0.0,0.0,nan,nan,nan,UNKNOWN,0.0,0.0,False,False,True,True,False
12.806,0.0,0.0,0.0,0.0,0.0,0.0,0.0,0.0,0,0,0.0,0.0,nan,nan,nan,UNKNOWN,0.0,0.0,False,False,True,True,False
12.856,0.0,0.0,0.0,0.0,0.0,0.0,0.0,0.0,0,0,0.0,0.0,nan,nan,nan,UNKNOWN,0.0,0.0,False,False,True,True,False
12.906,0.0,0.0,0.0,0.0,0.0,0.0,0.0,0.0,0,0,0.0,0.0,nan,nan,nan,UNKNOWN,0.0,0.0,False,False,True,True,False
12.956,0.0,0.0,0.0,0.0,0.0,0.0,0.0,0.0,0,0,0.0,0.0,nan,nan,nan,UNKNOWN,0.0,0.0,False,False,True,True,False
13.006,0.0,0.0,0.0,0.0,0.0,0.0,0.0,0.0,0,0,0.0,0.0,nan,nan,nan,UNKNOWN,0.0,0.0,False,False,True,True,False
13.058,0.0,0.0,0.0,0.0,0.0,0.0,0.0,0.0,0,0,0.0,0.0,nan,nan,nan,UNKNOWN,0.0,0.0,False,False,True,True,False
13.106,0.0,0.0,0.0,0.0,0.0,0.0,0.0,0.0,0,0,0.0,0.0,nan,nan,nan,UNKNOWN,0.0,0.0,False,False,True,True,False
13.156,0.0,0.0,0.0,0.0,0.0,0.0,0.0,0.0,0,0,0.0,0.0,nan,nan,nan,UNKNOWN,0.0,0.0,False,False,True,True,False
13.206,0.0,0.0,0.0,0.0,0.0,0.0,0.0,0.0,0,0,0.0,0.0,nan,nan,nan,UNKNOWN,0.0,0.0,False,False,True,True,False
13.256,0.0,0.0,0.0,0.0,0.0,0.0,0.0,0.0,0,0,0.0,0.0,nan,nan,nan,UNKNOWN,0.0,0.0,False,False,True,True,False
13.306,0.0,0.0,0.0,0.0,0.0,0.0,0.0,0.0,0,0,0.0,0.0,nan,nan,nan,UNKNOWN,0.0,0.0,False,False,True,True,False
13.356,0.0,0.0,0.0,0.0,0.0,0.0,0.0,0.0,0,0,0.0,0.0,nan,nan,nan,UNKNOWN,0.0,0.0,False,False,True,True,False
13.406,0.0,0.0,0.0,0.0,0.0,0.0,0.0,0.0,0,0,0.0,0.0,nan,nan,nan,UNKNOWN,0.0,0.0,False,False,True,True,False
13.456,0.0,0.0,0.0,0.0,0.0,0.0,0.0,0.0,0,0,0.0,0.0,nan,nan,nan,UNKNOWN,0.0,0.0,False,False,True,True,False
13.506,0.0,0.0,0.0,0.0,0.0,0.0,0.0,0.0,0,0,0.0,0.0,nan,nan,nan,UNKNOWN,0.0,0.0,False,False,True,True,False
13.556,0.0,0.0,0.0,0.0,0.0,0.0,0.0,0.0,0,0,0.0,0.0,nan,nan,nan,UNKNOWN,0.0,0.0,False,False,True,True,False
13.606,0.0,0.0,0.0,0.0,0.0,0.0,0.0,0.0,0,0,0.0,0.0,nan,nan,nan,UNKNOWN,0.0,0.0,False,False,True,True,False
13.656,0.0,0.0,0.0,0.0,0.0,0.0,0.0,0.0,0,0,0.0,0.0,nan,nan,nan,UNKNOWN,0.0,0.0,False,False,True,True,False
13.706,0.0,0.0,0.0,0.0,0.0,0.0,0.0,0.0,0,0,0.0,0.0,nan,nan,nan,UNKNOWN,0.0,0.0,False,False,True,True,False
13.756,0.0,0.0,0.0,0.0,0.0,0.0,0.0,0.0,0,0,0.0,0.0,nan,nan,nan,UNKNOWN,0.0,0.0,False,False,True,True,False
13.806,0.0,0.0,0.0,0.0,0.0,0.0,0.0,0.0,0,0,0.0,0.0,nan,nan,nan,UNKNOWN,0.0,0.0,False,False,True,True,False
13.856,0.0,0.0,0.0,0.0,0.0,0.0,0.0,0.0,0,0,0.0,0.0,nan,nan,nan,UNKNOWN,0.0,0.0,False,False,True,True,False
13.906,0.0,0.0,0.0,0.0,0.0,0.0,0.0,0.0,0,0,0.0,0.0,nan,nan,nan,UNKNOWN,0.0,0.0,False,False,True,True,False
13.956,0.0,0.0,0.0,0.0,0.0,0.0,0.0,0.0,0,0,0.0,0.0,nan,nan,nan,UNKNOWN,0.0,0.0,False,False,True,True,False
14.006,0.0,0.0,0.0,0.0,0.0,0.0,0.0,0.0,0,0,0.0,0.0,nan,nan,nan,UNKNOWN,0.0,0.0,False,False,True,True,False
14.058,0.0,0.0,0.0,0.0,0.0,0.0,0.0,0.0,0,0,0.0,0.0,nan,nan,nan,UNKNOWN,0.0,0.0,False,False,True,True,False
14.106,0.0,0.0,0.0,0.0,0.0,0.0,0.0,0.0,0,0,0.0,0.0,nan,nan,nan,UNKNOWN,0.0,0.0,False,False,True,True,False
14.156,0.0,0.0,0.0,0.0,0.0,0.0,0.0,0.0,0,0,0.0,0.0,nan,nan,nan,UNKNOWN,0.0,0.0,False,False,True,True,False
14.206,0.0,0.0,0.0,0.0,0.0,0.0,0.0,0.0,0,0,0.0,0.0,nan,nan,nan,UNKNOWN,0.0,0.0,False,False,True,True,False
14.256,0.0,0.0,0.0,0.0,0.0,0.0,0.0,0.0,0,0,0.0,0.0,nan,nan,nan,UNKNOWN,0.0,0.0,False,False,True,True,False
14.306,0.0,0.0,0.0,0.0,0.0,0.0,0.0,0.0,0,0,0.0,0.0,nan,nan,nan,UNKNOWN,0.0,0.0,False,False,True,True,False
14.356,0.0,0.0,0.0,0.0,0.0,0.0,0.0,0.0,0,0,0.0,0.0,nan,nan,nan,UNKNOWN,0.0,0.0,False,False,True,True,False
14.406,0.0,0.0,0.0,0.0,0.0,0.0,0.0,0.0,0,0,0.0,0.0,nan,nan,nan,UNKNOWN,0.0,0.0,False,False,True,True,False
14.456,0.0,0.0,0.0,0.0,0.0,0.0,0.0,0.0,0,0,0.0,0.0,nan,nan,nan,UNKNOWN,0.0,0.0,False,False,True,True,False
14.506,0.0,0.0,0.0,0.0,0.0,0.0,0.0,0.0,0,0,0.0,0.0,nan,nan,nan,UNKNOWN,0.0,0.0,False,False,True,True,False
14.556,0.0,0.0,0.0,0.0,0.0,0.0,0.0,0.0,0,0,0.0,0.0,nan,nan,nan,UNKNOWN,0.0,0.0,False,False,True,True,False
14.606,0.0,0.0,0.0,0.0,0.0,0.0,0.0,0.0,0,0,0.0,0.0,nan,nan,nan,UNKNOWN,0.0,0.0,False,False,True,True,False
14.656,0.0,0.0,0.0,0.0,0.0,0.0,0.0,0.0,0,0,0.0,0.0,nan,nan,nan,UNKNOWN,0.0,0.0,False,False,True,True,False
14.706,0.0,0.0,0.0,0.0,0.0,0.0,0.0,0.0,0,0,0.0,0.0,nan,nan,nan,UNKNOWN,0.0,0.0,False,False,True,True,False
14.756,0.0,0.0,0.0,0.0,0.0,0.0,0.0,0.0,0,0,0.0,0.0,nan,nan,nan,UNKNOWN,0.0,0.0,False,False,True,True,False
14.806,0.0,0.0,0.0,0.0,0.0,0.0,0.0,0.0,0,0,0.0,0.0,nan,nan,nan,UNKNOWN,0.0,0.0,False,False,True,True,False
14.856,0.0,0.0,0.0,0.0,0.0,0.0,0.0,0.0,0,0,0.0,0.0,nan,nan,nan,UNKNOWN,0.0,0.0,False,False,True,True,False
14.906,0.0,0.0,0.0,0.0,0.0,0.0,0.0,0.0,0,0,0.0,0.0,nan,nan,nan,UNKNOWN,0.0,0.0,False,False,True,True,False
14.956,0.0,0.0,0.0,0.0,0.0,0.0,0.0,0.0,0,0,0.0,0.0,nan,nan,nan,UNKNOWN,0.0,0.0,False,False,True,True,False
15.006,0.0,0.0,0.0,0.0,0.0,0.0,0.0,0.0,0,0,0.0,0.0,nan,nan,nan,UNKNOWN,0.0,0.0,False,False,True,True,False
15.058,0.0,0.0,0.0,0.0,0.0,0.0,0.0,0.0,0,0,0.0,0.0,nan,nan,nan,UNKNOWN,0.0,0.0,False,False,True,True,False
15.106,0.0,0.0,0.0,0.0,0.0,0.0,0.0,0.0,0,0,0.0,0.0,nan,nan,nan,UNKNOWN,0.0,0.0,False,False,True,True,False
15.156,0.0,0.0,0.0,0.0,0.0,0.0,0.0,0.0,0,0,0.0,0.0,nan,nan,nan,UNKNOWN,0.0,0.0,False,False,True,True,False
15.206,0.0,0.0,0.0,0.0,0.0,0.0,0.0,0.0,0,0,0.0,0.0,nan,nan,nan,UNKNOWN,0.0,0.0,False,False,True,True,False
15.256,0.0,0.0,0.0,0.0,0.0,0.0,0.0,0.0,0,0,0.0,0.0,nan,nan,nan,UNKNOWN,0.0,0.0,False,False,True,True,False
15.306,0.0,0.0,0.0,0.0,0.0,0.0,0.0,0.0,0,0,0.0,0.0,nan,nan,nan,UNKNOWN,0.0,0.0,False,False,True,True,False
15.356,0.0,0.0,0.0,0.0,0.0,0.0,0.0,0.0,0,0,0.0,0.0,nan,nan,nan,UNKNOWN,0.0,0.0,False,False,True,True,False
15.406,0.0,0.0,0.0,0.0,0.0,0.0,0.0,0.0,0,0,0.0,0.0,nan,nan,nan,UNKNOWN,0.0,0.0,False,False,True,True,False
15.456,0.0,0.0,0.0,0.0,0.0,0.0,0.0,0.0,0,0,0.0,0.0,nan,nan,nan,UNKNOWN,0.0,0.0,False,False,True,True,False
15.506,0.0,0.0,0.0,0.0,0.0,0.0,0.0,0.0,0,0,0.0,0.0,nan,nan,nan,UNKNOWN,0.0,0.0,False,False,True,True,False
15.556,0.0,0.0,0.0,0.0,0.0,0.0,0.0,0.0,0,0,0.0,0.0,nan,nan,nan,UNKNOWN,0.0,0.0,False,False,True,True,False
15.606,0.0,0.0,0.0,0.0,0.0,0.0,0.0,0.0,0,0,0.0,0.0,nan,nan,nan,UNKNOWN,0.0,0.0,False,False,True,True,False
15.656,0.0,0.0,0.0,0.0,0.0,0.0,0.0,0.0,0,0,0.0,0.0,nan,nan,nan,UNKNOWN,0.0,0.0,False,False,True,True,False
15.706,0.0,0.0,0.0,0.0,0.0,0.0,0.0,0.0,0,0,0.0,0.0,nan,nan,nan,UNKNOWN,0.0,0.0,False,False,True,True,False
15.756,0.0,0.0,0.0,0.0,0.0,0.0,0.0,0.0,0,0,0.0,0.0,nan,nan,nan,UNKNOWN,0.0,0.0,False,False,True,True,False
15.806,0.0,0.0,0.0,0.0,0.0,0.0,0.0,0.0,0,0,0.0,0.0,nan,nan,nan,UNKNOWN,0.0,0.0,False,False,True,True,False
15.856,0.0,0.0,0.0,0.0,0.0,0.0,0.0,0.0,0,0,0.0,0.0,nan,nan,nan,UNKNOWN,0.0,0.0,False,False,True,True,False
15.906,0.0,0.0,0.0,0.0,0.0,0.0,0.0,0.0,0,0,0.0,0.0,nan,nan,nan,UNKNOWN,0.0,0.0,False,False,True,True,False
15.956,0.0,0.0,0.0,0.0,0.0,0.0,0.0,0.0,0,0,0.0,0.0,nan,nan,nan,UNKNOWN,0.0,0.0,False,False,True,True,False
16.006,0.0,0.0,0.0,0.0,0.0,0.0,0.0,0.0,0,0,0.0,0.0,nan,nan,nan,UNKNOWN,0.0,0.0,False,False,True,True,False
16.058,0.0,0.0,0.0,0.0,0.0,0.0,0.0,0.0,0,0,0.0,0.0,nan,nan,nan,UNKNOWN,0.0,0.0,False,False,True,True,False
16.106,0.0,0.0,0.0,0.0,0.0,0.0,0.0,0.0,0,0,0.0,0.0,nan,nan,nan,UNKNOWN,0.0,0.0,False,False,True,True,False
16.156,0.0,0.0,0.0,0.0,0.0,0.0,0.0,0.0,0,0,0.0,0.0,nan,nan,nan,UNKNOWN,0.0,0.0,False,False,True,True,False
16.206,0.0,0.0,0.0,0.0,0.0,0.0,0.0,0.0,0,0,0.0,0.0,nan,nan,nan,UNKNOWN,0.0,0.0,False,False,True,True,False
16.256,0.0,0.0,0.0,0.0,0.0,0.0,0.0,0.0,0,0,0.0,0.0,nan,nan,nan,UNKNOWN,0.0,0.0,False,False,True,True,False
16.306,0.0,0.0,0.0,0.0,0.0,0.0,0.0,0.0,0,0,0.0,0.0,nan,nan,nan,UNKNOWN,0.0,0.0,False,False,True,True,False
16.356,0.0,0.0,0.0,0.0,0.0,0.0,0.0,0.0,0,0,0.0,0.0,nan,nan,nan,UNKNOWN,0.0,0.0,False,False,True,True,False
16.406,0.0,0.0,0.0,0.0,0.0,0.0,0.0,0.0,0,0,0.0,0.0,nan,nan,nan,UNKNOWN,0.0,0.0,False,False,True,True,False
16.456,0.0,0.0,0.0,0.0,0.0,0.0,0.0,0.0,0,0,0.0,0.0,nan,nan,nan,UNKNOWN,0.0,0.0,False,False,True,True,False
16.506,0.0,0.0,0.0,0.0,0.0,0.0,0.0,0.0,0,0,0.0,0.0,nan,nan,nan,UNKNOWN,0.0,0.0,False,False,True,True,False
16.556,0.0,0.0,0.0,0.0,0.0,0.0,0.0,0.0,0,0,0.0,0.0,nan,nan,nan,UNKNOWN,0.0,0.0,False,False,True,True,False
16.606,0.0,0.0,0.0,0.0,0.0,0.0,0.0,0.0,0,0,0.0,0.0,nan,nan,nan,UNKNOWN,0.0,0.0,False,False,True,True,False
16.656,0.0,0.0,0.0,0.0,0.0,0.0,0.0,0.0,0,0,0.0,0.0,nan,nan,nan,UNKNOWN,0.0,0.0,False,False,True,True,False
16.706,0.0,0.0,0.0,0.0,0.0,0.0,0.0,0.0,0,0,0.0,0.0,nan,nan,nan,UNKNOWN,0.0,0.0,False,False,True,True,False
16.756,0.0,0.0,0.0,0.0,0.0,0.0,0.0,0.0,0,0,0.0,0.0,nan,nan,nan,UNKNOWN,0.0,0.0,False,False,True,True,False
16.806,0.0,0.0,0.0,0.0,0.0,0.0,0.0,0.0,0,0,0.0,0.0,nan,nan,nan,UNKNOWN,0.0,0.0,False,False,True,True,False
16.856,0.0,0.0,0.0,0.0,0.0,0.0,0.0,0.0,0,0,0.0,0.0,nan,nan,nan,UNKNOWN,0.0,0.0,False,False,True,True,False
16.906,0.0,0.0,0.0,0.0,0.0,0.0,0.0,0.0,0,0,0.0,0.0,nan,nan,nan,UNKNOWN,0.0,0.0,False,False,True,True,False
16.956,0.0,0.0,0.0,0.0,0.0,0.0,0.0,0.0,0,0,0.0,0.0,nan,nan,nan,UNKNOWN,0.0,0.0,False,False,True,True,False
17.006,0.0,0.0,0.0,0.0,0.0,0.0,0.0,0.0,0,0,0.0,0.0,nan,nan,nan,UNKNOWN,0.0,0.0,False,False,True,True,False
17.058,0.0,0.0,0.0,0.0,0.0,0.0,0.0,0.0,0,0,0.0,0.0,nan,nan,nan,UNKNOWN,0.0,0.0,False,False,True,True,False
17.106,0.0,0.0,0.0,0.0,0.0,0.0,0.0,0.0,0,0,0.0,0.0,nan,nan,nan,UNKNOWN,0.0,0.0,False,False,True,True,False
17.156,0.0,0.0,0.0,0.0,0.0,0.0,0.0,0.0,0,0,0.0,0.0,nan,nan,nan,UNKNOWN,0.0,0.0,False,False,True,True,False
17.206,0.0,0.0,0.0,0.0,0.0,0.0,0.0,0.0,0,0,0.0,0.0,nan,nan,nan,UNKNOWN,0.0,0.0,False,False,True,True,False
17.256,0.0,0.0,0.0,0.0,0.0,0.0,0.0,0.0,0,0,0.0,0.0,nan,nan,nan,UNKNOWN,0.0,0.0,False,False,True,True,False
17.306,0.0,0.0,0.0,0.0,0.0,0.0,0.0,0.0,0,0,0.0,0.0,nan,nan,nan,UNKNOWN,0.0,0.0,False,False,True,True,False
17.356,0.0,0.0,0.0,0.0,0.0,0.0,0.0,0.0,0,0,0.0,0.0,nan,nan,nan,UNKNOWN,0.0,0.0,False,False,True,True,False
17.406,0.0,0.0,0.0,0.0,0.0,0.0,0.0,0.0,0,0,0.0,0.0,nan,nan,nan,UNKNOWN,0.0,0.0,False,False,True,True,False
17.456,0.0,0.0,0.0,0.0,0.0,0.0,0.0,0.0,0,0,0.0,0.0,nan,nan,nan,UNKNOWN,0.0,0.0,False,False,True,True,False
17.506,0.0,0.0,0.0,0.0,0.0,0.0,0.0,0.0,0,0,0.0,0.0,nan,nan,nan,UNKNOWN,0.0,0.0,False,False,True,True,False
17.556,0.0,0.0,0.0,0.0,0.0,0.0,0.0,0.0,0,0,0.0,0.0,nan,nan,nan,UNKNOWN,0.0,0.0,False,False,True,True,False
17.606,0.0,0.0,0.0,0.0,0.0,0.0,0.0,0.0,0,0,0.0,0.0,nan,nan,nan,UNKNOWN,0.0,0.0,False,False,True,True,False
17.656,0.0,0.0,0.0,0.0,0.0,0.0,0.0,0.0,0,0,0.0,0.0,nan,nan,nan,UNKNOWN,0.0,0.0,False,False,True,True,False
17.706,0.0,0.0,0.0,0.0,0.0,0.0,0.0,0.0,0,0,0.0,0.0,nan,nan,nan,UNKNOWN,0.0,0.0,False,False,True,True,False
17.756,0.0,0.0,0.0,0.0,0.0,0.0,0.0,0.0,0,0,0.0,0.0,nan,nan,nan,UNKNOWN,0.0,0.0,False,False,True,True,False
17.806,0.0,0.0,0.0,0.0,0.0,0.0,0.0,0.0,0,0,0.0,0.0,nan,nan,nan,UNKNOWN,0.0,0.0,False,False,True,True,False
17.856,0.0,0.0,0.0,0.0,0.0,0.0,0.0,0.0,0,0,0.0,0.0,nan,nan,nan,UNKNOWN,0.0,0.0,False,False,True,True,False
17.906,0.0,0.0,0.0,0.0,0.0,0.0,0.0,0.0,0,0,0.0,0.0,nan,nan,nan,UNKNOWN,0.0,0.0,False,False,True,True,False
17.956,0.0,0.0,0.0,0.0,0.0,0.0,0.0,0.0,0,0,0.0,0.0,nan,nan,nan,UNKNOWN,0.0,0.0,False,False,True,True,False
18.006,0.0,0.0,0.0,0.0,0.0,0.0,0.0,0.0,0,0,0.0,0.0,nan,nan,nan,UNKNOWN,0.0,0.0,False,False,True,True,False
18.058,0.0,0.0,0.0,0.0,0.0,0.0,0.0,0.0,0,0,0.0,0.0,nan,nan,nan,UNKNOWN,0.0,0.0,False,False,True,True,False
18.106,0.0,0.0,0.0,0.0,0.0,0.0,0.0,0.0,0,0,0.0,0.0,nan,nan,nan,UNKNOWN,0.0,0.0,False,False,True,True,False
18.156,0.0,0.0,0.0,0.0,0.0,0.0,0.0,0.0,0,0,0.0,0.0,nan,nan,nan,UNKNOWN,0.0,0.0,False,False,True,True,False
18.206,0.0,0.0,0.0,0.0,0.0,0.0,0.0,0.0,0,0,0.0,0.0,nan,nan,nan,UNKNOWN,0.0,0.0,False,False,True,True,False
18.256,0.0,0.0,0.0,0.0,0.0,0.0,0.0,0.0,0,0,0.0,0.0,nan,nan,nan,UNKNOWN,0.0,0.0,False,False,True,True,False
18.306,0.0,0.0,0.0,0.0,0.0,0.0,0.0,0.0,0,0,0.0,0.0,nan,nan,nan,UNKNOWN,0.0,0.0,False,False,True,True,False
18.356,0.0,0.0,0.0,0.0,0.0,0.0,0.0,0.0,0,0,0.0,0.0,nan,nan,nan,UNKNOWN,0.0,0.0,False,False,True,True,False
18.406,0.0,0.0,0.0,0.0,0.0,0.0,0.0,0.0,0,0,0.0,0.0,nan,nan,nan,UNKNOWN,0.0,0.0,False,False,True,True,False
18.456,0.0,0.0,0.0,0.0,0.0,0.0,0.0,0.0,0,0,0.0,0.0,nan,nan,nan,UNKNOWN,0.0,0.0,False,False,True,True,False
18.506,0.0,0.0,0.0,0.0,0.0,0.0,0.0,0.0,0,0,0.0,0.0,nan,nan,nan,UNKNOWN,0.0,0.0,False,False,True,True,False
18.556,0.0,0.0,0.0,0.0,0.0,0.0,0.0,0.0,0,0,0.0,0.0,nan,nan,nan,UNKNOWN,0.0,0.0,False,False,True,True,False
18.606,0.0,0.0,0.0,0.0,0.0,0.0,0.0,0.0,0,0,0.0,0.0,nan,nan,nan,UNKNOWN,0.0,0.0,False,False,True,True,False
18.656,0.0,0.0,0.0,0.0,0.0,0.0,0.0,0.0,0,0,0.0,0.0,nan,nan,nan,UNKNOWN,0.0,0.0,False,False,True,True,False
18.706,0.0,0.0,0.0,0.0,0.0,0.0,0.0,0.0,0,0,0.0,0.0,nan,nan,nan,UNKNOWN,0.0,0.0,False,False,True,True,False
18.756,0.0,0.0,0.0,0.0,0.0,0.0,0.0,0.0,0,0,0.0,0.0,nan,nan,nan,UNKNOWN,0.0,0.0,False,False,True,True,False
18.806,0.0,0.0,0.0,0.0,0.0,0.0,0.0,0.0,0,0,0.0,0.0,nan,nan,nan,UNKNOWN,0.0,0.0,False,False,True,True,False
18.856,0.0,0.0,0.0,0.0,0.0,0.0,0.0,0.0,0,0,0.0,0.0,nan,nan,nan,UNKNOWN,0.0,0.0,False,False,True,True,False
18.906,0.0,0.0,0.0,0.0,0.0,0.0,0.0,0.0,0,0,0.0,0.0,nan,nan,nan,UNKNOWN,0.0,0.0,False,False,True,True,False
18.956,0.0,0.0,0.0,0.0,0.0,0.0,0.0,0.0,0,0,0.0,0.0,nan,nan,nan,UNKNOWN,0.0,0.0,False,False,True,True,False
19.006,0.0,0.0,0.0,0.0,0.0,0.0,0.0,0.0,0,0,0.0,0.0,nan,nan,nan,UNKNOWN,0.0,0.0,False,False,True,True,False
19.058,0.0,0.0,0.0,0.0,0.0,0.0,0.0,0.0,0,0,0.0,0.0,nan,nan,nan,UNKNOWN,0.0,0.0,False,False,True,True,False
19.106,0.0,0.0,0.0,0.0,0.0,0.0,0.0,0.0,0,0,0.0,0.0,nan,nan,nan,UNKNOWN,0.0,0.0,False,False,True,True,False
19.156,0.0,0.0,0.0,0.0,0.0,0.0,0.0,0.0,0,0,0.0,0.0,nan,nan,nan,UNKNOWN,0.0,0.0,False,False,True,True,False
19.206,0.0,0.0,0.0,0.0,0.0,0.0,0.0,0.0,0,0,0.0,0.0,nan,nan,nan,UNKNOWN,0.0,0.0,False,False,True,True,False
19.256,0.0,0.0,0.0,0.0,0.0,0.0,0.0,0.0,0,0,0.0,0.0,nan,nan,nan,UNKNOWN,0.0,0.0,False,False,True,True,False
19.306,0.0,0.0,0.0,0.0,0.0,0.0,0.0,0.0,0,0,0.0,0.0,nan,nan,nan,UNKNOWN,0.0,0.0,False,False,True,True,False
19.356,0.0,0.0,0.0,0.0,0.0,0.0,0.0,0.0,0,0,0.0,0.0,nan,nan,nan,UNKNOWN,0.0,0.0,False,False,True,True,False
19.406,0.0,0.0,0.0,0.0,0.0,0.0,0.0,0.0,0,0,0.0,0.0,nan,nan,nan,UNKNOWN,0.0,0.0,False,False,True,True,False
19.456,0.0,0.0,0.0,0.0,0.0,0.0,0.0,0.0,0,0,0.0,0.0,nan,nan,nan,UNKNOWN,0.0,0.0,False,False,True,True,False
19.506,0.0,0.0,0.0,0.0,0.0,0.0,0.0,0.0,0,0,0.0,0.0,nan,nan,nan,UNKNOWN,0.0,0.0,False,False,True,True,False
19.556,0.0,0.0,0.0,0.0,0.0,0.0,0.0,0.0,0,0,0.0,0.0,nan,nan,nan,UNKNOWN,0.0,0.0,False,False,True,True,False
19.606,0.0,0.0,0.0,0.0,0.0,0.0,0.0,0.0,0,0,0.0,0.0,nan,nan,nan,UNKNOWN,0.0,0.0,False,False,True,True,False
19.656,0.0,0.0,0.0,0.0,0.0,0.0,0.0,0.0,0,0,0.0,0.0,nan,nan,nan,UNKNOWN,0.0,0.0,False,False,True,True,False
19.706,0.0,0.0,0.0,0.0,0.0,0.0,0.0,0.0,0,0,0.0,0.0,nan,nan,nan,UNKNOWN,0.0,0.0,False,False,True,True,False
19.756,0.0,0.0,0.0,0.0,0.0,0.0,0.0,0.0,0,0,0.0,0.0,nan,nan,nan,UNKNOWN,0.0,0.0,False,False,True,True,False
19.806,0.0,0.0,0.0,0.0,0.0,0.0,0.0,0.0,0,0,0.0,0.0,nan,nan,nan,UNKNOWN,0.0,0.0,False,False,True,True,False
19.856,0.0,0.0,0.0,0.0,0.0,0.0,0.0,0.0,0,0,0.0,0.0,nan,nan,nan,UNKNOWN,0.0,0.0,False,False,True,True,False
19.906,0.0,0.0,0.0,0.0,0.0,0.0,0.0,0.0,0,0,0.0,0.0,nan,nan,nan,UNKNOWN,0.0,0.0,False,False,True,True,False
19.956,0.0,0.0,0.0,0.0,0.0,0.0,0.0,0.0,0,0,0.0,0.0,nan,nan,nan,UNKNOWN,0.0,0.0,False,False,True,True,False
20.006,0.0,0.0,0.0,0.0,0.0,0.0,0.0,0.0,0,0,0.0,0.0,nan,nan,nan,UNKNOWN,0.0,0.0,False,False,True,True,False
20.058,0.0,0.0,0.0,0.0,0.0,0.0,0.0,0.0,0,0,0.0,0.0,nan,nan,nan,UNKNOWN,0.0,0.0,False,False,True,True,False
20.106,0.0,0.0,0.0,0.0,0.0,0.0,0.0,0.0,0,0,0.0,0.0,nan,nan,nan,UNKNOWN,0.0,0.0,False,False,True,True,False
20.156,0.0,0.0,0.0,0.0,0.0,0.0,0.0,0.0,0,0,0.0,0.0,nan,nan,nan,UNKNOWN,0.0,0.0,False,False,True,True,False
20.206,0.0,0.0,0.0,0.0,0.0,0.0,0.0,0.0,0,0,0.0,0.0,nan,nan,nan,UNKNOWN,0.0,0.0,False,False,True,True,False
20.256,0.0,0.0,0.0,0.0,0.0,0.0,0.0,0.0,0,0,0.0,0.0,nan,nan,nan,UNKNOWN,0.0,0.0,False,False,True,True,False
20.306,0.0,0.0,0.0,0.0,0.0,0.0,0.0,0.0,0,0,0.0,0.0,nan,nan,nan,UNKNOWN,0.0,0.0,False,False,True,True,False
20.356,0.0,0.0,0.0,0.0,0.0,0.0,0.0,0.0,0,0,0.0,0.0,nan,nan,nan,UNKNOWN,0.0,0.0,False,False,True,True,False
20.406,0.0,0.0,0.0,0.0,0.0,0.0,0.0,0.0,0,0,0.0,0.0,nan,nan,nan,UNKNOWN,0.0,0.0,False,False,True,True,False
20.456,0.0,0.0,0.0,0.0,0.0,0.0,0.0,0.0,0,0,0.0,0.0,nan,nan,nan,UNKNOWN,0.0,0.0,False,False,True,True,False
20.506,0.0,0.0,0.0,0.0,0.0,0.0,0.0,0.0,0,0,0.0,0.0,nan,nan,nan,UNKNOWN,0.0,0.0,False,False,True,True,False
20.556,0.0,0.0,0.0,0.0,0.0,0.0,0.0,0.0,0,0,0.0,0.0,nan,nan,nan,UNKNOWN,0.0,0.0,False,False,True,True,False
20.606,0.0,0.0,0.0,0.0,0.0,0.0,0.0,0.0,0,0,0.0,0.0,nan,nan,nan,UNKNOWN,0.0,0.0,False,False,True,True,False
20.656,0.0,0.0,0.0,0.0,0.0,0.0,0.0,0.0,0,0,0.0,0.0,nan,nan,nan,UNKNOWN,0.0,0.0,False,False,True,True,False
20.706,0.0,0.0,0.0,0.0,0.0,0.0,0.0,0.0,0,0,0.0,0.0,nan,nan,nan,UNKNOWN,0.0,0.0,False,False,True,True,False
20.756,0.0,0.0,0.0,0.0,0.0,0.0,0.0,0.0,0,0,0.0,0.0,nan,nan,nan,UNKNOWN,0.0,0.0,False,False,True,True,False
20.806,0.0,0.0,0.0,0.0,0.0,0.0,0.0,0.0,0,0,0.0,0.0,nan,nan,nan,UNKNOWN,0.0,0.0,False,False,True,True,False
20.856,0.0,0.0,0.0,0.0,0.0,0.0,0.0,0.0,0,0,0.0,0.0,nan,nan,nan,UNKNOWN,0.0,0.0,False,False,True,True,False
20.906,0.0,0.0,0.0,0.0,0.0,0.0,0.0,0.0,0,0,0.0,0.0,nan,nan,nan,UNKNOWN,0.0,0.0,False,False,True,True,False
20.956,0.0,0.0,0.0,0.0,0.0,0.0,0.0,0.0,0,0,0.0,0.0,nan,nan,nan,UNKNOWN,0.0,0.0,False,False,True,True,False
21.006,0.0,0.0,0.0,0.0,0.0,0.0,0.0,0.0,0,0,0.0,0.0,nan,nan,nan,UNKNOWN,0.0,0.0,False,False,True,True,False
21.058,0.0,0.0,0.0,0.0,0.0,0.0,0.0,0.0,0,0,0.0,0.0,nan,nan,nan,UNKNOWN,0.0,0.0,False,False,True,True,False
21.106,0.0,0.0,0.0,0.0,0.0,0.0,0.0,0.0,0,0,0.0,0.0,nan,nan,nan,UNKNOWN,0.0,0.0,False,False,True,True,False
21.156,0.0,0.0,0.0,0.0,0.0,0.0,0.0,0.0,0,0,0.0,0.0,nan,nan,nan,UNKNOWN,0.0,0.0,False,False,True,True,False
21.206,0.0,0.0,0.0,0.0,0.0,0.0,0.0,0.0,0,0,0.0,0.0,nan,nan,nan,UNKNOWN,0.0,0.0,False,False,True,True,False
21.256,0.0,0.0,0.0,0.0,0.0,0.0,0.0,0.0,0,0,0.0,0.0,nan,nan,nan,UNKNOWN,0.0,0.0,False,False,True,True,False
21.306,0.0,0.0,0.0,0.0,0.0,0.0,0.0,0.0,0,0,0.0,0.0,nan,nan,nan,UNKNOWN,0.0,0.0,False,False,True,True,False
21.356,0.0,0.0,0.0,0.0,0.0,0.0,0.0,0.0,0,0,0.0,0.0,nan,nan,nan,UNKNOWN,0.0,0.0,False,False,True,True,False
21.406,0.0,0.0,0.0,0.0,0.0,0.0,0.0,0.0,0,0,0.0,0.0,nan,nan,nan,UNKNOWN,0.0,0.0,False,False,True,True,False
21.456,0.0,0.0,0.0,0.0,0.0,0.0,0.0,0.0,0,0,0.0,0.0,nan,nan,nan,UNKNOWN,0.0,0.0,False,False,True,True,False
21.506,0.0,0.0,0.0,0.0,0.0,0.0,0.0,0.0,0,0,0.0,0.0,nan,nan,nan,UNKNOWN,0.0,0.0,False,False,True,True,False
21.556,0.0,0.0,0.0,0.0,0.0,0.0,0.0,0.0,0,0,0.0,0.0,nan,nan,nan,UNKNOWN,0.0,0.0,False,False,True,True,False
21.606,0.0,0.0,0.0,0.0,0.0,0.0,0.0,0.0,0,0,0.0,0.0,nan,nan,nan,UNKNOWN,0.0,0.0,False,False,True,True,False
21.656,0.0,0.0,0.0,0.0,0.0,0.0,0.0,0.0,0,0,0.0,0.0,nan,nan,nan,UNKNOWN,0.0,0.0,False,False,True,True,False
21.706,0.0,0.0,0.0,0.0,0.0,0.0,0.0,0.0,0,0,0.0,0.0,nan,nan,nan,UNKNOWN,0.0,0.0,False,False,True,True,False
21.756,0.0,0.0,0.0,0.0,0.0,0.0,0.0,0.0,0,0,0.0,0.0,nan,nan,nan,UNKNOWN,0.0,0.0,False,False,True,True,False
21.806,0.0,0.0,0.0,0.0,0.0,0.0,0.0,0.0,0,0,0.0,0.0,nan,nan,nan,UNKNOWN,0.0,0.0,False,False,True,True,False
21.856,0.0,0.0,0.0,0.0,0.0,0.0,0.0,0.0,0,0,0.0,0.0,nan,nan,nan,UNKNOWN,0.0,0.0,False,False,True,True,False
21.906,0.0,0.0,0.0,0.0,0.0,0.0,0.0,0.0,0,0,0.0,0.0,nan,nan,nan,UNKNOWN,0.0,0.0,False,False,True,True,False
21.956,0.0,0.0,0.0,0.0,0.0,0.0,0.0,0.0,0,0,0.0,0.0,nan,nan,nan,UNKNOWN,0.0,0.0,False,False,True,True,False
22.006,0.0,0.0,0.0,0.0,0.0,0.0,0.0,0.0,0,0,0.0,0.0,nan,nan,nan,UNKNOWN,0.0,0.0,False,False,True,True,False
22.058,0.0,0.0,0.0,0.0,0.0,0.0,0.0,0.0,0,0,0.0,0.0,nan,nan,nan,UNKNOWN,0.0,0.0,False,False,True,True,False
22.106,0.0,0.0,0.0,0.0,0.0,0.0,0.0,0.0,0,0,0.0,0.0,nan,nan,nan,UNKNOWN,0.0,0.0,False,False,True,True,False
22.156,0.0,0.0,0.0,0.0,0.0,0.0,0.0,0.0,0,0,0.0,0.0,nan,nan,nan,UNKNOWN,0.0,0.0,False,False,True,True,False
22.206,0.0,0.0,0.0,0.0,0.0,0.0,0.0,0.0,0,0,0.0,0.0,nan,nan,nan,UNKNOWN,0.0,0.0,False,False,True,True,False
22.256,0.0,0.0,0.0,0.0,0.0,0.0,0.0,0.0,0,0,0.0,0.0,nan,nan,nan,UNKNOWN,0.0,0.0,False,False,True,True,False
22.306,0.0,0.0,0.0,0.0,0.0,0.0,0.0,0.0,0,0,0.0,0.0,nan,nan,nan,UNKNOWN,0.0,0.0,False,False,True,True,False
22.356,0.0,0.0,0.0,0.0,0.0,0.0,0.0,0.0,0,0,0.0,0.0,nan,nan,nan,UNKNOWN,0.0,0.0,False,False,True,True,False
22.406,0.0,0.0,0.0,0.0,0.0,0.0,0.0,0.0,0,0,0.0,0.0,nan,nan,nan,UNKNOWN,0.0,0.0,False,False,True,True,False
22.456,0.0,0.0,0.0,0.0,0.0,0.0,0.0,0.0,0,0,0.0,0.0,nan,nan,nan,UNKNOWN,0.0,0.0,False,False,True,True,False
22.506,0.0,0.0,0.0,0.0,0.0,0.0,0.0,0.0,0,0,0.0,0.0,nan,nan,nan,UNKNOWN,0.0,0.0,False,False,True,True,False
22.556,0.0,0.0,0.0,0.0,0.0,0.0,0.0,0.0,0,0,0.0,0.0,nan,nan,nan,UNKNOWN,0.0,0.0,False,False,True,True,False
22.606,0.0,0.0,0.0,0.0,0.0,0.0,0.0,0.0,0,0,0.0,0.0,nan,nan,nan,UNKNOWN,0.0,0.0,False,False,True,True,False
22.656,0.0,0.0,0.0,0.0,0.0,0.0,0.0,0.0,0,0,0.0,0.0,nan,nan,nan,UNKNOWN,0.0,0.0,False,False,True,True,False
22.706,0.0,0.0,0.0,0.0,0.0,0.0,0.0,0.0,0,0,0.0,0.0,nan,nan,nan,UNKNOWN,0.0,0.0,False,False,True,True,False
22.756,0.0,0.0,0.0,0.0,0.0,0.0,0.0,0.0,0,0,0.0,0.0,nan,nan,nan,UNKNOWN,0.0,0.0,False,False,True,True,False
22.806,0.0,0.0,0.0,0.0,0.0,0.0,0.0,0.0,0,0,0.0,0.0,nan,nan,nan,UNKNOWN,0.0,0.0,False,False,True,True,False
22.856,0.0,0.0,0.0,0.0,0.0,0.0,0.0,0.0,0,0,0.0,0.0,nan,nan,nan,UNKNOWN,0.0,0.0,False,False,True,True,False
22.906,0.0,0.0,0.0,0.0,0.0,0.0,0.0,0.0,0,0,0.0,0.0,nan,nan,nan,UNKNOWN,0.0,0.0,False,False,True,True,False
22.956,0.0,0.0,0.0,0.0,0.0,0.0,0.0,0.0,0,0,0.0,0.0,nan,nan,nan,UNKNOWN,0.0,0.0,False,False,True,True,False
23.006,0.0,0.0,0.0,0.0,0.0,0.0,0.0,0.0,0,0,0.0,0.0,nan,nan,nan,UNKNOWN,0.0,0.0,False,False,True,True,False
23.058,0.0,0.0,0.0,0.0,0.0,0.0,0.0,0.0,0,0,0.0,0.0,nan,nan,nan,UNKNOWN,0.0,0.0,False,False,True,True,False
23.106,0.0,0.0,0.0,0.0,0.0,0.0,0.0,0.0,0,0,0.0,0.0,nan,nan,nan,UNKNOWN,0.0,0.0,False,False,True,True,False
23.156,0.0,0.0,0.0,0.0,0.0,0.0,0.0,0.0,0,0,0.0,0.0,nan,nan,nan,UNKNOWN,0.0,0.0,False,False,True,True,False
23.206,0.0,0.0,0.0,0.0,0.0,0.0,0.0,0.0,0,0,0.0,0.0,nan,nan,nan,UNKNOWN,0.0,0.0,False,False,True,True,False
23.256,0.0,0.0,0.0,0.0,0.0,0.0,0.0,0.0,0,0,0.0,0.0,nan,nan,nan,UNKNOWN,0.0,0.0,False,False,True,True,False
23.306,0.0,0.0,0.0,0.0,0.0,0.0,0.0,0.0,0,0,0.0,0.0,nan,nan,nan,UNKNOWN,0.0,0.0,False,False,True,True,False
23.356,0.0,0.0,0.0,0.0,0.0,0.0,0.0,0.0,0,0,0.0,0.0,nan,nan,nan,UNKNOWN,0.0,0.0,False,False,True,True,False
23.406,0.0,0.0,0.0,0.0,0.0,0.0,0.0,0.0,0,0,0.0,0.0,nan,nan,nan,UNKNOWN,0.0,0.0,False,False,True,True,False
23.456,0.0,0.0,0.0,0.0,0.0,0.0,0.0,0.0,0,0,0.0,0.0,nan,nan,nan,UNKNOWN,0.0,0.0,False,False,True,True,False
23.506,0.0,0.0,0.0,0.0,0.0,0.0,0.0,0.0,0,0,0.0,0.0,nan,nan,nan,UNKNOWN,0.0,0.0,False,False,True,True,False
23.556,0.0,0.0,0.0,0.0,0.0,0.0,0.0,0.0,0,0,0.0,0.0,nan,nan,nan,UNKNOWN,0.0,0.0,False,False,True,True,False
23.606,0.0,0.0,0.0,0.0,0.0,0.0,0.0,0.0,0,0,0.0,0.0,nan,nan,nan,UNKNOWN,0.0,0.0,False,False,True,True,False
23.656,0.0,0.0,0.0,0.0,0.0,0.0,0.0,0.0,0,0,0.0,0.0,nan,nan,nan,UNKNOWN,0.0,0.0,False,False,True,True,False
23.706,0.0,0.0,0.0,0.0,0.0,0.0,0.0,0.0,0,0,0.0,0.0,nan,nan,nan,UNKNOWN,0.0,0.0,False,False,True,True,False
23.756,0.0,0.0,0.0,0.0,0.0,0.0,0.0,0.0,0,0,0.0,0.0,nan,nan,nan,UNKNOWN,0.0,0.0,False,False,True,True,False
23.806,0.0,0.0,0.0,0.0,0.0,0.0,0.0,0.0,0,0,0.0,0.0,nan,nan,nan,UNKNOWN,0.0,0.0,False,False,True,True,False
23.856,0.0,0.0,0.0,0.0,0.0,0.0,0.0,0.0,0,0,0.0,0.0,nan,nan,nan,UNKNOWN,0.0,0.0,False,False,True,True,False
23.906,0.0,0.0,0.0,0.0,0.0,0.0,0.0,0.0,0,0,0.0,0.0,nan,nan,nan,UNKNOWN,0.0,0.0,False,False,True,True,False
23.956,0.0,0.0,0.0,0.0,0.0,0.0,0.0,0.0,0,0,0.0,0.0,nan,nan,nan,UNKNOWN,0.0,0.0,False,False,True,True,False
24.006,0.0,0.0,0.0,0.0,0.0,0.0,0.0,0.0,0,0,0.0,0.0,nan,nan,nan,UNKNOWN,0.0,0.0,False,False,True,True,False
24.058,0.0,0.0,0.0,0.0,0.0,0.0,0.0,0.0,0,0,0.0,0.0,nan,nan,nan,UNKNOWN,0.0,0.0,False,False,True,True,False
24.106,0.0,0.0,0.0,0.0,0.0,0.0,0.0,0.0,0,0,0.0,0.0,nan,nan,nan,UNKNOWN,0.0,0.0,False,False,True,True,False
24.156,0.0,0.0,0.0,0.0,0.0,0.0,0.0,0.0,0,0,0.0,0.0,nan,nan,nan,UNKNOWN,0.0,0.0,False,False,True,True,False
24.206,0.0,0.0,0.0,0.0,0.0,0.0,0.0,0.0,0,0,0.0,0.0,nan,nan,nan,UNKNOWN,0.0,0.0,False,False,True,True,False
24.256,0.0,0.0,0.0,0.0,0.0,0.0,0.0,0.0,0,0,0.0,0.0,nan,nan,nan,UNKNOWN,0.0,0.0,False,False,True,True,False
24.306,0.0,0.0,0.0,0.0,0.0,0.0,0.0,0.0,0,0,0.0,0.0,nan,nan,nan,UNKNOWN,0.0,0.0,False,False,True,True,False
24.356,0.0,0.0,0.0,0.0,0.0,0.0,0.0,0.0,0,0,0.0,0.0,nan,nan,nan,UNKNOWN,0.0,0.0,False,False,True,True,False
24.406,0.0,0.0,0.0,0.0,0.0,0.0,0.0,0.0,0,0,0.0,0.0,nan,nan,nan,UNKNOWN,0.0,0.0,False,False,True,True,False
24.456,0.0,0.0,0.0,0.0,0.0,0.0,0.0,0.0,0,0,0.0,0.0,nan,nan,nan,UNKNOWN,0.0,0.0,False,False,True,True,False
24.506,0.0,0.0,0.0,0.0,0.0,0.0,0.0,0.0,0,0,0.0,0.0,nan,nan,nan,UNKNOWN,0.0,0.0,False,False,True,True,False
24.556,0.0,0.0,0.0,0.0,0.0,0.0,0.0,0.0,0,0,0.0,0.0,nan,nan,nan,UNKNOWN,0.0,0.0,False,False,True,True,False
24.606,0.0,0.0,0.0,0.0,0.0,0.0,0.0,0.0,0,0,0.0,0.0,nan,nan,nan,UNKNOWN,0.0,0.0,False,False,True,True,False
24.656,0.0,0.0,0.0,0.0,0.0,0.0,0.0,0.0,0,0,0.0,0.0,nan,nan,nan,UNKNOWN,0.0,0.0,False,False,True,True,False
24.706,0.0,0.0,0.0,0.0,0.0,0.0,0.0,0.0,0,0,0.0,0.0,nan,nan,nan,UNKNOWN,0.0,0.0,False,False,True,True,False
24.756,0.0,0.0,0.0,0.0,0.0,0.0,0.0,0.0,0,0,0.0,0.0,nan,nan,nan,UNKNOWN,0.0,0.0,False,False,True,True,False
24.806,0.0,0.0,0.0,0.0,0.0,0.0,0.0,0.0,0,0,0.0,0.0,nan,nan,nan,UNKNOWN,0.0,0.0,False,False,True,True,False
24.856,0.0,0.0,0.0,0.0,0.0,0.0,0.0,0.0,0,0,0.0,0.0,nan,nan,nan,UNKNOWN,0.0,0.0,False,False,True,True,False
24.906,0.0,0.0,0.0,0.0,0.0,0.0,0.0,0.0,0,0,0.0,0.0,nan,nan,nan,UNKNOWN,0.0,0.0,False,False,True,True,False
24.956,0.0,0.0,0.0,0.0,0.0,0.0,0.0,0.0,0,0,0.0,0.0,nan,nan,nan,UNKNOWN,0.0,0.0,False,False,True,True,False
25.006,0.0,0.0,0.0,0.0,0.0,0.0,0.0,0.0,0,0,0.0,0.0,nan,nan,nan,UNKNOWN,0.0,0.0,False,False,True,True,False
25.058,0.0,0.0,0.0,0.0,0.0,0.0,0.0,0.0,0,0,0.0,0.0,nan,nan,nan,UNKNOWN,0.0,0.0,False,False,True,True,False
25.106,0.0,0.0,0.0,0.0,0.0,0.0,0.0,0.0,0,0,0.0,0.0,nan,nan,nan,UNKNOWN,0.0,0.0,False,False,True,True,False
25.156,0.0,0.0,0.0,0.0,0.0,0.0,0.0,0.0,0,0,0.0,0.0,nan,nan,nan,UNKNOWN,0.0,0.0,False,False,True,True,False
25.206,0.0,0.0,0.0,0.0,0.0,0.0,0.0,0.0,0,0,0.0,0.0,nan,nan,nan,UNKNOWN,0.0,0.0,False,False,True,True,False
25.256,0.0,0.0,0.0,0.0,0.0,0.0,0.0,0.0,0,0,0.0,0.0,nan,nan,nan,UNKNOWN,0.0,0.0,False,False,True,True,False
25.306,0.0,0.0,0.0,0.0,0.0,0.0,0.0,0.0,0,0,0.0,0.0,nan,nan,nan,UNKNOWN,0.0,0.0,False,False,True,True,False
25.356,0.0,0.0,0.0,0.0,0.0,0.0,0.0,0.0,0,0,0.0,0.0,nan,nan,nan,UNKNOWN,0.0,0.0,False,False,True,True,False
25.406,0.0,0.0,0.0,0.0,0.0,0.0,0.0,0.0,0,0,0.0,0.0,nan,nan,nan,UNKNOWN,0.0,0.0,False,False,True,True,False
25.456,0.0,0.0,0.0,0.0,0.0,0.0,0.0,0.0,0,0,0.0,0.0,nan,nan,nan,UNKNOWN,0.0,0.0,False,False,True,True,False
25.506,0.0,0.0,0.0,0.0,0.0,0.0,0.0,0.0,0,0,0.0,0.0,nan,nan,nan,UNKNOWN,0.0,0.0,False,False,True,True,False
25.556,0.0,0.0,0.0,0.0,0.0,0.0,0.0,0.0,0,0,0.0,0.0,nan,nan,nan,UNKNOWN,0.0,0.0,False,False,True,True,False
25.606,0.0,0.0,0.0,0.0,0.0,0.0,0.0,0.0,0,0,0.0,0.0,nan,nan,nan,UNKNOWN,0.0,0.0,False,False,True,True,False
25.656,0.0,0.0,0.0,0.0,0.0,0.0,0.0,0.0,0,0,0.0,0.0,nan,nan,nan,UNKNOWN,0.0,0.0,False,False,True,True,False
25.706,0.0,0.0,0.0,0.0,0.0,0.0,0.0,0.0,0,0,0.0,0.0,nan,nan,nan,UNKNOWN,0.0,0.0,False,False,True,True,False
25.756,0.0,0.0,0.0,0.0,0.0,0.0,0.0,0.0,0,0,0.0,0.0,nan,nan,nan,UNKNOWN,0.0,0.0,False,False,True,True,False
25.806,0.0,0.0,0.0,0.0,0.0,0.0,0.0,0.0,0,0,0.0,0.0,nan,nan,nan,UNKNOWN,0.0,0.0,False,False,True,True,False
25.856,0.0,0.0,0.0,0.0,0.0,0.0,0.0,0.0,0,0,0.0,0.0,nan,nan,nan,UNKNOWN,0.0,0.0,False,False,True,True,False
25.906,0.0,0.0,0.0,0.0,0.0,0.0,0.0,0.0,0,0,0.0,0.0,nan,nan,nan,UNKNOWN,0.0,0.0,False,False,True,True,False
25.956,0.0,0.0,0.0,0.0,0.0,0.0,0.0,0.0,0,0,0.0,0.0,nan,nan,nan,UNKNOWN,0.0,0.0,False,False,True,True,False
26.006,0.0,0.0,0.0,0.0,0.0,0.0,0.0,0.0,0,0,0.0,0.0,nan,nan,nan,UNKNOWN,0.0,0.0,False,False,True,True,False
26.058,0.0,0.0,0.0,0.0,0.0,0.0,0.0,0.0,0,0,0.0,0.0,nan,nan,nan,UNKNOWN,0.0,0.0,False,False,True,True,False
26.106,0.0,0.0,0.0,0.0,0.0,0.0,0.0,0.0,0,0,0.0,0.0,nan,nan,nan,UNKNOWN,0.0,0.0,False,False,True,True,False
26.156,0.0,0.0,0.0,0.0,0.0,0.0,0.0,0.0,0,0,0.0,0.0,nan,nan,nan,UNKNOWN,0.0,0.0,False,False,True,True,False
26.206,0.0,0.0,0.0,0.0,0.0,0.0,0.0,0.0,0,0,0.0,0.0,nan,nan,nan,UNKNOWN,0.0,0.0,False,False,True,True,False
26.256,0.0,0.0,0.0,0.0,0.0,0.0,0.0,0.0,0,0,0.0,0.0,nan,nan,nan,UNKNOWN,0.0,0.0,False,False,True,True,False
26.306,0.0,0.0,0.0,0.0,0.0,0.0,0.0,0.0,0,0,0.0,0.0,nan,nan,nan,UNKNOWN,0.0,0.0,False,False,True,True,False
26.356,0.0,0.0,0.0,0.0,0.0,0.0,0.0,0.0,0,0,0.0,0.0,nan,nan,nan,UNKNOWN,0.0,0.0,False,False,True,True,False
26.406,0.0,0.0,0.0,0.0,0.0,0.0,0.0,0.0,0,0,0.0,0.0,nan,nan,nan,UNKNOWN,0.0,0.0,False,False,True,True,False
26.456,0.0,0.0,0.0,0.0,0.0,0.0,0.0,0.0,0,0,0.0,0.0,nan,nan,nan,UNKNOWN,0.0,0.0,False,False,True,True,False
26.506,0.0,0.0,0.0,0.0,0.0,0.0,0.0,0.0,0,0,0.0,0.0,nan,nan,nan,UNKNOWN,0.0,0.0,False,False,True,True,False
26.556,0.0,0.0,0.0,0.0,0.0,0.0,0.0,0.0,0,0,0.0,0.0,nan,nan,nan,UNKNOWN,0.0,0.0,False,False,True,True,False
26.606,0.0,0.0,0.0,0.0,0.0,0.0,0.0,0.0,0,0,0.0,0.0,nan,nan,nan,UNKNOWN,0.0,0.0,False,False,True,True,False
26.656,0.0,0.0,0.0,0.0,0.0,0.0,0.0,0.0,0,0,0.0,0.0,nan,nan,nan,UNKNOWN,0.0,0.0,False,False,True,True,False
26.706,0.0,0.0,0.0,0.0,0.0,0.0,0.0,0.0,0,0,0.0,0.0,nan,nan,nan,UNKNOWN,0.0,0.0,False,False,True,True,False
26.756,0.0,0.0,0.0,0.0,0.0,0.0,0.0,0.0,0,0,0.0,0.0,nan,nan,nan,UNKNOWN,0.0,0.0,False,False,True,True,False
26.806,0.0,0.0,0.0,0.0,0.0,0.0,0.0,0.0,0,0,0.0,0.0,nan,nan,nan,UNKNOWN,0.0,0.0,False,False,True,True,False
26.856,0.0,0.0,0.0,0.0,0.0,0.0,0.0,0.0,0,0,0.0,0.0,nan,nan,nan,UNKNOWN,0.0,0.0,False,False,True,True,False
26.906,0.0,0.0,0.0,0.0,0.0,0.0,0.0,0.0,0,0,0.0,0.0,nan,nan,nan,UNKNOWN,0.0,0.0,False,False,True,True,False
26.956,0.0,0.0,0.0,0.0,0.0,0.0,0.0,0.0,0,0,0.0,0.0,nan,nan,nan,UNKNOWN,0.0,0.0,False,False,True,True,False
27.006,0.0,0.0,0.0,0.0,0.0,0.0,0.0,0.0,0,0,0.0,0.0,nan,nan,nan,UNKNOWN,0.0,0.0,False,False,True,True,False
27.058,0.0,0.0,0.0,0.0,0.0,0.0,0.0,0.0,0,0,0.0,0.0,nan,nan,nan,UNKNOWN,0.0,0.0,False,False,True,True,False
27.106,0.0,0.0,0.0,0.0,0.0,0.0,0.0,0.0,0,0,0.0,0.0,nan,nan,nan,UNKNOWN,0.0,0.0,False,False,True,True,False
27.156,0.0,0.0,0.0,0.0,0.0,0.0,0.0,0.0,0,0,0.0,0.0,nan,nan,nan,UNKNOWN,0.0,0.0,False,False,True,True,False
27.206,0.0,0.0,0.0,0.0,0.0,0.0,0.0,0.0,0,0,0.0,0.0,nan,nan,nan,UNKNOWN,0.0,0.0,False,False,True,True,False
27.256,0.0,0.0,0.0,0.0,0.0,0.0,0.0,0.0,0,0,0.0,0.0,nan,nan,nan,UNKNOWN,0.0,0.0,False,False,True,True,False
27.306,0.0,0.0,0.0,0.0,0.0,0.0,0.0,0.0,0,0,0.0,0.0,nan,nan,nan,UNKNOWN,0.0,0.0,False,False,True,True,False
27.356,0.0,0.0,0.0,0.0,0.0,0.0,0.0,0.0,0,0,0.0,0.0,nan,nan,nan,UNKNOWN,0.0,0.0,False,False,True,True,False
27.406,0.0,0.0,0.0,0.0,0.0,0.0,0.0,0.0,0,0,0.0,0.0,nan,nan,nan,UNKNOWN,0.0,0.0,False,False,True,True,False
27.456,0.0,0.0,0.0,0.0,0.0,0.0,0.0,0.0,0,0,0.0,0.0,nan,nan,nan,UNKNOWN,0.0,0.0,False,False,True,True,False
27.506,0.0,0.0,0.0,0.0,0.0,0.0,0.0,0.0,0,0,0.0,0.0,nan,nan,nan,UNKNOWN,0.0,0.0,False,False,True,True,False
27.556,0.0,0.0,0.0,0.0,0.0,0.0,0.0,0.0,0,0,0.0,0.0,nan,nan,nan,UNKNOWN,0.0,0.0,False,False,True,True,False
27.606,0.0,0.0,0.0,0.0,0.0,0.0,0.0,0.0,0,0,0.0,0.0,nan,nan,nan,UNKNOWN,0.0,0.0,False,False,True,True,False
27.656,0.0,0.0,0.0,0.0,0.0,0.0,0.0,0.0,0,0,0.0,0.0,nan,nan,nan,UNKNOWN,0.0,0.0,False,False,True,True,False
27.706,0.0,0.0,0.0,0.0,0.0,0.0,0.0,0.0,0,0,0.0,0.0,nan,nan,nan,UNKNOWN,0.0,0.0,False,False,True,True,False
27.756,0.0,0.0,0.0,0.0,0.0,0.0,0.0,0.0,0,0,0.0,0.0,nan,nan,nan,UNKNOWN,0.0,0.0,False,False,True,True,False
27.806,0.0,0.0,0.0,0.0,0.0,0.0,0.0,0.0,0,0,0.0,0.0,nan,nan,nan,UNKNOWN,0.0,0.0,False,False,True,True,False
27.856,0.0,0.0,0.0,0.0,0.0,0.0,0.0,0.0,0,0,0.0,0.0,nan,nan,nan,UNKNOWN,0.0,0.0,False,False,True,True,False
27.906,0.0,0.0,0.0,0.0,0.0,0.0,0.0,0.0,0,0,0.0,0.0,nan,nan,nan,UNKNOWN,0.0,0.0,False,False,True,True,False
27.956,0.0,0.0,0.0,0.0,0.0,0.0,0.0,0.0,0,0,0.0,0.0,nan,nan,nan,UNKNOWN,0.0,0.0,False,False,True,True,False
28.006,0.0,0.0,0.0,0.0,0.0,0.0,0.0,0.0,0,0,0.0,0.0,nan,nan,nan,UNKNOWN,0.0,0.0,False,False,True,True,False
28.058,0.0,0.0,0.0,0.0,0.0,0.0,0.0,0.0,0,0,0.0,0.0,nan,nan,nan,UNKNOWN,0.0,0.0,False,False,True,True,False
28.106,0.0,0.0,0.0,0.0,0.0,0.0,0.0,0.0,0,0,0.0,0.0,nan,nan,nan,UNKNOWN,0.0,0.0,False,False,True,True,False
28.156,0.0,0.0,0.0,0.0,0.0,0.0,0.0,0.0,0,0,0.0,0.0,nan,nan,nan,UNKNOWN,0.0,0.0,False,False,True,True,False
28.206,0.0,0.0,0.0,0.0,0.0,0.0,0.0,0.0,0,0,0.0,0.0,nan,nan,nan,UNKNOWN,0.0,0.0,False,False,True,True,False
28.256,0.0,0.0,0.0,0.0,0.0,0.0,0.0,0.0,0,0,0.0,0.0,nan,nan,nan,UNKNOWN,0.0,0.0,False,False,True,True,False
28.307,0.0,0.0,0.0,0.0,0.0,0.0,0.0,0.0,0,0,0.0,0.0,nan,nan,nan,UNKNOWN,0.0,0.0,False,False,True,True,False
28.356,0.0,0.0,0.0,0.0,0.0,0.0,0.0,0.0,0,0,0.0,0.0,nan,nan,nan,UNKNOWN,0.0,0.0,False,False,True,True,False
28.406,0.0,0.0,0.0,0.0,0.0,0.0,0.0,0.0,0,0,0.0,0.0,nan,nan,nan,UNKNOWN,0.0,0.0,False,False,True,True,False
28.456,0.0,0.0,0.0,0.0,0.0,0.0,0.0,0.0,0,0,0.0,0.0,nan,nan,nan,UNKNOWN,0.0,0.0,False,False,True,True,True
28.506,0.0,0.0,0.0,0.0,0.0,0.0,0.0,0.0,0,0,0.0,0.0,nan,nan,nan,UNKNOWN,0.0,0.0,False,False,True,True,True
28.556,0.0,0.0,0.0,0.0,0.0,0.0,0.0,0.0,2,1,0.0,0.0,nan,nan,nan,UNKNOWN,0.0,0.0,False,False,True,True,True
28.606,0.0,0.0,0.0,0.0,0.0049,0.0025,-0.0049,-0.0025,2,1,0.0,0.0,nan,nan,nan,UNKNOWN,0.0,0.0,False,False,True,True,True
28.656,0.0,0.0,0.0,0.0,0.0049,0.0025,-0.0049,-0.0025,11,8,0.0,0.0,nan,nan,nan,UNKNOWN,0.0,0.0,False,False,True,True,True
28.706,0.0,0.0,0.0,0.0,0.0363,0.0274,-0.0363,-0.0274,11,8,0.0,0.0,nan,nan,nan,UNKNOWN,0.0,0.0,False,False,True,True,True
28.756,0.0,0.0,0.0,0.0,0.0363,0.0274,-0.0363,-0.0274,23,16,0.0,0.0,nan,nan,nan,UNKNOWN,0.0,0.0,False,False,True,True,True
28.806,0.0,0.0,0.0,0.0,0.0663,0.0461,-0.0663,-0.0461,23,16,0.0,0.0,nan,nan,nan,UNKNOWN,0.0,0.0,False,False,True,True,True
28.856,0.0,0.0,0.0,0.0,0.0663,0.0461,-0.0663,-0.0461,33,25,0.0,0.0,nan,nan,nan,UNKNOWN,0.0,0.0,False,False,True,True,True
28.906,0.0,0.0,0.0,0.0,0.0663,0.0461,-0.0663,-0.0461,33,25,0.0,0.0,nan,nan,nan,UNKNOWN,0.0,0.0,False,False,True,True,True
28.956,0.0,0.0,0.0,0.0,0.0793,0.0722,-0.0793,-0.0722,39,34,0.0,0.0,nan,nan,nan,UNKNOWN,0.0,0.0,False,False,True,True,True
29.006,0.0,0.0,0.0,0.0,0.0793,0.0722,-0.0793,-0.0722,39,34,0.0,0.0,nan,nan,nan,UNKNOWN,0.0,0.0,False,False,True,True,True
29.056,0.0,0.0,0.0,0.0,0.0809,0.0729,-0.0809,-0.0729,48,42,0.0,0.0,nan,nan,nan,UNKNOWN,0.0,0.0,False,False,True,True,True
29.106,0.0,0.0,0.0,0.0,0.0809,0.0729,-0.0809,-0.0729,48,42,0.0,0.0,nan,nan,nan,UNKNOWN,0.0,0.0,False,False,True,True,True
29.156,0.0,0.0,0.0,0.0,0.0809,0.0729,-0.0809,-0.0729,56,51,0.0,0.0,nan,nan,nan,UNKNOWN,0.0,0.0,False,False,True,True,True
29.206,0.0,0.0,0.0,0.0,0.0683,0.066,-0.0683,-0.066,56,51,0.0,0.0,nan,nan,nan,UNKNOWN,0.0,0.0,False,False,True,True,True
29.256,0.0,0.0,0.0,0.0,0.0683,0.066,-0.0683,-0.066,64,61,0.0,0.0,nan,nan,nan,UNKNOWN,0.0,0.0,False,False,True,True,True
29.306,0.0,0.0,0.0,0.0,0.0707,0.066,-0.0707,-0.066,64,61,0.0,0.0,nan,nan,nan,UNKNOWN,0.0,0.0,False,False,True,True,True
29.356,0.0,0.0,0.0,0.0,0.0707,0.089,-0.0707,-0.089,73,71,0.0,0.0,nan,nan,nan,UNKNOWN,0.0,0.0,False,False,True,True,True
29.406,0.0,0.0,0.0,0.0,0.0707,0.089,-0.0707,-0.089,73,71,0.0,0.0,nan,nan,nan,UNKNOWN,0.0,0.0,False,False,True,True,True
29.456,0.0,0.0,0.0,0.0,0.0918,0.089,-0.0918,-0.089,84,81,0.0,0.0,nan,nan,nan,UNKNOWN,0.0,0.0,False,False,True,True,True
29.506,0.0,0.0,0.0,0.0,0.0918,0.0781,-0.0918,-0.0781,84,81,0.0,0.0,nan,nan,nan,UNKNOWN,0.0,0.0,False,False,True,True,True
29.556,0.0,0.0,0.0,0.0,0.0885,0.0781,-0.0885,-0.0781,93,90,0.0,0.0,nan,nan,nan,UNKNOWN,0.0,0.0,False,False,True,True,True
29.606,0.0,0.0,0.0,0.0,0.0885,0.0802,-0.0885,-0.0802,93,90,0.0,0.0,nan,nan,nan,UNKNOWN,0.0,0.0,False,False,True,True,True
29.656,0.0,0.0,0.0,0.0,0.0885,0.0802,-0.0885,-0.0802,102,99,0.0,0.0,nan,nan,nan,UNKNOWN,0.0,0.0,False,False,True,True,True
29.706,0.0,0.0,0.0,0.0,0.0753,0.0815,-0.0753,-0.0815,102,99,0.0,0.0,nan,nan,nan,UNKNOWN,0.0,0.0,False,False,True,True,True
29.756,0.0,0.0,0.0,0.0,0.0753,0.0815,-0.0753,-0.0815,109,108,0.0,0.0,nan,nan,nan,UNKNOWN,0.0,0.0,False,False,True,True,True
29.806,0.0,0.0,0.0,0.0,0.0753,0.0815,-0.0753,-0.0815,109,108,0.0,0.0,nan,nan,nan,UNKNOWN,0.0,0.0,False,False,True,True,True
29.856,0.0,0.0,0.0,0.0,0.0847,0.0934,-0.0847,-0.0934,118,117,0.0,0.0,nan,nan,nan,UNKNOWN,0.0,0.0,False,False,True,True,True
29.906,0.0,0.0,0.0,0.0,0.0847,0.0934,-0.0847,-0.0934,118,117,0.0,0.0,nan,nan,nan,UNKNOWN,0.0,0.0,False,False,True,True,True
29.956,0.0,0.0,0.0,0.0,0.0731,0.0934,-0.0731,-0.0934,124,126,0.0,0.0,nan,nan,nan,UNKNOWN,0.0,0.0,False,False,True,True,True
30.006,0.0,0.0,0.0,0.0,0.0731,0.0783,-0.0731,-0.0783,124,126,0.0,0.0,nan,nan,nan,UNKNOWN,0.0,0.0,False,False,True,True,True
30.056,0.0,0.0,0.0,0.0,0.0731,0.0783,-0.0731,-0.0783,131,135,0.0,0.0,nan,nan,nan,UNKNOWN,0.0,0.0,False,False,True,True,True
30.106,0.0,0.0,0.0,0.0,0.0612,0.0783,-0.0612,-0.0783,131,135,0.0,0.0,nan,nan,nan,UNKNOWN,0.0,0.0,False,False,True,True,True
30.156,0.0,0.0,0.0,0.0,0.0612,0.0915,-0.0612,-0.0915,138,144,0.0,0.0,nan,nan,nan,UNKNOWN,0.0,0.0,False,False,True,True,True
30.207,0.0,0.0,0.0,0.0,0.0626,0.0915,-0.0626,-0.0915,138,144,0.0,0.0,nan,nan,nan,UNKNOWN,0.0,0.0,False,False,True,True,True
30.257,0.0,0.0,0.0,0.0,0.0626,0.0882,-0.0626,-0.0882,148,153,0.0,0.0,nan,nan,nan,UNKNOWN,0.0,0.0,False,False,True,True,True
30.307,0.0,0.0,0.0,0.0,0.0626,0.0882,-0.0626,-0.0882,148,153,0.0,0.0,nan,nan,nan,UNKNOWN,0.0,0.0,False,False,True,True,True
30.357,0.0,0.0,0.0,0.0,0.0845,0.0826,-0.0845,-0.0826,157,161,0.0,0.0,nan,nan,nan,UNKNOWN,0.0,0.0,False,False,True,True,True
30.406,0.0,0.0,0.0,0.0,0.0845,0.0826,-0.0845,-0.0826,157,161,0.0,0.0,nan,nan,nan,UNKNOWN,0.0,0.0,False,False,True,True,True
30.456,0.0,0.0,0.0,0.0,0.0845,0.0826,-0.0845,-0.0826,168,170,0.0,0.0,nan,nan,nan,UNKNOWN,0.0,0.0,False,False,True,True,True
30.506,0.0,0.0,0.0,0.0,0.0779,0.0718,-0.0779,-0.0718,168,170,0.0,0.0,nan,nan,nan,UNKNOWN,0.0,0.0,False,False,True,True,True
30.556,0.0,0.0,0.0,0.0,0.0779,0.0718,-0.0779,-0.0718,176,179,0.0,0.0,nan,nan,nan,UNKNOWN,0.0,0.0,False,False,True,True,True
30.606,0.0,0.0,0.0,0.0,0.0779,0.0718,-0.0779,-0.0718,176,179,0.0,0.0,nan,nan,nan,UNKNOWN,0.0,0.0,False,False,True,True,True
30.656,0.0,0.0,0.0,0.0,0.1011,0.0876,-0.1011,-0.0876,190,188,0.0,0.0,nan,nan,nan,UNKNOWN,0.0,0.0,False,False,True,True,True
30.706,0.0,0.0,0.0,0.0,0.1011,0.0876,-0.1011,-0.0876,190,188,0.0,0.0,nan,nan,nan,UNKNOWN,0.0,0.0,False,False,True,True,False
30.756,0.0,0.0,0.0,0.0,0.0903,0.0822,-0.0903,-0.0822,198,196,0.1835,0.1816,nan,nan,nan,UNKNOWN,0.0,0.0,False,False,True,True,False
30.806,0.0,0.0,0.0,0.0,0.0903,0.0822,-0.0903,-0.0822,198,196,0.1835,0.1816,nan,nan,nan,UNKNOWN,0.0,0.0,False,False,True,True,False
30.856,0.0,0.0,0.0,0.0,0.0903,0.0822,-0.0903,-0.0822,196,195,0.1816,0.1807,nan,nan,nan,UNKNOWN,0.0,0.0,False,False,True,True,False
30.906,0.0,0.0,0.0,0.0,0.0493,0.0468,-0.0493,-0.0468,196,195,0.1816,0.1807,nan,nan,nan,UNKNOWN,0.0,0.0,False,False,True,True,False
30.956,0.0,0.0,0.0,0.0,0.0493,0.0468,-0.0493,-0.0468,195,195,0.1807,0.1807,nan,nan,nan,UNKNOWN,0.0,0.0,False,False,True,True,False
31.006,0.0,0.0,0.0,0.0,0.0493,0.0468,-0.0493,-0.0468,195,195,0.1807,0.1807,nan,nan,nan,UNKNOWN,0.0,0.0,False,False,True,True,False
31.056,0.0,0.0,0.0,0.0,0.0271,0.0375,-0.0271,-0.0375,195,195,0.1807,0.1807,nan,nan,nan,UNKNOWN,0.0,0.0,False,False,True,True,False
31.106,0.0,0.0,0.0,0.0,0.0271,0.0375,-0.0271,-0.0375,195,195,0.1807,0.1807,nan,nan,nan,UNKNOWN,0.0,0.0,False,False,True,True,False
31.156,0.0,0.0,0.0,0.0,0.0217,0.0375,-0.0217,-0.0375,195,195,0.1807,0.1807,nan,nan,nan,UNKNOWN,0.0,0.0,False,False,True,True,False
31.206,0.0,0.0,0.0,0.0,0.0217,0.03,-0.0217,-0.03,195,195,0.1807,0.1807,nan,nan,nan,UNKNOWN,0.0,0.0,False,False,True,True,False
31.256,0.0,0.0,0.0,0.0,0.0173,0.03,-0.0173,-0.03,195,195,0.1807,0.1807,nan,nan,nan,UNKNOWN,0.0,0.0,False,False,True,True,False
31.306,0.0,0.0,0.0,0.0,0.0173,0.03,-0.0173,-0.03,195,195,0.1807,0.1807,nan,nan,nan,UNKNOWN,0.0,0.0,False,False,True,True,False
31.358,0.0,0.0,0.0,0.0,0.0173,0.024,-0.0173,-0.024,195,195,0.1807,0.1807,nan,nan,nan,UNKNOWN,0.0,0.0,False,False,True,True,False
31.406,0.0,0.0,0.0,0.0,0.0139,0.024,-0.0139,-0.024,195,195,0.1807,0.1807,nan,nan,nan,UNKNOWN,0.0,0.0,False,False,True,True,False
31.456,0.0,0.0,0.0,0.0,0.0139,0.024,-0.0139,-0.024,195,195,0.1807,0.1807,nan,nan,nan,UNKNOWN,0.0,0.0,False,False,True,True,False
31.506,0.0,0.0,0.0,0.0,0.0139,0.0192,-0.0139,-0.0192,195,195,0.1807,0.1807,nan,nan,nan,UNKNOWN,0.0,0.0,False,False,True,True,False
31.556,0.0,0.0,0.0,0.0,0.0111,0.0192,-0.0111,-0.0192,195,195,0.1807,0.1807,nan,nan,nan,UNKNOWN,0.0,0.0,False,False,True,True,False
31.606,0.0,0.0,0.0,0.0,0.0111,0.0154,-0.0111,-0.0154,195,195,0.1807,0.1807,nan,nan,nan,UNKNOWN,0.0,0.0,False,False,True,True,False
31.656,0.0,0.0,0.0,0.0,0.0111,0.0154,-0.0111,-0.0154,195,195,0.1807,0.1807,nan,nan,nan,UNKNOWN,0.0,0.0,False,False,True,True,False
31.706,0.0,0.0,0.0,0.0,0.0089,0.0154,-0.0089,-0.0154,195,195,0.1807,0.1807,nan,nan,nan,UNKNOWN,0.0,0.0,False,False,True,True,False
31.756,0.0,0.0,0.0,0.0,0.0089,0.0123,-0.0089,-0.0123,195,195,0.1807,0.1807,nan,nan,nan,UNKNOWN,0.0,0.0,False,False,True,True,False
31.806,0.0,0.0,0.0,0.0,0.0071,0.0123,-0.0071,-0.0123,195,195,0.1807,0.1807,nan,nan,nan,UNKNOWN,0.0,0.0,False,False,True,True,False
31.856,0.0,0.0,0.0,0.0,0.0071,0.0123,-0.0071,-0.0123,195,195,0.1807,0.1807,nan,nan,nan,UNKNOWN,0.0,0.0,False,False,True,True,False
31.906,0.0,0.0,0.0,0.0,0.0071,0.0098,-0.0071,-0.0098,195,195,0.1807,0.1807,nan,nan,nan,UNKNOWN,0.0,0.0,False,False,True,True,False
31.956,0.0,0.0,0.0,0.0,0.0057,0.0098,-0.0057,-0.0098,195,195,0.1807,0.1807,nan,nan,nan,UNKNOWN,0.0,0.0,False,False,True,True,False
32.006,0.0,0.0,0.0,0.0,0.0057,0.0079,-0.0057,-0.0079,195,195,0.1807,0.1807,nan,nan,nan,UNKNOWN,0.0,0.0,False,False,True,True,False
32.056,0.0,0.0,0.0,0.0,0.0057,0.0079,-0.0057,-0.0079,195,195,0.1807,0.1807,nan,nan,nan,UNKNOWN,0.0,0.0,False,False,True,True,False
32.106,0.0,0.0,0.0,0.0,0.0045,0.0079,-0.0045,-0.0079,195,195,0.1807,0.1807,nan,nan,nan,UNKNOWN,0.0,0.0,False,False,True,True,False
32.156,0.0,0.0,0.0,0.0,0.0045,0.0063,-0.0045,-0.0063,195,195,0.1807,0.1807,nan,nan,nan,UNKNOWN,0.0,0.0,False,False,True,True,False
32.206,0.0,0.0,0.0,0.0,0.0036,0.0063,-0.0036,-0.0063,195,195,0.1807,0.1807,nan,nan,nan,UNKNOWN,0.0,0.0,False,False,True,True,False
32.256,0.0,0.0,0.0,0.0,0.0036,0.005,-0.0036,-0.005,195,195,0.1807,0.1807,nan,nan,nan,UNKNOWN,0.0,0.0,False,False,True,True,False
32.306,0.0,0.0,0.0,0.0,0.0036,0.005,-0.0036,-0.005,195,195,0.1807,0.1807,nan,nan,nan,UNKNOWN,0.0,0.0,False,False,True,True,False
32.358,0.0,0.0,0.0,0.0,0.0029,0.005,-0.0029,-0.005,195,195,0.1807,0.1807,nan,nan,nan,UNKNOWN,0.0,0.0,False,False,True,True,False
32.406,0.0,0.0,0.0,0.0,0.0029,0.004,-0.0029,-0.004,195,195,0.1807,0.1807,nan,nan,nan,UNKNOWN,0.0,0.0,False,False,True,True,False
32.456,0.0,0.0,0.0,0.0,0.0023,0.004,-0.0023,-0.004,195,195,0.1807,0.1807,nan,nan,nan,UNKNOWN,0.0,0.0,False,False,True,True,False
32.506,0.0,0.0,0.0,0.0,0.0023,0.004,-0.0023,-0.004,195,195,0.1807,0.1807,nan,nan,nan,UNKNOWN,0.0,0.0,False,False,True,True,False
32.556,0.0,0.0,0.0,0.0,0.0019,0.0032,-0.0019,-0.0032,195,195,0.1807,0.1807,nan,nan,nan,UNKNOWN,0.0,0.0,False,False,True,True,False
32.606,0.0,0.0,0.0,0.0,0.0019,0.0032,-0.0019,-0.0032,195,195,0.1807,0.1807,nan,nan,nan,UNKNOWN,0.0,0.0,False,False,True,True,False
32.656,0.0,0.0,0.0,0.0,0.0019,0.0032,-0.0019,-0.0032,195,195,0.1807,0.1807,nan,nan,nan,UNKNOWN,0.0,0.0,False,False,True,True,False
32.706,0.0,0.0,0.0,0.0,0.0015,0.0026,-0.0015,-0.0026,195,195,0.1807,0.1807,nan,nan,nan,UNKNOWN,0.0,0.0,False,False,True,True,False
32.756,0.0,0.0,0.0,0.0,0.0015,0.0026,-0.0015,-0.0026,195,195,0.1807,0.1807,nan,nan,nan,UNKNOWN,0.0,0.0,False,False,True,True,False
32.806,0.0,0.0,0.0,0.0,0.0015,0.0026,-0.0015,-0.0026,195,195,0.1807,0.1807,nan,nan,nan,UNKNOWN,0.0,0.0,False,False,True,True,False
32.856,0.0,0.0,0.0,0.0,0.0012,0.0021,-0.0012,-0.0021,195,195,0.1807,0.1807,nan,nan,nan,UNKNOWN,0.0,0.0,False,False,True,True,False
32.906,0.0,0.0,0.0,0.0,0.0012,0.0021,-0.0012,-0.0021,195,195,0.1807,0.1807,nan,nan,nan,UNKNOWN,0.0,0.0,False,False,True,True,False
32.956,0.0,0.0,0.0,0.0,0.0,0.0016,0.0,-0.0016,195,195,0.1807,0.1807,nan,nan,nan,UNKNOWN,0.0,0.0,False,False,True,True,False
33.006,0.0,0.0,0.0,0.0,0.0,0.0016,0.0,-0.0016,195,195,0.1807,0.1807,nan,nan,nan,UNKNOWN,0.0,0.0,False,False,True,True,False
33.056,0.0,0.0,0.0,0.0,0.0,0.0016,0.0,-0.0016,195,195,0.1807,0.1807,nan,nan,nan,UNKNOWN,0.0,0.0,False,False,True,True,False
33.106,0.0,0.0,0.0,0.0,0.0,0.0013,0.0,-0.0013,195,195,0.1807,0.1807,nan,nan,nan,UNKNOWN,0.0,0.0,False,False,True,True,False
33.156,0.0,0.0,0.0,0.0,0.0,0.0013,0.0,-0.0013,195,195,0.1807,0.1807,nan,nan,nan,UNKNOWN,0.0,0.0,False,False,True,True,False
33.206,0.0,0.0,0.0,0.0,0.0,0.0011,0.0,-0.0011,195,195,0.1807,0.1807,nan,nan,nan,UNKNOWN,0.0,0.0,False,False,True,True,False
33.256,0.0,0.0,0.0,0.0,0.0,0.0011,0.0,-0.0011,195,195,0.1807,0.1807,nan,nan,nan,UNKNOWN,0.0,0.0,False,False,True,True,False
33.306,0.0,0.0,0.0,0.0,0.0,0.0,0.0,0.0,195,195,0.1807,0.1807,nan,nan,nan,UNKNOWN,0.0,0.0,False,False,True,True,False
33.358,0.0,0.0,0.0,0.0,0.0,0.0,0.0,0.0,195,195,0.1807,0.1807,nan,nan,nan,UNKNOWN,0.0,0.0,False,False,True,True,False
33.406,0.0,0.0,0.0,0.0,0.0,0.0,0.0,0.0,195,195,0.1807,0.1807,nan,nan,nan,UNKNOWN,0.0,0.0,False,False,True,True,False
33.456,0.0,0.0,0.0,0.0,0.0,0.0,0.0,0.0,195,195,0.1807,0.1807,nan,nan,nan,UNKNOWN,0.0,0.0,False,False,True,True,False
33.506,0.0,0.0,0.0,0.0,0.0,0.0,0.0,0.0,195,195,0.1807,0.1807,nan,nan,nan,UNKNOWN,0.0,0.0,False,False,True,True,False
33.556,0.0,0.0,0.0,0.0,0.0,0.0,0.0,0.0,195,195,0.1807,0.1807,nan,nan,nan,UNKNOWN,0.0,0.0,False,False,True,True,False
33.606,0.0,0.0,0.0,0.0,0.0,0.0,0.0,0.0,195,195,0.1807,0.1807,nan,nan,nan,UNKNOWN,0.0,0.0,False,False,True,True,False
33.656,0.0,0.0,0.0,0.0,0.0,0.0,0.0,0.0,195,195,0.1807,0.1807,nan,nan,nan,UNKNOWN,0.0,0.0,False,False,True,True,False
33.706,0.0,0.0,0.0,0.0,0.0,0.0,0.0,0.0,195,195,0.1807,0.1807,nan,nan,nan,UNKNOWN,0.0,0.0,False,False,True,True,False
33.756,0.0,0.0,0.0,0.0,0.0,0.0,0.0,0.0,195,195,0.1807,0.1807,nan,nan,nan,UNKNOWN,0.0,0.0,False,False,True,True,False
33.806,0.0,0.0,0.0,0.0,0.0,0.0,0.0,0.0,195,195,0.1807,0.1807,nan,nan,nan,UNKNOWN,0.0,0.0,False,False,True,True,False
33.856,0.0,0.0,0.0,0.0,0.0,0.0,0.0,0.0,195,195,0.1807,0.1807,nan,nan,nan,UNKNOWN,0.0,0.0,False,False,True,True,False
33.906,0.0,0.0,0.0,0.0,0.0,0.0,0.0,0.0,195,195,0.1807,0.1807,nan,nan,nan,UNKNOWN,0.0,0.0,False,False,True,True,False
33.956,0.0,0.0,0.0,0.0,0.0,0.0,0.0,0.0,195,195,0.1807,0.1807,nan,nan,nan,UNKNOWN,0.0,0.0,False,False,True,True,False
34.006,0.0,0.0,0.0,0.0,0.0,0.0,0.0,0.0,195,195,0.1807,0.1807,nan,nan,nan,UNKNOWN,0.0,0.0,False,False,True,True,False
34.056,0.0,0.0,0.0,0.0,0.0,0.0,0.0,0.0,195,195,0.1807,0.1807,nan,nan,nan,UNKNOWN,0.0,0.0,False,False,True,True,False
34.106,0.0,0.0,0.0,0.0,0.0,0.0,0.0,0.0,195,195,0.1807,0.1807,nan,nan,nan,UNKNOWN,0.0,0.0,False,False,True,True,False
34.156,0.0,0.0,0.0,0.0,0.0,0.0,0.0,0.0,195,195,0.1807,0.1807,nan,nan,nan,UNKNOWN,0.0,0.0,False,False,True,True,False
34.206,0.0,0.0,0.0,0.0,0.0,0.0,0.0,0.0,195,195,0.1807,0.1807,nan,nan,nan,UNKNOWN,0.0,0.0,False,False,True,True,False
34.256,0.0,0.0,0.0,0.0,0.0,0.0,0.0,0.0,195,195,0.1807,0.1807,nan,nan,nan,UNKNOWN,0.0,0.0,False,False,True,True,False
34.306,0.0,0.0,0.0,0.0,0.0,0.0,0.0,0.0,195,195,0.1807,0.1807,nan,nan,nan,UNKNOWN,0.0,0.0,False,False,True,True,False
34.358,0.0,0.0,0.0,0.0,0.0,0.0,0.0,0.0,195,195,0.1807,0.1807,nan,nan,nan,UNKNOWN,0.0,0.0,False,False,True,True,False
34.406,0.0,0.0,0.0,0.0,0.0,0.0,0.0,0.0,195,195,0.1807,0.1807,nan,nan,nan,UNKNOWN,0.0,0.0,False,False,True,True,False
34.456,0.0,0.0,0.0,0.0,0.0,0.0,0.0,0.0,195,195,0.1807,0.1807,nan,nan,nan,UNKNOWN,0.0,0.0,False,False,True,True,False
34.506,0.0,0.0,0.0,0.0,0.0,0.0,0.0,0.0,195,195,0.1807,0.1807,nan,nan,nan,UNKNOWN,0.0,0.0,False,False,True,True,False
34.556,0.0,0.0,0.0,0.0,0.0,0.0,0.0,0.0,195,195,0.1807,0.1807,nan,nan,nan,UNKNOWN,0.0,0.0,False,False,True,True,False
34.606,0.0,0.0,0.0,0.0,0.0,0.0,0.0,0.0,195,195,0.1807,0.1807,nan,nan,nan,UNKNOWN,0.0,0.0,False,False,True,True,False
34.656,0.0,0.0,0.0,0.0,0.0,0.0,0.0,0.0,195,195,0.1807,0.1807,nan,nan,nan,UNKNOWN,0.0,0.0,False,False,True,True,False
34.706,0.0,0.0,0.0,0.0,0.0,0.0,0.0,0.0,195,195,0.1807,0.1807,nan,nan,nan,UNKNOWN,0.0,0.0,False,False,True,True,False
34.756,0.0,0.0,0.0,0.0,0.0,0.0,0.0,0.0,195,195,0.1807,0.1807,nan,nan,nan,UNKNOWN,0.0,0.0,False,False,True,True,False
34.806,0.0,0.0,0.0,0.0,0.0,0.0,0.0,0.0,195,195,0.1807,0.1807,nan,nan,nan,UNKNOWN,0.0,0.0,False,False,True,True,False
34.856,0.0,0.0,0.0,0.0,0.0,0.0,0.0,0.0,195,195,0.1807,0.1807,nan,nan,nan,UNKNOWN,0.0,0.0,False,False,True,True,False
34.906,0.0,0.0,0.0,0.0,0.0,0.0,0.0,0.0,195,195,0.1807,0.1807,nan,nan,nan,UNKNOWN,0.0,0.0,False,False,True,True,False
34.956,0.0,0.0,0.0,0.0,0.0,0.0,0.0,0.0,195,195,0.1807,0.1807,nan,nan,nan,UNKNOWN,0.0,0.0,False,False,True,True,False
35.006,0.0,0.0,0.0,0.0,0.0,0.0,0.0,0.0,195,195,0.1807,0.1807,nan,nan,nan,UNKNOWN,0.0,0.0,False,False,True,True,False
35.056,0.0,0.0,0.0,0.0,0.0,0.0,0.0,0.0,195,195,0.1807,0.1807,nan,nan,nan,UNKNOWN,0.0,0.0,False,False,True,True,False
35.106,0.0,0.0,0.0,0.0,0.0,0.0,0.0,0.0,195,195,0.1807,0.1807,nan,nan,nan,UNKNOWN,0.0,0.0,False,False,True,True,False
35.156,0.0,0.0,0.0,0.0,0.0,0.0,0.0,0.0,195,195,0.1807,0.1807,nan,nan,nan,UNKNOWN,0.0,0.0,False,False,True,True,False
35.206,0.0,0.0,0.0,0.0,0.0,0.0,0.0,0.0,195,195,0.1807,0.1807,nan,nan,nan,UNKNOWN,0.0,0.0,False,False,True,True,False
35.256,0.0,0.0,0.0,0.0,0.0,0.0,0.0,0.0,195,195,0.1807,0.1807,nan,nan,nan,UNKNOWN,0.0,0.0,False,False,True,True,False
35.306,0.0,0.0,0.0,0.0,0.0,0.0,0.0,0.0,195,195,0.1807,0.1807,nan,nan,nan,UNKNOWN,0.0,0.0,False,False,True,True,False
35.358,0.0,0.0,0.0,0.0,0.0,0.0,0.0,0.0,195,195,0.1807,0.1807,nan,nan,nan,UNKNOWN,0.0,0.0,False,False,True,True,False
35.406,0.0,0.0,0.0,0.0,0.0,0.0,0.0,0.0,195,195,0.1807,0.1807,nan,nan,nan,UNKNOWN,0.0,0.0,False,False,True,True,False
35.456,0.0,0.0,0.0,0.0,0.0,0.0,0.0,0.0,195,195,0.1807,0.1807,nan,nan,nan,UNKNOWN,0.0,0.0,False,False,True,True,False
35.506,0.0,0.0,0.0,0.0,0.0,0.0,0.0,0.0,195,195,0.1807,0.1807,nan,nan,nan,UNKNOWN,0.0,0.0,False,False,True,True,False
35.556,0.0,0.0,0.0,0.0,0.0,0.0,0.0,0.0,195,195,0.1807,0.1807,nan,nan,nan,UNKNOWN,0.0,0.0,False,False,True,True,False
35.606,0.0,0.0,0.0,0.0,0.0,0.0,0.0,0.0,195,195,0.1807,0.1807,nan,nan,nan,UNKNOWN,0.0,0.0,False,False,True,True,False
35.656,0.0,0.0,0.0,0.0,0.0,0.0,0.0,0.0,195,195,0.1807,0.1807,nan,nan,nan,UNKNOWN,0.0,0.0,False,False,True,True,False
35.706,0.0,0.0,0.0,0.0,0.0,0.0,0.0,0.0,195,195,0.1807,0.1807,nan,nan,nan,UNKNOWN,0.0,0.0,False,False,True,True,False
35.756,0.0,0.0,0.0,0.0,0.0,0.0,0.0,0.0,195,195,0.1807,0.1807,nan,nan,nan,UNKNOWN,0.0,0.0,False,False,True,True,False
35.806,0.0,0.0,0.0,0.0,0.0,0.0,0.0,0.0,195,195,0.1807,0.1807,nan,nan,nan,UNKNOWN,0.0,0.0,False,False,True,True,False
35.856,0.0,0.0,0.0,0.0,0.0,0.0,0.0,0.0,195,195,0.1807,0.1807,nan,nan,nan,UNKNOWN,0.0,0.0,False,False,True,True,False
35.906,0.0,0.0,0.0,0.0,0.0,0.0,0.0,0.0,195,195,0.1807,0.1807,nan,nan,nan,UNKNOWN,0.0,0.0,False,False,True,True,False
35.956,0.0,0.0,0.0,0.0,0.0,0.0,0.0,0.0,195,195,0.1807,0.1807,nan,nan,nan,UNKNOWN,0.0,0.0,False,False,True,True,False
36.006,0.0,0.0,0.0,0.0,0.0,0.0,0.0,0.0,195,195,0.1807,0.1807,nan,nan,nan,UNKNOWN,0.0,0.0,False,False,True,True,False
36.056,0.0,0.0,0.0,0.0,0.0,0.0,0.0,0.0,195,195,0.1807,0.1807,nan,nan,nan,UNKNOWN,0.0,0.0,False,False,True,True,False
36.106,0.0,0.0,0.0,0.0,0.0,0.0,0.0,0.0,195,195,0.1807,0.1807,nan,nan,nan,UNKNOWN,0.0,0.0,False,False,True,True,False
36.156,0.0,0.0,0.0,0.0,0.0,0.0,0.0,0.0,195,195,0.1807,0.1807,nan,nan,nan,UNKNOWN,0.0,0.0,False,False,True,True,False
36.206,0.0,0.0,0.0,0.0,0.0,0.0,0.0,0.0,195,195,0.1807,0.1807,nan,nan,nan,UNKNOWN,0.0,0.0,False,False,True,True,False
36.256,0.0,0.0,0.0,0.0,0.0,0.0,0.0,0.0,195,195,0.1807,0.1807,nan,nan,nan,UNKNOWN,0.0,0.0,False,False,True,True,False
36.306,0.0,0.0,0.0,0.0,0.0,0.0,0.0,0.0,195,195,0.1807,0.1807,nan,nan,nan,UNKNOWN,0.0,0.0,False,False,True,True,False
36.358,0.0,0.0,0.0,0.0,0.0,0.0,0.0,0.0,195,195,0.1807,0.1807,nan,nan,nan,UNKNOWN,0.0,0.0,False,False,True,True,False
36.406,0.0,0.0,0.0,0.0,0.0,0.0,0.0,0.0,195,195,0.1807,0.1807,nan,nan,nan,UNKNOWN,0.0,0.0,False,False,True,True,False
36.456,0.0,0.0,0.0,0.0,0.0,0.0,0.0,0.0,195,195,0.1807,0.1807,nan,nan,nan,UNKNOWN,0.0,0.0,False,False,True,True,False
36.506,0.0,0.0,0.0,0.0,0.0,0.0,0.0,0.0,195,195,0.1807,0.1807,nan,nan,nan,UNKNOWN,0.0,0.0,False,False,True,True,False
36.556,0.0,0.0,0.0,0.0,0.0,0.0,0.0,0.0,195,195,0.1807,0.1807,nan,nan,nan,UNKNOWN,0.0,0.0,False,False,True,True,False
36.606,0.0,0.0,0.0,0.0,0.0,0.0,0.0,0.0,195,195,0.1807,0.1807,nan,nan,nan,UNKNOWN,0.0,0.0,False,False,True,True,False
36.656,0.0,0.0,0.0,0.0,0.0,0.0,0.0,0.0,195,195,0.1807,0.1807,nan,nan,nan,UNKNOWN,0.0,0.0,False,False,True,True,False
36.706,0.0,0.0,0.0,0.0,0.0,0.0,0.0,0.0,195,195,0.1807,0.1807,nan,nan,nan,UNKNOWN,0.0,0.0,False,False,True,True,False
36.756,0.0,0.0,0.0,0.0,0.0,0.0,0.0,0.0,195,195,0.1807,0.1807,nan,nan,nan,UNKNOWN,0.0,0.0,False,False,True,True,False
36.806,0.0,0.0,0.0,0.0,0.0,0.0,0.0,0.0,195,195,0.1807,0.1807,nan,nan,nan,UNKNOWN,0.0,0.0,False,False,True,True,False
36.856,0.0,0.0,0.0,0.0,0.0,0.0,0.0,0.0,195,195,0.1807,0.1807,nan,nan,nan,UNKNOWN,0.0,0.0,False,False,True,True,False
36.906,0.0,0.0,0.0,0.0,0.0,0.0,0.0,0.0,195,195,0.1807,0.1807,nan,nan,nan,UNKNOWN,0.0,0.0,False,False,True,True,False
36.956,0.0,0.0,0.0,0.0,0.0,0.0,0.0,0.0,195,195,0.1807,0.1807,nan,nan,nan,UNKNOWN,0.0,0.0,False,False,True,True,False
37.006,0.0,0.0,0.0,0.0,0.0,0.0,0.0,0.0,195,195,0.1807,0.1807,nan,nan,nan,UNKNOWN,0.0,0.0,False,False,True,True,False
37.056,0.0,0.0,0.0,0.0,0.0,0.0,0.0,0.0,195,195,0.1807,0.1807,nan,nan,nan,UNKNOWN,0.0,0.0,False,False,True,True,False
37.106,0.0,0.0,0.0,0.0,0.0,0.0,0.0,0.0,195,195,0.1807,0.1807,nan,nan,nan,UNKNOWN,0.0,0.0,False,False,True,True,False
37.156,0.0,0.0,0.0,0.0,0.0,0.0,0.0,0.0,195,195,0.1807,0.1807,nan,nan,nan,UNKNOWN,0.0,0.0,False,False,True,True,False
37.206,0.0,0.0,0.0,0.0,0.0,0.0,0.0,0.0,195,195,0.1807,0.1807,nan,nan,nan,UNKNOWN,0.0,0.0,False,False,True,True,False
37.256,0.0,0.0,0.0,0.0,0.0,0.0,0.0,0.0,195,195,0.1807,0.1807,nan,nan,nan,UNKNOWN,0.0,0.0,False,False,True,True,False
37.306,0.0,0.0,0.0,0.0,0.0,0.0,0.0,0.0,195,195,0.1807,0.1807,nan,nan,nan,UNKNOWN,0.0,0.0,False,False,True,True,False
37.358,0.0,0.0,0.0,0.0,0.0,0.0,0.0,0.0,195,195,0.1807,0.1807,nan,nan,nan,UNKNOWN,0.0,0.0,False,False,True,True,False
37.406,0.0,0.0,0.0,0.0,0.0,0.0,0.0,0.0,195,195,0.1807,0.1807,nan,nan,nan,UNKNOWN,0.0,0.0,False,False,True,True,False
37.456,0.0,0.0,0.0,0.0,0.0,0.0,0.0,0.0,195,195,0.1807,0.1807,nan,nan,nan,UNKNOWN,0.0,0.0,False,False,True,True,False
37.506,0.0,0.0,0.0,0.0,0.0,0.0,0.0,0.0,195,195,0.1807,0.1807,nan,nan,nan,UNKNOWN,0.0,0.0,False,False,True,True,False
37.556,0.0,0.0,0.0,0.0,0.0,0.0,0.0,0.0,195,195,0.1807,0.1807,nan,nan,nan,UNKNOWN,0.0,0.0,False,False,True,True,False
37.606,0.0,0.0,0.0,0.0,0.0,0.0,0.0,0.0,195,195,0.1807,0.1807,nan,nan,nan,UNKNOWN,0.0,0.0,False,False,True,True,False
37.656,0.0,0.0,0.0,0.0,0.0,0.0,0.0,0.0,195,195,0.1807,0.1807,nan,nan,nan,UNKNOWN,0.0,0.0,False,False,True,True,False
37.706,0.0,0.0,0.0,0.0,0.0,0.0,0.0,0.0,195,195,0.1807,0.1807,nan,nan,nan,UNKNOWN,0.0,0.0,False,False,True,True,False
37.756,0.0,0.0,0.0,0.0,0.0,0.0,0.0,0.0,195,195,0.1807,0.1807,nan,nan,nan,UNKNOWN,0.0,0.0,False,False,True,True,False
37.806,0.0,0.0,0.0,0.0,0.0,0.0,0.0,0.0,195,195,0.1807,0.1807,nan,nan,nan,UNKNOWN,0.0,0.0,False,False,True,True,False
37.856,0.0,0.0,0.0,0.0,0.0,0.0,0.0,0.0,195,195,0.1807,0.1807,nan,nan,nan,UNKNOWN,0.0,0.0,False,False,True,True,False
37.906,0.0,0.0,0.0,0.0,0.0,0.0,0.0,0.0,195,195,0.1807,0.1807,nan,nan,nan,UNKNOWN,0.0,0.0,False,False,True,True,False
37.956,0.0,0.0,0.0,0.0,0.0,0.0,0.0,0.0,195,195,0.1807,0.1807,nan,nan,nan,UNKNOWN,0.0,0.0,False,False,True,True,False
38.006,0.0,0.0,0.0,0.0,0.0,0.0,0.0,0.0,195,195,0.1807,0.1807,nan,nan,nan,UNKNOWN,0.0,0.0,False,False,True,True,False
38.056,0.0,0.0,0.0,0.0,0.0,0.0,0.0,0.0,195,195,0.1807,0.1807,nan,nan,nan,UNKNOWN,0.0,0.0,False,False,True,True,False
38.106,0.0,0.0,0.0,0.0,0.0,0.0,0.0,0.0,195,195,0.1807,0.1807,nan,nan,nan,UNKNOWN,0.0,0.0,False,False,True,True,False
38.156,0.0,0.0,0.0,0.0,0.0,0.0,0.0,0.0,195,195,0.1807,0.1807,nan,nan,nan,UNKNOWN,0.0,0.0,False,False,True,True,False
38.206,0.0,0.0,0.0,0.0,0.0,0.0,0.0,0.0,195,195,0.1807,0.1807,nan,nan,nan,UNKNOWN,0.0,0.0,False,False,True,True,False
38.256,0.0,0.0,0.0,0.0,0.0,0.0,0.0,0.0,195,195,0.1807,0.1807,nan,nan,nan,UNKNOWN,0.0,0.0,False,False,True,True,False
38.306,0.0,0.0,0.0,0.0,0.0,0.0,0.0,0.0,195,195,0.1807,0.1807,nan,nan,nan,UNKNOWN,0.0,0.0,False,False,True,True,False
38.358,0.0,0.0,0.0,0.0,0.0,0.0,0.0,0.0,195,195,0.1807,0.1807,nan,nan,nan,UNKNOWN,0.0,0.0,False,False,True,True,False
38.406,0.0,0.0,0.0,0.0,0.0,0.0,0.0,0.0,195,195,0.1807,0.1807,nan,nan,nan,UNKNOWN,0.0,0.0,False,False,True,True,False
38.456,0.0,0.0,0.0,0.0,0.0,0.0,0.0,0.0,195,195,0.1807,0.1807,nan,nan,nan,UNKNOWN,0.0,0.0,False,False,True,True,False
38.506,0.0,0.0,0.0,0.0,0.0,0.0,0.0,0.0,195,195,0.1807,0.1807,nan,nan,nan,UNKNOWN,0.0,0.0,False,False,True,True,False
38.556,0.0,0.0,0.0,0.0,0.0,0.0,0.0,0.0,195,195,0.1807,0.1807,nan,nan,nan,UNKNOWN,0.0,0.0,False,False,True,True,False
38.606,0.0,0.0,0.0,0.0,0.0,0.0,0.0,0.0,195,195,0.1807,0.1807,nan,nan,nan,UNKNOWN,0.0,0.0,False,False,True,True,False
38.656,0.0,0.0,0.0,0.0,0.0,0.0,0.0,0.0,195,195,0.1807,0.1807,nan,nan,nan,UNKNOWN,0.0,0.0,False,False,True,True,False
38.706,0.0,0.0,0.0,0.0,0.0,0.0,0.0,0.0,195,195,0.1807,0.1807,nan,nan,nan,UNKNOWN,0.0,0.0,False,False,True,True,False
38.756,0.0,0.0,0.0,0.0,0.0,0.0,0.0,0.0,195,195,0.1807,0.1807,nan,nan,nan,UNKNOWN,0.0,0.0,False,False,True,True,False
38.806,0.0,0.0,0.0,0.0,0.0,0.0,0.0,0.0,195,195,0.1807,0.1807,nan,nan,nan,UNKNOWN,0.0,0.0,False,False,True,True,False
38.856,0.0,0.0,0.0,0.0,0.0,0.0,0.0,0.0,195,195,0.1807,0.1807,nan,nan,nan,UNKNOWN,0.0,0.0,False,False,True,True,False
38.906,0.0,0.0,0.0,0.0,0.0,0.0,0.0,0.0,195,195,0.1807,0.1807,nan,nan,nan,UNKNOWN,0.0,0.0,False,False,True,True,False
38.956,0.0,0.0,0.0,0.0,0.0,0.0,0.0,0.0,195,195,0.1807,0.1807,nan,nan,nan,UNKNOWN,0.0,0.0,False,False,True,True,False
39.006,0.0,0.0,0.0,0.0,0.0,0.0,0.0,0.0,195,195,0.1807,0.1807,nan,nan,nan,UNKNOWN,0.0,0.0,False,False,True,True,False
39.056,0.0,0.0,0.0,0.0,0.0,0.0,0.0,0.0,195,195,0.1807,0.1807,nan,nan,nan,UNKNOWN,0.0,0.0,False,False,True,True,False
39.106,0.0,0.0,0.0,0.0,0.0,0.0,0.0,0.0,195,195,0.1807,0.1807,nan,nan,nan,UNKNOWN,0.0,0.0,False,False,True,True,False
39.156,0.0,0.0,0.0,0.0,0.0,0.0,0.0,0.0,195,195,0.1807,0.1807,nan,nan,nan,UNKNOWN,0.0,0.0,False,False,True,True,False
39.206,0.0,0.0,0.0,0.0,0.0,0.0,0.0,0.0,195,195,0.1807,0.1807,nan,nan,nan,UNKNOWN,0.0,0.0,False,False,True,True,False
39.256,0.0,0.0,0.0,0.0,0.0,0.0,0.0,0.0,195,195,0.1807,0.1807,nan,nan,nan,UNKNOWN,0.0,0.0,False,False,True,True,False
39.306,0.0,0.0,0.0,0.0,0.0,0.0,0.0,0.0,195,195,0.1807,0.1807,nan,nan,nan,UNKNOWN,0.0,0.0,False,False,True,True,False
39.358,0.0,0.0,0.0,0.0,0.0,0.0,0.0,0.0,195,195,0.1807,0.1807,nan,nan,nan,UNKNOWN,0.0,0.0,False,False,True,True,False
39.406,0.0,0.0,0.0,0.0,0.0,0.0,0.0,0.0,195,195,0.1807,0.1807,nan,nan,nan,UNKNOWN,0.0,0.0,False,False,True,True,False
39.456,0.0,0.0,0.0,0.0,0.0,0.0,0.0,0.0,195,195,0.1807,0.1807,nan,nan,nan,UNKNOWN,0.0,0.0,False,False,True,True,False
39.506,0.0,0.0,0.0,0.0,0.0,0.0,0.0,0.0,195,195,0.1807,0.1807,nan,nan,nan,UNKNOWN,0.0,0.0,False,False,True,True,False
39.556,0.0,0.0,0.0,0.0,0.0,0.0,0.0,0.0,195,195,0.1807,0.1807,nan,nan,nan,UNKNOWN,0.0,0.0,False,False,True,True,False
39.606,0.0,0.0,0.0,0.0,0.0,0.0,0.0,0.0,195,195,0.1807,0.1807,nan,nan,nan,UNKNOWN,0.0,0.0,False,False,True,True,False
39.656,0.0,0.0,0.0,0.0,0.0,0.0,0.0,0.0,195,195,0.1807,0.1807,nan,nan,nan,UNKNOWN,0.0,0.0,False,False,True,True,False
39.706,0.0,0.0,0.0,0.0,0.0,0.0,0.0,0.0,195,195,0.1807,0.1807,nan,nan,nan,UNKNOWN,0.0,0.0,False,False,True,True,False
39.756,0.0,0.0,0.0,0.0,0.0,0.0,0.0,0.0,195,195,0.1807,0.1807,nan,nan,nan,UNKNOWN,0.0,0.0,False,False,True,True,False
39.806,0.0,0.0,0.0,0.0,0.0,0.0,0.0,0.0,195,195,0.1807,0.1807,nan,nan,nan,UNKNOWN,0.0,0.0,False,False,True,True,False
39.856,0.0,0.0,0.0,0.0,0.0,0.0,0.0,0.0,195,195,0.1807,0.1807,nan,nan,nan,UNKNOWN,0.0,0.0,False,False,True,True,False
39.906,0.0,0.0,0.0,0.0,0.0,0.0,0.0,0.0,195,195,0.1807,0.1807,nan,nan,nan,UNKNOWN,0.0,0.0,False,False,True,True,False
39.956,0.0,0.0,0.0,0.0,0.0,0.0,0.0,0.0,195,195,0.1807,0.1807,nan,nan,nan,UNKNOWN,0.0,0.0,False,False,True,True,False
40.006,0.0,0.0,0.0,0.0,0.0,0.0,0.0,0.0,195,195,0.1807,0.1807,nan,nan,nan,UNKNOWN,0.0,0.0,False,False,True,True,False
40.056,0.0,0.0,0.0,0.0,0.0,0.0,0.0,0.0,195,195,0.1807,0.1807,nan,nan,nan,UNKNOWN,0.0,0.0,False,False,True,True,False
40.106,0.0,0.0,0.0,0.0,0.0,0.0,0.0,0.0,195,195,0.1807,0.1807,nan,nan,nan,UNKNOWN,0.0,0.0,False,False,True,True,False
40.156,0.0,0.0,0.0,0.0,0.0,0.0,0.0,0.0,195,195,0.1807,0.1807,nan,nan,nan,UNKNOWN,0.0,0.0,False,False,True,True,False
40.206,0.0,0.0,0.0,0.0,0.0,0.0,0.0,0.0,195,195,0.1807,0.1807,nan,nan,nan,UNKNOWN,0.0,0.0,False,False,True,True,False
40.256,0.0,0.0,0.0,0.0,0.0,0.0,0.0,0.0,195,195,0.1807,0.1807,nan,nan,nan,UNKNOWN,0.0,0.0,False,False,True,True,False
40.306,0.0,0.0,0.0,0.0,0.0,0.0,0.0,0.0,195,195,0.1807,0.1807,nan,nan,nan,UNKNOWN,0.0,0.0,False,False,True,True,False
40.358,0.0,0.0,0.0,0.0,0.0,0.0,0.0,0.0,195,195,0.1807,0.1807,nan,nan,nan,UNKNOWN,0.0,0.0,False,False,True,True,False
40.406,0.0,0.0,0.0,0.0,0.0,0.0,0.0,0.0,195,195,0.1807,0.1807,nan,nan,nan,UNKNOWN,0.0,0.0,False,False,True,True,False
40.456,0.0,0.0,0.0,0.0,0.0,0.0,0.0,0.0,195,195,0.1807,0.1807,nan,nan,nan,UNKNOWN,0.0,0.0,False,False,True,True,False
40.506,0.0,0.0,0.0,0.0,0.0,0.0,0.0,0.0,195,195,0.1807,0.1807,nan,nan,nan,UNKNOWN,0.0,0.0,False,False,True,True,False
40.556,0.0,0.0,0.0,0.0,0.0,0.0,0.0,0.0,195,195,0.1807,0.1807,nan,nan,nan,UNKNOWN,0.0,0.0,False,False,True,True,False
40.606,0.0,0.0,0.0,0.0,0.0,0.0,0.0,0.0,195,195,0.1807,0.1807,nan,nan,nan,UNKNOWN,0.0,0.0,False,False,True,True,False
40.656,0.0,0.0,0.0,0.0,0.0,0.0,0.0,0.0,195,195,0.1807,0.1807,nan,nan,nan,UNKNOWN,0.0,0.0,False,False,True,True,False
40.706,0.0,0.0,0.0,0.0,0.0,0.0,0.0,0.0,195,195,0.1807,0.1807,nan,nan,nan,UNKNOWN,0.0,0.0,False,False,True,True,False
40.756,0.0,0.0,0.0,0.0,0.0,0.0,0.0,0.0,195,195,0.1807,0.1807,nan,nan,nan,UNKNOWN,0.0,0.0,False,False,True,True,False
40.806,0.0,0.0,0.0,0.0,0.0,0.0,0.0,0.0,195,195,0.1807,0.1807,nan,nan,nan,UNKNOWN,0.0,0.0,False,False,True,True,False
40.856,0.0,0.0,0.0,0.0,0.0,0.0,0.0,0.0,195,195,0.1807,0.1807,nan,nan,nan,UNKNOWN,0.0,0.0,False,False,True,True,False
40.906,0.0,0.0,0.0,0.0,0.0,0.0,0.0,0.0,195,195,0.1807,0.1807,nan,nan,nan,UNKNOWN,0.0,0.0,False,False,True,True,False
40.956,0.0,0.0,0.0,0.0,0.0,0.0,0.0,0.0,195,195,0.1807,0.1807,nan,nan,nan,UNKNOWN,0.0,0.0,False,False,True,True,False
41.006,0.0,0.0,0.0,0.0,0.0,0.0,0.0,0.0,195,195,0.1807,0.1807,nan,nan,nan,UNKNOWN,0.0,0.0,False,False,True,True,False
41.056,0.0,0.0,0.0,0.0,0.0,0.0,0.0,0.0,195,195,0.1807,0.1807,nan,nan,nan,UNKNOWN,0.0,0.0,False,False,True,True,False
41.106,0.0,0.0,0.0,0.0,0.0,0.0,0.0,0.0,195,195,0.1807,0.1807,nan,nan,nan,UNKNOWN,0.0,0.0,False,False,True,True,False
41.156,0.0,0.0,0.0,0.0,0.0,0.0,0.0,0.0,195,195,0.1807,0.1807,nan,nan,nan,UNKNOWN,0.0,0.0,False,False,True,True,False
41.206,0.0,0.0,0.0,0.0,0.0,0.0,0.0,0.0,195,195,0.1807,0.1807,nan,nan,nan,UNKNOWN,0.0,0.0,False,False,True,True,False
41.256,0.0,0.0,0.0,0.0,0.0,0.0,0.0,0.0,195,195,0.1807,0.1807,nan,nan,nan,UNKNOWN,0.0,0.0,False,False,True,True,False
41.306,0.0,0.0,0.0,0.0,0.0,0.0,0.0,0.0,195,195,0.1807,0.1807,nan,nan,nan,UNKNOWN,0.0,0.0,False,False,True,True,False
41.358,0.0,0.0,0.0,0.0,0.0,0.0,0.0,0.0,195,195,0.1807,0.1807,nan,nan,nan,UNKNOWN,0.0,0.0,False,False,True,True,False
41.406,0.0,0.0,0.0,0.0,0.0,0.0,0.0,0.0,195,195,0.1807,0.1807,nan,nan,nan,UNKNOWN,0.0,0.0,False,False,True,True,False
41.456,0.0,0.0,0.0,0.0,0.0,0.0,0.0,0.0,195,195,0.1807,0.1807,nan,nan,nan,UNKNOWN,0.0,0.0,False,False,True,True,False
41.506,0.0,0.0,0.0,0.0,0.0,0.0,0.0,0.0,195,195,0.1807,0.1807,nan,nan,nan,UNKNOWN,0.0,0.0,False,False,True,True,False
41.556,0.0,0.0,0.0,0.0,0.0,0.0,0.0,0.0,195,195,0.1807,0.1807,nan,nan,nan,UNKNOWN,0.0,0.0,False,False,True,True,False
41.606,0.0,0.0,0.0,0.0,0.0,0.0,0.0,0.0,195,195,0.1807,0.1807,nan,nan,nan,UNKNOWN,0.0,0.0,False,False,True,True,False
41.656,0.0,0.0,0.0,0.0,0.0,0.0,0.0,0.0,195,195,0.1807,0.1807,nan,nan,nan,UNKNOWN,0.0,0.0,False,False,True,True,False
41.706,0.0,0.0,0.0,0.0,0.0,0.0,0.0,0.0,195,195,0.1807,0.1807,nan,nan,nan,UNKNOWN,0.0,0.0,False,False,True,True,False
41.756,0.0,0.0,0.0,0.0,0.0,0.0,0.0,0.0,195,195,0.1807,0.1807,nan,nan,nan,UNKNOWN,0.0,0.0,False,False,True,True,False
41.806,0.0,0.0,0.0,0.0,0.0,0.0,0.0,0.0,195,195,0.1807,0.1807,nan,nan,nan,UNKNOWN,0.0,0.0,False,False,True,True,False
41.856,0.0,0.0,0.0,0.0,0.0,0.0,0.0,0.0,195,195,0.1807,0.1807,nan,nan,nan,UNKNOWN,0.0,0.0,False,False,True,True,False
41.906,0.0,0.0,0.0,0.0,0.0,0.0,0.0,0.0,195,195,0.1807,0.1807,nan,nan,nan,UNKNOWN,0.0,0.0,False,False,True,True,False
41.956,0.0,0.0,0.0,0.0,0.0,0.0,0.0,0.0,195,195,0.1807,0.1807,nan,nan,nan,UNKNOWN,0.0,0.0,False,False,True,True,False
42.006,0.0,0.0,0.0,0.0,0.0,0.0,0.0,0.0,195,195,0.1807,0.1807,nan,nan,nan,UNKNOWN,0.0,0.0,False,False,True,True,False
42.056,0.0,0.0,0.0,0.0,0.0,0.0,0.0,0.0,195,195,0.1807,0.1807,nan,nan,nan,UNKNOWN,0.0,0.0,False,False,True,True,False
42.106,0.0,0.0,0.0,0.0,0.0,0.0,0.0,0.0,195,195,0.1807,0.1807,nan,nan,nan,UNKNOWN,0.0,0.0,False,False,True,True,False
42.156,0.0,0.0,0.0,0.0,0.0,0.0,0.0,0.0,195,195,0.1807,0.1807,nan,nan,nan,UNKNOWN,0.0,0.0,False,False,True,True,False
42.206,0.0,0.0,0.0,0.0,0.0,0.0,0.0,0.0,195,195,0.1807,0.1807,nan,nan,nan,UNKNOWN,0.0,0.0,False,False,True,True,False
42.256,0.0,0.0,0.0,0.0,0.0,0.0,0.0,0.0,195,195,0.1807,0.1807,nan,nan,nan,UNKNOWN,0.0,0.0,False,False,True,True,False
42.306,0.0,0.0,0.0,0.0,0.0,0.0,0.0,0.0,195,195,0.1807,0.1807,nan,nan,nan,UNKNOWN,0.0,0.0,False,False,True,True,False
42.358,0.0,0.0,0.0,0.0,0.0,0.0,0.0,0.0,195,195,0.1807,0.1807,nan,nan,nan,UNKNOWN,0.0,0.0,False,False,True,True,False
42.406,0.0,0.0,0.0,0.0,0.0,0.0,0.0,0.0,195,195,0.1807,0.1807,nan,nan,nan,UNKNOWN,0.0,0.0,False,False,True,True,False
42.456,0.0,0.0,0.0,0.0,0.0,0.0,0.0,0.0,195,195,0.1807,0.1807,nan,nan,nan,UNKNOWN,0.0,0.0,False,False,True,True,False
42.506,0.0,0.0,0.0,0.0,0.0,0.0,0.0,0.0,195,195,0.1807,0.1807,nan,nan,nan,UNKNOWN,0.0,0.0,False,False,True,True,False
42.556,0.0,0.0,0.0,0.0,0.0,0.0,0.0,0.0,195,195,0.1807,0.1807,nan,nan,nan,UNKNOWN,0.0,0.0,False,False,True,True,False
42.606,0.0,0.0,0.0,0.0,0.0,0.0,0.0,0.0,195,195,0.1807,0.1807,nan,nan,nan,UNKNOWN,0.0,0.0,False,False,True,True,False
42.656,0.0,0.0,0.0,0.0,0.0,0.0,0.0,0.0,195,195,0.1807,0.1807,nan,nan,nan,UNKNOWN,0.0,0.0,False,False,True,True,False
42.706,0.0,0.0,0.0,0.0,0.0,0.0,0.0,0.0,195,195,0.1807,0.1807,nan,nan,nan,UNKNOWN,0.0,0.0,False,False,True,True,False
42.756,0.0,0.0,0.0,0.0,0.0,0.0,0.0,0.0,195,195,0.1807,0.1807,nan,nan,nan,UNKNOWN,0.0,0.0,False,False,True,True,False
42.806,0.0,0.0,0.0,0.0,0.0,0.0,0.0,0.0,195,195,0.1807,0.1807,nan,nan,nan,UNKNOWN,0.0,0.0,False,False,True,True,False
42.856,0.0,0.0,0.0,0.0,0.0,0.0,0.0,0.0,195,195,0.1807,0.1807,nan,nan,nan,UNKNOWN,0.0,0.0,False,False,True,True,False
42.906,0.0,0.0,0.0,0.0,0.0,0.0,0.0,0.0,195,195,0.1807,0.1807,nan,nan,nan,UNKNOWN,0.0,0.0,False,False,True,True,False
42.956,0.0,0.0,0.0,0.0,0.0,0.0,0.0,0.0,195,195,0.1807,0.1807,nan,nan,nan,UNKNOWN,0.0,0.0,False,False,True,True,False
43.006,0.0,0.0,0.0,0.0,0.0,0.0,0.0,0.0,195,195,0.1807,0.1807,nan,nan,nan,UNKNOWN,0.0,0.0,False,False,True,True,False
43.056,0.0,0.0,0.0,0.0,0.0,0.0,0.0,0.0,195,195,0.1807,0.1807,nan,nan,nan,UNKNOWN,0.0,0.0,False,False,True,True,False
43.106,0.0,0.0,0.0,0.0,0.0,0.0,0.0,0.0,195,195,0.1807,0.1807,nan,nan,nan,UNKNOWN,0.0,0.0,False,False,True,True,False
43.156,0.0,0.0,0.0,0.0,0.0,0.0,0.0,0.0,195,195,0.1807,0.1807,nan,nan,nan,UNKNOWN,0.0,0.0,False,False,True,True,False
43.206,0.0,0.0,0.0,0.0,0.0,0.0,0.0,0.0,195,195,0.1807,0.1807,nan,nan,nan,UNKNOWN,0.0,0.0,False,False,True,True,False
43.256,0.0,0.0,0.0,0.0,0.0,0.0,0.0,0.0,195,195,0.1807,0.1807,nan,nan,nan,UNKNOWN,0.0,0.0,False,False,True,True,False
43.306,0.0,0.0,0.0,0.0,0.0,0.0,0.0,0.0,195,195,0.1807,0.1807,nan,nan,nan,UNKNOWN,0.0,0.0,False,False,True,True,False
43.358,0.0,0.0,0.0,0.0,0.0,0.0,0.0,0.0,195,195,0.1807,0.1807,nan,nan,nan,UNKNOWN,0.0,0.0,False,False,True,True,False
43.406,0.0,0.0,0.0,0.0,0.0,0.0,0.0,0.0,195,195,0.1807,0.1807,nan,nan,nan,UNKNOWN,0.0,0.0,False,False,True,True,False
43.456,0.0,0.0,0.0,0.0,0.0,0.0,0.0,0.0,195,195,0.1807,0.1807,nan,nan,nan,UNKNOWN,0.0,0.0,False,False,True,True,False
43.506,0.0,0.0,0.0,0.0,0.0,0.0,0.0,0.0,195,195,0.1807,0.1807,nan,nan,nan,UNKNOWN,0.0,0.0,False,False,True,True,False
43.556,0.0,0.0,0.0,0.0,0.0,0.0,0.0,0.0,195,195,0.1807,0.1807,nan,nan,nan,UNKNOWN,0.0,0.0,False,False,True,True,False
43.606,0.0,0.0,0.0,0.0,0.0,0.0,0.0,0.0,195,195,0.1807,0.1807,nan,nan,nan,UNKNOWN,0.0,0.0,False,False,True,True,False
43.656,0.0,0.0,0.0,0.0,0.0,0.0,0.0,0.0,195,195,0.1807,0.1807,nan,nan,nan,UNKNOWN,0.0,0.0,False,False,True,True,False
43.706,0.0,0.0,0.0,0.0,0.0,0.0,0.0,0.0,195,195,0.1807,0.1807,nan,nan,nan,UNKNOWN,0.0,0.0,False,False,True,True,False
43.756,0.0,0.0,0.0,0.0,0.0,0.0,0.0,0.0,195,195,0.1807,0.1807,nan,nan,nan,UNKNOWN,0.0,0.0,False,False,True,True,False
43.806,0.0,0.0,0.0,0.0,0.0,0.0,0.0,0.0,195,195,0.1807,0.1807,nan,nan,nan,UNKNOWN,0.0,0.0,False,False,True,True,False
43.856,0.0,0.0,0.0,0.0,0.0,0.0,0.0,0.0,195,195,0.1807,0.1807,nan,nan,nan,UNKNOWN,0.0,0.0,False,False,True,True,False
43.906,0.0,0.0,0.0,0.0,0.0,0.0,0.0,0.0,195,195,0.1807,0.1807,nan,nan,nan,UNKNOWN,0.0,0.0,False,False,True,True,False
43.956,0.0,0.0,0.0,0.0,0.0,0.0,0.0,0.0,195,195,0.1807,0.1807,nan,nan,nan,UNKNOWN,0.0,0.0,False,False,True,True,False
44.006,0.0,0.0,0.0,0.0,0.0,0.0,0.0,0.0,195,195,0.1807,0.1807,nan,nan,nan,UNKNOWN,0.0,0.0,False,False,True,True,False
44.056,0.0,0.0,0.0,0.0,0.0,0.0,0.0,0.0,195,195,0.1807,0.1807,nan,nan,nan,UNKNOWN,0.0,0.0,False,False,True,True,False
44.106,0.0,0.0,0.0,0.0,0.0,0.0,0.0,0.0,195,195,0.1807,0.1807,nan,nan,nan,UNKNOWN,0.0,0.0,False,False,True,True,False
44.156,0.0,0.0,0.0,0.0,0.0,0.0,0.0,0.0,195,195,0.1807,0.1807,nan,nan,nan,UNKNOWN,0.0,0.0,False,False,True,True,False
44.206,0.0,0.0,0.0,0.0,0.0,0.0,0.0,0.0,195,195,0.1807,0.1807,nan,nan,nan,UNKNOWN,0.0,0.0,False,False,True,True,False
44.256,0.0,0.0,0.0,0.0,0.0,0.0,0.0,0.0,195,195,0.1807,0.1807,nan,nan,nan,UNKNOWN,0.0,0.0,False,False,True,True,False
44.306,0.0,0.0,0.0,0.0,0.0,0.0,0.0,0.0,195,195,0.1807,0.1807,nan,nan,nan,UNKNOWN,0.0,0.0,False,False,True,True,False
44.358,0.0,0.0,0.0,0.0,0.0,0.0,0.0,0.0,195,195,0.1807,0.1807,nan,nan,nan,UNKNOWN,0.0,0.0,False,False,True,True,False
44.406,0.0,0.0,0.0,0.0,0.0,0.0,0.0,0.0,195,195,0.1807,0.1807,nan,nan,nan,UNKNOWN,0.0,0.0,False,False,True,True,False
44.456,0.0,0.0,0.0,0.0,0.0,0.0,0.0,0.0,195,195,0.1807,0.1807,nan,nan,nan,UNKNOWN,0.0,0.0,False,False,True,True,False
44.506,0.0,0.0,0.0,0.0,0.0,0.0,0.0,0.0,195,195,0.1807,0.1807,nan,nan,nan,UNKNOWN,0.0,0.0,False,False,True,True,False
44.556,0.0,0.0,0.0,0.0,0.0,0.0,0.0,0.0,195,195,0.1807,0.1807,nan,nan,nan,UNKNOWN,0.0,0.0,False,False,True,True,False
44.606,0.0,0.0,0.0,0.0,0.0,0.0,0.0,0.0,195,195,0.1807,0.1807,nan,nan,nan,UNKNOWN,0.0,0.0,False,False,True,True,False
44.656,0.0,0.0,0.0,0.0,0.0,0.0,0.0,0.0,195,195,0.1807,0.1807,nan,nan,nan,UNKNOWN,0.0,0.0,False,False,True,True,False
44.706,0.0,0.0,0.0,0.0,0.0,0.0,0.0,0.0,195,195,0.1807,0.1807,nan,nan,nan,UNKNOWN,0.0,0.0,False,False,True,True,False
44.756,0.0,0.0,0.0,0.0,0.0,0.0,0.0,0.0,195,195,0.1807,0.1807,nan,nan,nan,UNKNOWN,0.0,0.0,False,False,True,True,False
44.806,0.0,0.0,0.0,0.0,0.0,0.0,0.0,0.0,195,195,0.1807,0.1807,nan,nan,nan,UNKNOWN,0.0,0.0,False,False,True,True,False
44.856,0.0,0.0,0.0,0.0,0.0,0.0,0.0,0.0,195,195,0.1807,0.1807,nan,nan,nan,UNKNOWN,0.0,0.0,False,False,True,True,False
44.906,0.0,0.0,0.0,0.0,0.0,0.0,0.0,0.0,195,195,0.1807,0.1807,nan,nan,nan,UNKNOWN,0.0,0.0,False,False,True,True,False
44.956,0.0,0.0,0.0,0.0,0.0,0.0,0.0,0.0,195,195,0.1807,0.1807,nan,nan,nan,UNKNOWN,0.0,0.0,False,False,True,True,False
45.006,0.0,0.0,0.0,0.0,0.0,0.0,0.0,0.0,195,195,0.1807,0.1807,nan,nan,nan,UNKNOWN,0.0,0.0,False,False,True,True,False
45.056,0.0,0.0,0.0,0.0,0.0,0.0,0.0,0.0,195,195,0.1807,0.1807,nan,nan,nan,UNKNOWN,0.0,0.0,False,False,True,True,False
45.106,0.0,0.0,0.0,0.0,0.0,0.0,0.0,0.0,195,195,0.1807,0.1807,nan,nan,nan,UNKNOWN,0.0,0.0,False,False,True,True,False
45.156,0.0,0.0,0.0,0.0,0.0,0.0,0.0,0.0,195,195,0.1807,0.1807,nan,nan,nan,UNKNOWN,0.0,0.0,False,False,True,True,False
45.206,0.0,0.0,0.0,0.0,0.0,0.0,0.0,0.0,195,195,0.1807,0.1807,nan,nan,nan,UNKNOWN,0.0,0.0,False,False,True,True,False
45.256,0.0,0.0,0.0,0.0,0.0,0.0,0.0,0.0,195,195,0.1807,0.1807,nan,nan,nan,UNKNOWN,0.0,0.0,False,False,True,True,False
45.306,0.0,0.0,0.0,0.0,0.0,0.0,0.0,0.0,195,195,0.1807,0.1807,nan,nan,nan,UNKNOWN,0.0,0.0,False,False,True,True,False
45.358,0.0,0.0,0.0,0.0,0.0,0.0,0.0,0.0,195,195,0.1807,0.1807,nan,nan,nan,UNKNOWN,0.0,0.0,False,False,True,True,False
45.406,0.0,0.0,0.0,0.0,0.0,0.0,0.0,0.0,195,195,0.1807,0.1807,nan,nan,nan,UNKNOWN,0.0,0.0,False,False,True,True,False
45.456,0.0,0.0,0.0,0.0,0.0,0.0,0.0,0.0,195,195,0.1807,0.1807,nan,nan,nan,UNKNOWN,0.0,0.0,False,False,True,True,False
45.506,0.0,0.0,0.0,0.0,0.0,0.0,0.0,0.0,195,195,0.1807,0.1807,nan,nan,nan,UNKNOWN,0.0,0.0,False,False,True,True,False
45.556,0.0,0.0,0.0,0.0,0.0,0.0,0.0,0.0,195,195,0.1807,0.1807,nan,nan,nan,UNKNOWN,0.0,0.0,False,False,True,True,False
45.606,0.0,0.0,0.0,0.0,0.0,0.0,0.0,0.0,195,195,0.1807,0.1807,nan,nan,nan,UNKNOWN,0.0,0.0,False,False,True,True,False
45.656,0.0,0.0,0.0,0.0,0.0,0.0,0.0,0.0,195,195,0.1807,0.1807,nan,nan,nan,UNKNOWN,0.0,0.0,False,False,True,True,False
45.706,0.0,0.0,0.0,0.0,0.0,0.0,0.0,0.0,195,195,0.1807,0.1807,nan,nan,nan,UNKNOWN,0.0,0.0,False,False,True,True,False
45.756,0.0,0.0,0.0,0.0,0.0,0.0,0.0,0.0,195,195,0.1807,0.1807,nan,nan,nan,UNKNOWN,0.0,0.0,False,False,True,True,False
45.806,0.0,0.0,0.0,0.0,0.0,0.0,0.0,0.0,195,195,0.1807,0.1807,nan,nan,nan,UNKNOWN,0.0,0.0,False,False,True,True,False
45.856,0.0,0.0,0.0,0.0,0.0,0.0,0.0,0.0,195,195,0.1807,0.1807,nan,nan,nan,UNKNOWN,0.0,0.0,False,False,True,True,False
45.906,0.0,0.0,0.0,0.0,0.0,0.0,0.0,0.0,195,195,0.1807,0.1807,nan,nan,nan,UNKNOWN,0.0,0.0,False,False,True,True,False
45.956,0.0,0.0,0.0,0.0,0.0,0.0,0.0,0.0,195,195,0.1807,0.1807,nan,nan,nan,UNKNOWN,0.0,0.0,False,False,True,True,False
46.006,0.0,0.0,0.0,0.0,0.0,0.0,0.0,0.0,195,195,0.1807,0.1807,nan,nan,nan,UNKNOWN,0.0,0.0,False,False,True,True,False
46.056,0.0,0.0,0.0,0.0,0.0,0.0,0.0,0.0,195,195,0.1807,0.1807,nan,nan,nan,UNKNOWN,0.0,0.0,False,False,True,True,False
46.106,0.0,0.0,0.0,0.0,0.0,0.0,0.0,0.0,195,195,0.1807,0.1807,nan,nan,nan,UNKNOWN,0.0,0.0,False,False,True,True,False
46.156,0.0,0.0,0.0,0.0,0.0,0.0,0.0,0.0,195,195,0.1807,0.1807,nan,nan,nan,UNKNOWN,0.0,0.0,False,False,True,True,False
46.206,0.0,0.0,0.0,0.0,0.0,0.0,0.0,0.0,195,195,0.1807,0.1807,nan,nan,nan,UNKNOWN,0.0,0.0,False,False,True,True,False
46.256,0.0,0.0,0.0,0.0,0.0,0.0,0.0,0.0,195,195,0.1807,0.1807,nan,nan,nan,UNKNOWN,0.0,0.0,False,False,True,True,False
46.306,0.0,0.0,0.0,0.0,0.0,0.0,0.0,0.0,195,195,0.1807,0.1807,nan,nan,nan,UNKNOWN,0.0,0.0,False,False,True,True,False
46.358,0.0,0.0,0.0,0.0,0.0,0.0,0.0,0.0,195,195,0.1807,0.1807,nan,nan,nan,UNKNOWN,0.0,0.0,False,False,True,True,False
46.406,0.0,0.0,0.0,0.0,0.0,0.0,0.0,0.0,195,195,0.1807,0.1807,nan,nan,nan,UNKNOWN,0.0,0.0,False,False,True,True,False
46.456,0.0,0.0,0.0,0.0,0.0,0.0,0.0,0.0,195,195,0.1807,0.1807,nan,nan,nan,UNKNOWN,0.0,0.0,False,False,True,True,False
46.506,0.0,0.0,0.0,0.0,0.0,0.0,0.0,0.0,195,195,0.1807,0.1807,nan,nan,nan,UNKNOWN,0.0,0.0,False,False,True,True,False
46.556,0.0,0.0,0.0,0.0,0.0,0.0,0.0,0.0,195,195,0.1807,0.1807,nan,nan,nan,UNKNOWN,0.0,0.0,False,False,True,True,False
46.606,0.0,0.0,0.0,0.0,0.0,0.0,0.0,0.0,195,195,0.1807,0.1807,nan,nan,nan,UNKNOWN,0.0,0.0,False,False,True,True,False
46.656,0.0,0.0,0.0,0.0,0.0,0.0,0.0,0.0,195,195,0.1807,0.1807,nan,nan,nan,UNKNOWN,0.0,0.0,False,False,True,True,False
46.706,0.0,0.0,0.0,0.0,0.0,0.0,0.0,0.0,195,195,0.1807,0.1807,nan,nan,nan,UNKNOWN,0.0,0.0,False,False,True,True,False
46.756,0.0,0.0,0.0,0.0,0.0,0.0,0.0,0.0,195,195,0.1807,0.1807,nan,nan,nan,UNKNOWN,0.0,0.0,False,False,True,True,False
46.806,0.0,0.0,0.0,0.0,0.0,0.0,0.0,0.0,195,195,0.1807,0.1807,nan,nan,nan,UNKNOWN,0.0,0.0,False,False,True,True,False
46.856,0.0,0.0,0.0,0.0,0.0,0.0,0.0,0.0,195,195,0.1807,0.1807,nan,nan,nan,UNKNOWN,0.0,0.0,False,False,True,True,False
46.906,0.0,0.0,0.0,0.0,0.0,0.0,0.0,0.0,195,195,0.1807,0.1807,nan,nan,nan,UNKNOWN,0.0,0.0,False,False,True,True,False
46.956,0.0,0.0,0.0,0.0,0.0,0.0,0.0,0.0,195,195,0.1807,0.1807,nan,nan,nan,UNKNOWN,0.0,0.0,False,False,True,True,False
47.006,0.0,0.0,0.0,0.0,0.0,0.0,0.0,0.0,195,195,0.1807,0.1807,nan,nan,nan,UNKNOWN,0.0,0.0,False,False,True,True,False
47.056,0.0,0.0,0.0,0.0,0.0,0.0,0.0,0.0,195,195,0.1807,0.1807,nan,nan,nan,UNKNOWN,0.0,0.0,False,False,True,True,False
47.106,0.0,0.0,0.0,0.0,0.0,0.0,0.0,0.0,195,195,0.1807,0.1807,nan,nan,nan,UNKNOWN,0.0,0.0,False,False,True,True,False
47.156,0.0,0.0,0.0,0.0,0.0,0.0,0.0,0.0,195,195,0.1807,0.1807,nan,nan,nan,UNKNOWN,0.0,0.0,False,False,True,True,False
47.206,0.0,0.0,0.0,0.0,0.0,0.0,0.0,0.0,195,195,0.1807,0.1807,nan,nan,nan,UNKNOWN,0.0,0.0,False,False,True,True,False
47.256,0.0,0.0,0.0,0.0,0.0,0.0,0.0,0.0,195,195,0.1807,0.1807,nan,nan,nan,UNKNOWN,0.0,0.0,False,False,True,True,False
47.306,0.0,0.0,0.0,0.0,0.0,0.0,0.0,0.0,195,195,0.1807,0.1807,nan,nan,nan,UNKNOWN,0.0,0.0,False,False,True,True,False
47.358,0.0,0.0,0.0,0.0,0.0,0.0,0.0,0.0,195,195,0.1807,0.1807,nan,nan,nan,UNKNOWN,0.0,0.0,False,False,True,True,False
47.406,0.0,0.0,0.0,0.0,0.0,0.0,0.0,0.0,195,195,0.1807,0.1807,nan,nan,nan,UNKNOWN,0.0,0.0,False,False,True,True,False
47.456,0.0,0.0,0.0,0.0,0.0,0.0,0.0,0.0,195,195,0.1807,0.1807,nan,nan,nan,UNKNOWN,0.0,0.0,False,False,True,True,False
47.506,0.0,0.0,0.0,0.0,0.0,0.0,0.0,0.0,195,195,0.1807,0.1807,nan,nan,nan,UNKNOWN,0.0,0.0,False,False,True,True,False
47.556,0.0,0.0,0.0,0.0,0.0,0.0,0.0,0.0,195,195,0.1807,0.1807,nan,nan,nan,UNKNOWN,0.0,0.0,False,False,True,True,False
47.606,0.0,0.0,0.0,0.0,0.0,0.0,0.0,0.0,195,195,0.1807,0.1807,nan,nan,nan,UNKNOWN,0.0,0.0,False,False,True,True,False
47.656,0.0,0.0,0.0,0.0,0.0,0.0,0.0,0.0,195,195,0.1807,0.1807,nan,nan,nan,UNKNOWN,0.0,0.0,False,False,True,True,False
47.706,0.0,0.0,0.0,0.0,0.0,0.0,0.0,0.0,195,195,0.1807,0.1807,nan,nan,nan,UNKNOWN,0.0,0.0,False,False,True,True,False
47.756,0.0,0.0,0.0,0.0,0.0,0.0,0.0,0.0,195,195,0.1807,0.1807,nan,nan,nan,UNKNOWN,0.0,0.0,False,False,True,True,False
47.806,0.0,0.0,0.0,0.0,0.0,0.0,0.0,0.0,195,195,0.1807,0.1807,nan,nan,nan,UNKNOWN,0.0,0.0,False,False,True,True,False
47.856,0.0,0.0,0.0,0.0,0.0,0.0,0.0,0.0,195,195,0.1807,0.1807,nan,nan,nan,UNKNOWN,0.0,0.0,False,False,True,True,False
47.906,0.0,0.0,0.0,0.0,0.0,0.0,0.0,0.0,195,195,0.1807,0.1807,nan,nan,nan,UNKNOWN,0.0,0.0,False,False,True,True,False
47.956,0.0,0.0,0.0,0.0,0.0,0.0,0.0,0.0,195,195,0.1807,0.1807,nan,nan,nan,UNKNOWN,0.0,0.0,False,False,True,True,False
48.006,0.0,0.0,0.0,0.0,0.0,0.0,0.0,0.0,195,195,0.1807,0.1807,nan,nan,nan,UNKNOWN,0.0,0.0,False,False,True,True,False
48.056,0.0,0.0,0.0,0.0,0.0,0.0,0.0,0.0,195,195,0.1807,0.1807,nan,nan,nan,UNKNOWN,0.0,0.0,False,False,True,True,False
48.106,0.0,0.0,0.0,0.0,0.0,0.0,0.0,0.0,195,195,0.1807,0.1807,nan,nan,nan,UNKNOWN,0.0,0.0,False,False,True,True,False
48.156,0.0,0.0,0.0,0.0,0.0,0.0,0.0,0.0,195,195,0.1807,0.1807,nan,nan,nan,UNKNOWN,0.0,0.0,False,False,True,True,False
48.206,0.0,0.0,0.0,0.0,0.0,0.0,0.0,0.0,195,195,0.1807,0.1807,nan,nan,nan,UNKNOWN,0.0,0.0,False,False,True,True,False
48.256,0.0,0.0,0.0,0.0,0.0,0.0,0.0,0.0,195,195,0.1807,0.1807,nan,nan,nan,UNKNOWN,0.0,0.0,False,False,True,True,False
48.306,0.0,0.0,0.0,0.0,0.0,0.0,0.0,0.0,195,195,0.1807,0.1807,nan,nan,nan,UNKNOWN,0.0,0.0,False,False,True,True,False
48.358,0.0,0.0,0.0,0.0,0.0,0.0,0.0,0.0,195,195,0.1807,0.1807,nan,nan,nan,UNKNOWN,0.0,0.0,False,False,True,True,False
48.406,0.0,0.0,0.0,0.0,0.0,0.0,0.0,0.0,195,195,0.1807,0.1807,nan,nan,nan,UNKNOWN,0.0,0.0,False,False,True,True,False
48.456,0.0,0.0,0.0,0.0,0.0,0.0,0.0,0.0,195,195,0.1807,0.1807,nan,nan,nan,UNKNOWN,0.0,0.0,False,False,True,True,False
48.506,0.0,0.0,0.0,0.0,0.0,0.0,0.0,0.0,195,195,0.1807,0.1807,nan,nan,nan,UNKNOWN,0.0,0.0,False,False,True,True,False
48.556,0.0,0.0,0.0,0.0,0.0,0.0,0.0,0.0,195,195,0.1807,0.1807,nan,nan,nan,UNKNOWN,0.0,0.0,False,False,True,True,False
48.606,0.0,0.0,0.0,0.0,0.0,0.0,0.0,0.0,195,195,0.1807,0.1807,nan,nan,nan,UNKNOWN,0.0,0.0,False,False,True,True,False
48.656,0.0,0.0,0.0,0.0,0.0,0.0,0.0,0.0,195,195,0.1807,0.1807,nan,nan,nan,UNKNOWN,0.0,0.0,False,False,True,True,False
48.706,0.0,0.0,0.0,0.0,0.0,0.0,0.0,0.0,195,195,0.1807,0.1807,nan,nan,nan,UNKNOWN,0.0,0.0,False,False,True,True,False
48.756,0.0,0.0,0.0,0.0,0.0,0.0,0.0,0.0,195,195,0.1807,0.1807,nan,nan,nan,UNKNOWN,0.0,0.0,False,False,True,True,False
48.806,0.0,0.0,0.0,0.0,0.0,0.0,0.0,0.0,195,195,0.1807,0.1807,nan,nan,nan,UNKNOWN,0.0,0.0,False,False,True,True,False
48.856,0.0,0.0,0.0,0.0,0.0,0.0,0.0,0.0,195,195,0.1807,0.1807,nan,nan,nan,UNKNOWN,0.0,0.0,False,False,True,True,False
48.906,0.0,0.0,0.0,0.0,0.0,0.0,0.0,0.0,195,195,0.1807,0.1807,nan,nan,nan,UNKNOWN,0.0,0.0,False,False,True,True,False
48.956,0.0,0.0,0.0,0.0,0.0,0.0,0.0,0.0,195,195,0.1807,0.1807,nan,nan,nan,UNKNOWN,0.0,0.0,False,False,True,True,False
49.006,0.0,0.0,0.0,0.0,0.0,0.0,0.0,0.0,195,195,0.1807,0.1807,nan,nan,nan,UNKNOWN,0.0,0.0,False,False,True,True,False
49.056,0.0,0.0,0.0,0.0,0.0,0.0,0.0,0.0,195,195,0.1807,0.1807,nan,nan,nan,UNKNOWN,0.0,0.0,False,False,True,True,False
49.106,0.0,0.0,0.0,0.0,0.0,0.0,0.0,0.0,195,195,0.1807,0.1807,nan,nan,nan,UNKNOWN,0.0,0.0,False,False,True,True,False
49.156,0.0,0.0,0.0,0.0,0.0,0.0,0.0,0.0,195,195,0.1807,0.1807,nan,nan,nan,UNKNOWN,0.0,0.0,False,False,True,True,False
49.206,0.0,0.0,0.0,0.0,0.0,0.0,0.0,0.0,195,195,0.1807,0.1807,nan,nan,nan,UNKNOWN,0.0,0.0,False,False,True,True,False
49.256,0.0,0.0,0.0,0.0,0.0,0.0,0.0,0.0,195,195,0.1807,0.1807,nan,nan,nan,UNKNOWN,0.0,0.0,False,False,True,True,False
49.306,0.0,0.0,0.0,0.0,0.0,0.0,0.0,0.0,195,195,0.1807,0.1807,nan,nan,nan,UNKNOWN,0.0,0.0,False,False,True,True,False
49.358,0.0,0.0,0.0,0.0,0.0,0.0,0.0,0.0,195,195,0.1807,0.1807,nan,nan,nan,UNKNOWN,0.0,0.0,False,False,True,True,False
49.406,0.0,0.0,0.0,0.0,0.0,0.0,0.0,0.0,195,195,0.1807,0.1807,nan,nan,nan,UNKNOWN,0.0,0.0,False,False,True,True,False
49.456,0.0,0.0,0.0,0.0,0.0,0.0,0.0,0.0,195,195,0.1807,0.1807,nan,nan,nan,UNKNOWN,0.0,0.0,False,False,True,True,False
49.506,0.0,0.0,0.0,0.0,0.0,0.0,0.0,0.0,195,195,0.1807,0.1807,nan,nan,nan,UNKNOWN,0.0,0.0,False,False,True,True,False
49.556,0.0,0.0,0.0,0.0,0.0,0.0,0.0,0.0,195,195,0.1807,0.1807,nan,nan,nan,UNKNOWN,0.0,0.0,False,False,True,True,False
49.606,0.0,0.0,0.0,0.0,0.0,0.0,0.0,0.0,195,195,0.1807,0.1807,nan,nan,nan,UNKNOWN,0.0,0.0,False,False,True,True,False
49.656,0.0,0.0,0.0,0.0,0.0,0.0,0.0,0.0,195,195,0.1807,0.1807,nan,nan,nan,UNKNOWN,0.0,0.0,False,False,True,True,False
49.706,0.0,0.0,0.0,0.0,0.0,0.0,0.0,0.0,195,195,0.1807,0.1807,nan,nan,nan,UNKNOWN,0.0,0.0,False,False,True,True,False
49.756,0.0,0.0,0.0,0.0,0.0,0.0,0.0,0.0,195,195,0.1807,0.1807,nan,nan,nan,UNKNOWN,0.0,0.0,False,False,True,True,False
49.806,0.0,0.0,0.0,0.0,0.0,0.0,0.0,0.0,195,195,0.1807,0.1807,nan,nan,nan,UNKNOWN,0.0,0.0,False,False,True,True,False
49.856,0.0,0.0,0.0,0.0,0.0,0.0,0.0,0.0,195,195,0.1807,0.1807,nan,nan,nan,UNKNOWN,0.0,0.0,False,False,True,True,False
49.906,0.0,0.0,0.0,0.0,0.0,0.0,0.0,0.0,195,195,0.1807,0.1807,nan,nan,nan,UNKNOWN,0.0,0.0,False,False,True,True,False
49.956,0.0,0.0,0.0,0.0,0.0,0.0,0.0,0.0,195,195,0.1807,0.1807,nan,nan,nan,UNKNOWN,0.0,0.0,False,False,True,True,False
50.006,0.0,0.0,0.0,0.0,0.0,0.0,0.0,0.0,195,195,0.1807,0.1807,nan,nan,nan,UNKNOWN,0.0,0.0,False,False,True,True,False
50.056,0.0,0.0,0.0,0.0,0.0,0.0,0.0,0.0,195,195,0.1807,0.1807,nan,nan,nan,UNKNOWN,0.0,0.0,False,False,True,True,False
50.106,0.0,0.0,0.0,0.0,0.0,0.0,0.0,0.0,195,195,0.1807,0.1807,nan,nan,nan,UNKNOWN,0.0,0.0,False,False,True,True,False
50.156,0.0,0.0,0.0,0.0,0.0,0.0,0.0,0.0,195,195,0.1807,0.1807,nan,nan,nan,UNKNOWN,0.0,0.0,False,False,True,True,False
50.206,0.0,0.0,0.0,0.0,0.0,0.0,0.0,0.0,195,195,0.1807,0.1807,nan,nan,nan,UNKNOWN,0.0,0.0,False,False,True,True,False
50.256,0.0,0.0,0.0,0.0,0.0,0.0,0.0,0.0,195,195,0.1807,0.1807,nan,nan,nan,UNKNOWN,0.0,0.0,False,False,True,True,False
50.306,0.0,0.0,0.0,0.0,0.0,0.0,0.0,0.0,195,195,0.1807,0.1807,nan,nan,nan,UNKNOWN,0.0,0.0,False,False,True,True,False
50.358,0.0,0.0,0.0,0.0,0.0,0.0,0.0,0.0,195,195,0.1807,0.1807,nan,nan,nan,UNKNOWN,0.0,0.0,False,False,True,True,False
50.406,0.0,0.0,0.0,0.0,0.0,0.0,0.0,0.0,195,195,0.1807,0.1807,nan,nan,nan,UNKNOWN,0.0,0.0,False,False,True,True,False
50.456,0.0,0.0,0.0,0.0,0.0,0.0,0.0,0.0,195,195,0.1807,0.1807,nan,nan,nan,UNKNOWN,0.0,0.0,False,False,True,True,False
50.506,0.0,0.0,0.0,0.0,0.0,0.0,0.0,0.0,195,195,0.1807,0.1807,nan,nan,nan,UNKNOWN,0.0,0.0,False,False,True,True,False
50.556,0.0,0.0,0.0,0.0,0.0,0.0,0.0,0.0,195,195,0.1807,0.1807,nan,nan,nan,UNKNOWN,0.0,0.0,False,False,True,True,False
50.606,0.0,0.0,0.0,0.0,0.0,0.0,0.0,0.0,195,195,0.1807,0.1807,nan,nan,nan,UNKNOWN,0.0,0.0,False,False,True,True,False
50.656,0.0,0.0,0.0,0.0,0.0,0.0,0.0,0.0,195,195,0.1807,0.1807,nan,nan,nan,UNKNOWN,0.0,0.0,False,False,True,True,False
50.706,0.0,0.0,0.0,0.0,0.0,0.0,0.0,0.0,195,195,0.1807,0.1807,nan,nan,nan,UNKNOWN,0.0,0.0,False,False,True,True,False
50.756,0.0,0.0,0.0,0.0,0.0,0.0,0.0,0.0,195,195,0.1807,0.1807,nan,nan,nan,UNKNOWN,0.0,0.0,False,False,True,True,False
50.806,0.0,0.0,0.0,0.0,0.0,0.0,0.0,0.0,195,195,0.1807,0.1807,nan,nan,nan,UNKNOWN,0.0,0.0,False,False,True,True,False
50.856,0.0,0.0,0.0,0.0,0.0,0.0,0.0,0.0,195,195,0.1807,0.1807,nan,nan,nan,UNKNOWN,0.0,0.0,False,False,True,True,False
50.906,0.0,0.0,0.0,0.0,0.0,0.0,0.0,0.0,195,195,0.1807,0.1807,nan,nan,nan,UNKNOWN,0.0,0.0,False,False,True,True,False
50.956,0.0,0.0,0.0,0.0,0.0,0.0,0.0,0.0,195,195,0.1807,0.1807,nan,nan,nan,UNKNOWN,0.0,0.0,False,False,True,True,False
51.006,0.0,0.0,0.0,0.0,0.0,0.0,0.0,0.0,195,195,0.1807,0.1807,nan,nan,nan,UNKNOWN,0.0,0.0,False,False,True,True,False
51.056,0.0,0.0,0.0,0.0,0.0,0.0,0.0,0.0,195,195,0.1807,0.1807,nan,nan,nan,UNKNOWN,0.0,0.0,False,False,True,True,False
51.106,0.0,0.0,0.0,0.0,0.0,0.0,0.0,0.0,195,195,0.1807,0.1807,nan,nan,nan,UNKNOWN,0.0,0.0,False,False,True,True,False
51.156,0.0,0.0,0.0,0.0,0.0,0.0,0.0,0.0,195,195,0.1807,0.1807,nan,nan,nan,UNKNOWN,0.0,0.0,False,False,True,True,False
51.206,0.0,0.0,0.0,0.0,0.0,0.0,0.0,0.0,195,195,0.1807,0.1807,nan,nan,nan,UNKNOWN,0.0,0.0,False,False,True,True,False
51.256,0.0,0.0,0.0,0.0,0.0,0.0,0.0,0.0,195,195,0.1807,0.1807,nan,nan,nan,UNKNOWN,0.0,0.0,False,False,True,True,False
51.306,0.0,0.0,0.0,0.0,0.0,0.0,0.0,0.0,195,195,0.1807,0.1807,nan,nan,nan,UNKNOWN,0.0,0.0,False,False,True,True,False
51.358,0.0,0.0,0.0,0.0,0.0,0.0,0.0,0.0,195,195,0.1807,0.1807,nan,nan,nan,UNKNOWN,0.0,0.0,False,False,True,True,False
51.406,0.0,0.0,0.0,0.0,0.0,0.0,0.0,0.0,195,195,0.1807,0.1807,nan,nan,nan,UNKNOWN,0.0,0.0,False,False,True,True,False
51.456,0.0,0.0,0.0,0.0,0.0,0.0,0.0,0.0,195,195,0.1807,0.1807,nan,nan,nan,UNKNOWN,0.0,0.0,False,False,True,True,False
51.506,0.0,0.0,0.0,0.0,0.0,0.0,0.0,0.0,195,195,0.1807,0.1807,nan,nan,nan,UNKNOWN,0.0,0.0,False,False,True,True,False
51.556,0.0,0.0,0.0,0.0,0.0,0.0,0.0,0.0,195,195,0.1807,0.1807,nan,nan,nan,UNKNOWN,0.0,0.0,False,False,True,True,False
51.606,0.0,0.0,0.0,0.0,0.0,0.0,0.0,0.0,195,195,0.1807,0.1807,nan,nan,nan,UNKNOWN,0.0,0.0,False,False,True,True,False
51.656,0.0,0.0,0.0,0.0,0.0,0.0,0.0,0.0,195,195,0.1807,0.1807,nan,nan,nan,UNKNOWN,0.0,0.0,False,False,True,True,False
51.706,0.0,0.0,0.0,0.0,0.0,0.0,0.0,0.0,195,195,0.1807,0.1807,nan,nan,nan,UNKNOWN,0.0,0.0,False,False,True,True,False
51.756,0.0,0.0,0.0,0.0,0.0,0.0,0.0,0.0,195,195,0.1807,0.1807,nan,nan,nan,UNKNOWN,0.0,0.0,False,False,True,True,False
51.806,0.0,0.0,0.0,0.0,0.0,0.0,0.0,0.0,195,195,0.1807,0.1807,nan,nan,nan,UNKNOWN,0.0,0.0,False,False,True,True,False
51.856,0.0,0.0,0.0,0.0,0.0,0.0,0.0,0.0,195,195,0.1807,0.1807,nan,nan,nan,UNKNOWN,0.0,0.0,False,False,True,True,False
51.906,0.0,0.0,0.0,0.0,0.0,0.0,0.0,0.0,195,195,0.1807,0.1807,nan,nan,nan,UNKNOWN,0.0,0.0,False,False,True,True,False
51.956,0.0,0.0,0.0,0.0,0.0,0.0,0.0,0.0,195,195,0.1807,0.1807,nan,nan,nan,UNKNOWN,0.0,0.0,False,False,True,True,False
52.006,0.0,0.0,0.0,0.0,0.0,0.0,0.0,0.0,195,195,0.1807,0.1807,nan,nan,nan,UNKNOWN,0.0,0.0,False,False,True,True,False
52.056,0.0,0.0,0.0,0.0,0.0,0.0,0.0,0.0,195,195,0.1807,0.1807,nan,nan,nan,UNKNOWN,0.0,0.0,False,False,True,True,False
52.106,0.0,0.0,0.0,0.0,0.0,0.0,0.0,0.0,195,195,0.1807,0.1807,nan,nan,nan,UNKNOWN,0.0,0.0,False,False,True,True,False
52.156,0.0,0.0,0.0,0.0,0.0,0.0,0.0,0.0,195,195,0.1807,0.1807,nan,nan,nan,UNKNOWN,0.0,0.0,False,False,True,True,False
52.206,0.0,0.0,0.0,0.0,0.0,0.0,0.0,0.0,195,195,0.1807,0.1807,nan,nan,nan,UNKNOWN,0.0,0.0,False,False,True,True,False
52.256,0.0,0.0,0.0,0.0,0.0,0.0,0.0,0.0,195,195,0.1807,0.1807,nan,nan,nan,UNKNOWN,0.0,0.0,False,False,True,True,False
52.306,0.0,0.0,0.0,0.0,0.0,0.0,0.0,0.0,195,195,0.1807,0.1807,nan,nan,nan,UNKNOWN,0.0,0.0,False,False,True,True,False
52.358,0.0,0.0,0.0,0.0,0.0,0.0,0.0,0.0,195,195,0.1807,0.1807,nan,nan,nan,UNKNOWN,0.0,0.0,False,False,True,True,False
52.406,0.0,0.0,0.0,0.0,0.0,0.0,0.0,0.0,195,195,0.1807,0.1807,nan,nan,nan,UNKNOWN,0.0,0.0,False,False,True,True,False
52.456,0.0,0.0,0.0,0.0,0.0,0.0,0.0,0.0,195,195,0.1807,0.1807,nan,nan,nan,UNKNOWN,0.0,0.0,False,False,True,True,False
52.506,0.0,0.0,0.0,0.0,0.0,0.0,0.0,0.0,195,195,0.1807,0.1807,nan,nan,nan,UNKNOWN,0.0,0.0,False,False,True,True,False
52.556,0.0,0.0,0.0,0.0,0.0,0.0,0.0,0.0,195,195,0.1807,0.1807,nan,nan,nan,UNKNOWN,0.0,0.0,False,False,True,True,False
52.606,0.0,0.0,0.0,0.0,0.0,0.0,0.0,0.0,195,195,0.1807,0.1807,nan,nan,nan,UNKNOWN,0.0,0.0,False,False,True,True,False
52.656,0.0,0.0,0.0,0.0,0.0,0.0,0.0,0.0,195,195,0.1807,0.1807,nan,nan,nan,UNKNOWN,0.0,0.0,False,False,True,True,False
52.706,0.0,0.0,0.0,0.0,0.0,0.0,0.0,0.0,195,195,0.1807,0.1807,nan,nan,nan,UNKNOWN,0.0,0.0,False,False,True,True,False
52.756,0.0,0.0,0.0,0.0,0.0,0.0,0.0,0.0,195,195,0.1807,0.1807,nan,nan,nan,UNKNOWN,0.0,0.0,False,False,True,True,False
52.806,0.0,0.0,0.0,0.0,0.0,0.0,0.0,0.0,195,195,0.1807,0.1807,nan,nan,nan,UNKNOWN,0.0,0.0,False,False,True,True,False
52.856,0.0,0.0,0.0,0.0,0.0,0.0,0.0,0.0,195,195,0.1807,0.1807,nan,nan,nan,UNKNOWN,0.0,0.0,False,False,True,True,False
52.906,0.0,0.0,0.0,0.0,0.0,0.0,0.0,0.0,195,195,0.1807,0.1807,nan,nan,nan,UNKNOWN,0.0,0.0,False,False,True,True,False
52.956,0.0,0.0,0.0,0.0,0.0,0.0,0.0,0.0,195,195,0.1807,0.1807,nan,nan,nan,UNKNOWN,0.0,0.0,False,False,True,True,False
53.006,0.0,0.0,0.0,0.0,0.0,0.0,0.0,0.0,195,195,0.1807,0.1807,nan,nan,nan,UNKNOWN,0.0,0.0,False,False,True,True,False
53.056,0.0,0.0,0.0,0.0,0.0,0.0,0.0,0.0,195,195,0.1807,0.1807,nan,nan,nan,UNKNOWN,0.0,0.0,False,False,True,True,False
53.106,0.0,0.0,0.0,0.0,0.0,0.0,0.0,0.0,195,195,0.1807,0.1807,nan,nan,nan,UNKNOWN,0.0,0.0,False,False,True,True,False
53.156,0.0,0.0,0.0,0.0,0.0,0.0,0.0,0.0,195,195,0.1807,0.1807,nan,nan,nan,UNKNOWN,0.0,0.0,False,False,True,True,False
53.206,0.0,0.0,0.0,0.0,0.0,0.0,0.0,0.0,195,195,0.1807,0.1807,nan,nan,nan,UNKNOWN,0.0,0.0,False,False,True,True,False
53.256,0.0,0.0,0.0,0.0,0.0,0.0,0.0,0.0,195,195,0.1807,0.1807,nan,nan,nan,UNKNOWN,0.0,0.0,False,False,True,True,False
53.306,0.0,0.0,0.0,0.0,0.0,0.0,0.0,0.0,195,195,0.1807,0.1807,nan,nan,nan,UNKNOWN,0.0,0.0,False,False,True,True,False
53.358,0.0,0.0,0.0,0.0,0.0,0.0,0.0,0.0,195,195,0.1807,0.1807,nan,nan,nan,UNKNOWN,0.0,0.0,False,False,True,True,False
53.406,0.0,0.0,0.0,0.0,0.0,0.0,0.0,0.0,195,195,0.1807,0.1807,nan,nan,nan,UNKNOWN,0.0,0.0,False,False,True,True,False
53.456,0.0,0.0,0.0,0.0,0.0,0.0,0.0,0.0,195,195,0.1807,0.1807,nan,nan,nan,UNKNOWN,0.0,0.0,False,False,True,True,False
53.506,0.0,0.0,0.0,0.0,0.0,0.0,0.0,0.0,195,195,0.1807,0.1807,nan,nan,nan,UNKNOWN,0.0,0.0,False,False,True,True,False
53.556,0.0,0.0,0.0,0.0,0.0,0.0,0.0,0.0,195,195,0.1807,0.1807,nan,nan,nan,UNKNOWN,0.0,0.0,False,False,True,True,False
53.606,0.0,0.0,0.0,0.0,0.0,0.0,0.0,0.0,195,195,0.1807,0.1807,nan,nan,nan,UNKNOWN,0.0,0.0,False,False,True,True,False
53.656,0.0,0.0,0.0,0.0,0.0,0.0,0.0,0.0,195,195,0.1807,0.1807,nan,nan,nan,UNKNOWN,0.0,0.0,False,False,True,True,False
53.706,0.0,0.0,0.0,0.0,0.0,0.0,0.0,0.0,195,195,0.1807,0.1807,nan,nan,nan,UNKNOWN,0.0,0.0,False,False,True,True,False
53.756,0.0,0.0,0.0,0.0,0.0,0.0,0.0,0.0,195,195,0.1807,0.1807,nan,nan,nan,UNKNOWN,0.0,0.0,False,False,True,True,False
53.806,0.0,0.0,0.0,0.0,0.0,0.0,0.0,0.0,195,195,0.1807,0.1807,nan,nan,nan,UNKNOWN,0.0,0.0,False,False,True,True,False
53.856,0.0,0.0,0.0,0.0,0.0,0.0,0.0,0.0,195,195,0.1807,0.1807,nan,nan,nan,UNKNOWN,0.0,0.0,False,False,True,True,False
53.906,0.0,0.0,0.0,0.0,0.0,0.0,0.0,0.0,195,195,0.1807,0.1807,nan,nan,nan,UNKNOWN,0.0,0.0,False,False,True,True,False
53.956,0.0,0.0,0.0,0.0,0.0,0.0,0.0,0.0,195,195,0.1807,0.1807,nan,nan,nan,UNKNOWN,0.0,0.0,False,False,True,True,False
54.006,0.0,0.0,0.0,0.0,0.0,0.0,0.0,0.0,195,195,0.1807,0.1807,nan,nan,nan,UNKNOWN,0.0,0.0,False,False,True,True,False
54.056,0.0,0.0,0.0,0.0,0.0,0.0,0.0,0.0,195,195,0.1807,0.1807,nan,nan,nan,UNKNOWN,0.0,0.0,False,False,True,True,False
54.106,0.0,0.0,0.0,0.0,0.0,0.0,0.0,0.0,195,195,0.1807,0.1807,nan,nan,nan,UNKNOWN,0.0,0.0,False,False,True,True,False
54.156,0.0,0.0,0.0,0.0,0.0,0.0,0.0,0.0,195,195,0.1807,0.1807,nan,nan,nan,UNKNOWN,0.0,0.0,False,False,True,True,False
54.206,0.0,0.0,0.0,0.0,0.0,0.0,0.0,0.0,195,195,0.1807,0.1807,nan,nan,nan,UNKNOWN,0.0,0.0,False,False,True,True,False
54.256,0.0,0.0,0.0,0.0,0.0,0.0,0.0,0.0,195,195,0.1807,0.1807,nan,nan,nan,UNKNOWN,0.0,0.0,False,False,True,True,False
54.306,0.0,0.0,0.0,0.0,0.0,0.0,0.0,0.0,195,195,0.1807,0.1807,nan,nan,nan,UNKNOWN,0.0,0.0,False,False,True,True,False
54.358,0.0,0.0,0.0,0.0,0.0,0.0,0.0,0.0,195,195,0.1807,0.1807,nan,nan,nan,UNKNOWN,0.0,0.0,False,False,True,True,False
54.406,0.0,0.0,0.0,0.0,0.0,0.0,0.0,0.0,195,195,0.1807,0.1807,nan,nan,nan,UNKNOWN,0.0,0.0,False,False,True,True,False
54.456,0.0,0.0,0.0,0.0,0.0,0.0,0.0,0.0,195,195,0.1807,0.1807,nan,nan,nan,UNKNOWN,0.0,0.0,False,False,True,True,False
54.506,0.0,0.0,0.0,0.0,0.0,0.0,0.0,0.0,195,195,0.1807,0.1807,nan,nan,nan,UNKNOWN,0.0,0.0,False,False,True,True,False
54.556,0.0,0.0,0.0,0.0,0.0,0.0,0.0,0.0,195,195,0.1807,0.1807,nan,nan,nan,UNKNOWN,0.0,0.0,False,False,True,True,False
54.606,0.0,0.0,0.0,0.0,0.0,0.0,0.0,0.0,195,195,0.1807,0.1807,nan,nan,nan,UNKNOWN,0.0,0.0,False,False,True,True,False
54.656,0.0,0.0,0.0,0.0,0.0,0.0,0.0,0.0,195,195,0.1807,0.1807,nan,nan,nan,UNKNOWN,0.0,0.0,False,False,True,True,False
54.706,0.0,0.0,0.0,0.0,0.0,0.0,0.0,0.0,195,195,0.1807,0.1807,nan,nan,nan,UNKNOWN,0.0,0.0,False,False,True,True,False
54.756,0.0,0.0,0.0,0.0,0.0,0.0,0.0,0.0,195,195,0.1807,0.1807,nan,nan,nan,UNKNOWN,0.0,0.0,False,False,True,True,False
54.806,0.0,0.0,0.0,0.0,0.0,0.0,0.0,0.0,195,195,0.1807,0.1807,nan,nan,nan,UNKNOWN,0.0,0.0,False,False,True,True,False
54.856,0.0,0.0,0.0,0.0,0.0,0.0,0.0,0.0,195,195,0.1807,0.1807,nan,nan,nan,UNKNOWN,0.0,0.0,False,False,True,True,False
54.906,0.0,0.0,0.0,0.0,0.0,0.0,0.0,0.0,195,195,0.1807,0.1807,nan,nan,nan,UNKNOWN,0.0,0.0,False,False,True,True,False
54.956,0.0,0.0,0.0,0.0,0.0,0.0,0.0,0.0,195,195,0.1807,0.1807,nan,nan,nan,UNKNOWN,0.0,0.0,False,False,True,True,False
55.006,0.0,0.0,0.0,0.0,0.0,0.0,0.0,0.0,195,195,0.1807,0.1807,nan,nan,nan,UNKNOWN,0.0,0.0,False,False,True,True,False
55.056,0.0,0.0,0.0,0.0,0.0,0.0,0.0,0.0,195,195,0.1807,0.1807,nan,nan,nan,UNKNOWN,0.0,0.0,False,False,True,True,False
55.106,0.0,0.0,0.0,0.0,0.0,0.0,0.0,0.0,195,195,0.1807,0.1807,nan,nan,nan,UNKNOWN,0.0,0.0,False,False,True,True,False
55.156,0.0,0.0,0.0,0.0,0.0,0.0,0.0,0.0,195,195,0.1807,0.1807,nan,nan,nan,UNKNOWN,0.0,0.0,False,False,True,True,False
55.206,0.0,0.0,0.0,0.0,0.0,0.0,0.0,0.0,195,195,0.1807,0.1807,nan,nan,nan,UNKNOWN,0.0,0.0,False,False,True,True,False
55.256,0.0,0.0,0.0,0.0,0.0,0.0,0.0,0.0,195,195,0.1807,0.1807,nan,nan,nan,UNKNOWN,0.0,0.0,False,False,True,True,False
55.306,0.0,0.0,0.0,0.0,0.0,0.0,0.0,0.0,195,195,0.1807,0.1807,nan,nan,nan,UNKNOWN,0.0,0.0,False,False,True,True,False
55.358,0.0,0.0,0.0,0.0,0.0,0.0,0.0,0.0,195,195,0.1807,0.1807,nan,nan,nan,UNKNOWN,0.0,0.0,False,False,True,True,False
55.406,0.0,0.0,0.0,0.0,0.0,0.0,0.0,0.0,195,195,0.1807,0.1807,nan,nan,nan,UNKNOWN,0.0,0.0,False,False,True,True,False
55.456,0.0,0.0,0.0,0.0,0.0,0.0,0.0,0.0,195,195,0.1807,0.1807,nan,nan,nan,UNKNOWN,0.0,0.0,False,False,True,True,False
55.506,0.0,0.0,0.0,0.0,0.0,0.0,0.0,0.0,195,195,0.1807,0.1807,nan,nan,nan,UNKNOWN,0.0,0.0,False,False,True,True,False
55.556,0.0,0.0,0.0,0.0,0.0,0.0,0.0,0.0,195,195,0.1807,0.1807,nan,nan,nan,UNKNOWN,0.0,0.0,False,False,True,True,False
55.606,0.0,0.0,0.0,0.0,0.0,0.0,0.0,0.0,195,195,0.1807,0.1807,nan,nan,nan,UNKNOWN,0.0,0.0,False,False,True,True,False
55.656,0.0,0.0,0.0,0.0,0.0,0.0,0.0,0.0,195,195,0.1807,0.1807,nan,nan,nan,UNKNOWN,0.0,0.0,False,False,True,True,False
55.706,0.0,0.0,0.0,0.0,0.0,0.0,0.0,0.0,195,195,0.1807,0.1807,nan,nan,nan,UNKNOWN,0.0,0.0,False,False,True,True,False
55.756,0.0,0.0,0.0,0.0,0.0,0.0,0.0,0.0,195,195,0.1807,0.1807,nan,nan,nan,UNKNOWN,0.0,0.0,False,False,True,True,False
55.806,0.0,0.0,0.0,0.0,0.0,0.0,0.0,0.0,195,195,0.1807,0.1807,nan,nan,nan,UNKNOWN,0.0,0.0,False,False,True,True,False
55.856,0.0,0.0,0.0,0.0,0.0,0.0,0.0,0.0,195,195,0.1807,0.1807,nan,nan,nan,UNKNOWN,0.0,0.0,False,False,True,True,False
55.906,0.0,0.0,0.0,0.0,0.0,0.0,0.0,0.0,195,195,0.1807,0.1807,nan,nan,nan,UNKNOWN,0.0,0.0,False,False,True,True,False
55.956,0.0,0.0,0.0,0.0,0.0,0.0,0.0,0.0,195,195,0.1807,0.1807,nan,nan,nan,UNKNOWN,0.0,0.0,False,False,True,True,False
56.006,0.0,0.0,0.0,0.0,0.0,0.0,0.0,0.0,195,195,0.1807,0.1807,nan,nan,nan,UNKNOWN,0.0,0.0,False,False,True,True,False
56.056,0.0,0.0,0.0,0.0,0.0,0.0,0.0,0.0,195,195,0.1807,0.1807,nan,nan,nan,UNKNOWN,0.0,0.0,False,False,True,True,False
56.106,0.0,0.0,0.0,0.0,0.0,0.0,0.0,0.0,195,195,0.1807,0.1807,nan,nan,nan,UNKNOWN,0.0,0.0,False,False,True,True,False
56.156,0.0,0.0,0.0,0.0,0.0,0.0,0.0,0.0,195,195,0.1807,0.1807,nan,nan,nan,UNKNOWN,0.0,0.0,False,False,True,True,False
56.206,0.0,0.0,0.0,0.0,0.0,0.0,0.0,0.0,195,195,0.1807,0.1807,nan,nan,nan,UNKNOWN,0.0,0.0,False,False,True,True,False
56.256,0.0,0.0,0.0,0.0,0.0,0.0,0.0,0.0,195,195,0.1807,0.1807,nan,nan,nan,UNKNOWN,0.0,0.0,False,False,True,True,False
56.306,0.0,0.0,0.0,0.0,0.0,0.0,0.0,0.0,195,195,0.1807,0.1807,nan,nan,nan,UNKNOWN,0.0,0.0,False,False,True,True,False
56.358,0.0,0.0,0.0,0.0,0.0,0.0,0.0,0.0,195,195,0.1807,0.1807,nan,nan,nan,UNKNOWN,0.0,0.0,False,False,True,True,False
56.406,0.0,0.0,0.0,0.0,0.0,0.0,0.0,0.0,195,195,0.1807,0.1807,nan,nan,nan,UNKNOWN,0.0,0.0,False,False,True,True,False
56.456,0.0,0.0,0.0,0.0,0.0,0.0,0.0,0.0,195,195,0.1807,0.1807,nan,nan,nan,UNKNOWN,0.0,0.0,False,False,True,True,False
56.506,0.0,0.0,0.0,0.0,0.0,0.0,0.0,0.0,195,195,0.1807,0.1807,nan,nan,nan,UNKNOWN,0.0,0.0,False,False,True,True,False
56.556,0.0,0.0,0.0,0.0,0.0,0.0,0.0,0.0,195,195,0.1807,0.1807,nan,nan,nan,UNKNOWN,0.0,0.0,False,False,True,True,False
56.606,0.0,0.0,0.0,0.0,0.0,0.0,0.0,0.0,195,195,0.1807,0.1807,nan,nan,nan,UNKNOWN,0.0,0.0,False,False,True,True,False
56.656,0.0,0.0,0.0,0.0,0.0,0.0,0.0,0.0,195,195,0.1807,0.1807,nan,nan,nan,UNKNOWN,0.0,0.0,False,False,True,True,False
56.706,0.0,0.0,0.0,0.0,0.0,0.0,0.0,0.0,195,195,0.1807,0.1807,nan,nan,nan,UNKNOWN,0.0,0.0,False,False,True,True,False
56.756,0.0,0.0,0.0,0.0,0.0,0.0,0.0,0.0,195,195,0.1807,0.1807,nan,nan,nan,UNKNOWN,0.0,0.0,False,False,True,True,False
56.806,0.0,0.0,0.0,0.0,0.0,0.0,0.0,0.0,195,195,0.1807,0.1807,nan,nan,nan,UNKNOWN,0.0,0.0,False,False,True,True,False
56.856,0.0,0.0,0.0,0.0,0.0,0.0,0.0,0.0,195,195,0.1807,0.1807,nan,nan,nan,UNKNOWN,0.0,0.0,False,False,True,True,False
56.906,0.0,0.0,0.0,0.0,0.0,0.0,0.0,0.0,195,195,0.1807,0.1807,nan,nan,nan,UNKNOWN,0.0,0.0,False,False,True,True,False
56.956,0.0,0.0,0.0,0.0,0.0,0.0,0.0,0.0,195,195,0.1807,0.1807,nan,nan,nan,UNKNOWN,0.0,0.0,False,False,True,True,False
57.006,0.0,0.0,0.0,0.0,0.0,0.0,0.0,0.0,195,195,0.1807,0.1807,nan,nan,nan,UNKNOWN,0.0,0.0,False,False,True,True,False
57.056,0.0,0.0,0.0,0.0,0.0,0.0,0.0,0.0,195,195,0.1807,0.1807,nan,nan,nan,UNKNOWN,0.0,0.0,False,False,True,True,False
57.106,0.0,0.0,0.0,0.0,0.0,0.0,0.0,0.0,195,195,0.1807,0.1807,nan,nan,nan,UNKNOWN,0.0,0.0,False,False,True,True,False
57.156,0.0,0.0,0.0,0.0,0.0,0.0,0.0,0.0,195,195,0.1807,0.1807,nan,nan,nan,UNKNOWN,0.0,0.0,False,False,True,True,False
57.206,0.0,0.0,0.0,0.0,0.0,0.0,0.0,0.0,195,195,0.1807,0.1807,nan,nan,nan,UNKNOWN,0.0,0.0,False,False,True,True,False
57.256,0.0,0.0,0.0,0.0,0.0,0.0,0.0,0.0,195,195,0.1807,0.1807,nan,nan,nan,UNKNOWN,0.0,0.0,False,False,True,True,False
57.306,0.0,0.0,0.0,0.0,0.0,0.0,0.0,0.0,195,195,0.1807,0.1807,nan,nan,nan,UNKNOWN,0.0,0.0,False,False,True,True,False
57.358,0.0,0.0,0.0,0.0,0.0,0.0,0.0,0.0,195,195,0.1807,0.1807,nan,nan,nan,UNKNOWN,0.0,0.0,False,False,True,True,False
57.406,0.0,0.0,0.0,0.0,0.0,0.0,0.0,0.0,195,195,0.1807,0.1807,nan,nan,nan,UNKNOWN,0.0,0.0,False,False,True,True,False
57.456,0.0,0.0,0.0,0.0,0.0,0.0,0.0,0.0,195,195,0.1807,0.1807,nan,nan,nan,UNKNOWN,0.0,0.0,False,False,True,True,False
57.506,0.0,0.0,0.0,0.0,0.0,0.0,0.0,0.0,195,195,0.1807,0.1807,nan,nan,nan,UNKNOWN,0.0,0.0,False,False,True,True,False
57.556,0.0,0.0,0.0,0.0,0.0,0.0,0.0,0.0,195,195,0.1807,0.1807,nan,nan,nan,UNKNOWN,0.0,0.0,False,False,True,True,False
57.606,0.0,0.0,0.0,0.0,0.0,0.0,0.0,0.0,195,195,0.1807,0.1807,nan,nan,nan,UNKNOWN,0.0,0.0,False,False,True,True,False
57.656,0.0,0.0,0.0,0.0,0.0,0.0,0.0,0.0,195,195,0.1807,0.1807,nan,nan,nan,UNKNOWN,0.0,0.0,False,False,True,True,False
57.706,0.0,0.0,0.0,0.0,0.0,0.0,0.0,0.0,195,195,0.1807,0.1807,nan,nan,nan,UNKNOWN,0.0,0.0,False,False,True,True,False
57.756,0.0,0.0,0.0,0.0,0.0,0.0,0.0,0.0,195,195,0.1807,0.1807,nan,nan,nan,UNKNOWN,0.0,0.0,False,False,True,True,False
57.806,0.0,0.0,0.0,0.0,0.0,0.0,0.0,0.0,195,195,0.1807,0.1807,nan,nan,nan,UNKNOWN,0.0,0.0,False,False,True,True,False
57.856,0.0,0.0,0.0,0.0,0.0,0.0,0.0,0.0,195,195,0.1807,0.1807,nan,nan,nan,UNKNOWN,0.0,0.0,False,False,True,True,False
57.906,0.0,0.0,0.0,0.0,0.0,0.0,0.0,0.0,195,195,0.1807,0.1807,nan,nan,nan,UNKNOWN,0.0,0.0,False,False,True,True,False
57.956,0.0,0.0,0.0,0.0,0.0,0.0,0.0,0.0,195,195,0.1807,0.1807,nan,nan,nan,UNKNOWN,0.0,0.0,False,False,True,True,False
58.006,0.0,0.0,0.0,0.0,0.0,0.0,0.0,0.0,195,195,0.1807,0.1807,nan,nan,nan,UNKNOWN,0.0,0.0,False,False,True,True,False
58.056,0.0,0.0,0.0,0.0,0.0,0.0,0.0,0.0,195,195,0.1807,0.1807,nan,nan,nan,UNKNOWN,0.0,0.0,False,False,True,True,False
58.106,0.0,0.0,0.0,0.0,0.0,0.0,0.0,0.0,195,195,0.1807,0.1807,nan,nan,nan,UNKNOWN,0.0,0.0,False,False,True,True,False
58.156,0.0,0.0,0.0,0.0,0.0,0.0,0.0,0.0,195,195,0.1807,0.1807,nan,nan,nan,UNKNOWN,0.0,0.0,False,False,True,True,False
58.206,0.0,0.0,0.0,0.0,0.0,0.0,0.0,0.0,195,195,0.1807,0.1807,nan,nan,nan,UNKNOWN,0.0,0.0,False,False,True,True,False
58.256,0.0,0.0,0.0,0.0,0.0,0.0,0.0,0.0,195,195,0.1807,0.1807,nan,nan,nan,UNKNOWN,0.0,0.0,False,False,True,True,False
58.306,0.0,0.0,0.0,0.0,0.0,0.0,0.0,0.0,195,195,0.1807,0.1807,nan,nan,nan,UNKNOWN,0.0,0.0,False,False,True,True,False
58.358,0.0,0.0,0.0,0.0,0.0,0.0,0.0,0.0,195,195,0.1807,0.1807,nan,nan,nan,UNKNOWN,0.0,0.0,False,False,True,True,False
58.406,0.0,0.0,0.0,0.0,0.0,0.0,0.0,0.0,195,195,0.1807,0.1807,nan,nan,nan,UNKNOWN,0.0,0.0,False,False,True,True,False
58.456,0.0,0.0,0.0,0.0,0.0,0.0,0.0,0.0,195,195,0.1807,0.1807,nan,nan,nan,UNKNOWN,0.0,0.0,False,False,True,True,False
58.506,0.0,0.0,0.0,0.0,0.0,0.0,0.0,0.0,195,195,0.1807,0.1807,nan,nan,nan,UNKNOWN,0.0,0.0,False,False,True,True,False
58.556,0.0,0.0,0.0,0.0,0.0,0.0,0.0,0.0,195,195,0.1807,0.1807,nan,nan,nan,UNKNOWN,0.0,0.0,False,False,True,True,False
58.606,0.0,0.0,0.0,0.0,0.0,0.0,0.0,0.0,195,195,0.1807,0.1807,nan,nan,nan,UNKNOWN,0.0,0.0,False,False,True,True,False
58.656,0.0,0.0,0.0,0.0,0.0,0.0,0.0,0.0,195,195,0.1807,0.1807,nan,nan,nan,UNKNOWN,0.0,0.0,False,False,True,True,False
58.706,0.0,0.0,0.0,0.0,0.0,0.0,0.0,0.0,195,195,0.1807,0.1807,nan,nan,nan,UNKNOWN,0.0,0.0,False,False,True,True,False
58.756,0.0,0.0,0.0,0.0,0.0,0.0,0.0,0.0,195,195,0.1807,0.1807,nan,nan,nan,UNKNOWN,0.0,0.0,False,False,True,True,False
58.806,0.0,0.0,0.0,0.0,0.0,0.0,0.0,0.0,195,195,0.1807,0.1807,nan,nan,nan,UNKNOWN,0.0,0.0,False,False,True,True,False
58.856,0.0,0.0,0.0,0.0,0.0,0.0,0.0,0.0,195,195,0.1807,0.1807,nan,nan,nan,UNKNOWN,0.0,0.0,False,False,True,True,False
58.906,0.0,0.0,0.0,0.0,0.0,0.0,0.0,0.0,195,195,0.1807,0.1807,nan,nan,nan,UNKNOWN,0.0,0.0,False,False,True,True,False
58.956,0.0,0.0,0.0,0.0,0.0,0.0,0.0,0.0,195,195,0.1807,0.1807,nan,nan,nan,UNKNOWN,0.0,0.0,False,False,True,True,False
59.006,0.0,0.0,0.0,0.0,0.0,0.0,0.0,0.0,195,195,0.1807,0.1807,nan,nan,nan,UNKNOWN,0.0,0.0,False,False,True,True,False
59.056,0.0,0.0,0.0,0.0,0.0,0.0,0.0,0.0,195,195,0.1807,0.1807,nan,nan,nan,UNKNOWN,0.0,0.0,False,False,True,True,False
59.106,0.0,0.0,0.0,0.0,0.0,0.0,0.0,0.0,195,195,0.1807,0.1807,nan,nan,nan,UNKNOWN,0.0,0.0,False,False,True,True,False
59.156,0.0,0.0,0.0,0.0,0.0,0.0,0.0,0.0,195,195,0.1807,0.1807,nan,nan,nan,UNKNOWN,0.0,0.0,False,False,True,True,False
59.206,0.0,0.0,0.0,0.0,0.0,0.0,0.0,0.0,195,195,0.1807,0.1807,nan,nan,nan,UNKNOWN,0.0,0.0,False,False,True,True,False
59.256,0.0,0.0,0.0,0.0,0.0,0.0,0.0,0.0,195,195,0.1807,0.1807,nan,nan,nan,UNKNOWN,0.0,0.0,False,False,True,True,False
59.306,0.0,0.0,0.0,0.0,0.0,0.0,0.0,0.0,195,195,0.1807,0.1807,nan,nan,nan,UNKNOWN,0.0,0.0,False,False,True,True,False
59.358,0.0,0.0,0.0,0.0,0.0,0.0,0.0,0.0,195,195,0.1807,0.1807,nan,nan,nan,UNKNOWN,0.0,0.0,False,False,True,True,False
59.406,0.0,0.0,0.0,0.0,0.0,0.0,0.0,0.0,195,195,0.1807,0.1807,nan,nan,nan,UNKNOWN,0.0,0.0,False,False,True,True,False
59.456,0.0,0.0,0.0,0.0,0.0,0.0,0.0,0.0,195,195,0.1807,0.1807,nan,nan,nan,UNKNOWN,0.0,0.0,False,False,True,True,False
59.506,0.0,0.0,0.0,0.0,0.0,0.0,0.0,0.0,195,195,0.1807,0.1807,nan,nan,nan,UNKNOWN,0.0,0.0,False,False,True,True,False
59.556,0.0,0.0,0.0,0.0,0.0,0.0,0.0,0.0,195,195,0.1807,0.1807,nan,nan,nan,UNKNOWN,0.0,0.0,False,False,True,True,False
59.606,0.0,0.0,0.0,0.0,0.0,0.0,0.0,0.0,195,195,0.1807,0.1807,nan,nan,nan,UNKNOWN,0.0,0.0,False,False,True,True,False
59.656,0.0,0.0,0.0,0.0,0.0,0.0,0.0,0.0,195,195,0.1807,0.1807,nan,nan,nan,UNKNOWN,0.0,0.0,False,False,True,True,False
59.706,0.0,0.0,0.0,0.0,0.0,0.0,0.0,0.0,195,195,0.1807,0.1807,nan,nan,nan,UNKNOWN,0.0,0.0,False,False,True,True,False
59.756,0.0,0.0,0.0,0.0,0.0,0.0,0.0,0.0,195,195,0.1807,0.1807,nan,nan,nan,UNKNOWN,0.0,0.0,False,False,True,True,False
59.806,0.0,0.0,0.0,0.0,0.0,0.0,0.0,0.0,195,195,0.1807,0.1807,nan,nan,nan,UNKNOWN,0.0,0.0,False,False,True,True,False
59.856,0.0,0.0,0.0,0.0,0.0,0.0,0.0,0.0,195,195,0.1807,0.1807,nan,nan,nan,UNKNOWN,0.0,0.0,False,False,True,True,False
59.906,0.0,0.0,0.0,0.0,0.0,0.0,0.0,0.0,195,195,0.1807,0.1807,nan,nan,nan,UNKNOWN,0.0,0.0,False,False,True,True,False
59.956,0.0,0.0,0.0,0.0,0.0,0.0,0.0,0.0,195,195,0.1807,0.1807,nan,nan,nan,UNKNOWN,0.0,0.0,False,False,True,True,False
60.006,0.0,0.0,0.0,0.0,0.0,0.0,0.0,0.0,195,195,0.1807,0.1807,nan,nan,nan,UNKNOWN,0.0,0.0,False,False,True,True,False
60.056,0.0,0.0,0.0,0.0,0.0,0.0,0.0,0.0,195,195,0.1807,0.1807,nan,nan,nan,UNKNOWN,0.0,0.0,False,False,True,True,False
60.106,0.0,0.0,0.0,0.0,0.0,0.0,0.0,0.0,195,195,0.1807,0.1807,nan,nan,nan,UNKNOWN,0.0,0.0,False,False,True,True,False
60.156,0.0,0.0,0.0,0.0,0.0,0.0,0.0,0.0,195,195,0.1807,0.1807,nan,nan,nan,UNKNOWN,0.0,0.0,False,False,True,True,False
60.206,0.0,0.0,0.0,0.0,0.0,0.0,0.0,0.0,195,195,0.1807,0.1807,nan,nan,nan,UNKNOWN,0.0,0.0,False,False,True,True,False
60.256,0.0,0.0,0.0,0.0,0.0,0.0,0.0,0.0,195,195,0.1807,0.1807,nan,nan,nan,UNKNOWN,0.0,0.0,False,False,True,True,False
60.306,0.0,0.0,0.0,0.0,0.0,0.0,0.0,0.0,195,195,0.1807,0.1807,nan,nan,nan,UNKNOWN,0.0,0.0,False,False,True,True,False
60.358,0.0,0.0,0.0,0.0,0.0,0.0,0.0,0.0,195,195,0.1807,0.1807,nan,nan,nan,UNKNOWN,0.0,0.0,False,False,True,True,False
60.406,0.0,0.0,0.0,0.0,0.0,0.0,0.0,0.0,195,195,0.1807,0.1807,nan,nan,nan,UNKNOWN,0.0,0.0,False,False,True,True,False
60.456,0.0,0.0,0.0,0.0,0.0,0.0,0.0,0.0,195,195,0.1807,0.1807,nan,nan,nan,UNKNOWN,0.0,0.0,False,False,True,True,False
60.506,0.0,0.0,0.0,0.0,0.0,0.0,0.0,0.0,195,195,0.1807,0.1807,nan,nan,nan,UNKNOWN,0.0,0.0,False,False,True,True,False
60.556,0.0,0.0,0.0,0.0,0.0,0.0,0.0,0.0,195,195,0.1807,0.1807,nan,nan,nan,UNKNOWN,0.0,0.0,False,False,True,True,False
60.606,0.0,0.0,0.0,0.0,0.0,0.0,0.0,0.0,195,195,0.1807,0.1807,nan,nan,nan,UNKNOWN,0.0,0.0,False,False,True,True,False
60.656,0.0,0.0,0.0,0.0,0.0,0.0,0.0,0.0,195,195,0.1807,0.1807,nan,nan,nan,UNKNOWN,0.0,0.0,False,False,True,True,False
60.706,0.0,0.0,0.0,0.0,0.0,0.0,0.0,0.0,195,195,0.1807,0.1807,nan,nan,nan,UNKNOWN,0.0,0.0,False,False,True,True,False
60.756,0.0,0.0,0.0,0.0,0.0,0.0,0.0,0.0,195,195,0.1807,0.1807,nan,nan,nan,UNKNOWN,0.0,0.0,False,False,True,True,False
60.806,0.0,0.0,0.0,0.0,0.0,0.0,0.0,0.0,195,195,0.1807,0.1807,nan,nan,nan,UNKNOWN,0.0,0.0,False,False,True,True,False
60.856,0.0,0.0,0.0,0.0,0.0,0.0,0.0,0.0,195,195,0.1807,0.1807,nan,nan,nan,UNKNOWN,0.0,0.0,False,False,True,True,False
60.906,0.0,0.0,0.0,0.0,0.0,0.0,0.0,0.0,195,195,0.1807,0.1807,nan,nan,nan,UNKNOWN,0.0,0.0,False,False,True,True,False
60.956,0.0,0.0,0.0,0.0,0.0,0.0,0.0,0.0,195,195,0.1807,0.1807,nan,nan,nan,UNKNOWN,0.0,0.0,False,False,True,True,False
61.006,0.0,0.0,0.0,0.0,0.0,0.0,0.0,0.0,195,195,0.1807,0.1807,nan,nan,nan,UNKNOWN,0.0,0.0,False,False,True,True,False
61.056,0.0,0.0,0.0,0.0,0.0,0.0,0.0,0.0,195,195,0.1807,0.1807,nan,nan,nan,UNKNOWN,0.0,0.0,False,False,True,True,False
61.106,0.0,0.0,0.0,0.0,0.0,0.0,0.0,0.0,195,195,0.1807,0.1807,nan,nan,nan,UNKNOWN,0.0,0.0,False,False,True,True,False
61.156,0.0,0.0,0.0,0.0,0.0,0.0,0.0,0.0,195,195,0.1807,0.1807,nan,nan,nan,UNKNOWN,0.0,0.0,False,False,True,True,False
61.206,0.0,0.0,0.0,0.0,0.0,0.0,0.0,0.0,195,195,0.1807,0.1807,nan,nan,nan,UNKNOWN,0.0,0.0,False,False,True,True,False
61.256,0.0,0.0,0.0,0.0,0.0,0.0,0.0,0.0,195,195,0.1807,0.1807,nan,nan,nan,UNKNOWN,0.0,0.0,False,False,True,True,False
61.306,0.0,0.0,0.0,0.0,0.0,0.0,0.0,0.0,195,195,0.1807,0.1807,nan,nan,nan,UNKNOWN,0.0,0.0,False,False,True,True,False
61.358,0.0,0.0,0.0,0.0,0.0,0.0,0.0,0.0,195,195,0.1807,0.1807,nan,nan,nan,UNKNOWN,0.0,0.0,False,False,True,True,False
61.406,0.0,0.0,0.0,0.0,0.0,0.0,0.0,0.0,195,195,0.1807,0.1807,nan,nan,nan,UNKNOWN,0.0,0.0,False,False,True,True,False
61.456,0.0,0.0,0.0,0.0,0.0,0.0,0.0,0.0,195,195,0.1807,0.1807,nan,nan,nan,UNKNOWN,0.0,0.0,False,False,True,True,False
61.506,0.0,0.0,0.0,0.0,0.0,0.0,0.0,0.0,195,195,0.1807,0.1807,nan,nan,nan,UNKNOWN,0.0,0.0,False,False,True,True,False
61.556,0.0,0.0,0.0,0.0,0.0,0.0,0.0,0.0,195,195,0.1807,0.1807,nan,nan,nan,UNKNOWN,0.0,0.0,False,False,True,True,False
61.606,0.0,0.0,0.0,0.0,0.0,0.0,0.0,0.0,195,195,0.1807,0.1807,nan,nan,nan,UNKNOWN,0.0,0.0,False,False,True,True,False
61.656,0.0,0.0,0.0,0.0,0.0,0.0,0.0,0.0,195,195,0.1807,0.1807,nan,nan,nan,UNKNOWN,0.0,0.0,False,False,True,True,False
61.706,0.0,0.0,0.0,0.0,0.0,0.0,0.0,0.0,195,195,0.1807,0.1807,nan,nan,nan,UNKNOWN,0.0,0.0,False,False,True,True,False
61.756,0.0,0.0,0.0,0.0,0.0,0.0,0.0,0.0,195,195,0.1807,0.1807,nan,nan,nan,UNKNOWN,0.0,0.0,False,False,True,True,False
61.806,0.0,0.0,0.0,0.0,0.0,0.0,0.0,0.0,195,195,0.1807,0.1807,nan,nan,nan,UNKNOWN,0.0,0.0,False,False,True,True,False
61.856,0.0,0.0,0.0,0.0,0.0,0.0,0.0,0.0,195,195,0.1807,0.1807,nan,nan,nan,UNKNOWN,0.0,0.0,False,False,True,True,False
61.906,0.0,0.0,0.0,0.0,0.0,0.0,0.0,0.0,195,195,0.1807,0.1807,nan,nan,nan,UNKNOWN,0.0,0.0,False,False,True,True,False
61.956,0.0,0.0,0.0,0.0,0.0,0.0,0.0,0.0,195,195,0.1807,0.1807,nan,nan,nan,UNKNOWN,0.0,0.0,False,False,True,True,False
62.006,0.0,0.0,0.0,0.0,0.0,0.0,0.0,0.0,195,195,0.1807,0.1807,nan,nan,nan,UNKNOWN,0.0,0.0,False,False,True,True,False
62.056,0.0,0.0,0.0,0.0,0.0,0.0,0.0,0.0,195,195,0.1807,0.1807,nan,nan,nan,UNKNOWN,0.0,0.0,False,False,True,True,False
62.106,0.0,0.0,0.0,0.0,0.0,0.0,0.0,0.0,195,195,0.1807,0.1807,nan,nan,nan,UNKNOWN,0.0,0.0,False,False,True,True,False
62.156,0.0,0.0,0.0,0.0,0.0,0.0,0.0,0.0,195,195,0.1807,0.1807,nan,nan,nan,UNKNOWN,0.0,0.0,False,False,True,True,False
62.206,0.0,0.0,0.0,0.0,0.0,0.0,0.0,0.0,195,195,0.1807,0.1807,nan,nan,nan,UNKNOWN,0.0,0.0,False,False,True,True,False
62.256,0.0,0.0,0.0,0.0,0.0,0.0,0.0,0.0,195,195,0.1807,0.1807,nan,nan,nan,UNKNOWN,0.0,0.0,False,False,True,True,False
62.306,0.0,0.0,0.0,0.0,0.0,0.0,0.0,0.0,195,195,0.1807,0.1807,nan,nan,nan,UNKNOWN,0.0,0.0,False,False,True,True,False
62.358,0.0,0.0,0.0,0.0,0.0,0.0,0.0,0.0,195,195,0.1807,0.1807,nan,nan,nan,UNKNOWN,0.0,0.0,False,False,True,True,False
62.406,0.0,0.0,0.0,0.0,0.0,0.0,0.0,0.0,195,195,0.1807,0.1807,nan,nan,nan,UNKNOWN,0.0,0.0,False,False,True,True,False
62.456,0.0,0.0,0.0,0.0,0.0,0.0,0.0,0.0,195,195,0.1807,0.1807,nan,nan,nan,UNKNOWN,0.0,0.0,False,False,True,True,False
62.506,0.0,0.0,0.0,0.0,0.0,0.0,0.0,0.0,195,195,0.1807,0.1807,nan,nan,nan,UNKNOWN,0.0,0.0,False,False,True,True,False
62.556,0.0,0.0,0.0,0.0,0.0,0.0,0.0,0.0,195,195,0.1807,0.1807,nan,nan,nan,UNKNOWN,0.0,0.0,False,False,True,True,False
62.606,0.0,0.0,0.0,0.0,0.0,0.0,0.0,0.0,195,195,0.1807,0.1807,nan,nan,nan,UNKNOWN,0.0,0.0,False,False,True,True,False
62.656,0.0,0.0,0.0,0.0,0.0,0.0,0.0,0.0,195,195,0.1807,0.1807,nan,nan,nan,UNKNOWN,0.0,0.0,False,False,True,True,False
62.706,0.0,0.0,0.0,0.0,0.0,0.0,0.0,0.0,195,195,0.1807,0.1807,nan,nan,nan,UNKNOWN,0.0,0.0,False,False,True,True,False
62.756,0.0,0.0,0.0,0.0,0.0,0.0,0.0,0.0,195,195,0.1807,0.1807,nan,nan,nan,UNKNOWN,0.0,0.0,False,False,True,True,False
62.806,0.0,0.0,0.0,0.0,0.0,0.0,0.0,0.0,195,195,0.1807,0.1807,nan,nan,nan,UNKNOWN,0.0,0.0,False,False,True,True,False
62.856,0.0,0.0,0.0,0.0,0.0,0.0,0.0,0.0,195,195,0.1807,0.1807,nan,nan,nan,UNKNOWN,0.0,0.0,False,False,True,True,False
62.906,0.0,0.0,0.0,0.0,0.0,0.0,0.0,0.0,195,195,0.1807,0.1807,nan,nan,nan,UNKNOWN,0.0,0.0,False,False,True,True,False
62.956,0.0,0.0,0.0,0.0,0.0,0.0,0.0,0.0,195,195,0.1807,0.1807,nan,nan,nan,UNKNOWN,0.0,0.0,False,False,True,True,False
63.006,0.0,0.0,0.0,0.0,0.0,0.0,0.0,0.0,195,195,0.1807,0.1807,nan,nan,nan,UNKNOWN,0.0,0.0,False,False,True,True,False
63.056,0.0,0.0,0.0,0.0,0.0,0.0,0.0,0.0,195,195,0.1807,0.1807,nan,nan,nan,UNKNOWN,0.0,0.0,False,False,True,True,False
63.106,0.0,0.0,0.0,0.0,0.0,0.0,0.0,0.0,195,195,0.1807,0.1807,nan,nan,nan,UNKNOWN,0.0,0.0,False,False,True,True,False
63.156,0.0,0.0,0.0,0.0,0.0,0.0,0.0,0.0,195,195,0.1807,0.1807,nan,nan,nan,UNKNOWN,0.0,0.0,False,False,True,True,False
63.206,0.0,0.0,0.0,0.0,0.0,0.0,0.0,0.0,195,195,0.1807,0.1807,nan,nan,nan,UNKNOWN,0.0,0.0,False,False,True,True,False
63.256,0.0,0.0,0.0,0.0,0.0,0.0,0.0,0.0,195,195,0.1807,0.1807,nan,nan,nan,UNKNOWN,0.0,0.0,False,False,True,True,False
63.306,0.0,0.0,0.0,0.0,0.0,0.0,0.0,0.0,195,195,0.1807,0.1807,nan,nan,nan,UNKNOWN,0.0,0.0,False,False,True,True,False
63.358,0.0,0.0,0.0,0.0,0.0,0.0,0.0,0.0,195,195,0.1807,0.1807,nan,nan,nan,UNKNOWN,0.0,0.0,False,False,True,True,False
63.406,0.0,0.0,0.0,0.0,0.0,0.0,0.0,0.0,195,195,0.1807,0.1807,nan,nan,nan,UNKNOWN,0.0,0.0,False,False,True,True,False
63.456,0.0,0.0,0.0,0.0,0.0,0.0,0.0,0.0,195,195,0.1807,0.1807,nan,nan,nan,UNKNOWN,0.0,0.0,False,False,True,True,False
63.506,0.0,0.0,0.0,0.0,0.0,0.0,0.0,0.0,195,195,0.1807,0.1807,nan,nan,nan,UNKNOWN,0.0,0.0,False,False,True,True,False
63.556,0.0,0.0,0.0,0.0,0.0,0.0,0.0,0.0,195,195,0.1807,0.1807,nan,nan,nan,UNKNOWN,0.0,0.0,False,False,True,True,False
63.606,0.0,0.0,0.0,0.0,0.0,0.0,0.0,0.0,195,195,0.1807,0.1807,nan,nan,nan,UNKNOWN,0.0,0.0,False,False,True,True,False
63.656,0.0,0.0,0.0,0.0,0.0,0.0,0.0,0.0,195,195,0.1807,0.1807,nan,nan,nan,UNKNOWN,0.0,0.0,False,False,True,True,False
63.706,0.0,0.0,0.0,0.0,0.0,0.0,0.0,0.0,195,195,0.1807,0.1807,nan,nan,nan,UNKNOWN,0.0,0.0,False,False,True,True,False
63.756,0.0,0.0,0.0,0.0,0.0,0.0,0.0,0.0,195,195,0.1807,0.1807,nan,nan,nan,UNKNOWN,0.0,0.0,False,False,True,True,False
63.806,0.0,0.0,0.0,0.0,0.0,0.0,0.0,0.0,195,195,0.1807,0.1807,nan,nan,nan,UNKNOWN,0.0,0.0,False,False,True,True,False
63.856,0.0,0.0,0.0,0.0,0.0,0.0,0.0,0.0,195,195,0.1807,0.1807,nan,nan,nan,UNKNOWN,0.0,0.0,False,False,True,True,False
63.906,0.0,0.0,0.0,0.0,0.0,0.0,0.0,0.0,195,195,0.1807,0.1807,nan,nan,nan,UNKNOWN,0.0,0.0,False,False,True,True,False
63.956,0.0,0.0,0.0,0.0,0.0,0.0,0.0,0.0,195,195,0.1807,0.1807,nan,nan,nan,UNKNOWN,0.0,0.0,False,False,True,True,False
64.006,0.0,0.0,0.0,0.0,0.0,0.0,0.0,0.0,195,195,0.1807,0.1807,nan,nan,nan,UNKNOWN,0.0,0.0,False,False,True,True,False
64.056,0.0,0.0,0.0,0.0,0.0,0.0,0.0,0.0,195,195,0.1807,0.1807,nan,nan,nan,UNKNOWN,0.0,0.0,False,False,True,True,False
64.106,0.0,0.0,0.0,0.0,0.0,0.0,0.0,0.0,195,195,0.1807,0.1807,nan,nan,nan,UNKNOWN,0.0,0.0,False,False,True,True,False
64.156,0.0,0.0,0.0,0.0,0.0,0.0,0.0,0.0,195,195,0.1807,0.1807,nan,nan,nan,UNKNOWN,0.0,0.0,False,False,True,True,False
64.206,0.0,0.0,0.0,0.0,0.0,0.0,0.0,0.0,195,195,0.1807,0.1807,nan,nan,nan,UNKNOWN,0.0,0.0,False,False,True,True,False
64.256,0.0,0.0,0.0,0.0,0.0,0.0,0.0,0.0,195,195,0.1807,0.1807,nan,nan,nan,UNKNOWN,0.0,0.0,False,False,True,True,False
64.306,0.0,0.0,0.0,0.0,0.0,0.0,0.0,0.0,195,195,0.1807,0.1807,nan,nan,nan,UNKNOWN,0.0,0.0,False,False,True,True,False
64.358,0.0,0.0,0.0,0.0,0.0,0.0,0.0,0.0,195,195,0.1807,0.1807,nan,nan,nan,UNKNOWN,0.0,0.0,False,False,True,True,False
64.406,0.0,0.0,0.0,0.0,0.0,0.0,0.0,0.0,195,195,0.1807,0.1807,nan,nan,nan,UNKNOWN,0.0,0.0,False,False,True,True,False
64.456,0.0,0.0,0.0,0.0,0.0,0.0,0.0,0.0,195,195,0.1807,0.1807,nan,nan,nan,UNKNOWN,0.0,0.0,False,False,True,True,False
64.506,0.0,0.0,0.0,0.0,0.0,0.0,0.0,0.0,195,195,0.1807,0.1807,nan,nan,nan,UNKNOWN,0.0,0.0,False,False,True,True,False
64.556,0.0,0.0,0.0,0.0,0.0,0.0,0.0,0.0,195,195,0.1807,0.1807,nan,nan,nan,UNKNOWN,0.0,0.0,False,False,True,True,False
64.606,0.0,0.0,0.0,0.0,0.0,0.0,0.0,0.0,195,195,0.1807,0.1807,nan,nan,nan,UNKNOWN,0.0,0.0,False,False,True,True,False
64.656,0.0,0.0,0.0,0.0,0.0,0.0,0.0,0.0,195,195,0.1807,0.1807,nan,nan,nan,UNKNOWN,0.0,0.0,False,False,True,True,False
64.706,0.0,0.0,0.0,0.0,0.0,0.0,0.0,0.0,195,195,0.1807,0.1807,nan,nan,nan,UNKNOWN,0.0,0.0,False,False,True,True,False
64.756,0.0,0.0,0.0,0.0,0.0,0.0,0.0,0.0,195,195,0.1807,0.1807,nan,nan,nan,UNKNOWN,0.0,0.0,False,False,True,True,False
64.806,0.0,0.0,0.0,0.0,0.0,0.0,0.0,0.0,195,195,0.1807,0.1807,nan,nan,nan,UNKNOWN,0.0,0.0,False,False,True,True,False
64.856,0.0,0.0,0.0,0.0,0.0,0.0,0.0,0.0,195,195,0.1807,0.1807,nan,nan,nan,UNKNOWN,0.0,0.0,False,False,True,True,False
64.906,0.0,0.0,0.0,0.0,0.0,0.0,0.0,0.0,195,195,0.1807,0.1807,nan,nan,nan,UNKNOWN,0.0,0.0,False,False,True,True,False
64.956,0.0,0.0,0.0,0.0,0.0,0.0,0.0,0.0,195,195,0.1807,0.1807,nan,nan,nan,UNKNOWN,0.0,0.0,False,False,True,True,False
65.006,0.0,0.0,0.0,0.0,0.0,0.0,0.0,0.0,195,195,0.1807,0.1807,nan,nan,nan,UNKNOWN,0.0,0.0,False,False,True,True,False
65.056,0.0,0.0,0.0,0.0,0.0,0.0,0.0,0.0,195,195,0.1807,0.1807,nan,nan,nan,UNKNOWN,0.0,0.0,False,False,True,True,False
65.106,0.0,0.0,0.0,0.0,0.0,0.0,0.0,0.0,195,195,0.1807,0.1807,nan,nan,nan,UNKNOWN,0.0,0.0,False,False,True,True,False
65.156,0.0,0.0,0.0,0.0,0.0,0.0,0.0,0.0,195,195,0.1807,0.1807,nan,nan,nan,UNKNOWN,0.0,0.0,False,False,True,True,False
65.206,0.0,0.0,0.0,0.0,0.0,0.0,0.0,0.0,195,195,0.1807,0.1807,nan,nan,nan,UNKNOWN,0.0,0.0,False,False,True,True,False
65.256,0.0,0.0,0.0,0.0,0.0,0.0,0.0,0.0,195,195,0.1807,0.1807,nan,nan,nan,UNKNOWN,0.0,0.0,False,False,True,True,False
65.306,0.0,0.0,0.0,0.0,0.0,0.0,0.0,0.0,195,195,0.1807,0.1807,nan,nan,nan,UNKNOWN,0.0,0.0,False,False,True,True,False
65.358,0.0,0.0,0.0,0.0,0.0,0.0,0.0,0.0,195,195,0.1807,0.1807,nan,nan,nan,UNKNOWN,0.0,0.0,False,False,True,True,False
65.406,0.0,0.0,0.0,0.0,0.0,0.0,0.0,0.0,195,195,0.1807,0.1807,nan,nan,nan,UNKNOWN,0.0,0.0,False,False,True,True,False
65.456,0.0,0.0,0.0,0.0,0.0,0.0,0.0,0.0,195,195,0.1807,0.1807,nan,nan,nan,UNKNOWN,0.0,0.0,False,False,True,True,False
65.506,0.0,0.0,0.0,0.0,0.0,0.0,0.0,0.0,195,195,0.1807,0.1807,nan,nan,nan,UNKNOWN,0.0,0.0,False,False,True,True,False
65.556,0.0,0.0,0.0,0.0,0.0,0.0,0.0,0.0,195,195,0.1807,0.1807,nan,nan,nan,UNKNOWN,0.0,0.0,False,False,True,True,False
65.606,0.0,0.0,0.0,0.0,0.0,0.0,0.0,0.0,195,195,0.1807,0.1807,nan,nan,nan,UNKNOWN,0.0,0.0,False,False,True,True,False
65.656,0.0,0.0,0.0,0.0,0.0,0.0,0.0,0.0,195,195,0.1807,0.1807,nan,nan,nan,UNKNOWN,0.0,0.0,False,False,True,True,False
65.706,0.0,0.0,0.0,0.0,0.0,0.0,0.0,0.0,195,195,0.1807,0.1807,nan,nan,nan,UNKNOWN,0.0,0.0,False,False,True,True,False
65.756,0.0,0.0,0.0,0.0,0.0,0.0,0.0,0.0,195,195,0.1807,0.1807,nan,nan,nan,UNKNOWN,0.0,0.0,False,False,True,True,False
65.806,0.0,0.0,0.0,0.0,0.0,0.0,0.0,0.0,195,195,0.1807,0.1807,nan,nan,nan,UNKNOWN,0.0,0.0,False,False,True,True,False
65.856,0.0,0.0,0.0,0.0,0.0,0.0,0.0,0.0,195,195,0.1807,0.1807,nan,nan,nan,UNKNOWN,0.0,0.0,False,False,True,True,False
65.906,0.0,0.0,0.0,0.0,0.0,0.0,0.0,0.0,195,195,0.1807,0.1807,nan,nan,nan,UNKNOWN,0.0,0.0,False,False,True,True,False
65.956,0.0,0.0,0.0,0.0,0.0,0.0,0.0,0.0,195,195,0.1807,0.1807,nan,nan,nan,UNKNOWN,0.0,0.0,False,False,True,True,False
66.006,0.0,0.0,0.0,0.0,0.0,0.0,0.0,0.0,195,195,0.1807,0.1807,nan,nan,nan,UNKNOWN,0.0,0.0,False,False,True,True,False
66.056,0.0,0.0,0.0,0.0,0.0,0.0,0.0,0.0,195,195,0.1807,0.1807,nan,nan,nan,UNKNOWN,0.0,0.0,False,False,True,True,False
66.106,0.0,0.0,0.0,0.0,0.0,0.0,0.0,0.0,195,195,0.1807,0.1807,nan,nan,nan,UNKNOWN,0.0,0.0,False,False,True,True,False
66.156,0.0,0.0,0.0,0.0,0.0,0.0,0.0,0.0,195,195,0.1807,0.1807,nan,nan,nan,UNKNOWN,0.0,0.0,False,False,True,True,False
66.206,0.0,0.0,0.0,0.0,0.0,0.0,0.0,0.0,195,195,0.1807,0.1807,nan,nan,nan,UNKNOWN,0.0,0.0,False,False,True,True,False
66.256,0.0,0.0,0.0,0.0,0.0,0.0,0.0,0.0,195,195,0.1807,0.1807,nan,nan,nan,UNKNOWN,0.0,0.0,False,False,True,True,False
66.306,0.0,0.0,0.0,0.0,0.0,0.0,0.0,0.0,195,195,0.1807,0.1807,nan,nan,nan,UNKNOWN,0.0,0.0,False,False,True,True,False
66.358,0.0,0.0,0.0,0.0,0.0,0.0,0.0,0.0,195,195,0.1807,0.1807,nan,nan,nan,UNKNOWN,0.0,0.0,False,False,True,True,False
66.406,0.0,0.0,0.0,0.0,0.0,0.0,0.0,0.0,195,195,0.1807,0.1807,nan,nan,nan,UNKNOWN,0.0,0.0,False,False,True,True,False
66.456,0.0,0.0,0.0,0.0,0.0,0.0,0.0,0.0,195,195,0.1807,0.1807,nan,nan,nan,UNKNOWN,0.0,0.0,False,False,True,True,False
66.506,0.0,0.0,0.0,0.0,0.0,0.0,0.0,0.0,195,195,0.1807,0.1807,nan,nan,nan,UNKNOWN,0.0,0.0,False,False,True,True,False
66.556,0.0,0.0,0.0,0.0,0.0,0.0,0.0,0.0,195,195,0.1807,0.1807,nan,nan,nan,UNKNOWN,0.0,0.0,False,False,True,True,False
66.606,0.0,0.0,0.0,0.0,0.0,0.0,0.0,0.0,195,195,0.1807,0.1807,nan,nan,nan,UNKNOWN,0.0,0.0,False,False,True,True,False
66.656,0.0,0.0,0.0,0.0,0.0,0.0,0.0,0.0,195,195,0.1807,0.1807,nan,nan,nan,UNKNOWN,0.0,0.0,False,False,True,True,False
66.706,0.0,0.0,0.0,0.0,0.0,0.0,0.0,0.0,195,195,0.1807,0.1807,nan,nan,nan,UNKNOWN,0.0,0.0,False,False,True,True,False
66.756,0.0,0.0,0.0,0.0,0.0,0.0,0.0,0.0,195,195,0.1807,0.1807,nan,nan,nan,UNKNOWN,0.0,0.0,False,False,True,True,False
66.806,0.0,0.0,0.0,0.0,0.0,0.0,0.0,0.0,195,195,0.1807,0.1807,nan,nan,nan,UNKNOWN,0.0,0.0,False,False,True,True,False
66.856,0.0,0.0,0.0,0.0,0.0,0.0,0.0,0.0,195,195,0.1807,0.1807,nan,nan,nan,UNKNOWN,0.0,0.0,False,False,True,True,False
66.906,0.0,0.0,0.0,0.0,0.0,0.0,0.0,0.0,195,195,0.1807,0.1807,nan,nan,nan,UNKNOWN,0.0,0.0,False,False,True,True,False
66.956,0.0,0.0,0.0,0.0,0.0,0.0,0.0,0.0,195,195,0.1807,0.1807,nan,nan,nan,UNKNOWN,0.0,0.0,False,False,True,True,False
67.006,0.0,0.0,0.0,0.0,0.0,0.0,0.0,0.0,195,195,0.1807,0.1807,nan,nan,nan,UNKNOWN,0.0,0.0,False,False,True,True,False
67.056,0.0,0.0,0.0,0.0,0.0,0.0,0.0,0.0,195,195,0.1807,0.1807,nan,nan,nan,UNKNOWN,0.0,0.0,False,False,True,True,False
67.106,0.0,0.0,0.0,0.0,0.0,0.0,0.0,0.0,195,195,0.1807,0.1807,nan,nan,nan,UNKNOWN,0.0,0.0,False,False,True,True,False
67.156,0.0,0.0,0.0,0.0,0.0,0.0,0.0,0.0,195,195,0.1807,0.1807,nan,nan,nan,UNKNOWN,0.0,0.0,False,False,True,True,False
67.206,0.0,0.0,0.0,0.0,0.0,0.0,0.0,0.0,195,195,0.1807,0.1807,nan,nan,nan,UNKNOWN,0.0,0.0,False,False,True,True,False
67.256,0.0,0.0,0.0,0.0,0.0,0.0,0.0,0.0,195,195,0.1807,0.1807,nan,nan,nan,UNKNOWN,0.0,0.0,False,False,True,True,False
67.306,0.0,0.0,0.0,0.0,0.0,0.0,0.0,0.0,195,195,0.1807,0.1807,nan,nan,nan,UNKNOWN,0.0,0.0,False,False,True,True,False
67.358,0.0,0.0,0.0,0.0,0.0,0.0,0.0,0.0,195,195,0.1807,0.1807,nan,nan,nan,UNKNOWN,0.0,0.0,False,False,True,True,False
67.406,0.0,0.0,0.0,0.0,0.0,0.0,0.0,0.0,195,195,0.1807,0.1807,nan,nan,nan,UNKNOWN,0.0,0.0,False,False,True,True,False
67.456,0.0,0.0,0.0,0.0,0.0,0.0,0.0,0.0,195,195,0.1807,0.1807,nan,nan,nan,UNKNOWN,0.0,0.0,False,False,True,True,False
67.506,0.0,0.0,0.0,0.0,0.0,0.0,0.0,0.0,195,195,0.1807,0.1807,nan,nan,nan,UNKNOWN,0.0,0.0,False,False,True,True,False
67.556,0.0,0.0,0.0,0.0,0.0,0.0,0.0,0.0,195,195,0.1807,0.1807,nan,nan,nan,UNKNOWN,0.0,0.0,False,False,True,True,False
67.606,0.0,0.0,0.0,0.0,0.0,0.0,0.0,0.0,195,195,0.1807,0.1807,nan,nan,nan,UNKNOWN,0.0,0.0,False,False,True,True,False
67.656,0.0,0.0,0.0,0.0,0.0,0.0,0.0,0.0,195,195,0.1807,0.1807,nan,nan,nan,UNKNOWN,0.0,0.0,False,False,True,True,False
67.706,0.0,0.0,0.0,0.0,0.0,0.0,0.0,0.0,195,195,0.1807,0.1807,nan,nan,nan,UNKNOWN,0.0,0.0,False,False,True,True,False
67.756,0.0,0.0,0.0,0.0,0.0,0.0,0.0,0.0,195,195,0.1807,0.1807,nan,nan,nan,UNKNOWN,0.0,0.0,False,False,True,True,False
67.806,0.0,0.0,0.0,0.0,0.0,0.0,0.0,0.0,195,195,0.1807,0.1807,nan,nan,nan,UNKNOWN,0.0,0.0,False,False,True,True,False
67.856,0.0,0.0,0.0,0.0,0.0,0.0,0.0,0.0,195,195,0.1807,0.1807,nan,nan,nan,UNKNOWN,0.0,0.0,False,False,True,True,False
67.906,0.0,0.0,0.0,0.0,0.0,0.0,0.0,0.0,195,195,0.1807,0.1807,nan,nan,nan,UNKNOWN,0.0,0.0,False,False,True,True,False
67.956,0.0,0.0,0.0,0.0,0.0,0.0,0.0,0.0,195,195,0.1807,0.1807,nan,nan,nan,UNKNOWN,0.0,0.0,False,False,True,True,False
68.006,0.0,0.0,0.0,0.0,0.0,0.0,0.0,0.0,195,195,0.1807,0.1807,nan,nan,nan,UNKNOWN,0.0,0.0,False,False,True,True,False
68.056,0.0,0.0,0.0,0.0,0.0,0.0,0.0,0.0,195,195,0.1807,0.1807,nan,nan,nan,UNKNOWN,0.0,0.0,False,False,True,True,False
68.106,0.0,0.0,0.0,0.0,0.0,0.0,0.0,0.0,195,195,0.1807,0.1807,nan,nan,nan,UNKNOWN,0.0,0.0,False,False,True,True,False
68.156,0.0,0.0,0.0,0.0,0.0,0.0,0.0,0.0,195,195,0.1807,0.1807,nan,nan,nan,UNKNOWN,0.0,0.0,False,False,True,True,False
68.206,0.0,0.0,0.0,0.0,0.0,0.0,0.0,0.0,195,195,0.1807,0.1807,nan,nan,nan,UNKNOWN,0.0,0.0,False,False,True,True,False
68.256,0.0,0.0,0.0,0.0,0.0,0.0,0.0,0.0,195,195,0.1807,0.1807,nan,nan,nan,UNKNOWN,0.0,0.0,False,False,True,True,False
68.306,0.0,0.0,0.0,0.0,0.0,0.0,0.0,0.0,195,195,0.1807,0.1807,nan,nan,nan,UNKNOWN,0.0,0.0,False,False,True,True,False
68.358,0.0,0.0,0.0,0.0,0.0,0.0,0.0,0.0,195,195,0.1807,0.1807,nan,nan,nan,UNKNOWN,0.0,0.0,False,False,True,True,False
68.406,0.0,0.0,0.0,0.0,0.0,0.0,0.0,0.0,195,195,0.1807,0.1807,nan,nan,nan,UNKNOWN,0.0,0.0,False,False,True,True,False
68.456,0.0,0.0,0.0,0.0,0.0,0.0,0.0,0.0,195,195,0.1807,0.1807,nan,nan,nan,UNKNOWN,0.0,0.0,False,False,True,True,False
68.506,0.0,0.0,0.0,0.0,0.0,0.0,0.0,0.0,195,195,0.1807,0.1807,nan,nan,nan,UNKNOWN,0.0,0.0,False,False,True,True,False
68.556,0.0,0.0,0.0,0.0,0.0,0.0,0.0,0.0,195,195,0.1807,0.1807,nan,nan,nan,UNKNOWN,0.0,0.0,False,False,True,True,False
68.606,0.0,0.0,0.0,0.0,0.0,0.0,0.0,0.0,195,195,0.1807,0.1807,nan,nan,nan,UNKNOWN,0.0,0.0,False,False,True,True,False
68.656,0.0,0.0,0.0,0.0,0.0,0.0,0.0,0.0,195,195,0.1807,0.1807,nan,nan,nan,UNKNOWN,0.0,0.0,False,False,True,True,False
68.706,0.0,0.0,0.0,0.0,0.0,0.0,0.0,0.0,195,195,0.1807,0.1807,nan,nan,nan,UNKNOWN,0.0,0.0,False,False,True,True,False
68.756,0.0,0.0,0.0,0.0,0.0,0.0,0.0,0.0,195,195,0.1807,0.1807,nan,nan,nan,UNKNOWN,0.0,0.0,False,False,True,True,False
68.806,0.0,0.0,0.0,0.0,0.0,0.0,0.0,0.0,195,195,0.1807,0.1807,nan,nan,nan,UNKNOWN,0.0,0.0,False,False,True,True,False
68.856,0.0,0.0,0.0,0.0,0.0,0.0,0.0,0.0,195,195,0.1807,0.1807,nan,nan,nan,UNKNOWN,0.0,0.0,False,False,True,True,False
68.906,0.0,0.0,0.0,0.0,0.0,0.0,0.0,0.0,195,195,0.1807,0.1807,nan,nan,nan,UNKNOWN,0.0,0.0,False,False,True,True,False
68.956,0.0,0.0,0.0,0.0,0.0,0.0,0.0,0.0,195,195,0.1807,0.1807,nan,nan,nan,UNKNOWN,0.0,0.0,False,False,True,True,False
69.006,0.0,0.0,0.0,0.0,0.0,0.0,0.0,0.0,195,195,0.1807,0.1807,nan,nan,nan,UNKNOWN,0.0,0.0,False,False,True,True,False
69.056,0.0,0.0,0.0,0.0,0.0,0.0,0.0,0.0,195,195,0.1807,0.1807,nan,nan,nan,UNKNOWN,0.0,0.0,False,False,True,True,False
69.106,0.0,0.0,0.0,0.0,0.0,0.0,0.0,0.0,195,195,0.1807,0.1807,nan,nan,nan,UNKNOWN,0.0,0.0,False,False,True,True,False
69.156,0.0,0.0,0.0,0.0,0.0,0.0,0.0,0.0,195,195,0.1807,0.1807,nan,nan,nan,UNKNOWN,0.0,0.0,False,False,True,True,False
69.206,0.0,0.0,0.0,0.0,0.0,0.0,0.0,0.0,195,195,0.1807,0.1807,nan,nan,nan,UNKNOWN,0.0,0.0,False,False,True,True,False
69.256,0.0,0.0,0.0,0.0,0.0,0.0,0.0,0.0,195,195,0.1807,0.1807,nan,nan,nan,UNKNOWN,0.0,0.0,False,False,True,True,False
69.306,0.0,0.0,0.0,0.0,0.0,0.0,0.0,0.0,195,195,0.1807,0.1807,nan,nan,nan,UNKNOWN,0.0,0.0,False,False,True,True,False
69.358,0.0,0.0,0.0,0.0,0.0,0.0,0.0,0.0,195,195,0.1807,0.1807,nan,nan,nan,UNKNOWN,0.0,0.0,False,False,True,True,False
69.406,0.0,0.0,0.0,0.0,0.0,0.0,0.0,0.0,195,195,0.1807,0.1807,nan,nan,nan,UNKNOWN,0.0,0.0,False,False,True,True,False
69.456,0.0,0.0,0.0,0.0,0.0,0.0,0.0,0.0,195,195,0.1807,0.1807,nan,nan,nan,UNKNOWN,0.0,0.0,False,False,True,True,False
69.506,0.0,0.0,0.0,0.0,0.0,0.0,0.0,0.0,195,195,0.1807,0.1807,nan,nan,nan,UNKNOWN,0.0,0.0,False,False,True,True,False
69.556,0.0,0.0,0.0,0.0,0.0,0.0,0.0,0.0,195,195,0.1807,0.1807,nan,nan,nan,UNKNOWN,0.0,0.0,False,False,True,True,False
69.606,0.0,0.0,0.0,0.0,0.0,0.0,0.0,0.0,195,195,0.1807,0.1807,nan,nan,nan,UNKNOWN,0.0,0.0,False,False,True,True,False
69.656,0.0,0.0,0.0,0.0,0.0,0.0,0.0,0.0,195,195,0.1807,0.1807,nan,nan,nan,UNKNOWN,0.0,0.0,False,False,True,True,False
69.706,0.0,0.0,0.0,0.0,0.0,0.0,0.0,0.0,195,195,0.1807,0.1807,nan,nan,nan,UNKNOWN,0.0,0.0,False,False,True,True,False
69.756,0.0,0.0,0.0,0.0,0.0,0.0,0.0,0.0,195,195,0.1807,0.1807,nan,nan,nan,UNKNOWN,0.0,0.0,False,False,True,True,False
69.806,0.0,0.0,0.0,0.0,0.0,0.0,0.0,0.0,195,195,0.1807,0.1807,nan,nan,nan,UNKNOWN,0.0,0.0,False,False,True,True,False
69.856,0.0,0.0,0.0,0.0,0.0,0.0,0.0,0.0,195,195,0.1807,0.1807,nan,nan,nan,UNKNOWN,0.0,0.0,False,False,True,True,False
69.906,0.0,0.0,0.0,0.0,0.0,0.0,0.0,0.0,195,195,0.1807,0.1807,nan,nan,nan,UNKNOWN,0.0,0.0,False,False,True,True,False
69.956,0.0,0.0,0.0,0.0,0.0,0.0,0.0,0.0,195,195,0.1807,0.1807,nan,nan,nan,UNKNOWN,0.0,0.0,False,False,True,True,False
70.006,0.0,0.0,0.0,0.0,0.0,0.0,0.0,0.0,195,195,0.1807,0.1807,nan,nan,nan,UNKNOWN,0.0,0.0,False,False,True,True,False
70.056,0.0,0.0,0.0,0.0,0.0,0.0,0.0,0.0,195,195,0.1807,0.1807,nan,nan,nan,UNKNOWN,0.0,0.0,False,False,True,True,False
70.106,0.0,0.0,0.0,0.0,0.0,0.0,0.0,0.0,195,195,0.1807,0.1807,nan,nan,nan,UNKNOWN,0.0,0.0,False,False,True,True,False
70.156,0.0,0.0,0.0,0.0,0.0,0.0,0.0,0.0,195,195,0.1807,0.1807,nan,nan,nan,UNKNOWN,0.0,0.0,False,False,True,True,False
70.206,0.0,0.0,0.0,0.0,0.0,0.0,0.0,0.0,195,195,0.1807,0.1807,nan,nan,nan,UNKNOWN,0.0,0.0,False,False,True,True,False
70.256,0.0,0.0,0.0,0.0,0.0,0.0,0.0,0.0,195,195,0.1807,0.1807,nan,nan,nan,UNKNOWN,0.0,0.0,False,False,True,True,False
70.306,0.0,0.0,0.0,0.0,0.0,0.0,0.0,0.0,195,195,0.1807,0.1807,nan,nan,nan,UNKNOWN,0.0,0.0,False,False,True,True,False
70.358,0.0,0.0,0.0,0.0,0.0,0.0,0.0,0.0,195,195,0.1807,0.1807,nan,nan,nan,UNKNOWN,0.0,0.0,False,False,True,True,False
70.406,0.0,0.0,0.0,0.0,0.0,0.0,0.0,0.0,195,195,0.1807,0.1807,nan,nan,nan,UNKNOWN,0.0,0.0,False,False,True,True,False
70.456,0.0,0.0,0.0,0.0,0.0,0.0,0.0,0.0,195,195,0.1807,0.1807,nan,nan,nan,UNKNOWN,0.0,0.0,False,False,True,True,False
70.506,0.0,0.0,0.0,0.0,0.0,0.0,0.0,0.0,195,195,0.1807,0.1807,nan,nan,nan,UNKNOWN,0.0,0.0,False,False,True,True,False
70.556,0.0,0.0,0.0,0.0,0.0,0.0,0.0,0.0,195,195,0.1807,0.1807,nan,nan,nan,UNKNOWN,0.0,0.0,False,False,True,True,False
70.606,0.0,0.0,0.0,0.0,0.0,0.0,0.0,0.0,195,195,0.1807,0.1807,nan,nan,nan,UNKNOWN,0.0,0.0,False,False,True,True,False
70.656,0.0,0.0,0.0,0.0,0.0,0.0,0.0,0.0,195,195,0.1807,0.1807,nan,nan,nan,UNKNOWN,0.0,0.0,False,False,True,True,False
70.706,0.0,0.0,0.0,0.0,0.0,0.0,0.0,0.0,195,195,0.1807,0.1807,nan,nan,nan,UNKNOWN,0.0,0.0,False,False,True,True,False
70.756,0.0,0.0,0.0,0.0,0.0,0.0,0.0,0.0,195,195,0.1807,0.1807,nan,nan,nan,UNKNOWN,0.0,0.0,False,False,True,True,False
70.806,0.0,0.0,0.0,0.0,0.0,0.0,0.0,0.0,195,195,0.1807,0.1807,nan,nan,nan,UNKNOWN,0.0,0.0,False,False,True,True,False
70.856,0.0,0.0,0.0,0.0,0.0,0.0,0.0,0.0,195,195,0.1807,0.1807,nan,nan,nan,UNKNOWN,0.0,0.0,False,False,True,True,False
70.906,0.0,0.0,0.0,0.0,0.0,0.0,0.0,0.0,195,195,0.1807,0.1807,nan,nan,nan,UNKNOWN,0.0,0.0,False,False,True,True,False
70.956,0.0,0.0,0.0,0.0,0.0,0.0,0.0,0.0,195,195,0.1807,0.1807,nan,nan,nan,UNKNOWN,0.0,0.0,False,False,True,True,False
71.006,0.0,0.0,0.0,0.0,0.0,0.0,0.0,0.0,195,195,0.1807,0.1807,nan,nan,nan,UNKNOWN,0.0,0.0,False,False,True,True,False
71.056,0.0,0.0,0.0,0.0,0.0,0.0,0.0,0.0,195,195,0.1807,0.1807,nan,nan,nan,UNKNOWN,0.0,0.0,False,False,True,True,False
71.106,0.0,0.0,0.0,0.0,0.0,0.0,0.0,0.0,195,195,0.1807,0.1807,nan,nan,nan,UNKNOWN,0.0,0.0,False,False,True,True,False
71.156,0.0,0.0,0.0,0.0,0.0,0.0,0.0,0.0,195,195,0.1807,0.1807,nan,nan,nan,UNKNOWN,0.0,0.0,False,False,True,True,False
71.206,0.0,0.0,0.0,0.0,0.0,0.0,0.0,0.0,195,195,0.1807,0.1807,nan,nan,nan,UNKNOWN,0.0,0.0,False,False,True,True,False
71.256,0.0,0.0,0.0,0.0,0.0,0.0,0.0,0.0,195,195,0.1807,0.1807,nan,nan,nan,UNKNOWN,0.0,0.0,False,False,True,True,False
71.306,0.0,0.0,0.0,0.0,0.0,0.0,0.0,0.0,195,195,0.1807,0.1807,nan,nan,nan,UNKNOWN,0.0,0.0,False,False,True,True,False
71.358,0.0,0.0,0.0,0.0,0.0,0.0,0.0,0.0,195,195,0.1807,0.1807,nan,nan,nan,UNKNOWN,0.0,0.0,False,False,True,True,False
71.406,0.0,0.0,0.0,0.0,0.0,0.0,0.0,0.0,195,195,0.1807,0.1807,nan,nan,nan,UNKNOWN,0.0,0.0,False,False,True,True,False
71.456,0.0,0.0,0.0,0.0,0.0,0.0,0.0,0.0,195,195,0.1807,0.1807,nan,nan,nan,UNKNOWN,0.0,0.0,False,False,True,True,False
71.506,0.0,0.0,0.0,0.0,0.0,0.0,0.0,0.0,195,195,0.1807,0.1807,nan,nan,nan,UNKNOWN,0.0,0.0,False,False,True,True,False
71.556,0.0,0.0,0.0,0.0,0.0,0.0,0.0,0.0,195,195,0.1807,0.1807,nan,nan,nan,UNKNOWN,0.0,0.0,False,False,True,True,False
71.606,0.0,0.0,0.0,0.0,0.0,0.0,0.0,0.0,195,195,0.1807,0.1807,nan,nan,nan,UNKNOWN,0.0,0.0,False,False,True,True,False
71.656,0.0,0.0,0.0,0.0,0.0,0.0,0.0,0.0,195,195,0.1807,0.1807,nan,nan,nan,UNKNOWN,0.0,0.0,False,False,True,True,False
71.706,0.0,0.0,0.0,0.0,0.0,0.0,0.0,0.0,195,195,0.1807,0.1807,nan,nan,nan,UNKNOWN,0.0,0.0,False,False,True,True,False
71.756,0.0,0.0,0.0,0.0,0.0,0.0,0.0,0.0,195,195,0.1807,0.1807,nan,nan,nan,UNKNOWN,0.0,0.0,False,False,True,True,False
71.806,0.0,0.0,0.0,0.0,0.0,0.0,0.0,0.0,195,195,0.1807,0.1807,nan,nan,nan,UNKNOWN,0.0,0.0,False,False,True,True,False
71.856,0.0,0.0,0.0,0.0,0.0,0.0,0.0,0.0,195,195,0.1807,0.1807,nan,nan,nan,UNKNOWN,0.0,0.0,False,False,True,True,False
71.906,0.0,0.0,0.0,0.0,0.0,0.0,0.0,0.0,195,195,0.1807,0.1807,nan,nan,nan,UNKNOWN,0.0,0.0,False,False,True,True,False
71.956,0.0,0.0,0.0,0.0,0.0,0.0,0.0,0.0,195,195,0.1807,0.1807,nan,nan,nan,UNKNOWN,0.0,0.0,False,False,True,True,False
72.006,0.0,0.0,0.0,0.0,0.0,0.0,0.0,0.0,195,195,0.1807,0.1807,nan,nan,nan,UNKNOWN,0.0,0.0,False,False,True,True,False
72.056,0.0,0.0,0.0,0.0,0.0,0.0,0.0,0.0,195,195,0.1807,0.1807,nan,nan,nan,UNKNOWN,0.0,0.0,False,False,True,True,False
72.106,0.0,0.0,0.0,0.0,0.0,0.0,0.0,0.0,195,195,0.1807,0.1807,nan,nan,nan,UNKNOWN,0.0,0.0,False,False,True,True,False
72.156,0.0,0.0,0.0,0.0,0.0,0.0,0.0,0.0,195,195,0.1807,0.1807,nan,nan,nan,UNKNOWN,0.0,0.0,False,False,True,True,False
72.206,0.0,0.0,0.0,0.0,0.0,0.0,0.0,0.0,195,195,0.1807,0.1807,nan,nan,nan,UNKNOWN,0.0,0.0,False,False,True,True,False
72.256,0.0,0.0,0.0,0.0,0.0,0.0,0.0,0.0,195,195,0.1807,0.1807,nan,nan,nan,UNKNOWN,0.0,0.0,False,False,True,True,False
72.306,0.0,0.0,0.0,0.0,0.0,0.0,0.0,0.0,195,195,0.1807,0.1807,nan,nan,nan,UNKNOWN,0.0,0.0,False,False,True,True,False
72.358,0.0,0.0,0.0,0.0,0.0,0.0,0.0,0.0,195,195,0.1807,0.1807,nan,nan,nan,UNKNOWN,0.0,0.0,False,False,True,True,False
72.406,0.0,0.0,0.0,0.0,0.0,0.0,0.0,0.0,195,195,0.1807,0.1807,nan,nan,nan,UNKNOWN,0.0,0.0,False,False,True,True,False
72.456,0.0,0.0,0.0,0.0,0.0,0.0,0.0,0.0,195,195,0.1807,0.1807,nan,nan,nan,UNKNOWN,0.0,0.0,False,False,True,True,False
72.506,0.0,0.0,0.0,0.0,0.0,0.0,0.0,0.0,195,195,0.1807,0.1807,nan,nan,nan,UNKNOWN,0.0,0.0,False,False,True,True,False
72.556,0.0,0.0,0.0,0.0,0.0,0.0,0.0,0.0,195,195,0.1807,0.1807,nan,nan,nan,UNKNOWN,0.0,0.0,False,False,True,True,False
72.606,0.0,0.0,0.0,0.0,0.0,0.0,0.0,0.0,195,195,0.1807,0.1807,nan,nan,nan,UNKNOWN,0.0,0.0,False,False,True,True,False
72.656,0.0,0.0,0.0,0.0,0.0,0.0,0.0,0.0,195,195,0.1807,0.1807,nan,nan,nan,UNKNOWN,0.0,0.0,False,False,True,True,False
72.706,0.0,0.0,0.0,0.0,0.0,0.0,0.0,0.0,195,195,0.1807,0.1807,nan,nan,nan,UNKNOWN,0.0,0.0,False,False,True,True,False
72.756,0.0,0.0,0.0,0.0,0.0,0.0,0.0,0.0,195,195,0.1807,0.1807,nan,nan,nan,UNKNOWN,0.0,0.0,False,False,True,True,False
72.806,0.0,0.0,0.0,0.0,0.0,0.0,0.0,0.0,195,195,0.1807,0.1807,nan,nan,nan,UNKNOWN,0.0,0.0,False,False,True,True,False
72.856,0.0,0.0,0.0,0.0,0.0,0.0,0.0,0.0,195,195,0.1807,0.1807,nan,nan,nan,UNKNOWN,0.0,0.0,False,False,True,True,False
72.906,0.0,0.0,0.0,0.0,0.0,0.0,0.0,0.0,195,195,0.1807,0.1807,nan,nan,nan,UNKNOWN,0.0,0.0,False,False,True,True,False
72.956,0.0,0.0,0.0,0.0,0.0,0.0,0.0,0.0,195,195,0.1807,0.1807,nan,nan,nan,UNKNOWN,0.0,0.0,False,False,True,True,False
73.006,0.0,0.0,0.0,0.0,0.0,0.0,0.0,0.0,195,195,0.1807,0.1807,nan,nan,nan,UNKNOWN,0.0,0.0,False,False,True,True,False
73.056,0.0,0.0,0.0,0.0,0.0,0.0,0.0,0.0,195,195,0.1807,0.1807,nan,nan,nan,UNKNOWN,0.0,0.0,False,False,True,True,False
73.106,0.0,0.0,0.0,0.0,0.0,0.0,0.0,0.0,195,195,0.1807,0.1807,nan,nan,nan,UNKNOWN,0.0,0.0,False,False,True,True,False
73.156,0.0,0.0,0.0,0.0,0.0,0.0,0.0,0.0,195,195,0.1807,0.1807,nan,nan,nan,UNKNOWN,0.0,0.0,False,False,True,True,False
73.206,0.0,0.0,0.0,0.0,0.0,0.0,0.0,0.0,195,195,0.1807,0.1807,nan,nan,nan,UNKNOWN,0.0,0.0,False,False,True,True,False
73.256,0.0,0.0,0.0,0.0,0.0,0.0,0.0,0.0,195,195,0.1807,0.1807,nan,nan,nan,UNKNOWN,0.0,0.0,False,False,True,True,False
73.306,0.0,0.0,0.0,0.0,0.0,0.0,0.0,0.0,195,195,0.1807,0.1807,nan,nan,nan,UNKNOWN,0.0,0.0,False,False,True,True,False
73.358,0.0,0.0,0.0,0.0,0.0,0.0,0.0,0.0,195,195,0.1807,0.1807,nan,nan,nan,UNKNOWN,0.0,0.0,False,False,True,True,False
73.406,0.0,0.0,0.0,0.0,0.0,0.0,0.0,0.0,195,195,0.1807,0.1807,nan,nan,nan,UNKNOWN,0.0,0.0,False,False,True,True,False
73.456,0.0,0.0,0.0,0.0,0.0,0.0,0.0,0.0,195,195,0.1807,0.1807,nan,nan,nan,UNKNOWN,0.0,0.0,False,False,True,True,False
73.506,0.0,0.0,0.0,0.0,0.0,0.0,0.0,0.0,195,195,0.1807,0.1807,nan,nan,nan,UNKNOWN,0.0,0.0,False,False,True,True,False
73.556,0.0,0.0,0.0,0.0,0.0,0.0,0.0,0.0,195,195,0.1807,0.1807,nan,nan,nan,UNKNOWN,0.0,0.0,False,False,True,True,False
73.606,0.0,0.0,0.0,0.0,0.0,0.0,0.0,0.0,195,195,0.1807,0.1807,nan,nan,nan,UNKNOWN,0.0,0.0,False,False,True,True,False
73.656,0.0,0.0,0.0,0.0,0.0,0.0,0.0,0.0,195,195,0.1807,0.1807,nan,nan,nan,UNKNOWN,0.0,0.0,False,False,True,True,False
73.706,0.0,0.0,0.0,0.0,0.0,0.0,0.0,0.0,195,195,0.1807,0.1807,nan,nan,nan,UNKNOWN,0.0,0.0,False,False,True,True,False
73.756,0.0,0.0,0.0,0.0,0.0,0.0,0.0,0.0,195,195,0.1807,0.1807,nan,nan,nan,UNKNOWN,0.0,0.0,False,False,True,True,False
73.806,0.0,0.0,0.0,0.0,0.0,0.0,0.0,0.0,195,195,0.1807,0.1807,nan,nan,nan,UNKNOWN,0.0,0.0,False,False,True,True,False
73.856,0.0,0.0,0.0,0.0,0.0,0.0,0.0,0.0,195,195,0.1807,0.1807,nan,nan,nan,UNKNOWN,0.0,0.0,False,False,True,True,False
73.906,0.0,0.0,0.0,0.0,0.0,0.0,0.0,0.0,195,195,0.1807,0.1807,nan,nan,nan,UNKNOWN,0.0,0.0,False,False,True,True,False
73.956,0.0,0.0,0.0,0.0,0.0,0.0,0.0,0.0,195,195,0.1807,0.1807,nan,nan,nan,UNKNOWN,0.0,0.0,False,False,True,True,False
74.006,0.0,0.0,0.0,0.0,0.0,0.0,0.0,0.0,195,195,0.1807,0.1807,nan,nan,nan,UNKNOWN,0.0,0.0,False,False,True,True,False
74.056,0.0,0.0,0.0,0.0,0.0,0.0,0.0,0.0,195,195,0.1807,0.1807,nan,nan,nan,UNKNOWN,0.0,0.0,False,False,True,True,False
74.106,0.0,0.0,0.0,0.0,0.0,0.0,0.0,0.0,195,195,0.1807,0.1807,nan,nan,nan,UNKNOWN,0.0,0.0,False,False,True,True,False
74.156,0.0,0.0,0.0,0.0,0.0,0.0,0.0,0.0,195,195,0.1807,0.1807,nan,nan,nan,UNKNOWN,0.0,0.0,False,False,True,True,False
74.206,0.0,0.0,0.0,0.0,0.0,0.0,0.0,0.0,195,195,0.1807,0.1807,nan,nan,nan,UNKNOWN,0.0,0.0,False,False,True,True,False
74.256,0.0,0.0,0.0,0.0,0.0,0.0,0.0,0.0,195,195,0.1807,0.1807,nan,nan,nan,UNKNOWN,0.0,0.0,False,False,True,True,False
74.306,0.0,0.0,0.0,0.0,0.0,0.0,0.0,0.0,195,195,0.1807,0.1807,nan,nan,nan,UNKNOWN,0.0,0.0,False,False,True,True,False
74.358,0.0,0.0,0.0,0.0,0.0,0.0,0.0,0.0,195,195,0.1807,0.1807,nan,nan,nan,UNKNOWN,0.0,0.0,False,False,True,True,False
74.406,0.0,0.0,0.0,0.0,0.0,0.0,0.0,0.0,195,195,0.1807,0.1807,nan,nan,nan,UNKNOWN,0.0,0.0,False,False,True,True,False
74.456,0.0,0.0,0.0,0.0,0.0,0.0,0.0,0.0,195,195,0.1807,0.1807,nan,nan,nan,UNKNOWN,0.0,0.0,False,False,True,True,False
74.506,0.0,0.0,0.0,0.0,0.0,0.0,0.0,0.0,195,195,0.1807,0.1807,nan,nan,nan,UNKNOWN,0.0,0.0,False,False,True,True,False
74.556,0.0,0.0,0.0,0.0,0.0,0.0,0.0,0.0,195,195,0.1807,0.1807,nan,nan,nan,UNKNOWN,0.0,0.0,False,False,True,True,False
74.606,0.0,0.0,0.0,0.0,0.0,0.0,0.0,0.0,195,195,0.1807,0.1807,nan,nan,nan,UNKNOWN,0.0,0.0,False,False,True,True,False
74.656,0.0,0.0,0.0,0.0,0.0,0.0,0.0,0.0,195,195,0.1807,0.1807,nan,nan,nan,UNKNOWN,0.0,0.0,False,False,True,True,False
74.706,0.0,0.0,0.0,0.0,0.0,0.0,0.0,0.0,195,195,0.1807,0.1807,nan,nan,nan,UNKNOWN,0.0,0.0,False,False,True,True,False
74.756,0.0,0.0,0.0,0.0,0.0,0.0,0.0,0.0,195,195,0.1807,0.1807,nan,nan,nan,UNKNOWN,0.0,0.0,False,False,True,True,False
74.806,0.0,0.0,0.0,0.0,0.0,0.0,0.0,0.0,195,195,0.1807,0.1807,nan,nan,nan,UNKNOWN,0.0,0.0,False,False,True,True,False
74.856,0.0,0.0,0.0,0.0,0.0,0.0,0.0,0.0,195,195,0.1807,0.1807,nan,nan,nan,UNKNOWN,0.0,0.0,False,False,True,True,False
74.906,0.0,0.0,0.0,0.0,0.0,0.0,0.0,0.0,195,195,0.1807,0.1807,nan,nan,nan,UNKNOWN,0.0,0.0,False,False,True,True,False
74.956,0.0,0.0,0.0,0.0,0.0,0.0,0.0,0.0,195,195,0.1807,0.1807,nan,nan,nan,UNKNOWN,0.0,0.0,False,False,True,True,False
75.006,0.0,0.0,0.0,0.0,0.0,0.0,0.0,0.0,195,195,0.1807,0.1807,nan,nan,nan,UNKNOWN,0.0,0.0,False,False,True,True,False
75.056,0.0,0.0,0.0,0.0,0.0,0.0,0.0,0.0,195,195,0.1807,0.1807,nan,nan,nan,UNKNOWN,0.0,0.0,False,False,True,True,False
75.106,0.0,0.0,0.0,0.0,0.0,0.0,0.0,0.0,195,195,0.1807,0.1807,nan,nan,nan,UNKNOWN,0.0,0.0,False,False,True,True,False
75.156,0.0,0.0,0.0,0.0,0.0,0.0,0.0,0.0,195,195,0.1807,0.1807,nan,nan,nan,UNKNOWN,0.0,0.0,False,False,True,True,False
75.206,0.0,0.0,0.0,0.0,0.0,0.0,0.0,0.0,195,195,0.1807,0.1807,nan,nan,nan,UNKNOWN,0.0,0.0,False,False,True,True,False
75.256,0.0,0.0,0.0,0.0,0.0,0.0,0.0,0.0,195,195,0.1807,0.1807,nan,nan,nan,UNKNOWN,0.0,0.0,False,False,True,True,False
75.306,0.0,0.0,0.0,0.0,0.0,0.0,0.0,0.0,195,195,0.1807,0.1807,nan,nan,nan,UNKNOWN,0.0,0.0,False,False,True,True,False
75.358,0.0,0.0,0.0,0.0,0.0,0.0,0.0,0.0,195,195,0.1807,0.1807,nan,nan,nan,UNKNOWN,0.0,0.0,False,False,True,True,False
75.406,0.0,0.0,0.0,0.0,0.0,0.0,0.0,0.0,195,195,0.1807,0.1807,nan,nan,nan,UNKNOWN,0.0,0.0,False,False,True,True,False
75.456,0.0,0.0,0.0,0.0,0.0,0.0,0.0,0.0,195,195,0.1807,0.1807,nan,nan,nan,UNKNOWN,0.0,0.0,False,False,True,True,False
75.506,0.0,0.0,0.0,0.0,0.0,0.0,0.0,0.0,195,195,0.1807,0.1807,nan,nan,nan,UNKNOWN,0.0,0.0,False,False,True,True,False
75.556,0.0,0.0,0.0,0.0,0.0,0.0,0.0,0.0,195,195,0.1807,0.1807,nan,nan,nan,UNKNOWN,0.0,0.0,False,False,True,True,False
75.606,0.0,0.0,0.0,0.0,0.0,0.0,0.0,0.0,195,195,0.1807,0.1807,nan,nan,nan,UNKNOWN,0.0,0.0,False,False,True,True,False
75.656,0.0,0.0,0.0,0.0,0.0,0.0,0.0,0.0,195,195,0.1807,0.1807,nan,nan,nan,UNKNOWN,0.0,0.0,False,False,True,True,False
75.706,0.0,0.0,0.0,0.0,0.0,0.0,0.0,0.0,195,195,0.1807,0.1807,nan,nan,nan,UNKNOWN,0.0,0.0,False,False,True,True,False
75.756,0.0,0.0,0.0,0.0,0.0,0.0,0.0,0.0,195,195,0.1807,0.1807,nan,nan,nan,UNKNOWN,0.0,0.0,False,False,True,True,False
75.806,0.0,0.0,0.0,0.0,0.0,0.0,0.0,0.0,195,195,0.1807,0.1807,nan,nan,nan,UNKNOWN,0.0,0.0,False,False,True,True,False
75.856,0.0,0.0,0.0,0.0,0.0,0.0,0.0,0.0,195,195,0.1807,0.1807,nan,nan,nan,UNKNOWN,0.0,0.0,False,False,True,True,False
75.906,0.0,0.0,0.0,0.0,0.0,0.0,0.0,0.0,195,195,0.1807,0.1807,nan,nan,nan,UNKNOWN,0.0,0.0,False,False,True,True,False
75.956,0.0,0.0,0.0,0.0,0.0,0.0,0.0,0.0,195,195,0.1807,0.1807,nan,nan,nan,UNKNOWN,0.0,0.0,False,False,True,True,False
76.006,0.0,0.0,0.0,0.0,0.0,0.0,0.0,0.0,195,195,0.1807,0.1807,nan,nan,nan,UNKNOWN,0.0,0.0,False,False,True,True,False
76.056,0.0,0.0,0.0,0.0,0.0,0.0,0.0,0.0,195,195,0.1807,0.1807,nan,nan,nan,UNKNOWN,0.0,0.0,False,False,True,True,False
76.106,0.0,0.0,0.0,0.0,0.0,0.0,0.0,0.0,195,195,0.1807,0.1807,nan,nan,nan,UNKNOWN,0.0,0.0,False,False,True,True,False
76.156,0.0,0.0,0.0,0.0,0.0,0.0,0.0,0.0,195,195,0.1807,0.1807,nan,nan,nan,UNKNOWN,0.0,0.0,False,False,True,True,False
76.206,0.0,0.0,0.0,0.0,0.0,0.0,0.0,0.0,195,195,0.1807,0.1807,nan,nan,nan,UNKNOWN,0.0,0.0,False,False,True,True,False
76.256,0.0,0.0,0.0,0.0,0.0,0.0,0.0,0.0,195,195,0.1807,0.1807,nan,nan,nan,UNKNOWN,0.0,0.0,False,False,True,True,False
76.306,0.0,0.0,0.0,0.0,0.0,0.0,0.0,0.0,195,195,0.1807,0.1807,nan,nan,nan,UNKNOWN,0.0,0.0,False,False,True,True,False
76.358,0.0,0.0,0.0,0.0,0.0,0.0,0.0,0.0,195,195,0.1807,0.1807,nan,nan,nan,UNKNOWN,0.0,0.0,False,False,True,True,False
76.406,0.0,0.0,0.0,0.0,0.0,0.0,0.0,0.0,195,195,0.1807,0.1807,nan,nan,nan,UNKNOWN,0.0,0.0,False,False,True,True,False
76.456,0.0,0.0,0.0,0.0,0.0,0.0,0.0,0.0,195,195,0.1807,0.1807,nan,nan,nan,UNKNOWN,0.0,0.0,False,False,True,True,False
76.506,0.0,0.0,0.0,0.0,0.0,0.0,0.0,0.0,195,195,0.1807,0.1807,nan,nan,nan,UNKNOWN,0.0,0.0,False,False,True,True,False
76.556,0.0,0.0,0.0,0.0,0.0,0.0,0.0,0.0,195,195,0.1807,0.1807,nan,nan,nan,UNKNOWN,0.0,0.0,False,False,True,True,False
76.606,0.0,0.0,0.0,0.0,0.0,0.0,0.0,0.0,195,195,0.1807,0.1807,nan,nan,nan,UNKNOWN,0.0,0.0,False,False,True,True,False
76.656,0.0,0.0,0.0,0.0,0.0,0.0,0.0,0.0,195,195,0.1807,0.1807,nan,nan,nan,UNKNOWN,0.0,0.0,False,False,True,True,False
76.706,0.0,0.0,0.0,0.0,0.0,0.0,0.0,0.0,195,195,0.1807,0.1807,nan,nan,nan,UNKNOWN,0.0,0.0,False,False,True,True,False
76.756,0.0,0.0,0.0,0.0,0.0,0.0,0.0,0.0,195,195,0.1807,0.1807,nan,nan,nan,UNKNOWN,0.0,0.0,False,False,True,True,False
76.806,0.0,0.0,0.0,0.0,0.0,0.0,0.0,0.0,195,195,0.1807,0.1807,nan,nan,nan,UNKNOWN,0.0,0.0,False,False,True,True,False
76.856,0.0,0.0,0.0,0.0,0.0,0.0,0.0,0.0,195,195,0.1807,0.1807,nan,nan,nan,UNKNOWN,0.0,0.0,False,False,True,True,False
76.906,0.0,0.0,0.0,0.0,0.0,0.0,0.0,0.0,195,195,0.1807,0.1807,nan,nan,nan,UNKNOWN,0.0,0.0,False,False,True,True,False
76.956,0.0,0.0,0.0,0.0,0.0,0.0,0.0,0.0,195,195,0.1807,0.1807,nan,nan,nan,UNKNOWN,0.0,0.0,False,False,True,True,False
77.006,0.0,0.0,0.0,0.0,0.0,0.0,0.0,0.0,195,195,0.1807,0.1807,nan,nan,nan,UNKNOWN,0.0,0.0,False,False,True,True,False
77.056,0.0,0.0,0.0,0.0,0.0,0.0,0.0,0.0,195,195,0.1807,0.1807,nan,nan,nan,UNKNOWN,0.0,0.0,False,False,True,True,False
77.106,0.0,0.0,0.0,0.0,0.0,0.0,0.0,0.0,195,195,0.1807,0.1807,nan,nan,nan,UNKNOWN,0.0,0.0,False,False,True,True,False
77.156,0.0,0.0,0.0,0.0,0.0,0.0,0.0,0.0,195,195,0.1807,0.1807,nan,nan,nan,UNKNOWN,0.0,0.0,False,False,True,True,False
77.206,0.0,0.0,0.0,0.0,0.0,0.0,0.0,0.0,195,195,0.1807,0.1807,nan,nan,nan,UNKNOWN,0.0,0.0,False,False,True,True,False
77.256,0.0,0.0,0.0,0.0,0.0,0.0,0.0,0.0,195,195,0.1807,0.1807,nan,nan,nan,UNKNOWN,0.0,0.0,False,False,True,True,False
77.306,0.0,0.0,0.0,0.0,0.0,0.0,0.0,0.0,195,195,0.1807,0.1807,nan,nan,nan,UNKNOWN,0.0,0.0,False,False,True,True,False
77.358,0.0,0.0,0.0,0.0,0.0,0.0,0.0,0.0,195,195,0.1807,0.1807,nan,nan,nan,UNKNOWN,0.0,0.0,False,False,True,True,False
77.406,0.0,0.0,0.0,0.0,0.0,0.0,0.0,0.0,195,195,0.1807,0.1807,nan,nan,nan,UNKNOWN,0.0,0.0,False,False,True,True,False
77.456,0.0,0.0,0.0,0.0,0.0,0.0,0.0,0.0,195,195,0.1807,0.1807,nan,nan,nan,UNKNOWN,0.0,0.0,False,False,True,True,False
77.506,0.0,0.0,0.0,0.0,0.0,0.0,0.0,0.0,195,195,0.1807,0.1807,nan,nan,nan,UNKNOWN,0.0,0.0,False,False,True,True,False
77.556,0.0,0.0,0.0,0.0,0.0,0.0,0.0,0.0,195,195,0.1807,0.1807,nan,nan,nan,UNKNOWN,0.0,0.0,False,False,True,True,False
77.606,0.0,0.0,0.0,0.0,0.0,0.0,0.0,0.0,195,195,0.1807,0.1807,nan,nan,nan,UNKNOWN,0.0,0.0,False,False,True,True,False
77.656,0.0,0.0,0.0,0.0,0.0,0.0,0.0,0.0,195,195,0.1807,0.1807,nan,nan,nan,UNKNOWN,0.0,0.0,False,False,True,True,False
77.706,0.0,0.0,0.0,0.0,0.0,0.0,0.0,0.0,195,195,0.1807,0.1807,nan,nan,nan,UNKNOWN,0.0,0.0,False,False,True,True,False
77.756,0.0,0.0,0.0,0.0,0.0,0.0,0.0,0.0,195,195,0.1807,0.1807,nan,nan,nan,UNKNOWN,0.0,0.0,False,False,True,True,False
77.806,0.0,0.0,0.0,0.0,0.0,0.0,0.0,0.0,195,195,0.1807,0.1807,nan,nan,nan,UNKNOWN,0.0,0.0,False,False,True,True,False
77.856,0.0,0.0,0.0,0.0,0.0,0.0,0.0,0.0,195,195,0.1807,0.1807,nan,nan,nan,UNKNOWN,0.0,0.0,False,False,True,True,False
77.906,0.0,0.0,0.0,0.0,0.0,0.0,0.0,0.0,195,195,0.1807,0.1807,nan,nan,nan,UNKNOWN,0.0,0.0,False,False,True,True,False
77.956,0.0,0.0,0.0,0.0,0.0,0.0,0.0,0.0,195,195,0.1807,0.1807,nan,nan,nan,UNKNOWN,0.0,0.0,False,False,True,True,False
78.006,0.0,0.0,0.0,0.0,0.0,0.0,0.0,0.0,195,195,0.1807,0.1807,nan,nan,nan,UNKNOWN,0.0,0.0,False,False,True,True,False
78.056,0.0,0.0,0.0,0.0,0.0,0.0,0.0,0.0,195,195,0.1807,0.1807,nan,nan,nan,UNKNOWN,0.0,0.0,False,False,True,True,False
78.106,0.0,0.0,0.0,0.0,0.0,0.0,0.0,0.0,195,195,0.1807,0.1807,nan,nan,nan,UNKNOWN,0.0,0.0,False,False,True,True,False
78.156,0.0,0.0,0.0,0.0,0.0,0.0,0.0,0.0,195,195,0.1807,0.1807,nan,nan,nan,UNKNOWN,0.0,0.0,False,False,True,True,False
78.206,0.0,0.0,0.0,0.0,0.0,0.0,0.0,0.0,195,195,0.1807,0.1807,nan,nan,nan,UNKNOWN,0.0,0.0,False,False,True,True,False
78.256,0.0,0.0,0.0,0.0,0.0,0.0,0.0,0.0,195,195,0.1807,0.1807,nan,nan,nan,UNKNOWN,0.0,0.0,False,False,True,True,False
78.306,0.0,0.0,0.0,0.0,0.0,0.0,0.0,0.0,195,195,0.1807,0.1807,nan,nan,nan,UNKNOWN,0.0,0.0,False,False,True,True,False
78.358,0.0,0.0,0.0,0.0,0.0,0.0,0.0,0.0,195,195,0.1807,0.1807,nan,nan,nan,UNKNOWN,0.0,0.0,False,False,True,True,False
78.406,0.0,0.0,0.0,0.0,0.0,0.0,0.0,0.0,195,195,0.1807,0.1807,nan,nan,nan,UNKNOWN,0.0,0.0,False,False,True,True,False
78.456,0.0,0.0,0.0,0.0,0.0,0.0,0.0,0.0,195,195,0.1807,0.1807,nan,nan,nan,UNKNOWN,0.0,0.0,False,False,True,True,False
78.506,0.0,0.0,0.0,0.0,0.0,0.0,0.0,0.0,195,195,0.1807,0.1807,nan,nan,nan,UNKNOWN,0.0,0.0,False,False,True,True,False
78.556,0.0,0.0,0.0,0.0,0.0,0.0,0.0,0.0,195,195,0.1807,0.1807,nan,nan,nan,UNKNOWN,0.0,0.0,False,False,True,True,False
78.606,0.0,0.0,0.0,0.0,0.0,0.0,0.0,0.0,195,195,0.1807,0.1807,nan,nan,nan,UNKNOWN,0.0,0.0,False,False,True,True,False
78.656,0.0,0.0,0.0,0.0,0.0,0.0,0.0,0.0,195,195,0.1807,0.1807,nan,nan,nan,UNKNOWN,0.0,0.0,False,False,True,True,False
78.706,0.0,0.0,0.0,0.0,0.0,0.0,0.0,0.0,195,195,0.1807,0.1807,nan,nan,nan,UNKNOWN,0.0,0.0,False,False,True,True,False
78.756,0.0,0.0,0.0,0.0,0.0,0.0,0.0,0.0,195,195,0.1807,0.1807,nan,nan,nan,UNKNOWN,0.0,0.0,False,False,True,True,False
78.806,0.0,0.0,0.0,0.0,0.0,0.0,0.0,0.0,195,195,0.1807,0.1807,nan,nan,nan,UNKNOWN,0.0,0.0,False,False,True,True,False
78.856,0.0,0.0,0.0,0.0,0.0,0.0,0.0,0.0,195,195,0.1807,0.1807,nan,nan,nan,UNKNOWN,0.0,0.0,False,False,True,True,False
78.906,0.0,0.0,0.0,0.0,0.0,0.0,0.0,0.0,195,195,0.1807,0.1807,nan,nan,nan,UNKNOWN,0.0,0.0,False,False,True,True,False
78.956,0.0,0.0,0.0,0.0,0.0,0.0,0.0,0.0,195,195,0.1807,0.1807,nan,nan,nan,UNKNOWN,0.0,0.0,False,False,True,True,False
79.006,0.0,0.0,0.0,0.0,0.0,0.0,0.0,0.0,195,195,0.1807,0.1807,nan,nan,nan,UNKNOWN,0.0,0.0,False,False,True,True,False
79.056,0.0,0.0,0.0,0.0,0.0,0.0,0.0,0.0,195,195,0.1807,0.1807,nan,nan,nan,UNKNOWN,0.0,0.0,False,False,True,True,False
79.106,0.0,0.0,0.0,0.0,0.0,0.0,0.0,0.0,195,195,0.1807,0.1807,nan,nan,nan,UNKNOWN,0.0,0.0,False,False,True,True,False
79.156,0.0,0.0,0.0,0.0,0.0,0.0,0.0,0.0,195,195,0.1807,0.1807,nan,nan,nan,UNKNOWN,0.0,0.0,False,False,True,True,False
79.206,0.0,0.0,0.0,0.0,0.0,0.0,0.0,0.0,195,195,0.1807,0.1807,nan,nan,nan,UNKNOWN,0.0,0.0,False,False,True,True,False
79.256,0.0,0.0,0.0,0.0,0.0,0.0,0.0,0.0,195,195,0.1807,0.1807,nan,nan,nan,UNKNOWN,0.0,0.0,False,False,True,True,False
79.306,0.0,0.0,0.0,0.0,0.0,0.0,0.0,0.0,195,195,0.1807,0.1807,nan,nan,nan,UNKNOWN,0.0,0.0,False,False,True,True,False
79.358,0.0,0.0,0.0,0.0,0.0,0.0,0.0,0.0,195,195,0.1807,0.1807,nan,nan,nan,UNKNOWN,0.0,0.0,False,False,True,True,False
79.406,0.0,0.0,0.0,0.0,0.0,0.0,0.0,0.0,195,195,0.1807,0.1807,nan,nan,nan,UNKNOWN,0.0,0.0,False,False,True,True,False
79.456,0.0,0.0,0.0,0.0,0.0,0.0,0.0,0.0,195,195,0.1807,0.1807,nan,nan,nan,UNKNOWN,0.0,0.0,False,False,True,True,False
79.506,0.0,0.0,0.0,0.0,0.0,0.0,0.0,0.0,195,195,0.1807,0.1807,nan,nan,nan,UNKNOWN,0.0,0.0,False,False,True,True,False
79.556,0.0,0.0,0.0,0.0,0.0,0.0,0.0,0.0,195,195,0.1807,0.1807,nan,nan,nan,UNKNOWN,0.0,0.0,False,False,True,True,False
79.606,0.0,0.0,0.0,0.0,0.0,0.0,0.0,0.0,195,195,0.1807,0.1807,nan,nan,nan,UNKNOWN,0.0,0.0,False,False,True,True,False
79.656,0.0,0.0,0.0,0.0,0.0,0.0,0.0,0.0,195,195,0.1807,0.1807,nan,nan,nan,UNKNOWN,0.0,0.0,False,False,True,True,False
79.706,0.0,0.0,0.0,0.0,0.0,0.0,0.0,0.0,195,195,0.1807,0.1807,nan,nan,nan,UNKNOWN,0.0,0.0,False,False,True,True,False
79.756,0.0,0.0,0.0,0.0,0.0,0.0,0.0,0.0,195,195,0.1807,0.1807,nan,nan,nan,UNKNOWN,0.0,0.0,False,False,True,True,False
79.806,0.0,0.0,0.0,0.0,0.0,0.0,0.0,0.0,195,195,0.1807,0.1807,nan,nan,nan,UNKNOWN,0.0,0.0,False,False,True,True,False
