t,vx,wz,tgt_r,tgt_l,spd_r,spd_l,err_r,err_l,ticks_r,ticks_l,dist_r,dist_l,raw_angle,filtered_angle,error,weld
2.189,0.0,0.0,0.0,0.0,0.0,0.0,0.0,0.0,0,0,0.0,0.0,nan,nan,nan,UNKNOWN
2.239,0.0,0.0,0.0,0.0,0.0,0.0,0.0,0.0,0,0,0.0,0.0,nan,nan,nan,UNKNOWN
2.289,0.0,0.0,0.0,0.0,0.0,0.0,0.0,0.0,0,0,0.0,0.0,nan,nan,nan,UNKNOWN
2.339,0.0,0.0,0.0,0.0,0.0,0.0,0.0,0.0,0,0,0.0,0.0,nan,nan,nan,UNKNOWN
2.389,0.0,0.0,0.0,0.0,0.0,0.0,0.0,0.0,0,0,0.0,0.0,nan,nan,nan,UNKNOWN
2.439,0.0,0.0,0.0,0.0,0.0,0.0,0.0,0.0,0,0,0.0,0.0,nan,nan,nan,UNKNOWN
2.489,0.0,0.0,0.0,0.0,0.0,0.0,0.0,0.0,0,0,0.0,0.0,nan,nan,nan,UNKNOWN
2.539,0.0,0.0,0.0,0.0,0.0,0.0,0.0,0.0,0,0,0.0,0.0,nan,nan,nan,UNKNOWN
2.589,0.0,0.0,0.0,0.0,0.0,0.0,0.0,0.0,0,0,0.0,0.0,nan,nan,nan,UNKNOWN
2.639,0.0,0.0,0.0,0.0,0.0,0.0,0.0,0.0,0,0,0.0,0.0,nan,nan,nan,UNKNOWN
2.689,0.0,0.0,0.0,0.0,0.0,0.0,0.0,0.0,0,0,0.0,0.0,nan,nan,nan,UNKNOWN
2.739,0.0,0.0,0.0,0.0,0.0,0.0,0.0,0.0,0,0,0.0,0.0,-1.4062466240378864,nan,nan,NO_WELD
2.789,0.0,0.0,0.0,0.0,0.0,0.0,0.0,0.0,0,0,0.0,0.0,-1.4062466240378864,nan,nan,NO_WELD
2.839,0.0,0.0,0.0,0.0,0.0,0.0,0.0,0.0,0,0,0.0,0.0,-0.35155909468853286,nan,nan,NO_WELD
2.889,0.0,0.0,0.0,0.0,0.0,0.0,0.0,0.0,0,0,0.0,0.0,-0.35155909468853286,nan,nan,NO_WELD
2.939,0.0,0.0,0.0,0.0,0.0,0.0,0.0,0.0,0,0,0.0,0.0,3.4150945850063755e-06,nan,nan,NO_WELD
2.989,0.0,0.0,0.0,0.0,0.0,0.0,0.0,0.0,0,0,0.0,0.0,3.4150945850063755e-06,nan,nan,NO_WELD
3.039,0.0,0.0,0.0,0.0,0.0,0.0,0.0,0.0,0,0,0.0,0.0,-1.4062466240378864,nan,nan,NO_WELD
3.089,0.0,0.0,0.0,0.0,0.0,0.0,0.0,0.0,0,0,0.0,0.0,-1.4062466240378864,nan,nan,NO_WELD
3.141,0.03258234416615065,0.01562183198121768,0.0349256189633333,0.030239069368967995,0.0,0.0,0.0349,0.0302,0,0,0.0,0.0,-0.35155909468853286,-0.35155909468853286,0.0,WELD_FOUND
3.189,0.03258234416615065,0.01562183198121768,0.0349256189633333,0.030239069368967995,0.0,0.0,0.0349,0.0302,0,0,0.0,0.0,-0.35155909468853286,-0.35155909468853286,0.0,WELD_FOUND
3.239,0.035,0.0,0.035,0.035,0.0,0.0,0.035,0.035,0,0,0.0,0.0,0.35156592487770283,3.4150945850063755e-06,0.3515625097831178,WELD_FOUND
3.289,0.035,0.0,0.035,0.035,0.0,0.0,0.035,0.035,0,0,0.0,0.0,0.35156592487770283,3.4150945850063755e-06,0.3515625097831178,WELD_FOUND
3.339,0.03296335895930581,0.020569704741467194,0.03604881467052588,0.029877903248085726,0.0,0.0,0.036,0.0299,0,0,0.0,0.0,-0.35155909468853286,-0.35155909468853286,0.0,WELD_FOUND
3.389,0.03296335895930581,0.020569704741467194,0.03604881467052588,0.029877903248085726,0.0,0.0,0.036,0.0299,0,0,0.0,0.0,-0.35155909468853286,-0.35155909468853286,0.0,WELD_FOUND
3.439,0.0,0.0,0.0,0.0,0.0,0.0,0.0,0.0,0,0,0.0,0.0,-0.35155909468853286,nan,nan,NO_WELD
3.489,0.0,0.0,0.0,0.0,0.0,0.0,0.0,0.0,0,0,0.0,0.0,-0.35155909468853286,nan,nan,NO_WELD
3.539,0.035,0.0,0.035,0.035,0.0,0.0,0.035,0.035,0,0,0.0,0.0,3.4150945850063755e-06,3.4150945850063755e-06,0.0,WELD_FOUND
3.589,0.035,0.0,0.035,0.035,0.0,0.0,0.035,0.035,0,0,0.0,0.0,3.4150945850063755e-06,3.4150945850063755e-06,0.0,WELD_FOUND
3.639,0.033139322985622034,-0.01884214400985483,0.03031300138414381,0.03596564458710026,0.0,0.0,0.0303,0.036,0,0,0.0,0.0,0.7031284346608206,0.35156592487770283,0.3515625097831178,WELD_FOUND
3.689,0.033139322985622034,-0.01884214400985483,0.03031300138414381,0.03596564458710026,0.0,0.0,0.0303,0.036,0,0,0.0,0.0,0.7031284346608206,0.35156592487770283,0.3515625097831178,WELD_FOUND
3.739,0.0,0.0,0.0,0.0,0.0,0.0,0.0,0.0,0,0,0.0,0.0,0.7031284346608206,nan,nan,NO_WELD
3.789,0.0,0.0,0.0,0.0,0.0,0.0,0.0,0.0,0,0,0.0,0.0,0.7031284346608206,nan,nan,NO_WELD
3.839,0.0,0.0,0.0,0.0,0.0,0.0,0.0,0.0,0,0,0.0,0.0,0.7031284346608206,nan,nan,NO_WELD
3.889,0.0,0.0,0.0,0.0,0.0,0.0,0.0,0.0,0,0,0.0,0.0,0.7031284346608206,nan,nan,NO_WELD
3.939,0.0,0.0,0.0,0.0,0.0,0.0,0.0,0.0,0,0,0.0,0.0,0.7031284346608206,nan,nan,NO_WELD
3.989,0.0,0.0,0.0,0.0,0.0,0.0,0.0,0.0,0,0,0.0,0.0,0.7031284346608206,nan,nan,NO_WELD
4.039,0.0,0.0,0.0,0.0,0.0,0.0,0.0,0.0,0,0,0.0,0.0,0.7031284346608206,nan,nan,NO_WELD
4.089,0.0,0.0,0.0,0.0,0.0,0.0,0.0,0.0,0,0,0.0,0.0,0.7031284346608206,nan,nan,NO_WELD
4.141,0.0,0.0,0.0,0.0,0.0,0.0,0.0,0.0,0,0,0.0,0.0,0.35156592487770283,0.35156592487770283,0.0,WELD_FOUND
4.189,0.0,0.0,0.0,0.0,0.0,0.0,0.0,0.0,0,0,0.0,0.0,0.35156592487770283,0.35156592487770283,0.0,WELD_FOUND
4.239,0.035,0.0,0.035,0.035,0.0,0.0,0.035,0.035,0,0,0.0,0.0,-0.35155909468853286,3.4150945850063755e-06,-0.35156250978311787,WELD_FOUND
4.289,0.035,0.0,0.035,0.035,0.0,0.0,0.035,0.035,0,0,0.0,0.0,-0.35155909468853286,3.4150945850063755e-06,-0.35156250978311787,WELD_FOUND
4.339,0.03305895872694979,0.019635125913899036,0.03600422761403465,0.030113689839864937,0.0,0.0,0.036,0.0301,0,0,0.0,0.0,-0.7031216044716506,-0.35155909468853286,-0.35156250978311776,WELD_FOUND
4.389,0.03305895872694979,0.019635125913899036,0.03600422761403465,0.030113689839864937,0.0,0.0,0.036,0.0301,0,0,0.0,0.0,-0.7031216044716506,-0.35155909468853286,-0.35156250978311776,WELD_FOUND
4.439,0.0,0.0,0.0,0.0,0.0,0.0,0.0,0.0,0,0,0.0,0.0,-0.7031216044716506,nan,nan,NO_WELD
4.489,0.0,0.0,0.0,0.0,0.0,0.0,0.0,0.0,0,0,0.0,0.0,-0.7031216044716506,nan,nan,NO_WELD
4.539,0.0,0.0,0.0,0.0,0.0,0.0,0.0,0.0,0,0,0.0,0.0,-0.7031216044716506,nan,nan,NO_WELD
4.589,0.0,0.0,0.0,0.0,0.0,0.0,0.0,0.0,0,0,0.0,0.0,-0.7031216044716506,nan,nan,NO_WELD
4.639,0.03267739022282632,0.015215737063495757,0.03495975078235068,0.030395029663301956,0.0,0.0,0.035,0.0304,0,0,0.0,0.0,-0.35155909468853286,-0.35155909468853286,0.0,WELD_FOUND
4.689,0.03267739022282632,0.015215737063495757,0.03495975078235068,0.030395029663301956,0.0,0.0,0.035,0.0304,0,0,0.0,0.0,-0.35155909468853286,-0.35155909468853286,0.0,WELD_FOUND
4.739,0.031658218477889244,0.025293595442460973,0.03545225779425839,0.0278641791615201,0.0,0.0,0.0355,0.0279,0,0,0.0,0.0,-0.7031216044716506,-0.5273403362398785,-0.1757812682317721,WELD_FOUND
4.789,0.031658218477889244,0.025293595442460973,0.03545225779425839,0.0278641791615201,0.0,0.0,0.0355,0.0279,0,0,0.0,0.0,-0.7031216044716506,-0.5273403362398785,-0.1757812682317721,WELD_FOUND
4.839,0.032396455460635146,0.013663132401860737,0.034445925320914256,0.030346985600356036,0.0,0.0,0.0344,0.0303,0,0,0.0,0.0,3.4150945850063755e-06,-0.35155909468853286,0.35156250978311787,WELD_FOUND
4.889,0.032396455460635146,0.013663132401860737,0.034445925320914256,0.030346985600356036,0.0,0.0,0.0344,0.0303,0,0,0.0,0.0,3.4150945850063755e-06,-0.35155909468853286,0.35156250978311787,WELD_FOUND
4.939,0.0,0.0,0.0,0.0,0.0,0.0,0.0,0.0,0,0,0.0,0.0,3.4150945850063755e-06,nan,nan,NO_WELD
4.989,0.0,0.0,0.0,0.0,0.0,0.0,0.0,0.0,0,0,0.0,0.0,3.4150945850063755e-06,nan,nan,NO_WELD
5.039,0.0,0.0,0.0,0.0,0.0,0.0,0.0,0.0,0,0,0.0,0.0,3.4150945850063755e-06,nan,nan,NO_WELD
5.089,0.0,0.0,0.0,0.0,0.0,0.0,0.0,0.0,0,0,0.0,0.0,3.4150945850063755e-06,nan,nan,NO_WELD
5.14,0.035,0.0,0.035,0.035,0.0,0.0,0.035,0.035,0,0,0.0,0.0,3.4150945850063755e-06,3.4150945850063755e-06,0.0,WELD_FOUND
5.189,0.035,0.0,0.035,0.035,0.0,0.0,0.035,0.035,0,0,0.0,0.0,3.4150945850063755e-06,3.4150945850063755e-06,0.0,WELD_FOUND
5.239,0.0,0.0,0.0,0.0,0.0,0.0,0.0,0.0,0,0,0.0,0.0,3.4150945850063755e-06,nan,nan,NO_WELD
5.289,0.0,0.0,0.0,0.0,0.0,0.0,0.0,0.0,0,0,0.0,0.0,3.4150945850063755e-06,nan,nan,NO_WELD
5.339,0.0,0.0,0.0,0.0,0.0,0.0,0.0,0.0,0,0,0.0,0.0,3.4150945850063755e-06,nan,nan,NO_WELD
5.389,0.0,0.0,0.0,0.0,0.0,0.0,0.0,0.0,0,0,0.0,0.0,3.4150945850063755e-06,nan,nan,NO_WELD
5.439,0.03316216210893056,-0.013928989249828133,0.03107281372145634,0.03525151049640478,0.0,0.0,0.0311,0.0353,0,0,0.0,0.0,0.35156592487770283,0.35156592487770283,0.0,WELD_FOUND
5.489,0.03316216210893056,-0.013928989249828133,0.03107281372145634,0.03525151049640478,0.0,0.0,0.0311,0.0353,0,0,0.0,0.0,0.35156592487770283,0.35156592487770283,0.0,WELD_FOUND
5.539,0.035,0.0,0.035,0.035,0.0,0.0,0.035,0.035,0,0,0.0,0.0,3.4150945850063755e-06,0.17578466998614392,-0.1757812548915589,WELD_FOUND
5.589,0.035,0.0,0.035,0.035,0.0,0.0,0.035,0.035,0,0,0.0,0.0,3.4150945850063755e-06,0.17578466998614392,-0.1757812548915589,WELD_FOUND
5.639,0.0,0.0,0.0,0.0,0.0,0.0,0.0,0.0,0,0,0.0,0.0,3.4150945850063755e-06,nan,nan,NO_WELD
5.689,0.0,0.0,0.0,0.0,0.0,0.0,0.0,0.0,0,0,0.0,0.0,3.4150945850063755e-06,nan,nan,NO_WELD
5.739,0.03142990453309118,0.02966293228299681,0.035879344375540696,0.026980464690641658,0.0,0.0,0.0359,0.027,0,0,0.0,0.0,-0.7031216044716506,-0.7031216044716506,0.0,WELD_FOUND
5.789,0.03142990453309118,0.02966293228299681,0.035879344375540696,0.026980464690641658,0.0,0.0,0.0359,0.027,0,0,0.0,0.0,-0.7031216044716506,-0.7031216044716506,0.0,WELD_FOUND
5.839,0.03235019627630273,0.01319185101192658,0.03432897392809171,0.03037141862451374,0.0,0.0,0.0343,0.0304,0,0,0.0,0.0,3.4150945850063755e-06,-0.35155909468853286,0.35156250978311787,WELD_FOUND
5.889,0.03235019627630273,0.01319185101192658,0.03432897392809171,0.03037141862451374,0.0,0.0,0.0343,0.0304,0,0,0.0,0.0,3.4150945850063755e-06,-0.35155909468853286,0.35156250978311787,WELD_FOUND
5.939,0.035,0.0,0.035,0.035,0.0,0.0,0.035,0.035,0,0,0.0,0.0,3.4150945850063755e-06,3.4150945850063755e-06,0.0,WELD_FOUND
5.989,0.035,0.0,0.035,0.035,0.0,0.0,0.035,0.035,0,0,0.0,0.0,3.4150945850063755e-06,3.4150945850063755e-06,0.0,WELD_FOUND
6.039,0.035,0.0,0.035,0.035,0.0,0.0,0.035,0.035,0,0,0.0,0.0,3.4150945850063755e-06,3.4150945850063755e-06,0.0,WELD_FOUND
6.089,0.035,0.0,0.035,0.035,0.0,0.0,0.035,0.035,0,0,0.0,0.0,3.4150945850063755e-06,3.4150945850063755e-06,0.0,WELD_FOUND
6.14,0.035,0.0,0.035,0.035,0.0,0.0,0.035,0.035,0,0,0.0,0.0,3.4150945850063755e-06,3.4150945850063755e-06,0.0,WELD_FOUND
6.189,0.035,0.0,0.035,0.035,0.0,0.0,0.035,0.035,0,0,0.0,0.0,3.4150945850063755e-06,3.4150945850063755e-06,0.0,WELD_FOUND
6.239,0.035,0.0,0.035,0.035,0.0,0.0,0.035,0.035,0,0,0.0,0.0,-0.7031216044716506,3.4150945850063755e-06,-0.7031250195662356,WELD_FOUND
6.289,0.035,0.0,0.035,0.035,0.0,0.0,0.035,0.035,0,0,0.0,0.0,-0.7031216044716506,3.4150945850063755e-06,-0.7031250195662356,WELD_FOUND
6.339,0.0,0.0,0.0,0.0,0.0,0.0,0.0,0.0,0,0,0.0,0.0,-0.7031216044716506,nan,nan,NO_WELD
6.389,0.0,0.0,0.0,0.0,0.0,0.0,0.0,0.0,0,0,0.0,0.0,-0.7031216044716506,nan,nan,NO_WELD
6.439,0.035,0.0,0.035,0.035,0.0,0.0,0.035,0.035,0,0,0.0,0.0,3.4150945850063755e-06,3.4150945850063755e-06,0.0,WELD_FOUND
6.489,0.035,0.0,0.035,0.035,0.0,0.0,0.035,0.035,0,0,0.0,0.0,3.4150945850063755e-06,3.4150945850063755e-06,0.0,WELD_FOUND
6.539,0.035,0.0,0.035,0.035,0.0,0.0,0.035,0.035,0,0,0.0,0.0,0.35156592487770283,0.17578466998614392,0.1757812548915589,WELD_FOUND
6.589,0.035,0.0,0.035,0.035,0.0,0.0,0.035,0.035,0,0,0.0,0.0,0.35156592487770283,0.17578466998614392,0.1757812548915589,WELD_FOUND
6.639,0.0328678848025287,-0.021455071993016533,0.029649624003576222,0.036086145601481184,0.0,0.0,0.0296,0.0361,0,0,0.0,0.0,0.35156592487770283,0.35156592487770283,0.0,WELD_FOUND
6.689,0.0328678848025287,-0.021455071993016533,0.029649624003576222,0.036086145601481184,0.0,0.0,0.0296,0.0361,0,0,0.0,0.0,0.35156592487770283,0.35156592487770283,0.0,WELD_FOUND
6.739,0.0,0.0,0.0,0.0,0.0,0.0,0.0,0.0,0,0,0.0,0.0,0.35156592487770283,nan,nan,NO_WELD
6.789,0.0,0.0,0.0,0.0,0.0,0.0,0.0,0.0,0,0,0.0,0.0,0.35156592487770283,nan,nan,NO_WELD
6.839,0.035,0.0,0.035,0.035,0.0,0.0,0.035,0.035,0,0,0.0,0.0,3.4150945850063755e-06,3.4150945850063755e-06,0.0,WELD_FOUND
6.889,0.035,0.0,0.035,0.035,0.0,0.0,0.035,0.035,0,0,0.0,0.0,3.4150945850063755e-06,3.4150945850063755e-06,0.0,WELD_FOUND
6.939,0.0,0.0,0.0,0.0,0.0,0.0,0.0,0.0,0,0,0.0,0.0,3.4150945850063755e-06,nan,nan,NO_WELD
6.989,0.0,0.0,0.0,0.0,0.0,0.0,0.0,0.0,0,0,0.0,0.0,3.4150945850063755e-06,nan,nan,NO_WELD
7.039,0.0331431996836899,0.015201067495283974,0.035423359807982495,0.030863039559397305,0.0,0.0,0.0354,0.0309,0,0,0.0,0.0,-0.35155909468853286,-0.35155909468853286,0.0,WELD_FOUND
7.089,0.0331431996836899,0.015201067495283974,0.035423359807982495,0.030863039559397305,0.0,0.0,0.0354,0.0309,0,0,0.0,0.0,-0.35155909468853286,-0.35155909468853286,0.0,WELD_FOUND
7.14,0.0,0.0,0.0,0.0,0.0,0.0,0.0,0.0,0,0,0.0,0.0,-0.35155909468853286,nan,nan,NO_WELD
7.189,0.0,0.0,0.0,0.0,0.0,0.0,0.0,0.0,0,0,0.0,0.0,-0.35155909468853286,nan,nan,NO_WELD
7.239,0.0,0.0,0.0,0.0,0.0,0.0,0.0,0.0,0,0,0.0,0.0,-0.35155909468853286,nan,nan,NO_WELD
7.289,0.0,0.0,0.0,0.0,0.0,0.0,0.0,0.0,0,0,0.0,0.0,-0.35155909468853286,nan,nan,NO_WELD
7.339,0.0,0.0,0.0,0.0,0.0,0.0,0.0,0.0,0,0,0.0,0.0,-0.35155909468853286,nan,nan,NO_WELD
7.389,0.0,0.0,0.0,0.0,0.0,0.0,0.0,0.0,0,0,0.0,0.0,-0.35155909468853286,nan,nan,NO_WELD
7.439,0.0,0.0,0.0,0.0,0.0,0.0,0.0,0.0,0,0,0.0,0.0,0.35156592487770283,0.35156592487770283,0.0,WELD_FOUND
7.489,0.0,0.0,0.0,0.0,0.0,0.0,0.0,0.0,0,0,0.0,0.0,0.35156592487770283,0.35156592487770283,0.0,WELD_FOUND
7.539,0.0,0.0,0.0,0.0,0.0,0.0,0.0,0.0,0,0,0.0,0.0,0.35156592487770283,nan,nan,NO_WELD
7.589,0.0,0.0,0.0,0.0,0.0,0.0,0.0,0.0,0,0,0.0,0.0,0.35156592487770283,nan,nan,NO_WELD
7.639,0.03258234416615065,0.016874817757646716,0.03511356682979765,0.03005112150250364,0.0,0.0,0.0351,0.0301,0,0,0.0,0.0,-0.35155909468853286,-0.35155909468853286,0.0,WELD_FOUND
7.689,0.03258234416615065,0.016874817757646716,0.03511356682979765,0.03005112150250364,0.0,0.0,0.0351,0.0301,0,0,0.0,0.0,-0.35155909468853286,-0.35155909468853286,0.0,WELD_FOUND
7.739,0.035,0.0,0.035,0.035,0.0,0.0,0.035,0.035,0,0,0.0,0.0,3.4150945850063755e-06,-0.17577783979697392,0.17578125489155894,WELD_FOUND
7.789,0.035,0.0,0.035,0.035,0.0,0.0,0.035,0.035,0,0,0.0,0.0,3.4150945850063755e-06,-0.17577783979697392,0.17578125489155894,WELD_FOUND
7.839,0.0,0.0,0.0,0.0,0.0,0.0,0.0,0.0,0,0,0.0,0.0,3.4150945850063755e-06,nan,nan,NO_WELD
7.889,0.0,0.0,0.0,0.0,0.0,0.0,0.0,0.0,0,0,0.0,0.0,3.4150945850063755e-06,nan,nan,NO_WELD
7.939,0.0,0.0,0.0,0.0,0.0,0.0,0.0,0.0,0,0,0.0,0.0,3.4150945850063755e-06,nan,nan,NO_WELD
7.989,0.0,0.0,0.0,0.0,0.0,0.0,0.0,0.0,0,0,0.0,0.0,3.4150945850063755e-06,nan,nan,NO_WELD
8.039,0.035,0.0,0.035,0.035,0.0,0.0,0.035,0.035,0,0,0.0,0.0,3.4150945850063755e-06,3.4150945850063755e-06,0.0,WELD_FOUND
8.089,0.035,0.0,0.035,0.035,0.0,0.0,0.035,0.035,0,0,0.0,0.0,3.4150945850063755e-06,3.4150945850063755e-06,0.0,WELD_FOUND
8.141,0.035,0.0,0.035,0.035,0.0,0.0,0.035,0.035,0,0,0.0,0.0,3.4150945850063755e-06,3.4150945850063755e-06,0.0,WELD_FOUND
8.189,0.035,0.0,0.035,0.035,0.0,0.0,0.035,0.035,0,0,0.0,0.0,3.4150945850063755e-06,3.4150945850063755e-06,0.0,WELD_FOUND
8.239,0.0,0.0,0.0,0.0,0.0,0.0,0.0,0.0,0,0,0.0,0.0,3.4150945850063755e-06,nan,nan,NO_WELD
8.289,0.0,0.0,0.0,0.0,0.0,0.0,0.0,0.0,0,0,0.0,0.0,3.4150945850063755e-06,nan,nan,NO_WELD
8.339,0.03118436856294036,-0.031785085872947504,0.026416605681998235,0.035952131443882485,0.0,0.0,0.0264,0.036,0,0,0.0,0.0,0.7031284346608206,0.7031284346608206,0.0,WELD_FOUND
8.389,0.03118436856294036,-0.031785085872947504,0.026416605681998235,0.035952131443882485,0.0,0.0,0.0264,0.036,0,0,0.0,0.0,0.7031284346608206,0.7031284346608206,0.0,WELD_FOUND
8.439,0.0,0.0,0.0,0.0,0.0,0.0,0.0,0.0,0,0,0.0,0.0,0.7031284346608206,nan,nan,NO_WELD
8.489,0.0,0.0,0.0,0.0,0.0,0.0,0.0,0.0,0,0,0.0,0.0,0.7031284346608206,nan,nan,NO_WELD
8.539,0.0,0.0,0.0,0.0,0.0,0.0,0.0,0.0,0,0,0.0,0.0,0.7031284346608206,nan,nan,NO_WELD
8.589,0.0,0.0,0.0,0.0,0.0,0.0,0.0,0.0,0,0,0.0,0.0,0.7031284346608206,nan,nan,NO_WELD
8.639,0.0,0.0,0.0,0.0,0.0,0.0,0.0,0.0,0,0,0.0,0.0,0.7031284346608206,nan,nan,NO_WELD
8.689,0.0,0.0,0.0,0.0,0.0,0.0,0.0,0.0,0,0,0.0,0.0,0.7031284346608206,nan,nan,NO_WELD
8.739,0.035,0.0,0.035,0.035,0.0,0.0,0.035,0.035,0,0,0.0,0.0,3.4150945850063755e-06,3.4150945850063755e-06,0.0,WELD_FOUND
8.789,0.035,0.0,0.035,0.035,0.0,0.0,0.035,0.035,0,0,0.0,0.0,3.4150945850063755e-06,3.4150945850063755e-06,0.0,WELD_FOUND
8.839,0.03305895872694979,0.019644555586602927,0.03600564206494023,0.03011227538895935,0.0,0.0,0.036,0.0301,0,0,0.0,0.0,-0.7031216044716506,-0.35155909468853286,-0.35156250978311776,WELD_FOUND
8.889,0.03305895872694979,0.019644555586602927,0.03600564206494023,0.03011227538895935,0.0,0.0,0.036,0.0301,0,0,0.0,0.0,-0.7031216044716506,-0.35155909468853286,-0.35156250978311776,WELD_FOUND
8.939,0.0,0.0,0.0,0.0,0.0,0.0,0.0,0.0,0,0,0.0,0.0,-0.7031216044716506,nan,nan,NO_WELD
8.989,0.0,0.0,0.0,0.0,0.0,0.0,0.0,0.0,0,0,0.0,0.0,-0.7031216044716506,nan,nan,NO_WELD
9.039,0.0,0.0,0.0,0.0,0.0,0.0,0.0,0.0,0,0,0.0,0.0,-0.7031216044716506,nan,nan,NO_WELD
9.089,0.0,0.0,0.0,0.0,0.0,0.0,0.0,0.0,0,0,0.0,0.0,-0.7031216044716506,nan,nan,NO_WELD
9.14,0.035,0.0,0.035,0.035,0.0,0.0,0.035,0.035,0,0,0.0,0.0,3.4150945850063755e-06,3.4150945850063755e-06,0.0,WELD_FOUND
9.189,0.035,0.0,0.035,0.035,0.0,0.0,0.035,0.035,0,0,0.0,0.0,3.4150945850063755e-06,3.4150945850063755e-06,0.0,WELD_FOUND
9.239,0.0,0.0,0.0,0.0,0.0,0.0,0.0,0.0,0,0,0.0,0.0,3.4150945850063755e-06,nan,nan,NO_WELD
9.289,0.0,0.0,0.0,0.0,0.0,0.0,0.0,0.0,0,0,0.0,0.0,3.4150945850063755e-06,nan,nan,NO_WELD
9.339,0.035,0.0,0.035,0.035,0.0,0.0,0.035,0.035,0,0,0.0,0.0,3.4150945850063755e-06,3.4150945850063755e-06,0.0,WELD_FOUND
9.389,0.035,0.0,0.035,0.035,0.0,0.0,0.035,0.035,0,0,0.0,0.0,3.4150945850063755e-06,3.4150945850063755e-06,0.0,WELD_FOUND
9.439,0.03307422105847909,-0.01940708908439572,0.03016315769581973,0.03598528442113845,0.0,0.0,0.0302,0.036,0,0,0.0,0.0,0.7031284346608206,0.35156592487770283,0.3515625097831178,WELD_FOUND
9.489,0.03307422105847909,-0.01940708908439572,0.03016315769581973,0.03598528442113845,0.0,0.0,0.0302,0.036,1,0,0.0009,0.0,0.7031284346608206,0.35156592487770283,0.3515625097831178,WELD_FOUND
9.539,0.035,0.0,0.035,0.035,0.0037,0.0,0.0313,0.035,1,0,0.0009,0.0,3.4150945850063755e-06,3.4150945850063755e-06,0.0,WELD_FOUND
9.589,0.035,0.0,0.035,0.035,0.0037,0.0,0.0313,0.035,1,0,0.0009,0.0,3.4150945850063755e-06,3.4150945850063755e-06,0.0,WELD_FOUND
9.639,0.03298303300090868,-0.020389061664093766,0.029924673751294612,0.03604139225052274,0.0037,0.0,0.0262,0.036,1,0,0.0009,0.0,0.7031284346608206,0.35156592487770283,0.3515625097831178,WELD_FOUND
9.689,0.03298303300090868,-0.020389061664093766,0.029924673751294612,0.03604139225052274,0.003,0.0,0.027,0.036,1,0,0.0009,0.0,0.7031284346608206,0.35156592487770283,0.3515625097831178,WELD_FOUND
9.739,0.0,0.0,0.0,0.0,0.003,0.0,-0.003,0.0,1,0,0.0009,0.0,0.7031284346608206,nan,nan,NO_WELD
9.789,0.0,0.0,0.0,0.0,0.0024,0.0,-0.0024,0.0,1,0,0.0009,0.0,0.7031284346608206,nan,nan,NO_WELD
9.839,0.035,0.0,0.035,0.035,0.0024,0.0,0.0326,0.035,1,0,0.0009,0.0,3.4150945850063755e-06,3.4150945850063755e-06,0.0,WELD_FOUND
9.889,0.035,0.0,0.035,0.035,0.0024,0.0,0.0326,0.035,1,0,0.0009,0.0,3.4150945850063755e-06,3.4150945850063755e-06,0.0,WELD_FOUND
9.939,0.035,0.0,0.035,0.035,0.0019,0.0,0.0331,0.035,1,0,0.0009,0.0,3.4150945850063755e-06,3.4150945850063755e-06,0.0,WELD_FOUND
9.989,0.035,0.0,0.035,0.035,0.0019,0.0,0.0331,0.035,1,0,0.0009,0.0,3.4150945850063755e-06,3.4150945850063755e-06,0.0,WELD_FOUND
10.039,0.035,0.0,0.035,0.035,0.0015,0.0,0.0335,0.035,1,0,0.0009,0.0,3.4150945850063755e-06,3.4150945850063755e-06,0.0,WELD_FOUND
10.089,0.035,0.0,0.035,0.035,0.0015,0.0,0.0335,0.035,1,0,0.0009,0.0,3.4150945850063755e-06,3.4150945850063755e-06,0.0,WELD_FOUND
10.14,0.035,0.0,0.035,0.035,0.0015,0.0,0.0335,0.035,1,0,0.0009,0.0,0.7031284346608206,3.4150945850063755e-06,0.7031250195662356,WELD_FOUND
10.189,0.035,0.0,0.035,0.035,0.0012,0.0,0.0338,0.035,1,0,0.0009,0.0,0.7031284346608206,3.4150945850063755e-06,0.7031250195662356,WELD_FOUND
10.239,0.035,0.0,0.035,0.035,0.0012,0.0,0.0338,0.035,1,0,0.0009,0.0,0.7031284346608206,3.4150945850063755e-06,0.7031250195662356,WELD_FOUND
10.289,0.035,0.0,0.035,0.035,0.0,0.0,0.035,0.035,1,0,0.0009,0.0,0.7031284346608206,3.4150945850063755e-06,0.7031250195662356,WELD_FOUND
10.339,0.0,0.0,0.0,0.0,0.0,0.0,0.0,0.0,1,0,0.0009,0.0,0.7031284346608206,nan,nan,NO_WELD
10.389,0.0,0.0,0.0,0.0,0.0,0.0,0.0,0.0,1,0,0.0009,0.0,0.7031284346608206,nan,nan,NO_WELD
10.439,0.0,0.0,0.0,0.0,0.0,0.0,0.0,0.0,1,0,0.0009,0.0,0.7031284346608206,nan,nan,NO_WELD
10.489,0.0,0.0,0.0,0.0,0.0,0.0,0.0,0.0,1,0,0.0009,0.0,0.7031284346608206,nan,nan,NO_WELD
10.539,0.0,0.0,0.0,0.0,0.0,0.0,0.0,0.0,1,0,0.0009,0.0,0.7031284346608206,nan,nan,NO_WELD
10.589,0.0,0.0,0.0,0.0,0.0,0.0,0.0,0.0,1,0,0.0009,0.0,0.7031284346608206,nan,nan,NO_WELD
10.639,0.035,0.0,0.035,0.035,0.0,0.0,0.035,0.035,1,0,0.0009,0.0,3.4150945850063755e-06,3.4150945850063755e-06,0.0,WELD_FOUND
10.689,0.035,0.0,0.035,0.035,0.0,0.0,0.035,0.035,1,0,0.0009,0.0,3.4150945850063755e-06,3.4150945850063755e-06,0.0,WELD_FOUND
10.739,0.0,0.0,0.0,0.0,0.0,0.0,0.0,0.0,1,0,0.0009,0.0,3.4150945850063755e-06,nan,nan,NO_WELD
10.789,0.0,0.0,0.0,0.0,0.0,0.0,0.0,0.0,1,0,0.0009,0.0,3.4150945850063755e-06,nan,nan,NO_WELD
10.839,0.031173264645065098,0.03191785116652705,0.035960942320044154,0.026385586970086042,0.0,0.0,0.036,0.0264,1,0,0.0009,0.0,-0.7031216044716506,-0.7031216044716506,0.0,WELD_FOUND
10.889,0.031173264645065098,0.03191785116652705,0.035960942320044154,0.026385586970086042,0.0,0.0,0.036,0.0264,1,0,0.0009,0.0,-0.7031216044716506,-0.7031216044716506,0.0,WELD_FOUND
10.939,0.0,0.0,0.0,0.0,0.0,0.0,0.0,0.0,1,0,0.0009,0.0,-0.7031216044716506,nan,nan,NO_WELD
10.989,0.0,0.0,0.0,0.0,0.0,0.0,0.0,0.0,1,0,0.0009,0.0,-0.7031216044716506,nan,nan,NO_WELD
11.039,0.0,0.0,0.0,0.0,0.0,0.0,0.0,0.0,1,0,0.0009,0.0,-0.7031216044716506,nan,nan,NO_WELD
11.089,0.0,0.0,0.0,0.0,0.0,0.0,0.0,0.0,1,0,0.0009,0.0,-0.7031216044716506,nan,nan,NO_WELD
11.14,0.0,0.0,0.0,0.0,0.0,0.0,0.0,0.0,1,0,0.0009,0.0,-0.7031216044716506,nan,nan,NO_WELD
11.189,0.0,0.0,0.0,0.0,0.0,0.0,0.0,0.0,1,0,0.0009,0.0,-0.7031216044716506,nan,nan,NO_WELD
11.239,0.0,0.0,0.0,0.0,0.0,0.0,0.0,0.0,1,0,0.0009,0.0,-0.7031216044716506,nan,nan,NO_WELD
11.289,0.0,0.0,0.0,0.0,0.0,0.0,0.0,0.0,1,0,0.0009,0.0,-0.7031216044716506,nan,nan,NO_WELD
11.339,0.0,0.0,0.0,0.0,0.0,0.0,0.0,0.0,1,0,0.0009,0.0,-0.7031216044716506,nan,nan,NO_WELD
11.389,0.0,0.0,0.0,0.0,0.0,0.0,0.0,0.0,1,0,0.0009,0.0,-0.7031216044716506,nan,nan,NO_WELD
11.439,0.0,0.0,0.0,0.0,0.0,0.0,0.0,0.0,1,0,0.0009,0.0,-0.7031216044716506,nan,nan,NO_WELD
11.489,0.0,0.0,0.0,0.0,0.0,0.0,0.0,0.0,1,0,0.0009,0.0,-0.7031216044716506,nan,nan,NO_WELD
11.539,0.0,0.0,0.0,0.0,0.0,0.0,0.0,0.0,1,0,0.0009,0.0,-0.7031216044716506,nan,nan,NO_WELD
11.589,0.0,0.0,0.0,0.0,0.0,0.0,0.0,0.0,1,0,0.0009,0.0,-0.7031216044716506,nan,nan,NO_WELD
11.639,0.0,0.0,0.0,0.0,0.0,0.0,0.0,0.0,1,0,0.0009,0.0,-0.7031216044716506,nan,nan,NO_WELD
11.689,0.0,0.0,0.0,0.0,0.0,0.0,0.0,0.0,1,0,0.0009,0.0,-0.7031216044716506,nan,nan,NO_WELD
11.739,0.0,0.0,0.0,0.0,0.0,0.0,0.0,0.0,1,0,0.0009,0.0,-0.7031216044716506,nan,nan,NO_WELD
11.789,0.0,0.0,0.0,0.0,0.0,0.0,0.0,0.0,1,0,0.0009,0.0,-0.7031216044716506,nan,nan,NO_WELD
11.839,0.0,0.0,0.0,0.0,0.0,0.0,0.0,0.0,1,0,0.0009,0.0,-0.7031216044716506,nan,nan,NO_WELD
11.889,0.0,0.0,0.0,0.0,0.0,0.0,0.0,0.0,1,0,0.0009,0.0,-0.7031216044716506,nan,nan,NO_WELD
11.939,0.0,0.0,0.0,0.0,0.0,0.0,0.0,0.0,1,0,0.0009,0.0,3.4150945850063755e-06,nan,nan,NO_WELD
11.989,0.0,0.0,0.0,0.0,0.0,0.0,0.0,0.0,1,0,0.0009,0.0,3.4150945850063755e-06,nan,nan,NO_WELD
12.039,0.0,0.0,0.0,0.0,0.0,0.0,0.0,0.0,1,0,0.0009,0.0,3.4150945850063755e-06,nan,nan,NO_WELD
12.089,0.0,0.0,0.0,0.0,0.0,0.0,0.0,0.0,1,0,0.0009,0.0,3.4150945850063755e-06,nan,nan,NO_WELD
12.14,0.0,0.0,0.0,0.0,0.0,0.0,0.0,0.0,1,0,0.0009,0.0,3.4150945850063755e-06,nan,nan,NO_WELD
12.189,0.0,0.0,0.0,0.0,0.0,0.0,0.0,0.0,1,0,0.0009,0.0,3.4150945850063755e-06,nan,nan,NO_WELD
12.239,0.0,0.0,0.0,0.0,0.0,0.0,0.0,0.0,1,0,0.0009,0.0,0.35156592487770283,nan,nan,NO_WELD
12.289,0.0,0.0,0.0,0.0,0.0,0.0,0.0,0.0,1,0,0.0009,0.0,0.35156592487770283,nan,nan,NO_WELD
12.339,0.0,0.0,0.0,0.0,0.0,0.0,0.0,0.0,1,0,0.0009,0.0,0.35156592487770283,nan,nan,NO_WELD
12.389,0.0,0.0,0.0,0.0,0.0,0.0,0.0,0.0,1,0,0.0009,0.0,0.35156592487770283,nan,nan,NO_WELD
12.439,0.0,0.0,0.0,0.0,0.0,0.0,0.0,0.0,1,0,0.0009,0.0,0.35156592487770283,nan,nan,NO_WELD
12.489,0.0,0.0,0.0,0.0,0.0,0.0,0.0,0.0,1,0,0.0009,0.0,0.35156592487770283,nan,nan,NO_WELD
12.539,0.0,0.0,0.0,0.0,0.0,0.0,0.0,0.0,1,0,0.0009,0.0,-0.35155909468853286,nan,nan,NO_WELD
12.589,0.0,0.0,0.0,0.0,0.0,0.0,0.0,0.0,1,0,0.0009,0.0,-0.35155909468853286,nan,nan,NO_WELD
12.639,0.0,0.0,0.0,0.0,0.0,0.0,0.0,0.0,1,0,0.0009,0.0,0.7031284346608206,0.7031284346608206,0.0,WELD_FOUND
12.689,0.0,0.0,0.0,0.0,0.0,0.0,0.0,0.0,1,0,0.0009,0.0,0.7031284346608206,0.7031284346608206,0.0,WELD_FOUND
12.739,0.03140590309687592,-0.023734472077213065,0.027845732285293964,0.034966073908457886,0.0,0.0,0.0278,0.035,1,0,0.0009,0.0,0.35156592487770283,0.5273471664290486,-0.17578124155134572,WELD_FOUND
12.789,0.03140590309687592,-0.023734472077213065,0.027845732285293964,0.034966073908457886,0.0,0.0,0.0278,0.035,1,0,0.0009,0.0,0.35156592487770283,0.5273471664290486,-0.17578124155134572,WELD_FOUND
12.839,0.0,0.0,0.0,0.0,0.0,0.0,0.0,0.0,1,0,0.0009,0.0,0.35156592487770283,nan,nan,NO_WELD
12.889,0.0,0.0,0.0,0.0,0.0,0.0,0.0,0.0,1,0,0.0009,0.0,0.35156592487770283,nan,nan,NO_WELD
12.939,0.035,0.0,0.035,0.035,0.0,0.0,0.035,0.035,1,0,0.0009,0.0,-0.35155909468853286,-0.35155909468853286,0.0,WELD_FOUND
12.989,0.035,0.0,0.035,0.035,0.0371,0.0,-0.0021,0.035,11,0,0.0102,0.0,-0.35155909468853286,-0.35155909468853286,0.0,WELD_FOUND
13.039,0.035,0.0,0.035,0.035,0.0371,0.0,-0.0021,0.035,11,0,0.0102,0.0,3.4150945850063755e-06,-0.17577783979697392,0.17578125489155894,WELD_FOUND
13.089,0.035,0.0,0.035,0.035,0.0371,0.0,-0.0021,0.035,11,0,0.0102,0.0,3.4150945850063755e-06,-0.17577783979697392,0.17578125489155894,WELD_FOUND
13.141,0.035,0.0,0.035,0.035,0.0297,0.0,0.0053,0.035,11,0,0.0102,0.0,0.7031284346608206,3.4150945850063755e-06,0.7031250195662356,WELD_FOUND
13.189,0.035,0.0,0.035,0.035,0.0297,0.0,0.0053,0.035,11,0,0.0102,0.0,0.7031284346608206,3.4150945850063755e-06,0.7031250195662356,WELD_FOUND
13.239,0.035,0.0,0.035,0.035,0.0237,0.0,0.0113,0.035,11,0,0.0102,0.0,3.4150945850063755e-06,3.4150945850063755e-06,0.0,WELD_FOUND
13.289,0.035,0.0,0.035,0.035,0.0237,0.0,0.0113,0.035,11,0,0.0102,0.0,3.4150945850063755e-06,3.4150945850063755e-06,0.0,WELD_FOUND
13.339,0.035,0.0,0.035,0.035,0.0237,0.0,0.0113,0.035,11,0,0.0102,0.0,0.7031284346608206,3.4150945850063755e-06,0.7031250195662356,WELD_FOUND
13.389,0.035,0.0,0.035,0.035,0.019,0.0,0.016,0.035,11,0,0.0102,0.0,0.7031284346608206,3.4150945850063755e-06,0.7031250195662356,WELD_FOUND
13.439,0.0,0.0,0.0,0.0,0.019,0.0,-0.019,0.0,11,0,0.0102,0.0,0.7031284346608206,nan,nan,NO_WELD
13.489,0.0,0.0,0.0,0.0,0.0152,0.0,-0.0152,0.0,11,0,0.0102,0.0,0.7031284346608206,nan,nan,NO_WELD
13.539,0.0330608256662961,-0.01592960362198391,0.03067138512299851,0.035450266209593684,0.0152,0.0,0.0155,0.0355,11,0,0.0102,0.0,0.35156592487770283,0.35156592487770283,0.0,WELD_FOUND
13.589,0.0330608256662961,-0.01592960362198391,0.03067138512299851,0.035450266209593684,0.0121,0.0,0.0185,0.0355,11,0,0.0102,0.0,0.35156592487770283,0.35156592487770283,0.0,WELD_FOUND
13.639,0.0,0.0,0.0,0.0,0.0121,0.0,-0.0121,0.0,11,0,0.0102,0.0,0.35156592487770283,nan,nan,NO_WELD
13.689,0.0,0.0,0.0,0.0,0.0121,0.0,-0.0121,0.0,11,0,0.0102,0.0,0.35156592487770283,nan,nan,NO_WELD
13.739,0.03344235718528286,0.016423261466433994,0.03590584640524796,0.03097886796531776,0.0097,0.0,0.0262,0.031,11,0,0.0102,0.0,-0.35155909468853286,-0.35155909468853286,0.0,WELD_FOUND
13.789,0.03344235718528286,0.016423261466433994,0.03590584640524796,0.03097886796531776,0.0097,0.0,0.0262,0.031,11,0,0.0102,0.0,-0.35155909468853286,-0.35155909468853286,0.0,WELD_FOUND
13.839,0.031808112993714534,0.02665373558006026,0.03580617333072357,0.027810052656705494,0.0078,0.0,0.028,0.0278,11,0,0.0102,0.0,-0.7031216044716506,-0.5273403362398785,-0.1757812682317721,WELD_FOUND
13.889,0.031808112993714534,0.02665373558006026,0.03580617333072357,0.027810052656705494,0.0078,0.0,0.028,0.0278,11,0,0.0102,0.0,-0.7031216044716506,-0.5273403362398785,-0.1757812682317721,WELD_FOUND
13.939,0.0,0.0,0.0,0.0,0.0078,0.0,-0.0078,0.0,11,0,0.0102,0.0,-0.7031216044716506,nan,nan,NO_WELD
13.989,0.0,0.0,0.0,0.0,0.0062,0.0,-0.0062,0.0,11,0,0.0102,0.0,-0.7031216044716506,nan,nan,NO_WELD
14.039,0.0,0.0,0.0,0.0,0.0062,0.0,-0.0062,0.0,11,0,0.0102,0.0,-0.7031216044716506,nan,nan,NO_WELD
14.089,0.0,0.0,0.0,0.0,0.0062,0.0,-0.0062,0.0,11,0,0.0102,0.0,-0.7031216044716506,nan,nan,NO_WELD
14.14,0.0,0.0,0.0,0.0,0.005,0.0,-0.005,0.0,11,0,0.0102,0.0,-0.7031216044716506,nan,nan,NO_WELD
14.189,0.0,0.0,0.0,0.0,0.005,0.0,-0.005,0.0,11,0,0.0102,0.0,-0.7031216044716506,nan,nan,NO_WELD
14.239,0.0,0.0,0.0,0.0,0.005,0.0,-0.005,0.0,11,0,0.0102,0.0,-0.7031216044716506,nan,nan,NO_WELD
14.289,0.0,0.0,0.0,0.0,0.004,0.0,-0.004,0.0,11,0,0.0102,0.0,-0.7031216044716506,nan,nan,NO_WELD
14.339,0.0,0.0,0.0,0.0,0.004,0.0,-0.004,0.0,11,0,0.0102,0.0,-0.7031216044716506,nan,nan,NO_WELD
14.389,0.0,0.0,0.0,0.0,0.004,0.0,-0.004,0.0,11,0,0.0102,0.0,-0.7031216044716506,nan,nan,NO_WELD
14.439,0.0,0.0,0.0,0.0,0.0032,0.0,-0.0032,0.0,11,0,0.0102,0.0,-0.7031216044716506,nan,nan,NO_WELD
14.489,0.0,0.0,0.0,0.0,0.0032,0.0,-0.0032,0.0,11,0,0.0102,0.0,-0.7031216044716506,nan,nan,NO_WELD
14.539,0.0,0.0,0.0,0.0,0.0025,0.0,-0.0025,0.0,11,0,0.0102,0.0,-0.35155909468853286,-0.35155909468853286,0.0,WELD_FOUND
14.589,0.0,0.0,0.0,0.0,0.0025,0.0,-0.0025,0.0,11,0,0.0102,0.0,-0.35155909468853286,-0.35155909468853286,0.0,WELD_FOUND
14.639,0.0,0.0,0.0,0.0,0.0025,0.0,-0.0025,0.0,11,0,0.0102,0.0,-0.35155909468853286,nan,nan,NO_WELD
14.689,0.0,0.0,0.0,0.0,0.002,0.0,-0.002,0.0,11,0,0.0102,0.0,-0.35155909468853286,nan,nan,NO_WELD
14.739,0.032582298035693374,-0.016359791305409415,0.03012832933988196,0.035036266731504784,0.002,0.0,0.0281,0.035,11,0,0.0102,0.0,0.35156592487770283,0.35156592487770283,0.0,WELD_FOUND
14.789,0.032582298035693374,-0.016359791305409415,0.03012832933988196,0.035036266731504784,0.0016,0.0,0.0285,0.035,11,0,0.0102,0.0,0.35156592487770283,0.35156592487770283,0.0,WELD_FOUND
14.839,0.0,0.0,0.0,0.0,0.0016,0.0,-0.0016,0.0,11,0,0.0102,0.0,0.35156592487770283,nan,nan,NO_WELD
14.889,0.0,0.0,0.0,0.0,0.0013,0.0,-0.0013,0.0,11,0,0.0102,0.0,0.35156592487770283,nan,nan,NO_WELD
14.939,0.0,0.0,0.0,0.0,0.0013,0.0,-0.0013,0.0,11,0,0.0102,0.0,0.35156592487770283,nan,nan,NO_WELD
14.989,0.0,0.0,0.0,0.0,0.0013,0.0,-0.0013,0.0,11,0,0.0102,0.0,0.35156592487770283,nan,nan,NO_WELD
15.039,0.0,0.0,0.0,0.0,0.001,0.0,-0.001,0.0,11,0,0.0102,0.0,0.7031284346608206,0.7031284346608206,0.0,WELD_FOUND
15.089,0.03071044807271012,-0.030054284994761073,0.02620230532349596,0.03521859082192428,0.001,0.0,0.0252,0.0352,11,0,0.0102,0.0,0.7031284346608206,0.7031284346608206,0.0,WELD_FOUND
15.141,0.03071044807271012,-0.030054284994761073,0.02620230532349596,0.03521859082192428,0.0,0.0,0.0262,0.0352,11,0,0.0102,0.0,0.35156592487770283,0.5273471664290486,-0.17578124155134572,WELD_FOUND
15.189,0.03126618916704583,-0.021718311865942586,0.028008442387154442,0.034523935946937215,0.0,0.0,0.028,0.0345,11,0,0.0102,0.0,0.35156592487770283,0.5273471664290486,-0.17578124155134572,WELD_FOUND
15.239,0.03231690571520338,-0.012923902709589125,0.030378320308765014,0.03425549112164175,0.0,0.0,0.0304,0.0343,11,0,0.0102,0.0,3.4150945850063755e-06,0.35156592487770283,-0.3515625097831178,WELD_FOUND
15.289,0.03231690571520338,-0.012923902709589125,0.030378320308765014,0.03425549112164175,0.0,0.0,0.0304,0.0343,11,0,0.0102,0.0,3.4150945850063755e-06,0.35156592487770283,-0.3515625097831178,WELD_FOUND
15.339,0.03231690571520338,-0.012923902709589125,0.030378320308765014,0.03425549112164175,0.0,0.0,0.0304,0.0343,11,0,0.0102,0.0,-0.35155909468853286,0.35156592487770283,-0.7031250195662357,WELD_FOUND
15.389,0.035,0.0,0.035,0.035,0.0,0.0,0.035,0.035,11,0,0.0102,0.0,-0.35155909468853286,0.17578466998614392,-0.5273437646746768,WELD_FOUND
15.439,0.035,0.0,0.035,0.035,0.0,0.0,0.035,0.035,11,0,0.0102,0.0,-0.35155909468853286,nan,nan,NO_WELD
15.489,0.0,0.0,0.0,0.0,0.0,0.0,0.0,0.0,11,0,0.0102,0.0,-0.35155909468853286,nan,nan,NO_WELD
15.539,0.0,0.0,0.0,0.0,0.0,0.0,0.0,0.0,11,0,0.0102,0.0,3.4150945850063755e-06,nan,nan,WELD_FOUND
15.589,0.035,0.0,0.035,0.035,0.0,0.0,0.035,0.035,11,0,0.0102,0.0,3.4150945850063755e-06,3.4150945850063755e-06,0.0,WELD_FOUND
15.639,0.035,0.0,0.035,0.035,0.0,0.0,0.035,0.035,11,0,0.0102,0.0,0.35156592487770283,3.4150945850063755e-06,0.3515625097831178,WELD_FOUND
15.689,0.035,0.0,0.035,0.035,0.0,0.0,0.035,0.035,11,0,0.0102,0.0,0.35156592487770283,0.17578466998614392,0.1757812548915589,WELD_FOUND
15.739,0.035,0.0,0.035,0.035,0.0,0.0,0.035,0.035,11,0,0.0102,0.0,1.054690917763512,0.17578466998614392,0.878906247777368,WELD_FOUND
15.789,0.03285597795627446,-0.021668843467569997,0.02960565143613896,0.03610630447640996,0.0,0.0,0.0296,0.0361,11,0,0.0102,0.0,1.054690917763512,0.35156592487770283,0.7031249928858092,WELD_FOUND
15.84,0.03285597795627446,-0.021668843467569997,0.02960565143613896,0.03610630447640996,0.0,0.0,0.0296,0.0361,11,0,0.0102,0.0,1.054690917763512,nan,nan,WELD_FOUND
15.889,0.0,0.0,0.0,0.0,0.0,0.0,0.0,0.0,11,0,0.0102,0.0,1.054690917763512,nan,nan,NO_WELD
15.939,0.0,0.0,0.0,0.0,0.0,0.0,0.0,0.0,11,0,0.0102,0.0,0.7031284346608206,nan,nan,NO_WELD
15.989,0.030763500281403216,-0.03136152685996669,0.026059271252408214,0.03546772931039822,0.0,0.0,0.0261,0.0355,11,0,0.0102,0.0,0.7031284346608206,0.7031284346608206,0.0,WELD_FOUND
16.04,0.030763500281403216,-0.03136152685996669,0.026059271252408214,0.03546772931039822,0.0,0.0,0.0261,0.0355,11,0,0.0102,0.0,3.4150945850063755e-06,0.7031284346608206,-0.7031250195662356,WELD_FOUND
16.089,0.032214359887464634,-0.012028721579938138,0.030410051650473915,0.03401866812445536,0.0,0.0,0.0304,0.034,11,0,0.0102,0.0,3.4150945850063755e-06,0.35156592487770283,-0.3515625097831178,WELD_FOUND
16.142,0.032214359887464634,-0.012028721579938138,0.030410051650473915,0.03401866812445536,0.0,0.0,0.0304,0.034,11,0,0.0102,0.0,3.4150945850063755e-06,nan,nan,WELD_FOUND
16.189,0.0,0.0,0.0,0.0,0.0,0.0,0.0,0.0,11,0,0.0102,0.0,3.4150945850063755e-06,nan,nan,NO_WELD
16.24,0.0,0.0,0.0,0.0,0.0,0.0,0.0,0.0,11,0,0.0102,0.0,0.7031284346608206,nan,nan,NO_WELD
16.289,0.030638844454764263,-0.03118128436589834,0.025961651799879512,0.035316037109649014,0.0,0.0,0.026,0.0353,11,0,0.0102,0.0,0.7031284346608206,0.7031284346608206,0.0,WELD_FOUND
16.34,0.030638844454764263,-0.03118128436589834,0.025961651799879512,0.035316037109649014,0.0,0.0,0.026,0.0353,11,0,0.0102,0.0,1.054690917763512,0.7031284346608206,0.35156248310269134,WELD_FOUND
16.389,0.029419072585184346,-0.041216241276371184,0.02323663639372867,0.03560150877664002,0.0,0.0,0.0232,0.0356,11,0,0.0102,0.0,1.054690917763512,0.8789097028925928,0.17578121487091913,WELD_FOUND
16.439,0.029419072585184346,-0.041216241276371184,0.02323663639372867,0.03560150877664002,0.0,0.0,0.0232,0.0356,11,0,0.0102,0.0,1.054690917763512,0.8789097028925928,0.17578121487091913,WELD_FOUND
16.489,0.03008379611371892,-0.029121042269680902,0.025715639773266782,0.034451952454171056,0.0,0.0,0.0257,0.0345,11,0,0.0102,0.0,0.35156592487770283,0.7031284346608206,-0.3515625097831178,WELD_FOUND
16.539,0.03008379611371892,-0.029121042269680902,0.025715639773266782,0.034451952454171056,0.0,0.0,0.0257,0.0345,11,0,0.0102,0.0,0.35156592487770283,0.7031284346608206,-0.3515625097831178,WELD_FOUND
16.589,0.0,0.0,0.0,0.0,0.0,0.0,0.0,0.0,11,0,0.0102,0.0,0.35156592487770283,nan,nan,NO_WELD
16.639,0.0,0.0,0.0,0.0,0.0,0.0,0.0,0.0,11,0,0.0102,0.0,0.35156592487770283,nan,nan,NO_WELD
16.689,0.035,0.0,0.035,0.035,0.0,0.0,0.035,0.035,11,0,0.0102,0.0,3.4150945850063755e-06,3.4150945850063755e-06,0.0,WELD_FOUND
16.739,0.035,0.0,0.035,0.035,0.0,0.0,0.035,0.035,11,0,0.0102,0.0,3.4150945850063755e-06,3.4150945850063755e-06,0.0,WELD_FOUND
16.789,0.035,0.0,0.035,0.035,0.0,0.0,0.035,0.035,11,0,0.0102,0.0,3.4150945850063755e-06,3.4150945850063755e-06,0.0,WELD_FOUND
16.839,0.035,0.0,0.035,0.035,0.0,0.0,0.035,0.035,11,0,0.0102,0.0,3.4150945850063755e-06,3.4150945850063755e-06,0.0,WELD_FOUND
16.889,0.0,0.0,0.0,0.0,0.0,0.0,0.0,0.0,11,0,0.0102,0.0,3.4150945850063755e-06,nan,nan,NO_WELD
16.939,0.0,0.0,0.0,0.0,0.0,0.0,0.0,0.0,11,0,0.0102,0.0,3.4150945850063755e-06,nan,nan,NO_WELD
16.989,0.0,0.0,0.0,0.0,0.0,0.0,0.0,0.0,11,0,0.0102,0.0,3.4150945850063755e-06,nan,nan,NO_WELD
17.039,0.0,0.0,0.0,0.0,0.0,0.0,0.0,0.0,11,0,0.0102,0.0,3.4150945850063755e-06,nan,nan,NO_WELD
17.089,0.035,0.0,0.035,0.035,0.0,0.0,0.035,0.035,11,0,0.0102,0.0,3.4150945850063755e-06,3.4150945850063755e-06,0.0,WELD_FOUND
17.141,0.035,0.0,0.035,0.035,0.0,0.0,0.035,0.035,11,0,0.0102,0.0,3.4150945850063755e-06,3.4150945850063755e-06,0.0,WELD_FOUND
17.189,0.0,0.0,0.0,0.0,0.0,0.0,0.0,0.0,11,0,0.0102,0.0,3.4150945850063755e-06,nan,nan,NO_WELD
17.239,0.0,0.0,0.0,0.0,0.0,0.0,0.0,0.0,11,0,0.0102,0.0,3.4150945850063755e-06,nan,nan,NO_WELD
17.289,0.0,0.0,0.0,0.0,0.0,0.0,0.0,0.0,11,0,0.0102,0.0,3.4150945850063755e-06,nan,nan,NO_WELD
17.339,0.0,0.0,0.0,0.0,0.0,0.0,0.0,0.0,11,0,0.0102,0.0,3.4150945850063755e-06,nan,nan,NO_WELD
17.389,0.035,0.0,0.035,0.035,0.0,0.0,0.035,0.035,11,0,0.0102,0.0,3.4150945850063755e-06,3.4150945850063755e-06,0.0,WELD_FOUND
17.439,0.035,0.0,0.035,0.035,0.0,0.0,0.035,0.035,11,0,0.0102,0.0,3.4150945850063755e-06,3.4150945850063755e-06,0.0,WELD_FOUND
17.489,0.0,0.0,0.0,0.0,0.0,0.0,0.0,0.0,11,0,0.0102,0.0,3.4150945850063755e-06,nan,nan,NO_WELD
17.539,0.0,0.0,0.0,0.0,0.0,0.0,0.0,0.0,11,0,0.0102,0.0,3.4150945850063755e-06,nan,nan,NO_WELD
17.589,0.035,0.0,0.035,0.035,0.0,0.0,0.035,0.035,11,0,0.0102,0.0,3.4150945850063755e-06,3.4150945850063755e-06,0.0,WELD_FOUND
17.639,0.035,0.0,0.035,0.035,0.0,0.0,0.035,0.035,11,0,0.0102,0.0,3.4150945850063755e-06,3.4150945850063755e-06,0.0,WELD_FOUND
17.689,0.0,0.0,0.0,0.0,0.0,0.0,0.0,0.0,11,0,0.0102,0.0,3.4150945850063755e-06,nan,nan,NO_WELD
17.739,0.0,0.0,0.0,0.0,0.0,0.0,0.0,0.0,11,0,0.0102,0.0,3.4150945850063755e-06,nan,nan,NO_WELD
17.789,0.03305859490919926,-0.015950837804255696,0.03066596923856091,0.035451220579837614,0.0,0.0,0.0307,0.0355,11,0,0.0102,0.0,0.35156592487770283,0.35156592487770283,0.0,WELD_FOUND
17.839,0.03305859490919926,-0.015950837804255696,0.03066596923856091,0.035451220579837614,0.0,0.0,0.0307,0.0355,11,0,0.0102,0.0,0.35156592487770283,0.35156592487770283,0.0,WELD_FOUND
17.889,0.0,0.0,0.0,0.0,0.0,0.0,0.0,0.0,11,0,0.0102,0.0,0.35156592487770283,nan,nan,NO_WELD
17.939,0.0,0.0,0.0,0.0,0.0,0.0,0.0,0.0,11,0,0.0102,0.0,0.35156592487770283,nan,nan,NO_WELD
17.989,0.035,0.0,0.035,0.035,0.0,0.0,0.035,0.035,11,0,0.0102,0.0,3.4150945850063755e-06,3.4150945850063755e-06,0.0,WELD_FOUND
18.039,0.035,0.0,0.035,0.035,0.0,0.0,0.035,0.035,11,0,0.0102,0.0,3.4150945850063755e-06,3.4150945850063755e-06,0.0,WELD_FOUND
18.089,0.03313555091781879,0.018848615546766707,0.0359628432498338,0.030308258585803785,0.0,0.0,0.036,0.0303,11,0,0.0102,0.0,-0.7031216044716506,-0.35155909468853286,-0.35156250978311776,WELD_FOUND
18.141,0.03313555091781879,0.018848615546766707,0.0359628432498338,0.030308258585803785,0.0,0.0,0.036,0.0303,11,0,0.0102,0.0,-0.7031216044716506,-0.35155909468853286,-0.35156250978311776,WELD_FOUND
18.189,0.0,0.0,0.0,0.0,0.0,0.0,0.0,0.0,11,0,0.0102,0.0,-0.7031216044716506,nan,nan,NO_WELD
18.239,0.0,0.0,0.0,0.0,0.0,0.0,0.0,0.0,11,0,0.0102,0.0,-0.7031216044716506,nan,nan,NO_WELD
18.289,0.0,0.0,0.0,0.0,0.0,0.0,0.0,0.0,11,0,0.0102,0.0,-0.7031216044716506,nan,nan,NO_WELD
18.339,0.0,0.0,0.0,0.0,0.0,0.0,0.0,0.0,11,0,0.0102,0.0,-0.7031216044716506,nan,nan,NO_WELD
18.389,0.0,0.0,0.0,0.0,0.0,0.0,0.0,0.0,11,0,0.0102,0.0,-0.7031216044716506,nan,nan,NO_WELD
18.439,0.0,0.0,0.0,0.0,0.0,0.0,0.0,0.0,11,0,0.0102,0.0,-0.7031216044716506,nan,nan,NO_WELD
18.489,0.0,0.0,0.0,0.0,0.0,0.0,0.0,0.0,11,0,0.0102,0.0,-0.7031216044716506,nan,nan,NO_WELD
18.539,0.0,0.0,0.0,0.0,0.0,0.0,0.0,0.0,11,0,0.0102,0.0,-0.7031216044716506,nan,nan,NO_WELD
18.589,0.035,0.0,0.035,0.035,0.0,0.0,0.035,0.035,11,0,0.0102,0.0,3.4150945850063755e-06,3.4150945850063755e-06,0.0,WELD_FOUND
18.639,0.035,0.0,0.035,0.035,0.0,0.0,0.035,0.035,11,0,0.0102,0.0,3.4150945850063755e-06,3.4150945850063755e-06,0.0,WELD_FOUND
18.689,0.035,0.0,0.035,0.035,0.0,0.0,0.035,0.035,11,0,0.0102,0.0,0.35156592487770283,0.17578466998614392,0.1757812548915589,WELD_FOUND
18.739,0.035,0.0,0.035,0.035,0.0,0.0,0.035,0.035,11,0,0.0102,0.0,0.35156592487770283,0.17578466998614392,0.1757812548915589,WELD_FOUND
18.789,0.0,0.0,0.0,0.0,0.0,0.0,0.0,0.0,11,0,0.0102,0.0,0.35156592487770283,nan,nan,NO_WELD
18.839,0.0,0.0,0.0,0.0,0.0,0.0,0.0,0.0,11,0,0.0102,0.0,0.35156592487770283,nan,nan,NO_WELD
18.889,0.0,0.0,0.0,0.0,0.0,0.0,0.0,0.0,11,0,0.0102,0.0,0.35156592487770283,nan,nan,NO_WELD
18.939,0.0,0.0,0.0,0.0,0.0,0.0,0.0,0.0,11,0,0.0102,0.0,0.35156592487770283,nan,nan,NO_WELD
18.989,0.0,0.0,0.0,0.0,0.0,0.0,0.0,0.0,11,0,0.0102,0.0,0.35156592487770283,nan,nan,NO_WELD
19.039,0.0,0.0,0.0,0.0,0.0,0.0,0.0,0.0,11,0,0.0102,0.0,0.35156592487770283,nan,nan,NO_WELD
19.089,0.0,0.0,0.0,0.0,0.0,0.0,0.0,0.0,11,0,0.0102,0.0,0.7031284346608206,0.7031284346608206,0.0,WELD_FOUND
19.14,0.0,0.0,0.0,0.0,0.0,0.0,0.0,0.0,11,0,0.0102,0.0,0.7031284346608206,0.7031284346608206,0.0,WELD_FOUND
19.189,0.0,0.0,0.0,0.0,0.0,0.0,0.0,0.0,11,0,0.0102,0.0,0.7031284346608206,nan,nan,NO_WELD
19.239,0.0,0.0,0.0,0.0,0.0,0.0,0.0,0.0,11,0,0.0102,0.0,0.7031284346608206,nan,nan,NO_WELD
19.289,0.0,0.0,0.0,0.0,0.0,0.0,0.0,0.0,11,0,0.0102,0.0,0.7031284346608206,nan,nan,NO_WELD
19.339,0.0,0.0,0.0,0.0,0.0,0.0,0.0,0.0,11,0,0.0102,0.0,0.7031284346608206,nan,nan,NO_WELD
19.389,0.0,0.0,0.0,0.0,0.0,0.0,0.0,0.0,11,0,0.0102,0.0,0.7031284346608206,nan,nan,NO_WELD
19.439,0.0,0.0,0.0,0.0,0.0,0.0,0.0,0.0,11,0,0.0102,0.0,0.7031284346608206,nan,nan,NO_WELD
19.489,0.0,0.0,0.0,0.0,0.0,0.0,0.0,0.0,11,0,0.0102,0.0,0.7031284346608206,nan,nan,NO_WELD
19.539,0.0,0.0,0.0,0.0,0.0,0.0,0.0,0.0,11,0,0.0102,0.0,0.7031284346608206,nan,nan,NO_WELD
19.589,0.0,0.0,0.0,0.0,0.0,0.0,0.0,0.0,11,0,0.0102,0.0,3.4150945850063755e-06,3.4150945850063755e-06,0.0,WELD_FOUND
19.639,0.0,0.0,0.0,0.0,0.0,0.0,0.0,0.0,11,0,0.0102,0.0,3.4150945850063755e-06,3.4150945850063755e-06,0.0,WELD_FOUND
19.689,0.0,0.0,0.0,0.0,0.0,0.0,0.0,0.0,11,0,0.0102,0.0,3.4150945850063755e-06,nan,nan,NO_WELD
19.739,0.0,0.0,0.0,0.0,0.0,0.0,0.0,0.0,11,0,0.0102,0.0,3.4150945850063755e-06,nan,nan,NO_WELD
19.789,0.0,0.0,0.0,0.0,0.0,0.0,0.0,0.0,11,0,0.0102,0.0,3.4150945850063755e-06,nan,nan,NO_WELD
19.839,0.0,0.0,0.0,0.0,0.0,0.0,0.0,0.0,11,0,0.0102,0.0,3.4150945850063755e-06,nan,nan,NO_WELD
19.889,0.0,0.0,0.0,0.0,0.0,0.0,0.0,0.0,11,0,0.0102,0.0,3.4150945850063755e-06,nan,nan,NO_WELD
19.939,0.0,0.0,0.0,0.0,0.0,0.0,0.0,0.0,11,0,0.0102,0.0,3.4150945850063755e-06,nan,nan,NO_WELD
19.989,0.035,0.0,0.035,0.035,0.0,0.0,0.035,0.035,11,0,0.0102,0.0,3.4150945850063755e-06,3.4150945850063755e-06,0.0,WELD_FOUND
20.039,0.035,0.0,0.035,0.035,0.0,0.0,0.035,0.035,11,0,0.0102,0.0,3.4150945850063755e-06,3.4150945850063755e-06,0.0,WELD_FOUND
20.089,0.03305891226031913,-0.019650280535743636,0.030111370179957585,0.03600645434068068,0.0,0.0,0.0301,0.036,11,0,0.0102,0.0,0.7031284346608206,0.35156592487770283,0.3515625097831178,WELD_FOUND
20.14,0.03305891226031913,-0.019650280535743636,0.030111370179957585,0.03600645434068068,0.0,0.0,0.0301,0.036,11,0,0.0102,0.0,0.7031284346608206,0.35156592487770283,0.3515625097831178,WELD_FOUND
20.189,0.032677344025134364,-0.01620203993100207,0.030247038035484054,0.03510765001478468,0.0,0.0,0.0302,0.0351,11,0,0.0102,0.0,0.35156592487770283,0.35156592487770283,0.0,WELD_FOUND
20.239,0.032677344025134364,-0.01620203993100207,0.030247038035484054,0.03510765001478468,0.0,0.0,0.0302,0.0351,11,0,0.0102,0.0,0.35156592487770283,0.35156592487770283,0.0,WELD_FOUND
20.289,0.035,0.0,0.035,0.035,0.0,0.0,0.035,0.035,11,0,0.0102,0.0,3.4150945850063755e-06,0.17578466998614392,-0.1757812548915589,WELD_FOUND
20.339,0.035,0.0,0.035,0.035,0.0,0.0,0.035,0.035,11,0,0.0102,0.0,3.4150945850063755e-06,0.17578466998614392,-0.1757812548915589,WELD_FOUND
20.389,0.0,0.0,0.0,0.0,0.0,0.0,0.0,0.0,11,0,0.0102,0.0,3.4150945850063755e-06,nan,nan,NO_WELD
20.439,0.0,0.0,0.0,0.0,0.0,0.0,0.0,0.0,11,0,0.0102,0.0,3.4150945850063755e-06,nan,nan,NO_WELD
20.489,0.033342745336486776,0.013591292656199003,0.03538143923491663,0.031304051438056923,0.0,0.0,0.0354,0.0313,11,0,0.0102,0.0,-0.35155909468853286,-0.35155909468853286,0.0,WELD_FOUND
20.539,0.033342745336486776,0.013591292656199003,0.03538143923491663,0.031304051438056923,0.0,0.0,0.0354,0.0313,11,0,0.0102,0.0,-0.35155909468853286,-0.35155909468853286,0.0,WELD_FOUND
20.589,0.035,0.0,0.035,0.035,0.0,0.0,0.035,0.035,11,0,0.0102,0.0,0.35156592487770283,3.4150945850063755e-06,0.3515625097831178,WELD_FOUND
20.639,0.035,0.0,0.035,0.035,0.0,0.0,0.035,0.035,11,0,0.0102,0.0,0.35156592487770283,3.4150945850063755e-06,0.3515625097831178,WELD_FOUND
20.689,0.03312415234757317,-0.01893026164114614,0.030284613101401247,0.03596369159374509,0.0,0.0,0.0303,0.036,11,0,0.0102,0.0,0.35156592487770283,0.35156592487770283,0.0,WELD_FOUND
20.739,0.03312415234757317,-0.01893026164114614,0.030284613101401247,0.03596369159374509,0.0,0.0,0.0303,0.036,11,0,0.0102,0.0,0.35156592487770283,0.35156592487770283,0.0,WELD_FOUND
20.789,0.0,0.0,0.0,0.0,0.0,0.0,0.0,0.0,11,0,0.0102,0.0,0.35156592487770283,nan,nan,NO_WELD
20.839,0.0,0.0,0.0,0.0,0.0,0.0,0.0,0.0,11,0,0.0102,0.0,0.35156592487770283,nan,nan,NO_WELD
20.889,0.035,0.0,0.035,0.035,0.0,0.0,0.035,0.035,11,0,0.0102,0.0,3.4150945850063755e-06,3.4150945850063755e-06,0.0,WELD_FOUND
20.939,0.035,0.0,0.035,0.035,0.0,0.0,0.035,0.035,11,0,0.0102,0.0,3.4150945850063755e-06,3.4150945850063755e-06,0.0,WELD_FOUND
20.989,0.0,0.0,0.0,0.0,0.0,0.0,0.0,0.0,11,0,0.0102,0.0,3.4150945850063755e-06,nan,nan,NO_WELD
21.039,0.0,0.0,0.0,0.0,0.0,0.0,0.0,0.0,11,0,0.0102,0.0,3.4150945850063755e-06,nan,nan,NO_WELD
21.089,0.031245093478221773,0.03125034567832122,0.03593264532996995,0.026557541626473592,0.0,0.0,0.0359,0.0266,11,0,0.0102,0.0,-0.7031216044716506,-0.7031216044716506,0.0,WELD_FOUND
21.14,0.031245093478221773,0.03125034567832122,0.03593264532996995,0.026557541626473592,0.0,0.0,0.0359,0.0266,11,0,0.0102,0.0,-0.7031216044716506,-0.7031216044716506,0.0,WELD_FOUND
21.189,0.03231265243999862,0.012869291000600832,0.03424304609008874,0.030382258789908495,0.0,0.0,0.0342,0.0304,11,0,0.0102,0.0,3.4150945850063755e-06,-0.35155909468853286,0.35156250978311787,WELD_FOUND
21.239,0.03231265243999862,0.012869291000600832,0.03424304609008874,0.030382258789908495,0.0,0.0,0.0342,0.0304,11,0,0.0102,0.0,3.4150945850063755e-06,-0.35155909468853286,0.35156250978311787,WELD_FOUND
21.289,0.0,0.0,0.0,0.0,0.0,0.0,0.0,0.0,11,0,0.0102,0.0,3.4150945850063755e-06,nan,nan,NO_WELD
21.339,0.0,0.0,0.0,0.0,0.0,0.0,0.0,0.0,11,0,0.0102,0.0,3.4150945850063755e-06,nan,nan,NO_WELD
21.389,0.0,0.0,0.0,0.0,0.0,0.0,0.0,0.0,11,0,0.0102,0.0,3.4150945850063755e-06,nan,nan,NO_WELD
21.439,0.0,0.0,0.0,0.0,0.0,0.0,0.0,0.0,11,0,0.0102,0.0,3.4150945850063755e-06,nan,nan,NO_WELD
21.489,0.03169273669016696,-0.028740097540313737,0.027381722059119897,0.036003751321214014,0.0,0.0,0.0274,0.036,11,0,0.0102,0.0,0.7031284346608206,0.7031284346608206,0.0,WELD_FOUND
21.539,0.03169273669016696,-0.028740097540313737,0.027381722059119897,0.036003751321214014,0.0,0.0,0.0274,0.036,11,0,0.0102,0.0,0.7031284346608206,0.7031284346608206,0.0,WELD_FOUND
21.589,0.0,0.0,0.0,0.0,0.0,0.0,0.0,0.0,11,0,0.0102,0.0,0.7031284346608206,nan,nan,NO_WELD
21.639,0.0,0.0,0.0,0.0,0.0,0.0,0.0,0.0,11,0,0.0102,0.0,0.7031284346608206,nan,nan,NO_WELD
21.689,0.0,0.0,0.0,0.0,0.0,0.0,0.0,0.0,11,0,0.0102,0.0,0.7031284346608206,nan,nan,NO_WELD
21.739,0.0,0.0,0.0,0.0,0.0,0.0,0.0,0.0,11,0,0.0102,0.0,0.7031284346608206,nan,nan,NO_WELD
21.789,0.0,0.0,0.0,0.0,0.0,0.0,0.0,0.0,11,0,0.0102,0.0,0.7031284346608206,nan,nan,NO_WELD
21.839,0.0,0.0,0.0,0.0,0.0,0.0,0.0,0.0,11,0,0.0102,0.0,0.7031284346608206,nan,nan,NO_WELD
21.889,0.0,0.0,0.0,0.0,0.0,0.0,0.0,0.0,11,0,0.0102,0.0,3.4150945850063755e-06,3.4150945850063755e-06,0.0,WELD_FOUND
21.939,0.0,0.0,0.0,0.0,0.0,0.0,0.0,0.0,11,0,0.0102,0.0,3.4150945850063755e-06,3.4150945850063755e-06,0.0,WELD_FOUND
21.989,0.035,0.0,0.035,0.035,0.0,0.0,0.035,0.035,11,0,0.0102,0.0,-0.35155909468853286,-0.17577783979697392,-0.17578125489155894,WELD_FOUND
22.039,0.035,0.0,0.035,0.035,0.0,0.0,0.035,0.035,11,0,0.0102,0.0,-0.35155909468853286,-0.17577783979697392,-0.17578125489155894,WELD_FOUND
22.089,0.0,0.0,0.0,0.0,0.0,0.0,0.0,0.0,11,0,0.0102,0.0,-0.35155909468853286,nan,nan,NO_WELD
22.14,0.0,0.0,0.0,0.0,0.0,0.0,0.0,0.0,11,0,0.0102,0.0,-0.35155909468853286,nan,nan,NO_WELD
22.189,0.0,0.0,0.0,0.0,0.0,0.0,0.0,0.0,11,0,0.0102,0.0,-0.35155909468853286,nan,nan,NO_WELD
22.239,0.0,0.0,0.0,0.0,0.0,0.0,0.0,0.0,11,0,0.0102,0.0,-0.35155909468853286,nan,nan,NO_WELD
22.289,0.035,0.0,0.035,0.035,0.0,0.0,0.035,0.035,11,0,0.0102,0.0,3.4150945850063755e-06,3.4150945850063755e-06,0.0,WELD_FOUND
22.339,0.035,0.0,0.035,0.035,0.0,0.0,0.035,0.035,11,0,0.0102,0.0,3.4150945850063755e-06,3.4150945850063755e-06,0.0,WELD_FOUND
22.389,0.035,0.0,0.035,0.035,0.0,0.0,0.035,0.035,11,0,0.0102,0.0,3.4150945850063755e-06,3.4150945850063755e-06,0.0,WELD_FOUND
22.439,0.035,0.0,0.035,0.035,0.0,0.0,0.035,0.035,11,0,0.0102,0.0,3.4150945850063755e-06,3.4150945850063755e-06,0.0,WELD_FOUND
22.489,0.0,0.0,0.0,0.0,0.0,0.0,0.0,0.0,11,0,0.0102,0.0,3.4150945850063755e-06,nan,nan,NO_WELD
22.539,0.0,0.0,0.0,0.0,0.0,0.0,0.0,0.0,11,0,0.0102,0.0,3.4150945850063755e-06,nan,nan,NO_WELD
22.589,0.031182510251210556,-0.031795483678198996,0.026413187699480707,0.035951832802940405,0.0,0.0,0.0264,0.036,11,0,0.0102,0.0,0.7031284346608206,0.7031284346608206,0.0,WELD_FOUND
22.639,0.031182510251210556,-0.031795483678198996,0.026413187699480707,0.035951832802940405,0.0,0.0,0.0264,0.036,11,0,0.0102,0.0,0.7031284346608206,0.7031284346608206,0.0,WELD_FOUND
22.689,0.0,0.0,0.0,0.0,0.0,0.0,0.0,0.0,10,0,0.0093,0.0,0.7031284346608206,nan,nan,NO_WELD
22.739,0.0,0.0,0.0,0.0,-0.0037,0.0,0.0037,0.0,10,0,0.0093,0.0,0.7031284346608206,nan,nan,NO_WELD
22.789,0.026875196173184342,-0.05,0.019375196173184343,0.03437519617318434,-0.0037,0.0,0.0231,0.0344,10,0,0.0093,0.0,1.4062534542270564,1.4062534542270564,0.0,WELD_FOUND
22.839,0.026875196173184342,-0.05,0.019375196173184343,0.03437519617318434,-0.0037,0.0,0.0231,0.0344,10,0,0.0093,0.0,1.4062534542270564,1.4062534542270564,0.0,WELD_FOUND
22.889,0.027778368726670825,-0.04384368633331723,0.021201815776673242,0.03435492167666841,-0.003,0.0,0.0242,0.0344,10,0,0.0093,0.0,0.7031284346608206,1.054690917763512,-0.35156248310269134,WELD_FOUND
22.939,0.027778368726670825,-0.04384368633331723,0.021201815776673242,0.03435492167666841,-0.003,0.0,0.0242,0.0344,10,0,0.0093,0.0,0.7031284346608206,1.054690917763512,-0.35156248310269134,WELD_FOUND
22.989,0.02974815014660322,-0.025897427928806192,0.02586353595728229,0.033632764335924145,-0.0024,0.0,0.0282,0.0336,10,0,0.0093,0.0,3.4150945850063755e-06,0.7031284346608206,-0.7031250195662356,WELD_FOUND
23.039,0.02974815014660322,-0.025897427928806192,0.02586353595728229,0.033632764335924145,-0.0024,0.0,0.0282,0.0336,10,0,0.0093,0.0,3.4150945850063755e-06,0.7031284346608206,-0.7031250195662356,WELD_FOUND
23.089,0.0,0.0,0.0,0.0,-0.0024,0.0,0.0024,0.0,10,0,0.0093,0.0,3.4150945850063755e-06,nan,nan,NO_WELD
23.14,0.0,0.0,0.0,0.0,-0.0019,0.0,0.0019,0.0,10,0,0.0093,0.0,3.4150945850063755e-06,nan,nan,NO_WELD
23.189,0.0,0.0,0.0,0.0,-0.0019,0.0,0.0019,0.0,10,0,0.0093,0.0,3.4150945850063755e-06,nan,nan,NO_WELD
23.239,0.0,0.0,0.0,0.0,-0.0015,0.0,0.0015,0.0,10,0,0.0093,0.0,3.4150945850063755e-06,nan,nan,NO_WELD
23.289,0.035,0.0,0.035,0.035,-0.0015,0.0,0.0365,0.035,10,0,0.0093,0.0,3.4150945850063755e-06,3.4150945850063755e-06,0.0,WELD_FOUND
23.339,0.035,0.0,0.035,0.035,-0.0015,0.0,0.0365,0.035,10,0,0.0093,0.0,3.4150945850063755e-06,3.4150945850063755e-06,0.0,WELD_FOUND
23.389,0.035,0.0,0.035,0.035,-0.0012,0.0,0.0362,0.035,10,0,0.0093,0.0,3.4150945850063755e-06,3.4150945850063755e-06,0.0,WELD_FOUND
23.439,0.035,0.0,0.035,0.035,-0.0012,0.0,0.0362,0.035,10,0,0.0093,0.0,3.4150945850063755e-06,3.4150945850063755e-06,0.0,WELD_FOUND
23.489,0.0,0.0,0.0,0.0,-0.0012,0.0,0.0012,0.0,10,0,0.0093,0.0,3.4150945850063755e-06,nan,nan,NO_WELD
23.539,0.0,0.0,0.0,0.0,0.0,0.0,0.0,0.0,10,0,0.0093,0.0,3.4150945850063755e-06,nan,nan,NO_WELD
23.589,0.03310146410325341,0.015563617001568546,0.03543600665348869,0.030766921553018127,0.0,0.0,0.0354,0.0308,10,0,0.0093,0.0,-0.35155909468853286,-0.35155909468853286,0.0,WELD_FOUND
23.639,0.03310146410325341,0.015563617001568546,0.03543600665348869,0.030766921553018127,0.0,0.0,0.0354,0.0308,10,0,0.0093,0.0,-0.35155909468853286,-0.35155909468853286,0.0,WELD_FOUND
23.689,0.030810974131668337,0.03602374783456667,0.03621453630685334,0.025407411956483338,0.0,0.0,0.0362,0.0254,10,0,0.0093,0.0,-1.0546840875743422,-0.7031216044716506,-0.35156248310269156,WELD_FOUND
23.739,0.030810974131668337,0.03602374783456667,0.03621453630685334,0.025407411956483338,0.0,0.0,0.0362,0.0254,10,0,0.0093,0.0,-1.0546840875743422,-0.7031216044716506,-0.35156248310269156,WELD_FOUND
23.789,0.032224109660450646,0.012108430188145386,0.03404037418867245,0.03040784513222884,0.0,0.0,0.034,0.0304,10,0,0.0093,0.0,-0.35155909468853286,-0.35155909468853286,0.0,WELD_FOUND
23.839,0.032224109660450646,0.012108430188145386,0.03404037418867245,0.03040784513222884,0.0,0.0,0.034,0.0304,10,0,0.0093,0.0,-0.35155909468853286,-0.35155909468853286,0.0,WELD_FOUND
23.889,0.0325105388450585,0.014688649434732644,0.034713836260268395,0.030307241429848603,0.0,0.0,0.0347,0.0303,10,0,0.0093,0.0,3.4150945850063755e-06,-0.35155909468853286,0.35156250978311787,WELD_FOUND
23.939,0.0325105388450585,0.014688649434732644,0.034713836260268395,0.030307241429848603,0.0,0.0,0.0347,0.0303,10,0,0.0093,0.0,3.4150945850063755e-06,-0.35155909468853286,0.35156250978311787,WELD_FOUND
23.989,0.03256797676513414,0.015210011256732372,0.034849478453644,0.030286475076624287,0.0,0.0,0.0348,0.0303,10,0,0.0093,0.0,3.4150945850063755e-06,-0.35155909468853286,0.35156250978311787,WELD_FOUND
24.039,0.03256797676513414,0.015210011256732372,0.034849478453644,0.030286475076624287,0.0,0.0,0.0348,0.0303,10,0,0.0093,0.0,3.4150945850063755e-06,-0.35155909468853286,0.35156250978311787,WELD_FOUND
24.089,0.035,0.0,0.035,0.035,0.0,0.0,0.035,0.035,10,0,0.0093,0.0,0.7031284346608206,3.4150945850063755e-06,0.7031250195662356,WELD_FOUND
24.14,0.035,0.0,0.035,0.035,0.0,0.0,0.035,0.035,10,0,0.0093,0.0,0.7031284346608206,3.4150945850063755e-06,0.7031250195662356,WELD_FOUND
24.189,0.035,0.0,0.035,0.035,0.0,0.0,0.035,0.035,10,0,0.0093,0.0,0.7031284346608206,3.4150945850063755e-06,0.7031250195662356,WELD_FOUND
24.239,0.035,0.0,0.035,0.035,0.0,0.0,0.035,0.035,10,0,0.0093,0.0,0.7031284346608206,3.4150945850063755e-06,0.7031250195662356,WELD_FOUND
24.289,0.0,0.0,0.0,0.0,0.0,0.0,0.0,0.0,10,0,0.0093,0.0,0.7031284346608206,nan,nan,NO_WELD
24.339,0.0,0.0,0.0,0.0,0.0,0.0,0.0,0.0,10,0,0.0093,0.0,0.7031284346608206,nan,nan,NO_WELD
24.389,0.0,0.0,0.0,0.0,0.0,0.0,0.0,0.0,10,0,0.0093,0.0,0.7031284346608206,nan,nan,NO_WELD
24.439,0.0,0.0,0.0,0.0,0.0,0.0,0.0,0.0,10,0,0.0093,0.0,0.7031284346608206,nan,nan,NO_WELD
24.489,0.0,0.0,0.0,0.0,0.0,0.0,0.0,0.0,10,0,0.0093,0.0,0.7031284346608206,nan,nan,NO_WELD
24.539,0.0,0.0,0.0,0.0,0.0,0.0,0.0,0.0,10,0,0.0093,0.0,0.7031284346608206,nan,nan,NO_WELD
24.589,0.025848367892544542,-0.05,0.018348367892544543,0.03334836789254454,0.0,0.0,0.0183,0.0333,10,0,0.0093,0.0,1.4062534542270564,1.4062534542270564,0.0,WELD_FOUND
24.639,0.025848367892544542,-0.05,0.018348367892544543,0.03334836789254454,0.0,0.0,0.0183,0.0333,10,0,0.0093,0.0,1.4062534542270564,1.4062534542270564,0.0,WELD_FOUND
24.689,0.0,0.0,0.0,0.0,0.0,0.0,0.0,0.0,10,0,0.0093,0.0,1.4062534542270564,nan,nan,NO_WELD
24.739,0.0,0.0,0.0,0.0,0.0,0.0,0.0,0.0,10,0,0.0093,0.0,1.4062534542270564,nan,nan,NO_WELD
24.789,0.0,0.0,0.0,0.0,0.0,0.0,0.0,0.0,10,0,0.0093,0.0,1.4062534542270564,nan,nan,NO_WELD
24.839,0.0,0.0,0.0,0.0,0.0,0.0,0.0,0.0,10,0,0.0093,0.0,1.4062534542270564,nan,nan,NO_WELD
24.889,0.025848367892544542,-0.05,0.018348367892544543,0.03334836789254454,0.0,0.0,0.0183,0.0333,10,0,0.0093,0.0,1.4062534542270564,1.4062534542270564,0.0,WELD_FOUND
24.939,0.025848367892544542,-0.05,0.018348367892544543,0.03334836789254454,0.0,0.0,0.0183,0.0333,10,0,0.0093,0.0,1.4062534542270564,1.4062534542270564,0.0,WELD_FOUND
24.989,0.027567947471842335,-0.04173519148746368,0.021307668748722784,0.03382822619496188,0.0,0.0,0.0213,0.0338,10,0,0.0093,0.0,0.7031284346608206,1.054690917763512,-0.35156248310269134,WELD_FOUND
25.039,0.027567947471842335,-0.04173519148746368,0.021307668748722784,0.03382822619496188,0.0,0.0,0.0213,0.0338,10,0,0.0093,0.0,0.7031284346608206,1.054690917763512,-0.35156248310269134,WELD_FOUND
25.089,0.027918507920330217,-0.04516419165934907,0.021143879171427855,0.03469313666923258,0.0,0.0,0.0211,0.0347,10,0,0.0093,0.0,1.054690917763512,1.054690917763512,0.0,WELD_FOUND
25.14,0.027918507920330217,-0.04516419165934907,0.021143879171427855,0.03469313666923258,0.0,0.0,0.0211,0.0347,10,0,0.0093,0.0,1.054690917763512,1.054690917763512,0.0,WELD_FOUND
25.189,0.0,0.0,0.0,0.0,0.0,0.0,0.0,0.0,10,0,0.0093,0.0,1.054690917763512,nan,nan,NO_WELD
25.239,0.0,0.0,0.0,0.0,0.0,0.0,0.0,0.0,10,0,0.0093,0.0,1.054690917763512,nan,nan,NO_WELD
25.289,0.0,0.0,0.0,0.0,0.0,0.0,0.0,0.0,10,0,0.0093,0.0,1.054690917763512,nan,nan,NO_WELD
25.339,0.0,0.0,0.0,0.0,0.0,0.0,0.0,0.0,10,0,0.0093,0.0,1.054690917763512,nan,nan,NO_WELD
25.389,0.0,0.0,0.0,0.0,0.0,0.0,0.0,0.0,10,0,0.0093,0.0,1.054690917763512,nan,nan,NO_WELD
25.439,0.0,0.0,0.0,0.0,0.0,0.0,0.0,0.0,10,0,0.0093,0.0,1.054690917763512,nan,nan,NO_WELD
25.489,0.032582298035693374,-0.01763433784488725,0.029937147358960286,0.03522744871242646,0.0,0.0,0.0299,0.0352,10,0,0.0093,0.0,0.35156592487770283,0.35156592487770283,0.0,WELD_FOUND
25.539,0.032582298035693374,-0.01763433784488725,0.029937147358960286,0.03522744871242646,0.0,0.0,0.0299,0.0352,10,0,0.0093,0.0,0.35156592487770283,0.35156592487770283,0.0,WELD_FOUND
25.589,0.0,0.0,0.0,0.0,0.0,0.0,0.0,0.0,10,0,0.0093,0.0,0.35156592487770283,nan,nan,NO_WELD
25.639,0.0,0.0,0.0,0.0,0.0,0.0,0.0,0.0,10,0,0.0093,0.0,0.35156592487770283,nan,nan,NO_WELD
25.689,0.032582298035693374,-0.015339957317337394,0.030281304438092765,0.034883291633293984,0.0,0.0,0.0303,0.0349,10,0,0.0093,0.0,0.35156592487770283,0.35156592487770283,0.0,WELD_FOUND
25.739,0.032582298035693374,-0.015339957317337394,0.030281304438092765,0.034883291633293984,0.0,0.0,0.0303,0.0349,10,0,0.0093,0.0,0.35156592487770283,0.35156592487770283,0.0,WELD_FOUND
25.789,0.0,0.0,0.0,0.0,0.0,0.0,0.0,0.0,10,0,0.0093,0.0,0.35156592487770283,nan,nan,NO_WELD
25.839,0.0,0.0,0.0,0.0,0.0,0.0,0.0,0.0,10,0,0.0093,0.0,0.35156592487770283,nan,nan,NO_WELD
25.889,0.0,0.0,0.0,0.0,0.0,0.0,0.0,0.0,10,0,0.0093,0.0,0.35156592487770283,nan,nan,NO_WELD
25.939,0.0,0.0,0.0,0.0,0.0,0.0,0.0,0.0,10,0,0.0093,0.0,0.35156592487770283,nan,nan,NO_WELD
25.989,0.035,0.0,0.035,0.035,0.0,0.0,0.035,0.035,10,0,0.0093,0.0,3.4150945850063755e-06,3.4150945850063755e-06,0.0,WELD_FOUND
26.039,0.035,0.0,0.035,0.035,0.0,0.0,0.035,0.035,10,0,0.0093,0.0,3.4150945850063755e-06,3.4150945850063755e-06,0.0,WELD_FOUND
26.089,0.0,0.0,0.0,0.0,0.0,0.0,0.0,0.0,10,0,0.0093,0.0,3.4150945850063755e-06,nan,nan,NO_WELD
26.14,0.0,0.0,0.0,0.0,0.0,0.0,0.0,0.0,10,0,0.0093,0.0,3.4150945850063755e-06,nan,nan,NO_WELD
26.189,0.03108038837756024,-0.03270545911281759,0.026174569510637603,0.03598620724448288,0.0,0.0,0.0262,0.036,10,0,0.0093,0.0,0.7031284346608206,0.7031284346608206,0.0,WELD_FOUND
26.239,0.03108038837756024,-0.03270545911281759,0.026174569510637603,0.03598620724448288,0.0,0.0,0.0262,0.036,10,0,0.0093,0.0,0.7031284346608206,0.7031284346608206,0.0,WELD_FOUND
26.289,0.0,0.0,0.0,0.0,0.0,0.0,0.0,0.0,10,0,0.0093,0.0,0.7031284346608206,nan,nan,NO_WELD
26.339,0.0,0.0,0.0,0.0,0.0,0.0,0.0,0.0,10,0,0.0093,0.0,0.7031284346608206,nan,nan,NO_WELD
26.389,0.0,0.0,0.0,0.0,0.0,0.0,0.0,0.0,10,0,0.0093,0.0,0.7031284346608206,nan,nan,NO_WELD
26.439,0.0,0.0,0.0,0.0,0.0,0.0,0.0,0.0,10,0,0.0093,0.0,0.7031284346608206,nan,nan,NO_WELD
26.489,0.035,0.0,0.035,0.035,0.0,0.0,0.035,0.035,10,0,0.0093,0.0,3.4150945850063755e-06,3.4150945850063755e-06,0.0,WELD_FOUND
26.539,0.035,0.0,0.035,0.035,0.0,0.0,0.035,0.035,10,0,0.0093,0.0,3.4150945850063755e-06,3.4150945850063755e-06,0.0,WELD_FOUND
26.589,0.0,0.0,0.0,0.0,0.0,0.0,0.0,0.0,10,0,0.0093,0.0,3.4150945850063755e-06,nan,nan,NO_WELD
26.639,0.0,0.0,0.0,0.0,0.0,0.0,0.0,0.0,10,0,0.0093,0.0,3.4150945850063755e-06,nan,nan,NO_WELD
26.689,0.035,0.0,0.035,0.035,0.0,0.0,0.035,0.035,10,0,0.0093,0.0,3.4150945850063755e-06,3.4150945850063755e-06,0.0,WELD_FOUND
26.739,0.035,0.0,0.035,0.035,0.0,0.0,0.035,0.035,10,0,0.0093,0.0,3.4150945850063755e-06,3.4150945850063755e-06,0.0,WELD_FOUND
26.789,0.035,0.0,0.035,0.035,0.0,0.0,0.035,0.035,10,0,0.0093,0.0,3.4150945850063755e-06,3.4150945850063755e-06,0.0,WELD_FOUND
26.839,0.035,0.0,0.035,0.035,0.0,0.0,0.035,0.035,10,0,0.0093,0.0,3.4150945850063755e-06,3.4150945850063755e-06,0.0,WELD_FOUND
26.889,0.035,0.0,0.035,0.035,0.0,0.0,0.035,0.035,10,0,0.0093,0.0,0.35156592487770283,3.4150945850063755e-06,0.3515625097831178,WELD_FOUND
26.939,0.035,0.0,0.035,0.035,0.0,0.0,0.035,0.035,10,0,0.0093,0.0,0.35156592487770283,3.4150945850063755e-06,0.3515625097831178,WELD_FOUND
26.989,0.0,0.0,0.0,0.0,0.0,0.0,0.0,0.0,10,0,0.0093,0.0,0.35156592487770283,nan,nan,NO_WELD
27.039,0.0,0.0,0.0,0.0,0.0,0.0,0.0,0.0,10,0,0.0093,0.0,0.35156592487770283,nan,nan,NO_WELD
27.089,0.0,0.0,0.0,0.0,0.0,0.0,0.0,0.0,10,0,0.0093,0.0,0.35156592487770283,nan,nan,NO_WELD
27.14,0.0,0.0,0.0,0.0,0.0,0.0,0.0,0.0,10,0,0.0093,0.0,0.35156592487770283,nan,nan,NO_WELD
27.189,0.0,0.0,0.0,0.0,0.0,0.0,0.0,0.0,10,0,0.0093,0.0,0.35156592487770283,nan,nan,NO_WELD
27.239,0.0,0.0,0.0,0.0,0.0,0.0,0.0,0.0,10,0,0.0093,0.0,0.35156592487770283,nan,nan,NO_WELD
27.289,0.0,0.0,0.0,0.0,0.0,0.0,0.0,0.0,10,0,0.0093,0.0,0.35156592487770283,nan,nan,NO_WELD
27.339,0.0,0.0,0.0,0.0,0.0,0.0,0.0,0.0,10,0,0.0093,0.0,0.35156592487770283,nan,nan,NO_WELD
27.389,0.035,0.0,0.035,0.035,0.0,0.0,0.035,0.035,10,0,0.0093,0.0,3.4150945850063755e-06,3.4150945850063755e-06,0.0,WELD_FOUND
27.439,0.035,0.0,0.035,0.035,0.0,0.0,0.035,0.035,10,0,0.0093,0.0,3.4150945850063755e-06,3.4150945850063755e-06,0.0,WELD_FOUND
27.489,0.0,0.0,0.0,0.0,0.0,0.0,0.0,0.0,10,0,0.0093,0.0,3.4150945850063755e-06,nan,nan,NO_WELD
27.539,0.0,0.0,0.0,0.0,0.0,0.0,0.0,0.0,10,0,0.0093,0.0,3.4150945850063755e-06,nan,nan,NO_WELD
27.589,0.0,0.0,0.0,0.0,0.0,0.0,0.0,0.0,10,0,0.0093,0.0,3.4150945850063755e-06,nan,nan,NO_WELD
27.639,0.0,0.0,0.0,0.0,0.0,0.0,0.0,0.0,10,0,0.0093,0.0,3.4150945850063755e-06,nan,nan,NO_WELD
27.689,0.0,0.0,0.0,0.0,0.0,0.0,0.0,0.0,10,0,0.0093,0.0,3.4150945850063755e-06,nan,nan,NO_WELD
27.739,0.0,0.0,0.0,0.0,0.0,0.0,0.0,0.0,10,0,0.0093,0.0,3.4150945850063755e-06,nan,nan,NO_WELD
27.789,0.0,0.0,0.0,0.0,0.0,0.0,0.0,0.0,10,0,0.0093,0.0,3.4150945850063755e-06,nan,nan,NO_WELD
27.839,0.0,0.0,0.0,0.0,0.0,0.0,0.0,0.0,10,0,0.0093,0.0,3.4150945850063755e-06,nan,nan,NO_WELD
27.889,0.032582298035693374,-0.01717723066419758,0.030005713436063737,0.03515888263532301,0.0,0.0,0.03,0.0352,10,0,0.0093,0.0,0.35156592487770283,0.35156592487770283,0.0,WELD_FOUND
27.939,0.032582298035693374,-0.01717723066419758,0.030005713436063737,0.03515888263532301,0.0,0.0,0.03,0.0352,10,0,0.0093,0.0,0.35156592487770283,0.35156592487770283,0.0,WELD_FOUND
27.989,0.032582298035693374,-0.015339957317337394,0.030281304438092765,0.034883291633293984,0.0,0.0,0.0303,0.0349,10,0,0.0093,0.0,0.35156592487770283,0.35156592487770283,0.0,WELD_FOUND
28.039,0.032582298035693374,-0.015339957317337394,0.030281304438092765,0.034883291633293984,0.0,0.0,0.0303,0.0349,10,0,0.0093,0.0,0.35156592487770283,0.35156592487770283,0.0,WELD_FOUND
28.089,0.0,0.0,0.0,0.0,0.0,0.0,0.0,0.0,10,0,0.0093,0.0,0.35156592487770283,nan,nan,NO_WELD
28.14,0.0,0.0,0.0,0.0,0.0,0.0,0.0,0.0,10,0,0.0093,0.0,0.35156592487770283,nan,nan,NO_WELD
28.189,0.02889396934231184,-0.04720867057013262,0.02181266875679195,0.03597526992783173,0.0,0.0,0.0218,0.036,10,0,0.0093,0.0,1.054690917763512,1.054690917763512,0.0,WELD_FOUND
28.239,0.02889396934231184,-0.04720867057013262,0.02181266875679195,0.03597526992783173,0.0,0.0,0.0218,0.036,10,0,0.0093,0.0,1.054690917763512,1.054690917763512,0.0,WELD_FOUND
28.289,0.0,0.0,0.0,0.0,0.0,0.0,0.0,0.0,10,0,0.0093,0.0,1.054690917763512,nan,nan,NO_WELD
28.339,0.0,0.0,0.0,0.0,0.0,0.0,0.0,0.0,10,0,0.0093,0.0,1.054690917763512,nan,nan,NO_WELD
28.389,0.0,0.0,0.0,0.0,0.0,0.0,0.0,0.0,10,0,0.0093,0.0,1.054690917763512,nan,nan,NO_WELD
28.439,0.0,0.0,0.0,0.0,0.0,0.0,0.0,0.0,10,0,0.0093,0.0,1.054690917763512,nan,nan,NO_WELD
28.489,0.029977212022284615,-0.031050080975392382,0.02531969987597576,0.03463472416859347,0.0,0.0,0.0253,0.0346,10,0,0.0093,0.0,0.7031284346608206,0.7031284346608206,0.0,WELD_FOUND
28.539,0.029977212022284615,-0.031050080975392382,0.02531969987597576,0.03463472416859347,0.0,0.0,0.0253,0.0346,10,0,0.0093,0.0,0.7031284346608206,0.7031284346608206,0.0,WELD_FOUND
28.589,0.03205259864521667,-0.010541431544426777,0.03047138391355266,0.03363381337688069,0.0,0.0,0.0305,0.0336,10,0,0.0093,0.0,3.4150945850063755e-06,0.35156592487770283,-0.3515625097831178,WELD_FOUND
28.639,0.03205259864521667,-0.010541431544426777,0.03047138391355266,0.03363381337688069,0.0,0.0,0.0305,0.0336,10,0,0.0093,0.0,3.4150945850063755e-06,0.35156592487770283,-0.3515625097831178,WELD_FOUND
28.689,0.035,0.0,0.035,0.035,0.0,0.0,0.035,0.035,10,0,0.0093,0.0,-0.35155909468853286,3.4150945850063755e-06,-0.35156250978311787,WELD_FOUND
28.739,0.035,0.0,0.035,0.035,0.0,0.0,0.035,0.035,10,0,0.0093,0.0,-0.35155909468853286,3.4150945850063755e-06,-0.35156250978311787,WELD_FOUND
28.789,0.0,0.0,0.0,0.0,0.0,0.0,0.0,0.0,10,0,0.0093,0.0,-0.35155909468853286,nan,nan,NO_WELD
28.839,0.0,0.0,0.0,0.0,0.0,0.0,0.0,0.0,10,0,0.0093,0.0,-0.35155909468853286,nan,nan,NO_WELD
28.889,0.0,0.0,0.0,0.0,0.0,0.0,0.0,0.0,10,0,0.0093,0.0,-0.35155909468853286,nan,nan,NO_WELD
28.939,0.0,0.0,0.0,0.0,0.0,0.0,0.0,0.0,10,0,0.0093,0.0,-0.35155909468853286,nan,nan,NO_WELD
28.989,0.0,0.0,0.0,0.0,0.0,0.0,0.0,0.0,10,0,0.0093,0.0,-0.35155909468853286,nan,nan,NO_WELD
29.039,0.0,0.0,0.0,0.0,0.0,0.0,0.0,0.0,10,0,0.0093,0.0,-0.35155909468853286,nan,nan,NO_WELD
29.089,0.0,0.0,0.0,0.0,0.0,0.0,0.0,0.0,10,0,0.0093,0.0,-0.35155909468853286,nan,nan,NO_WELD
29.14,0.0,0.0,0.0,0.0,0.0,0.0,0.0,0.0,10,0,0.0093,0.0,-0.35155909468853286,nan,nan,NO_WELD
29.189,0.032582298035693374,-0.017176677893672866,0.030005796351642446,0.0351587997197443,0.0,0.0,0.03,0.0352,10,0,0.0093,0.0,0.35156592487770283,0.35156592487770283,0.0,WELD_FOUND
29.239,0.032582298035693374,-0.017176677893672866,0.030005796351642446,0.0351587997197443,0.0,0.0,0.03,0.0352,10,0,0.0093,0.0,0.35156592487770283,0.35156592487770283,0.0,WELD_FOUND
29.289,0.032582298035693374,-0.015339957317337394,0.030281304438092765,0.034883291633293984,0.0,0.0,0.0303,0.0349,10,0,0.0093,0.0,0.35156592487770283,0.35156592487770283,0.0,WELD_FOUND
29.339,0.032582298035693374,-0.015339957317337394,0.030281304438092765,0.034883291633293984,0.0,0.0,0.0303,0.0349,10,0,0.0093,0.0,0.35156592487770283,0.35156592487770283,0.0,WELD_FOUND
29.389,0.032582298035693374,-0.015339957317337394,0.030281304438092765,0.034883291633293984,0.0,0.0,0.0303,0.0349,10,0,0.0093,0.0,-0.35155909468853286,0.35156592487770283,-0.7031250195662357,WELD_FOUND
29.439,0.032582298035693374,-0.015339957317337394,0.030281304438092765,0.034883291633293984,0.0,0.0,0.0303,0.0349,10,0,0.0093,0.0,-0.35155909468853286,0.35156592487770283,-0.7031250195662357,WELD_FOUND
29.489,0.032582298035693374,-0.015339957317337394,0.030281304438092765,0.034883291633293984,0.0,0.0,0.0303,0.0349,10,0,0.0093,0.0,0.35156592487770283,0.35156592487770283,0.0,WELD_FOUND
29.539,0.032582298035693374,-0.015339957317337394,0.030281304438092765,0.034883291633293984,0.0,0.0,0.0303,0.0349,10,0,0.0093,0.0,0.35156592487770283,0.35156592487770283,0.0,WELD_FOUND
29.589,0.0,0.0,0.0,0.0,0.0,0.0,0.0,0.0,10,0,0.0093,0.0,0.35156592487770283,nan,nan,NO_WELD
29.639,0.0,0.0,0.0,0.0,0.0,0.0,0.0,0.0,10,0,0.0093,0.0,0.35156592487770283,nan,nan,NO_WELD
29.689,0.0,0.0,0.0,0.0,0.0,0.0,0.0,0.0,10,0,0.0093,0.0,0.35156592487770283,nan,nan,NO_WELD
29.739,0.0,0.0,0.0,0.0,0.0,0.0,0.0,0.0,10,0,0.0093,0.0,0.35156592487770283,nan,nan,NO_WELD
29.789,0.032582298035693374,-0.015339957317337394,0.030281304438092765,0.034883291633293984,0.0,0.0,0.0303,0.0349,10,0,0.0093,0.0,0.35156592487770283,0.35156592487770283,0.0,WELD_FOUND
29.839,0.032582298035693374,-0.015339957317337394,0.030281304438092765,0.034883291633293984,0.0,0.0,0.0303,0.0349,10,0,0.0093,0.0,0.35156592487770283,0.35156592487770283,0.0,WELD_FOUND
29.889,0.0,0.0,0.0,0.0,0.0,0.0,0.0,0.0,10,0,0.0093,0.0,0.35156592487770283,nan,nan,NO_WELD
29.939,0.0,0.0,0.0,0.0,0.0,0.0,0.0,0.0,10,0,0.0093,0.0,0.35156592487770283,nan,nan,NO_WELD
29.989,0.03071044807271012,-0.031257889979034455,0.026021764575854953,0.03539913156956529,0.0,0.0,0.026,0.0354,10,0,0.0093,0.0,0.7031284346608206,0.7031284346608206,0.0,WELD_FOUND
30.039,0.03071044807271012,-0.031257889979034455,0.026021764575854953,0.03539913156956529,0.0,0.0,0.026,0.0354,10,0,0.0093,0.0,0.7031284346608206,0.7031284346608206,0.0,WELD_FOUND
30.089,0.030342722611733274,-0.03157143870619242,0.02560700680580441,0.03507843841766214,0.0,0.0,0.0256,0.0351,10,0,0.0093,0.0,0.7031284346608206,0.7031284346608206,0.0,WELD_FOUND
30.14,0.030342722611733274,-0.03157143870619242,0.02560700680580441,0.03507843841766214,0.0,0.0,0.0256,0.0351,10,0,0.0093,0.0,0.7031284346608206,0.7031284346608206,0.0,WELD_FOUND
30.189,0.0,0.0,0.0,0.0,0.0,0.0,0.0,0.0,10,0,0.0093,0.0,0.7031284346608206,nan,nan,NO_WELD
30.239,0.0,0.0,0.0,0.0,0.0,0.0,0.0,0.0,10,0,0.0093,0.0,0.7031284346608206,nan,nan,NO_WELD
30.289,0.0,0.0,0.0,0.0,0.0,0.0,0.0,0.0,10,0,0.0093,0.0,0.7031284346608206,nan,nan,NO_WELD
30.339,0.0,0.0,0.0,0.0,0.0,0.0,0.0,0.0,10,0,0.0093,0.0,0.7031284346608206,nan,nan,NO_WELD
30.389,0.0,0.0,0.0,0.0,0.0,0.0,0.0,0.0,10,0,0.0093,0.0,0.7031284346608206,nan,nan,NO_WELD
30.439,0.0,0.0,0.0,0.0,0.0,0.0,0.0,0.0,10,0,0.0093,0.0,0.7031284346608206,nan,nan,NO_WELD
30.489,0.032582298035693374,-0.01763355303090967,0.029937265081056923,0.035227330990329826,0.0,0.0,0.0299,0.0352,10,0,0.0093,0.0,0.35156592487770283,0.35156592487770283,0.0,WELD_FOUND
30.539,0.032582298035693374,-0.01763355303090967,0.029937265081056923,0.035227330990329826,0.0,0.0,0.0299,0.0352,10,0,0.0093,0.0,0.35156592487770283,0.35156592487770283,0.0,WELD_FOUND
30.589,0.032582298035693374,-0.015339957317337394,0.030281304438092765,0.034883291633293984,0.0,0.0,0.0303,0.0349,10,0,0.0093,0.0,0.35156592487770283,0.35156592487770283,0.0,WELD_FOUND
30.639,0.032582298035693374,-0.015339957317337394,0.030281304438092765,0.034883291633293984,0.0,0.0,0.0303,0.0349,10,0,0.0093,0.0,0.35156592487770283,0.35156592487770283,0.0,WELD_FOUND
30.689,0.032582298035693374,-0.015339957317337394,0.030281304438092765,0.034883291633293984,0.0,0.0,0.0303,0.0349,10,0,0.0093,0.0,0.35156592487770283,0.35156592487770283,0.0,WELD_FOUND
30.739,0.032582298035693374,-0.015339957317337394,0.030281304438092765,0.034883291633293984,0.0,0.0,0.0303,0.0349,10,0,0.0093,0.0,0.35156592487770283,0.35156592487770283,0.0,WELD_FOUND
30.789,0.032582298035693374,-0.015339957317337394,0.030281304438092765,0.034883291633293984,0.0,0.0,0.0303,0.0349,10,0,0.0093,0.0,0.7031284346608206,0.35156592487770283,0.3515625097831178,WELD_FOUND
30.839,0.032582298035693374,-0.015339957317337394,0.030281304438092765,0.034883291633293984,0.0,0.0,0.0303,0.0349,10,0,0.0093,0.0,0.7031284346608206,0.35156592487770283,0.3515625097831178,WELD_FOUND
30.889,0.0,0.0,0.0,0.0,0.0,0.0,0.0,0.0,10,0,0.0093,0.0,0.7031284346608206,nan,nan,NO_WELD
30.939,0.0,0.0,0.0,0.0,0.0,0.0,0.0,0.0,10,0,0.0093,0.0,0.7031284346608206,nan,nan,NO_WELD
30.989,0.0,0.0,0.0,0.0,0.0,0.0,0.0,0.0,10,0,0.0093,0.0,0.7031284346608206,nan,nan,NO_WELD
31.039,0.0,0.0,0.0,0.0,0.0,0.0,0.0,0.0,10,0,0.0093,0.0,0.7031284346608206,nan,nan,NO_WELD
31.089,0.0,0.0,0.0,0.0,0.0,0.0,0.0,0.0,10,0,0.0093,0.0,0.7031284346608206,nan,nan,NO_WELD
31.14,0.0,0.0,0.0,0.0,0.0,0.0,0.0,0.0,10,0,0.0093,0.0,0.7031284346608206,nan,nan,NO_WELD
31.189,0.035,0.0,0.035,0.035,0.0,0.0,0.035,0.035,10,0,0.0093,0.0,3.4150945850063755e-06,3.4150945850063755e-06,0.0,WELD_FOUND
31.239,0.035,0.0,0.035,0.035,0.0,0.0,0.035,0.035,10,0,0.0093,0.0,3.4150945850063755e-06,3.4150945850063755e-06,0.0,WELD_FOUND
31.289,0.0,0.0,0.0,0.0,0.0,0.0,0.0,0.0,10,0,0.0093,0.0,3.4150945850063755e-06,nan,nan,NO_WELD
31.339,0.0,0.0,0.0,0.0,0.0,0.0,0.0,0.0,10,0,0.0093,0.0,3.4150945850063755e-06,nan,nan,NO_WELD
31.389,0.0,0.0,0.0,0.0,0.0,0.0,0.0,0.0,10,0,0.0093,0.0,3.4150945850063755e-06,nan,nan,NO_WELD
31.439,0.0,0.0,0.0,0.0,0.0,0.0,0.0,0.0,10,0,0.0093,0.0,3.4150945850063755e-06,nan,nan,NO_WELD
31.489,0.0,0.0,0.0,0.0,0.0,0.0,0.0,0.0,10,0,0.0093,0.0,3.4150945850063755e-06,nan,nan,NO_WELD
31.539,0.0,0.0,0.0,0.0,0.0,0.0,0.0,0.0,10,0,0.0093,0.0,3.4150945850063755e-06,nan,nan,NO_WELD
31.589,0.035,0.0,0.035,0.035,0.0,0.0,0.035,0.035,10,0,0.0093,0.0,3.4150945850063755e-06,3.4150945850063755e-06,0.0,WELD_FOUND
31.639,0.035,0.0,0.035,0.035,0.0,0.0,0.035,0.035,10,0,0.0093,0.0,3.4150945850063755e-06,3.4150945850063755e-06,0.0,WELD_FOUND
31.689,0.035,0.0,0.035,0.035,0.0,0.0,0.035,0.035,10,0,0.0093,0.0,0.35156592487770283,0.17578466998614392,0.1757812548915589,WELD_FOUND
31.739,0.035,0.0,0.035,0.035,0.0,0.0,0.035,0.035,10,0,0.0093,0.0,0.35156592487770283,0.17578466998614392,0.1757812548915589,WELD_FOUND
31.789,0.0,0.0,0.0,0.0,0.0,0.0,0.0,0.0,10,0,0.0093,0.0,0.35156592487770283,nan,nan,NO_WELD
31.839,0.0,0.0,0.0,0.0,0.0,0.0,0.0,0.0,10,0,0.0093,0.0,0.35156592487770283,nan,nan,NO_WELD
31.889,0.03286785128724259,-0.017539232534457896,0.030236966407073903,0.03549873616741127,0.0,0.0,0.0302,0.0355,10,0,0.0093,0.0,0.35156592487770283,0.35156592487770283,0.0,WELD_FOUND
31.939,0.03286785128724259,-0.017539232534457896,0.030236966407073903,0.03549873616741127,0.0,0.0,0.0302,0.0355,10,0,0.0093,0.0,0.35156592487770283,0.35156592487770283,0.0,WELD_FOUND
31.989,0.0,0.0,0.0,0.0,0.0,0.0,0.0,0.0,10,0,0.0093,0.0,0.35156592487770283,nan,nan,NO_WELD
32.039,0.0,0.0,0.0,0.0,0.0,0.0,0.0,0.0,10,0,0.0093,0.0,0.35156592487770283,nan,nan,NO_WELD
32.089,0.0,0.0,0.0,0.0,0.0,0.0,0.0,0.0,10,0,0.0093,0.0,0.35156592487770283,nan,nan,NO_WELD
32.14,0.0,0.0,0.0,0.0,0.0,0.0,0.0,0.0,10,0,0.0093,0.0,0.35156592487770283,nan,nan,NO_WELD
32.189,0.035,0.0,0.035,0.035,0.0,0.0,0.035,0.035,10,0,0.0093,0.0,3.4150945850063755e-06,3.4150945850063755e-06,0.0,WELD_FOUND
32.239,0.035,0.0,0.035,0.035,0.0,0.0,0.035,0.035,10,0,0.0093,0.0,3.4150945850063755e-06,3.4150945850063755e-06,0.0,WELD_FOUND
32.289,0.03297477721497416,-0.020519469638277336,0.02989685676923256,0.03605269766071576,0.0,0.0,0.0299,0.0361,10,0,0.0093,0.0,0.7031284346608206,0.35156592487770283,0.3515625097831178,WELD_FOUND
32.339,0.03297477721497416,-0.020519469638277336,0.02989685676923256,0.03605269766071576,0.0,0.0,0.0299,0.0361,10,0,0.0093,0.0,0.7031284346608206,0.35156592487770283,0.3515625097831178,WELD_FOUND
32.389,0.0,0.0,0.0,0.0,0.0,0.0,0.0,0.0,10,0,0.0093,0.0,0.7031284346608206,nan,nan,NO_WELD
32.439,0.0,0.0,0.0,0.0,0.0,0.0,0.0,0.0,10,0,0.0093,0.0,0.7031284346608206,nan,nan,NO_WELD
32.49,0.032660605893320316,-0.015441114230581605,0.030344438758733074,0.034976773027907554,0.0,0.0,0.0303,0.035,10,0,0.0093,0.0,0.35156592487770283,0.35156592487770283,0.0,WELD_FOUND
32.539,0.032660605893320316,-0.015441114230581605,0.030344438758733074,0.034976773027907554,0.0,0.0,0.0303,0.035,10,0,0.0093,0.0,0.35156592487770283,0.35156592487770283,0.0,WELD_FOUND
32.589,0.0,0.0,0.0,0.0,0.0,0.0,0.0,0.0,10,0,0.0093,0.0,0.35156592487770283,nan,nan,NO_WELD
32.639,0.0,0.0,0.0,0.0,0.0,0.0,0.0,0.0,10,0,0.0093,0.0,0.35156592487770283,nan,nan,NO_WELD
32.689,0.0,0.0,0.0,0.0,0.0,0.0,0.0,0.0,10,0,0.0093,0.0,0.35156592487770283,nan,nan,NO_WELD
32.739,0.0,0.0,0.0,0.0,0.0,0.0,0.0,0.0,10,0,0.0093,0.0,0.35156592487770283,nan,nan,NO_WELD
32.789,0.028908710879066903,-0.04474572873893252,0.022196851568227025,0.03562057018990678,0.0,0.0,0.0222,0.0356,10,0,0.0093,0.0,1.054690917763512,1.054690917763512,0.0,WELD_FOUND
32.839,0.028908710879066903,-0.04474572873893252,0.022196851568227025,0.03562057018990678,0.0,0.0,0.0222,0.0356,10,0,0.0093,0.0,1.054690917763512,1.054690917763512,0.0,WELD_FOUND
32.889,0.0,0.0,0.0,0.0,0.0,0.0,0.0,0.0,10,0,0.0093,0.0,1.054690917763512,nan,nan,NO_WELD
32.939,0.0,0.0,0.0,0.0,0.0,0.0,0.0,0.0,10,0,0.0093,0.0,1.054690917763512,nan,nan,NO_WELD
32.989,0.02998021477980546,-0.030308448170299096,0.025433947554260598,0.03452648200535033,0.0,0.0,0.0254,0.0345,10,0,0.0093,0.0,0.7031284346608206,0.7031284346608206,0.0,WELD_FOUND
33.039,0.02998021477980546,-0.030308448170299096,0.025433947554260598,0.03452648200535033,0.0,0.0,0.0254,0.0345,10,0,0.0093,0.0,0.7031284346608206,0.7031284346608206,0.0,WELD_FOUND
33.089,0.0,0.0,0.0,0.0,0.0,0.0,0.0,0.0,10,0,0.0093,0.0,0.7031284346608206,nan,nan,NO_WELD
33.14,0.0,0.0,0.0,0.0,0.0,0.0,0.0,0.0,10,0,0.0093,0.0,0.7031284346608206,nan,nan,NO_WELD
33.189,0.03205321962504115,-0.014656085456120606,0.02985480680662306,0.034251632443459246,0.0,0.0,0.0299,0.0343,10,0,0.0093,0.0,0.35156592487770283,0.35156592487770283,0.0,WELD_FOUND
33.239,0.03205321962504115,-0.014656085456120606,0.02985480680662306,0.034251632443459246,0.0,0.0,0.0299,0.0343,10,0,0.0093,0.0,0.35156592487770283,0.35156592487770283,0.0,WELD_FOUND
33.289,0.03247613588318394,-0.01437886994149785,0.03031930539195926,0.034632966374408616,0.0,0.0,0.0303,0.0346,10,0,0.0093,0.0,0.35156592487770283,0.35156592487770283,0.0,WELD_FOUND
33.339,0.03247613588318394,-0.01437886994149785,0.03031930539195926,0.034632966374408616,0.0,0.0,0.0303,0.0346,10,0,0.0093,0.0,0.35156592487770283,0.35156592487770283,0.0,WELD_FOUND
33.389,0.03256105174637632,-0.015152082463202422,0.03028823937689596,0.034833864115856684,0.0,0.0,0.0303,0.0348,10,0,0.0093,0.0,1.054690917763512,0.35156592487770283,0.7031249928858092,WELD_FOUND
33.439,0.03256105174637632,-0.015152082463202422,0.03028823937689596,0.034833864115856684,0.0,0.0,0.0303,0.0348,10,0,0.0093,0.0,1.054690917763512,0.35156592487770283,0.7031249928858092,WELD_FOUND
33.49,0.03257804822347736,-0.015301837671872619,0.030282772572696466,0.034873323874258254,0.0,0.0,0.0303,0.0349,10,0,0.0093,0.0,0.35156592487770283,0.35156592487770283,0.0,WELD_FOUND
33.539,0.03257804822347736,-0.015301837671872619,0.030282772572696466,0.034873323874258254,0.0,0.0,0.0303,0.0349,10,0,0.0093,0.0,0.35156592487770283,0.35156592487770283,0.0,WELD_FOUND
33.589,0.032581448051076066,-0.015332187008011883,0.030281619999874283,0.03488127610227785,0.0,0.0,0.0303,0.0349,10,0,0.0093,0.0,1.054690917763512,0.35156592487770283,0.7031249928858092,WELD_FOUND
33.639,0.032581448051076066,-0.015332187008011883,0.030281619999874283,0.03488127610227785,0.0,0.0,0.0303,0.0349,10,0,0.0093,0.0,1.054690917763512,0.35156592487770283,0.7031249928858092,WELD_FOUND
33.689,0.0,0.0,0.0,0.0,0.0,0.0,0.0,0.0,10,0,0.0093,0.0,1.054690917763512,nan,nan,NO_WELD
33.739,0.0,0.0,0.0,0.0,0.0,0.0,0.0,0.0,10,0,0.0093,0.0,1.054690917763512,nan,nan,NO_WELD
33.789,0.0,0.0,0.0,0.0,0.0,0.0,0.0,0.0,10,0,0.0093,0.0,1.054690917763512,nan,nan,NO_WELD
33.839,0.0,0.0,0.0,0.0,0.0,0.0,0.0,0.0,10,0,0.0093,0.0,1.054690917763512,nan,nan,NO_WELD
33.889,0.03258212803788295,-0.015340181050078169,0.030281100880371222,0.03488315519539467,0.0,0.0,0.0303,0.0349,10,0,0.0093,0.0,0.35156592487770283,0.35156592487770283,0.0,WELD_FOUND
33.939,0.03258212803788295,-0.015340181050078169,0.030281100880371222,0.03488315519539467,0.0,0.0,0.0303,0.0349,10,0,0.0093,0.0,0.35156592487770283,0.35156592487770283,0.0,WELD_FOUND
33.99,0.0,0.0,0.0,0.0,0.0,0.0,0.0,0.0,10,0,0.0093,0.0,0.35156592487770283,nan,nan,NO_WELD
34.039,0.0,0.0,0.0,0.0,0.0,0.0,0.0,0.0,10,0,0.0093,0.0,0.35156592487770283,nan,nan,NO_WELD
34.089,0.0,0.0,0.0,0.0,0.0,0.0,0.0,0.0,10,0,0.0093,0.0,3.4150945850063755e-06,3.4150945850063755e-06,0.0,WELD_FOUND
34.14,0.035,0.0,0.035,0.035,0.0,0.0,0.035,0.035,10,0,0.0093,0.0,3.4150945850063755e-06,3.4150945850063755e-06,0.0,WELD_FOUND
34.189,0.035,0.0,0.035,0.035,0.0,0.0,0.035,0.035,10,0,0.0093,0.0,3.4150945850063755e-06,3.4150945850063755e-06,0.0,WELD_FOUND
34.239,0.035,0.0,0.035,0.035,0.0,0.0,0.035,0.035,10,0,0.0093,0.0,3.4150945850063755e-06,3.4150945850063755e-06,0.0,WELD_FOUND
34.29,0.0,0.0,0.0,0.0,0.0,0.0,0.0,0.0,10,0,0.0093,0.0,3.4150945850063755e-06,nan,nan,NO_WELD
34.339,0.0,0.0,0.0,0.0,0.0,0.0,0.0,0.0,10,0,0.0093,0.0,3.4150945850063755e-06,nan,nan,NO_WELD
34.389,0.0,0.0,0.0,0.0,0.0,0.0,0.0,0.0,10,0,0.0093,0.0,3.4150945850063755e-06,nan,nan,NO_WELD
34.439,0.0,0.0,0.0,0.0,0.0,0.0,0.0,0.0,10,0,0.0093,0.0,3.4150945850063755e-06,nan,nan,NO_WELD
34.489,0.0,0.0,0.0,0.0,0.0,0.0,0.0,0.0,10,0,0.0093,0.0,3.4150945850063755e-06,nan,nan,NO_WELD
34.539,0.0,0.0,0.0,0.0,0.0,0.0,0.0,0.0,10,0,0.0093,0.0,3.4150945850063755e-06,nan,nan,NO_WELD
34.59,0.0,0.0,0.0,0.0,0.0,0.0,0.0,0.0,10,0,0.0093,0.0,3.4150945850063755e-06,nan,nan,NO_WELD
34.639,0.0,0.0,0.0,0.0,0.0,0.0,0.0,0.0,10,0,0.0093,0.0,3.4150945850063755e-06,nan,nan,NO_WELD
34.69,0.0,0.0,0.0,0.0,0.0,0.0,0.0,0.0,10,0,0.0093,0.0,3.4150945850063755e-06,nan,nan,NO_WELD
34.739,0.0,0.0,0.0,0.0,0.0,0.0,0.0,0.0,10,0,0.0093,0.0,3.4150945850063755e-06,nan,nan,NO_WELD
34.79,0.0,0.0,0.0,0.0,0.0,0.0,0.0,0.0,10,0,0.0093,0.0,3.4150945850063755e-06,nan,nan,NO_WELD
34.839,0.0,0.0,0.0,0.0,0.0,0.0,0.0,0.0,10,0,0.0093,0.0,3.4150945850063755e-06,nan,nan,NO_WELD
34.89,0.0,0.0,0.0,0.0,0.0,0.0,0.0,0.0,10,0,0.0093,0.0,3.4150945850063755e-06,nan,nan,NO_WELD
34.939,0.0,0.0,0.0,0.0,0.0,0.0,0.0,0.0,10,0,0.0093,0.0,3.4150945850063755e-06,nan,nan,NO_WELD
34.989,0.0,0.0,0.0,0.0,0.0,0.0,0.0,0.0,10,0,0.0093,0.0,3.4150945850063755e-06,nan,nan,NO_WELD
35.039,0.0,0.0,0.0,0.0,0.0,0.0,0.0,0.0,10,0,0.0093,0.0,3.4150945850063755e-06,3.4150945850063755e-06,0.0,WELD_FOUND
35.09,0.0,0.0,0.0,0.0,0.0,0.0,0.0,0.0,10,0,0.0093,0.0,3.4150945850063755e-06,3.4150945850063755e-06,0.0,WELD_FOUND
35.14,0.0,0.0,0.0,0.0,0.0,0.0,0.0,0.0,10,0,0.0093,0.0,3.4150945850063755e-06,nan,nan,NO_WELD
35.19,0.0,0.0,0.0,0.0,0.0,0.0,0.0,0.0,10,0,0.0093,0.0,3.4150945850063755e-06,nan,nan,NO_WELD
35.239,0.0,0.0,0.0,0.0,0.0,0.0,0.0,0.0,10,0,0.0093,0.0,3.4150945850063755e-06,nan,nan,NO_WELD
35.29,0.0,0.0,0.0,0.0,0.0,0.0,0.0,0.0,10,0,0.0093,0.0,3.4150945850063755e-06,nan,nan,NO_WELD
35.339,0.0,0.0,0.0,0.0,0.0,0.0,0.0,0.0,10,0,0.0093,0.0,3.4150945850063755e-06,nan,nan,NO_WELD
35.39,0.0,0.0,0.0,0.0,0.0,0.0,0.0,0.0,10,0,0.0093,0.0,3.4150945850063755e-06,nan,nan,NO_WELD
35.439,0.0,0.0,0.0,0.0,0.0,0.0,0.0,0.0,10,0,0.0093,0.0,3.4150945850063755e-06,nan,nan,NO_WELD
35.49,0.0,0.0,0.0,0.0,0.0,0.0,0.0,0.0,10,0,0.0093,0.0,3.4150945850063755e-06,nan,nan,NO_WELD
35.539,0.035,0.0,0.035,0.035,0.0,0.0,0.035,0.035,10,0,0.0093,0.0,3.4150945850063755e-06,3.4150945850063755e-06,0.0,WELD_FOUND
35.59,0.035,0.0,0.035,0.035,0.0,0.0,0.035,0.035,10,0,0.0093,0.0,0.7031284346608206,3.4150945850063755e-06,0.7031250195662356,WELD_FOUND
35.639,0.03305891226031913,-0.01964014776379244,0.030112890095750265,0.036004934424887995,0.0,0.0,0.0301,0.036,10,0,0.0093,0.0,0.7031284346608206,0.35156592487770283,0.3515625097831178,WELD_FOUND
35.69,0.03305891226031913,-0.01964014776379244,0.030112890095750265,0.036004934424887995,0.0,0.0,0.0301,0.036,10,0,0.0093,0.0,3.4150945850063755e-06,0.35156592487770283,-0.3515625097831178,WELD_FOUND
35.739,0.035,0.0,0.035,0.035,0.0,0.0,0.035,0.035,10,0,0.0093,0.0,3.4150945850063755e-06,3.4150945850063755e-06,0.0,WELD_FOUND
35.791,0.035,0.0,0.035,0.035,0.0,0.0,0.035,0.035,10,0,0.0093,0.0,3.4150945850063755e-06,3.4150945850063755e-06,0.0,WELD_FOUND
35.839,0.0,0.0,0.0,0.0,0.0,0.0,0.0,0.0,10,0,0.0093,0.0,3.4150945850063755e-06,nan,nan,NO_WELD
35.889,0.0,0.0,0.0,0.0,0.0,0.0,0.0,0.0,10,0,0.0093,0.0,3.4150945850063755e-06,nan,nan,NO_WELD
35.939,0.033135538209039285,0.015282624767572634,0.03542793192417518,0.03084314449390339,0.0,0.0,0.0354,0.0308,10,0,0.0093,0.0,-0.35155909468853286,-0.35155909468853286,0.0,WELD_FOUND
35.989,0.033135538209039285,0.015282624767572634,0.03542793192417518,0.03084314449390339,0.0,0.0,0.0354,0.0308,10,0,0.0093,0.0,-0.35155909468853286,-0.35155909468853286,0.0,WELD_FOUND
36.039,0.035,0.0,0.035,0.035,0.0,0.0,0.035,0.035,10,0,0.0093,0.0,3.4150945850063755e-06,-0.17577783979697392,0.17578125489155894,WELD_FOUND
36.089,0.035,0.0,0.035,0.035,0.0,0.0,0.035,0.035,10,0,0.0093,0.0,3.4150945850063755e-06,-0.17577783979697392,0.17578125489155894,WELD_FOUND
36.141,0.0,0.0,0.0,0.0,0.0,0.0,0.0,0.0,10,0,0.0093,0.0,3.4150945850063755e-06,nan,nan,NO_WELD
36.189,0.0,0.0,0.0,0.0,0.0,0.0,0.0,0.0,10,0,0.0093,0.0,3.4150945850063755e-06,nan,nan,NO_WELD
36.239,0.033324254119545406,-0.013721138390204855,0.03126608336101468,0.035382424878076135,0.0,0.0,0.0313,0.0354,10,0,0.0093,0.0,0.35156592487770283,0.35156592487770283,0.0,WELD_FOUND
36.289,0.033324254119545406,-0.013721138390204855,0.03126608336101468,0.035382424878076135,0.0,0.0,0.0313,0.0354,10,0,0.0093,0.0,0.35156592487770283,0.35156592487770283,0.0,WELD_FOUND
36.339,0.035,0.0,0.035,0.035,0.0,0.0,0.035,0.035,10,0,0.0093,0.0,-0.35155909468853286,3.4150945850063755e-06,-0.35156250978311787,WELD_FOUND
36.389,0.035,0.0,0.035,0.035,0.0,0.0,0.035,0.035,10,0,0.0093,0.0,-0.35155909468853286,3.4150945850063755e-06,-0.35156250978311787,WELD_FOUND
36.439,0.0,0.0,0.0,0.0,0.0,0.0,0.0,0.0,10,0,0.0093,0.0,-0.35155909468853286,nan,nan,NO_WELD
36.489,0.0,0.0,0.0,0.0,0.0,0.0,0.0,0.0,10,0,0.0093,0.0,-0.35155909468853286,nan,nan,NO_WELD
36.539,0.0,0.0,0.0,0.0,0.0,0.0,0.0,0.0,10,0,0.0093,0.0,-0.35155909468853286,nan,nan,NO_WELD
36.589,0.0,0.0,0.0,0.0,0.0,0.0,0.0,0.0,10,0,0.0093,0.0,-0.35155909468853286,nan,nan,NO_WELD
36.639,0.0,0.0,0.0,0.0,0.0,0.0,0.0,0.0,10,0,0.0093,0.0,-0.35155909468853286,nan,nan,NO_WELD
36.689,0.0,0.0,0.0,0.0,0.0,0.0,0.0,0.0,10,0,0.0093,0.0,-0.35155909468853286,nan,nan,NO_WELD
36.739,0.032582298035693374,-0.017636755514447214,0.029936784708526294,0.035227811362860455,0.0,0.0,0.0299,0.0352,10,0,0.0093,0.0,0.35156592487770283,0.35156592487770283,0.0,WELD_FOUND
36.789,0.032582298035693374,-0.017636755514447214,0.029936784708526294,0.035227811362860455,0.0,0.0,0.0299,0.0352,10,0,0.0093,0.0,0.35156592487770283,0.35156592487770283,0.0,WELD_FOUND
36.839,0.0,0.0,0.0,0.0,0.0,0.0,0.0,0.0,10,0,0.0093,0.0,0.35156592487770283,nan,nan,NO_WELD
36.889,0.0,0.0,0.0,0.0,0.0,0.0,0.0,0.0,10,0,0.0093,0.0,0.35156592487770283,nan,nan,NO_WELD
36.939,0.035,0.0,0.035,0.035,0.0,0.0,0.035,0.035,10,0,0.0093,0.0,3.4150945850063755e-06,3.4150945850063755e-06,0.0,WELD_FOUND
36.989,0.035,0.0,0.035,0.035,0.0,0.0,0.035,0.035,10,0,0.0093,0.0,3.4150945850063755e-06,3.4150945850063755e-06,0.0,WELD_FOUND
37.039,0.035,0.0,0.035,0.035,0.0,0.0,0.035,0.035,10,0,0.0093,0.0,3.4150945850063755e-06,3.4150945850063755e-06,0.0,WELD_FOUND
37.089,0.035,0.0,0.035,0.035,0.0,0.0,0.035,0.035,10,0,0.0093,0.0,3.4150945850063755e-06,3.4150945850063755e-06,0.0,WELD_FOUND
37.141,0.035,0.0,0.035,0.035,0.0,0.0,0.035,0.035,10,0,0.0093,0.0,-0.35155909468853286,3.4150945850063755e-06,-0.35156250978311787,WELD_FOUND
37.189,0.035,0.0,0.035,0.035,0.0,0.0,0.035,0.035,10,0,0.0093,0.0,-0.35155909468853286,3.4150945850063755e-06,-0.35156250978311787,WELD_FOUND
37.239,0.0,0.0,0.0,0.0,0.0,0.0,0.0,0.0,10,0,0.0093,0.0,-0.35155909468853286,nan,nan,NO_WELD
37.289,0.0,0.0,0.0,0.0,0.0,0.0,0.0,0.0,10,0,0.0093,0.0,-0.35155909468853286,nan,nan,NO_WELD
37.339,0.0,0.0,0.0,0.0,0.0,0.0,0.0,0.0,10,0,0.0093,0.0,-0.35155909468853286,nan,nan,NO_WELD
37.389,0.0,0.0,0.0,0.0,0.0,0.0,0.0,0.0,10,0,0.0093,0.0,-0.35155909468853286,nan,nan,NO_WELD
37.439,0.033055085614490116,-0.014747241358709171,0.03084299941068374,0.03526717181829649,0.0,0.0,0.0308,0.0353,10,0,0.0093,0.0,0.35156592487770283,0.35156592487770283,0.0,WELD_FOUND
37.489,0.033055085614490116,-0.014747241358709171,0.03084299941068374,0.03526717181829649,0.0,0.0,0.0308,0.0353,10,0,0.0093,0.0,0.35156592487770283,0.35156592487770283,0.0,WELD_FOUND
37.539,0.0,0.0,0.0,0.0,0.0,0.0,0.0,0.0,10,0,0.0093,0.0,0.35156592487770283,nan,nan,NO_WELD
37.589,0.0,0.0,0.0,0.0,0.0,0.0,0.0,0.0,10,0,0.0093,0.0,0.35156592487770283,nan,nan,NO_WELD
37.639,0.035,0.0,0.035,0.035,0.0,0.0,0.035,0.035,10,0,0.0093,0.0,3.4150945850063755e-06,3.4150945850063755e-06,0.0,WELD_FOUND
37.689,0.035,0.0,0.035,0.035,0.0,0.0,0.035,0.035,10,0,0.0093,0.0,3.4150945850063755e-06,3.4150945850063755e-06,0.0,WELD_FOUND
37.739,0.035,0.0,0.035,0.035,0.0,0.0,0.035,0.035,10,0,0.0093,0.0,0.35156592487770283,0.17578466998614392,0.1757812548915589,WELD_FOUND
37.789,0.035,0.0,0.035,0.035,0.0,0.0,0.035,0.035,10,0,0.0093,0.0,0.35156592487770283,0.17578466998614392,0.1757812548915589,WELD_FOUND
37.839,0.035,0.0,0.035,0.035,0.0,0.0,0.035,0.035,10,0,0.0093,0.0,-0.35155909468853286,3.4150945850063755e-06,-0.35156250978311787,WELD_FOUND
37.889,0.035,0.0,0.035,0.035,0.0,0.0,0.035,0.035,10,0,0.0093,0.0,-0.35155909468853286,3.4150945850063755e-06,-0.35156250978311787,WELD_FOUND
37.939,0.035,0.0,0.035,0.035,0.0,0.0,0.035,0.035,10,0,0.0093,0.0,3.4150945850063755e-06,3.4150945850063755e-06,0.0,WELD_FOUND
37.989,0.035,0.0,0.035,0.035,0.0,0.0,0.035,0.035,10,0,0.0093,0.0,3.4150945850063755e-06,3.4150945850063755e-06,0.0,WELD_FOUND
38.039,0.0,0.0,0.0,0.0,0.0,0.0,0.0,0.0,10,0,0.0093,0.0,3.4150945850063755e-06,nan,nan,NO_WELD
38.089,0.0,0.0,0.0,0.0,0.0,0.0,0.0,0.0,10,0,0.0093,0.0,3.4150945850063755e-06,nan,nan,NO_WELD
38.141,0.03306722626834754,0.01589099962384374,0.035450876211924096,0.030683576324770975,0.0,0.0,0.0355,0.0307,10,0,0.0093,0.0,-0.35155909468853286,-0.35155909468853286,0.0,WELD_FOUND
38.189,0.03306722626834754,0.01589099962384374,0.035450876211924096,0.030683576324770975,0.0,0.0,0.0355,0.0307,10,0,0.0093,0.0,-0.35155909468853286,-0.35155909468853286,0.0,WELD_FOUND
38.239,0.0,0.0,0.0,0.0,0.0,0.0,0.0,0.0,10,0,0.0093,0.0,-0.35155909468853286,nan,nan,NO_WELD
38.289,0.0,0.0,0.0,0.0,0.0,0.0,0.0,0.0,10,0,0.0093,0.0,-0.35155909468853286,nan,nan,NO_WELD
38.339,0.035,0.0,0.035,0.035,0.0,0.0,0.035,0.035,11,0,0.0102,0.0,3.4150945850063755e-06,3.4150945850063755e-06,0.0,WELD_FOUND
38.389,0.035,0.0,0.035,0.035,0.0037,0.0,0.0313,0.035,11,0,0.0102,0.0,3.4150945850063755e-06,3.4150945850063755e-06,0.0,WELD_FOUND
38.439,0.03313516062591585,-0.018802699231743866,0.030314755741154272,0.03595556551067743,0.0037,0.0,0.0266,0.036,11,0,0.0102,0.0,0.7031284346608206,0.35156592487770283,0.3515625097831178,WELD_FOUND
38.489,0.03313516062591585,-0.018802699231743866,0.030314755741154272,0.03595556551067743,0.0037,0.0,0.0266,0.036,11,0,0.0102,0.0,0.7031284346608206,0.35156592487770283,0.3515625097831178,WELD_FOUND
38.539,0.035,0.0,0.035,0.035,0.003,0.0,0.032,0.035,11,0,0.0102,0.0,3.4150945850063755e-06,3.4150945850063755e-06,0.0,WELD_FOUND
38.589,0.035,0.0,0.035,0.035,0.003,0.0,0.032,0.035,11,0,0.0102,0.0,3.4150945850063755e-06,3.4150945850063755e-06,0.0,WELD_FOUND
38.639,0.035,0.0,0.035,0.035,0.0024,0.0,0.0326,0.035,11,0,0.0102,0.0,3.4150945850063755e-06,3.4150945850063755e-06,0.0,WELD_FOUND
38.689,0.035,0.0,0.035,0.035,0.0024,0.0,0.0326,0.035,11,0,0.0102,0.0,3.4150945850063755e-06,3.4150945850063755e-06,0.0,WELD_FOUND
38.739,0.0,0.0,0.0,0.0,0.0019,0.0,-0.0019,0.0,11,0,0.0102,0.0,3.4150945850063755e-06,nan,nan,NO_WELD
38.789,0.0,0.0,0.0,0.0,0.0019,0.0,-0.0019,0.0,11,0,0.0102,0.0,3.4150945850063755e-06,nan,nan,NO_WELD
38.839,0.031158949092576608,-0.03203461590693631,0.026353756706536162,0.035964141478617054,0.0019,0.0,0.0245,0.036,11,0,0.0102,0.0,0.7031284346608206,0.7031284346608206,0.0,WELD_FOUND
38.889,0.031158949092576608,-0.03203461590693631,0.026353756706536162,0.035964141478617054,0.0015,0.0,0.0248,0.036,11,0,0.0102,0.0,0.7031284346608206,0.7031284346608206,0.0,WELD_FOUND
38.939,0.031356434314189975,-0.022537246076451727,0.027975847402722215,0.034737021225657735,0.0015,0.0,0.0265,0.0347,11,0,0.0102,0.0,0.35156592487770283,0.5273471664290486,-0.17578124155134572,WELD_FOUND
38.989,0.031356434314189975,-0.022537246076451727,0.027975847402722215,0.034737021225657735,0.0015,0.0,0.0265,0.0347,11,0,0.0102,0.0,0.35156592487770283,0.5273471664290486,-0.17578124155134572,WELD_FOUND
39.039,0.0,0.0,0.0,0.0,0.0012,0.0,-0.0012,0.0,11,0,0.0102,0.0,0.35156592487770283,nan,nan,NO_WELD
39.089,0.0,0.0,0.0,0.0,0.0012,0.0,-0.0012,0.0,11,0,0.0102,0.0,0.35156592487770283,nan,nan,NO_WELD
39.141,0.0,0.0,0.0,0.0,0.0,0.0,0.0,0.0,11,0,0.0102,0.0,0.35156592487770283,nan,nan,NO_WELD
39.189,0.0,0.0,0.0,0.0,0.0,0.0,0.0,0.0,11,0,0.0102,0.0,0.35156592487770283,nan,nan,NO_WELD
39.239,0.030470610183539092,-0.03038082922343022,0.02591348580002456,0.035027734567053624,0.0,0.0,0.0259,0.035,11,0,0.0102,0.0,0.7031284346608206,0.7031284346608206,0.0,WELD_FOUND
39.289,0.030470610183539092,-0.03038082922343022,0.02591348580002456,0.035027734567053624,0.0,0.0,0.0259,0.035,11,0,0.0102,0.0,0.7031284346608206,0.7031284346608206,0.0,WELD_FOUND
39.339,0.031217713457838935,-0.02126735008761018,0.02802761094469741,0.034407815970980464,0.0,0.0,0.028,0.0344,11,0,0.0102,0.0,0.35156592487770283,0.5273471664290486,-0.17578124155134572,WELD_FOUND
39.389,0.031217713457838935,-0.02126735008761018,0.02802761094469741,0.034407815970980464,0.0,0.0,0.028,0.0344,11,0,0.0102,0.0,0.35156592487770283,0.5273471664290486,-0.17578124155134572,WELD_FOUND
39.439,0.0,0.0,0.0,0.0,0.0,0.0,0.0,0.0,11,0,0.0102,0.0,0.35156592487770283,nan,nan,NO_WELD
39.489,0.0,0.0,0.0,0.0,0.0,0.0,0.0,0.0,11,0,0.0102,0.0,0.35156592487770283,nan,nan,NO_WELD
39.539,0.035,0.0,0.035,0.035,0.0,0.0,0.035,0.035,11,0,0.0102,0.0,-0.35155909468853286,-0.35155909468853286,0.0,WELD_FOUND
39.589,0.035,0.0,0.035,0.035,0.0,0.0,0.035,0.035,11,0,0.0102,0.0,-0.35155909468853286,-0.35155909468853286,0.0,WELD_FOUND
39.639,0.0,0.0,0.0,0.0,0.0,0.0,0.0,0.0,11,0,0.0102,0.0,-0.35155909468853286,nan,nan,NO_WELD
39.689,0.0,0.0,0.0,0.0,0.0,0.0,0.0,0.0,11,0,0.0102,0.0,-0.35155909468853286,nan,nan,NO_WELD
39.739,0.035,0.0,0.035,0.035,0.0,0.0,0.035,0.035,11,0,0.0102,0.0,3.4150945850063755e-06,3.4150945850063755e-06,0.0,WELD_FOUND
39.789,0.035,0.0,0.035,0.035,0.0,0.0,0.035,0.035,11,0,0.0102,0.0,3.4150945850063755e-06,3.4150945850063755e-06,0.0,WELD_FOUND
39.839,0.035,0.0,0.035,0.035,0.0,0.0,0.035,0.035,11,0,0.0102,0.0,3.4150945850063755e-06,3.4150945850063755e-06,0.0,WELD_FOUND
39.889,0.035,0.0,0.035,0.035,0.0,0.0,0.035,0.035,11,0,0.0102,0.0,3.4150945850063755e-06,3.4150945850063755e-06,0.0,WELD_FOUND
39.939,0.0,0.0,0.0,0.0,0.0,0.0,0.0,0.0,11,0,0.0102,0.0,3.4150945850063755e-06,nan,nan,NO_WELD
39.989,0.0,0.0,0.0,0.0,0.0,0.0,0.0,0.0,11,0,0.0102,0.0,3.4150945850063755e-06,nan,nan,NO_WELD
40.039,0.0,0.0,0.0,0.0,0.0,0.0,0.0,0.0,11,0,0.0102,0.0,3.4150945850063755e-06,nan,nan,NO_WELD
40.089,0.0,0.0,0.0,0.0,0.0,0.0,0.0,0.0,11,0,0.0102,0.0,3.4150945850063755e-06,nan,nan,NO_WELD
40.141,0.033049701867048004,0.014796257673243132,0.035269140518034474,0.030830263216061533,0.0,0.0,0.0353,0.0308,11,0,0.0102,0.0,-0.35155909468853286,-0.35155909468853286,0.0,WELD_FOUND
40.189,0.033049701867048004,0.014796257673243132,0.035269140518034474,0.030830263216061533,0.0,0.0,0.0353,0.0308,11,0,0.0102,0.0,-0.35155909468853286,-0.35155909468853286,0.0,WELD_FOUND
40.239,0.035,0.0,0.035,0.035,0.0,0.0,0.035,0.035,11,0,0.0102,0.0,0.35156592487770283,3.4150945850063755e-06,0.3515625097831178,WELD_FOUND
40.289,0.035,0.0,0.035,0.035,0.0,0.0,0.035,0.035,11,0,0.0102,0.0,0.35156592487770283,3.4150945850063755e-06,0.3515625097831178,WELD_FOUND
40.339,0.035,0.0,0.035,0.035,0.0,0.0,0.035,0.035,11,0,0.0102,0.0,3.4150945850063755e-06,3.4150945850063755e-06,0.0,WELD_FOUND
40.389,0.035,0.0,0.035,0.035,0.0,0.0,0.035,0.035,11,0,0.0102,0.0,3.4150945850063755e-06,3.4150945850063755e-06,0.0,WELD_FOUND
40.439,0.035,0.0,0.035,0.035,0.0,0.0,0.035,0.035,11,0,0.0102,0.0,3.4150945850063755e-06,3.4150945850063755e-06,0.0,WELD_FOUND
40.489,0.035,0.0,0.035,0.035,0.0,0.0,0.035,0.035,11,0,0.0102,0.0,3.4150945850063755e-06,3.4150945850063755e-06,0.0,WELD_FOUND
40.539,0.035,0.0,0.035,0.035,0.0,0.0,0.035,0.035,11,0,0.0102,0.0,0.35156592487770283,3.4150945850063755e-06,0.3515625097831178,WELD_FOUND
40.589,0.035,0.0,0.035,0.035,0.0,0.0,0.035,0.035,11,0,0.0102,0.0,0.35156592487770283,3.4150945850063755e-06,0.3515625097831178,WELD_FOUND
40.639,0.035,0.0,0.035,0.035,0.0,0.0,0.035,0.035,11,0,0.0102,0.0,3.4150945850063755e-06,3.4150945850063755e-06,0.0,WELD_FOUND
40.689,0.035,0.0,0.035,0.035,0.0,0.0,0.035,0.035,11,0,0.0102,0.0,3.4150945850063755e-06,3.4150945850063755e-06,0.0,WELD_FOUND
40.739,0.0,0.0,0.0,0.0,0.0,0.0,0.0,0.0,11,0,0.0102,0.0,3.4150945850063755e-06,nan,nan,NO_WELD
40.789,0.0,0.0,0.0,0.0,0.0,0.0,0.0,0.0,11,0,0.0102,0.0,3.4150945850063755e-06,nan,nan,NO_WELD
40.839,0.035,0.0,0.035,0.035,0.0,0.0,0.035,0.035,11,0,0.0102,0.0,3.4150945850063755e-06,3.4150945850063755e-06,0.0,WELD_FOUND
40.889,0.035,0.0,0.035,0.035,0.0,0.0,0.035,0.035,11,0,0.0102,0.0,3.4150945850063755e-06,3.4150945850063755e-06,0.0,WELD_FOUND
40.939,0.0,0.0,0.0,0.0,0.0,0.0,0.0,0.0,11,0,0.0102,0.0,3.4150945850063755e-06,nan,nan,NO_WELD
40.989,0.0,0.0,0.0,0.0,0.0,0.0,0.0,0.0,11,0,0.0102,0.0,3.4150945850063755e-06,nan,nan,NO_WELD
41.039,0.0,0.0,0.0,0.0,0.0,0.0,0.0,0.0,11,0,0.0102,0.0,3.4150945850063755e-06,nan,nan,NO_WELD
41.089,0.0,0.0,0.0,0.0,0.0,0.0,0.0,0.0,11,0,0.0102,0.0,3.4150945850063755e-06,nan,nan,NO_WELD
41.141,0.035,0.0,0.035,0.035,0.0,0.0,0.035,0.035,11,0,0.0102,0.0,3.4150945850063755e-06,3.4150945850063755e-06,0.0,WELD_FOUND
41.189,0.035,0.0,0.035,0.035,0.0,0.0,0.035,0.035,11,0,0.0102,0.0,3.4150945850063755e-06,3.4150945850063755e-06,0.0,WELD_FOUND
41.239,0.035,0.0,0.035,0.035,0.0,0.0,0.035,0.035,11,0,0.0102,0.0,3.4150945850063755e-06,3.4150945850063755e-06,0.0,WELD_FOUND
41.289,0.035,0.0,0.035,0.035,0.0,0.0,0.035,0.035,11,0,0.0102,0.0,3.4150945850063755e-06,3.4150945850063755e-06,0.0,WELD_FOUND
41.339,0.035,0.0,0.035,0.035,0.0,0.0,0.035,0.035,11,0,0.0102,0.0,0.7031284346608206,3.4150945850063755e-06,0.7031250195662356,WELD_FOUND
41.389,0.035,0.0,0.035,0.035,0.0,0.0,0.035,0.035,11,0,0.0102,0.0,0.7031284346608206,3.4150945850063755e-06,0.7031250195662356,WELD_FOUND
41.439,0.035,0.0,0.035,0.035,0.0,0.0,0.035,0.035,11,0,0.0102,0.0,3.4150945850063755e-06,3.4150945850063755e-06,0.0,WELD_FOUND
41.489,0.035,0.0,0.035,0.035,0.0,0.0,0.035,0.035,11,0,0.0102,0.0,3.4150945850063755e-06,3.4150945850063755e-06,0.0,WELD_FOUND
41.539,0.035,0.0,0.035,0.035,0.0,0.0,0.035,0.035,11,0,0.0102,0.0,0.35156592487770283,3.4150945850063755e-06,0.3515625097831178,WELD_FOUND
41.589,0.035,0.0,0.035,0.035,0.0,0.0,0.035,0.035,11,0,0.0102,0.0,0.35156592487770283,3.4150945850063755e-06,0.3515625097831178,WELD_FOUND
41.639,0.0,0.0,0.0,0.0,0.0,0.0,0.0,0.0,11,0,0.0102,0.0,0.35156592487770283,nan,nan,NO_WELD
41.689,0.0,0.0,0.0,0.0,0.0,0.0,0.0,0.0,11,0,0.0102,0.0,0.35156592487770283,nan,nan,NO_WELD
41.739,0.0,0.0,0.0,0.0,0.0,0.0,0.0,0.0,11,0,0.0102,0.0,0.35156592487770283,nan,nan,NO_WELD
41.789,0.0,0.0,0.0,0.0,0.0,0.0,0.0,0.0,11,0,0.0102,0.0,0.35156592487770283,nan,nan,NO_WELD
41.839,0.031173219530775183,-0.02943755187493394,0.026757586749535094,0.03558885231201527,0.0,0.0,0.0268,0.0356,11,0,0.0102,0.0,0.7031284346608206,0.7031284346608206,0.0,WELD_FOUND
41.889,0.031173219530775183,-0.02943755187493394,0.026757586749535094,0.03558885231201527,0.0,0.0,0.0268,0.0356,11,0,0.0102,0.0,0.7031284346608206,0.7031284346608206,0.0,WELD_FOUND
41.939,0.0,0.0,0.0,0.0,0.0,0.0,0.0,0.0,11,0,0.0102,0.0,0.7031284346608206,nan,nan,NO_WELD
41.989,0.0,0.0,0.0,0.0,0.0,0.0,0.0,0.0,11,0,0.0102,0.0,0.7031284346608206,nan,nan,NO_WELD
42.039,0.0,0.0,0.0,0.0,0.0,0.0,0.0,0.0,11,0,0.0102,0.0,0.7031284346608206,nan,nan,NO_WELD
42.089,0.0,0.0,0.0,0.0,0.0,0.0,0.0,0.0,11,0,0.0102,0.0,0.7031284346608206,nan,nan,NO_WELD
42.141,0.02862627327032615,-0.04514243629622072,0.02185490782589304,0.03539763871475926,0.0,0.0,0.0219,0.0354,11,0,0.0102,0.0,1.054690917763512,1.054690917763512,0.0,WELD_FOUND
42.189,0.02862627327032615,-0.04514243629622072,0.02185490782589304,0.03539763871475926,0.0,0.0,0.0219,0.0354,11,0,0.0102,0.0,1.054690917763512,1.054690917763512,0.0,WELD_FOUND
42.239,0.0,0.0,0.0,0.0,0.0,0.0,0.0,0.0,11,0,0.0102,0.0,1.054690917763512,nan,nan,NO_WELD
42.289,0.0,0.0,0.0,0.0,0.0,0.0,0.0,0.0,11,0,0.0102,0.0,1.054690917763512,nan,nan,NO_WELD
42.339,0.029922576460277624,-0.030231393344649495,0.0253878674585802,0.034457285461975046,0.0,0.0,0.0254,0.0345,11,0,0.0102,0.0,0.7031284346608206,0.7031284346608206,0.0,WELD_FOUND
42.389,0.029922576460277624,-0.030231393344649495,0.0253878674585802,0.034457285461975046,0.0,0.0,0.0254,0.0345,11,0,0.0102,0.0,0.7031284346608206,0.7031284346608206,0.0,WELD_FOUND
42.439,0.0,0.0,0.0,0.0,0.0,0.0,0.0,0.0,11,0,0.0102,0.0,0.7031284346608206,nan,nan,NO_WELD
42.489,0.0,0.0,0.0,0.0,0.0,0.0,0.0,0.0,11,0,0.0102,0.0,0.7031284346608206,nan,nan,NO_WELD
42.539,0.0,0.0,0.0,0.0,0.0,0.0,0.0,0.0,11,0,0.0102,0.0,0.7031284346608206,nan,nan,NO_WELD
42.589,0.0,0.0,0.0,0.0,0.0,0.0,0.0,0.0,11,0,0.0102,0.0,0.7031284346608206,nan,nan,NO_WELD
42.639,0.0,0.0,0.0,0.0,0.0,0.0,0.0,0.0,11,0,0.0102,0.0,0.7031284346608206,nan,nan,NO_WELD
42.689,0.0,0.0,0.0,0.0,0.0,0.0,0.0,0.0,11,0,0.0102,0.0,0.7031284346608206,nan,nan,NO_WELD
42.739,0.0,0.0,0.0,0.0,0.0,0.0,0.0,0.0,11,0,0.0102,0.0,0.7031284346608206,nan,nan,NO_WELD
42.789,0.0,0.0,0.0,0.0,0.0,0.0,0.0,0.0,11,0,0.0102,0.0,0.7031284346608206,nan,nan,NO_WELD
42.839,0.0,0.0,0.0,0.0,0.0,0.0,0.0,0.0,11,0,0.0102,0.0,0.7031284346608206,nan,nan,NO_WELD
42.889,0.0,0.0,0.0,0.0,0.0,0.0,0.0,0.0,11,0,0.0102,0.0,0.7031284346608206,nan,nan,NO_WELD
42.939,0.032582298035693374,-0.016867260003963127,0.030052209035098906,0.03511238703628784,0.0,0.0,0.0301,0.0351,11,0,0.0102,0.0,0.35156592487770283,0.35156592487770283,0.0,WELD_FOUND
42.989,0.032582298035693374,-0.016867260003963127,0.030052209035098906,0.03511238703628784,0.0,0.0,0.0301,0.0351,11,0,0.0102,0.0,0.35156592487770283,0.35156592487770283,0.0,WELD_FOUND
43.039,0.03163945173812606,-0.025185290745263746,0.027861658126336498,0.035417245349915624,0.0,0.0,0.0279,0.0354,11,0,0.0102,0.0,0.7031284346608206,0.5273471664290486,0.1757812682317721,WELD_FOUND
43.089,0.03163945173812606,-0.025185290745263746,0.027861658126336498,0.035417245349915624,0.0,0.0,0.0279,0.0354,11,0,0.0102,0.0,0.7031284346608206,0.5273471664290486,0.1757812682317721,WELD_FOUND
43.141,0.032392621354411365,-0.013667804817175073,0.030342450631835105,0.034442792076987624,0.0,0.0,0.0303,0.0344,11,0,0.0102,0.0,3.4150945850063755e-06,0.35156592487770283,-0.3515625097831178,WELD_FOUND
43.189,0.032392621354411365,-0.013667804817175073,0.030342450631835105,0.034442792076987624,0.0,0.0,0.0303,0.0344,11,0,0.0102,0.0,3.4150945850063755e-06,0.35156592487770283,-0.3515625097831178,WELD_FOUND
43.239,0.035,0.0,0.035,0.035,0.0,0.0,0.035,0.035,11,0,0.0102,0.0,3.4150945850063755e-06,0.17578466998614392,-0.1757812548915589,WELD_FOUND
43.289,0.035,0.0,0.035,0.035,0.0,0.0,0.035,0.035,11,0,0.0102,0.0,3.4150945850063755e-06,0.17578466998614392,-0.1757812548915589,WELD_FOUND
43.339,0.03276490859538013,-0.022704647765214817,0.029359211430597908,0.03617060576016235,0.0,0.0,0.0294,0.0362,11,0,0.0102,0.0,0.35156592487770283,0.35156592487770283,0.0,WELD_FOUND
43.389,0.03276490859538013,-0.022704647765214817,0.029359211430597908,0.03617060576016235,0.0,0.0,0.0294,0.0362,11,0,0.0102,0.0,0.35156592487770283,0.35156592487770283,0.0,WELD_FOUND
43.439,0.0,0.0,0.0,0.0,0.0,0.0,0.0,0.0,11,0,0.0102,0.0,0.35156592487770283,nan,nan,NO_WELD
43.489,0.0,0.0,0.0,0.0,0.0,0.0,0.0,0.0,11,0,0.0102,0.0,0.35156592487770283,nan,nan,NO_WELD
43.539,0.032618779323628194,-0.015387183099356027,0.03031070185872479,0.0349268567885316,0.0,0.0,0.0303,0.0349,11,0,0.0102,0.0,0.35156592487770283,0.35156592487770283,0.0,WELD_FOUND
43.589,0.032618779323628194,-0.015387183099356027,0.03031070185872479,0.0349268567885316,0.0,0.0,0.0303,0.0349,11,0,0.0102,0.0,0.35156592487770283,0.35156592487770283,0.0,WELD_FOUND
43.639,0.0,0.0,0.0,0.0,0.0,0.0,0.0,0.0,11,0,0.0102,0.0,0.35156592487770283,nan,nan,NO_WELD
43.689,0.0,0.0,0.0,0.0,0.0,0.0,0.0,0.0,11,0,0.0102,0.0,0.35156592487770283,nan,nan,NO_WELD
43.739,0.03353163385548424,0.01649280994164412,0.036005555346730854,0.03105771236423762,0.0,0.0,0.036,0.0311,11,0,0.0102,0.0,-0.35155909468853286,-0.35155909468853286,0.0,WELD_FOUND
43.789,0.03353163385548424,0.01649280994164412,0.036005555346730854,0.03105771236423762,0.0,0.0,0.036,0.0311,11,0,0.0102,0.0,-0.35155909468853286,-0.35155909468853286,0.0,WELD_FOUND
43.839,0.035,0.0,0.035,0.035,0.0,0.0,0.035,0.035,11,0,0.0102,0.0,3.4150945850063755e-06,-0.17577783979697392,0.17578125489155894,WELD_FOUND
43.889,0.035,0.0,0.035,0.035,0.0,0.0,0.035,0.035,11,0,0.0102,0.0,3.4150945850063755e-06,-0.17577783979697392,0.17578125489155894,WELD_FOUND
43.939,0.035,0.0,0.035,0.035,0.0,0.0,0.035,0.035,11,0,0.0102,0.0,0.7031284346608206,3.4150945850063755e-06,0.7031250195662356,WELD_FOUND
43.989,0.035,0.0,0.035,0.035,0.0,0.0,0.035,0.035,11,0,0.0102,0.0,0.7031284346608206,3.4150945850063755e-06,0.7031250195662356,WELD_FOUND
44.039,0.0,0.0,0.0,0.0,0.0,0.0,0.0,0.0,11,0,0.0102,0.0,0.7031284346608206,nan,nan,NO_WELD
44.089,0.0,0.0,0.0,0.0,0.0,0.0,0.0,0.0,11,0,0.0102,0.0,0.7031284346608206,nan,nan,NO_WELD
44.141,0.0,0.0,0.0,0.0,0.0,0.0,0.0,0.0,11,0,0.0102,0.0,0.7031284346608206,nan,nan,NO_WELD
44.189,0.0,0.0,0.0,0.0,0.0,0.0,0.0,0.0,11,0,0.0102,0.0,0.7031284346608206,nan,nan,NO_WELD
44.239,0.0,0.0,0.0,0.0,0.0,0.0,0.0,0.0,11,0,0.0102,0.0,0.7031284346608206,nan,nan,NO_WELD
44.289,0.0,0.0,0.0,0.0,0.0,0.0,0.0,0.0,11,0,0.0102,0.0,0.7031284346608206,nan,nan,NO_WELD
44.339,0.0,0.0,0.0,0.0,0.0,0.0,0.0,0.0,11,0,0.0102,0.0,0.7031284346608206,nan,nan,NO_WELD
44.389,0.0,0.0,0.0,0.0,0.0,0.0,0.0,0.0,11,0,0.0102,0.0,0.7031284346608206,nan,nan,NO_WELD
44.439,0.0,0.0,0.0,0.0,0.0,0.0,0.0,0.0,11,0,0.0102,0.0,0.35156592487770283,0.35156592487770283,0.0,WELD_FOUND
44.489,0.0,0.0,0.0,0.0,0.0,0.0,0.0,0.0,11,0,0.0102,0.0,0.35156592487770283,0.35156592487770283,0.0,WELD_FOUND
44.539,0.035,0.0,0.035,0.035,0.0,0.0,0.035,0.035,11,0,0.0102,0.0,3.4150945850063755e-06,0.17578466998614392,-0.1757812548915589,WELD_FOUND
44.589,0.035,0.0,0.035,0.035,0.0,0.0,0.035,0.035,11,0,0.0102,0.0,3.4150945850063755e-06,0.17578466998614392,-0.1757812548915589,WELD_FOUND
44.639,0.032820172561312255,-0.022087135502362645,0.029507102235957858,0.03613324288666665,0.0,0.0,0.0295,0.0361,11,0,0.0102,0.0,0.35156592487770283,0.35156592487770283,0.0,WELD_FOUND
44.689,0.032820172561312255,-0.022087135502362645,0.029507102235957858,0.03613324288666665,0.0,0.0,0.0295,0.0361,11,0,0.0102,0.0,0.35156592487770283,0.35156592487770283,0.0,WELD_FOUND
44.739,0.032629803726946106,-0.015762569182406445,0.03026541834958514,0.03499418910430707,0.0,0.0,0.0303,0.035,11,0,0.0102,0.0,0.35156592487770283,0.35156592487770283,0.0,WELD_FOUND
44.789,0.032629803726946106,-0.015762569182406445,0.03026541834958514,0.03499418910430707,0.0,0.0,0.0303,0.035,11,0,0.0102,0.0,0.35156592487770283,0.35156592487770283,0.0,WELD_FOUND
44.839,0.032591796405389076,-0.015425256052616878,0.030278007997496543,0.034905584813281605,0.0,0.0,0.0303,0.0349,11,0,0.0102,0.0,0.35156592487770283,0.35156592487770283,0.0,WELD_FOUND
44.889,0.032591796405389076,-0.015425256052616878,0.030278007997496543,0.034905584813281605,0.0,0.0,0.0303,0.0349,11,0,0.0102,0.0,0.35156592487770283,0.35156592487770283,0.0,WELD_FOUND
44.939,0.0,0.0,0.0,0.0,0.0,0.0,0.0,0.0,11,0,0.0102,0.0,0.35156592487770283,nan,nan,NO_WELD
44.989,0.0,0.0,0.0,0.0,0.0,0.0,0.0,0.0,11,0,0.0102,0.0,0.35156592487770283,nan,nan,NO_WELD
45.039,0.0,0.0,0.0,0.0,0.0,0.0,0.0,0.0,11,0,0.0102,0.0,0.35156592487770283,nan,nan,NO_WELD
45.089,0.0,0.0,0.0,0.0,0.0,0.0,0.0,0.0,11,0,0.0102,0.0,0.35156592487770283,nan,nan,NO_WELD
45.14,0.03258419759889032,-0.015337493056829018,0.03028357364036597,0.03488482155741467,0.0,0.0,0.0303,0.0349,11,0,0.0102,0.0,0.35156592487770283,0.35156592487770283,0.0,WELD_FOUND
45.189,0.03258419759889032,-0.015337493056829018,0.03028357364036597,0.03488482155741467,0.0,0.0,0.0303,0.0349,11,0,0.0102,0.0,0.35156592487770283,0.35156592487770283,0.0,WELD_FOUND
45.239,0.03071081690670046,-0.03490602711938638,0.025474912838792503,0.035946720974608416,0.0,0.0,0.0255,0.0359,11,0,0.0102,0.0,1.054690917763512,0.7031284346608206,0.35156248310269134,WELD_FOUND
45.289,0.03071081690670046,-0.03490602711938638,0.025474912838792503,0.035946720974608416,0.0,0.0,0.0255,0.0359,11,0,0.0102,0.0,1.054690917763512,0.7031284346608206,0.35156248310269134,WELD_FOUND
45.339,0.03220357389384616,-0.011983342234814273,0.03040607255862402,0.034001075229068305,0.0,0.0,0.0304,0.034,11,0,0.0102,0.0,0.35156592487770283,0.35156592487770283,0.0,WELD_FOUND
45.389,0.03220357389384616,-0.011983342234814273,0.03040607255862402,0.034001075229068305,0.0,0.0,0.0304,0.034,11,0,0.0102,0.0,0.35156592487770283,0.35156592487770283,0.0,WELD_FOUND
45.439,0.0,0.0,0.0,0.0,0.0,0.0,0.0,0.0,11,0,0.0102,0.0,0.35156592487770283,nan,nan,NO_WELD
45.489,0.0,0.0,0.0,0.0,0.0,0.0,0.0,0.0,11,0,0.0102,0.0,0.35156592487770283,nan,nan,NO_WELD
45.539,0.032506376090681986,-0.015237784591915524,0.03022070840189466,0.03479204377946932,0.0,0.0,0.0302,0.0348,11,0,0.0102,0.0,0.35156592487770283,0.35156592487770283,0.0,WELD_FOUND
45.589,0.032506376090681986,-0.015237784591915524,0.03022070840189466,0.03479204377946932,0.0,0.0,0.0302,0.0348,11,0,0.0102,0.0,0.35156592487770283,0.35156592487770283,0.0,WELD_FOUND
45.639,0.035,0.0,0.035,0.035,0.0,0.0,0.035,0.035,11,0,0.0102,0.0,-0.35155909468853286,3.4150945850063755e-06,-0.35156250978311787,WELD_FOUND
45.689,0.035,0.0,0.035,0.035,0.0,0.0,0.035,0.035,11,0,0.0102,0.0,-0.35155909468853286,3.4150945850063755e-06,-0.35156250978311787,WELD_FOUND
45.739,0.032960256266582375,-0.020524745551891342,0.029881544433798674,0.036038968099366075,0.0,0.0,0.0299,0.036,11,0,0.0102,0.0,0.35156592487770283,0.35156592487770283,0.0,WELD_FOUND
45.789,0.032960256266582375,-0.020524745551891342,0.029881544433798674,0.036038968099366075,0.0,0.0,0.0299,0.036,11,0,0.0102,0.0,0.35156592487770283,0.35156592487770283,0.0,WELD_FOUND
45.839,0.03265771531745901,-0.01602529593778547,0.030253920926791186,0.035061509708126826,0.0,0.0,0.0303,0.0351,11,0,0.0102,0.0,1.054690917763512,0.35156592487770283,0.7031249928858092,WELD_FOUND
45.889,0.03265771531745901,-0.01602529593778547,0.030253920926791186,0.035061509708126826,0.0,0.0,0.0303,0.0351,11,0,0.0102,0.0,1.054690917763512,0.35156592487770283,0.7031249928858092,WELD_FOUND
45.939,0.03259737451747001,-0.015477648215575724,0.03027572728513365,0.03491902174980637,0.0,0.0,0.0303,0.0349,11,0,0.0102,0.0,0.7031284346608206,0.35156592487770283,0.3515625097831178,WELD_FOUND
45.989,0.03259737451747001,-0.015477648215575724,0.03027572728513365,0.03491902174980637,0.0,0.0,0.0303,0.0349,11,0,0.0102,0.0,0.7031284346608206,0.35156592487770283,0.3515625097831178,WELD_FOUND
46.039,0.03071337520493575,-0.034942386584721194,0.025472017217227572,0.03595473319264393,0.0,0.0,0.0255,0.036,11,0,0.0102,0.0,1.4062534542270564,0.7031284346608206,0.7031250195662357,WELD_FOUND
46.089,0.03071337520493575,-0.034942386584721194,0.025472017217227572,0.03595473319264393,0.0,0.0,0.0255,0.036,11,0,0.0102,0.0,1.4062534542270564,0.7031284346608206,0.7031250195662357,WELD_FOUND
46.14,0.03034330451161321,-0.03154049683401852,0.025612229986510433,0.03507437903671599,0.0,0.0,0.0256,0.0351,11,0,0.0102,0.0,0.7031284346608206,0.7031284346608206,0.0,WELD_FOUND
46.189,0.03034330451161321,-0.03154049683401852,0.025612229986510433,0.03507437903671599,0.0,0.0,0.0256,0.0351,11,0,0.0102,0.0,0.7031284346608206,0.7031284346608206,0.0,WELD_FOUND
46.239,0.030269559539716075,-0.030853154711487144,0.025641586332993002,0.03489753274643915,0.0,0.0,0.0256,0.0349,11,0,0.0102,0.0,3.4150945850063755e-06,0.7031284346608206,-0.7031250195662356,WELD_FOUND
46.289,0.030269559539716075,-0.030853154711487144,0.025641586332993002,0.03489753274643915,0.0,0.0,0.0256,0.0349,11,0,0.0102,0.0,3.4150945850063755e-06,0.7031284346608206,-0.7031250195662356,WELD_FOUND
46.339,0.0,0.0,0.0,0.0,0.0,0.0,0.0,0.0,11,0,0.0102,0.0,3.4150945850063755e-06,nan,nan,NO_WELD
46.389,0.0,0.0,0.0,0.0,0.0,0.0,0.0,0.0,11,0,0.0102,0.0,3.4150945850063755e-06,nan,nan,NO_WELD
46.439,0.035,0.0,0.035,0.035,0.0,0.0,0.035,0.035,11,0,0.0102,0.0,-0.35155909468853286,-0.35155909468853286,0.0,WELD_FOUND
46.489,0.035,0.0,0.035,0.035,0.0,0.0,0.035,0.035,11,0,0.0102,0.0,-0.35155909468853286,-0.35155909468853286,0.0,WELD_FOUND
46.539,0.0,0.0,0.0,0.0,0.0,0.0,0.0,0.0,11,0,0.0102,0.0,-0.35155909468853286,nan,nan,NO_WELD
46.589,0.0,0.0,0.0,0.0,0.0,0.0,0.0,0.0,11,0,0.0102,0.0,-0.35155909468853286,nan,nan,NO_WELD
46.639,0.035,0.0,0.035,0.035,0.0,0.0,0.035,0.035,11,0,0.0102,0.0,3.4150945850063755e-06,3.4150945850063755e-06,0.0,WELD_FOUND
46.689,0.035,0.0,0.035,0.035,0.0,0.0,0.035,0.035,11,0,0.0102,0.0,3.4150945850063755e-06,3.4150945850063755e-06,0.0,WELD_FOUND
46.739,0.035,0.0,0.035,0.035,0.0,0.0,0.035,0.035,11,0,0.0102,0.0,-0.35155909468853286,-0.17577783979697392,-0.17578125489155894,WELD_FOUND
46.789,0.035,0.0,0.035,0.035,0.0,0.0,0.035,0.035,11,0,0.0102,0.0,-0.35155909468853286,-0.17577783979697392,-0.17578125489155894,WELD_FOUND
46.839,0.0,0.0,0.0,0.0,0.0,0.0,0.0,0.0,11,0,0.0102,0.0,-0.35155909468853286,nan,nan,NO_WELD
46.889,0.0,0.0,0.0,0.0,0.0,0.0,0.0,0.0,11,0,0.0102,0.0,-0.35155909468853286,nan,nan,NO_WELD
46.939,0.0,0.0,0.0,0.0,0.0,0.0,0.0,0.0,11,0,0.0102,0.0,-0.35155909468853286,nan,nan,NO_WELD
46.989,0.0,0.0,0.0,0.0,0.0,0.0,0.0,0.0,11,0,0.0102,0.0,-0.35155909468853286,nan,nan,NO_WELD
47.039,0.035,0.0,0.035,0.035,0.0,0.0,0.035,0.035,11,0,0.0102,0.0,3.4150945850063755e-06,3.4150945850063755e-06,0.0,WELD_FOUND
47.089,0.035,0.0,0.035,0.035,0.0,0.0,0.035,0.035,11,0,0.0102,0.0,3.4150945850063755e-06,3.4150945850063755e-06,0.0,WELD_FOUND
47.14,0.0,0.0,0.0,0.0,0.0,0.0,0.0,0.0,11,0,0.0102,0.0,3.4150945850063755e-06,nan,nan,NO_WELD
47.189,0.0,0.0,0.0,0.0,0.0,0.0,0.0,0.0,11,0,0.0102,0.0,3.4150945850063755e-06,nan,nan,NO_WELD
47.239,0.03309872867192769,-0.015602734796410053,0.03075831845246618,0.035439138891389194,0.0,0.0,0.0308,0.0354,11,0,0.0102,0.0,0.35156592487770283,0.35156592487770283,0.0,WELD_FOUND
47.289,0.03309872867192769,-0.015602734796410053,0.03075831845246618,0.035439138891389194,0.0,0.0,0.0308,0.0354,11,0,0.0102,0.0,0.35156592487770283,0.35156592487770283,0.0,WELD_FOUND
47.339,0.0,0.0,0.0,0.0,0.0,0.0,0.0,0.0,11,0,0.0102,0.0,0.35156592487770283,nan,nan,NO_WELD
47.389,0.0,0.0,0.0,0.0,0.0,0.0,0.0,0.0,11,0,0.0102,0.0,0.35156592487770283,nan,nan,NO_WELD
47.439,0.035,0.0,0.035,0.035,0.0,0.0,0.035,0.035,11,0,0.0102,0.0,3.4150945850063755e-06,3.4150945850063755e-06,0.0,WELD_FOUND
47.489,0.035,0.0,0.035,0.035,0.0,0.0,0.035,0.035,11,0,0.0102,0.0,3.4150945850063755e-06,3.4150945850063755e-06,0.0,WELD_FOUND
47.539,0.0,0.0,0.0,0.0,0.0,0.0,0.0,0.0,11,0,0.0102,0.0,3.4150945850063755e-06,nan,nan,NO_WELD
47.589,0.0,0.0,0.0,0.0,0.0,0.0,0.0,0.0,11,0,0.0102,0.0,3.4150945850063755e-06,nan,nan,NO_WELD
47.639,0.0,0.0,0.0,0.0,0.0,0.0,0.0,0.0,11,0,0.0102,0.0,3.4150945850063755e-06,nan,nan,NO_WELD
47.689,0.0,0.0,0.0,0.0,0.0,0.0,0.0,0.0,11,0,0.0102,0.0,3.4150945850063755e-06,nan,nan,NO_WELD
47.739,0.0,0.0,0.0,0.0,0.0,0.0,0.0,0.0,11,0,0.0102,0.0,3.4150945850063755e-06,nan,nan,NO_WELD
47.789,0.0,0.0,0.0,0.0,0.0,0.0,0.0,0.0,11,0,0.0102,0.0,3.4150945850063755e-06,nan,nan,NO_WELD
47.839,0.0,0.0,0.0,0.0,0.0,0.0,0.0,0.0,11,0,0.0102,0.0,3.4150945850063755e-06,nan,nan,NO_WELD
47.889,0.0,0.0,0.0,0.0,0.0,0.0,0.0,0.0,11,0,0.0102,0.0,3.4150945850063755e-06,nan,nan,NO_WELD
47.939,0.035,0.0,0.035,0.035,0.0,0.0,0.035,0.035,11,0,0.0102,0.0,3.4150945850063755e-06,3.4150945850063755e-06,0.0,WELD_FOUND
47.989,0.035,0.0,0.035,0.035,0.0,0.0,0.035,0.035,11,0,0.0102,0.0,3.4150945850063755e-06,3.4150945850063755e-06,0.0,WELD_FOUND
48.039,0.035,0.0,0.035,0.035,0.0,0.0,0.035,0.035,11,0,0.0102,0.0,3.4150945850063755e-06,3.4150945850063755e-06,0.0,WELD_FOUND
48.089,0.035,0.0,0.035,0.035,0.0,0.0,0.035,0.035,11,0,0.0102,0.0,3.4150945850063755e-06,3.4150945850063755e-06,0.0,WELD_FOUND
48.14,0.035,0.0,0.035,0.035,0.0,0.0,0.035,0.035,11,0,0.0102,0.0,3.4150945850063755e-06,3.4150945850063755e-06,0.0,WELD_FOUND
48.189,0.035,0.0,0.035,0.035,0.0,0.0,0.035,0.035,11,0,0.0102,0.0,3.4150945850063755e-06,3.4150945850063755e-06,0.0,WELD_FOUND
48.239,0.035,0.0,0.035,0.035,0.0,0.0,0.035,0.035,11,0,0.0102,0.0,3.4150945850063755e-06,3.4150945850063755e-06,0.0,WELD_FOUND
48.289,0.035,0.0,0.035,0.035,0.0,0.0,0.035,0.035,11,0,0.0102,0.0,3.4150945850063755e-06,3.4150945850063755e-06,0.0,WELD_FOUND
48.339,0.0,0.0,0.0,0.0,0.0,0.0,0.0,0.0,11,0,0.0102,0.0,3.4150945850063755e-06,nan,nan,NO_WELD
48.389,0.0,0.0,0.0,0.0,0.0,0.0,0.0,0.0,11,0,0.0102,0.0,3.4150945850063755e-06,nan,nan,NO_WELD
48.439,0.0,0.0,0.0,0.0,0.0,0.0,0.0,0.0,11,0,0.0102,0.0,3.4150945850063755e-06,nan,nan,NO_WELD
48.489,0.0,0.0,0.0,0.0,0.0,0.0,0.0,0.0,11,0,0.0102,0.0,3.4150945850063755e-06,nan,nan,NO_WELD
48.539,0.031173219523127963,-0.02942197974887711,0.026759922560796397,0.03558651648545953,0.0,0.0,0.0268,0.0356,11,0,0.0102,0.0,0.7031284346608206,0.7031284346608206,0.0,WELD_FOUND
48.589,0.031173219523127963,-0.02942197974887711,0.026759922560796397,0.03558651648545953,0.0,0.0,0.0268,0.0356,11,0,0.0102,0.0,0.7031284346608206,0.7031284346608206,0.0,WELD_FOUND
48.639,0.031359297168202765,-0.022575713438217376,0.02797294015247016,0.034745654183935375,0.0,0.0,0.028,0.0347,11,0,0.0102,0.0,0.35156592487770283,0.5273471664290486,-0.17578124155134572,WELD_FOUND
48.689,0.031359297168202765,-0.022575713438217376,0.02797294015247016,0.034745654183935375,0.0,0.0,0.028,0.0347,11,0,0.0102,0.0,0.35156592487770283,0.5273471664290486,-0.17578124155134572,WELD_FOUND
48.739,0.030471174598525504,-0.03272433060956825,0.025562525007090265,0.03537982418996074,0.0,0.0,0.0256,0.0354,11,0,0.0102,0.0,1.054690917763512,0.7031284346608206,0.35156248310269134,WELD_FOUND
48.789,0.030471174598525504,-0.03272433060956825,0.025562525007090265,0.03537982418996074,0.0,0.0,0.0256,0.0354,11,0,0.0102,0.0,1.054690917763512,0.7031284346608206,0.35156248310269134,WELD_FOUND
48.839,0.031217827715910022,-0.021283713791109257,0.028025270647243635,0.03441038478457641,0.0,0.0,0.028,0.0344,11,0,0.0102,0.0,0.35156592487770283,0.5273471664290486,-0.17578124155134572,WELD_FOUND
48.889,0.031217827715910022,-0.021283713791109257,0.028025270647243635,0.03441038478457641,0.0,0.0,0.028,0.0344,11,0,0.0102,0.0,0.35156592487770283,0.5273471664290486,-0.17578124155134572,WELD_FOUND
48.939,0.0,0.0,0.0,0.0,0.0,0.0,0.0,0.0,11,0,0.0102,0.0,0.35156592487770283,nan,nan,NO_WELD
48.989,0.0,0.0,0.0,0.0,0.0,0.0,0.0,0.0,11,0,0.0102,0.0,0.35156592487770283,nan,nan,NO_WELD
49.039,0.0,0.0,0.0,0.0,0.0,0.0,0.0,0.0,11,0,0.0102,0.0,0.35156592487770283,nan,nan,NO_WELD
49.089,0.0,0.0,0.0,0.0,0.0,0.0,0.0,0.0,11,0,0.0102,0.0,0.35156592487770283,nan,nan,NO_WELD
49.14,0.035,0.0,0.035,0.035,0.0,0.0,0.035,0.035,11,0,0.0102,0.0,3.4150945850063755e-06,3.4150945850063755e-06,0.0,WELD_FOUND
49.189,0.035,0.0,0.035,0.035,0.0,0.0,0.035,0.035,11,0,0.0102,0.0,3.4150945850063755e-06,3.4150945850063755e-06,0.0,WELD_FOUND
49.239,0.035,0.0,0.035,0.035,0.0,0.0,0.035,0.035,11,0,0.0102,0.0,0.35156592487770283,0.17578466998614392,0.1757812548915589,WELD_FOUND
49.289,0.035,0.0,0.035,0.035,0.0,0.0,0.035,0.035,11,0,0.0102,0.0,0.35156592487770283,0.17578466998614392,0.1757812548915589,WELD_FOUND
49.339,0.0,0.0,0.0,0.0,0.0,0.0,0.0,0.0,11,0,0.0102,0.0,0.35156592487770283,nan,nan,NO_WELD
49.389,0.0,0.0,0.0,0.0,0.0,0.0,0.0,0.0,11,0,0.0102,0.0,0.35156592487770283,nan,nan,NO_WELD
49.439,0.035,0.0,0.035,0.035,0.0,0.0,0.035,0.035,11,0,0.0102,0.0,3.4150945850063755e-06,3.4150945850063755e-06,0.0,WELD_FOUND
49.489,0.035,0.0,0.035,0.035,0.0,0.0,0.035,0.035,11,0,0.0102,0.0,3.4150945850063755e-06,3.4150945850063755e-06,0.0,WELD_FOUND
49.539,0.035,0.0,0.035,0.035,0.0,0.0,0.035,0.035,11,0,0.0102,0.0,3.4150945850063755e-06,3.4150945850063755e-06,0.0,WELD_FOUND
49.589,0.035,0.0,0.035,0.035,0.0,0.0,0.035,0.035,11,0,0.0102,0.0,3.4150945850063755e-06,3.4150945850063755e-06,0.0,WELD_FOUND
49.639,0.0,0.0,0.0,0.0,0.0,0.0,0.0,0.0,11,0,0.0102,0.0,3.4150945850063755e-06,nan,nan,NO_WELD
49.689,0.0,0.0,0.0,0.0,0.0,0.0,0.0,0.0,11,0,0.0102,0.0,3.4150945850063755e-06,nan,nan,NO_WELD
49.739,0.035,0.0,0.035,0.035,0.0,0.0,0.035,0.035,11,0,0.0102,0.0,3.4150945850063755e-06,3.4150945850063755e-06,0.0,WELD_FOUND
49.789,0.035,0.0,0.035,0.035,0.0,0.0,0.035,0.035,11,0,0.0102,0.0,3.4150945850063755e-06,3.4150945850063755e-06,0.0,WELD_FOUND
49.839,0.03305713960798746,-0.019679421649776263,0.030105226360521018,0.036009052855453895,0.0,0.0,0.0301,0.036,11,0,0.0102,0.0,0.7031284346608206,0.35156592487770283,0.3515625097831178,WELD_FOUND
49.889,0.03305713960798746,-0.019679421649776263,0.030105226360521018,0.036009052855453895,0.0,0.0,0.0301,0.036,11,0,0.0102,0.0,0.7031284346608206,0.35156592487770283,0.3515625097831178,WELD_FOUND
49.939,0.032676991542838985,-0.016173809354240315,0.030250920139702937,0.03510306294597503,0.0,0.0,0.0303,0.0351,11,0,0.0102,0.0,0.35156592487770283,0.35156592487770283,0.0,WELD_FOUND
49.989,0.032676991542838985,-0.016173809354240315,0.030250920139702937,0.03510306294597503,0.0,0.0,0.0303,0.0351,11,0,0.0102,0.0,0.35156592487770283,0.35156592487770283,0.0,WELD_FOUND
50.039,0.0,0.0,0.0,0.0,0.0,0.0,0.0,0.0,11,0,0.0102,0.0,0.35156592487770283,nan,nan,NO_WELD
50.089,0.0,0.0,0.0,0.0,0.0,0.0,0.0,0.0,11,0,0.0102,0.0,0.35156592487770283,nan,nan,NO_WELD
50.14,0.03351983592541588,0.016509382606286295,0.035996243316358825,0.031043428534472936,0.0,0.0,0.036,0.031,11,0,0.0102,0.0,-0.35155909468853286,-0.35155909468853286,0.0,WELD_FOUND
50.189,0.03351983592541588,0.016509382606286295,0.035996243316358825,0.031043428534472936,0.0,0.0,0.036,0.031,11,0,0.0102,0.0,-0.35155909468853286,-0.35155909468853286,0.0,WELD_FOUND
50.239,0.035,0.0,0.035,0.035,0.0,0.0,0.035,0.035,11,0,0.0102,0.0,3.4150945850063755e-06,-0.17577783979697392,0.17578125489155894,WELD_FOUND
50.289,0.035,0.0,0.035,0.035,0.0,0.0,0.035,0.035,11,0,0.0102,0.0,3.4150945850063755e-06,-0.17577783979697392,0.17578125489155894,WELD_FOUND
50.339,0.035,0.0,0.035,0.035,0.0,0.0,0.035,0.035,11,0,0.0102,0.0,3.4150945850063755e-06,3.4150945850063755e-06,0.0,WELD_FOUND
50.389,0.035,0.0,0.035,0.035,0.0,0.0,0.035,0.035,11,0,0.0102,0.0,3.4150945850063755e-06,3.4150945850063755e-06,0.0,WELD_FOUND
50.439,0.0,0.0,0.0,0.0,0.0,0.0,0.0,0.0,11,0,0.0102,0.0,3.4150945850063755e-06,nan,nan,NO_WELD
50.489,0.0,0.0,0.0,0.0,0.0,0.0,0.0,0.0,11,0,0.0102,0.0,3.4150945850063755e-06,nan,nan,NO_WELD
50.539,0.03300907718379998,0.016348909599196555,0.035461413623679466,0.030556740743920497,0.0,0.0,0.0355,0.0306,11,0,0.0102,0.0,-0.35155909468853286,-0.35155909468853286,0.0,WELD_FOUND
50.589,0.03300907718379998,0.016348909599196555,0.035461413623679466,0.030556740743920497,0.0,0.0,0.0355,0.0306,11,0,0.0102,0.0,-0.35155909468853286,-0.35155909468853286,0.0,WELD_FOUND
50.639,0.0,0.0,0.0,0.0,0.0,0.0,0.0,0.0,11,0,0.0102,0.0,-0.35155909468853286,nan,nan,NO_WELD
50.689,0.0,0.0,0.0,0.0,0.0,0.0,0.0,0.0,11,0,0.0102,0.0,-0.35155909468853286,nan,nan,NO_WELD
50.739,0.0,0.0,0.0,0.0,0.0,0.0,0.0,0.0,11,0,0.0102,0.0,-0.35155909468853286,nan,nan,NO_WELD
50.789,0.0,0.0,0.0,0.0,0.0,0.0,0.0,0.0,11,0,0.0102,0.0,-0.35155909468853286,nan,nan,NO_WELD
50.839,0.033452733922749285,-0.014195522565816136,0.03132340553787687,0.035582062307621704,0.0,0.0,0.0313,0.0356,11,0,0.0102,0.0,0.35156592487770283,0.35156592487770283,0.0,WELD_FOUND
50.889,0.033452733922749285,-0.014195522565816136,0.03132340553787687,0.035582062307621704,0.0,0.0,0.0313,0.0356,11,0,0.0102,0.0,0.35156592487770283,0.35156592487770283,0.0,WELD_FOUND
50.939,0.0,0.0,0.0,0.0,0.0,0.0,0.0,0.0,11,0,0.0102,0.0,0.35156592487770283,nan,nan,NO_WELD
50.989,0.0,0.0,0.0,0.0,0.0,0.0,0.0,0.0,11,0,0.0102,0.0,0.35156592487770283,nan,nan,NO_WELD
51.039,0.035,0.0,0.035,0.035,0.0,0.0,0.035,0.035,11,0,0.0102,0.0,3.4150945850063755e-06,3.4150945850063755e-06,0.0,WELD_FOUND
51.089,0.035,0.0,0.035,0.035,0.0,0.0,0.035,0.035,11,0,0.0102,0.0,3.4150945850063755e-06,3.4150945850063755e-06,0.0,WELD_FOUND
51.14,0.035,0.0,0.035,0.035,0.0,0.0,0.035,0.035,11,0,0.0102,0.0,0.35156592487770283,0.17578466998614392,0.1757812548915589,WELD_FOUND
51.189,0.035,0.0,0.035,0.035,0.0,0.0,0.035,0.035,11,0,0.0102,0.0,0.35156592487770283,0.17578466998614392,0.1757812548915589,WELD_FOUND
51.239,0.0,0.0,0.0,0.0,0.0,0.0,0.0,0.0,11,0,0.0102,0.0,0.35156592487770283,nan,nan,NO_WELD
51.289,0.0,0.0,0.0,0.0,0.0,0.0,0.0,0.0,11,0,0.0102,0.0,0.35156592487770283,nan,nan,NO_WELD
51.339,0.0,0.0,0.0,0.0,0.0,0.0,0.0,0.0,11,0,0.0102,0.0,0.35156592487770283,nan,nan,NO_WELD
51.389,0.0,0.0,0.0,0.0,0.0,0.0,0.0,0.0,11,0,0.0102,0.0,0.35156592487770283,nan,nan,NO_WELD
51.439,0.0,0.0,0.0,0.0,0.0,0.0,0.0,0.0,11,0,0.0102,0.0,0.35156592487770283,nan,nan,NO_WELD
51.489,0.0,0.0,0.0,0.0,0.0,0.0,0.0,0.0,11,0,0.0102,0.0,0.35156592487770283,nan,nan,NO_WELD
51.539,0.0,0.0,0.0,0.0,0.0,0.0,0.0,0.0,11,0,0.0102,0.0,0.35156592487770283,nan,nan,NO_WELD
51.589,0.0,0.0,0.0,0.0,0.0,0.0,0.0,0.0,11,0,0.0102,0.0,0.35156592487770283,nan,nan,NO_WELD
51.639,0.035,0.0,0.035,0.035,0.0,0.0,0.035,0.035,11,0,0.0102,0.0,3.4150945850063755e-06,3.4150945850063755e-06,0.0,WELD_FOUND
51.689,0.035,0.0,0.035,0.035,0.0,0.0,0.035,0.035,11,0,0.0102,0.0,3.4150945850063755e-06,3.4150945850063755e-06,0.0,WELD_FOUND
51.739,0.035,0.0,0.035,0.035,0.0,0.0,0.035,0.035,11,0,0.0102,0.0,-0.35155909468853286,-0.17577783979697392,-0.17578125489155894,WELD_FOUND
51.789,0.035,0.0,0.035,0.035,0.0,0.0,0.035,0.035,11,0,0.0102,0.0,-0.35155909468853286,-0.17577783979697392,-0.17578125489155894,WELD_FOUND
51.839,0.0,0.0,0.0,0.0,0.0,0.0,0.0,0.0,11,0,0.0102,0.0,-0.35155909468853286,nan,nan,NO_WELD
51.889,0.0,0.0,0.0,0.0,0.0,0.0,0.0,0.0,11,0,0.0102,0.0,-0.35155909468853286,nan,nan,NO_WELD
51.94,0.032867897619403896,0.017541426328322063,0.03549911156865221,0.030236683670155588,0.0,0.0,0.0355,0.0302,11,0,0.0102,0.0,-0.35155909468853286,-0.35155909468853286,0.0,WELD_FOUND
51.989,0.032867897619403896,0.017541426328322063,0.03549911156865221,0.030236683670155588,0.0,0.0,0.0355,0.0302,11,0,0.0102,0.0,-0.35155909468853286,-0.35155909468853286,0.0,WELD_FOUND
52.039,0.0,0.0,0.0,0.0,0.0,0.0,0.0,0.0,11,0,0.0102,0.0,-0.35155909468853286,nan,nan,NO_WELD
52.089,0.0,0.0,0.0,0.0,0.0,0.0,0.0,0.0,11,0,0.0102,0.0,-0.35155909468853286,nan,nan,NO_WELD
52.141,0.0,0.0,0.0,0.0,0.0,0.0,0.0,0.0,11,0,0.0102,0.0,0.35156592487770283,0.35156592487770283,0.0,WELD_FOUND
52.189,0.03348119546369601,-0.016456073791538996,0.03101278439496516,0.03594960653242686,0.0,0.0,0.031,0.0359,11,0,0.0102,0.0,0.35156592487770283,0.35156592487770283,0.0,WELD_FOUND
52.24,0.03348119546369601,-0.016456073791538996,0.03101278439496516,0.03594960653242686,0.0,0.0,0.031,0.0359,11,0,0.0102,0.0,3.4150945850063755e-06,0.17578466998614392,-0.1757812548915589,WELD_FOUND
52.289,0.035,0.0,0.035,0.035,0.0,0.0,0.035,0.035,11,0,0.0102,0.0,3.4150945850063755e-06,0.17578466998614392,-0.1757812548915589,WELD_FOUND
52.339,0.035,0.0,0.035,0.035,0.0,0.0,0.035,0.035,11,0,0.0102,0.0,3.4150945850063755e-06,nan,nan,WELD_FOUND
52.389,0.0,0.0,0.0,0.0,0.0,0.0,0.0,0.0,11,0,0.0102,0.0,3.4150945850063755e-06,nan,nan,NO_WELD
52.439,0.0,0.0,0.0,0.0,0.0,0.0,0.0,0.0,11,0,0.0102,0.0,3.4150945850063755e-06,nan,nan,NO_WELD
52.489,0.0,0.0,0.0,0.0,0.0,0.0,0.0,0.0,11,0,0.0102,0.0,3.4150945850063755e-06,nan,nan,NO_WELD
52.54,0.0,0.0,0.0,0.0,0.0,0.0,0.0,0.0,11,0,0.0102,0.0,3.4150945850063755e-06,nan,nan,NO_WELD
52.589,0.0,0.0,0.0,0.0,0.0,0.0,0.0,0.0,11,0,0.0102,0.0,3.4150945850063755e-06,nan,nan,NO_WELD
52.639,0.0,0.0,0.0,0.0,0.0,0.0,0.0,0.0,11,0,0.0102,0.0,0.35156592487770283,nan,nan,NO_WELD
52.689,0.0,0.0,0.0,0.0,0.0,0.0,0.0,0.0,11,0,0.0102,0.0,0.35156592487770283,0.35156592487770283,0.0,WELD_FOUND
52.739,0.0,0.0,0.0,0.0,0.0,0.0,0.0,0.0,11,0,0.0102,0.0,0.35156592487770283,0.35156592487770283,0.0,WELD_FOUND
52.789,0.032582298035693374,-0.017174854966486148,0.03000606979072045,0.0351585262806663,0.0,0.0,0.03,0.0352,11,0,0.0102,0.0,0.35156592487770283,0.35156592487770283,0.0,WELD_FOUND
52.839,0.032582298035693374,-0.017174854966486148,0.03000606979072045,0.0351585262806663,0.0,0.0,0.03,0.0352,11,0,0.0102,0.0,1.054690917763512,0.35156592487770283,0.7031249928858092,WELD_FOUND
52.889,0.032582298035693374,-0.015339957317337394,0.030281304438092765,0.034883291633293984,0.0,0.0,0.0303,0.0349,11,0,0.0102,0.0,1.054690917763512,0.35156592487770283,0.7031249928858092,WELD_FOUND
52.939,0.032582298035693374,-0.015339957317337394,0.030281304438092765,0.034883291633293984,0.0,0.0,0.0303,0.0349,11,0,0.0102,0.0,1.054690917763512,0.35156592487770283,0.7031249928858092,WELD_FOUND
52.989,0.0,0.0,0.0,0.0,0.0,0.0,0.0,0.0,11,0,0.0102,0.0,1.054690917763512,nan,nan,NO_WELD
53.041,0.0,0.0,0.0,0.0,0.0,0.0,0.0,0.0,11,0,0.0102,0.0,1.054690917763512,nan,nan,NO_WELD
53.089,0.0,0.0,0.0,0.0,0.0,0.0,0.0,0.0,11,0,0.0102,0.0,1.054690917763512,nan,nan,NO_WELD
53.141,0.0,0.0,0.0,0.0,0.0,0.0,0.0,0.0,11,0,0.0102,0.0,1.054690917763512,nan,nan,NO_WELD
53.189,0.0,0.0,0.0,0.0,0.0,0.0,0.0,0.0,11,0,0.0102,0.0,1.054690917763512,nan,nan,NO_WELD
53.24,0.0,0.0,0.0,0.0,0.0,0.0,0.0,0.0,11,0,0.0102,0.0,1.054690917763512,nan,nan,NO_WELD
53.289,0.0,0.0,0.0,0.0,0.0,0.0,0.0,0.0,11,0,0.0102,0.0,1.054690917763512,nan,nan,NO_WELD
53.339,0.0,0.0,0.0,0.0,0.0,0.0,0.0,0.0,11,0,0.0102,0.0,1.054690917763512,nan,nan,NO_WELD
53.389,0.0,0.0,0.0,0.0,0.0,0.0,0.0,0.0,11,0,0.0102,0.0,1.054690917763512,nan,nan,NO_WELD
53.439,0.0,0.0,0.0,0.0,0.0,0.0,0.0,0.0,11,0,0.0102,0.0,1.054690917763512,nan,nan,NO_WELD
53.489,0.0,0.0,0.0,0.0,0.0,0.0,0.0,0.0,11,0,0.0102,0.0,1.054690917763512,nan,nan,NO_WELD
53.539,0.0,0.0,0.0,0.0,0.0,0.0,0.0,0.0,11,0,0.0102,0.0,1.054690917763512,nan,nan,NO_WELD
53.589,0.0,0.0,0.0,0.0,0.0,0.0,0.0,0.0,11,0,0.0102,0.0,1.054690917763512,nan,nan,NO_WELD
53.639,0.0,0.0,0.0,0.0,0.0,0.0,0.0,0.0,11,0,0.0102,0.0,1.054690917763512,nan,nan,NO_WELD
53.689,0.032582298035693374,-0.016487116059140758,0.03010923062682226,0.03505536544456449,0.0,0.0,0.0301,0.0351,11,0,0.0102,0.0,0.35156592487770283,0.35156592487770283,0.0,WELD_FOUND
53.739,0.032582298035693374,-0.016487116059140758,0.03010923062682226,0.03505536544456449,0.0,0.0,0.0301,0.0351,11,0,0.0102,0.0,0.35156592487770283,0.35156592487770283,0.0,WELD_FOUND
53.789,0.0,0.0,0.0,0.0,0.0,0.0,0.0,0.0,11,0,0.0102,0.0,0.35156592487770283,nan,nan,NO_WELD
53.839,0.0,0.0,0.0,0.0,0.0,0.0,0.0,0.0,11,0,0.0102,0.0,0.35156592487770283,nan,nan,NO_WELD
53.889,0.0,0.0,0.0,0.0,0.0,0.0,0.0,0.0,11,0,0.0102,0.0,0.35156592487770283,nan,nan,NO_WELD
53.939,0.0,0.0,0.0,0.0,0.0,0.0,0.0,0.0,11,0,0.0102,0.0,0.35156592487770283,nan,nan,NO_WELD
53.989,0.0,0.0,0.0,0.0,0.0,0.0,0.0,0.0,11,0,0.0102,0.0,0.35156592487770283,nan,nan,NO_WELD
54.039,0.0,0.0,0.0,0.0,0.0,0.0,0.0,0.0,11,0,0.0102,0.0,0.35156592487770283,nan,nan,NO_WELD
54.089,0.032582298035693374,-0.017638218523681085,0.029936565257141213,0.03522803081424554,0.0,0.0,0.0299,0.0352,11,0,0.0102,0.0,0.35156592487770283,0.35156592487770283,0.0,WELD_FOUND
54.141,0.032582298035693374,-0.017638218523681085,0.029936565257141213,0.03522803081424554,0.0,0.0,0.0299,0.0352,11,0,0.0102,0.0,0.35156592487770283,0.35156592487770283,0.0,WELD_FOUND
54.189,0.0,0.0,0.0,0.0,0.0,0.0,0.0,0.0,11,0,0.0102,0.0,0.35156592487770283,nan,nan,NO_WELD
54.239,0.0,0.0,0.0,0.0,0.0,0.0,0.0,0.0,11,0,0.0102,0.0,0.35156592487770283,nan,nan,NO_WELD
54.289,0.0,0.0,0.0,0.0,0.0,0.0,0.0,0.0,11,0,0.0102,0.0,0.35156592487770283,nan,nan,NO_WELD
54.339,0.0,0.0,0.0,0.0,0.0,0.0,0.0,0.0,11,0,0.0102,0.0,0.35156592487770283,nan,nan,NO_WELD
54.389,0.0,0.0,0.0,0.0,0.0,0.0,0.0,0.0,11,0,0.0102,0.0,0.35156592487770283,nan,nan,NO_WELD
54.439,0.0,0.0,0.0,0.0,0.0,0.0,0.0,0.0,11,0,0.0102,0.0,0.35156592487770283,nan,nan,NO_WELD
54.489,0.0,0.0,0.0,0.0,0.0,0.0,0.0,0.0,11,0,0.0102,0.0,0.7031284346608206,0.7031284346608206,0.0,WELD_FOUND
54.539,0.0,0.0,0.0,0.0,0.0,0.0,0.0,0.0,11,0,0.0102,0.0,0.7031284346608206,0.7031284346608206,0.0,WELD_FOUND
54.589,0.03140590309687592,-0.025757341164295726,0.027542301922231564,0.03526950427152028,0.0,0.0,0.0275,0.0353,11,0,0.0102,0.0,0.35156592487770283,0.5273471664290486,-0.17578124155134572,WELD_FOUND
54.639,0.03140590309687592,-0.025757341164295726,0.027542301922231564,0.03526950427152028,0.0,0.0,0.0275,0.0353,11,0,0.0102,0.0,0.35156592487770283,0.5273471664290486,-0.17578124155134572,WELD_FOUND
54.689,0.03234528870141653,-0.01318649754001907,0.030367314070413667,0.03432326333241939,0.0,0.0,0.0304,0.0343,11,0,0.0102,0.0,3.4150945850063755e-06,0.35156592487770283,-0.3515625097831178,WELD_FOUND
54.739,0.03234528870141653,-0.01318649754001907,0.030367314070413667,0.03432326333241939,0.0,0.0,0.0304,0.0343,11,0,0.0102,0.0,3.4150945850063755e-06,0.35156592487770283,-0.3515625097831178,WELD_FOUND
54.789,0.03253482695497747,-0.014915514459459274,0.030297499786058578,0.03477215412389636,0.0,0.0,0.0303,0.0348,11,0,0.0102,0.0,0.35156592487770283,0.35156592487770283,0.0,WELD_FOUND
54.839,0.03253482695497747,-0.014915514459459274,0.030297499786058578,0.03477215412389636,0.0,0.0,0.0303,0.0348,11,0,0.0102,0.0,0.35156592487770283,0.35156592487770283,0.0,WELD_FOUND
54.889,0.032572801050995775,-0.015253819034090014,0.030284728195882273,0.03486087390610928,0.0,0.0,0.0303,0.0349,11,0,0.0102,0.0,0.35156592487770283,0.35156592487770283,0.0,WELD_FOUND
54.939,0.032572801050995775,-0.015253819034090014,0.030284728195882273,0.03486087390610928,0.0,0.0,0.0303,0.0349,11,0,0.0102,0.0,0.35156592487770283,0.35156592487770283,0.0,WELD_FOUND
54.989,0.0,0.0,0.0,0.0,0.0,0.0,0.0,0.0,11,0,0.0102,0.0,0.35156592487770283,nan,nan,NO_WELD
55.039,0.0,0.0,0.0,0.0,0.0,0.0,0.0,0.0,11,0,0.0102,0.0,0.35156592487770283,nan,nan,NO_WELD
55.089,0.03354096123124472,0.016530826491101276,0.03602058520490991,0.03106133725757953,0.0,0.0,0.036,0.0311,11,0,0.0102,0.0,-0.35155909468853286,-0.35155909468853286,0.0,WELD_FOUND
55.141,0.03354096123124472,0.016530826491101276,0.03602058520490991,0.03106133725757953,0.0,0.0,0.036,0.0311,11,0,0.0102,0.0,-0.35155909468853286,-0.35155909468853286,0.0,WELD_FOUND
55.189,0.035,0.0,0.035,0.035,0.0,0.0,0.035,0.035,11,0,0.0102,0.0,3.4150945850063755e-06,-0.17577783979697392,0.17578125489155894,WELD_FOUND
55.239,0.035,0.0,0.035,0.035,0.0,0.0,0.035,0.035,11,0,0.0102,0.0,3.4150945850063755e-06,-0.17577783979697392,0.17578125489155894,WELD_FOUND
55.289,0.0,0.0,0.0,0.0,0.0,0.0,0.0,0.0,11,0,0.0102,0.0,3.4150945850063755e-06,nan,nan,NO_WELD
55.339,0.0,0.0,0.0,0.0,0.0,0.0,0.0,0.0,11,0,0.0102,0.0,3.4150945850063755e-06,nan,nan,NO_WELD
55.389,0.0,0.0,0.0,0.0,0.0,0.0,0.0,0.0,11,0,0.0102,0.0,3.4150945850063755e-06,nan,nan,NO_WELD
55.439,0.0,0.0,0.0,0.0,0.0,0.0,0.0,0.0,11,0,0.0102,0.0,3.4150945850063755e-06,nan,nan,NO_WELD
55.489,0.033308042500205276,-0.012812452132390077,0.03138617468034677,0.035229910320063784,0.0,0.0,0.0314,0.0352,11,0,0.0102,0.0,0.35156592487770283,0.35156592487770283,0.0,WELD_FOUND
55.539,0.033308042500205276,-0.012812452132390077,0.03138617468034677,0.035229910320063784,0.0,0.0,0.0314,0.0352,11,0,0.0102,0.0,0.35156592487770283,0.35156592487770283,0.0,WELD_FOUND
55.589,0.0,0.0,0.0,0.0,0.0,0.0,0.0,0.0,11,0,0.0102,0.0,0.35156592487770283,nan,nan,NO_WELD
55.639,0.0,0.0,0.0,0.0,0.0,0.0,0.0,0.0,11,0,0.0102,0.0,0.35156592487770283,nan,nan,NO_WELD
55.689,0.030850749692966844,-0.03143761814855678,0.026135106970683327,0.035566392415250364,0.0,0.0,0.0261,0.0356,11,0,0.0102,0.0,0.7031284346608206,0.7031284346608206,0.0,WELD_FOUND
55.739,0.030850749692966844,-0.03143761814855678,0.026135106970683327,0.035566392415250364,0.0,0.0,0.0261,0.0356,11,0,0.0102,0.0,0.7031284346608206,0.7031284346608206,0.0,WELD_FOUND
55.789,0.0,0.0,0.0,0.0,0.0,0.0,0.0,0.0,11,0,0.0102,0.0,0.7031284346608206,nan,nan,NO_WELD
55.839,0.0,0.0,0.0,0.0,0.0,0.0,0.0,0.0,11,0,0.0102,0.0,0.7031284346608206,nan,nan,NO_WELD
55.889,0.0,0.0,0.0,0.0,0.0,0.0,0.0,0.0,11,0,0.0102,0.0,0.7031284346608206,nan,nan,NO_WELD
55.939,0.0,0.0,0.0,0.0,0.0,0.0,0.0,0.0,11,0,0.0102,0.0,0.7031284346608206,nan,nan,NO_WELD
55.989,0.032232206340573805,-0.015795283654856794,0.029862913792345284,0.034601498888802325,0.0,0.0,0.0299,0.0346,11,0,0.0102,0.0,0.35156592487770283,0.35156592487770283,0.0,WELD_FOUND
56.039,0.032232206340573805,-0.015795283654856794,0.029862913792345284,0.034601498888802325,0.0,0.0,0.0299,0.0346,11,0,0.0102,0.0,0.35156592487770283,0.35156592487770283,0.0,WELD_FOUND
56.089,0.035,0.0,0.035,0.035,0.0,0.0,0.035,0.035,11,0,0.0102,0.0,3.4150945850063755e-06,0.17578466998614392,-0.1757812548915589,WELD_FOUND
56.14,0.035,0.0,0.035,0.035,0.0,0.0,0.035,0.035,11,0,0.0102,0.0,3.4150945850063755e-06,0.17578466998614392,-0.1757812548915589,WELD_FOUND
56.189,0.0,0.0,0.0,0.0,0.0,0.0,0.0,0.0,11,0,0.0102,0.0,3.4150945850063755e-06,nan,nan,NO_WELD
56.239,0.0,0.0,0.0,0.0,0.0,0.0,0.0,0.0,11,0,0.0102,0.0,3.4150945850063755e-06,nan,nan,NO_WELD
56.289,0.0,0.0,0.0,0.0,0.0,0.0,0.0,0.0,11,0,0.0102,0.0,3.4150945850063755e-06,nan,nan,NO_WELD
56.339,0.0,0.0,0.0,0.0,0.0,0.0,0.0,0.0,11,0,0.0102,0.0,3.4150945850063755e-06,nan,nan,NO_WELD
56.389,0.0,0.0,0.0,0.0,0.0,0.0,0.0,0.0,11,0,0.0102,0.0,3.4150945850063755e-06,nan,nan,NO_WELD
56.439,0.0,0.0,0.0,0.0,0.0,0.0,0.0,0.0,11,0,0.0102,0.0,3.4150945850063755e-06,nan,nan,NO_WELD
56.489,0.0,0.0,0.0,0.0,0.0,0.0,0.0,0.0,11,0,0.0102,0.0,3.4150945850063755e-06,3.4150945850063755e-06,0.0,WELD_FOUND
56.539,0.0,0.0,0.0,0.0,0.0,0.0,0.0,0.0,11,0,0.0102,0.0,3.4150945850063755e-06,3.4150945850063755e-06,0.0,WELD_FOUND
56.589,0.035,0.0,0.035,0.035,0.0,0.0,0.035,0.035,11,0,0.0102,0.0,0.35156592487770283,0.17578466998614392,0.1757812548915589,WELD_FOUND
56.639,0.035,0.0,0.035,0.035,0.0,0.0,0.035,0.035,11,0,0.0102,0.0,0.35156592487770283,0.17578466998614392,0.1757812548915589,WELD_FOUND
56.689,0.0,0.0,0.0,0.0,0.0,0.0,0.0,0.0,11,0,0.0102,0.0,0.35156592487770283,nan,nan,NO_WELD
56.739,0.0,0.0,0.0,0.0,0.0,0.0,0.0,0.0,11,0,0.0102,0.0,0.35156592487770283,nan,nan,NO_WELD
56.789,0.030941401211225048,-0.03384026093813216,0.025865362070505223,0.036017440351944874,0.0,0.0,0.0259,0.036,11,0,0.0102,0.0,0.7031284346608206,0.7031284346608206,0.0,WELD_FOUND
56.839,0.030941401211225048,-0.03384026093813216,0.025865362070505223,0.036017440351944874,0.0,0.0,0.0259,0.036,11,0,0.0102,0.0,0.7031284346608206,0.7031284346608206,0.0,WELD_FOUND
56.889,0.0,0.0,0.0,0.0,0.0,0.0,0.0,0.0,11,0,0.0102,0.0,0.7031284346608206,nan,nan,NO_WELD
56.939,0.0,0.0,0.0,0.0,0.0,0.0,0.0,0.0,11,0,0.0102,0.0,0.7031284346608206,nan,nan,NO_WELD
56.989,0.0,0.0,0.0,0.0,0.0,0.0,0.0,0.0,11,0,0.0102,0.0,0.7031284346608206,nan,nan,NO_WELD
57.039,0.0,0.0,0.0,0.0,0.0,0.0,0.0,0.0,11,0,0.0102,0.0,0.7031284346608206,nan,nan,NO_WELD
57.089,0.02683036041850069,-0.05,0.01933036041850069,0.03433036041850069,0.0,0.0,0.0193,0.0343,11,0,0.0102,0.0,1.4062534542270564,1.4062534542270564,0.0,WELD_FOUND
57.141,0.02683036041850069,-0.05,0.01933036041850069,0.03433036041850069,0.0,0.0,0.0193,0.0343,11,0,0.0102,0.0,1.4062534542270564,1.4062534542270564,0.0,WELD_FOUND
57.189,0.0,0.0,0.0,0.0,0.0,0.0,0.0,0.0,11,0,0.0102,0.0,1.4062534542270564,nan,nan,NO_WELD
57.239,0.0,0.0,0.0,0.0,0.0,0.0,0.0,0.0,11,0,0.0102,0.0,1.4062534542270564,nan,nan,NO_WELD
57.289,0.0,0.0,0.0,0.0,0.0,0.0,0.0,0.0,11,0,0.0102,0.0,1.4062534542270564,nan,nan,NO_WELD
57.339,0.0,0.0,0.0,0.0,0.0,0.0,0.0,0.0,11,0,0.0102,0.0,1.4062534542270564,nan,nan,NO_WELD
57.389,0.027769249088141258,-0.046354728605979716,0.0208160397972443,0.034722458379038215,0.0,0.0,0.0208,0.0347,11,0,0.0102,0.0,1.054690917763512,1.054690917763512,0.0,WELD_FOUND
57.439,0.027769249088141258,-0.046354728605979716,0.0208160397972443,0.034722458379038215,0.0,0.0,0.0208,0.0347,11,0,0.0102,0.0,1.054690917763512,1.054690917763512,0.0,WELD_FOUND
57.489,0.0,0.0,0.0,0.0,0.0,0.0,0.0,0.0,11,0,0.0102,0.0,1.054690917763512,nan,nan,NO_WELD
57.539,0.0,0.0,0.0,0.0,0.0,0.0,0.0,0.0,11,0,0.0102,0.0,1.054690917763512,nan,nan,NO_WELD
57.589,0.029746262533457267,-0.03001491406961276,0.025244025423015355,0.03424849964389918,0.0,0.0,0.0252,0.0342,11,0,0.0102,0.0,0.7031284346608206,0.7031284346608206,0.0,WELD_FOUND
57.639,0.029746262533457267,-0.03001491406961276,0.025244025423015355,0.03424849964389918,0.0,0.0,0.0252,0.0342,11,0,0.0102,0.0,0.7031284346608206,0.7031284346608206,0.0,WELD_FOUND
57.689,0.0,0.0,0.0,0.0,0.0,0.0,0.0,0.0,11,0,0.0102,0.0,0.7031284346608206,nan,nan,NO_WELD
57.739,0.0,0.0,0.0,0.0,0.0,0.0,0.0,0.0,11,0,0.0102,0.0,0.7031284346608206,nan,nan,NO_WELD
57.789,0.0,0.0,0.0,0.0,0.0,0.0,0.0,0.0,11,0,0.0102,0.0,0.7031284346608206,nan,nan,NO_WELD
57.839,0.0,0.0,0.0,0.0,0.0,0.0,0.0,0.0,11,0,0.0102,0.0,0.7031284346608206,nan,nan,NO_WELD
57.889,0.0283502540750157,-0.04553239389666455,0.021520394990516018,0.035180113159515386,0.0,0.0,0.0215,0.0352,11,0,0.0102,0.0,1.054690917763512,1.054690917763512,0.0,WELD_FOUND
57.939,0.0283502540750157,-0.04553239389666455,0.021520394990516018,0.035180113159515386,0.0,0.0,0.0215,0.0352,11,0,0.0102,0.0,1.054690917763512,1.054690917763512,0.0,WELD_FOUND
57.989,0.028075078347964518,-0.04669087790804822,0.021071446661757285,0.03507871003417175,0.0,0.0,0.0211,0.0351,11,0,0.0102,0.0,1.054690917763512,1.054690917763512,0.0,WELD_FOUND
58.039,0.028075078347964518,-0.04669087790804822,0.021071446661757285,0.03507871003417175,0.0,0.0,0.0211,0.0351,11,0,0.0102,0.0,1.054690917763512,1.054690917763512,0.0,WELD_FOUND
58.089,0.0,0.0,0.0,0.0,0.0,0.0,0.0,0.0,11,0,0.0102,0.0,1.054690917763512,nan,nan,NO_WELD
58.141,0.0,0.0,0.0,0.0,0.0,0.0,0.0,0.0,11,0,0.0102,0.0,1.054690917763512,nan,nan,NO_WELD
58.189,0.0,0.0,0.0,0.0,0.0,0.0,0.0,0.0,11,0,0.0102,0.0,1.054690917763512,nan,nan,NO_WELD
58.239,0.0,0.0,0.0,0.0,0.0,0.0,0.0,0.0,11,0,0.0102,0.0,1.054690917763512,nan,nan,NO_WELD
58.289,0.029809428434823558,-0.031286486377827216,0.025116455478149474,0.03450240139149764,0.0,0.0,0.0251,0.0345,11,0,0.0102,0.0,0.7031284346608206,0.7031284346608206,0.0,WELD_FOUND
58.339,0.029809428434823558,-0.031286486377827216,0.025116455478149474,0.03450240139149764,0.0,0.0,0.0251,0.0345,11,0,0.0102,0.0,0.7031284346608206,0.7031284346608206,0.0,WELD_FOUND
58.389,0.03201786049200267,-0.010208069444176652,0.03048665007537617,0.033549070908629165,0.0,0.0,0.0305,0.0335,11,0,0.0102,0.0,3.4150945850063755e-06,0.35156592487770283,-0.3515625097831178,WELD_FOUND
58.439,0.03201786049200267,-0.010208069444176652,0.03048665007537617,0.033549070908629165,0.0,0.0,0.0305,0.0335,11,0,0.0102,0.0,3.4150945850063755e-06,0.35156592487770283,-0.3515625097831178,WELD_FOUND
58.489,0.03060047104445589,-0.033921798522441815,0.02551220126608962,0.03568874082282216,0.0,0.0,0.0255,0.0357,11,0,0.0102,0.0,0.7031284346608206,0.7031284346608206,0.0,WELD_FOUND
58.539,0.03060047104445589,-0.033921798522441815,0.02551220126608962,0.03568874082282216,0.0,0.0,0.0255,0.0357,11,0,0.0102,0.0,0.7031284346608206,0.7031284346608206,0.0,WELD_FOUND
58.589,0.030320843625301783,-0.03133788832615485,0.025620160376378556,0.03502152687422501,0.0,0.0,0.0256,0.035,11,0,0.0102,0.0,0.7031284346608206,0.7031284346608206,0.0,WELD_FOUND
58.639,0.030320843625301783,-0.03133788832615485,0.025620160376378556,0.03502152687422501,0.0,0.0,0.0256,0.035,11,0,0.0102,0.0,0.7031284346608206,0.7031284346608206,0.0,WELD_FOUND
58.689,0.0,0.0,0.0,0.0,0.0,0.0,0.0,0.0,11,0,0.0102,0.0,0.7031284346608206,nan,nan,NO_WELD
58.739,0.0,0.0,0.0,0.0,0.0,0.0,0.0,0.0,11,0,0.0102,0.0,0.7031284346608206,nan,nan,NO_WELD
58.789,0.0,0.0,0.0,0.0,0.0,0.0,0.0,0.0,11,0,0.0102,0.0,0.7031284346608206,nan,nan,NO_WELD
58.839,0.0,0.0,0.0,0.0,0.0,0.0,0.0,0.0,11,0,0.0102,0.0,0.7031284346608206,nan,nan,NO_WELD
58.889,0.0,0.0,0.0,0.0,0.0,0.0,0.0,0.0,11,0,0.0102,0.0,0.7031284346608206,nan,nan,NO_WELD
58.939,0.0,0.0,0.0,0.0,0.0,0.0,0.0,0.0,11,0,0.0102,0.0,0.7031284346608206,nan,nan,NO_WELD
58.989,0.0,0.0,0.0,0.0,0.0,0.0,0.0,0.0,11,0,0.0102,0.0,0.7031284346608206,nan,nan,NO_WELD
59.039,0.0,0.0,0.0,0.0,0.0,0.0,0.0,0.0,11,0,0.0102,0.0,0.7031284346608206,nan,nan,NO_WELD
59.089,0.0,0.0,0.0,0.0,0.0,0.0,0.0,0.0,11,0,0.0102,0.0,0.7031284346608206,nan,nan,NO_WELD
59.141,0.0,0.0,0.0,0.0,0.0,0.0,0.0,0.0,11,0,0.0102,0.0,0.7031284346608206,nan,nan,NO_WELD
59.189,0.0,0.0,0.0,0.0,0.0,0.0,0.0,0.0,11,0,0.0102,0.0,0.7031284346608206,nan,nan,NO_WELD
59.239,0.0,0.0,0.0,0.0,0.0,0.0,0.0,0.0,11,0,0.0102,0.0,0.7031284346608206,nan,nan,NO_WELD
59.289,0.0,0.0,0.0,0.0,0.0,0.0,0.0,0.0,11,0,0.0102,0.0,3.4150945850063755e-06,3.4150945850063755e-06,0.0,WELD_FOUND
59.339,0.0,0.0,0.0,0.0,0.0,0.0,0.0,0.0,11,0,0.0102,0.0,3.4150945850063755e-06,3.4150945850063755e-06,0.0,WELD_FOUND
59.389,0.035,0.0,0.035,0.035,0.0,0.0,0.035,0.035,11,0,0.0102,0.0,3.4150945850063755e-06,3.4150945850063755e-06,0.0,WELD_FOUND
59.439,0.035,0.0,0.035,0.035,0.0,0.0,0.035,0.035,11,0,0.0102,0.0,3.4150945850063755e-06,3.4150945850063755e-06,0.0,WELD_FOUND
59.489,0.035,0.0,0.035,0.035,0.0,0.0,0.035,0.035,11,0,0.0102,0.0,0.7031284346608206,3.4150945850063755e-06,0.7031250195662356,WELD_FOUND
59.539,0.035,0.0,0.035,0.035,0.0,0.0,0.035,0.035,11,0,0.0102,0.0,0.7031284346608206,3.4150945850063755e-06,0.7031250195662356,WELD_FOUND
59.589,0.03305891226031913,-0.019674375921317468,0.03010775587212151,0.03601006864851675,0.0,0.0,0.0301,0.036,11,0,0.0102,0.0,0.7031284346608206,0.35156592487770283,0.3515625097831178,WELD_FOUND
59.639,0.03305891226031913,-0.019674375921317468,0.03010775587212151,0.03601006864851675,0.0,0.0,0.0301,0.036,11,0,0.0102,0.0,0.7031284346608206,0.35156592487770283,0.3515625097831178,WELD_FOUND
59.689,0.032677344025134364,-0.016206438367117357,0.03024637827006676,0.03510830978020197,0.0,0.0,0.0302,0.0351,11,0,0.0102,0.0,0.35156592487770283,0.35156592487770283,0.0,WELD_FOUND
59.739,0.032677344025134364,-0.016206438367117357,0.03024637827006676,0.03510830978020197,0.0,0.0,0.0302,0.0351,11,0,0.0102,0.0,0.35156592487770283,0.35156592487770283,0.0,WELD_FOUND
59.789,0.0,0.0,0.0,0.0,0.0,0.0,0.0,0.0,11,0,0.0102,0.0,0.35156592487770283,nan,nan,NO_WELD
59.839,0.0,0.0,0.0,0.0,0.0,0.0,0.0,0.0,11,0,0.0102,0.0,0.35156592487770283,nan,nan,NO_WELD
59.889,0.030728892485410643,-0.03128196607736549,0.02603659757380582,0.03542118739701547,0.0,0.0,0.026,0.0354,11,0,0.0102,0.0,0.7031284346608206,0.7031284346608206,0.0,WELD_FOUND
59.939,0.030728892485410643,-0.03128196607736549,0.02603659757380582,0.03542118739701547,0.0,0.0,0.026,0.0354,11,0,0.0102,0.0,0.7031284346608206,0.7031284346608206,0.0,WELD_FOUND
59.989,0.0,0.0,0.0,0.0,0.0,0.0,0.0,0.0,11,0,0.0102,0.0,0.7031284346608206,nan,nan,NO_WELD
60.039,0.0,0.0,0.0,0.0,0.0,0.0,0.0,0.0,11,0,0.0102,0.0,0.7031284346608206,nan,nan,NO_WELD
60.089,0.02679072922173976,-0.05,0.01929072922173976,0.03429072922173976,0.0,0.0,0.0193,0.0343,11,0,0.0102,0.0,1.4062534542270564,1.4062534542270564,0.0,WELD_FOUND
60.141,0.02679072922173976,-0.05,0.01929072922173976,0.03429072922173976,0.0,0.0,0.0193,0.0343,11,0,0.0102,0.0,1.4062534542270564,1.4062534542270564,0.0,WELD_FOUND
60.189,0.026035490414808463,-0.06326568422061699,0.016545637781715916,0.03552534304790101,0.0,0.0,0.0165,0.0355,11,0,0.0102,0.0,1.4062534542270564,1.4062534542270564,0.0,WELD_FOUND
60.239,0.026035490414808463,-0.06326568422061699,0.016545637781715916,0.03552534304790101,0.0,0.0,0.0165,0.0355,11,0,0.0102,0.0,1.4062534542270564,1.4062534542270564,0.0,WELD_FOUND
60.289,0.0,0.0,0.0,0.0,0.0,0.0,0.0,0.0,11,0,0.0102,0.0,1.4062534542270564,nan,nan,NO_WELD
60.339,0.0,0.0,0.0,0.0,0.0,0.0,0.0,0.0,11,0,0.0102,0.0,1.4062534542270564,nan,nan,NO_WELD
60.389,0.027606540580462944,-0.045465788740334925,0.020786672269412707,0.03442640889151318,0.0,0.0,0.0208,0.0344,11,0,0.0102,0.0,1.054690917763512,1.054690917763512,0.0,WELD_FOUND
60.439,0.027606540580462944,-0.045465788740334925,0.020786672269412707,0.03442640889151318,0.0,0.0,0.0208,0.0344,11,0,0.0102,0.0,1.054690917763512,1.054690917763512,0.0,WELD_FOUND
60.489,0.029712542435258574,-0.025597403639656742,0.02587293188931006,0.03355215298120708,0.0,0.0,0.0259,0.0336,11,0,0.0102,0.0,0.35156592487770283,0.7031284346608206,-0.3515625097831178,WELD_FOUND
60.539,0.029712542435258574,-0.025597403639656742,0.02587293188931006,0.03355215298120708,0.0,0.0,0.0259,0.0336,11,0,0.0102,0.0,0.35156592487770283,0.7031284346608206,-0.3515625097831178,WELD_FOUND
60.589,0.030143031318386748,-0.029670766537131094,0.025692416337817083,0.034593646298956414,0.0,0.0,0.0257,0.0346,11,0,0.0102,0.0,0.7031284346608206,0.7031284346608206,0.0,WELD_FOUND
60.639,0.030143031318386748,-0.029670766537131094,0.025692416337817083,0.034593646298956414,0.0,0.0,0.0257,0.0346,11,0,0.0102,0.0,0.7031284346608206,0.7031284346608206,0.0,WELD_FOUND
60.689,0.0,0.0,0.0,0.0,0.0,0.0,0.0,0.0,11,0,0.0102,0.0,0.7031284346608206,nan,nan,NO_WELD
60.739,0.0,0.0,0.0,0.0,0.0,0.0,0.0,0.0,11,0,0.0102,0.0,0.7031284346608206,nan,nan,NO_WELD
60.789,0.030229500635499142,-0.03065163906744009,0.02563175477538313,0.03482724649561515,0.0,0.0,0.0256,0.0348,11,0,0.0102,0.0,0.7031284346608206,0.7031284346608206,0.0,WELD_FOUND
60.839,0.030229500635499142,-0.03065163906744009,0.02563175477538313,0.03482724649561515,0.0,0.0,0.0256,0.0348,11,0,0.0102,0.0,0.7031284346608206,0.7031284346608206,0.0,WELD_FOUND
60.889,0.03210468561484085,-0.011047862037072385,0.030447506309279997,0.03376186492040171,0.0,0.0,0.0304,0.0338,11,0,0.0102,0.0,3.4150945850063755e-06,0.35156592487770283,-0.3515625097831178,WELD_FOUND
60.939,0.03210468561484085,-0.011047862037072385,0.030447506309279997,0.03376186492040171,0.0,0.0,0.0304,0.0338,11,0,0.0102,0.0,3.4150945850063755e-06,0.35156592487770283,-0.3515625097831178,WELD_FOUND
60.989,0.03248649343389032,-0.014461218932230537,0.03031731059405574,0.0346556762737249,0.0,0.0,0.0303,0.0347,11,0,0.0102,0.0,0.35156592487770283,0.35156592487770283,0.0,WELD_FOUND
61.039,0.03248649343389032,-0.014461218932230537,0.03031731059405574,0.0346556762737249,0.0,0.0,0.0303,0.0347,11,0,0.0102,0.0,0.35156592487770283,0.35156592487770283,0.0,WELD_FOUND
61.089,0.03256312583062746,-0.015170377287322201,0.030287569237529132,0.03483868242372579,0.0,0.0,0.0303,0.0348,11,0,0.0102,0.0,0.35156592487770283,0.35156592487770283,0.0,WELD_FOUND
61.141,0.03256312583062746,-0.015170377287322201,0.030287569237529132,0.03483868242372579,0.0,0.0,0.0303,0.0348,11,0,0.0102,0.0,0.35156592487770283,0.35156592487770283,0.0,WELD_FOUND
61.189,0.03257846314329198,-0.015305301043776243,0.03028266798672554,0.034874258299858414,0.0,0.0,0.0303,0.0349,11,0,0.0102,0.0,3.4150945850063755e-06,0.35156592487770283,-0.3515625097831178,WELD_FOUND
61.239,0.03257846314329198,-0.015305301043776243,0.03028266798672554,0.034874258299858414,0.0,0.0,0.0303,0.0349,11,0,0.0102,0.0,3.4150945850063755e-06,0.35156592487770283,-0.3515625097831178,WELD_FOUND
61.289,0.0,0.0,0.0,0.0,0.0,0.0,0.0,0.0,11,0,0.0102,0.0,3.4150945850063755e-06,nan,nan,NO_WELD
61.339,0.0,0.0,0.0,0.0,0.0,0.0,0.0,0.0,11,0,0.0102,0.0,3.4150945850063755e-06,nan,nan,NO_WELD
61.389,0.031640252952347896,0.03247089165612156,0.03651088670076613,0.026769619203929663,0.0,0.0,0.0365,0.0268,11,0,0.0102,0.0,-0.7031216044716506,-0.7031216044716506,0.0,WELD_FOUND
61.439,0.031640252952347896,0.03247089165612156,0.03651088670076613,0.026769619203929663,0.0,0.0,0.0365,0.0268,11,0,0.0102,0.0,-0.7031216044716506,-0.7031216044716506,0.0,WELD_FOUND
61.489,0.0,0.0,0.0,0.0,0.0,0.0,0.0,0.0,11,0,0.0102,0.0,-0.7031216044716506,nan,nan,NO_WELD
61.539,0.0,0.0,0.0,0.0,0.0,0.0,0.0,0.0,11,0,0.0102,0.0,-0.7031216044716506,nan,nan,NO_WELD
61.589,0.0,0.0,0.0,0.0,0.0,0.0,0.0,0.0,11,0,0.0102,0.0,-0.7031216044716506,nan,nan,NO_WELD
61.639,0.0,0.0,0.0,0.0,0.0,0.0,0.0,0.0,11,0,0.0102,0.0,-0.7031216044716506,nan,nan,NO_WELD
61.689,0.0,0.0,0.0,0.0,0.0,0.0,0.0,0.0,11,0,0.0102,0.0,-0.7031216044716506,nan,nan,NO_WELD
61.739,0.0,0.0,0.0,0.0,0.0,0.0,0.0,0.0,11,0,0.0102,0.0,-0.7031216044716506,nan,nan,NO_WELD
61.789,0.0,0.0,0.0,0.0,0.0,0.0,0.0,0.0,11,0,0.0102,0.0,-0.7031216044716506,nan,nan,NO_WELD
61.839,0.0,0.0,0.0,0.0,0.0,0.0,0.0,0.0,11,0,0.0102,0.0,-0.7031216044716506,nan,nan,NO_WELD
61.889,0.0,0.0,0.0,0.0,0.0,0.0,0.0,0.0,11,0,0.0102,0.0,-0.7031216044716506,nan,nan,NO_WELD
61.939,0.0,0.0,0.0,0.0,0.0,0.0,0.0,0.0,11,0,0.0102,0.0,-0.7031216044716506,nan,nan,NO_WELD
61.989,0.0,0.0,0.0,0.0,0.0,0.0,0.0,0.0,11,0,0.0102,0.0,-0.7031216044716506,nan,nan,NO_WELD
62.039,0.0,0.0,0.0,0.0,0.0,0.0,0.0,0.0,11,0,0.0102,0.0,-0.7031216044716506,nan,nan,NO_WELD
62.089,0.0,0.0,0.0,0.0,0.0,0.0,0.0,0.0,11,0,0.0102,0.0,-0.7031216044716506,nan,nan,NO_WELD
62.141,0.0,0.0,0.0,0.0,0.0,0.0,0.0,0.0,11,0,0.0102,0.0,-0.7031216044716506,nan,nan,NO_WELD
62.189,0.0,0.0,0.0,0.0,0.0,0.0,0.0,0.0,11,0,0.0102,0.0,-0.7031216044716506,nan,nan,NO_WELD
62.239,0.0,0.0,0.0,0.0,0.0,0.0,0.0,0.0,11,0,0.0102,0.0,-0.7031216044716506,nan,nan,NO_WELD
62.289,0.0,0.0,0.0,0.0,0.0,0.0,0.0,0.0,11,0,0.0102,0.0,-0.7031216044716506,nan,nan,NO_WELD
62.339,0.0,0.0,0.0,0.0,0.0,0.0,0.0,0.0,11,0,0.0102,0.0,-0.7031216044716506,nan,nan,NO_WELD
62.389,0.0,0.0,0.0,0.0,0.0,0.0,0.0,0.0,11,0,0.0102,0.0,-0.7031216044716506,nan,nan,NO_WELD
62.439,0.0,0.0,0.0,0.0,0.0,0.0,0.0,0.0,11,0,0.0102,0.0,-0.7031216044716506,nan,nan,NO_WELD
62.489,0.0,0.0,0.0,0.0,0.0,0.0,0.0,0.0,11,0,0.0102,0.0,-0.7031216044716506,nan,nan,NO_WELD
62.539,0.0,0.0,0.0,0.0,0.0,0.0,0.0,0.0,11,0,0.0102,0.0,-0.7031216044716506,nan,nan,NO_WELD
62.589,0.0,0.0,0.0,0.0,0.0,0.0,0.0,0.0,11,0,0.0102,0.0,-0.7031216044716506,nan,nan,NO_WELD
62.639,0.0,0.0,0.0,0.0,0.0,0.0,0.0,0.0,11,0,0.0102,0.0,-0.7031216044716506,nan,nan,NO_WELD
62.689,0.0,0.0,0.0,0.0,0.0,0.0,0.0,0.0,11,0,0.0102,0.0,0.35156592487770283,nan,nan,NO_WELD
62.739,0.0,0.0,0.0,0.0,0.0,0.0,0.0,0.0,11,0,0.0102,0.0,0.35156592487770283,nan,nan,NO_WELD
62.789,0.0,0.0,0.0,0.0,0.0,0.0,0.0,0.0,11,0,0.0102,0.0,3.4150945850063755e-06,nan,nan,NO_WELD
62.839,0.0,0.0,0.0,0.0,0.0,0.0,0.0,0.0,11,0,0.0102,0.0,3.4150945850063755e-06,nan,nan,NO_WELD
62.889,0.0,0.0,0.0,0.0,0.0,0.0,0.0,0.0,11,0,0.0102,0.0,3.4150945850063755e-06,nan,nan,NO_WELD
62.939,0.0,0.0,0.0,0.0,0.0,0.0,0.0,0.0,11,0,0.0102,0.0,3.4150945850063755e-06,nan,nan,NO_WELD
62.989,0.0,0.0,0.0,0.0,0.0,0.0,0.0,0.0,11,0,0.0102,0.0,3.4150945850063755e-06,nan,nan,NO_WELD
63.039,0.0,0.0,0.0,0.0,0.0,0.0,0.0,0.0,11,0,0.0102,0.0,3.4150945850063755e-06,nan,nan,NO_WELD
63.089,0.0,0.0,0.0,0.0,0.0,0.0,0.0,0.0,11,0,0.0102,0.0,0.35156592487770283,nan,nan,NO_WELD
63.14,0.0,0.0,0.0,0.0,0.0,0.0,0.0,0.0,11,0,0.0102,0.0,0.35156592487770283,nan,nan,NO_WELD
63.189,0.0,0.0,0.0,0.0,0.0,0.0,0.0,0.0,11,0,0.0102,0.0,0.35156592487770283,0.35156592487770283,0.0,WELD_FOUND
63.239,0.0,0.0,0.0,0.0,0.0,0.0,0.0,0.0,11,0,0.0102,0.0,0.35156592487770283,0.35156592487770283,0.0,WELD_FOUND
63.289,0.0,0.0,0.0,0.0,0.0,0.0,0.0,0.0,11,0,0.0102,0.0,0.35156592487770283,nan,nan,NO_WELD
63.339,0.0,0.0,0.0,0.0,0.0,0.0,0.0,0.0,11,0,0.0102,0.0,0.35156592487770283,nan,nan,NO_WELD
63.389,0.032582298035693374,-0.015799002285170533,0.030212447692917796,0.03495214837846895,0.0,0.0,0.0302,0.035,11,0,0.0102,0.0,0.35156592487770283,0.35156592487770283,0.0,WELD_FOUND
63.439,0.032582298035693374,-0.015799002285170533,0.030212447692917796,0.03495214837846895,0.0,0.0,0.0302,0.035,11,0,0.0102,0.0,0.35156592487770283,0.35156592487770283,0.0,WELD_FOUND
63.489,0.0,0.0,0.0,0.0,0.0,0.0,0.0,0.0,11,0,0.0102,0.0,0.35156592487770283,nan,nan,NO_WELD
63.539,0.0,0.0,0.0,0.0,0.0,0.0,0.0,0.0,11,0,0.0102,0.0,0.35156592487770283,nan,nan,NO_WELD
63.589,0.032582298035693374,-0.015339957317337394,0.030281304438092765,0.034883291633293984,0.0,0.0,0.0303,0.0349,11,0,0.0102,0.0,0.35156592487770283,0.35156592487770283,0.0,WELD_FOUND
63.639,0.032582298035693374,-0.015339957317337394,0.030281304438092765,0.034883291633293984,0.0,0.0,0.0303,0.0349,11,0,0.0102,0.0,0.35156592487770283,0.35156592487770283,0.0,WELD_FOUND
63.689,0.0,0.0,0.0,0.0,0.0,0.0,0.0,0.0,11,0,0.0102,0.0,0.35156592487770283,nan,nan,NO_WELD
63.739,0.0,0.0,0.0,0.0,0.0,0.0,0.0,0.0,11,0,0.0102,0.0,0.35156592487770283,nan,nan,NO_WELD
63.789,0.03071044807271012,-0.03128954197111091,0.026017016777043482,0.03540387936837676,0.0,0.0,0.026,0.0354,11,0,0.0102,0.0,0.7031284346608206,0.7031284346608206,0.0,WELD_FOUND
63.839,0.03071044807271012,-0.03128954197111091,0.026017016777043482,0.03540387936837676,0.0,0.0,0.026,0.0354,11,0,0.0102,0.0,0.7031284346608206,0.7031284346608206,0.0,WELD_FOUND
63.889,0.0,0.0,0.0,0.0,0.0,0.0,0.0,0.0,11,0,0.0102,0.0,0.7031284346608206,nan,nan,NO_WELD
63.939,0.0,0.0,0.0,0.0,0.0,0.0,0.0,0.0,11,0,0.0102,0.0,0.7031284346608206,nan,nan,NO_WELD
63.989,0.03220349835535019,-0.014852334617525206,0.02997564816272141,0.03443134854797897,0.0,0.0,0.03,0.0344,11,0,0.0102,0.0,0.35156592487770283,0.35156592487770283,0.0,WELD_FOUND
64.039,0.03220349835535019,-0.014852334617525206,0.02997564816272141,0.03443134854797897,0.0,0.0,0.03,0.0344,11,0,0.0102,0.0,0.35156592487770283,0.35156592487770283,0.0,WELD_FOUND
64.089,0.032506360912114875,-0.014657830452654681,0.030307686344216673,0.03470503548001308,0.0,0.0,0.0303,0.0347,11,0,0.0102,0.0,0.35156592487770283,0.35156592487770283,0.0,WELD_FOUND
64.14,0.032506360912114875,-0.014657830452654681,0.030307686344216673,0.03470503548001308,0.0,0.0,0.0303,0.0347,11,0,0.0102,0.0,0.35156592487770283,0.35156592487770283,0.0,WELD_FOUND
64.189,0.032567103523477275,-0.015201823376751113,0.030286830016964607,0.03484737702998994,0.0,0.0,0.0303,0.0348,11,0,0.0102,0.0,0.7031284346608206,0.35156592487770283,0.3515625097831178,WELD_FOUND
64.239,0.032567103523477275,-0.015201823376751113,0.030286830016964607,0.03484737702998994,0.0,0.0,0.0303,0.0348,11,0,0.0102,0.0,0.7031284346608206,0.35156592487770283,0.3515625097831178,WELD_FOUND
64.289,0.03163645684905693,-0.02510044387288375,0.027871390268124366,0.03540152342998949,0.0,0.0,0.0279,0.0354,11,0,0.0102,0.0,1.4062534542270564,0.5273471664290486,0.8789062877980078,WELD_FOUND
64.339,0.03163645684905693,-0.02510044387288375,0.027871390268124366,0.03540152342998949,0.0,0.0,0.0279,0.0354,11,0,0.0102,0.0,1.4062534542270564,0.5273471664290486,0.8789062877980078,WELD_FOUND
64.389,0.0,0.0,0.0,0.0,0.0,0.0,0.0,0.0,11,0,0.0102,0.0,1.4062534542270564,nan,nan,NO_WELD
64.439,0.0,0.0,0.0,0.0,0.0,0.0,0.0,0.0,11,0,0.0102,0.0,1.4062534542270564,nan,nan,NO_WELD
64.489,0.0,0.0,0.0,0.0,0.0,0.0,0.0,0.0,11,0,0.0102,0.0,1.4062534542270564,nan,nan,NO_WELD
64.539,0.0,0.0,0.0,0.0,0.0,0.0,0.0,0.0,11,0,0.0102,0.0,1.4062534542270564,nan,nan,NO_WELD
64.589,0.0,0.0,0.0,0.0,0.0,0.0,0.0,0.0,11,0,0.0102,0.0,1.4062534542270564,nan,nan,NO_WELD
64.639,0.0,0.0,0.0,0.0,0.0,0.0,0.0,0.0,11,0,0.0102,0.0,1.4062534542270564,nan,nan,NO_WELD
64.689,0.03025113731584426,-0.035277391594940095,0.024959528576603246,0.03554274605508528,0.0,0.0,0.025,0.0355,11,0,0.0102,0.0,0.7031284346608206,0.7031284346608206,0.0,WELD_FOUND
64.739,0.03025113731584426,-0.035277391594940095,0.024959528576603246,0.03554274605508528,0.0,0.0,0.025,0.0355,11,0,0.0102,0.0,0.7031284346608206,0.7031284346608206,0.0,WELD_FOUND
64.789,0.0,0.0,0.0,0.0,0.0,0.0,0.0,0.0,11,0,0.0102,0.0,0.7031284346608206,nan,nan,NO_WELD
64.839,0.0,0.0,0.0,0.0,0.0,0.0,0.0,0.0,11,0,0.0102,0.0,0.7031284346608206,nan,nan,NO_WELD
64.889,0.026701236228788644,-0.05,0.019201236228788644,0.034201236228788644,0.0,0.0,0.0192,0.0342,11,0,0.0102,0.0,1.4062534542270564,1.4062534542270564,0.0,WELD_FOUND
64.939,0.026701236228788644,-0.05,0.019201236228788644,0.034201236228788644,0.0,0.0,0.0192,0.0342,11,0,0.0102,0.0,1.4062534542270564,1.4062534542270564,0.0,WELD_FOUND
64.989,0.026873470832561214,-0.053261000128682935,0.018884320813258776,0.03486262085186365,0.0,0.0,0.0189,0.0349,11,0,0.0102,0.0,1.054690917763512,1.2304722393561371,-0.17578132159262516,WELD_FOUND
65.039,0.026873470832561214,-0.053261000128682935,0.018884320813258776,0.03486262085186365,0.0,0.0,0.0189,0.0349,11,0,0.0102,0.0,1.054690917763512,1.2304722393561371,-0.17578132159262516,WELD_FOUND
65.089,0.0,0.0,0.0,0.0,0.0,0.0,0.0,0.0,11,0,0.0102,0.0,1.054690917763512,nan,nan,NO_WELD
65.14,0.0,0.0,0.0,0.0,0.0,0.0,0.0,0.0,11,0,0.0102,0.0,1.054690917763512,nan,nan,NO_WELD
65.189,0.02955961284450647,-0.02977920495421238,0.025092732101374613,0.034026493587638325,0.0,0.0,0.0251,0.034,11,0,0.0102,0.0,0.7031284346608206,0.7031284346608206,0.0,WELD_FOUND
65.239,0.02955961284450647,-0.02977920495421238,0.025092732101374613,0.034026493587638325,0.0,0.0,0.0251,0.034,11,0,0.0102,0.0,0.7031284346608206,0.7031284346608206,0.0,WELD_FOUND
65.289,0.031032170950410807,-0.019523433219558635,0.028103655967477013,0.0339606859333446,0.0,0.0,0.0281,0.034,11,0,0.0102,0.0,0.35156592487770283,0.5273471664290486,-0.17578124155134572,WELD_FOUND
65.339,0.031032170950410807,-0.019523433219558635,0.028103655967477013,0.0339606859333446,0.0,0.0,0.0281,0.034,11,0,0.0102,0.0,0.35156592487770283,0.5273471664290486,-0.17578124155134572,WELD_FOUND
65.389,0.03226925034924426,-0.012563618682875692,0.030384707546812904,0.03415379315167561,0.0,0.0,0.0304,0.0342,11,0,0.0102,0.0,0.35156592487770283,0.35156592487770283,0.0,WELD_FOUND
65.439,0.03226925034924426,-0.012563618682875692,0.030384707546812904,0.03415379315167561,0.0,0.0,0.0304,0.0342,11,0,0.0102,0.0,0.35156592487770283,0.35156592487770283,0.0,WELD_FOUND
65.489,0.03157763604047379,-0.024629952906563633,0.027883143104489246,0.03527212897645834,0.0,0.0,0.0279,0.0353,11,0,0.0102,0.0,1.054690917763512,0.5273471664290486,0.5273437513344634,WELD_FOUND
65.539,0.03157763604047379,-0.024629952906563633,0.027883143104489246,0.03527212897645834,0.0,0.0,0.0279,0.0353,11,0,0.0102,0.0,1.054690917763512,0.5273471664290486,0.5273437513344634,WELD_FOUND
65.589,0.030514160060856534,-0.03307088348420765,0.025553527538225387,0.03547479258348768,0.0,0.0,0.0256,0.0355,11,0,0.0102,0.0,1.4062534542270564,0.7031284346608206,0.7031250195662357,WELD_FOUND
65.639,0.030514160060856534,-0.03307088348420765,0.025553527538225387,0.03547479258348768,0.0,0.0,0.0256,0.0355,11,0,0.0102,0.0,1.4062534542270564,0.7031284346608206,0.7031250195662357,WELD_FOUND
65.689,0.03030365078485017,-0.031174059647187235,0.025627541837772085,0.03497975973192825,0.0,0.0,0.0256,0.035,11,0,0.0102,0.0,0.7031284346608206,0.7031284346608206,0.0,WELD_FOUND
65.739,0.03030365078485017,-0.031174059647187235,0.025627541837772085,0.03497975973192825,0.0,0.0,0.0256,0.035,11,0,0.0102,0.0,0.7031284346608206,0.7031284346608206,0.0,WELD_FOUND
65.789,0.0,0.0,0.0,0.0,0.0,0.0,0.0,0.0,11,0,0.0102,0.0,0.7031284346608206,nan,nan,NO_WELD
65.839,0.0,0.0,0.0,0.0,0.0,0.0,0.0,0.0,11,0,0.0102,0.0,0.7031284346608206,nan,nan,NO_WELD
65.889,0.0,0.0,0.0,0.0,0.0,0.0,0.0,0.0,11,0,0.0102,0.0,0.7031284346608206,nan,nan,NO_WELD
65.939,0.0,0.0,0.0,0.0,0.0,0.0,0.0,0.0,11,0,0.0102,0.0,0.7031284346608206,nan,nan,NO_WELD
65.989,0.03026163636644558,-0.030665376969392113,0.025661829821036763,0.0348614429118544,0.0,0.0,0.0257,0.0349,11,0,0.0102,0.0,0.7031284346608206,0.7031284346608206,0.0,WELD_FOUND
66.039,0.03026163636644558,-0.030665376969392113,0.025661829821036763,0.0348614429118544,0.0,0.0,0.0257,0.0349,11,0,0.0102,0.0,0.7031284346608206,0.7031284346608206,0.0,WELD_FOUND
66.089,0.02934496571966541,-0.040542779603069026,0.023263548779205057,0.035426382660125766,0.0,0.0,0.0233,0.0354,11,0,0.0102,0.0,1.054690917763512,0.8789097028925928,0.17578121487091913,WELD_FOUND
66.14,0.02934496571966541,-0.040542779603069026,0.023263548779205057,0.035426382660125766,0.0,0.0,0.0233,0.0354,11,0,0.0102,0.0,1.054690917763512,0.8789097028925928,0.17578121487091913,WELD_FOUND
66.189,0.0,0.0,0.0,0.0,0.0,0.0,0.0,0.0,11,0,0.0102,0.0,1.054690917763512,nan,nan,NO_WELD
66.239,0.0,0.0,0.0,0.0,0.0,0.0,0.0,0.0,11,0,0.0102,0.0,1.054690917763512,nan,nan,NO_WELD
66.289,0.0,0.0,0.0,0.0,0.0,0.0,0.0,0.0,11,0,0.0102,0.0,1.054690917763512,nan,nan,NO_WELD
66.339,0.0,0.0,0.0,0.0,0.0,0.0,0.0,0.0,11,0,0.0102,0.0,1.054690917763512,nan,nan,NO_WELD
66.389,0.0,0.0,0.0,0.0,0.0,0.0,0.0,0.0,11,0,0.0102,0.0,1.054690917763512,nan,nan,NO_WELD
66.439,0.0,0.0,0.0,0.0,0.0,0.0,0.0,0.0,11,0,0.0102,0.0,1.054690917763512,nan,nan,NO_WELD
66.489,0.0,0.0,0.0,0.0,0.0,0.0,0.0,0.0,11,0,0.0102,0.0,1.7578159906906006,1.7578159906906006,0.0,WELD_FOUND
66.539,0.0,0.0,0.0,0.0,0.0,0.0,0.0,0.0,11,0,0.0102,0.0,1.7578159906906006,1.7578159906906006,0.0,WELD_FOUND
66.589,0.024801749109293954,-0.05,0.017301749109293954,0.032301749109293953,0.0,0.0,0.0173,0.0323,11,0,0.0102,0.0,1.4062534542270564,1.5820346690979756,-0.17578121487091924,WELD_FOUND
66.639,0.024801749109293954,-0.05,0.017301749109293954,0.032301749109293953,0.0,0.0,0.0173,0.0323,11,0,0.0102,0.0,1.4062534542270564,1.5820346690979756,-0.17578121487091924,WELD_FOUND
66.689,0.0,0.0,0.0,0.0,0.0,0.0,0.0,0.0,11,0,0.0102,0.0,1.4062534542270564,nan,nan,NO_WELD
66.739,0.0,0.0,0.0,0.0,0.0,0.0,0.0,0.0,11,0,0.0102,0.0,1.4062534542270564,nan,nan,NO_WELD
66.789,0.029118001009073975,-0.02919036416278592,0.024739446384656087,0.03349655563349186,0.0,0.0,0.0247,0.0335,11,0,0.0102,0.0,0.7031284346608206,0.7031284346608206,0.0,WELD_FOUND
66.839,0.029118001009073975,-0.02919036416278592,0.024739446384656087,0.03349655563349186,0.0,0.0,0.0247,0.0335,11,0,0.0102,0.0,0.7031284346608206,0.7031284346608206,0.0,WELD_FOUND
66.889,0.0,0.0,0.0,0.0,0.0,0.0,0.0,0.0,11,0,0.0102,0.0,0.7031284346608206,nan,nan,NO_WELD
66.939,0.0,0.0,0.0,0.0,0.0,0.0,0.0,0.0,11,0,0.0102,0.0,0.7031284346608206,nan,nan,NO_WELD
66.989,0.026486721394393776,-0.05,0.018986721394393776,0.03398672139439378,0.0,0.0,0.019,0.034,11,0,0.0102,0.0,1.4062534542270564,1.4062534542270564,0.0,WELD_FOUND
67.039,0.026486721394393776,-0.05,0.018986721394393776,0.03398672139439378,0.0,0.0,0.019,0.034,11,0,0.0102,0.0,1.4062534542270564,1.4062534542270564,0.0,WELD_FOUND
67.089,0.0,0.0,0.0,0.0,0.0,0.0,0.0,0.0,11,0,0.0102,0.0,1.4062534542270564,nan,nan,NO_WELD
67.14,0.0,0.0,0.0,0.0,0.0,0.0,0.0,0.0,11,0,0.0102,0.0,1.4062534542270564,nan,nan,NO_WELD
67.189,0.0,0.0,0.0,0.0,0.0,0.0,0.0,0.0,11,0,0.0102,0.0,1.4062534542270564,nan,nan,NO_WELD
67.239,0.0,0.0,0.0,0.0,0.0,0.0,0.0,0.0,11,0,0.0102,0.0,1.4062534542270564,nan,nan,NO_WELD
67.289,0.0,0.0,0.0,0.0,0.0,0.0,0.0,0.0,11,0,0.0102,0.0,1.4062534542270564,nan,nan,NO_WELD
67.339,0.0,0.0,0.0,0.0,0.0,0.0,0.0,0.0,11,0,0.0102,0.0,1.4062534542270564,nan,nan,NO_WELD
67.389,0.0,0.0,0.0,0.0,0.0,0.0,0.0,0.0,11,0,0.0102,0.0,1.4062534542270564,nan,nan,NO_WELD
67.439,0.0,0.0,0.0,0.0,0.0,0.0,0.0,0.0,11,0,0.0102,0.0,1.4062534542270564,nan,nan,NO_WELD
67.489,0.03025113731584426,-0.03435129341673413,0.02509844330333414,0.03540383132835438,0.0,0.0,0.0251,0.0354,11,0,0.0102,0.0,0.7031284346608206,0.7031284346608206,0.0,WELD_FOUND
67.539,0.03025113731584426,-0.03435129341673413,0.02509844330333414,0.03540383132835438,0.0,0.0,0.0251,0.0354,11,0,0.0102,0.0,0.7031284346608206,0.7031284346608206,0.0,WELD_FOUND
67.589,0.031173219593630962,-0.020922056438034305,0.02803491112792582,0.034311528059336106,0.0,0.0,0.028,0.0343,11,0,0.0102,0.0,0.35156592487770283,0.5273471664290486,-0.17578124155134572,WELD_FOUND
67.639,0.031173219593630962,-0.020922056438034305,0.02803491112792582,0.034311528059336106,0.0,0.0,0.028,0.0343,11,0,0.0102,0.0,0.35156592487770283,0.5273471664290486,-0.17578124155134572,WELD_FOUND
67.689,0.03043444634929688,-0.03240089082087388,0.0255743127261658,0.035294579972427964,0.0,0.0,0.0256,0.0353,11,0,0.0102,0.0,0.7031284346608206,0.7031284346608206,0.0,WELD_FOUND
67.739,0.03043444634929688,-0.03240089082087388,0.0255743127261658,0.035294579972427964,0.0,0.0,0.0256,0.0353,11,0,0.0102,0.0,0.7031284346608206,0.7031284346608206,0.0,WELD_FOUND
67.789,0.030287754825650593,-0.031029488546053568,0.02563333154374256,0.034942178107558626,0.0,0.0,0.0256,0.0349,11,0,0.0102,0.0,0.7031284346608206,0.7031284346608206,0.0,WELD_FOUND
67.839,0.030287754825650593,-0.031029488546053568,0.02563333154374256,0.034942178107558626,0.0,0.0,0.0256,0.0349,11,0,0.0102,0.0,0.7031284346608206,0.7031284346608206,0.0,WELD_FOUND
67.889,0.03025845904593016,-0.030746897055829836,0.025646424487555684,0.034870493604304637,0.0,0.0,0.0256,0.0349,11,0,0.0102,0.0,0.35156592487770283,0.7031284346608206,-0.3515625097831178,WELD_FOUND
67.939,0.03025845904593016,-0.030746897055829836,0.025646424487555684,0.034870493604304637,0.0,0.0,0.0256,0.0349,11,0,0.0102,0.0,0.35156592487770283,0.7031284346608206,-0.3515625097831178,WELD_FOUND
67.989,0.032110653076642584,-0.011101605154286298,0.03044541230349964,0.03377589384978553,0.0,0.0,0.0304,0.0338,11,0,0.0102,0.0,3.4150945850063755e-06,0.35156592487770283,-0.3515625097831178,WELD_FOUND
68.039,0.032110653076642584,-0.011101605154286298,0.03044541230349964,0.03377589384978553,0.0,0.0,0.0304,0.0338,11,0,0.0102,0.0,3.4150945850063755e-06,0.35156592487770283,-0.3515625097831178,WELD_FOUND
68.089,0.0,0.0,0.0,0.0,0.0,0.0,0.0,0.0,12,0,0.0111,0.0,3.4150945850063755e-06,nan,nan,NO_WELD
68.14,0.0,0.0,0.0,0.0,0.0025,0.0,-0.0025,0.0,12,0,0.0111,0.0,3.4150945850063755e-06,nan,nan,NO_WELD
68.189,0.0,0.0,0.0,0.0,0.0025,0.0,-0.0025,0.0,12,0,0.0111,0.0,3.4150945850063755e-06,nan,nan,NO_WELD
68.239,0.0,0.0,0.0,0.0,0.002,0.0,-0.002,0.0,12,0,0.0111,0.0,3.4150945850063755e-06,nan,nan,NO_WELD
68.289,0.035,0.0,0.035,0.035,0.002,0.0,0.033,0.035,12,0,0.0111,0.0,3.4150945850063755e-06,3.4150945850063755e-06,0.0,WELD_FOUND
68.339,0.035,0.0,0.035,0.035,0.0016,0.0,0.0334,0.035,12,0,0.0111,0.0,3.4150945850063755e-06,3.4150945850063755e-06,0.0,WELD_FOUND
68.389,0.0,0.0,0.0,0.0,0.0016,0.0,-0.0016,0.0,12,0,0.0111,0.0,3.4150945850063755e-06,nan,nan,NO_WELD
68.439,0.0,0.0,0.0,0.0,0.0016,0.0,-0.0016,0.0,12,0,0.0111,0.0,3.4150945850063755e-06,nan,nan,NO_WELD
68.489,0.03106189810972613,-0.03284398647244722,0.026135300138859046,0.03598849608059321,0.0013,0.0,0.0249,0.036,12,0,0.0111,0.0,0.7031284346608206,0.7031284346608206,0.0,WELD_FOUND
68.539,0.03106189810972613,-0.03284398647244722,0.026135300138859046,0.03598849608059321,0.0013,0.0,0.0249,0.036,12,0,0.0111,0.0,0.7031284346608206,0.7031284346608206,0.0,WELD_FOUND
68.589,0.03133695054574808,-0.02236579530246251,0.027982081250378703,0.03469181984111746,0.0013,0.0,0.0267,0.0347,12,0,0.0111,0.0,0.35156592487770283,0.5273471664290486,-0.17578124155134572,WELD_FOUND
68.639,0.03133695054574808,-0.02236579530246251,0.027982081250378703,0.03469181984111746,0.001,0.0,0.027,0.0347,12,0,0.0111,0.0,0.35156592487770283,0.5273471664290486,-0.17578124155134572,WELD_FOUND
68.689,0.03233128729138529,-0.013099702122525689,0.03036633197300644,0.034296242609764147,0.001,0.0,0.0294,0.0343,12,0,0.0111,0.0,3.4150945850063755e-06,0.35156592487770283,-0.3515625097831178,WELD_FOUND
68.739,0.03233128729138529,-0.013099702122525689,0.03036633197300644,0.034296242609764147,0.001,0.0,0.0294,0.0343,12,0,0.0111,0.0,3.4150945850063755e-06,0.35156592487770283,-0.3515625097831178,WELD_FOUND
68.789,0.0,0.0,0.0,0.0,0.0,0.0,0.0,0.0,12,0,0.0111,0.0,3.4150945850063755e-06,nan,nan,NO_WELD
68.839,0.0,0.0,0.0,0.0,0.0,0.0,0.0,0.0,12,0,0.0111,0.0,3.4150945850063755e-06,nan,nan,NO_WELD
68.889,0.032532018236978995,-0.015275893913371358,0.030240634149973293,0.0348234023239847,0.0,0.0,0.0302,0.0348,12,0,0.0111,0.0,0.35156592487770283,0.35156592487770283,0.0,WELD_FOUND
68.939,0.032532018236978995,-0.015275893913371358,0.030240634149973293,0.0348234023239847,0.0,0.0,0.0302,0.0348,12,0,0.0111,0.0,0.35156592487770283,0.35156592487770283,0.0,WELD_FOUND
68.989,0.03257223896995638,-0.015247870584132033,0.030285058382336576,0.03485941955757619,0.0,0.0,0.0303,0.0349,12,0,0.0111,0.0,0.35156592487770283,0.35156592487770283,0.0,WELD_FOUND
69.039,0.03257223896995638,-0.015247870584132033,0.030285058382336576,0.03485941955757619,0.0,0.0,0.0303,0.0349,12,0,0.0111,0.0,0.35156592487770283,0.35156592487770283,0.0,WELD_FOUND
69.089,0.0,0.0,0.0,0.0,0.0,0.0,0.0,0.0,12,0,0.0111,0.0,0.35156592487770283,nan,nan,NO_WELD
69.14,0.0,0.0,0.0,0.0,0.0,0.0,0.0,0.0,12,0,0.0111,0.0,0.35156592487770283,nan,nan,NO_WELD
69.189,0.0,0.0,0.0,0.0,0.0,0.0,0.0,0.0,12,0,0.0111,0.0,0.35156592487770283,nan,nan,NO_WELD
69.239,0.0,0.0,0.0,0.0,0.0,0.0,0.0,0.0,12,0,0.0111,0.0,0.35156592487770283,nan,nan,NO_WELD
69.289,0.03258028609830621,-0.015342625425029203,0.030278892284551828,0.03488167991206059,0.0,0.0,0.0303,0.0349,12,0,0.0111,0.0,0.35156592487770283,0.35156592487770283,0.0,WELD_FOUND
69.339,0.03258028609830621,-0.015342625425029203,0.030278892284551828,0.03488167991206059,0.0,0.0,0.0303,0.0349,12,0,0.0111,0.0,0.35156592487770283,0.35156592487770283,0.0,WELD_FOUND
69.389,0.0,0.0,0.0,0.0,0.0,0.0,0.0,0.0,12,0,0.0111,0.0,0.35156592487770283,nan,nan,NO_WELD
69.439,0.0,0.0,0.0,0.0,0.0,0.0,0.0,0.0,12,0,0.0111,0.0,0.35156592487770283,nan,nan,NO_WELD
69.489,0.0,0.0,0.0,0.0,0.0,0.0,0.0,0.0,12,0,0.0111,0.0,0.35156592487770283,nan,nan,NO_WELD
69.539,0.0,0.0,0.0,0.0,0.0,0.0,0.0,0.0,12,0,0.0111,0.0,0.35156592487770283,nan,nan,NO_WELD
69.589,0.0,0.0,0.0,0.0,0.0,0.0,0.0,0.0,12,0,0.0111,0.0,0.35156592487770283,nan,nan,NO_WELD
69.639,0.0,0.0,0.0,0.0,0.0,0.0,0.0,0.0,12,0,0.0111,0.0,0.35156592487770283,nan,nan,NO_WELD
69.689,0.0,0.0,0.0,0.0,0.0,0.0,0.0,0.0,12,0,0.0111,0.0,0.35156592487770283,nan,nan,NO_WELD
69.739,0.0,0.0,0.0,0.0,0.0,0.0,0.0,0.0,12,0,0.0111,0.0,0.35156592487770283,nan,nan,NO_WELD
69.79,0.0,0.0,0.0,0.0,0.0,0.0,0.0,0.0,12,0,0.0111,0.0,1.054690917763512,1.054690917763512,0.0,WELD_FOUND
69.839,0.028006494101859913,-0.05,0.020506494101859913,0.03550649410185991,0.0,0.0,0.0205,0.0355,12,0,0.0111,0.0,1.054690917763512,1.054690917763512,0.0,WELD_FOUND
69.889,0.0,0.0,0.0,0.0,0.0,0.0,0.0,0.0,12,0,0.0111,0.0,1.054690917763512,nan,nan,NO_WELD
69.939,0.0,0.0,0.0,0.0,0.0,0.0,0.0,0.0,12,0,0.0111,0.0,1.054690917763512,nan,nan,NO_WELD
69.99,0.0,0.0,0.0,0.0,0.0,0.0,0.0,0.0,12,0,0.0111,0.0,1.054690917763512,nan,nan,NO_WELD
70.039,0.0,0.0,0.0,0.0,0.0,0.0,0.0,0.0,12,0,0.0111,0.0,1.054690917763512,nan,nan,NO_WELD
70.09,0.0,0.0,0.0,0.0,0.0,0.0,0.0,0.0,12,0,0.0111,0.0,1.054690917763512,nan,nan,NO_WELD
70.14,0.0,0.0,0.0,0.0,0.0,0.0,0.0,0.0,12,0,0.0111,0.0,1.054690917763512,nan,nan,NO_WELD
70.189,0.0,0.0,0.0,0.0,0.0,0.0,0.0,0.0,12,0,0.0111,0.0,1.054690917763512,nan,nan,NO_WELD
70.239,0.0,0.0,0.0,0.0,0.0,0.0,0.0,0.0,12,0,0.0111,0.0,1.054690917763512,nan,nan,NO_WELD
70.289,0.0,0.0,0.0,0.0,0.0,0.0,0.0,0.0,12,0,0.0111,0.0,1.054690917763512,nan,nan,NO_WELD
70.339,0.0,0.0,0.0,0.0,0.0,0.0,0.0,0.0,12,0,0.0111,0.0,1.054690917763512,nan,nan,NO_WELD
70.389,0.0,0.0,0.0,0.0,0.0,0.0,0.0,0.0,12,0,0.0111,0.0,1.054690917763512,nan,nan,NO_WELD
70.439,0.0,0.0,0.0,0.0,0.0,0.0,0.0,0.0,12,0,0.0111,0.0,1.054690917763512,nan,nan,NO_WELD
70.489,0.0,0.0,0.0,0.0,0.0,0.0,0.0,0.0,12,0,0.0111,0.0,0.35156592487770283,nan,nan,NO_WELD
70.539,0.0,0.0,0.0,0.0,0.0,0.0,0.0,0.0,12,0,0.0111,0.0,0.35156592487770283,0.35156592487770283,0.0,WELD_FOUND
70.59,0.0,0.0,0.0,0.0,0.0,0.0,0.0,0.0,12,0,0.0111,0.0,0.35156592487770283,nan,nan,WELD_FOUND
70.639,0.0,0.0,0.0,0.0,0.0,0.0,0.0,0.0,12,0,0.0111,0.0,0.35156592487770283,nan,nan,NO_WELD
70.69,0.0,0.0,0.0,0.0,0.0,0.0,0.0,0.0,12,0,0.0111,0.0,0.35156592487770283,nan,nan,NO_WELD
70.739,0.0,0.0,0.0,0.0,0.0,0.0,0.0,0.0,12,0,0.0111,0.0,0.35156592487770283,nan,nan,NO_WELD
70.79,0.0,0.0,0.0,0.0,0.0,0.0,0.0,0.0,12,0,0.0111,0.0,0.35156592487770283,nan,nan,NO_WELD
70.839,0.0,0.0,0.0,0.0,0.0,0.0,0.0,0.0,12,0,0.0111,0.0,0.35156592487770283,nan,nan,NO_WELD
70.889,0.0,0.0,0.0,0.0,0.0,0.0,0.0,0.0,12,0,0.0111,0.0,0.7031284346608206,nan,nan,NO_WELD
70.939,0.0,0.0,0.0,0.0,0.0,0.0,0.0,0.0,12,0,0.0111,0.0,0.7031284346608206,0.7031284346608206,0.0,WELD_FOUND
70.989,0.0,0.0,0.0,0.0,0.0,0.0,0.0,0.0,12,0,0.0111,0.0,0.7031284346608206,0.7031284346608206,0.0,WELD_FOUND
71.039,0.0,0.0,0.0,0.0,0.0,0.0,0.0,0.0,12,0,0.0111,0.0,0.7031284346608206,nan,nan,NO_WELD
71.089,0.0,0.0,0.0,0.0,0.0,0.0,0.0,0.0,12,0,0.0111,0.0,0.7031284346608206,nan,nan,NO_WELD
71.14,0.0,0.0,0.0,0.0,0.0,0.0,0.0,0.0,12,0,0.0111,0.0,0.7031284346608206,nan,nan,NO_WELD
71.189,0.0,0.0,0.0,0.0,0.0,0.0,0.0,0.0,12,0,0.0111,0.0,0.7031284346608206,nan,nan,NO_WELD
71.239,0.032582298035693374,-0.015995379557328177,0.03018299110209415,0.034981604969292604,0.0,0.0,0.0302,0.035,12,0,0.0111,0.0,0.35156592487770283,0.35156592487770283,0.0,WELD_FOUND
71.289,0.032582298035693374,-0.015995379557328177,0.03018299110209415,0.034981604969292604,0.0,0.0,0.0302,0.035,12,0,0.0111,0.0,0.35156592487770283,0.35156592487770283,0.0,WELD_FOUND
71.339,0.03163945173812606,-0.02515798126909243,0.027865754547762196,0.03541314892848992,0.0,0.0,0.0279,0.0354,12,0,0.0111,0.0,0.7031284346608206,0.5273471664290486,0.1757812682317721,WELD_FOUND
71.389,0.03163945173812606,-0.02515798126909243,0.027865754547762196,0.03541314892848992,0.0,0.0,0.0279,0.0354,12,0,0.0111,0.0,0.7031284346608206,0.5273471664290486,0.1757812682317721,WELD_FOUND
71.439,0.0,0.0,0.0,0.0,0.0,0.0,0.0,0.0,12,0,0.0111,0.0,0.7031284346608206,nan,nan,NO_WELD
71.489,0.0,0.0,0.0,0.0,0.0,0.0,0.0,0.0,12,0,0.0111,0.0,0.7031284346608206,nan,nan,NO_WELD
71.539,0.0,0.0,0.0,0.0,0.0,0.0,0.0,0.0,12,0,0.0111,0.0,0.7031284346608206,nan,nan,NO_WELD
71.589,0.0,0.0,0.0,0.0,0.0,0.0,0.0,0.0,12,0,0.0111,0.0,0.7031284346608206,nan,nan,NO_WELD
71.639,0.0,0.0,0.0,0.0,0.0,0.0,0.0,0.0,12,0,0.0111,0.0,0.7031284346608206,nan,nan,NO_WELD
71.689,0.0,0.0,0.0,0.0,0.0,0.0,0.0,0.0,12,0,0.0111,0.0,0.7031284346608206,nan,nan,NO_WELD
71.739,0.0,0.0,0.0,0.0,0.0,0.0,0.0,0.0,12,0,0.0111,0.0,0.7031284346608206,nan,nan,NO_WELD
71.789,0.0,0.0,0.0,0.0,0.0,0.0,0.0,0.0,12,0,0.0111,0.0,0.7031284346608206,nan,nan,NO_WELD
71.839,0.03025113731584426,-0.03435075214212492,0.025098524494525522,0.035403750137163,0.0,0.0,0.0251,0.0354,12,0,0.0111,0.0,0.7031284346608206,0.7031284346608206,0.0,WELD_FOUND
71.889,0.03025113731584426,-0.03435075214212492,0.025098524494525522,0.035403750137163,0.0,0.0,0.0251,0.0354,12,0,0.0111,0.0,0.7031284346608206,0.7031284346608206,0.0,WELD_FOUND
71.939,0.03210914450461959,-0.011096102143820558,0.030444729183046505,0.03377355982619267,0.0,0.0,0.0304,0.0338,12,0,0.0111,0.0,3.4150945850063755e-06,0.35156592487770283,-0.3515625097831178,WELD_FOUND
71.989,0.03210914450461959,-0.011096102143820558,0.030444729183046505,0.03377355982619267,0.0,0.0,0.0304,0.0338,12,0,0.0111,0.0,3.4150945850063755e-06,0.35156592487770283,-0.3515625097831178,WELD_FOUND
72.039,0.035,0.0,0.035,0.035,0.0,0.0,0.035,0.035,12,0,0.0111,0.0,3.4150945850063755e-06,3.4150945850063755e-06,0.0,WELD_FOUND
72.089,0.035,0.0,0.035,0.035,0.0,0.0,0.035,0.035,12,0,0.0111,0.0,3.4150945850063755e-06,3.4150945850063755e-06,0.0,WELD_FOUND
72.141,0.0,0.0,0.0,0.0,0.0,0.0,0.0,0.0,12,0,0.0111,0.0,3.4150945850063755e-06,nan,nan,NO_WELD
72.189,0.0,0.0,0.0,0.0,0.0,0.0,0.0,0.0,12,0,0.0111,0.0,3.4150945850063755e-06,nan,nan,NO_WELD
72.239,0.0,0.0,0.0,0.0,0.0,0.0,0.0,0.0,12,0,0.0111,0.0,3.4150945850063755e-06,nan,nan,NO_WELD
72.289,0.0,0.0,0.0,0.0,0.0,0.0,0.0,0.0,12,0,0.0111,0.0,3.4150945850063755e-06,nan,nan,NO_WELD
72.339,0.0,0.0,0.0,0.0,0.0,0.0,0.0,0.0,12,0,0.0111,0.0,3.4150945850063755e-06,nan,nan,NO_WELD
72.389,0.0,0.0,0.0,0.0,0.0,0.0,0.0,0.0,12,0,0.0111,0.0,3.4150945850063755e-06,nan,nan,NO_WELD
72.439,0.0,0.0,0.0,0.0,0.0,0.0,0.0,0.0,12,0,0.0111,0.0,3.4150945850063755e-06,nan,nan,NO_WELD
72.489,0.0,0.0,0.0,0.0,0.0,0.0,0.0,0.0,12,0,0.0111,0.0,3.4150945850063755e-06,nan,nan,NO_WELD
72.539,0.032582298035693374,-0.0171777454197082,0.030005636222737143,0.035158959848649605,0.0,0.0,0.03,0.0352,12,0,0.0111,0.0,0.35156592487770283,0.35156592487770283,0.0,WELD_FOUND
72.589,0.032582298035693374,-0.0171777454197082,0.030005636222737143,0.035158959848649605,0.0,0.0,0.03,0.0352,12,0,0.0111,0.0,0.35156592487770283,0.35156592487770283,0.0,WELD_FOUND
72.639,0.03071044807271012,-0.03496964013262803,0.025465002052815915,0.03595589409260432,0.0,0.0,0.0255,0.036,12,0,0.0111,0.0,1.054690917763512,0.7031284346608206,0.35156248310269134,WELD_FOUND
72.689,0.03071044807271012,-0.03496964013262803,0.025465002052815915,0.03595589409260432,0.0,0.0,0.0255,0.036,12,0,0.0111,0.0,1.054690917763512,0.7031284346608206,0.35156248310269134,WELD_FOUND
72.739,0.0,0.0,0.0,0.0,0.0,0.0,0.0,0.0,12,0,0.0111,0.0,1.054690917763512,nan,nan,NO_WELD
72.789,0.0,0.0,0.0,0.0,0.0,0.0,0.0,0.0,12,0,0.0111,0.0,1.054690917763512,nan,nan,NO_WELD
72.839,0.03220349835535019,-0.014867158713538692,0.02997342454831939,0.03443357216238099,0.0,0.0,0.03,0.0344,12,0,0.0111,0.0,0.35156592487770283,0.35156592487770283,0.0,WELD_FOUND
72.889,0.03220349835535019,-0.014867158713538692,0.02997342454831939,0.03443357216238099,0.0,0.0,0.03,0.0344,12,0,0.0111,0.0,0.35156592487770283,0.35156592487770283,0.0,WELD_FOUND
72.939,0.0,0.0,0.0,0.0,0.0,0.0,0.0,0.0,12,0,0.0111,0.0,0.35156592487770283,nan,nan,NO_WELD
72.989,0.0,0.0,0.0,0.0,0.0,0.0,0.0,0.0,12,0,0.0111,0.0,0.35156592487770283,nan,nan,NO_WELD
73.039,0.0,0.0,0.0,0.0,0.0,0.0,0.0,0.0,12,0,0.0111,0.0,0.35156592487770283,nan,nan,NO_WELD
73.089,0.0,0.0,0.0,0.0,0.0,0.0,0.0,0.0,12,0,0.0111,0.0,0.35156592487770283,nan,nan,NO_WELD
73.141,0.032506360912114875,-0.015439212108022519,0.030190479095911497,0.03482224272831825,0.0,0.0,0.0302,0.0348,12,0,0.0111,0.0,0.35156592487770283,0.35156592487770283,0.0,WELD_FOUND
73.189,0.032506360912114875,-0.015439212108022519,0.030190479095911497,0.03482224272831825,0.0,0.0,0.0302,0.0348,12,0,0.0111,0.0,0.35156592487770283,0.35156592487770283,0.0,WELD_FOUND
73.239,0.0,0.0,0.0,0.0,0.0,0.0,0.0,0.0,12,0,0.0111,0.0,0.35156592487770283,nan,nan,NO_WELD
73.289,0.0,0.0,0.0,0.0,0.0,0.0,0.0,0.0,12,0,0.0111,0.0,0.35156592487770283,nan,nan,NO_WELD
73.339,0.0,0.0,0.0,0.0,0.0,0.0,0.0,0.0,12,0,0.0111,0.0,0.35156592487770283,nan,nan,NO_WELD
73.389,0.0,0.0,0.0,0.0,0.0,0.0,0.0,0.0,12,0,0.0111,0.0,0.35156592487770283,nan,nan,NO_WELD
73.439,0.033554453532412085,0.014090847338653546,0.035668080633210114,0.031440826431614055,0.0,0.0,0.0357,0.0314,12,0,0.0111,0.0,-0.35155909468853286,-0.35155909468853286,0.0,WELD_FOUND
73.489,0.033554453532412085,0.014090847338653546,0.035668080633210114,0.031440826431614055,0.0,0.0,0.0357,0.0314,12,0,0.0111,0.0,-0.35155909468853286,-0.35155909468853286,0.0,WELD_FOUND
73.539,0.0,0.0,0.0,0.0,0.0,0.0,0.0,0.0,12,0,0.0111,0.0,-0.35155909468853286,nan,nan,NO_WELD
73.589,0.0,0.0,0.0,0.0,0.0,0.0,0.0,0.0,12,0,0.0111,0.0,-0.35155909468853286,nan,nan,NO_WELD
73.639,0.033343467304554335,-0.01629115042194321,0.030899794741262854,0.03578713986784582,0.0,0.0,0.0309,0.0358,12,0,0.0111,0.0,0.35156592487770283,0.35156592487770283,0.0,WELD_FOUND
73.689,0.033343467304554335,-0.01629115042194321,0.030899794741262854,0.03578713986784582,0.0,0.0,0.0309,0.0358,12,0,0.0111,0.0,0.35156592487770283,0.35156592487770283,0.0,WELD_FOUND
73.739,0.03178877651618876,-0.026512889555684857,0.027811843082836036,0.035765709949541494,0.0,0.0,0.0278,0.0358,12,0,0.0111,0.0,0.7031284346608206,0.5273471664290486,0.1757812682317721,WELD_FOUND
73.789,0.03178877651618876,-0.026512889555684857,0.027811843082836036,0.035765709949541494,0.0,0.0,0.0278,0.0358,12,0,0.0111,0.0,0.7031284346608206,0.5273471664290486,0.1757812682317721,WELD_FOUND
73.839,0.03055561589634219,-0.033540803606042245,0.025524495355435852,0.03558673643724852,0.0,0.0,0.0255,0.0356,12,0,0.0111,0.0,0.7031284346608206,0.7031284346608206,0.0,WELD_FOUND
73.889,0.03055561589634219,-0.033540803606042245,0.025524495355435852,0.03558673643724852,0.0,0.0,0.0255,0.0356,12,0,0.0111,0.0,0.7031284346608206,0.7031284346608206,0.0,WELD_FOUND
73.939,0.03123491214529185,-0.02142725721173601,0.02802082356353145,0.03444900072705225,0.0,0.0,0.028,0.0344,12,0,0.0111,0.0,0.35156592487770283,0.5273471664290486,-0.17578124155134572,WELD_FOUND
73.989,0.03123491214529185,-0.02142725721173601,0.02802082356353145,0.03444900072705225,0.0,0.0,0.028,0.0344,12,0,0.0111,0.0,0.35156592487770283,0.5273471664290486,-0.17578124155134572,WELD_FOUND
74.039,0.0,0.0,0.0,0.0,0.0,0.0,0.0,0.0,12,0,0.0111,0.0,0.35156592487770283,nan,nan,NO_WELD
74.089,0.0,0.0,0.0,0.0,0.0,0.0,0.0,0.0,12,0,0.0111,0.0,0.35156592487770283,nan,nan,NO_WELD
74.14,0.0,0.0,0.0,0.0,0.0,0.0,0.0,0.0,12,0,0.0111,0.0,0.35156592487770283,nan,nan,NO_WELD
74.189,0.0,0.0,0.0,0.0,0.0,0.0,0.0,0.0,12,0,0.0111,0.0,0.35156592487770283,nan,nan,NO_WELD
74.239,0.028638092382616748,-0.045116444071800633,0.021870625771846654,0.03540555899338684,0.0,0.0,0.0219,0.0354,12,0,0.0111,0.0,1.054690917763512,1.054690917763512,0.0,WELD_FOUND
74.289,0.028638092382616748,-0.045116444071800633,0.021870625771846654,0.03540555899338684,0.0,0.0,0.0219,0.0354,12,0,0.0111,0.0,1.054690917763512,1.054690917763512,0.0,WELD_FOUND
74.339,0.027256642774523564,-0.057128109818510756,0.018687426301746954,0.035825859247300175,0.0,0.0,0.0187,0.0358,12,0,0.0111,0.0,1.4062534542270564,1.2304722393561371,0.17578121487091924,WELD_FOUND
74.389,0.027256642774523564,-0.057128109818510756,0.018687426301746954,0.035825859247300175,0.0,0.0,0.0187,0.0358,12,0,0.0111,0.0,1.4062534542270564,1.2304722393561371,0.17578121487091924,WELD_FOUND
74.439,0.0,0.0,0.0,0.0,0.0,0.0,0.0,0.0,12,0,0.0111,0.0,1.4062534542270564,nan,nan,NO_WELD
74.489,0.0,0.0,0.0,0.0,0.0,0.0,0.0,0.0,12,0,0.0111,0.0,1.4062534542270564,nan,nan,NO_WELD
74.539,0.02963975580563505,-0.02989949514967568,0.025154831533183698,0.0341246800780864,0.0,0.0,0.0252,0.0341,12,0,0.0111,0.0,0.7031284346608206,0.7031284346608206,0.0,WELD_FOUND
74.589,0.02963975580563505,-0.02989949514967568,0.025154831533183698,0.0341246800780864,0.0,0.0,0.0252,0.0341,12,0,0.0111,0.0,0.7031284346608206,0.7031284346608206,0.0,WELD_FOUND
74.639,0.030128361709724612,-0.029532217821147615,0.02569852903655247,0.034558194382896756,0.0,0.0,0.0257,0.0346,12,0,0.0111,0.0,0.7031284346608206,0.7031284346608206,0.0,WELD_FOUND
74.689,0.030128361709724612,-0.029532217821147615,0.02569852903655247,0.034558194382896756,0.0,0.0,0.0257,0.0346,12,0,0.0111,0.0,0.7031284346608206,0.7031284346608206,0.0,WELD_FOUND
74.739,0.030226562222457225,-0.030445947485779043,0.02565967009959037,0.03479345434532408,0.0,0.0,0.0257,0.0348,12,0,0.0111,0.0,3.4150945850063755e-06,0.7031284346608206,-0.7031250195662356,WELD_FOUND
74.789,0.030226562222457225,-0.030445947485779043,0.02565967009959037,0.03479345434532408,0.0,0.0,0.0257,0.0348,12,0,0.0111,0.0,3.4150945850063755e-06,0.7031284346608206,-0.7031250195662356,WELD_FOUND
74.839,0.032104079967145926,-0.01099114585874426,0.030455408088334288,0.033752751845957565,0.0,0.0,0.0305,0.0338,12,0,0.0111,0.0,3.4150945850063755e-06,0.35156592487770283,-0.3515625097831178,WELD_FOUND
74.889,0.032104079967145926,-0.01099114585874426,0.030455408088334288,0.033752751845957565,0.0,0.0,0.0305,0.0338,12,0,0.0111,0.0,3.4150945850063755e-06,0.35156592487770283,-0.3515625097831178,WELD_FOUND
74.939,0.030617319921588157,-0.034050399784798326,0.025509759953868408,0.035724879889307906,0.0,0.0,0.0255,0.0357,12,0,0.0111,0.0,0.7031284346608206,0.7031284346608206,0.0,WELD_FOUND
74.989,0.030617319921588157,-0.034050399784798326,0.025509759953868408,0.035724879889307906,0.0,0.0,0.0255,0.0357,12,0,0.0111,0.0,0.7031284346608206,0.7031284346608206,0.0,WELD_FOUND
75.039,0.0,0.0,0.0,0.0,0.0,0.0,0.0,0.0,12,0,0.0111,0.0,0.7031284346608206,nan,nan,NO_WELD
75.089,0.0,0.0,0.0,0.0,0.0,0.0,0.0,0.0,12,0,0.0111,0.0,0.7031284346608206,nan,nan,NO_WELD
75.141,0.0,0.0,0.0,0.0,0.0,0.0,0.0,0.0,12,0,0.0111,0.0,0.7031284346608206,nan,nan,NO_WELD
75.189,0.0,0.0,0.0,0.0,0.0,0.0,0.0,0.0,12,0,0.0111,0.0,0.7031284346608206,nan,nan,NO_WELD
75.239,0.02676987872280301,-0.05,0.01926987872280301,0.03426987872280301,0.0,0.0,0.0193,0.0343,12,0,0.0111,0.0,1.4062534542270564,1.4062534542270564,0.0,WELD_FOUND
75.289,0.02676987872280301,-0.05,0.01926987872280301,0.03426987872280301,0.0,0.0,0.0193,0.0343,12,0,0.0111,0.0,1.4062534542270564,1.4062534542270564,0.0,WELD_FOUND
75.339,0.0,0.0,0.0,0.0,0.0,0.0,0.0,0.0,12,0,0.0111,0.0,1.4062534542270564,nan,nan,NO_WELD
75.389,0.0,0.0,0.0,0.0,0.0,0.0,0.0,0.0,12,0,0.0111,0.0,1.4062534542270564,nan,nan,NO_WELD
75.439,0.0,0.0,0.0,0.0,0.0,0.0,0.0,0.0,12,0,0.0111,0.0,1.4062534542270564,nan,nan,NO_WELD
75.489,0.0,0.0,0.0,0.0,0.0,0.0,0.0,0.0,12,0,0.0111,0.0,1.4062534542270564,nan,nan,NO_WELD
75.539,0.024361191512360166,-0.05,0.016861191512360166,0.031861191512360165,0.0,0.0,0.0169,0.0319,12,0,0.0111,0.0,1.7578159906906006,1.7578159906906006,0.0,WELD_FOUND
75.589,0.024361191512360166,-0.05,0.016861191512360166,0.031861191512360165,0.0,0.0,0.0169,0.0319,12,0,0.0111,0.0,1.7578159906906006,1.7578159906906006,0.0,WELD_FOUND
75.639,0.023893077872187238,-0.07793468182653787,0.012202875598206557,0.03558328014616792,0.0,0.0,0.0122,0.0356,12,0,0.0111,0.0,1.7578159906906006,1.7578159906906006,0.0,WELD_FOUND
75.689,0.023893077872187238,-0.07793468182653787,0.012202875598206557,0.03558328014616792,0.0,0.0,0.0122,0.0356,12,0,0.0111,0.0,1.7578159906906006,1.7578159906906006,0.0,WELD_FOUND
75.739,0.023800000096229287,-0.07694644656158081,0.012258033111992165,0.035341967080466406,0.0,0.0,0.0123,0.0353,12,0,0.0111,0.0,1.054690917763512,1.7578159906906006,-0.7031250729270886,WELD_FOUND
75.789,0.023800000096229287,-0.07694644656158081,0.012258033111992165,0.035341967080466406,0.0,0.0,0.0123,0.0353,12,0,0.0111,0.0,1.054690917763512,1.7578159906906006,-0.7031250729270886,WELD_FOUND
75.839,0.025431930610197218,-0.05718251632804908,0.016854553160989855,0.03400930805940458,0.0,0.0,0.0169,0.034,12,0,0.0111,0.0,1.054690917763512,1.4062534542270564,-0.3515625364635444,WELD_FOUND
75.889,0.025431930610197218,-0.05718251632804908,0.016854553160989855,0.03400930805940458,0.0,0.0,0.0169,0.034,12,0,0.0111,0.0,1.054690917763512,1.4062534542270564,-0.3515625364635444,WELD_FOUND
75.939,0.027481652625852435,-0.04096373949661163,0.02133709170136069,0.03362621355034418,0.0,0.0,0.0213,0.0336,12,0,0.0111,0.0,0.35156592487770283,1.054690917763512,-0.7031249928858092,WELD_FOUND
75.989,0.027481652625852435,-0.04096373949661163,0.02133709170136069,0.03362621355034418,0.0,0.0,0.0213,0.0336,12,0,0.0111,0.0,0.35156592487770283,1.054690917763512,-0.7031249928858092,WELD_FOUND
76.039,0.0,0.0,0.0,0.0,0.0,0.0,0.0,0.0,12,0,0.0111,0.0,0.35156592487770283,nan,nan,NO_WELD
76.089,0.0,0.0,0.0,0.0,0.0,0.0,0.0,0.0,12,0,0.0111,0.0,0.35156592487770283,nan,nan,NO_WELD
76.141,0.0,0.0,0.0,0.0,0.0,0.0,0.0,0.0,12,0,0.0111,0.0,0.35156592487770283,nan,nan,NO_WELD
76.189,0.0,0.0,0.0,0.0,0.0,0.0,0.0,0.0,12,0,0.0111,0.0,0.35156592487770283,nan,nan,NO_WELD
76.239,0.02968660591780756,-0.0314414449429025,0.024970389176372187,0.03440282265924294,0.0,0.0,0.025,0.0344,12,0,0.0111,0.0,0.7031284346608206,0.7031284346608206,0.0,WELD_FOUND
76.289,0.02968660591780756,-0.0314414449429025,0.024970389176372187,0.03440282265924294,0.0,0.0,0.025,0.0344,12,0,0.0111,0.0,0.7031284346608206,0.7031284346608206,0.0,WELD_FOUND
76.339,0.030137805657835387,-0.029617453191337496,0.025695187679134764,0.03458042363653601,0.0,0.0,0.0257,0.0346,12,0,0.0111,0.0,0.7031284346608206,0.7031284346608206,0.0,WELD_FOUND
76.389,0.030137805657835387,-0.029617453191337496,0.025695187679134764,0.03458042363653601,0.0,0.0,0.0257,0.0346,12,0,0.0111,0.0,0.7031284346608206,0.7031284346608206,0.0,WELD_FOUND
76.439,0.0,0.0,0.0,0.0,0.0,0.0,0.0,0.0,12,0,0.0111,0.0,0.7031284346608206,nan,nan,NO_WELD
76.489,0.0,0.0,0.0,0.0,0.0,0.0,0.0,0.0,12,0,0.0111,0.0,0.7031284346608206,nan,nan,NO_WELD
76.539,0.0,0.0,0.0,0.0,0.0,0.0,0.0,0.0,12,0,0.0111,0.0,0.7031284346608206,nan,nan,NO_WELD
76.589,0.0,0.0,0.0,0.0,0.0,0.0,0.0,0.0,12,0,0.0111,0.0,0.7031284346608206,nan,nan,NO_WELD
76.639,0.030228453969106422,-0.030710832635910932,0.025621829073719782,0.034835078864493066,0.0,0.0,0.0256,0.0348,12,0,0.0111,0.0,0.7031284346608206,0.7031284346608206,0.0,WELD_FOUND
76.689,0.030228453969106422,-0.030710832635910932,0.025621829073719782,0.034835078864493066,0.0,0.0,0.0256,0.0348,12,0,0.0111,0.0,0.7031284346608206,0.7031284346608206,0.0,WELD_FOUND
76.739,0.03024659996589125,-0.0306372321080768,0.025651015149679733,0.03484218478210277,0.0,0.0,0.0257,0.0348,12,0,0.0111,0.0,0.7031284346608206,0.7031284346608206,0.0,WELD_FOUND
76.789,0.03024659996589125,-0.0306372321080768,0.025651015149679733,0.03484218478210277,0.0,0.0,0.0257,0.0348,12,0,0.0111,0.0,0.7031284346608206,0.7031284346608206,0.0,WELD_FOUND
76.839,0.03025022981862944,-0.03067117350079885,0.02564955379350961,0.034850905843749266,0.0,0.0,0.0256,0.0349,12,0,0.0111,0.0,0.7031284346608206,0.7031284346608206,0.0,WELD_FOUND
76.889,0.03025022981862944,-0.03067117350079885,0.02564955379350961,0.034850905843749266,0.0,0.0,0.0256,0.0349,12,0,0.0111,0.0,0.7031284346608206,0.7031284346608206,0.0,WELD_FOUND
76.939,0.030250955815312324,-0.030678056982740246,0.025649247267901288,0.034852664362723364,0.0,0.0,0.0256,0.0349,12,0,0.0111,0.0,0.7031284346608206,0.7031284346608206,0.0,WELD_FOUND
76.989,0.030250955815312324,-0.030678056982740246,0.025649247267901288,0.034852664362723364,0.0,0.0,0.0256,0.0349,12,0,0.0111,0.0,0.7031284346608206,0.7031284346608206,0.0,WELD_FOUND
77.039,0.03025110101569431,-0.030679427464351688,0.025649186896041558,0.03485301513534706,0.0,0.0,0.0256,0.0349,12,0,0.0111,0.0,0.7031284346608206,0.7031284346608206,0.0,WELD_FOUND
77.089,0.03025110101569431,-0.030679427464351688,0.025649186896041558,0.03485301513534706,0.0,0.0,0.0256,0.0349,12,0,0.0111,0.0,0.7031284346608206,0.7031284346608206,0.0,WELD_FOUND
77.141,0.030251130055812522,-0.03067969964469929,0.02564917510910763,0.034853085002517416,0.0,0.0,0.0256,0.0349,12,0,0.0111,0.0,0.7031284346608206,0.7031284346608206,0.0,WELD_FOUND
77.189,0.030251130055812522,-0.03067969964469929,0.02564917510910763,0.034853085002517416,0.0,0.0,0.0256,0.0349,12,0,0.0111,0.0,0.7031284346608206,0.7031284346608206,0.0,WELD_FOUND
77.239,0.0,0.0,0.0,0.0,0.0,0.0,0.0,0.0,12,0,0.0111,0.0,0.7031284346608206,nan,nan,NO_WELD
77.289,0.0,0.0,0.0,0.0,0.0,0.0,0.0,0.0,12,0,0.0111,0.0,0.7031284346608206,nan,nan,NO_WELD
77.339,0.030251135863837847,-0.030679763664930727,0.02564917131409824,0.034853100413577455,0.0,0.0,0.0256,0.0349,12,0,0.0111,0.0,0.7031284346608206,0.7031284346608206,0.0,WELD_FOUND
77.389,0.030251135863837847,-0.030679763664930727,0.02564917131409824,0.034853100413577455,0.0,0.0,0.0256,0.0349,12,0,0.0111,0.0,0.7031284346608206,0.7031284346608206,0.0,WELD_FOUND
77.439,0.0,0.0,0.0,0.0,0.0,0.0,0.0,0.0,12,0,0.0111,0.0,0.7031284346608206,nan,nan,NO_WELD
77.489,0.0,0.0,0.0,0.0,0.0,0.0,0.0,0.0,12,0,0.0111,0.0,0.7031284346608206,nan,nan,NO_WELD
77.539,0.0,0.0,0.0,0.0,0.0,0.0,0.0,0.0,12,0,0.0111,0.0,0.7031284346608206,nan,nan,NO_WELD
77.589,0.0,0.0,0.0,0.0,0.0,0.0,0.0,0.0,12,0,0.0111,0.0,0.7031284346608206,nan,nan,NO_WELD
77.639,0.0,0.0,0.0,0.0,0.0,0.0,0.0,0.0,12,0,0.0111,0.0,0.7031284346608206,nan,nan,NO_WELD
77.689,0.0,0.0,0.0,0.0,0.0,0.0,0.0,0.0,12,0,0.0111,0.0,0.7031284346608206,nan,nan,NO_WELD
77.739,0.032582298035693374,-0.017633397149768314,0.02993728846322813,0.03522730760815862,0.0,0.0,0.0299,0.0352,12,0,0.0111,0.0,0.35156592487770283,0.35156592487770283,0.0,WELD_FOUND
77.789,0.032582298035693374,-0.017633397149768314,0.02993728846322813,0.03522730760815862,0.0,0.0,0.0299,0.0352,12,0,0.0111,0.0,0.35156592487770283,0.35156592487770283,0.0,WELD_FOUND
77.839,0.03163945173812606,-0.025166196026290753,0.02786452233418245,0.03541438114206967,0.0,0.0,0.0279,0.0354,12,0,0.0111,0.0,0.7031284346608206,0.5273471664290486,0.1757812682317721,WELD_FOUND
77.889,0.03163945173812606,-0.025166196026290753,0.02786452233418245,0.03541438114206967,0.0,0.0,0.0279,0.0354,12,0,0.0111,0.0,0.7031284346608206,0.5273471664290486,0.1757812682317721,WELD_FOUND
77.939,0.03052630850069106,-0.03324342178915267,0.025539795232318162,0.03551282176906396,0.0,0.0,0.0255,0.0355,12,0,0.0111,0.0,1.054690917763512,0.7031284346608206,0.35156248310269134,WELD_FOUND
77.989,0.03052630850069106,-0.03324342178915267,0.025539795232318162,0.03551282176906396,0.0,0.0,0.0255,0.0355,12,0,0.0111,0.0,1.054690917763512,0.7031284346608206,0.35156248310269134,WELD_FOUND
78.039,0.0,0.0,0.0,0.0,0.0,0.0,0.0,0.0,12,0,0.0111,0.0,1.054690917763512,nan,nan,NO_WELD
78.089,0.0,0.0,0.0,0.0,0.0,0.0,0.0,0.0,12,0,0.0111,0.0,1.054690917763512,nan,nan,NO_WELD
78.141,0.030306071884829235,-0.030751656845846968,0.02569332335795219,0.03491882041170628,0.0,0.0,0.0257,0.0349,12,0,0.0111,0.0,0.7031284346608206,0.7031284346608206,0.0,WELD_FOUND
78.189,0.030306071884829235,-0.030751656845846968,0.02569332335795219,0.03491882041170628,0.0,0.0,0.0257,0.0349,12,0,0.0111,0.0,0.7031284346608206,0.7031284346608206,0.0,WELD_FOUND
78.239,0.0,0.0,0.0,0.0,0.0,0.0,0.0,0.0,12,0,0.0111,0.0,0.7031284346608206,nan,nan,NO_WELD
78.289,0.0,0.0,0.0,0.0,0.0,0.0,0.0,0.0,12,0,0.0111,0.0,0.7031284346608206,nan,nan,NO_WELD
78.339,0.03212045965829501,-0.014756329957250604,0.029907010164707423,0.034333909151882606,0.0,0.0,0.0299,0.0343,12,0,0.0111,0.0,0.35156592487770283,0.35156592487770283,0.0,WELD_FOUND
78.389,0.03212045965829501,-0.014756329957250604,0.029907010164707423,0.034333909151882606,0.0,0.0,0.0299,0.0343,12,0,0.0111,0.0,0.35156592487770283,0.35156592487770283,0.0,WELD_FOUND
78.439,0.035,0.0,0.035,0.035,0.0,0.0,0.035,0.035,12,0,0.0111,0.0,3.4150945850063755e-06,0.17578466998614392,-0.1757812548915589,WELD_FOUND
78.489,0.035,0.0,0.035,0.035,0.0,0.0,0.035,0.035,12,0,0.0111,0.0,3.4150945850063755e-06,0.17578466998614392,-0.1757812548915589,WELD_FOUND
78.539,0.032753937570817696,-0.022791710178680147,0.029335181044015675,0.036172694097619716,0.0,0.0,0.0293,0.0362,12,0,0.0111,0.0,0.35156592487770283,0.35156592487770283,0.0,WELD_FOUND
78.589,0.032753937570817696,-0.022791710178680147,0.029335181044015675,0.036172694097619716,0.0,0.0,0.0293,0.0362,12,0,0.0111,0.0,0.35156592487770283,0.35156592487770283,0.0,WELD_FOUND
78.639,0.035,0.0,0.035,0.035,0.0,0.0,0.035,0.035,12,0,0.0111,0.0,-0.35155909468853286,0.17578466998614392,-0.5273437646746768,WELD_FOUND
78.689,0.035,0.0,0.035,0.035,0.0,0.0,0.035,0.035,12,0,0.0111,0.0,-0.35155909468853286,0.17578466998614392,-0.5273437646746768,WELD_FOUND
78.739,0.0,0.0,0.0,0.0,0.0,0.0,0.0,0.0,12,0,0.0111,0.0,-0.35155909468853286,nan,nan,NO_WELD
78.789,0.0,0.0,0.0,0.0,0.0,0.0,0.0,0.0,12,0,0.0111,0.0,-0.35155909468853286,nan,nan,NO_WELD
78.839,0.03277940535317231,-0.018294646622333394,0.030035208359822298,0.03552360234652232,0.0,0.0,0.03,0.0355,12,0,0.0111,0.0,0.35156592487770283,0.35156592487770283,0.0,WELD_FOUND
78.889,0.03277940535317231,-0.018294646622333394,0.030035208359822298,0.03552360234652232,0.0,0.0,0.03,0.0355,12,0,0.0111,0.0,0.35156592487770283,0.35156592487770283,0.0,WELD_FOUND
78.939,0.03167825195147297,-0.025504030175326237,0.027852647425174033,0.035503856477771906,0.0,0.0,0.0279,0.0355,12,0,0.0111,0.0,0.7031284346608206,0.5273471664290486,0.1757812682317721,WELD_FOUND
78.989,0.03167825195147297,-0.025504030175326237,0.027852647425174033,0.035503856477771906,0.0,0.0,0.0279,0.0355,12,0,0.0111,0.0,0.7031284346608206,0.5273471664290486,0.1757812682317721,WELD_FOUND
79.039,0.0,0.0,0.0,0.0,0.0,0.0,0.0,0.0,12,0,0.0111,0.0,0.7031284346608206,nan,nan,NO_WELD
79.089,0.0,0.0,0.0,0.0,0.0,0.0,0.0,0.0,12,0,0.0111,0.0,0.7031284346608206,nan,nan,NO_WELD
79.14,0.0,0.0,0.0,0.0,0.0,0.0,0.0,0.0,12,0,0.0111,0.0,0.7031284346608206,nan,nan,NO_WELD
79.189,0.0,0.0,0.0,0.0,0.0,0.0,0.0,0.0,12,0,0.0111,0.0,0.7031284346608206,nan,nan,NO_WELD
79.239,0.0,0.0,0.0,0.0,0.0,0.0,0.0,0.0,12,0,0.0111,0.0,0.7031284346608206,nan,nan,NO_WELD
79.289,0.0,0.0,0.0,0.0,0.0,0.0,0.0,0.0,12,0,0.0111,0.0,0.7031284346608206,nan,nan,NO_WELD
79.339,0.0,0.0,0.0,0.0,0.0,0.0,0.0,0.0,12,0,0.0111,0.0,0.7031284346608206,nan,nan,NO_WELD
79.389,0.0,0.0,0.0,0.0,0.0,0.0,0.0,0.0,12,0,0.0111,0.0,0.7031284346608206,nan,nan,NO_WELD
79.439,0.032582298035693374,-0.01717543418020022,0.030005982908663343,0.03515861316272341,0.0,0.0,0.03,0.0352,12,0,0.0111,0.0,0.35156592487770283,0.35156592487770283,0.0,WELD_FOUND
79.489,0.032582298035693374,-0.01717543418020022,0.030005982908663343,0.03515861316272341,0.0,0.0,0.03,0.0352,12,0,0.0111,0.0,0.35156592487770283,0.35156592487770283,0.0,WELD_FOUND
79.539,0.0,0.0,0.0,0.0,0.0,0.0,0.0,0.0,12,0,0.0111,0.0,0.35156592487770283,nan,nan,NO_WELD
79.589,0.0,0.0,0.0,0.0,0.0,0.0,0.0,0.0,12,0,0.0111,0.0,0.35156592487770283,nan,nan,NO_WELD
79.639,0.03071044807271012,-0.03127681889736789,0.026018925238104937,0.035401970907315304,0.0,0.0,0.026,0.0354,12,0,0.0111,0.0,0.7031284346608206,0.7031284346608206,0.0,WELD_FOUND
79.689,0.03071044807271012,-0.03127681889736789,0.026018925238104937,0.035401970907315304,0.0,0.0,0.026,0.0354,12,0,0.0111,0.0,0.7031284346608206,0.7031284346608206,0.0,WELD_FOUND
79.739,0.0,0.0,0.0,0.0,0.0,0.0,0.0,0.0,12,0,0.0111,0.0,0.7031284346608206,nan,nan,NO_WELD
79.789,0.0,0.0,0.0,0.0,0.0,0.0,0.0,0.0,12,0,0.0111,0.0,0.7031284346608206,nan,nan,NO_WELD
79.839,0.03220349835535019,-0.014859394426080766,0.029974589191438077,0.034432407519262305,0.0,0.0,0.03,0.0344,12,0,0.0111,0.0,0.35156592487770283,0.35156592487770283,0.0,WELD_FOUND
79.889,0.03220349835535019,-0.014859394426080766,0.029974589191438077,0.034432407519262305,0.0,0.0,0.03,0.0344,12,0,0.0111,0.0,0.35156592487770283,0.35156592487770283,0.0,WELD_FOUND
79.939,0.031564622036400154,-0.02447212563199967,0.027893803191600203,0.035235440881200106,0.0,0.0,0.0279,0.0352,12,0,0.0111,0.0,0.7031284346608206,0.5273471664290486,0.1757812682317721,WELD_FOUND
79.989,0.031564622036400154,-0.02447212563199967,0.027893803191600203,0.035235440881200106,0.0,0.0,0.0279,0.0352,12,0,0.0111,0.0,0.7031284346608206,0.5273471664290486,0.1757812682317721,WELD_FOUND
80.039,0.0,0.0,0.0,0.0,0.0,0.0,0.0,0.0,12,0,0.0111,0.0,0.7031284346608206,nan,nan,NO_WELD
80.089,0.0,0.0,0.0,0.0,0.0,0.0,0.0,0.0,12,0,0.0111,0.0,0.7031284346608206,nan,nan,NO_WELD
80.14,0.03237747113906937,-0.015086887147741274,0.03011443806690818,0.03464050421123056,0.0,0.0,0.0301,0.0346,12,0,0.0111,0.0,0.35156592487770283,0.35156592487770283,0.0,WELD_FOUND
80.189,0.03237747113906937,-0.015086887147741274,0.03011443806690818,0.03464050421123056,0.0,0.0,0.0301,0.0346,12,0,0.0111,0.0,0.35156592487770283,0.35156592487770283,0.0,WELD_FOUND
80.239,0.03159903269868902,-0.024775954594662256,0.027882639509489684,0.03531542588788836,0.0,0.0,0.0279,0.0353,12,0,0.0111,0.0,0.7031284346608206,0.5273471664290486,0.1757812682317721,WELD_FOUND
80.289,0.03159903269868902,-0.024775954594662256,0.027882639509489684,0.03531542588788836,0.0,0.0,0.0279,0.0353,12,0,0.0111,0.0,0.7031284346608206,0.5273471664290486,0.1757812682317721,WELD_FOUND
80.339,0.03238443979856779,-0.013521419166417446,0.03035622692360517,0.03441265267353041,0.0,0.0,0.0304,0.0344,12,0,0.0111,0.0,0.35156592487770283,0.35156592487770283,0.0,WELD_FOUND
80.389,0.03238443979856779,-0.013521419166417446,0.03035622692360517,0.03441265267353041,0.0,0.0,0.0304,0.0344,12,0,0.0111,0.0,0.35156592487770283,0.35156592487770283,0.0,WELD_FOUND
80.439,0.031600409515106564,-0.02475456500878665,0.027887224763788566,0.03531359426642456,0.0,0.0,0.0279,0.0353,12,0,0.0111,0.0,1.054690917763512,0.5273471664290486,0.5273437513344634,WELD_FOUND
80.489,0.031600409515106564,-0.02475456500878665,0.027887224763788566,0.03531359426642456,0.0,0.0,0.0279,0.0353,12,0,0.0111,0.0,1.054690917763512,0.5273471664290486,0.5273437513344634,WELD_FOUND
80.539,0.0,0.0,0.0,0.0,0.0,0.0,0.0,0.0,12,0,0.0111,0.0,1.054690917763512,nan,nan,NO_WELD
80.589,0.0,0.0,0.0,0.0,0.0,0.0,0.0,0.0,12,0,0.0111,0.0,1.054690917763512,nan,nan,NO_WELD
80.639,0.02870792619024215,-0.04700346008317324,0.021657407177766163,0.035758445202718134,0.0,0.0,0.0217,0.0358,12,0,0.0111,0.0,1.054690917763512,1.054690917763512,0.0,WELD_FOUND
80.689,0.02870792619024215,-0.04700346008317324,0.021657407177766163,0.035758445202718134,0.0,0.0,0.0217,0.0358,12,0,0.0111,0.0,1.054690917763512,1.054690917763512,0.0,WELD_FOUND
80.739,0.02727026191131316,-0.05717050782119402,0.018694685738134056,0.035845838084492265,0.0,0.0,0.0187,0.0358,12,0,0.0111,0.0,1.4062534542270564,1.2304722393561371,0.17578121487091924,WELD_FOUND
80.789,0.02727026191131316,-0.05717050782119402,0.018694685738134056,0.035845838084492265,0.0,0.0,0.0187,0.0358,12,0,0.0111,0.0,1.4062534542270564,1.2304722393561371,0.17578121487091924,WELD_FOUND
80.839,0.0,0.0,0.0,0.0,0.0,0.0,0.0,0.0,12,0,0.0111,0.0,1.4062534542270564,nan,nan,NO_WELD
80.889,0.0,0.0,0.0,0.0,0.0,0.0,0.0,0.0,12,0,0.0111,0.0,1.4062534542270564,nan,nan,NO_WELD
80.939,0.024456310385135176,-0.05,0.016956310385135176,0.031956310385135175,0.0,0.0,0.017,0.032,12,0,0.0111,0.0,1.7578159906906006,1.7578159906906006,0.0,WELD_FOUND
80.989,0.024456310385135176,-0.05,0.016956310385135176,0.031956310385135175,0.0,0.0,0.017,0.032,12,0,0.0111,0.0,1.7578159906906006,1.7578159906906006,0.0,WELD_FOUND
81.039,0.02556687406107881,-0.058470843990490275,0.016796247462505267,0.034337500659652354,0.0,0.0,0.0168,0.0343,12,0,0.0111,0.0,1.054690917763512,1.4062534542270564,-0.3515625364635444,WELD_FOUND
81.089,0.02556687406107881,-0.058470843990490275,0.016796247462505267,0.034337500659652354,0.0,0.0,0.0168,0.0343,12,0,0.0111,0.0,1.054690917763512,1.4062534542270564,-0.3515625364635444,WELD_FOUND
81.14,0.027509677862524208,-0.0412050396689196,0.021328921912186268,0.033690433812862144,0.0,0.0,0.0213,0.0337,12,0,0.0111,0.0,0.35156592487770283,1.054690917763512,-0.7031249928858092,WELD_FOUND
81.189,0.027509677862524208,-0.0412050396689196,0.021328921912186268,0.033690433812862144,0.0,0.0,0.0213,0.0337,12,0,0.0111,0.0,0.35156592487770283,1.054690917763512,-0.7031249928858092,WELD_FOUND
81.239,0.0,0.0,0.0,0.0,0.0,0.0,0.0,0.0,12,0,0.0111,0.0,0.35156592487770283,nan,nan,NO_WELD
81.289,0.0,0.0,0.0,0.0,0.0,0.0,0.0,0.0,12,0,0.0111,0.0,0.35156592487770283,nan,nan,NO_WELD
81.339,0.035,0.0,0.035,0.035,0.0,0.0,0.035,0.035,12,0,0.0111,0.0,3.4150945850063755e-06,3.4150945850063755e-06,0.0,WELD_FOUND
81.389,0.035,0.0,0.035,0.035,0.0,0.0,0.035,0.035,12,0,0.0111,0.0,3.4150945850063755e-06,3.4150945850063755e-06,0.0,WELD_FOUND
81.439,0.035,0.0,0.035,0.035,0.0,0.0,0.035,0.035,12,0,0.0111,0.0,0.35156592487770283,0.17578466998614392,0.1757812548915589,WELD_FOUND
81.489,0.035,0.0,0.035,0.035,0.0,0.0,0.035,0.035,12,0,0.0111,0.0,0.35156592487770283,0.17578466998614392,0.1757812548915589,WELD_FOUND
81.539,0.0,0.0,0.0,0.0,0.0,0.0,0.0,0.0,12,0,0.0111,0.0,0.35156592487770283,nan,nan,NO_WELD
81.589,0.0,0.0,0.0,0.0,0.0,0.0,0.0,0.0,12,0,0.0111,0.0,0.35156592487770283,nan,nan,NO_WELD
81.639,0.0,0.0,0.0,0.0,0.0,0.0,0.0,0.0,12,0,0.0111,0.0,0.35156592487770283,nan,nan,NO_WELD
81.689,0.0,0.0,0.0,0.0,0.0,0.0,0.0,0.0,12,0,0.0111,0.0,0.35156592487770283,nan,nan,NO_WELD
81.739,0.03280631992910471,-0.01666827049522582,0.03030607935482084,0.03530656050338858,0.0,0.0,0.0303,0.0353,12,0,0.0111,0.0,0.35156592487770283,0.35156592487770283,0.0,WELD_FOUND
81.789,0.03280631992910471,-0.01666827049522582,0.03030607935482084,0.03530656050338858,0.0,0.0,0.0303,0.0353,12,0,0.0111,0.0,0.35156592487770283,0.35156592487770283,0.0,WELD_FOUND
81.839,0.030753887249345392,-0.035345080222229174,0.025452125216011017,0.03605564928267977,0.0,0.0,0.0255,0.0361,12,0,0.0111,0.0,1.054690917763512,0.7031284346608206,0.35156248310269134,WELD_FOUND
81.889,0.030753887249345392,-0.035345080222229174,0.025452125216011017,0.03605564928267977,0.0,0.0,0.0255,0.0361,12,0,0.0111,0.0,1.054690917763512,0.7031284346608206,0.35156248310269134,WELD_FOUND
81.939,0.0,0.0,0.0,0.0,0.0,0.0,0.0,0.0,12,0,0.0111,0.0,1.054690917763512,nan,nan,NO_WELD
81.989,0.0,0.0,0.0,0.0,0.0,0.0,0.0,0.0,12,0,0.0111,0.0,1.054690917763512,nan,nan,NO_WELD
82.039,0.028545690566763374,-0.04675425814948564,0.02153255184434053,0.03555882928918622,0.0,0.0,0.0215,0.0356,12,0,0.0111,0.0,1.054690917763512,1.054690917763512,0.0,WELD_FOUND
82.089,0.028545690566763374,-0.04675425814948564,0.02153255184434053,0.03555882928918622,0.0,0.0,0.0215,0.0356,12,0,0.0111,0.0,1.054690917763512,1.054690917763512,0.0,WELD_FOUND
82.14,0.028113922108256858,-0.047064970066798294,0.021054176598237113,0.0351736676182766,0.0,0.0,0.0211,0.0352,12,0,0.0111,0.0,1.054690917763512,1.054690917763512,0.0,WELD_FOUND
82.189,0.028113922108256858,-0.047064970066798294,0.021054176598237113,0.0351736676182766,0.0,0.0,0.0211,0.0352,12,0,0.0111,0.0,1.054690917763512,1.054690917763512,0.0,WELD_FOUND
82.239,0.0,0.0,0.0,0.0,0.0,0.0,0.0,0.0,12,0,0.0111,0.0,1.054690917763512,nan,nan,NO_WELD
82.289,0.0,0.0,0.0,0.0,0.0,0.0,0.0,0.0,12,0,0.0111,0.0,1.054690917763512,nan,nan,NO_WELD
82.339,0.03166227061944566,-0.014222224590489808,0.02952893693087219,0.03379560430801913,0.0,0.0,0.0295,0.0338,12,0,0.0111,0.0,0.35156592487770283,0.35156592487770283,0.0,WELD_FOUND
82.389,0.03166227061944566,-0.014222224590489808,0.02952893693087219,0.03379560430801913,0.0,0.0,0.0295,0.0338,12,0,0.0111,0.0,0.35156592487770283,0.35156592487770283,0.0,WELD_FOUND
82.44,0.031457093231824204,-0.023477454943287644,0.02793547499033106,0.03497871147331735,0.0,0.0,0.0279,0.035,12,0,0.0111,0.0,0.7031284346608206,0.5273471664290486,0.1757812682317721,WELD_FOUND
82.489,0.031457093231824204,-0.023477454943287644,0.02793547499033106,0.03497871147331735,0.0,0.0,0.0279,0.035,12,0,0.0111,0.0,0.7031284346608206,0.5273471664290486,0.1757812682317721,WELD_FOUND
82.539,0.03235567531899328,-0.013231326302293216,0.030370976373649293,0.03434037426433726,0.0,0.0,0.0304,0.0343,12,0,0.0111,0.0,0.35156592487770283,0.35156592487770283,0.0,WELD_FOUND
82.589,0.03235567531899328,-0.013231326302293216,0.030370976373649293,0.03434037426433726,0.0,0.0,0.0304,0.0343,12,0,0.0111,0.0,0.35156592487770283,0.35156592487770283,0.0,WELD_FOUND
82.639,0.0,0.0,0.0,0.0,0.0,0.0,0.0,0.0,12,0,0.0111,0.0,0.35156592487770283,nan,nan,NO_WELD
82.689,0.0,0.0,0.0,0.0,0.0,0.0,0.0,0.0,12,0,0.0111,0.0,0.35156592487770283,nan,nan,NO_WELD
82.739,0.0325369102221163,-0.015281980511688057,0.030244613145363093,0.034829207298869506,0.0,0.0,0.0302,0.0348,12,0,0.0111,0.0,0.35156592487770283,0.35156592487770283,0.0,WELD_FOUND
82.789,0.0325369102221163,-0.015281980511688057,0.030244613145363093,0.034829207298869506,0.0,0.0,0.0302,0.0348,12,0,0.0111,0.0,0.35156592487770283,0.35156592487770283,0.0,WELD_FOUND
82.839,0.031630503995307445,-0.02507858887524305,0.027868715664020986,0.035392292326593904,0.0,0.0,0.0279,0.0354,12,0,0.0111,0.0,0.7031284346608206,0.5273471664290486,0.1757812682317721,WELD_FOUND
82.889,0.031630503995307445,-0.02507858887524305,0.027868715664020986,0.035392292326593904,0.0,0.0,0.0279,0.0354,12,0,0.0111,0.0,0.7031284346608206,0.5273471664290486,0.1757812682317721,WELD_FOUND
82.939,0.030524550615068483,-0.0331549591157637,0.02555130674770393,0.03549779448243304,0.0,0.0,0.0256,0.0355,12,0,0.0111,0.0,1.4062534542270564,0.7031284346608206,0.7031250195662357,WELD_FOUND
82.989,0.030524550615068483,-0.0331549591157637,0.02555130674770393,0.03549779448243304,0.0,0.0,0.0256,0.0355,12,0,0.0111,0.0,1.4062534542270564,0.7031284346608206,0.7031250195662357,WELD_FOUND
83.039,0.029396656800216192,-0.04103721201729903,0.02324107499762134,0.035552238602811044,0.0,0.0,0.0232,0.0356,12,0,0.0111,0.0,1.054690917763512,0.8789097028925928,0.17578121487091913,WELD_FOUND
83.089,0.029396656800216192,-0.04103721201729903,0.02324107499762134,0.035552238602811044,0.0,0.0,0.0232,0.0356,12,0,0.0111,0.0,1.054690917763512,0.8789097028925928,0.17578121487091913,WELD_FOUND
83.14,0.028281832941640796,-0.048652576531452996,0.020983946461922847,0.03557971942135875,0.0,0.0,0.021,0.0356,12,0,0.0111,0.0,1.054690917763512,1.054690917763512,0.0,WELD_FOUND
83.189,0.028281832941640796,-0.048652576531452996,0.020983946461922847,0.03557971942135875,0.0,0.0,0.021,0.0356,12,0,0.0111,0.0,1.054690917763512,1.054690917763512,0.0,WELD_FOUND
83.239,0.0,0.0,0.0,0.0,0.0,0.0,0.0,0.0,12,0,0.0111,0.0,1.054690917763512,nan,nan,NO_WELD
83.289,0.0,0.0,0.0,0.0,0.0,0.0,0.0,0.0,12,0,0.0111,0.0,1.054690917763512,nan,nan,NO_WELD
83.339,0.0,0.0,0.0,0.0,0.0,0.0,0.0,0.0,12,0,0.0111,0.0,1.054690917763512,nan,nan,NO_WELD
83.389,0.0,0.0,0.0,0.0,0.0,0.0,0.0,0.0,12,0,0.0111,0.0,1.054690917763512,nan,nan,NO_WELD
83.439,0.03169786603125754,-0.016487784109426758,0.029224698414843528,0.03417103364767156,0.0,0.0,0.0292,0.0342,12,0,0.0111,0.0,0.35156592487770283,0.35156592487770283,0.0,WELD_FOUND
83.489,0.03169786603125754,-0.016487784109426758,0.029224698414843528,0.03417103364767156,0.0,0.0,0.0292,0.0342,12,0,0.0111,0.0,0.35156592487770283,0.35156592487770283,0.0,WELD_FOUND
83.539,0.032404438075381195,-0.013725552744745625,0.03034560516366935,0.034463270987093036,0.0,0.0,0.0303,0.0345,12,0,0.0111,0.0,0.35156592487770283,0.35156592487770283,0.0,WELD_FOUND
83.589,0.032404438075381195,-0.013725552744745625,0.03034560516366935,0.034463270987093036,0.0,0.0,0.0303,0.0345,12,0,0.0111,0.0,0.35156592487770283,0.35156592487770283,0.0,WELD_FOUND
83.639,0.0,0.0,0.0,0.0,0.0,0.0,0.0,0.0,12,0,0.0111,0.0,0.35156592487770283,nan,nan,NO_WELD
83.689,0.0,0.0,0.0,0.0,0.0,0.0,0.0,0.0,12,0,0.0111,0.0,0.35156592487770283,nan,nan,NO_WELD
83.739,0.03254668710125394,-0.015294781903320825,0.030252469815755818,0.03484090438675207,0.0,0.0,0.0303,0.0348,12,0,0.0111,0.0,0.35156592487770283,0.35156592487770283,0.0,WELD_FOUND
83.789,0.03254668710125394,-0.015294781903320825,0.030252469815755818,0.03484090438675207,0.0,0.0,0.0303,0.0348,12,0,0.0111,0.0,0.35156592487770283,0.35156592487770283,0.0,WELD_FOUND
83.839,0.0,0.0,0.0,0.0,0.0,0.0,0.0,0.0,12,0,0.0111,0.0,0.35156592487770283,nan,nan,NO_WELD
83.889,0.0,0.0,0.0,0.0,0.0,0.0,0.0,0.0,12,0,0.0111,0.0,0.35156592487770283,nan,nan,NO_WELD
83.939,0.035,0.0,0.035,0.035,0.0,0.0,0.035,0.035,12,0,0.0111,0.0,3.4150945850063755e-06,3.4150945850063755e-06,0.0,WELD_FOUND
83.989,0.035,0.0,0.035,0.035,0.0,0.0,0.035,0.035,12,0,0.0111,0.0,3.4150945850063755e-06,3.4150945850063755e-06,0.0,WELD_FOUND
84.039,0.032961879441999686,-0.020539857319489006,0.029880900844076335,0.036042858039923034,0.0,0.0,0.0299,0.036,12,0,0.0111,0.0,0.7031284346608206,0.35156592487770283,0.3515625097831178,WELD_FOUND
84.089,0.032961879441999686,-0.020539857319489006,0.029880900844076335,0.036042858039923034,0.0,0.0,0.0299,0.036,12,0,0.0111,0.0,0.7031284346608206,0.35156592487770283,0.3515625097831178,WELD_FOUND
84.14,0.03265803845602218,-0.016034158412272646,0.03025291469418128,0.03506316221786308,0.0,0.0,0.0303,0.0351,12,0,0.0111,0.0,0.35156592487770283,0.35156592487770283,0.0,WELD_FOUND
84.189,0.03265803845602218,-0.016034158412272646,0.03025291469418128,0.03506316221786308,0.0,0.0,0.0303,0.0351,12,0,0.0111,0.0,0.35156592487770283,0.35156592487770283,0.0,WELD_FOUND
84.239,0.0,0.0,0.0,0.0,0.0,0.0,0.0,0.0,12,0,0.0111,0.0,0.35156592487770283,nan,nan,NO_WELD
84.289,0.0,0.0,0.0,0.0,0.0,0.0,0.0,0.0,12,0,0.0111,0.0,0.35156592487770283,nan,nan,NO_WELD
84.339,0.02890822777709879,-0.04724905345545925,0.021820869758779903,0.03599558579541768,0.0,0.0,0.0218,0.036,12,0,0.0111,0.0,1.054690917763512,1.054690917763512,0.0,WELD_FOUND
84.389,0.02890822777709879,-0.04724905345545925,0.021820869758779903,0.03599558579541768,0.0,0.0,0.0218,0.036,12,0,0.0111,0.0,1.054690917763512,1.054690917763512,0.0,WELD_FOUND
84.439,0.0,0.0,0.0,0.0,0.0,0.0,0.0,0.0,12,0,0.0111,0.0,1.054690917763512,nan,nan,NO_WELD
84.489,0.0,0.0,0.0,0.0,0.0,0.0,0.0,0.0,12,0,0.0111,0.0,1.054690917763512,nan,nan,NO_WELD
84.539,0.0,0.0,0.0,0.0,0.0,0.0,0.0,0.0,12,0,0.0111,0.0,1.054690917763512,nan,nan,NO_WELD
84.589,0.0,0.0,0.0,0.0,0.0,0.0,0.0,0.0,12,0,0.0111,0.0,1.054690917763512,nan,nan,NO_WELD
84.639,0.0,0.0,0.0,0.0,0.0,0.0,0.0,0.0,12,0,0.0111,0.0,1.054690917763512,nan,nan,NO_WELD
84.689,0.0,0.0,0.0,0.0,0.0,0.0,0.0,0.0,12,0,0.0111,0.0,1.054690917763512,nan,nan,NO_WELD
84.739,0.0,0.0,0.0,0.0,0.0,0.0,0.0,0.0,12,0,0.0111,0.0,1.054690917763512,nan,nan,NO_WELD
84.789,0.0,0.0,0.0,0.0,0.0,0.0,0.0,0.0,12,0,0.0111,0.0,1.054690917763512,nan,nan,NO_WELD
84.839,0.0,0.0,0.0,0.0,0.0,0.0,0.0,0.0,12,0,0.0111,0.0,1.054690917763512,nan,nan,NO_WELD
