t,vx,wz,tgt_r,tgt_l,spd_r,spd_l,err_r,err_l,ticks_r,ticks_l,dist_r,dist_l,angle,weld
2.108,0.005,0.2,0.034999999999999996,-0.024999999999999998,0.0,0.0,0.035,-0.025,0,0,0.0,0.0,-6.351558968169053,WELD_FOUND
2.158,0.005,0.2,0.034999999999999996,-0.024999999999999998,0.0,0.0,0.035,-0.025,0,0,0.0,0.0,-6.351558968169053,WELD_FOUND
2.208,0.005,0.25,0.042499999999999996,-0.0325,0.0037,0.0037,0.0388,-0.0362,1,1,0.0009,0.0009,-6.351558968169053,WELD_FOUND
2.258,0.005,0.25,0.042499999999999996,-0.0325,0.0037,0.0037,0.0388,-0.0362,1,1,0.0009,0.0009,-6.351558968169053,WELD_FOUND
2.308,0.021793777323656716,0.2,0.05179377732365671,-0.008206222676343283,0.0037,0.0037,0.0481,-0.0119,4,0,0.0037,0.0,-1.0546840875743422,WELD_FOUND
2.358,0.021793777323656716,0.2,0.05179377732365671,-0.008206222676343283,0.0096,-0.0002,0.0422,-0.008,4,0,0.0037,0.0,-1.0546840875743422,WELD_FOUND
2.408,0.026701736772389538,0.15000000000000002,0.04920173677238954,0.004201736772389535,0.0096,-0.0002,0.0396,0.0044,7,0,0.0065,0.0,-1.0546840875743422,WELD_FOUND
