t,vx,wz,tgt_r,tgt_l,spd_r,spd_l,err_r,err_l,ticks_r,ticks_l,dist_r,dist_l,raw_angle,filtered_angle,error,weld
2.109,0.0,0.0,0.0,0.0,0.0,0.0,0.0,0.0,0,0,0.0,0.0,-0.35155909468853286,nan,nan,NO_WELD
2.159,0.0,0.0,0.0,0.0,0.0,0.0,0.0,0.0,0,0,0.0,0.0,-0.35155909468853286,nan,nan,NO_WELD
2.209,0.0,0.0,0.0,0.0,0.0,0.0,0.0,0.0,0,0,0.0,0.0,3.4150945850063755e-06,nan,nan,NO_WELD
2.259,0.0,0.0,0.0,0.0,0.0,0.0,0.0,0.0,0,0,0.0,0.0,3.4150945850063755e-06,nan,nan,NO_WELD
2.31,0.0,0.0,0.0,0.0,0.0,0.0,0.0,0.0,0,0,0.0,0.0,4.218753425770293,nan,nan,NO_WELD
2.359,0.0,0.0,0.0,0.0,0.0,0.0,0.0,0.0,0,0,0.0,0.0,4.218753425770293,nan,nan,NO_WELD
2.409,0.0,0.0,0.0,0.0,0.0,0.0,0.0,0.0,0,0,0.0,0.0,-3.5156217360974464,nan,nan,NO_WELD
2.459,0.0,0.0,0.0,0.0,0.0,0.0,0.0,0.0,0,0,0.0,0.0,-3.5156217360974464,nan,nan,NO_WELD
2.509,0.0,0.0,0.0,0.0,0.0,0.0,0.0,0.0,0,0,0.0,0.0,-3.164059092912196,nan,nan,NO_WELD
2.559,0.0,0.0,0.0,0.0,0.0,0.0,0.0,0.0,0,0,0.0,0.0,-3.164059092912196,nan,nan,NO_WELD
2.609,0.0,0.0,0.0,0.0,0.0,0.0,0.0,0.0,0,0,0.0,0.0,0.35156592487770283,nan,nan,NO_WELD
2.659,0.0,0.0,0.0,0.0,0.0,0.0,0.0,0.0,0,0,0.0,0.0,0.35156592487770283,nan,nan,NO_WELD
2.709,0.0,0.0,0.0,0.0,0.0,0.0,0.0,0.0,0,0,0.0,0.0,-3.5156217360974464,nan,nan,NO_WELD
2.759,0.0,0.0,0.0,0.0,0.0,0.0,0.0,0.0,0,0,0.0,0.0,-3.5156217360974464,nan,nan,NO_WELD
2.809,0.0,0.0,0.0,0.0,0.0,0.0,0.0,0.0,0,0,0.0,0.0,-5.9765593846205505,nan,nan,NO_WELD
2.859,0.0,0.0,0.0,0.0,0.0,0.0,0.0,0.0,0,0,0.0,0.0,-5.9765593846205505,nan,nan,NO_WELD
2.909,0.0,0.0,0.0,0.0,0.0,0.0,0.0,0.0,0,0,0.0,0.0,-4.218746595581123,nan,nan,NO_WELD
2.959,0.0,0.0,0.0,0.0,0.0,0.0,0.0,0.0,0,0,0.0,0.0,-4.218746595581123,nan,nan,NO_WELD
3.009,0.0,0.0,0.0,0.0,0.0,0.0,0.0,0.0,0,0,0.0,0.0,-3.8671843792826963,nan,nan,NO_WELD
3.06,0.0,0.0,0.0,0.0,0.0,0.0,0.0,0.0,0,0,0.0,0.0,-3.8671843792826963,nan,nan,NO_WELD
3.109,0.0,0.0,0.0,0.0,0.0,0.0,0.0,0.0,0,0,0.0,0.0,5.2734409284392205,nan,nan,NO_WELD
3.159,0.0,0.0,0.0,0.0,0.0,0.0,0.0,0.0,0,0,0.0,0.0,5.2734409284392205,nan,nan,NO_WELD
3.209,0.0,0.0,0.0,0.0,0.0,0.0,0.0,0.0,0,0,0.0,0.0,-3.5156217360974464,nan,nan,NO_WELD
3.259,0.0,0.0,0.0,0.0,0.0,0.0,0.0,0.0,0,0,0.0,0.0,-3.5156217360974464,nan,nan,NO_WELD
3.309,0.0,0.0,0.0,0.0,0.0,0.0,0.0,0.0,0,0,0.0,0.0,6.328128431108148,nan,nan,NO_WELD
3.359,0.0,0.0,0.0,0.0,0.0,0.0,0.0,0.0,0,0,0.0,0.0,6.328128431108148,nan,nan,NO_WELD
3.409,0.0,0.0,0.0,0.0,0.0,0.0,0.0,0.0,0,0,0.0,0.0,4.921878712140794,nan,nan,NO_WELD
3.459,0.0,0.0,0.0,0.0,0.0,0.0,0.0,0.0,0,0,0.0,0.0,4.921878712140794,nan,nan,NO_WELD
3.509,0.0,0.0,0.0,0.0,0.0,0.0,0.0,0.0,0,0,0.0,0.0,4.218753425770293,nan,nan,NO_WELD
3.559,0.0,0.0,0.0,0.0,0.0,0.0,0.0,0.0,0,0,0.0,0.0,4.218753425770293,nan,nan,NO_WELD
3.609,0.0,0.0,0.0,0.0,0.0,0.0,0.0,0.0,0,0,0.0,0.0,-5.6249967414353,nan,nan,NO_WELD
3.659,0.0,0.0,0.0,0.0,0.0,0.0,0.0,0.0,0,0,0.0,0.0,-5.6249967414353,nan,nan,NO_WELD
3.709,0.0,0.0,0.0,0.0,0.0,0.0,0.0,0.0,0,0,0.0,0.0,5.97656621480972,nan,nan,NO_WELD
3.759,0.0,0.0,0.0,0.0,0.0,0.0,0.0,0.0,0,0,0.0,0.0,5.97656621480972,nan,nan,NO_WELD
3.809,0.0,0.0,0.0,0.0,0.0,0.0,0.0,0.0,0,0,0.0,0.0,-7.7343721736599775,nan,nan,NO_WELD
3.859,0.0,0.0,0.0,0.0,0.0,0.0,0.0,0.0,0,0,0.0,0.0,-7.7343721736599775,nan,nan,NO_WELD
3.909,0.0,0.0,0.0,0.0,0.0,0.0,0.0,0.0,0,0,0.0,0.0,-0.35155909468853286,nan,nan,NO_WELD
3.959,0.0,0.0,0.0,0.0,0.0,0.0,0.0,0.0,0,0,0.0,0.0,-0.35155909468853286,nan,nan,NO_WELD
4.009,0.0,0.0,0.0,0.0,0.0,0.0,0.0,0.0,0,0,0.0,0.0,-4.218746595581123,nan,nan,NO_WELD
4.06,0.0,0.0,0.0,0.0,0.0,0.0,0.0,0.0,0,0,0.0,0.0,-4.218746595581123,nan,nan,NO_WELD
4.109,0.0,0.0,0.0,0.0,0.0,0.0,0.0,0.0,0,0,0.0,0.0,-6.328121600918977,nan,nan,NO_WELD
4.159,0.0,0.0,0.0,0.0,0.0,0.0,0.0,0.0,0,0,0.0,0.0,-6.328121600918977,nan,nan,NO_WELD
4.209,0.0,0.0,0.0,0.0,0.0,0.0,0.0,0.0,0,0,0.0,0.0,4.921878712140794,nan,nan,NO_WELD
4.259,0.0,0.0,0.0,0.0,0.0,0.0,0.0,0.0,0,0,0.0,0.0,4.921878712140794,nan,nan,NO_WELD
4.309,0.0,0.0,0.0,0.0,0.0,0.0,0.0,0.0,0,0,0.0,0.0,-0.7031216044716506,nan,nan,NO_WELD
4.359,0.0,0.0,0.0,0.0,0.0,0.0,0.0,0.0,0,0,0.0,0.0,-0.7031216044716506,nan,nan,NO_WELD
4.409,0.0,0.0,0.0,0.0,0.0,0.0,0.0,0.0,0,0,0.0,0.0,4.5703160689555435,nan,nan,NO_WELD
4.459,0.0,0.0,0.0,0.0,0.0,0.0,0.0,0.0,0,0,0.0,0.0,4.5703160689555435,nan,nan,NO_WELD
4.509,0.0,0.0,0.0,0.0,0.0,0.0,0.0,0.0,0,0,0.0,0.0,0.35156592487770283,nan,nan,NO_WELD
4.559,0.0,0.0,0.0,0.0,0.0,0.0,0.0,0.0,0,0,0.0,0.0,0.35156592487770283,nan,nan,NO_WELD
4.609,0.0,0.0,0.0,0.0,0.0,0.0,0.0,0.0,0,0,0.0,0.0,-3.5156217360974464,nan,nan,NO_WELD
4.659,0.0,0.0,0.0,0.0,0.0,0.0,0.0,0.0,0,0,0.0,0.0,-3.5156217360974464,nan,nan,NO_WELD
4.709,0.0,0.0,0.0,0.0,0.0,0.0,0.0,0.0,0,0,0.0,0.0,-19.33593427613135,nan,nan,NO_WELD
4.759,0.0,0.0,0.0,0.0,0.0,0.0,0.0,0.0,0,0,0.0,0.0,-19.33593427613135,nan,nan,NO_WELD
4.809,0.0,0.0,0.0,0.0,0.0,0.0,0.0,0.0,0,0,0.0,0.0,-6.328121600918977,nan,nan,NO_WELD
4.859,0.0,0.0,0.0,0.0,0.0,0.0,0.0,0.0,0,0,0.0,0.0,-6.328121600918977,nan,nan,NO_WELD
4.909,0.0,0.0,0.0,0.0,0.0,0.0,0.0,0.0,0,0,0.0,0.0,7.382816360663898,nan,nan,NO_WELD
4.959,0.0,0.0,0.0,0.0,0.0,0.0,0.0,0.0,0,0,0.0,0.0,7.382816360663898,nan,nan,NO_WELD
5.009,0.0,0.0,0.0,0.0,0.0,0.0,0.0,0.0,0,0,0.0,0.0,-5.273434098250051,nan,nan,NO_WELD
5.06,0.0,0.0,0.0,0.0,0.0,0.0,0.0,0.0,0,0,0.0,0.0,-5.273434098250051,nan,nan,NO_WELD
5.109,0.0,0.0,0.0,0.0,0.0,0.0,0.0,0.0,0,0,0.0,0.0,-4.921871881951623,nan,nan,NO_WELD
5.159,0.0,0.0,0.0,0.0,0.0,0.0,0.0,0.0,0,0,0.0,0.0,-4.921871881951623,nan,nan,NO_WELD
5.209,0.0,0.0,0.0,0.0,0.0,0.0,0.0,0.0,0,0,0.0,0.0,3.4150945850063755e-06,nan,nan,NO_WELD
5.259,0.0,0.0,0.0,0.0,0.0,0.0,0.0,0.0,0,0,0.0,0.0,3.4150945850063755e-06,nan,nan,NO_WELD
5.309,0.0,0.0,0.0,0.0,0.0,0.0,0.0,0.0,0,0,0.0,0.0,-7.7343721736599775,nan,nan,NO_WELD
5.359,0.0,0.0,0.0,0.0,0.0,0.0,0.0,0.0,0,0,0.0,0.0,-7.7343721736599775,nan,nan,NO_WELD
5.409,0.0,0.0,0.0,0.0,0.0,0.0,0.0,0.0,0,0,0.0,0.0,-3.5156217360974464,nan,nan,NO_WELD
5.459,0.0,0.0,0.0,0.0,0.0,0.0,0.0,0.0,0,0,0.0,0.0,-3.5156217360974464,nan,nan,NO_WELD
5.509,0.0,0.0,0.0,0.0,0.0,0.0,0.0,0.0,0,0,0.0,0.0,-3.8671843792826963,nan,nan,NO_WELD
5.559,0.0,0.0,0.0,0.0,0.0,0.0,0.0,0.0,0,0,0.0,0.0,-3.8671843792826963,nan,nan,NO_WELD
5.609,0.0,0.0,0.0,0.0,0.0,0.0,0.0,0.0,0,0,0.0,0.0,-3.5156217360974464,nan,nan,NO_WELD
5.659,0.0,0.0,0.0,0.0,0.0,0.0,0.0,0.0,0,0,0.0,0.0,-3.5156217360974464,nan,nan,NO_WELD
5.709,0.0,0.0,0.0,0.0,0.0,0.0,0.0,0.0,0,0,0.0,0.0,-5.6249967414353,nan,nan,NO_WELD
5.759,0.0,0.0,0.0,0.0,0.0,0.0,0.0,0.0,0,0,0.0,0.0,-5.6249967414353,nan,nan,NO_WELD
5.809,0.0,0.0,0.0,0.0,0.0,0.0,0.0,0.0,0,0,0.0,0.0,4.5703160689555435,nan,nan,NO_WELD
5.859,0.0,0.0,0.0,0.0,0.0,0.0,0.0,0.0,0,0,0.0,0.0,4.5703160689555435,nan,nan,NO_WELD
5.909,0.0,0.0,0.0,0.0,0.0,0.0,0.0,0.0,0,0,0.0,0.0,5.2734409284392205,nan,nan,NO_WELD
5.959,0.0,0.0,0.0,0.0,0.0,0.0,0.0,0.0,0,0,0.0,0.0,5.2734409284392205,nan,nan,NO_WELD
6.009,0.0,0.0,0.0,0.0,0.0,0.0,0.0,0.0,0,0,0.0,0.0,-5.6249967414353,nan,nan,NO_WELD
6.06,0.0,0.0,0.0,0.0,0.0,0.0,0.0,0.0,0,0,0.0,0.0,-5.6249967414353,nan,nan,NO_WELD
6.109,0.0,0.0,0.0,0.0,0.0,0.0,0.0,0.0,0,0,0.0,0.0,-6.328121600918977,nan,nan,NO_WELD
6.159,0.0,0.0,0.0,0.0,0.0,0.0,0.0,0.0,0,0,0.0,0.0,-6.328121600918977,nan,nan,NO_WELD
6.209,0.0,0.0,0.0,0.0,0.0,0.0,0.0,0.0,0,0,0.0,0.0,-3.164059092912196,nan,nan,NO_WELD
6.259,0.0,0.0,0.0,0.0,0.0,0.0,0.0,0.0,0,0,0.0,0.0,-3.164059092912196,nan,nan,NO_WELD
6.309,0.0,0.0,0.0,0.0,0.0,0.0,0.0,0.0,0,0,0.0,0.0,-3.8671843792826963,nan,nan,NO_WELD
6.359,0.0,0.0,0.0,0.0,0.0,0.0,0.0,0.0,0,0,0.0,0.0,-3.8671843792826963,nan,nan,NO_WELD
6.409,0.0,0.0,0.0,0.0,0.0,0.0,0.0,0.0,0,0,0.0,0.0,4.218753425770293,nan,nan,NO_WELD
6.459,0.0,0.0,0.0,0.0,0.0,0.0,0.0,0.0,0,0,0.0,0.0,4.218753425770293,nan,nan,NO_WELD
6.509,0.0,0.0,0.0,0.0,0.0,0.0,0.0,0.0,0,0,0.0,0.0,-3.164059092912196,nan,nan,NO_WELD
6.559,0.0,0.0,0.0,0.0,0.0,0.0,0.0,0.0,0,0,0.0,0.0,-3.164059092912196,nan,nan,NO_WELD
6.609,0.0,0.0,0.0,0.0,0.0,0.0,0.0,0.0,0,0,0.0,0.0,0.7031284346608206,nan,nan,NO_WELD
6.659,0.0,0.0,0.0,0.0,0.0,0.0,0.0,0.0,0,0,0.0,0.0,0.7031284346608206,nan,nan,NO_WELD
6.709,0.0,0.0,0.0,0.0,0.0,0.0,0.0,0.0,0,0,0.0,0.0,0.35156592487770283,nan,nan,NO_WELD
6.759,0.0,0.0,0.0,0.0,0.0,0.0,0.0,0.0,0,0,0.0,0.0,0.35156592487770283,nan,nan,NO_WELD
6.809,0.0,0.0,0.0,0.0,0.0,0.0,0.0,0.0,0,0,0.0,0.0,-3.8671843792826963,nan,nan,NO_WELD
6.859,0.0,0.0,0.0,0.0,0.0,0.0,0.0,0.0,0,0,0.0,0.0,-3.8671843792826963,nan,nan,NO_WELD
6.909,0.0,0.0,0.0,0.0,0.0,0.0,0.0,0.0,0,0,0.0,0.0,-6.328121600918977,nan,nan,NO_WELD
6.959,0.0,0.0,0.0,0.0,0.0,0.0,0.0,0.0,0,0,0.0,0.0,-6.328121600918977,nan,nan,NO_WELD
7.009,0.0,0.0,0.0,0.0,0.0,0.0,0.0,0.0,0,0,0.0,0.0,-7.382809530474727,nan,nan,NO_WELD
7.06,0.0,0.0,0.0,0.0,0.0,0.0,0.0,0.0,0,0,0.0,0.0,-7.382809530474727,nan,nan,NO_WELD
7.109,0.0,0.0,0.0,0.0,0.0,0.0,0.0,0.0,0,0,0.0,0.0,7.382816360663898,nan,nan,NO_WELD
7.159,0.0,0.0,0.0,0.0,0.0,0.0,0.0,0.0,0,0,0.0,0.0,7.382816360663898,nan,nan,NO_WELD
7.209,0.0,0.0,0.0,0.0,0.0,0.0,0.0,0.0,0,0,0.0,0.0,3.4150945850063755e-06,nan,nan,NO_WELD
7.259,0.0,0.0,0.0,0.0,0.0,0.0,0.0,0.0,0,0,0.0,0.0,3.4150945850063755e-06,nan,nan,NO_WELD
7.309,0.0,0.0,0.0,0.0,0.0,0.0,0.0,0.0,0,0,0.0,0.0,-4.921871881951623,nan,nan,NO_WELD
7.359,0.0,0.0,0.0,0.0,0.0,0.0,0.0,0.0,0,0,0.0,0.0,-4.921871881951623,nan,nan,NO_WELD
7.409,0.0,0.0,0.0,0.0,0.0,0.0,0.0,0.0,0,0,0.0,0.0,6.328128431108148,nan,nan,NO_WELD
7.459,0.0,0.0,0.0,0.0,0.0,0.0,0.0,0.0,0,0,0.0,0.0,6.328128431108148,nan,nan,NO_WELD
7.509,0.0,0.0,0.0,0.0,0.0,0.0,0.0,0.0,0,0,0.0,0.0,5.2734409284392205,nan,nan,NO_WELD
7.559,0.0,0.0,0.0,0.0,0.0,0.0,0.0,0.0,0,0,0.0,0.0,5.2734409284392205,nan,nan,NO_WELD
7.609,0.0,0.0,0.0,0.0,0.0,0.0,0.0,0.0,0,0,0.0,0.0,-3.5156217360974464,nan,nan,NO_WELD
7.659,0.0,0.0,0.0,0.0,0.0,0.0,0.0,0.0,0,0,0.0,0.0,-3.5156217360974464,nan,nan,NO_WELD
7.709,0.0,0.0,0.0,0.0,0.0,0.0,0.0,0.0,0,0,0.0,0.0,7.031253717478648,nan,nan,NO_WELD
7.759,0.0,0.0,0.0,0.0,0.0,0.0,0.0,0.0,0,0,0.0,0.0,7.031253717478648,nan,nan,NO_WELD
7.809,0.0,0.0,0.0,0.0,0.0,0.0,0.0,0.0,0,0,0.0,0.0,-0.35155909468853286,nan,nan,NO_WELD
7.859,0.0,0.0,0.0,0.0,0.0,0.0,0.0,0.0,0,0,0.0,0.0,-0.35155909468853286,nan,nan,NO_WELD
7.909,0.0,0.0,0.0,0.0,0.0,0.0,0.0,0.0,0,0,0.0,0.0,4.5703160689555435,nan,nan,NO_WELD
7.959,0.0,0.0,0.0,0.0,0.0,0.0,0.0,0.0,0,0,0.0,0.0,4.5703160689555435,nan,nan,NO_WELD
8.009,0.0,0.0,0.0,0.0,0.0,0.0,0.0,0.0,0,0,0.0,0.0,0.7031284346608206,nan,nan,NO_WELD
8.06,0.0,0.0,0.0,0.0,0.0,0.0,0.0,0.0,0,0,0.0,0.0,0.7031284346608206,nan,nan,NO_WELD
8.109,0.0,0.0,0.0,0.0,0.0,0.0,0.0,0.0,0,0,0.0,0.0,6.328128431108148,nan,nan,NO_WELD
8.159,0.0,0.0,0.0,0.0,0.0,0.0,0.0,0.0,0,0,0.0,0.0,6.328128431108148,nan,nan,NO_WELD
8.209,0.0,0.0,0.0,0.0,0.0,0.0,0.0,0.0,0,0,0.0,0.0,-0.35155909468853286,nan,nan,NO_WELD
8.259,0.0,0.0,0.0,0.0,0.0,0.0,0.0,0.0,0,0,0.0,0.0,-0.35155909468853286,nan,nan,NO_WELD
8.309,0.0,0.0,0.0,0.0,0.0,0.0,0.0,0.0,0,0,0.0,0.0,-2.8124966631703576,nan,nan,NO_WELD
8.359,0.0,0.0,0.0,0.0,0.0,0.0,0.0,0.0,0,0,0.0,0.0,-2.8124966631703576,nan,nan,NO_WELD
8.409,0.0,0.0,0.0,0.0,0.0,0.0,0.0,0.0,0,0,0.0,0.0,6.679691074293397,nan,nan,NO_WELD
8.459,0.0,0.0,0.0,0.0,0.0,0.0,0.0,0.0,0,0,0.0,0.0,6.679691074293397,nan,nan,NO_WELD
8.509,0.0,0.0,0.0,0.0,0.0,0.0,0.0,0.0,0,0,0.0,0.0,-5.9765593846205505,nan,nan,NO_WELD
8.559,0.0,0.0,0.0,0.0,0.0,0.0,0.0,0.0,0,0,0.0,0.0,-5.9765593846205505,nan,nan,NO_WELD
8.609,0.0,0.0,0.0,0.0,0.0,0.0,0.0,0.0,0,0,0.0,0.0,-3.164059092912196,nan,nan,NO_WELD
8.659,0.0,0.0,0.0,0.0,0.0,0.0,0.0,0.0,0,0,0.0,0.0,-3.164059092912196,nan,nan,NO_WELD
8.709,0.0,0.0,0.0,0.0,0.0,0.0,0.0,0.0,0,0,0.0,0.0,0.35156592487770283,nan,nan,NO_WELD
8.759,0.0,0.0,0.0,0.0,0.0,0.0,0.0,0.0,0,0,0.0,0.0,0.35156592487770283,nan,nan,NO_WELD
8.809,0.0,0.0,0.0,0.0,0.0,0.0,0.0,0.0,0,0,0.0,0.0,0.35156592487770283,nan,nan,NO_WELD
8.859,0.0,0.0,0.0,0.0,0.0,0.0,0.0,0.0,0,0,0.0,0.0,0.35156592487770283,nan,nan,NO_WELD
8.909,0.0,0.0,0.0,0.0,0.0,0.0,0.0,0.0,0,0,0.0,0.0,3.4150945850063755e-06,nan,nan,NO_WELD
8.959,0.0,0.0,0.0,0.0,0.0,0.0,0.0,0.0,0,0,0.0,0.0,3.4150945850063755e-06,nan,nan,NO_WELD
9.009,0.0,0.0,0.0,0.0,0.0,0.0,0.0,0.0,0,0,0.0,0.0,3.4150945850063755e-06,nan,nan,NO_WELD
9.06,0.0,0.0,0.0,0.0,0.0,0.0,0.0,0.0,0,0,0.0,0.0,3.4150945850063755e-06,nan,nan,NO_WELD
9.109,0.0,0.0,0.0,0.0,0.0,0.0,0.0,0.0,0,0,0.0,0.0,-0.7031216044716506,-0.7031216044716506,0.0,WELD_FOUND
9.159,0.0,0.0,0.0,0.0,0.0,0.0,0.0,0.0,0,0,0.0,0.0,-0.7031216044716506,-0.7031216044716506,0.0,WELD_FOUND
9.209,0.0,0.0,0.0,0.0,0.0,0.0,0.0,0.0,0,0,0.0,0.0,-0.7031216044716506,nan,nan,NO_WELD
9.259,0.0,0.0,0.0,0.0,0.0,0.0,0.0,0.0,0,0,0.0,0.0,-0.7031216044716506,nan,nan,NO_WELD
9.309,0.0,0.0,0.0,0.0,0.0,0.0,0.0,0.0,0,0,0.0,0.0,-0.7031216044716506,nan,nan,NO_WELD
9.359,0.0,0.0,0.0,0.0,0.0,0.0,0.0,0.0,0,0,0.0,0.0,-0.7031216044716506,nan,nan,NO_WELD
9.409,0.035,0.0,0.035,0.035,0.0,0.0,0.035,0.035,0,0,0.0,0.0,3.4150945850063755e-06,3.4150945850063755e-06,0.0,WELD_FOUND
9.459,0.035,0.0,0.035,0.035,0.0,0.0,0.035,0.035,0,0,0.0,0.0,3.4150945850063755e-06,3.4150945850063755e-06,0.0,WELD_FOUND
9.509,0.0,0.0,0.0,0.0,0.0037,0.0037,-0.0037,-0.0037,1,1,0.0009,0.0009,3.4150945850063755e-06,nan,nan,NO_WELD
9.559,0.0,0.0,0.0,0.0,0.0037,0.0037,-0.0037,-0.0037,1,1,0.0009,0.0009,3.4150945850063755e-06,nan,nan,NO_WELD
9.609,0.035,0.0,0.035,0.035,0.0037,0.0037,0.0313,0.0313,7,7,0.0065,0.0065,3.4150945850063755e-06,3.4150945850063755e-06,0.0,WELD_FOUND
9.659,0.035,0.0,0.035,0.035,0.0171,0.0171,0.0179,0.0179,7,7,0.0065,0.0065,3.4150945850063755e-06,3.4150945850063755e-06,0.0,WELD_FOUND
9.709,0.0,0.0,0.0,0.0,0.0171,0.0171,-0.0171,-0.0171,8,7,0.0074,0.0065,3.4150945850063755e-06,nan,nan,NO_WELD
9.759,0.0,0.0,0.0,0.0,0.0171,0.0171,-0.0171,-0.0171,8,7,0.0074,0.0065,3.4150945850063755e-06,nan,nan,NO_WELD
9.809,0.0,0.0,0.0,0.0,0.0201,0.0201,-0.0201,-0.0201,11,11,0.0102,0.0102,3.4150945850063755e-06,nan,nan,NO_WELD
9.859,0.0,0.0,0.0,0.0,0.0201,0.0201,-0.0201,-0.0201,11,11,0.0102,0.0102,3.4150945850063755e-06,nan,nan,NO_WELD
9.909,0.0,0.0,0.0,0.0,0.0201,0.0201,-0.0201,-0.0201,12,11,0.0111,0.0102,3.4150945850063755e-06,nan,nan,NO_WELD
9.959,0.0,0.0,0.0,0.0,0.0145,0.0161,-0.0145,-0.0161,12,11,0.0111,0.0102,3.4150945850063755e-06,nan,nan,NO_WELD
10.009,0.035,0.0,0.035,0.035,0.0145,0.0161,0.0205,0.0189,12,11,0.0111,0.0102,3.4150945850063755e-06,3.4150945850063755e-06,0.0,WELD_FOUND
10.06,0.035,0.0,0.035,0.035,0.0145,0.0161,0.0205,0.0189,12,11,0.0111,0.0102,3.4150945850063755e-06,3.4150945850063755e-06,0.0,WELD_FOUND
10.109,0.0,0.0,0.0,0.0,0.0116,0.0121,-0.0116,-0.0121,12,12,0.0111,0.0111,3.4150945850063755e-06,nan,nan,NO_WELD
10.159,0.0,0.0,0.0,0.0,0.0116,0.0121,-0.0116,-0.0121,12,12,0.0111,0.0111,3.4150945850063755e-06,nan,nan,NO_WELD
10.209,0.035,0.0,0.035,0.035,0.0116,0.0121,0.0234,0.0229,17,16,0.0158,0.0148,3.4150945850063755e-06,3.4150945850063755e-06,0.0,WELD_FOUND
10.259,0.035,0.0,0.035,0.035,0.0193,0.0172,0.0157,0.0178,17,16,0.0158,0.0148,3.4150945850063755e-06,3.4150945850063755e-06,0.0,WELD_FOUND
10.309,0.0,0.0,0.0,0.0,0.0193,0.0172,-0.0193,-0.0172,17,18,0.0158,0.0167,3.4150945850063755e-06,nan,nan,NO_WELD
10.359,0.0,0.0,0.0,0.0,0.0193,0.0172,-0.0193,-0.0172,17,18,0.0158,0.0167,3.4150945850063755e-06,nan,nan,NO_WELD
10.409,0.031173264645065098,0.03192830120738945,0.035962509826173515,0.02638401946395668,0.0215,0.0251,0.0145,0.0013,21,22,0.0195,0.0204,-0.7031216044716506,-0.7031216044716506,0.0,WELD_FOUND
10.459,0.031173264645065098,0.03192830120738945,0.035962509826173515,0.02638401946395668,0.0215,0.0251,0.0145,0.0013,21,22,0.0195,0.0204,-0.7031216044716506,-0.7031216044716506,0.0,WELD_FOUND
10.509,0.0,0.0,0.0,0.0,0.0215,0.0251,-0.0215,-0.0251,22,22,0.0204,0.0204,-0.7031216044716506,nan,nan,NO_WELD
10.559,0.0,0.0,0.0,0.0,0.0154,0.0201,-0.0154,-0.0201,22,22,0.0204,0.0204,-0.7031216044716506,nan,nan,NO_WELD
10.609,0.0,0.0,0.0,0.0,0.0154,0.0201,-0.0154,-0.0201,24,24,0.0222,0.0222,-0.7031216044716506,nan,nan,NO_WELD
10.659,0.0,0.0,0.0,0.0,0.0166,0.0195,-0.0166,-0.0195,24,24,0.0222,0.0222,-0.7031216044716506,nan,nan,NO_WELD
10.709,0.0,0.0,0.0,0.0,0.0166,0.0195,-0.0166,-0.0195,25,23,0.0232,0.0213,-0.7031216044716506,nan,nan,NO_WELD
10.759,0.0,0.0,0.0,0.0,0.0166,0.0195,-0.0166,-0.0195,25,23,0.0232,0.0213,-0.7031216044716506,nan,nan,NO_WELD
10.809,0.0,0.0,0.0,0.0,0.0125,0.0092,-0.0125,-0.0092,25,23,0.0232,0.0213,-0.7031216044716506,nan,nan,NO_WELD
10.859,0.0,0.0,0.0,0.0,0.0125,0.0092,-0.0125,-0.0092,25,23,0.0232,0.0213,-0.7031216044716506,nan,nan,NO_WELD
10.909,0.0,0.0,0.0,0.0,0.01,0.0074,-0.01,-0.0074,25,23,0.0232,0.0213,-0.7031216044716506,nan,nan,NO_WELD
10.959,0.0,0.0,0.0,0.0,0.01,0.0074,-0.01,-0.0074,25,23,0.0232,0.0213,-0.7031216044716506,nan,nan,NO_WELD
11.009,0.0,0.0,0.0,0.0,0.01,0.0074,-0.01,-0.0074,25,23,0.0232,0.0213,-0.7031216044716506,nan,nan,NO_WELD
11.06,0.0,0.0,0.0,0.0,0.008,0.0059,-0.008,-0.0059,25,23,0.0232,0.0213,-0.7031216044716506,nan,nan,NO_WELD
11.109,0.0,0.0,0.0,0.0,0.008,0.0059,-0.008,-0.0059,25,23,0.0232,0.0213,-0.7031216044716506,nan,nan,NO_WELD
11.159,0.0,0.0,0.0,0.0,0.008,0.0059,-0.008,-0.0059,25,23,0.0232,0.0213,-0.7031216044716506,nan,nan,NO_WELD
11.209,0.0,0.0,0.0,0.0,0.0064,0.0047,-0.0064,-0.0047,25,23,0.0232,0.0213,-0.7031216044716506,nan,nan,NO_WELD
11.259,0.0,0.0,0.0,0.0,0.0064,0.0047,-0.0064,-0.0047,25,23,0.0232,0.0213,-0.7031216044716506,nan,nan,NO_WELD
11.309,0.0,0.0,0.0,0.0,0.0051,0.0038,-0.0051,-0.0038,25,23,0.0232,0.0213,-0.7031216044716506,nan,nan,NO_WELD
11.359,0.0,0.0,0.0,0.0,0.0051,0.0038,-0.0051,-0.0038,25,23,0.0232,0.0213,-0.7031216044716506,nan,nan,NO_WELD
11.409,0.0,0.0,0.0,0.0,0.0051,0.0038,-0.0051,-0.0038,25,23,0.0232,0.0213,-0.7031216044716506,nan,nan,NO_WELD
11.459,0.0,0.0,0.0,0.0,0.0041,0.003,-0.0041,-0.003,25,23,0.0232,0.0213,-0.7031216044716506,nan,nan,NO_WELD
11.509,0.0,0.0,0.0,0.0,0.0041,0.003,-0.0041,-0.003,25,23,0.0232,0.0213,-5.273434098250051,nan,nan,NO_WELD
11.559,0.0,0.0,0.0,0.0,0.0041,0.003,-0.0041,-0.003,25,23,0.0232,0.0213,-5.273434098250051,nan,nan,NO_WELD
11.609,0.0,0.0,0.0,0.0,0.0033,0.0024,-0.0033,-0.0024,25,23,0.0232,0.0213,-4.570309238766374,nan,nan,NO_WELD
11.659,0.0,0.0,0.0,0.0,0.0033,0.0024,-0.0033,-0.0024,25,23,0.0232,0.0213,-4.570309238766374,nan,nan,NO_WELD
11.709,0.0,0.0,0.0,0.0,0.0033,0.0024,-0.0033,-0.0024,25,23,0.0232,0.0213,-3.8671843792826963,nan,nan,NO_WELD
11.759,0.0,0.0,0.0,0.0,0.0026,0.0019,-0.0026,-0.0019,25,23,0.0232,0.0213,-3.8671843792826963,nan,nan,NO_WELD
11.809,0.0,0.0,0.0,0.0,0.0026,0.0019,-0.0026,-0.0019,25,23,0.0232,0.0213,-0.35155909468853286,nan,nan,NO_WELD
11.859,0.0,0.0,0.0,0.0,0.0021,0.0015,-0.0021,-0.0015,25,23,0.0232,0.0213,-0.35155909468853286,nan,nan,NO_WELD
11.909,0.0,0.0,0.0,0.0,0.0021,0.0015,-0.0021,-0.0015,25,23,0.0232,0.0213,-0.35155909468853286,nan,nan,NO_WELD
11.959,0.0,0.0,0.0,0.0,0.0017,0.0012,-0.0017,-0.0012,25,23,0.0232,0.0213,-0.35155909468853286,nan,nan,NO_WELD
12.009,0.0,0.0,0.0,0.0,0.0017,0.0012,-0.0017,-0.0012,25,23,0.0232,0.0213,-3.164059092912196,nan,nan,NO_WELD
12.06,0.0,0.0,0.0,0.0,0.0017,0.0012,-0.0017,-0.0012,25,23,0.0232,0.0213,-3.164059092912196,nan,nan,NO_WELD
12.109,0.0,0.0,0.0,0.0,0.0013,0.0,-0.0013,0.0,25,23,0.0232,0.0213,3.8671912094718666,nan,nan,NO_WELD
12.159,0.0,0.0,0.0,0.0,0.0013,0.0,-0.0013,0.0,25,23,0.0232,0.0213,3.8671912094718666,nan,nan,NO_WELD
12.209,0.0,0.0,0.0,0.0,0.0011,0.0,-0.0011,0.0,25,23,0.0232,0.0213,-4.218746595581123,nan,nan,NO_WELD
12.259,0.0,0.0,0.0,0.0,0.0011,0.0,-0.0011,0.0,25,23,0.0232,0.0213,-4.218746595581123,nan,nan,NO_WELD
12.309,0.0,0.0,0.0,0.0,0.0011,0.0,-0.0011,0.0,25,23,0.0232,0.0213,-7.382809530474727,nan,nan,NO_WELD
12.359,0.0,0.0,0.0,0.0,0.0,0.0,0.0,0.0,25,23,0.0232,0.0213,-7.382809530474727,nan,nan,NO_WELD
12.409,0.0,0.0,0.0,0.0,0.0,0.0,0.0,0.0,25,23,0.0232,0.0213,-7.7343721736599775,nan,nan,NO_WELD
12.459,0.0,0.0,0.0,0.0,0.0,0.0,0.0,0.0,25,23,0.0232,0.0213,-7.7343721736599775,nan,nan,NO_WELD
12.509,0.0,0.0,0.0,0.0,0.0,0.0,0.0,0.0,25,23,0.0232,0.0213,3.4150945850063755e-06,nan,nan,NO_WELD
12.559,0.0,0.0,0.0,0.0,0.0,0.0,0.0,0.0,25,23,0.0232,0.0213,3.4150945850063755e-06,nan,nan,NO_WELD
12.609,0.0,0.0,0.0,0.0,0.0,0.0,0.0,0.0,25,23,0.0232,0.0213,4.5703160689555435,nan,nan,NO_WELD
12.659,0.0,0.0,0.0,0.0,0.0,0.0,0.0,0.0,25,23,0.0232,0.0213,4.5703160689555435,nan,nan,NO_WELD
12.709,0.0,0.0,0.0,0.0,0.0,0.0,0.0,0.0,25,23,0.0232,0.0213,4.5703160689555435,nan,nan,NO_WELD
12.759,0.0,0.0,0.0,0.0,0.0,0.0,0.0,0.0,25,23,0.0232,0.0213,4.5703160689555435,nan,nan,NO_WELD
12.809,0.0,0.0,0.0,0.0,0.0,0.0,0.0,0.0,25,23,0.0232,0.0213,3.4150945850063755e-06,nan,nan,NO_WELD
12.859,0.0,0.0,0.0,0.0,0.0,0.0,0.0,0.0,25,23,0.0232,0.0213,3.4150945850063755e-06,nan,nan,NO_WELD
12.909,0.0,0.0,0.0,0.0,0.0,0.0,0.0,0.0,25,23,0.0232,0.0213,-0.35155909468853286,nan,nan,NO_WELD
12.959,0.0,0.0,0.0,0.0,0.0,0.0,0.0,0.0,25,23,0.0232,0.0213,-0.35155909468853286,nan,nan,NO_WELD
13.009,0.0,0.0,0.0,0.0,0.0,0.0,0.0,0.0,25,23,0.0232,0.0213,-4.218746595581123,nan,nan,NO_WELD
13.06,0.0,0.0,0.0,0.0,0.0,0.0,0.0,0.0,25,23,0.0232,0.0213,-4.218746595581123,nan,nan,NO_WELD
13.109,0.0,0.0,0.0,0.0,0.0,0.0,0.0,0.0,25,23,0.0232,0.0213,-3.5156217360974464,nan,nan,NO_WELD
13.159,0.0,0.0,0.0,0.0,0.0,0.0,0.0,0.0,25,23,0.0232,0.0213,-3.5156217360974464,nan,nan,NO_WELD
13.209,0.0,0.0,0.0,0.0,0.0,0.0,0.0,0.0,25,23,0.0232,0.0213,0.35156592487770283,nan,nan,NO_WELD
13.259,0.0,0.0,0.0,0.0,0.0,0.0,0.0,0.0,25,23,0.0232,0.0213,0.35156592487770283,nan,nan,NO_WELD
13.309,0.0,0.0,0.0,0.0,0.0,0.0,0.0,0.0,25,23,0.0232,0.0213,-7.382809530474727,nan,nan,NO_WELD
13.359,0.0,0.0,0.0,0.0,0.0,0.0,0.0,0.0,25,23,0.0232,0.0213,-7.382809530474727,nan,nan,NO_WELD
13.409,0.0,0.0,0.0,0.0,0.0,0.0,0.0,0.0,25,23,0.0232,0.0213,0.35156592487770283,nan,nan,NO_WELD
13.459,0.0,0.0,0.0,0.0,0.0,0.0,0.0,0.0,25,23,0.0232,0.0213,0.35156592487770283,nan,nan,NO_WELD
13.509,0.0,0.0,0.0,0.0,0.0,0.0,0.0,0.0,25,23,0.0232,0.0213,3.4150945850063755e-06,nan,nan,NO_WELD
13.559,0.0,0.0,0.0,0.0,0.0,0.0,0.0,0.0,25,23,0.0232,0.0213,3.4150945850063755e-06,nan,nan,NO_WELD
13.609,0.0,0.0,0.0,0.0,0.0,0.0,0.0,0.0,25,23,0.0232,0.0213,-7.031246887289478,nan,nan,NO_WELD
13.659,0.0,0.0,0.0,0.0,0.0,0.0,0.0,0.0,25,23,0.0232,0.0213,-7.031246887289478,nan,nan,NO_WELD
13.709,0.0,0.0,0.0,0.0,0.0,0.0,0.0,0.0,25,23,0.0232,0.0213,3.4150945850063755e-06,nan,nan,NO_WELD
13.759,0.0,0.0,0.0,0.0,0.0,0.0,0.0,0.0,25,23,0.0232,0.0213,3.4150945850063755e-06,nan,nan,NO_WELD
13.809,0.0,0.0,0.0,0.0,0.0,0.0,0.0,0.0,25,23,0.0232,0.0213,-5.273434098250051,nan,nan,NO_WELD
13.859,0.0,0.0,0.0,0.0,0.0,0.0,0.0,0.0,25,23,0.0232,0.0213,-5.273434098250051,nan,nan,NO_WELD
13.909,0.0,0.0,0.0,0.0,0.0,0.0,0.0,0.0,25,23,0.0232,0.0213,1.4062534542270564,nan,nan,NO_WELD
13.959,0.0,0.0,0.0,0.0,0.0,0.0,0.0,0.0,25,23,0.0232,0.0213,1.4062534542270564,nan,nan,NO_WELD
14.009,0.0,0.0,0.0,0.0,0.0,0.0,0.0,0.0,25,23,0.0232,0.0213,5.2734409284392205,nan,nan,NO_WELD
14.06,0.0,0.0,0.0,0.0,0.0,0.0,0.0,0.0,25,23,0.0232,0.0213,5.2734409284392205,nan,nan,NO_WELD
14.109,0.0,0.0,0.0,0.0,0.0,0.0,0.0,0.0,25,23,0.0232,0.0213,0.35156592487770283,nan,nan,NO_WELD
14.159,0.0,0.0,0.0,0.0,0.0,0.0,0.0,0.0,25,23,0.0232,0.0213,0.35156592487770283,nan,nan,NO_WELD
14.209,0.0,0.0,0.0,0.0,0.0,0.0,0.0,0.0,25,23,0.0232,0.0213,-6.328121600918977,nan,nan,NO_WELD
14.259,0.0,0.0,0.0,0.0,0.0,0.0,0.0,0.0,25,23,0.0232,0.0213,-6.328121600918977,nan,nan,NO_WELD
14.309,0.0,0.0,0.0,0.0,0.0,0.0,0.0,0.0,25,23,0.0232,0.0213,3.4150945850063755e-06,nan,nan,NO_WELD
14.359,0.0,0.0,0.0,0.0,0.0,0.0,0.0,0.0,25,23,0.0232,0.0213,3.4150945850063755e-06,nan,nan,NO_WELD
14.409,0.0,0.0,0.0,0.0,0.0,0.0,0.0,0.0,25,23,0.0232,0.0213,-4.218746595581123,nan,nan,NO_WELD
14.459,0.0,0.0,0.0,0.0,0.0,0.0,0.0,0.0,25,23,0.0232,0.0213,-4.218746595581123,nan,nan,NO_WELD
14.509,0.0,0.0,0.0,0.0,0.0,0.0,0.0,0.0,25,23,0.0232,0.0213,3.4150945850063755e-06,nan,nan,NO_WELD
14.559,0.0,0.0,0.0,0.0,0.0,0.0,0.0,0.0,25,23,0.0232,0.0213,3.4150945850063755e-06,nan,nan,NO_WELD
14.609,0.0,0.0,0.0,0.0,0.0,0.0,0.0,0.0,25,23,0.0232,0.0213,3.8671912094718666,nan,nan,NO_WELD
14.659,0.0,0.0,0.0,0.0,0.0,0.0,0.0,0.0,25,23,0.0232,0.0213,3.8671912094718666,nan,nan,NO_WELD
14.709,0.0,0.0,0.0,0.0,0.0,0.0,0.0,0.0,25,23,0.0232,0.0213,-5.9765593846205505,nan,nan,NO_WELD
14.759,0.0,0.0,0.0,0.0,0.0,0.0,0.0,0.0,25,23,0.0232,0.0213,-5.9765593846205505,nan,nan,NO_WELD
14.809,0.0,0.0,0.0,0.0,0.0,0.0,0.0,0.0,25,23,0.0232,0.0213,0.35156592487770283,nan,nan,NO_WELD
14.859,0.0,0.0,0.0,0.0,0.0,0.0,0.0,0.0,25,23,0.0232,0.0213,0.35156592487770283,nan,nan,NO_WELD
14.909,0.0,0.0,0.0,0.0,0.0,0.0,0.0,0.0,25,23,0.0232,0.0213,3.5156285662866162,nan,nan,NO_WELD
14.959,0.0,0.0,0.0,0.0,0.0,0.0,0.0,0.0,25,23,0.0232,0.0213,3.5156285662866162,nan,nan,NO_WELD
15.009,0.0,0.0,0.0,0.0,0.0,0.0,0.0,0.0,25,23,0.0232,0.0213,-5.6249967414353,nan,nan,NO_WELD
15.06,0.0,0.0,0.0,0.0,0.0,0.0,0.0,0.0,25,23,0.0232,0.0213,-5.6249967414353,nan,nan,NO_WELD
15.109,0.0,0.0,0.0,0.0,0.0,0.0,0.0,0.0,25,23,0.0232,0.0213,-3.5156217360974464,nan,nan,NO_WELD
15.159,0.0,0.0,0.0,0.0,0.0,0.0,0.0,0.0,25,23,0.0232,0.0213,-3.5156217360974464,nan,nan,NO_WELD
15.209,0.0,0.0,0.0,0.0,0.0,0.0,0.0,0.0,25,23,0.0232,0.0213,3.1640659231013664,nan,nan,NO_WELD
15.259,0.0,0.0,0.0,0.0,0.0,0.0,0.0,0.0,25,23,0.0232,0.0213,3.1640659231013664,nan,nan,NO_WELD
15.309,0.0,0.0,0.0,0.0,0.0,0.0,0.0,0.0,25,23,0.0232,0.0213,3.5156285662866162,nan,nan,NO_WELD
15.359,0.0,0.0,0.0,0.0,0.0,0.0,0.0,0.0,25,23,0.0232,0.0213,3.5156285662866162,nan,nan,NO_WELD
15.409,0.0,0.0,0.0,0.0,0.0,0.0,0.0,0.0,25,23,0.0232,0.0213,5.97656621480972,nan,nan,NO_WELD
15.459,0.0,0.0,0.0,0.0,0.0,0.0,0.0,0.0,25,23,0.0232,0.0213,5.97656621480972,nan,nan,NO_WELD
15.509,0.0,0.0,0.0,0.0,0.0,0.0,0.0,0.0,25,23,0.0232,0.0213,5.2734409284392205,nan,nan,NO_WELD
15.559,0.0,0.0,0.0,0.0,0.0,0.0,0.0,0.0,25,23,0.0232,0.0213,5.2734409284392205,nan,nan,NO_WELD
15.609,0.0,0.0,0.0,0.0,0.0,0.0,0.0,0.0,25,23,0.0232,0.0213,-3.5156217360974464,nan,nan,NO_WELD
15.659,0.0,0.0,0.0,0.0,0.0,0.0,0.0,0.0,25,23,0.0232,0.0213,-3.5156217360974464,nan,nan,NO_WELD
15.709,0.0,0.0,0.0,0.0,0.0,0.0,0.0,0.0,25,23,0.0232,0.0213,-0.35155909468853286,nan,nan,NO_WELD
15.759,0.0,0.0,0.0,0.0,0.0,0.0,0.0,0.0,25,23,0.0232,0.0213,-0.35155909468853286,nan,nan,NO_WELD
15.809,0.0,0.0,0.0,0.0,0.0,0.0,0.0,0.0,25,23,0.0232,0.0213,-0.7031216044716506,nan,nan,NO_WELD
15.859,0.0,0.0,0.0,0.0,0.0,0.0,0.0,0.0,25,23,0.0232,0.0213,-0.7031216044716506,nan,nan,NO_WELD
15.909,0.0,0.0,0.0,0.0,0.0,0.0,0.0,0.0,25,23,0.0232,0.0213,4.5703160689555435,nan,nan,NO_WELD
15.959,0.0,0.0,0.0,0.0,0.0,0.0,0.0,0.0,25,23,0.0232,0.0213,4.5703160689555435,nan,nan,NO_WELD
16.009,0.0,0.0,0.0,0.0,0.0,0.0,0.0,0.0,25,23,0.0232,0.0213,0.35156592487770283,nan,nan,NO_WELD
16.06,0.0,0.0,0.0,0.0,0.0,0.0,0.0,0.0,25,23,0.0232,0.0213,0.35156592487770283,nan,nan,NO_WELD
16.109,0.0,0.0,0.0,0.0,0.0,0.0,0.0,0.0,25,23,0.0232,0.0213,-7.031246887289478,nan,nan,NO_WELD
16.159,0.0,0.0,0.0,0.0,0.0,0.0,0.0,0.0,25,23,0.0232,0.0213,-7.031246887289478,nan,nan,NO_WELD
16.209,0.0,0.0,0.0,0.0,0.0,0.0,0.0,0.0,25,23,0.0232,0.0213,0.35156592487770283,nan,nan,NO_WELD
16.259,0.0,0.0,0.0,0.0,0.0,0.0,0.0,0.0,25,23,0.0232,0.0213,0.35156592487770283,nan,nan,NO_WELD
16.309,0.0,0.0,0.0,0.0,0.0,0.0,0.0,0.0,25,23,0.0232,0.0213,-0.35155909468853286,nan,nan,NO_WELD
16.359,0.0,0.0,0.0,0.0,0.0,0.0,0.0,0.0,25,23,0.0232,0.0213,-0.35155909468853286,nan,nan,NO_WELD
16.409,0.0,0.0,0.0,0.0,0.0,0.0,0.0,0.0,25,23,0.0232,0.0213,4.218753425770293,nan,nan,NO_WELD
16.459,0.0,0.0,0.0,0.0,0.0,0.0,0.0,0.0,25,23,0.0232,0.0213,4.218753425770293,nan,nan,NO_WELD
16.509,0.0,0.0,0.0,0.0,0.0,0.0,0.0,0.0,25,23,0.0232,0.0213,-0.35155909468853286,nan,nan,NO_WELD
16.559,0.0,0.0,0.0,0.0,0.0,0.0,0.0,0.0,25,23,0.0232,0.0213,-0.35155909468853286,nan,nan,NO_WELD
16.609,0.0,0.0,0.0,0.0,0.0,0.0,0.0,0.0,25,23,0.0232,0.0213,4.218753425770293,nan,nan,NO_WELD
16.659,0.0,0.0,0.0,0.0,0.0,0.0,0.0,0.0,25,23,0.0232,0.0213,4.218753425770293,nan,nan,NO_WELD
16.709,0.0,0.0,0.0,0.0,0.0,0.0,0.0,0.0,25,23,0.0232,0.0213,-3.5156217360974464,nan,nan,NO_WELD
16.759,0.0,0.0,0.0,0.0,0.0,0.0,0.0,0.0,25,23,0.0232,0.0213,-3.5156217360974464,nan,nan,NO_WELD
16.809,0.0,0.0,0.0,0.0,0.0,0.0,0.0,0.0,25,23,0.0232,0.0213,-0.35155909468853286,nan,nan,NO_WELD
16.859,0.0,0.0,0.0,0.0,0.0,0.0,0.0,0.0,25,23,0.0232,0.0213,-0.35155909468853286,nan,nan,NO_WELD
16.909,0.0,0.0,0.0,0.0,0.0,0.0,0.0,0.0,25,23,0.0232,0.0213,0.35156592487770283,nan,nan,NO_WELD
16.959,0.0,0.0,0.0,0.0,0.0,0.0,0.0,0.0,25,23,0.0232,0.0213,0.35156592487770283,nan,nan,NO_WELD
17.009,0.0,0.0,0.0,0.0,0.0,0.0,0.0,0.0,25,23,0.0232,0.0213,3.4150945850063755e-06,nan,nan,NO_WELD
17.061,0.0,0.0,0.0,0.0,0.0,0.0,0.0,0.0,25,23,0.0232,0.0213,3.4150945850063755e-06,nan,nan,NO_WELD
17.109,0.0,0.0,0.0,0.0,0.0,0.0,0.0,0.0,25,23,0.0232,0.0213,3.4150945850063755e-06,nan,nan,NO_WELD
17.159,0.0,0.0,0.0,0.0,0.0,0.0,0.0,0.0,25,23,0.0232,0.0213,3.4150945850063755e-06,nan,nan,NO_WELD
17.209,0.0,0.0,0.0,0.0,0.0,0.0,0.0,0.0,25,23,0.0232,0.0213,3.1640659231013664,nan,nan,NO_WELD
17.259,0.0,0.0,0.0,0.0,0.0,0.0,0.0,0.0,25,23,0.0232,0.0213,0.7031284346608206,nan,nan,NO_WELD
17.309,0.0,0.0,0.0,0.0,0.0,0.0,0.0,0.0,25,23,0.0232,0.0213,0.7031284346608206,nan,nan,NO_WELD
17.359,0.0,0.0,0.0,0.0,0.0,0.0,0.0,0.0,25,23,0.0232,0.0213,0.35156592487770283,nan,nan,NO_WELD
17.409,0.0,0.0,0.0,0.0,0.0,0.0,0.0,0.0,25,23,0.0232,0.0213,0.35156592487770283,nan,nan,NO_WELD
17.459,0.0,0.0,0.0,0.0,0.0,0.0,0.0,0.0,25,23,0.0232,0.0213,-6.6796842441042275,nan,nan,NO_WELD
17.509,0.0,0.0,0.0,0.0,0.0,0.0,0.0,0.0,25,23,0.0232,0.0213,-6.6796842441042275,nan,nan,NO_WELD
17.559,0.0,0.0,0.0,0.0,0.0,0.0,0.0,0.0,25,23,0.0232,0.0213,-0.35155909468853286,nan,nan,NO_WELD
17.609,0.0,0.0,0.0,0.0,0.0,0.0,0.0,0.0,25,23,0.0232,0.0213,-0.35155909468853286,nan,nan,NO_WELD
17.659,0.0,0.0,0.0,0.0,0.0,0.0,0.0,0.0,25,23,0.0232,0.0213,-4.218746595581123,nan,nan,NO_WELD
17.709,0.0,0.0,0.0,0.0,0.0,0.0,0.0,0.0,25,23,0.0232,0.0213,-4.218746595581123,nan,nan,NO_WELD
17.759,0.0,0.0,0.0,0.0,0.0,0.0,0.0,0.0,25,23,0.0232,0.0213,3.8671912094718666,nan,nan,NO_WELD
17.809,0.0,0.0,0.0,0.0,0.0,0.0,0.0,0.0,25,23,0.0232,0.0213,3.8671912094718666,nan,nan,NO_WELD
17.859,0.0,0.0,0.0,0.0,0.0,0.0,0.0,0.0,25,23,0.0232,0.0213,3.8671912094718666,nan,nan,NO_WELD
17.909,0.0,0.0,0.0,0.0,0.0,0.0,0.0,0.0,25,23,0.0232,0.0213,3.8671912094718666,nan,nan,NO_WELD
17.959,0.0,0.0,0.0,0.0,0.0,0.0,0.0,0.0,25,23,0.0232,0.0213,3.4150945850063755e-06,nan,nan,NO_WELD
18.009,0.0,0.0,0.0,0.0,0.0,0.0,0.0,0.0,25,23,0.0232,0.0213,3.4150945850063755e-06,nan,nan,NO_WELD
18.061,0.0,0.0,0.0,0.0,0.0,0.0,0.0,0.0,25,23,0.0232,0.0213,3.4150945850063755e-06,nan,nan,NO_WELD
18.109,0.0,0.0,0.0,0.0,0.0,0.0,0.0,0.0,25,23,0.0232,0.0213,3.4150945850063755e-06,nan,nan,NO_WELD
18.159,0.0,0.0,0.0,0.0,0.0,0.0,0.0,0.0,25,23,0.0232,0.0213,3.4150945850063755e-06,nan,nan,NO_WELD
18.209,0.0,0.0,0.0,0.0,0.0,0.0,0.0,0.0,25,23,0.0232,0.0213,3.4150945850063755e-06,nan,nan,NO_WELD
18.259,0.0,0.0,0.0,0.0,0.0,0.0,0.0,0.0,25,23,0.0232,0.0213,4.921878712140794,nan,nan,NO_WELD
18.309,0.0,0.0,0.0,0.0,0.0,0.0,0.0,0.0,25,23,0.0232,0.0213,4.921878712140794,nan,nan,NO_WELD
18.359,0.0,0.0,0.0,0.0,0.0,0.0,0.0,0.0,25,23,0.0232,0.0213,-3.164059092912196,nan,nan,NO_WELD
18.409,0.0,0.0,0.0,0.0,0.0,0.0,0.0,0.0,25,23,0.0232,0.0213,-3.164059092912196,nan,nan,NO_WELD
18.459,0.0,0.0,0.0,0.0,0.0,0.0,0.0,0.0,25,23,0.0232,0.0213,-5.273434098250051,nan,nan,NO_WELD
18.509,0.0,0.0,0.0,0.0,0.0,0.0,0.0,0.0,25,23,0.0232,0.0213,-5.273434098250051,nan,nan,NO_WELD
18.559,0.0,0.0,0.0,0.0,0.0,0.0,0.0,0.0,25,23,0.0232,0.0213,-3.5156217360974464,nan,nan,NO_WELD
18.609,0.0,0.0,0.0,0.0,0.0,0.0,0.0,0.0,25,23,0.0232,0.0213,-3.5156217360974464,nan,nan,NO_WELD
18.659,0.0,0.0,0.0,0.0,0.0,0.0,0.0,0.0,25,23,0.0232,0.0213,3.4150945850063755e-06,nan,nan,NO_WELD
18.709,0.0,0.0,0.0,0.0,0.0,0.0,0.0,0.0,25,23,0.0232,0.0213,3.4150945850063755e-06,nan,nan,NO_WELD
18.759,0.0,0.0,0.0,0.0,0.0,0.0,0.0,0.0,25,23,0.0232,0.0213,0.35156592487770283,nan,nan,NO_WELD
18.809,0.0,0.0,0.0,0.0,0.0,0.0,0.0,0.0,25,23,0.0232,0.0213,0.35156592487770283,nan,nan,NO_WELD
18.859,0.0,0.0,0.0,0.0,0.0,0.0,0.0,0.0,25,23,0.0232,0.0213,3.8671912094718666,nan,nan,NO_WELD
18.909,0.0,0.0,0.0,0.0,0.0,0.0,0.0,0.0,25,23,0.0232,0.0213,3.8671912094718666,nan,nan,NO_WELD
18.959,0.0,0.0,0.0,0.0,0.0,0.0,0.0,0.0,25,23,0.0232,0.0213,-0.35155909468853286,nan,nan,NO_WELD
19.009,0.0,0.0,0.0,0.0,0.0,0.0,0.0,0.0,25,23,0.0232,0.0213,-0.35155909468853286,nan,nan,NO_WELD
19.06,0.0,0.0,0.0,0.0,0.0,0.0,0.0,0.0,25,23,0.0232,0.0213,5.625003571624471,nan,nan,NO_WELD
19.109,0.0,0.0,0.0,0.0,0.0,0.0,0.0,0.0,25,23,0.0232,0.0213,5.625003571624471,nan,nan,NO_WELD
19.159,0.0,0.0,0.0,0.0,0.0,0.0,0.0,0.0,25,23,0.0232,0.0213,3.4150945850063755e-06,nan,nan,NO_WELD
19.209,0.0,0.0,0.0,0.0,0.0,0.0,0.0,0.0,25,23,0.0232,0.0213,3.4150945850063755e-06,nan,nan,NO_WELD
19.259,0.0,0.0,0.0,0.0,0.0,0.0,0.0,0.0,25,23,0.0232,0.0213,-0.35155909468853286,nan,nan,NO_WELD
19.309,0.0,0.0,0.0,0.0,0.0,0.0,0.0,0.0,25,23,0.0232,0.0213,-0.35155909468853286,nan,nan,NO_WELD
19.359,0.0,0.0,0.0,0.0,0.0,0.0,0.0,0.0,25,23,0.0232,0.0213,3.1640659231013664,nan,nan,NO_WELD
19.409,0.0,0.0,0.0,0.0,0.0,0.0,0.0,0.0,25,23,0.0232,0.0213,3.1640659231013664,nan,nan,NO_WELD
19.459,0.0,0.0,0.0,0.0,0.0,0.0,0.0,0.0,25,23,0.0232,0.0213,0.35156592487770283,nan,nan,NO_WELD
19.509,0.0,0.0,0.0,0.0,0.0,0.0,0.0,0.0,25,23,0.0232,0.0213,0.35156592487770283,nan,nan,NO_WELD
19.559,0.0,0.0,0.0,0.0,0.0,0.0,0.0,0.0,25,23,0.0232,0.0213,-0.35155909468853286,nan,nan,NO_WELD
19.609,0.0,0.0,0.0,0.0,0.0,0.0,0.0,0.0,25,23,0.0232,0.0213,-0.35155909468853286,nan,nan,NO_WELD
19.659,0.0,0.0,0.0,0.0,0.0,0.0,0.0,0.0,25,23,0.0232,0.0213,3.8671912094718666,nan,nan,NO_WELD
19.709,0.0,0.0,0.0,0.0,0.0,0.0,0.0,0.0,25,23,0.0232,0.0213,3.8671912094718666,nan,nan,NO_WELD
19.759,0.0,0.0,0.0,0.0,0.0,0.0,0.0,0.0,25,23,0.0232,0.0213,0.7031284346608206,nan,nan,NO_WELD
19.809,0.0,0.0,0.0,0.0,0.0,0.0,0.0,0.0,25,23,0.0232,0.0213,0.7031284346608206,nan,nan,NO_WELD
19.859,0.0,0.0,0.0,0.0,0.0,0.0,0.0,0.0,25,23,0.0232,0.0213,0.35156592487770283,nan,nan,NO_WELD
19.909,0.0,0.0,0.0,0.0,0.0,0.0,0.0,0.0,25,23,0.0232,0.0213,0.35156592487770283,nan,nan,NO_WELD
19.959,0.0,0.0,0.0,0.0,0.0,0.0,0.0,0.0,25,23,0.0232,0.0213,-0.35155909468853286,nan,nan,NO_WELD
20.009,0.0,0.0,0.0,0.0,0.0,0.0,0.0,0.0,25,23,0.0232,0.0213,-0.35155909468853286,nan,nan,NO_WELD
20.06,0.0,0.0,0.0,0.0,0.0,0.0,0.0,0.0,25,23,0.0232,0.0213,0.7031284346608206,nan,nan,NO_WELD
20.109,0.0,0.0,0.0,0.0,0.0,0.0,0.0,0.0,25,23,0.0232,0.0213,0.7031284346608206,nan,nan,NO_WELD
20.159,0.0,0.0,0.0,0.0,0.0,0.0,0.0,0.0,25,23,0.0232,0.0213,-3.164059092912196,nan,nan,NO_WELD
20.209,0.0,0.0,0.0,0.0,0.0,0.0,0.0,0.0,25,23,0.0232,0.0213,-3.164059092912196,nan,nan,NO_WELD
20.259,0.0,0.0,0.0,0.0,0.0,0.0,0.0,0.0,25,23,0.0232,0.0213,3.4150945850063755e-06,nan,nan,NO_WELD
20.309,0.0,0.0,0.0,0.0,0.0,0.0,0.0,0.0,25,23,0.0232,0.0213,3.4150945850063755e-06,nan,nan,NO_WELD
20.359,0.0,0.0,0.0,0.0,0.0,0.0,0.0,0.0,25,23,0.0232,0.0213,4.5703160689555435,nan,nan,NO_WELD
20.409,0.0,0.0,0.0,0.0,0.0,0.0,0.0,0.0,25,23,0.0232,0.0213,4.5703160689555435,nan,nan,NO_WELD
20.459,0.0,0.0,0.0,0.0,0.0,0.0,0.0,0.0,25,23,0.0232,0.0213,-0.35155909468853286,nan,nan,NO_WELD
20.509,0.0,0.0,0.0,0.0,0.0,0.0,0.0,0.0,25,23,0.0232,0.0213,-0.35155909468853286,nan,nan,NO_WELD
20.559,0.0,0.0,0.0,0.0,0.0,0.0,0.0,0.0,25,23,0.0232,0.0213,3.8671912094718666,nan,nan,NO_WELD
20.609,0.0,0.0,0.0,0.0,0.0,0.0,0.0,0.0,25,23,0.0232,0.0213,3.8671912094718666,nan,nan,NO_WELD
20.659,0.0,0.0,0.0,0.0,0.0,0.0,0.0,0.0,25,23,0.0232,0.0213,3.4150945850063755e-06,nan,nan,NO_WELD
20.709,0.0,0.0,0.0,0.0,0.0,0.0,0.0,0.0,25,23,0.0232,0.0213,3.4150945850063755e-06,nan,nan,NO_WELD
20.759,0.0,0.0,0.0,0.0,0.0,0.0,0.0,0.0,25,23,0.0232,0.0213,-0.35155909468853286,nan,nan,NO_WELD
20.809,0.0,0.0,0.0,0.0,0.0,0.0,0.0,0.0,25,23,0.0232,0.0213,-0.35155909468853286,nan,nan,NO_WELD
20.859,0.0,0.0,0.0,0.0,0.0,0.0,0.0,0.0,25,23,0.0232,0.0213,-4.218746595581123,nan,nan,NO_WELD
20.909,0.0,0.0,0.0,0.0,0.0,0.0,0.0,0.0,25,23,0.0232,0.0213,-4.218746595581123,nan,nan,NO_WELD
20.959,0.0,0.0,0.0,0.0,0.0,0.0,0.0,0.0,25,23,0.0232,0.0213,4.921878712140794,nan,nan,NO_WELD
21.009,0.0,0.0,0.0,0.0,0.0,0.0,0.0,0.0,25,23,0.0232,0.0213,4.921878712140794,nan,nan,NO_WELD
21.06,0.0,0.0,0.0,0.0,0.0,0.0,0.0,0.0,25,23,0.0232,0.0213,0.35156592487770283,nan,nan,NO_WELD
21.109,0.0,0.0,0.0,0.0,0.0,0.0,0.0,0.0,25,23,0.0232,0.0213,0.35156592487770283,nan,nan,NO_WELD
21.159,0.0,0.0,0.0,0.0,0.0,0.0,0.0,0.0,25,23,0.0232,0.0213,3.4150945850063755e-06,nan,nan,NO_WELD
21.209,0.0,0.0,0.0,0.0,0.0,0.0,0.0,0.0,25,23,0.0232,0.0213,3.4150945850063755e-06,nan,nan,NO_WELD
21.259,0.0,0.0,0.0,0.0,0.0,0.0,0.0,0.0,25,23,0.0232,0.0213,-3.164059092912196,nan,nan,NO_WELD
21.309,0.0,0.0,0.0,0.0,0.0,0.0,0.0,0.0,25,23,0.0232,0.0213,-3.164059092912196,nan,nan,NO_WELD
21.359,0.0,0.0,0.0,0.0,0.0,0.0,0.0,0.0,25,23,0.0232,0.0213,-5.273434098250051,nan,nan,NO_WELD
21.409,0.0,0.0,0.0,0.0,0.0,0.0,0.0,0.0,25,23,0.0232,0.0213,-5.273434098250051,nan,nan,NO_WELD
21.459,0.0,0.0,0.0,0.0,0.0,0.0,0.0,0.0,25,23,0.0232,0.0213,-3.5156217360974464,nan,nan,NO_WELD
21.509,0.0,0.0,0.0,0.0,0.0,0.0,0.0,0.0,25,23,0.0232,0.0213,-3.5156217360974464,nan,nan,NO_WELD
21.559,0.0,0.0,0.0,0.0,0.0,0.0,0.0,0.0,25,23,0.0232,0.0213,-5.9765593846205505,nan,nan,NO_WELD
21.609,0.0,0.0,0.0,0.0,0.0,0.0,0.0,0.0,25,23,0.0232,0.0213,-5.9765593846205505,nan,nan,NO_WELD
21.659,0.0,0.0,0.0,0.0,0.0,0.0,0.0,0.0,25,23,0.0232,0.0213,0.35156592487770283,nan,nan,NO_WELD
21.709,0.0,0.0,0.0,0.0,0.0,0.0,0.0,0.0,25,23,0.0232,0.0213,0.35156592487770283,nan,nan,NO_WELD
21.759,0.0,0.0,0.0,0.0,0.0,0.0,0.0,0.0,25,23,0.0232,0.0213,4.218753425770293,nan,nan,NO_WELD
21.809,0.0,0.0,0.0,0.0,0.0,0.0,0.0,0.0,25,23,0.0232,0.0213,4.218753425770293,nan,nan,NO_WELD
21.859,0.0,0.0,0.0,0.0,0.0,0.0,0.0,0.0,25,23,0.0232,0.0213,-0.35155909468853286,nan,nan,NO_WELD
21.909,0.0,0.0,0.0,0.0,0.0,0.0,0.0,0.0,25,23,0.0232,0.0213,-0.35155909468853286,nan,nan,NO_WELD
21.959,0.0,0.0,0.0,0.0,0.0,0.0,0.0,0.0,25,23,0.0232,0.0213,3.4150945850063755e-06,nan,nan,NO_WELD
22.009,0.0,0.0,0.0,0.0,0.0,0.0,0.0,0.0,25,23,0.0232,0.0213,3.4150945850063755e-06,nan,nan,NO_WELD
22.06,0.0,0.0,0.0,0.0,0.0,0.0,0.0,0.0,25,23,0.0232,0.0213,3.4150945850063755e-06,nan,nan,NO_WELD
22.109,0.0,0.0,0.0,0.0,0.0,0.0,0.0,0.0,25,23,0.0232,0.0213,3.4150945850063755e-06,nan,nan,NO_WELD
22.159,0.0,0.0,0.0,0.0,0.0,0.0,0.0,0.0,25,23,0.0232,0.0213,3.8671912094718666,nan,nan,NO_WELD
22.209,0.0,0.0,0.0,0.0,0.0,0.0,0.0,0.0,25,23,0.0232,0.0213,3.8671912094718666,nan,nan,NO_WELD
22.259,0.0,0.0,0.0,0.0,0.0,0.0,0.0,0.0,25,23,0.0232,0.0213,3.4150945850063755e-06,nan,nan,NO_WELD
22.309,0.0,0.0,0.0,0.0,0.0,0.0,0.0,0.0,25,23,0.0232,0.0213,3.4150945850063755e-06,nan,nan,NO_WELD
22.359,0.0,0.0,0.0,0.0,0.0,0.0,0.0,0.0,25,23,0.0232,0.0213,-6.6796842441042275,nan,nan,NO_WELD
22.409,0.0,0.0,0.0,0.0,0.0,0.0,0.0,0.0,25,23,0.0232,0.0213,-6.6796842441042275,nan,nan,NO_WELD
22.459,0.0,0.0,0.0,0.0,0.0,0.0,0.0,0.0,25,23,0.0232,0.0213,3.4150945850063755e-06,nan,nan,NO_WELD
22.509,0.0,0.0,0.0,0.0,0.0,0.0,0.0,0.0,25,23,0.0232,0.0213,3.4150945850063755e-06,nan,nan,NO_WELD
22.559,0.0,0.0,0.0,0.0,0.0,0.0,0.0,0.0,25,23,0.0232,0.0213,3.5156285662866162,nan,nan,NO_WELD
22.609,0.0,0.0,0.0,0.0,0.0,0.0,0.0,0.0,25,23,0.0232,0.0213,3.5156285662866162,nan,nan,NO_WELD
22.659,0.0,0.0,0.0,0.0,0.0,0.0,0.0,0.0,25,23,0.0232,0.0213,-4.570309238766374,nan,nan,NO_WELD
22.709,0.0,0.0,0.0,0.0,0.0,0.0,0.0,0.0,25,23,0.0232,0.0213,-4.570309238766374,nan,nan,NO_WELD
22.759,0.0,0.0,0.0,0.0,0.0,0.0,0.0,0.0,25,23,0.0232,0.0213,3.4150945850063755e-06,nan,nan,NO_WELD
22.809,0.0,0.0,0.0,0.0,0.0,0.0,0.0,0.0,25,23,0.0232,0.0213,3.4150945850063755e-06,nan,nan,NO_WELD
22.859,0.0,0.0,0.0,0.0,0.0,0.0,0.0,0.0,25,23,0.0232,0.0213,-3.8671843792826963,nan,nan,NO_WELD
22.909,0.0,0.0,0.0,0.0,0.0,0.0,0.0,0.0,25,23,0.0232,0.0213,-3.8671843792826963,nan,nan,NO_WELD
22.959,0.0,0.0,0.0,0.0,0.0,0.0,0.0,0.0,25,23,0.0232,0.0213,3.4150945850063755e-06,nan,nan,NO_WELD
23.009,0.0,0.0,0.0,0.0,0.0,0.0,0.0,0.0,25,23,0.0232,0.0213,3.4150945850063755e-06,nan,nan,NO_WELD
23.06,0.0,0.0,0.0,0.0,0.0,0.0,0.0,0.0,25,23,0.0232,0.0213,3.4150945850063755e-06,nan,nan,NO_WELD
23.109,0.0,0.0,0.0,0.0,0.0,0.0,0.0,0.0,25,23,0.0232,0.0213,3.4150945850063755e-06,nan,nan,NO_WELD
23.159,0.0,0.0,0.0,0.0,0.0,0.0,0.0,0.0,25,23,0.0232,0.0213,3.4150945850063755e-06,nan,nan,NO_WELD
23.209,0.0,0.0,0.0,0.0,0.0,0.0,0.0,0.0,25,23,0.0232,0.0213,3.4150945850063755e-06,nan,nan,NO_WELD
23.259,0.0,0.0,0.0,0.0,0.0,0.0,0.0,0.0,25,23,0.0232,0.0213,0.7031284346608206,nan,nan,NO_WELD
23.309,0.0,0.0,0.0,0.0,0.0,0.0,0.0,0.0,25,23,0.0232,0.0213,0.7031284346608206,nan,nan,NO_WELD
23.359,0.03258234416615065,0.015410689097334947,0.03489394753075089,0.030270740801550407,0.0,0.0,0.0349,0.0303,25,23,0.0232,0.0213,-0.35155909468853286,-0.35155909468853286,0.0,WELD_FOUND
23.409,0.03258234416615065,0.015410689097334947,0.03489394753075089,0.030270740801550407,0.0,0.0,0.0349,0.0303,25,23,0.0232,0.0213,-0.35155909468853286,-0.35155909468853286,0.0,WELD_FOUND
23.459,0.035,0.0,0.035,0.035,0.0,0.0,0.035,0.035,25,24,0.0232,0.0222,3.4150945850063755e-06,-0.17577783979697392,0.17578125489155894,WELD_FOUND
23.509,0.035,0.0,0.035,0.035,0.0,0.0025,0.035,0.0325,25,24,0.0232,0.0222,3.4150945850063755e-06,-0.17577783979697392,0.17578125489155894,WELD_FOUND
23.559,0.0,0.0,0.0,0.0,0.0,0.0025,0.0,-0.0025,32,30,0.0297,0.0278,3.4150945850063755e-06,nan,nan,NO_WELD
23.609,0.0,0.0,0.0,0.0,0.0259,0.0237,-0.0259,-0.0237,32,30,0.0297,0.0278,3.4150945850063755e-06,nan,nan,NO_WELD
23.659,0.0,0.0,0.0,0.0,0.0259,0.0237,-0.0259,-0.0237,39,37,0.0361,0.0343,3.4150945850063755e-06,nan,nan,NO_WELD
23.709,0.0,0.0,0.0,0.0,0.0259,0.0237,-0.0259,-0.0237,39,37,0.0361,0.0343,3.4150945850063755e-06,nan,nan,NO_WELD
23.759,0.0,0.0,0.0,0.0,0.0403,0.0389,-0.0403,-0.0389,42,40,0.0389,0.0371,3.4150945850063755e-06,nan,nan,NO_WELD
23.809,0.0,0.0,0.0,0.0,0.0403,0.0389,-0.0403,-0.0389,42,40,0.0389,0.0371,3.4150945850063755e-06,nan,nan,NO_WELD
23.859,0.03258234416615065,0.017648926318153492,0.03522968311387367,0.029935005218427624,0.0403,0.0389,-0.0051,-0.009,42,40,0.0389,0.0371,-0.35155909468853286,-0.35155909468853286,0.0,WELD_FOUND
23.909,0.03258234416615065,0.017648926318153492,0.03522968311387367,0.029935005218427624,0.0322,0.0312,0.003,-0.0012,42,40,0.0389,0.0371,-0.35155909468853286,-0.35155909468853286,0.0,WELD_FOUND
23.959,0.0,0.0,0.0,0.0,0.0322,0.0312,-0.0322,-0.0312,42,40,0.0389,0.0371,-0.35155909468853286,nan,nan,NO_WELD
24.009,0.0,0.0,0.0,0.0,0.0258,0.0249,-0.0258,-0.0249,42,40,0.0389,0.0371,-0.35155909468853286,nan,nan,NO_WELD
24.06,0.03258234416615065,0.015339659294113519,0.034883293060267676,0.03028139527203362,0.0258,0.0249,0.0091,0.0054,42,40,0.0389,0.0371,-0.35155909468853286,-0.35155909468853286,0.0,WELD_FOUND
24.109,0.03258234416615065,0.015339659294113519,0.034883293060267676,0.03028139527203362,0.0258,0.0249,0.0091,0.0054,42,40,0.0389,0.0371,-0.35155909468853286,-0.35155909468853286,0.0,WELD_FOUND
24.159,0.0,0.0,0.0,0.0,0.0206,0.0174,-0.0206,-0.0174,42,41,0.0389,0.038,-0.35155909468853286,nan,nan,NO_WELD
24.209,0.0,0.0,0.0,0.0,0.0206,0.0174,-0.0206,-0.0174,42,41,0.0389,0.038,-0.35155909468853286,nan,nan,NO_WELD
24.259,0.03258234416615065,0.015339659294113519,0.034883293060267676,0.03028139527203362,0.0272,0.0216,0.0077,0.0087,46,44,0.0426,0.0408,-0.35155909468853286,-0.35155909468853286,0.0,WELD_FOUND
24.309,0.03258234416615065,0.015339659294113519,0.034883293060267676,0.03028139527203362,0.0272,0.0216,0.0077,0.0087,46,44,0.0426,0.0408,-0.35155909468853286,-0.35155909468853286,0.0,WELD_FOUND
24.359,0.0,0.0,0.0,0.0,0.02,0.0173,-0.02,-0.0173,47,44,0.0436,0.0408,-0.35155909468853286,nan,nan,NO_WELD
24.409,0.0,0.0,0.0,0.0,0.02,0.0173,-0.02,-0.0173,47,44,0.0436,0.0408,-0.35155909468853286,nan,nan,NO_WELD
24.459,0.0,0.0,0.0,0.0,0.02,0.0173,-0.02,-0.0173,51,48,0.0473,0.0445,-0.35155909468853286,nan,nan,NO_WELD
24.509,0.0,0.0,0.0,0.0,0.0219,0.0202,-0.0219,-0.0202,51,48,0.0473,0.0445,-0.35155909468853286,nan,nan,NO_WELD
24.559,0.03353898717849688,-0.014128013880645784,0.03141978509640002,0.03565818926059375,0.0219,0.0202,0.0095,0.0154,51,47,0.0473,0.0436,0.35156592487770283,0.35156592487770283,0.0,WELD_FOUND
24.609,0.03353898717849688,-0.014128013880645784,0.03141978509640002,0.03565818926059375,0.0175,0.0202,0.0139,0.0154,51,47,0.0473,0.0436,0.35156592487770283,0.35156592487770283,0.0,WELD_FOUND
24.659,0.031826913590118654,-0.026864107228462438,0.027797297505849288,0.035856529674388016,0.0175,0.0097,0.0103,0.0262,51,47,0.0473,0.0436,0.7031284346608206,0.5273471664290486,0.1757812682317721,WELD_FOUND
24.709,0.031826913590118654,-0.026864107228462438,0.027797297505849288,0.035856529674388016,0.014,0.0097,0.0138,0.0262,51,47,0.0473,0.0436,0.7031284346608206,0.5273471664290486,0.1757812682317721,WELD_FOUND
24.759,0.032430512396673446,-0.013943679901708495,0.030338960411417173,0.03452206438192972,0.014,0.028,0.0163,0.0065,57,53,0.0528,0.0491,3.4150945850063755e-06,0.35156592487770283,-0.3515625097831178,WELD_FOUND
24.809,0.032430512396673446,-0.013943679901708495,0.030338960411417173,0.03452206438192972,0.014,0.028,0.0163,0.0065,57,53,0.0528,0.0491,3.4150945850063755e-06,0.35156592487770283,-0.3515625097831178,WELD_FOUND
24.859,0.035,0.0,0.035,0.035,0.0356,0.028,-0.0006,0.007,62,58,0.0575,0.0538,3.4150945850063755e-06,0.17578466998614392,-0.1757812548915589,WELD_FOUND
24.909,0.035,0.0,0.035,0.035,0.0356,0.0292,-0.0006,0.0058,62,58,0.0575,0.0538,3.4150945850063755e-06,0.17578466998614392,-0.1757812548915589,WELD_FOUND
24.959,0.0,0.0,0.0,0.0,0.0362,0.0292,-0.0362,-0.0292,66,61,0.0612,0.0565,3.4150945850063755e-06,nan,nan,NO_WELD
25.009,0.0,0.0,0.0,0.0,0.0362,0.0292,-0.0362,-0.0292,66,61,0.0612,0.0565,3.4150945850063755e-06,nan,nan,NO_WELD
25.06,0.03335273827219429,0.013516918428225489,0.03538027603642811,0.03132520050796046,0.0362,0.0323,-0.0008,-0.001,69,64,0.0639,0.0593,-0.35155909468853286,-0.35155909468853286,0.0,WELD_FOUND
25.109,0.03335273827219429,0.013516918428225489,0.03538027603642811,0.03132520050796046,0.0291,0.0323,0.0063,-0.001,69,64,0.0639,0.0593,-0.35155909468853286,-0.35155909468853286,0.0,WELD_FOUND
25.159,0.03273570285196038,0.01674125237144347,0.035246890707676906,0.030224514996243863,0.0291,0.0157,0.0061,0.0145,70,63,0.0649,0.0584,-0.35155909468853286,-0.35155909468853286,0.0,WELD_FOUND
25.209,0.03273570285196038,0.01674125237144347,0.035246890707676906,0.030224514996243863,0.0291,0.0157,0.0061,0.0145,70,63,0.0649,0.0584,-0.35155909468853286,-0.35155909468853286,0.0,WELD_FOUND
25.259,0.03261298709789664,0.015620076678975236,0.034955998599742924,0.030269975596050352,0.0298,0.0157,0.0051,0.0146,74,67,0.0686,0.0621,-0.7031216044716506,-0.35155909468853286,-0.35156250978311776,WELD_FOUND
25.309,0.03261298709789664,0.015620076678975236,0.034955998599742924,0.030269975596050352,0.0298,0.0193,0.0051,0.011,74,67,0.0686,0.0621,-0.7031216044716506,-0.35155909468853286,-0.35156250978311776,WELD_FOUND
25.359,0.03164553532787105,0.02523308998027637,0.035430498824912504,0.027860571830829597,0.0327,0.0193,0.0027,0.0086,78,72,0.0723,0.0667,-0.7031216044716506,-0.5273403362398785,-0.1757812682317721,WELD_FOUND
25.409,0.03164553532787105,0.02523308998027637,0.035430498824912504,0.027860571830829597,0.0327,0.0193,0.0027,0.0086,78,72,0.0723,0.0667,-0.7031216044716506,-0.5273403362398785,-0.1757812682317721,WELD_FOUND
25.459,0.0,0.0,0.0,0.0,0.0327,0.0338,-0.0327,-0.0338,83,76,0.0769,0.0704,-0.7031216044716506,nan,nan,NO_WELD
25.509,0.0,0.0,0.0,0.0,0.032,0.0338,-0.032,-0.0338,83,76,0.0769,0.0704,-0.7031216044716506,nan,nan,NO_WELD
25.559,0.03239388921903722,0.015093000582344973,0.034657839306388966,0.030129939131685476,0.032,0.0351,0.0027,-0.005,86,80,0.0797,0.0741,-0.35155909468853286,-0.35155909468853286,0.0,WELD_FOUND
25.609,0.03239388921903722,0.015093000582344973,0.034657839306388966,0.030129939131685476,0.0303,0.0351,0.0043,-0.005,86,80,0.0797,0.0741,-0.35155909468853286,-0.35155909468853286,0.0,WELD_FOUND
25.659,0.035,0.0,0.035,0.035,0.0303,0.0281,0.0047,0.0069,87,80,0.0806,0.0741,3.4150945850063755e-06,-0.17577783979697392,0.17578125489155894,WELD_FOUND
25.709,0.035,0.0,0.035,0.035,0.0219,0.0281,0.0131,0.0069,87,80,0.0806,0.0741,3.4150945850063755e-06,-0.17577783979697392,0.17578125489155894,WELD_FOUND
25.759,0.035,0.0,0.035,0.035,0.0219,0.0281,0.0131,0.0069,91,83,0.0843,0.0769,0.7031284346608206,3.4150945850063755e-06,0.7031250195662356,WELD_FOUND
25.809,0.035,0.0,0.035,0.035,0.028,0.0243,0.007,0.0107,91,83,0.0843,0.0769,0.7031284346608206,3.4150945850063755e-06,0.7031250195662356,WELD_FOUND
25.859,0.0,0.0,0.0,0.0,0.028,0.0243,-0.028,-0.0243,96,88,0.089,0.0816,0.7031284346608206,nan,nan,NO_WELD
25.909,0.0,0.0,0.0,0.0,0.0353,0.0331,-0.0353,-0.0331,96,88,0.089,0.0816,0.7031284346608206,nan,nan,NO_WELD
25.959,0.035,0.0,0.035,0.035,0.0353,0.0331,-0.0003,0.0019,100,92,0.0927,0.0853,3.4150945850063755e-06,3.4150945850063755e-06,0.0,WELD_FOUND
26.009,0.035,0.0,0.035,0.035,0.036,0.0347,-0.001,0.0003,100,92,0.0927,0.0853,3.4150945850063755e-06,3.4150945850063755e-06,0.0,WELD_FOUND
26.06,0.0,0.0,0.0,0.0,0.036,0.0347,-0.036,-0.0347,100,91,0.0927,0.0843,3.4150945850063755e-06,nan,nan,NO_WELD
26.109,0.0,0.0,0.0,0.0,0.036,0.0347,-0.036,-0.0347,100,91,0.0927,0.0843,3.4150945850063755e-06,nan,nan,NO_WELD
26.159,0.0,0.0,0.0,0.0,0.029,0.0258,-0.029,-0.0258,103,94,0.0955,0.0871,3.4150945850063755e-06,nan,nan,NO_WELD
26.209,0.0,0.0,0.0,0.0,0.029,0.0258,-0.029,-0.0258,103,94,0.0955,0.0871,3.4150945850063755e-06,nan,nan,NO_WELD
26.259,0.033070697745754184,-0.014640117964845968,0.030874680051027288,0.03526671544048108,0.029,0.0258,0.0019,0.0095,104,94,0.0964,0.0871,0.35156592487770283,0.35156592487770283,0.0,WELD_FOUND
26.309,0.033070697745754184,-0.014640117964845968,0.030874680051027288,0.03526671544048108,0.0199,0.0206,0.011,0.0147,104,94,0.0964,0.0871,0.35156592487770283,0.35156592487770283,0.0,WELD_FOUND
26.359,0.0,0.0,0.0,0.0,0.0199,0.0206,-0.0199,-0.0206,105,94,0.0973,0.0871,0.35156592487770283,nan,nan,NO_WELD
26.409,0.0,0.0,0.0,0.0,0.0199,0.0206,-0.0199,-0.0206,105,94,0.0973,0.0871,0.35156592487770283,nan,nan,NO_WELD
26.459,0.035,0.0,0.035,0.035,0.0243,0.0148,0.0107,0.0202,109,95,0.101,0.088,3.4150945850063755e-06,3.4150945850063755e-06,0.0,WELD_FOUND
26.509,0.035,0.0,0.035,0.035,0.0243,0.0148,0.0107,0.0202,109,95,0.101,0.088,3.4150945850063755e-06,3.4150945850063755e-06,0.0,WELD_FOUND
26.559,0.035,0.0,0.035,0.035,0.0243,0.0148,0.0107,0.0202,110,94,0.1019,0.0871,3.4150945850063755e-06,3.4150945850063755e-06,0.0,WELD_FOUND
26.609,0.035,0.0,0.035,0.035,0.017,0.0064,0.018,0.0286,110,94,0.1019,0.0871,3.4150945850063755e-06,3.4150945850063755e-06,0.0,WELD_FOUND
26.659,0.0,0.0,0.0,0.0,0.017,0.0064,-0.017,-0.0064,115,94,0.1066,0.0871,3.4150945850063755e-06,nan,nan,NO_WELD
26.709,0.0,0.0,0.0,0.0,0.017,0.0064,-0.017,-0.0064,115,94,0.1066,0.0871,3.4150945850063755e-06,nan,nan,NO_WELD
26.759,0.0,0.0,0.0,0.0,0.0349,0.0051,-0.0349,-0.0051,120,94,0.1112,0.0871,3.4150945850063755e-06,nan,nan,NO_WELD
26.809,0.0,0.0,0.0,0.0,0.0349,0.0051,-0.0349,-0.0051,120,94,0.1112,0.0871,3.4150945850063755e-06,nan,nan,NO_WELD
26.859,0.0,0.0,0.0,0.0,0.0247,0.0041,-0.0247,-0.0041,121,94,0.1121,0.0871,3.4150945850063755e-06,nan,nan,NO_WELD
26.909,0.0,0.0,0.0,0.0,0.0247,0.0041,-0.0247,-0.0041,121,94,0.1121,0.0871,3.4150945850063755e-06,nan,nan,NO_WELD
26.959,0.03258234416615065,0.017647214065657252,0.03522942627599924,0.02993526205630206,0.0247,0.0041,0.0106,0.0258,121,94,0.1121,0.0871,-0.35155909468853286,-0.35155909468853286,0.0,WELD_FOUND
27.009,0.03258234416615065,0.017647214065657252,0.03522942627599924,0.02993526205630206,0.0197,0.0033,0.0155,0.0266,121,94,0.1121,0.0871,-0.35155909468853286,-0.35155909468853286,0.0,WELD_FOUND
27.06,0.0,0.0,0.0,0.0,0.0197,0.0033,-0.0197,-0.0033,122,94,0.1131,0.0871,-0.35155909468853286,nan,nan,NO_WELD
27.109,0.0,0.0,0.0,0.0,0.0155,0.0026,-0.0155,-0.0026,122,94,0.1131,0.0871,-0.35155909468853286,nan,nan,NO_WELD
27.159,0.0,0.0,0.0,0.0,0.0155,0.0026,-0.0155,-0.0026,126,94,0.1168,0.0871,-0.35155909468853286,nan,nan,NO_WELD
27.209,0.0,0.0,0.0,0.0,0.0155,0.0026,-0.0155,-0.0026,126,94,0.1168,0.0871,-0.35155909468853286,nan,nan,NO_WELD
27.259,0.0,0.0,0.0,0.0,0.0192,0.0021,-0.0192,-0.0021,126,94,0.1168,0.0871,-0.35155909468853286,nan,nan,NO_WELD
27.309,0.0,0.0,0.0,0.0,0.0192,0.0021,-0.0192,-0.0021,126,94,0.1168,0.0871,-0.35155909468853286,nan,nan,NO_WELD
27.359,0.0,0.0,0.0,0.0,0.0154,0.0017,-0.0154,-0.0017,126,94,0.1168,0.0871,-0.35155909468853286,nan,nan,NO_WELD
27.409,0.0,0.0,0.0,0.0,0.0154,0.0017,-0.0154,-0.0017,126,94,0.1168,0.0871,-0.35155909468853286,nan,nan,NO_WELD
27.459,0.03258234416615065,0.017185598406214073,0.035160183927082755,0.030004504405218537,0.0123,0.0013,0.0229,0.0287,126,94,0.1168,0.0871,-0.35155909468853286,-0.35155909468853286,0.0,WELD_FOUND
27.509,0.03258234416615065,0.017185598406214073,0.035160183927082755,0.030004504405218537,0.0123,0.0013,0.0229,0.0287,126,94,0.1168,0.0871,-0.35155909468853286,-0.35155909468853286,0.0,WELD_FOUND
27.559,0.0,0.0,0.0,0.0,0.0123,0.0013,-0.0123,-0.0013,126,94,0.1168,0.0871,-0.35155909468853286,nan,nan,NO_WELD
27.609,0.0,0.0,0.0,0.0,0.0098,0.0011,-0.0098,-0.0011,126,94,0.1168,0.0871,-0.35155909468853286,nan,nan,NO_WELD
27.659,0.030710492858473867,0.03133600135296703,0.035410893061418924,0.026010092655528814,0.0098,0.0011,0.0256,0.0249,131,94,0.1214,0.0871,-0.7031216044716506,-0.7031216044716506,0.0,WELD_FOUND
27.709,0.030710492858473867,0.03133600135296703,0.035410893061418924,0.026010092655528814,0.0244,0.0,0.011,0.026,131,94,0.1214,0.0871,-0.7031216044716506,-0.7031216044716506,0.0,WELD_FOUND
27.759,0.029433142677207955,0.041324764895650276,0.035631857411555494,0.023234427942860413,0.0244,0.0,0.0112,0.0232,131,94,0.1214,0.0871,-1.0546840875743422,-0.8789028727034228,-0.17578121487091936,WELD_FOUND
27.809,0.029433142677207955,0.041324764895650276,0.035631857411555494,0.023234427942860413,0.0195,0.0,0.0161,0.0232,131,94,0.1214,0.0871,-1.0546840875743422,-0.8789028727034228,-0.17578121487091936,WELD_FOUND
27.859,0.03008667693586934,0.029089443770241676,0.03445009350140559,0.02572326037033309,0.0195,0.0,0.0149,0.0257,135,94,0.1251,0.0871,-0.35155909468853286,-0.7031216044716506,0.35156250978311776,WELD_FOUND
27.909,0.03008667693586934,0.029089443770241676,0.03445009350140559,0.02572326037033309,0.0195,0.0,0.0149,0.0257,135,94,0.1251,0.0871,-0.35155909468853286,-0.7031216044716506,0.35156250978311776,WELD_FOUND
27.959,0.02931050308517158,0.04016503117876932,0.035335257761986975,0.02328574840835618,0.034,0.0,0.0014,0.0233,140,94,0.1297,0.0871,-1.0546840875743422,-0.8789028727034228,-0.17578121487091936,WELD_FOUND
28.009,0.02931050308517158,0.04016503117876932,0.035335257761986975,0.02328574840835618,0.034,0.0,0.0014,0.0233,140,94,0.1297,0.0871,-1.0546840875743422,-0.8789028727034228,-0.17578121487091936,WELD_FOUND
28.06,0.028264956581365124,0.048595257477831194,0.035554245203039805,0.020975667959690445,0.0426,0.0,-0.0071,0.021,146,94,0.1353,0.0871,-1.0546840875743422,-1.0546840875743422,0.0,WELD_FOUND
28.109,0.028264956581365124,0.048595257477831194,0.035554245203039805,0.020975667959690445,0.0426,0.0,-0.0071,0.021,146,94,0.1353,0.0871,-1.0546840875743422,-1.0546840875743422,0.0,WELD_FOUND
28.159,0.02805812587145438,0.04652052120269777,0.035036204051859046,0.021080047691049715,0.0404,0.0,-0.0054,0.0211,150,94,0.139,0.0871,-1.0546840875743422,-1.0546840875743422,0.0,WELD_FOUND
28.209,0.02805812587145438,0.04652052120269777,0.035036204051859046,0.021080047691049715,0.0404,0.0,-0.0054,0.0211,150,94,0.139,0.0871,-1.0546840875743422,-1.0546840875743422,0.0,WELD_FOUND
28.259,0.02801685087310625,0.0461199452196643,0.0349348426560559,0.021098859090156605,0.0404,0.0,-0.0055,0.0211,154,94,0.1427,0.0871,-1.4062466240378864,-1.0546840875743422,-0.3515625364635442,WELD_FOUND
28.309,0.02801685087310625,0.0461199452196643,0.0349348426560559,0.021098859090156605,0.0341,0.0,0.0008,0.0211,154,94,0.1427,0.0871,-1.4062466240378864,-1.0546840875743422,-0.3515625364635442,WELD_FOUND
28.359,0.0,0.0,0.0,0.0,0.0341,0.0,-0.0341,0.0,158,94,0.1464,0.0871,-1.4062466240378864,nan,nan,NO_WELD
28.409,0.0,0.0,0.0,0.0,0.0341,0.0,-0.0341,0.0,158,94,0.1464,0.0871,-1.4062466240378864,nan,nan,NO_WELD
28.459,0.0,0.0,0.0,0.0,0.0378,0.0,-0.0378,0.0,161,94,0.1492,0.0871,-1.4062466240378864,nan,nan,NO_WELD
28.509,0.0,0.0,0.0,0.0,0.0378,0.0,-0.0378,0.0,161,94,0.1492,0.0871,-1.4062466240378864,nan,nan,NO_WELD
28.559,0.024596993522573884,0.05,0.032096993522573884,0.017096993522573885,0.0378,0.0,-0.0057,0.0171,161,94,0.1492,0.0871,-1.7578091605014305,-1.7578091605014305,0.0,WELD_FOUND
28.609,0.024596993522573884,0.05,0.032096993522573884,0.017096993522573885,0.0302,0.0,0.0019,0.0171,161,94,0.1492,0.0871,-1.7578091605014305,-1.7578091605014305,0.0,WELD_FOUND
28.659,0.02476076226673506,0.06860479249180448,0.035051481140505734,0.014470043392964387,0.0302,0.0,0.0048,0.0145,161,94,0.1492,0.0871,-1.4062466240378864,-1.5820278389088056,0.17578121487091924,WELD_FOUND
28.709,0.02476076226673506,0.06860479249180448,0.035051481140505734,0.014470043392964387,0.0242,0.0,0.0109,0.0145,161,94,0.1492,0.0871,-1.4062466240378864,-1.5820278389088056,0.17578121487091924,WELD_FOUND
28.759,0.025629009443834512,0.05911497939163194,0.0344962563525793,0.016761762535089722,0.0242,0.0,0.0103,0.0168,165,94,0.1529,0.0871,-1.4062466240378864,-1.4062466240378864,0.0,WELD_FOUND
28.809,0.025629009443834512,0.05911497939163194,0.0344962563525793,0.016761762535089722,0.0293,0.0,0.0052,0.0168,165,94,0.1529,0.0871,-1.4062466240378864,-1.4062466240378864,0.0,WELD_FOUND
28.859,0.024966147784978323,0.07073037654780823,0.03557570426714956,0.014356591302807089,0.0293,0.0,0.0062,0.0144,168,94,0.1557,0.0871,-1.7578091605014305,-1.5820278389088056,-0.17578132159262494,WELD_FOUND
28.909,0.024966147784978323,0.07073037654780823,0.03557570426714956,0.014356591302807089,0.0293,0.0,0.0062,0.0144,168,94,0.1557,0.0871,-1.7578091605014305,-1.5820278389088056,-0.17578132159262494,WELD_FOUND
28.959,0.024012346313247692,0.07919583108808997,0.03589172097646119,0.012132971650034196,0.0374,0.0,-0.0015,0.0121,173,94,0.1603,0.0871,-2.1093715902432693,-1.7578091605014305,-0.3515624297418387,WELD_FOUND
29.009,0.024012346313247692,0.07919583108808997,0.03589172097646119,0.012132971650034196,0.0374,0.0,-0.0015,0.0121,173,94,0.1603,0.0871,-2.1093715902432693,-1.7578091605014305,-0.3515624297418387,WELD_FOUND
29.06,0.023823815136470784,0.0772106880831355,0.035405418348941106,0.01224221192400046,0.0335,0.0,0.0019,0.0122,176,94,0.1631,0.0871,-1.7578091605014305,-1.7578091605014305,0.0,WELD_FOUND
29.109,0.023823815136470784,0.0772106880831355,0.035405418348941106,0.01224221192400046,0.0335,0.0,0.0019,0.0122,176,94,0.1631,0.0871,-1.7578091605014305,-1.7578091605014305,0.0,WELD_FOUND
29.159,0.023786198065818165,0.07679902875824272,0.03530605237955457,0.012266343752081757,0.0312,0.0,0.0041,0.0123,179,94,0.1659,0.0871,-1.7578091605014305,-1.7578091605014305,0.0,WELD_FOUND
29.209,0.023786198065818165,0.07679902875824272,0.03530605237955457,0.012266343752081757,0.0312,0.0,0.0041,0.0123,179,94,0.1659,0.0871,-1.7578091605014305,-1.7578091605014305,0.0,WELD_FOUND
29.259,0.023778678218275753,0.0767186901713794,0.03528648174398266,0.012270874692568842,0.0312,0.0,0.004,0.0123,183,94,0.1696,0.0871,-1.0546840875743422,-1.7578091605014305,0.7031250729270884,WELD_FOUND
29.309,0.023778678218275753,0.0767186901713794,0.03528648174398266,0.012270874692568842,0.0286,0.0,0.0067,0.0123,183,94,0.1696,0.0871,-1.0546840875743422,-1.7578091605014305,0.7031250729270884,WELD_FOUND
29.359,0.023777174391430792,0.07670284327703188,0.03528260088298557,0.012271747899876012,0.0286,0.0,0.0066,0.0123,186,94,0.1724,0.0871,-1.4062466240378864,-1.7578091605014305,0.3515625364635442,WELD_FOUND
29.409,0.023777174391430792,0.07670284327703188,0.03528260088298557,0.012271747899876012,0.0286,0.0,0.0066,0.0123,186,94,0.1724,0.0871,-1.4062466240378864,-1.7578091605014305,0.3515625364635442,WELD_FOUND
29.459,0.023776873631768346,0.07669971067567273,0.03528183023311925,0.012271917030417438,0.0345,0.0,0.0008,0.0123,190,94,0.1761,0.0871,-1.7578091605014305,-1.7578091605014305,0.0,WELD_FOUND
29.509,0.023776873631768346,0.07669971067567273,0.03528183023311925,0.012271917030417438,0.0345,0.0,0.0008,0.0123,190,94,0.1761,0.0871,-1.7578091605014305,-1.7578091605014305,0.0,WELD_FOUND
29.559,0.023776813480064114,0.07669905307287772,0.03528167144099577,0.012271955519132457,0.0345,0.0,0.0008,0.0123,194,94,0.1798,0.0871,-1.7578091605014305,-1.7578091605014305,0.0,WELD_FOUND
29.609,0.023776813480064114,0.07669905307287772,0.03528167144099577,0.012271955519132457,0.0306,0.0,0.0047,0.0123,194,94,0.1798,0.0871,-1.7578091605014305,-1.7578091605014305,0.0,WELD_FOUND
29.659,0.0,0.0,0.0,0.0,0.0306,0.0,-0.0306,0.0,197,94,0.1826,0.0871,-1.7578091605014305,nan,nan,NO_WELD
29.709,0.0,0.0,0.0,0.0,0.0295,0.0,-0.0295,0.0,197,94,0.1826,0.0871,-1.7578091605014305,nan,nan,NO_WELD
29.759,0.02542716859480718,0.05,0.03292716859480718,0.01792716859480718,0.0295,0.0,0.0035,0.0179,199,94,0.1844,0.0871,-1.4062466240378864,-1.4062466240378864,0.0,WELD_FOUND
29.809,0.02542716859480718,0.05,0.03292716859480718,0.01792716859480718,0.0295,0.0,0.0035,0.0179,199,94,0.1844,0.0871,-1.4062466240378864,-1.4062466240378864,0.0,WELD_FOUND
29.859,0.02576388405186124,0.06050496929172244,0.03483962944561961,0.016688138658102872,0.0251,0.0,0.0097,0.0167,200,94,0.1854,0.0871,-1.4062466240378864,-1.4062466240378864,0.0,WELD_FOUND
29.909,0.02576388405186124,0.06050496929172244,0.03483962944561961,0.016688138658102872,0.0251,0.0,0.0097,0.0167,200,94,0.1854,0.0871,-1.4062466240378864,-1.4062466240378864,0.0,WELD_FOUND
29.959,0.025831492920636266,0.061185044502529866,0.03500924959601574,0.016653736245256786,0.0299,0.0,0.0051,0.0167,204,94,0.1891,0.0871,-1.7578091605014305,-1.4062466240378864,-0.3515625364635442,WELD_FOUND
30.009,0.025831492920636266,0.061185044502529866,0.03500924959601574,0.016653736245256786,0.0299,0.0,0.0051,0.0167,204,94,0.1891,0.0871,-1.7578091605014305,-1.4062466240378864,-0.3515625364635442,WELD_FOUND
30.06,0.025845025325485844,0.06132425109902475,0.03504366299033956,0.01664638766063213,0.0299,0.0,0.0052,0.0166,208,94,0.1928,0.0871,-1.0546840875743422,-1.4062466240378864,0.3515625364635442,WELD_FOUND
30.109,0.025845025325485844,0.06132425109902475,0.03504366299033956,0.01664638766063213,0.0278,0.0,0.0072,0.0166,208,94,0.1928,0.0871,-1.0546840875743422,-1.4062466240378864,0.3515625364635442,WELD_FOUND
30.159,0.02584773223169954,0.06135223792583426,0.03505056792057468,0.016644896542824403,0.0278,0.0,0.0072,0.0166,212,94,0.1965,0.0871,-1.4062466240378864,-1.4062466240378864,0.0,WELD_FOUND
30.209,0.02584773223169954,0.06135223792583426,0.03505056792057468,0.016644896542824403,0.0278,0.0,0.0072,0.0166,212,94,0.1965,0.0871,-1.4062466240378864,-1.4062466240378864,0.0,WELD_FOUND
30.259,0.0,0.0,0.0,0.0,0.0365,0.0,-0.0365,0.0,216,94,0.2002,0.0871,-1.4062466240378864,nan,nan,NO_WELD
30.309,0.0,0.0,0.0,0.0,0.0365,0.0,-0.0365,0.0,216,94,0.2002,0.0871,-1.4062466240378864,nan,nan,NO_WELD
30.359,0.02756785012428788,0.045381005639099706,0.034375000970152836,0.020760699278422924,0.0365,0.0,-0.0021,0.0208,219,94,0.203,0.0871,-1.0546840875743422,-1.0546840875743422,0.0,WELD_FOUND
30.409,0.02756785012428788,0.045381005639099706,0.034375000970152836,0.020760699278422924,0.0293,0.0,0.0051,0.0208,219,94,0.203,0.0871,-1.0546840875743422,-1.0546840875743422,0.0,WELD_FOUND
30.459,0.0,0.0,0.0,0.0,0.0293,0.0,-0.0293,0.0,220,94,0.2039,0.0871,-1.0546840875743422,nan,nan,NO_WELD
30.509,0.0,0.0,0.0,0.0,0.0293,0.0,-0.0293,0.0,220,94,0.2039,0.0871,-1.0546840875743422,nan,nan,NO_WELD
30.559,0.029704547577638536,0.029934113813341375,0.034194664649639744,0.02521443050563733,0.0299,0.0,0.0043,0.0252,224,94,0.2076,0.0871,-0.7031216044716506,-0.7031216044716506,0.0,WELD_FOUND
30.609,0.029704547577638536,0.029934113813341375,0.034194664649639744,0.02521443050563733,0.0299,0.0,0.0043,0.0252,224,94,0.2076,0.0871,-0.7031216044716506,-0.7031216044716506,0.0,WELD_FOUND
30.659,0.028342141354134293,0.04929602062141485,0.03573654444734652,0.020947738260922066,0.0299,0.0,0.0058,0.0209,225,94,0.2085,0.0871,-1.4062466240378864,-1.0546840875743422,-0.3515625364635442,WELD_FOUND
30.709,0.028342141354134293,0.04929602062141485,0.03573654444734652,0.020947738260922066,0.0204,0.0,0.0153,0.0209,225,94,0.2085,0.0871,-1.4062466240378864,-1.0546840875743422,-0.3515625364635442,WELD_FOUND
30.759,0.026337970094453263,0.0664077711194222,0.0362991357623666,0.016376804426539934,0.0204,0.0,0.0159,0.0164,230,94,0.2132,0.0871,-2.1093715902432693,-1.4062466240378864,-0.7031249662053829,WELD_FOUND
30.809,0.026337970094453263,0.0664077711194222,0.0362991357623666,0.016376804426539934,0.0204,0.0,0.0159,0.0164,230,94,0.2132,0.0871,-2.1093715902432693,-1.4062466240378864,-0.7031249662053829,WELD_FOUND
30.859,0.0,0.0,0.0,0.0,0.0345,0.0,-0.0345,0.0,234,94,0.2169,0.0871,-2.1093715902432693,nan,nan,NO_WELD
30.909,0.0,0.0,0.0,0.0,0.0345,0.0,-0.0345,0.0,234,94,0.2169,0.0871,-2.1093715902432693,nan,nan,NO_WELD
30.959,0.0,0.0,0.0,0.0,0.0318,0.0,-0.0318,0.0,237,94,0.2196,0.0871,-2.1093715902432693,nan,nan,NO_WELD
31.009,0.0,0.0,0.0,0.0,0.0318,0.0,-0.0318,0.0,237,94,0.2196,0.0871,-2.1093715902432693,nan,nan,NO_WELD
31.06,0.0,0.0,0.0,0.0,0.0154,0.0,-0.0154,0.0,236,94,0.2187,0.0871,-2.1093715902432693,nan,nan,NO_WELD
31.109,0.0,0.0,0.0,0.0,0.0154,0.0,-0.0154,0.0,236,94,0.2187,0.0871,-2.1093715902432693,nan,nan,NO_WELD
31.159,0.023776798442149943,0.05,0.03127679844214994,0.016276798442149944,0.0154,0.0,0.0159,0.0163,236,94,0.2187,0.0871,-1.7578091605014305,-1.7578091605014305,0.0,WELD_FOUND
31.209,0.023776798442149943,0.05,0.03127679844214994,0.016276798442149944,0.0123,0.0,0.019,0.0163,236,94,0.2187,0.0871,-1.7578091605014305,-1.7578091605014305,0.0,WELD_FOUND
31.259,0.0245950608257146,0.06688855533106057,0.03462834412537368,0.014561777526055515,0.0123,0.0,0.0223,0.0146,237,94,0.2196,0.0871,-1.4062466240378864,-1.5820278389088056,0.17578121487091924,WELD_FOUND
31.309,0.0245950608257146,0.06688855533106057,0.03462834412537368,0.014561777526055515,0.0111,0.0,0.0235,0.0146,237,94,0.2196,0.0871,-1.4062466240378864,-1.5820278389088056,0.17578121487091924,WELD_FOUND
31.359,0.0,0.0,0.0,0.0,0.0111,0.0,-0.0111,0.0,241,94,0.2234,0.0871,-1.4062466240378864,nan,nan,NO_WELD
31.409,0.0,0.0,0.0,0.0,0.0111,0.0,-0.0111,0.0,241,94,0.2234,0.0871,-1.4062466240378864,nan,nan,NO_WELD
31.459,0.027306522910623573,0.045001677507664484,0.03405677453677325,0.0205562712844739,0.024,0.0,0.0101,0.0206,244,94,0.2261,0.0871,-1.0546840875743422,-1.0546840875743422,0.0,WELD_FOUND
31.509,0.027306522910623573,0.045001677507664484,0.03405677453677325,0.0205562712844739,0.024,0.0,0.0101,0.0206,244,94,0.2261,0.0871,-1.0546840875743422,-1.0546840875743422,0.0,WELD_FOUND
31.559,0.027865825328552064,0.0446324070161936,0.0345606863809811,0.021170964276123024,0.0181,0.0,0.0165,0.0212,245,94,0.2271,0.0871,-1.0546840875743422,-1.0546840875743422,0.0,WELD_FOUND
31.609,0.027865825328552064,0.0446324070161936,0.0345606863809811,0.021170964276123024,0.0181,0.0,0.0165,0.0212,245,94,0.2271,0.0871,-1.0546840875743422,-1.0546840875743422,0.0,WELD_FOUND
31.659,0.0,0.0,0.0,0.0,0.0181,0.0,-0.0181,0.0,249,94,0.2308,0.0871,-1.0546840875743422,nan,nan,NO_WELD
31.709,0.0,0.0,0.0,0.0,0.0207,0.0,-0.0207,0.0,249,94,0.2308,0.0871,-1.0546840875743422,nan,nan,NO_WELD
31.759,0.026245828449491738,0.05,0.03374582844949174,0.018745828449491738,0.0207,0.0,0.013,0.0187,254,94,0.2354,0.0871,-1.4062466240378864,-1.4062466240378864,0.0,WELD_FOUND
31.809,0.026245828449491738,0.05,0.03374582844949174,0.018745828449491738,0.031,0.0,0.0028,0.0187,254,94,0.2354,0.0871,-1.4062466240378864,-1.4062466240378864,0.0,WELD_FOUND
31.859,0.026781814818513393,0.05233767124819176,0.03463246550574216,0.01893116413128463,0.031,0.0,0.0037,0.0189,253,94,0.2345,0.0871,-1.0546840875743422,-1.2304654091669671,0.17578132159262494,WELD_FOUND
31.909,0.026781814818513393,0.05233767124819176,0.03463246550574216,0.01893116413128463,0.0149,0.0,0.0198,0.0189,253,94,0.2345,0.0871,-1.0546840875743422,-1.2304654091669671,0.17578132159262494,WELD_FOUND
31.959,0.0,0.0,0.0,0.0,0.0149,0.0,-0.0149,0.0,257,94,0.2382,0.0871,-1.0546840875743422,nan,nan,NO_WELD
32.01,0.0,0.0,0.0,0.0,0.0237,0.0,-0.0237,0.0,257,94,0.2382,0.0871,-1.0546840875743422,nan,nan,NO_WELD
32.06,0.0,0.0,0.0,0.0,0.0237,0.0,-0.0237,0.0,260,94,0.241,0.0871,-1.0546840875743422,nan,nan,NO_WELD
32.109,0.0,0.0,0.0,0.0,0.0237,0.0,-0.0237,0.0,260,94,0.241,0.0871,-1.0546840875743422,nan,nan,NO_WELD
32.159,0.02775940202153602,0.04635139830851611,0.034712111767813435,0.020806692275258602,0.0192,0.0,0.0155,0.0208,259,94,0.24,0.0871,-1.0546840875743422,-1.0546840875743422,0.0,WELD_FOUND
32.211,0.02775940202153602,0.04635139830851611,0.034712111767813435,0.020806692275258602,0.0192,0.0,0.0155,0.0208,259,94,0.24,0.0871,-1.0546840875743422,-1.0546840875743422,0.0,WELD_FOUND
32.259,0.0,0.0,0.0,0.0,0.0192,0.0,-0.0192,0.0,260,94,0.241,0.0871,-1.0546840875743422,nan,nan,NO_WELD
32.309,0.0,0.0,0.0,0.0,0.014,0.0,-0.014,0.0,260,94,0.241,0.0871,-1.4062466240378864,nan,nan,NO_WELD
32.359,0.026225156061711937,0.05,0.03372515606171193,0.018725156061711937,0.014,0.0,0.0197,0.0187,264,94,0.2447,0.0871,-1.4062466240378864,-1.4062466240378864,0.0,WELD_FOUND
32.409,0.026225156061711937,0.05,0.03372515606171193,0.018725156061711937,0.0232,0.0,0.0106,0.0187,264,94,0.2447,0.0871,-1.7578091605014305,-1.4062466240378864,-0.3515625364635442,WELD_FOUND
32.459,0.025083285761271848,0.07200515718657396,0.035884059339257944,0.014282512183285754,0.0232,0.0,0.0127,0.0143,263,94,0.2437,0.0871,-1.7578091605014305,-1.5820278389088056,-0.17578132159262494,WELD_FOUND
32.509,0.025083285761271848,0.07200515718657396,0.035884059339257944,0.014282512183285754,0.0102,0.0,0.0257,0.0143,263,94,0.2437,0.0871,-1.7578091605014305,nan,nan,NO_WELD
32.559,0.0,0.0,0.0,0.0,0.0102,0.0,-0.0102,0.0,267,94,0.2474,0.0871,-1.7578091605014305,nan,nan,NO_WELD
32.609,0.0,0.0,0.0,0.0,0.0102,0.0,-0.0102,0.0,267,94,0.2474,0.0871,-1.7578091605014305,nan,nan,NO_WELD
32.659,0.0,0.0,0.0,0.0,0.0235,0.0,-0.0235,0.0,270,94,0.2502,0.0871,-1.7578091605014305,nan,nan,NO_WELD
32.709,0.0,0.0,0.0,0.0,0.0235,0.0,-0.0235,0.0,270,94,0.2502,0.0871,-1.7578091605014305,nan,nan,NO_WELD
32.759,0.0,0.0,0.0,0.0,0.0188,0.0,-0.0188,0.0,270,94,0.2502,0.0871,-1.7578091605014305,nan,nan,NO_WELD
32.809,0.0,0.0,0.0,0.0,0.0188,0.0,-0.0188,0.0,270,94,0.2502,0.0871,-1.7578091605014305,nan,nan,NO_WELD
32.859,0.0,0.0,0.0,0.0,0.015,0.0,-0.015,0.0,270,94,0.2502,0.0871,-1.7578091605014305,nan,nan,NO_WELD
32.909,0.0,0.0,0.0,0.0,0.015,0.0,-0.015,0.0,270,94,0.2502,0.0871,-1.7578091605014305,nan,nan,NO_WELD
32.959,0.0,0.0,0.0,0.0,0.015,0.0,-0.015,0.0,270,94,0.2502,0.0871,-1.7578091605014305,nan,nan,NO_WELD
33.009,0.0,0.0,0.0,0.0,0.012,0.0,-0.012,0.0,270,94,0.2502,0.0871,-1.7578091605014305,nan,nan,NO_WELD
33.06,0.0,0.0,0.0,0.0,0.012,0.0,-0.012,0.0,270,94,0.2502,0.0871,-1.7578091605014305,nan,nan,NO_WELD
33.109,0.0,0.0,0.0,0.0,0.012,0.0,-0.012,0.0,270,94,0.2502,0.0871,-1.7578091605014305,nan,nan,NO_WELD
33.159,0.0,0.0,0.0,0.0,0.0096,0.0,-0.0096,0.0,270,94,0.2502,0.0871,-1.7578091605014305,nan,nan,NO_WELD
33.209,0.0,0.0,0.0,0.0,0.0096,0.0,-0.0096,0.0,270,94,0.2502,0.0871,-1.7578091605014305,nan,nan,NO_WELD
33.259,0.0,0.0,0.0,0.0,0.0096,0.0,-0.0096,0.0,270,94,0.2502,0.0871,-1.7578091605014305,nan,nan,NO_WELD
33.309,0.025848408980401087,0.05,0.03334840898040109,0.018348408980401087,0.0077,0.0,0.0257,0.0183,270,94,0.2502,0.0871,-1.4062466240378864,-1.4062466240378864,0.0,WELD_FOUND
33.359,0.025848408980401087,0.05,0.03334840898040109,0.018348408980401087,0.0077,0.0,0.0257,0.0183,269,94,0.2493,0.0871,-1.4062466240378864,-1.4062466240378864,0.0,WELD_FOUND
33.409,0.0,0.0,0.0,0.0,0.0009,0.0,-0.0009,0.0,269,94,0.2493,0.0871,-1.4062466240378864,nan,nan,NO_WELD
33.459,0.0,0.0,0.0,0.0,0.0009,0.0,-0.0009,0.0,272,94,0.2521,0.0871,-1.4062466240378864,nan,nan,NO_WELD
33.509,0.0,0.0,0.0,0.0,0.0009,0.0,-0.0009,0.0,272,94,0.2521,0.0871,-1.4062466240378864,nan,nan,NO_WELD
33.559,0.0,0.0,0.0,0.0,0.008,0.0,-0.008,0.0,272,94,0.2521,0.0871,-1.4062466240378864,nan,nan,NO_WELD
33.609,0.0,0.0,0.0,0.0,0.008,0.0,-0.008,0.0,272,94,0.2521,0.0871,-1.4062466240378864,nan,nan,NO_WELD
33.659,0.0,0.0,0.0,0.0,0.008,0.0,-0.008,0.0,272,94,0.2521,0.0871,-1.4062466240378864,nan,nan,NO_WELD
33.709,0.0,0.0,0.0,0.0,0.0064,0.0,-0.0064,0.0,272,94,0.2521,0.0871,-1.4062466240378864,nan,nan,NO_WELD
33.759,0.0,0.0,0.0,0.0,0.0064,0.0,-0.0064,0.0,272,94,0.2521,0.0871,-1.4062466240378864,nan,nan,NO_WELD
33.809,0.0,0.0,0.0,0.0,0.0051,0.0,-0.0051,0.0,272,94,0.2521,0.0871,-1.4062466240378864,nan,nan,NO_WELD
33.859,0.0,0.0,0.0,0.0,0.0051,0.0,-0.0051,0.0,272,94,0.2521,0.0871,-1.4062466240378864,nan,nan,NO_WELD
33.909,0.0,0.0,0.0,0.0,0.0051,0.0,-0.0051,0.0,272,94,0.2521,0.0871,-1.4062466240378864,nan,nan,NO_WELD
33.959,0.0,0.0,0.0,0.0,0.0041,0.0,-0.0041,0.0,272,94,0.2521,0.0871,-1.4062466240378864,nan,nan,NO_WELD
34.009,0.0,0.0,0.0,0.0,0.0041,0.0,-0.0041,0.0,272,94,0.2521,0.0871,-0.7031216044716506,-0.7031216044716506,0.0,WELD_FOUND
34.06,0.0,0.0,0.0,0.0,0.0041,0.0,-0.0041,0.0,272,94,0.2521,0.0871,-0.7031216044716506,-0.7031216044716506,0.0,WELD_FOUND
34.109,0.0,0.0,0.0,0.0,0.0033,0.0,-0.0033,0.0,272,94,0.2521,0.0871,-0.7031216044716506,nan,nan,NO_WELD
34.159,0.0,0.0,0.0,0.0,0.0033,0.0,-0.0033,0.0,272,94,0.2521,0.0871,-0.7031216044716506,nan,nan,NO_WELD
34.209,0.0,0.0,0.0,0.0,0.0033,0.0,-0.0033,0.0,272,94,0.2521,0.0871,-0.7031216044716506,nan,nan,NO_WELD
34.259,0.0,0.0,0.0,0.0,0.0026,0.0,-0.0026,0.0,272,94,0.2521,0.0871,-0.7031216044716506,nan,nan,NO_WELD
34.309,0.02800653687058349,0.04878974912081903,0.03532499923870634,0.020688074502460636,0.0026,0.0,0.0327,0.0207,272,94,0.2521,0.0871,-1.0546840875743422,-1.0546840875743422,0.0,WELD_FOUND
34.359,0.02800653687058349,0.04878974912081903,0.03532499923870634,0.020688074502460636,0.0021,0.0,0.0332,0.0207,272,94,0.2521,0.0871,-1.0546840875743422,-1.0546840875743422,0.0,WELD_FOUND
34.409,0.02889401261369042,0.03622801882335103,0.034328215437193076,0.023459809790187768,0.0021,0.0,0.0322,0.0235,272,94,0.2521,0.0871,-0.7031216044716506,-0.8789028727034228,0.1757812682317722,WELD_FOUND
34.459,0.02889401261369042,0.03622801882335103,0.034328215437193076,0.023459809790187768,0.0161,0.0,0.0182,0.0235,276,94,0.2558,0.0871,-0.7031216044716506,-0.8789028727034228,0.1757812682317722,WELD_FOUND
34.509,0.028182924597772503,0.04777957135066022,0.03534986030037154,0.02101598889517347,0.0161,0.0,0.0193,0.021,276,94,0.2558,0.0871,-1.0546840875743422,-1.0546840875743422,0.0,WELD_FOUND
34.559,0.028182924597772503,0.04777957135066022,0.03534986030037154,0.02101598889517347,0.0319,0.0,0.0035,0.021,282,94,0.2613,0.0871,-1.0546840875743422,-1.0546840875743422,0.0,WELD_FOUND
34.609,0.028041770119164,0.046364606859866174,0.03499646114814393,0.021087079090184074,0.0319,0.0,0.0031,0.0211,282,94,0.2613,0.0871,-1.4062466240378864,-1.0546840875743422,-0.3515625364635442,WELD_FOUND
34.659,0.028041770119164,0.046364606859866174,0.03499646114814393,0.021087079090184074,0.0319,0.0,0.0031,0.0211,286,94,0.2651,0.0871,-1.4062466240378864,-1.0546840875743422,-0.3515625364635442,WELD_FOUND
34.709,0.0280135817484253,0.04608776867586257,0.03492674704980468,0.021100416447045914,0.029,0.0,0.0059,0.0211,286,94,0.2651,0.0871,-1.7578091605014305,-1.0546840875743422,-0.7031250729270884,WELD_FOUND
34.759,0.0280135817484253,0.04608776867586257,0.03492674704980468,0.021100416447045914,0.029,0.0,0.0059,0.0211,291,94,0.2697,0.0871,-1.7578091605014305,-1.0546840875743422,-0.7031250729270884,WELD_FOUND
34.809,0.0,0.0,0.0,0.0,0.029,0.0,-0.029,0.0,291,94,0.2697,0.0871,-1.7578091605014305,nan,nan,NO_WELD
34.859,0.0,0.0,0.0,0.0,0.0397,0.0,-0.0397,0.0,295,94,0.2734,0.0871,-1.7578091605014305,nan,nan,NO_WELD
34.909,0.028007945775276884,0.04602135921882222,0.034911149658100216,0.021104741892453552,0.0397,0.0,-0.0048,0.0211,295,94,0.2734,0.0871,-1.0546840875743422,-1.0546840875743422,0.0,WELD_FOUND
34.959,0.028007945775276884,0.04602135921882222,0.034911149658100216,0.021104741892453552,0.0397,0.0,-0.0048,0.0211,294,94,0.2725,0.0871,-1.0546840875743422,-1.0546840875743422,0.0,WELD_FOUND
35.009,0.027133180717591576,0.05584967913264197,0.03551063258748787,0.01875572884769528,0.0213,0.0,0.0142,0.0188,294,94,0.2725,0.0871,-1.4062466240378864,-1.2304654091669671,-0.17578121487091924,WELD_FOUND
35.06,0.027133180717591576,0.05584967913264197,0.03551063258748787,0.01875572884769528,0.0213,0.0,0.0142,0.0188,297,94,0.2753,0.0871,-1.4062466240378864,-1.2304654091669671,-0.17578121487091924,WELD_FOUND
35.109,0.0,0.0,0.0,0.0,0.0239,0.0,-0.0239,0.0,297,94,0.2753,0.0871,-1.4062466240378864,nan,nan,NO_WELD
35.159,0.0,0.0,0.0,0.0,0.0239,0.0,-0.0239,0.0,302,94,0.2799,0.0871,-1.4062466240378864,nan,nan,NO_WELD
35.209,0.0,0.0,0.0,0.0,0.0239,0.0,-0.0239,0.0,302,94,0.2799,0.0871,-1.4062466240378864,nan,nan,NO_WELD
35.259,0.0,0.0,0.0,0.0,0.0292,0.0,-0.0292,0.0,303,94,0.2808,0.0871,-1.4062466240378864,nan,nan,NO_WELD
35.309,0.0,0.0,0.0,0.0,0.0292,0.0,-0.0292,0.0,303,94,0.2808,0.0871,-1.4062466240378864,nan,nan,NO_WELD
35.359,0.0,0.0,0.0,0.0,0.0233,0.0,-0.0233,0.0,303,94,0.2808,0.0871,-1.4062466240378864,nan,nan,NO_WELD
35.409,0.025848408980401087,0.05,0.03334840898040109,0.018348408980401087,0.0233,0.0,0.01,0.0183,303,94,0.2808,0.0871,-1.4062466240378864,-1.4062466240378864,0.0,WELD_FOUND
35.459,0.025848408980401087,0.05,0.03334840898040109,0.018348408980401087,0.0233,0.0,0.01,0.0183,303,94,0.2808,0.0871,-1.4062466240378864,-1.4062466240378864,0.0,WELD_FOUND
35.509,0.0,0.0,0.0,0.0,0.0187,0.0,-0.0187,0.0,303,94,0.2808,0.0871,-1.4062466240378864,nan,nan,NO_WELD
35.559,0.0,0.0,0.0,0.0,0.0187,0.0,-0.0187,0.0,307,94,0.2845,0.0871,-1.4062466240378864,nan,nan,NO_WELD
35.609,0.0,0.0,0.0,0.0,0.026,0.0,-0.026,0.0,307,94,0.2845,0.0871,-1.4062466240378864,nan,nan,NO_WELD
35.659,0.0,0.0,0.0,0.0,0.026,0.0,-0.026,0.0,307,94,0.2845,0.0871,-1.4062466240378864,nan,nan,NO_WELD
35.709,0.029342941660012074,0.031890788593569995,0.03412655994904757,0.024559323370976573,0.0208,0.0,0.0133,0.0246,307,94,0.2845,0.0871,-0.7031216044716506,-0.7031216044716506,0.0,WELD_FOUND
35.759,0.029342941660012074,0.031890788593569995,0.03412655994904757,0.024559323370976573,0.0208,0.0,0.0133,0.0246,306,94,0.2836,0.0871,-0.7031216044716506,-0.7031216044716506,0.0,WELD_FOUND
35.809,0.029162954703640654,0.03878157154623188,0.03498019043557544,0.023345718971705873,0.0208,0.0,0.0142,0.0233,306,94,0.2836,0.0871,-1.0546840875743422,-0.8789028727034228,-0.17578121487091936,WELD_FOUND
35.859,0.029162954703640654,0.03878157154623188,0.03498019043557544,0.023345718971705873,0.0199,0.0,0.0151,0.0233,310,94,0.2873,0.0871,-1.0546840875743422,-0.8789028727034228,-0.17578121487091936,WELD_FOUND
35.909,0.030031941665285375,0.028626658720191087,0.03432594047331404,0.025737942857256713,0.0199,0.0,0.0144,0.0257,310,94,0.2873,0.0871,-0.7031216044716506,-0.7031216044716506,0.0,WELD_FOUND
35.959,0.030031941665285375,0.028626658720191087,0.03432594047331404,0.025737942857256713,0.0305,0.0,0.0038,0.0257,315,94,0.2919,0.0871,-0.7031216044716506,-0.7031216044716506,0.0,WELD_FOUND
36.009,0.03020726995789315,0.030262411048775046,0.034746631615209404,0.025667908300576893,0.0305,0.0,0.0043,0.0257,315,94,0.2919,0.0871,-0.7031216044716506,-0.7031216044716506,0.0,WELD_FOUND
36.06,0.03020726995789315,0.030262411048775046,0.034746631615209404,0.025667908300576893,0.0305,0.0,0.0043,0.0257,320,94,0.2966,0.0871,-0.7031216044716506,-0.7031216044716506,0.0,WELD_FOUND
36.109,0.030242396852425864,0.03059724503160267,0.034831983607166266,0.025652810097685462,0.0306,0.0,0.0042,0.0257,320,94,0.2966,0.0871,-0.7031216044716506,-0.7031216044716506,0.0,WELD_FOUND
36.159,0.030242396852425864,0.03059724503160267,0.034831983607166266,0.025652810097685462,0.0306,0.0,0.0042,0.0257,325,94,0.3012,0.0871,-0.7031216044716506,-0.7031216044716506,0.0,WELD_FOUND
36.209,0.0,0.0,0.0,0.0,0.0306,0.0,-0.0306,0.0,325,94,0.3012,0.0871,-0.7031216044716506,nan,nan,NO_WELD
36.259,0.0,0.0,0.0,0.0,0.0431,0.0,-0.0431,0.0,330,94,0.3058,0.0871,-0.7031216044716506,nan,nan,NO_WELD
36.309,0.0,0.0,0.0,0.0,0.0431,0.0,-0.0431,0.0,330,94,0.3058,0.0871,-0.7031216044716506,nan,nan,NO_WELD
36.359,0.0,0.0,0.0,0.0,0.0296,0.0,-0.0296,0.0,331,94,0.3068,0.0871,-0.7031216044716506,nan,nan,NO_WELD
36.409,0.026699627216842818,0.05,0.03419962721684282,0.01919962721684282,0.0296,0.0,0.0046,0.0192,331,94,0.3068,0.0871,-1.4062466240378864,-1.4062466240378864,0.0,WELD_FOUND
36.459,0.026699627216842818,0.05,0.03419962721684282,0.01919962721684282,0.0296,0.0,0.0046,0.0192,331,94,0.3068,0.0871,-1.4062466240378864,-1.4062466240378864,0.0,WELD_FOUND
36.509,0.025175760170648893,0.07295373522255802,0.0361188204540326,0.01423269988726519,0.0237,0.0,0.0125,0.0142,331,94,0.3068,0.0871,-1.7578091605014305,-1.5820278389088056,-0.17578132159262494,WELD_FOUND
36.559,0.025175760170648893,0.07295373522255802,0.0361188204540326,0.01423269988726519,0.0237,0.0,0.0125,0.0142,335,94,0.3105,0.0871,-1.7578091605014305,-1.5820278389088056,-0.17578132159262494,WELD_FOUND
36.609,0.025713169788251423,0.05998259555818644,0.03471055912197939,0.01671578045452346,0.0237,0.0,0.0111,0.0167,335,94,0.3105,0.0871,-1.0546840875743422,-1.4062466240378864,0.3515625364635442,WELD_FOUND
36.659,0.025713169788251423,0.05998259555818644,0.03471055912197939,0.01671578045452346,0.034,0.0,0.0008,0.0167,339,94,0.3142,0.0871,-1.0546840875743422,-1.4062466240378864,0.3515625364635442,WELD_FOUND
36.709,0.025821332764763175,0.06108118209515397,0.03498351007903627,0.016659155450490078,0.034,0.0,0.001,0.0167,339,94,0.3142,0.0871,-1.4062466240378864,-1.4062466240378864,0.0,WELD_FOUND
36.759,0.025821332764763175,0.06108118209515397,0.03498351007903627,0.016659155450490078,0.0352,0.0,-0.0002,0.0167,343,94,0.3179,0.0871,-1.4062466240378864,-1.4062466240378864,0.0,WELD_FOUND
36.809,0.02584299260218518,0.061304948257499804,0.035038734840810146,0.01664725036356021,0.0352,0.0,-0.0002,0.0166,343,94,0.3179,0.0871,-1.0546840875743422,-1.4062466240378864,0.3515625364635442,WELD_FOUND
36.859,0.02584299260218518,0.061304948257499804,0.035038734840810146,0.01664725036356021,0.0352,0.0,-0.0002,0.0166,347,94,0.3216,0.0871,-1.0546840875743422,-1.4062466240378864,0.3515625364635442,WELD_FOUND
36.909,0.025847325659354364,0.06134786086048221,0.035049504788426694,0.016645146530282033,0.031,0.0,0.004,0.0166,347,94,0.3216,0.0871,-1.7578091605014305,-1.4062466240378864,-0.3515625364635442,WELD_FOUND
36.959,0.025847325659354364,0.06134786086048221,0.035049504788426694,0.016645146530282033,0.031,0.0,0.004,0.0166,351,94,0.3253,0.0871,-1.7578091605014305,-1.4062466240378864,-0.3515625364635442,WELD_FOUND
37.009,0.025848192314375594,0.061356853790624735,0.035051720382969304,0.016644664245781884,0.031,0.0,0.004,0.0166,351,94,0.3253,0.0871,-1.4062466240378864,-1.4062466240378864,0.0,WELD_FOUND
37.061,0.025848192314375594,0.061356853790624735,0.035051720382969304,0.016644664245781884,0.0383,0.0,-0.0033,0.0166,355,94,0.329,0.0871,-1.4062466240378864,-1.4062466240378864,0.0,WELD_FOUND
37.109,0.02584836564712334,0.061358643778419576,0.035052162213886275,0.016644569080360404,0.0383,0.0,-0.0033,0.0166,355,94,0.329,0.0871,-1.4062466240378864,-1.4062466240378864,0.0,WELD_FOUND
37.159,0.02584836564712334,0.061358643778419576,0.035052162213886275,0.016644569080360404,0.0341,0.0,0.0009,0.0166,358,94,0.3318,0.0871,-1.4062466240378864,-1.4062466240378864,0.0,WELD_FOUND
37.209,0.025848400313742626,0.06135899511773795,0.03505224958140332,0.016644551046081934,0.0341,0.0,0.0009,0.0166,358,94,0.3318,0.0871,-1.0546840875743422,-1.4062466240378864,0.3515625364635442,WELD_FOUND
37.259,0.025848400313742626,0.06135899511773795,0.03505224958140332,0.016644551046081934,0.0341,0.0,0.0009,0.0166,362,94,0.3355,0.0871,-1.0546840875743422,-1.4062466240378864,0.3515625364635442,WELD_FOUND
37.309,0.02584840724706927,0.06135906693090332,0.03505226728670477,0.016644547207433774,0.0304,0.0,0.0047,0.0166,362,94,0.3355,0.0871,-1.0546840875743422,-1.4062466240378864,0.3515625364635442,WELD_FOUND
37.359,0.02584840724706927,0.06135906693090332,0.03505226728670477,0.016644547207433774,0.0304,0.0,0.0047,0.0166,366,94,0.3392,0.0871,-1.0546840875743422,-1.4062466240378864,0.3515625364635442,WELD_FOUND
37.409,0.0275679895463807,0.04169368456599614,0.03382204223128012,0.021313936861481277,0.0304,0.0,0.0034,0.0213,366,94,0.3392,0.0871,-1.0546840875743422,-1.0546840875743422,0.0,WELD_FOUND
37.459,0.0275679895463807,0.04169368456599614,0.03382204223128012,0.021313936861481277,0.038,0.0,-0.0041,0.0213,370,94,0.3429,0.0871,-1.0546840875743422,-1.0546840875743422,0.0,WELD_FOUND
37.509,0.027918550549762937,0.04514523185881945,0.034690335328585856,0.021146765770940018,0.038,0.0,-0.0033,0.0211,370,94,0.3429,0.0871,-1.4062466240378864,-1.0546840875743422,-0.3515625364635442,WELD_FOUND
37.559,0.027918550549762937,0.04514523185881945,0.034690335328585856,0.021146765770940018,0.0413,0.0,-0.0066,0.0211,375,94,0.3475,0.0871,-1.4062466240378864,-1.0546840875743422,-0.3515625364635442,WELD_FOUND
37.609,0.027988928532180178,0.04584431659704418,0.0348655760217368,0.02111228104262355,0.0413,0.0,-0.0064,0.0211,375,94,0.3475,0.0871,-1.4062466240378864,-1.0546840875743422,-0.3515625364635442,WELD_FOUND
37.659,0.027988928532180178,0.04584431659704418,0.0348655760217368,0.02111228104262355,0.0413,0.0,-0.0064,0.0211,379,94,0.3512,0.0871,-1.4062466240378864,-1.0546840875743422,-0.3515625364635442,WELD_FOUND
37.709,0.02626970180193407,0.06561975286913269,0.03611266473230397,0.016426738871564168,0.0347,0.0,0.0014,0.0164,379,94,0.3512,0.0871,-1.4062466240378864,-1.4062466240378864,0.0,WELD_FOUND
37.759,0.02626970180193407,0.06561975286913269,0.03611266473230397,0.016426738871564168,0.0347,0.0,0.0014,0.0164,383,94,0.355,0.0871,-1.4062466240378864,-1.4062466240378864,0.0,WELD_FOUND
37.809,0.0,0.0,0.0,0.0,0.0347,0.0,-0.0347,0.0,383,94,0.355,0.0871,-1.4062466240378864,nan,nan,NO_WELD
37.859,0.0,0.0,0.0,0.0,0.0406,0.0,-0.0406,0.0,387,94,0.3587,0.0871,-1.4062466240378864,nan,nan,NO_WELD
37.909,0.0242654388755978,0.05,0.031765438875597796,0.0167654388755978,0.0406,0.0,-0.0088,0.0168,387,94,0.3587,0.0871,-1.7578091605014305,-1.7578091605014305,0.0,WELD_FOUND
37.959,0.0242654388755978,0.05,0.031765438875597796,0.0167654388755978,0.0324,0.0,-0.0007,0.0168,387,94,0.3587,0.0871,-1.7578091605014305,-1.7578091605014305,0.0,WELD_FOUND
38.009,0.0,0.0,0.0,0.0,0.0324,0.0,-0.0324,0.0,387,94,0.3587,0.0871,-1.7578091605014305,nan,nan,NO_WELD
38.061,0.0,0.0,0.0,0.0,0.0269,0.0,-0.0269,0.0,389,94,0.3605,0.0871,-1.7578091605014305,nan,nan,NO_WELD
38.109,0.025527813798367677,0.05,0.03302781379836768,0.018027813798367678,0.0269,0.0,0.0061,0.018,389,94,0.3605,0.0871,-1.4062466240378864,-1.4062466240378864,0.0,WELD_FOUND
38.159,0.025527813798367677,0.05,0.03302781379836768,0.018027813798367678,0.0198,0.0,0.0132,0.018,390,94,0.3614,0.0871,-1.4062466240378864,-1.4062466240378864,0.0,WELD_FOUND
38.209,0.024946156346265506,0.07049362095159442,0.03552019948900467,0.014372113203526344,0.0198,0.0,0.0157,0.0144,390,94,0.3614,0.0871,-1.7578091605014305,-1.5820278389088056,-0.17578132159262494,WELD_FOUND
38.259,0.024946156346265506,0.07049362095159442,0.03552019948900467,0.014372113203526344,0.0198,0.0,0.0157,0.0144,394,94,0.3651,0.0871,-1.7578091605014305,-1.5820278389088056,-0.17578132159262494,WELD_FOUND
38.309,0.024008424518974808,0.0791968552226644,0.035887952802374466,0.012128896235575148,0.0218,0.0,0.0141,0.0121,394,94,0.3651,0.0871,-1.7578091605014305,-1.7578091605014305,0.0,WELD_FOUND
38.359,0.024008424518974808,0.0791968552226644,0.035887952802374466,0.012128896235575148,0.0218,0.0,0.0141,0.0121,398,94,0.3689,0.0871,-1.7578091605014305,-1.7578091605014305,0.0,WELD_FOUND
38.409,0.024642084688146867,0.06735395482397304,0.03474517791174282,0.014538991464550913,0.0218,0.0,0.0129,0.0145,398,94,0.3689,0.0871,-1.0546840875743422,-1.5820278389088056,0.5273437513344634,WELD_FOUND
38.459,0.024642084688146867,0.06735395482397304,0.03474517791174282,0.014538991464550913,0.0328,0.0,0.0019,0.0145,402,94,0.3726,0.0871,-1.0546840875743422,-1.5820278389088056,0.5273437513344634,WELD_FOUND
38.509,0.02560483806245554,0.05886054267972597,0.03443391946441443,0.016775756660496643,0.0328,0.0,0.0016,0.0168,402,94,0.3726,0.0871,-1.4062466240378864,-1.4062466240378864,0.0,WELD_FOUND
38.559,0.02560483806245554,0.05886054267972597,0.03443391946441443,0.016775756660496643,0.0328,0.0,0.0016,0.0168,406,94,0.3763,0.0871,-1.4062466240378864,-1.4062466240378864,0.0,WELD_FOUND
38.609,0.025799602554432182,0.060865222990211895,0.03492938600296397,0.0166698191059004,0.0296,0.0,0.0053,0.0167,406,94,0.3763,0.0871,-1.4062466240378864,-1.4062466240378864,0.0,WELD_FOUND
38.659,0.025799602554432182,0.060865222990211895,0.03492938600296397,0.0166698191059004,0.0296,0.0,0.0053,0.0167,410,95,0.38,0.088,-1.4062466240378864,-1.4062466240378864,0.0,WELD_FOUND
38.709,0.02583864400551211,0.06126133293261352,0.03502784394540413,0.01664944406562008,0.0296,0.0,0.0054,0.0166,410,95,0.38,0.088,-1.0546840875743422,-1.4062466240378864,0.3515625364635442,WELD_FOUND
38.759,0.02583864400551211,0.06126133293261352,0.03502784394540413,0.01664944406562008,0.0375,0.0123,-0.0025,0.0043,414,99,0.3837,0.0918,-1.0546840875743422,-1.4062466240378864,0.3515625364635442,WELD_FOUND
38.809,0.025846455837835475,0.061338492410083725,0.03504722969934804,0.016645681976322917,0.0375,0.0123,-0.0025,0.0043,414,99,0.3837,0.0918,-1.7578091605014305,-1.4062466240378864,-0.3515625364635442,WELD_FOUND
38.859,0.025846455837835475,0.061338492410083725,0.03504722969934804,0.016645681976322917,0.0336,0.0185,0.0014,-0.0019,417,102,0.3865,0.0945,-1.7578091605014305,-1.4062466240378864,-0.3515625364635442,WELD_FOUND
38.909,0.0,0.0,0.0,0.0,0.0336,0.0185,-0.0336,-0.0185,417,102,0.3865,0.0945,-1.7578091605014305,nan,nan,NO_WELD
38.959,0.0,0.0,0.0,0.0,0.0313,0.0222,-0.0313,-0.0222,420,105,0.3892,0.0973,-1.7578091605014305,nan,nan,NO_WELD
39.009,0.027567586485532175,0.04538154798696356,0.03437481868357671,0.02076035428748764,0.0313,0.0222,0.0031,-0.0015,420,105,0.3892,0.0973,-1.0546840875743422,-1.0546840875743422,0.0,WELD_FOUND
39.06,0.027567586485532175,0.04538154798696356,0.03437481868357671,0.02076035428748764,0.0313,0.0222,0.0031,-0.0015,420,104,0.3892,0.0964,-1.0546840875743422,-1.0546840875743422,0.0,WELD_FOUND
39.109,0.02791846942643316,0.045164866094203594,0.034693199340563696,0.021143739512302622,0.025,0.0109,0.0097,0.0103,420,104,0.3892,0.0964,-1.0546840875743422,-1.0546840875743422,0.0,WELD_FOUND
39.159,0.02791846942643316,0.045164866094203594,0.034693199340563696,0.021143739512302622,0.025,0.0109,0.0097,0.0103,423,107,0.392,0.0992,-1.0546840875743422,-1.0546840875743422,0.0,WELD_FOUND
39.209,0.0,0.0,0.0,0.0,0.0261,0.0176,-0.0261,-0.0176,423,107,0.392,0.0992,-1.0546840875743422,nan,nan,NO_WELD
39.259,0.0,0.0,0.0,0.0,0.0261,0.0176,-0.0261,-0.0176,427,111,0.3957,0.1029,-1.0546840875743422,nan,nan,NO_WELD
39.309,0.0262560428091975,0.05,0.0337560428091975,0.0187560428091975,0.0305,0.0254,0.0032,-0.0067,427,111,0.3957,0.1029,-1.4062466240378864,-1.4062466240378864,0.0,WELD_FOUND
39.359,0.0262560428091975,0.05,0.0337560428091975,0.0187560428091975,0.0305,0.0254,0.0032,-0.0067,426,111,0.3948,0.1029,-1.4062466240378864,-1.4062466240378864,0.0,WELD_FOUND
39.409,0.0,0.0,0.0,0.0,0.0146,0.0203,-0.0146,-0.0203,426,111,0.3948,0.1029,-1.4062466240378864,nan,nan,NO_WELD
39.459,0.0,0.0,0.0,0.0,0.0146,0.0203,-0.0146,-0.0203,428,113,0.3967,0.1047,-1.4062466240378864,nan,nan,NO_WELD
39.509,0.029429528716503128,0.02950916857528825,0.033855904002796366,0.02500315343020989,0.0146,0.0203,0.0193,0.0047,428,113,0.3967,0.1047,-0.7031216044716506,-0.7031216044716506,0.0,WELD_FOUND
39.559,0.029429528716503128,0.02950916857528825,0.033855904002796366,0.02500315343020989,0.0137,0.0196,0.0202,0.0054,428,114,0.3967,0.1057,-0.7031216044716506,-0.7031216044716506,0.0,WELD_FOUND
39.609,0.030085946145340964,0.029094174548512895,0.034450072327617896,0.02572181996306403,0.0137,0.0196,0.0208,0.0061,428,114,0.3967,0.1057,-0.7031216044716506,-0.7031216044716506,0.0,WELD_FOUND
39.659,0.030085946145340964,0.029094174548512895,0.034450072327617896,0.02572181996306403,0.023,0.0266,0.0114,-0.0009,432,118,0.4004,0.1094,-0.7031216044716506,-0.7031216044716506,0.0,WELD_FOUND
39.709,0.030218098441003597,0.030369992199161297,0.03477359727087779,0.025662599611129402,0.023,0.0266,0.0117,-0.0009,432,118,0.4004,0.1094,-0.7031216044716506,-0.7031216044716506,0.0,WELD_FOUND
39.759,0.030218098441003597,0.030369992199161297,0.03477359727087779,0.025662599611129402,0.0324,0.0345,0.0024,-0.0088,437,123,0.405,0.114,-0.7031216044716506,-0.7031216044716506,0.0,WELD_FOUND
39.809,0.0,0.0,0.0,0.0,0.0324,0.0345,-0.0324,-0.0345,437,123,0.405,0.114,-0.7031216044716506,nan,nan,NO_WELD
39.859,0.0,0.0,0.0,0.0,0.0324,0.0345,-0.0324,-0.0345,440,126,0.4078,0.1168,-0.7031216044716506,nan,nan,NO_WELD
39.909,0.0,0.0,0.0,0.0,0.0268,0.0281,-0.0268,-0.0281,440,126,0.4078,0.1168,-0.7031216044716506,nan,nan,NO_WELD
39.959,0.0,0.0,0.0,0.0,0.0268,0.0281,-0.0268,-0.0281,440,126,0.4078,0.1168,-0.7031216044716506,nan,nan,NO_WELD
40.009,0.030244563652531926,0.03068820750300098,0.034847794777982076,0.02564133252708178,0.0268,0.0281,0.008,-0.0025,440,126,0.4078,0.1168,-0.7031216044716506,-0.7031216044716506,0.0,WELD_FOUND
40.061,0.030244563652531926,0.03068820750300098,0.034847794777982076,0.02564133252708178,0.0215,0.0225,0.0134,0.0031,440,126,0.4078,0.1168,-0.7031216044716506,-0.7031216044716506,0.0,WELD_FOUND
40.109,0.030249858084933426,0.030666959268287233,0.03484990197517651,0.02564981419469034,0.0215,0.0225,0.0134,0.0032,440,126,0.4078,0.1168,-0.7031216044716506,-0.7031216044716506,0.0,WELD_FOUND
40.159,0.030249858084933426,0.030666959268287233,0.03484990197517651,0.02564981419469034,0.0215,0.0225,0.0134,0.0032,443,129,0.4106,0.1196,-0.7031216044716506,-0.7031216044716506,0.0,WELD_FOUND
40.209,0.0,0.0,0.0,0.0,0.0203,0.0209,-0.0203,-0.0209,443,129,0.4106,0.1196,-0.7031216044716506,nan,nan,NO_WELD
40.259,0.0,0.0,0.0,0.0,0.0203,0.0209,-0.0203,-0.0209,447,133,0.4143,0.1233,-0.7031216044716506,nan,nan,NO_WELD
40.309,0.02844828773399074,0.04664085694820285,0.03544441627622116,0.02145215919176031,0.027,0.0274,0.0084,-0.0059,447,133,0.4143,0.1233,-1.0546840875743422,-1.0546840875743422,0.0,WELD_FOUND
40.359,0.02844828773399074,0.04664085694820285,0.03544441627622116,0.02145215919176031,0.027,0.0274,0.0084,-0.0059,446,133,0.4133,0.1233,-1.0546840875743422,-1.0546840875743422,0.0,WELD_FOUND
40.409,0.02898346972730331,0.03706001181373111,0.03454247149936297,0.023424467955243642,0.027,0.0274,0.0075,-0.0039,446,133,0.4133,0.1233,-0.7031216044716506,-0.8789028727034228,0.1757812682317722,WELD_FOUND
40.459,0.02898346972730331,0.03706001181373111,0.03454247149936297,0.023424467955243642,0.0137,0.0219,0.0208,0.0015,446,133,0.4133,0.1233,-0.7031216044716506,-0.8789028727034228,0.1757812682317722,WELD_FOUND
40.509,0.029995468631268108,0.028247610842995284,0.0342326102577174,0.025758327004818816,0.0137,0.0219,0.0205,0.0039,449,136,0.4161,0.126,-0.7031216044716506,-0.7031216044716506,0.0,WELD_FOUND
40.559,0.029995468631268108,0.028247610842995284,0.0342326102577174,0.025758327004818816,0.0194,0.0243,0.0149,0.0015,449,136,0.4161,0.126,-0.7031216044716506,-0.7031216044716506,0.0,WELD_FOUND
40.609,0.03019995230953971,0.030192958555498375,0.03472889609286446,0.025671008526214952,0.0194,0.0243,0.0154,0.0014,453,140,0.4198,0.1297,-0.7031216044716506,-0.7031216044716506,0.0,WELD_FOUND
40.659,0.03019995230953971,0.030192958555498375,0.03472889609286446,0.025671008526214952,0.0194,0.0243,0.0154,0.0014,453,140,0.4198,0.1297,-0.7031216044716506,-0.7031216044716506,0.0,WELD_FOUND
40.709,0.0,0.0,0.0,0.0,0.0314,0.0343,-0.0314,-0.0343,457,144,0.4235,0.1335,-0.7031216044716506,nan,nan,NO_WELD
40.759,0.0,0.0,0.0,0.0,0.0314,0.0343,-0.0314,-0.0343,457,144,0.4235,0.1335,-0.7031216044716506,nan,nan,NO_WELD
40.809,0.030240932401093178,0.030665512545007448,0.034840759282844296,0.02564110551934206,0.0337,0.0317,0.0012,-0.0061,461,147,0.4272,0.1362,-0.7031216044716506,-0.7031216044716506,0.0,WELD_FOUND
40.859,0.030240932401093178,0.030665512545007448,0.034840759282844296,0.02564110551934206,0.0337,0.0317,0.0012,-0.0061,461,147,0.4272,0.1362,-0.7031216044716506,-0.7031216044716506,0.0,WELD_FOUND
40.909,0.0,0.0,0.0,0.0,0.0337,0.0317,-0.0337,-0.0317,460,147,0.4263,0.1362,-0.7031216044716506,nan,nan,NO_WELD
40.959,0.0,0.0,0.0,0.0,0.0177,0.0254,-0.0177,-0.0254,460,147,0.4263,0.1362,-0.7031216044716506,nan,nan,NO_WELD
41.009,0.035,0.0,0.035,0.035,0.0177,0.0254,0.0173,0.0096,462,150,0.4282,0.139,3.4150945850063755e-06,3.4150945850063755e-06,0.0,WELD_FOUND
41.06,0.035,0.0,0.035,0.035,0.0177,0.0254,0.0173,0.0096,462,150,0.4282,0.139,3.4150945850063755e-06,3.4150945850063755e-06,0.0,WELD_FOUND
41.109,0.035,0.0,0.035,0.035,0.0205,0.0226,0.0145,0.0124,464,150,0.43,0.139,3.4150945850063755e-06,3.4150945850063755e-06,0.0,WELD_FOUND
41.159,0.035,0.0,0.035,0.035,0.0205,0.0226,0.0145,0.0124,464,150,0.43,0.139,3.4150945850063755e-06,3.4150945850063755e-06,0.0,WELD_FOUND
41.209,0.035,0.0,0.035,0.035,0.0308,0.0321,0.0042,0.0029,469,155,0.4347,0.1436,-0.35155909468853286,3.4150945850063755e-06,-0.35156250978311787,WELD_FOUND
41.259,0.035,0.0,0.035,0.035,0.0308,0.0321,0.0042,0.0029,469,155,0.4347,0.1436,-0.35155909468853286,3.4150945850063755e-06,-0.35156250978311787,WELD_FOUND
41.309,0.035,0.0,0.035,0.035,0.0308,0.0321,0.0042,0.0029,473,160,0.4384,0.1483,3.4150945850063755e-06,3.4150945850063755e-06,0.0,WELD_FOUND
41.359,0.035,0.0,0.035,0.035,0.0284,0.0316,0.0066,0.0034,473,160,0.4384,0.1483,3.4150945850063755e-06,3.4150945850063755e-06,0.0,WELD_FOUND
41.409,0.035,0.0,0.035,0.035,0.0284,0.0316,0.0066,0.0034,478,164,0.443,0.152,3.4150945850063755e-06,3.4150945850063755e-06,0.0,WELD_FOUND
41.459,0.035,0.0,0.035,0.035,0.0284,0.0316,0.0066,0.0034,478,164,0.443,0.152,3.4150945850063755e-06,3.4150945850063755e-06,0.0,WELD_FOUND
41.509,0.035,0.0,0.035,0.035,0.0393,0.0387,-0.0043,-0.0037,482,168,0.4467,0.1557,0.35156592487770283,3.4150945850063755e-06,0.3515625097831178,WELD_FOUND
41.559,0.035,0.0,0.035,0.035,0.0393,0.0387,-0.0043,-0.0037,482,168,0.4467,0.1557,0.35156592487770283,3.4150945850063755e-06,0.3515625097831178,WELD_FOUND
41.609,0.0,0.0,0.0,0.0,0.0393,0.0387,-0.0393,-0.0387,485,172,0.4495,0.1594,0.35156592487770283,nan,nan,NO_WELD
41.659,0.0,0.0,0.0,0.0,0.031,0.0331,-0.031,-0.0331,485,172,0.4495,0.1594,0.35156592487770283,nan,nan,NO_WELD
41.709,0.035,0.0,0.035,0.035,0.031,0.0331,0.004,0.0019,488,175,0.4523,0.1622,3.4150945850063755e-06,3.4150945850063755e-06,0.0,WELD_FOUND
41.759,0.035,0.0,0.035,0.035,0.031,0.0331,0.004,0.0019,488,175,0.4523,0.1622,3.4150945850063755e-06,3.4150945850063755e-06,0.0,WELD_FOUND
41.809,0.035,0.0,0.035,0.035,0.026,0.0322,0.009,0.0028,488,177,0.4523,0.164,-0.35155909468853286,-0.17577783979697392,-0.17578125489155894,WELD_FOUND
41.859,0.035,0.0,0.035,0.035,0.026,0.0322,0.009,0.0028,488,177,0.4523,0.164,-0.35155909468853286,-0.17577783979697392,-0.17578125489155894,WELD_FOUND
41.909,0.03286789517189513,0.02166556622577668,0.036117730105761636,0.02961806023802863,0.0341,0.0342,0.002,-0.0046,493,181,0.4569,0.1677,-0.35155909468853286,-0.35155909468853286,0.0,WELD_FOUND
41.959,0.03286789517189513,0.02166556622577668,0.036117730105761636,0.02961806023802863,0.0341,0.0342,0.002,-0.0046,493,181,0.4569,0.1677,-0.35155909468853286,-0.35155909468853286,0.0,WELD_FOUND
42.009,0.035,0.0,0.035,0.035,0.0341,0.0342,0.0009,0.0008,497,185,0.4606,0.1715,3.4150945850063755e-06,-0.17577783979697392,0.17578125489155894,WELD_FOUND
42.06,0.035,0.0,0.035,0.035,0.0304,0.0304,0.0046,0.0046,497,185,0.4606,0.1715,3.4150945850063755e-06,-0.17577783979697392,0.17578125489155894,WELD_FOUND
42.109,0.035,0.0,0.035,0.035,0.0304,0.0304,0.0046,0.0046,500,188,0.4634,0.1742,0.35156592487770283,3.4150945850063755e-06,0.3515625097831178,WELD_FOUND
42.159,0.035,0.0,0.035,0.035,0.0304,0.0304,0.0046,0.0046,500,188,0.4634,0.1742,0.35156592487770283,3.4150945850063755e-06,0.3515625097831178,WELD_FOUND
42.209,0.03300387633747789,0.020132575188027062,0.036023762615681944,0.029983990059273827,0.038,0.0355,-0.002,-0.0056,505,192,0.468,0.1779,-0.35155909468853286,-0.35155909468853286,0.0,WELD_FOUND
42.259,0.03300387633747789,0.020132575188027062,0.036023762615681944,0.029983990059273827,0.038,0.0355,-0.002,-0.0056,505,192,0.468,0.1779,-0.35155909468853286,-0.35155909468853286,0.0,WELD_FOUND
42.309,0.032666433858295395,0.01611689825653664,0.03508396859677589,0.0302488991198149,0.0376,0.0361,-0.0025,-0.0059,509,196,0.4717,0.1816,-0.35155909468853286,-0.35155909468853286,0.0,WELD_FOUND
42.359,0.032666433858295395,0.01611689825653664,0.03508396859677589,0.0302488991198149,0.0376,0.0361,-0.0025,-0.0059,509,196,0.4717,0.1816,-0.35155909468853286,-0.35155909468853286,0.0,WELD_FOUND
42.409,0.03259915343489478,0.015491274492595634,0.03492284460878412,0.030275462261005436,0.0337,0.0328,0.0012,-0.0025,512,199,0.4745,0.1844,-0.7031216044716506,-0.35155909468853286,-0.35156250978311776,WELD_FOUND
42.459,0.03259915343489478,0.015491274492595634,0.03492284460878412,0.030275462261005436,0.0337,0.0328,0.0012,-0.0025,512,199,0.4745,0.1844,-0.7031216044716506,-0.35155909468853286,-0.35156250978311776,WELD_FOUND
42.509,0.0,0.0,0.0,0.0,0.0337,0.0328,-0.0337,-0.0328,515,203,0.4773,0.1881,-0.7031216044716506,nan,nan,NO_WELD
42.559,0.0,0.0,0.0,0.0,0.0276,0.0296,-0.0276,-0.0296,515,203,0.4773,0.1881,-0.7031216044716506,nan,nan,NO_WELD
42.609,0.0,0.0,0.0,0.0,0.0276,0.0296,-0.0276,-0.0296,518,205,0.4801,0.19,-0.7031216044716506,nan,nan,NO_WELD
42.659,0.0,0.0,0.0,0.0,0.0276,0.0296,-0.0276,-0.0296,518,205,0.4801,0.19,-0.7031216044716506,nan,nan,NO_WELD
42.709,0.0,0.0,0.0,0.0,0.0215,0.0227,-0.0215,-0.0227,517,205,0.4791,0.19,-0.7031216044716506,nan,nan,NO_WELD
42.759,0.0,0.0,0.0,0.0,0.0215,0.0227,-0.0215,-0.0227,517,205,0.4791,0.19,-0.7031216044716506,nan,nan,NO_WELD
42.809,0.0,0.0,0.0,0.0,0.0215,0.0227,-0.0215,-0.0227,517,205,0.4791,0.19,3.4150945850063755e-06,3.4150945850063755e-06,0.0,WELD_FOUND
42.859,0.0,0.0,0.0,0.0,0.0172,0.0181,-0.0172,-0.0181,517,205,0.4791,0.19,3.4150945850063755e-06,3.4150945850063755e-06,0.0,WELD_FOUND
42.909,0.035,0.0,0.035,0.035,0.0172,0.0181,0.0178,0.0169,517,205,0.4791,0.19,0.35156592487770283,0.17578466998614392,0.1757812548915589,WELD_FOUND
42.959,0.035,0.0,0.035,0.035,0.0138,0.0181,0.0212,0.0169,517,205,0.4791,0.19,0.35156592487770283,0.17578466998614392,0.1757812548915589,WELD_FOUND
43.009,0.032820172561312255,-0.02216783075630185,0.029494997947866978,0.036145347174757536,0.0138,0.0134,0.0157,0.0228,517,206,0.4791,0.1909,0.35156592487770283,0.35156592487770283,0.0,WELD_FOUND
43.06,0.032820172561312255,-0.02216783075630185,0.029494997947866978,0.036145347174757536,0.011,0.0134,0.0185,0.0228,517,206,0.4791,0.1909,0.35156592487770283,0.35156592487770283,0.0,WELD_FOUND
43.109,0.035,0.0,0.035,0.035,0.011,0.0265,0.024,0.0085,523,211,0.4847,0.1955,-0.35155909468853286,0.17578466998614392,-0.5273437646746768,WELD_FOUND
43.159,0.035,0.0,0.035,0.035,0.011,0.0265,0.024,0.0085,523,211,0.4847,0.1955,-0.35155909468853286,0.17578466998614392,-0.5273437646746768,WELD_FOUND
43.209,0.035,0.0,0.035,0.035,0.0363,0.0265,-0.0013,0.0085,529,217,0.4903,0.2011,-1.0546840875743422,3.4150945850063755e-06,-1.054687502668927,WELD_FOUND
43.259,0.035,0.0,0.035,0.035,0.0363,0.0308,-0.0013,0.0042,529,217,0.4903,0.2011,-1.0546840875743422,3.4150945850063755e-06,-1.054687502668927,WELD_FOUND
43.309,0.0,0.0,0.0,0.0,0.0329,0.0308,-0.0329,-0.0308,532,222,0.493,0.2057,-1.0546840875743422,nan,nan,NO_WELD
43.359,0.0,0.0,0.0,0.0,0.0329,0.037,-0.0329,-0.037,532,222,0.493,0.2057,-1.0546840875743422,nan,nan,NO_WELD
43.409,0.0,0.0,0.0,0.0,0.0329,0.037,-0.0329,-0.037,535,225,0.4958,0.2085,-1.0546840875743422,nan,nan,NO_WELD
43.459,0.0,0.0,0.0,0.0,0.0271,0.0333,-0.0271,-0.0333,535,225,0.4958,0.2085,-1.0546840875743422,nan,nan,NO_WELD
43.509,0.0,0.0,0.0,0.0,0.0271,0.0333,-0.0271,-0.0333,536,226,0.4967,0.2094,-1.0546840875743422,nan,nan,NO_WELD
43.559,0.0,0.0,0.0,0.0,0.0271,0.0333,-0.0271,-0.0333,536,226,0.4967,0.2094,-1.0546840875743422,nan,nan,NO_WELD
43.609,0.0,0.0,0.0,0.0,0.0188,0.0225,-0.0188,-0.0225,536,226,0.4967,0.2094,-1.0546840875743422,nan,nan,NO_WELD
43.659,0.0,0.0,0.0,0.0,0.0188,0.0225,-0.0188,-0.0225,536,226,0.4967,0.2094,-1.0546840875743422,nan,nan,NO_WELD
43.709,0.0,0.0,0.0,0.0,0.015,0.0225,-0.015,-0.0225,536,226,0.4967,0.2094,-1.0546840875743422,nan,nan,NO_WELD
43.759,0.0,0.0,0.0,0.0,0.015,0.018,-0.015,-0.018,536,226,0.4967,0.2094,-1.0546840875743422,nan,nan,NO_WELD
43.809,0.0,0.0,0.0,0.0,0.012,0.018,-0.012,-0.018,536,226,0.4967,0.2094,-1.0546840875743422,nan,nan,NO_WELD
43.859,0.0,0.0,0.0,0.0,0.012,0.018,-0.012,-0.018,536,226,0.4967,0.2094,-1.0546840875743422,nan,nan,NO_WELD
43.909,0.0,0.0,0.0,0.0,0.012,0.0144,-0.012,-0.0144,536,226,0.4967,0.2094,-1.0546840875743422,nan,nan,NO_WELD
43.959,0.0,0.0,0.0,0.0,0.0096,0.0144,-0.0096,-0.0144,536,226,0.4967,0.2094,-1.0546840875743422,nan,nan,NO_WELD
44.009,0.0,0.0,0.0,0.0,0.0096,0.0115,-0.0096,-0.0115,536,226,0.4967,0.2094,-1.0546840875743422,nan,nan,NO_WELD
44.06,0.0,0.0,0.0,0.0,0.0096,0.0115,-0.0096,-0.0115,536,226,0.4967,0.2094,-1.0546840875743422,nan,nan,NO_WELD
44.109,0.0,0.0,0.0,0.0,0.0077,0.0115,-0.0077,-0.0115,536,226,0.4967,0.2094,-1.0546840875743422,nan,nan,NO_WELD
44.159,0.0,0.0,0.0,0.0,0.0077,0.0092,-0.0077,-0.0092,536,226,0.4967,0.2094,-1.0546840875743422,nan,nan,NO_WELD
44.209,0.0,0.0,0.0,0.0,0.0061,0.0092,-0.0061,-0.0092,536,226,0.4967,0.2094,-1.0546840875743422,nan,nan,NO_WELD
44.259,0.0,0.0,0.0,0.0,0.0061,0.0092,-0.0061,-0.0092,536,226,0.4967,0.2094,-1.0546840875743422,nan,nan,NO_WELD
44.309,0.0,0.0,0.0,0.0,0.0061,0.0074,-0.0061,-0.0074,536,226,0.4967,0.2094,-4.921871881951623,nan,nan,NO_WELD
44.359,0.0,0.0,0.0,0.0,0.0049,0.0074,-0.0049,-0.0074,536,226,0.4967,0.2094,-4.921871881951623,nan,nan,NO_WELD
44.409,0.0,0.0,0.0,0.0,0.0049,0.0074,-0.0049,-0.0074,536,226,0.4967,0.2094,4.921878712140794,nan,nan,NO_WELD
44.459,0.0,0.0,0.0,0.0,0.0049,0.0059,-0.0049,-0.0059,536,226,0.4967,0.2094,4.921878712140794,nan,nan,NO_WELD
44.509,0.0,0.0,0.0,0.0,0.0039,0.0059,-0.0039,-0.0059,536,226,0.4967,0.2094,-3.164059092912196,nan,nan,NO_WELD
44.559,0.0,0.0,0.0,0.0,0.0039,0.0059,-0.0039,-0.0059,536,226,0.4967,0.2094,-3.164059092912196,nan,nan,NO_WELD
44.609,0.0,0.0,0.0,0.0,0.0039,0.0047,-0.0039,-0.0047,536,226,0.4967,0.2094,4.5703160689555435,nan,nan,NO_WELD
44.659,0.0,0.0,0.0,0.0,0.0031,0.0047,-0.0031,-0.0047,536,226,0.4967,0.2094,4.5703160689555435,nan,nan,NO_WELD
44.709,0.0,0.0,0.0,0.0,0.0031,0.0047,-0.0031,-0.0047,536,226,0.4967,0.2094,-0.35155909468853286,nan,nan,NO_WELD
44.759,0.0,0.0,0.0,0.0,0.0031,0.0038,-0.0031,-0.0038,536,226,0.4967,0.2094,-0.35155909468853286,nan,nan,NO_WELD
44.809,0.0,0.0,0.0,0.0,0.0025,0.0038,-0.0025,-0.0038,536,226,0.4967,0.2094,-0.35155909468853286,nan,nan,NO_WELD
44.859,0.0,0.0,0.0,0.0,0.0025,0.003,-0.0025,-0.003,536,226,0.4967,0.2094,-0.35155909468853286,nan,nan,NO_WELD
44.909,0.0,0.0,0.0,0.0,0.0025,0.003,-0.0025,-0.003,536,226,0.4967,0.2094,-4.921871881951623,nan,nan,NO_WELD
44.959,0.0,0.0,0.0,0.0,0.002,0.0024,-0.002,-0.0024,536,226,0.4967,0.2094,-4.921871881951623,nan,nan,NO_WELD
45.009,0.0,0.0,0.0,0.0,0.002,0.0024,-0.002,-0.0024,536,226,0.4967,0.2094,0.35156592487770283,nan,nan,NO_WELD
45.06,0.0,0.0,0.0,0.0,0.002,0.0024,-0.002,-0.0024,536,226,0.4967,0.2094,0.35156592487770283,nan,nan,NO_WELD
45.109,0.0,0.0,0.0,0.0,0.0016,0.0019,-0.0016,-0.0019,536,226,0.4967,0.2094,0.35156592487770283,nan,nan,NO_WELD
45.159,0.0,0.0,0.0,0.0,0.0016,0.0019,-0.0016,-0.0019,536,226,0.4967,0.2094,0.35156592487770283,nan,nan,NO_WELD
45.209,0.0,0.0,0.0,0.0,0.0016,0.0019,-0.0016,-0.0019,536,226,0.4967,0.2094,3.4150945850063755e-06,nan,nan,NO_WELD
45.259,0.0,0.0,0.0,0.0,0.0013,0.0015,-0.0013,-0.0015,536,226,0.4967,0.2094,3.4150945850063755e-06,nan,nan,NO_WELD
45.309,0.0,0.0,0.0,0.0,0.0013,0.0015,-0.0013,-0.0015,536,226,0.4967,0.2094,-5.273434098250051,nan,nan,NO_WELD
45.359,0.0,0.0,0.0,0.0,0.001,0.0012,-0.001,-0.0012,536,226,0.4967,0.2094,-5.273434098250051,nan,nan,NO_WELD
45.409,0.0,0.0,0.0,0.0,0.001,0.0012,-0.001,-0.0012,536,226,0.4967,0.2094,-5.9765593846205505,nan,nan,NO_WELD
45.459,0.0,0.0,0.0,0.0,0.0,0.0,0.0,0.0,536,226,0.4967,0.2094,-5.9765593846205505,nan,nan,NO_WELD
45.509,0.0,0.0,0.0,0.0,0.0,0.0,0.0,0.0,536,226,0.4967,0.2094,-4.218746595581123,nan,nan,NO_WELD
45.559,0.0,0.0,0.0,0.0,0.0,0.0,0.0,0.0,536,226,0.4967,0.2094,-4.218746595581123,nan,nan,NO_WELD
45.609,0.0,0.0,0.0,0.0,0.0,0.0,0.0,0.0,536,226,0.4967,0.2094,3.1640659231013664,nan,nan,NO_WELD
45.659,0.0,0.0,0.0,0.0,0.0,0.0,0.0,0.0,536,226,0.4967,0.2094,3.1640659231013664,nan,nan,NO_WELD
45.709,0.0,0.0,0.0,0.0,0.0,0.0,0.0,0.0,536,226,0.4967,0.2094,0.35156592487770283,nan,nan,NO_WELD
45.759,0.0,0.0,0.0,0.0,0.0,0.0,0.0,0.0,536,226,0.4967,0.2094,0.35156592487770283,nan,nan,NO_WELD
45.809,0.0,0.0,0.0,0.0,0.0,0.0,0.0,0.0,536,226,0.4967,0.2094,4.218753425770293,nan,nan,NO_WELD
45.859,0.0,0.0,0.0,0.0,0.0,0.0,0.0,0.0,536,226,0.4967,0.2094,4.218753425770293,nan,nan,NO_WELD
45.909,0.0,0.0,0.0,0.0,0.0,0.0,0.0,0.0,536,226,0.4967,0.2094,-9.140621892627331,nan,nan,NO_WELD
45.959,0.0,0.0,0.0,0.0,0.0,0.0,0.0,0.0,536,226,0.4967,0.2094,-9.140621892627331,nan,nan,NO_WELD
46.009,0.0,0.0,0.0,0.0,0.0,0.0,0.0,0.0,536,226,0.4967,0.2094,3.4150945850063755e-06,nan,nan,NO_WELD
46.061,0.0,0.0,0.0,0.0,0.0,0.0,0.0,0.0,536,226,0.4967,0.2094,3.4150945850063755e-06,nan,nan,NO_WELD
46.109,0.0,0.0,0.0,0.0,0.0,0.0,0.0,0.0,536,226,0.4967,0.2094,3.5156285662866162,nan,nan,NO_WELD
46.159,0.0,0.0,0.0,0.0,0.0,0.0,0.0,0.0,536,226,0.4967,0.2094,3.5156285662866162,nan,nan,NO_WELD
46.209,0.0,0.0,0.0,0.0,0.0,0.0,0.0,0.0,536,226,0.4967,0.2094,7.382816360663898,nan,nan,NO_WELD
46.259,0.0,0.0,0.0,0.0,0.0,0.0,0.0,0.0,536,226,0.4967,0.2094,7.382816360663898,nan,nan,NO_WELD
46.309,0.0,0.0,0.0,0.0,0.0,0.0,0.0,0.0,536,226,0.4967,0.2094,3.4150945850063755e-06,nan,nan,NO_WELD
46.359,0.0,0.0,0.0,0.0,0.0,0.0,0.0,0.0,536,226,0.4967,0.2094,3.4150945850063755e-06,nan,nan,NO_WELD
46.409,0.0,0.0,0.0,0.0,0.0,0.0,0.0,0.0,536,226,0.4967,0.2094,-4.570309238766374,nan,nan,NO_WELD
46.459,0.0,0.0,0.0,0.0,0.0,0.0,0.0,0.0,536,226,0.4967,0.2094,-4.570309238766374,nan,nan,NO_WELD
46.509,0.0,0.0,0.0,0.0,0.0,0.0,0.0,0.0,536,226,0.4967,0.2094,4.218753425770293,nan,nan,NO_WELD
46.559,0.0,0.0,0.0,0.0,0.0,0.0,0.0,0.0,536,226,0.4967,0.2094,4.218753425770293,nan,nan,NO_WELD
46.609,0.0,0.0,0.0,0.0,0.0,0.0,0.0,0.0,536,226,0.4967,0.2094,3.8671912094718666,nan,nan,NO_WELD
46.659,0.0,0.0,0.0,0.0,0.0,0.0,0.0,0.0,536,226,0.4967,0.2094,3.8671912094718666,nan,nan,NO_WELD
46.709,0.0,0.0,0.0,0.0,0.0,0.0,0.0,0.0,536,226,0.4967,0.2094,-6.6796842441042275,nan,nan,NO_WELD
46.759,0.0,0.0,0.0,0.0,0.0,0.0,0.0,0.0,536,226,0.4967,0.2094,0.35156592487770283,nan,nan,NO_WELD
46.809,0.0,0.0,0.0,0.0,0.0,0.0,0.0,0.0,536,226,0.4967,0.2094,0.35156592487770283,nan,nan,NO_WELD
46.859,0.0,0.0,0.0,0.0,0.0,0.0,0.0,0.0,536,226,0.4967,0.2094,3.4150945850063755e-06,nan,nan,NO_WELD
46.909,0.0,0.0,0.0,0.0,0.0,0.0,0.0,0.0,536,226,0.4967,0.2094,3.4150945850063755e-06,nan,nan,NO_WELD
46.959,0.0,0.0,0.0,0.0,0.0,0.0,0.0,0.0,536,226,0.4967,0.2094,3.4150945850063755e-06,nan,nan,NO_WELD
47.009,0.0,0.0,0.0,0.0,0.0,0.0,0.0,0.0,536,226,0.4967,0.2094,3.4150945850063755e-06,nan,nan,NO_WELD
47.06,0.0,0.0,0.0,0.0,0.0,0.0,0.0,0.0,536,226,0.4967,0.2094,3.4150945850063755e-06,nan,nan,NO_WELD
47.109,0.0,0.0,0.0,0.0,0.0,0.0,0.0,0.0,536,226,0.4967,0.2094,3.4150945850063755e-06,nan,nan,NO_WELD
47.159,0.0,0.0,0.0,0.0,0.0,0.0,0.0,0.0,536,226,0.4967,0.2094,-4.218746595581123,nan,nan,NO_WELD
47.209,0.0,0.0,0.0,0.0,0.0,0.0,0.0,0.0,536,226,0.4967,0.2094,-4.218746595581123,nan,nan,NO_WELD
47.259,0.0,0.0,0.0,0.0,0.0,0.0,0.0,0.0,536,226,0.4967,0.2094,-3.5156217360974464,nan,nan,NO_WELD
47.309,0.0,0.0,0.0,0.0,0.0,0.0,0.0,0.0,536,226,0.4967,0.2094,-3.5156217360974464,nan,nan,NO_WELD
47.359,0.0,0.0,0.0,0.0,0.0,0.0,0.0,0.0,536,226,0.4967,0.2094,3.5156285662866162,nan,nan,NO_WELD
47.409,0.0,0.0,0.0,0.0,0.0,0.0,0.0,0.0,536,226,0.4967,0.2094,3.5156285662866162,nan,nan,NO_WELD
47.459,0.0,0.0,0.0,0.0,0.0,0.0,0.0,0.0,536,226,0.4967,0.2094,0.35156592487770283,nan,nan,NO_WELD
47.509,0.0,0.0,0.0,0.0,0.0,0.0,0.0,0.0,536,226,0.4967,0.2094,0.35156592487770283,nan,nan,NO_WELD
47.559,0.0,0.0,0.0,0.0,0.0,0.0,0.0,0.0,536,226,0.4967,0.2094,3.4150945850063755e-06,nan,nan,NO_WELD
47.609,0.0,0.0,0.0,0.0,0.0,0.0,0.0,0.0,536,226,0.4967,0.2094,3.4150945850063755e-06,nan,nan,NO_WELD
47.659,0.0,0.0,0.0,0.0,0.0,0.0,0.0,0.0,536,226,0.4967,0.2094,-7.031246887289478,nan,nan,NO_WELD
47.709,0.0,0.0,0.0,0.0,0.0,0.0,0.0,0.0,536,226,0.4967,0.2094,-7.031246887289478,nan,nan,NO_WELD
47.759,0.0,0.0,0.0,0.0,0.0,0.0,0.0,0.0,536,226,0.4967,0.2094,3.4150945850063755e-06,nan,nan,NO_WELD
47.809,0.0,0.0,0.0,0.0,0.0,0.0,0.0,0.0,536,226,0.4967,0.2094,3.4150945850063755e-06,nan,nan,NO_WELD
47.859,0.0,0.0,0.0,0.0,0.0,0.0,0.0,0.0,536,226,0.4967,0.2094,7.382816360663898,nan,nan,NO_WELD
47.909,0.0,0.0,0.0,0.0,0.0,0.0,0.0,0.0,536,226,0.4967,0.2094,7.382816360663898,nan,nan,NO_WELD
47.959,0.0,0.0,0.0,0.0,0.0,0.0,0.0,0.0,536,226,0.4967,0.2094,-0.35155909468853286,nan,nan,NO_WELD
48.009,0.0,0.0,0.0,0.0,0.0,0.0,0.0,0.0,536,226,0.4967,0.2094,-0.35155909468853286,nan,nan,NO_WELD
48.06,0.0,0.0,0.0,0.0,0.0,0.0,0.0,0.0,536,226,0.4967,0.2094,3.4150945850063755e-06,nan,nan,NO_WELD
48.109,0.0,0.0,0.0,0.0,0.0,0.0,0.0,0.0,536,226,0.4967,0.2094,3.4150945850063755e-06,nan,nan,NO_WELD
48.159,0.0,0.0,0.0,0.0,0.0,0.0,0.0,0.0,536,226,0.4967,0.2094,3.8671912094718666,nan,nan,NO_WELD
48.209,0.0,0.0,0.0,0.0,0.0,0.0,0.0,0.0,536,226,0.4967,0.2094,3.8671912094718666,nan,nan,NO_WELD
48.259,0.0,0.0,0.0,0.0,0.0,0.0,0.0,0.0,536,226,0.4967,0.2094,-3.8671843792826963,nan,nan,NO_WELD
48.309,0.0,0.0,0.0,0.0,0.0,0.0,0.0,0.0,536,226,0.4967,0.2094,-3.8671843792826963,nan,nan,NO_WELD
48.359,0.0,0.0,0.0,0.0,0.0,0.0,0.0,0.0,536,226,0.4967,0.2094,3.4150945850063755e-06,nan,nan,NO_WELD
48.409,0.0,0.0,0.0,0.0,0.0,0.0,0.0,0.0,536,226,0.4967,0.2094,3.4150945850063755e-06,nan,nan,NO_WELD
48.459,0.0,0.0,0.0,0.0,0.0,0.0,0.0,0.0,536,226,0.4967,0.2094,3.4150945850063755e-06,nan,nan,NO_WELD
48.509,0.0,0.0,0.0,0.0,0.0,0.0,0.0,0.0,536,226,0.4967,0.2094,3.4150945850063755e-06,nan,nan,NO_WELD
48.559,0.0,0.0,0.0,0.0,0.0,0.0,0.0,0.0,536,226,0.4967,0.2094,-0.35155909468853286,nan,nan,NO_WELD
48.609,0.0,0.0,0.0,0.0,0.0,0.0,0.0,0.0,536,226,0.4967,0.2094,-0.35155909468853286,nan,nan,NO_WELD
48.659,0.0,0.0,0.0,0.0,0.0,0.0,0.0,0.0,536,226,0.4967,0.2094,-0.35155909468853286,nan,nan,NO_WELD
48.709,0.0,0.0,0.0,0.0,0.0,0.0,0.0,0.0,536,226,0.4967,0.2094,-0.35155909468853286,nan,nan,NO_WELD
48.759,0.0,0.0,0.0,0.0,0.0,0.0,0.0,0.0,536,226,0.4967,0.2094,4.218753425770293,nan,nan,NO_WELD
48.809,0.0,0.0,0.0,0.0,0.0,0.0,0.0,0.0,536,226,0.4967,0.2094,4.218753425770293,nan,nan,NO_WELD
48.859,0.0,0.0,0.0,0.0,0.0,0.0,0.0,0.0,536,226,0.4967,0.2094,-6.328121600918977,nan,nan,NO_WELD
48.909,0.0,0.0,0.0,0.0,0.0,0.0,0.0,0.0,536,226,0.4967,0.2094,-6.328121600918977,nan,nan,NO_WELD
48.959,0.0,0.0,0.0,0.0,0.0,0.0,0.0,0.0,536,226,0.4967,0.2094,-4.218746595581123,nan,nan,NO_WELD
49.009,0.0,0.0,0.0,0.0,0.0,0.0,0.0,0.0,536,226,0.4967,0.2094,-4.218746595581123,nan,nan,NO_WELD
49.061,0.0,0.0,0.0,0.0,0.0,0.0,0.0,0.0,536,226,0.4967,0.2094,-5.9765593846205505,nan,nan,NO_WELD
49.109,0.0,0.0,0.0,0.0,0.0,0.0,0.0,0.0,536,226,0.4967,0.2094,-5.9765593846205505,nan,nan,NO_WELD
49.159,0.0,0.0,0.0,0.0,0.0,0.0,0.0,0.0,536,226,0.4967,0.2094,-5.273434098250051,nan,nan,NO_WELD
49.209,0.0,0.0,0.0,0.0,0.0,0.0,0.0,0.0,536,226,0.4967,0.2094,-5.273434098250051,nan,nan,NO_WELD
49.259,0.0,0.0,0.0,0.0,0.0,0.0,0.0,0.0,536,226,0.4967,0.2094,-0.35155909468853286,nan,nan,NO_WELD
49.309,0.0,0.0,0.0,0.0,0.0,0.0,0.0,0.0,536,226,0.4967,0.2094,-0.35155909468853286,nan,nan,NO_WELD
49.359,0.0,0.0,0.0,0.0,0.0,0.0,0.0,0.0,536,226,0.4967,0.2094,-4.921871881951623,nan,nan,NO_WELD
49.409,0.0,0.0,0.0,0.0,0.0,0.0,0.0,0.0,536,226,0.4967,0.2094,-4.921871881951623,nan,nan,NO_WELD
49.459,0.0,0.0,0.0,0.0,0.0,0.0,0.0,0.0,536,226,0.4967,0.2094,3.4150945850063755e-06,nan,nan,NO_WELD
49.509,0.0,0.0,0.0,0.0,0.0,0.0,0.0,0.0,536,226,0.4967,0.2094,3.4150945850063755e-06,nan,nan,NO_WELD
49.559,0.0,0.0,0.0,0.0,0.0,0.0,0.0,0.0,536,226,0.4967,0.2094,3.5156285662866162,nan,nan,NO_WELD
49.609,0.0,0.0,0.0,0.0,0.0,0.0,0.0,0.0,536,226,0.4967,0.2094,3.5156285662866162,nan,nan,NO_WELD
49.659,0.0,0.0,0.0,0.0,0.0,0.0,0.0,0.0,536,226,0.4967,0.2094,3.5156285662866162,nan,nan,NO_WELD
49.709,0.0,0.0,0.0,0.0,0.0,0.0,0.0,0.0,536,226,0.4967,0.2094,3.5156285662866162,nan,nan,NO_WELD
49.759,0.0,0.0,0.0,0.0,0.0,0.0,0.0,0.0,536,226,0.4967,0.2094,3.8671912094718666,nan,nan,NO_WELD
49.809,0.0,0.0,0.0,0.0,0.0,0.0,0.0,0.0,536,226,0.4967,0.2094,3.8671912094718666,nan,nan,NO_WELD
49.859,0.0,0.0,0.0,0.0,0.0,0.0,0.0,0.0,536,226,0.4967,0.2094,5.625003571624471,nan,nan,NO_WELD
49.909,0.0,0.0,0.0,0.0,0.0,0.0,0.0,0.0,536,226,0.4967,0.2094,5.625003571624471,nan,nan,NO_WELD
49.959,0.0,0.0,0.0,0.0,0.0,0.0,0.0,0.0,536,226,0.4967,0.2094,-3.8671843792826963,nan,nan,NO_WELD
50.009,0.0,0.0,0.0,0.0,0.0,0.0,0.0,0.0,536,226,0.4967,0.2094,-3.8671843792826963,nan,nan,NO_WELD
50.06,0.0,0.0,0.0,0.0,0.0,0.0,0.0,0.0,536,226,0.4967,0.2094,-3.5156217360974464,nan,nan,NO_WELD
50.109,0.0,0.0,0.0,0.0,0.0,0.0,0.0,0.0,536,226,0.4967,0.2094,-3.5156217360974464,nan,nan,NO_WELD
50.159,0.0,0.0,0.0,0.0,0.0,0.0,0.0,0.0,536,226,0.4967,0.2094,-4.218746595581123,nan,nan,NO_WELD
50.209,0.0,0.0,0.0,0.0,0.0,0.0,0.0,0.0,536,226,0.4967,0.2094,-4.218746595581123,nan,nan,NO_WELD
50.259,0.0,0.0,0.0,0.0,0.0,0.0,0.0,0.0,536,226,0.4967,0.2094,5.97656621480972,nan,nan,NO_WELD
50.309,0.0,0.0,0.0,0.0,0.0,0.0,0.0,0.0,536,226,0.4967,0.2094,5.97656621480972,nan,nan,NO_WELD
50.359,0.0,0.0,0.0,0.0,0.0,0.0,0.0,0.0,536,226,0.4967,0.2094,3.4150945850063755e-06,nan,nan,NO_WELD
50.409,0.0,0.0,0.0,0.0,0.0,0.0,0.0,0.0,536,226,0.4967,0.2094,3.4150945850063755e-06,nan,nan,NO_WELD
50.459,0.0,0.0,0.0,0.0,0.0,0.0,0.0,0.0,536,226,0.4967,0.2094,4.218753425770293,nan,nan,NO_WELD
50.509,0.0,0.0,0.0,0.0,0.0,0.0,0.0,0.0,536,226,0.4967,0.2094,4.218753425770293,nan,nan,NO_WELD
50.559,0.0,0.0,0.0,0.0,0.0,0.0,0.0,0.0,536,226,0.4967,0.2094,-3.8671843792826963,nan,nan,NO_WELD
50.609,0.0,0.0,0.0,0.0,0.0,0.0,0.0,0.0,536,226,0.4967,0.2094,-3.8671843792826963,nan,nan,NO_WELD
50.659,0.0,0.0,0.0,0.0,0.0,0.0,0.0,0.0,536,226,0.4967,0.2094,-8.789059249442081,nan,nan,NO_WELD
50.709,0.0,0.0,0.0,0.0,0.0,0.0,0.0,0.0,536,226,0.4967,0.2094,-8.789059249442081,nan,nan,NO_WELD
50.759,0.0,0.0,0.0,0.0,0.0,0.0,0.0,0.0,536,226,0.4967,0.2094,0.35156592487770283,nan,nan,NO_WELD
50.809,0.0,0.0,0.0,0.0,0.0,0.0,0.0,0.0,536,226,0.4967,0.2094,0.35156592487770283,nan,nan,NO_WELD
50.859,0.0,0.0,0.0,0.0,0.0,0.0,0.0,0.0,536,226,0.4967,0.2094,7.031253717478648,nan,nan,NO_WELD
50.909,0.0,0.0,0.0,0.0,0.0,0.0,0.0,0.0,536,226,0.4967,0.2094,7.031253717478648,nan,nan,NO_WELD
50.959,0.0,0.0,0.0,0.0,0.0,0.0,0.0,0.0,536,226,0.4967,0.2094,-3.8671843792826963,nan,nan,NO_WELD
51.009,0.0,0.0,0.0,0.0,0.0,0.0,0.0,0.0,536,226,0.4967,0.2094,-3.8671843792826963,nan,nan,NO_WELD
51.06,0.0,0.0,0.0,0.0,0.0,0.0,0.0,0.0,536,226,0.4967,0.2094,3.4150945850063755e-06,nan,nan,NO_WELD
51.109,0.0,0.0,0.0,0.0,0.0,0.0,0.0,0.0,536,226,0.4967,0.2094,3.4150945850063755e-06,nan,nan,NO_WELD
51.159,0.0,0.0,0.0,0.0,0.0,0.0,0.0,0.0,536,226,0.4967,0.2094,-7.031246887289478,nan,nan,NO_WELD
51.209,0.0,0.0,0.0,0.0,0.0,0.0,0.0,0.0,536,226,0.4967,0.2094,-7.031246887289478,nan,nan,NO_WELD
51.259,0.0,0.0,0.0,0.0,0.0,0.0,0.0,0.0,536,226,0.4967,0.2094,-0.35155909468853286,nan,nan,NO_WELD
51.309,0.0,0.0,0.0,0.0,0.0,0.0,0.0,0.0,536,226,0.4967,0.2094,-0.35155909468853286,nan,nan,NO_WELD
51.359,0.0,0.0,0.0,0.0,0.0,0.0,0.0,0.0,536,226,0.4967,0.2094,0.7031284346608206,nan,nan,NO_WELD
51.409,0.0,0.0,0.0,0.0,0.0,0.0,0.0,0.0,536,226,0.4967,0.2094,0.7031284346608206,nan,nan,NO_WELD
51.459,0.0,0.0,0.0,0.0,0.0,0.0,0.0,0.0,536,226,0.4967,0.2094,-3.164059092912196,nan,nan,NO_WELD
51.509,0.0,0.0,0.0,0.0,0.0,0.0,0.0,0.0,536,226,0.4967,0.2094,-3.164059092912196,nan,nan,NO_WELD
51.559,0.0,0.0,0.0,0.0,0.0,0.0,0.0,0.0,536,226,0.4967,0.2094,-0.7031216044716506,nan,nan,NO_WELD
51.609,0.0,0.0,0.0,0.0,0.0,0.0,0.0,0.0,536,226,0.4967,0.2094,-0.7031216044716506,nan,nan,NO_WELD
51.659,0.035,0.0,0.035,0.035,0.0,0.0,0.035,0.035,536,226,0.4967,0.2094,3.4150945850063755e-06,3.4150945850063755e-06,0.0,WELD_FOUND
51.709,0.035,0.0,0.035,0.035,0.0,0.0,0.035,0.035,536,226,0.4967,0.2094,3.4150945850063755e-06,3.4150945850063755e-06,0.0,WELD_FOUND
51.759,0.0,0.0,0.0,0.0,0.0,0.0,0.0,0.0,536,226,0.4967,0.2094,3.4150945850063755e-06,nan,nan,NO_WELD
51.809,0.0,0.0,0.0,0.0,0.0222,0.0222,-0.0222,-0.0222,542,232,0.5023,0.215,3.4150945850063755e-06,nan,nan,NO_WELD
51.859,0.035,0.0,0.035,0.035,0.0222,0.0222,0.0128,0.0128,542,232,0.5023,0.215,3.4150945850063755e-06,3.4150945850063755e-06,0.0,WELD_FOUND
51.909,0.035,0.0,0.035,0.035,0.0222,0.0222,0.0128,0.0128,545,235,0.5051,0.2178,3.4150945850063755e-06,3.4150945850063755e-06,0.0,WELD_FOUND
51.959,0.03305891226031913,-0.01977723679335516,0.030092326741315855,0.0360254977793224,0.0208,0.0208,0.0093,0.0153,545,235,0.5051,0.2178,0.7031284346608206,0.35156592487770283,0.3515625097831178,WELD_FOUND
52.009,0.03305891226031913,-0.01977723679335516,0.030092326741315855,0.0360254977793224,0.0208,0.0208,0.0093,0.0153,547,237,0.5069,0.2196,0.7031284346608206,0.35156592487770283,0.3515625097831178,WELD_FOUND
52.06,0.0,0.0,0.0,0.0,0.0208,0.0208,-0.0208,-0.0208,547,237,0.5069,0.2196,0.7031284346608206,nan,nan,NO_WELD
52.109,0.0,0.0,0.0,0.0,0.0297,0.0297,-0.0297,-0.0297,552,242,0.5116,0.2243,0.7031284346608206,nan,nan,NO_WELD
52.159,0.0,0.0,0.0,0.0,0.0297,0.0297,-0.0297,-0.0297,552,242,0.5116,0.2243,0.7031284346608206,nan,nan,NO_WELD
52.209,0.0,0.0,0.0,0.0,0.0297,0.0297,-0.0297,-0.0297,551,242,0.5107,0.2243,0.7031284346608206,nan,nan,NO_WELD
52.259,0.0,0.0,0.0,0.0,0.0154,0.0238,-0.0154,-0.0238,551,242,0.5107,0.2243,0.7031284346608206,nan,nan,NO_WELD
52.309,0.0,0.0,0.0,0.0,0.0154,0.0238,-0.0154,-0.0238,551,242,0.5107,0.2243,0.7031284346608206,nan,nan,NO_WELD
52.359,0.0,0.0,0.0,0.0,0.0154,0.0238,-0.0154,-0.0238,551,242,0.5107,0.2243,0.7031284346608206,nan,nan,NO_WELD
52.409,0.0,0.0,0.0,0.0,0.0123,0.019,-0.0123,-0.019,551,242,0.5107,0.2243,0.7031284346608206,nan,nan,NO_WELD
52.459,0.032582298035693374,-0.01718251352437709,0.030004921007036812,0.035159675064349936,0.0123,0.019,0.0177,0.0161,551,242,0.5107,0.2243,0.35156592487770283,0.35156592487770283,0.0,WELD_FOUND
52.509,0.032582298035693374,-0.01718251352437709,0.030004921007036812,0.035159675064349936,0.0123,0.019,0.0177,0.0161,551,242,0.5107,0.2243,0.35156592487770283,0.35156592487770283,0.0,WELD_FOUND
52.559,0.0,0.0,0.0,0.0,0.0098,0.0152,-0.0098,-0.0152,551,242,0.5107,0.2243,0.35156592487770283,nan,nan,NO_WELD
52.609,0.0,0.0,0.0,0.0,0.0098,0.0152,-0.0098,-0.0152,555,246,0.5144,0.228,0.35156592487770283,nan,nan,NO_WELD
52.659,0.032582298035693374,-0.015339957317337394,0.030281304438092765,0.034883291633293984,0.0098,0.0152,0.0204,0.0197,555,246,0.5144,0.228,0.35156592487770283,0.35156592487770283,0.0,WELD_FOUND
52.709,0.032582298035693374,-0.015339957317337394,0.030281304438092765,0.034883291633293984,0.0158,0.0215,0.0145,0.0134,555,247,0.5144,0.2289,0.35156592487770283,0.35156592487770283,0.0,WELD_FOUND
52.759,0.035,0.0,0.035,0.035,0.0158,0.0215,0.0192,0.0135,555,247,0.5144,0.2289,3.4150945850063755e-06,0.17578466998614392,-0.1757812548915589,WELD_FOUND
52.809,0.035,0.0,0.035,0.035,0.0243,0.0277,0.0107,0.0073,559,251,0.5181,0.2326,3.4150945850063755e-06,0.17578466998614392,-0.1757812548915589,WELD_FOUND
52.859,0.035,0.0,0.035,0.035,0.0243,0.0277,0.0107,0.0073,559,251,0.5181,0.2326,-0.35155909468853286,3.4150945850063755e-06,-0.35156250978311787,WELD_FOUND
52.909,0.035,0.0,0.035,0.035,0.0243,0.0277,0.0107,0.0073,564,256,0.5227,0.2373,-0.35155909468853286,3.4150945850063755e-06,-0.35156250978311787,WELD_FOUND
52.959,0.0,0.0,0.0,0.0,0.0269,0.029,-0.0269,-0.029,564,256,0.5227,0.2373,-0.35155909468853286,nan,nan,NO_WELD
53.009,0.0,0.0,0.0,0.0,0.0269,0.029,-0.0269,-0.029,568,259,0.5264,0.24,-0.35155909468853286,nan,nan,NO_WELD
53.06,0.0,0.0,0.0,0.0,0.0269,0.029,-0.0269,-0.029,568,259,0.5264,0.24,-0.35155909468853286,nan,nan,NO_WELD
53.109,0.0,0.0,0.0,0.0,0.0236,0.0248,-0.0236,-0.0248,567,259,0.5255,0.24,-0.35155909468853286,nan,nan,NO_WELD
53.159,0.031229029818062734,0.02903564500008191,0.03558437656807502,0.02687368306805045,0.0236,0.0248,0.012,0.0021,567,259,0.5255,0.24,-0.7031216044716506,-0.7031216044716506,0.0,WELD_FOUND
53.209,0.031229029818062734,0.02903564500008191,0.03558437656807502,0.02687368306805045,0.0236,0.0248,0.012,0.0021,567,259,0.5255,0.24,-0.7031216044716506,-0.7031216044716506,0.0,WELD_FOUND
53.259,0.0,0.0,0.0,0.0,0.0189,0.0198,-0.0189,-0.0198,567,259,0.5255,0.24,-0.7031216044716506,nan,nan,NO_WELD
53.309,0.0,0.0,0.0,0.0,0.0189,0.0198,-0.0189,-0.0198,570,262,0.5283,0.2428,-0.7031216044716506,nan,nan,NO_WELD
53.359,0.03230938494640526,0.014979576234235802,0.03455632138154063,0.030062448511269893,0.0224,0.023,0.0121,0.007,570,262,0.5283,0.2428,-0.35155909468853286,-0.35155909468853286,0.0,WELD_FOUND
53.409,0.03230938494640526,0.014979576234235802,0.03455632138154063,0.030062448511269893,0.0224,0.023,0.0121,0.007,571,263,0.5292,0.2437,-0.35155909468853286,-0.35155909468853286,0.0,WELD_FOUND
53.459,0.0,0.0,0.0,0.0,0.0172,0.0175,-0.0172,-0.0175,571,263,0.5292,0.2437,-0.35155909468853286,nan,nan,NO_WELD
53.509,0.0,0.0,0.0,0.0,0.0172,0.0175,-0.0172,-0.0175,575,267,0.5329,0.2474,-0.35155909468853286,nan,nan,NO_WELD
53.559,0.035,0.0,0.035,0.035,0.0172,0.0175,0.0178,0.0175,575,267,0.5329,0.2474,3.4150945850063755e-06,3.4150945850063755e-06,0.0,WELD_FOUND
53.609,0.035,0.0,0.035,0.035,0.0202,0.0229,0.0148,0.0121,575,268,0.5329,0.2484,3.4150945850063755e-06,3.4150945850063755e-06,0.0,WELD_FOUND
53.659,0.035,0.0,0.035,0.035,0.0202,0.0229,0.0148,0.0121,575,268,0.5329,0.2484,3.4150945850063755e-06,3.4150945850063755e-06,0.0,WELD_FOUND
53.709,0.035,0.0,0.035,0.035,0.0202,0.0229,0.0148,0.0121,580,274,0.5375,0.2539,3.4150945850063755e-06,3.4150945850063755e-06,0.0,WELD_FOUND
53.759,0.035,0.0,0.035,0.035,0.0245,0.0286,0.0105,0.0064,580,274,0.5375,0.2539,-0.35155909468853286,3.4150945850063755e-06,-0.35156250978311787,WELD_FOUND
53.809,0.035,0.0,0.035,0.035,0.0245,0.0286,0.0105,0.0064,585,279,0.5422,0.2586,-0.35155909468853286,3.4150945850063755e-06,-0.35156250978311787,WELD_FOUND
53.859,0.035,0.0,0.035,0.035,0.0245,0.0286,0.0105,0.0064,585,279,0.5422,0.2586,-0.35155909468853286,-0.17577783979697392,-0.17578125489155894,WELD_FOUND
53.909,0.035,0.0,0.035,0.035,0.0394,0.0418,-0.0044,-0.0068,590,284,0.5468,0.2632,-0.35155909468853286,-0.17577783979697392,-0.17578125489155894,WELD_FOUND
53.959,0.03286704657452138,0.021598524253359102,0.03610682521252524,0.029627267936517515,0.0394,0.0418,-0.0033,-0.0122,590,284,0.5468,0.2632,-0.35155909468853286,-0.35155909468853286,0.0,WELD_FOUND
54.009,0.03286704657452138,0.021598524253359102,0.03610682521252524,0.029627267936517515,0.0394,0.0418,-0.0033,-0.0122,595,289,0.5514,0.2678,-0.35155909468853286,-0.35155909468853286,0.0,WELD_FOUND
54.06,0.03263918557176758,0.015856847180136257,0.035017712648788016,0.030260658494747142,0.036,0.0375,-0.001,-0.0072,595,289,0.5514,0.2678,-0.35155909468853286,-0.35155909468853286,0.0,WELD_FOUND
54.109,0.03263918557176758,0.015856847180136257,0.035017712648788016,0.030260658494747142,0.036,0.0375,-0.001,-0.0072,598,292,0.5542,0.2706,-0.35155909468853286,-0.35155909468853286,0.0,WELD_FOUND
54.159,0.03259370848423175,0.015443494053311387,0.03491023259222846,0.030277184376235042,0.036,0.0375,-0.0011,-0.0072,598,292,0.5542,0.2706,3.4150945850063755e-06,-0.35155909468853286,0.35156250978311787,WELD_FOUND
54.209,0.03259370848423175,0.015443494053311387,0.03491023259222846,0.030277184376235042,0.0364,0.0373,-0.0015,-0.007,601,295,0.557,0.2734,3.4150945850063755e-06,-0.35155909468853286,0.35156250978311787,WELD_FOUND
54.259,0.032584616871245184,0.01536028487499098,0.03488865960249383,0.030280574139996536,0.0364,0.0373,-0.0015,-0.007,601,295,0.557,0.2734,3.4150945850063755e-06,-0.35155909468853286,0.35156250978311787,WELD_FOUND
54.309,0.032584616871245184,0.01536028487499098,0.03488865960249383,0.030280574139996536,0.0364,0.0373,-0.0015,-0.007,604,298,0.5598,0.2762,3.4150945850063755e-06,-0.35155909468853286,0.35156250978311787,WELD_FOUND
54.359,0.035,0.0,0.035,0.035,0.0293,0.0298,0.0057,0.0052,604,298,0.5598,0.2762,3.4150945850063755e-06,3.4150945850063755e-06,0.0,WELD_FOUND
54.409,0.035,0.0,0.035,0.035,0.0293,0.0298,0.0057,0.0052,607,301,0.5625,0.279,3.4150945850063755e-06,3.4150945850063755e-06,0.0,WELD_FOUND
54.459,0.035,0.0,0.035,0.035,0.0293,0.0298,0.0057,0.0052,607,301,0.5625,0.279,3.4150945850063755e-06,3.4150945850063755e-06,0.0,WELD_FOUND
54.509,0.035,0.0,0.035,0.035,0.0348,0.0352,0.0002,-0.0002,611,305,0.5663,0.2827,3.4150945850063755e-06,3.4150945850063755e-06,0.0,WELD_FOUND
54.559,0.035,0.0,0.035,0.035,0.0348,0.0352,0.0002,-0.0002,611,305,0.5663,0.2827,3.4150945850063755e-06,3.4150945850063755e-06,0.0,WELD_FOUND
54.609,0.035,0.0,0.035,0.035,0.0348,0.0352,0.0002,-0.0002,615,309,0.57,0.2864,3.4150945850063755e-06,3.4150945850063755e-06,0.0,WELD_FOUND
54.659,0.035,0.0,0.035,0.035,0.0308,0.031,0.0042,0.004,615,309,0.57,0.2864,-0.35155909468853286,3.4150945850063755e-06,-0.35156250978311787,WELD_FOUND
54.709,0.035,0.0,0.035,0.035,0.0308,0.031,0.0042,0.004,620,312,0.5746,0.2892,-0.35155909468853286,3.4150945850063755e-06,-0.35156250978311787,WELD_FOUND
54.759,0.035,0.0,0.035,0.035,0.0308,0.031,0.0042,0.004,620,312,0.5746,0.2892,-0.7031216044716506,3.4150945850063755e-06,-0.7031250195662356,WELD_FOUND
54.809,0.035,0.0,0.035,0.035,0.0407,0.0309,-0.0057,0.0041,624,314,0.5783,0.291,-0.7031216044716506,3.4150945850063755e-06,-0.7031250195662356,WELD_FOUND
54.859,0.033058805803266776,0.019680021048967163,0.03601080896061185,0.0301068026459217,0.0407,0.0309,-0.0047,-0.0008,624,314,0.5783,0.291,-0.7031216044716506,-0.35155909468853286,-0.35156250978311776,WELD_FOUND
54.909,0.033058805803266776,0.019680021048967163,0.03601080896061185,0.0301068026459217,0.0429,0.0371,-0.0069,-0.007,629,319,0.5829,0.2956,-0.7031216044716506,-0.35155909468853286,-0.35156250978311776,WELD_FOUND
54.959,0.0,0.0,0.0,0.0,0.0429,0.0371,-0.0429,-0.0371,629,319,0.5829,0.2956,-0.7031216044716506,nan,nan,NO_WELD
55.009,0.0,0.0,0.0,0.0,0.0429,0.0371,-0.0429,-0.0371,631,321,0.5848,0.2975,-0.7031216044716506,nan,nan,NO_WELD
55.06,0.0,0.0,0.0,0.0,0.0307,0.0272,-0.0307,-0.0272,631,321,0.5848,0.2975,-0.7031216044716506,nan,nan,NO_WELD
55.109,0.0,0.0,0.0,0.0,0.0307,0.0272,-0.0307,-0.0272,631,322,0.5848,0.2984,-0.7031216044716506,nan,nan,NO_WELD
55.159,0.03080274083765055,0.029964662383978415,0.03529744019524731,0.02630804148005379,0.0307,0.0272,0.0046,-0.0009,631,322,0.5848,0.2984,-0.7031216044716506,-0.7031216044716506,0.0,WELD_FOUND
55.209,0.03080274083765055,0.029964662383978415,0.03529744019524731,0.02630804148005379,0.0246,0.0213,0.0107,0.0051,631,323,0.5848,0.2993,-0.7031216044716506,-0.7031216044716506,0.0,WELD_FOUND
55.259,0.03128483894511937,0.021892300602257036,0.034568684035457924,0.02800099385478081,0.0246,0.0213,0.01,0.0067,631,323,0.5848,0.2993,-0.35155909468853286,-0.5273403362398785,0.17578124155134567,WELD_FOUND
55.309,0.03128483894511937,0.021892300602257036,0.034568684035457924,0.02800099385478081,0.0296,0.0239,0.005,0.0041,635,326,0.5885,0.3021,-0.35155909468853286,-0.5273403362398785,0.17578124155134567,WELD_FOUND
55.359,0.032320734128297404,0.012951169380772676,0.034263409535413306,0.030378058721181503,0.0296,0.0239,0.0047,0.0065,635,326,0.5885,0.3021,3.4150945850063755e-06,-0.35155909468853286,0.35156250978311787,WELD_FOUND
55.409,0.032320734128297404,0.012951169380772676,0.034263409535413306,0.030378058721181503,0.0296,0.0239,0.0047,0.0065,640,331,0.5931,0.3068,3.4150945850063755e-06,-0.35155909468853286,0.35156250978311787,WELD_FOUND
55.459,0.03158785495349672,0.024690933788587006,0.03529149502178477,0.027884214885208668,0.0301,0.0267,0.0052,0.0012,640,331,0.5931,0.3068,-0.7031216044716506,-0.5273403362398785,-0.1757812682317721,WELD_FOUND
55.509,0.03158785495349672,0.024690933788587006,0.03529149502178477,0.027884214885208668,0.0301,0.0267,0.0052,0.0012,643,335,0.5959,0.3105,-0.7031216044716506,-0.5273403362398785,-0.1757812682317721,WELD_FOUND
55.559,0.03238221326752922,0.013492727766619894,0.0344061224325222,0.030358304102536236,0.0292,0.0308,0.0052,-0.0005,643,335,0.5959,0.3105,-0.35155909468853286,-0.35155909468853286,0.0,WELD_FOUND
55.609,0.03238221326752922,0.013492727766619894,0.0344061224325222,0.030358304102536236,0.0292,0.0308,0.0052,-0.0005,647,338,0.5996,0.3132,-0.35155909468853286,-0.35155909468853286,0.0,WELD_FOUND
55.659,0.03254226866418274,0.014979702746847092,0.03478922407620981,0.03029531325215568,0.0323,0.0296,0.0024,0.0007,647,338,0.5996,0.3132,-0.7031216044716506,-0.35155909468853286,-0.35156250978311776,WELD_FOUND
55.709,0.03254226866418274,0.014979702746847092,0.03478922407620981,0.03029531325215568,0.0323,0.0296,0.0024,0.0007,651,342,0.6033,0.317,-0.7031216044716506,-0.35155909468853286,-0.35156250978311776,WELD_FOUND
55.759,0.0,0.0,0.0,0.0,0.0323,0.0296,-0.0323,-0.0296,651,342,0.6033,0.317,-0.7031216044716506,nan,nan,NO_WELD
55.809,0.0,0.0,0.0,0.0,0.0367,0.0375,-0.0367,-0.0375,654,346,0.6061,0.3207,-0.7031216044716506,nan,nan,NO_WELD
55.859,0.0,0.0,0.0,0.0,0.0367,0.0375,-0.0367,-0.0375,654,346,0.6061,0.3207,-0.7031216044716506,nan,nan,NO_WELD
55.909,0.0,0.0,0.0,0.0,0.0183,0.03,-0.0183,-0.03,653,346,0.6052,0.3207,-0.7031216044716506,nan,nan,NO_WELD
55.959,0.03070270949555521,0.030085490390545585,0.03521553305413705,0.02618988593697337,0.0183,0.03,0.0169,-0.0038,653,346,0.6052,0.3207,-0.7031216044716506,-0.7031216044716506,0.0,WELD_FOUND
56.009,0.03070270949555521,0.030085490390545585,0.03521553305413705,0.02618988593697337,0.0183,0.03,0.0169,-0.0038,653,346,0.6052,0.3207,-0.7031216044716506,-0.7031216044716506,0.0,WELD_FOUND
56.06,0.0,0.0,0.0,0.0,0.0146,0.024,-0.0146,-0.024,653,346,0.6052,0.3207,-0.7031216044716506,nan,nan,NO_WELD
56.109,0.0,0.0,0.0,0.0,0.0146,0.024,-0.0146,-0.024,657,350,0.6089,0.3244,-0.7031216044716506,nan,nan,NO_WELD
56.159,0.032201950071711095,0.014837066577827197,0.03442751005838517,0.029976390085037018,0.0146,0.024,0.0198,0.006,657,350,0.6089,0.3244,-0.35155909468853286,-0.35155909468853286,0.0,WELD_FOUND
56.209,0.032201950071711095,0.014837066577827197,0.03442751005838517,0.029976390085037018,0.0187,0.0243,0.0158,0.0057,657,350,0.6089,0.3244,-0.35155909468853286,-0.35155909468853286,0.0,WELD_FOUND
56.259,0.035,0.0,0.035,0.035,0.0187,0.0243,0.0163,0.0107,657,350,0.6089,0.3244,3.4150945850063755e-06,-0.17577783979697392,0.17578125489155894,WELD_FOUND
56.309,0.035,0.0,0.035,0.035,0.0187,0.0243,0.0163,0.0107,661,354,0.6126,0.3281,3.4150945850063755e-06,-0.17577783979697392,0.17578125489155894,WELD_FOUND
56.359,0.0,0.0,0.0,0.0,0.0211,0.0245,-0.0211,-0.0245,661,354,0.6126,0.3281,3.4150945850063755e-06,nan,nan,NO_WELD
56.409,0.0,0.0,0.0,0.0,0.0211,0.0245,-0.0211,-0.0245,666,359,0.6172,0.3327,3.4150945850063755e-06,nan,nan,NO_WELD
56.459,0.032757271574881654,0.018467224093565777,0.03552735518891652,0.029987187960846786,0.0211,0.0245,0.0144,0.0055,666,359,0.6172,0.3327,-0.35155909468853286,-0.35155909468853286,0.0,WELD_FOUND
56.509,0.032757271574881654,0.018467224093565777,0.03552735518891652,0.029987187960846786,0.0225,0.027,0.013,0.003,665,359,0.6163,0.3327,-0.35155909468853286,-0.35155909468853286,0.0,WELD_FOUND
56.559,0.031673935985538505,0.025479576298896564,0.03549587243037299,0.027851999540704022,0.0225,0.027,0.013,0.0008,665,359,0.6163,0.3327,-0.7031216044716506,-0.5273403362398785,-0.1757812682317721,WELD_FOUND
56.609,0.031673935985538505,0.025479576298896564,0.03549587243037299,0.027851999540704022,0.0225,0.027,0.013,0.0008,665,359,0.6163,0.3327,-0.7031216044716506,-0.5273403362398785,-0.1757812682317721,WELD_FOUND
56.659,0.032399635085978686,0.01362883151456991,0.03444395981316417,0.0303553103587932,0.0234,0.0261,0.011,0.0042,669,363,0.62,0.3364,-0.35155909468853286,-0.35155909468853286,0.0,WELD_FOUND
56.709,0.032399635085978686,0.01362883151456991,0.03444395981316417,0.0303553103587932,0.0234,0.0261,0.011,0.0042,669,363,0.62,0.3364,-0.35155909468853286,-0.35155909468853286,0.0,WELD_FOUND
56.759,0.0,0.0,0.0,0.0,0.0234,0.0261,-0.0234,-0.0261,673,368,0.6237,0.3411,-0.35155909468853286,nan,nan,NO_WELD
56.809,0.0,0.0,0.0,0.0,0.0239,0.028,-0.0239,-0.028,673,368,0.6237,0.3411,-0.35155909468853286,nan,nan,NO_WELD
56.859,0.035,0.0,0.035,0.035,0.0239,0.028,0.0111,0.007,677,372,0.6274,0.3448,3.4150945850063755e-06,3.4150945850063755e-06,0.0,WELD_FOUND
56.909,0.035,0.0,0.035,0.035,0.0239,0.028,0.0111,0.007,677,372,0.6274,0.3448,3.4150945850063755e-06,3.4150945850063755e-06,0.0,WELD_FOUND
56.959,0.035,0.0,0.035,0.035,0.0242,0.0292,0.0108,0.0058,677,373,0.6274,0.3457,3.4150945850063755e-06,3.4150945850063755e-06,0.0,WELD_FOUND
57.009,0.035,0.0,0.035,0.035,0.0242,0.0292,0.0108,0.0058,677,373,0.6274,0.3457,3.4150945850063755e-06,3.4150945850063755e-06,0.0,WELD_FOUND
57.06,0.035,0.0,0.035,0.035,0.0242,0.0292,0.0108,0.0058,682,377,0.6321,0.3494,3.4150945850063755e-06,3.4150945850063755e-06,0.0,WELD_FOUND
57.109,0.035,0.0,0.035,0.035,0.0269,0.0274,0.0081,0.0076,682,377,0.6321,0.3494,3.4150945850063755e-06,3.4150945850063755e-06,0.0,WELD_FOUND
57.159,0.035,0.0,0.035,0.035,0.0269,0.0274,0.0081,0.0076,687,382,0.6367,0.354,-0.35155909468853286,3.4150945850063755e-06,-0.35156250978311787,WELD_FOUND
57.209,0.035,0.0,0.035,0.035,0.0269,0.0274,0.0081,0.0076,687,382,0.6367,0.354,-0.35155909468853286,3.4150945850063755e-06,-0.35156250978311787,WELD_FOUND
57.259,0.035,0.0,0.035,0.035,0.0384,0.0411,-0.0034,-0.0061,691,387,0.6404,0.3587,-0.35155909468853286,3.4150945850063755e-06,-0.35156250978311787,WELD_FOUND
57.309,0.035,0.0,0.035,0.035,0.0384,0.0411,-0.0034,-0.0061,691,387,0.6404,0.3587,-0.35155909468853286,3.4150945850063755e-06,-0.35156250978311787,WELD_FOUND
57.359,0.035,0.0,0.035,0.035,0.0379,0.0395,-0.0029,-0.0045,695,391,0.6441,0.3624,0.35156592487770283,3.4150945850063755e-06,0.3515625097831178,WELD_FOUND
57.409,0.035,0.0,0.035,0.035,0.0379,0.0395,-0.0029,-0.0045,695,391,0.6441,0.3624,0.35156592487770283,3.4150945850063755e-06,0.3515625097831178,WELD_FOUND
57.459,0.0,0.0,0.0,0.0,0.0379,0.0395,-0.0379,-0.0395,699,394,0.6478,0.3651,0.35156592487770283,nan,nan,NO_WELD
57.509,0.0,0.0,0.0,0.0,0.0326,0.0311,-0.0326,-0.0311,699,394,0.6478,0.3651,0.35156592487770283,nan,nan,NO_WELD
57.559,0.0,0.0,0.0,0.0,0.0326,0.0311,-0.0326,-0.0311,702,397,0.6506,0.3679,0.35156592487770283,nan,nan,NO_WELD
57.609,0.0,0.0,0.0,0.0,0.0326,0.0311,-0.0326,-0.0311,702,397,0.6506,0.3679,0.35156592487770283,nan,nan,NO_WELD
57.659,0.035,0.0,0.035,0.035,0.027,0.0236,0.008,0.0114,702,396,0.6506,0.367,3.4150945850063755e-06,3.4150945850063755e-06,0.0,WELD_FOUND
57.709,0.035,0.0,0.035,0.035,0.027,0.0236,0.008,0.0114,702,396,0.6506,0.367,3.4150945850063755e-06,3.4150945850063755e-06,0.0,WELD_FOUND
57.759,0.0,0.0,0.0,0.0,0.027,0.0236,-0.027,-0.0236,703,396,0.6515,0.367,3.4150945850063755e-06,nan,nan,NO_WELD
57.809,0.0,0.0,0.0,0.0,0.0187,0.0189,-0.0187,-0.0189,703,396,0.6515,0.367,3.4150945850063755e-06,nan,nan,NO_WELD
57.859,0.033058952132329116,0.015994084187029536,0.035458064760383545,0.030659839504274686,0.0187,0.0189,0.0168,0.0118,707,400,0.6552,0.3707,-0.35155909468853286,-0.35155909468853286,0.0,WELD_FOUND
57.909,0.033058952132329116,0.015994084187029536,0.035458064760383545,0.030659839504274686,0.0187,0.0189,0.0168,0.0118,707,400,0.6552,0.3707,-0.35155909468853286,-0.35155909468853286,0.0,WELD_FOUND
57.959,0.035,0.0,0.035,0.035,0.0211,0.0237,0.0139,0.0113,707,401,0.6552,0.3716,0.35156592487770283,3.4150945850063755e-06,0.3515625097831178,WELD_FOUND
58.009,0.035,0.0,0.035,0.035,0.0211,0.0237,0.0139,0.0113,707,401,0.6552,0.3716,0.35156592487770283,3.4150945850063755e-06,0.3515625097831178,WELD_FOUND
58.06,0.033135491952710885,-0.01885148727824612,0.030307768860973968,0.035963215044447806,0.0211,0.0237,0.0092,0.0123,712,406,0.6599,0.3763,0.35156592487770283,0.35156592487770283,0.0,WELD_FOUND
58.109,0.033135491952710885,-0.01885148727824612,0.030307768860973968,0.035963215044447806,0.025,0.0266,0.0053,0.0094,712,406,0.6599,0.3763,0.35156592487770283,0.35156592487770283,0.0,WELD_FOUND
58.159,0.03269256428200319,-0.016331592677837396,0.030242825380327583,0.0351423031836788,0.025,0.0266,0.0052,0.0086,717,411,0.6645,0.3809,0.7031284346608206,0.35156592487770283,0.3515625097831178,WELD_FOUND
58.209,0.03269256428200319,-0.016331592677837396,0.030242825380327583,0.0351423031836788,0.025,0.0266,0.0052,0.0086,717,411,0.6645,0.3809,0.7031284346608206,0.35156592487770283,0.3515625097831178,WELD_FOUND
58.259,0.032604336383471585,-0.015541958571602316,0.03027304259773124,0.03493563016921193,0.0397,0.0407,-0.0094,-0.0057,722,416,0.6691,0.3855,0.35156592487770283,0.35156592487770283,0.0,WELD_FOUND
58.309,0.032604336383471585,-0.015541958571602316,0.03027304259773124,0.03493563016921193,0.0397,0.0407,-0.0094,-0.0057,722,416,0.6691,0.3855,0.35156592487770283,0.35156592487770283,0.0,WELD_FOUND
58.359,0.032586705109189665,-0.015380303004261655,0.030279659658550416,0.034893750559828914,0.0397,0.0407,-0.0094,-0.0058,725,419,0.6719,0.3883,-0.35155909468853286,0.35156592487770283,-0.7031250195662357,WELD_FOUND
58.409,0.032586705109189665,-0.015380303004261655,0.030279659658550416,0.034893750559828914,0.0312,0.0318,-0.001,0.0031,725,419,0.6719,0.3883,-0.35155909468853286,0.35156592487770283,-0.7031250195662357,WELD_FOUND
58.459,0.03258317942655026,-0.015347890950039127,0.03028099578404439,0.034885363069056124,0.0312,0.0318,-0.001,0.0031,728,422,0.6747,0.3911,0.35156592487770283,0.35156592487770283,0.0,WELD_FOUND
58.509,0.03258317942655026,-0.015347890950039127,0.03028099578404439,0.034885363069056124,0.0312,0.0318,-0.001,0.0031,728,422,0.6747,0.3911,0.35156592487770283,0.35156592487770283,0.0,WELD_FOUND
58.559,0.03258247431291106,-0.015341579413510628,0.030281237400884464,0.03488371122493765,0.036,0.0364,-0.0058,-0.0015,732,426,0.6784,0.3948,3.4150945850063755e-06,0.35156592487770283,-0.3515625097831178,WELD_FOUND
58.609,0.03258247431291106,-0.015341579413510628,0.030281237400884464,0.03488371122493765,0.036,0.0364,-0.0058,-0.0015,732,426,0.6784,0.3948,3.4150945850063755e-06,0.35156592487770283,-0.3515625097831178,WELD_FOUND
58.659,0.035,0.0,0.035,0.035,0.0328,0.033,0.0022,0.002,735,429,0.6812,0.3976,-0.35155909468853286,3.4150945850063755e-06,-0.35156250978311787,WELD_FOUND
58.709,0.035,0.0,0.035,0.035,0.0328,0.033,0.0022,0.002,735,429,0.6812,0.3976,-0.35155909468853286,3.4150945850063755e-06,-0.35156250978311787,WELD_FOUND
58.759,0.035,0.0,0.035,0.035,0.0328,0.033,0.0022,0.002,739,432,0.6849,0.4004,3.4150945850063755e-06,3.4150945850063755e-06,0.0,WELD_FOUND
58.809,0.035,0.0,0.035,0.035,0.0295,0.0272,0.0055,0.0078,739,432,0.6849,0.4004,3.4150945850063755e-06,3.4150945850063755e-06,0.0,WELD_FOUND
58.859,0.035,0.0,0.035,0.035,0.0295,0.0272,0.0055,0.0078,743,437,0.6886,0.405,3.4150945850063755e-06,3.4150945850063755e-06,0.0,WELD_FOUND
58.909,0.035,0.0,0.035,0.035,0.0295,0.0272,0.0055,0.0078,743,437,0.6886,0.405,3.4150945850063755e-06,3.4150945850063755e-06,0.0,WELD_FOUND
58.959,0.035,0.0,0.035,0.035,0.0375,0.0386,-0.0025,-0.0036,747,441,0.6923,0.4087,-0.35155909468853286,3.4150945850063755e-06,-0.35156250978311787,WELD_FOUND
59.009,0.035,0.0,0.035,0.035,0.0375,0.0386,-0.0025,-0.0036,747,441,0.6923,0.4087,-0.35155909468853286,3.4150945850063755e-06,-0.35156250978311787,WELD_FOUND
59.06,0.03305972402641119,0.019683688350565783,0.03601227727899606,0.030107170773826325,0.041,0.038,-0.005,-0.0079,752,445,0.6969,0.4124,-0.35155909468853286,-0.35155909468853286,0.0,WELD_FOUND
59.109,0.03305972402641119,0.019683688350565783,0.03601227727899606,0.030107170773826325,0.041,0.038,-0.005,-0.0079,752,445,0.6969,0.4124,-0.35155909468853286,-0.35155909468853286,0.0,WELD_FOUND
59.159,0.035,0.0,0.035,0.035,0.041,0.038,-0.006,-0.003,755,448,0.6997,0.4152,3.4150945850063755e-06,3.4150945850063755e-06,0.0,WELD_FOUND
59.209,0.035,0.0,0.035,0.035,0.032,0.0302,0.003,0.0048,755,448,0.6997,0.4152,3.4150945850063755e-06,3.4150945850063755e-06,0.0,WELD_FOUND
59.259,0.032982498414988744,0.020604442763147567,0.03607316482946088,0.029891832000516608,0.032,0.0302,0.004,-0.0003,759,452,0.7034,0.4189,-0.35155909468853286,-0.35155909468853286,0.0,WELD_FOUND
59.309,0.032982498414988744,0.020604442763147567,0.03607316482946088,0.029891832000516608,0.032,0.0302,0.004,-0.0003,759,452,0.7034,0.4189,-0.35155909468853286,-0.35155909468853286,0.0,WELD_FOUND
59.359,0.03266217963692222,0.016059013351490195,0.035071031639645756,0.030253327634198694,0.039,0.0379,-0.0039,-0.0076,763,456,0.7071,0.4226,-0.35155909468853286,-0.35155909468853286,0.0,WELD_FOUND
59.409,0.03266217963692222,0.016059013351490195,0.035071031639645756,0.030253327634198694,0.039,0.0379,-0.0039,-0.0076,763,456,0.7071,0.4226,-0.35155909468853286,-0.35155909468853286,0.0,WELD_FOUND
59.459,0.032598303445145124,0.015483972709965942,0.034920899351640014,0.030275707538650234,0.039,0.0379,-0.0041,-0.0076,766,459,0.7099,0.4254,-0.35155909468853286,-0.35155909468853286,0.0,WELD_FOUND
59.509,0.032598303445145124,0.015483972709965942,0.034920899351640014,0.030275707538650234,0.0308,0.0301,0.0041,0.0001,766,459,0.7099,0.4254,-0.35155909468853286,-0.35155909468853286,0.0,WELD_FOUND
59.559,0.032585535709343146,0.01536888160085331,0.03489086794947114,0.030280203469215148,0.0308,0.0301,0.0041,0.0001,769,462,0.7127,0.4282,-0.35155909468853286,-0.35155909468853286,0.0,WELD_FOUND
59.609,0.032585535709343146,0.01536888160085331,0.03489086794947114,0.030280203469215148,0.0308,0.0301,0.0041,0.0001,769,462,0.7127,0.4282,-0.35155909468853286,-0.35155909468853286,0.0,WELD_FOUND
59.659,0.032582982462284894,0.01534546630093372,0.034884802407424954,0.030281162517144838,0.0358,0.0354,-0.0009,-0.0051,773,466,0.7164,0.4319,-0.35155909468853286,-0.35155909468853286,0.0,WELD_FOUND
59.709,0.032582982462284894,0.01534546630093372,0.034884802407424954,0.030281162517144838,0.0358,0.0354,-0.0009,-0.0051,773,466,0.7164,0.4319,-0.35155909468853286,-0.35155909468853286,0.0,WELD_FOUND
59.759,0.03258247182487733,0.015340813161045309,0.03488359379903412,0.03028134985072053,0.0358,0.0354,-0.0009,-0.0051,777,470,0.7201,0.4356,3.4150945850063755e-06,-0.35155909468853286,0.35156250978311787,WELD_FOUND
59.809,0.03258247182487733,0.015340813161045309,0.03488359379903412,0.03028134985072053,0.0314,0.0311,0.0035,-0.0008,777,470,0.7201,0.4356,3.4150945850063755e-06,-0.35155909468853286,0.35156250978311787,WELD_FOUND
59.859,0.03258236969787598,0.015339895226397091,0.03488335398183554,0.030281385413916416,0.0314,0.0311,0.0035,-0.0008,781,473,0.7238,0.4384,-0.35155909468853286,-0.35155909468853286,0.0,WELD_FOUND
59.909,0.03258236969787598,0.015339895226397091,0.03488335398183554,0.030281385413916416,0.0314,0.0311,0.0035,-0.0008,781,473,0.7238,0.4384,-0.35155909468853286,-0.35155909468853286,0.0,WELD_FOUND
59.959,0.03258234927249491,0.015339705124125212,0.03488330504111369,0.030281393503876132,0.0361,0.036,-0.0012,-0.0057,784,477,0.7266,0.4421,3.4150945850063755e-06,-0.35155909468853286,0.35156250978311787,WELD_FOUND
60.009,0.03258234927249491,0.015339705124125212,0.03488330504111369,0.030281393503876132,0.0361,0.036,-0.0012,-0.0057,784,477,0.7266,0.4421,3.4150945850063755e-06,-0.35155909468853286,0.35156250978311787,WELD_FOUND
60.06,0.035,0.0,0.035,0.035,0.0361,0.036,-0.0011,-0.001,788,480,0.7303,0.4448,3.4150945850063755e-06,3.4150945850063755e-06,0.0,WELD_FOUND
60.109,0.035,0.0,0.035,0.035,0.0316,0.029,0.0034,0.006,788,480,0.7303,0.4448,3.4150945850063755e-06,3.4150945850063755e-06,0.0,WELD_FOUND
60.159,0.035,0.0,0.035,0.035,0.0316,0.029,0.0034,0.006,791,484,0.7331,0.4486,-0.35155909468853286,3.4150945850063755e-06,-0.35156250978311787,WELD_FOUND
60.209,0.035,0.0,0.035,0.035,0.03,0.0322,0.005,0.0028,791,484,0.7331,0.4486,-0.35155909468853286,3.4150945850063755e-06,-0.35156250978311787,WELD_FOUND
60.259,0.0,0.0,0.0,0.0,0.03,0.0322,-0.03,-0.0322,795,488,0.7368,0.4523,-0.35155909468853286,nan,nan,NO_WELD
60.309,0.0,0.0,0.0,0.0,0.0329,0.0342,-0.0329,-0.0342,795,488,0.7368,0.4523,-0.35155909468853286,nan,nan,NO_WELD
60.359,0.031154687368230995,0.032029244840900986,0.03595907409436614,0.02635030064209585,0.0329,0.0342,0.0031,-0.0078,799,491,0.7405,0.455,-0.7031216044716506,-0.7031216044716506,0.0,WELD_FOUND
60.409,0.031154687368230995,0.032029244840900986,0.03595907409436614,0.02635030064209585,0.0329,0.0342,0.0031,-0.0078,799,491,0.7405,0.455,-0.7031216044716506,-0.7031216044716506,0.0,WELD_FOUND
60.459,0.03135561545207586,0.02253647680189717,0.034736086972360435,0.027975143931791284,0.0271,0.0304,0.0076,-0.0024,798,492,0.7396,0.456,-0.35155909468853286,-0.5273403362398785,0.17578124155134567,WELD_FOUND
60.509,0.03135561545207586,0.02253647680189717,0.034736086972360435,0.027975143931791284,0.0271,0.0304,0.0076,-0.0024,798,492,0.7396,0.456,-0.35155909468853286,-0.5273403362398785,0.17578124155134567,WELD_FOUND
60.559,0.030470484428482134,0.03271754348494821,0.035378115951224365,0.025562852905739904,0.0271,0.0304,0.0082,-0.0048,802,496,0.7433,0.4597,-0.7031216044716506,-0.7031216044716506,0.0,WELD_FOUND
60.609,0.030470484428482134,0.03271754348494821,0.035378115951224365,0.025562852905739904,0.0262,0.0281,0.0092,-0.0026,802,496,0.7433,0.4597,-0.7031216044716506,-0.7031216044716506,0.0,WELD_FOUND
60.659,0.03121772412362157,0.021240736190150974,0.034403834552144213,0.028031613695098923,0.0262,0.0281,0.0082,-0.0001,806,500,0.747,0.4634,3.4150945850063755e-06,-0.5273403362398785,0.5273437513344635,WELD_FOUND
60.709,0.03121772412362157,0.021240736190150974,0.034403834552144213,0.028031613695098923,0.0305,0.0317,0.0039,-0.0037,806,500,0.747,0.4634,3.4150945850063755e-06,-0.5273403362398785,0.5273437513344635,WELD_FOUND
60.759,0.03230708486122023,0.012815178379586322,0.03422936161815818,0.03038480810428228,0.0305,0.0317,0.0037,-0.0013,809,503,0.7498,0.4662,3.4150945850063755e-06,-0.35155909468853286,0.35156250978311787,WELD_FOUND
60.809,0.03230708486122023,0.012815178379586322,0.03422936161815818,0.03038480810428228,0.0294,0.0301,0.0048,0.0002,809,503,0.7498,0.4662,3.4150945850063755e-06,-0.35155909468853286,0.35156250978311787,WELD_FOUND
60.859,0.035,0.0,0.035,0.035,0.0294,0.0301,0.0056,0.0049,813,507,0.7535,0.4699,3.4150945850063755e-06,3.4150945850063755e-06,0.0,WELD_FOUND
60.909,0.035,0.0,0.035,0.035,0.0325,0.0329,0.0025,0.0021,813,507,0.7535,0.4699,3.4150945850063755e-06,3.4150945850063755e-06,0.0,WELD_FOUND
60.959,0.035,0.0,0.035,0.035,0.0325,0.0329,0.0025,0.0021,817,510,0.7572,0.4727,3.4150945850063755e-06,3.4150945850063755e-06,0.0,WELD_FOUND
61.009,0.035,0.0,0.035,0.035,0.0325,0.0329,0.0025,0.0021,817,510,0.7572,0.4727,3.4150945850063755e-06,3.4150945850063755e-06,0.0,WELD_FOUND
61.06,0.035,0.0,0.035,0.035,0.0417,0.0371,-0.0067,-0.0021,822,514,0.7618,0.4764,3.4150945850063755e-06,3.4150945850063755e-06,0.0,WELD_FOUND
61.109,0.035,0.0,0.035,0.035,0.0417,0.0371,-0.0067,-0.0021,822,514,0.7618,0.4764,3.4150945850063755e-06,3.4150945850063755e-06,0.0,WELD_FOUND
61.159,0.035,0.0,0.035,0.035,0.0417,0.0371,-0.0067,-0.0021,826,519,0.7655,0.481,3.4150945850063755e-06,3.4150945850063755e-06,0.0,WELD_FOUND
61.209,0.035,0.0,0.035,0.035,0.0349,0.0346,0.0001,0.0004,826,519,0.7655,0.481,3.4150945850063755e-06,3.4150945850063755e-06,0.0,WELD_FOUND
61.259,0.035,0.0,0.035,0.035,0.0349,0.0346,0.0001,0.0004,829,522,0.7683,0.4838,3.4150945850063755e-06,3.4150945850063755e-06,0.0,WELD_FOUND
61.309,0.035,0.0,0.035,0.035,0.0349,0.0346,0.0001,0.0004,829,522,0.7683,0.4838,3.4150945850063755e-06,3.4150945850063755e-06,0.0,WELD_FOUND
61.359,0.035,0.0,0.035,0.035,0.0383,0.0381,-0.0033,-0.0031,833,526,0.772,0.4875,0.35156592487770283,3.4150945850063755e-06,0.3515625097831178,WELD_FOUND
61.409,0.035,0.0,0.035,0.035,0.0383,0.0381,-0.0033,-0.0031,833,526,0.772,0.4875,0.35156592487770283,3.4150945850063755e-06,0.3515625097831178,WELD_FOUND
61.459,0.035,0.0,0.035,0.035,0.0383,0.0381,-0.0033,-0.0031,837,530,0.7757,0.4912,3.4150945850063755e-06,3.4150945850063755e-06,0.0,WELD_FOUND
61.509,0.035,0.0,0.035,0.035,0.0328,0.0327,0.0022,0.0023,837,530,0.7757,0.4912,3.4150945850063755e-06,3.4150945850063755e-06,0.0,WELD_FOUND
61.559,0.035,0.0,0.035,0.035,0.0328,0.0327,0.0022,0.0023,841,534,0.7794,0.4949,3.4150945850063755e-06,3.4150945850063755e-06,0.0,WELD_FOUND
61.609,0.035,0.0,0.035,0.035,0.0328,0.0327,0.0022,0.0023,841,534,0.7794,0.4949,3.4150945850063755e-06,3.4150945850063755e-06,0.0,WELD_FOUND
61.659,0.035,0.0,0.035,0.035,0.0395,0.0394,-0.0045,-0.0044,845,538,0.7831,0.4986,3.4150945850063755e-06,3.4150945850063755e-06,0.0,WELD_FOUND
61.709,0.035,0.0,0.035,0.035,0.0395,0.0394,-0.0045,-0.0044,845,538,0.7831,0.4986,0.35156592487770283,3.4150945850063755e-06,0.3515625097831178,WELD_FOUND
61.759,0.035,0.0,0.035,0.035,0.0385,0.0385,-0.0035,-0.0035,849,542,0.7868,0.5023,0.35156592487770283,3.4150945850063755e-06,0.3515625097831178,WELD_FOUND
61.809,0.035,0.0,0.035,0.035,0.0385,0.0385,-0.0035,-0.0035,849,542,0.7868,0.5023,0.35156592487770283,3.4150945850063755e-06,0.3515625097831178,WELD_FOUND
61.859,0.035,0.0,0.035,0.035,0.0342,0.0385,0.0008,-0.0035,852,546,0.7896,0.506,0.35156592487770283,3.4150945850063755e-06,0.3515625097831178,WELD_FOUND
61.909,0.035,0.0,0.035,0.035,0.0342,0.033,0.0008,0.002,852,546,0.7896,0.506,3.4150945850063755e-06,3.4150945850063755e-06,0.0,WELD_FOUND
61.959,0.035,0.0,0.035,0.035,0.0342,0.033,0.0008,0.002,856,549,0.7933,0.5088,3.4150945850063755e-06,3.4150945850063755e-06,0.0,WELD_FOUND
62.009,0.035,0.0,0.035,0.035,0.0304,0.033,0.0046,0.002,856,549,0.7933,0.5088,0.35156592487770283,3.4150945850063755e-06,0.3515625097831178,WELD_FOUND
62.06,0.033058912262506054,-0.019629147655656213,0.030114540114157623,0.036003284410854486,0.0304,0.0371,-0.0003,-0.0011,860,553,0.797,0.5125,0.35156592487770283,0.35156592487770283,0.0,WELD_FOUND
62.109,0.033058912262506054,-0.019629147655656213,0.030114540114157623,0.036003284410854486,0.0304,0.0371,-0.0003,-0.0011,860,553,0.797,0.5125,0.35156592487770283,nan,nan,NO_WELD
62.159,0.0,0.0,0.0,0.0,0.038,0.0334,-0.038,-0.0334,864,556,0.8007,0.5153,0.35156592487770283,nan,nan,NO_WELD
62.209,0.0,0.0,0.0,0.0,0.038,0.0334,-0.038,-0.0334,864,556,0.8007,0.5153,0.35156592487770283,nan,nan,WELD_FOUND
62.259,0.03267734402556922,-0.015466426646276378,0.03035738002862776,0.03499730802251067,0.038,0.0334,-0.0077,0.0016,866,559,0.8026,0.5181,0.35156592487770283,0.35156592487770283,0.0,WELD_FOUND
62.309,0.032601296159449074,-0.015517208936072788,0.030273714819038157,0.03492887749985999,0.0278,0.0274,0.0025,0.0075,866,559,0.8026,0.5181,0.35156592487770283,0.35156592487770283,0.0,WELD_FOUND
62.359,0.032601296159449074,-0.015517208936072788,0.030273714819038157,0.03492887749985999,0.0278,0.0274,0.0025,0.0075,865,560,0.8017,0.519,0.35156592487770283,0.35156592487770283,0.0,WELD_FOUND
62.409,0.032601296159449074,-0.015517208936072788,0.030273714819038157,0.03492887749985999,0.0278,0.0274,0.0025,0.0075,865,560,0.8017,0.519,3.4150945850063755e-06,0.35156592487770283,-0.3515625097831178,WELD_FOUND
62.459,0.03258609721747573,-0.015373256583335054,0.030280108729975476,0.03489208570497599,0.0241,0.0288,0.0062,0.0061,869,564,0.8054,0.5227,3.4150945850063755e-06,0.35156592487770283,-0.3515625097831178,WELD_FOUND
62.509,0.035,0.0,0.035,0.035,0.0241,0.0288,0.0109,0.0062,869,564,0.8054,0.5227,3.4150945850063755e-06,0.17578466998614392,-0.1757812548915589,WELD_FOUND
62.559,0.035,0.0,0.035,0.035,0.0241,0.0288,0.0109,0.0062,873,568,0.8091,0.5264,3.4150945850063755e-06,0.17578466998614392,-0.1757812548915589,WELD_FOUND
62.609,0.0,0.0,0.0,0.0,0.0243,0.0272,-0.0243,-0.0272,873,568,0.8091,0.5264,3.4150945850063755e-06,nan,nan,NO_WELD
62.659,0.0,0.0,0.0,0.0,0.0243,0.0272,-0.0243,-0.0272,877,572,0.8128,0.5301,3.4150945850063755e-06,nan,nan,NO_WELD
62.709,0.03145243954496544,0.029513753321220883,0.035879502543148575,0.027025376546782307,0.0243,0.0272,0.0116,-0.0002,877,572,0.8128,0.5301,-0.7031216044716506,-0.7031216044716506,0.0,WELD_FOUND
62.759,0.03145243954496544,0.029513753321220883,0.035879502543148575,0.027025376546782307,0.0294,0.0311,0.0064,-0.0041,879,574,0.8146,0.532,-0.7031216044716506,-0.7031216044716506,0.0,WELD_FOUND
62.809,0.0,0.0,0.0,0.0,0.0294,0.0311,-0.0294,-0.0311,879,574,0.8146,0.532,-0.7031216044716506,nan,nan,NO_WELD
62.859,0.0,0.0,0.0,0.0,0.0294,0.0311,-0.0294,-0.0311,882,576,0.8174,0.5338,-0.7031216044716506,nan,nan,NO_WELD
62.909,0.0,0.0,0.0,0.0,0.0251,0.0236,-0.0251,-0.0236,882,576,0.8174,0.5338,-0.7031216044716506,nan,nan,NO_WELD
62.959,0.0,0.0,0.0,0.0,0.0251,0.0236,-0.0251,-0.0236,883,578,0.8183,0.5357,-0.7031216044716506,nan,nan,NO_WELD
63.009,0.0,0.0,0.0,0.0,0.0188,0.0216,-0.0188,-0.0216,883,578,0.8183,0.5357,-0.7031216044716506,nan,nan,NO_WELD
63.06,0.0,0.0,0.0,0.0,0.0188,0.0216,-0.0188,-0.0216,883,578,0.8183,0.5357,-0.7031216044716506,nan,nan,NO_WELD
63.109,0.0,0.0,0.0,0.0,0.0188,0.0216,-0.0188,-0.0216,883,578,0.8183,0.5357,-0.7031216044716506,nan,nan,NO_WELD
63.159,0.0,0.0,0.0,0.0,0.015,0.0173,-0.015,-0.0173,883,578,0.8183,0.5357,-0.7031216044716506,nan,nan,NO_WELD
63.209,0.0,0.0,0.0,0.0,0.015,0.0173,-0.015,-0.0173,883,578,0.8183,0.5357,-0.35155909468853286,-0.35155909468853286,0.0,WELD_FOUND
63.259,0.0,0.0,0.0,0.0,0.015,0.0173,-0.015,-0.0173,883,578,0.8183,0.5357,-0.35155909468853286,-0.35155909468853286,0.0,WELD_FOUND
63.309,0.03258234416615065,0.016880776768892464,0.035114460681484515,0.030050227650816778,0.012,0.0138,0.0231,0.0162,883,578,0.8183,0.5357,-0.35155909468853286,-0.35155909468853286,0.0,WELD_FOUND
63.359,0.03258234416615065,0.016880776768892464,0.035114460681484515,0.030050227650816778,0.012,0.0138,0.0231,0.0162,883,578,0.8183,0.5357,-0.35155909468853286,-0.35155909468853286,0.0,WELD_FOUND
63.409,0.03258234416615065,0.01533965929411352,0.034883293060267676,0.03028139527203362,0.012,0.0138,0.0229,0.0165,883,578,0.8183,0.5357,3.4150945850063755e-06,-0.35155909468853286,0.35156250978311787,WELD_FOUND
63.459,0.03258234416615065,0.01533965929411352,0.034883293060267676,0.03028139527203362,0.0196,0.0182,0.0153,0.0121,888,582,0.823,0.5394,3.4150945850063755e-06,-0.35155909468853286,0.35156250978311787,WELD_FOUND
63.509,0.03258234416615065,0.015339659294113519,0.034883293060267676,0.03028139527203362,0.0196,0.0182,0.0153,0.0121,888,582,0.823,0.5394,-0.35155909468853286,-0.35155909468853286,0.0,WELD_FOUND
63.559,0.03258234416615065,0.015339659294113519,0.034883293060267676,0.03028139527203362,0.0303,0.0294,0.0046,0.0008,893,587,0.8276,0.544,-0.35155909468853286,-0.35155909468853286,0.0,WELD_FOUND
63.609,0.0,0.0,0.0,0.0,0.0303,0.0294,-0.0303,-0.0294,893,587,0.8276,0.544,-0.35155909468853286,nan,nan,NO_WELD
63.659,0.0,0.0,0.0,0.0,0.0367,0.0362,-0.0367,-0.0362,898,592,0.8322,0.5486,-0.35155909468853286,nan,nan,NO_WELD
63.709,0.03353898717849688,-0.016612014676536547,0.0310471849770164,0.03603078937997736,0.0367,0.0362,-0.0056,-0.0002,898,592,0.8322,0.5486,0.35156592487770283,0.35156592487770283,0.0,WELD_FOUND
63.759,0.03353898717849688,-0.016612014676536547,0.0310471849770164,0.03603078937997736,0.0367,0.0362,-0.0056,-0.0002,899,593,0.8332,0.5496,0.35156592487770283,0.35156592487770283,0.0,WELD_FOUND
63.809,0.0,0.0,0.0,0.0,0.0245,0.0242,-0.0245,-0.0242,899,593,0.8332,0.5496,0.35156592487770283,nan,nan,NO_WELD
63.859,0.0,0.0,0.0,0.0,0.0245,0.0242,-0.0245,-0.0242,902,595,0.8359,0.5514,0.35156592487770283,nan,nan,NO_WELD
63.909,0.03277252844231744,-0.015590038760097433,0.030434022628302828,0.03511103425633206,0.0258,0.0219,0.0046,0.0132,902,595,0.8359,0.5514,0.35156592487770283,0.35156592487770283,0.0,WELD_FOUND
63.959,0.03277252844231744,-0.015590038760097433,0.030434022628302828,0.03511103425633206,0.0258,0.0219,0.0046,0.0132,903,597,0.8369,0.5533,0.35156592487770283,0.35156592487770283,0.0,WELD_FOUND
64.009,0.0,0.0,0.0,0.0,0.0258,0.0219,-0.0258,-0.0219,903,597,0.8369,0.5533,0.35156592487770283,nan,nan,NO_WELD
64.06,0.0,0.0,0.0,0.0,0.0254,0.0255,-0.0254,-0.0255,906,600,0.8397,0.5561,0.35156592487770283,nan,nan,NO_WELD
64.109,0.028929756282969968,-0.04730735987849313,0.021833652301195997,0.036025860264743935,0.0254,0.0255,-0.0035,0.0105,906,600,0.8397,0.5561,1.054690917763512,1.054690917763512,0.0,WELD_FOUND
64.159,0.028929756282969968,-0.04730735987849313,0.021833652301195997,0.036025860264743935,0.0254,0.0255,-0.0035,0.0105,908,602,0.8415,0.5579,1.054690917763512,1.054690917763512,0.0,WELD_FOUND
64.209,0.0,0.0,0.0,0.0,0.0202,0.0203,-0.0202,-0.0203,908,602,0.8415,0.5579,1.054690917763512,nan,nan,NO_WELD
64.259,0.0,0.0,0.0,0.0,0.0202,0.0203,-0.0202,-0.0203,911,604,0.8443,0.5598,1.054690917763512,nan,nan,NO_WELD
64.309,0.0,0.0,0.0,0.0,0.0202,0.0203,-0.0202,-0.0203,911,604,0.8443,0.5598,1.054690917763512,nan,nan,NO_WELD
64.359,0.0,0.0,0.0,0.0,0.022,0.0196,-0.022,-0.0196,912,605,0.8452,0.5607,1.054690917763512,nan,nan,NO_WELD
64.409,0.0,0.0,0.0,0.0,0.022,0.0196,-0.022,-0.0196,912,605,0.8452,0.5607,1.054690917763512,nan,nan,NO_WELD
64.459,0.0,0.0,0.0,0.0,0.022,0.0196,-0.022,-0.0196,912,605,0.8452,0.5607,1.054690917763512,nan,nan,NO_WELD
64.509,0.0,0.0,0.0,0.0,0.0176,0.0157,-0.0176,-0.0157,912,605,0.8452,0.5607,1.054690917763512,nan,nan,NO_WELD
64.559,0.0,0.0,0.0,0.0,0.0176,0.0157,-0.0176,-0.0157,912,605,0.8452,0.5607,1.054690917763512,nan,nan,NO_WELD
64.609,0.0,0.0,0.0,0.0,0.0176,0.0157,-0.0176,-0.0157,912,605,0.8452,0.5607,1.054690917763512,nan,nan,NO_WELD
64.659,0.0,0.0,0.0,0.0,0.0141,0.0125,-0.0141,-0.0125,912,605,0.8452,0.5607,1.054690917763512,nan,nan,NO_WELD
64.709,0.0,0.0,0.0,0.0,0.0141,0.0125,-0.0141,-0.0125,912,605,0.8452,0.5607,1.054690917763512,nan,nan,NO_WELD
64.759,0.0,0.0,0.0,0.0,0.0141,0.0125,-0.0141,-0.0125,912,605,0.8452,0.5607,1.054690917763512,nan,nan,NO_WELD
64.809,0.0,0.0,0.0,0.0,0.0113,0.01,-0.0113,-0.01,912,605,0.8452,0.5607,1.054690917763512,nan,nan,NO_WELD
64.859,0.0,0.0,0.0,0.0,0.0113,0.01,-0.0113,-0.01,912,605,0.8452,0.5607,1.054690917763512,nan,nan,NO_WELD
64.909,0.0,0.0,0.0,0.0,0.0113,0.01,-0.0113,-0.01,912,605,0.8452,0.5607,1.054690917763512,nan,nan,NO_WELD
64.959,0.0,0.0,0.0,0.0,0.009,0.008,-0.009,-0.008,912,605,0.8452,0.5607,1.054690917763512,nan,nan,NO_WELD
65.009,0.0,0.0,0.0,0.0,0.009,0.008,-0.009,-0.008,912,605,0.8452,0.5607,1.054690917763512,nan,nan,NO_WELD
65.06,0.0,0.0,0.0,0.0,0.0072,0.0064,-0.0072,-0.0064,912,605,0.8452,0.5607,1.054690917763512,nan,nan,NO_WELD
65.109,0.0,0.0,0.0,0.0,0.0072,0.0064,-0.0072,-0.0064,912,605,0.8452,0.5607,1.054690917763512,1.054690917763512,0.0,WELD_FOUND
65.159,0.0,0.0,0.0,0.0,0.0058,0.0051,-0.0058,-0.0051,912,605,0.8452,0.5607,1.054690917763512,1.054690917763512,0.0,WELD_FOUND
65.209,0.0,0.0,0.0,0.0,0.0058,0.0051,-0.0058,-0.0051,912,605,0.8452,0.5607,1.054690917763512,nan,nan,NO_WELD
65.259,0.0,0.0,0.0,0.0,0.0046,0.0041,-0.0046,-0.0041,912,605,0.8452,0.5607,1.054690917763512,nan,nan,NO_WELD
65.309,0.0,0.0,0.0,0.0,0.0046,0.0041,-0.0046,-0.0041,912,605,0.8452,0.5607,1.054690917763512,nan,nan,NO_WELD
65.359,0.0,0.0,0.0,0.0,0.0046,0.0041,-0.0046,-0.0041,912,605,0.8452,0.5607,1.054690917763512,nan,nan,NO_WELD
65.409,0.0,0.0,0.0,0.0,0.0037,0.0033,-0.0037,-0.0033,912,605,0.8452,0.5607,1.054690917763512,nan,nan,NO_WELD
65.459,0.0,0.0,0.0,0.0,0.0037,0.0033,-0.0037,-0.0033,912,605,0.8452,0.5607,1.054690917763512,nan,nan,NO_WELD
65.509,0.0,0.0,0.0,0.0,0.003,0.0026,-0.003,-0.0026,912,605,0.8452,0.5607,1.054690917763512,nan,nan,NO_WELD
65.559,0.0,0.0,0.0,0.0,0.003,0.0026,-0.003,-0.0026,912,605,0.8452,0.5607,1.054690917763512,nan,nan,NO_WELD
65.609,0.0,0.0,0.0,0.0,0.0024,0.0021,-0.0024,-0.0021,912,605,0.8452,0.5607,1.054690917763512,nan,nan,NO_WELD
65.659,0.0,0.0,0.0,0.0,0.0024,0.0021,-0.0024,-0.0021,912,605,0.8452,0.5607,1.054690917763512,nan,nan,NO_WELD
65.709,0.032582298035693374,-0.015917358600727762,0.03019469424558421,0.034969901825802535,0.0024,0.0021,0.0278,0.0329,912,605,0.8452,0.5607,0.35156592487770283,0.35156592487770283,0.0,WELD_FOUND
65.759,0.032582298035693374,-0.015917358600727762,0.03019469424558421,0.034969901825802535,0.0019,0.0017,0.0283,0.0333,912,605,0.8452,0.5607,0.35156592487770283,0.35156592487770283,0.0,WELD_FOUND
65.809,0.0,0.0,0.0,0.0,0.0019,0.0017,-0.0019,-0.0017,912,605,0.8452,0.5607,0.35156592487770283,nan,nan,NO_WELD
65.859,0.0,0.0,0.0,0.0,0.0197,0.0195,-0.0197,-0.0195,917,610,0.8498,0.5653,0.35156592487770283,nan,nan,NO_WELD
65.909,0.0,0.0,0.0,0.0,0.0197,0.0195,-0.0197,-0.0195,917,610,0.8498,0.5653,0.35156592487770283,nan,nan,NO_WELD
65.959,0.0,0.0,0.0,0.0,0.0197,0.0195,-0.0197,-0.0195,917,611,0.8498,0.5663,0.35156592487770283,nan,nan,NO_WELD
66.009,0.033539033981300925,0.014134184231519128,0.03565916161602879,0.03141890634657306,0.0157,0.0142,0.0199,0.0172,917,611,0.8498,0.5663,-0.35155909468853286,-0.35155909468853286,0.0,WELD_FOUND
66.06,0.033539033981300925,0.014134184231519128,0.03565916161602879,0.03141890634657306,0.0157,0.0142,0.0199,0.0172,917,611,0.8498,0.5663,-0.35155909468853286,-0.35155909468853286,0.0,WELD_FOUND
66.109,0.0,0.0,0.0,0.0,0.0126,0.0114,-0.0126,-0.0114,917,611,0.8498,0.5663,-0.35155909468853286,nan,nan,NO_WELD
66.159,0.0,0.0,0.0,0.0,0.0126,0.0114,-0.0126,-0.0114,920,614,0.8526,0.569,-0.35155909468853286,nan,nan,NO_WELD
66.209,0.035,0.0,0.035,0.035,0.0126,0.0114,0.0224,0.0236,920,614,0.8526,0.569,3.4150945850063755e-06,3.4150945850063755e-06,0.0,WELD_FOUND
66.259,0.035,0.0,0.035,0.035,0.0174,0.0142,0.0176,0.0208,921,614,0.8536,0.569,3.4150945850063755e-06,3.4150945850063755e-06,0.0,WELD_FOUND
66.309,0.035,0.0,0.035,0.035,0.0174,0.0142,0.0176,0.0208,921,614,0.8536,0.569,0.35156592487770283,0.17578466998614392,0.1757812548915589,WELD_FOUND
66.359,0.035,0.0,0.035,0.035,0.029,0.0234,0.006,0.0116,926,618,0.8582,0.5727,0.35156592487770283,0.17578466998614392,0.1757812548915589,WELD_FOUND
66.409,0.032879299330977885,-0.02148762351659171,0.02965615580348913,0.036102442858466643,0.029,0.0234,0.0007,0.0127,926,618,0.8582,0.5727,0.35156592487770283,0.35156592487770283,0.0,WELD_FOUND
66.459,0.032879299330977885,-0.02148762351659171,0.02965615580348913,0.036102442858466643,0.029,0.0234,0.0007,0.0127,931,623,0.8628,0.5774,0.35156592487770283,0.35156592487770283,0.0,WELD_FOUND
66.509,0.03264159049386928,-0.015879967637181216,0.030259595348292093,0.03502358563944646,0.0298,0.0264,0.0005,0.0086,931,623,0.8628,0.5774,0.35156592487770283,0.35156592487770283,0.0,WELD_FOUND
66.559,0.03264159049386928,-0.015879967637181216,0.030259595348292093,0.03502358563944646,0.0298,0.0264,0.0005,0.0086,935,627,0.8665,0.5811,0.35156592487770283,0.35156592487770283,0.0,WELD_FOUND
66.609,0.03259415221529331,-0.015448296092262911,0.030276907801453874,0.03491139662913275,0.0327,0.0307,-0.0024,0.0043,935,627,0.8665,0.5811,-0.35155909468853286,0.35156592487770283,-0.7031250195662357,WELD_FOUND
66.659,0.03259415221529331,-0.015448296092262911,0.030276907801453874,0.03491139662913275,0.0327,0.0307,-0.0024,0.0043,939,631,0.8702,0.5848,-0.35155909468853286,0.35156592487770283,-0.7031250195662357,WELD_FOUND
66.709,0.03258466869913195,-0.015361374268585026,0.030280462558844198,0.03488887483941971,0.0344,0.0332,-0.0041,0.0017,939,631,0.8702,0.5848,-0.35155909468853286,0.35156592487770283,-0.7031250195662357,WELD_FOUND
66.759,0.03258466869913195,-0.015361374268585026,0.030280462558844198,0.03488887483941971,0.0344,0.0332,-0.0041,0.0017,942,634,0.873,0.5876,-0.35155909468853286,0.35156592487770283,-0.7031250195662357,WELD_FOUND
66.809,0.03353855294831357,0.024148472713947773,0.03716082385540574,0.029916282041221407,0.0344,0.0332,0.0027,-0.0033,942,634,0.873,0.5876,-0.35155909468853286,-0.35155909468853286,0.0,WELD_FOUND
66.859,0.03353855294831357,0.024148472713947773,0.03716082385540574,0.029916282041221407,0.0355,0.0372,0.0017,-0.0073,945,638,0.8758,0.5913,-0.35155909468853286,-0.35155909468853286,0.0,WELD_FOUND
66.909,0.03277247960602069,0.017077930749033198,0.03533416921837567,0.030210789993665714,0.0355,0.0372,-0.0002,-0.007,945,638,0.8758,0.5913,-1.0546840875743422,-0.35155909468853286,-0.7031249928858093,WELD_FOUND
66.959,0.03277247960602069,0.017077930749033198,0.03533416921837567,0.030210789993665714,0.0324,0.0335,0.0029,-0.0032,948,641,0.8786,0.5941,-1.0546840875743422,-0.35155909468853286,-0.7031249928858093,WELD_FOUND
67.009,0.0,0.0,0.0,0.0,0.0324,0.0335,-0.0324,-0.0335,948,641,0.8786,0.5941,-1.0546840875743422,nan,nan,NO_WELD
67.06,0.0,0.0,0.0,0.0,0.0324,0.0335,-0.0324,-0.0335,952,644,0.8823,0.5968,-1.0546840875743422,nan,nan,NO_WELD
67.109,0.0,0.0,0.0,0.0,0.0293,0.0275,-0.0293,-0.0275,952,644,0.8823,0.5968,-1.0546840875743422,nan,nan,NO_WELD
67.159,0.0,0.0,0.0,0.0,0.0293,0.0275,-0.0293,-0.0275,952,644,0.8823,0.5968,-1.0546840875743422,nan,nan,NO_WELD
67.209,0.0,0.0,0.0,0.0,0.0235,0.022,-0.0235,-0.022,952,644,0.8823,0.5968,-1.0546840875743422,nan,nan,NO_WELD
67.259,0.0,0.0,0.0,0.0,0.0235,0.022,-0.0235,-0.022,952,644,0.8823,0.5968,-1.0546840875743422,nan,nan,NO_WELD
67.309,0.0,0.0,0.0,0.0,0.0188,0.0176,-0.0188,-0.0176,952,644,0.8823,0.5968,-1.0546840875743422,nan,nan,NO_WELD
67.359,0.0,0.0,0.0,0.0,0.0188,0.0176,-0.0188,-0.0176,952,644,0.8823,0.5968,-1.0546840875743422,nan,nan,NO_WELD
67.409,0.0,0.0,0.0,0.0,0.0188,0.0176,-0.0188,-0.0176,952,644,0.8823,0.5968,-1.0546840875743422,nan,nan,NO_WELD
67.459,0.0,0.0,0.0,0.0,0.015,0.0141,-0.015,-0.0141,952,644,0.8823,0.5968,-1.0546840875743422,nan,nan,NO_WELD
67.509,0.03258234416615065,0.01687467848717765,0.035113545939227296,0.030051142393074,0.015,0.0141,0.0201,0.016,952,644,0.8823,0.5968,-0.35155909468853286,-0.35155909468853286,0.0,WELD_FOUND
67.559,0.03258234416615065,0.01687467848717765,0.035113545939227296,0.030051142393074,0.012,0.0113,0.0231,0.0188,952,644,0.8823,0.5968,-0.35155909468853286,-0.35155909468853286,0.0,WELD_FOUND
67.609,0.0,0.0,0.0,0.0,0.012,0.0113,-0.012,-0.0113,952,644,0.8823,0.5968,-0.35155909468853286,nan,nan,NO_WELD
67.659,0.0,0.0,0.0,0.0,0.012,0.0113,-0.012,-0.0113,957,649,0.8869,0.6015,-0.35155909468853286,nan,nan,NO_WELD
67.709,0.0,0.0,0.0,0.0,0.0196,0.0191,-0.0196,-0.0191,957,649,0.8869,0.6015,-0.35155909468853286,nan,nan,NO_WELD
67.759,0.0,0.0,0.0,0.0,0.0196,0.0191,-0.0196,-0.0191,957,650,0.8869,0.6024,-0.35155909468853286,nan,nan,NO_WELD
67.809,0.035,0.0,0.035,0.035,0.0157,0.0152,0.0193,0.0198,957,650,0.8869,0.6024,3.4150945850063755e-06,3.4150945850063755e-06,0.0,WELD_FOUND
67.859,0.035,0.0,0.035,0.035,0.0157,0.0152,0.0193,0.0198,957,650,0.8869,0.6024,3.4150945850063755e-06,3.4150945850063755e-06,0.0,WELD_FOUND
67.909,0.0,0.0,0.0,0.0,0.0125,0.0121,-0.0125,-0.0121,957,650,0.8869,0.6024,3.4150945850063755e-06,nan,nan,NO_WELD
67.959,0.0,0.0,0.0,0.0,0.0125,0.0121,-0.0125,-0.0121,961,654,0.8906,0.6061,3.4150945850063755e-06,nan,nan,NO_WELD
68.009,0.0,0.0,0.0,0.0,0.0223,0.0221,-0.0223,-0.0221,961,654,0.8906,0.6061,3.4150945850063755e-06,nan,nan,NO_WELD
68.06,0.0,0.0,0.0,0.0,0.0223,0.0221,-0.0223,-0.0221,961,656,0.8906,0.608,3.4150945850063755e-06,nan,nan,NO_WELD
68.109,0.035,0.0,0.035,0.035,0.0179,0.0207,0.0171,0.0143,961,656,0.8906,0.608,3.4150945850063755e-06,3.4150945850063755e-06,0.0,WELD_FOUND
68.159,0.035,0.0,0.035,0.035,0.0179,0.0207,0.0171,0.0143,961,656,0.8906,0.608,3.4150945850063755e-06,3.4150945850063755e-06,0.0,WELD_FOUND
68.209,0.0,0.0,0.0,0.0,0.0179,0.0207,-0.0179,-0.0207,961,656,0.8906,0.608,3.4150945850063755e-06,nan,nan,NO_WELD
68.259,0.0,0.0,0.0,0.0,0.0181,0.0223,-0.0181,-0.0223,964,660,0.8934,0.6117,3.4150945850063755e-06,nan,nan,NO_WELD
68.309,0.033039827699201635,0.016152829519809266,0.03546275212717302,0.030616903271230244,0.0181,0.0223,0.0173,0.0083,964,660,0.8934,0.6117,-0.35155909468853286,-0.35155909468853286,0.0,WELD_FOUND
68.359,0.033039827699201635,0.016152829519809266,0.03546275212717302,0.030616903271230244,0.0145,0.0171,0.021,0.0135,964,661,0.8934,0.6126,-0.35155909468853286,-0.35155909468853286,0.0,WELD_FOUND
68.409,0.032673585722746645,0.016166457558612485,0.03509855435653852,0.030248617088954773,0.0145,0.0171,0.0206,0.0132,964,661,0.8934,0.6126,-0.35155909468853286,-0.35155909468853286,0.0,WELD_FOUND
68.459,0.032673585722746645,0.016166457558612485,0.03509855435653852,0.030248617088954773,0.0145,0.0171,0.0206,0.0132,968,665,0.8971,0.6163,-0.35155909468853286,-0.35155909468853286,0.0,WELD_FOUND
68.509,0.0,0.0,0.0,0.0,0.0186,0.0201,-0.0186,-0.0201,968,665,0.8971,0.6163,-0.35155909468853286,nan,nan,NO_WELD
68.559,0.0,0.0,0.0,0.0,0.0186,0.0201,-0.0186,-0.0201,974,670,0.9027,0.6209,-0.35155909468853286,nan,nan,NO_WELD
68.609,0.035,0.0,0.035,0.035,0.0334,0.0306,0.0016,0.0044,974,670,0.9027,0.6209,3.4150945850063755e-06,3.4150945850063755e-06,0.0,WELD_FOUND
68.659,0.035,0.0,0.035,0.035,0.0334,0.0306,0.0016,0.0044,975,670,0.9036,0.6209,3.4150945850063755e-06,3.4150945850063755e-06,0.0,WELD_FOUND
68.709,0.0,0.0,0.0,0.0,0.0237,0.0245,-0.0237,-0.0245,975,670,0.9036,0.6209,3.4150945850063755e-06,nan,nan,NO_WELD
68.759,0.0,0.0,0.0,0.0,0.0237,0.0245,-0.0237,-0.0245,978,673,0.9064,0.6237,3.4150945850063755e-06,nan,nan,NO_WELD
68.809,0.0,0.0,0.0,0.0,0.0254,0.0245,-0.0254,-0.0245,978,673,0.9064,0.6237,3.4150945850063755e-06,nan,nan,NO_WELD
68.859,0.0,0.0,0.0,0.0,0.0254,0.0246,-0.0254,-0.0246,979,674,0.9073,0.6246,3.4150945850063755e-06,nan,nan,NO_WELD
68.909,0.03108399559508166,0.030175019303500552,0.03561024849060675,0.026557742699556578,0.0189,0.0246,0.0167,0.002,979,674,0.9073,0.6246,-0.7031216044716506,-0.7031216044716506,0.0,WELD_FOUND
68.959,0.03108399559508166,0.030175019303500552,0.03561024849060675,0.026557742699556578,0.0189,0.0246,0.0167,0.002,979,674,0.9073,0.6246,-0.7031216044716506,-0.7031216044716506,0.0,WELD_FOUND
69.009,0.030416839848765326,0.032233041384534415,0.03525179605644549,0.025581883641085164,0.0151,0.0197,0.0201,0.0059,979,674,0.9073,0.6246,-0.7031216044716506,-0.7031216044716506,0.0,WELD_FOUND
69.06,0.030416839848765326,0.032233041384534415,0.03525179605644549,0.025581883641085164,0.0151,0.0197,0.0201,0.0059,983,678,0.911,0.6283,-0.7031216044716506,-0.7031216044716506,0.0,WELD_FOUND
69.109,0.0,0.0,0.0,0.0,0.0151,0.0197,-0.0151,-0.0197,983,678,0.911,0.6283,-0.7031216044716506,nan,nan,NO_WELD
69.159,0.0,0.0,0.0,0.0,0.0289,0.0316,-0.0289,-0.0316,987,682,0.9147,0.6321,-0.7031216044716506,nan,nan,NO_WELD
69.209,0.0,0.0,0.0,0.0,0.0289,0.0316,-0.0289,-0.0316,987,682,0.9147,0.6321,-0.7031216044716506,nan,nan,NO_WELD
69.259,0.0,0.0,0.0,0.0,0.0289,0.0316,-0.0289,-0.0316,988,682,0.9156,0.6321,-0.7031216044716506,nan,nan,NO_WELD
69.309,0.0,0.0,0.0,0.0,0.0198,0.0253,-0.0198,-0.0253,988,682,0.9156,0.6321,-0.7031216044716506,nan,nan,NO_WELD
69.359,0.0,0.0,0.0,0.0,0.0198,0.0253,-0.0198,-0.0253,988,682,0.9156,0.6321,-0.7031216044716506,nan,nan,NO_WELD
69.409,0.0,0.0,0.0,0.0,0.0198,0.0253,-0.0198,-0.0253,988,682,0.9156,0.6321,-0.7031216044716506,nan,nan,NO_WELD
69.459,0.0,0.0,0.0,0.0,0.0158,0.0202,-0.0158,-0.0202,988,682,0.9156,0.6321,-0.7031216044716506,nan,nan,NO_WELD
69.509,0.03258234416615065,0.017191379820906575,0.035161051139286637,0.030003637193014663,0.0158,0.0202,0.0193,0.0098,988,682,0.9156,0.6321,-0.35155909468853286,-0.35155909468853286,0.0,WELD_FOUND
69.559,0.03258234416615065,0.017191379820906575,0.035161051139286637,0.030003637193014663,0.0127,0.0162,0.0225,0.0138,988,682,0.9156,0.6321,-0.35155909468853286,-0.35155909468853286,0.0,WELD_FOUND
69.609,0.0,0.0,0.0,0.0,0.0127,0.0162,-0.0127,-0.0162,988,682,0.9156,0.6321,-0.35155909468853286,nan,nan,NO_WELD
69.659,0.0,0.0,0.0,0.0,0.0224,0.0282,-0.0224,-0.0282,992,687,0.9194,0.6367,-0.35155909468853286,nan,nan,NO_WELD
69.709,0.03258234416615065,0.015339659294113519,0.034883293060267676,0.03028139527203362,0.0224,0.0282,0.0125,0.002,992,687,0.9194,0.6367,-0.35155909468853286,-0.35155909468853286,0.0,WELD_FOUND
69.759,0.03258234416615065,0.015339659294113519,0.034883293060267676,0.03028139527203362,0.0224,0.0282,0.0125,0.002,994,689,0.9212,0.6385,-0.35155909468853286,-0.35155909468853286,0.0,WELD_FOUND
69.809,0.03258234416615065,0.015339659294113519,0.034883293060267676,0.03028139527203362,0.0184,0.0219,0.0165,0.0084,994,689,0.9212,0.6385,-0.35155909468853286,-0.35155909468853286,0.0,WELD_FOUND
69.859,0.03258234416615065,0.015339659294113519,0.034883293060267676,0.03028139527203362,0.0184,0.0219,0.0165,0.0084,996,690,0.9231,0.6395,-0.35155909468853286,-0.35155909468853286,0.0,WELD_FOUND
69.909,0.03258234416615065,0.015339659294113519,0.034883293060267676,0.03028139527203362,0.0184,0.0219,0.0165,0.0084,996,690,0.9231,0.6395,3.4150945850063755e-06,-0.35155909468853286,0.35156250978311787,WELD_FOUND
69.959,0.03258234416615065,0.015339659294113519,0.034883293060267676,0.03028139527203362,0.0283,0.0279,0.0066,0.0023,1001,695,0.9277,0.6441,3.4150945850063755e-06,-0.35155909468853286,0.35156250978311787,WELD_FOUND
70.009,0.03258234416615065,0.015339659294113519,0.034883293060267676,0.03028139527203362,0.0283,0.0279,0.0066,0.0023,1001,695,0.9277,0.6441,-0.35155909468853286,-0.35155909468853286,0.0,WELD_FOUND
70.061,0.03258234416615065,0.015339659294113519,0.034883293060267676,0.03028139527203362,0.0283,0.0279,0.0066,0.0023,1006,699,0.9323,0.6478,-0.35155909468853286,-0.35155909468853286,0.0,WELD_FOUND
70.109,0.0,0.0,0.0,0.0,0.0294,0.0267,-0.0294,-0.0267,1006,699,0.9323,0.6478,-0.35155909468853286,nan,nan,NO_WELD
70.159,0.0,0.0,0.0,0.0,0.0294,0.0267,-0.0294,-0.0267,1009,703,0.9351,0.6515,-0.35155909468853286,nan,nan,NO_WELD
70.209,0.035,0.0,0.035,0.035,0.0294,0.0267,0.0056,0.0083,1009,703,0.9351,0.6515,3.4150945850063755e-06,3.4150945850063755e-06,0.0,WELD_FOUND
70.259,0.035,0.0,0.035,0.035,0.0275,0.0259,0.0075,0.0091,1010,703,0.936,0.6515,3.4150945850063755e-06,3.4150945850063755e-06,0.0,WELD_FOUND
70.309,0.0,0.0,0.0,0.0,0.0275,0.0259,-0.0275,-0.0259,1010,703,0.936,0.6515,3.4150945850063755e-06,nan,nan,NO_WELD
70.359,0.0,0.0,0.0,0.0,0.035,0.0341,-0.035,-0.0341,1015,708,0.9407,0.6562,3.4150945850063755e-06,nan,nan,NO_WELD
70.409,0.0,0.0,0.0,0.0,0.035,0.0341,-0.035,-0.0341,1015,708,0.9407,0.6562,3.4150945850063755e-06,nan,nan,NO_WELD
70.459,0.0,0.0,0.0,0.0,0.0284,0.0241,-0.0284,-0.0241,1017,709,0.9425,0.6571,3.4150945850063755e-06,nan,nan,NO_WELD
70.509,0.0,0.0,0.0,0.0,0.0284,0.0241,-0.0284,-0.0241,1017,709,0.9425,0.6571,3.4150945850063755e-06,nan,nan,NO_WELD
70.559,0.0,0.0,0.0,0.0,0.0227,0.0241,-0.0227,-0.0241,1017,708,0.9425,0.6562,3.4150945850063755e-06,nan,nan,NO_WELD
70.609,0.0,0.0,0.0,0.0,0.0227,0.012,-0.0227,-0.012,1017,708,0.9425,0.6562,3.4150945850063755e-06,3.4150945850063755e-06,0.0,WELD_FOUND
70.659,0.0,0.0,0.0,0.0,0.0227,0.012,-0.0227,-0.012,1017,708,0.9425,0.6562,3.4150945850063755e-06,3.4150945850063755e-06,0.0,WELD_FOUND
70.709,0.0,0.0,0.0,0.0,0.0182,0.012,-0.0182,-0.012,1017,708,0.9425,0.6562,3.4150945850063755e-06,nan,nan,NO_WELD
70.759,0.0,0.0,0.0,0.0,0.0182,0.0096,-0.0182,-0.0096,1017,708,0.9425,0.6562,3.4150945850063755e-06,nan,nan,NO_WELD
70.809,0.032582298035693374,-0.016877896018877372,0.03005061363286177,0.03511398243852498,0.0146,0.0096,0.0155,0.0255,1017,708,0.9425,0.6562,0.35156592487770283,0.35156592487770283,0.0,WELD_FOUND
70.859,0.032582298035693374,-0.016877896018877372,0.03005061363286177,0.03511398243852498,0.0146,0.0077,0.0155,0.0274,1017,708,0.9425,0.6562,0.35156592487770283,0.35156592487770283,0.0,WELD_FOUND
70.909,0.035,0.0,0.035,0.035,0.0146,0.0077,0.0204,0.0273,1017,708,0.9425,0.6562,3.4150945850063755e-06,0.17578466998614392,-0.1757812548915589,WELD_FOUND
70.959,0.035,0.0,0.035,0.035,0.0186,0.0077,0.0164,0.0273,1021,712,0.9462,0.6599,3.4150945850063755e-06,0.17578466998614392,-0.1757812548915589,WELD_FOUND
71.009,0.035,0.0,0.035,0.035,0.0186,0.0145,0.0164,0.0205,1021,712,0.9462,0.6599,-0.35155909468853286,3.4150945850063755e-06,-0.35156250978311787,WELD_FOUND
71.061,0.035,0.0,0.035,0.035,0.0186,0.0145,0.0164,0.0205,1026,718,0.9509,0.6654,-0.35155909468853286,3.4150945850063755e-06,-0.35156250978311787,WELD_FOUND
71.109,0.035,0.0,0.035,0.035,0.0235,0.0145,0.0115,0.0205,1026,718,0.9509,0.6654,-0.35155909468853286,-0.17577783979697392,-0.17578125489155894,WELD_FOUND
71.159,0.035,0.0,0.035,0.035,0.0235,0.0383,0.0115,-0.0033,1032,724,0.9564,0.671,-0.35155909468853286,-0.17577783979697392,-0.17578125489155894,WELD_FOUND
71.209,0.03287934567120735,0.021494028095046226,0.03610344988546429,0.029655241456950417,0.0235,0.0383,0.0126,-0.0087,1032,724,0.9564,0.671,-0.35155909468853286,-0.35155909468853286,0.0,WELD_FOUND
71.259,0.03287934567120735,0.021494028095046226,0.03610344988546429,0.029655241456950417,0.0388,0.0383,-0.0027,-0.0087,1036,728,0.9601,0.6747,-0.35155909468853286,-0.35155909468853286,0.0,WELD_FOUND
71.309,0.03264163666628099,0.015886167246221546,0.03502456175321422,0.030258711579347758,0.0388,0.0329,-0.0038,-0.0026,1036,728,0.9601,0.6747,-0.35155909468853286,-0.35155909468853286,0.0,WELD_FOUND
71.359,0.03264163666628099,0.015886167246221546,0.03502456175321422,0.030258711579347758,0.0307,0.0329,0.0043,-0.0026,1038,732,0.962,0.6784,-0.35155909468853286,-0.35155909468853286,0.0,WELD_FOUND
71.409,0.03259419835414148,0.015444920634328766,0.034910936449290796,0.030277460258992164,0.0307,0.0346,0.0042,-0.0043,1038,732,0.962,0.6784,-0.35155909468853286,-0.35155909468853286,0.0,WELD_FOUND
71.459,0.03259419835414148,0.015444920634328766,0.034910936449290796,0.030277460258992164,0.0307,0.0346,0.0042,-0.0043,1042,736,0.9657,0.6821,-0.35155909468853286,-0.35155909468853286,0.0,WELD_FOUND
71.509,0.03258471483126741,0.015361681965074842,0.03488896712602864,0.030280462536506184,0.0283,0.0346,0.0066,-0.0043,1042,736,0.9657,0.6821,3.4150945850063755e-06,-0.35155909468853286,0.35156250978311787,WELD_FOUND
71.559,0.03258471483126741,0.015361681965074842,0.03488896712602864,0.030280462536506184,0.0283,0.038,0.0066,-0.0077,1045,739,0.9685,0.6849,3.4150945850063755e-06,-0.35155909468853286,0.35156250978311787,WELD_FOUND
71.609,0.032582818292274746,0.0153439129138823,0.03488440522935709,0.030281231355192402,0.0283,0.038,0.0066,-0.0077,1045,739,0.9685,0.6849,-0.7031216044716506,-0.35155909468853286,-0.35156250978311776,WELD_FOUND
71.659,0.032582818292274746,0.0153439129138823,0.03488440522935709,0.030281231355192402,0.0343,0.0376,0.0006,-0.0074,1049,743,0.9722,0.6886,-0.7031216044716506,-0.35155909468853286,-0.35156250978311776,WELD_FOUND
71.709,0.03258243899109949,0.015340533289767047,0.03488351898456455,0.030281358997634435,0.0343,0.0376,0.0006,-0.0074,1049,743,0.9722,0.6886,-0.35155909468853286,-0.35155909468853286,0.0,WELD_FOUND
71.759,0.03258243899109949,0.015340533289767047,0.03488351898456455,0.030281358997634435,0.0354,0.0374,-0.0005,-0.0071,1053,747,0.9759,0.6923,-0.35155909468853286,-0.35155909468853286,0.0,WELD_FOUND
71.809,0.03258236313112938,0.015339832998783417,0.034883338080946895,0.030281388181311868,0.0354,0.0374,-0.0005,-0.0071,1053,747,0.9759,0.6923,-0.35155909468853286,-0.35155909468853286,0.0,WELD_FOUND
71.859,0.03258236313112938,0.015339832998783417,0.034883338080946895,0.030281388181311868,0.0354,0.0374,-0.0005,-0.0071,1056,750,0.9787,0.6951,-0.35155909468853286,-0.35155909468853286,0.0,WELD_FOUND
71.909,0.032582347959145955,0.01533969359374313,0.034883301998207425,0.030281393920084484,0.0287,0.0299,0.0062,0.0004,1056,750,0.9787,0.6951,0.35156592487770283,-0.35155909468853286,0.7031250195662357,WELD_FOUND
71.959,0.032582347959145955,0.01533969359374313,0.034883301998207425,0.030281393920084484,0.0287,0.0299,0.0062,0.0004,1060,754,0.9824,0.6988,0.35156592487770283,-0.35155909468853286,0.7031250195662357,WELD_FOUND
72.009,0.0,0.0,0.0,0.0,0.032,0.0327,-0.032,-0.0327,1060,754,0.9824,0.6988,0.35156592487770283,nan,nan,NO_WELD
72.06,0.0,0.0,0.0,0.0,0.032,0.0327,-0.032,-0.0327,1064,758,0.9861,0.7025,0.35156592487770283,nan,nan,NO_WELD
72.109,0.03258234492474969,0.015339660295075578,0.03488329396901103,0.030281395880488355,0.032,0.0327,0.0029,-0.0025,1064,758,0.9861,0.7025,-0.35155909468853286,-0.35155909468853286,0.0,WELD_FOUND
72.159,0.03258234492474969,0.015339660295075578,0.03488329396901103,0.030281395880488355,0.0266,0.0271,0.0083,0.0032,1063,757,0.9852,0.7016,-0.35155909468853286,-0.35155909468853286,0.0,WELD_FOUND
72.209,0.035,0.0,0.035,0.035,0.0266,0.0271,0.0084,0.0079,1063,757,0.9852,0.7016,3.4150945850063755e-06,-0.17577783979697392,0.17578125489155894,WELD_FOUND
72.259,0.035,0.0,0.035,0.035,0.0266,0.0271,0.0084,0.0079,1067,760,0.9889,0.7043,3.4150945850063755e-06,-0.17577783979697392,0.17578125489155894,WELD_FOUND
72.309,0.035,0.0,0.035,0.035,0.0259,0.0237,0.0091,0.0113,1067,760,0.9889,0.7043,3.4150945850063755e-06,3.4150945850063755e-06,0.0,WELD_FOUND
72.359,0.035,0.0,0.035,0.035,0.0259,0.0237,0.0091,0.0113,1071,765,0.9926,0.709,3.4150945850063755e-06,3.4150945850063755e-06,0.0,WELD_FOUND
72.409,0.035,0.0,0.035,0.035,0.0303,0.0327,0.0047,0.0023,1071,765,0.9926,0.709,0.35156592487770283,3.4150945850063755e-06,0.3515625097831178,WELD_FOUND
72.459,0.035,0.0,0.035,0.035,0.0303,0.0327,0.0047,0.0023,1071,765,0.9926,0.709,0.35156592487770283,3.4150945850063755e-06,0.3515625097831178,WELD_FOUND
72.509,0.035,0.0,0.035,0.035,0.0303,0.0327,0.0047,0.0023,1075,769,0.9963,0.7127,3.4150945850063755e-06,3.4150945850063755e-06,0.0,WELD_FOUND
72.559,0.035,0.0,0.035,0.035,0.0281,0.0295,0.0069,0.0055,1075,769,0.9963,0.7127,3.4150945850063755e-06,3.4150945850063755e-06,0.0,WELD_FOUND
72.609,0.035,0.0,0.035,0.035,0.0281,0.0295,0.0069,0.0055,1080,773,1.0009,0.7164,0.7031284346608206,3.4150945850063755e-06,0.7031250195662356,WELD_FOUND
72.659,0.035,0.0,0.035,0.035,0.0281,0.0295,0.0069,0.0055,1080,773,1.0009,0.7164,0.7031284346608206,3.4150945850063755e-06,0.7031250195662356,WELD_FOUND
72.709,0.035,0.0,0.035,0.035,0.0391,0.04,-0.0041,-0.005,1084,778,1.0046,0.721,3.4150945850063755e-06,3.4150945850063755e-06,0.0,WELD_FOUND
72.759,0.035,0.0,0.035,0.035,0.0391,0.04,-0.0041,-0.005,1084,778,1.0046,0.721,3.4150945850063755e-06,3.4150945850063755e-06,0.0,WELD_FOUND
72.809,0.0,0.0,0.0,0.0,0.0391,0.04,-0.0391,-0.04,1088,782,1.0083,0.7247,3.4150945850063755e-06,nan,nan,NO_WELD
72.859,0.0,0.0,0.0,0.0,0.0333,0.0339,-0.0333,-0.0339,1088,782,1.0083,0.7247,3.4150945850063755e-06,nan,nan,NO_WELD
72.909,0.03305900410253085,-0.01597058107614236,0.030663416941109495,0.0354545912639522,0.0333,0.0339,-0.0027,0.0016,1092,785,1.012,0.7275,0.35156592487770283,0.35156592487770283,0.0,WELD_FOUND
72.959,0.03305900410253085,-0.01597058107614236,0.030663416941109495,0.0354545912639522,0.0348,0.0314,-0.0042,0.004,1092,785,1.012,0.7275,0.35156592487770283,0.35156592487770283,0.0,WELD_FOUND
73.009,0.032677362287254014,-0.016202099708596734,0.030247047330964505,0.03510767724354352,0.0348,0.0314,-0.0046,0.0037,1092,786,1.012,0.7284,0.35156592487770283,0.35156592487770283,0.0,WELD_FOUND
73.06,0.032677362287254014,-0.016202099708596734,0.030247047330964505,0.03510767724354352,0.0348,0.0314,-0.0046,0.0037,1092,786,1.012,0.7284,0.35156592487770283,0.35156592487770283,0.0,WELD_FOUND
73.109,0.03260129980753323,-0.015512711640237644,0.03027439306149758,0.034928206553568875,0.0283,0.0287,0.002,0.0062,1095,789,1.0148,0.7312,0.7031284346608206,0.35156592487770283,0.3515625097831178,WELD_FOUND
73.159,0.03260129980753323,-0.015512711640237644,0.03027439306149758,0.034928206553568875,0.0283,0.0287,0.002,0.0062,1095,789,1.0148,0.7312,0.7031284346608206,0.35156592487770283,0.3515625097831178,WELD_FOUND
73.209,0.03258609794692245,-0.015374276301291812,0.03027995650172868,0.03489223939211622,0.0283,0.0287,0.002,0.0061,1099,793,1.0185,0.7349,3.4150945850063755e-06,0.35156592487770283,-0.3515625097831178,WELD_FOUND
73.259,0.03258609794692245,-0.015374276301291812,0.03027995650172868,0.03489223939211622,0.0269,0.0271,0.0034,0.0078,1099,793,1.0185,0.7349,3.4150945850063755e-06,0.35156592487770283,-0.3515625097831178,WELD_FOUND
73.309,0.0,0.0,0.0,0.0,0.0269,0.0271,-0.0269,-0.0271,1103,797,1.0222,0.7386,3.4150945850063755e-06,nan,nan,NO_WELD
73.359,0.0,0.0,0.0,0.0,0.0269,0.0271,-0.0269,-0.0271,1103,797,1.0222,0.7386,3.4150945850063755e-06,nan,nan,NO_WELD
73.409,0.0,0.0,0.0,0.0,0.0334,0.0336,-0.0334,-0.0336,1106,800,1.025,0.7414,3.4150945850063755e-06,nan,nan,NO_WELD
73.459,0.0,0.0,0.0,0.0,0.0334,0.0336,-0.0334,-0.0336,1106,800,1.025,0.7414,3.4150945850063755e-06,nan,nan,NO_WELD
73.509,0.03258305800021363,-0.015338998361783028,0.030282208245946178,0.03488390775448109,0.0334,0.0336,-0.0031,0.0013,1105,799,1.0241,0.7405,0.35156592487770283,0.35156592487770283,0.0,WELD_FOUND
73.559,0.03258305800021363,-0.015338998361783028,0.030282208245946178,0.03488390775448109,0.0176,0.0177,0.0127,0.0172,1105,799,1.0241,0.7405,0.35156592487770283,0.35156592487770283,0.0,WELD_FOUND
73.609,0.0,0.0,0.0,0.0,0.0176,0.0177,-0.0176,-0.0177,1105,799,1.0241,0.7405,0.35156592487770283,nan,nan,NO_WELD
73.659,0.0,0.0,0.0,0.0,0.0176,0.0177,-0.0176,-0.0177,1105,799,1.0241,0.7405,0.35156592487770283,nan,nan,NO_WELD
73.709,0.035,0.0,0.035,0.035,0.0204,0.018,0.0146,0.017,1109,802,1.0278,0.7433,3.4150945850063755e-06,3.4150945850063755e-06,0.0,WELD_FOUND
73.759,0.035,0.0,0.035,0.035,0.0204,0.018,0.0146,0.017,1109,802,1.0278,0.7433,3.4150945850063755e-06,3.4150945850063755e-06,0.0,WELD_FOUND
73.809,0.035,0.0,0.035,0.035,0.0204,0.018,0.0146,0.017,1109,804,1.0278,0.7451,0.35156592487770283,0.17578466998614392,0.1757812548915589,WELD_FOUND
73.859,0.035,0.0,0.035,0.035,0.0163,0.0158,0.0187,0.0192,1109,804,1.0278,0.7451,0.35156592487770283,0.17578466998614392,0.1757812548915589,WELD_FOUND
73.909,0.032848781748530204,-0.021803725148004924,0.029578222976329466,0.036119340520730944,0.0163,0.0158,0.0132,0.0204,1115,809,1.0333,0.7498,0.35156592487770283,0.35156592487770283,0.0,WELD_FOUND
73.959,0.032848781748530204,-0.021803725148004924,0.029578222976329466,0.036119340520730944,0.0163,0.0158,0.0132,0.0204,1115,809,1.0333,0.7498,0.35156592487770283,0.35156592487770283,0.0,WELD_FOUND
74.009,0.0326355079524111,-0.015833927726737595,0.030260418793400464,0.035010597111421744,0.037,0.0342,-0.0068,0.0008,1120,814,1.038,0.7544,1.054690917763512,0.35156592487770283,0.7031249928858092,WELD_FOUND
74.061,0.0326355079524111,-0.015833927726737595,0.030260418793400464,0.035010597111421744,0.037,0.0342,-0.0068,0.0008,1120,814,1.038,0.7544,1.054690917763512,0.35156592487770283,0.7031249928858092,WELD_FOUND
74.109,0.0,0.0,0.0,0.0,0.037,0.0342,-0.037,-0.0342,1125,819,1.0426,0.759,1.054690917763512,nan,nan,NO_WELD
74.159,0.0,0.0,0.0,0.0,0.0346,0.0329,-0.0346,-0.0329,1125,819,1.0426,0.759,1.054690917763512,nan,nan,NO_WELD
74.209,0.0,0.0,0.0,0.0,0.0346,0.0329,-0.0346,-0.0329,1128,822,1.0454,0.7618,1.054690917763512,nan,nan,NO_WELD
74.259,0.0,0.0,0.0,0.0,0.0319,0.0308,-0.0319,-0.0308,1128,822,1.0454,0.7618,1.054690917763512,nan,nan,NO_WELD
74.309,0.0,0.0,0.0,0.0,0.0319,0.0308,-0.0319,-0.0308,1127,821,1.0445,0.7609,1.054690917763512,nan,nan,NO_WELD
74.359,0.0,0.0,0.0,0.0,0.0319,0.0308,-0.0319,-0.0308,1127,821,1.0445,0.7609,1.054690917763512,nan,nan,NO_WELD
74.409,0.03025113731584426,-0.03528794901416077,0.024957944963720148,0.035544329667968375,0.0166,0.016,0.0083,0.0195,1127,821,1.0445,0.7609,0.7031284346608206,0.7031284346608206,0.0,WELD_FOUND
74.459,0.03025113731584426,-0.03528794901416077,0.024957944963720148,0.035544329667968375,0.0166,0.016,0.0083,0.0195,1127,821,1.0445,0.7609,0.7031284346608206,0.7031284346608206,0.0,WELD_FOUND
74.509,0.0,0.0,0.0,0.0,0.0166,0.016,-0.0166,-0.016,1127,822,1.0445,0.7618,0.7031284346608206,nan,nan,NO_WELD
74.559,0.0,0.0,0.0,0.0,0.0133,0.0121,-0.0133,-0.0121,1127,822,1.0445,0.7618,0.7031284346608206,nan,nan,NO_WELD
74.609,0.0,0.0,0.0,0.0,0.0133,0.0121,-0.0133,-0.0121,1132,826,1.0491,0.7655,0.7031284346608206,nan,nan,NO_WELD
74.659,0.0,0.0,0.0,0.0,0.0133,0.0121,-0.0133,-0.0121,1132,826,1.0491,0.7655,0.7031284346608206,nan,nan,NO_WELD
74.709,0.0,0.0,0.0,0.0,0.0203,0.0147,-0.0203,-0.0147,1132,825,1.0491,0.7646,0.7031284346608206,nan,nan,NO_WELD
74.759,0.0,0.0,0.0,0.0,0.0203,0.0147,-0.0203,-0.0147,1132,825,1.0491,0.7646,0.7031284346608206,nan,nan,NO_WELD
74.809,0.0,0.0,0.0,0.0,0.0203,0.0147,-0.0203,-0.0147,1132,825,1.0491,0.7646,0.35156592487770283,0.35156592487770283,0.0,WELD_FOUND
74.859,0.0,0.0,0.0,0.0,0.0163,0.0117,-0.0163,-0.0117,1132,825,1.0491,0.7646,0.35156592487770283,0.35156592487770283,0.0,WELD_FOUND
74.909,0.0,0.0,0.0,0.0,0.0163,0.0117,-0.0163,-0.0117,1132,825,1.0491,0.7646,0.35156592487770283,nan,nan,NO_WELD
74.959,0.0,0.0,0.0,0.0,0.013,0.0094,-0.013,-0.0094,1132,825,1.0491,0.7646,0.35156592487770283,nan,nan,NO_WELD
75.009,0.032582298035693374,-0.016879094019614294,0.030050433932751232,0.03511416213863552,0.013,0.0094,0.017,0.0257,1132,825,1.0491,0.7646,0.35156592487770283,0.35156592487770283,0.0,WELD_FOUND
75.061,0.032582298035693374,-0.016879094019614294,0.030050433932751232,0.03511416213863552,0.013,0.0094,0.017,0.0257,1132,825,1.0491,0.7646,0.35156592487770283,0.35156592487770283,0.0,WELD_FOUND
75.109,0.0,0.0,0.0,0.0,0.0104,0.0075,-0.0104,-0.0075,1132,825,1.0491,0.7646,0.35156592487770283,nan,nan,NO_WELD
75.159,0.0,0.0,0.0,0.0,0.0104,0.0075,-0.0104,-0.0075,1132,825,1.0491,0.7646,0.35156592487770283,nan,nan,NO_WELD
75.209,0.0,0.0,0.0,0.0,0.0104,0.0075,-0.0104,-0.0075,1136,829,1.0528,0.7683,0.35156592487770283,nan,nan,NO_WELD
75.259,0.0,0.0,0.0,0.0,0.0161,0.0144,-0.0161,-0.0144,1136,829,1.0528,0.7683,0.35156592487770283,nan,nan,NO_WELD
75.309,0.032582298035693374,-0.015339957317337394,0.030281304438092765,0.034883291633293984,0.0161,0.0144,0.0142,0.0205,1135,828,1.0519,0.7674,0.35156592487770283,0.35156592487770283,0.0,WELD_FOUND
75.359,0.032582298035693374,-0.015339957317337394,0.030281304438092765,0.034883291633293984,0.006,0.0049,0.0243,0.03,1135,828,1.0519,0.7674,0.35156592487770283,0.35156592487770283,0.0,WELD_FOUND
75.409,0.032582298035693374,-0.015339957317337394,0.030281304438092765,0.034883291633293984,0.006,0.0049,0.0243,0.03,1135,828,1.0519,0.7674,0.35156592487770283,0.35156592487770283,0.0,WELD_FOUND
75.459,0.032582298035693374,-0.015339957317337394,0.030281304438092765,0.034883291633293984,0.006,0.0049,0.0243,0.03,1135,828,1.0519,0.7674,3.4150945850063755e-06,0.35156592487770283,-0.3515625097831178,WELD_FOUND
75.509,0.032582298035693374,-0.015339957317337394,0.030281304438092765,0.034883291633293984,0.016,0.0178,0.0143,0.0171,1140,834,1.0565,0.7729,3.4150945850063755e-06,0.35156592487770283,-0.3515625097831178,WELD_FOUND
75.559,0.032582298035693374,-0.015339957317337394,0.030281304438092765,0.034883291633293984,0.016,0.0178,0.0143,0.0171,1140,834,1.0565,0.7729,3.4150945850063755e-06,nan,nan,NO_WELD
75.609,0.0,0.0,0.0,0.0,0.016,0.0178,-0.016,-0.0178,1146,839,1.0621,0.7776,3.4150945850063755e-06,nan,nan,NO_WELD
75.659,0.0,0.0,0.0,0.0,0.0244,0.023,-0.0244,-0.023,1146,839,1.0621,0.7776,-0.35155909468853286,nan,nan,NO_WELD
75.709,0.033539033981300925,0.0165746016103845,0.0360252242228586,0.03105284373974325,0.0244,0.023,0.0116,0.008,1150,844,1.0658,0.7822,-0.35155909468853286,-0.35155909468853286,0.0,WELD_FOUND
75.759,0.033539033981300925,0.0165746016103845,0.0360252242228586,0.03105284373974325,0.0244,0.023,0.0116,0.008,1150,844,1.0658,0.7822,-0.7031216044716506,-0.35155909468853286,-0.35156250978311776,WELD_FOUND
75.809,0.03182695918269857,0.026865966129312607,0.035856854102095465,0.027797064263301682,0.0245,0.0237,0.0113,0.0041,1150,843,1.0658,0.7813,-0.7031216044716506,-0.5273403362398785,-0.1757812682317721,WELD_FOUND
75.859,0.03182695918269857,0.026865966129312607,0.035856854102095465,0.027797064263301682,0.0245,0.0237,0.0113,0.0041,1150,843,1.0658,0.7813,-0.7031216044716506,-0.5273403362398785,-0.1757812682317721,WELD_FOUND
75.909,0.0,0.0,0.0,0.0,0.0245,0.0237,-0.0245,-0.0237,1154,847,1.0695,0.785,-0.7031216044716506,nan,nan,NO_WELD
75.959,0.0,0.0,0.0,0.0,0.0246,0.0241,-0.0246,-0.0241,1154,847,1.0695,0.785,-0.7031216044716506,nan,nan,WELD_FOUND
76.009,0.030563136799204797,0.031124514393345386,0.035231813958206605,0.02589445964020299,0.0246,0.0241,0.0106,0.0018,1157,850,1.0723,0.7878,-0.7031216044716506,-0.7031216044716506,0.0,WELD_FOUND
76.06,0.030563136799204797,0.031124514393345386,0.035231813958206605,0.02589445964020299,0.0246,0.0241,0.0106,0.0018,1157,850,1.0723,0.7878,-0.7031216044716506,-0.7031216044716506,0.0,WELD_FOUND
76.109,0.030313444754201356,0.031262334166943864,0.03500279487924293,0.025624094629159776,0.0197,0.0219,0.0153,0.0037,1156,850,1.0713,0.7878,-0.7031216044716506,-0.7031216044716506,0.0,WELD_FOUND
76.159,0.0,0.0,0.0,0.0,0.0197,0.0219,-0.0197,-0.0219,1156,850,1.0713,0.7878,-0.7031216044716506,nan,nan,NO_WELD
76.209,0.0,0.0,0.0,0.0,0.0197,0.0219,-0.0197,-0.0219,1160,853,1.0751,0.7905,-0.7031216044716506,nan,nan,NO_WELD
76.259,0.0321220142994126,0.014722071447283113,0.03433032501650507,0.029913703582320136,0.0217,0.0205,0.0126,0.0094,1160,853,1.0751,0.7905,-0.35155909468853286,-0.35155909468853286,0.0,WELD_FOUND
76.309,0.0321220142994126,0.014722071447283113,0.03433032501650507,0.029913703582320136,0.0217,0.0205,0.0126,0.0094,1160,855,1.0751,0.7924,-0.35155909468853286,-0.35155909468853286,0.0,WELD_FOUND
76.359,0.0321220142994126,0.014722071447283113,0.03433032501650507,0.029913703582320136,0.0217,0.0205,0.0126,0.0094,1160,855,1.0751,0.7924,-0.7031216044716506,-0.5273403362398785,-0.1757812682317721,WELD_FOUND
76.409,0.03154851584848615,0.024289707575415355,0.035191971984798454,0.027905059712173844,0.0204,0.0247,0.0148,0.0032,1163,858,1.0778,0.7952,-0.7031216044716506,-0.5273403362398785,-0.1757812682317721,WELD_FOUND
76.459,0.0,0.0,0.0,0.0,0.0204,0.0247,-0.0204,-0.0247,1163,858,1.0778,0.7952,-0.7031216044716506,nan,nan,NO_WELD
76.509,0.0,0.0,0.0,0.0,0.0204,0.0247,-0.0204,-0.0247,1167,862,1.0815,0.7989,-0.7031216044716506,nan,nan,NO_WELD
76.559,0.035,0.0,0.035,0.035,0.0222,0.0247,0.0128,0.0103,1167,862,1.0815,0.7989,3.4150945850063755e-06,3.4150945850063755e-06,0.0,WELD_FOUND
76.609,0.035,0.0,0.035,0.035,0.0222,0.0247,0.0128,0.0103,1168,862,1.0825,0.7989,3.4150945850063755e-06,3.4150945850063755e-06,0.0,WELD_FOUND
76.659,0.035,0.0,0.035,0.035,0.017,0.0198,0.018,0.0152,1168,862,1.0825,0.7989,-0.35155909468853286,-0.17577783979697392,-0.17578125489155894,WELD_FOUND
76.709,0.035,0.0,0.035,0.035,0.017,0.0198,0.018,0.0152,1171,865,1.0852,0.8017,-0.35155909468853286,-0.17577783979697392,-0.17578125489155894,WELD_FOUND
76.759,0.0,0.0,0.0,0.0,0.017,0.0198,-0.017,-0.0198,1171,865,1.0852,0.8017,-0.35155909468853286,nan,nan,NO_WELD
76.809,0.0,0.0,0.0,0.0,0.03,0.0341,-0.03,-0.0341,1176,871,1.0899,0.8072,-0.35155909468853286,nan,nan,NO_WELD
76.859,0.03284045117721697,0.017805816053226717,0.035511323585200975,0.03016957876923296,0.03,0.0341,0.0055,-0.0039,1176,871,1.0899,0.8072,-0.35155909468853286,-0.35155909468853286,0.0,WELD_FOUND
76.909,0.03284045117721697,0.017805816053226717,0.035511323585200975,0.03016957876923296,0.03,0.0341,0.0055,-0.0039,1177,871,1.0908,0.8072,-0.35155909468853286,-0.35155909468853286,0.0,WELD_FOUND
76.959,0.0,0.0,0.0,0.0,0.0205,0.0273,-0.0205,-0.0273,1177,871,1.0908,0.8072,-0.35155909468853286,nan,nan,NO_WELD
77.009,0.0,0.0,0.0,0.0,0.0205,0.0273,-0.0205,-0.0273,1178,872,1.0917,0.8081,-0.35155909468853286,nan,nan,NO_WELD
77.06,0.03263388410502926,0.01540710386467539,0.03494494968473057,0.03032281852532795,0.0205,0.0273,0.0145,0.003,1178,872,1.0917,0.8081,-0.35155909468853286,-0.35155909468853286,0.0,WELD_FOUND
77.109,0.03263388410502926,0.01540710386467539,0.03494494968473057,0.03032281852532795,0.0197,0.0238,0.0153,0.0065,1180,874,1.0936,0.81,-0.35155909468853286,-0.35155909468853286,0.0,WELD_FOUND
77.159,0.0,0.0,0.0,0.0,0.0197,0.0238,-0.0197,-0.0238,1180,874,1.0936,0.81,-0.35155909468853286,nan,nan,NO_WELD
77.209,0.0,0.0,0.0,0.0,0.0197,0.0238,-0.0197,-0.0238,1183,877,1.0964,0.8128,-0.35155909468853286,nan,nan,NO_WELD
77.259,0.032592648895392984,0.015353146266245758,0.03489562083532985,0.03028967695545612,0.0192,0.0217,0.0157,0.0086,1183,877,1.0964,0.8128,-0.35155909468853286,-0.35155909468853286,0.0,WELD_FOUND
77.309,0.032592648895392984,0.015353146266245758,0.03489562083532985,0.03028967695545612,0.0192,0.0217,0.0157,0.0086,1183,877,1.0964,0.8128,-0.35155909468853286,-0.35155909468853286,0.0,WELD_FOUND
77.359,0.0,0.0,0.0,0.0,0.0154,0.0173,-0.0154,-0.0173,1183,877,1.0964,0.8128,-0.35155909468853286,nan,nan,NO_WELD
77.409,0.0,0.0,0.0,0.0,0.0154,0.0173,-0.0154,-0.0173,1186,880,1.0991,0.8156,-0.35155909468853286,nan,nan,NO_WELD
77.459,0.030712493602595523,0.031317184989137846,0.0354100713509662,0.026014915854224847,0.0154,0.0173,0.02,0.0087,1186,880,1.0991,0.8156,-0.7031216044716506,-0.7031216044716506,0.0,WELD_FOUND
77.509,0.030712493602595523,0.031317184989137846,0.0354100713509662,0.026014915854224847,0.0191,0.0178,0.0163,0.0082,1187,880,1.1001,0.8156,-0.7031216044716506,-0.7031216044716506,0.0,WELD_FOUND
77.559,0.03126663810411195,0.021740046255115195,0.03452764504237923,0.028005631165844667,0.0191,0.0178,0.0154,0.0102,1187,880,1.1001,0.8156,-0.35155909468853286,-0.5273403362398785,0.17578124155134567,WELD_FOUND
77.609,0.03126663810411195,0.021740046255115195,0.03452764504237923,0.028005631165844667,0.0191,0.0178,0.0154,0.0102,1189,882,1.1019,0.8174,-0.35155909468853286,-0.5273403362398785,0.17578124155134567,WELD_FOUND
77.659,0.03231703375237284,0.012877601860754172,0.034248674031485966,0.030385393473259713,0.0164,0.0156,0.0178,0.0147,1189,882,1.1019,0.8174,3.4150945850063755e-06,-0.35155909468853286,0.35156250978311787,WELD_FOUND
77.709,0.03231703375237284,0.012877601860754172,0.034248674031485966,0.030385393473259713,0.0164,0.0156,0.0178,0.0147,1194,887,1.1066,0.822,3.4150945850063755e-06,-0.35155909468853286,0.35156250978311787,WELD_FOUND
77.759,0.03252919531534029,0.01485754851853271,0.0347578275931202,0.030300563037560388,0.0284,0.0279,0.0064,0.0024,1194,887,1.1066,0.822,-0.35155909468853286,-0.35155909468853286,0.0,WELD_FOUND
77.809,0.03252919531534029,0.01485754851853271,0.0347578275931202,0.030300563037560388,0.0284,0.0279,0.0064,0.0024,1200,892,1.1121,0.8267,-0.35155909468853286,-0.35155909468853286,0.0,WELD_FOUND
77.859,0.03257171092526639,0.015243445162787752,0.03485822769968455,0.030285194150848224,0.0393,0.0353,-0.0044,-0.005,1200,892,1.1121,0.8267,-0.35155909468853286,-0.35155909468853286,0.0,WELD_FOUND
77.909,0.03257171092526639,0.015243445162787752,0.03485822769968455,0.030285194150848224,0.0393,0.0353,-0.0044,-0.005,1204,896,1.1158,0.8304,-0.35155909468853286,-0.35155909468853286,0.0,WELD_FOUND
77.959,0.03258021737914491,0.01532019784674392,0.0348782470561565,0.030282187702133322,0.0384,0.036,-0.0035,-0.0057,1204,896,1.1158,0.8304,3.4150945850063755e-06,-0.35155909468853286,0.35156250978311787,WELD_FOUND
78.009,0.03258021737914491,0.01532019784674392,0.0348782470561565,0.030282187702133322,0.0384,0.036,-0.0035,-0.0057,1207,898,1.1186,0.8322,3.4150945850063755e-06,-0.35155909468853286,0.35156250978311787,WELD_FOUND
78.06,0.035,0.0,0.035,0.035,0.0384,0.036,-0.0034,-0.001,1207,898,1.1186,0.8322,3.4150945850063755e-06,3.4150945850063755e-06,0.0,WELD_FOUND
78.109,0.035,0.0,0.035,0.035,0.0379,0.0265,-0.0029,0.0085,1210,898,1.1214,0.8322,3.4150945850063755e-06,3.4150945850063755e-06,0.0,WELD_FOUND
78.159,0.0329632733905216,0.020723932921972485,0.036071863328817476,0.02985468345222573,0.0379,0.0265,-0.0018,0.0033,1210,898,1.1214,0.8322,-0.35155909468853286,-0.35155909468853286,0.0,WELD_FOUND
78.209,0.0329632733905216,0.020723932921972485,0.036071863328817476,0.02985468345222573,0.0375,0.0122,-0.0015,0.0176,1214,897,1.1251,0.8313,-0.35155909468853286,-0.35155909468853286,0.0,WELD_FOUND
78.259,0.0,0.0,0.0,0.0,0.0375,0.0122,-0.0375,-0.0122,1214,897,1.1251,0.8313,-0.35155909468853286,nan,nan,NO_WELD
78.309,0.0,0.0,0.0,0.0,0.0411,0.0122,-0.0411,-0.0122,1219,897,1.1297,0.8313,-0.35155909468853286,nan,nan,NO_WELD
78.359,0.032658352902861496,0.015432443535913644,0.03497321943324854,0.03034348637247445,0.0411,0.0098,-0.0061,0.0206,1219,897,1.1297,0.8313,-0.35155909468853286,-0.35155909468853286,0.0,WELD_FOUND
78.409,0.032658352902861496,0.015432443535913644,0.03497321943324854,0.03034348637247445,0.032,0.0098,0.0029,0.0206,1221,897,1.1316,0.8313,-0.35155909468853286,-0.35155909468853286,0.0,WELD_FOUND
78.459,0.03259753882916629,0.015483853639917824,0.03492011687515396,0.030274960783178612,0.032,0.0078,0.0029,0.0225,1221,897,1.1316,0.8313,-0.35155909468853286,-0.35155909468853286,0.0,WELD_FOUND
78.509,0.03259753882916629,0.015483853639917824,0.03492011687515396,0.030274960783178612,0.032,0.0078,0.0029,0.0225,1224,897,1.1344,0.8313,-0.35155909468853286,-0.35155909468853286,0.0,WELD_FOUND
78.559,0.03258538281538071,0.015366499197054708,0.034890357694938916,0.030280407935822505,0.0266,0.0078,0.0082,0.0225,1224,897,1.1344,0.8313,3.4150945850063755e-06,-0.35155909468853286,0.35156250978311787,WELD_FOUND
78.609,0.03258538281538071,0.015366499197054708,0.034890357694938916,0.030280407935822505,0.0266,0.0063,0.0082,0.024,1228,897,1.1381,0.8313,3.4150945850063755e-06,-0.35155909468853286,0.35156250978311787,WELD_FOUND
78.659,0.035,0.0,0.035,0.035,0.0308,0.0063,0.0042,0.0287,1228,897,1.1381,0.8313,0.35156592487770283,-0.17577783979697392,0.5273437646746768,WELD_FOUND
78.709,0.035,0.0,0.035,0.035,0.0308,0.0063,0.0042,0.0287,1233,897,1.1427,0.8313,0.35156592487770283,-0.17577783979697392,0.5273437646746768,WELD_FOUND
78.759,0.0,0.0,0.0,0.0,0.0308,0.005,-0.0308,-0.005,1233,897,1.1427,0.8313,0.35156592487770283,nan,nan,NO_WELD
78.809,0.0,0.0,0.0,0.0,0.0432,0.005,-0.0432,-0.005,1238,897,1.1473,0.8313,0.35156592487770283,nan,nan,NO_WELD
78.859,0.0,0.0,0.0,0.0,0.0432,0.005,-0.0432,-0.005,1238,897,1.1473,0.8313,0.35156592487770283,nan,nan,NO_WELD
78.909,0.0,0.0,0.0,0.0,0.0432,0.004,-0.0432,-0.004,1240,897,1.1492,0.8313,0.35156592487770283,nan,nan,NO_WELD
78.959,0.0,0.0,0.0,0.0,0.0309,0.004,-0.0309,-0.004,1240,897,1.1492,0.8313,0.35156592487770283,nan,nan,NO_WELD
79.009,0.0,0.0,0.0,0.0,0.0309,0.0032,-0.0309,-0.0032,1240,897,1.1492,0.8313,0.35156592487770283,nan,nan,NO_WELD
79.06,0.035,0.0,0.035,0.035,0.0247,0.0032,0.0103,0.0318,1240,897,1.1492,0.8313,3.4150945850063755e-06,3.4150945850063755e-06,0.0,WELD_FOUND
79.109,0.035,0.0,0.035,0.035,0.0247,0.0026,0.0103,0.0324,1240,897,1.1492,0.8313,3.4150945850063755e-06,3.4150945850063755e-06,0.0,WELD_FOUND
79.159,0.0,0.0,0.0,0.0,0.0247,0.0026,-0.0247,-0.0026,1240,897,1.1492,0.8313,3.4150945850063755e-06,nan,nan,NO_WELD
79.209,0.0,0.0,0.0,0.0,0.0198,0.0026,-0.0198,-0.0026,1242,897,1.151,0.8313,3.4150945850063755e-06,nan,nan,NO_WELD
79.259,0.0,0.0,0.0,0.0,0.0198,0.002,-0.0198,-0.002,1242,897,1.151,0.8313,3.4150945850063755e-06,nan,nan,NO_WELD
79.309,0.0,0.0,0.0,0.0,0.023,0.002,-0.023,-0.002,1245,898,1.1538,0.8322,3.4150945850063755e-06,nan,nan,NO_WELD
79.359,0.03305895872694979,0.014724716086473978,0.03526766613992089,0.030850251313978696,0.023,0.0049,0.0123,0.0259,1245,898,1.1538,0.8322,-0.35155909468853286,-0.35155909468853286,0.0,WELD_FOUND
79.409,0.03305895872694979,0.014724716086473978,0.03526766613992089,0.030850251313978696,0.023,0.0049,0.0123,0.0259,1244,898,1.1529,0.8322,-0.35155909468853286,-0.35155909468853286,0.0,WELD_FOUND
79.459,0.0,0.0,0.0,0.0,0.0113,0.0049,-0.0113,-0.0049,1244,898,1.1529,0.8322,-0.35155909468853286,nan,nan,NO_WELD
79.509,0.0,0.0,0.0,0.0,0.0113,0.0039,-0.0113,-0.0039,1246,898,1.1548,0.8322,-0.35155909468853286,nan,nan,NO_WELD
79.559,0.035,0.0,0.035,0.035,0.0142,0.0039,0.0208,0.0311,1246,898,1.1548,0.8322,3.4150945850063755e-06,3.4150945850063755e-06,0.0,WELD_FOUND
79.609,0.035,0.0,0.035,0.035,0.0142,0.0032,0.0208,0.0318,1248,898,1.1566,0.8322,3.4150945850063755e-06,3.4150945850063755e-06,0.0,WELD_FOUND
79.659,0.0,0.0,0.0,0.0,0.0142,0.0032,-0.0142,-0.0032,1248,898,1.1566,0.8322,3.4150945850063755e-06,nan,nan,NO_WELD
79.709,0.0,0.0,0.0,0.0,0.0233,0.013,-0.0233,-0.013,1252,901,1.1603,0.835,3.4150945850063755e-06,nan,nan,NO_WELD
79.759,0.0,0.0,0.0,0.0,0.0233,0.013,-0.0233,-0.013,1252,901,1.1603,0.835,3.4150945850063755e-06,nan,nan,NO_WELD
79.809,0.0,0.0,0.0,0.0,0.0251,0.0189,-0.0251,-0.0189,1255,904,1.1631,0.8378,3.4150945850063755e-06,nan,nan,NO_WELD
79.859,0.031098988600603807,0.030059317358909713,0.03560788620444026,0.02659009099676735,0.0251,0.0189,0.0105,0.0077,1255,904,1.1631,0.8378,-0.7031216044716506,-0.7031216044716506,0.0,WELD_FOUND
79.909,0.031098988600603807,0.030059317358909713,0.03560788620444026,0.02659009099676735,0.0251,0.0189,0.0105,0.0077,1255,906,1.1631,0.8397,-0.7031216044716506,-0.7031216044716506,0.0,WELD_FOUND
79.959,0.030419805810541295,0.03224531202907181,0.035256602614902065,0.025583009006180525,0.0201,0.0163,0.0152,0.0093,1255,906,1.1631,0.8397,-0.7031216044716506,-0.7031216044716506,0.0,WELD_FOUND
80.009,0.030419805810541295,0.03224531202907181,0.035256602614902065,0.025583009006180525,0.0201,0.0163,0.0152,0.0093,1256,907,1.164,0.8406,-0.7031216044716506,-0.7031216044716506,0.0,WELD_FOUND
80.06,0.030284869081578875,0.03099667321886364,0.03493437006440842,0.025635368098749327,0.0201,0.0163,0.0148,0.0093,1256,907,1.164,0.8406,-1.0546840875743422,-0.7031216044716506,-0.35156248310269156,WELD_FOUND
80.109,0.030284869081578875,0.03099667321886364,0.03493437006440842,0.025635368098749327,0.0269,0.0197,0.0081,0.006,1261,910,1.1687,0.8434,-1.0546840875743422,-0.7031216044716506,-0.35156248310269156,WELD_FOUND
80.159,0.030257917728948397,0.030743557635670063,0.03486945137429891,0.025646384083597887,0.0269,0.0197,0.008,0.006,1261,910,1.1687,0.8434,-0.7031216044716506,-0.7031216044716506,0.0,WELD_FOUND
80.209,0.030257917728948397,0.030743557635670063,0.03486945137429891,0.025646384083597887,0.0269,0.0197,0.008,0.006,1265,910,1.1724,0.8434,-0.7031216044716506,-0.7031216044716506,0.0,WELD_FOUND
80.259,0.0,0.0,0.0,0.0,0.026,0.0157,-0.026,-0.0157,1265,910,1.1724,0.8434,-0.7031216044716506,nan,nan,NO_WELD
80.309,0.0,0.0,0.0,0.0,0.026,0.0157,-0.026,-0.0157,1269,909,1.1761,0.8424,-0.7031216044716506,nan,nan,NO_WELD
80.359,0.0,0.0,0.0,0.0,0.026,0.0157,-0.026,-0.0157,1269,909,1.1761,0.8424,-0.7031216044716506,nan,nan,NO_WELD
80.409,0.0,0.0,0.0,0.0,0.028,0.007,-0.028,-0.007,1270,909,1.177,0.8424,-0.7031216044716506,nan,nan,NO_WELD
80.459,0.0,0.0,0.0,0.0,0.028,0.007,-0.028,-0.007,1270,909,1.177,0.8424,-0.7031216044716506,nan,nan,NO_WELD
80.509,0.0,0.0,0.0,0.0,0.028,0.007,-0.028,-0.007,1270,908,1.177,0.8415,-0.7031216044716506,nan,nan,NO_WELD
80.559,0.02800653687058349,0.05,0.035506536870583486,0.02050653687058349,0.0224,0.0017,0.0131,0.0188,1270,908,1.177,0.8415,-1.0546840875743422,-1.0546840875743422,0.0,WELD_FOUND
80.609,0.02800653687058349,0.05,0.035506536870583486,0.02050653687058349,0.0224,0.0017,0.0131,0.0188,1270,908,1.177,0.8415,-1.0546840875743422,-1.0546840875743422,0.0,WELD_FOUND
80.659,0.0,0.0,0.0,0.0,0.0179,0.0014,-0.0179,-0.0014,1270,908,1.177,0.8415,-1.0546840875743422,nan,nan,NO_WELD
80.709,0.0,0.0,0.0,0.0,0.0179,0.0014,-0.0179,-0.0014,1273,911,1.1798,0.8443,-1.0546840875743422,nan,nan,NO_WELD
80.759,0.02979533140041098,0.030044750552261322,0.03430204398325018,0.02528861881757178,0.0179,0.0014,0.0164,0.0239,1273,911,1.1798,0.8443,-0.7031216044716506,-0.7031216044716506,0.0,WELD_FOUND
80.809,0.02979533140041098,0.030044750552261322,0.03430204398325018,0.02528861881757178,0.0231,0.0107,0.0112,0.0146,1275,912,1.1816,0.8452,-0.7031216044716506,-0.7031216044716506,0.0,WELD_FOUND
80.859,0.02925287894058403,0.03967721871166558,0.03520446174733387,0.023301296133834193,0.0231,0.0107,0.0121,0.0126,1275,912,1.1816,0.8452,-1.0546840875743422,-0.8789028727034228,-0.17578121487091936,WELD_FOUND
80.909,0.02925287894058403,0.03967721871166558,0.03520446174733387,0.023301296133834193,0.025,0.0175,0.0102,0.0058,1278,915,1.1844,0.848,-1.0546840875743422,-0.8789028727034228,-0.17578121487091936,WELD_FOUND
80.959,0.03005018121975477,0.02882466152920757,0.034373880449135905,0.025726481990373633,0.025,0.0175,0.0094,0.0082,1278,915,1.1844,0.848,-0.35155909468853286,-0.7031216044716506,0.35156250978311776,WELD_FOUND
81.009,0.03005018121975477,0.02882466152920757,0.034373880449135905,0.025726481990373633,0.025,0.0175,0.0094,0.0082,1282,920,1.1881,0.8526,-0.35155909468853286,-0.7031216044716506,0.35156250978311776,WELD_FOUND
81.06,0.030210928057070263,0.030303729886094168,0.034756487539984386,0.02566536857415614,0.0249,0.0229,0.0099,0.0028,1282,920,1.1881,0.8526,-0.7031216044716506,-0.7031216044716506,0.0,WELD_FOUND
81.109,0.030210928057070263,0.030303729886094168,0.034756487539984386,0.02566536857415614,0.0249,0.0229,0.0099,0.0028,1286,924,1.1918,0.8563,-0.7031216044716506,-0.7031216044716506,0.0,WELD_FOUND
81.159,0.0,0.0,0.0,0.0,0.0249,0.0229,-0.0249,-0.0229,1286,924,1.1918,0.8563,-0.7031216044716506,nan,nan,NO_WELD
81.209,0.0,0.0,0.0,0.0,0.0372,0.031,-0.0372,-0.031,1291,927,1.1965,0.8591,-0.7031216044716506,nan,nan,NO_WELD
81.259,0.0,0.0,0.0,0.0,0.0372,0.031,-0.0372,-0.031,1291,927,1.1965,0.8591,-0.7031216044716506,nan,nan,NO_WELD
81.309,0.0,0.0,0.0,0.0,0.0297,0.0223,-0.0297,-0.0223,1291,928,1.1965,0.86,-0.7031216044716506,nan,nan,NO_WELD
81.359,0.0,0.0,0.0,0.0,0.0297,0.0223,-0.0297,-0.0223,1291,928,1.1965,0.86,-0.7031216044716506,nan,nan,NO_WELD
81.409,0.0,0.0,0.0,0.0,0.0238,0.0097,-0.0238,-0.0097,1291,927,1.1965,0.8591,-0.7031216044716506,nan,nan,NO_WELD
81.459,0.0,0.0,0.0,0.0,0.0238,0.0097,-0.0238,-0.0097,1291,927,1.1965,0.8591,-0.7031216044716506,nan,nan,NO_WELD
81.509,0.0,0.0,0.0,0.0,0.0238,0.0097,-0.0238,-0.0097,1291,927,1.1965,0.8591,-0.7031216044716506,nan,nan,NO_WELD
81.559,0.0,0.0,0.0,0.0,0.019,0.0078,-0.019,-0.0078,1291,927,1.1965,0.8591,-0.7031216044716506,nan,nan,NO_WELD
81.609,0.0,0.0,0.0,0.0,0.019,0.0078,-0.019,-0.0078,1291,927,1.1965,0.8591,-0.7031216044716506,nan,nan,NO_WELD
81.659,0.0,0.0,0.0,0.0,0.019,0.0078,-0.019,-0.0078,1291,927,1.1965,0.8591,-0.7031216044716506,nan,nan,NO_WELD
81.709,0.0,0.0,0.0,0.0,0.0152,0.0062,-0.0152,-0.0062,1291,927,1.1965,0.8591,-0.7031216044716506,nan,nan,NO_WELD
81.759,0.030251181765434624,0.03332626432320642,0.035250121413915585,0.02525224211695366,0.0152,0.0062,0.02,0.0191,1291,927,1.1965,0.8591,-0.7031216044716506,-0.7031216044716506,0.0,WELD_FOUND
81.809,0.030251181765434624,0.03332626432320642,0.035250121413915585,0.02525224211695366,0.0122,0.005,0.0231,0.0203,1291,927,1.1965,0.8591,-0.7031216044716506,-0.7031216044716506,0.0,WELD_FOUND
81.859,0.030251181765434624,0.030679467599838972,0.034853101905410466,0.025649261625458778,0.0122,0.005,0.0227,0.0207,1291,927,1.1965,0.8591,-0.7031216044716506,-0.7031216044716506,0.0,WELD_FOUND
81.909,0.030251181765434624,0.030679467599838972,0.034853101905410466,0.025649261625458778,0.0122,0.005,0.0227,0.0207,1295,931,1.2002,0.8628,-0.7031216044716506,-0.7031216044716506,0.0,WELD_FOUND
81.959,0.030251181765434624,0.030679467599838972,0.034853101905410466,0.025649261625458778,0.0172,0.0129,0.0177,0.0128,1295,931,1.2002,0.8628,-0.7031216044716506,-0.7031216044716506,0.0,WELD_FOUND
82.009,0.030251181765434624,0.030679467599838972,0.034853101905410466,0.025649261625458778,0.0172,0.0129,0.0177,0.0128,1301,936,1.2057,0.8675,-0.7031216044716506,-0.7031216044716506,0.0,WELD_FOUND
82.06,0.0,0.0,0.0,0.0,0.0325,0.0262,-0.0325,-0.0262,1301,936,1.2057,0.8675,-0.7031216044716506,nan,nan,NO_WELD
82.109,0.0,0.0,0.0,0.0,0.0325,0.0262,-0.0325,-0.0262,1305,941,1.2094,0.8721,-0.7031216044716506,nan,nan,NO_WELD
82.159,0.0,0.0,0.0,0.0,0.0325,0.0262,-0.0325,-0.0262,1305,941,1.2094,0.8721,-0.7031216044716506,nan,nan,NO_WELD
82.209,0.0,0.0,0.0,0.0,0.0294,0.0306,-0.0294,-0.0306,1305,942,1.2094,0.873,-0.7031216044716506,nan,nan,NO_WELD
82.259,0.035,0.0,0.035,0.035,0.0294,0.0306,0.0056,0.0044,1305,942,1.2094,0.873,3.4150945850063755e-06,3.4150945850063755e-06,0.0,WELD_FOUND
82.309,0.035,0.0,0.035,0.035,0.0235,0.0221,0.0115,0.0129,1305,943,1.2094,0.8739,3.4150945850063755e-06,3.4150945850063755e-06,0.0,WELD_FOUND
82.359,0.035,0.0,0.035,0.035,0.0235,0.0221,0.0115,0.0129,1305,943,1.2094,0.8739,3.4150945850063755e-06,3.4150945850063755e-06,0.0,WELD_FOUND
82.409,0.035,0.0,0.035,0.035,0.0235,0.0221,0.0115,0.0129,1307,947,1.2113,0.8777,3.4150945850063755e-06,3.4150945850063755e-06,0.0,WELD_FOUND
82.459,0.035,0.0,0.035,0.035,0.0191,0.0231,0.0159,0.0119,1307,947,1.2113,0.8777,-0.35155909468853286,3.4150945850063755e-06,-0.35156250978311787,WELD_FOUND
82.509,0.035,0.0,0.035,0.035,0.0191,0.0231,0.0159,0.0119,1312,952,1.2159,0.8823,-0.35155909468853286,3.4150945850063755e-06,-0.35156250978311787,WELD_FOUND
82.559,0.0,0.0,0.0,0.0,0.0191,0.0231,-0.0191,-0.0231,1312,952,1.2159,0.8823,-0.35155909468853286,nan,nan,NO_WELD
82.609,0.0,0.0,0.0,0.0,0.0362,0.0386,-0.0362,-0.0386,1317,957,1.2206,0.8869,-0.35155909468853286,nan,nan,NO_WELD
82.659,0.0,0.0,0.0,0.0,0.0362,0.0386,-0.0362,-0.0386,1317,957,1.2206,0.8869,-0.35155909468853286,nan,nan,NO_WELD
82.709,0.0,0.0,0.0,0.0,0.0362,0.0386,-0.0362,-0.0386,1318,958,1.2215,0.8878,-0.35155909468853286,nan,nan,NO_WELD
82.759,0.035,0.0,0.035,0.035,0.0242,0.0256,0.0108,0.0094,1318,958,1.2215,0.8878,3.4150945850063755e-06,3.4150945850063755e-06,0.0,WELD_FOUND
82.809,0.035,0.0,0.035,0.035,0.0242,0.0256,0.0108,0.0094,1317,958,1.2206,0.8878,3.4150945850063755e-06,3.4150945850063755e-06,0.0,WELD_FOUND
82.859,0.0,0.0,0.0,0.0,0.0108,0.0205,-0.0108,-0.0205,1317,958,1.2206,0.8878,3.4150945850063755e-06,nan,nan,NO_WELD
82.909,0.0,0.0,0.0,0.0,0.0108,0.0205,-0.0108,-0.0205,1321,961,1.2243,0.8906,3.4150945850063755e-06,nan,nan,NO_WELD
82.959,0.03305742804096431,0.015990498485664726,0.035456002813814017,0.0306588532681146,0.0108,0.0205,0.0247,0.0102,1321,961,1.2243,0.8906,-0.35155909468853286,-0.35155909468853286,0.0,WELD_FOUND
83.009,0.03305742804096431,0.015990498485664726,0.035456002813814017,0.0306588532681146,0.0188,0.0247,0.0166,0.006,1322,963,1.2252,0.8925,-0.35155909468853286,-0.35155909468853286,0.0,WELD_FOUND
83.06,0.035,0.0,0.035,0.035,0.0188,0.0247,0.0162,0.0103,1322,963,1.2252,0.8925,3.4150945850063755e-06,-0.17577783979697392,0.17578125489155894,WELD_FOUND
83.109,0.035,0.0,0.035,0.035,0.0224,0.0222,0.0126,0.0128,1325,965,1.228,0.8943,3.4150945850063755e-06,-0.17577783979697392,0.17578125489155894,WELD_FOUND
83.159,0.0,0.0,0.0,0.0,0.0224,0.0222,-0.0224,-0.0222,1325,965,1.228,0.8943,3.4150945850063755e-06,nan,nan,NO_WELD
83.209,0.0,0.0,0.0,0.0,0.0224,0.0222,-0.0224,-0.0222,1330,970,1.2326,0.899,3.4150945850063755e-06,nan,nan,NO_WELD
83.259,0.035,0.0,0.035,0.035,0.0258,0.0257,0.0092,0.0093,1330,970,1.2326,0.899,3.4150945850063755e-06,3.4150945850063755e-06,0.0,WELD_FOUND
83.309,0.035,0.0,0.035,0.035,0.0258,0.0257,0.0092,0.0093,1330,971,1.2326,0.8999,3.4150945850063755e-06,3.4150945850063755e-06,0.0,WELD_FOUND
83.359,0.035,0.0,0.035,0.035,0.0206,0.0191,0.0144,0.0159,1330,971,1.2326,0.8999,3.4150945850063755e-06,3.4150945850063755e-06,0.0,WELD_FOUND
83.409,0.035,0.0,0.035,0.035,0.0206,0.0191,0.0144,0.0159,1333,975,1.2354,0.9036,3.4150945850063755e-06,3.4150945850063755e-06,0.0,WELD_FOUND
83.459,0.0,0.0,0.0,0.0,0.0206,0.0191,-0.0206,-0.0191,1333,975,1.2354,0.9036,3.4150945850063755e-06,nan,nan,NO_WELD
83.509,0.0,0.0,0.0,0.0,0.0322,0.0337,-0.0322,-0.0337,1338,980,1.24,0.9082,3.4150945850063755e-06,nan,nan,NO_WELD
83.559,0.0,0.0,0.0,0.0,0.0322,0.0337,-0.0322,-0.0337,1338,980,1.24,0.9082,3.4150945850063755e-06,nan,nan,NO_WELD
83.609,0.0,0.0,0.0,0.0,0.0322,0.0337,-0.0322,-0.0337,1339,981,1.2409,0.9092,3.4150945850063755e-06,nan,nan,NO_WELD
83.659,0.0,0.0,0.0,0.0,0.0218,0.0227,-0.0218,-0.0227,1339,981,1.2409,0.9092,3.4150945850063755e-06,nan,nan,NO_WELD
83.709,0.0,0.0,0.0,0.0,0.0218,0.0227,-0.0218,-0.0227,1339,981,1.2409,0.9092,3.4150945850063755e-06,nan,nan,NO_WELD
83.759,0.0,0.0,0.0,0.0,0.0174,0.0227,-0.0174,-0.0227,1339,981,1.2409,0.9092,3.4150945850063755e-06,nan,nan,NO_WELD
83.809,0.0,0.0,0.0,0.0,0.0174,0.0182,-0.0174,-0.0182,1339,981,1.2409,0.9092,3.4150945850063755e-06,nan,nan,NO_WELD
83.859,0.0,0.0,0.0,0.0,0.0174,0.0182,-0.0174,-0.0182,1339,981,1.2409,0.9092,0.35156592487770283,0.35156592487770283,0.0,WELD_FOUND
83.909,0.0,0.0,0.0,0.0,0.0139,0.0145,-0.0139,-0.0145,1339,981,1.2409,0.9092,0.35156592487770283,0.35156592487770283,0.0,WELD_FOUND
83.959,0.0,0.0,0.0,0.0,0.0139,0.0145,-0.0139,-0.0145,1339,981,1.2409,0.9092,0.35156592487770283,nan,nan,NO_WELD
84.009,0.0,0.0,0.0,0.0,0.0111,0.0116,-0.0111,-0.0116,1339,981,1.2409,0.9092,0.35156592487770283,nan,nan,NO_WELD
84.06,0.035,0.0,0.035,0.035,0.0111,0.0116,0.0239,0.0234,1339,981,1.2409,0.9092,3.4150945850063755e-06,3.4150945850063755e-06,0.0,WELD_FOUND
84.109,0.035,0.0,0.035,0.035,0.0089,0.0093,0.0261,0.0257,1339,981,1.2409,0.9092,3.4150945850063755e-06,3.4150945850063755e-06,0.0,WELD_FOUND
84.159,0.035,0.0,0.035,0.035,0.0089,0.0093,0.0261,0.0257,1339,981,1.2409,0.9092,0.35156592487770283,0.17578466998614392,0.1757812548915589,WELD_FOUND
84.209,0.035,0.0,0.035,0.035,0.0089,0.0093,0.0261,0.0257,1344,987,1.2456,0.9147,0.35156592487770283,0.17578466998614392,0.1757812548915589,WELD_FOUND
84.259,0.03286785128724259,-0.02164748479736544,0.029620728567637773,0.036114974006847406,0.0177,0.0204,0.0119,0.0157,1344,987,1.2456,0.9147,0.7031284346608206,0.35156592487770283,0.3515625097831178,WELD_FOUND
84.309,0.03286785128724259,-0.02164748479736544,0.029620728567637773,0.036114974006847406,0.0177,0.0204,0.0119,0.0157,1351,993,1.2521,0.9203,0.7031284346608206,0.35156592487770283,0.3515625097831178,WELD_FOUND
84.359,0.0,0.0,0.0,0.0,0.0366,0.0345,-0.0366,-0.0345,1351,993,1.2521,0.9203,0.7031284346608206,nan,nan,NO_WELD
84.409,0.0,0.0,0.0,0.0,0.0366,0.0345,-0.0366,-0.0345,1355,997,1.2558,0.924,0.7031284346608206,nan,nan,NO_WELD
84.459,0.03076579792214072,-0.03140066020591865,0.02605569889125292,0.03547589695302852,0.0366,0.0345,-0.0105,0.001,1355,997,1.2558,0.924,0.7031284346608206,0.7031284346608206,0.0,WELD_FOUND
84.509,0.03076579792214072,-0.03140066020591865,0.02605569889125292,0.03547589695302852,0.0343,0.033,-0.0082,0.0024,1356,998,1.2567,0.9249,0.7031284346608206,0.7031284346608206,0.0,WELD_FOUND
84.559,0.0,0.0,0.0,0.0,0.0343,0.033,-0.0343,-0.033,1356,998,1.2567,0.9249,0.7031284346608206,nan,nan,NO_WELD
84.609,0.0,0.0,0.0,0.0,0.0317,0.0272,-0.0317,-0.0272,1359,1000,1.2595,0.9268,0.7031284346608206,nan,nan,NO_WELD
84.659,0.03221483011978213,-0.014862842241309338,0.02998540378358573,0.03444425645597853,0.0317,0.0272,-0.0017,0.0072,1359,1000,1.2595,0.9268,0.35156592487770283,0.35156592487770283,0.0,WELD_FOUND
84.709,0.03221483011978213,-0.014862842241309338,0.02998540378358573,0.03444425645597853,0.0317,0.0272,-0.0017,0.0072,1359,999,1.2595,0.9258,0.35156592487770283,0.35156592487770283,0.0,WELD_FOUND
84.759,0.0,0.0,0.0,0.0,0.0254,0.0139,-0.0254,-0.0139,1359,999,1.2595,0.9258,0.35156592487770283,nan,nan,NO_WELD
84.809,0.0,0.0,0.0,0.0,0.0254,0.0139,-0.0254,-0.0139,1363,1002,1.2632,0.9286,0.35156592487770283,nan,nan,NO_WELD
84.859,0.0,0.0,0.0,0.0,0.03,0.0194,-0.03,-0.0194,1363,1002,1.2632,0.9286,0.35156592487770283,nan,nan,NO_WELD
84.909,0.0,0.0,0.0,0.0,0.03,0.0194,-0.03,-0.0194,1362,1002,1.2623,0.9286,0.35156592487770283,nan,nan,NO_WELD
84.959,0.0,0.0,0.0,0.0,0.03,0.0194,-0.03,-0.0194,1362,1002,1.2623,0.9286,0.35156592487770283,nan,nan,NO_WELD
85.009,0.0,0.0,0.0,0.0,0.0156,0.0156,-0.0156,-0.0156,1362,1002,1.2623,0.9286,0.35156592487770283,nan,nan,NO_WELD
85.06,0.0,0.0,0.0,0.0,0.0156,0.0156,-0.0156,-0.0156,1362,1002,1.2623,0.9286,0.35156592487770283,nan,nan,NO_WELD
85.109,0.0,0.0,0.0,0.0,0.0124,0.0124,-0.0124,-0.0124,1362,1002,1.2623,0.9286,0.35156592487770283,nan,nan,NO_WELD
85.159,0.0,0.0,0.0,0.0,0.0124,0.0124,-0.0124,-0.0124,1362,1002,1.2623,0.9286,0.35156592487770283,nan,nan,NO_WELD
85.209,0.0,0.0,0.0,0.0,0.0124,0.0124,-0.0124,-0.0124,1362,1002,1.2623,0.9286,0.35156592487770283,nan,nan,NO_WELD
85.259,0.0,0.0,0.0,0.0,0.01,0.01,-0.01,-0.01,1362,1002,1.2623,0.9286,0.35156592487770283,nan,nan,NO_WELD
85.309,0.0,0.0,0.0,0.0,0.01,0.01,-0.01,-0.01,1362,1002,1.2623,0.9286,0.35156592487770283,nan,nan,NO_WELD
85.359,0.028006494101859913,-0.049984556045363795,0.020508810695055342,0.03550417750866448,0.01,0.01,0.0106,0.0256,1362,1002,1.2623,0.9286,1.054690917763512,1.054690917763512,0.0,WELD_FOUND
85.409,0.028006494101859913,-0.049984556045363795,0.020508810695055342,0.03550417750866448,0.008,0.008,0.0125,0.0275,1362,1002,1.2623,0.9286,1.054690917763512,1.054690917763512,0.0,WELD_FOUND
85.459,0.0,0.0,0.0,0.0,0.008,0.008,-0.008,-0.008,1362,1002,1.2623,0.9286,1.054690917763512,nan,nan,NO_WELD
85.509,0.0,0.0,0.0,0.0,0.0233,0.0233,-0.0233,-0.0233,1367,1007,1.2669,0.9333,1.054690917763512,nan,nan,NO_WELD
85.559,0.03163945170261192,-0.014116308421816371,0.029522005439339465,0.03375689796588437,0.0233,0.0233,0.0062,0.0104,1367,1007,1.2669,0.9333,0.35156592487770283,0.35156592487770283,0.0,WELD_FOUND
85.609,0.03163945170261192,-0.014116308421816371,0.029522005439339465,0.03375689796588437,0.0187,0.0177,0.0109,0.0161,1367,1008,1.2669,0.9342,0.35156592487770283,0.35156592487770283,0.0,WELD_FOUND
85.659,0.03239262134722449,-0.01360585334697636,0.030351743345178036,0.034433499349270945,0.0187,0.0177,0.0117,0.0167,1367,1008,1.2669,0.9342,0.35156592487770283,0.35156592487770283,0.0,WELD_FOUND
85.709,0.03239262134722449,-0.01360585334697636,0.030351743345178036,0.034433499349270945,0.0187,0.0177,0.0117,0.0167,1370,1012,1.2697,0.9379,0.35156592487770283,0.35156592487770283,0.0,WELD_FOUND
85.759,0.0,0.0,0.0,0.0,0.0186,0.0205,-0.0186,-0.0205,1370,1012,1.2697,0.9379,0.35156592487770283,nan,nan,NO_WELD
85.809,0.0,0.0,0.0,0.0,0.0186,0.0205,-0.0186,-0.0205,1375,1017,1.2743,0.9425,0.35156592487770283,nan,nan,NO_WELD
85.859,0.035,0.0,0.035,0.035,0.0297,0.0308,0.0053,0.0042,1375,1017,1.2743,0.9425,3.4150945850063755e-06,3.4150945850063755e-06,0.0,WELD_FOUND
85.909,0.035,0.0,0.035,0.035,0.0297,0.0308,0.0053,0.0042,1376,1017,1.2752,0.9425,3.4150945850063755e-06,3.4150945850063755e-06,0.0,WELD_FOUND
85.959,0.0,0.0,0.0,0.0,0.0215,0.0247,-0.0215,-0.0247,1376,1017,1.2752,0.9425,3.4150945850063755e-06,nan,nan,NO_WELD
86.009,0.0,0.0,0.0,0.0,0.0215,0.0247,-0.0215,-0.0247,1380,1020,1.2789,0.9453,3.4150945850063755e-06,nan,nan,NO_WELD
86.06,0.035,0.0,0.035,0.035,0.0215,0.0247,0.0135,0.0103,1380,1020,1.2789,0.9453,3.4150945850063755e-06,3.4150945850063755e-06,0.0,WELD_FOUND
86.109,0.035,0.0,0.035,0.035,0.0228,0.0222,0.0122,0.0128,1380,1020,1.2789,0.9453,3.4150945850063755e-06,3.4150945850063755e-06,0.0,WELD_FOUND
86.159,0.035,0.0,0.035,0.035,0.0228,0.0222,0.0122,0.0128,1380,1020,1.2789,0.9453,0.35156592487770283,0.17578466998614392,0.1757812548915589,WELD_FOUND
86.209,0.035,0.0,0.035,0.035,0.0322,0.0319,0.0028,0.0031,1385,1025,1.2836,0.9499,0.35156592487770283,0.17578466998614392,0.1757812548915589,WELD_FOUND
86.259,0.0,0.0,0.0,0.0,0.0322,0.0319,-0.0322,-0.0319,1385,1025,1.2836,0.9499,0.35156592487770283,nan,nan,NO_WELD
86.309,0.0,0.0,0.0,0.0,0.0342,0.0302,-0.0342,-0.0302,1389,1028,1.2873,0.9527,0.35156592487770283,nan,nan,NO_WELD
86.359,0.035,0.0,0.035,0.035,0.0342,0.0302,0.0008,0.0048,1389,1028,1.2873,0.9527,3.4150945850063755e-06,3.4150945850063755e-06,0.0,WELD_FOUND
86.409,0.035,0.0,0.035,0.035,0.0342,0.0302,0.0008,0.0048,1388,1029,1.2864,0.9536,3.4150945850063755e-06,3.4150945850063755e-06,0.0,WELD_FOUND
86.459,0.0,0.0,0.0,0.0,0.018,0.0206,-0.018,-0.0206,1388,1029,1.2864,0.9536,3.4150945850063755e-06,nan,nan,NO_WELD
86.509,0.0,0.0,0.0,0.0,0.018,0.0206,-0.018,-0.0206,1391,1033,1.2891,0.9574,3.4150945850063755e-06,nan,nan,NO_WELD
86.559,0.0,0.0,0.0,0.0,0.0219,0.0272,-0.0219,-0.0272,1391,1033,1.2891,0.9574,3.4150945850063755e-06,nan,nan,NO_WELD
86.609,0.0,0.0,0.0,0.0,0.0219,0.0272,-0.0219,-0.0272,1391,1033,1.2891,0.9574,3.4150945850063755e-06,nan,nan,NO_WELD
86.659,0.035,0.0,0.035,0.035,0.0169,0.0126,0.0181,0.0224,1392,1032,1.2901,0.9564,3.4150945850063755e-06,3.4150945850063755e-06,0.0,WELD_FOUND
86.709,0.035,0.0,0.035,0.035,0.0169,0.0126,0.0181,0.0224,1392,1032,1.2901,0.9564,3.4150945850063755e-06,3.4150945850063755e-06,0.0,WELD_FOUND
86.759,0.035,0.0,0.035,0.035,0.0169,0.0126,0.0181,0.0224,1392,1032,1.2901,0.9564,-0.35155909468853286,-0.17577783979697392,-0.17578125489155894,WELD_FOUND
86.809,0.035,0.0,0.035,0.035,0.0135,0.0101,0.0215,0.0249,1392,1032,1.2901,0.9564,-0.35155909468853286,-0.17577783979697392,-0.17578125489155894,WELD_FOUND
86.859,0.032869456879431526,0.021596411265189706,0.03610891856920998,0.02962999518965307,0.0135,0.0101,0.0226,0.0195,1398,1039,1.2956,0.9629,-0.35155909468853286,-0.35155909468853286,0.0,WELD_FOUND
86.909,0.032869456879431526,0.021596411265189706,0.03610891856920998,0.02962999518965307,0.0303,0.032,0.0058,-0.0024,1398,1039,1.2956,0.9629,-0.35155909468853286,-0.35155909468853286,0.0,WELD_FOUND
86.959,0.035,0.0,0.035,0.035,0.0303,0.032,0.0047,0.003,1404,1044,1.3012,0.9675,3.4150945850063755e-06,-0.17577783979697392,0.17578125489155894,WELD_FOUND
87.009,0.035,0.0,0.035,0.035,0.0303,0.032,0.0047,0.003,1404,1044,1.3012,0.9675,3.4150945850063755e-06,-0.17577783979697392,0.17578125489155894,WELD_FOUND
87.06,0.035,0.0,0.035,0.035,0.0429,0.0414,-0.0079,-0.0064,1408,1048,1.3049,0.9713,0.35156592487770283,3.4150945850063755e-06,0.3515625097831178,WELD_FOUND
87.109,0.035,0.0,0.035,0.035,0.0429,0.0414,-0.0079,-0.0064,1408,1048,1.3049,0.9713,0.35156592487770283,3.4150945850063755e-06,0.3515625097831178,WELD_FOUND
87.159,0.0,0.0,0.0,0.0,0.0406,0.0397,-0.0406,-0.0397,1412,1052,1.3086,0.975,0.35156592487770283,nan,nan,NO_WELD
87.209,0.0,0.0,0.0,0.0,0.0406,0.0397,-0.0406,-0.0397,1412,1052,1.3086,0.975,0.35156592487770283,nan,nan,NO_WELD
87.259,0.035,0.0,0.035,0.035,0.0406,0.0397,-0.0056,-0.0047,1414,1054,1.3105,0.9768,3.4150945850063755e-06,3.4150945850063755e-06,0.0,WELD_FOUND
87.309,0.035,0.0,0.035,0.035,0.0293,0.0288,0.0057,0.0062,1414,1054,1.3105,0.9768,3.4150945850063755e-06,3.4150945850063755e-06,0.0,WELD_FOUND
87.359,0.035,0.0,0.035,0.035,0.0293,0.0288,0.0057,0.0062,1414,1055,1.3105,0.9777,3.4150945850063755e-06,3.4150945850063755e-06,0.0,WELD_FOUND
87.409,0.035,0.0,0.035,0.035,0.0234,0.021,0.0116,0.014,1414,1055,1.3105,0.9777,3.4150945850063755e-06,3.4150945850063755e-06,0.0,WELD_FOUND
87.459,0.035,0.0,0.035,0.035,0.0234,0.021,0.0116,0.014,1419,1059,1.3151,0.9814,-0.35155909468853286,3.4150945850063755e-06,-0.35156250978311787,WELD_FOUND
87.509,0.035,0.0,0.035,0.035,0.0234,0.021,0.0116,0.014,1419,1059,1.3151,0.9814,-0.35155909468853286,3.4150945850063755e-06,-0.35156250978311787,WELD_FOUND
87.559,0.035,0.0,0.035,0.035,0.0363,0.0324,-0.0013,0.0026,1423,1063,1.3188,0.9852,-0.7031216044716506,-0.17577783979697392,-0.5273437646746767,WELD_FOUND
87.609,0.035,0.0,0.035,0.035,0.0363,0.0324,-0.0013,0.0026,1423,1063,1.3188,0.9852,-0.7031216044716506,-0.17577783979697392,-0.5273437646746767,WELD_FOUND
87.659,0.0,0.0,0.0,0.0,0.0363,0.0324,-0.0363,-0.0324,1428,1068,1.3234,0.9898,-0.7031216044716506,nan,nan,NO_WELD
87.709,0.0,0.0,0.0,0.0,0.0341,0.0318,-0.0341,-0.0318,1428,1068,1.3234,0.9898,-0.7031216044716506,nan,nan,NO_WELD
87.759,0.0328678097260376,0.017550166730778305,0.03550033473565435,0.030235284716420858,0.0341,0.0318,0.0014,-0.0015,1432,1071,1.3271,0.9926,-0.35155909468853286,-0.35155909468853286,0.0,WELD_FOUND
87.809,0.0328678097260376,0.017550166730778305,0.03550033473565435,0.030235284716420858,0.0353,0.0302,0.0002,0.0001,1432,1071,1.3271,0.9926,-0.35155909468853286,-0.35155909468853286,0.0,WELD_FOUND
87.859,0.03263933767136644,0.015870755703845264,0.035019951026943226,0.03025872431578965,0.0353,0.0302,-0.0003,0.0001,1432,1072,1.3271,0.9935,-0.35155909468853286,-0.35155909468853286,0.0,WELD_FOUND
87.909,0.03263933767136644,0.015870755703845264,0.035019951026943226,0.03025872431578965,0.0353,0.0302,-0.0003,0.0001,1432,1072,1.3271,0.9935,-0.35155909468853286,-0.35155909468853286,0.0,WELD_FOUND
87.959,0.03259373888292334,0.015442899218819904,0.03491017376574633,0.030277304000100355,0.0311,0.028,0.0038,0.0023,1436,1075,1.3308,0.9963,-0.35155909468853286,-0.35155909468853286,0.0,WELD_FOUND
88.009,0.03259373888292334,0.015442899218819904,0.03491017376574633,0.030277304000100355,0.0311,0.028,0.0038,0.0023,1436,1075,1.3308,0.9963,-0.35155909468853286,-0.35155909468853286,0.0,WELD_FOUND
88.06,0.0,0.0,0.0,0.0,0.0335,0.0316,-0.0335,-0.0316,1440,1079,1.3345,1.0,-0.35155909468853286,nan,nan,NO_WELD
88.109,0.0,0.0,0.0,0.0,0.0335,0.0316,-0.0335,-0.0316,1440,1079,1.3345,1.0,-0.35155909468853286,nan,nan,NO_WELD
88.159,0.0,0.0,0.0,0.0,0.0335,0.0316,-0.0335,-0.0316,1443,1082,1.3373,1.0028,-0.35155909468853286,nan,nan,NO_WELD
88.209,0.0,0.0,0.0,0.0,0.0275,0.0264,-0.0275,-0.0264,1443,1082,1.3373,1.0028,-0.35155909468853286,nan,nan,NO_WELD
88.259,0.030712705217548753,0.03006238378779415,0.03522206278571788,0.026203347649379632,0.0275,0.0264,0.0077,-0.0002,1443,1082,1.3373,1.0028,-0.7031216044716506,-0.7031216044716506,0.0,WELD_FOUND
88.309,0.030712705217548753,0.03006238378779415,0.03522206278571788,0.026203347649379632,0.022,0.0211,0.0132,0.0051,1443,1082,1.3373,1.0028,-0.7031216044716506,-0.7031216044716506,0.0,WELD_FOUND
88.359,0.03220399731029432,0.011902008321364545,0.033989298558499005,0.03041869606208964,0.022,0.0211,0.012,0.0093,1444,1083,1.3383,1.0037,3.4150945850063755e-06,-0.35155909468853286,0.35156250978311787,WELD_FOUND
88.409,0.03220399731029432,0.011902008321364545,0.033989298558499005,0.03041869606208964,0.022,0.0211,0.012,0.0093,1444,1083,1.3383,1.0037,3.4150945850063755e-06,-0.35155909468853286,0.35156250978311787,WELD_FOUND
88.459,0.0,0.0,0.0,0.0,0.0256,0.025,-0.0256,-0.025,1448,1087,1.342,1.0074,3.4150945850063755e-06,nan,nan,NO_WELD
88.509,0.0,0.0,0.0,0.0,0.0256,0.025,-0.0256,-0.025,1448,1087,1.342,1.0074,3.4150945850063755e-06,nan,nan,NO_WELD
88.559,0.0,0.0,0.0,0.0,0.0302,0.0298,-0.0302,-0.0298,1452,1091,1.3457,1.0111,3.4150945850063755e-06,nan,nan,NO_WELD
88.609,0.0,0.0,0.0,0.0,0.0302,0.0298,-0.0302,-0.0298,1452,1091,1.3457,1.0111,3.4150945850063755e-06,nan,nan,NO_WELD
88.659,0.0,0.0,0.0,0.0,0.0241,0.0298,-0.0241,-0.0298,1452,1091,1.3457,1.0111,3.4150945850063755e-06,nan,nan,NO_WELD
88.709,0.0,0.0,0.0,0.0,0.0241,0.0239,-0.0241,-0.0239,1452,1091,1.3457,1.0111,3.4150945850063755e-06,nan,nan,NO_WELD
88.759,0.0,0.0,0.0,0.0,0.0193,0.0239,-0.0193,-0.0239,1452,1091,1.3457,1.0111,3.4150945850063755e-06,nan,nan,NO_WELD
88.809,0.0,0.0,0.0,0.0,0.0193,0.0239,-0.0193,-0.0239,1452,1091,1.3457,1.0111,3.4150945850063755e-06,nan,nan,NO_WELD
88.859,0.032582298035693374,-0.01718631831282203,0.03000435028877007,0.03516024578261668,0.0193,0.0191,0.0107,0.0161,1452,1091,1.3457,1.0111,0.35156592487770283,0.35156592487770283,0.0,WELD_FOUND
88.909,0.032582298035693374,-0.01718631831282203,0.03000435028877007,0.03516024578261668,0.0154,0.0191,0.0146,0.0161,1452,1091,1.3457,1.0111,0.35156592487770283,0.35156592487770283,0.0,WELD_FOUND
88.959,0.0,0.0,0.0,0.0,0.0154,0.0191,-0.0154,-0.0191,1453,1092,1.3466,1.012,0.35156592487770283,nan,nan,NO_WELD
89.009,0.0,0.0,0.0,0.0,0.013,0.0139,-0.013,-0.0139,1453,1092,1.3466,1.012,0.35156592487770283,nan,nan,NO_WELD
89.06,0.0,0.0,0.0,0.0,0.013,0.0139,-0.013,-0.0139,1457,1096,1.3503,1.0157,0.35156592487770283,nan,nan,NO_WELD
89.109,0.0,0.0,0.0,0.0,0.013,0.0139,-0.013,-0.0139,1457,1096,1.3503,1.0157,0.35156592487770283,nan,nan,NO_WELD
89.159,0.0,0.0,0.0,0.0,0.0177,0.0183,-0.0177,-0.0183,1457,1096,1.3503,1.0157,0.35156592487770283,nan,nan,NO_WELD
89.209,0.0,0.0,0.0,0.0,0.0177,0.0183,-0.0177,-0.0183,1457,1096,1.3503,1.0157,0.35156592487770283,nan,nan,NO_WELD
89.259,0.032582298035693374,-0.017650789386459732,0.029934679627724413,0.035229916443662336,0.0177,0.0183,0.0123,0.017,1457,1096,1.3503,1.0157,0.35156592487770283,0.35156592487770283,0.0,WELD_FOUND
89.309,0.032582298035693374,-0.017650789386459732,0.029934679627724413,0.035229916443662336,0.0141,0.0146,0.0158,0.0206,1457,1096,1.3503,1.0157,0.35156592487770283,0.35156592487770283,0.0,WELD_FOUND
89.359,0.035,0.0,0.035,0.035,0.0141,0.0146,0.0209,0.0204,1458,1096,1.3512,1.0157,-0.35155909468853286,3.4150945850063755e-06,-0.35156250978311787,WELD_FOUND
89.409,0.035,0.0,0.035,0.035,0.0122,0.0117,0.0228,0.0233,1458,1096,1.3512,1.0157,-0.35155909468853286,3.4150945850063755e-06,-0.35156250978311787,WELD_FOUND
89.459,0.035,0.0,0.035,0.035,0.0122,0.0117,0.0228,0.0233,1463,1101,1.3559,1.0204,3.4150945850063755e-06,3.4150945850063755e-06,0.0,WELD_FOUND
89.509,0.035,0.0,0.035,0.035,0.0258,0.0255,0.0092,0.0095,1463,1101,1.3559,1.0204,3.4150945850063755e-06,3.4150945850063755e-06,0.0,WELD_FOUND
89.559,0.0,0.0,0.0,0.0,0.0258,0.0255,-0.0258,-0.0255,1468,1107,1.3605,1.0259,3.4150945850063755e-06,nan,nan,NO_WELD
89.609,0.0,0.0,0.0,0.0,0.0258,0.0255,-0.0258,-0.0255,1468,1107,1.3605,1.0259,3.4150945850063755e-06,nan,nan,NO_WELD
89.659,0.0,0.0,0.0,0.0,0.0378,0.0401,-0.0378,-0.0401,1472,1111,1.3642,1.0296,3.4150945850063755e-06,nan,nan,NO_WELD
89.709,0.0,0.0,0.0,0.0,0.0378,0.0401,-0.0378,-0.0401,1472,1111,1.3642,1.0296,3.4150945850063755e-06,nan,nan,NO_WELD
89.759,0.0,0.0,0.0,0.0,0.019,0.0321,-0.019,-0.0321,1471,1111,1.3633,1.0296,3.4150945850063755e-06,nan,nan,NO_WELD
89.81,0.0,0.0,0.0,0.0,0.019,0.0321,-0.019,-0.0321,1471,1111,1.3633,1.0296,3.4150945850063755e-06,nan,nan,NO_WELD
89.859,0.0,0.0,0.0,0.0,0.019,0.0321,-0.019,-0.0321,1471,1111,1.3633,1.0296,3.4150945850063755e-06,nan,nan,NO_WELD
89.909,0.0,0.0,0.0,0.0,0.0152,0.0256,-0.0152,-0.0256,1471,1111,1.3633,1.0296,-0.7031216044716506,nan,nan,NO_WELD
89.959,0.0,0.0,0.0,0.0,0.0152,0.0256,-0.0152,-0.0256,1471,1111,1.3633,1.0296,-0.7031216044716506,-0.7031216044716506,0.0,WELD_FOUND
90.009,0.0,0.0,0.0,0.0,0.0121,0.0205,-0.0121,-0.0205,1471,1111,1.3633,1.0296,-0.35155909468853286,-0.7031216044716506,0.35156250978311776,WELD_FOUND
90.06,0.03140594838689981,0.025319633975871447,0.03520389348328053,0.02760800329051909,0.0121,0.0205,0.0231,0.0071,1471,1111,1.3633,1.0296,-0.35155909468853286,-0.5273403362398785,0.17578124155134567,WELD_FOUND
90.109,0.03140594838689981,0.025319633975871447,0.03520389348328053,0.02760800329051909,0.0121,0.0205,0.0231,0.0071,1471,1111,1.3633,1.0296,0.35156592487770283,-0.5273403362398785,0.8789062611175813,WELD_FOUND
90.159,0.032345334663787126,0.013180112357809207,0.03432235151745851,0.030368317810115744,0.0097,0.0148,0.0246,0.0156,1471,1112,1.3633,1.0306,0.35156592487770283,-0.35155909468853286,0.7031250195662357,WELD_FOUND
90.209,0.032345334663787126,0.013180112357809207,0.03432235151745851,0.030368317810115744,0.0097,0.0148,0.0246,0.0156,1471,1112,1.3633,1.0306,0.35156592487770283,nan,nan,NO_WELD
90.259,0.0,0.0,0.0,0.0,0.0097,0.0148,-0.0097,-0.0148,1477,1117,1.3688,1.0352,0.35156592487770283,nan,nan,NO_WELD
90.309,0.0,0.0,0.0,0.0,0.0207,0.0212,-0.0207,-0.0212,1477,1117,1.3688,1.0352,0.35156592487770283,nan,nan,NO_WELD
90.359,0.0,0.0,0.0,0.0,0.0207,0.0212,-0.0207,-0.0212,1481,1122,1.3725,1.0398,0.35156592487770283,nan,nan,NO_WELD
90.409,0.0,0.0,0.0,0.0,0.0207,0.0212,-0.0207,-0.0212,1481,1122,1.3725,1.0398,0.35156592487770283,nan,nan,NO_WELD
90.459,0.0,0.0,0.0,0.0,0.0198,0.0251,-0.0198,-0.0251,1480,1122,1.3716,1.0398,0.35156592487770283,nan,nan,NO_WELD
90.509,0.0,0.0,0.0,0.0,0.0198,0.0251,-0.0198,-0.0251,1480,1122,1.3716,1.0398,0.35156592487770283,nan,nan,NO_WELD
90.559,0.0,0.0,0.0,0.0,0.0198,0.0251,-0.0198,-0.0251,1480,1122,1.3716,1.0398,0.35156592487770283,nan,nan,NO_WELD
90.609,0.0,0.0,0.0,0.0,0.0158,0.0201,-0.0158,-0.0201,1480,1122,1.3716,1.0398,0.35156592487770283,nan,nan,NO_WELD
90.659,0.0,0.0,0.0,0.0,0.0158,0.0201,-0.0158,-0.0201,1480,1122,1.3716,1.0398,0.35156592487770283,nan,nan,NO_WELD
90.709,0.0,0.0,0.0,0.0,0.0127,0.0161,-0.0127,-0.0161,1480,1122,1.3716,1.0398,0.35156592487770283,nan,nan,NO_WELD
90.759,0.0,0.0,0.0,0.0,0.0127,0.0161,-0.0127,-0.0161,1480,1122,1.3716,1.0398,0.35156592487770283,nan,nan,NO_WELD
90.809,0.0,0.0,0.0,0.0,0.0101,0.0128,-0.0101,-0.0128,1480,1122,1.3716,1.0398,0.35156592487770283,nan,nan,NO_WELD
90.859,0.0,0.0,0.0,0.0,0.0101,0.0128,-0.0101,-0.0128,1480,1122,1.3716,1.0398,0.35156592487770283,nan,nan,NO_WELD
90.909,0.0,0.0,0.0,0.0,0.0101,0.0128,-0.0101,-0.0128,1480,1122,1.3716,1.0398,1.054690917763512,1.054690917763512,0.0,WELD_FOUND
90.959,0.0,0.0,0.0,0.0,0.0081,0.0103,-0.0081,-0.0103,1480,1122,1.3716,1.0398,1.054690917763512,1.054690917763512,0.0,WELD_FOUND
91.009,0.0,0.0,0.0,0.0,0.0081,0.0103,-0.0081,-0.0103,1480,1122,1.3716,1.0398,1.054690917763512,nan,nan,NO_WELD
91.06,0.0,0.0,0.0,0.0,0.0081,0.0103,-0.0081,-0.0103,1480,1122,1.3716,1.0398,1.054690917763512,nan,nan,NO_WELD
91.109,0.03025113731584426,-0.032524884748908904,0.025372404603507925,0.0351298700281806,0.0065,0.0082,0.0189,0.0269,1480,1122,1.3716,1.0398,0.7031284346608206,0.7031284346608206,0.0,WELD_FOUND
91.159,0.03025113731584426,-0.032524884748908904,0.025372404603507925,0.0351298700281806,0.0065,0.0082,0.0189,0.0269,1480,1122,1.3716,1.0398,0.7031284346608206,0.7031284346608206,0.0,WELD_FOUND
91.209,0.0,0.0,0.0,0.0,0.0065,0.0082,-0.0065,-0.0082,1480,1122,1.3716,1.0398,0.7031284346608206,nan,nan,NO_WELD
91.259,0.0,0.0,0.0,0.0,0.0113,0.0148,-0.0113,-0.0148,1483,1126,1.3744,1.0435,0.7031284346608206,nan,nan,NO_WELD
91.309,0.0,0.0,0.0,0.0,0.0113,0.0148,-0.0113,-0.0148,1483,1126,1.3744,1.0435,0.7031284346608206,nan,nan,NO_WELD
91.359,0.0,0.0,0.0,0.0,0.0113,0.0148,-0.0113,-0.0148,1486,1129,1.3772,1.0463,0.7031284346608206,nan,nan,NO_WELD
91.409,0.0,0.0,0.0,0.0,0.0142,0.0163,-0.0142,-0.0163,1486,1129,1.3772,1.0463,0.7031284346608206,nan,nan,NO_WELD
91.459,0.0,0.0,0.0,0.0,0.0142,0.0163,-0.0142,-0.0163,1486,1129,1.3772,1.0463,0.7031284346608206,nan,nan,NO_WELD
91.509,0.0,0.0,0.0,0.0,0.0142,0.0163,-0.0142,-0.0163,1486,1129,1.3772,1.0463,0.7031284346608206,nan,nan,NO_WELD
91.559,0.0,0.0,0.0,0.0,0.011,0.013,-0.011,-0.013,1487,1129,1.3781,1.0463,0.7031284346608206,nan,nan,NO_WELD
91.609,0.0,0.0,0.0,0.0,0.011,0.013,-0.011,-0.013,1487,1129,1.3781,1.0463,0.7031284346608206,nan,nan,NO_WELD
91.659,0.0,0.0,0.0,0.0,0.011,0.013,-0.011,-0.013,1487,1129,1.3781,1.0463,0.7031284346608206,nan,nan,NO_WELD
91.709,0.0,0.0,0.0,0.0,0.0088,0.0104,-0.0088,-0.0104,1487,1129,1.3781,1.0463,0.7031284346608206,nan,nan,NO_WELD
91.759,0.0,0.0,0.0,0.0,0.0088,0.0104,-0.0088,-0.0104,1487,1129,1.3781,1.0463,0.7031284346608206,nan,nan,NO_WELD
91.809,0.032582298035693374,-0.016658647128427493,0.03008350096642925,0.0350810951049575,0.0088,0.0104,0.0213,0.0246,1487,1129,1.3781,1.0463,0.35156592487770283,0.35156592487770283,0.0,WELD_FOUND
91.859,0.032582298035693374,-0.016658647128427493,0.03008350096642925,0.0350810951049575,0.007,0.0083,0.023,0.0267,1487,1129,1.3781,1.0463,0.35156592487770283,0.35156592487770283,0.0,WELD_FOUND
91.909,0.0,0.0,0.0,0.0,0.007,0.0083,-0.007,-0.0083,1487,1129,1.3781,1.0463,0.35156592487770283,nan,nan,NO_WELD
91.959,0.0,0.0,0.0,0.0,0.0116,0.0161,-0.0116,-0.0161,1489,1132,1.38,1.0491,0.35156592487770283,nan,nan,NO_WELD
92.009,0.0,0.0,0.0,0.0,0.0116,0.0161,-0.0116,-0.0161,1489,1132,1.38,1.0491,0.35156592487770283,nan,nan,NO_WELD
92.06,0.0,0.0,0.0,0.0,0.0116,0.0161,-0.0116,-0.0161,1492,1135,1.3827,1.0519,0.35156592487770283,nan,nan,NO_WELD
92.109,0.0,0.0,0.0,0.0,0.0144,0.0171,-0.0144,-0.0171,1492,1135,1.3827,1.0519,0.35156592487770283,nan,nan,NO_WELD
92.159,0.0,0.0,0.0,0.0,0.0144,0.0171,-0.0144,-0.0171,1491,1134,1.3818,1.051,0.35156592487770283,nan,nan,NO_WELD
92.209,0.0,0.0,0.0,0.0,0.0144,0.0171,-0.0144,-0.0171,1491,1134,1.3818,1.051,0.35156592487770283,nan,nan,NO_WELD
92.259,0.0,0.0,0.0,0.0,0.0062,0.0078,-0.0062,-0.0078,1491,1134,1.3818,1.051,0.35156592487770283,nan,nan,NO_WELD
92.309,0.0,0.0,0.0,0.0,0.0062,0.0078,-0.0062,-0.0078,1491,1134,1.3818,1.051,0.35156592487770283,nan,nan,NO_WELD
92.359,0.0,0.0,0.0,0.0,0.0049,0.0062,-0.0049,-0.0062,1491,1134,1.3818,1.051,0.35156592487770283,nan,nan,NO_WELD
92.409,0.0,0.0,0.0,0.0,0.0049,0.0062,-0.0049,-0.0062,1491,1134,1.3818,1.051,0.35156592487770283,nan,nan,NO_WELD
92.459,0.0,0.0,0.0,0.0,0.0049,0.0062,-0.0049,-0.0062,1491,1134,1.3818,1.051,0.35156592487770283,nan,nan,NO_WELD
92.509,0.032582298035693374,-0.016661231696855863,0.030083113281164996,0.03508148279022175,0.0039,0.005,0.0261,0.0301,1491,1134,1.3818,1.051,0.35156592487770283,0.35156592487770283,0.0,WELD_FOUND
92.559,0.032582298035693374,-0.016661231696855863,0.030083113281164996,0.03508148279022175,0.0039,0.005,0.0261,0.0301,1491,1134,1.3818,1.051,0.35156592487770283,0.35156592487770283,0.0,WELD_FOUND
92.609,0.0,0.0,0.0,0.0,0.0039,0.005,-0.0039,-0.005,1491,1134,1.3818,1.051,0.35156592487770283,nan,nan,NO_WELD
92.659,0.0,0.0,0.0,0.0,0.0098,0.0104,-0.0098,-0.0104,1494,1137,1.3846,1.0537,0.35156592487770283,nan,nan,NO_WELD
92.709,0.0,0.0,0.0,0.0,0.0098,0.0104,-0.0098,-0.0104,1494,1137,1.3846,1.0537,0.35156592487770283,nan,nan,NO_WELD
92.759,0.0,0.0,0.0,0.0,0.017,0.0174,-0.017,-0.0174,1497,1140,1.3874,1.0565,0.35156592487770283,nan,nan,NO_WELD
92.809,0.032582298035693374,-0.015339957317337394,0.030281304438092765,0.034883291633293984,0.017,0.0174,0.0133,0.0175,1497,1140,1.3874,1.0565,0.35156592487770283,0.35156592487770283,0.0,WELD_FOUND
92.859,0.032582298035693374,-0.015339957317337394,0.030281304438092765,0.034883291633293984,0.017,0.0174,0.0133,0.0175,1497,1140,1.3874,1.0565,0.35156592487770283,0.35156592487770283,0.0,WELD_FOUND
92.909,0.03163945173812606,-0.025237268950983043,0.027853861395478602,0.03542504208077352,0.0136,0.0139,0.0143,0.0215,1497,1140,1.3874,1.0565,0.7031284346608206,0.5273471664290486,0.1757812682317721,WELD_FOUND
92.959,0.03163945173812606,-0.025237268950983043,0.027853861395478602,0.03542504208077352,0.0136,0.0139,0.0143,0.0215,1499,1143,1.3892,1.0593,0.7031284346608206,0.5273471664290486,0.1757812682317721,WELD_FOUND
93.009,0.0,0.0,0.0,0.0,0.0136,0.0139,-0.0136,-0.0139,1499,1143,1.3892,1.0593,0.7031284346608206,nan,nan,NO_WELD
93.06,0.0,0.0,0.0,0.0,0.0255,0.0281,-0.0255,-0.0281,1504,1148,1.3939,1.0639,0.7031284346608206,nan,nan,NO_WELD
93.109,0.0,0.0,0.0,0.0,0.0255,0.0281,-0.0255,-0.0281,1504,1148,1.3939,1.0639,0.7031284346608206,nan,nan,NO_WELD
93.159,0.0,0.0,0.0,0.0,0.0255,0.0281,-0.0255,-0.0281,1506,1149,1.3957,1.0649,0.7031284346608206,nan,nan,NO_WELD
93.209,0.02695979608374551,-0.05,0.019459796083745512,0.03445979608374551,0.0202,0.0193,-0.0008,0.0151,1506,1149,1.3957,1.0649,1.4062534542270564,1.4062534542270564,0.0,WELD_FOUND
93.259,0.02695979608374551,-0.05,0.019459796083745512,0.03445979608374551,0.0202,0.0193,-0.0008,0.0151,1506,1148,1.3957,1.0639,1.4062534542270564,1.4062534542270564,0.0,WELD_FOUND
93.309,0.0,0.0,0.0,0.0,0.0202,0.0193,-0.0202,-0.0193,1506,1148,1.3957,1.0639,1.4062534542270564,nan,nan,NO_WELD
93.359,0.0,0.0,0.0,0.0,0.0171,0.0165,-0.0171,-0.0165,1508,1151,1.3976,1.0667,1.4062534542270564,nan,nan,NO_WELD
93.409,0.0,0.0,0.0,0.0,0.0171,0.0165,-0.0171,-0.0165,1508,1151,1.3976,1.0667,1.4062534542270564,nan,nan,NO_WELD
93.459,0.0,0.0,0.0,0.0,0.0171,0.0165,-0.0171,-0.0165,1508,1152,1.3976,1.0676,1.4062534542270564,nan,nan,NO_WELD
93.509,0.0,0.0,0.0,0.0,0.0137,0.0124,-0.0137,-0.0124,1508,1152,1.3976,1.0676,1.4062534542270564,nan,nan,NO_WELD
93.559,0.0,0.0,0.0,0.0,0.0137,0.0124,-0.0137,-0.0124,1508,1152,1.3976,1.0676,1.4062534542270564,nan,nan,NO_WELD
93.609,0.0,0.0,0.0,0.0,0.0137,0.0124,-0.0137,-0.0124,1508,1152,1.3976,1.0676,1.4062534542270564,nan,nan,NO_WELD
93.659,0.0,0.0,0.0,0.0,0.0109,0.0099,-0.0109,-0.0099,1508,1152,1.3976,1.0676,1.4062534542270564,nan,nan,NO_WELD
93.709,0.021791668119178043,-0.05,0.014291668119178043,0.029291668119178042,0.0109,0.0099,0.0034,0.0194,1508,1152,1.3976,1.0676,2.109378420432439,2.109378420432439,0.0,WELD_FOUND
93.759,0.021791668119178043,-0.05,0.014291668119178043,0.029291668119178042,0.0087,0.0079,0.0055,0.0214,1508,1152,1.3976,1.0676,2.109378420432439,2.109378420432439,0.0,WELD_FOUND
93.809,0.0,0.0,0.0,0.0,0.0087,0.0079,-0.0087,-0.0079,1508,1152,1.3976,1.0676,2.109378420432439,nan,nan,NO_WELD
93.859,0.0,0.0,0.0,0.0,0.0087,0.0079,-0.0087,-0.0079,1512,1155,1.4013,1.0704,2.109378420432439,nan,nan,NO_WELD
93.909,0.0,0.0,0.0,0.0,0.0151,0.0122,-0.0151,-0.0122,1512,1155,1.4013,1.0704,2.109378420432439,nan,nan,NO_WELD
93.959,0.0,0.0,0.0,0.0,0.0151,0.0122,-0.0151,-0.0122,1511,1156,1.4003,1.0713,2.109378420432439,nan,nan,NO_WELD
94.009,0.0,0.0,0.0,0.0,0.0054,0.011,-0.0054,-0.011,1511,1156,1.4003,1.0713,2.109378420432439,nan,nan,NO_WELD
94.06,0.0,0.0,0.0,0.0,0.0054,0.011,-0.0054,-0.011,1511,1156,1.4003,1.0713,2.109378420432439,nan,nan,NO_WELD
94.109,0.0,0.0,0.0,0.0,0.0043,0.0088,-0.0043,-0.0088,1511,1156,1.4003,1.0713,2.109378420432439,nan,nan,NO_WELD
94.159,0.0,0.0,0.0,0.0,0.0043,0.0088,-0.0043,-0.0088,1511,1156,1.4003,1.0713,2.109378420432439,nan,nan,NO_WELD
94.209,0.0,0.0,0.0,0.0,0.0043,0.0088,-0.0043,-0.0088,1511,1156,1.4003,1.0713,2.109378420432439,nan,nan,NO_WELD
94.259,0.0,0.0,0.0,0.0,0.0034,0.007,-0.0034,-0.007,1511,1156,1.4003,1.0713,2.109378420432439,nan,nan,NO_WELD
94.309,0.0,0.0,0.0,0.0,0.0034,0.007,-0.0034,-0.007,1511,1156,1.4003,1.0713,2.109378420432439,nan,nan,NO_WELD
94.359,0.0,0.0,0.0,0.0,0.0034,0.007,-0.0034,-0.007,1511,1156,1.4003,1.0713,2.109378420432439,nan,nan,NO_WELD
94.409,0.0,0.0,0.0,0.0,0.0028,0.0056,-0.0028,-0.0056,1511,1156,1.4003,1.0713,2.109378420432439,nan,nan,NO_WELD
94.459,0.0,0.0,0.0,0.0,0.0028,0.0056,-0.0028,-0.0056,1511,1156,1.4003,1.0713,2.109378420432439,nan,nan,NO_WELD
94.509,0.0,0.0,0.0,0.0,0.0022,0.0045,-0.0022,-0.0045,1511,1156,1.4003,1.0713,2.109378420432439,nan,nan,NO_WELD
94.559,0.0,0.0,0.0,0.0,0.0022,0.0045,-0.0022,-0.0045,1511,1156,1.4003,1.0713,2.109378420432439,nan,nan,NO_WELD
94.609,0.0,0.0,0.0,0.0,0.0018,0.0036,-0.0018,-0.0036,1511,1156,1.4003,1.0713,2.109378420432439,nan,nan,NO_WELD
94.659,0.0,0.0,0.0,0.0,0.0018,0.0036,-0.0018,-0.0036,1511,1156,1.4003,1.0713,2.109378420432439,nan,nan,NO_WELD
94.709,0.0,0.0,0.0,0.0,0.0018,0.0036,-0.0018,-0.0036,1511,1156,1.4003,1.0713,2.109378420432439,nan,nan,NO_WELD
94.759,0.0,0.0,0.0,0.0,0.0014,0.0029,-0.0014,-0.0029,1511,1156,1.4003,1.0713,2.109378420432439,nan,nan,NO_WELD
94.809,0.0,0.0,0.0,0.0,0.0014,0.0029,-0.0014,-0.0029,1511,1156,1.4003,1.0713,-2.1093715902432693,nan,nan,NO_WELD
94.859,0.0,0.0,0.0,0.0,0.0011,0.0023,-0.0011,-0.0023,1511,1156,1.4003,1.0713,-2.1093715902432693,nan,nan,NO_WELD
94.909,0.0,0.0,0.0,0.0,0.0011,0.0023,-0.0011,-0.0023,1511,1156,1.4003,1.0713,-1.7578091605014305,nan,nan,NO_WELD
94.959,0.0,0.0,0.0,0.0,0.0,0.0018,0.0,-0.0018,1511,1156,1.4003,1.0713,-1.7578091605014305,nan,nan,NO_WELD
95.009,0.0,0.0,0.0,0.0,0.0,0.0018,0.0,-0.0018,1511,1156,1.4003,1.0713,-1.7578091605014305,nan,nan,NO_WELD
95.06,0.0,0.0,0.0,0.0,0.0,0.0018,0.0,-0.0018,1511,1156,1.4003,1.0713,-1.7578091605014305,nan,nan,NO_WELD
95.109,0.0,0.0,0.0,0.0,0.0,0.0015,0.0,-0.0015,1511,1156,1.4003,1.0713,-2.1093715902432693,nan,nan,NO_WELD
95.159,0.0,0.0,0.0,0.0,0.0,0.0015,0.0,-0.0015,1511,1156,1.4003,1.0713,-2.1093715902432693,nan,nan,NO_WELD
95.209,0.02179170584530101,0.05,0.02929170584530101,0.014291705845301012,0.0,0.0012,0.0293,0.0131,1511,1156,1.4003,1.0713,-2.1093715902432693,-2.1093715902432693,0.0,WELD_FOUND
95.259,0.02179170584530101,0.05,0.02929170584530101,0.014291705845301012,0.0,0.0012,0.0293,0.0131,1511,1157,1.4003,1.0723,-2.1093715902432693,-2.1093715902432693,0.0,WELD_FOUND
95.309,0.02179170584530101,0.09203869849443436,0.035597510619466165,0.007985901071135858,0.0,0.0044,0.0356,0.0036,1511,1157,1.4003,1.0723,-2.1093715902432693,-2.1093715902432693,0.0,WELD_FOUND
95.359,0.02179170584530101,0.09203869849443436,0.035597510619466165,0.007985901071135858,0.0,0.0044,0.0356,0.0036,1513,1159,1.4022,1.0741,-2.1093715902432693,-2.1093715902432693,0.0,WELD_FOUND
95.409,0.02179170584530101,0.09203869849443436,0.035597510619466165,0.007985901071135858,0.0,0.0044,0.0356,0.0036,1513,1159,1.4022,1.0741,-2.460934233428519,-2.1093715902432693,-0.3515626431852499,WELD_FOUND
95.459,0.02179170584530101,0.09203869849443436,0.035597510619466165,0.007985901071135858,0.0148,0.015,0.0208,-0.007,1517,1162,1.4059,1.0769,-2.460934233428519,-2.1093715902432693,-0.3515626431852499,WELD_FOUND
95.509,0.021021893187222206,0.10184551958541067,0.03629872112503381,0.005745065249410606,0.0148,0.015,0.0215,-0.0093,1517,1162,1.4059,1.0769,-2.460934233428519,-2.285152911835894,-0.17578132159262516,WELD_FOUND
95.559,0.021021893187222206,0.10184551958541067,0.03629872112503381,0.005745065249410606,0.0274,0.0312,0.0089,-0.0255,1522,1168,1.4105,1.0825,-2.460934233428519,-2.285152911835894,-0.17578132159262516,WELD_FOUND
95.609,0.020116390473349247,0.10997271131132322,0.03661229717004773,0.0036204837766507653,0.0274,0.0312,0.0092,-0.0276,1522,1168,1.4105,1.0825,-2.8124966631703576,-2.460934233428519,-0.3515624297418385,WELD_FOUND
95.659,0.020116390473349247,0.10997271131132322,0.03661229717004773,0.0036204837766507653,0.0274,0.0312,0.0092,-0.0276,1526,1171,1.4143,1.0852,-2.8124966631703576,-2.460934233428519,-0.3515624297418385,WELD_FOUND
95.709,0.019937681963773126,0.10789140012567942,0.03612139198262504,0.0037539719449212125,0.0264,0.0262,0.0098,-0.0224,1526,1171,1.4143,1.0852,-3.164059092912196,-2.460934233428519,-0.703124859483677,WELD_FOUND
95.759,0.019937681963773126,0.10789140012567942,0.03612139198262504,0.0037539719449212125,0.0264,0.0262,0.0098,-0.0224,1529,1173,1.417,1.0871,-3.164059092912196,-2.460934233428519,-0.703124859483677,WELD_FOUND
95.809,0.018445135976191306,0.12721597297390197,0.037527531922276605,-0.0006372599698939892,0.0269,0.0231,0.0106,-0.0237,1529,1173,1.417,1.0871,-3.164059092912196,-2.8124966631703576,-0.3515624297418385,WELD_FOUND
95.859,0.018445135976191306,0.12721597297390197,0.037527531922276605,-0.0006372599698939892,0.0269,0.0231,0.0106,-0.0237,1531,1174,1.4189,1.088,-3.164059092912196,-2.8124966631703576,-0.3515624297418385,WELD_FOUND
95.909,0.018153594072088462,0.1235997191543115,0.03669355194523519,-0.00038636380105826207,0.0236,0.0176,0.0131,-0.018,1531,1174,1.4189,1.088,-2.8124966631703576,-2.8124966631703576,0.0,WELD_FOUND
95.959,0.018153594072088462,0.1235997191543115,0.03669355194523519,-0.00038636380105826207,0.0236,0.0176,0.0131,-0.018,1532,1174,1.4198,1.088,-2.8124966631703576,-2.8124966631703576,0.0,WELD_FOUND
96.009,0.01809556438300443,0.12289525577089865,0.03652985274863922,-0.00033872398263036854,0.0236,0.0176,0.013,-0.0179,1532,1174,1.4198,1.088,-2.460934233428519,-2.8124966631703576,0.3515624297418385,WELD_FOUND
96.06,0.01809556438300443,0.12289525577089865,0.03652985274863922,-0.00033872398263036854,0.0216,0.013,0.015,-0.0134,1534,1175,1.4217,1.089,-2.460934233428519,-2.8124966631703576,0.3515624297418385,WELD_FOUND
96.109,0.01808396959285709,0.12275361618826858,0.036497012021097376,-0.0003290728353831929,0.0216,0.013,0.0149,-0.0133,1534,1175,1.4217,1.089,-2.1093715902432693,-2.8124966631703576,0.7031250729270884,WELD_FOUND
96.159,0.01808396959285709,0.12275361618826858,0.036497012021097376,-0.0003290728353831929,0.0203,0.0115,0.0162,-0.0118,1536,1176,1.4235,1.0899,-2.1093715902432693,-2.8124966631703576,0.7031250729270884,WELD_FOUND
96.209,0.019524398733184102,0.1030571304133739,0.03498296829519019,0.004065829171178018,0.0203,0.0115,0.0146,-0.0074,1536,1176,1.4235,1.0899,-2.1093715902432693,-2.460934233428519,0.3515626431852499,WELD_FOUND
96.259,0.019524398733184102,0.1030571304133739,0.03498296829519019,0.004065829171178018,0.0203,0.0115,0.0146,-0.0074,1538,1176,1.4254,1.0899,-2.1093715902432693,-2.460934233428519,0.3515626431852499,WELD_FOUND
96.309,0.021328283062358545,0.08685209005379317,0.03435609657042752,0.00830046955428957,0.0172,0.0092,0.0172,-0.0009,1538,1176,1.4254,1.0899,-1.4062466240378864,-2.1093715902432693,0.7031249662053829,WELD_FOUND
96.359,0.021328283062358545,0.08685209005379317,0.03435609657042752,0.00830046955428957,0.0172,0.0092,0.0172,-0.0009,1540,1177,1.4272,1.0908,-1.4062466240378864,-2.1093715902432693,0.7031249662053829,WELD_FOUND
96.409,0.0,0.0,0.0,0.0,0.0172,0.0092,-0.0172,-0.0092,1540,1177,1.4272,1.0908,-1.4062466240378864,nan,nan,NO_WELD
96.459,0.0,0.0,0.0,0.0,0.0202,0.0129,-0.0202,-0.0129,1542,1179,1.4291,1.0927,-1.4062466240378864,nan,nan,NO_WELD
96.509,0.026598231095382216,0.04393644971987936,0.03318869855336412,0.02000776363740031,0.0202,0.0129,0.013,0.0071,1542,1179,1.4291,1.0927,-1.0546840875743422,-1.0546840875743422,0.0,WELD_FOUND
96.559,0.026598231095382216,0.04393644971987936,0.03318869855336412,0.02000776363740031,0.0084,0.0104,0.0248,0.0097,1541,1179,1.4282,1.0927,-1.0546840875743422,-1.0546840875743422,0.0,WELD_FOUND
96.609,0.027721969515000985,0.04323657486101394,0.03420745574415308,0.021236483285848894,0.0084,0.0104,0.0258,0.0109,1541,1179,1.4282,1.0927,-1.0546840875743422,-1.0546840875743422,0.0,WELD_FOUND
96.659,0.027721969515000985,0.04323657486101394,0.03420745574415308,0.021236483285848894,0.0198,0.021,0.0144,0.0002,1545,1183,1.4319,1.0964,-1.0546840875743422,-1.0546840875743422,0.0,WELD_FOUND
96.709,0.027949507151445303,0.04546179275202444,0.03476877606424897,0.021130238238641637,0.0198,0.021,0.0149,0.0001,1545,1183,1.4319,1.0964,-0.7031216044716506,-1.0546840875743422,0.35156248310269156,WELD_FOUND
96.759,0.027949507151445303,0.04546179275202444,0.03476877606424897,0.021130238238641637,0.0267,0.0274,0.008,-0.0063,1549,1187,1.4356,1.1001,-0.7031216044716506,-1.0546840875743422,0.35156248310269156,WELD_FOUND
96.809,0.02799512627683498,0.04590731987590684,0.03488122425822101,0.021109028295448955,0.0267,0.0274,0.0082,-0.0063,1549,1187,1.4356,1.1001,-1.0546840875743422,-1.0546840875743422,0.0,WELD_FOUND
96.859,0.02799512627683498,0.04590731987590684,0.03488122425822101,0.021109028295448955,0.0309,0.0276,0.004,-0.0065,1553,1190,1.4393,1.1029,-1.0546840875743422,-1.0546840875743422,0.0,WELD_FOUND
96.909,0.028004254565836953,0.04599664533521676,0.034903751366119465,0.02110475776555444,0.0309,0.0276,0.004,-0.0065,1553,1190,1.4393,1.1029,-1.0546840875743422,-1.0546840875743422,0.0,WELD_FOUND
96.959,0.028004254565836953,0.04599664533521676,0.034903751366119465,0.02110475776555444,0.0309,0.0276,0.004,-0.0065,1556,1193,1.4421,1.1056,-1.0546840875743422,-1.0546840875743422,0.0,WELD_FOUND
97.009,0.02800608040219431,0.046014848940531976,0.0349083077432741,0.02110385306111451,0.0259,0.024,0.009,-0.0029,1556,1193,1.4421,1.1056,-1.4062466240378864,-1.0546840875743422,-0.3515625364635442,WELD_FOUND
97.061,0.02800608040219431,0.046014848940531976,0.0349083077432741,0.02110385306111451,0.0259,0.024,0.009,-0.0029,1559,1196,1.4448,1.1084,-1.4062466240378864,-1.0546840875743422,-0.3515625364635442,WELD_FOUND
97.109,0.028006445576608054,0.04601835821192042,0.034909199308396116,0.021103691844819993,0.0267,0.0255,0.0082,-0.0044,1559,1196,1.4448,1.1084,-1.7578091605014305,-1.0546840875743422,-0.7031250729270884,WELD_FOUND
97.159,0.028006445576608054,0.04601835821192042,0.034909199308396116,0.021103691844819993,0.0267,0.0255,0.0082,-0.0044,1562,1199,1.4476,1.1112,-1.7578091605014305,-1.0546840875743422,-0.7031250729270884,WELD_FOUND
97.209,0.026273095485552036,0.06562765722370724,0.03611724406910812,0.01642894690199595,0.0271,0.0264,0.009,-0.01,1562,1199,1.4476,1.1112,-1.4062466240378864,-1.4062466240378864,0.0,WELD_FOUND
97.259,0.026273095485552036,0.06562765722370724,0.03611724406910812,0.01642894690199595,0.0271,0.0264,0.009,-0.01,1566,1202,1.4513,1.114,-1.4062466240378864,-1.4062466240378864,0.0,WELD_FOUND
97.309,0.02593306944886765,0.06219732569457773,0.035262668303054315,0.01660347059468099,0.0311,0.027,0.0042,-0.0104,1566,1202,1.4513,1.114,-1.4062466240378864,-1.4062466240378864,0.0,WELD_FOUND
97.359,0.02593306944886765,0.06219732569457773,0.035262668303054315,0.01660347059468099,0.0311,0.027,0.0042,-0.0104,1569,1205,1.4541,1.1168,-1.4062466240378864,-1.4062466240378864,0.0,WELD_FOUND
97.409,0.02586533000079185,0.06153176614004761,0.03509509492179899,0.01663556507978471,0.0311,0.027,0.004,-0.0103,1569,1205,1.4541,1.1168,-1.7578091605014305,-1.4062466240378864,-0.3515625364635442,WELD_FOUND
97.459,0.02586533000079185,0.06153176614004761,0.03509509492179899,0.01663556507978471,0.031,0.0285,0.0041,-0.0119,1571,1207,1.456,1.1186,-1.7578091605014305,-1.4062466240378864,-0.3515625364635442,WELD_FOUND
97.509,0.02418747218517386,0.08118814486955589,0.03636569391560725,0.012009250454740477,0.031,0.0285,0.0054,-0.0165,1571,1207,1.456,1.1186,-2.1093715902432693,-1.7578091605014305,-0.3515624297418387,WELD_FOUND
97.559,0.02418747218517386,0.08118814486955589,0.03636569391560725,0.012009250454740477,0.031,0.0285,0.0054,-0.0165,1574,1209,1.4587,1.1205,-2.1093715902432693,-1.7578091605014305,-0.3515624297418387,WELD_FOUND
97.609,0.023858651888006552,0.07755731666037488,0.03549224938706278,0.01222505438895032,0.026,0.0221,0.0095,-0.0098,1574,1209,1.4587,1.1205,-1.7578091605014305,-1.7578091605014305,0.0,WELD_FOUND
