t,vx,wz,tgt_r,tgt_l,spd_r,spd_l,err_r,err_l,ticks_r,ticks_l,dist_r,dist_l,raw_angle,filtered_angle,error,weld,ff_r,ff_l,kickstart_r,kickstart_l,holding_r,holding_l,manual_pwm_mode
2.105,0.0,0.0,0.0,0.0,0.0,0.0,0.0,0.0,0,0,0.0,0.0,nan,nan,nan,UNKNOWN,0.0,0.0,False,False,True,True,False
2.155,0.0,0.0,0.0,0.0,0.0,0.0,0.0,0.0,0,0,0.0,0.0,nan,nan,nan,UNKNOWN,0.0,0.0,False,False,True,True,False
2.205,0.0,0.0,0.0,0.0,0.0,0.0,0.0,0.0,0,0,0.0,0.0,nan,nan,nan,UNKNOWN,0.0,0.0,False,False,True,True,False
2.255,0.0,0.0,0.0,0.0,0.0,0.0,0.0,0.0,0,0,0.0,0.0,nan,nan,nan,UNKNOWN,0.0,0.0,False,False,True,True,False
2.305,0.0,0.0,0.0,0.0,0.0,0.0,0.0,0.0,0,0,0.0,0.0,nan,nan,nan,UNKNOWN,0.0,0.0,False,False,True,True,False
2.355,0.0,0.0,0.0,0.0,0.0,0.0,0.0,0.0,0,0,0.0,0.0,nan,nan,nan,UNKNOWN,0.0,0.0,False,False,True,True,False
2.405,0.0,0.0,0.0,0.0,0.0,0.0,0.0,0.0,0,0,0.0,0.0,nan,nan,nan,UNKNOWN,0.0,0.0,False,False,True,True,False
2.455,0.0,0.0,0.0,0.0,0.0,0.0,0.0,0.0,0,0,0.0,0.0,nan,nan,nan,UNKNOWN,0.0,0.0,False,False,True,True,False
2.505,0.0,0.0,0.0,0.0,0.0,0.0,0.0,0.0,0,0,0.0,0.0,nan,nan,nan,UNKNOWN,0.0,0.0,False,False,True,True,False
2.555,0.0,0.0,0.0,0.0,0.0,0.0,0.0,0.0,0,0,0.0,0.0,nan,nan,nan,UNKNOWN,0.0,0.0,False,False,True,True,False
2.605,0.0,0.0,0.0,0.0,0.0,0.0,0.0,0.0,0,0,0.0,0.0,nan,nan,nan,UNKNOWN,0.0,0.0,False,False,True,True,False
2.655,0.0,0.0,0.0,0.0,0.0,0.0,0.0,0.0,0,0,0.0,0.0,nan,nan,nan,UNKNOWN,0.0,0.0,False,False,True,True,False
2.705,0.0,0.0,0.0,0.0,0.0,0.0,0.0,0.0,0,0,0.0,0.0,nan,nan,nan,UNKNOWN,0.0,0.0,False,False,True,True,False
2.755,0.0,0.0,0.0,0.0,0.0,0.0,0.0,0.0,0,0,0.0,0.0,nan,nan,nan,UNKNOWN,0.0,0.0,False,False,True,True,False
2.805,0.0,0.0,0.0,0.0,0.0,0.0,0.0,0.0,0,0,0.0,0.0,nan,nan,nan,UNKNOWN,0.0,0.0,False,False,True,True,False
2.855,0.0,0.0,0.0,0.0,0.0,0.0,0.0,0.0,0,0,0.0,0.0,nan,nan,nan,UNKNOWN,0.0,0.0,False,False,True,True,False
2.905,0.0,0.0,0.0,0.0,0.0,0.0,0.0,0.0,0,0,0.0,0.0,nan,nan,nan,UNKNOWN,0.0,0.0,False,False,True,True,False
2.955,0.0,0.0,0.0,0.0,0.0,0.0,0.0,0.0,0,0,0.0,0.0,nan,nan,nan,UNKNOWN,0.0,0.0,False,False,True,True,False
3.005,0.0,0.0,0.0,0.0,0.0,0.0,0.0,0.0,0,0,0.0,0.0,nan,nan,nan,UNKNOWN,0.0,0.0,False,False,True,True,False
3.057,0.0,0.0,0.0,0.0,0.0,0.0,0.0,0.0,0,0,0.0,0.0,nan,nan,nan,UNKNOWN,0.0,0.0,False,False,True,True,False
3.105,0.0,0.0,0.0,0.0,0.0,0.0,0.0,0.0,0,0,0.0,0.0,nan,nan,nan,UNKNOWN,0.0,0.0,False,False,True,True,False
3.155,0.0,0.0,0.0,0.0,0.0,0.0,0.0,0.0,0,0,0.0,0.0,nan,nan,nan,UNKNOWN,0.0,0.0,False,False,True,True,False
3.205,0.0,0.0,0.0,0.0,0.0,0.0,0.0,0.0,0,0,0.0,0.0,nan,nan,nan,UNKNOWN,0.0,0.0,False,False,True,True,False
3.255,0.0,0.0,0.0,0.0,0.0,0.0,0.0,0.0,0,0,0.0,0.0,nan,nan,nan,UNKNOWN,0.0,0.0,False,False,True,True,False
3.305,0.0,0.0,0.0,0.0,0.0,0.0,0.0,0.0,0,0,0.0,0.0,nan,nan,nan,UNKNOWN,0.0,0.0,False,False,True,True,False
3.355,0.0,0.0,0.0,0.0,0.0,0.0,0.0,0.0,0,0,0.0,0.0,nan,nan,nan,UNKNOWN,0.0,0.0,False,False,True,True,False
3.405,0.0,0.0,0.0,0.0,0.0,0.0,0.0,0.0,0,0,0.0,0.0,nan,nan,nan,UNKNOWN,0.0,0.0,False,False,True,True,False
3.455,0.0,0.0,0.0,0.0,0.0,0.0,0.0,0.0,0,0,0.0,0.0,nan,nan,nan,UNKNOWN,0.0,0.0,False,False,True,True,False
3.505,0.0,0.0,0.0,0.0,0.0,0.0,0.0,0.0,0,0,0.0,0.0,nan,nan,nan,UNKNOWN,0.0,0.0,False,False,True,True,False
3.555,0.0,0.0,0.0,0.0,0.0,0.0,0.0,0.0,0,0,0.0,0.0,nan,nan,nan,UNKNOWN,0.0,0.0,False,False,True,True,False
3.605,0.0,0.0,0.0,0.0,0.0,0.0,0.0,0.0,0,0,0.0,0.0,nan,nan,nan,UNKNOWN,0.0,0.0,False,False,True,True,False
3.655,0.0,0.0,0.0,0.0,0.0,0.0,0.0,0.0,0,0,0.0,0.0,nan,nan,nan,UNKNOWN,0.0,0.0,False,False,True,True,False
3.705,0.0,0.0,0.0,0.0,0.0,0.0,0.0,0.0,0,0,0.0,0.0,nan,nan,nan,UNKNOWN,0.0,0.0,False,False,True,True,False
3.755,0.0,0.0,0.0,0.0,0.0,0.0,0.0,0.0,0,0,0.0,0.0,nan,nan,nan,UNKNOWN,0.0,0.0,False,False,True,True,False
3.805,0.0,0.0,0.0,0.0,0.0,0.0,0.0,0.0,0,0,0.0,0.0,nan,nan,nan,UNKNOWN,0.0,0.0,False,False,True,True,False
3.855,0.0,0.0,0.0,0.0,0.0,0.0,0.0,0.0,0,0,0.0,0.0,nan,nan,nan,UNKNOWN,0.0,0.0,False,False,True,True,False
3.905,0.0,0.0,0.0,0.0,0.0,0.0,0.0,0.0,0,0,0.0,0.0,nan,nan,nan,UNKNOWN,0.0,0.0,False,False,True,True,False
3.955,0.0,0.0,0.0,0.0,0.0,0.0,0.0,0.0,0,0,0.0,0.0,nan,nan,nan,UNKNOWN,0.0,0.0,False,False,True,True,False
4.005,0.0,0.0,0.0,0.0,0.0,0.0,0.0,0.0,0,0,0.0,0.0,nan,nan,nan,UNKNOWN,0.0,0.0,False,False,True,True,False
4.057,0.0,0.0,0.0,0.0,0.0,0.0,0.0,0.0,0,0,0.0,0.0,nan,nan,nan,UNKNOWN,0.0,0.0,False,False,True,True,False
4.105,0.0,0.0,0.0,0.0,0.0,0.0,0.0,0.0,0,0,0.0,0.0,nan,nan,nan,UNKNOWN,0.0,0.0,False,False,True,True,False
4.155,0.0,0.0,0.0,0.0,0.0,0.0,0.0,0.0,0,0,0.0,0.0,nan,nan,nan,UNKNOWN,0.0,0.0,False,False,True,True,False
4.205,0.0,0.0,0.0,0.0,0.0,0.0,0.0,0.0,0,0,0.0,0.0,nan,nan,nan,UNKNOWN,0.0,0.0,False,False,True,True,False
4.255,0.0,0.0,0.0,0.0,0.0,0.0,0.0,0.0,0,0,0.0,0.0,nan,nan,nan,UNKNOWN,0.0,0.0,False,False,True,True,False
4.305,0.0,0.0,0.0,0.0,0.0,0.0,0.0,0.0,0,0,0.0,0.0,nan,nan,nan,UNKNOWN,0.0,0.0,False,False,True,True,False
4.355,0.0,0.0,0.0,0.0,0.0,0.0,0.0,0.0,0,0,0.0,0.0,nan,nan,nan,UNKNOWN,0.0,0.0,False,False,True,True,False
4.405,0.0,0.0,0.0,0.0,0.0,0.0,0.0,0.0,0,0,0.0,0.0,nan,nan,nan,UNKNOWN,0.0,0.0,False,False,True,True,False
4.455,0.0,0.0,0.0,0.0,0.0,0.0,0.0,0.0,0,0,0.0,0.0,nan,nan,nan,UNKNOWN,0.0,0.0,False,False,True,True,False
4.505,0.0,0.0,0.0,0.0,0.0,0.0,0.0,0.0,0,0,0.0,0.0,nan,nan,nan,UNKNOWN,0.0,0.0,False,False,True,True,False
4.555,0.0,0.0,0.0,0.0,0.0,0.0,0.0,0.0,0,0,0.0,0.0,nan,nan,nan,UNKNOWN,0.0,0.0,False,False,True,True,False
4.605,0.0,0.0,0.0,0.0,0.0,0.0,0.0,0.0,0,0,0.0,0.0,nan,nan,nan,UNKNOWN,0.0,0.0,False,False,True,True,False
4.655,0.0,0.0,0.0,0.0,0.0,0.0,0.0,0.0,0,0,0.0,0.0,nan,nan,nan,UNKNOWN,0.0,0.0,False,False,True,True,False
4.705,0.0,0.0,0.0,0.0,0.0,0.0,0.0,0.0,0,0,0.0,0.0,nan,nan,nan,UNKNOWN,0.0,0.0,False,False,True,True,False
4.755,0.0,0.0,0.0,0.0,0.0,0.0,0.0,0.0,0,0,0.0,0.0,nan,nan,nan,UNKNOWN,0.0,0.0,False,False,True,True,False
4.805,0.0,0.0,0.0,0.0,0.0,0.0,0.0,0.0,0,0,0.0,0.0,nan,nan,nan,UNKNOWN,0.0,0.0,False,False,True,True,False
4.855,0.0,0.0,0.0,0.0,0.0,0.0,0.0,0.0,0,0,0.0,0.0,nan,nan,nan,UNKNOWN,0.0,0.0,False,False,True,True,False
4.905,0.0,0.0,0.0,0.0,0.0,0.0,0.0,0.0,0,0,0.0,0.0,nan,nan,nan,UNKNOWN,0.0,0.0,False,False,True,True,False
4.955,0.0,0.0,0.0,0.0,0.0,0.0,0.0,0.0,0,0,0.0,0.0,nan,nan,nan,UNKNOWN,0.0,0.0,False,False,True,True,False
5.005,0.0,0.0,0.0,0.0,0.0,0.0,0.0,0.0,0,0,0.0,0.0,nan,nan,nan,UNKNOWN,0.0,0.0,False,False,True,True,False
5.057,0.0,0.0,0.0,0.0,0.0,0.0,0.0,0.0,0,0,0.0,0.0,nan,nan,nan,UNKNOWN,0.0,0.0,False,False,True,True,False
5.105,0.0,0.0,0.0,0.0,0.0,0.0,0.0,0.0,0,0,0.0,0.0,nan,nan,nan,UNKNOWN,0.0,0.0,False,False,True,True,False
5.155,0.0,0.0,0.0,0.0,0.0,0.0,0.0,0.0,0,0,0.0,0.0,nan,nan,nan,UNKNOWN,0.0,0.0,False,False,True,True,False
5.205,0.0,0.0,0.0,0.0,0.0,0.0,0.0,0.0,0,0,0.0,0.0,nan,nan,nan,UNKNOWN,0.0,0.0,False,False,True,True,False
5.255,0.0,0.0,0.0,0.0,0.0,0.0,0.0,0.0,0,0,0.0,0.0,nan,nan,nan,UNKNOWN,0.0,0.0,False,False,True,True,False
5.305,0.0,0.0,0.0,0.0,0.0,0.0,0.0,0.0,0,0,0.0,0.0,nan,nan,nan,UNKNOWN,0.0,0.0,False,False,True,True,False
5.355,0.0,0.0,0.0,0.0,0.0,0.0,0.0,0.0,0,0,0.0,0.0,nan,nan,nan,UNKNOWN,0.0,0.0,False,False,True,True,False
5.405,0.0,0.0,0.0,0.0,0.0,0.0,0.0,0.0,0,0,0.0,0.0,nan,nan,nan,UNKNOWN,0.0,0.0,False,False,True,True,False
5.455,0.0,0.0,0.0,0.0,0.0,0.0,0.0,0.0,0,0,0.0,0.0,nan,nan,nan,UNKNOWN,0.0,0.0,False,False,True,True,False
5.505,0.0,0.0,0.0,0.0,0.0,0.0,0.0,0.0,0,0,0.0,0.0,nan,nan,nan,UNKNOWN,0.0,0.0,False,False,True,True,False
5.555,0.0,0.0,0.0,0.0,0.0,0.0,0.0,0.0,0,0,0.0,0.0,nan,nan,nan,UNKNOWN,0.0,0.0,False,False,True,True,False
5.605,0.0,0.0,0.0,0.0,0.0,0.0,0.0,0.0,0,0,0.0,0.0,nan,nan,nan,UNKNOWN,0.0,0.0,False,False,True,True,False
5.655,0.0,0.0,0.0,0.0,0.0,0.0,0.0,0.0,0,0,0.0,0.0,nan,nan,nan,UNKNOWN,0.0,0.0,False,False,True,True,False
5.705,0.0,0.0,0.0,0.0,0.0,0.0,0.0,0.0,0,0,0.0,0.0,nan,nan,nan,UNKNOWN,0.0,0.0,False,False,True,True,False
5.755,0.0,0.0,0.0,0.0,0.0,0.0,0.0,0.0,0,0,0.0,0.0,nan,nan,nan,UNKNOWN,0.0,0.0,False,False,True,True,False
5.805,0.0,0.0,0.0,0.0,0.0,0.0,0.0,0.0,0,0,0.0,0.0,nan,nan,nan,UNKNOWN,0.0,0.0,False,False,True,True,False
5.855,0.0,0.0,0.0,0.0,0.0,0.0,0.0,0.0,0,0,0.0,0.0,nan,nan,nan,UNKNOWN,0.0,0.0,False,False,True,True,False
5.905,0.0,0.0,0.0,0.0,0.0,0.0,0.0,0.0,0,0,0.0,0.0,nan,nan,nan,UNKNOWN,0.0,0.0,False,False,True,True,False
5.955,0.0,0.0,0.0,0.0,0.0,0.0,0.0,0.0,0,0,0.0,0.0,nan,nan,nan,UNKNOWN,0.0,0.0,False,False,True,True,False
6.005,0.0,0.0,0.0,0.0,0.0,0.0,0.0,0.0,0,0,0.0,0.0,nan,nan,nan,UNKNOWN,0.0,0.0,False,False,True,True,False
6.057,0.0,0.0,0.0,0.0,0.0,0.0,0.0,0.0,0,0,0.0,0.0,nan,nan,nan,UNKNOWN,0.0,0.0,False,False,True,True,False
6.105,0.0,0.0,0.0,0.0,0.0,0.0,0.0,0.0,0,0,0.0,0.0,nan,nan,nan,UNKNOWN,0.0,0.0,False,False,True,True,False
6.155,0.0,0.0,0.0,0.0,0.0,0.0,0.0,0.0,0,0,0.0,0.0,nan,nan,nan,UNKNOWN,0.0,0.0,False,False,True,True,False
6.205,0.0,0.0,0.0,0.0,0.0,0.0,0.0,0.0,0,0,0.0,0.0,nan,nan,nan,UNKNOWN,0.0,0.0,False,False,True,True,False
6.255,0.0,0.0,0.0,0.0,0.0,0.0,0.0,0.0,0,0,0.0,0.0,nan,nan,nan,UNKNOWN,0.0,0.0,False,False,True,True,False
6.305,0.0,0.0,0.0,0.0,0.0,0.0,0.0,0.0,0,0,0.0,0.0,nan,nan,nan,UNKNOWN,0.0,0.0,False,False,True,True,False
6.355,0.0,0.0,0.0,0.0,0.0,0.0,0.0,0.0,0,0,0.0,0.0,nan,nan,nan,UNKNOWN,0.0,0.0,False,False,True,True,False
6.405,0.0,0.0,0.0,0.0,0.0,0.0,0.0,0.0,0,0,0.0,0.0,nan,nan,nan,UNKNOWN,0.0,0.0,False,False,True,True,False
6.455,0.0,0.0,0.0,0.0,0.0,0.0,0.0,0.0,0,0,0.0,0.0,nan,nan,nan,UNKNOWN,0.0,0.0,False,False,True,True,False
6.505,0.0,0.0,0.0,0.0,0.0,0.0,0.0,0.0,0,0,0.0,0.0,nan,nan,nan,UNKNOWN,0.0,0.0,False,False,True,True,False
6.555,0.0,0.0,0.0,0.0,0.0,0.0,0.0,0.0,0,0,0.0,0.0,nan,nan,nan,UNKNOWN,0.0,0.0,False,False,True,True,False
6.605,0.0,0.0,0.0,0.0,0.0,0.0,0.0,0.0,0,0,0.0,0.0,nan,nan,nan,UNKNOWN,0.0,0.0,False,False,True,True,False
6.655,0.0,0.0,0.0,0.0,0.0,0.0,0.0,0.0,0,0,0.0,0.0,nan,nan,nan,UNKNOWN,0.0,0.0,False,False,True,True,False
6.705,0.0,0.0,0.0,0.0,0.0,0.0,0.0,0.0,0,0,0.0,0.0,nan,nan,nan,UNKNOWN,0.0,0.0,False,False,True,True,False
6.755,0.0,0.0,0.0,0.0,0.0,0.0,0.0,0.0,0,0,0.0,0.0,nan,nan,nan,UNKNOWN,0.0,0.0,False,False,True,True,False
6.805,0.0,0.0,0.0,0.0,0.0,0.0,0.0,0.0,0,0,0.0,0.0,nan,nan,nan,UNKNOWN,0.0,0.0,False,False,True,True,False
6.855,0.0,0.0,0.0,0.0,0.0,0.0,0.0,0.0,0,0,0.0,0.0,nan,nan,nan,UNKNOWN,0.0,0.0,False,False,True,True,False
6.905,0.0,0.0,0.0,0.0,0.0,0.0,0.0,0.0,0,0,0.0,0.0,nan,nan,nan,UNKNOWN,0.0,0.0,False,False,True,True,False
6.955,0.0,0.0,0.0,0.0,0.0,0.0,0.0,0.0,0,0,0.0,0.0,nan,nan,nan,UNKNOWN,0.0,0.0,False,False,True,True,False
7.005,0.0,0.0,0.0,0.0,0.0,0.0,0.0,0.0,0,0,0.0,0.0,nan,nan,nan,UNKNOWN,0.0,0.0,False,False,True,True,False
7.057,0.0,0.0,0.0,0.0,0.0,0.0,0.0,0.0,0,0,0.0,0.0,nan,nan,nan,UNKNOWN,0.0,0.0,False,False,True,True,False
7.105,0.0,0.0,0.0,0.0,0.0,0.0,0.0,0.0,0,0,0.0,0.0,nan,nan,nan,UNKNOWN,0.0,0.0,False,False,True,True,False
7.155,0.0,0.0,0.0,0.0,0.0,0.0,0.0,0.0,0,0,0.0,0.0,nan,nan,nan,UNKNOWN,0.0,0.0,False,False,True,True,False
7.205,0.0,0.0,0.0,0.0,0.0,0.0,0.0,0.0,0,0,0.0,0.0,nan,nan,nan,UNKNOWN,0.0,0.0,False,False,True,True,False
7.255,0.0,0.0,0.0,0.0,0.0,0.0,0.0,0.0,0,0,0.0,0.0,nan,nan,nan,UNKNOWN,0.0,0.0,False,False,True,True,False
7.305,0.0,0.0,0.0,0.0,0.0,0.0,0.0,0.0,0,0,0.0,0.0,nan,nan,nan,UNKNOWN,0.0,0.0,False,False,True,True,False
7.355,0.0,0.0,0.0,0.0,0.0,0.0,0.0,0.0,0,0,0.0,0.0,nan,nan,nan,UNKNOWN,0.0,0.0,False,False,True,True,False
7.405,0.0,0.0,0.0,0.0,0.0,0.0,0.0,0.0,0,0,0.0,0.0,nan,nan,nan,UNKNOWN,0.0,0.0,False,False,True,True,False
7.455,0.0,0.0,0.0,0.0,0.0,0.0,0.0,0.0,0,0,0.0,0.0,nan,nan,nan,UNKNOWN,0.0,0.0,False,False,True,True,False
7.505,0.0,0.0,0.0,0.0,0.0,0.0,0.0,0.0,0,0,0.0,0.0,nan,nan,nan,UNKNOWN,0.0,0.0,False,False,True,True,False
7.555,0.0,0.0,0.0,0.0,0.0,0.0,0.0,0.0,0,0,0.0,0.0,nan,nan,nan,UNKNOWN,0.0,0.0,False,False,True,True,False
7.605,0.0,0.0,0.0,0.0,0.0,0.0,0.0,0.0,0,0,0.0,0.0,nan,nan,nan,UNKNOWN,0.0,0.0,False,False,True,True,False
7.655,0.0,0.0,0.0,0.0,0.0,0.0,0.0,0.0,0,0,0.0,0.0,nan,nan,nan,UNKNOWN,0.0,0.0,False,False,True,True,False
7.705,0.0,0.0,0.0,0.0,0.0,0.0,0.0,0.0,0,0,0.0,0.0,nan,nan,nan,UNKNOWN,0.0,0.0,False,False,True,True,False
7.755,0.0,0.0,0.0,0.0,0.0,0.0,0.0,0.0,0,0,0.0,0.0,nan,nan,nan,UNKNOWN,0.0,0.0,False,False,True,True,False
7.805,0.0,0.0,0.0,0.0,0.0,0.0,0.0,0.0,0,0,0.0,0.0,nan,nan,nan,UNKNOWN,0.0,0.0,False,False,True,True,False
7.855,0.0,0.0,0.0,0.0,0.0,0.0,0.0,0.0,0,0,0.0,0.0,nan,nan,nan,UNKNOWN,0.0,0.0,False,False,True,True,False
7.905,0.0,0.0,0.0,0.0,0.0,0.0,0.0,0.0,0,0,0.0,0.0,nan,nan,nan,UNKNOWN,0.0,0.0,False,False,True,True,False
7.955,0.0,0.0,0.0,0.0,0.0,0.0,0.0,0.0,0,0,0.0,0.0,nan,nan,nan,UNKNOWN,0.0,0.0,False,False,True,True,False
8.005,0.0,0.0,0.0,0.0,0.0,0.0,0.0,0.0,0,0,0.0,0.0,nan,nan,nan,UNKNOWN,0.0,0.0,False,False,True,True,False
8.057,0.0,0.0,0.0,0.0,0.0,0.0,0.0,0.0,0,0,0.0,0.0,nan,nan,nan,UNKNOWN,0.0,0.0,False,False,True,True,False
8.105,0.0,0.0,0.0,0.0,0.0,0.0,0.0,0.0,0,0,0.0,0.0,nan,nan,nan,UNKNOWN,0.0,0.0,False,False,True,True,False
8.155,0.0,0.0,0.0,0.0,0.0,0.0,0.0,0.0,0,0,0.0,0.0,nan,nan,nan,UNKNOWN,0.0,0.0,False,False,True,True,False
8.205,0.0,0.0,0.0,0.0,0.0,0.0,0.0,0.0,0,0,0.0,0.0,nan,nan,nan,UNKNOWN,0.0,0.0,False,False,True,True,False
8.255,0.0,0.0,0.0,0.0,0.0,0.0,0.0,0.0,0,0,0.0,0.0,nan,nan,nan,UNKNOWN,0.0,0.0,False,False,True,True,False
8.305,0.0,0.0,0.0,0.0,0.0,0.0,0.0,0.0,0,0,0.0,0.0,nan,nan,nan,UNKNOWN,0.0,0.0,False,False,True,True,False
8.355,0.0,0.0,0.0,0.0,0.0,0.0,0.0,0.0,0,0,0.0,0.0,nan,nan,nan,UNKNOWN,0.0,0.0,False,False,True,True,False
8.405,0.0,0.0,0.0,0.0,0.0,0.0,0.0,0.0,0,0,0.0,0.0,nan,nan,nan,UNKNOWN,0.0,0.0,False,False,True,True,False
8.455,0.0,0.0,0.0,0.0,0.0,0.0,0.0,0.0,0,0,0.0,0.0,nan,nan,nan,UNKNOWN,0.0,0.0,False,False,True,True,False
8.505,0.0,0.0,0.0,0.0,0.0,0.0,0.0,0.0,0,0,0.0,0.0,nan,nan,nan,UNKNOWN,0.0,0.0,False,False,True,True,False
8.555,0.0,0.0,0.0,0.0,0.0,0.0,0.0,0.0,0,0,0.0,0.0,nan,nan,nan,UNKNOWN,0.0,0.0,False,False,True,True,False
8.605,0.0,0.0,0.0,0.0,0.0,0.0,0.0,0.0,0,0,0.0,0.0,nan,nan,nan,UNKNOWN,0.0,0.0,False,False,True,True,False
8.655,0.0,0.0,0.0,0.0,0.0,0.0,0.0,0.0,0,0,0.0,0.0,nan,nan,nan,UNKNOWN,0.0,0.0,False,False,True,True,False
8.705,0.0,0.0,0.0,0.0,0.0,0.0,0.0,0.0,0,0,0.0,0.0,nan,nan,nan,UNKNOWN,0.0,0.0,False,False,True,True,False
8.755,0.0,0.0,0.0,0.0,0.0,0.0,0.0,0.0,0,0,0.0,0.0,nan,nan,nan,UNKNOWN,0.0,0.0,False,False,True,True,False
8.805,0.0,0.0,0.0,0.0,0.0,0.0,0.0,0.0,0,0,0.0,0.0,nan,nan,nan,UNKNOWN,0.0,0.0,False,False,True,True,False
8.855,0.0,0.0,0.0,0.0,0.0,0.0,0.0,0.0,0,0,0.0,0.0,nan,nan,nan,UNKNOWN,0.0,0.0,False,False,True,True,False
8.905,0.0,0.0,0.0,0.0,0.0,0.0,0.0,0.0,0,0,0.0,0.0,nan,nan,nan,UNKNOWN,0.0,0.0,False,False,True,True,False
8.955,0.0,0.0,0.0,0.0,0.0,0.0,0.0,0.0,0,0,0.0,0.0,nan,nan,nan,UNKNOWN,0.0,0.0,False,False,True,True,False
9.005,0.0,0.0,0.0,0.0,0.0,0.0,0.0,0.0,0,0,0.0,0.0,nan,nan,nan,UNKNOWN,0.0,0.0,False,False,True,True,False
9.057,0.0,0.0,0.0,0.0,0.0,0.0,0.0,0.0,0,0,0.0,0.0,nan,nan,nan,UNKNOWN,0.0,0.0,False,False,True,True,False
9.105,0.0,0.0,0.0,0.0,0.0,0.0,0.0,0.0,0,0,0.0,0.0,nan,nan,nan,UNKNOWN,0.0,0.0,False,False,True,True,False
9.155,0.0,0.0,0.0,0.0,0.0,0.0,0.0,0.0,0,0,0.0,0.0,nan,nan,nan,UNKNOWN,0.0,0.0,False,False,True,True,False
9.205,0.0,0.0,0.0,0.0,0.0,0.0,0.0,0.0,0,0,0.0,0.0,nan,nan,nan,UNKNOWN,0.0,0.0,False,False,True,True,False
9.255,0.0,0.0,0.0,0.0,0.0,0.0,0.0,0.0,0,0,0.0,0.0,nan,nan,nan,UNKNOWN,0.0,0.0,False,False,True,True,False
9.305,0.0,0.0,0.0,0.0,0.0,0.0,0.0,0.0,0,0,0.0,0.0,nan,nan,nan,UNKNOWN,0.0,0.0,False,False,True,True,False
9.355,0.0,0.0,0.0,0.0,0.0,0.0,0.0,0.0,0,0,0.0,0.0,nan,nan,nan,UNKNOWN,0.0,0.0,False,False,True,True,False
9.405,0.0,0.0,0.0,0.0,0.0,0.0,0.0,0.0,0,0,0.0,0.0,nan,nan,nan,UNKNOWN,0.0,0.0,False,False,True,True,False
9.455,0.0,0.0,0.0,0.0,0.0,0.0,0.0,0.0,0,0,0.0,0.0,nan,nan,nan,UNKNOWN,0.0,0.0,False,False,True,True,False
9.505,0.0,0.0,0.0,0.0,0.0,0.0,0.0,0.0,0,0,0.0,0.0,nan,nan,nan,UNKNOWN,0.0,0.0,False,False,True,True,False
9.555,0.0,0.0,0.0,0.0,0.0,0.0,0.0,0.0,0,0,0.0,0.0,nan,nan,nan,UNKNOWN,0.0,0.0,False,False,True,True,False
9.605,0.0,0.0,0.0,0.0,0.0,0.0,0.0,0.0,0,0,0.0,0.0,nan,nan,nan,UNKNOWN,0.0,0.0,False,False,True,True,False
9.655,0.0,0.0,0.0,0.0,0.0,0.0,0.0,0.0,0,0,0.0,0.0,nan,nan,nan,UNKNOWN,0.0,0.0,False,False,True,True,False
9.705,0.0,0.0,0.0,0.0,0.0,0.0,0.0,0.0,0,0,0.0,0.0,nan,nan,nan,UNKNOWN,0.0,0.0,False,False,True,True,False
9.755,0.0,0.0,0.0,0.0,0.0,0.0,0.0,0.0,0,0,0.0,0.0,nan,nan,nan,UNKNOWN,0.0,0.0,False,False,True,True,False
9.805,0.0,0.0,0.0,0.0,0.0,0.0,0.0,0.0,0,0,0.0,0.0,nan,nan,nan,UNKNOWN,0.0,0.0,False,False,True,True,False
9.855,0.0,0.0,0.0,0.0,0.0,0.0,0.0,0.0,0,0,0.0,0.0,nan,nan,nan,UNKNOWN,0.0,0.0,False,False,True,True,False
9.905,0.0,0.0,0.0,0.0,0.0,0.0,0.0,0.0,0,0,0.0,0.0,nan,nan,nan,UNKNOWN,0.0,0.0,False,False,True,True,False
9.956,0.0,0.0,0.0,0.0,0.0,0.0,0.0,0.0,0,0,0.0,0.0,nan,nan,nan,UNKNOWN,0.0,0.0,False,False,True,True,False
10.006,0.0,0.0,0.0,0.0,0.0,0.0,0.0,0.0,0,0,0.0,0.0,nan,nan,nan,UNKNOWN,0.0,0.0,False,False,True,True,False
10.057,0.0,0.0,0.0,0.0,0.0,0.0,0.0,0.0,0,0,0.0,0.0,nan,nan,nan,UNKNOWN,0.0,0.0,False,False,True,True,False
10.105,0.0,0.0,0.0,0.0,0.0,0.0,0.0,0.0,0,0,0.0,0.0,nan,nan,nan,UNKNOWN,0.0,0.0,False,False,True,True,False
10.155,0.0,0.0,0.0,0.0,0.0,0.0,0.0,0.0,0,0,0.0,0.0,nan,nan,nan,UNKNOWN,0.0,0.0,False,False,True,True,False
10.205,0.0,0.0,0.0,0.0,0.0,0.0,0.0,0.0,0,0,0.0,0.0,nan,nan,nan,UNKNOWN,0.0,0.0,False,False,True,True,False
10.255,0.0,0.0,0.0,0.0,0.0,0.0,0.0,0.0,0,0,0.0,0.0,nan,nan,nan,UNKNOWN,0.0,0.0,False,False,True,True,False
10.305,0.0,0.0,0.0,0.0,0.0,0.0,0.0,0.0,0,0,0.0,0.0,nan,nan,nan,UNKNOWN,0.0,0.0,False,False,True,True,False
10.355,0.0,0.0,0.0,0.0,0.0,0.0,0.0,0.0,0,0,0.0,0.0,nan,nan,nan,UNKNOWN,0.0,0.0,False,False,True,True,False
10.405,0.0,0.0,0.0,0.0,0.0,0.0,0.0,0.0,0,0,0.0,0.0,nan,nan,nan,UNKNOWN,0.0,0.0,False,False,True,True,False
10.455,0.0,0.0,0.0,0.0,0.0,0.0,0.0,0.0,0,0,0.0,0.0,nan,nan,nan,UNKNOWN,0.0,0.0,False,False,True,True,False
10.505,0.0,0.0,0.0,0.0,0.0,0.0,0.0,0.0,0,0,0.0,0.0,nan,nan,nan,UNKNOWN,0.0,0.0,False,False,True,True,False
10.555,0.0,0.0,0.0,0.0,0.0,0.0,0.0,0.0,0,0,0.0,0.0,nan,nan,nan,UNKNOWN,0.0,0.0,False,False,True,True,False
10.605,0.0,0.0,0.0,0.0,0.0,0.0,0.0,0.0,0,0,0.0,0.0,nan,nan,nan,UNKNOWN,0.0,0.0,False,False,True,True,False
10.655,0.0,0.0,0.0,0.0,0.0,0.0,0.0,0.0,0,0,0.0,0.0,nan,nan,nan,UNKNOWN,0.0,0.0,False,False,True,True,True
10.705,0.0,0.0,0.0,0.0,0.0,0.0,0.0,0.0,2,0,0.0,0.0,nan,nan,nan,UNKNOWN,0.0,0.0,False,False,True,True,True
10.755,0.0,0.0,0.0,0.0,0.0,0.0,0.0,0.0,2,0,0.0,0.0,nan,nan,nan,UNKNOWN,0.0,0.0,False,False,True,True,True
10.805,0.0,0.0,0.0,0.0,0.0544,0.0297,-0.0544,-0.0297,22,12,0.0,0.0,nan,nan,nan,UNKNOWN,0.0,0.0,False,False,True,True,True
10.855,0.0,0.0,0.0,0.0,0.0544,0.0297,-0.0544,-0.0297,22,12,0.0,0.0,nan,nan,nan,UNKNOWN,0.0,0.0,False,False,True,True,True
10.905,0.0,0.0,0.0,0.0,0.0544,0.0297,-0.0544,-0.0297,36,25,0.0,0.0,nan,nan,nan,UNKNOWN,0.0,0.0,False,False,True,True,True
10.955,0.0,0.0,0.0,0.0,0.0672,0.0499,-0.0672,-0.0499,36,25,0.0,0.0,nan,nan,nan,UNKNOWN,0.0,0.0,False,False,True,True,True
11.005,0.0,0.0,0.0,0.0,0.0672,0.0499,-0.0672,-0.0499,56,40,0.0,0.0,nan,nan,nan,UNKNOWN,0.0,0.0,False,False,True,True,True
11.055,0.0,0.0,0.0,0.0,0.1145,0.0856,-0.1145,-0.0856,56,40,0.0,0.0,nan,nan,nan,UNKNOWN,0.0,0.0,False,False,True,True,True
11.105,0.0,0.0,0.0,0.0,0.1145,0.0856,-0.1145,-0.0856,72,55,0.0,0.0,nan,nan,nan,UNKNOWN,0.0,0.0,False,False,True,True,True
11.155,0.0,0.0,0.0,0.0,0.1145,0.0856,-0.1145,-0.0856,72,55,0.0,0.0,nan,nan,nan,UNKNOWN,0.0,0.0,False,False,True,True,True
11.205,0.0,0.0,0.0,0.0,0.1404,0.1205,-0.1404,-0.1205,85,68,0.0,0.0,nan,nan,nan,UNKNOWN,0.0,0.0,False,False,True,True,True
11.255,0.0,0.0,0.0,0.0,0.1404,0.1205,-0.1404,-0.1205,85,68,0.0,0.0,nan,nan,nan,UNKNOWN,0.0,0.0,False,False,True,True,True
11.305,0.0,0.0,0.0,0.0,0.1404,0.1205,-0.1404,-0.1205,96,81,0.0,0.0,nan,nan,nan,UNKNOWN,0.0,0.0,False,False,True,True,True
11.355,0.0,0.0,0.0,0.0,0.1114,0.1045,-0.1114,-0.1045,96,81,0.0,0.0,nan,nan,nan,UNKNOWN,0.0,0.0,False,False,True,True,True
11.405,0.0,0.0,0.0,0.0,0.1114,0.1045,-0.1114,-0.1045,109,95,0.0,0.0,nan,nan,nan,UNKNOWN,0.0,0.0,False,False,True,True,True
11.455,0.0,0.0,0.0,0.0,0.115,0.1146,-0.115,-0.1146,109,95,0.0,0.0,nan,nan,nan,UNKNOWN,0.0,0.0,False,False,True,True,True
11.505,0.0,0.0,0.0,0.0,0.115,0.1146,-0.115,-0.1146,132,108,0.0,0.0,nan,nan,nan,UNKNOWN,0.0,0.0,False,False,True,True,True
11.555,0.0,0.0,0.0,0.0,0.115,0.1146,-0.115,-0.1146,132,108,0.0,0.0,nan,nan,nan,UNKNOWN,0.0,0.0,False,False,True,True,True
11.605,0.0,0.0,0.0,0.0,0.1605,0.133,-0.1605,-0.133,146,121,0.0,0.0,nan,nan,nan,UNKNOWN,0.0,0.0,False,False,True,True,True
11.655,0.0,0.0,0.0,0.0,0.1605,0.133,-0.1605,-0.133,146,121,0.0,0.0,nan,nan,nan,UNKNOWN,0.0,0.0,False,False,True,True,True
11.705,0.0,0.0,0.0,0.0,0.1333,0.128,-0.1333,-0.128,156,134,0.0,0.0,nan,nan,nan,UNKNOWN,0.0,0.0,False,False,True,True,True
11.755,0.0,0.0,0.0,0.0,0.1333,0.128,-0.1333,-0.128,156,134,0.0,0.0,nan,nan,nan,UNKNOWN,0.0,0.0,False,False,True,True,True
11.805,0.0,0.0,0.0,0.0,0.1333,0.128,-0.1333,-0.128,181,147,0.0,0.0,nan,nan,nan,UNKNOWN,0.0,0.0,False,False,True,True,True
11.855,0.0,0.0,0.0,0.0,0.1418,0.1089,-0.1418,-0.1089,181,147,0.0,0.0,nan,nan,nan,UNKNOWN,0.0,0.0,False,False,True,True,True
11.905,0.0,0.0,0.0,0.0,0.1418,0.1089,-0.1418,-0.1089,197,161,0.0,0.0,nan,nan,nan,UNKNOWN,0.0,0.0,False,False,True,True,True
11.955,0.0,0.0,0.0,0.0,0.1418,0.1089,-0.1418,-0.1089,197,161,0.0,0.0,nan,nan,nan,UNKNOWN,0.0,0.0,False,False,True,True,True
12.005,0.0,0.0,0.0,0.0,0.1691,0.1321,-0.1691,-0.1321,215,174,0.0,0.0,nan,nan,nan,UNKNOWN,0.0,0.0,False,False,True,True,True
12.055,0.0,0.0,0.0,0.0,0.1691,0.1321,-0.1691,-0.1321,215,174,0.0,0.0,nan,nan,nan,UNKNOWN,0.0,0.0,False,False,True,True,True
12.105,0.0,0.0,0.0,0.0,0.1691,0.1321,-0.1691,-0.1321,230,188,0.0,0.0,nan,nan,nan,UNKNOWN,0.0,0.0,False,False,True,True,True
12.155,0.0,0.0,0.0,0.0,0.1385,0.1138,-0.1385,-0.1138,230,188,0.0,0.0,nan,nan,nan,UNKNOWN,0.0,0.0,False,False,True,True,True
12.205,0.0,0.0,0.0,0.0,0.1385,0.1138,-0.1385,-0.1138,241,202,0.0,0.0,nan,nan,nan,UNKNOWN,0.0,0.0,False,False,True,True,True
12.255,0.0,0.0,0.0,0.0,0.1239,0.1202,-0.1239,-0.1202,241,202,0.0,0.0,nan,nan,nan,UNKNOWN,0.0,0.0,False,False,True,True,True
12.305,0.0,0.0,0.0,0.0,0.1239,0.1202,-0.1239,-0.1202,256,214,0.0,0.0,nan,nan,nan,UNKNOWN,0.0,0.0,False,False,True,True,True
12.355,0.0,0.0,0.0,0.0,0.1299,0.1166,-0.1299,-0.1166,256,214,0.0,0.0,nan,nan,nan,UNKNOWN,0.0,0.0,False,False,True,True,True
12.406,0.0,0.0,0.0,0.0,0.1299,0.1166,-0.1299,-0.1166,267,227,0.0,0.0,nan,nan,nan,UNKNOWN,0.0,0.0,False,False,True,True,True
12.456,0.0,0.0,0.0,0.0,0.1187,0.1181,-0.1187,-0.1181,267,227,0.0,0.0,nan,nan,nan,UNKNOWN,0.0,0.0,False,False,True,True,True
12.505,0.0,0.0,0.0,0.0,0.1187,0.1181,-0.1187,-0.1181,284,241,0.0,0.0,nan,nan,nan,UNKNOWN,0.0,0.0,False,False,True,True,True
12.555,0.0,0.0,0.0,0.0,0.1187,0.1181,-0.1187,-0.1181,284,241,0.0,0.0,nan,nan,nan,UNKNOWN,0.0,0.0,False,False,True,True,True
12.606,0.0,0.0,0.0,0.0,0.1429,0.1376,-0.1429,-0.1376,296,254,0.0,0.0,nan,nan,nan,UNKNOWN,0.0,0.0,False,False,True,True,True
12.655,0.0,0.0,0.0,0.0,0.1429,0.1376,-0.1429,-0.1376,296,254,0.0,0.0,nan,nan,nan,UNKNOWN,0.0,0.0,False,False,True,True,True
12.705,0.0,0.0,0.0,0.0,0.1429,0.1376,-0.1429,-0.1376,308,268,0.0,0.0,nan,nan,nan,UNKNOWN,0.0,0.0,False,False,True,True,True
12.755,0.0,0.0,0.0,0.0,0.1154,0.1172,-0.1154,-0.1172,308,268,0.0,0.0,nan,nan,nan,UNKNOWN,0.0,0.0,False,False,True,True,True
12.805,0.0,0.0,0.0,0.0,0.1154,0.1172,-0.1154,-0.1172,318,282,0.0,0.0,nan,nan,nan,UNKNOWN,0.0,0.0,False,False,True,True,True
12.855,0.0,0.0,0.0,0.0,0.1063,0.1222,-0.1063,-0.1222,318,282,0.0,0.0,nan,nan,nan,UNKNOWN,0.0,0.0,False,False,True,True,True
12.905,0.0,0.0,0.0,0.0,0.1063,0.1222,-0.1063,-0.1222,334,296,0.0,0.0,nan,nan,nan,UNKNOWN,0.0,0.0,False,False,True,True,False
12.955,0.0,0.0,0.0,0.0,0.1063,0.1222,-0.1063,-0.1222,334,296,0.3095,0.2743,nan,nan,nan,UNKNOWN,0.0,0.0,False,False,True,True,False
13.005,0.0,0.0,0.0,0.0,0.1107,0.1178,-0.1107,-0.1178,337,300,0.3123,0.278,nan,nan,nan,UNKNOWN,0.0,0.0,False,False,True,True,False
13.055,0.0,0.0,0.0,0.0,0.1107,0.1178,-0.1107,-0.1178,337,300,0.3123,0.278,nan,nan,nan,UNKNOWN,0.0,0.0,False,False,True,True,False
13.105,0.0,0.0,0.0,0.0,0.0702,0.067,-0.0702,-0.067,338,299,0.3132,0.2771,nan,nan,nan,UNKNOWN,0.0,0.0,False,False,True,True,False
13.155,0.0,0.0,0.0,0.0,0.0702,0.067,-0.0702,-0.067,338,299,0.3132,0.2771,nan,nan,nan,UNKNOWN,0.0,0.0,False,False,True,True,False
13.205,0.0,0.0,0.0,0.0,0.0702,0.067,-0.0702,-0.067,338,299,0.3132,0.2771,nan,nan,nan,UNKNOWN,0.0,0.0,False,False,True,True,False
13.255,0.0,0.0,0.0,0.0,0.0561,0.0536,-0.0561,-0.0536,338,299,0.3132,0.2771,nan,nan,nan,UNKNOWN,0.0,0.0,False,False,True,True,False
13.305,0.0,0.0,0.0,0.0,0.0561,0.0536,-0.0561,-0.0536,338,299,0.3132,0.2771,nan,nan,nan,UNKNOWN,0.0,0.0,False,False,True,True,False
13.357,0.0,0.0,0.0,0.0,0.0561,0.0536,-0.0561,-0.0536,338,299,0.3132,0.2771,nan,nan,nan,UNKNOWN,0.0,0.0,False,False,True,True,False
13.405,0.0,0.0,0.0,0.0,0.0449,0.0429,-0.0449,-0.0429,338,299,0.3132,0.2771,nan,nan,nan,UNKNOWN,0.0,0.0,False,False,True,True,False
13.455,0.0,0.0,0.0,0.0,0.0449,0.0429,-0.0449,-0.0429,338,299,0.3132,0.2771,nan,nan,nan,UNKNOWN,0.0,0.0,False,False,True,True,False
13.505,0.0,0.0,0.0,0.0,0.0359,0.0343,-0.0359,-0.0343,338,299,0.3132,0.2771,nan,nan,nan,UNKNOWN,0.0,0.0,False,False,True,True,False
13.555,0.0,0.0,0.0,0.0,0.0359,0.0343,-0.0359,-0.0343,338,299,0.3132,0.2771,nan,nan,nan,UNKNOWN,0.0,0.0,False,False,True,True,False
13.605,0.0,0.0,0.0,0.0,0.0359,0.0343,-0.0359,-0.0343,338,299,0.3132,0.2771,nan,nan,nan,UNKNOWN,0.0,0.0,False,False,True,True,False
13.655,0.0,0.0,0.0,0.0,0.0287,0.0274,-0.0287,-0.0274,338,299,0.3132,0.2771,nan,nan,nan,UNKNOWN,0.0,0.0,False,False,True,True,False
13.705,0.0,0.0,0.0,0.0,0.0287,0.0274,-0.0287,-0.0274,338,299,0.3132,0.2771,nan,nan,nan,UNKNOWN,0.0,0.0,False,False,True,True,False
13.755,0.0,0.0,0.0,0.0,0.023,0.0219,-0.023,-0.0219,338,299,0.3132,0.2771,nan,nan,nan,UNKNOWN,0.0,0.0,False,False,True,True,False
13.805,0.0,0.0,0.0,0.0,0.023,0.0219,-0.023,-0.0219,338,299,0.3132,0.2771,nan,nan,nan,UNKNOWN,0.0,0.0,False,False,True,True,False
13.855,0.0,0.0,0.0,0.0,0.023,0.0219,-0.023,-0.0219,338,299,0.3132,0.2771,nan,nan,nan,UNKNOWN,0.0,0.0,False,False,True,True,False
13.905,0.0,0.0,0.0,0.0,0.0184,0.0176,-0.0184,-0.0176,338,299,0.3132,0.2771,nan,nan,nan,UNKNOWN,0.0,0.0,False,False,True,True,False
13.955,0.0,0.0,0.0,0.0,0.0184,0.0176,-0.0184,-0.0176,338,299,0.3132,0.2771,nan,nan,nan,UNKNOWN,0.0,0.0,False,False,True,True,False
14.005,0.0,0.0,0.0,0.0,0.0147,0.014,-0.0147,-0.014,338,299,0.3132,0.2771,nan,nan,nan,UNKNOWN,0.0,0.0,False,False,True,True,False
14.055,0.0,0.0,0.0,0.0,0.0147,0.014,-0.0147,-0.014,338,299,0.3132,0.2771,nan,nan,nan,UNKNOWN,0.0,0.0,False,False,True,True,False
14.105,0.0,0.0,0.0,0.0,0.0147,0.014,-0.0147,-0.014,338,299,0.3132,0.2771,nan,nan,nan,UNKNOWN,0.0,0.0,False,False,True,True,False
14.155,0.0,0.0,0.0,0.0,0.0118,0.0112,-0.0118,-0.0112,338,299,0.3132,0.2771,nan,nan,nan,UNKNOWN,0.0,0.0,False,False,True,True,False
14.205,0.0,0.0,0.0,0.0,0.0118,0.0112,-0.0118,-0.0112,338,299,0.3132,0.2771,nan,nan,nan,UNKNOWN,0.0,0.0,False,False,True,True,False
14.255,0.0,0.0,0.0,0.0,0.0094,0.009,-0.0094,-0.009,338,299,0.3132,0.2771,nan,nan,nan,UNKNOWN,0.0,0.0,False,False,True,True,False
14.305,0.0,0.0,0.0,0.0,0.0094,0.009,-0.0094,-0.009,338,299,0.3132,0.2771,nan,nan,nan,UNKNOWN,0.0,0.0,False,False,True,True,False
14.357,0.0,0.0,0.0,0.0,0.0094,0.009,-0.0094,-0.009,338,299,0.3132,0.2771,nan,nan,nan,UNKNOWN,0.0,0.0,False,False,True,True,False
14.405,0.0,0.0,0.0,0.0,0.0075,0.0072,-0.0075,-0.0072,338,299,0.3132,0.2771,nan,nan,nan,UNKNOWN,0.0,0.0,False,False,True,True,False
14.455,0.0,0.0,0.0,0.0,0.0075,0.0072,-0.0075,-0.0072,338,299,0.3132,0.2771,nan,nan,nan,UNKNOWN,0.0,0.0,False,False,True,True,False
14.505,0.0,0.0,0.0,0.0,0.006,0.0058,-0.006,-0.0058,338,299,0.3132,0.2771,nan,nan,nan,UNKNOWN,0.0,0.0,False,False,True,True,False
14.555,0.0,0.0,0.0,0.0,0.006,0.0058,-0.006,-0.0058,338,299,0.3132,0.2771,nan,nan,nan,UNKNOWN,0.0,0.0,False,False,True,True,False
14.605,0.0,0.0,0.0,0.0,0.006,0.0058,-0.006,-0.0058,338,299,0.3132,0.2771,nan,nan,nan,UNKNOWN,0.0,0.0,False,False,True,True,False
14.655,0.0,0.0,0.0,0.0,0.0048,0.0046,-0.0048,-0.0046,338,299,0.3132,0.2771,nan,nan,nan,UNKNOWN,0.0,0.0,False,False,True,True,False
14.705,0.0,0.0,0.0,0.0,0.0048,0.0046,-0.0048,-0.0046,338,299,0.3132,0.2771,nan,nan,nan,UNKNOWN,0.0,0.0,False,False,True,True,False
14.755,0.0,0.0,0.0,0.0,0.0039,0.0037,-0.0039,-0.0037,338,299,0.3132,0.2771,nan,nan,nan,UNKNOWN,0.0,0.0,False,False,True,True,False
14.805,0.0,0.0,0.0,0.0,0.0039,0.0037,-0.0039,-0.0037,338,299,0.3132,0.2771,nan,nan,nan,UNKNOWN,0.0,0.0,False,False,True,True,False
14.855,0.0,0.0,0.0,0.0,0.0039,0.0037,-0.0039,-0.0037,338,299,0.3132,0.2771,nan,nan,nan,UNKNOWN,0.0,0.0,False,False,True,True,False
14.905,0.0,0.0,0.0,0.0,0.0031,0.0029,-0.0031,-0.0029,338,299,0.3132,0.2771,nan,nan,nan,UNKNOWN,0.0,0.0,False,False,True,True,False
14.955,0.0,0.0,0.0,0.0,0.0031,0.0029,-0.0031,-0.0029,338,299,0.3132,0.2771,nan,nan,nan,UNKNOWN,0.0,0.0,False,False,True,True,False
15.005,0.0,0.0,0.0,0.0,0.0025,0.0024,-0.0025,-0.0024,338,299,0.3132,0.2771,nan,nan,nan,UNKNOWN,0.0,0.0,False,False,True,True,False
15.055,0.0,0.0,0.0,0.0,0.0025,0.0024,-0.0025,-0.0024,338,299,0.3132,0.2771,nan,nan,nan,UNKNOWN,0.0,0.0,False,False,True,True,False
15.105,0.0,0.0,0.0,0.0,0.002,0.0019,-0.002,-0.0019,338,299,0.3132,0.2771,nan,nan,nan,UNKNOWN,0.0,0.0,False,False,True,True,False
15.155,0.0,0.0,0.0,0.0,0.002,0.0019,-0.002,-0.0019,338,299,0.3132,0.2771,nan,nan,nan,UNKNOWN,0.0,0.0,False,False,True,True,False
15.205,0.0,0.0,0.0,0.0,0.002,0.0019,-0.002,-0.0019,338,299,0.3132,0.2771,nan,nan,nan,UNKNOWN,0.0,0.0,False,False,True,True,False
15.255,0.0,0.0,0.0,0.0,0.0016,0.0015,-0.0016,-0.0015,338,299,0.3132,0.2771,nan,nan,nan,UNKNOWN,0.0,0.0,False,False,True,True,False
15.306,0.0,0.0,0.0,0.0,0.0016,0.0015,-0.0016,-0.0015,338,299,0.3132,0.2771,nan,nan,nan,UNKNOWN,0.0,0.0,False,False,True,True,False
15.357,0.0,0.0,0.0,0.0,0.0013,0.0012,-0.0013,-0.0012,338,299,0.3132,0.2771,nan,nan,nan,UNKNOWN,0.0,0.0,False,False,True,True,False
15.406,0.0,0.0,0.0,0.0,0.0013,0.0012,-0.0013,-0.0012,338,299,0.3132,0.2771,nan,nan,nan,UNKNOWN,0.0,0.0,False,False,True,True,False
15.455,0.0,0.0,0.0,0.0,0.0013,0.0012,-0.0013,-0.0012,338,299,0.3132,0.2771,nan,nan,nan,UNKNOWN,0.0,0.0,False,False,True,True,False
15.506,0.0,0.0,0.0,0.0,0.001,0.0,-0.001,0.0,338,299,0.3132,0.2771,nan,nan,nan,UNKNOWN,0.0,0.0,False,False,True,True,False
15.555,0.0,0.0,0.0,0.0,0.001,0.0,-0.001,0.0,338,299,0.3132,0.2771,nan,nan,nan,UNKNOWN,0.0,0.0,False,False,True,True,False
15.606,0.0,0.0,0.0,0.0,0.001,0.0,-0.001,0.0,338,299,0.3132,0.2771,nan,nan,nan,UNKNOWN,0.0,0.0,False,False,True,True,False
15.655,0.0,0.0,0.0,0.0,0.0,0.0,0.0,0.0,338,299,0.3132,0.2771,nan,nan,nan,UNKNOWN,0.0,0.0,False,False,True,True,False
15.706,0.0,0.0,0.0,0.0,0.0,0.0,0.0,0.0,338,299,0.3132,0.2771,nan,nan,nan,UNKNOWN,0.0,0.0,False,False,True,True,False
15.755,0.0,0.0,0.0,0.0,0.0,0.0,0.0,0.0,338,299,0.3132,0.2771,nan,nan,nan,UNKNOWN,0.0,0.0,False,False,True,True,False
15.806,0.0,0.0,0.0,0.0,0.0,0.0,0.0,0.0,338,299,0.3132,0.2771,nan,nan,nan,UNKNOWN,0.0,0.0,False,False,True,True,False
15.855,0.0,0.0,0.0,0.0,0.0,0.0,0.0,0.0,338,299,0.3132,0.2771,nan,nan,nan,UNKNOWN,0.0,0.0,False,False,True,True,False
15.906,0.0,0.0,0.0,0.0,0.0,0.0,0.0,0.0,338,299,0.3132,0.2771,nan,nan,nan,UNKNOWN,0.0,0.0,False,False,True,True,False
15.955,0.0,0.0,0.0,0.0,0.0,0.0,0.0,0.0,338,299,0.3132,0.2771,nan,nan,nan,UNKNOWN,0.0,0.0,False,False,True,True,False
16.006,0.0,0.0,0.0,0.0,0.0,0.0,0.0,0.0,338,299,0.3132,0.2771,nan,nan,nan,UNKNOWN,0.0,0.0,False,False,True,True,False
16.055,0.0,0.0,0.0,0.0,0.0,0.0,0.0,0.0,338,299,0.3132,0.2771,nan,nan,nan,UNKNOWN,0.0,0.0,False,False,True,True,False
16.106,0.0,0.0,0.0,0.0,0.0,0.0,0.0,0.0,338,299,0.3132,0.2771,nan,nan,nan,UNKNOWN,0.0,0.0,False,False,True,True,False
16.155,0.0,0.0,0.0,0.0,0.0,0.0,0.0,0.0,338,299,0.3132,0.2771,nan,nan,nan,UNKNOWN,0.0,0.0,False,False,True,True,False
16.206,0.0,0.0,0.0,0.0,0.0,0.0,0.0,0.0,338,299,0.3132,0.2771,nan,nan,nan,UNKNOWN,0.0,0.0,False,False,True,True,False
16.255,0.0,0.0,0.0,0.0,0.0,0.0,0.0,0.0,338,299,0.3132,0.2771,nan,nan,nan,UNKNOWN,0.0,0.0,False,False,True,True,False
16.306,0.0,0.0,0.0,0.0,0.0,0.0,0.0,0.0,338,299,0.3132,0.2771,nan,nan,nan,UNKNOWN,0.0,0.0,False,False,True,True,False
16.357,0.0,0.0,0.0,0.0,0.0,0.0,0.0,0.0,338,299,0.3132,0.2771,nan,nan,nan,UNKNOWN,0.0,0.0,False,False,True,True,False
16.406,0.0,0.0,0.0,0.0,0.0,0.0,0.0,0.0,338,299,0.3132,0.2771,nan,nan,nan,UNKNOWN,0.0,0.0,False,False,True,True,False
16.455,0.0,0.0,0.0,0.0,0.0,0.0,0.0,0.0,338,299,0.3132,0.2771,nan,nan,nan,UNKNOWN,0.0,0.0,False,False,True,True,False
16.506,0.0,0.0,0.0,0.0,0.0,0.0,0.0,0.0,338,299,0.3132,0.2771,nan,nan,nan,UNKNOWN,0.0,0.0,False,False,True,True,False
16.555,0.0,0.0,0.0,0.0,0.0,0.0,0.0,0.0,338,299,0.3132,0.2771,nan,nan,nan,UNKNOWN,0.0,0.0,False,False,True,True,False
16.606,0.0,0.0,0.0,0.0,0.0,0.0,0.0,0.0,338,299,0.3132,0.2771,nan,nan,nan,UNKNOWN,0.0,0.0,False,False,True,True,False
16.655,0.0,0.0,0.0,0.0,0.0,0.0,0.0,0.0,338,299,0.3132,0.2771,nan,nan,nan,UNKNOWN,0.0,0.0,False,False,True,True,False
16.706,0.0,0.0,0.0,0.0,0.0,0.0,0.0,0.0,338,299,0.3132,0.2771,nan,nan,nan,UNKNOWN,0.0,0.0,False,False,True,True,False
16.755,0.0,0.0,0.0,0.0,0.0,0.0,0.0,0.0,338,299,0.3132,0.2771,nan,nan,nan,UNKNOWN,0.0,0.0,False,False,True,True,False
16.805,0.0,0.0,0.0,0.0,0.0,0.0,0.0,0.0,338,299,0.3132,0.2771,nan,nan,nan,UNKNOWN,0.0,0.0,False,False,True,True,False
16.855,0.0,0.0,0.0,0.0,0.0,0.0,0.0,0.0,338,299,0.3132,0.2771,nan,nan,nan,UNKNOWN,0.0,0.0,False,False,True,True,False
16.906,0.0,0.0,0.0,0.0,0.0,0.0,0.0,0.0,338,299,0.3132,0.2771,nan,nan,nan,UNKNOWN,0.0,0.0,False,False,True,True,False
16.955,0.0,0.0,0.0,0.0,0.0,0.0,0.0,0.0,338,299,0.3132,0.2771,nan,nan,nan,UNKNOWN,0.0,0.0,False,False,True,True,False
17.006,0.0,0.0,0.0,0.0,0.0,0.0,0.0,0.0,338,299,0.3132,0.2771,nan,nan,nan,UNKNOWN,0.0,0.0,False,False,True,True,False
17.055,0.0,0.0,0.0,0.0,0.0,0.0,0.0,0.0,338,299,0.3132,0.2771,nan,nan,nan,UNKNOWN,0.0,0.0,False,False,True,True,False
17.106,0.0,0.0,0.0,0.0,0.0,0.0,0.0,0.0,338,299,0.3132,0.2771,nan,nan,nan,UNKNOWN,0.0,0.0,False,False,True,True,False
17.155,0.0,0.0,0.0,0.0,0.0,0.0,0.0,0.0,338,299,0.3132,0.2771,nan,nan,nan,UNKNOWN,0.0,0.0,False,False,True,True,False
17.206,0.0,0.0,0.0,0.0,0.0,0.0,0.0,0.0,338,299,0.3132,0.2771,nan,nan,nan,UNKNOWN,0.0,0.0,False,False,True,True,False
17.255,0.0,0.0,0.0,0.0,0.0,0.0,0.0,0.0,338,299,0.3132,0.2771,nan,nan,nan,UNKNOWN,0.0,0.0,False,False,True,True,False
17.306,0.0,0.0,0.0,0.0,0.0,0.0,0.0,0.0,338,299,0.3132,0.2771,nan,nan,nan,UNKNOWN,0.0,0.0,False,False,True,True,False
17.357,0.0,0.0,0.0,0.0,0.0,0.0,0.0,0.0,338,299,0.3132,0.2771,nan,nan,nan,UNKNOWN,0.0,0.0,False,False,True,True,False
17.406,0.0,0.0,0.0,0.0,0.0,0.0,0.0,0.0,338,299,0.3132,0.2771,nan,nan,nan,UNKNOWN,0.0,0.0,False,False,True,True,False
17.455,0.0,0.0,0.0,0.0,0.0,0.0,0.0,0.0,338,299,0.3132,0.2771,nan,nan,nan,UNKNOWN,0.0,0.0,False,False,True,True,False
17.506,0.0,0.0,0.0,0.0,0.0,0.0,0.0,0.0,338,299,0.3132,0.2771,nan,nan,nan,UNKNOWN,0.0,0.0,False,False,True,True,False
17.555,0.0,0.0,0.0,0.0,0.0,0.0,0.0,0.0,338,299,0.3132,0.2771,nan,nan,nan,UNKNOWN,0.0,0.0,False,False,True,True,False
17.606,0.0,0.0,0.0,0.0,0.0,0.0,0.0,0.0,338,299,0.3132,0.2771,nan,nan,nan,UNKNOWN,0.0,0.0,False,False,True,True,False
17.655,0.0,0.0,0.0,0.0,0.0,0.0,0.0,0.0,338,299,0.3132,0.2771,nan,nan,nan,UNKNOWN,0.0,0.0,False,False,True,True,False
17.706,0.0,0.0,0.0,0.0,0.0,0.0,0.0,0.0,338,299,0.3132,0.2771,nan,nan,nan,UNKNOWN,0.0,0.0,False,False,True,True,False
17.755,0.0,0.0,0.0,0.0,0.0,0.0,0.0,0.0,338,299,0.3132,0.2771,nan,nan,nan,UNKNOWN,0.0,0.0,False,False,True,True,False
17.806,0.0,0.0,0.0,0.0,0.0,0.0,0.0,0.0,338,299,0.3132,0.2771,nan,nan,nan,UNKNOWN,0.0,0.0,False,False,True,True,False
17.855,0.0,0.0,0.0,0.0,0.0,0.0,0.0,0.0,338,299,0.3132,0.2771,nan,nan,nan,UNKNOWN,0.0,0.0,False,False,True,True,False
17.906,0.0,0.0,0.0,0.0,0.0,0.0,0.0,0.0,338,299,0.3132,0.2771,nan,nan,nan,UNKNOWN,0.0,0.0,False,False,True,True,False
17.955,0.0,0.0,0.0,0.0,0.0,0.0,0.0,0.0,338,299,0.3132,0.2771,nan,nan,nan,UNKNOWN,0.0,0.0,False,False,True,True,False
18.006,0.0,0.0,0.0,0.0,0.0,0.0,0.0,0.0,338,299,0.3132,0.2771,nan,nan,nan,UNKNOWN,0.0,0.0,False,False,True,True,False
18.055,0.0,0.0,0.0,0.0,0.0,0.0,0.0,0.0,338,299,0.3132,0.2771,nan,nan,nan,UNKNOWN,0.0,0.0,False,False,True,True,False
18.106,0.0,0.0,0.0,0.0,0.0,0.0,0.0,0.0,338,299,0.3132,0.2771,nan,nan,nan,UNKNOWN,0.0,0.0,False,False,True,True,False
18.155,0.0,0.0,0.0,0.0,0.0,0.0,0.0,0.0,338,299,0.3132,0.2771,nan,nan,nan,UNKNOWN,0.0,0.0,False,False,True,True,False
18.206,0.0,0.0,0.0,0.0,0.0,0.0,0.0,0.0,338,299,0.3132,0.2771,nan,nan,nan,UNKNOWN,0.0,0.0,False,False,True,True,False
18.255,0.0,0.0,0.0,0.0,0.0,0.0,0.0,0.0,338,299,0.3132,0.2771,nan,nan,nan,UNKNOWN,0.0,0.0,False,False,True,True,False
18.305,0.0,0.0,0.0,0.0,0.0,0.0,0.0,0.0,338,299,0.3132,0.2771,nan,nan,nan,UNKNOWN,0.0,0.0,False,False,True,True,False
18.357,0.0,0.0,0.0,0.0,0.0,0.0,0.0,0.0,338,299,0.3132,0.2771,nan,nan,nan,UNKNOWN,0.0,0.0,False,False,True,True,False
18.406,0.0,0.0,0.0,0.0,0.0,0.0,0.0,0.0,338,299,0.3132,0.2771,nan,nan,nan,UNKNOWN,0.0,0.0,False,False,True,True,False
18.455,0.0,0.0,0.0,0.0,0.0,0.0,0.0,0.0,338,299,0.3132,0.2771,nan,nan,nan,UNKNOWN,0.0,0.0,False,False,True,True,False
18.506,0.0,0.0,0.0,0.0,0.0,0.0,0.0,0.0,338,299,0.3132,0.2771,nan,nan,nan,UNKNOWN,0.0,0.0,False,False,True,True,False
18.555,0.0,0.0,0.0,0.0,0.0,0.0,0.0,0.0,338,299,0.3132,0.2771,nan,nan,nan,UNKNOWN,0.0,0.0,False,False,True,True,False
18.605,0.0,0.0,0.0,0.0,0.0,0.0,0.0,0.0,338,299,0.3132,0.2771,nan,nan,nan,UNKNOWN,0.0,0.0,False,False,True,True,False
18.655,0.0,0.0,0.0,0.0,0.0,0.0,0.0,0.0,338,299,0.3132,0.2771,nan,nan,nan,UNKNOWN,0.0,0.0,False,False,True,True,False
18.705,0.0,0.0,0.0,0.0,0.0,0.0,0.0,0.0,338,299,0.3132,0.2771,nan,nan,nan,UNKNOWN,0.0,0.0,False,False,True,True,False
18.755,0.0,0.0,0.0,0.0,0.0,0.0,0.0,0.0,338,299,0.3132,0.2771,nan,nan,nan,UNKNOWN,0.0,0.0,False,False,True,True,False
18.805,0.0,0.0,0.0,0.0,0.0,0.0,0.0,0.0,338,299,0.3132,0.2771,nan,nan,nan,UNKNOWN,0.0,0.0,False,False,True,True,False
18.855,0.0,0.0,0.0,0.0,0.0,0.0,0.0,0.0,338,299,0.3132,0.2771,nan,nan,nan,UNKNOWN,0.0,0.0,False,False,True,True,False
18.905,0.0,0.0,0.0,0.0,0.0,0.0,0.0,0.0,338,299,0.3132,0.2771,nan,nan,nan,UNKNOWN,0.0,0.0,False,False,True,True,False
18.955,0.0,0.0,0.0,0.0,0.0,0.0,0.0,0.0,338,299,0.3132,0.2771,nan,nan,nan,UNKNOWN,0.0,0.0,False,False,True,True,False
19.005,0.0,0.0,0.0,0.0,0.0,0.0,0.0,0.0,338,299,0.3132,0.2771,nan,nan,nan,UNKNOWN,0.0,0.0,False,False,True,True,False
19.055,0.0,0.0,0.0,0.0,0.0,0.0,0.0,0.0,338,299,0.3132,0.2771,nan,nan,nan,UNKNOWN,0.0,0.0,False,False,True,True,False
19.105,0.0,0.0,0.0,0.0,0.0,0.0,0.0,0.0,338,299,0.3132,0.2771,nan,nan,nan,UNKNOWN,0.0,0.0,False,False,True,True,False
19.155,0.0,0.0,0.0,0.0,0.0,0.0,0.0,0.0,338,299,0.3132,0.2771,nan,nan,nan,UNKNOWN,0.0,0.0,False,False,True,True,False
19.205,0.0,0.0,0.0,0.0,0.0,0.0,0.0,0.0,338,299,0.3132,0.2771,nan,nan,nan,UNKNOWN,0.0,0.0,False,False,True,True,False
19.255,0.0,0.0,0.0,0.0,0.0,0.0,0.0,0.0,338,299,0.3132,0.2771,nan,nan,nan,UNKNOWN,0.0,0.0,False,False,True,True,False
19.305,0.0,0.0,0.0,0.0,0.0,0.0,0.0,0.0,338,299,0.3132,0.2771,nan,nan,nan,UNKNOWN,0.0,0.0,False,False,True,True,False
19.357,0.0,0.0,0.0,0.0,0.0,0.0,0.0,0.0,338,299,0.3132,0.2771,nan,nan,nan,UNKNOWN,0.0,0.0,False,False,True,True,False
19.405,0.0,0.0,0.0,0.0,0.0,0.0,0.0,0.0,338,299,0.3132,0.2771,nan,nan,nan,UNKNOWN,0.0,0.0,False,False,True,True,False
19.455,0.0,0.0,0.0,0.0,0.0,0.0,0.0,0.0,338,299,0.3132,0.2771,nan,nan,nan,UNKNOWN,0.0,0.0,False,False,True,True,False
19.505,0.0,0.0,0.0,0.0,0.0,0.0,0.0,0.0,338,299,0.3132,0.2771,nan,nan,nan,UNKNOWN,0.0,0.0,False,False,True,True,False
19.555,0.0,0.0,0.0,0.0,0.0,0.0,0.0,0.0,338,299,0.3132,0.2771,nan,nan,nan,UNKNOWN,0.0,0.0,False,False,True,True,False
19.605,0.0,0.0,0.0,0.0,0.0,0.0,0.0,0.0,338,299,0.3132,0.2771,nan,nan,nan,UNKNOWN,0.0,0.0,False,False,True,True,False
19.655,0.0,0.0,0.0,0.0,0.0,0.0,0.0,0.0,338,299,0.3132,0.2771,nan,nan,nan,UNKNOWN,0.0,0.0,False,False,True,True,False
19.705,0.0,0.0,0.0,0.0,0.0,0.0,0.0,0.0,338,299,0.3132,0.2771,nan,nan,nan,UNKNOWN,0.0,0.0,False,False,True,True,False
19.755,0.0,0.0,0.0,0.0,0.0,0.0,0.0,0.0,338,299,0.3132,0.2771,nan,nan,nan,UNKNOWN,0.0,0.0,False,False,True,True,False
19.805,0.0,0.0,0.0,0.0,0.0,0.0,0.0,0.0,338,299,0.3132,0.2771,nan,nan,nan,UNKNOWN,0.0,0.0,False,False,True,True,False
19.855,0.0,0.0,0.0,0.0,0.0,0.0,0.0,0.0,338,299,0.3132,0.2771,nan,nan,nan,UNKNOWN,0.0,0.0,False,False,True,True,False
19.905,0.0,0.0,0.0,0.0,0.0,0.0,0.0,0.0,338,299,0.3132,0.2771,nan,nan,nan,UNKNOWN,0.0,0.0,False,False,True,True,False
19.955,0.0,0.0,0.0,0.0,0.0,0.0,0.0,0.0,338,299,0.3132,0.2771,nan,nan,nan,UNKNOWN,0.0,0.0,False,False,True,True,False
20.005,0.0,0.0,0.0,0.0,0.0,0.0,0.0,0.0,338,299,0.3132,0.2771,nan,nan,nan,UNKNOWN,0.0,0.0,False,False,True,True,False
20.055,0.0,0.0,0.0,0.0,0.0,0.0,0.0,0.0,338,299,0.3132,0.2771,nan,nan,nan,UNKNOWN,0.0,0.0,False,False,True,True,False
20.105,0.0,0.0,0.0,0.0,0.0,0.0,0.0,0.0,338,299,0.3132,0.2771,nan,nan,nan,UNKNOWN,0.0,0.0,False,False,True,True,False
20.155,0.0,0.0,0.0,0.0,0.0,0.0,0.0,0.0,338,299,0.3132,0.2771,nan,nan,nan,UNKNOWN,0.0,0.0,False,False,True,True,False
20.205,0.0,0.0,0.0,0.0,0.0,0.0,0.0,0.0,338,299,0.3132,0.2771,nan,nan,nan,UNKNOWN,0.0,0.0,False,False,True,True,False
20.255,0.0,0.0,0.0,0.0,0.0,0.0,0.0,0.0,338,299,0.3132,0.2771,nan,nan,nan,UNKNOWN,0.0,0.0,False,False,True,True,False
20.305,0.0,0.0,0.0,0.0,0.0,0.0,0.0,0.0,338,299,0.3132,0.2771,nan,nan,nan,UNKNOWN,0.0,0.0,False,False,True,True,False
20.357,0.0,0.0,0.0,0.0,0.0,0.0,0.0,0.0,338,299,0.3132,0.2771,nan,nan,nan,UNKNOWN,0.0,0.0,False,False,True,True,False
20.405,0.0,0.0,0.0,0.0,0.0,0.0,0.0,0.0,338,299,0.3132,0.2771,nan,nan,nan,UNKNOWN,0.0,0.0,False,False,True,True,False
20.455,0.0,0.0,0.0,0.0,0.0,0.0,0.0,0.0,338,299,0.3132,0.2771,nan,nan,nan,UNKNOWN,0.0,0.0,False,False,True,True,False
20.505,0.0,0.0,0.0,0.0,0.0,0.0,0.0,0.0,338,299,0.3132,0.2771,nan,nan,nan,UNKNOWN,0.0,0.0,False,False,True,True,False
20.555,0.0,0.0,0.0,0.0,0.0,0.0,0.0,0.0,338,299,0.3132,0.2771,nan,nan,nan,UNKNOWN,0.0,0.0,False,False,True,True,False
20.605,0.0,0.0,0.0,0.0,0.0,0.0,0.0,0.0,338,299,0.3132,0.2771,nan,nan,nan,UNKNOWN,0.0,0.0,False,False,True,True,False
20.655,0.0,0.0,0.0,0.0,0.0,0.0,0.0,0.0,338,299,0.3132,0.2771,nan,nan,nan,UNKNOWN,0.0,0.0,False,False,True,True,False
20.705,0.0,0.0,0.0,0.0,0.0,0.0,0.0,0.0,338,299,0.3132,0.2771,nan,nan,nan,UNKNOWN,0.0,0.0,False,False,True,True,False
20.755,0.0,0.0,0.0,0.0,0.0,0.0,0.0,0.0,338,299,0.3132,0.2771,nan,nan,nan,UNKNOWN,0.0,0.0,False,False,True,True,False
20.805,0.0,0.0,0.0,0.0,0.0,0.0,0.0,0.0,338,299,0.3132,0.2771,nan,nan,nan,UNKNOWN,0.0,0.0,False,False,True,True,False
20.855,0.0,0.0,0.0,0.0,0.0,0.0,0.0,0.0,338,299,0.3132,0.2771,nan,nan,nan,UNKNOWN,0.0,0.0,False,False,True,True,False
20.905,0.0,0.0,0.0,0.0,0.0,0.0,0.0,0.0,338,299,0.3132,0.2771,nan,nan,nan,UNKNOWN,0.0,0.0,False,False,True,True,False
20.955,0.0,0.0,0.0,0.0,0.0,0.0,0.0,0.0,338,299,0.3132,0.2771,nan,nan,nan,UNKNOWN,0.0,0.0,False,False,True,True,False
21.005,0.0,0.0,0.0,0.0,0.0,0.0,0.0,0.0,338,299,0.3132,0.2771,nan,nan,nan,UNKNOWN,0.0,0.0,False,False,True,True,False
21.055,0.0,0.0,0.0,0.0,0.0,0.0,0.0,0.0,338,299,0.3132,0.2771,nan,nan,nan,UNKNOWN,0.0,0.0,False,False,True,True,False
21.105,0.0,0.0,0.0,0.0,0.0,0.0,0.0,0.0,338,299,0.3132,0.2771,nan,nan,nan,UNKNOWN,0.0,0.0,False,False,True,True,False
21.155,0.0,0.0,0.0,0.0,0.0,0.0,0.0,0.0,338,299,0.3132,0.2771,nan,nan,nan,UNKNOWN,0.0,0.0,False,False,True,True,False
21.205,0.0,0.0,0.0,0.0,0.0,0.0,0.0,0.0,338,299,0.3132,0.2771,nan,nan,nan,UNKNOWN,0.0,0.0,False,False,True,True,False
21.255,0.0,0.0,0.0,0.0,0.0,0.0,0.0,0.0,338,299,0.3132,0.2771,nan,nan,nan,UNKNOWN,0.0,0.0,False,False,True,True,False
21.305,0.0,0.0,0.0,0.0,0.0,0.0,0.0,0.0,338,299,0.3132,0.2771,nan,nan,nan,UNKNOWN,0.0,0.0,False,False,True,True,False
21.357,0.0,0.0,0.0,0.0,0.0,0.0,0.0,0.0,338,299,0.3132,0.2771,nan,nan,nan,UNKNOWN,0.0,0.0,False,False,True,True,False
21.405,0.0,0.0,0.0,0.0,0.0,0.0,0.0,0.0,338,299,0.3132,0.2771,nan,nan,nan,UNKNOWN,0.0,0.0,False,False,True,True,False
21.455,0.0,0.0,0.0,0.0,0.0,0.0,0.0,0.0,338,299,0.3132,0.2771,nan,nan,nan,UNKNOWN,0.0,0.0,False,False,True,True,False
21.505,0.0,0.0,0.0,0.0,0.0,0.0,0.0,0.0,338,299,0.3132,0.2771,nan,nan,nan,UNKNOWN,0.0,0.0,False,False,True,True,False
21.555,0.0,0.0,0.0,0.0,0.0,0.0,0.0,0.0,338,299,0.3132,0.2771,nan,nan,nan,UNKNOWN,0.0,0.0,False,False,True,True,False
21.605,0.0,0.0,0.0,0.0,0.0,0.0,0.0,0.0,338,299,0.3132,0.2771,nan,nan,nan,UNKNOWN,0.0,0.0,False,False,True,True,False
21.655,0.0,0.0,0.0,0.0,0.0,0.0,0.0,0.0,338,299,0.3132,0.2771,nan,nan,nan,UNKNOWN,0.0,0.0,False,False,True,True,False
21.705,0.0,0.0,0.0,0.0,0.0,0.0,0.0,0.0,338,299,0.3132,0.2771,nan,nan,nan,UNKNOWN,0.0,0.0,False,False,True,True,False
21.755,0.0,0.0,0.0,0.0,0.0,0.0,0.0,0.0,338,299,0.3132,0.2771,nan,nan,nan,UNKNOWN,0.0,0.0,False,False,True,True,False
21.805,0.0,0.0,0.0,0.0,0.0,0.0,0.0,0.0,338,299,0.3132,0.2771,nan,nan,nan,UNKNOWN,0.0,0.0,False,False,True,True,False
21.855,0.0,0.0,0.0,0.0,0.0,0.0,0.0,0.0,338,299,0.3132,0.2771,nan,nan,nan,UNKNOWN,0.0,0.0,False,False,True,True,False
21.905,0.0,0.0,0.0,0.0,0.0,0.0,0.0,0.0,338,299,0.3132,0.2771,nan,nan,nan,UNKNOWN,0.0,0.0,False,False,True,True,False
21.955,0.0,0.0,0.0,0.0,0.0,0.0,0.0,0.0,338,299,0.3132,0.2771,nan,nan,nan,UNKNOWN,0.0,0.0,False,False,True,True,False
22.005,0.0,0.0,0.0,0.0,0.0,0.0,0.0,0.0,338,299,0.3132,0.2771,nan,nan,nan,UNKNOWN,0.0,0.0,False,False,True,True,False
22.055,0.0,0.0,0.0,0.0,0.0,0.0,0.0,0.0,338,299,0.3132,0.2771,nan,nan,nan,UNKNOWN,0.0,0.0,False,False,True,True,False
22.105,0.0,0.0,0.0,0.0,0.0,0.0,0.0,0.0,338,299,0.3132,0.2771,nan,nan,nan,UNKNOWN,0.0,0.0,False,False,True,True,False
22.155,0.0,0.0,0.0,0.0,0.0,0.0,0.0,0.0,338,299,0.3132,0.2771,nan,nan,nan,UNKNOWN,0.0,0.0,False,False,True,True,False
22.205,0.0,0.0,0.0,0.0,0.0,0.0,0.0,0.0,338,299,0.3132,0.2771,nan,nan,nan,UNKNOWN,0.0,0.0,False,False,True,True,False
22.255,0.0,0.0,0.0,0.0,0.0,0.0,0.0,0.0,338,299,0.3132,0.2771,nan,nan,nan,UNKNOWN,0.0,0.0,False,False,True,True,False
22.305,0.0,0.0,0.0,0.0,0.0,0.0,0.0,0.0,338,299,0.3132,0.2771,nan,nan,nan,UNKNOWN,0.0,0.0,False,False,True,True,False
22.357,0.0,0.0,0.0,0.0,0.0,0.0,0.0,0.0,338,299,0.3132,0.2771,nan,nan,nan,UNKNOWN,0.0,0.0,False,False,True,True,False
22.405,0.0,0.0,0.0,0.0,0.0,0.0,0.0,0.0,338,299,0.3132,0.2771,nan,nan,nan,UNKNOWN,0.0,0.0,False,False,True,True,False
22.455,0.0,0.0,0.0,0.0,0.0,0.0,0.0,0.0,338,299,0.3132,0.2771,nan,nan,nan,UNKNOWN,0.0,0.0,False,False,True,True,False
22.505,0.0,0.0,0.0,0.0,0.0,0.0,0.0,0.0,338,299,0.3132,0.2771,nan,nan,nan,UNKNOWN,0.0,0.0,False,False,True,True,False
22.555,0.0,0.0,0.0,0.0,0.0,0.0,0.0,0.0,338,299,0.3132,0.2771,nan,nan,nan,UNKNOWN,0.0,0.0,False,False,True,True,False
22.605,0.0,0.0,0.0,0.0,0.0,0.0,0.0,0.0,338,299,0.3132,0.2771,nan,nan,nan,UNKNOWN,0.0,0.0,False,False,True,True,False
22.655,0.0,0.0,0.0,0.0,0.0,0.0,0.0,0.0,338,299,0.3132,0.2771,nan,nan,nan,UNKNOWN,0.0,0.0,False,False,True,True,False
22.705,0.0,0.0,0.0,0.0,0.0,0.0,0.0,0.0,338,299,0.3132,0.2771,nan,nan,nan,UNKNOWN,0.0,0.0,False,False,True,True,False
22.755,0.0,0.0,0.0,0.0,0.0,0.0,0.0,0.0,338,299,0.3132,0.2771,nan,nan,nan,UNKNOWN,0.0,0.0,False,False,True,True,False
22.805,0.0,0.0,0.0,0.0,0.0,0.0,0.0,0.0,338,299,0.3132,0.2771,nan,nan,nan,UNKNOWN,0.0,0.0,False,False,True,True,False
22.855,0.0,0.0,0.0,0.0,0.0,0.0,0.0,0.0,338,299,0.3132,0.2771,nan,nan,nan,UNKNOWN,0.0,0.0,False,False,True,True,False
22.905,0.0,0.0,0.0,0.0,0.0,0.0,0.0,0.0,338,299,0.3132,0.2771,nan,nan,nan,UNKNOWN,0.0,0.0,False,False,True,True,False
22.955,0.0,0.0,0.0,0.0,0.0,0.0,0.0,0.0,338,299,0.3132,0.2771,nan,nan,nan,UNKNOWN,0.0,0.0,False,False,True,True,False
23.005,0.0,0.0,0.0,0.0,0.0,0.0,0.0,0.0,338,299,0.3132,0.2771,nan,nan,nan,UNKNOWN,0.0,0.0,False,False,True,True,False
23.055,0.0,0.0,0.0,0.0,0.0,0.0,0.0,0.0,338,299,0.3132,0.2771,nan,nan,nan,UNKNOWN,0.0,0.0,False,False,True,True,False
23.105,0.0,0.0,0.0,0.0,0.0,0.0,0.0,0.0,338,299,0.3132,0.2771,nan,nan,nan,UNKNOWN,0.0,0.0,False,False,True,True,False
23.155,0.0,0.0,0.0,0.0,0.0,0.0,0.0,0.0,338,299,0.3132,0.2771,nan,nan,nan,UNKNOWN,0.0,0.0,False,False,True,True,False
23.205,0.0,0.0,0.0,0.0,0.0,0.0,0.0,0.0,338,299,0.3132,0.2771,nan,nan,nan,UNKNOWN,0.0,0.0,False,False,True,True,False
23.255,0.0,0.0,0.0,0.0,0.0,0.0,0.0,0.0,338,299,0.3132,0.2771,nan,nan,nan,UNKNOWN,0.0,0.0,False,False,True,True,False
23.305,0.0,0.0,0.0,0.0,0.0,0.0,0.0,0.0,338,299,0.3132,0.2771,nan,nan,nan,UNKNOWN,0.0,0.0,False,False,True,True,False
23.357,0.0,0.0,0.0,0.0,0.0,0.0,0.0,0.0,338,299,0.3132,0.2771,nan,nan,nan,UNKNOWN,0.0,0.0,False,False,True,True,False
23.405,0.0,0.0,0.0,0.0,0.0,0.0,0.0,0.0,338,299,0.3132,0.2771,nan,nan,nan,UNKNOWN,0.0,0.0,False,False,True,True,False
23.455,0.0,0.0,0.0,0.0,0.0,0.0,0.0,0.0,338,299,0.3132,0.2771,nan,nan,nan,UNKNOWN,0.0,0.0,False,False,True,True,False
23.505,0.0,0.0,0.0,0.0,0.0,0.0,0.0,0.0,338,299,0.3132,0.2771,nan,nan,nan,UNKNOWN,0.0,0.0,False,False,True,True,False
23.555,0.0,0.0,0.0,0.0,0.0,0.0,0.0,0.0,338,299,0.3132,0.2771,nan,nan,nan,UNKNOWN,0.0,0.0,False,False,True,True,False
23.605,0.0,0.0,0.0,0.0,0.0,0.0,0.0,0.0,338,299,0.3132,0.2771,nan,nan,nan,UNKNOWN,0.0,0.0,False,False,True,True,False
23.655,0.0,0.0,0.0,0.0,0.0,0.0,0.0,0.0,338,299,0.3132,0.2771,nan,nan,nan,UNKNOWN,0.0,0.0,False,False,True,True,False
23.705,0.0,0.0,0.0,0.0,0.0,0.0,0.0,0.0,338,299,0.3132,0.2771,nan,nan,nan,UNKNOWN,0.0,0.0,False,False,True,True,False
23.755,0.0,0.0,0.0,0.0,0.0,0.0,0.0,0.0,338,299,0.3132,0.2771,nan,nan,nan,UNKNOWN,0.0,0.0,False,False,True,True,False
23.805,0.0,0.0,0.0,0.0,0.0,0.0,0.0,0.0,338,299,0.3132,0.2771,nan,nan,nan,UNKNOWN,0.0,0.0,False,False,True,True,False
23.855,0.0,0.0,0.0,0.0,0.0,0.0,0.0,0.0,338,299,0.3132,0.2771,nan,nan,nan,UNKNOWN,0.0,0.0,False,False,True,True,False
23.905,0.0,0.0,0.0,0.0,0.0,0.0,0.0,0.0,338,299,0.3132,0.2771,nan,nan,nan,UNKNOWN,0.0,0.0,False,False,True,True,False
23.955,0.0,0.0,0.0,0.0,0.0,0.0,0.0,0.0,338,299,0.3132,0.2771,nan,nan,nan,UNKNOWN,0.0,0.0,False,False,True,True,False
24.005,0.0,0.0,0.0,0.0,0.0,0.0,0.0,0.0,338,299,0.3132,0.2771,nan,nan,nan,UNKNOWN,0.0,0.0,False,False,True,True,False
24.055,0.0,0.0,0.0,0.0,0.0,0.0,0.0,0.0,338,299,0.3132,0.2771,nan,nan,nan,UNKNOWN,0.0,0.0,False,False,True,True,False
24.105,0.0,0.0,0.0,0.0,0.0,0.0,0.0,0.0,338,299,0.3132,0.2771,nan,nan,nan,UNKNOWN,0.0,0.0,False,False,True,True,False
24.155,0.0,0.0,0.0,0.0,0.0,0.0,0.0,0.0,338,299,0.3132,0.2771,nan,nan,nan,UNKNOWN,0.0,0.0,False,False,True,True,False
24.205,0.0,0.0,0.0,0.0,0.0,0.0,0.0,0.0,338,299,0.3132,0.2771,nan,nan,nan,UNKNOWN,0.0,0.0,False,False,True,True,False
24.255,0.0,0.0,0.0,0.0,0.0,0.0,0.0,0.0,338,299,0.3132,0.2771,nan,nan,nan,UNKNOWN,0.0,0.0,False,False,True,True,False
24.305,0.0,0.0,0.0,0.0,0.0,0.0,0.0,0.0,338,299,0.3132,0.2771,nan,nan,nan,UNKNOWN,0.0,0.0,False,False,True,True,False
24.357,0.0,0.0,0.0,0.0,0.0,0.0,0.0,0.0,338,299,0.3132,0.2771,nan,nan,nan,UNKNOWN,0.0,0.0,False,False,True,True,False
24.405,0.0,0.0,0.0,0.0,0.0,0.0,0.0,0.0,338,299,0.3132,0.2771,nan,nan,nan,UNKNOWN,0.0,0.0,False,False,True,True,False
24.455,0.0,0.0,0.0,0.0,0.0,0.0,0.0,0.0,338,299,0.3132,0.2771,nan,nan,nan,UNKNOWN,0.0,0.0,False,False,True,True,False
24.505,0.0,0.0,0.0,0.0,0.0,0.0,0.0,0.0,338,299,0.3132,0.2771,nan,nan,nan,UNKNOWN,0.0,0.0,False,False,True,True,False
24.555,0.0,0.0,0.0,0.0,0.0,0.0,0.0,0.0,338,299,0.3132,0.2771,nan,nan,nan,UNKNOWN,0.0,0.0,False,False,True,True,False
24.605,0.0,0.0,0.0,0.0,0.0,0.0,0.0,0.0,338,299,0.3132,0.2771,nan,nan,nan,UNKNOWN,0.0,0.0,False,False,True,True,False
24.655,0.0,0.0,0.0,0.0,0.0,0.0,0.0,0.0,338,299,0.3132,0.2771,nan,nan,nan,UNKNOWN,0.0,0.0,False,False,True,True,False
24.705,0.0,0.0,0.0,0.0,0.0,0.0,0.0,0.0,338,299,0.3132,0.2771,nan,nan,nan,UNKNOWN,0.0,0.0,False,False,True,True,False
24.755,0.0,0.0,0.0,0.0,0.0,0.0,0.0,0.0,338,299,0.3132,0.2771,nan,nan,nan,UNKNOWN,0.0,0.0,False,False,True,True,False
24.805,0.0,0.0,0.0,0.0,0.0,0.0,0.0,0.0,338,299,0.3132,0.2771,nan,nan,nan,UNKNOWN,0.0,0.0,False,False,True,True,False
24.855,0.0,0.0,0.0,0.0,0.0,0.0,0.0,0.0,338,299,0.3132,0.2771,nan,nan,nan,UNKNOWN,0.0,0.0,False,False,True,True,False
24.905,0.0,0.0,0.0,0.0,0.0,0.0,0.0,0.0,338,299,0.3132,0.2771,nan,nan,nan,UNKNOWN,0.0,0.0,False,False,True,True,False
24.955,0.0,0.0,0.0,0.0,0.0,0.0,0.0,0.0,338,299,0.3132,0.2771,nan,nan,nan,UNKNOWN,0.0,0.0,False,False,True,True,False
25.005,0.0,0.0,0.0,0.0,0.0,0.0,0.0,0.0,338,299,0.3132,0.2771,nan,nan,nan,UNKNOWN,0.0,0.0,False,False,True,True,False
25.055,0.0,0.0,0.0,0.0,0.0,0.0,0.0,0.0,338,299,0.3132,0.2771,nan,nan,nan,UNKNOWN,0.0,0.0,False,False,True,True,False
25.105,0.0,0.0,0.0,0.0,0.0,0.0,0.0,0.0,338,299,0.3132,0.2771,nan,nan,nan,UNKNOWN,0.0,0.0,False,False,True,True,False
25.155,0.0,0.0,0.0,0.0,0.0,0.0,0.0,0.0,338,299,0.3132,0.2771,nan,nan,nan,UNKNOWN,0.0,0.0,False,False,True,True,False
25.205,0.0,0.0,0.0,0.0,0.0,0.0,0.0,0.0,338,299,0.3132,0.2771,nan,nan,nan,UNKNOWN,0.0,0.0,False,False,True,True,False
25.255,0.0,0.0,0.0,0.0,0.0,0.0,0.0,0.0,338,299,0.3132,0.2771,nan,nan,nan,UNKNOWN,0.0,0.0,False,False,True,True,False
25.305,0.0,0.0,0.0,0.0,0.0,0.0,0.0,0.0,338,299,0.3132,0.2771,nan,nan,nan,UNKNOWN,0.0,0.0,False,False,True,True,False
25.357,0.0,0.0,0.0,0.0,0.0,0.0,0.0,0.0,338,299,0.3132,0.2771,nan,nan,nan,UNKNOWN,0.0,0.0,False,False,True,True,False
25.405,0.0,0.0,0.0,0.0,0.0,0.0,0.0,0.0,338,299,0.3132,0.2771,nan,nan,nan,UNKNOWN,0.0,0.0,False,False,True,True,False
25.455,0.0,0.0,0.0,0.0,0.0,0.0,0.0,0.0,338,299,0.3132,0.2771,nan,nan,nan,UNKNOWN,0.0,0.0,False,False,True,True,False
25.505,0.0,0.0,0.0,0.0,0.0,0.0,0.0,0.0,338,299,0.3132,0.2771,nan,nan,nan,UNKNOWN,0.0,0.0,False,False,True,True,False
25.555,0.0,0.0,0.0,0.0,0.0,0.0,0.0,0.0,338,299,0.3132,0.2771,nan,nan,nan,UNKNOWN,0.0,0.0,False,False,True,True,False
25.605,0.0,0.0,0.0,0.0,0.0,0.0,0.0,0.0,338,299,0.3132,0.2771,nan,nan,nan,UNKNOWN,0.0,0.0,False,False,True,True,False
25.655,0.0,0.0,0.0,0.0,0.0,0.0,0.0,0.0,338,299,0.3132,0.2771,nan,nan,nan,UNKNOWN,0.0,0.0,False,False,True,True,False
25.705,0.0,0.0,0.0,0.0,0.0,0.0,0.0,0.0,338,299,0.3132,0.2771,nan,nan,nan,UNKNOWN,0.0,0.0,False,False,True,True,False
25.755,0.0,0.0,0.0,0.0,0.0,0.0,0.0,0.0,338,299,0.3132,0.2771,nan,nan,nan,UNKNOWN,0.0,0.0,False,False,True,True,False
25.805,0.0,0.0,0.0,0.0,0.0,0.0,0.0,0.0,338,299,0.3132,0.2771,nan,nan,nan,UNKNOWN,0.0,0.0,False,False,True,True,False
25.855,0.0,0.0,0.0,0.0,0.0,0.0,0.0,0.0,338,299,0.3132,0.2771,nan,nan,nan,UNKNOWN,0.0,0.0,False,False,True,True,False
25.905,0.0,0.0,0.0,0.0,0.0,0.0,0.0,0.0,338,299,0.3132,0.2771,nan,nan,nan,UNKNOWN,0.0,0.0,False,False,True,True,False
25.955,0.0,0.0,0.0,0.0,0.0,0.0,0.0,0.0,338,299,0.3132,0.2771,nan,nan,nan,UNKNOWN,0.0,0.0,False,False,True,True,False
26.005,0.0,0.0,0.0,0.0,0.0,0.0,0.0,0.0,338,299,0.3132,0.2771,nan,nan,nan,UNKNOWN,0.0,0.0,False,False,True,True,False
26.055,0.0,0.0,0.0,0.0,0.0,0.0,0.0,0.0,338,299,0.3132,0.2771,nan,nan,nan,UNKNOWN,0.0,0.0,False,False,True,True,False
26.105,0.0,0.0,0.0,0.0,0.0,0.0,0.0,0.0,338,299,0.3132,0.2771,nan,nan,nan,UNKNOWN,0.0,0.0,False,False,True,True,False
26.155,0.0,0.0,0.0,0.0,0.0,0.0,0.0,0.0,338,299,0.3132,0.2771,nan,nan,nan,UNKNOWN,0.0,0.0,False,False,True,True,False
26.205,0.0,0.0,0.0,0.0,0.0,0.0,0.0,0.0,338,299,0.3132,0.2771,nan,nan,nan,UNKNOWN,0.0,0.0,False,False,True,True,False
26.255,0.0,0.0,0.0,0.0,0.0,0.0,0.0,0.0,338,299,0.3132,0.2771,nan,nan,nan,UNKNOWN,0.0,0.0,False,False,True,True,False
26.305,0.0,0.0,0.0,0.0,0.0,0.0,0.0,0.0,338,299,0.3132,0.2771,nan,nan,nan,UNKNOWN,0.0,0.0,False,False,True,True,False
26.357,0.0,0.0,0.0,0.0,0.0,0.0,0.0,0.0,338,299,0.3132,0.2771,nan,nan,nan,UNKNOWN,0.0,0.0,False,False,True,True,False
26.405,0.0,0.0,0.0,0.0,0.0,0.0,0.0,0.0,338,299,0.3132,0.2771,nan,nan,nan,UNKNOWN,0.0,0.0,False,False,True,True,False
26.455,0.0,0.0,0.0,0.0,0.0,0.0,0.0,0.0,338,299,0.3132,0.2771,nan,nan,nan,UNKNOWN,0.0,0.0,False,False,True,True,False
26.505,0.0,0.0,0.0,0.0,0.0,0.0,0.0,0.0,338,299,0.3132,0.2771,nan,nan,nan,UNKNOWN,0.0,0.0,False,False,True,True,False
26.555,0.0,0.0,0.0,0.0,0.0,0.0,0.0,0.0,338,299,0.3132,0.2771,nan,nan,nan,UNKNOWN,0.0,0.0,False,False,True,True,False
26.605,0.0,0.0,0.0,0.0,0.0,0.0,0.0,0.0,338,299,0.3132,0.2771,nan,nan,nan,UNKNOWN,0.0,0.0,False,False,True,True,False
26.655,0.0,0.0,0.0,0.0,0.0,0.0,0.0,0.0,338,299,0.3132,0.2771,nan,nan,nan,UNKNOWN,0.0,0.0,False,False,True,True,False
26.705,0.0,0.0,0.0,0.0,0.0,0.0,0.0,0.0,338,299,0.3132,0.2771,nan,nan,nan,UNKNOWN,0.0,0.0,False,False,True,True,False
26.755,0.0,0.0,0.0,0.0,0.0,0.0,0.0,0.0,338,299,0.3132,0.2771,nan,nan,nan,UNKNOWN,0.0,0.0,False,False,True,True,False
26.805,0.0,0.0,0.0,0.0,0.0,0.0,0.0,0.0,338,299,0.3132,0.2771,nan,nan,nan,UNKNOWN,0.0,0.0,False,False,True,True,False
26.855,0.0,0.0,0.0,0.0,0.0,0.0,0.0,0.0,338,299,0.3132,0.2771,nan,nan,nan,UNKNOWN,0.0,0.0,False,False,True,True,False
26.905,0.0,0.0,0.0,0.0,0.0,0.0,0.0,0.0,338,299,0.3132,0.2771,nan,nan,nan,UNKNOWN,0.0,0.0,False,False,True,True,False
26.955,0.0,0.0,0.0,0.0,0.0,0.0,0.0,0.0,338,299,0.3132,0.2771,nan,nan,nan,UNKNOWN,0.0,0.0,False,False,True,True,False
27.005,0.0,0.0,0.0,0.0,0.0,0.0,0.0,0.0,338,299,0.3132,0.2771,nan,nan,nan,UNKNOWN,0.0,0.0,False,False,True,True,False
27.055,0.0,0.0,0.0,0.0,0.0,0.0,0.0,0.0,338,299,0.3132,0.2771,nan,nan,nan,UNKNOWN,0.0,0.0,False,False,True,True,False
27.105,0.0,0.0,0.0,0.0,0.0,0.0,0.0,0.0,338,299,0.3132,0.2771,nan,nan,nan,UNKNOWN,0.0,0.0,False,False,True,True,False
27.155,0.0,0.0,0.0,0.0,0.0,0.0,0.0,0.0,338,299,0.3132,0.2771,nan,nan,nan,UNKNOWN,0.0,0.0,False,False,True,True,False
27.205,0.0,0.0,0.0,0.0,0.0,0.0,0.0,0.0,338,299,0.3132,0.2771,nan,nan,nan,UNKNOWN,0.0,0.0,False,False,True,True,False
27.255,0.0,0.0,0.0,0.0,0.0,0.0,0.0,0.0,338,299,0.3132,0.2771,nan,nan,nan,UNKNOWN,0.0,0.0,False,False,True,True,False
27.305,0.0,0.0,0.0,0.0,0.0,0.0,0.0,0.0,338,299,0.3132,0.2771,nan,nan,nan,UNKNOWN,0.0,0.0,False,False,True,True,False
27.357,0.0,0.0,0.0,0.0,0.0,0.0,0.0,0.0,338,299,0.3132,0.2771,nan,nan,nan,UNKNOWN,0.0,0.0,False,False,True,True,False
27.405,0.0,0.0,0.0,0.0,0.0,0.0,0.0,0.0,338,299,0.3132,0.2771,nan,nan,nan,UNKNOWN,0.0,0.0,False,False,True,True,False
27.455,0.0,0.0,0.0,0.0,0.0,0.0,0.0,0.0,338,299,0.3132,0.2771,nan,nan,nan,UNKNOWN,0.0,0.0,False,False,True,True,False
27.505,0.0,0.0,0.0,0.0,0.0,0.0,0.0,0.0,338,299,0.3132,0.2771,nan,nan,nan,UNKNOWN,0.0,0.0,False,False,True,True,False
27.555,0.0,0.0,0.0,0.0,0.0,0.0,0.0,0.0,338,299,0.3132,0.2771,nan,nan,nan,UNKNOWN,0.0,0.0,False,False,True,True,False
27.605,0.0,0.0,0.0,0.0,0.0,0.0,0.0,0.0,338,299,0.3132,0.2771,nan,nan,nan,UNKNOWN,0.0,0.0,False,False,True,True,False
27.655,0.0,0.0,0.0,0.0,0.0,0.0,0.0,0.0,338,299,0.3132,0.2771,nan,nan,nan,UNKNOWN,0.0,0.0,False,False,True,True,False
27.705,0.0,0.0,0.0,0.0,0.0,0.0,0.0,0.0,338,299,0.3132,0.2771,nan,nan,nan,UNKNOWN,0.0,0.0,False,False,True,True,False
27.755,0.0,0.0,0.0,0.0,0.0,0.0,0.0,0.0,338,299,0.3132,0.2771,nan,nan,nan,UNKNOWN,0.0,0.0,False,False,True,True,False
27.805,0.0,0.0,0.0,0.0,0.0,0.0,0.0,0.0,338,299,0.3132,0.2771,nan,nan,nan,UNKNOWN,0.0,0.0,False,False,True,True,False
27.855,0.0,0.0,0.0,0.0,0.0,0.0,0.0,0.0,338,299,0.3132,0.2771,nan,nan,nan,UNKNOWN,0.0,0.0,False,False,True,True,False
27.905,0.0,0.0,0.0,0.0,0.0,0.0,0.0,0.0,338,299,0.3132,0.2771,nan,nan,nan,UNKNOWN,0.0,0.0,False,False,True,True,False
27.955,0.0,0.0,0.0,0.0,0.0,0.0,0.0,0.0,338,299,0.3132,0.2771,nan,nan,nan,UNKNOWN,0.0,0.0,False,False,True,True,False
28.005,0.0,0.0,0.0,0.0,0.0,0.0,0.0,0.0,338,299,0.3132,0.2771,nan,nan,nan,UNKNOWN,0.0,0.0,False,False,True,True,False
28.055,0.0,0.0,0.0,0.0,0.0,0.0,0.0,0.0,338,299,0.3132,0.2771,nan,nan,nan,UNKNOWN,0.0,0.0,False,False,True,True,False
28.105,0.0,0.0,0.0,0.0,0.0,0.0,0.0,0.0,338,299,0.3132,0.2771,nan,nan,nan,UNKNOWN,0.0,0.0,False,False,True,True,False
28.155,0.0,0.0,0.0,0.0,0.0,0.0,0.0,0.0,338,299,0.3132,0.2771,nan,nan,nan,UNKNOWN,0.0,0.0,False,False,True,True,False
28.205,0.0,0.0,0.0,0.0,0.0,0.0,0.0,0.0,338,299,0.3132,0.2771,nan,nan,nan,UNKNOWN,0.0,0.0,False,False,True,True,False
28.255,0.0,0.0,0.0,0.0,0.0,0.0,0.0,0.0,338,299,0.3132,0.2771,nan,nan,nan,UNKNOWN,0.0,0.0,False,False,True,True,False
28.305,0.0,0.0,0.0,0.0,0.0,0.0,0.0,0.0,338,299,0.3132,0.2771,nan,nan,nan,UNKNOWN,0.0,0.0,False,False,True,True,False
28.357,0.0,0.0,0.0,0.0,0.0,0.0,0.0,0.0,338,299,0.3132,0.2771,nan,nan,nan,UNKNOWN,0.0,0.0,False,False,True,True,False
28.405,0.0,0.0,0.0,0.0,0.0,0.0,0.0,0.0,338,299,0.3132,0.2771,nan,nan,nan,UNKNOWN,0.0,0.0,False,False,True,True,False
28.455,0.0,0.0,0.0,0.0,0.0,0.0,0.0,0.0,338,299,0.3132,0.2771,nan,nan,nan,UNKNOWN,0.0,0.0,False,False,True,True,False
28.505,0.0,0.0,0.0,0.0,0.0,0.0,0.0,0.0,338,299,0.3132,0.2771,nan,nan,nan,UNKNOWN,0.0,0.0,False,False,True,True,False
28.555,0.0,0.0,0.0,0.0,0.0,0.0,0.0,0.0,338,299,0.3132,0.2771,nan,nan,nan,UNKNOWN,0.0,0.0,False,False,True,True,False
28.605,0.0,0.0,0.0,0.0,0.0,0.0,0.0,0.0,338,299,0.3132,0.2771,nan,nan,nan,UNKNOWN,0.0,0.0,False,False,True,True,False
28.655,0.0,0.0,0.0,0.0,0.0,0.0,0.0,0.0,338,299,0.3132,0.2771,nan,nan,nan,UNKNOWN,0.0,0.0,False,False,True,True,False
28.705,0.0,0.0,0.0,0.0,0.0,0.0,0.0,0.0,338,299,0.3132,0.2771,nan,nan,nan,UNKNOWN,0.0,0.0,False,False,True,True,False
28.755,0.0,0.0,0.0,0.0,0.0,0.0,0.0,0.0,338,299,0.3132,0.2771,nan,nan,nan,UNKNOWN,0.0,0.0,False,False,True,True,False
28.805,0.0,0.0,0.0,0.0,0.0,0.0,0.0,0.0,338,299,0.3132,0.2771,nan,nan,nan,UNKNOWN,0.0,0.0,False,False,True,True,False
28.855,0.0,0.0,0.0,0.0,0.0,0.0,0.0,0.0,338,299,0.3132,0.2771,nan,nan,nan,UNKNOWN,0.0,0.0,False,False,True,True,False
28.905,0.0,0.0,0.0,0.0,0.0,0.0,0.0,0.0,338,299,0.3132,0.2771,nan,nan,nan,UNKNOWN,0.0,0.0,False,False,True,True,False
28.955,0.0,0.0,0.0,0.0,0.0,0.0,0.0,0.0,338,299,0.3132,0.2771,nan,nan,nan,UNKNOWN,0.0,0.0,False,False,True,True,False
29.005,0.0,0.0,0.0,0.0,0.0,0.0,0.0,0.0,338,299,0.3132,0.2771,nan,nan,nan,UNKNOWN,0.0,0.0,False,False,True,True,False
29.055,0.0,0.0,0.0,0.0,0.0,0.0,0.0,0.0,338,299,0.3132,0.2771,nan,nan,nan,UNKNOWN,0.0,0.0,False,False,True,True,False
29.105,0.0,0.0,0.0,0.0,0.0,0.0,0.0,0.0,338,299,0.3132,0.2771,nan,nan,nan,UNKNOWN,0.0,0.0,False,False,True,True,False
29.155,0.0,0.0,0.0,0.0,0.0,0.0,0.0,0.0,338,299,0.3132,0.2771,nan,nan,nan,UNKNOWN,0.0,0.0,False,False,True,True,False
29.205,0.0,0.0,0.0,0.0,0.0,0.0,0.0,0.0,338,299,0.3132,0.2771,nan,nan,nan,UNKNOWN,0.0,0.0,False,False,True,True,False
29.255,0.0,0.0,0.0,0.0,0.0,0.0,0.0,0.0,338,299,0.3132,0.2771,nan,nan,nan,UNKNOWN,0.0,0.0,False,False,True,True,False
29.305,0.0,0.0,0.0,0.0,0.0,0.0,0.0,0.0,338,299,0.3132,0.2771,nan,nan,nan,UNKNOWN,0.0,0.0,False,False,True,True,False
29.357,0.0,0.0,0.0,0.0,0.0,0.0,0.0,0.0,338,299,0.3132,0.2771,nan,nan,nan,UNKNOWN,0.0,0.0,False,False,True,True,False
29.405,0.0,0.0,0.0,0.0,0.0,0.0,0.0,0.0,338,299,0.3132,0.2771,nan,nan,nan,UNKNOWN,0.0,0.0,False,False,True,True,False
29.455,0.0,0.0,0.0,0.0,0.0,0.0,0.0,0.0,338,299,0.3132,0.2771,nan,nan,nan,UNKNOWN,0.0,0.0,False,False,True,True,False
29.505,0.0,0.0,0.0,0.0,0.0,0.0,0.0,0.0,338,299,0.3132,0.2771,nan,nan,nan,UNKNOWN,0.0,0.0,False,False,True,True,False
29.555,0.0,0.0,0.0,0.0,0.0,0.0,0.0,0.0,338,299,0.3132,0.2771,nan,nan,nan,UNKNOWN,0.0,0.0,False,False,True,True,False
29.605,0.0,0.0,0.0,0.0,0.0,0.0,0.0,0.0,338,299,0.3132,0.2771,nan,nan,nan,UNKNOWN,0.0,0.0,False,False,True,True,False
29.655,0.0,0.0,0.0,0.0,0.0,0.0,0.0,0.0,338,299,0.3132,0.2771,nan,nan,nan,UNKNOWN,0.0,0.0,False,False,True,True,False
29.705,0.0,0.0,0.0,0.0,0.0,0.0,0.0,0.0,338,299,0.3132,0.2771,nan,nan,nan,UNKNOWN,0.0,0.0,False,False,True,True,False
29.755,0.0,0.0,0.0,0.0,0.0,0.0,0.0,0.0,338,299,0.3132,0.2771,nan,nan,nan,UNKNOWN,0.0,0.0,False,False,True,True,False
29.805,0.0,0.0,0.0,0.0,0.0,0.0,0.0,0.0,338,299,0.3132,0.2771,nan,nan,nan,UNKNOWN,0.0,0.0,False,False,True,True,False
29.855,0.0,0.0,0.0,0.0,0.0,0.0,0.0,0.0,338,299,0.3132,0.2771,nan,nan,nan,UNKNOWN,0.0,0.0,False,False,True,True,False
29.905,0.0,0.0,0.0,0.0,0.0,0.0,0.0,0.0,338,299,0.3132,0.2771,nan,nan,nan,UNKNOWN,0.0,0.0,False,False,True,True,False
29.955,0.0,0.0,0.0,0.0,0.0,0.0,0.0,0.0,338,299,0.3132,0.2771,nan,nan,nan,UNKNOWN,0.0,0.0,False,False,True,True,False
30.005,0.0,0.0,0.0,0.0,0.0,0.0,0.0,0.0,338,299,0.3132,0.2771,nan,nan,nan,UNKNOWN,0.0,0.0,False,False,True,True,False
30.055,0.0,0.0,0.0,0.0,0.0,0.0,0.0,0.0,338,299,0.3132,0.2771,nan,nan,nan,UNKNOWN,0.0,0.0,False,False,True,True,False
30.105,0.0,0.0,0.0,0.0,0.0,0.0,0.0,0.0,338,299,0.3132,0.2771,nan,nan,nan,UNKNOWN,0.0,0.0,False,False,True,True,False
30.155,0.0,0.0,0.0,0.0,0.0,0.0,0.0,0.0,338,299,0.3132,0.2771,nan,nan,nan,UNKNOWN,0.0,0.0,False,False,True,True,False
30.205,0.0,0.0,0.0,0.0,0.0,0.0,0.0,0.0,338,299,0.3132,0.2771,nan,nan,nan,UNKNOWN,0.0,0.0,False,False,True,True,False
30.255,0.0,0.0,0.0,0.0,0.0,0.0,0.0,0.0,338,299,0.3132,0.2771,nan,nan,nan,UNKNOWN,0.0,0.0,False,False,True,True,False
30.305,0.0,0.0,0.0,0.0,0.0,0.0,0.0,0.0,338,299,0.3132,0.2771,nan,nan,nan,UNKNOWN,0.0,0.0,False,False,True,True,False
30.357,0.0,0.0,0.0,0.0,0.0,0.0,0.0,0.0,338,299,0.3132,0.2771,nan,nan,nan,UNKNOWN,0.0,0.0,False,False,True,True,False
30.405,0.0,0.0,0.0,0.0,0.0,0.0,0.0,0.0,338,299,0.3132,0.2771,nan,nan,nan,UNKNOWN,0.0,0.0,False,False,True,True,False
30.455,0.0,0.0,0.0,0.0,0.0,0.0,0.0,0.0,338,299,0.3132,0.2771,nan,nan,nan,UNKNOWN,0.0,0.0,False,False,True,True,False
30.505,0.0,0.0,0.0,0.0,0.0,0.0,0.0,0.0,338,299,0.3132,0.2771,nan,nan,nan,UNKNOWN,0.0,0.0,False,False,True,True,False
30.555,0.0,0.0,0.0,0.0,0.0,0.0,0.0,0.0,338,299,0.3132,0.2771,nan,nan,nan,UNKNOWN,0.0,0.0,False,False,True,True,False
30.605,0.0,0.0,0.0,0.0,0.0,0.0,0.0,0.0,338,299,0.3132,0.2771,nan,nan,nan,UNKNOWN,0.0,0.0,False,False,True,True,False
30.655,0.0,0.0,0.0,0.0,0.0,0.0,0.0,0.0,338,299,0.3132,0.2771,nan,nan,nan,UNKNOWN,0.0,0.0,False,False,True,True,False
30.705,0.0,0.0,0.0,0.0,0.0,0.0,0.0,0.0,338,299,0.3132,0.2771,nan,nan,nan,UNKNOWN,0.0,0.0,False,False,True,True,False
30.755,0.0,0.0,0.0,0.0,0.0,0.0,0.0,0.0,338,299,0.3132,0.2771,nan,nan,nan,UNKNOWN,0.0,0.0,False,False,True,True,False
30.805,0.0,0.0,0.0,0.0,0.0,0.0,0.0,0.0,338,299,0.3132,0.2771,nan,nan,nan,UNKNOWN,0.0,0.0,False,False,True,True,False
30.855,0.0,0.0,0.0,0.0,0.0,0.0,0.0,0.0,338,299,0.3132,0.2771,nan,nan,nan,UNKNOWN,0.0,0.0,False,False,True,True,False
30.905,0.0,0.0,0.0,0.0,0.0,0.0,0.0,0.0,338,299,0.3132,0.2771,nan,nan,nan,UNKNOWN,0.0,0.0,False,False,True,True,False
30.955,0.0,0.0,0.0,0.0,0.0,0.0,0.0,0.0,338,299,0.3132,0.2771,nan,nan,nan,UNKNOWN,0.0,0.0,False,False,True,True,False
31.005,0.0,0.0,0.0,0.0,0.0,0.0,0.0,0.0,338,299,0.3132,0.2771,nan,nan,nan,UNKNOWN,0.0,0.0,False,False,True,True,False
31.055,0.0,0.0,0.0,0.0,0.0,0.0,0.0,0.0,338,299,0.3132,0.2771,nan,nan,nan,UNKNOWN,0.0,0.0,False,False,True,True,False
31.105,0.0,0.0,0.0,0.0,0.0,0.0,0.0,0.0,338,299,0.3132,0.2771,nan,nan,nan,UNKNOWN,0.0,0.0,False,False,True,True,False
31.155,0.0,0.0,0.0,0.0,0.0,0.0,0.0,0.0,338,299,0.3132,0.2771,nan,nan,nan,UNKNOWN,0.0,0.0,False,False,True,True,False
31.205,0.0,0.0,0.0,0.0,0.0,0.0,0.0,0.0,338,299,0.3132,0.2771,nan,nan,nan,UNKNOWN,0.0,0.0,False,False,True,True,False
31.255,0.0,0.0,0.0,0.0,0.0,0.0,0.0,0.0,338,299,0.3132,0.2771,nan,nan,nan,UNKNOWN,0.0,0.0,False,False,True,True,False
31.305,0.0,0.0,0.0,0.0,0.0,0.0,0.0,0.0,338,299,0.3132,0.2771,nan,nan,nan,UNKNOWN,0.0,0.0,False,False,True,True,False
31.357,0.0,0.0,0.0,0.0,0.0,0.0,0.0,0.0,338,299,0.3132,0.2771,nan,nan,nan,UNKNOWN,0.0,0.0,False,False,True,True,False
31.405,0.0,0.0,0.0,0.0,0.0,0.0,0.0,0.0,338,299,0.3132,0.2771,nan,nan,nan,UNKNOWN,0.0,0.0,False,False,True,True,False
31.455,0.0,0.0,0.0,0.0,0.0,0.0,0.0,0.0,338,299,0.3132,0.2771,nan,nan,nan,UNKNOWN,0.0,0.0,False,False,True,True,False
31.505,0.0,0.0,0.0,0.0,0.0,0.0,0.0,0.0,338,299,0.3132,0.2771,nan,nan,nan,UNKNOWN,0.0,0.0,False,False,True,True,False
31.555,0.0,0.0,0.0,0.0,0.0,0.0,0.0,0.0,338,299,0.3132,0.2771,nan,nan,nan,UNKNOWN,0.0,0.0,False,False,True,True,False
31.605,0.0,0.0,0.0,0.0,0.0,0.0,0.0,0.0,338,299,0.3132,0.2771,nan,nan,nan,UNKNOWN,0.0,0.0,False,False,True,True,False
31.655,0.0,0.0,0.0,0.0,0.0,0.0,0.0,0.0,338,299,0.3132,0.2771,nan,nan,nan,UNKNOWN,0.0,0.0,False,False,True,True,False
31.705,0.0,0.0,0.0,0.0,0.0,0.0,0.0,0.0,338,299,0.3132,0.2771,nan,nan,nan,UNKNOWN,0.0,0.0,False,False,True,True,False
31.755,0.0,0.0,0.0,0.0,0.0,0.0,0.0,0.0,338,299,0.3132,0.2771,nan,nan,nan,UNKNOWN,0.0,0.0,False,False,True,True,False
31.805,0.0,0.0,0.0,0.0,0.0,0.0,0.0,0.0,338,299,0.3132,0.2771,nan,nan,nan,UNKNOWN,0.0,0.0,False,False,True,True,False
31.855,0.0,0.0,0.0,0.0,0.0,0.0,0.0,0.0,338,299,0.3132,0.2771,nan,nan,nan,UNKNOWN,0.0,0.0,False,False,True,True,False
31.905,0.0,0.0,0.0,0.0,0.0,0.0,0.0,0.0,338,299,0.3132,0.2771,nan,nan,nan,UNKNOWN,0.0,0.0,False,False,True,True,False
31.955,0.0,0.0,0.0,0.0,0.0,0.0,0.0,0.0,338,299,0.3132,0.2771,nan,nan,nan,UNKNOWN,0.0,0.0,False,False,True,True,False
32.005,0.0,0.0,0.0,0.0,0.0,0.0,0.0,0.0,338,299,0.3132,0.2771,nan,nan,nan,UNKNOWN,0.0,0.0,False,False,True,True,False
32.055,0.0,0.0,0.0,0.0,0.0,0.0,0.0,0.0,338,299,0.3132,0.2771,nan,nan,nan,UNKNOWN,0.0,0.0,False,False,True,True,False
32.105,0.0,0.0,0.0,0.0,0.0,0.0,0.0,0.0,338,299,0.3132,0.2771,nan,nan,nan,UNKNOWN,0.0,0.0,False,False,True,True,False
32.155,0.0,0.0,0.0,0.0,0.0,0.0,0.0,0.0,338,299,0.3132,0.2771,nan,nan,nan,UNKNOWN,0.0,0.0,False,False,True,True,False
32.205,0.0,0.0,0.0,0.0,0.0,0.0,0.0,0.0,338,299,0.3132,0.2771,nan,nan,nan,UNKNOWN,0.0,0.0,False,False,True,True,False
32.255,0.0,0.0,0.0,0.0,0.0,0.0,0.0,0.0,338,299,0.3132,0.2771,nan,nan,nan,UNKNOWN,0.0,0.0,False,False,True,True,False
32.305,0.0,0.0,0.0,0.0,0.0,0.0,0.0,0.0,338,299,0.3132,0.2771,nan,nan,nan,UNKNOWN,0.0,0.0,False,False,True,True,False
32.357,0.0,0.0,0.0,0.0,0.0,0.0,0.0,0.0,338,299,0.3132,0.2771,nan,nan,nan,UNKNOWN,0.0,0.0,False,False,True,True,False
32.405,0.0,0.0,0.0,0.0,0.0,0.0,0.0,0.0,338,299,0.3132,0.2771,nan,nan,nan,UNKNOWN,0.0,0.0,False,False,True,True,False
32.456,0.0,0.0,0.0,0.0,0.0,0.0,0.0,0.0,338,299,0.3132,0.2771,nan,nan,nan,UNKNOWN,0.0,0.0,False,False,True,True,False
32.505,0.0,0.0,0.0,0.0,0.0,0.0,0.0,0.0,338,299,0.3132,0.2771,nan,nan,nan,UNKNOWN,0.0,0.0,False,False,True,True,False
32.556,0.0,0.0,0.0,0.0,0.0,0.0,0.0,0.0,338,299,0.3132,0.2771,nan,nan,nan,UNKNOWN,0.0,0.0,False,False,True,True,False
32.605,0.0,0.0,0.0,0.0,0.0,0.0,0.0,0.0,338,299,0.3132,0.2771,nan,nan,nan,UNKNOWN,0.0,0.0,False,False,True,True,False
32.656,0.0,0.0,0.0,0.0,0.0,0.0,0.0,0.0,338,299,0.3132,0.2771,nan,nan,nan,UNKNOWN,0.0,0.0,False,False,True,True,False
32.705,0.0,0.0,0.0,0.0,0.0,0.0,0.0,0.0,338,299,0.3132,0.2771,nan,nan,nan,UNKNOWN,0.0,0.0,False,False,True,True,False
32.756,0.0,0.0,0.0,0.0,0.0,0.0,0.0,0.0,338,299,0.3132,0.2771,nan,nan,nan,UNKNOWN,0.0,0.0,False,False,True,True,False
32.805,0.0,0.0,0.0,0.0,0.0,0.0,0.0,0.0,338,299,0.3132,0.2771,nan,nan,nan,UNKNOWN,0.0,0.0,False,False,True,True,False
32.856,0.0,0.0,0.0,0.0,0.0,0.0,0.0,0.0,338,299,0.3132,0.2771,nan,nan,nan,UNKNOWN,0.0,0.0,False,False,True,True,False
32.905,0.0,0.0,0.0,0.0,0.0,0.0,0.0,0.0,338,299,0.3132,0.2771,nan,nan,nan,UNKNOWN,0.0,0.0,False,False,True,True,False
32.956,0.0,0.0,0.0,0.0,0.0,0.0,0.0,0.0,338,299,0.3132,0.2771,nan,nan,nan,UNKNOWN,0.0,0.0,False,False,True,True,False
33.005,0.0,0.0,0.0,0.0,0.0,0.0,0.0,0.0,338,299,0.3132,0.2771,nan,nan,nan,UNKNOWN,0.0,0.0,False,False,True,True,False
33.056,0.0,0.0,0.0,0.0,0.0,0.0,0.0,0.0,338,299,0.3132,0.2771,nan,nan,nan,UNKNOWN,0.0,0.0,False,False,True,True,False
33.105,0.0,0.0,0.0,0.0,0.0,0.0,0.0,0.0,338,299,0.3132,0.2771,nan,nan,nan,UNKNOWN,0.0,0.0,False,False,True,True,False
33.156,0.0,0.0,0.0,0.0,0.0,0.0,0.0,0.0,338,299,0.3132,0.2771,nan,nan,nan,UNKNOWN,0.0,0.0,False,False,True,True,False
33.205,0.0,0.0,0.0,0.0,0.0,0.0,0.0,0.0,338,299,0.3132,0.2771,nan,nan,nan,UNKNOWN,0.0,0.0,False,False,True,True,False
33.256,0.0,0.0,0.0,0.0,0.0,0.0,0.0,0.0,338,299,0.3132,0.2771,nan,nan,nan,UNKNOWN,0.0,0.0,False,False,True,True,False
33.305,0.0,0.0,0.0,0.0,0.0,0.0,0.0,0.0,338,299,0.3132,0.2771,nan,nan,nan,UNKNOWN,0.0,0.0,False,False,True,True,False
33.357,0.0,0.0,0.0,0.0,0.0,0.0,0.0,0.0,338,299,0.3132,0.2771,nan,nan,nan,UNKNOWN,0.0,0.0,False,False,True,True,False
33.405,0.0,0.0,0.0,0.0,0.0,0.0,0.0,0.0,338,299,0.3132,0.2771,nan,nan,nan,UNKNOWN,0.0,0.0,False,False,True,True,False
33.456,0.0,0.0,0.0,0.0,0.0,0.0,0.0,0.0,338,299,0.3132,0.2771,nan,nan,nan,UNKNOWN,0.0,0.0,False,False,True,True,False
33.505,0.0,0.0,0.0,0.0,0.0,0.0,0.0,0.0,338,299,0.3132,0.2771,nan,nan,nan,UNKNOWN,0.0,0.0,False,False,True,True,False
33.556,0.0,0.0,0.0,0.0,0.0,0.0,0.0,0.0,338,299,0.3132,0.2771,nan,nan,nan,UNKNOWN,0.0,0.0,False,False,True,True,False
33.605,0.0,0.0,0.0,0.0,0.0,0.0,0.0,0.0,338,299,0.3132,0.2771,nan,nan,nan,UNKNOWN,0.0,0.0,False,False,True,True,False
33.656,0.0,0.0,0.0,0.0,0.0,0.0,0.0,0.0,338,299,0.3132,0.2771,nan,nan,nan,UNKNOWN,0.0,0.0,False,False,True,True,False
33.705,0.0,0.0,0.0,0.0,0.0,0.0,0.0,0.0,338,299,0.3132,0.2771,nan,nan,nan,UNKNOWN,0.0,0.0,False,False,True,True,False
33.756,0.0,0.0,0.0,0.0,0.0,0.0,0.0,0.0,338,299,0.3132,0.2771,nan,nan,nan,UNKNOWN,0.0,0.0,False,False,True,True,False
33.805,0.0,0.0,0.0,0.0,0.0,0.0,0.0,0.0,338,299,0.3132,0.2771,nan,nan,nan,UNKNOWN,0.0,0.0,False,False,True,True,False
33.855,0.0,0.0,0.0,0.0,0.0,0.0,0.0,0.0,338,299,0.3132,0.2771,nan,nan,nan,UNKNOWN,0.0,0.0,False,False,True,True,False
33.905,0.0,0.0,0.0,0.0,0.0,0.0,0.0,0.0,338,299,0.3132,0.2771,nan,nan,nan,UNKNOWN,0.0,0.0,False,False,True,True,False
33.956,0.0,0.0,0.0,0.0,0.0,0.0,0.0,0.0,338,299,0.3132,0.2771,nan,nan,nan,UNKNOWN,0.0,0.0,False,False,True,True,False
34.005,0.0,0.0,0.0,0.0,0.0,0.0,0.0,0.0,338,299,0.3132,0.2771,nan,nan,nan,UNKNOWN,0.0,0.0,False,False,True,True,False
34.056,0.0,0.0,0.0,0.0,0.0,0.0,0.0,0.0,338,299,0.3132,0.2771,nan,nan,nan,UNKNOWN,0.0,0.0,False,False,True,True,False
34.105,0.0,0.0,0.0,0.0,0.0,0.0,0.0,0.0,338,299,0.3132,0.2771,nan,nan,nan,UNKNOWN,0.0,0.0,False,False,True,True,False
34.156,0.0,0.0,0.0,0.0,0.0,0.0,0.0,0.0,338,299,0.3132,0.2771,nan,nan,nan,UNKNOWN,0.0,0.0,False,False,True,True,False
34.205,0.0,0.0,0.0,0.0,0.0,0.0,0.0,0.0,338,299,0.3132,0.2771,nan,nan,nan,UNKNOWN,0.0,0.0,False,False,True,True,False
34.256,0.0,0.0,0.0,0.0,0.0,0.0,0.0,0.0,338,299,0.3132,0.2771,nan,nan,nan,UNKNOWN,0.0,0.0,False,False,True,True,False
34.305,0.0,0.0,0.0,0.0,0.0,0.0,0.0,0.0,338,299,0.3132,0.2771,nan,nan,nan,UNKNOWN,0.0,0.0,False,False,True,True,False
34.357,0.0,0.0,0.0,0.0,0.0,0.0,0.0,0.0,338,299,0.3132,0.2771,nan,nan,nan,UNKNOWN,0.0,0.0,False,False,True,True,False
34.405,0.0,0.0,0.0,0.0,0.0,0.0,0.0,0.0,338,299,0.3132,0.2771,nan,nan,nan,UNKNOWN,0.0,0.0,False,False,True,True,False
34.456,0.0,0.0,0.0,0.0,0.0,0.0,0.0,0.0,338,299,0.3132,0.2771,nan,nan,nan,UNKNOWN,0.0,0.0,False,False,True,True,False
34.505,0.0,0.0,0.0,0.0,0.0,0.0,0.0,0.0,338,299,0.3132,0.2771,nan,nan,nan,UNKNOWN,0.0,0.0,False,False,True,True,False
34.556,0.0,0.0,0.0,0.0,0.0,0.0,0.0,0.0,338,299,0.3132,0.2771,nan,nan,nan,UNKNOWN,0.0,0.0,False,False,True,True,False
34.605,0.0,0.0,0.0,0.0,0.0,0.0,0.0,0.0,338,299,0.3132,0.2771,nan,nan,nan,UNKNOWN,0.0,0.0,False,False,True,True,False
34.656,0.0,0.0,0.0,0.0,0.0,0.0,0.0,0.0,338,299,0.3132,0.2771,nan,nan,nan,UNKNOWN,0.0,0.0,False,False,True,True,False
34.705,0.0,0.0,0.0,0.0,0.0,0.0,0.0,0.0,338,299,0.3132,0.2771,nan,nan,nan,UNKNOWN,0.0,0.0,False,False,True,True,False
34.756,0.0,0.0,0.0,0.0,0.0,0.0,0.0,0.0,338,299,0.3132,0.2771,nan,nan,nan,UNKNOWN,0.0,0.0,False,False,True,True,False
34.805,0.0,0.0,0.0,0.0,0.0,0.0,0.0,0.0,338,299,0.3132,0.2771,nan,nan,nan,UNKNOWN,0.0,0.0,False,False,True,True,False
34.856,0.0,0.0,0.0,0.0,0.0,0.0,0.0,0.0,338,299,0.3132,0.2771,nan,nan,nan,UNKNOWN,0.0,0.0,False,False,True,True,False
34.905,0.0,0.0,0.0,0.0,0.0,0.0,0.0,0.0,338,299,0.3132,0.2771,nan,nan,nan,UNKNOWN,0.0,0.0,False,False,True,True,False
34.956,0.0,0.0,0.0,0.0,0.0,0.0,0.0,0.0,338,299,0.3132,0.2771,nan,nan,nan,UNKNOWN,0.0,0.0,False,False,True,True,False
35.005,0.0,0.0,0.0,0.0,0.0,0.0,0.0,0.0,338,299,0.3132,0.2771,nan,nan,nan,UNKNOWN,0.0,0.0,False,False,True,True,False
35.056,0.0,0.0,0.0,0.0,0.0,0.0,0.0,0.0,338,299,0.3132,0.2771,nan,nan,nan,UNKNOWN,0.0,0.0,False,False,True,True,False
35.105,0.0,0.0,0.0,0.0,0.0,0.0,0.0,0.0,338,299,0.3132,0.2771,nan,nan,nan,UNKNOWN,0.0,0.0,False,False,True,True,False
35.156,0.0,0.0,0.0,0.0,0.0,0.0,0.0,0.0,338,299,0.3132,0.2771,nan,nan,nan,UNKNOWN,0.0,0.0,False,False,True,True,False
35.205,0.0,0.0,0.0,0.0,0.0,0.0,0.0,0.0,338,299,0.3132,0.2771,nan,nan,nan,UNKNOWN,0.0,0.0,False,False,True,True,False
35.256,0.0,0.0,0.0,0.0,0.0,0.0,0.0,0.0,338,299,0.3132,0.2771,nan,nan,nan,UNKNOWN,0.0,0.0,False,False,True,True,False
35.305,0.0,0.0,0.0,0.0,0.0,0.0,0.0,0.0,338,299,0.3132,0.2771,nan,nan,nan,UNKNOWN,0.0,0.0,False,False,True,True,False
35.357,0.0,0.0,0.0,0.0,0.0,0.0,0.0,0.0,338,299,0.3132,0.2771,nan,nan,nan,UNKNOWN,0.0,0.0,False,False,True,True,False
35.405,0.0,0.0,0.0,0.0,0.0,0.0,0.0,0.0,338,299,0.3132,0.2771,nan,nan,nan,UNKNOWN,0.0,0.0,False,False,True,True,False
35.456,0.0,0.0,0.0,0.0,0.0,0.0,0.0,0.0,338,299,0.3132,0.2771,nan,nan,nan,UNKNOWN,0.0,0.0,False,False,True,True,False
35.505,0.0,0.0,0.0,0.0,0.0,0.0,0.0,0.0,338,299,0.3132,0.2771,nan,nan,nan,UNKNOWN,0.0,0.0,False,False,True,True,False
35.556,0.0,0.0,0.0,0.0,0.0,0.0,0.0,0.0,338,299,0.3132,0.2771,nan,nan,nan,UNKNOWN,0.0,0.0,False,False,True,True,False
35.605,0.0,0.0,0.0,0.0,0.0,0.0,0.0,0.0,338,299,0.3132,0.2771,nan,nan,nan,UNKNOWN,0.0,0.0,False,False,True,True,False
35.655,0.0,0.0,0.0,0.0,0.0,0.0,0.0,0.0,338,299,0.3132,0.2771,nan,nan,nan,UNKNOWN,0.0,0.0,False,False,True,True,False
35.705,0.0,0.0,0.0,0.0,0.0,0.0,0.0,0.0,338,299,0.3132,0.2771,nan,nan,nan,UNKNOWN,0.0,0.0,False,False,True,True,False
35.755,0.0,0.0,0.0,0.0,0.0,0.0,0.0,0.0,338,299,0.3132,0.2771,nan,nan,nan,UNKNOWN,0.0,0.0,False,False,True,True,False
35.805,0.0,0.0,0.0,0.0,0.0,0.0,0.0,0.0,338,299,0.3132,0.2771,nan,nan,nan,UNKNOWN,0.0,0.0,False,False,True,True,False
35.855,0.0,0.0,0.0,0.0,0.0,0.0,0.0,0.0,338,299,0.3132,0.2771,nan,nan,nan,UNKNOWN,0.0,0.0,False,False,True,True,False
35.905,0.0,0.0,0.0,0.0,0.0,0.0,0.0,0.0,338,299,0.3132,0.2771,nan,nan,nan,UNKNOWN,0.0,0.0,False,False,True,True,False
35.955,0.0,0.0,0.0,0.0,0.0,0.0,0.0,0.0,338,299,0.3132,0.2771,nan,nan,nan,UNKNOWN,0.0,0.0,False,False,True,True,False
36.005,0.0,0.0,0.0,0.0,0.0,0.0,0.0,0.0,338,299,0.3132,0.2771,nan,nan,nan,UNKNOWN,0.0,0.0,False,False,True,True,False
36.055,0.0,0.0,0.0,0.0,0.0,0.0,0.0,0.0,338,299,0.3132,0.2771,nan,nan,nan,UNKNOWN,0.0,0.0,False,False,True,True,False
36.105,0.0,0.0,0.0,0.0,0.0,0.0,0.0,0.0,338,299,0.3132,0.2771,nan,nan,nan,UNKNOWN,0.0,0.0,False,False,True,True,False
36.155,0.0,0.0,0.0,0.0,0.0,0.0,0.0,0.0,338,299,0.3132,0.2771,nan,nan,nan,UNKNOWN,0.0,0.0,False,False,True,True,False
36.205,0.0,0.0,0.0,0.0,0.0,0.0,0.0,0.0,338,299,0.3132,0.2771,nan,nan,nan,UNKNOWN,0.0,0.0,False,False,True,True,False
36.255,0.0,0.0,0.0,0.0,0.0,0.0,0.0,0.0,338,299,0.3132,0.2771,nan,nan,nan,UNKNOWN,0.0,0.0,False,False,True,True,False
36.305,0.0,0.0,0.0,0.0,0.0,0.0,0.0,0.0,338,299,0.3132,0.2771,nan,nan,nan,UNKNOWN,0.0,0.0,False,False,True,True,False
36.357,0.0,0.0,0.0,0.0,0.0,0.0,0.0,0.0,338,299,0.3132,0.2771,nan,nan,nan,UNKNOWN,0.0,0.0,False,False,True,True,False
36.405,0.0,0.0,0.0,0.0,0.0,0.0,0.0,0.0,338,299,0.3132,0.2771,nan,nan,nan,UNKNOWN,0.0,0.0,False,False,True,True,False
36.455,0.0,0.0,0.0,0.0,0.0,0.0,0.0,0.0,338,299,0.3132,0.2771,nan,nan,nan,UNKNOWN,0.0,0.0,False,False,True,True,False
36.505,0.0,0.0,0.0,0.0,0.0,0.0,0.0,0.0,338,299,0.3132,0.2771,nan,nan,nan,UNKNOWN,0.0,0.0,False,False,True,True,False
36.555,0.0,0.0,0.0,0.0,0.0,0.0,0.0,0.0,338,299,0.3132,0.2771,nan,nan,nan,UNKNOWN,0.0,0.0,False,False,True,True,False
36.605,0.0,0.0,0.0,0.0,0.0,0.0,0.0,0.0,338,299,0.3132,0.2771,nan,nan,nan,UNKNOWN,0.0,0.0,False,False,True,True,False
36.655,0.0,0.0,0.0,0.0,0.0,0.0,0.0,0.0,338,299,0.3132,0.2771,nan,nan,nan,UNKNOWN,0.0,0.0,False,False,True,True,False
36.705,0.0,0.0,0.0,0.0,0.0,0.0,0.0,0.0,338,299,0.3132,0.2771,nan,nan,nan,UNKNOWN,0.0,0.0,False,False,True,True,False
36.755,0.0,0.0,0.0,0.0,0.0,0.0,0.0,0.0,338,299,0.3132,0.2771,nan,nan,nan,UNKNOWN,0.0,0.0,False,False,True,True,False
36.805,0.0,0.0,0.0,0.0,0.0,0.0,0.0,0.0,338,299,0.3132,0.2771,nan,nan,nan,UNKNOWN,0.0,0.0,False,False,True,True,False
36.855,0.0,0.0,0.0,0.0,0.0,0.0,0.0,0.0,338,299,0.3132,0.2771,nan,nan,nan,UNKNOWN,0.0,0.0,False,False,True,True,False
36.905,0.0,0.0,0.0,0.0,0.0,0.0,0.0,0.0,338,299,0.3132,0.2771,nan,nan,nan,UNKNOWN,0.0,0.0,False,False,True,True,False
36.955,0.0,0.0,0.0,0.0,0.0,0.0,0.0,0.0,338,299,0.3132,0.2771,nan,nan,nan,UNKNOWN,0.0,0.0,False,False,True,True,False
37.005,0.0,0.0,0.0,0.0,0.0,0.0,0.0,0.0,338,299,0.3132,0.2771,nan,nan,nan,UNKNOWN,0.0,0.0,False,False,True,True,False
37.055,0.0,0.0,0.0,0.0,0.0,0.0,0.0,0.0,338,299,0.3132,0.2771,nan,nan,nan,UNKNOWN,0.0,0.0,False,False,True,True,False
37.105,0.0,0.0,0.0,0.0,0.0,0.0,0.0,0.0,338,299,0.3132,0.2771,nan,nan,nan,UNKNOWN,0.0,0.0,False,False,True,True,False
37.155,0.0,0.0,0.0,0.0,0.0,0.0,0.0,0.0,338,299,0.3132,0.2771,nan,nan,nan,UNKNOWN,0.0,0.0,False,False,True,True,False
37.205,0.0,0.0,0.0,0.0,0.0,0.0,0.0,0.0,338,299,0.3132,0.2771,nan,nan,nan,UNKNOWN,0.0,0.0,False,False,True,True,False
37.255,0.0,0.0,0.0,0.0,0.0,0.0,0.0,0.0,338,299,0.3132,0.2771,nan,nan,nan,UNKNOWN,0.0,0.0,False,False,True,True,False
37.305,0.0,0.0,0.0,0.0,0.0,0.0,0.0,0.0,338,299,0.3132,0.2771,nan,nan,nan,UNKNOWN,0.0,0.0,False,False,True,True,False
37.357,0.0,0.0,0.0,0.0,0.0,0.0,0.0,0.0,338,299,0.3132,0.2771,nan,nan,nan,UNKNOWN,0.0,0.0,False,False,True,True,False
37.405,0.0,0.0,0.0,0.0,0.0,0.0,0.0,0.0,338,299,0.3132,0.2771,nan,nan,nan,UNKNOWN,0.0,0.0,False,False,True,True,False
37.455,0.0,0.0,0.0,0.0,0.0,0.0,0.0,0.0,338,299,0.3132,0.2771,nan,nan,nan,UNKNOWN,0.0,0.0,False,False,True,True,False
37.505,0.0,0.0,0.0,0.0,0.0,0.0,0.0,0.0,338,299,0.3132,0.2771,nan,nan,nan,UNKNOWN,0.0,0.0,False,False,True,True,False
37.555,0.0,0.0,0.0,0.0,0.0,0.0,0.0,0.0,338,299,0.3132,0.2771,nan,nan,nan,UNKNOWN,0.0,0.0,False,False,True,True,False
37.605,0.0,0.0,0.0,0.0,0.0,0.0,0.0,0.0,338,299,0.3132,0.2771,nan,nan,nan,UNKNOWN,0.0,0.0,False,False,True,True,False
37.655,0.0,0.0,0.0,0.0,0.0,0.0,0.0,0.0,338,299,0.3132,0.2771,nan,nan,nan,UNKNOWN,0.0,0.0,False,False,True,True,False
37.705,0.0,0.0,0.0,0.0,0.0,0.0,0.0,0.0,338,299,0.3132,0.2771,nan,nan,nan,UNKNOWN,0.0,0.0,False,False,True,True,False
37.755,0.0,0.0,0.0,0.0,0.0,0.0,0.0,0.0,338,299,0.3132,0.2771,nan,nan,nan,UNKNOWN,0.0,0.0,False,False,True,True,False
37.805,0.0,0.0,0.0,0.0,0.0,0.0,0.0,0.0,338,299,0.3132,0.2771,nan,nan,nan,UNKNOWN,0.0,0.0,False,False,True,True,False
37.855,0.0,0.0,0.0,0.0,0.0,0.0,0.0,0.0,338,299,0.3132,0.2771,nan,nan,nan,UNKNOWN,0.0,0.0,False,False,True,True,False
37.905,0.0,0.0,0.0,0.0,0.0,0.0,0.0,0.0,338,299,0.3132,0.2771,nan,nan,nan,UNKNOWN,0.0,0.0,False,False,True,True,False
37.955,0.0,0.0,0.0,0.0,0.0,0.0,0.0,0.0,338,299,0.3132,0.2771,nan,nan,nan,UNKNOWN,0.0,0.0,False,False,True,True,False
38.005,0.0,0.0,0.0,0.0,0.0,0.0,0.0,0.0,338,299,0.3132,0.2771,nan,nan,nan,UNKNOWN,0.0,0.0,False,False,True,True,False
38.055,0.0,0.0,0.0,0.0,0.0,0.0,0.0,0.0,338,299,0.3132,0.2771,nan,nan,nan,UNKNOWN,0.0,0.0,False,False,True,True,False
38.105,0.0,0.0,0.0,0.0,0.0,0.0,0.0,0.0,338,299,0.3132,0.2771,nan,nan,nan,UNKNOWN,0.0,0.0,False,False,True,True,False
38.155,0.0,0.0,0.0,0.0,0.0,0.0,0.0,0.0,338,299,0.3132,0.2771,nan,nan,nan,UNKNOWN,0.0,0.0,False,False,True,True,False
38.205,0.0,0.0,0.0,0.0,0.0,0.0,0.0,0.0,338,299,0.3132,0.2771,nan,nan,nan,UNKNOWN,0.0,0.0,False,False,True,True,False
38.255,0.0,0.0,0.0,0.0,0.0,0.0,0.0,0.0,338,299,0.3132,0.2771,nan,nan,nan,UNKNOWN,0.0,0.0,False,False,True,True,False
38.305,0.0,0.0,0.0,0.0,0.0,0.0,0.0,0.0,338,299,0.3132,0.2771,nan,nan,nan,UNKNOWN,0.0,0.0,False,False,True,True,False
38.357,0.0,0.0,0.0,0.0,0.0,0.0,0.0,0.0,338,299,0.3132,0.2771,nan,nan,nan,UNKNOWN,0.0,0.0,False,False,True,True,False
38.405,0.0,0.0,0.0,0.0,0.0,0.0,0.0,0.0,338,299,0.3132,0.2771,nan,nan,nan,UNKNOWN,0.0,0.0,False,False,True,True,False
38.455,0.0,0.0,0.0,0.0,0.0,0.0,0.0,0.0,338,299,0.3132,0.2771,nan,nan,nan,UNKNOWN,0.0,0.0,False,False,True,True,False
38.505,0.0,0.0,0.0,0.0,0.0,0.0,0.0,0.0,338,299,0.3132,0.2771,nan,nan,nan,UNKNOWN,0.0,0.0,False,False,True,True,False
38.555,0.0,0.0,0.0,0.0,0.0,0.0,0.0,0.0,338,299,0.3132,0.2771,nan,nan,nan,UNKNOWN,0.0,0.0,False,False,True,True,False
38.605,0.0,0.0,0.0,0.0,0.0,0.0,0.0,0.0,338,299,0.3132,0.2771,nan,nan,nan,UNKNOWN,0.0,0.0,False,False,True,True,False
38.655,0.0,0.0,0.0,0.0,0.0,0.0,0.0,0.0,338,299,0.3132,0.2771,nan,nan,nan,UNKNOWN,0.0,0.0,False,False,True,True,False
38.705,0.0,0.0,0.0,0.0,0.0,0.0,0.0,0.0,338,299,0.3132,0.2771,nan,nan,nan,UNKNOWN,0.0,0.0,False,False,True,True,False
38.755,0.0,0.0,0.0,0.0,0.0,0.0,0.0,0.0,338,299,0.3132,0.2771,nan,nan,nan,UNKNOWN,0.0,0.0,False,False,True,True,False
38.805,0.0,0.0,0.0,0.0,0.0,0.0,0.0,0.0,338,299,0.3132,0.2771,nan,nan,nan,UNKNOWN,0.0,0.0,False,False,True,True,False
38.855,0.0,0.0,0.0,0.0,0.0,0.0,0.0,0.0,338,299,0.3132,0.2771,nan,nan,nan,UNKNOWN,0.0,0.0,False,False,True,True,False
38.905,0.0,0.0,0.0,0.0,0.0,0.0,0.0,0.0,338,299,0.3132,0.2771,nan,nan,nan,UNKNOWN,0.0,0.0,False,False,True,True,False
38.955,0.0,0.0,0.0,0.0,0.0,0.0,0.0,0.0,338,299,0.3132,0.2771,nan,nan,nan,UNKNOWN,0.0,0.0,False,False,True,True,False
39.005,0.0,0.0,0.0,0.0,0.0,0.0,0.0,0.0,338,299,0.3132,0.2771,nan,nan,nan,UNKNOWN,0.0,0.0,False,False,True,True,False
39.055,0.0,0.0,0.0,0.0,0.0,0.0,0.0,0.0,338,299,0.3132,0.2771,nan,nan,nan,UNKNOWN,0.0,0.0,False,False,True,True,False
39.105,0.0,0.0,0.0,0.0,0.0,0.0,0.0,0.0,338,299,0.3132,0.2771,nan,nan,nan,UNKNOWN,0.0,0.0,False,False,True,True,False
39.155,0.0,0.0,0.0,0.0,0.0,0.0,0.0,0.0,338,299,0.3132,0.2771,nan,nan,nan,UNKNOWN,0.0,0.0,False,False,True,True,False
39.205,0.0,0.0,0.0,0.0,0.0,0.0,0.0,0.0,338,299,0.3132,0.2771,nan,nan,nan,UNKNOWN,0.0,0.0,False,False,True,True,False
39.255,0.0,0.0,0.0,0.0,0.0,0.0,0.0,0.0,338,299,0.3132,0.2771,nan,nan,nan,UNKNOWN,0.0,0.0,False,False,True,True,False
39.305,0.0,0.0,0.0,0.0,0.0,0.0,0.0,0.0,338,299,0.3132,0.2771,nan,nan,nan,UNKNOWN,0.0,0.0,False,False,True,True,False
39.357,0.0,0.0,0.0,0.0,0.0,0.0,0.0,0.0,338,299,0.3132,0.2771,nan,nan,nan,UNKNOWN,0.0,0.0,False,False,True,True,False
39.405,0.0,0.0,0.0,0.0,0.0,0.0,0.0,0.0,338,299,0.3132,0.2771,nan,nan,nan,UNKNOWN,0.0,0.0,False,False,True,True,False
39.455,0.0,0.0,0.0,0.0,0.0,0.0,0.0,0.0,338,299,0.3132,0.2771,nan,nan,nan,UNKNOWN,0.0,0.0,False,False,True,True,False
39.505,0.0,0.0,0.0,0.0,0.0,0.0,0.0,0.0,338,299,0.3132,0.2771,nan,nan,nan,UNKNOWN,0.0,0.0,False,False,True,True,False
39.555,0.0,0.0,0.0,0.0,0.0,0.0,0.0,0.0,338,299,0.3132,0.2771,nan,nan,nan,UNKNOWN,0.0,0.0,False,False,True,True,False
39.605,0.0,0.0,0.0,0.0,0.0,0.0,0.0,0.0,338,299,0.3132,0.2771,nan,nan,nan,UNKNOWN,0.0,0.0,False,False,True,True,False
39.655,0.0,0.0,0.0,0.0,0.0,0.0,0.0,0.0,338,299,0.3132,0.2771,nan,nan,nan,UNKNOWN,0.0,0.0,False,False,True,True,False
39.705,0.0,0.0,0.0,0.0,0.0,0.0,0.0,0.0,338,299,0.3132,0.2771,nan,nan,nan,UNKNOWN,0.0,0.0,False,False,True,True,False
39.755,0.0,0.0,0.0,0.0,0.0,0.0,0.0,0.0,338,299,0.3132,0.2771,nan,nan,nan,UNKNOWN,0.0,0.0,False,False,True,True,False
39.805,0.0,0.0,0.0,0.0,0.0,0.0,0.0,0.0,338,299,0.3132,0.2771,nan,nan,nan,UNKNOWN,0.0,0.0,False,False,True,True,False
39.855,0.0,0.0,0.0,0.0,0.0,0.0,0.0,0.0,338,299,0.3132,0.2771,nan,nan,nan,UNKNOWN,0.0,0.0,False,False,True,True,False
39.905,0.0,0.0,0.0,0.0,0.0,0.0,0.0,0.0,338,299,0.3132,0.2771,nan,nan,nan,UNKNOWN,0.0,0.0,False,False,True,True,False
39.955,0.0,0.0,0.0,0.0,0.0,0.0,0.0,0.0,338,299,0.3132,0.2771,nan,nan,nan,UNKNOWN,0.0,0.0,False,False,True,True,False
40.005,0.0,0.0,0.0,0.0,0.0,0.0,0.0,0.0,338,299,0.3132,0.2771,nan,nan,nan,UNKNOWN,0.0,0.0,False,False,True,True,False
40.055,0.0,0.0,0.0,0.0,0.0,0.0,0.0,0.0,338,299,0.3132,0.2771,nan,nan,nan,UNKNOWN,0.0,0.0,False,False,True,True,False
40.105,0.0,0.0,0.0,0.0,0.0,0.0,0.0,0.0,338,299,0.3132,0.2771,nan,nan,nan,UNKNOWN,0.0,0.0,False,False,True,True,False
40.155,0.0,0.0,0.0,0.0,0.0,0.0,0.0,0.0,338,299,0.3132,0.2771,nan,nan,nan,UNKNOWN,0.0,0.0,False,False,True,True,False
40.205,0.0,0.0,0.0,0.0,0.0,0.0,0.0,0.0,338,299,0.3132,0.2771,nan,nan,nan,UNKNOWN,0.0,0.0,False,False,True,True,False
40.255,0.0,0.0,0.0,0.0,0.0,0.0,0.0,0.0,338,299,0.3132,0.2771,nan,nan,nan,UNKNOWN,0.0,0.0,False,False,True,True,False
40.305,0.0,0.0,0.0,0.0,0.0,0.0,0.0,0.0,338,299,0.3132,0.2771,nan,nan,nan,UNKNOWN,0.0,0.0,False,False,True,True,False
40.357,0.0,0.0,0.0,0.0,0.0,0.0,0.0,0.0,338,299,0.3132,0.2771,nan,nan,nan,UNKNOWN,0.0,0.0,False,False,True,True,False
40.405,0.0,0.0,0.0,0.0,0.0,0.0,0.0,0.0,338,299,0.3132,0.2771,nan,nan,nan,UNKNOWN,0.0,0.0,False,False,True,True,False
40.455,0.0,0.0,0.0,0.0,0.0,0.0,0.0,0.0,338,299,0.3132,0.2771,nan,nan,nan,UNKNOWN,0.0,0.0,False,False,True,True,False
40.505,0.0,0.0,0.0,0.0,0.0,0.0,0.0,0.0,338,299,0.3132,0.2771,nan,nan,nan,UNKNOWN,0.0,0.0,False,False,True,True,False
40.555,0.0,0.0,0.0,0.0,0.0,0.0,0.0,0.0,338,299,0.3132,0.2771,nan,nan,nan,UNKNOWN,0.0,0.0,False,False,True,True,False
40.605,0.0,0.0,0.0,0.0,0.0,0.0,0.0,0.0,338,299,0.3132,0.2771,nan,nan,nan,UNKNOWN,0.0,0.0,False,False,True,True,False
40.655,0.0,0.0,0.0,0.0,0.0,0.0,0.0,0.0,338,299,0.3132,0.2771,nan,nan,nan,UNKNOWN,0.0,0.0,False,False,True,True,False
40.705,0.0,0.0,0.0,0.0,0.0,0.0,0.0,0.0,338,299,0.3132,0.2771,nan,nan,nan,UNKNOWN,0.0,0.0,False,False,True,True,False
40.755,0.0,0.0,0.0,0.0,0.0,0.0,0.0,0.0,338,299,0.3132,0.2771,nan,nan,nan,UNKNOWN,0.0,0.0,False,False,True,True,False
40.805,0.0,0.0,0.0,0.0,0.0,0.0,0.0,0.0,338,299,0.3132,0.2771,nan,nan,nan,UNKNOWN,0.0,0.0,False,False,True,True,False
40.855,0.0,0.0,0.0,0.0,0.0,0.0,0.0,0.0,338,299,0.3132,0.2771,nan,nan,nan,UNKNOWN,0.0,0.0,False,False,True,True,False
40.905,0.0,0.0,0.0,0.0,0.0,0.0,0.0,0.0,338,299,0.3132,0.2771,nan,nan,nan,UNKNOWN,0.0,0.0,False,False,True,True,False
40.955,0.0,0.0,0.0,0.0,0.0,0.0,0.0,0.0,338,299,0.3132,0.2771,nan,nan,nan,UNKNOWN,0.0,0.0,False,False,True,True,False
41.005,0.0,0.0,0.0,0.0,0.0,0.0,0.0,0.0,338,299,0.3132,0.2771,nan,nan,nan,UNKNOWN,0.0,0.0,False,False,True,True,False
41.055,0.0,0.0,0.0,0.0,0.0,0.0,0.0,0.0,338,299,0.3132,0.2771,nan,nan,nan,UNKNOWN,0.0,0.0,False,False,True,True,False
41.105,0.0,0.0,0.0,0.0,0.0,0.0,0.0,0.0,338,299,0.3132,0.2771,nan,nan,nan,UNKNOWN,0.0,0.0,False,False,True,True,False
41.155,0.0,0.0,0.0,0.0,0.0,0.0,0.0,0.0,338,299,0.3132,0.2771,nan,nan,nan,UNKNOWN,0.0,0.0,False,False,True,True,False
41.205,0.0,0.0,0.0,0.0,0.0,0.0,0.0,0.0,338,299,0.3132,0.2771,nan,nan,nan,UNKNOWN,0.0,0.0,False,False,True,True,False
41.255,0.0,0.0,0.0,0.0,0.0,0.0,0.0,0.0,338,299,0.3132,0.2771,nan,nan,nan,UNKNOWN,0.0,0.0,False,False,True,True,False
41.305,0.0,0.0,0.0,0.0,0.0,0.0,0.0,0.0,338,299,0.3132,0.2771,nan,nan,nan,UNKNOWN,0.0,0.0,False,False,True,True,False
41.357,0.0,0.0,0.0,0.0,0.0,0.0,0.0,0.0,338,299,0.3132,0.2771,nan,nan,nan,UNKNOWN,0.0,0.0,False,False,True,True,False
41.405,0.0,0.0,0.0,0.0,0.0,0.0,0.0,0.0,338,299,0.3132,0.2771,nan,nan,nan,UNKNOWN,0.0,0.0,False,False,True,True,False
41.455,0.0,0.0,0.0,0.0,0.0,0.0,0.0,0.0,338,299,0.3132,0.2771,nan,nan,nan,UNKNOWN,0.0,0.0,False,False,True,True,False
41.505,0.0,0.0,0.0,0.0,0.0,0.0,0.0,0.0,338,299,0.3132,0.2771,nan,nan,nan,UNKNOWN,0.0,0.0,False,False,True,True,False
41.555,0.0,0.0,0.0,0.0,0.0,0.0,0.0,0.0,338,299,0.3132,0.2771,nan,nan,nan,UNKNOWN,0.0,0.0,False,False,True,True,False
41.605,0.0,0.0,0.0,0.0,0.0,0.0,0.0,0.0,338,299,0.3132,0.2771,nan,nan,nan,UNKNOWN,0.0,0.0,False,False,True,True,False
41.655,0.0,0.0,0.0,0.0,0.0,0.0,0.0,0.0,338,299,0.3132,0.2771,nan,nan,nan,UNKNOWN,0.0,0.0,False,False,True,True,False
41.705,0.0,0.0,0.0,0.0,0.0,0.0,0.0,0.0,338,299,0.3132,0.2771,nan,nan,nan,UNKNOWN,0.0,0.0,False,False,True,True,False
41.755,0.0,0.0,0.0,0.0,0.0,0.0,0.0,0.0,338,299,0.3132,0.2771,nan,nan,nan,UNKNOWN,0.0,0.0,False,False,True,True,False
41.805,0.0,0.0,0.0,0.0,0.0,0.0,0.0,0.0,338,299,0.3132,0.2771,nan,nan,nan,UNKNOWN,0.0,0.0,False,False,True,True,False
41.855,0.0,0.0,0.0,0.0,0.0,0.0,0.0,0.0,338,299,0.3132,0.2771,nan,nan,nan,UNKNOWN,0.0,0.0,False,False,True,True,False
41.905,0.0,0.0,0.0,0.0,0.0,0.0,0.0,0.0,338,299,0.3132,0.2771,nan,nan,nan,UNKNOWN,0.0,0.0,False,False,True,True,False
41.955,0.0,0.0,0.0,0.0,0.0,0.0,0.0,0.0,338,299,0.3132,0.2771,nan,nan,nan,UNKNOWN,0.0,0.0,False,False,True,True,False
42.005,0.0,0.0,0.0,0.0,0.0,0.0,0.0,0.0,338,299,0.3132,0.2771,nan,nan,nan,UNKNOWN,0.0,0.0,False,False,True,True,False
42.055,0.0,0.0,0.0,0.0,0.0,0.0,0.0,0.0,338,299,0.3132,0.2771,nan,nan,nan,UNKNOWN,0.0,0.0,False,False,True,True,False
42.105,0.0,0.0,0.0,0.0,0.0,0.0,0.0,0.0,338,299,0.3132,0.2771,nan,nan,nan,UNKNOWN,0.0,0.0,False,False,True,True,False
42.155,0.0,0.0,0.0,0.0,0.0,0.0,0.0,0.0,338,299,0.3132,0.2771,nan,nan,nan,UNKNOWN,0.0,0.0,False,False,True,True,False
42.205,0.0,0.0,0.0,0.0,0.0,0.0,0.0,0.0,338,299,0.3132,0.2771,nan,nan,nan,UNKNOWN,0.0,0.0,False,False,True,True,False
42.255,0.0,0.0,0.0,0.0,0.0,0.0,0.0,0.0,338,299,0.3132,0.2771,nan,nan,nan,UNKNOWN,0.0,0.0,False,False,True,True,False
42.305,0.0,0.0,0.0,0.0,0.0,0.0,0.0,0.0,338,299,0.3132,0.2771,nan,nan,nan,UNKNOWN,0.0,0.0,False,False,True,True,False
42.357,0.0,0.0,0.0,0.0,0.0,0.0,0.0,0.0,338,299,0.3132,0.2771,nan,nan,nan,UNKNOWN,0.0,0.0,False,False,True,True,False
42.405,0.0,0.0,0.0,0.0,0.0,0.0,0.0,0.0,338,299,0.3132,0.2771,nan,nan,nan,UNKNOWN,0.0,0.0,False,False,True,True,False
42.455,0.0,0.0,0.0,0.0,0.0,0.0,0.0,0.0,338,299,0.3132,0.2771,nan,nan,nan,UNKNOWN,0.0,0.0,False,False,True,True,False
42.505,0.0,0.0,0.0,0.0,0.0,0.0,0.0,0.0,338,299,0.3132,0.2771,nan,nan,nan,UNKNOWN,0.0,0.0,False,False,True,True,False
42.555,0.0,0.0,0.0,0.0,0.0,0.0,0.0,0.0,338,299,0.3132,0.2771,nan,nan,nan,UNKNOWN,0.0,0.0,False,False,True,True,False
42.605,0.0,0.0,0.0,0.0,0.0,0.0,0.0,0.0,338,299,0.3132,0.2771,nan,nan,nan,UNKNOWN,0.0,0.0,False,False,True,True,False
42.655,0.0,0.0,0.0,0.0,0.0,0.0,0.0,0.0,338,299,0.3132,0.2771,nan,nan,nan,UNKNOWN,0.0,0.0,False,False,True,True,False
42.705,0.0,0.0,0.0,0.0,0.0,0.0,0.0,0.0,338,299,0.3132,0.2771,nan,nan,nan,UNKNOWN,0.0,0.0,False,False,True,True,False
42.755,0.0,0.0,0.0,0.0,0.0,0.0,0.0,0.0,338,299,0.3132,0.2771,nan,nan,nan,UNKNOWN,0.0,0.0,False,False,True,True,False
42.805,0.0,0.0,0.0,0.0,0.0,0.0,0.0,0.0,338,299,0.3132,0.2771,nan,nan,nan,UNKNOWN,0.0,0.0,False,False,True,True,False
42.855,0.0,0.0,0.0,0.0,0.0,0.0,0.0,0.0,338,299,0.3132,0.2771,nan,nan,nan,UNKNOWN,0.0,0.0,False,False,True,True,False
42.905,0.0,0.0,0.0,0.0,0.0,0.0,0.0,0.0,338,299,0.3132,0.2771,nan,nan,nan,UNKNOWN,0.0,0.0,False,False,True,True,False
42.955,0.0,0.0,0.0,0.0,0.0,0.0,0.0,0.0,338,299,0.3132,0.2771,nan,nan,nan,UNKNOWN,0.0,0.0,False,False,True,True,False
43.005,0.0,0.0,0.0,0.0,0.0,0.0,0.0,0.0,338,299,0.3132,0.2771,nan,nan,nan,UNKNOWN,0.0,0.0,False,False,True,True,False
43.055,0.0,0.0,0.0,0.0,0.0,0.0,0.0,0.0,338,299,0.3132,0.2771,nan,nan,nan,UNKNOWN,0.0,0.0,False,False,True,True,False
43.105,0.0,0.0,0.0,0.0,0.0,0.0,0.0,0.0,338,299,0.3132,0.2771,nan,nan,nan,UNKNOWN,0.0,0.0,False,False,True,True,False
43.155,0.0,0.0,0.0,0.0,0.0,0.0,0.0,0.0,338,299,0.3132,0.2771,nan,nan,nan,UNKNOWN,0.0,0.0,False,False,True,True,False
43.205,0.0,0.0,0.0,0.0,0.0,0.0,0.0,0.0,338,299,0.3132,0.2771,nan,nan,nan,UNKNOWN,0.0,0.0,False,False,True,True,False
43.255,0.0,0.0,0.0,0.0,0.0,0.0,0.0,0.0,338,299,0.3132,0.2771,nan,nan,nan,UNKNOWN,0.0,0.0,False,False,True,True,False
43.305,0.0,0.0,0.0,0.0,0.0,0.0,0.0,0.0,338,299,0.3132,0.2771,nan,nan,nan,UNKNOWN,0.0,0.0,False,False,True,True,False
43.357,0.0,0.0,0.0,0.0,0.0,0.0,0.0,0.0,338,299,0.3132,0.2771,nan,nan,nan,UNKNOWN,0.0,0.0,False,False,True,True,False
43.405,0.0,0.0,0.0,0.0,0.0,0.0,0.0,0.0,338,299,0.3132,0.2771,nan,nan,nan,UNKNOWN,0.0,0.0,False,False,True,True,False
43.455,0.0,0.0,0.0,0.0,0.0,0.0,0.0,0.0,338,299,0.3132,0.2771,nan,nan,nan,UNKNOWN,0.0,0.0,False,False,True,True,False
43.505,0.0,0.0,0.0,0.0,0.0,0.0,0.0,0.0,338,299,0.3132,0.2771,nan,nan,nan,UNKNOWN,0.0,0.0,False,False,True,True,False
43.555,0.0,0.0,0.0,0.0,0.0,0.0,0.0,0.0,338,299,0.3132,0.2771,nan,nan,nan,UNKNOWN,0.0,0.0,False,False,True,True,False
43.605,0.0,0.0,0.0,0.0,0.0,0.0,0.0,0.0,338,299,0.3132,0.2771,nan,nan,nan,UNKNOWN,0.0,0.0,False,False,True,True,False
43.655,0.0,0.0,0.0,0.0,0.0,0.0,0.0,0.0,338,299,0.3132,0.2771,nan,nan,nan,UNKNOWN,0.0,0.0,False,False,True,True,False
43.705,0.0,0.0,0.0,0.0,0.0,0.0,0.0,0.0,338,299,0.3132,0.2771,nan,nan,nan,UNKNOWN,0.0,0.0,False,False,True,True,False
43.755,0.0,0.0,0.0,0.0,0.0,0.0,0.0,0.0,338,299,0.3132,0.2771,nan,nan,nan,UNKNOWN,0.0,0.0,False,False,True,True,False
43.805,0.0,0.0,0.0,0.0,0.0,0.0,0.0,0.0,338,299,0.3132,0.2771,nan,nan,nan,UNKNOWN,0.0,0.0,False,False,True,True,False
43.855,0.0,0.0,0.0,0.0,0.0,0.0,0.0,0.0,338,299,0.3132,0.2771,nan,nan,nan,UNKNOWN,0.0,0.0,False,False,True,True,False
43.905,0.0,0.0,0.0,0.0,0.0,0.0,0.0,0.0,338,299,0.3132,0.2771,nan,nan,nan,UNKNOWN,0.0,0.0,False,False,True,True,False
43.955,0.0,0.0,0.0,0.0,0.0,0.0,0.0,0.0,338,299,0.3132,0.2771,nan,nan,nan,UNKNOWN,0.0,0.0,False,False,True,True,False
44.005,0.0,0.0,0.0,0.0,0.0,0.0,0.0,0.0,338,299,0.3132,0.2771,nan,nan,nan,UNKNOWN,0.0,0.0,False,False,True,True,False
44.055,0.0,0.0,0.0,0.0,0.0,0.0,0.0,0.0,338,299,0.3132,0.2771,nan,nan,nan,UNKNOWN,0.0,0.0,False,False,True,True,False
44.105,0.0,0.0,0.0,0.0,0.0,0.0,0.0,0.0,338,299,0.3132,0.2771,nan,nan,nan,UNKNOWN,0.0,0.0,False,False,True,True,False
44.155,0.0,0.0,0.0,0.0,0.0,0.0,0.0,0.0,338,299,0.3132,0.2771,nan,nan,nan,UNKNOWN,0.0,0.0,False,False,True,True,False
44.205,0.0,0.0,0.0,0.0,0.0,0.0,0.0,0.0,338,299,0.3132,0.2771,nan,nan,nan,UNKNOWN,0.0,0.0,False,False,True,True,False
44.255,0.0,0.0,0.0,0.0,0.0,0.0,0.0,0.0,338,299,0.3132,0.2771,nan,nan,nan,UNKNOWN,0.0,0.0,False,False,True,True,False
44.305,0.0,0.0,0.0,0.0,0.0,0.0,0.0,0.0,338,299,0.3132,0.2771,nan,nan,nan,UNKNOWN,0.0,0.0,False,False,True,True,False
44.357,0.0,0.0,0.0,0.0,0.0,0.0,0.0,0.0,338,299,0.3132,0.2771,nan,nan,nan,UNKNOWN,0.0,0.0,False,False,True,True,False
44.405,0.0,0.0,0.0,0.0,0.0,0.0,0.0,0.0,338,299,0.3132,0.2771,nan,nan,nan,UNKNOWN,0.0,0.0,False,False,True,True,False
44.455,0.0,0.0,0.0,0.0,0.0,0.0,0.0,0.0,338,299,0.3132,0.2771,nan,nan,nan,UNKNOWN,0.0,0.0,False,False,True,True,False
44.505,0.0,0.0,0.0,0.0,0.0,0.0,0.0,0.0,338,299,0.3132,0.2771,nan,nan,nan,UNKNOWN,0.0,0.0,False,False,True,True,False
44.555,0.0,0.0,0.0,0.0,0.0,0.0,0.0,0.0,338,299,0.3132,0.2771,nan,nan,nan,UNKNOWN,0.0,0.0,False,False,True,True,False
44.605,0.0,0.0,0.0,0.0,0.0,0.0,0.0,0.0,338,299,0.3132,0.2771,nan,nan,nan,UNKNOWN,0.0,0.0,False,False,True,True,False
44.655,0.0,0.0,0.0,0.0,0.0,0.0,0.0,0.0,338,299,0.3132,0.2771,nan,nan,nan,UNKNOWN,0.0,0.0,False,False,True,True,False
44.705,0.0,0.0,0.0,0.0,0.0,0.0,0.0,0.0,338,299,0.3132,0.2771,nan,nan,nan,UNKNOWN,0.0,0.0,False,False,True,True,False
44.755,0.0,0.0,0.0,0.0,0.0,0.0,0.0,0.0,338,299,0.3132,0.2771,nan,nan,nan,UNKNOWN,0.0,0.0,False,False,True,True,False
44.805,0.0,0.0,0.0,0.0,0.0,0.0,0.0,0.0,338,299,0.3132,0.2771,nan,nan,nan,UNKNOWN,0.0,0.0,False,False,True,True,False
44.855,0.0,0.0,0.0,0.0,0.0,0.0,0.0,0.0,338,299,0.3132,0.2771,nan,nan,nan,UNKNOWN,0.0,0.0,False,False,True,True,False
44.905,0.0,0.0,0.0,0.0,0.0,0.0,0.0,0.0,338,299,0.3132,0.2771,nan,nan,nan,UNKNOWN,0.0,0.0,False,False,True,True,False
44.955,0.0,0.0,0.0,0.0,0.0,0.0,0.0,0.0,338,299,0.3132,0.2771,nan,nan,nan,UNKNOWN,0.0,0.0,False,False,True,True,False
45.005,0.0,0.0,0.0,0.0,0.0,0.0,0.0,0.0,338,299,0.3132,0.2771,nan,nan,nan,UNKNOWN,0.0,0.0,False,False,True,True,False
45.055,0.0,0.0,0.0,0.0,0.0,0.0,0.0,0.0,338,299,0.3132,0.2771,nan,nan,nan,UNKNOWN,0.0,0.0,False,False,True,True,False
45.105,0.0,0.0,0.0,0.0,0.0,0.0,0.0,0.0,338,299,0.3132,0.2771,nan,nan,nan,UNKNOWN,0.0,0.0,False,False,True,True,False
45.155,0.0,0.0,0.0,0.0,0.0,0.0,0.0,0.0,338,299,0.3132,0.2771,nan,nan,nan,UNKNOWN,0.0,0.0,False,False,True,True,False
45.205,0.0,0.0,0.0,0.0,0.0,0.0,0.0,0.0,338,299,0.3132,0.2771,nan,nan,nan,UNKNOWN,0.0,0.0,False,False,True,True,False
45.255,0.0,0.0,0.0,0.0,0.0,0.0,0.0,0.0,338,299,0.3132,0.2771,nan,nan,nan,UNKNOWN,0.0,0.0,False,False,True,True,False
45.305,0.0,0.0,0.0,0.0,0.0,0.0,0.0,0.0,338,299,0.3132,0.2771,nan,nan,nan,UNKNOWN,0.0,0.0,False,False,True,True,False
45.357,0.0,0.0,0.0,0.0,0.0,0.0,0.0,0.0,338,299,0.3132,0.2771,nan,nan,nan,UNKNOWN,0.0,0.0,False,False,True,True,False
45.405,0.0,0.0,0.0,0.0,0.0,0.0,0.0,0.0,338,299,0.3132,0.2771,nan,nan,nan,UNKNOWN,0.0,0.0,False,False,True,True,False
45.455,0.0,0.0,0.0,0.0,0.0,0.0,0.0,0.0,338,299,0.3132,0.2771,nan,nan,nan,UNKNOWN,0.0,0.0,False,False,True,True,False
45.505,0.0,0.0,0.0,0.0,0.0,0.0,0.0,0.0,338,299,0.3132,0.2771,nan,nan,nan,UNKNOWN,0.0,0.0,False,False,True,True,False
45.555,0.0,0.0,0.0,0.0,0.0,0.0,0.0,0.0,338,299,0.3132,0.2771,nan,nan,nan,UNKNOWN,0.0,0.0,False,False,True,True,False
45.605,0.0,0.0,0.0,0.0,0.0,0.0,0.0,0.0,338,299,0.3132,0.2771,nan,nan,nan,UNKNOWN,0.0,0.0,False,False,True,True,False
45.655,0.0,0.0,0.0,0.0,0.0,0.0,0.0,0.0,338,299,0.3132,0.2771,nan,nan,nan,UNKNOWN,0.0,0.0,False,False,True,True,False
45.705,0.0,0.0,0.0,0.0,0.0,0.0,0.0,0.0,338,299,0.3132,0.2771,nan,nan,nan,UNKNOWN,0.0,0.0,False,False,True,True,False
45.755,0.0,0.0,0.0,0.0,0.0,0.0,0.0,0.0,338,299,0.3132,0.2771,nan,nan,nan,UNKNOWN,0.0,0.0,False,False,True,True,False
45.805,0.0,0.0,0.0,0.0,0.0,0.0,0.0,0.0,338,299,0.3132,0.2771,nan,nan,nan,UNKNOWN,0.0,0.0,False,False,True,True,False
45.855,0.0,0.0,0.0,0.0,0.0,0.0,0.0,0.0,338,299,0.3132,0.2771,nan,nan,nan,UNKNOWN,0.0,0.0,False,False,True,True,False
45.905,0.0,0.0,0.0,0.0,0.0,0.0,0.0,0.0,338,299,0.3132,0.2771,nan,nan,nan,UNKNOWN,0.0,0.0,False,False,True,True,False
45.955,0.0,0.0,0.0,0.0,0.0,0.0,0.0,0.0,338,299,0.3132,0.2771,nan,nan,nan,UNKNOWN,0.0,0.0,False,False,True,True,False
46.005,0.0,0.0,0.0,0.0,0.0,0.0,0.0,0.0,338,299,0.3132,0.2771,nan,nan,nan,UNKNOWN,0.0,0.0,False,False,True,True,False
46.055,0.0,0.0,0.0,0.0,0.0,0.0,0.0,0.0,338,299,0.3132,0.2771,nan,nan,nan,UNKNOWN,0.0,0.0,False,False,True,True,False
46.105,0.0,0.0,0.0,0.0,0.0,0.0,0.0,0.0,338,299,0.3132,0.2771,nan,nan,nan,UNKNOWN,0.0,0.0,False,False,True,True,False
46.155,0.0,0.0,0.0,0.0,0.0,0.0,0.0,0.0,338,299,0.3132,0.2771,nan,nan,nan,UNKNOWN,0.0,0.0,False,False,True,True,False
46.205,0.0,0.0,0.0,0.0,0.0,0.0,0.0,0.0,338,299,0.3132,0.2771,nan,nan,nan,UNKNOWN,0.0,0.0,False,False,True,True,False
46.255,0.0,0.0,0.0,0.0,0.0,0.0,0.0,0.0,338,299,0.3132,0.2771,nan,nan,nan,UNKNOWN,0.0,0.0,False,False,True,True,False
46.305,0.0,0.0,0.0,0.0,0.0,0.0,0.0,0.0,338,299,0.3132,0.2771,nan,nan,nan,UNKNOWN,0.0,0.0,False,False,True,True,False
46.357,0.0,0.0,0.0,0.0,0.0,0.0,0.0,0.0,338,299,0.3132,0.2771,nan,nan,nan,UNKNOWN,0.0,0.0,False,False,True,True,False
46.405,0.0,0.0,0.0,0.0,0.0,0.0,0.0,0.0,338,299,0.3132,0.2771,nan,nan,nan,UNKNOWN,0.0,0.0,False,False,True,True,False
46.455,0.0,0.0,0.0,0.0,0.0,0.0,0.0,0.0,338,299,0.3132,0.2771,nan,nan,nan,UNKNOWN,0.0,0.0,False,False,True,True,False
46.505,0.0,0.0,0.0,0.0,0.0,0.0,0.0,0.0,338,299,0.3132,0.2771,nan,nan,nan,UNKNOWN,0.0,0.0,False,False,True,True,False
46.555,0.0,0.0,0.0,0.0,0.0,0.0,0.0,0.0,338,299,0.3132,0.2771,nan,nan,nan,UNKNOWN,0.0,0.0,False,False,True,True,False
46.605,0.0,0.0,0.0,0.0,0.0,0.0,0.0,0.0,338,299,0.3132,0.2771,nan,nan,nan,UNKNOWN,0.0,0.0,False,False,True,True,False
46.655,0.0,0.0,0.0,0.0,0.0,0.0,0.0,0.0,338,299,0.3132,0.2771,nan,nan,nan,UNKNOWN,0.0,0.0,False,False,True,True,False
46.705,0.0,0.0,0.0,0.0,0.0,0.0,0.0,0.0,338,299,0.3132,0.2771,nan,nan,nan,UNKNOWN,0.0,0.0,False,False,True,True,False
46.755,0.0,0.0,0.0,0.0,0.0,0.0,0.0,0.0,338,299,0.3132,0.2771,nan,nan,nan,UNKNOWN,0.0,0.0,False,False,True,True,False
46.805,0.0,0.0,0.0,0.0,0.0,0.0,0.0,0.0,338,299,0.3132,0.2771,nan,nan,nan,UNKNOWN,0.0,0.0,False,False,True,True,False
46.855,0.0,0.0,0.0,0.0,0.0,0.0,0.0,0.0,338,299,0.3132,0.2771,nan,nan,nan,UNKNOWN,0.0,0.0,False,False,True,True,False
46.905,0.0,0.0,0.0,0.0,0.0,0.0,0.0,0.0,338,299,0.3132,0.2771,nan,nan,nan,UNKNOWN,0.0,0.0,False,False,True,True,False
46.955,0.0,0.0,0.0,0.0,0.0,0.0,0.0,0.0,338,299,0.3132,0.2771,nan,nan,nan,UNKNOWN,0.0,0.0,False,False,True,True,False
47.005,0.0,0.0,0.0,0.0,0.0,0.0,0.0,0.0,338,299,0.3132,0.2771,nan,nan,nan,UNKNOWN,0.0,0.0,False,False,True,True,False
47.055,0.0,0.0,0.0,0.0,0.0,0.0,0.0,0.0,338,299,0.3132,0.2771,nan,nan,nan,UNKNOWN,0.0,0.0,False,False,True,True,False
47.105,0.0,0.0,0.0,0.0,0.0,0.0,0.0,0.0,338,299,0.3132,0.2771,nan,nan,nan,UNKNOWN,0.0,0.0,False,False,True,True,False
47.155,0.0,0.0,0.0,0.0,0.0,0.0,0.0,0.0,338,299,0.3132,0.2771,nan,nan,nan,UNKNOWN,0.0,0.0,False,False,True,True,False
47.205,0.0,0.0,0.0,0.0,0.0,0.0,0.0,0.0,338,299,0.3132,0.2771,nan,nan,nan,UNKNOWN,0.0,0.0,False,False,True,True,False
47.255,0.0,0.0,0.0,0.0,0.0,0.0,0.0,0.0,338,299,0.3132,0.2771,nan,nan,nan,UNKNOWN,0.0,0.0,False,False,True,True,False
47.305,0.0,0.0,0.0,0.0,0.0,0.0,0.0,0.0,338,299,0.3132,0.2771,nan,nan,nan,UNKNOWN,0.0,0.0,False,False,True,True,False
47.357,0.0,0.0,0.0,0.0,0.0,0.0,0.0,0.0,338,299,0.3132,0.2771,nan,nan,nan,UNKNOWN,0.0,0.0,False,False,True,True,False
47.405,0.0,0.0,0.0,0.0,0.0,0.0,0.0,0.0,338,299,0.3132,0.2771,nan,nan,nan,UNKNOWN,0.0,0.0,False,False,True,True,False
47.455,0.0,0.0,0.0,0.0,0.0,0.0,0.0,0.0,338,299,0.3132,0.2771,nan,nan,nan,UNKNOWN,0.0,0.0,False,False,True,True,False
47.505,0.0,0.0,0.0,0.0,0.0,0.0,0.0,0.0,338,299,0.3132,0.2771,nan,nan,nan,UNKNOWN,0.0,0.0,False,False,True,True,False
47.555,0.0,0.0,0.0,0.0,0.0,0.0,0.0,0.0,338,299,0.3132,0.2771,nan,nan,nan,UNKNOWN,0.0,0.0,False,False,True,True,False
47.605,0.0,0.0,0.0,0.0,0.0,0.0,0.0,0.0,338,299,0.3132,0.2771,nan,nan,nan,UNKNOWN,0.0,0.0,False,False,True,True,False
47.655,0.0,0.0,0.0,0.0,0.0,0.0,0.0,0.0,338,299,0.3132,0.2771,nan,nan,nan,UNKNOWN,0.0,0.0,False,False,True,True,False
47.705,0.0,0.0,0.0,0.0,0.0,0.0,0.0,0.0,338,299,0.3132,0.2771,nan,nan,nan,UNKNOWN,0.0,0.0,False,False,True,True,False
47.755,0.0,0.0,0.0,0.0,0.0,0.0,0.0,0.0,338,299,0.3132,0.2771,nan,nan,nan,UNKNOWN,0.0,0.0,False,False,True,True,False
47.805,0.0,0.0,0.0,0.0,0.0,0.0,0.0,0.0,338,299,0.3132,0.2771,nan,nan,nan,UNKNOWN,0.0,0.0,False,False,True,True,False
47.855,0.0,0.0,0.0,0.0,0.0,0.0,0.0,0.0,338,299,0.3132,0.2771,nan,nan,nan,UNKNOWN,0.0,0.0,False,False,True,True,False
47.905,0.0,0.0,0.0,0.0,0.0,0.0,0.0,0.0,338,299,0.3132,0.2771,nan,nan,nan,UNKNOWN,0.0,0.0,False,False,True,True,False
47.955,0.0,0.0,0.0,0.0,0.0,0.0,0.0,0.0,338,299,0.3132,0.2771,nan,nan,nan,UNKNOWN,0.0,0.0,False,False,True,True,False
48.005,0.0,0.0,0.0,0.0,0.0,0.0,0.0,0.0,338,299,0.3132,0.2771,nan,nan,nan,UNKNOWN,0.0,0.0,False,False,True,True,False
48.055,0.0,0.0,0.0,0.0,0.0,0.0,0.0,0.0,338,299,0.3132,0.2771,nan,nan,nan,UNKNOWN,0.0,0.0,False,False,True,True,False
48.105,0.0,0.0,0.0,0.0,0.0,0.0,0.0,0.0,338,299,0.3132,0.2771,nan,nan,nan,UNKNOWN,0.0,0.0,False,False,True,True,False
48.155,0.0,0.0,0.0,0.0,0.0,0.0,0.0,0.0,338,299,0.3132,0.2771,nan,nan,nan,UNKNOWN,0.0,0.0,False,False,True,True,False
48.205,0.0,0.0,0.0,0.0,0.0,0.0,0.0,0.0,338,299,0.3132,0.2771,nan,nan,nan,UNKNOWN,0.0,0.0,False,False,True,True,False
48.255,0.0,0.0,0.0,0.0,0.0,0.0,0.0,0.0,338,299,0.3132,0.2771,nan,nan,nan,UNKNOWN,0.0,0.0,False,False,True,True,False
48.305,0.0,0.0,0.0,0.0,0.0,0.0,0.0,0.0,338,299,0.3132,0.2771,nan,nan,nan,UNKNOWN,0.0,0.0,False,False,True,True,False
48.357,0.0,0.0,0.0,0.0,0.0,0.0,0.0,0.0,338,299,0.3132,0.2771,nan,nan,nan,UNKNOWN,0.0,0.0,False,False,True,True,False
48.405,0.0,0.0,0.0,0.0,0.0,0.0,0.0,0.0,338,299,0.3132,0.2771,nan,nan,nan,UNKNOWN,0.0,0.0,False,False,True,True,False
48.455,0.0,0.0,0.0,0.0,0.0,0.0,0.0,0.0,338,299,0.3132,0.2771,nan,nan,nan,UNKNOWN,0.0,0.0,False,False,True,True,False
48.505,0.0,0.0,0.0,0.0,0.0,0.0,0.0,0.0,338,299,0.3132,0.2771,nan,nan,nan,UNKNOWN,0.0,0.0,False,False,True,True,False
48.555,0.0,0.0,0.0,0.0,0.0,0.0,0.0,0.0,338,299,0.3132,0.2771,nan,nan,nan,UNKNOWN,0.0,0.0,False,False,True,True,False
48.605,0.0,0.0,0.0,0.0,0.0,0.0,0.0,0.0,338,299,0.3132,0.2771,nan,nan,nan,UNKNOWN,0.0,0.0,False,False,True,True,False
48.655,0.0,0.0,0.0,0.0,0.0,0.0,0.0,0.0,338,299,0.3132,0.2771,nan,nan,nan,UNKNOWN,0.0,0.0,False,False,True,True,False
48.705,0.0,0.0,0.0,0.0,0.0,0.0,0.0,0.0,338,299,0.3132,0.2771,nan,nan,nan,UNKNOWN,0.0,0.0,False,False,True,True,False
48.755,0.0,0.0,0.0,0.0,0.0,0.0,0.0,0.0,338,299,0.3132,0.2771,nan,nan,nan,UNKNOWN,0.0,0.0,False,False,True,True,False
48.805,0.0,0.0,0.0,0.0,0.0,0.0,0.0,0.0,338,299,0.3132,0.2771,nan,nan,nan,UNKNOWN,0.0,0.0,False,False,True,True,False
48.855,0.0,0.0,0.0,0.0,0.0,0.0,0.0,0.0,338,299,0.3132,0.2771,nan,nan,nan,UNKNOWN,0.0,0.0,False,False,True,True,False
48.905,0.0,0.0,0.0,0.0,0.0,0.0,0.0,0.0,338,299,0.3132,0.2771,nan,nan,nan,UNKNOWN,0.0,0.0,False,False,True,True,False
48.955,0.0,0.0,0.0,0.0,0.0,0.0,0.0,0.0,338,299,0.3132,0.2771,nan,nan,nan,UNKNOWN,0.0,0.0,False,False,True,True,False
49.005,0.0,0.0,0.0,0.0,0.0,0.0,0.0,0.0,338,299,0.3132,0.2771,nan,nan,nan,UNKNOWN,0.0,0.0,False,False,True,True,False
49.055,0.0,0.0,0.0,0.0,0.0,0.0,0.0,0.0,338,299,0.3132,0.2771,nan,nan,nan,UNKNOWN,0.0,0.0,False,False,True,True,False
49.105,0.0,0.0,0.0,0.0,0.0,0.0,0.0,0.0,338,299,0.3132,0.2771,nan,nan,nan,UNKNOWN,0.0,0.0,False,False,True,True,False
49.155,0.0,0.0,0.0,0.0,0.0,0.0,0.0,0.0,338,299,0.3132,0.2771,nan,nan,nan,UNKNOWN,0.0,0.0,False,False,True,True,False
49.205,0.0,0.0,0.0,0.0,0.0,0.0,0.0,0.0,338,299,0.3132,0.2771,nan,nan,nan,UNKNOWN,0.0,0.0,False,False,True,True,False
49.255,0.0,0.0,0.0,0.0,0.0,0.0,0.0,0.0,338,299,0.3132,0.2771,nan,nan,nan,UNKNOWN,0.0,0.0,False,False,True,True,False
49.305,0.0,0.0,0.0,0.0,0.0,0.0,0.0,0.0,338,299,0.3132,0.2771,nan,nan,nan,UNKNOWN,0.0,0.0,False,False,True,True,False
49.357,0.0,0.0,0.0,0.0,0.0,0.0,0.0,0.0,338,299,0.3132,0.2771,nan,nan,nan,UNKNOWN,0.0,0.0,False,False,True,True,False
49.406,0.0,0.0,0.0,0.0,0.0,0.0,0.0,0.0,338,299,0.3132,0.2771,nan,nan,nan,UNKNOWN,0.0,0.0,False,False,True,True,False
49.455,0.0,0.0,0.0,0.0,0.0,0.0,0.0,0.0,338,299,0.3132,0.2771,nan,nan,nan,UNKNOWN,0.0,0.0,False,False,True,True,False
49.505,0.0,0.0,0.0,0.0,0.0,0.0,0.0,0.0,338,299,0.3132,0.2771,nan,nan,nan,UNKNOWN,0.0,0.0,False,False,True,True,False
49.555,0.0,0.0,0.0,0.0,0.0,0.0,0.0,0.0,338,299,0.3132,0.2771,nan,nan,nan,UNKNOWN,0.0,0.0,False,False,True,True,False
49.606,0.0,0.0,0.0,0.0,0.0,0.0,0.0,0.0,338,299,0.3132,0.2771,nan,nan,nan,UNKNOWN,0.0,0.0,False,False,True,True,False
49.655,0.0,0.0,0.0,0.0,0.0,0.0,0.0,0.0,338,299,0.3132,0.2771,nan,nan,nan,UNKNOWN,0.0,0.0,False,False,True,True,False
49.706,0.0,0.0,0.0,0.0,0.0,0.0,0.0,0.0,338,299,0.3132,0.2771,nan,nan,nan,UNKNOWN,0.0,0.0,False,False,True,True,False
49.755,0.0,0.0,0.0,0.0,0.0,0.0,0.0,0.0,338,299,0.3132,0.2771,nan,nan,nan,UNKNOWN,0.0,0.0,False,False,True,True,False
49.806,0.0,0.0,0.0,0.0,0.0,0.0,0.0,0.0,338,299,0.3132,0.2771,nan,nan,nan,UNKNOWN,0.0,0.0,False,False,True,True,False
49.855,0.0,0.0,0.0,0.0,0.0,0.0,0.0,0.0,338,299,0.3132,0.2771,nan,nan,nan,UNKNOWN,0.0,0.0,False,False,True,True,False
49.906,0.0,0.0,0.0,0.0,0.0,0.0,0.0,0.0,338,299,0.3132,0.2771,nan,nan,nan,UNKNOWN,0.0,0.0,False,False,True,True,False
49.955,0.0,0.0,0.0,0.0,0.0,0.0,0.0,0.0,338,299,0.3132,0.2771,nan,nan,nan,UNKNOWN,0.0,0.0,False,False,True,True,False
50.006,0.0,0.0,0.0,0.0,0.0,0.0,0.0,0.0,338,299,0.3132,0.2771,nan,nan,nan,UNKNOWN,0.0,0.0,False,False,True,True,False
50.055,0.0,0.0,0.0,0.0,0.0,0.0,0.0,0.0,338,299,0.3132,0.2771,nan,nan,nan,UNKNOWN,0.0,0.0,False,False,True,True,False
50.106,0.0,0.0,0.0,0.0,0.0,0.0,0.0,0.0,338,299,0.3132,0.2771,nan,nan,nan,UNKNOWN,0.0,0.0,False,False,True,True,False
50.155,0.0,0.0,0.0,0.0,0.0,0.0,0.0,0.0,338,299,0.3132,0.2771,nan,nan,nan,UNKNOWN,0.0,0.0,False,False,True,True,False
50.206,0.0,0.0,0.0,0.0,0.0,0.0,0.0,0.0,338,299,0.3132,0.2771,nan,nan,nan,UNKNOWN,0.0,0.0,False,False,True,True,False
50.255,0.0,0.0,0.0,0.0,0.0,0.0,0.0,0.0,338,299,0.3132,0.2771,nan,nan,nan,UNKNOWN,0.0,0.0,False,False,True,True,False
50.305,0.0,0.0,0.0,0.0,0.0,0.0,0.0,0.0,338,299,0.3132,0.2771,nan,nan,nan,UNKNOWN,0.0,0.0,False,False,True,True,False
50.357,0.0,0.0,0.0,0.0,0.0,0.0,0.0,0.0,338,299,0.3132,0.2771,nan,nan,nan,UNKNOWN,0.0,0.0,False,False,True,True,False
50.406,0.0,0.0,0.0,0.0,0.0,0.0,0.0,0.0,338,299,0.3132,0.2771,nan,nan,nan,UNKNOWN,0.0,0.0,False,False,True,True,False
50.455,0.0,0.0,0.0,0.0,0.0,0.0,0.0,0.0,338,299,0.3132,0.2771,nan,nan,nan,UNKNOWN,0.0,0.0,False,False,True,True,False
50.506,0.0,0.0,0.0,0.0,0.0,0.0,0.0,0.0,338,299,0.3132,0.2771,nan,nan,nan,UNKNOWN,0.0,0.0,False,False,True,True,False
50.555,0.0,0.0,0.0,0.0,0.0,0.0,0.0,0.0,338,299,0.3132,0.2771,nan,nan,nan,UNKNOWN,0.0,0.0,False,False,True,True,False
50.606,0.0,0.0,0.0,0.0,0.0,0.0,0.0,0.0,338,299,0.3132,0.2771,nan,nan,nan,UNKNOWN,0.0,0.0,False,False,True,True,False
50.655,0.0,0.0,0.0,0.0,0.0,0.0,0.0,0.0,338,299,0.3132,0.2771,nan,nan,nan,UNKNOWN,0.0,0.0,False,False,True,True,False
50.706,0.0,0.0,0.0,0.0,0.0,0.0,0.0,0.0,338,299,0.3132,0.2771,nan,nan,nan,UNKNOWN,0.0,0.0,False,False,True,True,False
50.755,0.0,0.0,0.0,0.0,0.0,0.0,0.0,0.0,338,299,0.3132,0.2771,nan,nan,nan,UNKNOWN,0.0,0.0,False,False,True,True,False
50.806,0.0,0.0,0.0,0.0,0.0,0.0,0.0,0.0,338,299,0.3132,0.2771,nan,nan,nan,UNKNOWN,0.0,0.0,False,False,True,True,False
50.855,0.0,0.0,0.0,0.0,0.0,0.0,0.0,0.0,338,299,0.3132,0.2771,nan,nan,nan,UNKNOWN,0.0,0.0,False,False,True,True,False
50.906,0.0,0.0,0.0,0.0,0.0,0.0,0.0,0.0,338,299,0.3132,0.2771,nan,nan,nan,UNKNOWN,0.0,0.0,False,False,True,True,False
50.955,0.0,0.0,0.0,0.0,0.0,0.0,0.0,0.0,338,299,0.3132,0.2771,nan,nan,nan,UNKNOWN,0.0,0.0,False,False,True,True,False
51.006,0.0,0.0,0.0,0.0,0.0,0.0,0.0,0.0,338,299,0.3132,0.2771,nan,nan,nan,UNKNOWN,0.0,0.0,False,False,True,True,False
51.055,0.0,0.0,0.0,0.0,0.0,0.0,0.0,0.0,338,299,0.3132,0.2771,nan,nan,nan,UNKNOWN,0.0,0.0,False,False,True,True,False
51.106,0.0,0.0,0.0,0.0,0.0,0.0,0.0,0.0,338,299,0.3132,0.2771,nan,nan,nan,UNKNOWN,0.0,0.0,False,False,True,True,False
51.155,0.0,0.0,0.0,0.0,0.0,0.0,0.0,0.0,338,299,0.3132,0.2771,nan,nan,nan,UNKNOWN,0.0,0.0,False,False,True,True,False
51.206,0.0,0.0,0.0,0.0,0.0,0.0,0.0,0.0,338,299,0.3132,0.2771,nan,nan,nan,UNKNOWN,0.0,0.0,False,False,True,True,False
51.255,0.0,0.0,0.0,0.0,0.0,0.0,0.0,0.0,338,299,0.3132,0.2771,nan,nan,nan,UNKNOWN,0.0,0.0,False,False,True,True,False
51.306,0.0,0.0,0.0,0.0,0.0,0.0,0.0,0.0,338,299,0.3132,0.2771,nan,nan,nan,UNKNOWN,0.0,0.0,False,False,True,True,False
51.357,0.0,0.0,0.0,0.0,0.0,0.0,0.0,0.0,338,299,0.3132,0.2771,nan,nan,nan,UNKNOWN,0.0,0.0,False,False,True,True,False
51.406,0.0,0.0,0.0,0.0,0.0,0.0,0.0,0.0,338,299,0.3132,0.2771,nan,nan,nan,UNKNOWN,0.0,0.0,False,False,True,True,False
51.455,0.0,0.0,0.0,0.0,0.0,0.0,0.0,0.0,338,299,0.3132,0.2771,nan,nan,nan,UNKNOWN,0.0,0.0,False,False,True,True,False
51.506,0.0,0.0,0.0,0.0,0.0,0.0,0.0,0.0,338,299,0.3132,0.2771,nan,nan,nan,UNKNOWN,0.0,0.0,False,False,True,True,False
51.555,0.0,0.0,0.0,0.0,0.0,0.0,0.0,0.0,338,299,0.3132,0.2771,nan,nan,nan,UNKNOWN,0.0,0.0,False,False,True,True,False
51.606,0.0,0.0,0.0,0.0,0.0,0.0,0.0,0.0,338,299,0.3132,0.2771,nan,nan,nan,UNKNOWN,0.0,0.0,False,False,True,True,False
51.655,0.0,0.0,0.0,0.0,0.0,0.0,0.0,0.0,338,299,0.3132,0.2771,nan,nan,nan,UNKNOWN,0.0,0.0,False,False,True,True,False
51.706,0.0,0.0,0.0,0.0,0.0,0.0,0.0,0.0,338,299,0.3132,0.2771,nan,nan,nan,UNKNOWN,0.0,0.0,False,False,True,True,False
51.755,0.0,0.0,0.0,0.0,0.0,0.0,0.0,0.0,338,299,0.3132,0.2771,nan,nan,nan,UNKNOWN,0.0,0.0,False,False,True,True,False
51.806,0.0,0.0,0.0,0.0,0.0,0.0,0.0,0.0,338,299,0.3132,0.2771,nan,nan,nan,UNKNOWN,0.0,0.0,False,False,True,True,False
51.855,0.0,0.0,0.0,0.0,0.0,0.0,0.0,0.0,338,299,0.3132,0.2771,nan,nan,nan,UNKNOWN,0.0,0.0,False,False,True,True,False
51.906,0.0,0.0,0.0,0.0,0.0,0.0,0.0,0.0,338,299,0.3132,0.2771,nan,nan,nan,UNKNOWN,0.0,0.0,False,False,True,True,False
51.955,0.0,0.0,0.0,0.0,0.0,0.0,0.0,0.0,338,299,0.3132,0.2771,nan,nan,nan,UNKNOWN,0.0,0.0,False,False,True,True,False
52.006,0.0,0.0,0.0,0.0,0.0,0.0,0.0,0.0,338,299,0.3132,0.2771,nan,nan,nan,UNKNOWN,0.0,0.0,False,False,True,True,False
52.055,0.0,0.0,0.0,0.0,0.0,0.0,0.0,0.0,338,299,0.3132,0.2771,nan,nan,nan,UNKNOWN,0.0,0.0,False,False,True,True,False
52.106,0.0,0.0,0.0,0.0,0.0,0.0,0.0,0.0,338,299,0.3132,0.2771,nan,nan,nan,UNKNOWN,0.0,0.0,False,False,True,True,False
52.155,0.0,0.0,0.0,0.0,0.0,0.0,0.0,0.0,338,299,0.3132,0.2771,nan,nan,nan,UNKNOWN,0.0,0.0,False,False,True,True,False
52.206,0.0,0.0,0.0,0.0,0.0,0.0,0.0,0.0,338,299,0.3132,0.2771,nan,nan,nan,UNKNOWN,0.0,0.0,False,False,True,True,False
52.255,0.0,0.0,0.0,0.0,0.0,0.0,0.0,0.0,338,299,0.3132,0.2771,nan,nan,nan,UNKNOWN,0.0,0.0,False,False,True,True,False
52.306,0.0,0.0,0.0,0.0,0.0,0.0,0.0,0.0,338,299,0.3132,0.2771,nan,nan,nan,UNKNOWN,0.0,0.0,False,False,True,True,False
52.357,0.0,0.0,0.0,0.0,0.0,0.0,0.0,0.0,338,299,0.3132,0.2771,nan,nan,nan,UNKNOWN,0.0,0.0,False,False,True,True,False
52.406,0.0,0.0,0.0,0.0,0.0,0.0,0.0,0.0,338,299,0.3132,0.2771,nan,nan,nan,UNKNOWN,0.0,0.0,False,False,True,True,False
52.455,0.0,0.0,0.0,0.0,0.0,0.0,0.0,0.0,338,299,0.3132,0.2771,nan,nan,nan,UNKNOWN,0.0,0.0,False,False,True,True,False
52.506,0.0,0.0,0.0,0.0,0.0,0.0,0.0,0.0,338,299,0.3132,0.2771,nan,nan,nan,UNKNOWN,0.0,0.0,False,False,True,True,False
52.555,0.0,0.0,0.0,0.0,0.0,0.0,0.0,0.0,338,299,0.3132,0.2771,nan,nan,nan,UNKNOWN,0.0,0.0,False,False,True,True,False
52.605,0.0,0.0,0.0,0.0,0.0,0.0,0.0,0.0,338,299,0.3132,0.2771,nan,nan,nan,UNKNOWN,0.0,0.0,False,False,True,True,False
52.655,0.0,0.0,0.0,0.0,0.0,0.0,0.0,0.0,338,299,0.3132,0.2771,nan,nan,nan,UNKNOWN,0.0,0.0,False,False,True,True,False
52.705,0.0,0.0,0.0,0.0,0.0,0.0,0.0,0.0,338,299,0.3132,0.2771,nan,nan,nan,UNKNOWN,0.0,0.0,False,False,True,True,False
52.755,0.0,0.0,0.0,0.0,0.0,0.0,0.0,0.0,338,299,0.3132,0.2771,nan,nan,nan,UNKNOWN,0.0,0.0,False,False,True,True,False
52.805,0.0,0.0,0.0,0.0,0.0,0.0,0.0,0.0,338,299,0.3132,0.2771,nan,nan,nan,UNKNOWN,0.0,0.0,False,False,True,True,False
52.855,0.0,0.0,0.0,0.0,0.0,0.0,0.0,0.0,338,299,0.3132,0.2771,nan,nan,nan,UNKNOWN,0.0,0.0,False,False,True,True,False
52.905,0.0,0.0,0.0,0.0,0.0,0.0,0.0,0.0,338,299,0.3132,0.2771,nan,nan,nan,UNKNOWN,0.0,0.0,False,False,True,True,False
52.955,0.0,0.0,0.0,0.0,0.0,0.0,0.0,0.0,338,299,0.3132,0.2771,nan,nan,nan,UNKNOWN,0.0,0.0,False,False,True,True,False
53.005,0.0,0.0,0.0,0.0,0.0,0.0,0.0,0.0,338,299,0.3132,0.2771,nan,nan,nan,UNKNOWN,0.0,0.0,False,False,True,True,False
53.055,0.0,0.0,0.0,0.0,0.0,0.0,0.0,0.0,338,299,0.3132,0.2771,nan,nan,nan,UNKNOWN,0.0,0.0,False,False,True,True,False
53.105,0.0,0.0,0.0,0.0,0.0,0.0,0.0,0.0,338,299,0.3132,0.2771,nan,nan,nan,UNKNOWN,0.0,0.0,False,False,True,True,False
53.155,0.0,0.0,0.0,0.0,0.0,0.0,0.0,0.0,338,299,0.3132,0.2771,nan,nan,nan,UNKNOWN,0.0,0.0,False,False,True,True,False
53.205,0.0,0.0,0.0,0.0,0.0,0.0,0.0,0.0,338,299,0.3132,0.2771,nan,nan,nan,UNKNOWN,0.0,0.0,False,False,True,True,False
53.255,0.0,0.0,0.0,0.0,0.0,0.0,0.0,0.0,338,299,0.3132,0.2771,nan,nan,nan,UNKNOWN,0.0,0.0,False,False,True,True,False
53.305,0.0,0.0,0.0,0.0,0.0,0.0,0.0,0.0,338,299,0.3132,0.2771,nan,nan,nan,UNKNOWN,0.0,0.0,False,False,True,True,False
53.357,0.0,0.0,0.0,0.0,0.0,0.0,0.0,0.0,338,299,0.3132,0.2771,nan,nan,nan,UNKNOWN,0.0,0.0,False,False,True,True,False
53.405,0.0,0.0,0.0,0.0,0.0,0.0,0.0,0.0,338,299,0.3132,0.2771,nan,nan,nan,UNKNOWN,0.0,0.0,False,False,True,True,False
53.455,0.0,0.0,0.0,0.0,0.0,0.0,0.0,0.0,338,299,0.3132,0.2771,nan,nan,nan,UNKNOWN,0.0,0.0,False,False,True,True,False
53.505,0.0,0.0,0.0,0.0,0.0,0.0,0.0,0.0,338,299,0.3132,0.2771,nan,nan,nan,UNKNOWN,0.0,0.0,False,False,True,True,False
53.555,0.0,0.0,0.0,0.0,0.0,0.0,0.0,0.0,338,299,0.3132,0.2771,nan,nan,nan,UNKNOWN,0.0,0.0,False,False,True,True,False
53.605,0.0,0.0,0.0,0.0,0.0,0.0,0.0,0.0,338,299,0.3132,0.2771,nan,nan,nan,UNKNOWN,0.0,0.0,False,False,True,True,False
53.655,0.0,0.0,0.0,0.0,0.0,0.0,0.0,0.0,338,299,0.3132,0.2771,nan,nan,nan,UNKNOWN,0.0,0.0,False,False,True,True,False
53.705,0.0,0.0,0.0,0.0,0.0,0.0,0.0,0.0,338,299,0.3132,0.2771,nan,nan,nan,UNKNOWN,0.0,0.0,False,False,True,True,False
53.755,0.0,0.0,0.0,0.0,0.0,0.0,0.0,0.0,338,299,0.3132,0.2771,nan,nan,nan,UNKNOWN,0.0,0.0,False,False,True,True,False
53.805,0.0,0.0,0.0,0.0,0.0,0.0,0.0,0.0,338,299,0.3132,0.2771,nan,nan,nan,UNKNOWN,0.0,0.0,False,False,True,True,False
53.855,0.0,0.0,0.0,0.0,0.0,0.0,0.0,0.0,338,299,0.3132,0.2771,nan,nan,nan,UNKNOWN,0.0,0.0,False,False,True,True,False
53.905,0.0,0.0,0.0,0.0,0.0,0.0,0.0,0.0,338,299,0.3132,0.2771,nan,nan,nan,UNKNOWN,0.0,0.0,False,False,True,True,False
53.955,0.0,0.0,0.0,0.0,0.0,0.0,0.0,0.0,338,299,0.3132,0.2771,nan,nan,nan,UNKNOWN,0.0,0.0,False,False,True,True,False
54.005,0.0,0.0,0.0,0.0,0.0,0.0,0.0,0.0,338,299,0.3132,0.2771,nan,nan,nan,UNKNOWN,0.0,0.0,False,False,True,True,False
54.055,0.0,0.0,0.0,0.0,0.0,0.0,0.0,0.0,338,299,0.3132,0.2771,nan,nan,nan,UNKNOWN,0.0,0.0,False,False,True,True,False
54.105,0.0,0.0,0.0,0.0,0.0,0.0,0.0,0.0,338,299,0.3132,0.2771,nan,nan,nan,UNKNOWN,0.0,0.0,False,False,True,True,False
54.155,0.0,0.0,0.0,0.0,0.0,0.0,0.0,0.0,338,299,0.3132,0.2771,nan,nan,nan,UNKNOWN,0.0,0.0,False,False,True,True,False
54.205,0.0,0.0,0.0,0.0,0.0,0.0,0.0,0.0,338,299,0.3132,0.2771,nan,nan,nan,UNKNOWN,0.0,0.0,False,False,True,True,False
54.255,0.0,0.0,0.0,0.0,0.0,0.0,0.0,0.0,338,299,0.3132,0.2771,nan,nan,nan,UNKNOWN,0.0,0.0,False,False,True,True,False
54.305,0.0,0.0,0.0,0.0,0.0,0.0,0.0,0.0,338,299,0.3132,0.2771,nan,nan,nan,UNKNOWN,0.0,0.0,False,False,True,True,False
54.357,0.0,0.0,0.0,0.0,0.0,0.0,0.0,0.0,338,299,0.3132,0.2771,nan,nan,nan,UNKNOWN,0.0,0.0,False,False,True,True,False
54.405,0.0,0.0,0.0,0.0,0.0,0.0,0.0,0.0,338,299,0.3132,0.2771,nan,nan,nan,UNKNOWN,0.0,0.0,False,False,True,True,False
54.455,0.0,0.0,0.0,0.0,0.0,0.0,0.0,0.0,338,299,0.3132,0.2771,nan,nan,nan,UNKNOWN,0.0,0.0,False,False,True,True,False
54.505,0.0,0.0,0.0,0.0,0.0,0.0,0.0,0.0,338,299,0.3132,0.2771,nan,nan,nan,UNKNOWN,0.0,0.0,False,False,True,True,False
54.555,0.0,0.0,0.0,0.0,0.0,0.0,0.0,0.0,338,299,0.3132,0.2771,nan,nan,nan,UNKNOWN,0.0,0.0,False,False,True,True,False
54.605,0.0,0.0,0.0,0.0,0.0,0.0,0.0,0.0,338,299,0.3132,0.2771,nan,nan,nan,UNKNOWN,0.0,0.0,False,False,True,True,False
54.655,0.0,0.0,0.0,0.0,0.0,0.0,0.0,0.0,338,299,0.3132,0.2771,nan,nan,nan,UNKNOWN,0.0,0.0,False,False,True,True,False
54.705,0.0,0.0,0.0,0.0,0.0,0.0,0.0,0.0,338,299,0.3132,0.2771,nan,nan,nan,UNKNOWN,0.0,0.0,False,False,True,True,False
54.755,0.0,0.0,0.0,0.0,0.0,0.0,0.0,0.0,338,299,0.3132,0.2771,nan,nan,nan,UNKNOWN,0.0,0.0,False,False,True,True,False
54.805,0.0,0.0,0.0,0.0,0.0,0.0,0.0,0.0,338,299,0.3132,0.2771,nan,nan,nan,UNKNOWN,0.0,0.0,False,False,True,True,False
54.855,0.0,0.0,0.0,0.0,0.0,0.0,0.0,0.0,338,299,0.3132,0.2771,nan,nan,nan,UNKNOWN,0.0,0.0,False,False,True,True,False
54.905,0.0,0.0,0.0,0.0,0.0,0.0,0.0,0.0,338,299,0.3132,0.2771,nan,nan,nan,UNKNOWN,0.0,0.0,False,False,True,True,False
54.955,0.0,0.0,0.0,0.0,0.0,0.0,0.0,0.0,338,299,0.3132,0.2771,nan,nan,nan,UNKNOWN,0.0,0.0,False,False,True,True,False
55.005,0.0,0.0,0.0,0.0,0.0,0.0,0.0,0.0,338,299,0.3132,0.2771,nan,nan,nan,UNKNOWN,0.0,0.0,False,False,True,True,False
55.055,0.0,0.0,0.0,0.0,0.0,0.0,0.0,0.0,338,299,0.3132,0.2771,nan,nan,nan,UNKNOWN,0.0,0.0,False,False,True,True,False
55.105,0.0,0.0,0.0,0.0,0.0,0.0,0.0,0.0,338,299,0.3132,0.2771,nan,nan,nan,UNKNOWN,0.0,0.0,False,False,True,True,False
55.155,0.0,0.0,0.0,0.0,0.0,0.0,0.0,0.0,338,299,0.3132,0.2771,nan,nan,nan,UNKNOWN,0.0,0.0,False,False,True,True,False
55.205,0.0,0.0,0.0,0.0,0.0,0.0,0.0,0.0,338,299,0.3132,0.2771,nan,nan,nan,UNKNOWN,0.0,0.0,False,False,True,True,False
55.255,0.0,0.0,0.0,0.0,0.0,0.0,0.0,0.0,338,299,0.3132,0.2771,nan,nan,nan,UNKNOWN,0.0,0.0,False,False,True,True,False
55.305,0.0,0.0,0.0,0.0,0.0,0.0,0.0,0.0,338,299,0.3132,0.2771,nan,nan,nan,UNKNOWN,0.0,0.0,False,False,True,True,False
55.357,0.0,0.0,0.0,0.0,0.0,0.0,0.0,0.0,338,299,0.3132,0.2771,nan,nan,nan,UNKNOWN,0.0,0.0,False,False,True,True,False
55.405,0.0,0.0,0.0,0.0,0.0,0.0,0.0,0.0,338,299,0.3132,0.2771,nan,nan,nan,UNKNOWN,0.0,0.0,False,False,True,True,False
55.455,0.0,0.0,0.0,0.0,0.0,0.0,0.0,0.0,338,299,0.3132,0.2771,nan,nan,nan,UNKNOWN,0.0,0.0,False,False,True,True,False
55.505,0.0,0.0,0.0,0.0,0.0,0.0,0.0,0.0,338,299,0.3132,0.2771,nan,nan,nan,UNKNOWN,0.0,0.0,False,False,True,True,False
55.555,0.0,0.0,0.0,0.0,0.0,0.0,0.0,0.0,338,299,0.3132,0.2771,nan,nan,nan,UNKNOWN,0.0,0.0,False,False,True,True,False
55.605,0.0,0.0,0.0,0.0,0.0,0.0,0.0,0.0,338,299,0.3132,0.2771,nan,nan,nan,UNKNOWN,0.0,0.0,False,False,True,True,False
55.655,0.0,0.0,0.0,0.0,0.0,0.0,0.0,0.0,338,299,0.3132,0.2771,nan,nan,nan,UNKNOWN,0.0,0.0,False,False,True,True,False
55.705,0.0,0.0,0.0,0.0,0.0,0.0,0.0,0.0,338,299,0.3132,0.2771,nan,nan,nan,UNKNOWN,0.0,0.0,False,False,True,True,False
55.755,0.0,0.0,0.0,0.0,0.0,0.0,0.0,0.0,338,299,0.3132,0.2771,nan,nan,nan,UNKNOWN,0.0,0.0,False,False,True,True,False
55.805,0.0,0.0,0.0,0.0,0.0,0.0,0.0,0.0,338,299,0.3132,0.2771,nan,nan,nan,UNKNOWN,0.0,0.0,False,False,True,True,False
55.855,0.0,0.0,0.0,0.0,0.0,0.0,0.0,0.0,338,299,0.3132,0.2771,nan,nan,nan,UNKNOWN,0.0,0.0,False,False,True,True,False
55.905,0.0,0.0,0.0,0.0,0.0,0.0,0.0,0.0,338,299,0.3132,0.2771,nan,nan,nan,UNKNOWN,0.0,0.0,False,False,True,True,False
55.955,0.0,0.0,0.0,0.0,0.0,0.0,0.0,0.0,338,299,0.3132,0.2771,nan,nan,nan,UNKNOWN,0.0,0.0,False,False,True,True,False
56.005,0.0,0.0,0.0,0.0,0.0,0.0,0.0,0.0,338,299,0.3132,0.2771,nan,nan,nan,UNKNOWN,0.0,0.0,False,False,True,True,False
56.055,0.0,0.0,0.0,0.0,0.0,0.0,0.0,0.0,338,299,0.3132,0.2771,nan,nan,nan,UNKNOWN,0.0,0.0,False,False,True,True,False
56.105,0.0,0.0,0.0,0.0,0.0,0.0,0.0,0.0,338,299,0.3132,0.2771,nan,nan,nan,UNKNOWN,0.0,0.0,False,False,True,True,False
56.155,0.0,0.0,0.0,0.0,0.0,0.0,0.0,0.0,338,299,0.3132,0.2771,nan,nan,nan,UNKNOWN,0.0,0.0,False,False,True,True,False
56.205,0.0,0.0,0.0,0.0,0.0,0.0,0.0,0.0,338,299,0.3132,0.2771,nan,nan,nan,UNKNOWN,0.0,0.0,False,False,True,True,False
56.255,0.0,0.0,0.0,0.0,0.0,0.0,0.0,0.0,338,299,0.3132,0.2771,nan,nan,nan,UNKNOWN,0.0,0.0,False,False,True,True,False
56.305,0.0,0.0,0.0,0.0,0.0,0.0,0.0,0.0,338,299,0.3132,0.2771,nan,nan,nan,UNKNOWN,0.0,0.0,False,False,True,True,False
56.357,0.0,0.0,0.0,0.0,0.0,0.0,0.0,0.0,338,299,0.3132,0.2771,nan,nan,nan,UNKNOWN,0.0,0.0,False,False,True,True,False
56.405,0.0,0.0,0.0,0.0,0.0,0.0,0.0,0.0,338,299,0.3132,0.2771,nan,nan,nan,UNKNOWN,0.0,0.0,False,False,True,True,False
56.455,0.0,0.0,0.0,0.0,0.0,0.0,0.0,0.0,338,299,0.3132,0.2771,nan,nan,nan,UNKNOWN,0.0,0.0,False,False,True,True,False
56.505,0.0,0.0,0.0,0.0,0.0,0.0,0.0,0.0,338,299,0.3132,0.2771,nan,nan,nan,UNKNOWN,0.0,0.0,False,False,True,True,False
56.555,0.0,0.0,0.0,0.0,0.0,0.0,0.0,0.0,338,299,0.3132,0.2771,nan,nan,nan,UNKNOWN,0.0,0.0,False,False,True,True,False
56.605,0.0,0.0,0.0,0.0,0.0,0.0,0.0,0.0,338,299,0.3132,0.2771,nan,nan,nan,UNKNOWN,0.0,0.0,False,False,True,True,False
56.655,0.0,0.0,0.0,0.0,0.0,0.0,0.0,0.0,338,299,0.3132,0.2771,nan,nan,nan,UNKNOWN,0.0,0.0,False,False,True,True,False
56.705,0.0,0.0,0.0,0.0,0.0,0.0,0.0,0.0,338,299,0.3132,0.2771,nan,nan,nan,UNKNOWN,0.0,0.0,False,False,True,True,False
56.755,0.0,0.0,0.0,0.0,0.0,0.0,0.0,0.0,338,299,0.3132,0.2771,nan,nan,nan,UNKNOWN,0.0,0.0,False,False,True,True,False
56.805,0.0,0.0,0.0,0.0,0.0,0.0,0.0,0.0,338,299,0.3132,0.2771,nan,nan,nan,UNKNOWN,0.0,0.0,False,False,True,True,False
56.855,0.0,0.0,0.0,0.0,0.0,0.0,0.0,0.0,338,299,0.3132,0.2771,nan,nan,nan,UNKNOWN,0.0,0.0,False,False,True,True,False
56.905,0.0,0.0,0.0,0.0,0.0,0.0,0.0,0.0,338,299,0.3132,0.2771,nan,nan,nan,UNKNOWN,0.0,0.0,False,False,True,True,False
56.955,0.0,0.0,0.0,0.0,0.0,0.0,0.0,0.0,338,299,0.3132,0.2771,nan,nan,nan,UNKNOWN,0.0,0.0,False,False,True,True,False
57.005,0.0,0.0,0.0,0.0,0.0,0.0,0.0,0.0,338,299,0.3132,0.2771,nan,nan,nan,UNKNOWN,0.0,0.0,False,False,True,True,False
57.055,0.0,0.0,0.0,0.0,0.0,0.0,0.0,0.0,338,299,0.3132,0.2771,nan,nan,nan,UNKNOWN,0.0,0.0,False,False,True,True,False
57.105,0.0,0.0,0.0,0.0,0.0,0.0,0.0,0.0,338,299,0.3132,0.2771,nan,nan,nan,UNKNOWN,0.0,0.0,False,False,True,True,False
57.155,0.0,0.0,0.0,0.0,0.0,0.0,0.0,0.0,338,299,0.3132,0.2771,nan,nan,nan,UNKNOWN,0.0,0.0,False,False,True,True,False
57.205,0.0,0.0,0.0,0.0,0.0,0.0,0.0,0.0,338,299,0.3132,0.2771,nan,nan,nan,UNKNOWN,0.0,0.0,False,False,True,True,False
57.255,0.0,0.0,0.0,0.0,0.0,0.0,0.0,0.0,338,299,0.3132,0.2771,nan,nan,nan,UNKNOWN,0.0,0.0,False,False,True,True,False
57.305,0.0,0.0,0.0,0.0,0.0,0.0,0.0,0.0,338,299,0.3132,0.2771,nan,nan,nan,UNKNOWN,0.0,0.0,False,False,True,True,False
57.357,0.0,0.0,0.0,0.0,0.0,0.0,0.0,0.0,338,299,0.3132,0.2771,nan,nan,nan,UNKNOWN,0.0,0.0,False,False,True,True,False
57.405,0.0,0.0,0.0,0.0,0.0,0.0,0.0,0.0,338,299,0.3132,0.2771,nan,nan,nan,UNKNOWN,0.0,0.0,False,False,True,True,False
57.455,0.0,0.0,0.0,0.0,0.0,0.0,0.0,0.0,338,299,0.3132,0.2771,nan,nan,nan,UNKNOWN,0.0,0.0,False,False,True,True,False
57.505,0.0,0.0,0.0,0.0,0.0,0.0,0.0,0.0,338,299,0.3132,0.2771,nan,nan,nan,UNKNOWN,0.0,0.0,False,False,True,True,False
57.555,0.0,0.0,0.0,0.0,0.0,0.0,0.0,0.0,338,299,0.3132,0.2771,nan,nan,nan,UNKNOWN,0.0,0.0,False,False,True,True,False
57.605,0.0,0.0,0.0,0.0,0.0,0.0,0.0,0.0,338,299,0.3132,0.2771,nan,nan,nan,UNKNOWN,0.0,0.0,False,False,True,True,False
57.655,0.0,0.0,0.0,0.0,0.0,0.0,0.0,0.0,338,299,0.3132,0.2771,nan,nan,nan,UNKNOWN,0.0,0.0,False,False,True,True,False
57.705,0.0,0.0,0.0,0.0,0.0,0.0,0.0,0.0,338,299,0.3132,0.2771,nan,nan,nan,UNKNOWN,0.0,0.0,False,False,True,True,False
57.755,0.0,0.0,0.0,0.0,0.0,0.0,0.0,0.0,338,299,0.3132,0.2771,nan,nan,nan,UNKNOWN,0.0,0.0,False,False,True,True,False
57.805,0.0,0.0,0.0,0.0,0.0,0.0,0.0,0.0,338,299,0.3132,0.2771,nan,nan,nan,UNKNOWN,0.0,0.0,False,False,True,True,False
57.855,0.0,0.0,0.0,0.0,0.0,0.0,0.0,0.0,338,299,0.3132,0.2771,nan,nan,nan,UNKNOWN,0.0,0.0,False,False,True,True,False
57.905,0.0,0.0,0.0,0.0,0.0,0.0,0.0,0.0,338,299,0.3132,0.2771,nan,nan,nan,UNKNOWN,0.0,0.0,False,False,True,True,False
57.955,0.0,0.0,0.0,0.0,0.0,0.0,0.0,0.0,338,299,0.3132,0.2771,nan,nan,nan,UNKNOWN,0.0,0.0,False,False,True,True,False
58.005,0.0,0.0,0.0,0.0,0.0,0.0,0.0,0.0,338,299,0.3132,0.2771,nan,nan,nan,UNKNOWN,0.0,0.0,False,False,True,True,False
58.055,0.0,0.0,0.0,0.0,0.0,0.0,0.0,0.0,338,299,0.3132,0.2771,nan,nan,nan,UNKNOWN,0.0,0.0,False,False,True,True,False
58.105,0.0,0.0,0.0,0.0,0.0,0.0,0.0,0.0,338,299,0.3132,0.2771,nan,nan,nan,UNKNOWN,0.0,0.0,False,False,True,True,False
58.155,0.0,0.0,0.0,0.0,0.0,0.0,0.0,0.0,338,299,0.3132,0.2771,nan,nan,nan,UNKNOWN,0.0,0.0,False,False,True,True,False
58.205,0.0,0.0,0.0,0.0,0.0,0.0,0.0,0.0,338,299,0.3132,0.2771,nan,nan,nan,UNKNOWN,0.0,0.0,False,False,True,True,False
58.255,0.0,0.0,0.0,0.0,0.0,0.0,0.0,0.0,338,299,0.3132,0.2771,nan,nan,nan,UNKNOWN,0.0,0.0,False,False,True,True,False
58.305,0.0,0.0,0.0,0.0,0.0,0.0,0.0,0.0,338,299,0.3132,0.2771,nan,nan,nan,UNKNOWN,0.0,0.0,False,False,True,True,False
58.357,0.0,0.0,0.0,0.0,0.0,0.0,0.0,0.0,338,299,0.3132,0.2771,nan,nan,nan,UNKNOWN,0.0,0.0,False,False,True,True,False
58.405,0.0,0.0,0.0,0.0,0.0,0.0,0.0,0.0,338,299,0.3132,0.2771,nan,nan,nan,UNKNOWN,0.0,0.0,False,False,True,True,False
58.455,0.0,0.0,0.0,0.0,0.0,0.0,0.0,0.0,338,299,0.3132,0.2771,nan,nan,nan,UNKNOWN,0.0,0.0,False,False,True,True,False
58.505,0.0,0.0,0.0,0.0,0.0,0.0,0.0,0.0,338,299,0.3132,0.2771,nan,nan,nan,UNKNOWN,0.0,0.0,False,False,True,True,False
58.555,0.0,0.0,0.0,0.0,0.0,0.0,0.0,0.0,338,299,0.3132,0.2771,nan,nan,nan,UNKNOWN,0.0,0.0,False,False,True,True,False
58.605,0.0,0.0,0.0,0.0,0.0,0.0,0.0,0.0,338,299,0.3132,0.2771,nan,nan,nan,UNKNOWN,0.0,0.0,False,False,True,True,False
58.655,0.0,0.0,0.0,0.0,0.0,0.0,0.0,0.0,338,299,0.3132,0.2771,nan,nan,nan,UNKNOWN,0.0,0.0,False,False,True,True,False
58.705,0.0,0.0,0.0,0.0,0.0,0.0,0.0,0.0,338,299,0.3132,0.2771,nan,nan,nan,UNKNOWN,0.0,0.0,False,False,True,True,False
58.755,0.0,0.0,0.0,0.0,0.0,0.0,0.0,0.0,338,299,0.3132,0.2771,nan,nan,nan,UNKNOWN,0.0,0.0,False,False,True,True,False
58.805,0.0,0.0,0.0,0.0,0.0,0.0,0.0,0.0,338,299,0.3132,0.2771,nan,nan,nan,UNKNOWN,0.0,0.0,False,False,True,True,False
58.855,0.0,0.0,0.0,0.0,0.0,0.0,0.0,0.0,338,299,0.3132,0.2771,nan,nan,nan,UNKNOWN,0.0,0.0,False,False,True,True,False
58.905,0.0,0.0,0.0,0.0,0.0,0.0,0.0,0.0,338,299,0.3132,0.2771,nan,nan,nan,UNKNOWN,0.0,0.0,False,False,True,True,False
58.955,0.0,0.0,0.0,0.0,0.0,0.0,0.0,0.0,338,299,0.3132,0.2771,nan,nan,nan,UNKNOWN,0.0,0.0,False,False,True,True,False
59.005,0.0,0.0,0.0,0.0,0.0,0.0,0.0,0.0,338,299,0.3132,0.2771,nan,nan,nan,UNKNOWN,0.0,0.0,False,False,True,True,False
59.055,0.0,0.0,0.0,0.0,0.0,0.0,0.0,0.0,338,299,0.3132,0.2771,nan,nan,nan,UNKNOWN,0.0,0.0,False,False,True,True,False
59.105,0.0,0.0,0.0,0.0,0.0,0.0,0.0,0.0,338,299,0.3132,0.2771,nan,nan,nan,UNKNOWN,0.0,0.0,False,False,True,True,False
59.155,0.0,0.0,0.0,0.0,0.0,0.0,0.0,0.0,338,299,0.3132,0.2771,nan,nan,nan,UNKNOWN,0.0,0.0,False,False,True,True,False
59.205,0.0,0.0,0.0,0.0,0.0,0.0,0.0,0.0,338,299,0.3132,0.2771,nan,nan,nan,UNKNOWN,0.0,0.0,False,False,True,True,False
59.255,0.0,0.0,0.0,0.0,0.0,0.0,0.0,0.0,338,299,0.3132,0.2771,nan,nan,nan,UNKNOWN,0.0,0.0,False,False,True,True,False
59.305,0.0,0.0,0.0,0.0,0.0,0.0,0.0,0.0,338,299,0.3132,0.2771,nan,nan,nan,UNKNOWN,0.0,0.0,False,False,True,True,False
59.357,0.0,0.0,0.0,0.0,0.0,0.0,0.0,0.0,338,299,0.3132,0.2771,nan,nan,nan,UNKNOWN,0.0,0.0,False,False,True,True,False
59.405,0.0,0.0,0.0,0.0,0.0,0.0,0.0,0.0,338,299,0.3132,0.2771,nan,nan,nan,UNKNOWN,0.0,0.0,False,False,True,True,False
59.455,0.0,0.0,0.0,0.0,0.0,0.0,0.0,0.0,338,299,0.3132,0.2771,nan,nan,nan,UNKNOWN,0.0,0.0,False,False,True,True,False
59.505,0.0,0.0,0.0,0.0,0.0,0.0,0.0,0.0,338,299,0.3132,0.2771,nan,nan,nan,UNKNOWN,0.0,0.0,False,False,True,True,False
59.555,0.0,0.0,0.0,0.0,0.0,0.0,0.0,0.0,338,299,0.3132,0.2771,nan,nan,nan,UNKNOWN,0.0,0.0,False,False,True,True,False
59.605,0.0,0.0,0.0,0.0,0.0,0.0,0.0,0.0,338,299,0.3132,0.2771,nan,nan,nan,UNKNOWN,0.0,0.0,False,False,True,True,False
59.655,0.0,0.0,0.0,0.0,0.0,0.0,0.0,0.0,338,299,0.3132,0.2771,nan,nan,nan,UNKNOWN,0.0,0.0,False,False,True,True,False
59.705,0.0,0.0,0.0,0.0,0.0,0.0,0.0,0.0,338,299,0.3132,0.2771,nan,nan,nan,UNKNOWN,0.0,0.0,False,False,True,True,False
59.755,0.0,0.0,0.0,0.0,0.0,0.0,0.0,0.0,338,299,0.3132,0.2771,nan,nan,nan,UNKNOWN,0.0,0.0,False,False,True,True,False
59.805,0.0,0.0,0.0,0.0,0.0,0.0,0.0,0.0,338,299,0.3132,0.2771,nan,nan,nan,UNKNOWN,0.0,0.0,False,False,True,True,False
59.855,0.0,0.0,0.0,0.0,0.0,0.0,0.0,0.0,338,299,0.3132,0.2771,nan,nan,nan,UNKNOWN,0.0,0.0,False,False,True,True,False
59.905,0.0,0.0,0.0,0.0,0.0,0.0,0.0,0.0,338,299,0.3132,0.2771,nan,nan,nan,UNKNOWN,0.0,0.0,False,False,True,True,False
59.955,0.0,0.0,0.0,0.0,0.0,0.0,0.0,0.0,338,299,0.3132,0.2771,nan,nan,nan,UNKNOWN,0.0,0.0,False,False,True,True,False
60.005,0.0,0.0,0.0,0.0,0.0,0.0,0.0,0.0,338,299,0.3132,0.2771,nan,nan,nan,UNKNOWN,0.0,0.0,False,False,True,True,False
60.055,0.0,0.0,0.0,0.0,0.0,0.0,0.0,0.0,338,299,0.3132,0.2771,nan,nan,nan,UNKNOWN,0.0,0.0,False,False,True,True,False
60.105,0.0,0.0,0.0,0.0,0.0,0.0,0.0,0.0,338,299,0.3132,0.2771,nan,nan,nan,UNKNOWN,0.0,0.0,False,False,True,True,False
60.155,0.0,0.0,0.0,0.0,0.0,0.0,0.0,0.0,338,299,0.3132,0.2771,nan,nan,nan,UNKNOWN,0.0,0.0,False,False,True,True,False
60.205,0.0,0.0,0.0,0.0,0.0,0.0,0.0,0.0,338,299,0.3132,0.2771,nan,nan,nan,UNKNOWN,0.0,0.0,False,False,True,True,False
60.255,0.0,0.0,0.0,0.0,0.0,0.0,0.0,0.0,338,299,0.3132,0.2771,nan,nan,nan,UNKNOWN,0.0,0.0,False,False,True,True,False
60.305,0.0,0.0,0.0,0.0,0.0,0.0,0.0,0.0,338,299,0.3132,0.2771,nan,nan,nan,UNKNOWN,0.0,0.0,False,False,True,True,False
60.357,0.0,0.0,0.0,0.0,0.0,0.0,0.0,0.0,338,299,0.3132,0.2771,nan,nan,nan,UNKNOWN,0.0,0.0,False,False,True,True,False
60.405,0.0,0.0,0.0,0.0,0.0,0.0,0.0,0.0,338,299,0.3132,0.2771,nan,nan,nan,UNKNOWN,0.0,0.0,False,False,True,True,False
60.455,0.0,0.0,0.0,0.0,0.0,0.0,0.0,0.0,338,299,0.3132,0.2771,nan,nan,nan,UNKNOWN,0.0,0.0,False,False,True,True,False
60.505,0.0,0.0,0.0,0.0,0.0,0.0,0.0,0.0,338,299,0.3132,0.2771,nan,nan,nan,UNKNOWN,0.0,0.0,False,False,True,True,False
60.555,0.0,0.0,0.0,0.0,0.0,0.0,0.0,0.0,338,299,0.3132,0.2771,nan,nan,nan,UNKNOWN,0.0,0.0,False,False,True,True,False
60.605,0.0,0.0,0.0,0.0,0.0,0.0,0.0,0.0,338,299,0.3132,0.2771,nan,nan,nan,UNKNOWN,0.0,0.0,False,False,True,True,False
60.655,0.0,0.0,0.0,0.0,0.0,0.0,0.0,0.0,338,299,0.3132,0.2771,nan,nan,nan,UNKNOWN,0.0,0.0,False,False,True,True,False
60.705,0.0,0.0,0.0,0.0,0.0,0.0,0.0,0.0,338,299,0.3132,0.2771,nan,nan,nan,UNKNOWN,0.0,0.0,False,False,True,True,False
60.755,0.0,0.0,0.0,0.0,0.0,0.0,0.0,0.0,338,299,0.3132,0.2771,nan,nan,nan,UNKNOWN,0.0,0.0,False,False,True,True,False
60.805,0.0,0.0,0.0,0.0,0.0,0.0,0.0,0.0,338,299,0.3132,0.2771,nan,nan,nan,UNKNOWN,0.0,0.0,False,False,True,True,False
60.855,0.0,0.0,0.0,0.0,0.0,0.0,0.0,0.0,338,299,0.3132,0.2771,nan,nan,nan,UNKNOWN,0.0,0.0,False,False,True,True,False
60.905,0.0,0.0,0.0,0.0,0.0,0.0,0.0,0.0,338,299,0.3132,0.2771,nan,nan,nan,UNKNOWN,0.0,0.0,False,False,True,True,False
60.955,0.0,0.0,0.0,0.0,0.0,0.0,0.0,0.0,338,299,0.3132,0.2771,nan,nan,nan,UNKNOWN,0.0,0.0,False,False,True,True,False
61.005,0.0,0.0,0.0,0.0,0.0,0.0,0.0,0.0,338,299,0.3132,0.2771,nan,nan,nan,UNKNOWN,0.0,0.0,False,False,True,True,False
61.055,0.0,0.0,0.0,0.0,0.0,0.0,0.0,0.0,338,299,0.3132,0.2771,nan,nan,nan,UNKNOWN,0.0,0.0,False,False,True,True,False
61.105,0.0,0.0,0.0,0.0,0.0,0.0,0.0,0.0,338,299,0.3132,0.2771,nan,nan,nan,UNKNOWN,0.0,0.0,False,False,True,True,False
61.155,0.0,0.0,0.0,0.0,0.0,0.0,0.0,0.0,338,299,0.3132,0.2771,nan,nan,nan,UNKNOWN,0.0,0.0,False,False,True,True,False
61.205,0.0,0.0,0.0,0.0,0.0,0.0,0.0,0.0,338,299,0.3132,0.2771,nan,nan,nan,UNKNOWN,0.0,0.0,False,False,True,True,False
61.255,0.0,0.0,0.0,0.0,0.0,0.0,0.0,0.0,338,299,0.3132,0.2771,nan,nan,nan,UNKNOWN,0.0,0.0,False,False,True,True,False
61.305,0.0,0.0,0.0,0.0,0.0,0.0,0.0,0.0,338,299,0.3132,0.2771,nan,nan,nan,UNKNOWN,0.0,0.0,False,False,True,True,False
61.357,0.0,0.0,0.0,0.0,0.0,0.0,0.0,0.0,338,299,0.3132,0.2771,nan,nan,nan,UNKNOWN,0.0,0.0,False,False,True,True,False
61.405,0.0,0.0,0.0,0.0,0.0,0.0,0.0,0.0,338,299,0.3132,0.2771,nan,nan,nan,UNKNOWN,0.0,0.0,False,False,True,True,False
61.455,0.0,0.0,0.0,0.0,0.0,0.0,0.0,0.0,338,299,0.3132,0.2771,nan,nan,nan,UNKNOWN,0.0,0.0,False,False,True,True,False
61.505,0.0,0.0,0.0,0.0,0.0,0.0,0.0,0.0,338,299,0.3132,0.2771,nan,nan,nan,UNKNOWN,0.0,0.0,False,False,True,True,False
61.555,0.0,0.0,0.0,0.0,0.0,0.0,0.0,0.0,338,299,0.3132,0.2771,nan,nan,nan,UNKNOWN,0.0,0.0,False,False,True,True,False
61.605,0.0,0.0,0.0,0.0,0.0,0.0,0.0,0.0,338,299,0.3132,0.2771,nan,nan,nan,UNKNOWN,0.0,0.0,False,False,True,True,False
61.655,0.0,0.0,0.0,0.0,0.0,0.0,0.0,0.0,338,299,0.3132,0.2771,nan,nan,nan,UNKNOWN,0.0,0.0,False,False,True,True,False
61.705,0.0,0.0,0.0,0.0,0.0,0.0,0.0,0.0,338,299,0.3132,0.2771,nan,nan,nan,UNKNOWN,0.0,0.0,False,False,True,True,False
61.755,0.0,0.0,0.0,0.0,0.0,0.0,0.0,0.0,338,299,0.3132,0.2771,nan,nan,nan,UNKNOWN,0.0,0.0,False,False,True,True,False
61.805,0.0,0.0,0.0,0.0,0.0,0.0,0.0,0.0,338,299,0.3132,0.2771,nan,nan,nan,UNKNOWN,0.0,0.0,False,False,True,True,False
61.855,0.0,0.0,0.0,0.0,0.0,0.0,0.0,0.0,338,299,0.3132,0.2771,nan,nan,nan,UNKNOWN,0.0,0.0,False,False,True,True,False
61.905,0.0,0.0,0.0,0.0,0.0,0.0,0.0,0.0,338,299,0.3132,0.2771,nan,nan,nan,UNKNOWN,0.0,0.0,False,False,True,True,False
61.955,0.0,0.0,0.0,0.0,0.0,0.0,0.0,0.0,338,299,0.3132,0.2771,nan,nan,nan,UNKNOWN,0.0,0.0,False,False,True,True,False
62.005,0.0,0.0,0.0,0.0,0.0,0.0,0.0,0.0,338,299,0.3132,0.2771,nan,nan,nan,UNKNOWN,0.0,0.0,False,False,True,True,False
62.055,0.0,0.0,0.0,0.0,0.0,0.0,0.0,0.0,338,299,0.3132,0.2771,nan,nan,nan,UNKNOWN,0.0,0.0,False,False,True,True,False
62.105,0.0,0.0,0.0,0.0,0.0,0.0,0.0,0.0,338,299,0.3132,0.2771,nan,nan,nan,UNKNOWN,0.0,0.0,False,False,True,True,False
62.155,0.0,0.0,0.0,0.0,0.0,0.0,0.0,0.0,338,299,0.3132,0.2771,nan,nan,nan,UNKNOWN,0.0,0.0,False,False,True,True,False
62.205,0.0,0.0,0.0,0.0,0.0,0.0,0.0,0.0,338,299,0.3132,0.2771,nan,nan,nan,UNKNOWN,0.0,0.0,False,False,True,True,False
62.255,0.0,0.0,0.0,0.0,0.0,0.0,0.0,0.0,338,299,0.3132,0.2771,nan,nan,nan,UNKNOWN,0.0,0.0,False,False,True,True,False
62.305,0.0,0.0,0.0,0.0,0.0,0.0,0.0,0.0,338,299,0.3132,0.2771,nan,nan,nan,UNKNOWN,0.0,0.0,False,False,True,True,False
62.357,0.0,0.0,0.0,0.0,0.0,0.0,0.0,0.0,338,299,0.3132,0.2771,nan,nan,nan,UNKNOWN,0.0,0.0,False,False,True,True,False
62.405,0.0,0.0,0.0,0.0,0.0,0.0,0.0,0.0,338,299,0.3132,0.2771,nan,nan,nan,UNKNOWN,0.0,0.0,False,False,True,True,False
62.455,0.0,0.0,0.0,0.0,0.0,0.0,0.0,0.0,338,299,0.3132,0.2771,nan,nan,nan,UNKNOWN,0.0,0.0,False,False,True,True,False
62.505,0.0,0.0,0.0,0.0,0.0,0.0,0.0,0.0,338,299,0.3132,0.2771,nan,nan,nan,UNKNOWN,0.0,0.0,False,False,True,True,False
62.555,0.0,0.0,0.0,0.0,0.0,0.0,0.0,0.0,338,299,0.3132,0.2771,nan,nan,nan,UNKNOWN,0.0,0.0,False,False,True,True,False
62.605,0.0,0.0,0.0,0.0,0.0,0.0,0.0,0.0,338,299,0.3132,0.2771,nan,nan,nan,UNKNOWN,0.0,0.0,False,False,True,True,False
62.655,0.0,0.0,0.0,0.0,0.0,0.0,0.0,0.0,338,299,0.3132,0.2771,nan,nan,nan,UNKNOWN,0.0,0.0,False,False,True,True,False
62.705,0.0,0.0,0.0,0.0,0.0,0.0,0.0,0.0,338,299,0.3132,0.2771,nan,nan,nan,UNKNOWN,0.0,0.0,False,False,True,True,False
62.755,0.0,0.0,0.0,0.0,0.0,0.0,0.0,0.0,338,299,0.3132,0.2771,nan,nan,nan,UNKNOWN,0.0,0.0,False,False,True,True,False
62.805,0.0,0.0,0.0,0.0,0.0,0.0,0.0,0.0,338,299,0.3132,0.2771,nan,nan,nan,UNKNOWN,0.0,0.0,False,False,True,True,False
62.855,0.0,0.0,0.0,0.0,0.0,0.0,0.0,0.0,338,299,0.3132,0.2771,nan,nan,nan,UNKNOWN,0.0,0.0,False,False,True,True,False
62.905,0.0,0.0,0.0,0.0,0.0,0.0,0.0,0.0,338,299,0.3132,0.2771,nan,nan,nan,UNKNOWN,0.0,0.0,False,False,True,True,False
62.955,0.0,0.0,0.0,0.0,0.0,0.0,0.0,0.0,338,299,0.3132,0.2771,nan,nan,nan,UNKNOWN,0.0,0.0,False,False,True,True,False
63.005,0.0,0.0,0.0,0.0,0.0,0.0,0.0,0.0,338,299,0.3132,0.2771,nan,nan,nan,UNKNOWN,0.0,0.0,False,False,True,True,False
63.055,0.0,0.0,0.0,0.0,0.0,0.0,0.0,0.0,338,299,0.3132,0.2771,nan,nan,nan,UNKNOWN,0.0,0.0,False,False,True,True,False
63.105,0.0,0.0,0.0,0.0,0.0,0.0,0.0,0.0,338,299,0.3132,0.2771,nan,nan,nan,UNKNOWN,0.0,0.0,False,False,True,True,False
63.155,0.0,0.0,0.0,0.0,0.0,0.0,0.0,0.0,338,299,0.3132,0.2771,nan,nan,nan,UNKNOWN,0.0,0.0,False,False,True,True,False
63.205,0.0,0.0,0.0,0.0,0.0,0.0,0.0,0.0,338,299,0.3132,0.2771,nan,nan,nan,UNKNOWN,0.0,0.0,False,False,True,True,False
63.255,0.0,0.0,0.0,0.0,0.0,0.0,0.0,0.0,338,299,0.3132,0.2771,nan,nan,nan,UNKNOWN,0.0,0.0,False,False,True,True,False
63.305,0.0,0.0,0.0,0.0,0.0,0.0,0.0,0.0,338,299,0.3132,0.2771,nan,nan,nan,UNKNOWN,0.0,0.0,False,False,True,True,False
63.357,0.0,0.0,0.0,0.0,0.0,0.0,0.0,0.0,338,299,0.3132,0.2771,nan,nan,nan,UNKNOWN,0.0,0.0,False,False,True,True,False
63.405,0.0,0.0,0.0,0.0,0.0,0.0,0.0,0.0,338,299,0.3132,0.2771,nan,nan,nan,UNKNOWN,0.0,0.0,False,False,True,True,False
63.455,0.0,0.0,0.0,0.0,0.0,0.0,0.0,0.0,338,299,0.3132,0.2771,nan,nan,nan,UNKNOWN,0.0,0.0,False,False,True,True,False
63.505,0.0,0.0,0.0,0.0,0.0,0.0,0.0,0.0,338,299,0.3132,0.2771,nan,nan,nan,UNKNOWN,0.0,0.0,False,False,True,True,False
63.555,0.0,0.0,0.0,0.0,0.0,0.0,0.0,0.0,338,299,0.3132,0.2771,nan,nan,nan,UNKNOWN,0.0,0.0,False,False,True,True,False
63.605,0.0,0.0,0.0,0.0,0.0,0.0,0.0,0.0,338,299,0.3132,0.2771,nan,nan,nan,UNKNOWN,0.0,0.0,False,False,True,True,False
63.655,0.0,0.0,0.0,0.0,0.0,0.0,0.0,0.0,338,299,0.3132,0.2771,nan,nan,nan,UNKNOWN,0.0,0.0,False,False,True,True,False
63.705,0.0,0.0,0.0,0.0,0.0,0.0,0.0,0.0,338,299,0.3132,0.2771,nan,nan,nan,UNKNOWN,0.0,0.0,False,False,True,True,False
63.755,0.0,0.0,0.0,0.0,0.0,0.0,0.0,0.0,338,299,0.3132,0.2771,nan,nan,nan,UNKNOWN,0.0,0.0,False,False,True,True,False
63.805,0.0,0.0,0.0,0.0,0.0,0.0,0.0,0.0,338,299,0.3132,0.2771,nan,nan,nan,UNKNOWN,0.0,0.0,False,False,True,True,False
63.855,0.0,0.0,0.0,0.0,0.0,0.0,0.0,0.0,338,299,0.3132,0.2771,nan,nan,nan,UNKNOWN,0.0,0.0,False,False,True,True,False
63.905,0.0,0.0,0.0,0.0,0.0,0.0,0.0,0.0,338,299,0.3132,0.2771,nan,nan,nan,UNKNOWN,0.0,0.0,False,False,True,True,False
63.955,0.0,0.0,0.0,0.0,0.0,0.0,0.0,0.0,338,299,0.3132,0.2771,nan,nan,nan,UNKNOWN,0.0,0.0,False,False,True,True,False
64.005,0.0,0.0,0.0,0.0,0.0,0.0,0.0,0.0,338,299,0.3132,0.2771,nan,nan,nan,UNKNOWN,0.0,0.0,False,False,True,True,False
64.055,0.0,0.0,0.0,0.0,0.0,0.0,0.0,0.0,338,299,0.3132,0.2771,nan,nan,nan,UNKNOWN,0.0,0.0,False,False,True,True,False
64.105,0.0,0.0,0.0,0.0,0.0,0.0,0.0,0.0,338,299,0.3132,0.2771,nan,nan,nan,UNKNOWN,0.0,0.0,False,False,True,True,False
64.155,0.0,0.0,0.0,0.0,0.0,0.0,0.0,0.0,338,299,0.3132,0.2771,nan,nan,nan,UNKNOWN,0.0,0.0,False,False,True,True,False
64.205,0.0,0.0,0.0,0.0,0.0,0.0,0.0,0.0,338,299,0.3132,0.2771,nan,nan,nan,UNKNOWN,0.0,0.0,False,False,True,True,False
64.255,0.0,0.0,0.0,0.0,0.0,0.0,0.0,0.0,338,299,0.3132,0.2771,nan,nan,nan,UNKNOWN,0.0,0.0,False,False,True,True,False
64.305,0.0,0.0,0.0,0.0,0.0,0.0,0.0,0.0,338,299,0.3132,0.2771,nan,nan,nan,UNKNOWN,0.0,0.0,False,False,True,True,False
64.357,0.0,0.0,0.0,0.0,0.0,0.0,0.0,0.0,338,299,0.3132,0.2771,nan,nan,nan,UNKNOWN,0.0,0.0,False,False,True,True,False
64.405,0.0,0.0,0.0,0.0,0.0,0.0,0.0,0.0,338,299,0.3132,0.2771,nan,nan,nan,UNKNOWN,0.0,0.0,False,False,True,True,False
64.455,0.0,0.0,0.0,0.0,0.0,0.0,0.0,0.0,338,299,0.3132,0.2771,nan,nan,nan,UNKNOWN,0.0,0.0,False,False,True,True,False
64.505,0.0,0.0,0.0,0.0,0.0,0.0,0.0,0.0,338,299,0.3132,0.2771,nan,nan,nan,UNKNOWN,0.0,0.0,False,False,True,True,False
64.555,0.0,0.0,0.0,0.0,0.0,0.0,0.0,0.0,338,299,0.3132,0.2771,nan,nan,nan,UNKNOWN,0.0,0.0,False,False,True,True,False
64.605,0.0,0.0,0.0,0.0,0.0,0.0,0.0,0.0,338,299,0.3132,0.2771,nan,nan,nan,UNKNOWN,0.0,0.0,False,False,True,True,False
64.655,0.0,0.0,0.0,0.0,0.0,0.0,0.0,0.0,338,299,0.3132,0.2771,nan,nan,nan,UNKNOWN,0.0,0.0,False,False,True,True,False
64.705,0.0,0.0,0.0,0.0,0.0,0.0,0.0,0.0,338,299,0.3132,0.2771,nan,nan,nan,UNKNOWN,0.0,0.0,False,False,True,True,False
64.755,0.0,0.0,0.0,0.0,0.0,0.0,0.0,0.0,338,299,0.3132,0.2771,nan,nan,nan,UNKNOWN,0.0,0.0,False,False,True,True,False
64.805,0.0,0.0,0.0,0.0,0.0,0.0,0.0,0.0,338,299,0.3132,0.2771,nan,nan,nan,UNKNOWN,0.0,0.0,False,False,True,True,False
64.855,0.0,0.0,0.0,0.0,0.0,0.0,0.0,0.0,338,299,0.3132,0.2771,nan,nan,nan,UNKNOWN,0.0,0.0,False,False,True,True,False
64.905,0.0,0.0,0.0,0.0,0.0,0.0,0.0,0.0,338,299,0.3132,0.2771,nan,nan,nan,UNKNOWN,0.0,0.0,False,False,True,True,False
64.955,0.0,0.0,0.0,0.0,0.0,0.0,0.0,0.0,338,299,0.3132,0.2771,nan,nan,nan,UNKNOWN,0.0,0.0,False,False,True,True,False
65.005,0.0,0.0,0.0,0.0,0.0,0.0,0.0,0.0,338,299,0.3132,0.2771,nan,nan,nan,UNKNOWN,0.0,0.0,False,False,True,True,False
65.055,0.0,0.0,0.0,0.0,0.0,0.0,0.0,0.0,338,299,0.3132,0.2771,nan,nan,nan,UNKNOWN,0.0,0.0,False,False,True,True,False
65.105,0.0,0.0,0.0,0.0,0.0,0.0,0.0,0.0,338,299,0.3132,0.2771,nan,nan,nan,UNKNOWN,0.0,0.0,False,False,True,True,False
65.155,0.0,0.0,0.0,0.0,0.0,0.0,0.0,0.0,338,299,0.3132,0.2771,nan,nan,nan,UNKNOWN,0.0,0.0,False,False,True,True,False
65.205,0.0,0.0,0.0,0.0,0.0,0.0,0.0,0.0,338,299,0.3132,0.2771,nan,nan,nan,UNKNOWN,0.0,0.0,False,False,True,True,False
65.255,0.0,0.0,0.0,0.0,0.0,0.0,0.0,0.0,338,299,0.3132,0.2771,nan,nan,nan,UNKNOWN,0.0,0.0,False,False,True,True,False
65.305,0.0,0.0,0.0,0.0,0.0,0.0,0.0,0.0,338,299,0.3132,0.2771,nan,nan,nan,UNKNOWN,0.0,0.0,False,False,True,True,False
65.357,0.0,0.0,0.0,0.0,0.0,0.0,0.0,0.0,338,299,0.3132,0.2771,nan,nan,nan,UNKNOWN,0.0,0.0,False,False,True,True,False
65.405,0.0,0.0,0.0,0.0,0.0,0.0,0.0,0.0,338,299,0.3132,0.2771,nan,nan,nan,UNKNOWN,0.0,0.0,False,False,True,True,False
65.455,0.0,0.0,0.0,0.0,0.0,0.0,0.0,0.0,338,299,0.3132,0.2771,nan,nan,nan,UNKNOWN,0.0,0.0,False,False,True,True,False
65.505,0.0,0.0,0.0,0.0,0.0,0.0,0.0,0.0,338,299,0.3132,0.2771,nan,nan,nan,UNKNOWN,0.0,0.0,False,False,True,True,False
65.555,0.0,0.0,0.0,0.0,0.0,0.0,0.0,0.0,338,299,0.3132,0.2771,nan,nan,nan,UNKNOWN,0.0,0.0,False,False,True,True,False
65.605,0.0,0.0,0.0,0.0,0.0,0.0,0.0,0.0,338,299,0.3132,0.2771,nan,nan,nan,UNKNOWN,0.0,0.0,False,False,True,True,False
65.655,0.0,0.0,0.0,0.0,0.0,0.0,0.0,0.0,338,299,0.3132,0.2771,nan,nan,nan,UNKNOWN,0.0,0.0,False,False,True,True,False
65.705,0.0,0.0,0.0,0.0,0.0,0.0,0.0,0.0,338,299,0.3132,0.2771,nan,nan,nan,UNKNOWN,0.0,0.0,False,False,True,True,False
65.755,0.0,0.0,0.0,0.0,0.0,0.0,0.0,0.0,338,299,0.3132,0.2771,nan,nan,nan,UNKNOWN,0.0,0.0,False,False,True,True,False
65.805,0.0,0.0,0.0,0.0,0.0,0.0,0.0,0.0,338,299,0.3132,0.2771,nan,nan,nan,UNKNOWN,0.0,0.0,False,False,True,True,False
65.855,0.0,0.0,0.0,0.0,0.0,0.0,0.0,0.0,338,299,0.3132,0.2771,nan,nan,nan,UNKNOWN,0.0,0.0,False,False,True,True,False
65.905,0.0,0.0,0.0,0.0,0.0,0.0,0.0,0.0,338,299,0.3132,0.2771,nan,nan,nan,UNKNOWN,0.0,0.0,False,False,True,True,False
65.955,0.0,0.0,0.0,0.0,0.0,0.0,0.0,0.0,338,299,0.3132,0.2771,nan,nan,nan,UNKNOWN,0.0,0.0,False,False,True,True,False
66.005,0.0,0.0,0.0,0.0,0.0,0.0,0.0,0.0,338,299,0.3132,0.2771,nan,nan,nan,UNKNOWN,0.0,0.0,False,False,True,True,False
66.055,0.0,0.0,0.0,0.0,0.0,0.0,0.0,0.0,338,299,0.3132,0.2771,nan,nan,nan,UNKNOWN,0.0,0.0,False,False,True,True,False
66.105,0.0,0.0,0.0,0.0,0.0,0.0,0.0,0.0,338,299,0.3132,0.2771,nan,nan,nan,UNKNOWN,0.0,0.0,False,False,True,True,False
66.156,0.0,0.0,0.0,0.0,0.0,0.0,0.0,0.0,338,299,0.3132,0.2771,nan,nan,nan,UNKNOWN,0.0,0.0,False,False,True,True,False
