t,vx,wz,tgt_r,tgt_l,spd_r,spd_l,err_r,err_l,ticks_r,ticks_l,dist_r,dist_l,raw_angle,filtered_angle,error,weld
2.112,0.0,0.0,0.0,0.0,0.0,0.0,0.0,0.0,0,0,0.0,0.0,nan,nan,nan,UNKNOWN
2.162,0.0,0.0,0.0,0.0,0.0,0.0,0.0,0.0,0,0,0.0,0.0,nan,nan,nan,UNKNOWN
2.212,0.0,0.0,0.0,0.0,0.0,0.0,0.0,0.0,0,0,0.0,0.0,nan,nan,nan,UNKNOWN
2.262,0.0,0.0,0.0,0.0,0.0,0.0,0.0,0.0,0,0,0.0,0.0,nan,nan,nan,UNKNOWN
2.312,0.0,0.0,0.0,0.0,0.0,0.0,0.0,0.0,0,0,0.0,0.0,nan,nan,nan,UNKNOWN
2.362,0.0,0.0,0.0,0.0,0.0,0.0,0.0,0.0,0,0,0.0,0.0,nan,nan,nan,UNKNOWN
2.412,0.0,0.0,0.0,0.0,0.0,0.0,0.0,0.0,0,0,0.0,0.0,nan,nan,nan,UNKNOWN
2.462,0.0,0.0,0.0,0.0,0.0,0.0,0.0,0.0,0,0,0.0,0.0,nan,nan,nan,UNKNOWN
2.512,0.0,0.0,0.0,0.0,0.0,0.0,0.0,0.0,0,0,0.0,0.0,nan,nan,nan,UNKNOWN
2.562,0.0,0.0,0.0,0.0,0.0,0.0,0.0,0.0,0,0,0.0,0.0,nan,nan,nan,UNKNOWN
2.612,0.0,0.0,0.0,0.0,0.0,0.0,0.0,0.0,0,0,0.0,0.0,nan,nan,nan,UNKNOWN
2.662,0.0,0.0,0.0,0.0,0.0,0.0,0.0,0.0,0,0,0.0,0.0,nan,nan,nan,UNKNOWN
2.712,0.0,0.0,0.0,0.0,0.0,0.0,0.0,0.0,0,0,0.0,0.0,nan,nan,nan,UNKNOWN
2.762,0.0,0.0,0.0,0.0,0.0,0.0,0.0,0.0,0,0,0.0,0.0,nan,nan,nan,UNKNOWN
2.812,0.0,0.0,0.0,0.0,0.0,0.0,0.0,0.0,0,0,0.0,0.0,nan,nan,nan,UNKNOWN
2.862,0.0,0.0,0.0,0.0,0.0,0.0,0.0,0.0,0,0,0.0,0.0,nan,nan,nan,UNKNOWN
2.912,0.0,0.0,0.0,0.0,0.0,0.0,0.0,0.0,0,0,0.0,0.0,nan,nan,nan,UNKNOWN
2.962,0.0,0.0,0.0,0.0,0.0,0.0,0.0,0.0,0,0,0.0,0.0,nan,nan,nan,UNKNOWN
3.012,0.0,0.0,0.0,0.0,0.0,0.0,0.0,0.0,0,0,0.0,0.0,nan,nan,nan,UNKNOWN
3.063,0.0,0.0,0.0,0.0,0.0,0.0,0.0,0.0,0,0,0.0,0.0,nan,nan,nan,UNKNOWN
3.112,0.0,0.0,0.0,0.0,0.0,0.0,0.0,0.0,0,0,0.0,0.0,nan,nan,nan,UNKNOWN
3.162,0.0,0.0,0.0,0.0,0.0,0.0,0.0,0.0,0,0,0.0,0.0,nan,nan,nan,UNKNOWN
3.212,0.0,0.0,0.0,0.0,0.0,0.0,0.0,0.0,0,0,0.0,0.0,nan,nan,nan,UNKNOWN
3.262,0.0,0.0,0.0,0.0,0.0,0.0,0.0,0.0,0,0,0.0,0.0,nan,nan,nan,UNKNOWN
3.312,0.0,0.0,0.0,0.0,0.0,0.0,0.0,0.0,0,0,0.0,0.0,nan,nan,nan,UNKNOWN
3.666,0.0,0.0,0.0,0.0,0.0,0.0,0.0,0.0,0,0,0.0,0.0,nan,nan,nan,UNKNOWN
3.712,0.0,0.0,0.0,0.0,0.0,0.0,0.0,0.0,0,0,0.0,0.0,-4.570309238766374,nan,nan,NO_WELD
3.762,0.0,0.0,0.0,0.0,0.0,0.0,0.0,0.0,0,0,0.0,0.0,1.054690917763512,nan,nan,NO_WELD
3.812,0.0,0.0,0.0,0.0,0.0,0.0,0.0,0.0,0,0,0.0,0.0,1.054690917763512,nan,nan,NO_WELD
3.862,0.0,0.0,0.0,0.0,0.0,0.0,0.0,0.0,0,0,0.0,0.0,1.7578159906906006,nan,nan,NO_WELD
3.912,0.0,0.0,0.0,0.0,0.0,0.0,0.0,0.0,0,0,0.0,0.0,1.7578159906906006,nan,nan,NO_WELD
3.962,0.0,0.0,0.0,0.0,0.0,0.0,0.0,0.0,0,0,0.0,0.0,1.7578159906906006,nan,nan,NO_WELD
4.012,0.0,0.0,0.0,0.0,0.0,0.0,0.0,0.0,0,0,0.0,0.0,1.7578159906906006,nan,nan,NO_WELD
4.062,0.0,0.0,0.0,0.0,0.0,0.0,0.0,0.0,0,0,0.0,0.0,1.054690917763512,nan,nan,NO_WELD
4.112,0.0,0.0,0.0,0.0,0.0,0.0,0.0,0.0,0,0,0.0,0.0,1.054690917763512,nan,nan,NO_WELD
4.162,0.0,0.0,0.0,0.0,0.0,0.0,0.0,0.0,0,0,0.0,0.0,0.7031284346608206,0.7031284346608206,0.0,WELD_FOUND
4.212,0.0,0.0,0.0,0.0,0.0,0.0,0.0,0.0,0,0,0.0,0.0,0.7031284346608206,0.7031284346608206,0.0,WELD_FOUND
4.262,0.0,0.0,0.0,0.0,0.0,0.0,0.0,0.0,0,0,0.0,0.0,0.7031284346608206,nan,nan,NO_WELD
4.313,0.0,0.0,0.0,0.0,0.0,0.0,0.0,0.0,0,0,0.0,0.0,0.7031284346608206,nan,nan,NO_WELD
4.362,0.025848367892544542,-0.05,0.018348367892544543,0.03334836789254454,0.0,0.0,0.0183,0.0333,0,0,0.0,0.0,1.4062534542270564,1.4062534542270564,0.0,WELD_FOUND
4.412,0.025848367892544542,-0.05,0.018348367892544543,0.03334836789254454,0.0,0.0,0.0183,0.0333,0,0,0.0,0.0,1.4062534542270564,1.4062534542270564,0.0,WELD_FOUND
4.462,0.027567947471842335,-0.04176647433022274,0.021302976322308924,0.033832918621375746,0.0,0.0,0.0213,0.0338,0,0,0.0,0.0,0.7031284346608206,1.054690917763512,-0.35156248310269134,WELD_FOUND
4.512,0.027567947471842335,-0.04176647433022274,0.021302976322308924,0.033832918621375746,0.0,0.0,0.0213,0.0338,3,3,0.0028,0.0028,0.7031284346608206,1.054690917763512,-0.35156248310269134,WELD_FOUND
4.562,0.0,0.0,0.0,0.0,0.0111,0.0111,-0.0111,-0.0111,3,3,0.0028,0.0028,0.7031284346608206,nan,nan,NO_WELD
4.612,0.0,0.0,0.0,0.0,0.0111,0.0111,-0.0111,-0.0111,9,10,0.0083,0.0093,0.7031284346608206,nan,nan,NO_WELD
4.662,0.027918507920330217,-0.04589470467105631,0.02103430221967177,0.03480271362098866,0.0111,0.0111,0.0099,0.0237,9,10,0.0083,0.0093,1.054690917763512,1.054690917763512,0.0,WELD_FOUND
4.712,0.027918507920330217,-0.04589470467105631,0.02103430221967177,0.03480271362098866,0.0215,0.0265,-0.0005,0.0083,9,11,0.0083,0.0102,1.054690917763512,1.054690917763512,0.0,WELD_FOUND
4.762,0.028876084006651103,-0.03598430022219828,0.023478438973321362,0.03427372903998084,0.0215,0.0265,0.002,0.0078,9,11,0.0083,0.0102,0.7031284346608206,0.8789097028925928,-0.1757812682317722,WELD_FOUND
4.812,0.028876084006651103,-0.03598430022219828,0.023478438973321362,0.03427372903998084,0.0203,0.027,0.0032,0.0073,11,14,0.0102,0.013,0.7031284346608206,0.8789097028925928,-0.1757812682317722,WELD_FOUND
4.862,0.0,0.0,0.0,0.0,0.0203,0.027,-0.0203,-0.027,11,14,0.0102,0.013,0.7031284346608206,nan,nan,NO_WELD
4.912,0.0,0.0,0.0,0.0,0.0203,0.027,-0.0203,-0.027,15,17,0.0139,0.0158,0.7031284346608206,nan,nan,NO_WELD
4.962,0.029973568066230378,-0.03030226135471599,0.02542822886302298,0.03451890726943778,0.0221,0.0236,0.0034,0.0109,15,17,0.0139,0.0158,0.7031284346608206,0.7031284346608206,0.0,WELD_FOUND
5.012,0.029973568066230378,-0.03030226135471599,0.02542822886302298,0.03451890726943778,0.0221,0.0236,0.0034,0.0109,15,18,0.0139,0.0167,0.7031284346608206,0.7031284346608206,0.0,WELD_FOUND
5.062,0.0,0.0,0.0,0.0,0.0221,0.0236,-0.0221,-0.0236,15,18,0.0139,0.0167,0.7031284346608206,nan,nan,NO_WELD
5.112,0.0,0.0,0.0,0.0,0.0207,0.0241,-0.0207,-0.0241,18,21,0.0167,0.0195,0.7031284346608206,nan,nan,NO_WELD
5.162,0.0,0.0,0.0,0.0,0.0207,0.0241,-0.0207,-0.0241,18,21,0.0167,0.0195,0.7031284346608206,nan,nan,NO_WELD
5.212,0.0,0.0,0.0,0.0,0.0161,0.0218,-0.0161,-0.0218,19,23,0.0176,0.0213,0.7031284346608206,nan,nan,NO_WELD
5.262,0.026648986598129625,-0.05,0.019148986598129625,0.03414898659812962,0.0161,0.0218,0.003,0.0123,19,23,0.0176,0.0213,1.4062534542270564,1.4062534542270564,0.0,WELD_FOUND
5.313,0.026648986598129625,-0.05,0.019148986598129625,0.03414898659812962,0.0129,0.0175,0.0063,0.0167,19,23,0.0176,0.0213,1.4062534542270564,1.4062534542270564,0.0,WELD_FOUND
5.362,0.027732294813593628,-0.04336646385202861,0.021227325235789338,0.03423726439139792,0.0129,0.0175,0.0083,0.0168,19,23,0.0176,0.0213,0.7031284346608206,1.054690917763512,-0.35156248310269134,WELD_FOUND
5.412,0.027732294813593628,-0.04336646385202861,0.021227325235789338,0.03423726439139792,0.0151,0.0179,0.0061,0.0163,21,25,0.0195,0.0232,0.7031284346608206,1.054690917763512,-0.35156248310269134,WELD_FOUND
5.462,0.0,0.0,0.0,0.0,0.0151,0.0179,-0.0151,-0.0179,21,25,0.0195,0.0232,0.7031284346608206,nan,nan,NO_WELD
5.512,0.0,0.0,0.0,0.0,0.0276,0.0293,-0.0276,-0.0293,26,30,0.0241,0.0278,0.7031284346608206,nan,nan,NO_WELD
5.562,0.02973861105360053,-0.029966571122040334,0.02524362538529448,0.03423359672190658,0.0276,0.0293,-0.0024,0.005,26,30,0.0241,0.0278,0.7031284346608206,0.7031284346608206,0.0,WELD_FOUND
5.612,0.02973861105360053,-0.029966571122040334,0.02524362538529448,0.03423359672190658,0.0276,0.0293,-0.0024,0.005,27,31,0.025,0.0287,0.7031284346608206,0.7031284346608206,0.0,WELD_FOUND
5.662,0.03106880690683951,-0.019892405491938128,0.028084946083048793,0.03405266773063023,0.019,0.02,0.009,0.014,27,31,0.025,0.0287,0.35156592487770283,0.5273471664290486,-0.17578124155134572,WELD_FOUND
5.712,0.03106880690683951,-0.019892405491938128,0.028084946083048793,0.03405266773063023,0.019,0.02,0.009,0.014,30,35,0.0278,0.0324,0.35156592487770283,0.5273471664290486,-0.17578124155134572,WELD_FOUND
5.762,0.03227672038871667,-0.012502180164488584,0.030401393364043384,0.03415204741338996,0.019,0.02,0.0114,0.0141,30,35,0.0278,0.0324,0.35156592487770283,0.35156592487770283,0.0,WELD_FOUND
5.812,0.03227672038871667,-0.012502180164488584,0.030401393364043384,0.03415204741338996,0.0287,0.0318,0.0017,0.0024,34,39,0.0315,0.0361,0.35156592487770283,0.35156592487770283,0.0,WELD_FOUND
5.862,0.032521067329449795,-0.01478284724608722,0.030303640242536713,0.034738494416362876,0.0287,0.0318,0.0016,0.0029,34,39,0.0315,0.0361,3.4150945850063755e-06,0.35156592487770283,-0.3515625097831178,WELD_FOUND
5.912,0.032521067329449795,-0.01478284724608722,0.030303640242536713,0.034738494416362876,0.0287,0.0318,0.0016,0.0029,37,43,0.0343,0.0399,3.4150945850063755e-06,0.35156592487770283,-0.3515625097831178,WELD_FOUND
5.962,0.0,0.0,0.0,0.0,0.0247,0.029,-0.0247,-0.029,37,43,0.0343,0.0399,3.4150945850063755e-06,nan,nan,NO_WELD
6.012,0.0,0.0,0.0,0.0,0.0247,0.029,-0.0247,-0.029,41,46,0.038,0.0426,3.4150945850063755e-06,nan,nan,NO_WELD
6.062,0.035,0.0,0.035,0.035,0.0296,0.0285,0.0054,0.0065,41,46,0.038,0.0426,3.4150945850063755e-06,3.4150945850063755e-06,0.0,WELD_FOUND
6.112,0.035,0.0,0.035,0.035,0.0296,0.0285,0.0054,0.0065,40,45,0.0371,0.0417,3.4150945850063755e-06,3.4150945850063755e-06,0.0,WELD_FOUND
6.162,0.03296084794034057,-0.020700353080937164,0.029855794978199995,0.03606590090248114,0.0141,0.0134,0.0158,0.0227,40,45,0.0371,0.0417,0.7031284346608206,0.35156592487770283,0.3515625097831178,WELD_FOUND
6.212,0.03296084794034057,-0.020700353080937164,0.029855794978199995,0.03606590090248114,0.0141,0.0134,0.0158,0.0227,43,48,0.0399,0.0445,0.7031284346608206,0.35156592487770283,0.3515625097831178,WELD_FOUND
6.262,0.035,0.0,0.035,0.035,0.0141,0.0134,0.0209,0.0216,43,48,0.0399,0.0445,3.4150945850063755e-06,3.4150945850063755e-06,0.0,WELD_FOUND
6.313,0.035,0.0,0.035,0.035,0.0282,0.0303,0.0068,0.0047,48,54,0.0445,0.05,3.4150945850063755e-06,3.4150945850063755e-06,0.0,WELD_FOUND
6.362,0.035,0.0,0.035,0.035,0.0282,0.0303,0.0068,0.0047,48,54,0.0445,0.05,0.35156592487770283,0.17578466998614392,0.1757812548915589,WELD_FOUND
6.412,0.035,0.0,0.035,0.035,0.0282,0.0303,0.0068,0.0047,53,58,0.0491,0.0538,0.35156592487770283,0.17578466998614392,0.1757812548915589,WELD_FOUND
6.462,0.035,0.0,0.035,0.035,0.0293,0.0281,0.0057,0.0069,53,58,0.0491,0.0538,3.4150945850063755e-06,3.4150945850063755e-06,0.0,WELD_FOUND
6.512,0.035,0.0,0.035,0.035,0.0293,0.0281,0.0057,0.0069,57,62,0.0528,0.0575,3.4150945850063755e-06,3.4150945850063755e-06,0.0,WELD_FOUND
6.562,0.033017439285213626,-0.02005807314827454,0.030008728312972445,0.03602615025745481,0.0293,0.0281,0.0007,0.008,57,62,0.0528,0.0575,0.35156592487770283,0.35156592487770283,0.0,WELD_FOUND
6.612,0.033017439285213626,-0.02005807314827454,0.030008728312972445,0.03602615025745481,0.0373,0.0366,-0.0073,-0.0006,61,66,0.0565,0.0612,0.35156592487770283,0.35156592487770283,0.0,WELD_FOUND
6.662,0.03266909537005092,-0.016115036948080367,0.03025183982783887,0.035086350912262976,0.0373,0.0366,-0.0071,-0.0015,61,66,0.0565,0.0612,0.35156592487770283,0.35156592487770283,0.0,WELD_FOUND
6.712,0.03266909537005092,-0.016115036948080367,0.03025183982783887,0.035086350912262976,0.0373,0.0366,-0.0071,-0.0015,65,70,0.0602,0.0649,0.35156592487770283,0.35156592487770283,0.0,WELD_FOUND
6.762,0.03259964826594302,-0.015501478930338685,0.030274426426392217,0.03492487010549382,0.0323,0.0319,-0.002,0.0031,65,70,0.0602,0.0649,-0.35155909468853286,0.35156592487770283,-0.7031250195662357,WELD_FOUND
6.812,0.03259964826594302,-0.015501478930338685,0.030274426426392217,0.03492487010549382,0.0323,0.0319,-0.002,0.0031,68,74,0.063,0.0686,-0.35155909468853286,0.35156592487770283,-0.7031250195662357,WELD_FOUND
6.862,0.0,0.0,0.0,0.0,0.0323,0.0319,-0.0323,-0.0319,68,74,0.063,0.0686,-0.35155909468853286,nan,nan,NO_WELD
6.912,0.0,0.0,0.0,0.0,0.0342,0.0364,-0.0342,-0.0364,71,77,0.0658,0.0714,-0.35155909468853286,nan,nan,NO_WELD
6.962,0.0,0.0,0.0,0.0,0.0342,0.0364,-0.0342,-0.0364,71,77,0.0658,0.0714,-0.35155909468853286,nan,nan,NO_WELD
7.012,0.0,0.0,0.0,0.0,0.0168,0.0181,-0.0168,-0.0181,70,76,0.0649,0.0704,-0.35155909468853286,nan,nan,NO_WELD
7.062,0.0,0.0,0.0,0.0,0.0168,0.0181,-0.0168,-0.0181,70,76,0.0649,0.0704,-0.35155909468853286,nan,nan,NO_WELD
7.112,0.0,0.0,0.0,0.0,0.0168,0.0181,-0.0168,-0.0181,70,76,0.0649,0.0704,-0.35155909468853286,nan,nan,NO_WELD
7.162,0.0,0.0,0.0,0.0,0.0135,0.0145,-0.0135,-0.0145,70,76,0.0649,0.0704,3.4150945850063755e-06,3.4150945850063755e-06,0.0,WELD_FOUND
7.212,0.0,0.0,0.0,0.0,0.0135,0.0145,-0.0135,-0.0145,70,76,0.0649,0.0704,3.4150945850063755e-06,3.4150945850063755e-06,0.0,WELD_FOUND
7.262,0.035,0.0,0.035,0.035,0.0135,0.0145,0.0215,0.0205,70,76,0.0649,0.0704,3.4150945850063755e-06,3.4150945850063755e-06,0.0,WELD_FOUND
7.313,0.035,0.0,0.035,0.035,0.0108,0.0116,0.0242,0.0234,70,76,0.0649,0.0704,3.4150945850063755e-06,3.4150945850063755e-06,0.0,WELD_FOUND
7.362,0.035,0.0,0.035,0.035,0.0108,0.0116,0.0242,0.0234,70,76,0.0649,0.0704,3.4150945850063755e-06,3.4150945850063755e-06,0.0,WELD_FOUND
7.412,0.035,0.0,0.035,0.035,0.0213,0.0218,0.0137,0.0132,74,80,0.0686,0.0741,3.4150945850063755e-06,3.4150945850063755e-06,0.0,WELD_FOUND
7.462,0.0,0.0,0.0,0.0,0.0213,0.0218,-0.0213,-0.0218,74,80,0.0686,0.0741,3.4150945850063755e-06,nan,nan,NO_WELD
7.512,0.0,0.0,0.0,0.0,0.0213,0.0218,-0.0213,-0.0218,80,86,0.0741,0.0797,3.4150945850063755e-06,nan,nan,NO_WELD
7.562,0.0,0.0,0.0,0.0,0.0276,0.0279,-0.0276,-0.0279,80,86,0.0741,0.0797,3.4150945850063755e-06,nan,nan,NO_WELD
7.612,0.0,0.0,0.0,0.0,0.0276,0.0279,-0.0276,-0.0279,81,87,0.0751,0.0806,3.4150945850063755e-06,nan,nan,NO_WELD
7.662,0.0,0.0,0.0,0.0,0.0203,0.0205,-0.0203,-0.0205,81,87,0.0751,0.0806,3.4150945850063755e-06,nan,nan,NO_WELD
7.712,0.0,0.0,0.0,0.0,0.0203,0.0205,-0.0203,-0.0205,81,87,0.0751,0.0806,3.4150945850063755e-06,nan,nan,NO_WELD
7.762,0.032582298035693374,-0.01763939540830401,0.029936388724447774,0.035228207346938975,0.0203,0.0205,0.0097,0.0148,81,87,0.0751,0.0806,0.35156592487770283,0.35156592487770283,0.0,WELD_FOUND
7.812,0.032582298035693374,-0.01763939540830401,0.029936388724447774,0.035228207346938975,0.0162,0.0164,0.0137,0.0189,81,87,0.0751,0.0806,0.35156592487770283,0.35156592487770283,0.0,WELD_FOUND
7.862,0.035,0.0,0.035,0.035,0.0162,0.0164,0.0188,0.0186,81,87,0.0751,0.0806,3.4150945850063755e-06,0.17578466998614392,-0.1757812548915589,WELD_FOUND
7.912,0.035,0.0,0.035,0.035,0.0162,0.0164,0.0188,0.0186,85,91,0.0788,0.0843,3.4150945850063755e-06,0.17578466998614392,-0.1757812548915589,WELD_FOUND
7.962,0.0,0.0,0.0,0.0,0.0196,0.0197,-0.0196,-0.0197,85,91,0.0788,0.0843,3.4150945850063755e-06,nan,nan,NO_WELD
8.012,0.0,0.0,0.0,0.0,0.0196,0.0197,-0.0196,-0.0197,90,96,0.0834,0.089,3.4150945850063755e-06,nan,nan,NO_WELD
8.062,0.0,0.0,0.0,0.0,0.0303,0.0303,-0.0303,-0.0303,90,96,0.0834,0.089,3.4150945850063755e-06,nan,nan,NO_WELD
8.112,0.0,0.0,0.0,0.0,0.0303,0.0303,-0.0303,-0.0303,91,97,0.0843,0.0899,3.4150945850063755e-06,nan,nan,NO_WELD
8.162,0.035,0.0,0.035,0.035,0.0303,0.0303,0.0047,0.0047,91,97,0.0843,0.0899,3.4150945850063755e-06,3.4150945850063755e-06,0.0,WELD_FOUND
8.212,0.035,0.0,0.035,0.035,0.0207,0.0207,0.0143,0.0143,91,97,0.0843,0.0899,3.4150945850063755e-06,3.4150945850063755e-06,0.0,WELD_FOUND
8.262,0.0,0.0,0.0,0.0,0.0207,0.0207,-0.0207,-0.0207,91,97,0.0843,0.0899,3.4150945850063755e-06,nan,nan,NO_WELD
8.313,0.0,0.0,0.0,0.0,0.0235,0.0235,-0.0235,-0.0235,94,100,0.0871,0.0927,3.4150945850063755e-06,nan,nan,NO_WELD
8.362,0.0,0.0,0.0,0.0,0.0235,0.0235,-0.0235,-0.0235,94,100,0.0871,0.0927,3.4150945850063755e-06,nan,nan,NO_WELD
8.412,0.0,0.0,0.0,0.0,0.0178,0.0178,-0.0178,-0.0178,95,101,0.088,0.0936,3.4150945850063755e-06,nan,nan,NO_WELD
8.462,0.0,0.0,0.0,0.0,0.0178,0.0178,-0.0178,-0.0178,95,101,0.088,0.0936,3.4150945850063755e-06,nan,nan,NO_WELD
8.512,0.0,0.0,0.0,0.0,0.007,0.007,-0.007,-0.007,94,100,0.0871,0.0927,3.4150945850063755e-06,nan,nan,NO_WELD
8.562,0.035,0.0,0.035,0.035,0.007,0.007,0.028,0.028,94,100,0.0871,0.0927,3.4150945850063755e-06,3.4150945850063755e-06,0.0,WELD_FOUND
8.612,0.035,0.0,0.035,0.035,0.007,0.007,0.028,0.028,94,100,0.0871,0.0927,3.4150945850063755e-06,3.4150945850063755e-06,0.0,WELD_FOUND
8.662,0.035,0.0,0.035,0.035,0.0056,0.0056,0.0294,0.0294,94,100,0.0871,0.0927,-0.35155909468853286,-0.17577783979697392,-0.17578125489155894,WELD_FOUND
8.712,0.035,0.0,0.035,0.035,0.0056,0.0056,0.0294,0.0294,98,104,0.0908,0.0964,-0.35155909468853286,-0.17577783979697392,-0.17578125489155894,WELD_FOUND
8.762,0.0,0.0,0.0,0.0,0.0182,0.0182,-0.0182,-0.0182,98,104,0.0908,0.0964,-0.35155909468853286,nan,nan,NO_WELD
8.812,0.0,0.0,0.0,0.0,0.0182,0.0182,-0.0182,-0.0182,104,110,0.0964,0.1019,-0.35155909468853286,nan,nan,NO_WELD
8.862,0.0,0.0,0.0,0.0,0.0182,0.0182,-0.0182,-0.0182,104,110,0.0964,0.1019,-0.35155909468853286,nan,nan,NO_WELD
8.912,0.0,0.0,0.0,0.0,0.0307,0.0307,-0.0307,-0.0307,106,112,0.0982,0.1038,-0.35155909468853286,nan,nan,NO_WELD
8.962,0.032867897619403896,0.01620886186612095,0.035299226899322036,0.030436568339485753,0.0307,0.0307,0.0046,-0.0002,106,112,0.0982,0.1038,-0.35155909468853286,-0.35155909468853286,0.0,WELD_FOUND
9.012,0.032867897619403896,0.01620886186612095,0.035299226899322036,0.030436568339485753,0.0245,0.0147,0.0108,0.0157,106,111,0.0982,0.1029,-0.35155909468853286,-0.35155909468853286,0.0,WELD_FOUND
9.062,0.0,0.0,0.0,0.0,0.0245,0.0147,-0.0245,-0.0147,106,111,0.0982,0.1029,-0.35155909468853286,nan,nan,NO_WELD
9.112,0.0,0.0,0.0,0.0,0.0245,0.0147,-0.0245,-0.0147,107,112,0.0992,0.1038,-0.35155909468853286,nan,nan,NO_WELD
9.162,0.0,0.0,0.0,0.0,0.0172,0.0113,-0.0172,-0.0113,107,112,0.0992,0.1038,-0.35155909468853286,nan,nan,NO_WELD
9.212,0.0,0.0,0.0,0.0,0.0172,0.0113,-0.0172,-0.0113,108,113,0.1001,0.1047,-0.35155909468853286,nan,nan,NO_WELD
9.262,0.030765842748245273,0.02999547285838853,0.03526516367700355,0.026266521819486993,0.0172,0.0113,0.0181,0.015,108,113,0.1001,0.1047,-0.7031216044716506,-0.7031216044716506,0.0,WELD_FOUND
9.313,0.030765842748245273,0.02999547285838853,0.03526516367700355,0.026266521819486993,0.0128,0.0092,0.0225,0.017,108,113,0.1001,0.1047,-0.7031216044716506,-0.7031216044716506,0.0,WELD_FOUND
9.362,0.03035376667447743,0.031660801489467025,0.035102886897897485,0.025604646451057377,0.0128,0.0092,0.0223,0.0164,108,113,0.1001,0.1047,-0.7031216044716506,-0.7031216044716506,0.0,WELD_FOUND
9.412,0.03035376667447743,0.031660801489467025,0.035102886897897485,0.025604646451057377,0.0188,0.0204,0.0163,0.0052,111,117,0.1029,0.1084,-0.7031216044716506,-0.7031216044716506,0.0,WELD_FOUND
9.462,0.030271684855742408,0.030870138053212377,0.03490220556372427,0.02564116414776055,0.0188,0.0204,0.0161,0.0053,111,117,0.1029,0.1084,-0.35155909468853286,-0.7031216044716506,0.35156250978311776,WELD_FOUND
9.512,0.030271684855742408,0.030870138053212377,0.03490220556372427,0.02564116414776055,0.0188,0.0204,0.0161,0.0053,116,121,0.1075,0.1121,-0.35155909468853286,-0.7031216044716506,0.35156250978311776,WELD_FOUND
9.562,0.0,0.0,0.0,0.0,0.0236,0.0221,-0.0236,-0.0221,116,121,0.1075,0.1121,-0.35155909468853286,nan,nan,NO_WELD
9.612,0.0,0.0,0.0,0.0,0.0236,0.0221,-0.0236,-0.0221,120,125,0.1112,0.1158,-0.35155909468853286,nan,nan,NO_WELD
9.662,0.0,0.0,0.0,0.0,0.0236,0.0221,-0.0236,-0.0221,120,125,0.1112,0.1158,-0.35155909468853286,nan,nan,NO_WELD
9.712,0.0,0.0,0.0,0.0,0.0265,0.0232,-0.0265,-0.0232,121,125,0.1121,0.1158,-0.35155909468853286,nan,nan,NO_WELD
9.762,0.0,0.0,0.0,0.0,0.0265,0.0232,-0.0265,-0.0232,121,125,0.1121,0.1158,-0.35155909468853286,nan,nan,NO_WELD
9.812,0.0,0.0,0.0,0.0,0.0212,0.0185,-0.0212,-0.0185,121,125,0.1121,0.1158,-0.35155909468853286,nan,nan,NO_WELD
9.862,0.02800653687058349,0.05,0.035506536870583486,0.02050653687058349,0.0212,0.0185,0.0143,0.002,121,125,0.1121,0.1158,-1.0546840875743422,-1.0546840875743422,0.0,WELD_FOUND
9.912,0.02800653687058349,0.05,0.035506536870583486,0.02050653687058349,0.0212,0.0185,0.0143,0.002,121,125,0.1121,0.1158,-1.0546840875743422,-1.0546840875743422,0.0,WELD_FOUND
9.962,0.02979533140041098,0.02633970569742735,0.033746287255025084,0.025844375545796876,0.017,0.0148,0.0168,0.011,121,125,0.1121,0.1158,-0.35155909468853286,-0.7031216044716506,0.35156250978311776,WELD_FOUND
10.012,0.02979533140041098,0.02633970569742735,0.033746287255025084,0.025844375545796876,0.017,0.0148,0.0168,0.011,124,127,0.1149,0.1177,-0.35155909468853286,-0.7031216044716506,0.35156250978311776,WELD_FOUND
10.062,0.028359866089474804,0.04944315866136998,0.0357763398886803,0.020943392290269307,0.017,0.0148,0.0188,0.0061,124,127,0.1149,0.1177,-1.0546840875743422,-1.0546840875743422,0.0,WELD_FOUND
10.112,0.028359866089474804,0.04944315866136998,0.0357763398886803,0.020943392290269307,0.0275,0.0237,0.0083,-0.0028,128,131,0.1186,0.1214,-1.0546840875743422,-1.0546840875743422,0.0,WELD_FOUND
10.162,0.0,0.0,0.0,0.0,0.0275,0.0237,-0.0275,-0.0237,128,131,0.1186,0.1214,-1.0546840875743422,nan,nan,NO_WELD
10.212,0.0,0.0,0.0,0.0,0.0313,0.0291,-0.0313,-0.0291,132,135,0.1223,0.1251,-1.0546840875743422,nan,nan,NO_WELD
10.262,0.0,0.0,0.0,0.0,0.0313,0.0291,-0.0313,-0.0291,132,135,0.1223,0.1251,-1.0546840875743422,nan,nan,NO_WELD
10.313,0.0,0.0,0.0,0.0,0.0313,0.0291,-0.0313,-0.0291,134,136,0.1242,0.126,-1.0546840875743422,nan,nan,NO_WELD
10.362,0.0,0.0,0.0,0.0,0.0237,0.0199,-0.0237,-0.0199,134,136,0.1242,0.126,-1.0546840875743422,nan,nan,NO_WELD
10.412,0.0,0.0,0.0,0.0,0.0237,0.0199,-0.0237,-0.0199,134,136,0.1242,0.126,-1.0546840875743422,nan,nan,NO_WELD
10.462,0.0,0.0,0.0,0.0,0.0237,0.0199,-0.0237,-0.0199,134,136,0.1242,0.126,-1.0546840875743422,nan,nan,NO_WELD
10.512,0.0,0.0,0.0,0.0,0.019,0.0159,-0.019,-0.0159,134,136,0.1242,0.126,-1.0546840875743422,nan,nan,NO_WELD
10.562,0.0,0.0,0.0,0.0,0.019,0.0159,-0.019,-0.0159,134,136,0.1242,0.126,-1.0546840875743422,nan,nan,NO_WELD
10.612,0.0,0.0,0.0,0.0,0.019,0.0159,-0.019,-0.0159,134,136,0.1242,0.126,-1.0546840875743422,nan,nan,NO_WELD
10.662,0.0,0.0,0.0,0.0,0.0152,0.0127,-0.0152,-0.0127,134,136,0.1242,0.126,-1.0546840875743422,nan,nan,NO_WELD
10.712,0.0,0.0,0.0,0.0,0.0152,0.0127,-0.0152,-0.0127,134,136,0.1242,0.126,-1.0546840875743422,nan,nan,NO_WELD
10.762,0.0,0.0,0.0,0.0,0.0152,0.0127,-0.0152,-0.0127,134,136,0.1242,0.126,-1.0546840875743422,nan,nan,NO_WELD
10.812,0.0,0.0,0.0,0.0,0.0122,0.0102,-0.0122,-0.0102,134,136,0.1242,0.126,-1.0546840875743422,nan,nan,NO_WELD
10.862,0.025848408980401087,0.05,0.03334840898040109,0.018348408980401087,0.0122,0.0102,0.0212,0.0082,134,136,0.1242,0.126,-1.4062466240378864,-1.4062466240378864,0.0,WELD_FOUND
10.912,0.025848408980401087,0.05,0.03334840898040109,0.018348408980401087,0.0097,0.0082,0.0236,0.0102,134,136,0.1242,0.126,-1.4062466240378864,-1.4062466240378864,0.0,WELD_FOUND
10.962,0.0,0.0,0.0,0.0,0.0097,0.0082,-0.0097,-0.0082,134,136,0.1242,0.126,-1.4062466240378864,nan,nan,NO_WELD
11.012,0.0,0.0,0.0,0.0,0.017,0.016,-0.017,-0.016,137,139,0.127,0.1288,-1.4062466240378864,nan,nan,NO_WELD
11.062,0.027567989904392506,0.04538236400542929,0.0343753445052069,0.020760635303578114,0.017,0.016,0.0174,0.0047,137,139,0.127,0.1288,-1.0546840875743422,-1.0546840875743422,0.0,WELD_FOUND
11.112,0.027567989904392506,0.04538236400542929,0.0343753445052069,0.020760635303578114,0.017,0.016,0.0174,0.0047,140,143,0.1297,0.1325,-1.0546840875743422,-1.0546840875743422,0.0,WELD_FOUND
11.162,0.027918550621819114,0.04516461771101364,0.03469324327847116,0.021143857965167066,0.0176,0.0195,0.0171,0.0017,140,143,0.1297,0.1325,-1.0546840875743422,-1.0546840875743422,0.0,WELD_FOUND
11.212,0.027918550621819114,0.04516461771101364,0.03469324327847116,0.021143857965167066,0.0176,0.0195,0.0171,0.0017,141,144,0.1307,0.1335,-1.0546840875743422,-1.0546840875743422,0.0,WELD_FOUND
11.262,0.0,0.0,0.0,0.0,0.0176,0.0195,-0.0176,-0.0195,141,144,0.1307,0.1335,-1.0546840875743422,nan,nan,NO_WELD
11.313,0.0,0.0,0.0,0.0,0.0229,0.0241,-0.0229,-0.0241,145,148,0.1344,0.1372,-1.0546840875743422,nan,nan,NO_WELD
11.362,0.0,0.0,0.0,0.0,0.0229,0.0241,-0.0229,-0.0241,145,148,0.1344,0.1372,-1.0546840875743422,nan,nan,NO_WELD
11.412,0.0,0.0,0.0,0.0,0.0229,0.0241,-0.0229,-0.0241,147,149,0.1362,0.1381,-1.0546840875743422,nan,nan,NO_WELD
11.462,0.0,0.0,0.0,0.0,0.0187,0.0169,-0.0187,-0.0169,147,149,0.1362,0.1381,-1.0546840875743422,nan,nan,NO_WELD
11.512,0.0,0.0,0.0,0.0,0.0187,0.0169,-0.0187,-0.0169,147,149,0.1362,0.1381,-1.0546840875743422,nan,nan,NO_WELD
11.562,0.0,0.0,0.0,0.0,0.015,0.0135,-0.015,-0.0135,147,149,0.1362,0.1381,-1.0546840875743422,nan,nan,NO_WELD
11.612,0.0,0.0,0.0,0.0,0.015,0.0135,-0.015,-0.0135,147,149,0.1362,0.1381,-1.0546840875743422,nan,nan,NO_WELD
11.662,0.03258234416615065,0.01718488756334659,0.03516007730065264,0.03000461103164866,0.015,0.0135,0.0202,0.0165,147,149,0.1362,0.1381,-0.35155909468853286,-0.35155909468853286,0.0,WELD_FOUND
11.712,0.03258234416615065,0.01718488756334659,0.03516007730065264,0.03000461103164866,0.012,0.0108,0.0232,0.0192,147,149,0.1362,0.1381,-0.35155909468853286,-0.35155909468853286,0.0,WELD_FOUND
11.762,0.0,0.0,0.0,0.0,0.012,0.0108,-0.012,-0.0108,147,149,0.1362,0.1381,-0.35155909468853286,nan,nan,NO_WELD
11.812,0.0,0.0,0.0,0.0,0.0146,0.0176,-0.0146,-0.0176,149,152,0.1381,0.1409,-0.35155909468853286,nan,nan,NO_WELD
11.862,0.0,0.0,0.0,0.0,0.0146,0.0176,-0.0146,-0.0176,149,152,0.1381,0.1409,-0.35155909468853286,nan,nan,NO_WELD
11.912,0.0,0.0,0.0,0.0,0.0162,0.0143,-0.0162,-0.0143,151,153,0.1399,0.1418,-0.35155909468853286,nan,nan,NO_WELD
11.962,0.035,0.0,0.035,0.035,0.0162,0.0143,0.0188,0.0207,151,153,0.1399,0.1418,3.4150945850063755e-06,3.4150945850063755e-06,0.0,WELD_FOUND
12.012,0.035,0.0,0.035,0.035,0.0129,0.0143,0.0221,0.0207,151,152,0.1399,0.1409,3.4150945850063755e-06,3.4150945850063755e-06,0.0,WELD_FOUND
12.062,0.0,0.0,0.0,0.0,0.0129,0.0061,-0.0129,-0.0061,151,152,0.1399,0.1409,3.4150945850063755e-06,nan,nan,NO_WELD
12.112,0.0,0.0,0.0,0.0,0.0129,0.0061,-0.0129,-0.0061,155,156,0.1436,0.1446,3.4150945850063755e-06,nan,nan,NO_WELD
12.162,0.0,0.0,0.0,0.0,0.0177,0.0185,-0.0177,-0.0185,155,156,0.1436,0.1446,3.4150945850063755e-06,nan,nan,NO_WELD
12.212,0.0,0.0,0.0,0.0,0.0177,0.0185,-0.0177,-0.0185,157,158,0.1455,0.1464,3.4150945850063755e-06,nan,nan,NO_WELD
12.262,0.03296335895930581,0.015472340120391852,0.03528420997736458,0.030642507941247028,0.0177,0.0185,0.0176,0.0122,157,158,0.1455,0.1464,-0.35155909468853286,-0.35155909468853286,0.0,WELD_FOUND
12.313,0.03296335895930581,0.015472340120391852,0.03528420997736458,0.030642507941247028,0.0155,0.016,0.0198,0.0146,157,158,0.1455,0.1464,-0.35155909468853286,-0.35155909468853286,0.0,WELD_FOUND
12.362,0.031714415545505206,0.025879156453962743,0.03559628901359962,0.027832542077410795,0.0155,0.016,0.0201,0.0118,157,158,0.1455,0.1464,-0.7031216044716506,-0.5273403362398785,-0.1757812682317721,WELD_FOUND
12.412,0.031714415545505206,0.025879156453962743,0.03559628901359962,0.027832542077410795,0.0167,0.017,0.0189,0.0108,159,160,0.1474,0.1483,-0.7031216044716506,-0.5273403362398785,-0.1757812682317721,WELD_FOUND
12.462,0.03054106395306055,0.033389911854517174,0.035549550731238125,0.025532577174882977,0.0167,0.017,0.0188,0.0085,159,160,0.1474,0.1483,-0.7031216044716506,-0.7031216044716506,0.0,WELD_FOUND
12.512,0.03054106395306055,0.033389911854517174,0.035549550731238125,0.025532577174882977,0.0167,0.017,0.0188,0.0085,165,165,0.1529,0.1529,-0.7031216044716506,-0.7031216044716506,0.0,WELD_FOUND
12.562,0.0,0.0,0.0,0.0,0.0249,0.0226,-0.0249,-0.0226,165,165,0.1529,0.1529,-0.7031216044716506,nan,nan,NO_WELD
12.612,0.0,0.0,0.0,0.0,0.0249,0.0226,-0.0249,-0.0226,169,169,0.1566,0.1566,-0.7031216044716506,nan,nan,NO_WELD
12.662,0.0,0.0,0.0,0.0,0.0249,0.0226,-0.0249,-0.0226,169,169,0.1566,0.1566,-0.7031216044716506,nan,nan,NO_WELD
12.712,0.0,0.0,0.0,0.0,0.0223,0.0259,-0.0223,-0.0259,168,170,0.1557,0.1576,-0.7031216044716506,nan,nan,NO_WELD
12.762,0.0,0.0,0.0,0.0,0.0223,0.0259,-0.0223,-0.0259,168,170,0.1557,0.1576,-0.7031216044716506,nan,nan,NO_WELD
12.812,0.0,0.0,0.0,0.0,0.0179,0.0207,-0.0179,-0.0207,168,170,0.1557,0.1576,-0.7031216044716506,nan,nan,NO_WELD
12.862,0.0,0.0,0.0,0.0,0.0179,0.0207,-0.0179,-0.0207,168,170,0.1557,0.1576,-0.7031216044716506,nan,nan,NO_WELD
12.912,0.0,0.0,0.0,0.0,0.0179,0.0207,-0.0179,-0.0207,168,170,0.1557,0.1576,-0.7031216044716506,nan,nan,NO_WELD
12.962,0.03258234416615065,0.017186632865975174,0.035160339096046926,0.030004349236254373,0.0143,0.0166,0.0209,0.0134,168,170,0.1557,0.1576,-0.35155909468853286,-0.35155909468853286,0.0,WELD_FOUND
13.012,0.03258234416615065,0.017186632865975174,0.035160339096046926,0.030004349236254373,0.0143,0.0166,0.0209,0.0134,168,170,0.1557,0.1576,-0.35155909468853286,-0.35155909468853286,0.0,WELD_FOUND
13.062,0.0,0.0,0.0,0.0,0.0143,0.0166,-0.0143,-0.0166,168,170,0.1557,0.1576,-0.35155909468853286,nan,nan,NO_WELD
13.112,0.0,0.0,0.0,0.0,0.0209,0.0223,-0.0209,-0.0223,173,175,0.1603,0.1622,-0.35155909468853286,nan,nan,NO_WELD
13.162,0.035,0.0,0.035,0.035,0.0209,0.0223,0.0141,0.0127,173,175,0.1603,0.1622,3.4150945850063755e-06,3.4150945850063755e-06,0.0,WELD_FOUND
13.212,0.035,0.0,0.035,0.035,0.02,0.0208,0.015,0.0142,175,177,0.1622,0.164,3.4150945850063755e-06,3.4150945850063755e-06,0.0,WELD_FOUND
13.262,0.0,0.0,0.0,0.0,0.02,0.0208,-0.02,-0.0208,175,177,0.1622,0.164,3.4150945850063755e-06,nan,nan,NO_WELD
13.313,0.0,0.0,0.0,0.0,0.02,0.0208,-0.02,-0.0208,177,180,0.164,0.1668,3.4150945850063755e-06,nan,nan,NO_WELD
13.362,0.03108043343226269,0.03273222858370661,0.03599026771981868,0.026170599144706697,0.0169,0.0199,0.0191,0.0063,177,180,0.164,0.1668,-0.7031216044716506,-0.7031216044716506,0.0,WELD_FOUND
13.412,0.03108043343226269,0.03273222858370661,0.03599026771981868,0.026170599144706697,0.0169,0.0199,0.0191,0.0063,179,181,0.1659,0.1677,-0.7031216044716506,-0.7031216044716506,0.0,WELD_FOUND
13.462,0.0,0.0,0.0,0.0,0.0176,0.0156,-0.0176,-0.0156,179,181,0.1659,0.1677,-0.7031216044716506,nan,nan,NO_WELD
13.512,0.0,0.0,0.0,0.0,0.0176,0.0156,-0.0176,-0.0156,181,183,0.1677,0.1696,-0.7031216044716506,nan,nan,NO_WELD
13.562,0.035,0.0,0.035,0.035,0.0176,0.0156,0.0174,0.0194,181,183,0.1677,0.1696,3.4150945850063755e-06,3.4150945850063755e-06,0.0,WELD_FOUND
13.612,0.035,0.0,0.035,0.035,0.0179,0.0143,0.0171,0.0207,182,183,0.1687,0.1696,3.4150945850063755e-06,3.4150945850063755e-06,0.0,WELD_FOUND
13.662,0.0,0.0,0.0,0.0,0.0179,0.0143,-0.0179,-0.0143,182,183,0.1687,0.1696,3.4150945850063755e-06,nan,nan,NO_WELD
13.712,0.0,0.0,0.0,0.0,0.0293,0.0271,-0.0293,-0.0271,187,188,0.1733,0.1742,3.4150945850063755e-06,nan,nan,NO_WELD
13.762,0.0,0.0,0.0,0.0,0.0293,0.0271,-0.0293,-0.0271,187,188,0.1733,0.1742,3.4150945850063755e-06,nan,nan,NO_WELD
13.812,0.0,0.0,0.0,0.0,0.0234,0.0217,-0.0234,-0.0217,187,188,0.1733,0.1742,3.4150945850063755e-06,nan,nan,NO_WELD
13.862,0.0,0.0,0.0,0.0,0.0234,0.0217,-0.0234,-0.0217,187,188,0.1733,0.1742,3.4150945850063755e-06,nan,nan,NO_WELD
13.912,0.0,0.0,0.0,0.0,0.0188,0.0174,-0.0188,-0.0174,187,188,0.1733,0.1742,3.4150945850063755e-06,nan,nan,NO_WELD
13.962,0.035,0.0,0.035,0.035,0.0188,0.0174,0.0162,0.0176,187,188,0.1733,0.1742,3.4150945850063755e-06,3.4150945850063755e-06,0.0,WELD_FOUND
14.012,0.035,0.0,0.035,0.035,0.0188,0.0174,0.0162,0.0176,187,188,0.1733,0.1742,3.4150945850063755e-06,3.4150945850063755e-06,0.0,WELD_FOUND
14.062,0.03305895872694979,0.01973939791252935,0.0360198684138292,0.03009804904007039,0.015,0.0139,0.021,0.0162,187,188,0.1733,0.1742,-0.7031216044716506,-0.35155909468853286,-0.35156250978311776,WELD_FOUND
14.112,0.03305895872694979,0.01973939791252935,0.0360198684138292,0.03009804904007039,0.015,0.0139,0.021,0.0162,191,192,0.177,0.1779,-0.7031216044716506,-0.35155909468853286,-0.35156250978311776,WELD_FOUND
14.162,0.0,0.0,0.0,0.0,0.015,0.0139,-0.015,-0.0139,191,192,0.177,0.1779,-0.7031216044716506,nan,nan,NO_WELD
14.212,0.0,0.0,0.0,0.0,0.0287,0.0305,-0.0287,-0.0305,195,197,0.1807,0.1826,-0.7031216044716506,nan,nan,NO_WELD
14.262,0.0,0.0,0.0,0.0,0.0287,0.0305,-0.0287,-0.0305,195,197,0.1807,0.1826,-0.7031216044716506,nan,nan,NO_WELD
14.313,0.0,0.0,0.0,0.0,0.0287,0.0305,-0.0287,-0.0305,196,196,0.1816,0.1816,-0.7031216044716506,nan,nan,NO_WELD
14.362,0.035,0.0,0.035,0.035,0.0197,0.0159,0.0153,0.0191,196,196,0.1816,0.1816,3.4150945850063755e-06,3.4150945850063755e-06,0.0,WELD_FOUND
14.412,0.035,0.0,0.035,0.035,0.0197,0.0159,0.0153,0.0191,196,196,0.1816,0.1816,3.4150945850063755e-06,3.4150945850063755e-06,0.0,WELD_FOUND
14.462,0.035,0.0,0.035,0.035,0.0197,0.0159,0.0153,0.0191,196,196,0.1816,0.1816,3.4150945850063755e-06,3.4150945850063755e-06,0.0,WELD_FOUND
14.512,0.035,0.0,0.035,0.035,0.0217,0.0218,0.0133,0.0132,200,201,0.1854,0.1863,3.4150945850063755e-06,3.4150945850063755e-06,0.0,WELD_FOUND
14.562,0.0,0.0,0.0,0.0,0.0217,0.0218,-0.0217,-0.0218,200,201,0.1854,0.1863,3.4150945850063755e-06,nan,nan,NO_WELD
14.612,0.0,0.0,0.0,0.0,0.0217,0.0218,-0.0217,-0.0218,205,205,0.19,0.19,3.4150945850063755e-06,nan,nan,NO_WELD
14.662,0.035,0.0,0.035,0.035,0.0254,0.023,0.0096,0.012,205,205,0.19,0.19,3.4150945850063755e-06,3.4150945850063755e-06,0.0,WELD_FOUND
14.712,0.035,0.0,0.035,0.035,0.0254,0.023,0.0096,0.012,205,206,0.19,0.1909,3.4150945850063755e-06,3.4150945850063755e-06,0.0,WELD_FOUND
14.762,0.03305589739041632,0.019642810678637504,0.03600231899221194,0.030109475788620693,0.0254,0.023,0.0106,0.0071,205,206,0.19,0.1909,-0.7031216044716506,-0.35155909468853286,-0.35156250978311776,WELD_FOUND
14.812,0.03305589739041632,0.019642810678637504,0.03600231899221194,0.030109475788620693,0.0251,0.0286,0.0109,0.0015,209,211,0.1937,0.1955,-0.7031216044716506,-0.35155909468853286,-0.35156250978311776,WELD_FOUND
14.862,0.0,0.0,0.0,0.0,0.0251,0.0286,-0.0251,-0.0286,209,211,0.1937,0.1955,-0.7031216044716506,nan,nan,NO_WELD
14.912,0.0,0.0,0.0,0.0,0.0299,0.032,-0.0299,-0.032,213,215,0.1974,0.1993,-0.7031216044716506,nan,nan,NO_WELD
14.962,0.032676781487929824,0.0154661015551162,0.034996696721197255,0.03035686625466239,0.0299,0.032,0.0051,-0.0016,213,215,0.1974,0.1993,-0.35155909468853286,-0.35155909468853286,0.0,WELD_FOUND
15.012,0.032676781487929824,0.0154661015551162,0.034996696721197255,0.03035686625466239,0.0299,0.032,0.0051,-0.0016,214,216,0.1983,0.2002,-0.35155909468853286,-0.35155909468853286,0.0,WELD_FOUND
15.062,0.03165809864408132,0.025306988138629777,0.03545414686487579,0.027862050423286853,0.0204,0.0217,0.015,0.0062,214,216,0.1983,0.2002,-0.7031216044716506,-0.5273403362398785,-0.1757812682317721,WELD_FOUND
15.112,0.03165809864408132,0.025306988138629777,0.03545414686487579,0.027862050423286853,0.0204,0.0217,0.015,0.0062,217,219,0.2011,0.203,-0.7031216044716506,-0.5273403362398785,-0.1757812682317721,WELD_FOUND
15.162,0.03239643121602542,0.013630564208097745,0.03444101584724008,0.03035184658481076,0.0204,0.0217,0.014,0.0087,217,219,0.2011,0.203,-0.35155909468853286,-0.35155909468853286,0.0,WELD_FOUND
15.212,0.03239643121602542,0.013630564208097745,0.03444101584724008,0.03035184658481076,0.0197,0.0204,0.0148,0.0099,217,219,0.2011,0.203,-0.35155909468853286,-0.35155909468853286,0.0,WELD_FOUND
15.262,0.0,0.0,0.0,0.0,0.0197,0.0204,-0.0197,-0.0204,222,224,0.2057,0.2076,-0.35155909468853286,nan,nan,NO_WELD
15.313,0.0,0.0,0.0,0.0,0.0303,0.0308,-0.0303,-0.0308,222,224,0.2057,0.2076,-0.35155909468853286,nan,nan,NO_WELD
15.362,0.03067435312978423,0.0312542188645864,0.03536248595947219,0.02598622030009627,0.0303,0.0308,0.005,-0.0048,225,228,0.2085,0.2113,-0.7031216044716506,-0.7031216044716506,0.0,WELD_FOUND
15.412,0.03067435312978423,0.0312542188645864,0.03536248595947219,0.02598622030009627,0.0303,0.0308,0.005,-0.0048,225,228,0.2085,0.2113,-0.7031216044716506,-0.7031216044716506,0.0,WELD_FOUND
15.462,0.03125893958340855,0.021640742671786395,0.03450505098417651,0.02801282818264059,0.0281,0.0284,0.0064,-0.0003,226,228,0.2094,0.2113,-0.35155909468853286,-0.5273403362398785,0.17578124155134567,WELD_FOUND
15.512,0.03125893958340855,0.021640742671786395,0.03450505098417651,0.02801282818264059,0.0281,0.0284,0.0064,-0.0003,226,228,0.2094,0.2113,-0.35155909468853286,-0.5273403362398785,0.17578124155134567,WELD_FOUND
15.562,0.03231546832145727,0.012929145827825776,0.03425484019563114,0.030376096447283403,0.0281,0.0284,0.0062,0.002,230,231,0.2132,0.2141,-0.35155909468853286,-0.35155909468853286,0.0,WELD_FOUND
15.612,0.03231546832145727,0.012929145827825776,0.03425484019563114,0.030376096447283403,0.0267,0.0244,0.0075,0.0059,230,231,0.2132,0.2141,-0.35155909468853286,-0.35155909468853286,0.0,WELD_FOUND
15.662,0.03252888120008618,0.014854832447406697,0.03475710606719718,0.030300656332975174,0.0267,0.0244,0.008,0.0059,233,234,0.2159,0.2169,-0.35155909468853286,-0.35155909468853286,0.0,WELD_FOUND
15.712,0.03252888120008618,0.014854832447406697,0.03475710606719718,0.030300656332975174,0.0272,0.0258,0.0076,0.0045,233,234,0.2159,0.2169,-0.35155909468853286,-0.35155909468853286,0.0,WELD_FOUND
15.762,0.0,0.0,0.0,0.0,0.0272,0.0258,-0.0272,-0.0258,237,238,0.2196,0.2206,-0.35155909468853286,nan,nan,NO_WELD
15.812,0.0,0.0,0.0,0.0,0.0311,0.0303,-0.0311,-0.0303,237,238,0.2196,0.2206,-0.35155909468853286,nan,nan,NO_WELD
15.862,0.035,0.0,0.035,0.035,0.0311,0.0303,0.0039,0.0047,241,242,0.2234,0.2243,3.4150945850063755e-06,3.4150945850063755e-06,0.0,WELD_FOUND
15.912,0.035,0.0,0.035,0.035,0.0311,0.0303,0.0039,0.0047,241,242,0.2234,0.2243,3.4150945850063755e-06,3.4150945850063755e-06,0.0,WELD_FOUND
15.962,0.035,0.0,0.035,0.035,0.031,0.0281,0.004,0.0069,242,242,0.2243,0.2243,-0.35155909468853286,-0.17577783979697392,-0.17578125489155894,WELD_FOUND
16.012,0.035,0.0,0.035,0.035,0.031,0.0281,0.004,0.0069,242,242,0.2243,0.2243,-0.35155909468853286,-0.17577783979697392,-0.17578125489155894,WELD_FOUND
16.062,0.035,0.0,0.035,0.035,0.0334,0.0317,0.0016,0.0033,246,246,0.228,0.228,3.4150945850063755e-06,3.4150945850063755e-06,0.0,WELD_FOUND
16.112,0.035,0.0,0.035,0.035,0.0334,0.0317,0.0016,0.0033,246,246,0.228,0.228,3.4150945850063755e-06,3.4150945850063755e-06,0.0,WELD_FOUND
16.162,0.035,0.0,0.035,0.035,0.0386,0.0375,-0.0036,-0.0025,251,251,0.2326,0.2326,-0.7031216044716506,-0.17577783979697392,-0.5273437646746767,WELD_FOUND
16.212,0.035,0.0,0.035,0.035,0.0386,0.0375,-0.0036,-0.0025,251,251,0.2326,0.2326,-0.7031216044716506,-0.17577783979697392,-0.5273437646746767,WELD_FOUND
16.262,0.032859486460494365,0.021820152648677718,0.03613250935779602,0.029586463563192708,0.0386,0.0375,-0.0025,-0.0079,255,255,0.2363,0.2363,-0.35155909468853286,-0.35155909468853286,0.0,WELD_FOUND
16.313,0.032859486460494365,0.021820152648677718,0.03613250935779602,0.029586463563192708,0.033,0.0324,0.0031,-0.0028,255,255,0.2363,0.2363,-0.35155909468853286,-0.35155909468853286,0.0,WELD_FOUND
16.362,0.032637678730096265,0.01583150355373819,0.03501240426315699,0.030262953197035536,0.033,0.0324,0.002,-0.0021,258,258,0.2391,0.2391,-0.35155909468853286,-0.35155909468853286,0.0,WELD_FOUND
16.412,0.032637678730096265,0.01583150355373819,0.03501240426315699,0.030262953197035536,0.0309,0.0306,0.0041,-0.0003,258,258,0.2391,0.2391,-0.35155909468853286,-0.35155909468853286,0.0,WELD_FOUND
16.462,0.03259340732314285,0.015440209571536506,0.034909438758873326,0.030277375887412375,0.0309,0.0306,0.004,-0.0003,261,261,0.2419,0.2419,-0.35155909468853286,-0.35155909468853286,0.0,WELD_FOUND
16.512,0.03259340732314285,0.015440209571536506,0.034909438758873326,0.030277375887412375,0.0297,0.0295,0.0052,0.0008,261,261,0.2419,0.2419,-0.35155909468853286,-0.35155909468853286,0.0,WELD_FOUND
16.562,0.0,0.0,0.0,0.0,0.0297,0.0295,-0.0297,-0.0295,265,265,0.2456,0.2456,-0.35155909468853286,nan,nan,NO_WELD
16.612,0.0,0.0,0.0,0.0,0.0326,0.0325,-0.0326,-0.0325,265,265,0.2456,0.2456,-0.35155909468853286,nan,nan,NO_WELD
16.662,0.0,0.0,0.0,0.0,0.0326,0.0325,-0.0326,-0.0325,268,269,0.2484,0.2493,-0.35155909468853286,nan,nan,NO_WELD
16.712,0.0,0.0,0.0,0.0,0.0307,0.0343,-0.0307,-0.0343,268,269,0.2484,0.2493,-0.35155909468853286,nan,nan,NO_WELD
16.762,0.035,0.0,0.035,0.035,0.0307,0.0343,0.0043,0.0007,268,269,0.2484,0.2493,3.4150945850063755e-06,3.4150945850063755e-06,0.0,WELD_FOUND
16.812,0.035,0.0,0.035,0.035,0.0246,0.0275,0.0104,0.0075,268,269,0.2484,0.2493,3.4150945850063755e-06,3.4150945850063755e-06,0.0,WELD_FOUND
16.862,0.0,0.0,0.0,0.0,0.0246,0.0275,-0.0246,-0.0275,268,269,0.2484,0.2493,3.4150945850063755e-06,nan,nan,NO_WELD
16.912,0.0,0.0,0.0,0.0,0.0246,0.0275,-0.0246,-0.0275,268,269,0.2484,0.2493,3.4150945850063755e-06,nan,nan,NO_WELD
16.962,0.0,0.0,0.0,0.0,0.0271,0.0264,-0.0271,-0.0264,273,273,0.253,0.253,3.4150945850063755e-06,nan,nan,NO_WELD
17.012,0.0,0.0,0.0,0.0,0.0271,0.0264,-0.0271,-0.0264,273,273,0.253,0.253,-0.7031216044716506,nan,nan,NO_WELD
17.062,0.031080865603724753,0.03020666758413216,0.035611865741344575,0.02654986546610493,0.0217,0.0264,0.0139,0.0002,273,274,0.253,0.2539,-0.7031216044716506,-0.7031216044716506,0.0,WELD_FOUND
17.112,0.031080865603724753,0.03020666758413216,0.035611865741344575,0.02654986546610493,0.0217,0.0183,0.0139,0.0083,273,274,0.253,0.2539,-0.7031216044716506,-0.7031216044716506,0.0,WELD_FOUND
17.162,0.030416220592395023,0.03222032153944759,0.03524926882331216,0.025583172361477884,0.0173,0.0183,0.0179,0.0073,273,274,0.253,0.2539,-0.7031216044716506,-0.7031216044716506,0.0,WELD_FOUND
17.212,0.030416220592395023,0.03222032153944759,0.03524926882331216,0.025583172361477884,0.0173,0.0146,0.0179,0.011,273,274,0.253,0.2539,-0.35155909468853286,-0.7031216044716506,0.35156250978311776,WELD_FOUND
17.262,0.030284153613198802,0.03099302375204366,0.034933107176005354,0.025635200050392253,0.0173,0.0146,0.0176,0.011,277,278,0.2567,0.2576,-0.35155909468853286,-0.7031216044716506,0.35156250978311776,WELD_FOUND
17.313,0.030284153613198802,0.03099302375204366,0.034933107176005354,0.025635200050392253,0.0203,0.0146,0.0146,0.011,277,278,0.2567,0.2576,-0.35155909468853286,-0.7031216044716506,0.35156250978311776,WELD_FOUND
17.362,0.03117995736799154,0.02089235241511409,0.03431381023025865,0.02804610450572443,0.0203,0.0311,0.014,-0.0031,282,283,0.2613,0.2623,-0.35155909468853286,-0.5273403362398785,0.17578124155134567,WELD_FOUND
17.412,0.03117995736799154,0.02089235241511409,0.03431381023025865,0.02804610450572443,0.0203,0.0311,0.014,-0.0031,282,283,0.2613,0.2623,0.35156592487770283,-0.5273403362398785,0.8789062611175813,WELD_FOUND
17.462,0.032299398982640455,0.01278548480864175,0.03421722170393672,0.030381576261344193,0.0344,0.0335,-0.0002,-0.0031,286,287,0.2651,0.266,0.35156592487770283,-0.35155909468853286,0.7031250195662357,WELD_FOUND
17.513,0.032299398982640455,0.01278548480864175,0.03421722170393672,0.030381576261344193,0.0344,0.0335,-0.0002,-0.0031,286,287,0.2651,0.266,0.35156592487770283,-0.35155909468853286,0.7031250195662357,WELD_FOUND
17.562,0.03252565641649348,0.014816106251546264,0.03474807235422542,0.03030324047876154,0.0344,0.0335,0.0003,-0.0032,289,290,0.2678,0.2688,0.35156592487770283,-0.35155909468853286,0.7031250195662357,WELD_FOUND
17.612,0.03252565641649348,0.014816106251546264,0.03474807235422542,0.03030324047876154,0.0281,0.0275,0.0067,0.0028,289,290,0.2678,0.2688,3.4150945850063755e-06,-0.35155909468853286,0.35156250978311787,WELD_FOUND
17.662,0.035,0.0,0.035,0.035,0.0281,0.0275,0.0069,0.0075,293,294,0.2715,0.2725,3.4150945850063755e-06,3.4150945850063755e-06,0.0,WELD_FOUND
17.712,0.035,0.0,0.035,0.035,0.0316,0.0313,0.0034,0.0037,293,294,0.2715,0.2725,-0.7031216044716506,3.4150945850063755e-06,-0.7031250195662356,WELD_FOUND
17.762,0.035,0.0,0.035,0.035,0.0316,0.0313,0.0034,0.0037,297,297,0.2753,0.2753,-0.7031216044716506,3.4150945850063755e-06,-0.7031250195662356,WELD_FOUND
17.812,0.035,0.0,0.035,0.035,0.0316,0.0313,0.0034,0.0037,297,297,0.2753,0.2753,-0.35155909468853286,3.4150945850063755e-06,-0.35156250978311787,WELD_FOUND
17.862,0.035,0.0,0.035,0.035,0.0388,0.0386,-0.0038,-0.0036,301,302,0.279,0.2799,-0.35155909468853286,3.4150945850063755e-06,-0.35156250978311787,WELD_FOUND
17.912,0.035,0.0,0.035,0.035,0.0388,0.0386,-0.0038,-0.0036,301,302,0.279,0.2799,3.4150945850063755e-06,3.4150945850063755e-06,0.0,WELD_FOUND
17.962,0.035,0.0,0.035,0.035,0.0388,0.0386,-0.0038,-0.0036,305,305,0.2827,0.2827,3.4150945850063755e-06,3.4150945850063755e-06,0.0,WELD_FOUND
18.012,0.0,0.0,0.0,0.0,0.0332,0.0306,-0.0332,-0.0306,305,305,0.2827,0.2827,3.4150945850063755e-06,nan,nan,NO_WELD
18.062,0.0,0.0,0.0,0.0,0.0332,0.0306,-0.0332,-0.0306,309,309,0.2864,0.2864,3.4150945850063755e-06,nan,nan,NO_WELD
18.112,0.035,0.0,0.035,0.035,0.0347,0.0331,0.0003,0.0019,309,309,0.2864,0.2864,3.4150945850063755e-06,3.4150945850063755e-06,0.0,WELD_FOUND
18.162,0.035,0.0,0.035,0.035,0.0347,0.0331,0.0003,0.0019,309,310,0.2864,0.2873,3.4150945850063755e-06,3.4150945850063755e-06,0.0,WELD_FOUND
18.212,0.0,0.0,0.0,0.0,0.0347,0.0331,-0.0347,-0.0331,309,310,0.2864,0.2873,3.4150945850063755e-06,nan,nan,NO_WELD
18.262,0.0,0.0,0.0,0.0,0.0258,0.0273,-0.0258,-0.0273,311,312,0.2882,0.2892,3.4150945850063755e-06,nan,nan,NO_WELD
18.313,0.035,0.0,0.035,0.035,0.0258,0.0273,0.0092,0.0077,311,312,0.2882,0.2892,3.4150945850063755e-06,3.4150945850063755e-06,0.0,WELD_FOUND
18.362,0.035,0.0,0.035,0.035,0.0266,0.0238,0.0084,0.0112,314,314,0.291,0.291,3.4150945850063755e-06,3.4150945850063755e-06,0.0,WELD_FOUND
18.412,0.0,0.0,0.0,0.0,0.0266,0.0238,-0.0266,-0.0238,314,314,0.291,0.291,3.4150945850063755e-06,nan,nan,NO_WELD
18.462,0.0,0.0,0.0,0.0,0.0234,0.018,-0.0234,-0.018,316,315,0.2929,0.2919,3.4150945850063755e-06,nan,nan,NO_WELD
18.512,0.0,0.0,0.0,0.0,0.0234,0.018,-0.0234,-0.018,316,315,0.2929,0.2919,3.4150945850063755e-06,nan,nan,NO_WELD
18.562,0.0,0.0,0.0,0.0,0.0234,0.018,-0.0234,-0.018,319,318,0.2956,0.2947,3.4150945850063755e-06,nan,nan,NO_WELD
18.612,0.035,0.0,0.035,0.035,0.0214,0.0182,0.0136,0.0168,319,318,0.2956,0.2947,3.4150945850063755e-06,3.4150945850063755e-06,0.0,WELD_FOUND
18.662,0.035,0.0,0.035,0.035,0.0214,0.0182,0.0136,0.0168,319,318,0.2956,0.2947,3.4150945850063755e-06,3.4150945850063755e-06,0.0,WELD_FOUND
18.712,0.035,0.0,0.035,0.035,0.0171,0.0146,0.0179,0.0204,319,318,0.2956,0.2947,-0.35155909468853286,-0.17577783979697392,-0.17578125489155894,WELD_FOUND
18.762,0.035,0.0,0.035,0.035,0.0171,0.0146,0.0179,0.0204,321,320,0.2975,0.2966,-0.35155909468853286,-0.17577783979697392,-0.17578125489155894,WELD_FOUND
18.812,0.032867896369220974,0.02165833911808877,0.036116647236934286,0.029619145501507658,0.0171,0.0146,0.019,0.0151,321,320,0.2975,0.2966,-0.7031216044716506,-0.35155909468853286,-0.35156250978311776,WELD_FOUND
18.862,0.032867896369220974,0.02165833911808877,0.036116647236934286,0.029619145501507658,0.0301,0.0285,0.006,0.0011,327,326,0.3031,0.3021,-0.7031216044716506,-0.35155909468853286,-0.35156250978311776,WELD_FOUND
18.912,0.035,0.0,0.035,0.035,0.0301,0.0285,0.0049,0.0065,327,326,0.3031,0.3021,3.4150945850063755e-06,-0.17577783979697392,0.17578125489155894,WELD_FOUND
18.962,0.035,0.0,0.035,0.035,0.0301,0.0285,0.0049,0.0065,332,331,0.3077,0.3068,3.4150945850063755e-06,-0.17577783979697392,0.17578125489155894,WELD_FOUND
19.012,0.0,0.0,0.0,0.0,0.0304,0.0295,-0.0304,-0.0295,332,331,0.3077,0.3068,3.4150945850063755e-06,nan,nan,NO_WELD
19.062,0.0,0.0,0.0,0.0,0.0304,0.0295,-0.0304,-0.0295,336,335,0.3114,0.3105,3.4150945850063755e-06,nan,nan,NO_WELD
19.112,0.0,0.0,0.0,0.0,0.0304,0.0295,-0.0304,-0.0295,336,335,0.3114,0.3105,3.4150945850063755e-06,nan,nan,NO_WELD
19.162,0.0,0.0,0.0,0.0,0.0306,0.0325,-0.0306,-0.0325,337,337,0.3123,0.3123,3.4150945850063755e-06,nan,nan,NO_WELD
19.212,0.0,0.0,0.0,0.0,0.0306,0.0325,-0.0306,-0.0325,337,337,0.3123,0.3123,3.4150945850063755e-06,nan,nan,NO_WELD
19.262,0.0,0.0,0.0,0.0,0.0306,0.0325,-0.0306,-0.0325,336,337,0.3114,0.3123,3.4150945850063755e-06,nan,nan,NO_WELD
19.313,0.03258234416615065,0.017640533547869753,0.03522842419833111,0.029936264133970186,0.0159,0.026,0.0193,0.0039,336,337,0.3114,0.3123,-0.35155909468853286,-0.35155909468853286,0.0,WELD_FOUND
19.362,0.03258234416615065,0.017640533547869753,0.03522842419833111,0.029936264133970186,0.0159,0.026,0.0193,0.0039,336,337,0.3114,0.3123,-0.35155909468853286,-0.35155909468853286,0.0,WELD_FOUND
19.412,0.0,0.0,0.0,0.0,0.0159,0.026,-0.0159,-0.026,336,337,0.3114,0.3123,-0.35155909468853286,nan,nan,NO_WELD
19.462,0.0,0.0,0.0,0.0,0.0169,0.023,-0.0169,-0.023,339,340,0.3142,0.3151,-0.35155909468853286,nan,nan,NO_WELD
19.512,0.0,0.0,0.0,0.0,0.0169,0.023,-0.0169,-0.023,339,340,0.3142,0.3151,-0.35155909468853286,nan,nan,NO_WELD
19.562,0.0,0.0,0.0,0.0,0.0169,0.023,-0.0169,-0.023,341,343,0.316,0.3179,-0.35155909468853286,nan,nan,NO_WELD
19.612,0.035,0.0,0.035,0.035,0.0151,0.0212,0.0199,0.0138,341,343,0.316,0.3179,3.4150945850063755e-06,3.4150945850063755e-06,0.0,WELD_FOUND
19.662,0.035,0.0,0.035,0.035,0.0151,0.0212,0.0199,0.0138,340,343,0.3151,0.3179,3.4150945850063755e-06,3.4150945850063755e-06,0.0,WELD_FOUND
19.712,0.035,0.0,0.035,0.035,0.0054,0.017,0.0296,0.018,340,343,0.3151,0.3179,-0.35155909468853286,-0.17577783979697392,-0.17578125489155894,WELD_FOUND
19.762,0.035,0.0,0.035,0.035,0.0054,0.017,0.0296,0.018,342,345,0.317,0.3197,-0.35155909468853286,-0.17577783979697392,-0.17578125489155894,WELD_FOUND
19.812,0.0,0.0,0.0,0.0,0.0106,0.0176,-0.0106,-0.0176,342,345,0.317,0.3197,-0.35155909468853286,nan,nan,NO_WELD
19.862,0.0,0.0,0.0,0.0,0.0106,0.0176,-0.0106,-0.0176,347,348,0.3216,0.3225,-0.35155909468853286,nan,nan,NO_WELD
19.912,0.0,0.0,0.0,0.0,0.0106,0.0176,-0.0106,-0.0176,347,348,0.3216,0.3225,-0.35155909468853286,nan,nan,NO_WELD
19.962,0.0,0.0,0.0,0.0,0.0262,0.0155,-0.0262,-0.0155,350,347,0.3244,0.3216,-0.35155909468853286,nan,nan,NO_WELD
20.012,0.030969218701519353,0.031079006147949784,0.03563106962371182,0.026307367779326886,0.0262,0.0155,0.0095,0.0108,350,347,0.3244,0.3216,-0.7031216044716506,-0.7031216044716506,0.0,WELD_FOUND
20.062,0.030969218701519353,0.031079006147949784,0.03563106962371182,0.026307367779326886,0.0209,0.0056,0.0147,0.0207,350,346,0.3244,0.3207,-0.7031216044716506,-0.7031216044716506,0.0,WELD_FOUND
20.112,0.03225644287616705,0.012309773002884588,0.03410290882659974,0.030409976925734362,0.0209,0.0056,0.0132,0.0248,350,346,0.3244,0.3207,3.4150945850063755e-06,-0.35155909468853286,0.35156250978311787,WELD_FOUND
20.162,0.03225644287616705,0.012309773002884588,0.03410290882659974,0.030409976925734362,0.0209,0.0056,0.0132,0.0248,351,343,0.3253,0.3179,3.4150945850063755e-06,-0.35155909468853286,0.35156250978311787,WELD_FOUND
20.212,0.035,0.0,0.035,0.035,0.015,-0.0041,0.02,0.0391,351,343,0.3253,0.3179,3.4150945850063755e-06,3.4150945850063755e-06,0.0,WELD_FOUND
20.262,0.035,0.0,0.035,0.035,0.015,-0.0041,0.02,0.0391,357,341,0.3309,0.316,3.4150945850063755e-06,3.4150945850063755e-06,0.0,WELD_FOUND
20.313,0.0,0.0,0.0,0.0,0.015,-0.0041,-0.015,0.0041,357,341,0.3309,0.316,3.4150945850063755e-06,nan,nan,NO_WELD
20.362,0.0,0.0,0.0,0.0,0.0387,-0.0074,-0.0387,0.0074,363,341,0.3364,0.316,3.4150945850063755e-06,nan,nan,NO_WELD
20.412,0.032950215265585475,0.016882633103672693,0.03548261023113638,0.030417820300034572,0.0387,-0.0074,-0.0032,0.0378,363,341,0.3364,0.316,-0.35155909468853286,-0.35155909468853286,0.0,WELD_FOUND
20.462,0.032950215265585475,0.016882633103672693,0.03548261023113638,0.030417820300034572,0.0343,-0.0007,0.0012,0.0311,366,342,0.3392,0.317,-0.35155909468853286,-0.35155909468853286,0.0,WELD_FOUND
20.512,0.035,0.0,0.035,0.035,0.0343,-0.0007,0.0007,0.0357,366,342,0.3392,0.317,3.4150945850063755e-06,-0.17577783979697392,0.17578125489155894,WELD_FOUND
20.562,0.035,0.0,0.035,0.035,0.0275,-0.0041,0.0075,0.0391,366,341,0.3392,0.316,3.4150945850063755e-06,-0.17577783979697392,0.17578125489155894,WELD_FOUND
20.612,0.0,0.0,0.0,0.0,0.0275,-0.0041,-0.0275,0.0041,366,341,0.3392,0.316,3.4150945850063755e-06,nan,nan,NO_WELD
20.662,0.0,0.0,0.0,0.0,0.0275,-0.0041,-0.0275,0.0041,372,340,0.3448,0.3151,3.4150945850063755e-06,nan,nan,NO_WELD
20.712,0.035,0.0,0.035,0.035,0.0313,-0.005,0.0037,0.04,372,340,0.3448,0.3151,3.4150945850063755e-06,3.4150945850063755e-06,0.0,WELD_FOUND
20.762,0.035,0.0,0.035,0.035,0.0313,-0.005,0.0037,0.04,375,339,0.3475,0.3142,3.4150945850063755e-06,3.4150945850063755e-06,0.0,WELD_FOUND
20.812,0.0,0.0,0.0,0.0,0.0313,-0.005,-0.0313,0.005,375,339,0.3475,0.3142,3.4150945850063755e-06,nan,nan,NO_WELD
20.862,0.0,0.0,0.0,0.0,0.0287,-0.0079,-0.0287,0.0079,376,338,0.3485,0.3132,3.4150945850063755e-06,nan,nan,NO_WELD
20.912,0.03300453584972676,0.016410955295332808,0.03546617914402669,0.030542892555426842,0.0287,-0.0079,0.0068,0.0385,376,338,0.3485,0.3132,-0.35155909468853286,-0.35155909468853286,0.0,WELD_FOUND
20.962,0.03300453584972676,0.016410955295332808,0.03546617914402669,0.030542892555426842,0.032,-0.0063,0.0034,0.0369,380,338,0.3522,0.3132,-0.35155909468853286,-0.35155909468853286,0.0,WELD_FOUND
21.012,0.0,0.0,0.0,0.0,0.032,-0.0063,-0.032,0.0063,380,338,0.3522,0.3132,-0.35155909468853286,nan,nan,NO_WELD
21.062,0.0,0.0,0.0,0.0,0.032,-0.0063,-0.032,0.0063,381,338,0.3531,0.3132,-0.35155909468853286,nan,nan,NO_WELD
21.112,0.0,0.0,0.0,0.0,0.0217,-0.0051,-0.0217,0.0051,381,338,0.3531,0.3132,-0.35155909468853286,nan,nan,NO_WELD
21.162,0.0,0.0,0.0,0.0,0.0217,-0.0051,-0.0217,0.0051,383,340,0.355,0.3151,-0.35155909468853286,nan,nan,NO_WELD
21.212,0.035,0.0,0.035,0.035,0.0204,0.0044,0.0146,0.0306,383,340,0.355,0.3151,3.4150945850063755e-06,3.4150945850063755e-06,0.0,WELD_FOUND
21.262,0.035,0.0,0.035,0.035,0.0204,0.0044,0.0146,0.0306,383,340,0.355,0.3151,3.4150945850063755e-06,3.4150945850063755e-06,0.0,WELD_FOUND
21.313,0.0,0.0,0.0,0.0,0.0204,0.0044,-0.0204,-0.0044,383,340,0.355,0.3151,3.4150945850063755e-06,nan,nan,NO_WELD
21.362,0.0,0.0,0.0,0.0,0.0197,0.01,-0.0197,-0.01,386,343,0.3577,0.3179,3.4150945850063755e-06,nan,nan,NO_WELD
21.412,0.0,0.0,0.0,0.0,0.0197,0.01,-0.0197,-0.01,386,343,0.3577,0.3179,3.4150945850063755e-06,nan,nan,NO_WELD
21.462,0.0,0.0,0.0,0.0,0.0197,0.01,-0.0197,-0.01,389,345,0.3605,0.3197,3.4150945850063755e-06,nan,nan,NO_WELD
21.512,0.0,0.0,0.0,0.0,0.0192,0.011,-0.0192,-0.011,389,345,0.3605,0.3197,3.4150945850063755e-06,nan,nan,NO_WELD
21.562,0.0,0.0,0.0,0.0,0.0192,0.011,-0.0192,-0.011,389,345,0.3605,0.3197,3.4150945850063755e-06,nan,nan,NO_WELD
21.612,0.0,0.0,0.0,0.0,0.0192,0.011,-0.0192,-0.011,389,345,0.3605,0.3197,3.4150945850063755e-06,nan,nan,NO_WELD
21.662,0.0,0.0,0.0,0.0,0.0154,0.0088,-0.0154,-0.0088,389,345,0.3605,0.3197,3.4150945850063755e-06,nan,nan,NO_WELD
21.712,0.0,0.0,0.0,0.0,0.0154,0.0088,-0.0154,-0.0088,389,345,0.3605,0.3197,-0.7031216044716506,-0.7031216044716506,0.0,WELD_FOUND
21.762,0.0,0.0,0.0,0.0,0.0154,0.0088,-0.0154,-0.0088,389,345,0.3605,0.3197,-0.7031216044716506,-0.7031216044716506,0.0,WELD_FOUND
21.812,0.03258234416615065,0.016877278797103712,0.0351139359857162,0.03005075234658509,0.0123,0.007,0.0228,0.023,389,345,0.3605,0.3197,3.4150945850063755e-06,-0.35155909468853286,0.35156250978311787,WELD_FOUND
21.862,0.03258234416615065,0.016877278797103712,0.0351139359857162,0.03005075234658509,0.0123,0.007,0.0228,0.023,389,345,0.3605,0.3197,3.4150945850063755e-06,-0.35155909468853286,0.35156250978311787,WELD_FOUND
21.912,0.030710492858473867,0.035056488483077804,0.03596896613093554,0.025452019586012196,0.0123,0.007,0.0237,0.0184,389,345,0.3605,0.3197,-0.7031216044716506,-0.7031216044716506,0.0,WELD_FOUND
21.962,0.030710492858473867,0.035056488483077804,0.03596896613093554,0.025452019586012196,0.0123,0.0092,0.0236,0.0163,391,347,0.3624,0.3216,-0.7031216044716506,-0.7031216044716506,0.0,WELD_FOUND
22.012,0.031266234356217684,0.021723503132689035,0.03452475982612104,0.02800770888631433,0.0123,0.0092,0.0222,0.0189,391,347,0.3624,0.3216,-0.35155909468853286,-0.5273403362398785,0.17578124155134567,WELD_FOUND
22.062,0.031266234356217684,0.021723503132689035,0.03452475982612104,0.02800770888631433,0.0123,0.0092,0.0222,0.0189,396,352,0.367,0.3262,-0.35155909468853286,-0.5273403362398785,0.17578124155134567,WELD_FOUND
22.112,0.03045285230286302,0.03260370588456777,0.03534340818554818,0.025562296420177853,0.0198,0.0179,0.0156,0.0077,396,352,0.367,0.3262,-1.0546840875743422,-0.7031216044716506,-0.35156248310269156,WELD_FOUND
22.162,0.03045285230286302,0.03260370588456777,0.03534340818554818,0.025562296420177853,0.0198,0.0179,0.0156,0.0077,401,356,0.3716,0.3299,-1.0546840875743422,-0.7031216044716506,-0.35156248310269156,WELD_FOUND
22.212,0.030291462273691176,0.031058933853756947,0.03495030235175472,0.025632622195627633,0.0304,0.0255,0.0046,0.0001,401,356,0.3716,0.3299,-1.0546840875743422,-0.7031216044716506,-0.35156248310269156,WELD_FOUND
22.262,0.030291462273691176,0.031058933853756947,0.03495030235175472,0.025632622195627633,0.0304,0.0255,0.0046,0.0001,406,356,0.3763,0.3299,-1.0546840875743422,-0.7031216044716506,-0.35156248310269156,WELD_FOUND
22.313,0.03025923572311677,0.03075505565841284,0.034872494071878694,0.025645977374354846,0.0368,0.0204,-0.0019,0.0052,406,356,0.3763,0.3299,-0.35155909468853286,-0.7031216044716506,0.35156250978311776,WELD_FOUND
22.362,0.03025923572311677,0.03075505565841284,0.034872494071878694,0.025645977374354846,0.0368,0.0204,-0.0019,0.0052,409,354,0.379,0.3281,-0.35155909468853286,-0.7031216044716506,0.35156250978311776,WELD_FOUND
22.412,0.03211084973124972,0.011085334686171594,0.033773649934175455,0.03044804952832398,0.0368,0.0204,-0.003,0.01,409,354,0.379,0.3281,-0.35155909468853286,-0.35155909468853286,0.0,WELD_FOUND
22.462,0.03211084973124972,0.011085334686171594,0.033773649934175455,0.03044804952832398,0.0369,0.0024,-0.0031,0.0281,412,352,0.3818,0.3262,-0.35155909468853286,-0.35155909468853286,0.0,WELD_FOUND
22.512,0.0,0.0,0.0,0.0,0.0369,0.0024,-0.0369,-0.0024,412,352,0.3818,0.3262,-0.35155909468853286,nan,nan,NO_WELD
22.562,0.0,0.0,0.0,0.0,0.037,0.0088,-0.037,-0.0088,416,354,0.3855,0.3281,-0.35155909468853286,nan,nan,NO_WELD
22.612,0.030618677871169783,0.031187372963715206,0.03529678381572706,0.0259405719266125,0.037,0.0088,-0.0017,0.0171,416,354,0.3855,0.3281,-0.7031216044716506,-0.7031216044716506,0.0,WELD_FOUND
22.662,0.030618677871169783,0.031187372963715206,0.03529678381572706,0.0259405719266125,0.037,0.0088,-0.0017,0.0171,419,356,0.3883,0.3299,-0.7031216044716506,-0.7031216044716506,0.0,WELD_FOUND
22.712,0.0,0.0,0.0,0.0,0.0296,0.0102,-0.0296,-0.0102,419,356,0.3883,0.3299,-0.7031216044716506,nan,nan,NO_WELD
22.762,0.0,0.0,0.0,0.0,0.0296,0.0102,-0.0296,-0.0102,420,358,0.3892,0.3318,-0.7031216044716506,nan,nan,NO_WELD
22.812,0.0,0.0,0.0,0.0,0.0215,0.0136,-0.0215,-0.0136,420,358,0.3892,0.3318,-0.7031216044716506,nan,nan,NO_WELD
22.862,0.0,0.0,0.0,0.0,0.0215,0.0136,-0.0215,-0.0136,422,359,0.3911,0.3327,-0.7031216044716506,nan,nan,NO_WELD
22.912,0.03032450348708454,0.03058382649703484,0.03491207746163977,0.025736929512529313,0.0215,0.0136,0.0135,0.0122,422,359,0.3911,0.3327,-0.7031216044716506,-0.7031216044716506,0.0,WELD_FOUND
22.962,0.03032450348708454,0.03058382649703484,0.03491207746163977,0.025736929512529313,0.0178,0.0106,0.0171,0.0151,422,359,0.3911,0.3327,-0.7031216044716506,-0.7031216044716506,0.0,WELD_FOUND
23.012,0.03026583900978472,0.030816920588149485,0.03488837709800714,0.0256433009215623,0.0178,0.0106,0.0171,0.015,422,359,0.3911,0.3327,-0.7031216044716506,-0.7031216044716506,0.0,WELD_FOUND
23.062,0.03026583900978472,0.030816920588149485,0.03488837709800714,0.0256433009215623,0.0178,0.0106,0.0171,0.015,425,362,0.3939,0.3355,-0.7031216044716506,-0.7031216044716506,0.0,WELD_FOUND
23.112,0.0,0.0,0.0,0.0,0.0181,0.0138,-0.0181,-0.0138,425,362,0.3939,0.3355,-0.7031216044716506,nan,nan,NO_WELD
23.162,0.0,0.0,0.0,0.0,0.0181,0.0138,-0.0181,-0.0138,430,366,0.3985,0.3392,-0.7031216044716506,nan,nan,NO_WELD
23.212,0.030254112930305447,0.030683479686291166,0.034856634883249124,0.025651590977361773,0.0294,0.0231,0.0055,0.0026,430,366,0.3985,0.3392,-0.7031216044716506,-0.7031216044716506,0.0,WELD_FOUND
23.262,0.030254112930305447,0.030683479686291166,0.034856634883249124,0.025651590977361773,0.0294,0.0231,0.0055,0.0026,431,369,0.3994,0.342,-0.7031216044716506,-0.7031216044716506,0.0,WELD_FOUND
23.313,0.03117385980435476,0.020891174110698792,0.03430753592095958,0.028040183687749944,0.0213,0.025,0.013,0.0031,431,369,0.3994,0.342,-0.35155909468853286,-0.5273403362398785,0.17578124155134567,WELD_FOUND
23.362,0.03117385980435476,0.020891174110698792,0.03430753592095958,0.028040183687749944,0.0213,0.025,0.013,0.0031,434,368,0.4022,0.3411,-0.35155909468853286,-0.5273403362398785,0.17578124155134567,WELD_FOUND
23.412,0.0,0.0,0.0,0.0,0.0213,0.025,-0.0213,-0.025,434,368,0.4022,0.3411,-0.35155909468853286,nan,nan,NO_WELD
23.462,0.0,0.0,0.0,0.0,0.0276,0.0076,-0.0276,-0.0076,437,366,0.405,0.3392,-0.35155909468853286,nan,nan,NO_WELD
23.512,0.030434608531911947,0.0309378633692534,0.03507528803729996,0.025793929026523936,0.0276,0.0076,0.0074,0.0182,437,366,0.405,0.3392,-0.7031216044716506,-0.7031216044716506,0.0,WELD_FOUND
23.562,0.030434608531911947,0.0309378633692534,0.03507528803729996,0.025793929026523936,0.0221,0.0076,0.013,0.0182,437,365,0.405,0.3383,-0.7031216044716506,-0.7031216044716506,0.0,WELD_FOUND
23.612,0.030287822765077823,0.03102433004356905,0.03494147227161318,0.025634173258542465,0.0221,0.0021,0.0128,0.0236,437,365,0.405,0.3383,-0.7031216044716506,-0.7031216044716506,0.0,WELD_FOUND
23.662,0.030287822765077823,0.03102433004356905,0.03494147227161318,0.025634173258542465,0.0281,0.0021,0.0068,0.0236,441,364,0.4087,0.3373,-0.7031216044716506,-0.7031216044716506,0.0,WELD_FOUND
23.712,0.030258508191217174,0.030748562307743397,0.03487079253737868,0.025646223845055664,0.0281,0.0021,0.0068,0.0236,441,364,0.4087,0.3373,-1.4062466240378864,-0.7031216044716506,-0.7031250195662357,WELD_FOUND
23.762,0.030258508191217174,0.030748562307743397,0.03487079253737868,0.025646223845055664,0.0281,-0.0012,0.0068,0.0269,446,364,0.4133,0.3373,-1.4062466240378864,-0.7031216044716506,-0.7031250195662357,WELD_FOUND
23.812,0.029344384643171205,0.04050130090604705,0.03541957977907826,0.02326918950726415,0.0292,-0.0012,0.0062,0.0245,446,364,0.4133,0.3373,-1.0546840875743422,-0.8789028727034228,-0.17578121487091936,WELD_FOUND
23.862,0.029344384643171205,0.04050130090604705,0.03541957977907826,0.02326918950726415,0.0292,0.0178,0.0062,0.0055,450,369,0.417,0.342,-1.0546840875743422,-0.8789028727034228,-0.17578121487091936,WELD_FOUND
23.912,0.030068718462059316,0.028939219323613298,0.03440960136060131,0.02572783556351732,0.0292,0.0178,0.0052,0.0079,450,369,0.417,0.342,-0.7031216044716506,-0.7031216044716506,0.0,WELD_FOUND
23.962,0.030068718462059316,0.028939219323613298,0.03440960136060131,0.02572783556351732,0.0373,0.0178,-0.0029,0.0079,454,373,0.4208,0.3457,-0.7031216044716506,-0.7031216044716506,0.0,WELD_FOUND
24.012,0.02841311329659487,0.04998062495692701,0.035910207040133924,0.020916019553055817,0.0373,0.0206,-0.0014,0.0004,454,373,0.4208,0.3457,-1.0546840875743422,-1.0546840875743422,0.0,WELD_FOUND
24.062,0.02841311329659487,0.04998062495692701,0.035910207040133924,0.020916019553055817,0.0372,0.0206,-0.0013,0.0004,458,377,0.4245,0.3494,-1.0546840875743422,-1.0546840875743422,0.0,WELD_FOUND
24.112,0.028087617760094417,0.04682293997667303,0.03511105875659537,0.021064176763593463,0.0372,0.0206,-0.0021,0.0005,458,377,0.4245,0.3494,-0.7031216044716506,-1.0546840875743422,0.35156248310269156,WELD_FOUND
24.162,0.028087617760094417,0.04682293997667303,0.03511105875659537,0.021064176763593463,0.0372,0.0272,-0.0021,-0.0061,461,379,0.4272,0.3512,-0.7031216044716506,-1.0546840875743422,0.35156248310269156,WELD_FOUND
24.212,0.028022743672658022,0.046177704749197544,0.034949399385037654,0.02109608796027839,0.0297,0.0272,0.0052,-0.0061,461,379,0.4272,0.3512,-1.4062466240378864,-1.0546840875743422,-0.3515625364635442,WELD_FOUND
24.262,0.028022743672658022,0.046177704749197544,0.034949399385037654,0.02109608796027839,0.0297,0.02,0.0052,0.0011,464,380,0.43,0.3522,-1.4062466240378864,-1.0546840875743422,-0.3515625364635442,WELD_FOUND
24.313,0.028009777855965295,0.04605104694029571,0.03491743489700965,0.02110212081492094,0.029,0.02,0.006,0.0011,464,380,0.43,0.3522,-1.0546840875743422,-1.0546840875743422,0.0,WELD_FOUND
24.362,0.028009777855965295,0.04605104694029571,0.03491743489700965,0.02110212081492094,0.029,0.02,0.006,0.0011,467,383,0.4328,0.355,-1.0546840875743422,-1.0546840875743422,0.0,WELD_FOUND
24.412,0.028007185052658524,0.04602560347246853,0.034911025573528806,0.021103344531788245,0.029,0.0194,0.0059,0.0017,467,383,0.4328,0.355,-1.4062466240378864,-1.0546840875743422,-0.3515625364635442,WELD_FOUND
24.462,0.028007185052658524,0.04602560347246853,0.034911025573528806,0.021103344531788245,0.0322,0.0194,0.0027,0.0017,470,386,0.4356,0.3577,-1.4062466240378864,-1.0546840875743422,-0.3515625364635442,WELD_FOUND
24.512,0.028006666506398447,0.046020544920642815,0.034909748244494866,0.021103584768302024,0.0322,0.0228,0.0027,-0.0017,470,386,0.4356,0.3577,-0.7031216044716506,-1.0546840875743422,0.35156248310269156,WELD_FOUND
24.562,0.028006666506398447,0.046020544920642815,0.034909748244494866,0.021103584768302024,0.0342,0.0228,0.0008,-0.0017,474,390,0.4393,0.3614,-0.7031216044716506,-1.0546840875743422,0.35156248310269156,WELD_FOUND
24.612,0.02627313828224604,0.06565320371975145,0.03612111884020876,0.016425157724283324,0.0342,0.0228,0.002,-0.0063,474,390,0.4393,0.3614,-1.4062466240378864,-1.4062466240378864,0.0,WELD_FOUND
24.662,0.02627313828224604,0.06565320371975145,0.03612111884020876,0.016425157724283324,0.0353,0.031,0.0008,-0.0145,478,393,0.443,0.3642,-1.4062466240378864,-1.4062466240378864,0.0,WELD_FOUND
24.712,0.02765542759492432,0.04249963638372265,0.034030373052482715,0.021280482137365924,0.0353,0.031,-0.0013,-0.0097,478,393,0.443,0.3642,-1.0546840875743422,-1.0546840875743422,0.0,WELD_FOUND
24.762,0.02765542759492432,0.04249963638372265,0.034030373052482715,0.021280482137365924,0.0353,0.031,-0.0013,-0.0097,480,395,0.4448,0.3661,-1.0546840875743422,-1.0546840875743422,0.0,WELD_FOUND
24.812,0.0,0.0,0.0,0.0,0.0261,0.0235,-0.0261,-0.0235,480,395,0.4448,0.3661,-1.0546840875743422,nan,nan,NO_WELD
24.862,0.0,0.0,0.0,0.0,0.0261,0.0235,-0.0261,-0.0235,483,398,0.4476,0.3689,-1.0546840875743422,nan,nan,NO_WELD
24.912,0.0,0.0,0.0,0.0,0.0261,0.0235,-0.0261,-0.0235,483,398,0.4476,0.3689,-1.0546840875743422,nan,nan,NO_WELD
24.962,0.0,0.0,0.0,0.0,0.0231,0.0215,-0.0231,-0.0215,483,398,0.4476,0.3689,-1.0546840875743422,nan,nan,NO_WELD
25.012,0.0,0.0,0.0,0.0,0.0231,0.0215,-0.0231,-0.0215,483,398,0.4476,0.3689,-1.0546840875743422,nan,nan,NO_WELD
25.062,0.0,0.0,0.0,0.0,0.0185,0.0172,-0.0185,-0.0172,483,398,0.4476,0.3689,-1.0546840875743422,nan,nan,NO_WELD
25.112,0.0,0.0,0.0,0.0,0.0185,0.0172,-0.0185,-0.0172,483,398,0.4476,0.3689,-0.35155909468853286,-0.35155909468853286,0.0,WELD_FOUND
25.162,0.0,0.0,0.0,0.0,0.0185,0.0172,-0.0185,-0.0172,483,398,0.4476,0.3689,-0.35155909468853286,-0.35155909468853286,0.0,WELD_FOUND
25.212,0.03258234416615065,0.017186298889159676,0.0351602889995246,0.030004399332776696,0.0148,0.0138,0.0204,0.0162,483,398,0.4476,0.3689,-0.35155909468853286,-0.35155909468853286,0.0,WELD_FOUND
25.262,0.03258234416615065,0.017186298889159676,0.0351602889995246,0.030004399332776696,0.0148,0.0138,0.0204,0.0162,483,398,0.4476,0.3689,-0.35155909468853286,-0.35155909468853286,0.0,WELD_FOUND
25.313,0.03258234416615065,0.01533965929411352,0.034883293060267676,0.03028139527203362,0.0148,0.0138,0.0201,0.0165,483,398,0.4476,0.3689,-0.35155909468853286,-0.35155909468853286,0.0,WELD_FOUND
25.362,0.03258234416615065,0.01533965929411352,0.034883293060267676,0.03028139527203362,0.0188,0.0182,0.0161,0.0121,487,402,0.4513,0.3726,-0.35155909468853286,-0.35155909468853286,0.0,WELD_FOUND
25.412,0.03258234416615065,0.015339659294113519,0.034883293060267676,0.03028139527203362,0.0188,0.0182,0.0161,0.0121,487,402,0.4513,0.3726,-0.35155909468853286,-0.35155909468853286,0.0,WELD_FOUND
25.462,0.03258234416615065,0.015339659294113519,0.034883293060267676,0.03028139527203362,0.0298,0.0294,0.0051,0.0009,492,407,0.456,0.3772,-0.35155909468853286,-0.35155909468853286,0.0,WELD_FOUND
25.512,0.0,0.0,0.0,0.0,0.0298,0.0294,-0.0298,-0.0294,492,407,0.456,0.3772,-0.35155909468853286,nan,nan,NO_WELD
25.562,0.0,0.0,0.0,0.0,0.0327,0.0325,-0.0327,-0.0325,496,411,0.4597,0.3809,-0.35155909468853286,nan,nan,NO_WELD
25.612,0.03258234416615065,0.015339659294113519,0.034883293060267676,0.03028139527203362,0.0327,0.0325,0.0022,-0.0022,496,411,0.4597,0.3809,-0.35155909468853286,-0.35155909468853286,0.0,WELD_FOUND
25.662,0.03258234416615065,0.015339659294113519,0.034883293060267676,0.03028139527203362,0.0327,0.0325,0.0022,-0.0022,498,412,0.4615,0.3818,-0.35155909468853286,-0.35155909468853286,0.0,WELD_FOUND
25.712,0.03163949719623663,0.025146743541056046,0.035411508727395034,0.02786748566507822,0.0246,0.022,0.0108,0.0059,498,412,0.4615,0.3818,-0.7031216044716506,-0.5273403362398785,-0.1757812682317721,WELD_FOUND
25.762,0.03163949719623663,0.025146743541056046,0.035411508727395034,0.02786748566507822,0.0246,0.022,0.0108,0.0059,501,415,0.4643,0.3846,-0.7031216044716506,-0.5273403362398785,-0.1757812682317721,WELD_FOUND
25.812,0.0323926673503993,0.01358673538328017,0.034430677657891325,0.030354657042907275,0.0259,0.0243,0.0086,0.0061,501,415,0.4643,0.3846,-0.35155909468853286,-0.35155909468853286,0.0,WELD_FOUND
25.862,0.0323926673503993,0.01358673538328017,0.034430677657891325,0.030354657042907275,0.0259,0.0243,0.0086,0.0061,505,419,0.468,0.3883,-0.35155909468853286,-0.35155909468853286,0.0,WELD_FOUND
25.912,0.0,0.0,0.0,0.0,0.0259,0.0243,-0.0259,-0.0243,505,419,0.468,0.3883,-0.35155909468853286,nan,nan,NO_WELD
25.962,0.0,0.0,0.0,0.0,0.0353,0.0319,-0.0353,-0.0319,509,422,0.4717,0.3911,-0.35155909468853286,nan,nan,NO_WELD
26.012,0.0,0.0,0.0,0.0,0.0353,0.0319,-0.0353,-0.0319,509,422,0.4717,0.3911,-0.35155909468853286,nan,nan,NO_WELD
26.062,0.0,0.0,0.0,0.0,0.0353,0.0319,-0.0353,-0.0319,508,423,0.4708,0.392,-0.35155909468853286,nan,nan,NO_WELD
26.112,0.0,0.0,0.0,0.0,0.0187,0.0216,-0.0187,-0.0216,508,423,0.4708,0.392,-0.35155909468853286,nan,nan,NO_WELD
26.162,0.0,0.0,0.0,0.0,0.0187,0.0216,-0.0187,-0.0216,508,423,0.4708,0.392,-0.35155909468853286,nan,nan,NO_WELD
26.212,0.0,0.0,0.0,0.0,0.0187,0.0216,-0.0187,-0.0216,508,423,0.4708,0.392,-0.35155909468853286,-0.35155909468853286,0.0,WELD_FOUND
26.262,0.0,0.0,0.0,0.0,0.015,0.0173,-0.015,-0.0173,508,423,0.4708,0.392,-0.35155909468853286,-0.35155909468853286,0.0,WELD_FOUND
26.313,0.030251181765434624,0.03437076284678461,0.035406796192452315,0.025095567338416933,0.015,0.0173,0.0204,0.0078,508,423,0.4708,0.392,-1.0546840875743422,-0.7031216044716506,-0.35156248310269156,WELD_FOUND
26.362,0.030251181765434624,0.03437076284678461,0.035406796192452315,0.025095567338416933,0.012,0.0138,0.0234,0.0113,508,423,0.4708,0.392,-1.0546840875743422,-0.7031216044716506,-0.35156248310269156,WELD_FOUND
26.412,0.0,0.0,0.0,0.0,0.012,0.0138,-0.012,-0.0138,508,423,0.4708,0.392,-1.0546840875743422,nan,nan,NO_WELD
26.462,0.0,0.0,0.0,0.0,0.012,0.0138,-0.012,-0.0138,512,427,0.4745,0.3957,-1.0546840875743422,nan,nan,NO_WELD
26.512,0.03210919029890348,0.014721121652096786,0.034317358546717996,0.029901022051088962,0.0171,0.0182,0.0173,0.0117,512,427,0.4745,0.3957,-0.35155909468853286,-0.35155909468853286,0.0,WELD_FOUND
26.562,0.03210919029890348,0.014721121652096786,0.034317358546717996,0.029901022051088962,0.0171,0.0182,0.0173,0.0117,513,428,0.4754,0.3967,-0.35155909468853286,-0.35155909468853286,0.0,WELD_FOUND
26.612,0.0,0.0,0.0,0.0,0.0171,0.0182,-0.0171,-0.0182,513,428,0.4754,0.3967,-0.35155909468853286,nan,nan,NO_WELD
26.662,0.0,0.0,0.0,0.0,0.0201,0.0208,-0.0201,-0.0208,516,431,0.4782,0.3994,-0.35155909468853286,nan,nan,NO_WELD
26.712,0.0,0.0,0.0,0.0,0.0201,0.0208,-0.0201,-0.0208,516,431,0.4782,0.3994,-0.35155909468853286,nan,nan,NO_WELD
26.762,0.0,0.0,0.0,0.0,0.0201,0.0208,-0.0201,-0.0208,518,433,0.4801,0.4013,-0.35155909468853286,nan,nan,NO_WELD
26.812,0.03248743653721706,0.015460223371708194,0.034806470042973284,0.030168403031460827,0.017,0.0174,0.0178,0.0127,518,433,0.4801,0.4013,-0.35155909468853286,-0.35155909468853286,0.0,WELD_FOUND
26.862,0.03248743653721706,0.015460223371708194,0.034806470042973284,0.030168403031460827,0.017,0.0174,0.0178,0.0127,518,433,0.4801,0.4013,-0.35155909468853286,-0.35155909468853286,0.0,WELD_FOUND
26.912,0.03162078145169369,0.025016114017747525,0.03537319855435582,0.02786836434903156,0.017,0.0174,0.0184,0.0104,518,433,0.4801,0.4013,-0.7031216044716506,-0.5273403362398785,-0.1757812682317721,WELD_FOUND
26.962,0.03162078145169369,0.025016114017747525,0.03537319855435582,0.02786836434903156,0.0176,0.0203,0.0177,0.0075,521,437,0.4828,0.405,-0.7031216044716506,-0.5273403362398785,-0.1757812682317721,WELD_FOUND
27.012,0.0,0.0,0.0,0.0,0.0176,0.0203,-0.0176,-0.0203,521,437,0.4828,0.405,-0.7031216044716506,nan,nan,NO_WELD
27.062,0.0,0.0,0.0,0.0,0.0254,0.027,-0.0254,-0.027,525,441,0.4866,0.4087,-0.7031216044716506,nan,nan,NO_WELD
27.112,0.03238887946164783,0.015088931100751766,0.0346522191267606,0.030125539796535067,0.0254,0.027,0.0092,0.0031,525,441,0.4866,0.4087,-0.35155909468853286,-0.35155909468853286,0.0,WELD_FOUND
27.162,0.03238887946164783,0.015088931100751766,0.0346522191267606,0.030125539796535067,0.0254,0.027,0.0092,0.0031,526,441,0.4875,0.4087,-0.35155909468853286,-0.35155909468853286,0.0,WELD_FOUND
27.212,0.035,0.0,0.035,0.035,0.0177,0.0216,0.0173,0.0134,526,441,0.4875,0.4087,3.4150945850063755e-06,-0.17577783979697392,0.17578125489155894,WELD_FOUND
27.262,0.035,0.0,0.035,0.035,0.0177,0.0216,0.0173,0.0134,529,445,0.4903,0.4124,3.4150945850063755e-06,-0.17577783979697392,0.17578125489155894,WELD_FOUND
27.313,0.0,0.0,0.0,0.0,0.0217,0.0278,-0.0217,-0.0278,529,445,0.4903,0.4124,3.4150945850063755e-06,nan,nan,NO_WELD
27.362,0.0,0.0,0.0,0.0,0.0217,0.0278,-0.0217,-0.0278,534,450,0.4949,0.417,3.4150945850063755e-06,nan,nan,NO_WELD
27.412,0.03276480246690667,0.01842467429354632,0.035528503610938615,0.030001101322874722,0.0217,0.0278,0.0138,0.0022,534,450,0.4949,0.417,-0.35155909468853286,-0.35155909468853286,0.0,WELD_FOUND
27.462,0.03276480246690667,0.01842467429354632,0.035528503610938615,0.030001101322874722,0.0254,0.029,0.0101,0.001,534,450,0.4949,0.417,-0.35155909468853286,-0.35155909468853286,0.0,WELD_FOUND
27.512,0.035,0.0,0.035,0.035,0.0254,0.029,0.0096,0.006,534,450,0.4949,0.417,0.35156592487770283,3.4150945850063755e-06,0.3515625097831178,WELD_FOUND
27.562,0.035,0.0,0.035,0.035,0.0263,0.0285,0.0087,0.0065,537,453,0.4977,0.4198,0.35156592487770283,3.4150945850063755e-06,0.3515625097831178,WELD_FOUND
27.612,0.0,0.0,0.0,0.0,0.0263,0.0285,-0.0263,-0.0285,537,453,0.4977,0.4198,0.35156592487770283,nan,nan,NO_WELD
27.662,0.0,0.0,0.0,0.0,0.0263,0.0285,-0.0263,-0.0285,542,458,0.5023,0.4245,0.35156592487770283,nan,nan,NO_WELD
27.712,0.03297068999946323,0.016694734020741196,0.03547490010257441,0.030466479896352053,0.0282,0.0295,0.0073,0.001,542,458,0.5023,0.4245,-0.35155909468853286,-0.35155909468853286,0.0,WELD_FOUND
27.762,0.03297068999946323,0.016694734020741196,0.03547490010257441,0.030466479896352053,0.0282,0.0295,0.0073,0.001,544,460,0.5042,0.4263,-0.35155909468853286,-0.35155909468853286,0.0,WELD_FOUND
27.812,0.035,0.0,0.035,0.035,0.0243,0.0251,0.0107,0.0099,544,460,0.5042,0.4263,3.4150945850063755e-06,-0.17577783979697392,0.17578125489155894,WELD_FOUND
27.862,0.035,0.0,0.035,0.035,0.0243,0.0251,0.0107,0.0099,545,462,0.5051,0.4282,3.4150945850063755e-06,-0.17577783979697392,0.17578125489155894,WELD_FOUND
27.912,0.035,0.0,0.035,0.035,0.0243,0.0251,0.0107,0.0099,545,462,0.5051,0.4282,3.4150945850063755e-06,3.4150945850063755e-06,0.0,WELD_FOUND
27.962,0.035,0.0,0.035,0.035,0.0245,0.0323,0.0105,0.0027,548,467,0.5079,0.4328,3.4150945850063755e-06,3.4150945850063755e-06,0.0,WELD_FOUND
28.012,0.0,0.0,0.0,0.0,0.0245,0.0323,-0.0245,-0.0323,548,467,0.5079,0.4328,3.4150945850063755e-06,nan,nan,NO_WELD
28.062,0.0,0.0,0.0,0.0,0.0295,0.0342,-0.0295,-0.0342,552,471,0.5116,0.4365,3.4150945850063755e-06,nan,nan,NO_WELD
28.112,0.03300469975730304,0.01643242661587241,0.0354695637496839,0.030539835764922175,0.0295,0.0342,0.006,-0.0037,552,471,0.5116,0.4365,-0.35155909468853286,-0.35155909468853286,0.0,WELD_FOUND
28.162,0.03300469975730304,0.01643242661587241,0.0354695637496839,0.030539835764922175,0.0295,0.0342,0.006,-0.0037,553,472,0.5125,0.4374,-0.35155909468853286,-0.35155909468853286,0.0,WELD_FOUND
28.212,0.03266659769738944,0.016101069334192822,0.035081758097518366,0.03025143729726052,0.0202,0.023,0.0149,0.0072,553,472,0.5125,0.4374,-0.35155909468853286,-0.35155909468853286,0.0,WELD_FOUND
28.262,0.03266659769738944,0.016101069334192822,0.035081758097518366,0.03025143729726052,0.0202,0.023,0.0149,0.0072,556,475,0.5153,0.4402,-0.35155909468853286,-0.35155909468853286,0.0,WELD_FOUND
28.313,0.03259918616891874,0.015494678302733399,0.03492338791432875,0.030274984423508733,0.0232,0.0249,0.0117,0.0053,556,475,0.5153,0.4402,-0.35155909468853286,-0.35155909468853286,0.0,WELD_FOUND
28.362,0.03259918616891874,0.015494678302733399,0.03492338791432875,0.030274984423508733,0.0232,0.0249,0.0117,0.0053,560,479,0.519,0.4439,-0.35155909468853286,-0.35155909468853286,0.0,WELD_FOUND
28.412,0.03258571221856508,0.015370021803902234,0.03489121548915041,0.030280208947979743,0.0232,0.0249,0.0117,0.0054,560,479,0.519,0.4439,3.4150945850063755e-06,-0.35155909468853286,0.35156250978311787,WELD_FOUND
28.462,0.03258571221856508,0.015370021803902234,0.03489121548915041,0.030280208947979743,0.0337,0.0347,0.0012,-0.0044,564,483,0.5227,0.4476,3.4150945850063755e-06,-0.35155909468853286,0.35156250978311787,WELD_FOUND
28.512,0.032583017762707965,0.015345869565175883,0.034884898197484346,0.030281137327931584,0.0337,0.0347,0.0012,-0.0044,564,483,0.5227,0.4476,3.4150945850063755e-06,-0.35155909468853286,0.35156250978311787,WELD_FOUND
28.562,0.032583017762707965,0.015345869565175883,0.034884898197484346,0.030281137327931584,0.035,0.0356,-0.0001,-0.0054,568,487,0.5264,0.4513,3.4150945850063755e-06,-0.35155909468853286,0.35156250978311787,WELD_FOUND
28.612,0.035,0.0,0.035,0.035,0.035,0.0356,-0.0,-0.0006,568,487,0.5264,0.4513,3.4150945850063755e-06,3.4150945850063755e-06,0.0,WELD_FOUND
28.662,0.035,0.0,0.035,0.035,0.035,0.0356,-0.0,-0.0006,572,490,0.5301,0.4541,3.4150945850063755e-06,3.4150945850063755e-06,0.0,WELD_FOUND
28.712,0.035,0.0,0.035,0.035,0.0309,0.0288,0.0041,0.0062,572,490,0.5301,0.4541,0.35156592487770283,3.4150945850063755e-06,0.3515625097831178,WELD_FOUND
28.762,0.035,0.0,0.035,0.035,0.0309,0.0288,0.0041,0.0062,575,494,0.5329,0.4578,0.35156592487770283,3.4150945850063755e-06,0.3515625097831178,WELD_FOUND
28.812,0.0,0.0,0.0,0.0,0.0297,0.0321,-0.0297,-0.0321,575,494,0.5329,0.4578,0.35156592487770283,nan,nan,NO_WELD
28.862,0.0,0.0,0.0,0.0,0.0297,0.0321,-0.0297,-0.0321,579,498,0.5366,0.4615,0.35156592487770283,nan,nan,NO_WELD
28.912,0.03307804338214848,-0.015810950385956934,0.03070640082425494,0.03544968594004202,0.0297,0.0321,0.001,0.0033,579,498,0.5366,0.4615,0.35156592487770283,0.35156592487770283,0.0,WELD_FOUND
28.962,0.03307804338214848,-0.015810950385956934,0.03070640082425494,0.03544968594004202,0.0301,0.0267,0.0006,0.0088,580,497,0.5375,0.4606,0.35156592487770283,0.35156592487770283,0.0,WELD_FOUND
29.012,0.035,0.0,0.035,0.035,0.0301,0.0267,0.0049,0.0083,580,497,0.5375,0.4606,3.4150945850063755e-06,0.17578466998614392,-0.1757812548915589,WELD_FOUND
29.062,0.035,0.0,0.035,0.035,0.0329,0.0308,0.0021,0.0042,584,501,0.5412,0.4643,3.4150945850063755e-06,0.17578466998614392,-0.1757812548915589,WELD_FOUND
29.112,0.035,0.0,0.035,0.035,0.0329,0.0308,0.0021,0.0042,584,501,0.5412,0.4643,-0.35155909468853286,3.4150945850063755e-06,-0.35156250978311787,WELD_FOUND
29.162,0.035,0.0,0.035,0.035,0.0346,0.0333,0.0004,0.0017,588,505,0.5449,0.468,-0.35155909468853286,3.4150945850063755e-06,-0.35156250978311787,WELD_FOUND
29.212,0.035,0.0,0.035,0.035,0.0346,0.0333,0.0004,0.0017,588,505,0.5449,0.468,3.4150945850063755e-06,3.4150945850063755e-06,0.0,WELD_FOUND
29.262,0.035,0.0,0.035,0.035,0.0356,0.0311,-0.0006,0.0039,592,508,0.5486,0.4708,3.4150945850063755e-06,3.4150945850063755e-06,0.0,WELD_FOUND
29.313,0.035,0.0,0.035,0.035,0.0356,0.0311,-0.0006,0.0039,592,508,0.5486,0.4708,3.4150945850063755e-06,3.4150945850063755e-06,0.0,WELD_FOUND
29.362,0.035,0.0,0.035,0.035,0.0356,0.0311,-0.0006,0.0039,595,512,0.5514,0.4745,3.4150945850063755e-06,3.4150945850063755e-06,0.0,WELD_FOUND
29.412,0.035,0.0,0.035,0.035,0.0288,0.0286,0.0062,0.0064,595,512,0.5514,0.4745,3.4150945850063755e-06,3.4150945850063755e-06,0.0,WELD_FOUND
29.462,0.035,0.0,0.035,0.035,0.0288,0.0286,0.0062,0.0064,599,516,0.5551,0.4782,3.4150945850063755e-06,3.4150945850063755e-06,0.0,WELD_FOUND
29.512,0.035,0.0,0.035,0.035,0.0321,0.032,0.0029,0.003,599,516,0.5551,0.4782,3.4150945850063755e-06,3.4150945850063755e-06,0.0,WELD_FOUND
29.562,0.035,0.0,0.035,0.035,0.0321,0.032,0.0029,0.003,603,520,0.5588,0.4819,3.4150945850063755e-06,3.4150945850063755e-06,0.0,WELD_FOUND
29.612,0.0,0.0,0.0,0.0,0.0321,0.032,-0.0321,-0.032,603,520,0.5588,0.4819,3.4150945850063755e-06,nan,nan,NO_WELD
29.662,0.0,0.0,0.0,0.0,0.039,0.0389,-0.039,-0.0389,607,524,0.5625,0.4856,3.4150945850063755e-06,nan,nan,NO_WELD
29.712,0.033059044201569375,0.015963416328232692,0.035453556650804276,0.03066453175233447,0.039,0.0389,-0.0035,-0.0083,607,524,0.5625,0.4856,-0.35155909468853286,-0.35155909468853286,0.0,WELD_FOUND
29.762,0.033059044201569375,0.015963416328232692,0.035453556650804276,0.03066453175233447,0.039,0.0389,-0.0035,-0.0083,607,524,0.5625,0.4856,-0.35155909468853286,-0.35155909468853286,0.0,WELD_FOUND
29.812,0.035,0.0,0.035,0.035,0.0312,0.0311,0.0038,0.0039,607,524,0.5625,0.4856,0.35156592487770283,3.4150945850063755e-06,0.3515625097831178,WELD_FOUND
29.862,0.035,0.0,0.035,0.035,0.0312,0.0311,0.0038,0.0039,609,526,0.5644,0.4875,0.35156592487770283,3.4150945850063755e-06,0.3515625097831178,WELD_FOUND
29.912,0.035,0.0,0.035,0.035,0.0261,0.0261,0.0089,0.0089,609,526,0.5644,0.4875,3.4150945850063755e-06,3.4150945850063755e-06,0.0,WELD_FOUND
29.962,0.035,0.0,0.035,0.035,0.0261,0.0261,0.0089,0.0089,614,530,0.569,0.4912,3.4150945850063755e-06,3.4150945850063755e-06,0.0,WELD_FOUND
30.012,0.035,0.0,0.035,0.035,0.0261,0.0261,0.0089,0.0089,614,530,0.569,0.4912,0.7031284346608206,0.17578466998614392,0.5273437646746767,WELD_FOUND
30.062,0.035,0.0,0.035,0.035,0.0379,0.0379,-0.0029,-0.0029,618,535,0.5727,0.4958,0.7031284346608206,0.17578466998614392,0.5273437646746767,WELD_FOUND
30.112,0.035,0.0,0.035,0.035,0.0379,0.0379,-0.0029,-0.0029,618,535,0.5727,0.4958,3.4150945850063755e-06,3.4150945850063755e-06,0.0,WELD_FOUND
30.162,0.035,0.0,0.035,0.035,0.0338,0.0338,0.0012,0.0012,621,538,0.5755,0.4986,3.4150945850063755e-06,3.4150945850063755e-06,0.0,WELD_FOUND
30.212,0.0,0.0,0.0,0.0,0.0338,0.0338,-0.0338,-0.0338,621,538,0.5755,0.4986,3.4150945850063755e-06,nan,nan,NO_WELD
30.262,0.0,0.0,0.0,0.0,0.0351,0.0314,-0.0351,-0.0314,625,541,0.5792,0.5014,3.4150945850063755e-06,nan,nan,NO_WELD
30.313,0.03302126767100148,-0.016320477496251797,0.030573196046563708,0.035469339295439245,0.0351,0.0314,-0.0046,0.004,625,541,0.5792,0.5014,0.35156592487770283,0.35156592487770283,0.0,WELD_FOUND
30.362,0.03302126767100148,-0.016320477496251797,0.030573196046563708,0.035469339295439245,0.0351,0.0314,-0.0046,0.004,625,541,0.5792,0.5014,0.35156592487770283,0.35156592487770283,0.0,WELD_FOUND
30.412,0.0,0.0,0.0,0.0,0.0281,0.0251,-0.0281,-0.0251,625,541,0.5792,0.5014,0.35156592487770283,nan,nan,NO_WELD
30.462,0.0,0.0,0.0,0.0,0.0281,0.0251,-0.0281,-0.0251,629,545,0.5829,0.5051,0.35156592487770283,nan,nan,NO_WELD
30.512,0.035,0.0,0.035,0.035,0.0281,0.0251,0.0069,0.0099,629,545,0.5829,0.5051,3.4150945850063755e-06,3.4150945850063755e-06,0.0,WELD_FOUND
30.562,0.035,0.0,0.035,0.035,0.0267,0.0225,0.0083,0.0125,629,544,0.5829,0.5042,3.4150945850063755e-06,3.4150945850063755e-06,0.0,WELD_FOUND
30.612,0.0,0.0,0.0,0.0,0.0267,0.0225,-0.0267,-0.0225,629,544,0.5829,0.5042,3.4150945850063755e-06,nan,nan,NO_WELD
30.662,0.0,0.0,0.0,0.0,0.0309,0.0283,-0.0309,-0.0283,633,548,0.5866,0.5079,3.4150945850063755e-06,nan,nan,NO_WELD
30.712,0.0,0.0,0.0,0.0,0.0309,0.0283,-0.0309,-0.0283,633,548,0.5866,0.5079,3.4150945850063755e-06,nan,nan,NO_WELD
30.762,0.0,0.0,0.0,0.0,0.0309,0.0283,-0.0309,-0.0283,634,549,0.5876,0.5088,3.4150945850063755e-06,nan,nan,NO_WELD
30.812,0.035,0.0,0.035,0.035,0.021,0.0195,0.014,0.0155,634,549,0.5876,0.5088,3.4150945850063755e-06,3.4150945850063755e-06,0.0,WELD_FOUND
30.862,0.035,0.0,0.035,0.035,0.021,0.0195,0.014,0.0155,634,549,0.5876,0.5088,3.4150945850063755e-06,3.4150945850063755e-06,0.0,WELD_FOUND
30.912,0.0,0.0,0.0,0.0,0.021,0.0195,-0.021,-0.0195,634,549,0.5876,0.5088,3.4150945850063755e-06,nan,nan,NO_WELD
30.962,0.0,0.0,0.0,0.0,0.0168,0.0156,-0.0168,-0.0156,634,549,0.5876,0.5088,3.4150945850063755e-06,nan,nan,NO_WELD
31.012,0.035,0.0,0.035,0.035,0.0168,0.0156,0.0182,0.0194,637,553,0.5904,0.5125,3.4150945850063755e-06,3.4150945850063755e-06,0.0,WELD_FOUND
31.062,0.035,0.0,0.035,0.035,0.0212,0.0242,0.0138,0.0108,637,553,0.5904,0.5125,3.4150945850063755e-06,3.4150945850063755e-06,0.0,WELD_FOUND
31.112,0.035,0.0,0.035,0.035,0.0212,0.0242,0.0138,0.0108,639,554,0.5922,0.5134,-0.35155909468853286,-0.17577783979697392,-0.17578125489155894,WELD_FOUND
31.162,0.035,0.0,0.035,0.035,0.0201,0.0182,0.0149,0.0168,639,554,0.5922,0.5134,-0.35155909468853286,-0.17577783979697392,-0.17578125489155894,WELD_FOUND
31.212,0.0,0.0,0.0,0.0,0.0201,0.0182,-0.0201,-0.0182,641,558,0.5941,0.5171,-0.35155909468853286,nan,nan,NO_WELD
31.262,0.0,0.0,0.0,0.0,0.0195,0.0257,-0.0195,-0.0257,641,558,0.5941,0.5171,-0.35155909468853286,nan,nan,NO_WELD
31.313,0.035,0.0,0.035,0.035,0.0195,0.0257,0.0155,0.0093,644,563,0.5968,0.5218,3.4150945850063755e-06,3.4150945850063755e-06,0.0,WELD_FOUND
31.362,0.035,0.0,0.035,0.035,0.0228,0.034,0.0122,0.001,644,563,0.5968,0.5218,3.4150945850063755e-06,3.4150945850063755e-06,0.0,WELD_FOUND
31.412,0.035,0.0,0.035,0.035,0.0228,0.034,0.0122,0.001,645,564,0.5978,0.5227,-0.35155909468853286,-0.17577783979697392,-0.17578125489155894,WELD_FOUND
31.462,0.035,0.0,0.035,0.035,0.0228,0.034,0.0122,0.001,645,564,0.5978,0.5227,-0.35155909468853286,-0.17577783979697392,-0.17578125489155894,WELD_FOUND
31.512,0.0,0.0,0.0,0.0,0.0236,0.0328,-0.0236,-0.0328,648,568,0.6005,0.5264,-0.35155909468853286,nan,nan,NO_WELD
31.562,0.0,0.0,0.0,0.0,0.0236,0.0328,-0.0236,-0.0328,648,568,0.6005,0.5264,-0.35155909468853286,nan,nan,NO_WELD
31.612,0.0328602915903819,0.01762127668901586,0.03550348309373428,0.030217100087029523,0.029,0.0308,0.0065,-0.0006,652,571,0.6043,0.5292,-0.35155909468853286,-0.35155909468853286,0.0,WELD_FOUND
31.663,0.0328602915903819,0.01762127668901586,0.03550348309373428,0.030217100087029523,0.029,0.0308,0.0065,-0.0006,652,571,0.6043,0.5292,-0.35155909468853286,-0.35155909468853286,0.0,WELD_FOUND
31.712,0.0,0.0,0.0,0.0,0.029,0.0308,-0.029,-0.0308,652,572,0.6043,0.5301,-0.35155909468853286,nan,nan,NO_WELD
31.762,0.0,0.0,0.0,0.0,0.0232,0.0209,-0.0232,-0.0209,652,572,0.6043,0.5301,-0.35155909468853286,nan,nan,NO_WELD
31.812,0.03263783921088991,0.01541270001595515,0.03494974421328319,0.03032593420849664,0.0232,0.0209,0.0118,0.0094,655,576,0.607,0.5338,-0.35155909468853286,-0.35155909468853286,0.0,WELD_FOUND
31.862,0.03263783921088991,0.01541270001595515,0.03494974421328319,0.03032593420849664,0.025,0.0274,0.0099,0.003,655,576,0.607,0.5338,-0.35155909468853286,nan,nan,NO_WELD
31.912,0.0,0.0,0.0,0.0,0.025,0.0274,-0.025,-0.0274,655,575,0.607,0.5329,-0.35155909468853286,nan,nan,NO_WELD
31.962,0.0,0.0,0.0,0.0,0.025,0.0274,-0.025,-0.0274,655,575,0.607,0.5329,0.35156592487770283,nan,nan,NO_WELD
32.012,0.03352773214575244,-0.01659240764980365,0.031038870998281894,0.03601659329322299,0.0249,0.0238,0.0061,0.0122,659,579,0.6107,0.5366,0.35156592487770283,0.35156592487770283,0.0,WELD_FOUND
32.062,0.03352773214575244,-0.01659240764980365,0.031038870998281894,0.03601659329322299,0.0249,0.0238,0.0061,0.0122,659,579,0.6107,0.5366,-0.35155909468853286,0.35156592487770283,-0.7031250195662357,WELD_FOUND
32.112,0.035,0.0,0.035,0.035,0.0249,0.0238,0.0101,0.0112,660,578,0.6117,0.5357,-0.35155909468853286,3.4150945850063755e-06,-0.35156250978311787,WELD_FOUND
32.162,0.0,0.0,0.0,0.0,0.0174,0.0118,-0.0174,-0.0118,660,578,0.6117,0.5357,-0.35155909468853286,nan,nan,NO_WELD
32.212,0.0,0.0,0.0,0.0,0.0174,0.0118,-0.0174,-0.0118,665,583,0.6163,0.5403,-0.35155909468853286,nan,nan,NO_WELD
32.262,0.0,0.0,0.0,0.0,0.0174,0.0118,-0.0174,-0.0118,665,583,0.6163,0.5403,-0.35155909468853286,nan,nan,NO_WELD
32.313,0.0,0.0,0.0,0.0,0.0278,0.0245,-0.0278,-0.0245,667,585,0.6182,0.5422,-0.35155909468853286,nan,nan,NO_WELD
32.362,0.0,0.0,0.0,0.0,0.0278,0.0245,-0.0278,-0.0245,667,585,0.6182,0.5422,-0.35155909468853286,nan,nan,NO_WELD
32.412,0.0,0.0,0.0,0.0,0.0278,0.0245,-0.0278,-0.0245,666,585,0.6172,0.5422,-0.35155909468853286,nan,nan,NO_WELD
32.462,0.0,0.0,0.0,0.0,0.0142,0.0196,-0.0142,-0.0196,666,585,0.6172,0.5422,3.4150945850063755e-06,3.4150945850063755e-06,0.0,WELD_FOUND
32.512,0.035,0.0,0.035,0.035,0.0142,0.0196,0.0208,0.0154,666,585,0.6172,0.5422,3.4150945850063755e-06,3.4150945850063755e-06,0.0,WELD_FOUND
32.562,0.0,0.0,0.0,0.0,0.0142,0.0196,-0.0142,-0.0196,666,585,0.6172,0.5422,3.4150945850063755e-06,nan,nan,NO_WELD
32.612,0.0,0.0,0.0,0.0,0.0114,0.0157,-0.0114,-0.0157,666,585,0.6172,0.5422,3.4150945850063755e-06,nan,nan,NO_WELD
32.662,0.0,0.0,0.0,0.0,0.0114,0.0157,-0.0114,-0.0157,666,585,0.6172,0.5422,3.4150945850063755e-06,nan,nan,NO_WELD
32.712,0.0,0.0,0.0,0.0,0.0114,0.0157,-0.0114,-0.0157,668,586,0.6191,0.5431,3.4150945850063755e-06,nan,nan,NO_WELD
32.762,0.0,0.0,0.0,0.0,0.0118,0.0119,-0.0118,-0.0119,668,586,0.6191,0.5431,3.4150945850063755e-06,3.4150945850063755e-06,0.0,WELD_FOUND
32.812,0.035,0.0,0.035,0.035,0.0118,0.0119,0.0232,0.0231,668,586,0.6191,0.5431,3.4150945850063755e-06,3.4150945850063755e-06,0.0,WELD_FOUND
32.862,0.0,0.0,0.0,0.0,0.0118,0.0119,-0.0118,-0.0119,668,586,0.6191,0.5431,3.4150945850063755e-06,nan,nan,NO_WELD
32.912,0.0,0.0,0.0,0.0,0.0095,0.0096,-0.0095,-0.0096,669,587,0.62,0.544,3.4150945850063755e-06,nan,nan,NO_WELD
32.962,0.0,0.0,0.0,0.0,0.0095,0.0096,-0.0095,-0.0096,669,587,0.62,0.544,3.4150945850063755e-06,nan,nan,NO_WELD
33.012,0.0,0.0,0.0,0.0,0.0168,0.0169,-0.0168,-0.0169,672,590,0.6228,0.5468,3.4150945850063755e-06,nan,nan,NO_WELD
33.062,0.035,0.0,0.035,0.035,0.0168,0.0169,0.0182,0.0181,672,590,0.6228,0.5468,3.4150945850063755e-06,3.4150945850063755e-06,0.0,WELD_FOUND
33.112,0.035,0.0,0.035,0.035,0.0064,0.0064,0.0286,0.0286,671,589,0.6219,0.5459,3.4150945850063755e-06,3.4150945850063755e-06,0.0,WELD_FOUND
33.162,0.035,0.0,0.035,0.035,0.0064,0.0064,0.0286,0.0286,671,589,0.6219,0.5459,3.4150945850063755e-06,3.4150945850063755e-06,0.0,WELD_FOUND
33.212,0.035,0.0,0.035,0.035,0.0113,0.0113,0.0237,0.0237,673,591,0.6237,0.5477,3.4150945850063755e-06,3.4150945850063755e-06,0.0,WELD_FOUND
33.262,0.0,0.0,0.0,0.0,0.0113,0.0113,-0.0113,-0.0113,673,591,0.6237,0.5477,3.4150945850063755e-06,nan,nan,NO_WELD
33.313,0.0,0.0,0.0,0.0,0.0113,0.0113,-0.0113,-0.0113,680,598,0.6302,0.5542,3.4150945850063755e-06,nan,nan,NO_WELD
33.362,0.0,0.0,0.0,0.0,0.024,0.0241,-0.024,-0.0241,680,598,0.6302,0.5542,3.4150945850063755e-06,nan,nan,NO_WELD
33.412,0.0,0.0,0.0,0.0,0.024,0.0241,-0.024,-0.0241,682,600,0.6321,0.5561,3.4150945850063755e-06,nan,nan,NO_WELD
33.462,0.03305891226031913,-0.014744002538129818,0.03084731187959966,0.0352705126410386,0.024,0.0241,0.0068,0.0112,682,600,0.6321,0.5561,0.35156592487770283,0.35156592487770283,0.0,WELD_FOUND
33.512,0.03305891226031913,-0.014744002538129818,0.03084731187959966,0.0352705126410386,0.0169,0.0169,0.0139,0.0184,681,599,0.6311,0.5551,0.35156592487770283,0.35156592487770283,0.0,WELD_FOUND
33.562,0.035,0.0,0.035,0.035,0.0169,0.0169,0.0181,0.0181,681,599,0.6311,0.5551,-0.35155909468853286,3.4150945850063755e-06,-0.35156250978311787,WELD_FOUND
33.612,0.035,0.0,0.035,0.035,0.0213,0.0176,0.0137,0.0174,684,601,0.6339,0.557,-0.35155909468853286,3.4150945850063755e-06,-0.35156250978311787,WELD_FOUND
33.662,0.033135538209039285,0.01890202345059318,0.03597084172662826,0.03030023469145031,0.0213,0.0176,0.0147,0.0127,684,601,0.6339,0.557,-0.7031216044716506,-0.35155909468853286,-0.35156250978311776,WELD_FOUND
33.712,0.033135538209039285,0.01890202345059318,0.03597084172662826,0.03030023469145031,0.0213,0.0176,0.0147,0.0127,689,607,0.6385,0.5625,-0.7031216044716506,-0.35155909468853286,-0.35156250978311776,WELD_FOUND
33.762,0.03269261043798889,0.01634087505229706,0.03514374169583345,0.03024147918014433,0.0251,0.0254,0.01,0.0049,689,607,0.6385,0.5625,-0.35155909468853286,-0.35155909468853286,0.0,WELD_FOUND
33.812,0.03269261043798889,0.01634087505229706,0.03514374169583345,0.03024147918014433,0.0251,0.0254,0.01,0.0049,694,612,0.6432,0.5672,-0.35155909468853286,-0.35155909468853286,0.0,WELD_FOUND
33.862,0.0,0.0,0.0,0.0,0.0251,0.0254,-0.0251,-0.0254,694,612,0.6432,0.5672,-0.35155909468853286,nan,nan,NO_WELD
33.912,0.0,0.0,0.0,0.0,0.0373,0.0375,-0.0373,-0.0375,698,616,0.6469,0.5709,-0.35155909468853286,nan,nan,NO_WELD
33.962,0.035,0.0,0.035,0.035,0.0373,0.0375,-0.0023,-0.0025,698,616,0.6469,0.5709,3.4150945850063755e-06,3.4150945850063755e-06,0.0,WELD_FOUND
34.012,0.035,0.0,0.035,0.035,0.0261,0.0262,0.0089,0.0088,699,617,0.6478,0.5718,3.4150945850063755e-06,3.4150945850063755e-06,0.0,WELD_FOUND
34.062,0.03296779172601557,0.020583674068308938,0.03605534283626191,0.02988024061576923,0.0261,0.0262,0.01,0.0037,699,617,0.6478,0.5718,-0.7031216044716506,-0.35155909468853286,-0.35156250978311776,WELD_FOUND
34.112,0.03296779172601557,0.020583674068308938,0.03605534283626191,0.02988024061576923,0.0261,0.0262,0.01,0.0037,702,620,0.6506,0.5746,-0.7031216044716506,-0.35155909468853286,-0.35156250978311776,WELD_FOUND
34.162,0.0,0.0,0.0,0.0,0.0231,0.0231,-0.0231,-0.0231,702,620,0.6506,0.5746,-0.7031216044716506,nan,nan,NO_WELD
34.212,0.0,0.0,0.0,0.0,0.0231,0.0231,-0.0231,-0.0231,706,624,0.6543,0.5783,-0.7031216044716506,nan,nan,NO_WELD
34.262,0.035,0.0,0.035,0.035,0.0231,0.0231,0.0119,0.0119,706,624,0.6543,0.5783,3.4150945850063755e-06,3.4150945850063755e-06,0.0,WELD_FOUND
34.313,0.035,0.0,0.035,0.035,0.0237,0.0238,0.0113,0.0112,706,624,0.6543,0.5783,3.4150945850063755e-06,3.4150945850063755e-06,0.0,WELD_FOUND
34.362,0.0,0.0,0.0,0.0,0.0237,0.0238,-0.0237,-0.0238,706,624,0.6543,0.5783,3.4150945850063755e-06,nan,nan,NO_WELD
34.412,0.0,0.0,0.0,0.0,0.0237,0.0238,-0.0237,-0.0238,709,627,0.6571,0.5811,3.4150945850063755e-06,nan,nan,NO_WELD
34.462,0.035,0.0,0.035,0.035,0.0217,0.0217,0.0133,0.0133,709,627,0.6571,0.5811,3.4150945850063755e-06,3.4150945850063755e-06,0.0,WELD_FOUND
34.512,0.035,0.0,0.035,0.035,0.0217,0.0217,0.0133,0.0133,711,629,0.6589,0.5829,3.4150945850063755e-06,3.4150945850063755e-06,0.0,WELD_FOUND
34.562,0.035,0.0,0.035,0.035,0.0204,0.0204,0.0146,0.0146,711,629,0.6589,0.5829,3.4150945850063755e-06,3.4150945850063755e-06,0.0,WELD_FOUND
34.612,0.035,0.0,0.035,0.035,0.0204,0.0204,0.0146,0.0146,713,631,0.6608,0.5848,3.4150945850063755e-06,3.4150945850063755e-06,0.0,WELD_FOUND
34.662,0.035,0.0,0.035,0.035,0.0204,0.0204,0.0146,0.0146,713,631,0.6608,0.5848,-0.35155909468853286,3.4150945850063755e-06,-0.35156250978311787,WELD_FOUND
34.712,0.035,0.0,0.035,0.035,0.032,0.032,0.003,0.003,719,637,0.6663,0.5904,-0.35155909468853286,3.4150945850063755e-06,-0.35156250978311787,WELD_FOUND
34.762,0.035,0.0,0.035,0.035,0.032,0.032,0.003,0.003,719,637,0.6663,0.5904,3.4150945850063755e-06,3.4150945850063755e-06,0.0,WELD_FOUND
34.812,0.035,0.0,0.035,0.035,0.032,0.032,0.003,0.003,723,641,0.6701,0.5941,3.4150945850063755e-06,3.4150945850063755e-06,0.0,WELD_FOUND
34.862,0.035,0.0,0.035,0.035,0.0291,0.0291,0.0059,0.0059,723,641,0.6701,0.5941,-0.35155909468853286,3.4150945850063755e-06,-0.35156250978311787,WELD_FOUND
34.912,0.035,0.0,0.035,0.035,0.0291,0.0291,0.0059,0.0059,727,645,0.6738,0.5978,-0.35155909468853286,3.4150945850063755e-06,-0.35156250978311787,WELD_FOUND
34.962,0.0,0.0,0.0,0.0,0.0291,0.0291,-0.0291,-0.0291,727,645,0.6738,0.5978,-0.35155909468853286,nan,nan,NO_WELD
35.012,0.0,0.0,0.0,0.0,0.0397,0.0397,-0.0397,-0.0397,732,650,0.6784,0.6024,-0.35155909468853286,nan,nan,NO_WELD
35.062,0.03305893306795227,0.01595341414397905,0.035451945189549125,0.03066592094635541,0.0397,0.0397,-0.0043,-0.0091,732,650,0.6784,0.6024,-0.35155909468853286,-0.35155909468853286,0.0,WELD_FOUND
35.112,0.03305893306795227,0.01595341414397905,0.035451945189549125,0.03066592094635541,0.0318,0.0275,0.0037,0.0031,732,651,0.6784,0.6033,-0.35155909468853286,-0.35155909468853286,0.0,WELD_FOUND
35.162,0.0,0.0,0.0,0.0,0.0318,0.0275,-0.0318,-0.0275,732,651,0.6784,0.6033,-0.35155909468853286,nan,nan,NO_WELD
35.212,0.0,0.0,0.0,0.0,0.0265,0.0202,-0.0265,-0.0202,734,652,0.6802,0.6043,-0.35155909468853286,nan,nan,NO_WELD
35.262,0.032677385120727744,0.015466396365987695,0.0349973445756259,0.03035742566582959,0.0265,0.0202,0.0085,0.0101,734,652,0.6802,0.6043,-0.35155909468853286,-0.35155909468853286,0.0,WELD_FOUND
35.313,0.032677385120727744,0.015466396365987695,0.0349973445756259,0.03035742566582959,0.0196,0.0158,0.0154,0.0145,735,653,0.6812,0.6052,-0.35155909468853286,-0.35155909468853286,0.0,WELD_FOUND
35.362,0.032601341284034746,0.01550557150931468,0.03492717701043195,0.030275505557637545,0.0196,0.0158,0.0153,0.0144,735,653,0.6812,0.6052,-0.35155909468853286,-0.35155909468853286,0.0,WELD_FOUND
35.412,0.032601341284034746,0.01550557150931468,0.03492717701043195,0.030275505557637545,0.0229,0.0158,0.0121,0.0144,738,656,0.684,0.608,-0.35155909468853286,-0.35155909468853286,0.0,WELD_FOUND
35.462,0.03258614314680621,0.01537572374119753,0.03489250170798584,0.030279784585626583,0.0229,0.0169,0.012,0.0134,738,656,0.684,0.608,3.4150945850063755e-06,-0.35155909468853286,0.35156250978311787,WELD_FOUND
35.512,0.03258614314680621,0.01537572374119753,0.03489250170798584,0.030279784585626583,0.0285,0.0169,0.0063,0.0134,742,661,0.6877,0.6126,3.4150945850063755e-06,-0.35155909468853286,0.35156250978311787,WELD_FOUND
35.562,0.0,0.0,0.0,0.0,0.0285,0.0287,-0.0285,-0.0287,742,661,0.6877,0.6126,3.4150945850063755e-06,nan,nan,NO_WELD
35.612,0.0,0.0,0.0,0.0,0.0285,0.0287,-0.0285,-0.0287,747,665,0.6923,0.6163,3.4150945850063755e-06,nan,nan,NO_WELD
35.662,0.0,0.0,0.0,0.0,0.0295,0.0287,-0.0295,-0.0287,747,665,0.6923,0.6163,3.4150945850063755e-06,nan,nan,NO_WELD
35.712,0.0,0.0,0.0,0.0,0.0295,0.032,-0.0295,-0.032,747,667,0.6923,0.6182,3.4150945850063755e-06,nan,nan,NO_WELD
35.762,0.0,0.0,0.0,0.0,0.0295,0.032,-0.0295,-0.032,747,667,0.6923,0.6182,3.4150945850063755e-06,nan,nan,NO_WELD
35.812,0.0,0.0,0.0,0.0,0.0236,0.032,-0.0236,-0.032,747,667,0.6923,0.6182,3.4150945850063755e-06,nan,nan,NO_WELD
35.862,0.0,0.0,0.0,0.0,0.0236,0.0256,-0.0236,-0.0256,747,667,0.6923,0.6182,3.4150945850063755e-06,nan,nan,NO_WELD
35.912,0.0,0.0,0.0,0.0,0.0189,0.0256,-0.0189,-0.0256,747,667,0.6923,0.6182,3.4150945850063755e-06,nan,nan,NO_WELD
35.962,0.035,0.0,0.035,0.035,0.0189,0.0205,0.0161,0.0145,747,667,0.6923,0.6182,3.4150945850063755e-06,3.4150945850063755e-06,0.0,WELD_FOUND
36.012,0.035,0.0,0.035,0.035,0.0189,0.0205,0.0161,0.0145,747,667,0.6923,0.6182,3.4150945850063755e-06,3.4150945850063755e-06,0.0,WELD_FOUND
36.062,0.0,0.0,0.0,0.0,0.0151,0.0164,-0.0151,-0.0164,747,667,0.6923,0.6182,3.4150945850063755e-06,nan,nan,NO_WELD
36.112,0.0,0.0,0.0,0.0,0.0151,0.0164,-0.0151,-0.0164,750,671,0.6951,0.6219,3.4150945850063755e-06,nan,nan,NO_WELD
36.162,0.0,0.0,0.0,0.0,0.0151,0.0164,-0.0151,-0.0164,750,671,0.6951,0.6219,3.4150945850063755e-06,nan,nan,NO_WELD
36.212,0.0,0.0,0.0,0.0,0.0189,0.0197,-0.0189,-0.0197,751,671,0.696,0.6219,3.4150945850063755e-06,nan,nan,NO_WELD
36.262,0.031173264645065098,0.02944574074479901,0.03559012575678495,0.026756403533345248,0.0189,0.0197,0.0166,0.007,751,671,0.696,0.6219,-0.7031216044716506,-0.7031216044716506,0.0,WELD_FOUND
36.313,0.031173264645065098,0.02944574074479901,0.03559012575678495,0.026756403533345248,0.0077,0.0158,0.0279,0.011,750,671,0.6951,0.6219,-0.7031216044716506,-0.7031216044716506,0.0,WELD_FOUND
36.362,0.0313593424246093,0.02256685186183905,0.034744370203885155,0.02797431464533344,0.0077,0.0158,0.0271,0.0122,750,671,0.6951,0.6219,-0.35155909468853286,-0.5273403362398785,0.17578124155134567,WELD_FOUND
36.412,0.0313593424246093,0.02256685186183905,0.034744370203885155,0.02797431464533344,0.0157,0.0169,0.019,0.0111,753,673,0.6979,0.6237,-0.35155909468853286,-0.5273403362398785,0.17578124155134567,WELD_FOUND
36.462,0.03233587227498798,0.013110333021565612,0.03430242222822282,0.030369322321753135,0.0157,0.0169,0.0186,0.0135,753,673,0.6979,0.6237,3.4150945850063755e-06,-0.35155909468853286,0.35156250978311787,WELD_FOUND
36.512,0.03233587227498798,0.013110333021565612,0.03430242222822282,0.030369322321753135,0.028,0.0287,0.0063,0.0017,758,678,0.7025,0.6283,3.4150945850063755e-06,-0.35155909468853286,0.35156250978311787,WELD_FOUND
36.562,0.0,0.0,0.0,0.0,0.028,0.0287,-0.028,-0.0287,758,678,0.7025,0.6283,3.4150945850063755e-06,nan,nan,NO_WELD
36.612,0.0,0.0,0.0,0.0,0.028,0.0287,-0.028,-0.0287,762,683,0.7062,0.633,3.4150945850063755e-06,nan,nan,NO_WELD
36.662,0.030662563266960742,0.031230167777818615,0.03534708843363353,0.02597803810028795,0.0267,0.0296,0.0087,-0.0036,762,683,0.7062,0.633,-0.7031216044716506,-0.7031216044716506,0.0,WELD_FOUND
36.712,0.030662563266960742,0.031230167777818615,0.03534708843363353,0.02597803810028795,0.0267,0.0296,0.0087,-0.0036,764,684,0.7081,0.6339,-0.7031216044716506,-0.7031216044716506,0.0,WELD_FOUND
36.762,0.0,0.0,0.0,0.0,0.0234,0.0214,-0.0234,-0.0214,764,684,0.7081,0.6339,-0.7031216044716506,nan,nan,NO_WELD
36.812,0.0,0.0,0.0,0.0,0.0234,0.0214,-0.0234,-0.0214,765,685,0.709,0.6348,-0.7031216044716506,nan,nan,NO_WELD
36.862,0.0,0.0,0.0,0.0,0.0234,0.0214,-0.0234,-0.0214,765,685,0.709,0.6348,-0.7031216044716506,nan,nan,NO_WELD
36.912,0.0,0.0,0.0,0.0,0.019,0.0203,-0.019,-0.0203,766,687,0.7099,0.6367,-0.7031216044716506,nan,nan,NO_WELD
36.962,0.0,0.0,0.0,0.0,0.019,0.0203,-0.019,-0.0203,766,687,0.7099,0.6367,-0.7031216044716506,nan,nan,NO_WELD
37.012,0.0,0.0,0.0,0.0,0.019,0.0203,-0.019,-0.0203,766,687,0.7099,0.6367,-0.7031216044716506,nan,nan,NO_WELD
37.062,0.0,0.0,0.0,0.0,0.0152,0.0162,-0.0152,-0.0162,766,687,0.7099,0.6367,-0.7031216044716506,nan,nan,NO_WELD
37.112,0.0,0.0,0.0,0.0,0.0152,0.0162,-0.0152,-0.0162,766,687,0.7099,0.6367,-0.7031216044716506,nan,nan,NO_WELD
37.162,0.03258234416615065,0.017188456732932265,0.03516061267609049,0.03000407565621081,0.0152,0.0162,0.02,0.0138,766,687,0.7099,0.6367,-0.35155909468853286,-0.35155909468853286,0.0,WELD_FOUND
37.212,0.03258234416615065,0.017188456732932265,0.03516061267609049,0.03000407565621081,0.0122,0.013,0.023,0.017,766,687,0.7099,0.6367,-0.35155909468853286,-0.35155909468853286,0.0,WELD_FOUND
37.262,0.035,0.0,0.035,0.035,0.0122,0.013,0.0228,0.022,766,687,0.7099,0.6367,3.4150945850063755e-06,-0.17577783979697392,0.17578125489155894,WELD_FOUND
37.313,0.035,0.0,0.035,0.035,0.0221,0.0189,0.0129,0.0161,770,690,0.7136,0.6395,3.4150945850063755e-06,-0.17577783979697392,0.17578125489155894,WELD_FOUND
37.362,0.03277257470724407,0.022697398678813277,0.03617718450906606,0.029367964905422077,0.0221,0.0189,0.0141,0.0105,770,690,0.7136,0.6395,-0.35155909468853286,-0.35155909468853286,0.0,WELD_FOUND
37.412,0.03277257470724407,0.022697398678813277,0.03617718450906606,0.029367964905422077,0.0221,0.0189,0.0141,0.0105,775,695,0.7182,0.6441,-0.35155909468853286,-0.35155909468853286,0.0,WELD_FOUND
37.462,0.035,0.0,0.035,0.035,0.0256,0.0237,0.0094,0.0113,775,695,0.7182,0.6441,3.4150945850063755e-06,-0.17577783979697392,0.17578125489155894,WELD_FOUND
37.512,0.035,0.0,0.035,0.035,0.0256,0.0237,0.0094,0.0113,780,700,0.7229,0.6487,3.4150945850063755e-06,-0.17577783979697392,0.17578125489155894,WELD_FOUND
37.562,0.03278019544607595,0.02244919920907444,0.03614757532743712,0.029412815564714787,0.0339,0.0327,0.0022,-0.0033,780,700,0.7229,0.6487,-0.35155909468853286,-0.35155909468853286,0.0,WELD_FOUND
37.612,0.03278019544607595,0.02244919920907444,0.03614757532743712,0.029412815564714787,0.0339,0.0327,0.0022,-0.0033,784,704,0.7266,0.6524,-0.35155909468853286,-0.35155909468853286,0.0,WELD_FOUND
37.662,0.03262186651063305,0.01569939604383458,0.034976775917208235,0.030266957104057864,0.0339,0.0327,0.0011,-0.0025,784,704,0.7266,0.6524,-0.35155909468853286,-0.35155909468853286,0.0,WELD_FOUND
37.712,0.03262186651063305,0.01569939604383458,0.034976775917208235,0.030266957104057864,0.0401,0.0394,-0.0051,-0.0092,788,708,0.7303,0.6562,-0.35155909468853286,-0.35155909468853286,0.0,WELD_FOUND
37.762,0.0,0.0,0.0,0.0,0.0401,0.0394,-0.0401,-0.0394,788,708,0.7303,0.6562,-0.35155909468853286,nan,nan,NO_WELD
37.812,0.0,0.0,0.0,0.0,0.0352,0.0348,-0.0352,-0.0348,791,711,0.7331,0.6589,-0.35155909468853286,nan,nan,NO_WELD
37.862,0.035,0.0,0.035,0.035,0.0352,0.0348,-0.0002,0.0002,791,711,0.7331,0.6589,3.4150945850063755e-06,3.4150945850063755e-06,0.0,WELD_FOUND
37.912,0.035,0.0,0.035,0.035,0.0352,0.0348,-0.0002,0.0002,791,710,0.7331,0.658,3.4150945850063755e-06,3.4150945850063755e-06,0.0,WELD_FOUND
37.962,0.035,0.0,0.035,0.035,0.0282,0.0184,0.0068,0.0166,791,710,0.7331,0.658,-0.35155909468853286,-0.17577783979697392,-0.17578125489155894,WELD_FOUND
38.012,0.035,0.0,0.035,0.035,0.0282,0.0184,0.0068,0.0166,795,713,0.7368,0.6608,-0.35155909468853286,-0.17577783979697392,-0.17578125489155894,WELD_FOUND
38.062,0.035,0.0,0.035,0.035,0.0282,0.0184,0.0068,0.0166,795,713,0.7368,0.6608,3.4150945850063755e-06,3.4150945850063755e-06,0.0,WELD_FOUND
38.112,0.035,0.0,0.035,0.035,0.0391,0.0308,-0.0041,0.0042,800,718,0.7414,0.6654,3.4150945850063755e-06,3.4150945850063755e-06,0.0,WELD_FOUND
38.162,0.035,0.0,0.035,0.035,0.0391,0.0308,-0.0041,0.0042,800,718,0.7414,0.6654,-0.35155909468853286,-0.17577783979697392,-0.17578125489155894,WELD_FOUND
38.212,0.035,0.0,0.035,0.035,0.0391,0.0308,-0.0041,0.0042,804,723,0.7451,0.6701,-0.35155909468853286,-0.17577783979697392,-0.17578125489155894,WELD_FOUND
38.262,0.0,0.0,0.0,0.0,0.0334,0.0308,-0.0334,-0.0308,804,723,0.7451,0.6701,-0.35155909468853286,nan,nan,NO_WELD
38.313,0.0,0.0,0.0,0.0,0.0334,0.0308,-0.0334,-0.0308,808,726,0.7488,0.6728,-0.35155909468853286,nan,nan,NO_WELD
38.362,0.035,0.0,0.035,0.035,0.0348,0.0296,0.0002,0.0054,808,726,0.7488,0.6728,3.4150945850063755e-06,3.4150945850063755e-06,0.0,WELD_FOUND
38.412,0.035,0.0,0.035,0.035,0.0348,0.0296,0.0002,0.0054,809,726,0.7498,0.6728,3.4150945850063755e-06,3.4150945850063755e-06,0.0,WELD_FOUND
38.462,0.0,0.0,0.0,0.0,0.0348,0.0296,-0.0348,-0.0296,809,726,0.7498,0.6728,3.4150945850063755e-06,nan,nan,NO_WELD
38.512,0.0,0.0,0.0,0.0,0.0308,0.0252,-0.0308,-0.0252,812,729,0.7525,0.6756,3.4150945850063755e-06,nan,nan,NO_WELD
38.562,0.03301902197601143,0.016295836660805404,0.03546339747513224,0.030574646476890618,0.0308,0.0252,0.0047,0.0054,812,729,0.7525,0.6756,-0.35155909468853286,-0.35155909468853286,0.0,WELD_FOUND
38.612,0.03301902197601143,0.016295836660805404,0.03546339747513224,0.030574646476890618,0.0308,0.0252,0.0047,0.0054,814,729,0.7544,0.6756,-0.35155909468853286,-0.35155909468853286,0.0,WELD_FOUND
38.662,0.0,0.0,0.0,0.0,0.0234,0.0202,-0.0234,-0.0202,814,729,0.7544,0.6756,-0.35155909468853286,nan,nan,NO_WELD
38.712,0.0,0.0,0.0,0.0,0.0234,0.0202,-0.0234,-0.0202,816,731,0.7562,0.6775,-0.35155909468853286,nan,nan,NO_WELD
38.762,0.035,0.0,0.035,0.035,0.0215,0.0195,0.0135,0.0155,816,731,0.7562,0.6775,3.4150945850063755e-06,3.4150945850063755e-06,0.0,WELD_FOUND
38.812,0.035,0.0,0.035,0.035,0.0215,0.0195,0.0135,0.0155,818,732,0.7581,0.6784,3.4150945850063755e-06,3.4150945850063755e-06,0.0,WELD_FOUND
38.862,0.0,0.0,0.0,0.0,0.0203,0.0154,-0.0203,-0.0154,818,732,0.7581,0.6784,3.4150945850063755e-06,nan,nan,NO_WELD
38.912,0.0,0.0,0.0,0.0,0.0203,0.0154,-0.0203,-0.0154,822,735,0.7618,0.6812,3.4150945850063755e-06,nan,nan,NO_WELD
38.962,0.0,0.0,0.0,0.0,0.0203,0.0154,-0.0203,-0.0154,822,735,0.7618,0.6812,3.4150945850063755e-06,nan,nan,NO_WELD
39.012,0.0,0.0,0.0,0.0,0.027,0.0216,-0.027,-0.0216,824,737,0.7637,0.683,3.4150945850063755e-06,nan,nan,NO_WELD
39.062,0.0,0.0,0.0,0.0,0.027,0.0216,-0.027,-0.0216,824,737,0.7637,0.683,3.4150945850063755e-06,nan,nan,NO_WELD
39.112,0.0,0.0,0.0,0.0,0.027,0.0216,-0.027,-0.0216,824,737,0.7637,0.683,3.4150945850063755e-06,nan,nan,NO_WELD
39.162,0.0,0.0,0.0,0.0,0.0216,0.0173,-0.0216,-0.0173,824,737,0.7637,0.683,3.4150945850063755e-06,nan,nan,NO_WELD
39.212,0.0,0.0,0.0,0.0,0.0216,0.0173,-0.0216,-0.0173,824,737,0.7637,0.683,3.4150945850063755e-06,nan,nan,NO_WELD
39.262,0.030251181765434624,0.03437522506786327,0.035407465525614114,0.025094898005255134,0.0173,0.0138,0.0181,0.0113,824,737,0.7637,0.683,-0.7031216044716506,-0.7031216044716506,0.0,WELD_FOUND
39.313,0.030251181765434624,0.03437522506786327,0.035407465525614114,0.025094898005255134,0.0173,0.0138,0.0181,0.0113,824,737,0.7637,0.683,-0.7031216044716506,-0.7031216044716506,0.0,WELD_FOUND
39.362,0.0,0.0,0.0,0.0,0.0173,0.0138,-0.0173,-0.0138,824,737,0.7637,0.683,-0.7031216044716506,nan,nan,NO_WELD
39.412,0.0,0.0,0.0,0.0,0.0178,0.0132,-0.0178,-0.0132,827,739,0.7664,0.6849,-0.7031216044716506,nan,nan,NO_WELD
39.462,0.0,0.0,0.0,0.0,0.0178,0.0132,-0.0178,-0.0132,827,739,0.7664,0.6849,-0.7031216044716506,nan,nan,NO_WELD
39.512,0.0,0.0,0.0,0.0,0.0178,0.0132,-0.0178,-0.0132,828,739,0.7674,0.6849,-0.7031216044716506,nan,nan,NO_WELD
39.562,0.035,0.0,0.035,0.035,0.0131,0.0106,0.0219,0.0244,828,739,0.7674,0.6849,3.4150945850063755e-06,3.4150945850063755e-06,0.0,WELD_FOUND
39.612,0.035,0.0,0.035,0.035,0.0131,0.0106,0.0219,0.0244,828,739,0.7674,0.6849,3.4150945850063755e-06,3.4150945850063755e-06,0.0,WELD_FOUND
39.662,0.035,0.0,0.035,0.035,0.0105,0.0085,0.0245,0.0265,828,739,0.7674,0.6849,3.4150945850063755e-06,3.4150945850063755e-06,0.0,WELD_FOUND
39.712,0.035,0.0,0.035,0.035,0.0105,0.0085,0.0245,0.0265,833,743,0.772,0.6886,3.4150945850063755e-06,3.4150945850063755e-06,0.0,WELD_FOUND
39.762,0.0,0.0,0.0,0.0,0.0105,0.0085,-0.0105,-0.0085,833,743,0.772,0.6886,3.4150945850063755e-06,nan,nan,NO_WELD
39.812,0.0,0.0,0.0,0.0,0.0335,0.0298,-0.0335,-0.0298,839,749,0.7776,0.6942,3.4150945850063755e-06,nan,nan,NO_WELD
39.862,0.03302070220856315,0.016282040216121993,0.03546300824098145,0.030578396176144853,0.0335,0.0298,0.002,0.0008,839,749,0.7776,0.6942,-0.35155909468853286,-0.35155909468853286,0.0,WELD_FOUND
39.912,0.03302070220856315,0.016282040216121993,0.03546300824098145,0.030578396176144853,0.0335,0.0298,0.002,0.0008,841,751,0.7794,0.696,-0.35155909468853286,-0.35155909468853286,0.0,WELD_FOUND
39.962,0.035,0.0,0.035,0.035,0.025,0.0228,0.01,0.0122,841,751,0.7794,0.696,3.4150945850063755e-06,-0.17577783979697392,0.17578125489155894,WELD_FOUND
40.012,0.035,0.0,0.035,0.035,0.025,0.0228,0.01,0.0122,843,753,0.7813,0.6979,3.4150945850063755e-06,-0.17577783979697392,0.17578125489155894,WELD_FOUND
40.062,0.032790103731034026,0.022466679750259885,0.03616010569357301,0.029420101768495042,0.0224,0.0211,0.0137,0.0083,843,753,0.7813,0.6979,-0.7031216044716506,-0.35155909468853286,-0.35156250978311776,WELD_FOUND
40.112,0.032790103731034026,0.022466679750259885,0.03616010569357301,0.029420101768495042,0.0224,0.0211,0.0137,0.0083,848,758,0.7859,0.7025,-0.7031216044716506,-0.35155909468853286,-0.35156250978311776,WELD_FOUND
40.162,0.03262384325669564,0.015713801604490846,0.034980913497369266,0.03026677301602201,0.0224,0.0211,0.0125,0.0092,848,758,0.7859,0.7025,-0.35155909468853286,-0.35155909468853286,0.0,WELD_FOUND
40.212,0.03262384325669564,0.015713801604490846,0.034980913497369266,0.03026677301602201,0.0357,0.0349,-0.0007,-0.0046,852,762,0.7896,0.7062,-0.35155909468853286,-0.35155909468853286,0.0,WELD_FOUND
40.262,0.03259064187136238,0.015415794934188438,0.03490301111149065,0.030278272631234115,0.0357,0.0349,-0.0008,-0.0046,852,762,0.7896,0.7062,-0.35155909468853286,-0.35155909468853286,0.0,WELD_FOUND
40.313,0.03259064187136238,0.015415794934188438,0.03490301111149065,0.030278272631234115,0.0362,0.0358,-0.0013,-0.0055,856,766,0.7933,0.7099,-0.35155909468853286,-0.35155909468853286,0.0,WELD_FOUND
40.362,0.0,0.0,0.0,0.0,0.0362,0.0358,-0.0362,-0.0358,856,766,0.7933,0.7099,-0.35155909468853286,nan,nan,NO_WELD
40.412,0.0,0.0,0.0,0.0,0.0362,0.0358,-0.0362,-0.0358,860,770,0.797,0.7136,-0.35155909468853286,nan,nan,NO_WELD
40.462,0.035,0.0,0.035,0.035,0.0316,0.0313,0.0034,0.0037,860,770,0.797,0.7136,3.4150945850063755e-06,3.4150945850063755e-06,0.0,WELD_FOUND
40.512,0.035,0.0,0.035,0.035,0.0316,0.0313,0.0034,0.0037,861,772,0.7979,0.7155,3.4150945850063755e-06,3.4150945850063755e-06,0.0,WELD_FOUND
40.562,0.035,0.0,0.035,0.035,0.0316,0.0313,0.0034,0.0037,861,772,0.7979,0.7155,-0.35155909468853286,-0.17577783979697392,-0.17578125489155894,WELD_FOUND
40.612,0.035,0.0,0.035,0.035,0.0264,0.0312,0.0086,0.0038,863,775,0.7998,0.7182,-0.35155909468853286,-0.17577783979697392,-0.17578125489155894,WELD_FOUND
40.662,0.03284888861108654,0.021781239804452162,0.036116074581754365,0.02958170264041872,0.0264,0.0312,0.0097,-0.0016,863,775,0.7998,0.7182,-0.35155909468853286,-0.35155909468853286,0.0,WELD_FOUND
40.712,0.03284888861108654,0.021781239804452162,0.036116074581754365,0.02958170264041872,0.0264,0.0312,0.0097,-0.0016,867,779,0.8035,0.722,-0.35155909468853286,-0.35155909468853286,0.0,WELD_FOUND
40.762,0.0,0.0,0.0,0.0,0.0257,0.0286,-0.0257,-0.0286,867,779,0.8035,0.722,-0.35155909468853286,nan,nan,NO_WELD
40.812,0.0,0.0,0.0,0.0,0.0257,0.0286,-0.0257,-0.0286,871,783,0.8072,0.7257,-0.35155909468853286,nan,nan,NO_WELD
40.862,0.032635566189911105,0.015410461573371819,0.034947135425916875,0.030323996953905332,0.0303,0.032,0.0047,-0.0017,871,783,0.8072,0.7257,-0.35155909468853286,-0.35155909468853286,0.0,WELD_FOUND
40.912,0.032635566189911105,0.015410461573371819,0.034947135425916875,0.030323996953905332,0.0303,0.032,0.0047,-0.0017,872,784,0.8081,0.7266,-0.35155909468853286,-0.35155909468853286,0.0,WELD_FOUND
40.962,0.03259298509629367,0.015434599175187783,0.03490817497257184,0.030277795220015506,0.0303,0.032,0.0046,-0.0017,872,784,0.8081,0.7266,-0.35155909468853286,-0.35155909468853286,0.0,WELD_FOUND
41.012,0.03259298509629367,0.015434599175187783,0.03490817497257184,0.030277795220015506,0.028,0.0266,0.0069,0.0037,875,786,0.8109,0.7284,-0.35155909468853286,-0.35155909468853286,0.0,WELD_FOUND
41.062,0.03258447221319489,0.015359103159433824,0.034888337687109965,0.030280606739279816,0.028,0.0266,0.0068,0.0037,875,786,0.8109,0.7284,3.4150945850063755e-06,-0.35155909468853286,0.35156250978311787,WELD_FOUND
41.112,0.03258447221319489,0.015359103159433824,0.034888337687109965,0.030280606739279816,0.028,0.0266,0.0068,0.0037,879,790,0.8146,0.7321,3.4150945850063755e-06,-0.35155909468853286,0.35156250978311787,WELD_FOUND
41.162,0.035,0.0,0.035,0.035,0.0267,0.0258,0.0083,0.0092,879,790,0.8146,0.7321,0.35156592487770283,-0.17577783979697392,0.5273437646746768,WELD_FOUND
41.212,0.035,0.0,0.035,0.035,0.0267,0.0258,0.0083,0.0092,883,794,0.8183,0.7359,0.35156592487770283,-0.17577783979697392,0.5273437646746768,WELD_FOUND
41.262,0.032772660075916026,0.022692025239612584,0.03617646386185791,0.029368856289974137,0.0309,0.0303,0.0053,-0.001,883,794,0.8183,0.7359,-0.35155909468853286,-0.35155909468853286,0.0,WELD_FOUND
41.313,0.032772660075916026,0.022692025239612584,0.03617646386185791,0.029368856289974137,0.0309,0.0303,0.0053,-0.001,888,799,0.823,0.7405,-0.35155909468853286,-0.35155909468853286,0.0,WELD_FOUND
41.362,0.035,0.0,0.035,0.035,0.0309,0.0303,0.0041,0.0047,888,799,0.823,0.7405,3.4150945850063755e-06,3.4150945850063755e-06,0.0,WELD_FOUND
41.412,0.035,0.0,0.035,0.035,0.0408,0.0429,-0.0058,-0.0079,892,804,0.8267,0.7451,3.4150945850063755e-06,3.4150945850063755e-06,0.0,WELD_FOUND
41.462,0.035,0.0,0.035,0.035,0.0408,0.0429,-0.0058,-0.0079,892,804,0.8267,0.7451,-0.35155909468853286,3.4150945850063755e-06,-0.35156250978311787,WELD_FOUND
41.512,0.035,0.0,0.035,0.035,0.0393,0.0369,-0.0043,-0.0019,896,807,0.8304,0.7479,-0.35155909468853286,3.4150945850063755e-06,-0.35156250978311787,WELD_FOUND
41.562,0.03304135866339966,0.019831919789774728,0.03601614663186587,0.030066570694933452,0.0393,0.0369,-0.0033,-0.0068,896,807,0.8304,0.7479,-0.35155909468853286,-0.35155909468853286,0.0,WELD_FOUND
41.612,0.03304135866339966,0.019831919789774728,0.03601614663186587,0.030066570694933452,0.0393,0.0369,-0.0033,-0.0068,899,811,0.8332,0.7516,-0.35155909468853286,-0.35155909468853286,0.0,WELD_FOUND
41.662,0.03267389021098638,0.016162160928492493,0.035098214350260254,0.030249566071712503,0.031,0.032,0.0041,-0.0018,899,811,0.8332,0.7516,3.4150945850063755e-06,-0.35155909468853286,0.35156250978311787,WELD_FOUND
41.712,0.03267389021098638,0.016162160928492493,0.035098214350260254,0.030249566071712503,0.031,0.032,0.0041,-0.0018,902,814,0.8359,0.7544,3.4150945850063755e-06,-0.35155909468853286,0.35156250978311787,WELD_FOUND
41.762,0.03260064310093323,0.015506596724568528,0.034926632609618515,0.030274653592247954,0.031,0.032,0.0039,-0.0017,902,814,0.8359,0.7544,-0.35155909468853286,-0.35155909468853286,0.0,WELD_FOUND
41.812,0.03260064310093323,0.015506596724568528,0.034926632609618515,0.030274653592247954,0.0359,0.0365,-0.001,-0.0062,906,818,0.8397,0.7581,-0.35155909468853286,-0.35155909468853286,0.0,WELD_FOUND
41.862,0.03258600354213979,0.01537323856427417,0.03489198932678091,0.03028001775749866,0.0359,0.0365,-0.001,-0.0062,906,818,0.8397,0.7581,3.4150945850063755e-06,-0.35155909468853286,0.35156250978311787,WELD_FOUND
41.912,0.03258600354213979,0.01537323856427417,0.03489198932678091,0.03028001775749866,0.0327,0.033,0.0022,-0.0027,909,821,0.8424,0.7609,3.4150945850063755e-06,-0.35155909468853286,0.35156250978311787,WELD_FOUND
41.962,0.032583076024909785,0.015346321121127252,0.03488502419307887,0.030281127856740697,0.0327,0.033,0.0022,-0.0027,909,821,0.8424,0.7609,-0.35155909468853286,-0.35155909468853286,0.0,WELD_FOUND
42.012,0.032583076024909785,0.015346321121127252,0.03488502419307887,0.030281127856740697,0.0327,0.033,0.0022,-0.0027,912,824,0.8452,0.7637,-0.35155909468853286,-0.35155909468853286,0.0,WELD_FOUND
42.062,0.032582490537244935,0.015341004650593612,0.03488364123483398,0.030281339839655894,0.027,0.0272,0.0079,0.0031,912,824,0.8452,0.7637,-0.35155909468853286,-0.35155909468853286,0.0,WELD_FOUND
42.112,0.032582490537244935,0.015341004650593612,0.03488364123483398,0.030281339839655894,0.027,0.0272,0.0079,0.0031,916,828,0.8489,0.7674,-0.35155909468853286,-0.35155909468853286,0.0,WELD_FOUND
42.162,0.03258237344034321,0.015339922360440962,0.03488336179440935,0.030281385086277066,0.027,0.0272,0.0079,0.0031,916,828,0.8489,0.7674,3.4150945850063755e-06,-0.35155909468853286,0.35156250978311787,WELD_FOUND
42.212,0.03258237344034321,0.015339922360440962,0.03488336179440935,0.030281385086277066,0.036,0.0361,-0.0011,-0.0058,920,832,0.8526,0.7711,3.4150945850063755e-06,-0.35155909468853286,0.35156250978311787,WELD_FOUND
42.262,0.03258235002098811,0.015339711972985389,0.03488330681693592,0.030281393225040303,0.036,0.0361,-0.0011,-0.0058,920,832,0.8526,0.7711,-0.35155909468853286,-0.35155909468853286,0.0,WELD_FOUND
42.313,0.03258235002098811,0.015339711972985389,0.03488330681693592,0.030281393225040303,0.0327,0.0328,0.0022,-0.0025,923,835,0.8554,0.7739,-0.35155909468853286,-0.35155909468853286,0.0,WELD_FOUND
42.362,0.0325823453371181,0.015339669937899977,0.0348832958278031,0.030281394846433107,0.0327,0.0328,0.0022,-0.0025,923,835,0.8554,0.7739,3.4150945850063755e-06,-0.35155909468853286,0.35156250978311787,WELD_FOUND
42.412,0.0325823453371181,0.015339669937899977,0.0348832958278031,0.030281394846433107,0.0345,0.0308,0.0004,-0.0005,927,838,0.8591,0.7766,3.4150945850063755e-06,-0.35155909468853286,0.35156250978311787,WELD_FOUND
42.462,0.03258234440034414,0.015339661448809815,0.03488329361766561,0.030281395183022666,0.0345,0.0308,0.0004,-0.0005,927,838,0.8591,0.7766,-0.35155909468853286,-0.35155909468853286,0.0,WELD_FOUND
42.512,0.03258234440034414,0.015339661448809815,0.03488329361766561,0.030281395183022666,0.0345,0.0308,0.0004,-0.0005,930,842,0.8619,0.7803,-0.35155909468853286,-0.35155909468853286,0.0,WELD_FOUND
42.562,0.03258234421298935,0.015339659714683613,0.03488329317019189,0.030281395255786804,0.0281,0.0284,0.0068,0.0019,930,842,0.8619,0.7803,-1.0546840875743422,-0.35155909468853286,-0.7031249928858093,WELD_FOUND
42.612,0.03258234421298935,0.015339659714683613,0.03488329317019189,0.030281395255786804,0.0281,0.0284,0.0068,0.0019,933,845,0.8647,0.7831,-1.0546840875743422,-0.35155909468853286,-0.7031249928858093,WELD_FOUND
42.662,0.0,0.0,0.0,0.0,0.028,0.0281,-0.028,-0.0281,933,845,0.8647,0.7831,-1.0546840875743422,nan,nan,NO_WELD
42.712,0.0,0.0,0.0,0.0,0.028,0.0281,-0.028,-0.0281,937,848,0.8684,0.7859,-1.0546840875743422,nan,nan,NO_WELD
42.762,0.0,0.0,0.0,0.0,0.028,0.0281,-0.028,-0.0281,937,848,0.8684,0.7859,-1.0546840875743422,nan,nan,NO_WELD
42.812,0.0,0.0,0.0,0.0,0.0291,0.0268,-0.0291,-0.0268,938,849,0.8693,0.7868,-1.0546840875743422,nan,nan,NO_WELD
42.862,0.0,0.0,0.0,0.0,0.0291,0.0268,-0.0291,-0.0268,938,849,0.8693,0.7868,-1.0546840875743422,nan,nan,NO_WELD
42.912,0.0,0.0,0.0,0.0,0.0291,0.0268,-0.0291,-0.0268,939,849,0.8702,0.7868,-1.0546840875743422,nan,nan,NO_WELD
42.962,0.0,0.0,0.0,0.0,0.02,0.0214,-0.02,-0.0214,939,849,0.8702,0.7868,-1.0546840875743422,nan,nan,NO_WELD
43.012,0.0,0.0,0.0,0.0,0.02,0.0214,-0.02,-0.0214,939,849,0.8702,0.7868,-1.0546840875743422,nan,nan,NO_WELD
43.062,0.0,0.0,0.0,0.0,0.016,0.0171,-0.016,-0.0171,939,849,0.8702,0.7868,-1.0546840875743422,nan,nan,NO_WELD
43.112,0.0,0.0,0.0,0.0,0.016,0.0171,-0.016,-0.0171,939,849,0.8702,0.7868,-1.0546840875743422,nan,nan,NO_WELD
43.162,0.0,0.0,0.0,0.0,0.0128,0.0137,-0.0128,-0.0137,939,849,0.8702,0.7868,-0.35155909468853286,-0.35155909468853286,0.0,WELD_FOUND
43.212,0.0,0.0,0.0,0.0,0.0128,0.0137,-0.0128,-0.0137,939,849,0.8702,0.7868,-0.35155909468853286,-0.35155909468853286,0.0,WELD_FOUND
43.262,0.03258234416615065,0.016660216338289412,0.03508137661689406,0.030083311715407235,0.0128,0.0137,0.0223,0.0164,939,849,0.8702,0.7868,-0.35155909468853286,-0.35155909468853286,0.0,WELD_FOUND
43.313,0.03258234416615065,0.016660216338289412,0.03508137661689406,0.030083311715407235,0.0102,0.011,0.0249,0.0191,939,849,0.8702,0.7868,-0.35155909468853286,-0.35155909468853286,0.0,WELD_FOUND
43.362,0.03258234416615065,0.01533965929411352,0.034883293060267676,0.03028139527203362,0.0102,0.011,0.0247,0.0193,939,849,0.8702,0.7868,3.4150945850063755e-06,-0.35155909468853286,0.35156250978311787,WELD_FOUND
43.412,0.03258234416615065,0.01533965929411352,0.034883293060267676,0.03028139527203362,0.0102,0.011,0.0247,0.0193,944,854,0.8749,0.7915,3.4150945850063755e-06,-0.35155909468853286,0.35156250978311787,WELD_FOUND
43.462,0.035,0.0,0.035,0.035,0.0185,0.0189,0.0165,0.0161,944,854,0.8749,0.7915,3.4150945850063755e-06,-0.17577783979697392,0.17578125489155894,WELD_FOUND
43.512,0.035,0.0,0.035,0.035,0.0185,0.0189,0.0165,0.0161,949,859,0.8795,0.7961,3.4150945850063755e-06,-0.17577783979697392,0.17578125489155894,WELD_FOUND
43.562,0.03277257470724407,0.02261223546426844,0.036164410026884336,0.029380739387603803,0.0296,0.0299,0.0065,-0.0005,949,859,0.8795,0.7961,-0.35155909468853286,-0.35155909468853286,0.0,WELD_FOUND
43.612,0.03277257470724407,0.02261223546426844,0.036164410026884336,0.029380739387603803,0.0296,0.0299,0.0065,-0.0005,954,864,0.8841,0.8007,-0.35155909468853286,-0.35155909468853286,0.0,WELD_FOUND
43.662,0.035,0.0,0.035,0.035,0.0296,0.0299,0.0054,0.0051,954,864,0.8841,0.8007,3.4150945850063755e-06,3.4150945850063755e-06,0.0,WELD_FOUND
43.712,0.035,0.0,0.035,0.035,0.04,0.0401,-0.005,-0.0051,958,868,0.8878,0.8044,3.4150945850063755e-06,3.4150945850063755e-06,0.0,WELD_FOUND
43.762,0.035,0.0,0.035,0.035,0.04,0.0401,-0.005,-0.0051,958,868,0.8878,0.8044,-0.35155909468853286,3.4150945850063755e-06,-0.35156250978311787,WELD_FOUND
43.812,0.035,0.0,0.035,0.035,0.0388,0.0389,-0.0038,-0.0039,962,872,0.8916,0.8081,-0.35155909468853286,3.4150945850063755e-06,-0.35156250978311787,WELD_FOUND
43.862,0.035,0.0,0.035,0.035,0.0388,0.0389,-0.0038,-0.0039,962,872,0.8916,0.8081,3.4150945850063755e-06,3.4150945850063755e-06,0.0,WELD_FOUND
43.912,0.035,0.0,0.035,0.035,0.0388,0.0389,-0.0038,-0.0039,966,876,0.8953,0.8119,3.4150945850063755e-06,3.4150945850063755e-06,0.0,WELD_FOUND
43.962,0.035,0.0,0.035,0.035,0.0332,0.0333,0.0018,0.0017,966,876,0.8953,0.8119,3.4150945850063755e-06,3.4150945850063755e-06,0.0,WELD_FOUND
44.012,0.035,0.0,0.035,0.035,0.0332,0.0333,0.0018,0.0017,969,879,0.898,0.8146,3.4150945850063755e-06,3.4150945850063755e-06,0.0,WELD_FOUND
44.062,0.035,0.0,0.035,0.035,0.031,0.0311,0.004,0.0039,969,879,0.898,0.8146,3.4150945850063755e-06,3.4150945850063755e-06,0.0,WELD_FOUND
44.112,0.035,0.0,0.035,0.035,0.031,0.0311,0.004,0.0039,973,883,0.9017,0.8183,3.4150945850063755e-06,3.4150945850063755e-06,0.0,WELD_FOUND
44.162,0.035,0.0,0.035,0.035,0.0334,0.0335,0.0016,0.0015,973,883,0.9017,0.8183,3.4150945850063755e-06,3.4150945850063755e-06,0.0,WELD_FOUND
44.212,0.035,0.0,0.035,0.035,0.0334,0.0335,0.0016,0.0015,977,887,0.9055,0.822,3.4150945850063755e-06,3.4150945850063755e-06,0.0,WELD_FOUND
44.262,0.035,0.0,0.035,0.035,0.0334,0.0335,0.0016,0.0015,977,887,0.9055,0.822,0.35156592487770283,3.4150945850063755e-06,0.3515625097831178,WELD_FOUND
44.313,0.035,0.0,0.035,0.035,0.0398,0.0374,-0.0048,-0.0024,981,890,0.9092,0.8248,0.35156592487770283,3.4150945850063755e-06,0.3515625097831178,WELD_FOUND
44.362,0.0,0.0,0.0,0.0,0.0398,0.0374,-0.0398,-0.0374,981,890,0.9092,0.8248,0.35156592487770283,nan,nan,NO_WELD
44.412,0.0,0.0,0.0,0.0,0.035,0.0372,-0.035,-0.0372,984,894,0.9119,0.8285,0.35156592487770283,nan,nan,NO_WELD
44.462,0.03305891789330505,-0.015952810498278496,0.030665996318563274,0.03545183946804682,0.035,0.0372,-0.0043,-0.0018,984,894,0.9119,0.8285,0.35156592487770283,0.35156592487770283,0.0,WELD_FOUND
44.512,0.03305891789330505,-0.015952810498278496,0.030665996318563274,0.03545183946804682,0.028,0.0261,0.0027,0.0094,984,895,0.9119,0.8295,0.35156592487770283,0.35156592487770283,0.0,WELD_FOUND
44.562,0.030802726594783673,-0.03595057330220974,0.02541014059945221,0.03619531259011513,0.028,0.0261,-0.0026,0.0101,984,895,0.9119,0.8295,1.054690917763512,0.7031284346608206,0.35156248310269134,WELD_FOUND
44.612,0.030802726594783673,-0.03595057330220974,0.02541014059945221,0.03619531259011513,0.028,0.0261,-0.0026,0.0101,987,898,0.9147,0.8322,1.054690917763512,0.7031284346608206,0.35156248310269134,WELD_FOUND
44.662,0.0,0.0,0.0,0.0,0.0242,0.0231,-0.0242,-0.0231,987,898,0.9147,0.8322,1.054690917763512,nan,nan,NO_WELD
44.712,0.0,0.0,0.0,0.0,0.0242,0.0231,-0.0242,-0.0231,991,902,0.9184,0.8359,1.054690917763512,nan,nan,NO_WELD
44.762,0.0,0.0,0.0,0.0,0.0242,0.0231,-0.0242,-0.0231,991,902,0.9184,0.8359,1.054690917763512,nan,nan,NO_WELD
44.812,0.0,0.0,0.0,0.0,0.0219,0.0237,-0.0219,-0.0237,990,902,0.9175,0.8359,1.054690917763512,nan,nan,NO_WELD
44.862,0.0,0.0,0.0,0.0,0.0219,0.0237,-0.0219,-0.0237,990,902,0.9175,0.8359,1.054690917763512,nan,nan,NO_WELD
44.912,0.0,0.0,0.0,0.0,0.0176,0.019,-0.0176,-0.019,990,902,0.9175,0.8359,1.054690917763512,nan,nan,NO_WELD
44.962,0.0,0.0,0.0,0.0,0.0176,0.019,-0.0176,-0.019,990,902,0.9175,0.8359,1.054690917763512,1.054690917763512,0.0,WELD_FOUND
45.012,0.0,0.0,0.0,0.0,0.014,0.0152,-0.014,-0.0152,990,902,0.9175,0.8359,1.054690917763512,1.054690917763512,0.0,WELD_FOUND
45.062,0.0,0.0,0.0,0.0,0.014,0.0152,-0.014,-0.0152,990,902,0.9175,0.8359,1.054690917763512,nan,nan,NO_WELD
45.112,0.0,0.0,0.0,0.0,0.014,0.0152,-0.014,-0.0152,990,902,0.9175,0.8359,1.054690917763512,nan,nan,NO_WELD
45.162,0.0,0.0,0.0,0.0,0.0112,0.0121,-0.0112,-0.0121,990,902,0.9175,0.8359,1.054690917763512,nan,nan,NO_WELD
45.212,0.0,0.0,0.0,0.0,0.0112,0.0121,-0.0112,-0.0121,990,902,0.9175,0.8359,1.054690917763512,nan,nan,NO_WELD
45.262,0.032582298035693374,-0.016656300000843834,0.0300838530355668,0.03508074303581995,0.0112,0.0121,0.0188,0.0229,990,902,0.9175,0.8359,0.35156592487770283,0.35156592487770283,0.0,WELD_FOUND
45.314,0.032582298035693374,-0.016656300000843834,0.0300838530355668,0.03508074303581995,0.009,0.0097,0.0211,0.0254,990,902,0.9175,0.8359,0.35156592487770283,0.35156592487770283,0.0,WELD_FOUND
45.362,0.032582298035693374,-0.015339957317337394,0.030281304438092765,0.034883291633293984,0.009,0.0097,0.0213,0.0252,990,902,0.9175,0.8359,0.35156592487770283,0.35156592487770283,0.0,WELD_FOUND
45.412,0.032582298035693374,-0.015339957317337394,0.030281304438092765,0.034883291633293984,0.009,0.0097,0.0213,0.0252,995,907,0.9221,0.8406,0.35156592487770283,0.35156592487770283,0.0,WELD_FOUND
45.462,0.0,0.0,0.0,0.0,0.0178,0.0182,-0.0178,-0.0182,995,907,0.9221,0.8406,0.35156592487770283,nan,nan,NO_WELD
45.512,0.0,0.0,0.0,0.0,0.0178,0.0182,-0.0178,-0.0182,999,912,0.9258,0.8452,0.35156592487770283,nan,nan,NO_WELD
45.562,0.0,0.0,0.0,0.0,0.0255,0.0295,-0.0255,-0.0295,999,912,0.9258,0.8452,0.35156592487770283,nan,nan,NO_WELD
45.614,0.0,0.0,0.0,0.0,0.0255,0.0295,-0.0255,-0.0295,1000,911,0.9268,0.8443,0.35156592487770283,nan,nan,NO_WELD
45.662,0.0,0.0,0.0,0.0,0.0255,0.0295,-0.0255,-0.0295,1000,911,0.9268,0.8443,0.35156592487770283,nan,nan,NO_WELD
45.712,0.0,0.0,0.0,0.0,0.0178,0.0152,-0.0178,-0.0152,1000,911,0.9268,0.8443,0.35156592487770283,nan,nan,NO_WELD
45.762,0.0,0.0,0.0,0.0,0.0178,0.0152,-0.0178,-0.0152,1000,911,0.9268,0.8443,0.7031284346608206,0.7031284346608206,0.0,WELD_FOUND
45.812,0.0,0.0,0.0,0.0,0.0142,0.0122,-0.0142,-0.0122,1000,911,0.9268,0.8443,0.7031284346608206,nan,nan,NO_WELD
45.862,0.0,0.0,0.0,0.0,0.0142,0.0122,-0.0142,-0.0122,1000,911,0.9268,0.8443,0.7031284346608206,nan,nan,NO_WELD
45.912,0.0,0.0,0.0,0.0,0.0142,0.0122,-0.0142,-0.0122,1000,911,0.9268,0.8443,3.4150945850063755e-06,nan,nan,NO_WELD
45.962,0.035,0.0,0.035,0.035,0.0114,0.0097,0.0236,0.0253,1000,911,0.9268,0.8443,3.4150945850063755e-06,3.4150945850063755e-06,0.0,WELD_FOUND
46.012,0.035,0.0,0.035,0.035,0.0114,0.0097,0.0236,0.0253,1000,911,0.9268,0.8443,3.4150945850063755e-06,nan,nan,NO_WELD
46.062,0.0,0.0,0.0,0.0,0.0114,0.0097,-0.0114,-0.0097,1000,911,0.9268,0.8443,3.4150945850063755e-06,nan,nan,NO_WELD
46.112,0.0,0.0,0.0,0.0,0.0191,0.0182,-0.0191,-0.0182,1005,916,0.9314,0.8489,0.35156592487770283,nan,nan,NO_WELD
46.162,0.03305891226031913,-0.015962515335555327,0.03066453495998583,0.035453289560652426,0.0191,0.0182,0.0115,0.0173,1005,916,0.9314,0.8489,0.35156592487770283,0.35156592487770283,0.0,WELD_FOUND
46.212,0.03305891226031913,-0.015962515335555327,0.03066453495998583,0.035453289560652426,0.0191,0.0182,0.0115,0.0173,1005,917,0.9314,0.8498,3.4150945850063755e-06,0.17578466998614392,-0.1757812548915589,WELD_FOUND
46.262,0.035,0.0,0.035,0.035,0.0153,0.0134,0.0197,0.0216,1005,917,0.9314,0.8498,3.4150945850063755e-06,0.17578466998614392,-0.1757812548915589,WELD_FOUND
46.314,0.035,0.0,0.035,0.035,0.0153,0.0134,0.0197,0.0216,1008,921,0.9342,0.8536,3.4150945850063755e-06,0.17578466998614392,-0.1757812548915589,WELD_FOUND
46.362,0.035,0.0,0.035,0.035,0.0203,0.0229,0.0147,0.0121,1008,921,0.9342,0.8536,3.4150945850063755e-06,3.4150945850063755e-06,0.0,WELD_FOUND
46.412,0.0,0.0,0.0,0.0,0.0203,0.0229,-0.0203,-0.0229,1008,921,0.9342,0.8536,3.4150945850063755e-06,nan,nan,NO_WELD
46.462,0.0,0.0,0.0,0.0,0.0203,0.0229,-0.0203,-0.0229,1013,926,0.9388,0.8582,3.4150945850063755e-06,nan,nan,NO_WELD
46.512,0.03112121702731221,-0.03235406503274069,0.026268107272401107,0.035974326782223315,0.0245,0.026,0.0018,0.0099,1013,926,0.9388,0.8582,0.7031284346608206,0.7031284346608206,0.0,WELD_FOUND
46.562,0.03112121702731221,-0.03235406503274069,0.026268107272401107,0.035974326782223315,0.0245,0.026,0.0018,0.0099,1015,928,0.9407,0.86,0.7031284346608206,0.7031284346608206,0.0,WELD_FOUND
46.612,0.031348862188338426,-0.02247739645470514,0.027977252720132656,0.0347204716565442,0.0245,0.026,0.0035,0.0087,1015,928,0.9407,0.86,0.35156592487770283,0.5273471664290486,-0.17578124155134572,WELD_FOUND
46.662,0.031348862188338426,-0.02247739645470514,0.027977252720132656,0.0347204716565442,0.0197,0.0231,0.0083,0.0117,1015,929,0.9407,0.861,0.35156592487770283,0.5273471664290486,-0.17578124155134572,WELD_FOUND
46.712,0.0,0.0,0.0,0.0,0.0197,0.0231,-0.0197,-0.0231,1015,929,0.9407,0.861,0.35156592487770283,nan,nan,NO_WELD
46.762,0.0,0.0,0.0,0.0,0.0266,0.0324,-0.0266,-0.0324,1019,934,0.9444,0.8656,0.35156592487770283,nan,nan,NO_WELD
46.812,0.030469117231141166,-0.030982605425581827,0.025821726417303893,0.03511650804497844,0.0266,0.0324,-0.0008,0.0027,1019,934,0.9444,0.8656,0.7031284346608206,0.7031284346608206,0.0,WELD_FOUND
46.862,0.030469117231141166,-0.030982605425581827,0.025821726417303893,0.03511650804497844,0.0266,0.0324,-0.0008,0.0027,1021,934,0.9462,0.8656,0.7031284346608206,0.7031284346608206,0.0,WELD_FOUND
46.912,0.03121741122601338,-0.02126854344869701,0.028027129708708826,0.03440769274331793,0.0209,0.0259,0.0071,0.0085,1021,934,0.9462,0.8656,0.35156592487770283,0.5273471664290486,-0.17578124155134572,WELD_FOUND
46.962,0.03121741122601338,-0.02126854344869701,0.028027129708708826,0.03440769274331793,0.0209,0.0259,0.0071,0.0085,1021,935,0.9462,0.8665,0.35156592487770283,0.5273471664290486,-0.17578124155134572,WELD_FOUND
47.012,0.0,0.0,0.0,0.0,0.0209,0.0259,-0.0209,-0.0259,1021,935,0.9462,0.8665,0.35156592487770283,nan,nan,NO_WELD
47.062,0.0,0.0,0.0,0.0,0.0224,0.0279,-0.0224,-0.0279,1025,939,0.9499,0.8702,0.35156592487770283,nan,nan,NO_WELD
47.112,0.035,0.0,0.035,0.035,0.0224,0.0279,0.0126,0.0071,1025,939,0.9499,0.8702,3.4150945850063755e-06,3.4150945850063755e-06,0.0,WELD_FOUND
47.162,0.035,0.0,0.035,0.035,0.0224,0.0279,0.0126,0.0071,1026,940,0.9509,0.8712,3.4150945850063755e-06,3.4150945850063755e-06,0.0,WELD_FOUND
47.212,0.035,0.0,0.035,0.035,0.0159,0.0192,0.0191,0.0158,1026,940,0.9509,0.8712,0.35156592487770283,0.17578466998614392,0.1757812548915589,WELD_FOUND
47.262,0.035,0.0,0.035,0.035,0.0159,0.0192,0.0191,0.0158,1027,941,0.9518,0.8721,0.35156592487770283,0.17578466998614392,0.1757812548915589,WELD_FOUND
47.313,0.035,0.0,0.035,0.035,0.0133,0.0152,0.0217,0.0198,1027,941,0.9518,0.8721,3.4150945850063755e-06,3.4150945850063755e-06,0.0,WELD_FOUND
47.362,0.035,0.0,0.035,0.035,0.0133,0.0152,0.0217,0.0198,1032,946,0.9564,0.8767,3.4150945850063755e-06,3.4150945850063755e-06,0.0,WELD_FOUND
47.412,0.0,0.0,0.0,0.0,0.0133,0.0152,-0.0133,-0.0152,1032,946,0.9564,0.8767,3.4150945850063755e-06,nan,nan,NO_WELD
47.462,0.0,0.0,0.0,0.0,0.0327,0.0339,-0.0327,-0.0339,1037,951,0.9611,0.8814,3.4150945850063755e-06,nan,nan,NO_WELD
47.512,0.035,0.0,0.035,0.035,0.0327,0.0339,0.0023,0.0011,1037,951,0.9611,0.8814,3.4150945850063755e-06,3.4150945850063755e-06,0.0,WELD_FOUND
47.562,0.035,0.0,0.035,0.035,0.027,0.024,0.008,0.011,1039,952,0.9629,0.8823,3.4150945850063755e-06,3.4150945850063755e-06,0.0,WELD_FOUND
47.612,0.035,0.0,0.035,0.035,0.027,0.024,0.008,0.011,1039,952,0.9629,0.8823,0.35156592487770283,0.17578466998614392,0.1757812548915589,WELD_FOUND
47.662,0.035,0.0,0.035,0.035,0.0216,0.0181,0.0134,0.0169,1039,953,0.9629,0.8832,0.35156592487770283,0.17578466998614392,0.1757812548915589,WELD_FOUND
47.712,0.0,0.0,0.0,0.0,0.0216,0.0181,-0.0216,-0.0181,1039,953,0.9629,0.8832,0.35156592487770283,nan,nan,NO_WELD
47.762,0.0,0.0,0.0,0.0,0.0216,0.0181,-0.0216,-0.0181,1043,957,0.9666,0.8869,0.35156592487770283,nan,nan,NO_WELD
47.812,0.03286608373749361,-0.017592955165270183,0.030227140462703084,0.03550502701228414,0.0229,0.0208,0.0074,0.0147,1043,957,0.9666,0.8869,0.35156592487770283,0.35156592487770283,0.0,WELD_FOUND
47.862,0.03286608373749361,-0.017592955165270183,0.030227140462703084,0.03550502701228414,0.0229,0.0208,0.0074,0.0147,1046,959,0.9694,0.8888,0.35156592487770283,0.35156592487770283,0.0,WELD_FOUND
47.912,0.0,0.0,0.0,0.0,0.0248,0.0199,-0.0248,-0.0199,1046,959,0.9694,0.8888,0.35156592487770283,nan,nan,NO_WELD
47.962,0.0,0.0,0.0,0.0,0.0248,0.0199,-0.0248,-0.0199,1048,960,0.9713,0.8897,0.35156592487770283,nan,nan,NO_WELD
48.012,0.0334815990252694,0.016515294904789993,0.0359588932609879,0.0310043047895509,0.0248,0.0199,0.0111,0.0111,1048,960,0.9713,0.8897,-0.35155909468853286,-0.35155909468853286,0.0,WELD_FOUND
48.062,0.0334815990252694,0.016515294904789993,0.0359588932609879,0.0310043047895509,0.0273,0.0193,0.0087,0.0117,1051,962,0.974,0.8916,-0.35155909468853286,-0.35155909468853286,0.0,WELD_FOUND
48.112,0.0,0.0,0.0,0.0,0.0273,0.0193,-0.0273,-0.0193,1051,962,0.974,0.8916,-0.35155909468853286,nan,nan,NO_WELD
48.162,0.0,0.0,0.0,0.0,0.0238,0.0153,-0.0238,-0.0153,1053,963,0.9759,0.8925,-0.35155909468853286,nan,nan,NO_WELD
48.212,0.0,0.0,0.0,0.0,0.0238,0.0153,-0.0238,-0.0153,1053,963,0.9759,0.8925,-0.35155909468853286,nan,nan,NO_WELD
48.262,0.0,0.0,0.0,0.0,0.0238,0.0153,-0.0238,-0.0153,1057,966,0.9796,0.8953,-0.35155909468853286,nan,nan,NO_WELD
48.313,0.03276121584824527,0.015113571702293657,0.035028251603589314,0.03049418009290122,0.0241,0.0166,0.0109,0.0139,1057,966,0.9796,0.8953,-0.35155909468853286,-0.35155909468853286,0.0,WELD_FOUND
48.362,0.03276121584824527,0.015113571702293657,0.035028251603589314,0.03049418009290122,0.0241,0.0166,0.0109,0.0139,1057,965,0.9796,0.8943,-0.35155909468853286,-0.35155909468853286,0.0,WELD_FOUND
48.412,0.035,0.0,0.035,0.035,0.0241,0.0166,0.0109,0.0184,1057,965,0.9796,0.8943,3.4150945850063755e-06,-0.17577783979697392,0.17578125489155894,WELD_FOUND
48.462,0.035,0.0,0.035,0.035,0.017,0.0133,0.018,0.0217,1058,966,0.9805,0.8953,3.4150945850063755e-06,-0.17577783979697392,0.17578125489155894,WELD_FOUND
48.512,0.035,0.0,0.035,0.035,0.017,0.0133,0.018,0.0217,1058,966,0.9805,0.8953,3.4150945850063755e-06,3.4150945850063755e-06,0.0,WELD_FOUND
48.562,0.035,0.0,0.035,0.035,0.0287,0.0265,0.0063,0.0085,1063,971,0.9852,0.8999,3.4150945850063755e-06,3.4150945850063755e-06,0.0,WELD_FOUND
48.612,0.0,0.0,0.0,0.0,0.0287,0.0265,-0.0287,-0.0265,1063,971,0.9852,0.8999,3.4150945850063755e-06,nan,nan,NO_WELD
48.662,0.0,0.0,0.0,0.0,0.0287,0.0265,-0.0287,-0.0265,1068,976,0.9898,0.9045,3.4150945850063755e-06,nan,nan,NO_WELD
48.712,0.031118945845325468,0.03244985920192696,0.03598642472561451,0.026251466965036423,0.0296,0.0282,0.0064,-0.002,1068,976,0.9898,0.9045,-0.7031216044716506,-0.7031216044716506,0.0,WELD_FOUND
48.762,0.031118945845325468,0.03244985920192696,0.03598642472561451,0.026251466965036423,0.0296,0.0282,0.0064,-0.002,1069,978,0.9907,0.9064,-0.7031216044716506,-0.7031216044716506,0.0,WELD_FOUND
48.812,0.03134844248582096,0.022485745789158126,0.034721304354194675,0.02797558061744724,0.0296,0.0282,0.0051,-0.0003,1069,978,0.9907,0.9064,-0.35155909468853286,-0.5273403362398785,0.17578124155134567,WELD_FOUND
48.862,0.03134844248582096,0.022485745789158126,0.034721304354194675,0.02797558061744724,0.0227,0.0268,0.012,0.0011,1070,980,0.9916,0.9082,-0.35155909468853286,-0.5273403362398785,0.17578124155134567,WELD_FOUND
48.912,0.0,0.0,0.0,0.0,0.0227,0.0268,-0.0227,-0.0268,1070,980,0.9916,0.9082,-0.35155909468853286,nan,nan,NO_WELD
48.962,0.0,0.0,0.0,0.0,0.0227,0.0268,-0.0227,-0.0268,1074,983,0.9954,0.911,-0.35155909468853286,nan,nan,NO_WELD
49.012,0.0,0.0,0.0,0.0,0.0235,0.0235,-0.0235,-0.0235,1074,983,0.9954,0.911,-0.35155909468853286,nan,nan,NO_WELD
49.062,0.0,0.0,0.0,0.0,0.0235,0.0235,-0.0235,-0.0235,1075,985,0.9963,0.9129,-0.35155909468853286,nan,nan,NO_WELD
49.112,0.035,0.0,0.035,0.035,0.0178,0.0215,0.0172,0.0135,1075,985,0.9963,0.9129,3.4150945850063755e-06,3.4150945850063755e-06,0.0,WELD_FOUND
49.162,0.035,0.0,0.035,0.035,0.0178,0.0215,0.0172,0.0135,1075,985,0.9963,0.9129,3.4150945850063755e-06,3.4150945850063755e-06,0.0,WELD_FOUND
49.212,0.0,0.0,0.0,0.0,0.0178,0.0215,-0.0178,-0.0215,1075,985,0.9963,0.9129,3.4150945850063755e-06,nan,nan,NO_WELD
49.262,0.0,0.0,0.0,0.0,0.0181,0.0154,-0.0181,-0.0154,1078,986,0.9991,0.9138,3.4150945850063755e-06,nan,nan,NO_WELD
49.313,0.0,0.0,0.0,0.0,0.0181,0.0154,-0.0181,-0.0154,1078,986,0.9991,0.9138,3.4150945850063755e-06,nan,nan,NO_WELD
49.362,0.0,0.0,0.0,0.0,0.0181,0.0154,-0.0181,-0.0154,1082,989,1.0028,0.9166,3.4150945850063755e-06,nan,nan,NO_WELD
49.412,0.0,0.0,0.0,0.0,0.0207,0.0166,-0.0207,-0.0166,1082,989,1.0028,0.9166,3.4150945850063755e-06,nan,nan,NO_WELD
49.462,0.0,0.0,0.0,0.0,0.0207,0.0166,-0.0207,-0.0166,1082,989,1.0028,0.9166,3.4150945850063755e-06,nan,nan,NO_WELD
49.512,0.035,0.0,0.035,0.035,0.0166,0.0133,0.0184,0.0217,1082,989,1.0028,0.9166,3.4150945850063755e-06,3.4150945850063755e-06,0.0,WELD_FOUND
49.562,0.035,0.0,0.035,0.035,0.0166,0.0133,0.0184,0.0217,1082,989,1.0028,0.9166,3.4150945850063755e-06,3.4150945850063755e-06,0.0,WELD_FOUND
49.612,0.035,0.0,0.035,0.035,0.0166,0.0133,0.0184,0.0217,1082,989,1.0028,0.9166,3.4150945850063755e-06,3.4150945850063755e-06,0.0,WELD_FOUND
49.662,0.035,0.0,0.035,0.035,0.0149,0.0105,0.0201,0.0245,1084,990,1.0046,0.9175,3.4150945850063755e-06,3.4150945850063755e-06,0.0,WELD_FOUND
49.712,0.035,0.0,0.035,0.035,0.0149,0.0105,0.0201,0.0245,1084,990,1.0046,0.9175,-0.35155909468853286,3.4150945850063755e-06,-0.35156250978311787,WELD_FOUND
49.762,0.035,0.0,0.035,0.035,0.0149,0.0105,0.0201,0.0245,1090,991,1.0102,0.9184,-0.35155909468853286,3.4150945850063755e-06,-0.35156250978311787,WELD_FOUND
49.812,0.035,0.0,0.035,0.035,0.0238,0.0087,0.0112,0.0263,1090,991,1.0102,0.9184,-0.35155909468853286,-0.17577783979697392,-0.17578125489155894,WELD_FOUND
49.862,0.035,0.0,0.035,0.035,0.0238,0.0087,0.0112,0.0263,1095,991,1.0148,0.9184,-0.35155909468853286,-0.17577783979697392,-0.17578125489155894,WELD_FOUND
49.912,0.032867897619403896,0.021580988061929724,0.03610504582869335,0.029630749410114437,0.0328,0.007,0.0033,0.0226,1095,991,1.0148,0.9184,-1.0546840875743422,-0.35155909468853286,-0.7031249928858093,WELD_FOUND
49.962,0.032867897619403896,0.021580988061929724,0.03610504582869335,0.029630749410114437,0.0328,0.007,0.0033,0.0226,1100,991,1.0194,0.9184,-1.0546840875743422,-0.35155909468853286,-0.7031249928858093,WELD_FOUND
50.012,0.0,0.0,0.0,0.0,0.0382,0.0056,-0.0382,-0.0056,1100,991,1.0194,0.9184,-1.0546840875743422,nan,nan,NO_WELD
50.062,0.0,0.0,0.0,0.0,0.0382,0.0056,-0.0382,-0.0056,1103,991,1.0222,0.9184,-1.0546840875743422,nan,nan,NO_WELD
50.112,0.028947701540374685,0.04738585899571128,0.036055580389731376,0.021839822691017995,0.0382,0.0056,-0.0022,0.0162,1103,991,1.0222,0.9184,-1.0546840875743422,-1.0546840875743422,0.0,WELD_FOUND
50.162,0.028947701540374685,0.04738585899571128,0.036055580389731376,0.021839822691017995,0.0378,0.0045,-0.0017,0.0174,1106,991,1.025,0.9184,-1.0546840875743422,-1.0546840875743422,0.0,WELD_FOUND
50.212,0.0,0.0,0.0,0.0,0.0378,0.0045,-0.0378,-0.0045,1106,991,1.025,0.9184,-1.0546840875743422,nan,nan,NO_WELD
50.262,0.0,0.0,0.0,0.0,0.0264,0.0036,-0.0264,-0.0036,1107,991,1.0259,0.9184,-1.0546840875743422,nan,nan,NO_WELD
50.313,0.0,0.0,0.0,0.0,0.0264,0.0036,-0.0264,-0.0036,1107,991,1.0259,0.9184,-1.0546840875743422,nan,nan,NO_WELD
50.362,0.0,0.0,0.0,0.0,0.0264,0.0036,-0.0264,-0.0036,1109,991,1.0278,0.9184,-1.0546840875743422,nan,nan,NO_WELD
50.412,0.02998818937077892,0.031027403034933967,0.03464229982601902,0.025334078915538825,0.0208,0.0029,0.0139,0.0225,1109,991,1.0278,0.9184,-0.7031216044716506,-0.7031216044716506,0.0,WELD_FOUND
50.462,0.02998818937077892,0.031027403034933967,0.03464229982601902,0.025334078915538825,0.0208,0.0029,0.0139,0.0225,1109,991,1.0278,0.9184,-0.7031216044716506,-0.7031216044716506,0.0,WELD_FOUND
50.512,0.0,0.0,0.0,0.0,0.0166,0.0023,-0.0166,-0.0023,1109,991,1.0278,0.9184,-0.7031216044716506,nan,nan,NO_WELD
50.562,0.0,0.0,0.0,0.0,0.0166,0.0023,-0.0166,-0.0023,1112,991,1.0306,0.9184,-0.7031216044716506,nan,nan,NO_WELD
50.612,0.0,0.0,0.0,0.0,0.0166,0.0023,-0.0166,-0.0023,1112,991,1.0306,0.9184,-0.7031216044716506,nan,nan,NO_WELD
50.662,0.0,0.0,0.0,0.0,0.0223,0.0018,-0.0223,-0.0018,1114,991,1.0324,0.9184,-0.7031216044716506,nan,nan,NO_WELD
50.712,0.0,0.0,0.0,0.0,0.0223,0.0018,-0.0223,-0.0018,1114,991,1.0324,0.9184,-0.7031216044716506,nan,nan,NO_WELD
50.762,0.0,0.0,0.0,0.0,0.0223,0.0018,-0.0223,-0.0018,1114,991,1.0324,0.9184,-0.7031216044716506,nan,nan,NO_WELD
50.812,0.02800653687058349,0.05,0.035506536870583486,0.02050653687058349,0.0179,0.0015,0.0176,0.019,1114,991,1.0324,0.9184,-1.0546840875743422,-1.0546840875743422,0.0,WELD_FOUND
50.862,0.02800653687058349,0.05,0.035506536870583486,0.02050653687058349,0.0179,0.0015,0.0176,0.019,1114,991,1.0324,0.9184,-1.0546840875743422,-1.0546840875743422,0.0,WELD_FOUND
50.912,0.02889401261369042,0.036164720621514004,0.03431872070691752,0.02346930452046332,0.0143,0.0012,0.02,0.0223,1114,991,1.0324,0.9184,-0.7031216044716506,-0.8789028727034228,0.1757812682317722,WELD_FOUND
50.962,0.02889401261369042,0.036164720621514004,0.03431872070691752,0.02346930452046332,0.0143,0.0012,0.02,0.0223,1116,991,1.0343,0.9184,-0.7031216044716506,-0.8789028727034228,0.1757812682317722,WELD_FOUND
51.012,0.029977256235602295,0.02820426318599899,0.03420789571350214,0.025746616757702446,0.016,0.0,0.0182,0.0257,1116,991,1.0343,0.9184,-0.35155909468853286,-0.7031216044716506,0.35156250978311776,WELD_FOUND
51.062,0.029977256235602295,0.02820426318599899,0.03420789571350214,0.025746616757702446,0.016,0.0,0.0182,0.0257,1121,991,1.0389,0.9184,-0.35155909468853286,-0.7031216044716506,0.35156250978311776,WELD_FOUND
51.112,0.029288887384200813,0.040052987109195914,0.0352968354505802,0.023280939317821426,0.0281,0.0,0.0072,0.0233,1121,991,1.0389,0.9184,-1.0546840875743422,-0.8789028727034228,-0.17578121487091936,WELD_FOUND
51.162,0.029288887384200813,0.040052987109195914,0.0352968354505802,0.023280939317821426,0.0281,0.0,0.0072,0.0233,1126,991,1.0435,0.9184,-1.0546840875743422,-0.8789028727034228,-0.17578121487091936,WELD_FOUND
51.212,0.02826071062403115,0.04852383583530529,0.035539285999326944,0.020982135248735358,0.0354,0.0,0.0001,0.021,1126,991,1.0435,0.9184,-1.0546840875743422,-1.0546840875743422,0.0,WELD_FOUND
51.262,0.02826071062403115,0.04852383583530529,0.035539285999326944,0.020982135248735358,0.0354,0.0,0.0001,0.021,1132,992,1.0491,0.9194,-1.0546840875743422,-1.0546840875743422,0.0,WELD_FOUND
51.313,0.028057279767301987,0.046515204780289886,0.03503456048434547,0.021079999050258504,0.0354,0.0,-0.0004,0.0211,1132,992,1.0491,0.9194,-1.7578091605014305,-1.0546840875743422,-0.7031250729270884,WELD_FOUND
51.362,0.028057279767301987,0.046515204780289886,0.03503456048434547,0.021079999050258504,0.046,0.0148,-0.0109,0.0062,1136,997,1.0528,0.924,-1.7578091605014305,-1.0546840875743422,-0.7031250729270884,WELD_FOUND
51.412,0.028016681775768347,0.04612008897638266,0.034934695122225745,0.02109866842931095,0.046,0.0148,-0.011,0.0063,1136,997,1.0528,0.924,-1.0546840875743422,-1.0546840875743422,0.0,WELD_FOUND
51.462,0.028016681775768347,0.04612008897638266,0.034934695122225745,0.02109866842931095,0.046,0.0148,-0.011,0.0063,1140,1000,1.0565,0.9268,-1.0546840875743422,-1.0546840875743422,0.0,WELD_FOUND
51.512,0.028008565704654105,0.04603915650953029,0.03491443918108365,0.021102692228224564,0.0375,0.0163,-0.0025,0.0048,1140,1000,1.0565,0.9268,-1.0546840875743422,-1.0546840875743422,0.0,WELD_FOUND
51.562,0.028008565704654105,0.04603915650953029,0.03491443918108365,0.021102692228224564,0.0375,0.0163,-0.0025,0.0048,1142,1003,1.0584,0.9296,-1.0546840875743422,-1.0546840875743422,0.0,WELD_FOUND
51.612,0.028006942631518966,0.04602318894075996,0.03491042097263296,0.021103464290404973,0.0299,0.0209,0.005,0.0002,1142,1003,1.0584,0.9296,-1.0546840875743422,-1.0546840875743422,0.0,WELD_FOUND
51.662,0.028006942631518966,0.04602318894075996,0.03491042097263296,0.021103464290404973,0.0299,0.0209,0.005,0.0002,1146,1006,1.0621,0.9323,-1.0546840875743422,-1.0546840875743422,0.0,WELD_FOUND
51.712,0.02800661802253544,0.04602008549706354,0.03490963084709497,0.021103605197975907,0.0299,0.0209,0.005,0.0002,1146,1006,1.0621,0.9323,-1.0546840875743422,-1.0546840875743422,0.0,WELD_FOUND
51.762,0.02800661802253544,0.04602008549706354,0.03490963084709497,0.021103605197975907,0.0352,0.0274,-0.0003,-0.0063,1149,1009,1.0649,0.9351,-1.0546840875743422,-1.0546840875743422,0.0,WELD_FOUND
51.812,0.028006553100964476,0.04601943225358784,0.03490946793900265,0.0211036382629263,0.0352,0.0274,-0.0003,-0.0063,1149,1009,1.0649,0.9351,-1.0546840875743422,-1.0546840875743422,0.0,WELD_FOUND
51.862,0.028006553100964476,0.04601943225358784,0.03490946793900265,0.0211036382629263,0.0323,0.0275,0.0026,-0.0064,1152,1012,1.0676,0.9379,-1.0546840875743422,-1.0546840875743422,0.0,WELD_FOUND
51.912,0.0,0.0,0.0,0.0,0.0323,0.0275,-0.0323,-0.0275,1152,1012,1.0676,0.9379,-1.0546840875743422,nan,nan,NO_WELD
51.962,0.0,0.0,0.0,0.0,0.0323,0.0275,-0.0323,-0.0275,1155,1015,1.0704,0.9407,-1.0546840875743422,nan,nan,NO_WELD
52.012,0.0,0.0,0.0,0.0,0.0268,0.0239,-0.0268,-0.0239,1155,1015,1.0704,0.9407,-1.0546840875743422,nan,nan,NO_WELD
52.062,0.0,0.0,0.0,0.0,0.0268,0.0239,-0.0268,-0.0239,1156,1016,1.0713,0.9416,-1.0546840875743422,nan,nan,NO_WELD
52.112,0.02800654011665931,0.0460192702589168,0.03490943065549683,0.021103649577821793,0.0268,0.0239,0.0081,-0.0028,1156,1016,1.0713,0.9416,-1.0546840875743422,-1.0546840875743422,0.0,WELD_FOUND
52.162,0.02800654011665931,0.0460192702589168,0.03490943065549683,0.021103649577821793,0.0185,0.0168,0.0164,0.0043,1156,1016,1.0713,0.9416,-1.0546840875743422,-1.0546840875743422,0.0,WELD_FOUND
52.212,0.0,0.0,0.0,0.0,0.0185,0.0168,-0.0185,-0.0168,1156,1016,1.0713,0.9416,-1.0546840875743422,nan,nan,NO_WELD
52.262,0.0,0.0,0.0,0.0,0.0185,0.0212,-0.0185,-0.0212,1158,1019,1.0732,0.9444,-1.0546840875743422,nan,nan,NO_WELD
52.313,0.0,0.0,0.0,0.0,0.0185,0.0212,-0.0185,-0.0212,1158,1019,1.0732,0.9444,-1.0546840875743422,nan,nan,NO_WELD
52.362,0.0,0.0,0.0,0.0,0.0185,0.0201,-0.0185,-0.0201,1160,1021,1.0751,0.9462,-1.0546840875743422,nan,nan,NO_WELD
52.412,0.029795332070038125,0.03127888299436458,0.034487164519192814,0.02510349962088344,0.0185,0.0201,0.016,0.005,1160,1021,1.0751,0.9462,-0.7031216044716506,-0.7031216044716506,0.0,WELD_FOUND
52.462,0.029795332070038125,0.03127888299436458,0.034487164519192814,0.02510349962088344,0.0185,0.0201,0.016,0.005,1160,1021,1.0751,0.9462,-0.7031216044716506,-0.7031216044716506,0.0,WELD_FOUND
52.512,0.02835986622013431,0.04951785280623256,0.035787544141069196,0.020932188299199427,0.0148,0.0161,0.021,0.0048,1160,1021,1.0751,0.9462,-1.4062466240378864,-1.0546840875743422,-0.3515625364635442,WELD_FOUND
52.562,0.02835986622013431,0.04951785280623256,0.035787544141069196,0.020932188299199427,0.0148,0.0161,0.021,0.0048,1161,1022,1.076,0.9472,-1.4062466240378864,-1.0546840875743422,-0.3515625364635442,WELD_FOUND
52.612,0.0,0.0,0.0,0.0,0.0148,0.0161,-0.0148,-0.0161,1161,1022,1.076,0.9472,-1.4062466240378864,nan,nan,NO_WELD
52.662,0.0,0.0,0.0,0.0,0.0237,0.0245,-0.0237,-0.0245,1166,1027,1.0806,0.9518,-1.4062466240378864,nan,nan,NO_WELD
52.712,0.0,0.0,0.0,0.0,0.0237,0.0245,-0.0237,-0.0245,1166,1027,1.0806,0.9518,-1.4062466240378864,nan,nan,NO_WELD
52.762,0.0,0.0,0.0,0.0,0.0179,0.0196,-0.0179,-0.0196,1167,1027,1.0815,0.9518,-1.4062466240378864,nan,nan,NO_WELD
52.812,0.0,0.0,0.0,0.0,0.0179,0.0196,-0.0179,-0.0196,1167,1027,1.0815,0.9518,-1.4062466240378864,nan,nan,NO_WELD
52.862,0.0,0.0,0.0,0.0,0.0144,0.0157,-0.0144,-0.0157,1167,1027,1.0815,0.9518,-1.4062466240378864,nan,nan,NO_WELD
52.912,0.0,0.0,0.0,0.0,0.0144,0.0157,-0.0144,-0.0157,1167,1027,1.0815,0.9518,-1.4062466240378864,nan,nan,NO_WELD
52.962,0.0,0.0,0.0,0.0,0.0144,0.0157,-0.0144,-0.0157,1167,1027,1.0815,0.9518,-1.4062466240378864,nan,nan,NO_WELD
53.012,0.02800653687058349,0.05,0.035506536870583486,0.02050653687058349,0.0115,0.0125,0.024,0.008,1167,1027,1.0815,0.9518,-1.0546840875743422,-1.0546840875743422,0.0,WELD_FOUND
53.062,0.02800653687058349,0.05,0.035506536870583486,0.02050653687058349,0.0115,0.0125,0.024,0.008,1167,1027,1.0815,0.9518,-1.0546840875743422,-1.0546840875743422,0.0,WELD_FOUND
53.112,0.02889401261369042,0.03617794226391853,0.0343207039532782,0.023467321274102643,0.0092,0.01,0.0251,0.0134,1167,1027,1.0815,0.9518,-0.7031216044716506,-0.8789028727034228,0.1757812682317722,WELD_FOUND
53.162,0.02889401261369042,0.03617794226391853,0.0343207039532782,0.023467321274102643,0.0092,0.01,0.0251,0.0134,1170,1029,1.0843,0.9536,-0.7031216044716506,-0.8789028727034228,0.1757812682317722,WELD_FOUND
53.212,0.0,0.0,0.0,0.0,0.0166,0.0134,-0.0166,-0.0134,1170,1029,1.0843,0.9536,-0.7031216044716506,nan,nan,NO_WELD
53.262,0.0,0.0,0.0,0.0,0.0166,0.0134,-0.0166,-0.0134,1175,1034,1.089,0.9583,-0.7031216044716506,nan,nan,NO_WELD
53.313,0.035,0.0,0.035,0.035,0.0285,0.0266,0.0065,0.0084,1175,1034,1.089,0.9583,3.4150945850063755e-06,3.4150945850063755e-06,0.0,WELD_FOUND
53.362,0.035,0.0,0.035,0.035,0.0285,0.0266,0.0065,0.0084,1176,1036,1.0899,0.9601,3.4150945850063755e-06,3.4150945850063755e-06,0.0,WELD_FOUND
53.412,0.035,0.0,0.035,0.035,0.0208,0.0234,0.0142,0.0116,1176,1036,1.0899,0.9601,-0.35155909468853286,-0.17577783979697392,-0.17578125489155894,WELD_FOUND
53.462,0.035,0.0,0.035,0.035,0.0208,0.0234,0.0142,0.0116,1177,1039,1.0908,0.9629,-0.35155909468853286,-0.17577783979697392,-0.17578125489155894,WELD_FOUND
53.512,0.0,0.0,0.0,0.0,0.0162,0.0251,-0.0162,-0.0251,1177,1039,1.0908,0.9629,-0.35155909468853286,nan,nan,NO_WELD
53.562,0.0,0.0,0.0,0.0,0.0162,0.0251,-0.0162,-0.0251,1182,1044,1.0954,0.9675,-0.35155909468853286,nan,nan,NO_WELD
53.612,0.035,0.0,0.035,0.035,0.0162,0.0251,0.0188,0.0099,1182,1044,1.0954,0.9675,3.4150945850063755e-06,3.4150945850063755e-06,0.0,WELD_FOUND
53.662,0.035,0.0,0.035,0.035,0.0221,0.0299,0.0129,0.0051,1182,1045,1.0954,0.9685,3.4150945850063755e-06,3.4150945850063755e-06,0.0,WELD_FOUND
53.712,0.035,0.0,0.035,0.035,0.0221,0.0299,0.0129,0.0051,1182,1045,1.0954,0.9685,3.4150945850063755e-06,3.4150945850063755e-06,0.0,WELD_FOUND
53.762,0.035,0.0,0.035,0.035,0.0221,0.0299,0.0129,0.0051,1185,1049,1.0982,0.9722,3.4150945850063755e-06,3.4150945850063755e-06,0.0,WELD_FOUND
53.812,0.035,0.0,0.035,0.035,0.0207,0.0278,0.0143,0.0072,1185,1049,1.0982,0.9722,-0.7031216044716506,3.4150945850063755e-06,-0.7031250195662356,WELD_FOUND
53.862,0.035,0.0,0.035,0.035,0.0207,0.0278,0.0143,0.0072,1190,1053,1.1029,0.9759,-0.7031216044716506,3.4150945850063755e-06,-0.7031250195662356,WELD_FOUND
53.912,0.035,0.0,0.035,0.035,0.0207,0.0278,0.0143,0.0072,1190,1053,1.1029,0.9759,3.4150945850063755e-06,3.4150945850063755e-06,0.0,WELD_FOUND
53.962,0.035,0.0,0.035,0.035,0.0346,0.0389,0.0004,-0.0039,1194,1058,1.1066,0.9805,3.4150945850063755e-06,3.4150945850063755e-06,0.0,WELD_FOUND
54.012,0.035,0.0,0.035,0.035,0.0346,0.0389,0.0004,-0.0039,1194,1058,1.1066,0.9805,-0.35155909468853286,3.4150945850063755e-06,-0.35156250978311787,WELD_FOUND
54.062,0.035,0.0,0.035,0.035,0.0346,0.0389,0.0004,-0.0039,1198,1062,1.1103,0.9842,-0.35155909468853286,3.4150945850063755e-06,-0.35156250978311787,WELD_FOUND
54.112,0.035,0.0,0.035,0.035,0.0307,0.0333,0.0043,0.0017,1198,1062,1.1103,0.9842,0.35156592487770283,3.4150945850063755e-06,0.3515625097831178,WELD_FOUND
54.162,0.035,0.0,0.035,0.035,0.0307,0.0333,0.0043,0.0017,1202,1065,1.114,0.987,0.35156592487770283,3.4150945850063755e-06,0.3515625097831178,WELD_FOUND
54.212,0.0,0.0,0.0,0.0,0.0307,0.0333,-0.0307,-0.0333,1202,1065,1.114,0.987,0.35156592487770283,nan,nan,NO_WELD
54.262,0.0,0.0,0.0,0.0,0.0382,0.0397,-0.0382,-0.0397,1206,1070,1.1177,0.9916,0.35156592487770283,nan,nan,NO_WELD
54.313,0.033058927689803445,-0.01594867783719287,0.030666626014224516,0.03545122936538238,0.0382,0.0397,-0.0075,-0.0043,1206,1070,1.1177,0.9916,0.35156592487770283,0.35156592487770283,0.0,WELD_FOUND
54.362,0.033058927689803445,-0.01594867783719287,0.030666626014224516,0.03545122936538238,0.0382,0.0397,-0.0075,-0.0043,1207,1070,1.1186,0.9916,0.35156592487770283,0.35156592487770283,0.0,WELD_FOUND
54.412,0.0,0.0,0.0,0.0,0.0254,0.0318,-0.0254,-0.0318,1207,1070,1.1186,0.9916,0.35156592487770283,nan,nan,NO_WELD
54.462,0.0,0.0,0.0,0.0,0.0254,0.0318,-0.0254,-0.0318,1209,1073,1.1205,0.9944,0.35156592487770283,nan,nan,NO_WELD
54.512,0.035,0.0,0.035,0.035,0.0254,0.0318,0.0096,0.0032,1209,1073,1.1205,0.9944,3.4150945850063755e-06,3.4150945850063755e-06,0.0,WELD_FOUND
54.562,0.035,0.0,0.035,0.035,0.0202,0.024,0.0148,0.011,1209,1072,1.1205,0.9935,3.4150945850063755e-06,3.4150945850063755e-06,0.0,WELD_FOUND
54.612,0.035,0.0,0.035,0.035,0.0202,0.024,0.0148,0.011,1209,1072,1.1205,0.9935,0.35156592487770283,0.17578466998614392,0.1757812548915589,WELD_FOUND
54.662,0.035,0.0,0.035,0.035,0.0202,0.024,0.0148,0.011,1213,1076,1.1242,0.9972,0.35156592487770283,0.17578466998614392,0.1757812548915589,WELD_FOUND
54.712,0.0,0.0,0.0,0.0,0.022,0.0243,-0.022,-0.0243,1213,1076,1.1242,0.9972,0.35156592487770283,nan,nan,NO_WELD
54.762,0.0,0.0,0.0,0.0,0.022,0.0243,-0.022,-0.0243,1217,1080,1.1279,1.0009,0.35156592487770283,nan,nan,NO_WELD
54.812,0.03285259045276037,-0.017679069521065495,0.030200730024600546,0.0355044508809202,0.028,0.0294,0.0022,0.0061,1217,1080,1.1279,1.0009,0.35156592487770283,0.35156592487770283,0.0,WELD_FOUND
54.862,0.03285259045276037,-0.017679069521065495,0.030200730024600546,0.0355044508809202,0.028,0.0294,0.0022,0.0061,1218,1081,1.1288,1.0018,0.35156592487770283,0.35156592487770283,0.0,WELD_FOUND
54.912,0.035,0.0,0.035,0.035,0.028,0.0294,0.007,0.0056,1218,1081,1.1288,1.0018,-0.35155909468853286,3.4150945850063755e-06,-0.35156250978311787,WELD_FOUND
54.962,0.035,0.0,0.035,0.035,0.0242,0.03,0.0108,0.005,1220,1085,1.1307,1.0055,-0.35155909468853286,3.4150945850063755e-06,-0.35156250978311787,WELD_FOUND
55.012,0.0,0.0,0.0,0.0,0.0242,0.03,-0.0242,-0.03,1220,1085,1.1307,1.0055,-0.35155909468853286,nan,nan,NO_WELD
55.062,0.0,0.0,0.0,0.0,0.0242,0.03,-0.0242,-0.03,1224,1088,1.1344,1.0083,-0.35155909468853286,nan,nan,NO_WELD
55.112,0.0,0.0,0.0,0.0,0.0244,0.0254,-0.0244,-0.0254,1224,1088,1.1344,1.0083,-0.35155909468853286,nan,nan,NO_WELD
55.162,0.0,0.0,0.0,0.0,0.0244,0.0254,-0.0244,-0.0254,1225,1089,1.1353,1.0093,-0.35155909468853286,nan,nan,NO_WELD
55.212,0.0,0.0,0.0,0.0,0.0184,0.019,-0.0184,-0.019,1225,1089,1.1353,1.0093,-0.35155909468853286,nan,nan,NO_WELD
55.262,0.0,0.0,0.0,0.0,0.0184,0.019,-0.0184,-0.019,1225,1089,1.1353,1.0093,-0.35155909468853286,nan,nan,NO_WELD
55.313,0.0,0.0,0.0,0.0,0.0147,0.0152,-0.0147,-0.0152,1225,1089,1.1353,1.0093,-0.35155909468853286,nan,nan,NO_WELD
55.362,0.0,0.0,0.0,0.0,0.0147,0.0152,-0.0147,-0.0152,1225,1089,1.1353,1.0093,-0.35155909468853286,nan,nan,NO_WELD
55.412,0.0,0.0,0.0,0.0,0.0147,0.0152,-0.0147,-0.0152,1225,1089,1.1353,1.0093,-0.35155909468853286,nan,nan,NO_WELD
55.462,0.0,0.0,0.0,0.0,0.0118,0.0121,-0.0118,-0.0121,1225,1089,1.1353,1.0093,-0.35155909468853286,nan,nan,NO_WELD
55.512,0.0,0.0,0.0,0.0,0.0118,0.0121,-0.0118,-0.0121,1225,1089,1.1353,1.0093,-0.35155909468853286,nan,nan,NO_WELD
55.562,0.0,0.0,0.0,0.0,0.0094,0.0097,-0.0094,-0.0097,1225,1089,1.1353,1.0093,-0.35155909468853286,nan,nan,NO_WELD
55.612,0.032582298035693374,-0.016656247385617804,0.030083860927850703,0.035080735143536046,0.0094,0.0097,0.0207,0.0254,1225,1089,1.1353,1.0093,0.35156592487770283,0.35156592487770283,0.0,WELD_FOUND
55.662,0.032582298035693374,-0.016656247385617804,0.030083860927850703,0.035080735143536046,0.0094,0.0097,0.0207,0.0254,1225,1090,1.1353,1.0102,0.35156592487770283,0.35156592487770283,0.0,WELD_FOUND
55.712,0.0,0.0,0.0,0.0,0.0075,0.0083,-0.0075,-0.0083,1225,1090,1.1353,1.0102,0.35156592487770283,nan,nan,NO_WELD
55.762,0.0,0.0,0.0,0.0,0.0075,0.0083,-0.0075,-0.0083,1230,1094,1.1399,1.0139,0.35156592487770283,nan,nan,NO_WELD
55.812,0.035,0.0,0.035,0.035,0.023,0.0198,0.012,0.0152,1230,1094,1.1399,1.0139,3.4150945850063755e-06,3.4150945850063755e-06,0.0,WELD_FOUND
55.862,0.035,0.0,0.035,0.035,0.023,0.0198,0.012,0.0152,1232,1095,1.1418,1.0148,3.4150945850063755e-06,3.4150945850063755e-06,0.0,WELD_FOUND
55.912,0.0,0.0,0.0,0.0,0.023,0.0198,-0.023,-0.0198,1232,1095,1.1418,1.0148,3.4150945850063755e-06,nan,nan,NO_WELD
55.962,0.0,0.0,0.0,0.0,0.0262,0.0218,-0.0262,-0.0218,1235,1098,1.1446,1.0176,3.4150945850063755e-06,nan,nan,NO_WELD
56.012,0.033154696922335865,0.015160044289162317,0.035428703565710214,0.030880690278961516,0.0262,0.0218,0.0092,0.0091,1235,1098,1.1446,1.0176,-0.35155909468853286,-0.35155909468853286,0.0,WELD_FOUND
56.062,0.033154696922335865,0.015160044289162317,0.035428703565710214,0.030880690278961516,0.0194,0.0168,0.016,0.0141,1236,1099,1.1455,1.0185,-0.35155909468853286,-0.35155909468853286,0.0,WELD_FOUND
56.112,0.035,0.0,0.035,0.035,0.0194,0.0168,0.0156,0.0182,1236,1099,1.1455,1.0185,3.4150945850063755e-06,-0.17577783979697392,0.17578125489155894,WELD_FOUND
56.162,0.035,0.0,0.035,0.035,0.0194,0.0168,0.0156,0.0182,1240,1103,1.1492,1.0222,3.4150945850063755e-06,-0.17577783979697392,0.17578125489155894,WELD_FOUND
56.212,0.035,0.0,0.035,0.035,0.0215,0.0199,0.0135,0.0151,1240,1103,1.1492,1.0222,0.35156592487770283,3.4150945850063755e-06,0.3515625097831178,WELD_FOUND
56.262,0.035,0.0,0.035,0.035,0.0215,0.0199,0.0135,0.0151,1245,1108,1.1538,1.0269,0.35156592487770283,3.4150945850063755e-06,0.3515625097831178,WELD_FOUND
56.313,0.035,0.0,0.035,0.035,0.0315,0.0305,0.0035,0.0045,1245,1108,1.1538,1.0269,3.4150945850063755e-06,3.4150945850063755e-06,0.0,WELD_FOUND
56.362,0.035,0.0,0.035,0.035,0.0315,0.0305,0.0035,0.0045,1249,1113,1.1575,1.0315,3.4150945850063755e-06,3.4150945850063755e-06,0.0,WELD_FOUND
56.412,0.035,0.0,0.035,0.035,0.0315,0.0305,0.0035,0.0045,1249,1113,1.1575,1.0315,3.4150945850063755e-06,3.4150945850063755e-06,0.0,WELD_FOUND
56.462,0.035,0.0,0.035,0.035,0.0386,0.0381,-0.0036,-0.0031,1253,1116,1.1612,1.0343,3.4150945850063755e-06,3.4150945850063755e-06,0.0,WELD_FOUND
56.512,0.035,0.0,0.035,0.035,0.0386,0.0381,-0.0036,-0.0031,1253,1116,1.1612,1.0343,-0.7031216044716506,3.4150945850063755e-06,-0.7031250195662356,WELD_FOUND
56.562,0.035,0.0,0.035,0.035,0.0343,0.0377,0.0007,-0.0027,1256,1120,1.164,1.038,-0.7031216044716506,3.4150945850063755e-06,-0.7031250195662356,WELD_FOUND
56.612,0.035,0.0,0.035,0.035,0.0343,0.0377,0.0007,-0.0027,1256,1120,1.164,1.038,-0.35155909468853286,3.4150945850063755e-06,-0.35156250978311787,WELD_FOUND
56.662,0.035,0.0,0.035,0.035,0.0354,0.0337,-0.0004,0.0013,1260,1123,1.1677,1.0408,-0.35155909468853286,3.4150945850063755e-06,-0.35156250978311787,WELD_FOUND
56.712,0.0,0.0,0.0,0.0,0.0354,0.0337,-0.0354,-0.0337,1260,1123,1.1677,1.0408,-0.35155909468853286,nan,nan,NO_WELD
56.762,0.0,0.0,0.0,0.0,0.0354,0.0337,-0.0354,-0.0337,1263,1126,1.1705,1.0435,-0.35155909468853286,nan,nan,NO_WELD
56.812,0.0,0.0,0.0,0.0,0.0287,0.0276,-0.0287,-0.0276,1263,1126,1.1705,1.0435,-0.35155909468853286,nan,nan,NO_WELD
56.862,0.0,0.0,0.0,0.0,0.0287,0.0276,-0.0287,-0.0276,1264,1127,1.1714,1.0445,-0.35155909468853286,nan,nan,NO_WELD
56.912,0.0,0.0,0.0,0.0,0.0287,0.0276,-0.0287,-0.0276,1264,1127,1.1714,1.0445,-0.35155909468853286,nan,nan,NO_WELD
56.962,0.0,0.0,0.0,0.0,0.0197,0.0191,-0.0197,-0.0191,1264,1127,1.1714,1.0445,-0.35155909468853286,nan,nan,NO_WELD
57.012,0.0,0.0,0.0,0.0,0.0197,0.0191,-0.0197,-0.0191,1264,1127,1.1714,1.0445,3.4150945850063755e-06,3.4150945850063755e-06,0.0,WELD_FOUND
57.062,0.0,0.0,0.0,0.0,0.0197,0.0191,-0.0197,-0.0191,1264,1127,1.1714,1.0445,3.4150945850063755e-06,3.4150945850063755e-06,0.0,WELD_FOUND
57.112,0.035,0.0,0.035,0.035,0.0157,0.0152,0.0193,0.0198,1264,1127,1.1714,1.0445,3.4150945850063755e-06,3.4150945850063755e-06,0.0,WELD_FOUND
57.162,0.035,0.0,0.035,0.035,0.0157,0.0152,0.0193,0.0198,1264,1127,1.1714,1.0445,3.4150945850063755e-06,3.4150945850063755e-06,0.0,WELD_FOUND
57.212,0.035,0.0,0.035,0.035,0.0157,0.0152,0.0193,0.0198,1264,1127,1.1714,1.0445,3.4150945850063755e-06,3.4150945850063755e-06,0.0,WELD_FOUND
57.262,0.035,0.0,0.035,0.035,0.0218,0.0215,0.0132,0.0135,1269,1132,1.1761,1.0491,3.4150945850063755e-06,3.4150945850063755e-06,0.0,WELD_FOUND
57.313,0.035,0.0,0.035,0.035,0.0218,0.0215,0.0132,0.0135,1269,1132,1.1761,1.0491,3.4150945850063755e-06,3.4150945850063755e-06,0.0,WELD_FOUND
57.362,0.035,0.0,0.035,0.035,0.0218,0.0215,0.0132,0.0135,1274,1137,1.1807,1.0537,3.4150945850063755e-06,3.4150945850063755e-06,0.0,WELD_FOUND
57.412,0.035,0.0,0.035,0.035,0.0254,0.0253,0.0096,0.0097,1274,1137,1.1807,1.0537,-0.35155909468853286,3.4150945850063755e-06,-0.35156250978311787,WELD_FOUND
57.462,0.035,0.0,0.035,0.035,0.0254,0.0253,0.0096,0.0097,1279,1142,1.1853,1.0584,-0.35155909468853286,3.4150945850063755e-06,-0.35156250978311787,WELD_FOUND
57.512,0.035,0.0,0.035,0.035,0.0338,0.0337,0.0012,0.0013,1279,1142,1.1853,1.0584,-0.35155909468853286,3.4150945850063755e-06,-0.35156250978311787,WELD_FOUND
57.562,0.035,0.0,0.035,0.035,0.0338,0.0337,0.0012,0.0013,1283,1146,1.189,1.0621,-0.35155909468853286,3.4150945850063755e-06,-0.35156250978311787,WELD_FOUND
57.612,0.035,0.0,0.035,0.035,0.0338,0.0337,0.0012,0.0013,1283,1146,1.189,1.0621,3.4150945850063755e-06,3.4150945850063755e-06,0.0,WELD_FOUND
57.662,0.035,0.0,0.035,0.035,0.04,0.04,-0.005,-0.005,1287,1150,1.1928,1.0658,3.4150945850063755e-06,3.4150945850063755e-06,0.0,WELD_FOUND
57.712,0.035,0.0,0.035,0.035,0.04,0.04,-0.005,-0.005,1287,1150,1.1928,1.0658,3.4150945850063755e-06,3.4150945850063755e-06,0.0,WELD_FOUND
57.762,0.035,0.0,0.035,0.035,0.04,0.04,-0.005,-0.005,1290,1153,1.1955,1.0686,3.4150945850063755e-06,3.4150945850063755e-06,0.0,WELD_FOUND
57.812,0.0,0.0,0.0,0.0,0.0314,0.0314,-0.0314,-0.0314,1290,1153,1.1955,1.0686,3.4150945850063755e-06,nan,nan,NO_WELD
57.862,0.0,0.0,0.0,0.0,0.0314,0.0314,-0.0314,-0.0314,1293,1156,1.1983,1.0713,3.4150945850063755e-06,nan,nan,NO_WELD
57.912,0.03305895872694979,0.015964626900396257,0.03545365276200923,0.030664264691890354,0.0314,0.0314,0.004,-0.0007,1293,1156,1.1983,1.0713,-0.35155909468853286,-0.35155909468853286,0.0,WELD_FOUND
57.962,0.03305895872694979,0.015964626900396257,0.03545365276200923,0.030664264691890354,0.0287,0.0262,0.0067,0.0044,1294,1156,1.1992,1.0713,-0.35155909468853286,-0.35155909468853286,0.0,WELD_FOUND
58.012,0.035,0.0,0.035,0.035,0.0287,0.0262,0.0063,0.0088,1294,1156,1.1992,1.0713,3.4150945850063755e-06,-0.17577783979697392,0.17578125489155894,WELD_FOUND
58.062,0.035,0.0,0.035,0.035,0.0321,0.0269,0.0029,0.0081,1298,1159,1.2029,1.0741,3.4150945850063755e-06,-0.17577783979697392,0.17578125489155894,WELD_FOUND
58.112,0.03279162821545667,0.02237735522851249,0.03614823149973354,0.029435024931179797,0.0321,0.0269,0.0041,0.0026,1298,1159,1.2029,1.0741,-0.35155909468853286,-0.35155909468853286,0.0,WELD_FOUND
58.162,0.03279162821545667,0.02237735522851249,0.03614823149973354,0.029435024931179797,0.0321,0.0269,0.0041,0.0026,1302,1163,1.2067,1.0778,-0.35155909468853286,-0.35155909468853286,0.0,WELD_FOUND
58.212,0.035,0.0,0.035,0.035,0.0291,0.026,0.0059,0.009,1302,1163,1.2067,1.0778,3.4150945850063755e-06,-0.17577783979697392,0.17578125489155894,WELD_FOUND
58.262,0.035,0.0,0.035,0.035,0.0291,0.026,0.0059,0.009,1306,1165,1.2104,1.0797,3.4150945850063755e-06,-0.17577783979697392,0.17578125489155894,WELD_FOUND
58.313,0.0327809575686857,0.022492750940696308,0.03615487020979015,0.029407044927581255,0.0323,0.023,0.0038,0.0064,1306,1165,1.2104,1.0797,-0.35155909468853286,-0.35155909468853286,0.0,WELD_FOUND
58.362,0.0327809575686857,0.022492750940696308,0.03615487020979015,0.029407044927581255,0.0323,0.023,0.0038,0.0064,1311,1164,1.215,1.0788,-0.35155909468853286,-0.35155909468853286,0.0,WELD_FOUND
58.412,0.03262201856589622,0.01569838061707078,0.03497677565845684,0.030267261473335604,0.0323,0.023,0.0027,0.0072,1311,1164,1.215,1.0788,-0.35155909468853286,-0.35155909468853286,0.0,WELD_FOUND
58.462,0.03262201856589622,0.01569838061707078,0.03497677565845684,0.030267261473335604,0.0391,0.0089,-0.0041,0.0214,1314,1163,1.2178,1.0778,-0.35155909468853286,-0.35155909468853286,0.0,WELD_FOUND
58.512,0.03259027711486931,0.015412181403836368,0.034902104325444765,0.030278449904293854,0.0391,0.0089,-0.0042,0.0214,1314,1163,1.2178,1.0778,3.4150945850063755e-06,-0.35155909468853286,0.35156250978311787,WELD_FOUND
58.562,0.03259027711486931,0.015412181403836368,0.034902104325444765,0.030278449904293854,0.042,-0.0021,-0.0071,0.0324,1319,1161,1.2224,1.076,3.4150945850063755e-06,-0.35155909468853286,0.35156250978311787,WELD_FOUND
58.612,0.035,0.0,0.035,0.035,0.042,-0.0021,-0.007,0.0371,1319,1161,1.2224,1.076,3.4150945850063755e-06,3.4150945850063755e-06,0.0,WELD_FOUND
58.662,0.035,0.0,0.035,0.035,0.04,-0.0124,-0.005,0.0474,1323,1158,1.2261,1.0732,3.4150945850063755e-06,3.4150945850063755e-06,0.0,WELD_FOUND
58.712,0.035,0.0,0.035,0.035,0.04,-0.0124,-0.005,0.0474,1323,1158,1.2261,1.0732,3.4150945850063755e-06,3.4150945850063755e-06,0.0,WELD_FOUND
58.762,0.035,0.0,0.035,0.035,0.0462,-0.0185,-0.0112,0.0535,1329,1155,1.2317,1.0704,3.4150945850063755e-06,3.4150945850063755e-06,0.0,WELD_FOUND
