t,vx,wz,tgt_r,tgt_l,spd_r,spd_l,err_r,err_l,ticks_r,ticks_l,dist_r,dist_l,raw_angle,filtered_angle,error,weld,ff_r,ff_l,kickstart_r,kickstart_l,holding_r,holding_l,manual_pwm_mode,surface_mode
2.112,0.0,0.0,0.0,0.0,0.0,0.0,0.0,0.0,0,0,0.0,0.0,nan,nan,nan,UNKNOWN,0.0,0.0,False,False,False,False,False,horizontal
2.162,0.0,0.0,0.0,0.0,0.0,0.0,0.0,0.0,0,0,0.0,0.0,nan,nan,nan,UNKNOWN,0.0,0.0,False,False,False,False,False,horizontal
2.212,0.0,0.0,0.0,0.0,0.0,0.0,0.0,0.0,0,0,0.0,0.0,nan,nan,nan,UNKNOWN,0.0,0.0,False,False,False,False,False,horizontal
2.262,0.0,0.0,0.0,0.0,0.0,0.0,0.0,0.0,0,0,0.0,0.0,nan,nan,nan,UNKNOWN,0.0,0.0,False,False,False,False,False,horizontal
2.312,0.0,0.0,0.0,0.0,0.0,0.0,0.0,0.0,0,0,0.0,0.0,nan,nan,nan,UNKNOWN,0.0,0.0,False,False,False,False,False,horizontal
2.362,0.0,0.0,0.0,0.0,0.0,0.0,0.0,0.0,0,0,0.0,0.0,nan,nan,nan,UNKNOWN,0.0,0.0,False,False,False,False,False,horizontal
2.412,0.0,0.0,0.0,0.0,0.0,0.0,0.0,0.0,0,0,0.0,0.0,nan,nan,nan,UNKNOWN,0.0,0.0,False,False,False,False,False,horizontal
2.462,0.0,0.0,0.0,0.0,0.0,0.0,0.0,0.0,0,0,0.0,0.0,nan,nan,nan,UNKNOWN,0.0,0.0,False,False,False,False,False,horizontal
2.512,0.0,0.0,0.0,0.0,0.0,0.0,0.0,0.0,0,0,0.0,0.0,nan,nan,nan,UNKNOWN,0.0,0.0,False,False,False,False,False,horizontal
2.562,0.0,0.0,0.0,0.0,0.0,0.0,0.0,0.0,0,0,0.0,0.0,nan,nan,nan,UNKNOWN,0.0,0.0,False,False,False,False,False,horizontal
2.612,0.0,0.0,0.0,0.0,0.0,0.0,0.0,0.0,0,0,0.0,0.0,nan,nan,nan,UNKNOWN,0.0,0.0,False,False,False,False,False,horizontal
2.662,0.0,0.0,0.0,0.0,0.0,0.0,0.0,0.0,0,0,0.0,0.0,nan,nan,nan,UNKNOWN,0.0,0.0,False,False,False,False,False,horizontal
2.712,0.0,0.0,0.0,0.0,0.0,0.0,0.0,0.0,0,0,0.0,0.0,nan,nan,nan,UNKNOWN,0.0,0.0,False,False,False,False,False,horizontal
2.762,0.0,0.0,0.0,0.0,0.0,0.0,0.0,0.0,0,0,0.0,0.0,nan,nan,nan,UNKNOWN,0.0,0.0,False,False,False,False,False,horizontal
2.812,0.0,0.0,0.0,0.0,0.0,0.0,0.0,0.0,0,0,0.0,0.0,nan,nan,nan,UNKNOWN,0.0,0.0,False,False,False,False,False,horizontal
2.862,0.0,0.0,0.0,0.0,0.0,0.0,0.0,0.0,0,0,0.0,0.0,nan,nan,nan,UNKNOWN,0.0,0.0,False,False,False,False,False,horizontal
2.912,0.0,0.0,0.0,0.0,0.0,0.0,0.0,0.0,0,0,0.0,0.0,nan,nan,nan,UNKNOWN,0.0,0.0,False,False,False,False,False,horizontal
2.962,0.0,0.0,0.0,0.0,0.0,0.0,0.0,0.0,0,0,0.0,0.0,nan,nan,nan,UNKNOWN,0.0,0.0,False,False,False,False,False,horizontal
3.012,0.0,0.0,0.0,0.0,0.0,0.0,0.0,0.0,0,0,0.0,0.0,nan,nan,nan,UNKNOWN,0.0,0.0,False,False,False,False,False,horizontal
3.064,0.0,0.0,0.0,0.0,0.0,0.0,0.0,0.0,0,0,0.0,0.0,nan,nan,nan,UNKNOWN,0.0,0.0,False,False,False,False,False,horizontal
3.112,0.0,0.0,0.0,0.0,0.0,0.0,0.0,0.0,0,0,0.0,0.0,nan,nan,nan,UNKNOWN,0.0,0.0,False,False,False,False,False,horizontal
3.162,0.0,0.0,0.0,0.0,0.0,0.0,0.0,0.0,0,0,0.0,0.0,nan,nan,nan,UNKNOWN,0.0,0.0,False,False,False,False,False,horizontal
3.212,0.0,0.0,0.0,0.0,0.0,0.0,0.0,0.0,0,0,0.0,0.0,nan,nan,nan,UNKNOWN,0.0,0.0,False,False,False,False,False,horizontal
3.262,0.0,0.0,0.0,0.0,0.0,0.0,0.0,0.0,0,0,0.0,0.0,nan,nan,nan,UNKNOWN,0.0,0.0,False,False,False,False,False,horizontal
3.312,0.0,0.0,0.0,0.0,0.0,0.0,0.0,0.0,0,0,0.0,0.0,nan,nan,nan,UNKNOWN,0.0,0.0,False,False,False,False,False,horizontal
3.362,0.0,0.0,0.0,0.0,0.0,0.0,0.0,0.0,0,0,0.0,0.0,nan,nan,nan,UNKNOWN,0.0,0.0,False,False,False,False,False,horizontal
3.412,0.0,0.0,0.0,0.0,0.0,0.0,0.0,0.0,0,0,0.0,0.0,nan,nan,nan,UNKNOWN,0.0,0.0,False,False,False,False,False,horizontal
3.462,0.0,0.0,0.0,0.0,0.0,0.0,0.0,0.0,0,0,0.0,0.0,nan,nan,nan,UNKNOWN,0.0,0.0,False,False,False,False,False,horizontal
3.512,0.0,0.0,0.0,0.0,0.0,0.0,0.0,0.0,0,0,0.0,0.0,nan,nan,nan,UNKNOWN,0.0,0.0,False,False,False,False,False,horizontal
3.562,0.0,0.0,0.0,0.0,0.0,0.0,0.0,0.0,0,0,0.0,0.0,nan,nan,nan,UNKNOWN,0.0,0.0,False,False,False,False,False,horizontal
3.612,0.0,0.0,0.0,0.0,0.0,0.0,0.0,0.0,0,0,0.0,0.0,nan,nan,nan,UNKNOWN,0.0,0.0,False,False,False,False,False,horizontal
3.662,0.0,0.0,0.0,0.0,0.0,0.0,0.0,0.0,0,0,0.0,0.0,nan,nan,nan,UNKNOWN,0.0,0.0,False,False,False,False,False,horizontal
3.712,0.0,0.0,0.0,0.0,0.0,0.0,0.0,0.0,0,0,0.0,0.0,nan,nan,nan,UNKNOWN,0.0,0.0,False,False,False,False,False,horizontal
3.762,0.0,0.0,0.0,0.0,0.0,0.0,0.0,0.0,0,0,0.0,0.0,nan,nan,nan,UNKNOWN,0.0,0.0,False,False,False,False,False,horizontal
3.812,0.0,0.0,0.0,0.0,0.0,0.0,0.0,0.0,0,0,0.0,0.0,nan,nan,nan,UNKNOWN,0.0,0.0,False,False,False,False,False,horizontal
3.862,0.0,0.0,0.0,0.0,0.0,0.0,0.0,0.0,0,0,0.0,0.0,nan,nan,nan,UNKNOWN,0.0,0.0,False,False,False,False,False,horizontal
3.912,0.0,0.0,0.0,0.0,0.0,0.0,0.0,0.0,0,0,0.0,0.0,nan,nan,nan,UNKNOWN,0.0,0.0,False,False,False,False,False,horizontal
3.962,0.0,0.0,0.0,0.0,0.0,0.0,0.0,0.0,0,0,0.0,0.0,nan,nan,nan,UNKNOWN,0.0,0.0,False,False,False,False,False,horizontal
4.012,0.0,0.0,0.0,0.0,0.0,0.0,0.0,0.0,0,0,0.0,0.0,nan,nan,nan,UNKNOWN,0.0,0.0,False,False,False,False,False,horizontal
4.064,0.0,0.0,0.0,0.0,0.0,0.0,0.0,0.0,0,0,0.0,0.0,nan,nan,nan,UNKNOWN,0.0,0.0,False,False,False,False,False,horizontal
4.112,0.0,0.0,0.0,0.0,0.0,0.0,0.0,0.0,0,0,0.0,0.0,nan,nan,nan,UNKNOWN,0.0,0.0,False,False,False,False,False,horizontal
4.162,0.0,0.0,0.0,0.0,0.0,0.0,0.0,0.0,0,0,0.0,0.0,nan,nan,nan,UNKNOWN,0.0,0.0,False,False,False,False,False,horizontal
4.212,0.0,0.0,0.0,0.0,0.0,0.0,0.0,0.0,0,0,0.0,0.0,nan,nan,nan,UNKNOWN,0.0,0.0,False,False,False,False,False,horizontal
4.262,0.0,0.0,0.0,0.0,0.0,0.0,0.0,0.0,0,0,0.0,0.0,nan,nan,nan,UNKNOWN,0.0,0.0,False,False,False,False,False,horizontal
4.312,0.0,0.0,0.0,0.0,0.0,0.0,0.0,0.0,0,0,0.0,0.0,nan,nan,nan,UNKNOWN,0.0,0.0,False,False,False,False,False,horizontal
4.362,0.0,0.0,0.0,0.0,0.0,0.0,0.0,0.0,0,0,0.0,0.0,nan,nan,nan,UNKNOWN,0.0,0.0,False,False,False,False,False,horizontal
4.412,0.0,0.0,0.0,0.0,0.0,0.0,0.0,0.0,0,0,0.0,0.0,nan,nan,nan,UNKNOWN,0.0,0.0,False,False,False,False,False,horizontal
4.462,0.0,0.0,0.0,0.0,0.0,0.0,0.0,0.0,0,0,0.0,0.0,nan,nan,nan,UNKNOWN,0.0,0.0,False,False,False,False,False,horizontal
4.512,0.0,0.0,0.0,0.0,0.0,0.0,0.0,0.0,0,0,0.0,0.0,nan,nan,nan,UNKNOWN,0.0,0.0,False,False,False,False,False,horizontal
4.562,0.0,0.0,0.0,0.0,0.0,0.0,0.0,0.0,0,0,0.0,0.0,nan,nan,nan,UNKNOWN,0.0,0.0,False,False,False,False,False,horizontal
4.612,0.0,0.0,0.0,0.0,0.0,0.0,0.0,0.0,0,0,0.0,0.0,nan,nan,nan,UNKNOWN,0.0,0.0,False,False,False,False,False,horizontal
4.662,0.0,0.0,0.0,0.0,0.0,0.0,0.0,0.0,0,0,0.0,0.0,nan,nan,nan,UNKNOWN,0.0,0.0,False,False,False,False,False,horizontal
4.712,0.0,0.0,0.0,0.0,0.0,0.0,0.0,0.0,0,0,0.0,0.0,nan,nan,nan,UNKNOWN,0.0,0.0,False,False,False,False,False,horizontal
4.762,0.0,0.0,0.0,0.0,0.0,0.0,0.0,0.0,0,0,0.0,0.0,nan,nan,nan,UNKNOWN,0.0,0.0,False,False,False,False,False,horizontal
4.812,0.0,0.0,0.0,0.0,0.0,0.0,0.0,0.0,0,0,0.0,0.0,nan,nan,nan,UNKNOWN,0.0,0.0,False,False,False,False,False,horizontal
4.862,0.0,0.0,0.0,0.0,0.0,0.0,0.0,0.0,0,0,0.0,0.0,nan,nan,nan,UNKNOWN,0.0,0.0,False,False,False,False,False,horizontal
4.912,0.0,0.0,0.0,0.0,0.0,0.0,0.0,0.0,0,0,0.0,0.0,nan,nan,nan,UNKNOWN,0.0,0.0,False,False,False,False,False,horizontal
4.962,0.0,0.0,0.0,0.0,0.0,0.0,0.0,0.0,0,0,0.0,0.0,nan,nan,nan,UNKNOWN,0.0,0.0,False,False,False,False,False,horizontal
5.012,0.0,0.0,0.0,0.0,0.0,0.0,0.0,0.0,0,0,0.0,0.0,nan,nan,nan,UNKNOWN,0.0,0.0,False,False,False,False,False,horizontal
5.064,0.0,0.0,0.0,0.0,0.0,0.0,0.0,0.0,0,0,0.0,0.0,nan,nan,nan,UNKNOWN,0.0,0.0,False,False,False,False,False,horizontal
5.112,0.0,0.0,0.0,0.0,0.0,0.0,0.0,0.0,0,0,0.0,0.0,nan,nan,nan,UNKNOWN,0.0,0.0,False,False,False,False,False,horizontal
5.162,0.0,0.0,0.0,0.0,0.0,0.0,0.0,0.0,0,0,0.0,0.0,nan,nan,nan,UNKNOWN,0.0,0.0,False,False,False,False,False,horizontal
5.212,0.0,0.0,0.0,0.0,0.0,0.0,0.0,0.0,0,0,0.0,0.0,nan,nan,nan,UNKNOWN,0.0,0.0,False,False,False,False,False,horizontal
5.262,0.0,0.0,0.0,0.0,0.0,0.0,0.0,0.0,0,0,0.0,0.0,nan,nan,nan,UNKNOWN,0.0,0.0,False,False,False,False,False,horizontal
5.312,0.0,0.0,0.0,0.0,0.0,0.0,0.0,0.0,0,0,0.0,0.0,nan,nan,nan,UNKNOWN,0.0,0.0,False,False,False,False,False,horizontal
5.362,0.0,0.0,0.0,0.0,0.0,0.0,0.0,0.0,0,0,0.0,0.0,nan,nan,nan,UNKNOWN,0.0,0.0,False,False,False,False,False,horizontal
5.412,0.0,0.0,0.0,0.0,0.0,0.0,0.0,0.0,0,0,0.0,0.0,nan,nan,nan,UNKNOWN,0.0,0.0,False,False,False,False,False,horizontal
5.462,0.0,0.0,0.0,0.0,0.0,0.0,0.0,0.0,0,0,0.0,0.0,nan,nan,nan,UNKNOWN,0.0,0.0,False,False,False,False,False,horizontal
5.512,0.0,0.0,0.0,0.0,0.0,0.0,0.0,0.0,0,0,0.0,0.0,nan,nan,nan,UNKNOWN,0.0,0.0,False,False,False,False,False,horizontal
5.562,0.0,0.0,0.0,0.0,0.0,0.0,0.0,0.0,0,0,0.0,0.0,nan,nan,nan,UNKNOWN,0.0,0.0,False,False,False,False,False,horizontal
5.612,0.0,0.0,0.0,0.0,0.0,0.0,0.0,0.0,0,0,0.0,0.0,nan,nan,nan,UNKNOWN,0.0,0.0,False,False,False,False,False,horizontal
5.662,0.0,0.0,0.0,0.0,0.0,0.0,0.0,0.0,0,0,0.0,0.0,nan,nan,nan,UNKNOWN,0.0,0.0,False,False,False,False,False,horizontal
5.712,0.0,0.0,0.0,0.0,0.0,0.0,0.0,0.0,0,0,0.0,0.0,nan,nan,nan,UNKNOWN,0.0,0.0,False,False,False,False,False,horizontal
5.762,0.0,0.0,0.0,0.0,0.0,0.0,0.0,0.0,0,0,0.0,0.0,nan,nan,nan,UNKNOWN,0.0,0.0,False,False,False,False,False,horizontal
5.812,0.0,0.0,0.0,0.0,0.0,0.0,0.0,0.0,0,0,0.0,0.0,nan,nan,nan,UNKNOWN,0.0,0.0,False,False,False,False,False,horizontal
5.862,0.0,0.0,0.0,0.0,0.0,0.0,0.0,0.0,0,0,0.0,0.0,nan,nan,nan,UNKNOWN,0.0,0.0,False,False,False,False,False,horizontal
5.912,0.0,0.0,0.0,0.0,0.0,0.0,0.0,0.0,0,0,0.0,0.0,nan,nan,nan,UNKNOWN,0.0,0.0,False,False,False,False,False,horizontal
5.962,0.0,0.0,0.0,0.0,0.0,0.0,0.0,0.0,0,0,0.0,0.0,nan,nan,nan,UNKNOWN,0.0,0.0,False,False,False,False,False,horizontal
6.012,0.0,0.0,0.0,0.0,0.0,0.0,0.0,0.0,0,0,0.0,0.0,nan,nan,nan,UNKNOWN,0.0,0.0,False,False,False,False,False,horizontal
6.064,0.0,0.0,0.0,0.0,0.0,0.0,0.0,0.0,0,0,0.0,0.0,nan,nan,nan,UNKNOWN,0.0,0.0,False,False,False,False,False,horizontal
6.112,0.0,0.0,0.0,0.0,0.0,0.0,0.0,0.0,0,0,0.0,0.0,nan,nan,nan,UNKNOWN,0.0,0.0,False,False,False,False,False,horizontal
6.162,0.0,0.0,0.0,0.0,0.0,0.0,0.0,0.0,0,0,0.0,0.0,nan,nan,nan,UNKNOWN,0.0,0.0,False,False,False,False,False,horizontal
6.212,0.0,0.0,0.0,0.0,0.0,0.0,0.0,0.0,0,0,0.0,0.0,nan,nan,nan,UNKNOWN,0.0,0.0,False,False,False,False,False,horizontal
6.262,0.0,0.0,0.0,0.0,0.0,0.0,0.0,0.0,0,0,0.0,0.0,nan,nan,nan,UNKNOWN,0.0,0.0,False,False,False,False,False,horizontal
6.312,0.0,0.0,0.0,0.0,0.0,0.0,0.0,0.0,0,0,0.0,0.0,nan,nan,nan,UNKNOWN,0.0,0.0,False,False,False,False,False,horizontal
6.362,0.0,0.0,0.0,0.0,0.0,0.0,0.0,0.0,0,0,0.0,0.0,nan,nan,nan,UNKNOWN,0.0,0.0,False,False,False,False,False,horizontal
6.412,0.0,0.0,0.0,0.0,0.0,0.0,0.0,0.0,0,0,0.0,0.0,nan,nan,nan,UNKNOWN,0.0,0.0,False,False,False,False,False,horizontal
6.462,0.0,0.0,0.0,0.0,0.0,0.0,0.0,0.0,0,0,0.0,0.0,nan,nan,nan,UNKNOWN,0.0,0.0,False,False,False,False,False,horizontal
6.512,0.0,0.0,0.0,0.0,0.0,0.0,0.0,0.0,0,0,0.0,0.0,nan,nan,nan,UNKNOWN,0.0,0.0,False,False,False,False,False,horizontal
6.562,0.0,0.0,0.0,0.0,0.0,0.0,0.0,0.0,0,0,0.0,0.0,nan,nan,nan,UNKNOWN,0.0,0.0,False,False,False,False,False,horizontal
6.612,0.0,0.0,0.0,0.0,0.0,0.0,0.0,0.0,0,0,0.0,0.0,nan,nan,nan,UNKNOWN,0.0,0.0,False,False,False,False,False,horizontal
6.662,0.0,0.0,0.0,0.0,0.0,0.0,0.0,0.0,0,0,0.0,0.0,nan,nan,nan,UNKNOWN,0.0,0.0,False,False,False,False,False,horizontal
6.712,0.0,0.0,0.0,0.0,0.0,0.0,0.0,0.0,0,0,0.0,0.0,nan,nan,nan,UNKNOWN,0.0,0.0,False,False,False,False,False,horizontal
6.762,0.0,0.0,0.0,0.0,0.0,0.0,0.0,0.0,0,0,0.0,0.0,nan,nan,nan,UNKNOWN,0.0,0.0,False,False,False,False,False,horizontal
6.812,0.0,0.0,0.0,0.0,0.0,0.0,0.0,0.0,0,0,0.0,0.0,nan,nan,nan,UNKNOWN,0.0,0.0,False,False,False,False,False,horizontal
6.862,0.0,0.0,0.0,0.0,0.0,0.0,0.0,0.0,0,0,0.0,0.0,nan,nan,nan,UNKNOWN,0.0,0.0,False,False,False,False,False,horizontal
6.912,0.0,0.0,0.0,0.0,0.0,0.0,0.0,0.0,0,0,0.0,0.0,nan,nan,nan,UNKNOWN,0.0,0.0,False,False,False,False,False,horizontal
6.962,0.0,0.0,0.0,0.0,0.0,0.0,0.0,0.0,0,0,0.0,0.0,nan,nan,nan,UNKNOWN,0.0,0.0,False,False,False,False,False,horizontal
7.012,0.0,0.0,0.0,0.0,0.0,0.0,0.0,0.0,0,0,0.0,0.0,nan,nan,nan,UNKNOWN,0.0,0.0,False,False,False,False,False,horizontal
7.064,0.0,0.0,0.0,0.0,0.0,0.0,0.0,0.0,0,0,0.0,0.0,nan,nan,nan,UNKNOWN,0.0,0.0,False,False,False,False,False,horizontal
7.112,0.0,0.0,0.0,0.0,0.0,0.0,0.0,0.0,0,0,0.0,0.0,nan,nan,nan,UNKNOWN,0.0,0.0,False,False,False,False,False,horizontal
7.162,0.0,0.0,0.0,0.0,0.0,0.0,0.0,0.0,0,0,0.0,0.0,nan,nan,nan,UNKNOWN,0.0,0.0,False,False,False,False,False,horizontal
7.212,0.0,0.0,0.0,0.0,0.0,0.0,0.0,0.0,0,0,0.0,0.0,nan,nan,nan,UNKNOWN,0.0,0.0,False,False,False,False,False,horizontal
7.262,0.0,0.0,0.0,0.0,0.0,0.0,0.0,0.0,0,0,0.0,0.0,nan,nan,nan,UNKNOWN,0.0,0.0,False,False,False,False,False,horizontal
7.312,0.0,0.0,0.0,0.0,0.0,0.0,0.0,0.0,0,0,0.0,0.0,nan,nan,nan,UNKNOWN,0.0,0.0,False,False,False,False,False,horizontal
7.362,0.0,0.0,0.0,0.0,0.0,0.0,0.0,0.0,0,0,0.0,0.0,nan,nan,nan,UNKNOWN,0.0,0.0,False,False,False,False,False,horizontal
7.413,0.0,0.0,0.0,0.0,0.0,0.0,0.0,0.0,0,0,0.0,0.0,nan,nan,nan,UNKNOWN,0.0,0.0,False,False,False,False,False,horizontal
7.463,0.0,0.0,0.0,0.0,0.0,0.0,0.0,0.0,0,0,0.0,0.0,nan,nan,nan,UNKNOWN,0.0,0.0,False,False,False,False,False,horizontal
7.513,0.0,0.0,0.0,0.0,0.0,0.0,0.0,0.0,0,0,0.0,0.0,nan,nan,nan,UNKNOWN,0.0,0.0,False,False,False,False,False,horizontal
7.562,0.0,0.0,0.0,0.0,0.0,0.0,0.0,0.0,0,0,0.0,0.0,nan,nan,nan,UNKNOWN,0.0,0.0,False,False,False,False,False,horizontal
7.612,0.0,0.0,0.0,0.0,0.0,0.0,0.0,0.0,0,0,0.0,0.0,nan,nan,nan,UNKNOWN,0.0,0.0,False,False,False,False,False,horizontal
7.662,0.0,0.0,0.0,0.0,0.0,0.0,0.0,0.0,0,0,0.0,0.0,nan,nan,nan,UNKNOWN,0.0,0.0,False,False,False,False,False,horizontal
7.713,0.0,0.0,0.0,0.0,0.0,0.0,0.0,0.0,0,0,0.0,0.0,nan,nan,nan,UNKNOWN,0.0,0.0,False,False,False,False,False,horizontal
7.762,0.0,0.0,0.0,0.0,0.0,0.0,0.0,0.0,0,0,0.0,0.0,nan,nan,nan,UNKNOWN,0.0,0.0,False,False,False,False,False,horizontal
7.812,0.0,0.0,0.0,0.0,0.0,0.0,0.0,0.0,0,0,0.0,0.0,nan,nan,nan,UNKNOWN,0.0,0.0,False,False,False,False,False,horizontal
7.863,0.0,0.0,0.0,0.0,0.0,0.0,0.0,0.0,0,0,0.0,0.0,nan,nan,nan,UNKNOWN,0.0,0.0,False,False,False,False,False,horizontal
7.912,0.0,0.0,0.0,0.0,0.0,0.0,0.0,0.0,0,0,0.0,0.0,nan,nan,nan,UNKNOWN,0.0,0.0,False,False,False,False,False,horizontal
7.962,0.0,0.0,0.0,0.0,0.0,0.0,0.0,0.0,0,0,0.0,0.0,nan,nan,nan,UNKNOWN,0.0,0.0,False,False,False,False,False,horizontal
8.012,0.0,0.0,0.0,0.0,0.0,0.0,0.0,0.0,0,0,0.0,0.0,nan,nan,nan,UNKNOWN,0.0,0.0,False,False,False,False,False,horizontal
8.064,0.0,0.0,0.0,0.0,0.0,0.0,0.0,0.0,0,0,0.0,0.0,nan,nan,nan,UNKNOWN,0.0,0.0,False,False,False,False,False,horizontal
8.112,0.0,0.0,0.0,0.0,0.0,0.0,0.0,0.0,0,0,0.0,0.0,nan,nan,nan,UNKNOWN,0.0,0.0,False,False,False,False,False,horizontal
8.162,0.0,0.0,0.0,0.0,0.0,0.0,0.0,0.0,0,0,0.0,0.0,nan,nan,nan,UNKNOWN,0.0,0.0,False,False,False,False,False,horizontal
8.212,0.0,0.0,0.0,0.0,0.0,0.0,0.0,0.0,0,0,0.0,0.0,nan,nan,nan,UNKNOWN,0.0,0.0,False,False,False,False,False,horizontal
8.262,0.0,0.0,0.0,0.0,0.0,0.0,0.0,0.0,0,0,0.0,0.0,nan,nan,nan,UNKNOWN,0.0,0.0,False,False,False,False,False,horizontal
8.312,0.0,0.0,0.0,0.0,0.0,0.0,0.0,0.0,0,0,0.0,0.0,nan,nan,nan,UNKNOWN,0.0,0.0,False,False,False,False,False,horizontal
8.362,0.0,0.0,0.0,0.0,0.0,0.0,0.0,0.0,0,0,0.0,0.0,nan,nan,nan,UNKNOWN,0.0,0.0,False,False,False,False,False,horizontal
8.412,-0.05,0.0,-0.05,-0.05,0.0,0.0,-0.05,-0.05,0,0,0.0,0.0,nan,nan,nan,UNKNOWN,0.0,0.0,True,True,False,False,False,horizontal
8.462,-0.05,0.0,-0.05,-0.05,0.0,0.0,-0.05,-0.05,0,0,0.0,0.0,nan,nan,nan,UNKNOWN,0.0,0.0,True,True,False,False,False,horizontal
8.512,-0.05,0.0,-0.05,-0.05,0.0,0.0,-0.05,-0.05,0,0,0.0,0.0,nan,nan,nan,UNKNOWN,0.0,0.0,True,True,False,False,False,horizontal
8.562,-0.05,0.0,-0.05,-0.05,0.0,0.0,-0.05,-0.05,0,0,0.0,0.0,nan,nan,nan,UNKNOWN,0.0,0.0,True,True,False,False,False,horizontal
8.612,-0.05,0.0,-0.05,-0.05,-0.0334,-0.0333,-0.0166,-0.0167,-9,-9,0.0083,0.0083,nan,nan,nan,UNKNOWN,0.2976,0.2976,False,False,False,False,False,horizontal
8.662,-0.05,0.0,-0.05,-0.05,-0.0334,-0.0333,-0.0166,-0.0167,-9,-9,0.0083,0.0083,nan,nan,nan,UNKNOWN,0.2976,0.2976,False,False,False,False,False,horizontal
8.712,-0.05,0.0,-0.05,-0.05,-0.0334,-0.0333,-0.0166,-0.0167,-21,-20,0.0195,0.0185,nan,nan,nan,UNKNOWN,0.2976,0.2976,False,False,False,False,False,horizontal
8.762,-0.05,0.0,-0.05,-0.05,-0.0497,-0.0472,-0.0003,-0.0028,-21,-20,0.0195,0.0185,nan,nan,nan,UNKNOWN,0.2976,0.2976,False,False,False,False,False,horizontal
8.812,-0.05,0.0,-0.05,-0.05,-0.0497,-0.0472,-0.0003,-0.0028,-27,-25,0.025,0.0232,nan,nan,nan,UNKNOWN,0.2976,0.2976,False,False,False,False,False,horizontal
8.862,-0.05,0.0,-0.05,-0.05,-0.0497,-0.0472,-0.0003,-0.0028,-27,-25,0.025,0.0232,nan,nan,nan,UNKNOWN,0.2976,0.2976,False,False,False,False,False,horizontal
8.912,-0.05,0.0,-0.05,-0.05,-0.057,-0.0555,0.007,0.0055,-32,-31,0.0297,0.0287,nan,nan,nan,UNKNOWN,0.2976,0.2976,False,False,False,False,False,horizontal
8.962,-0.05,0.0,-0.05,-0.05,-0.057,-0.0555,0.007,0.0055,-32,-31,0.0297,0.0287,nan,nan,nan,UNKNOWN,0.2976,0.2976,False,False,False,False,False,horizontal
9.012,-0.05,0.0,-0.05,-0.05,-0.057,-0.0555,0.007,0.0055,-38,-36,0.0352,0.0334,nan,nan,nan,UNKNOWN,0.2976,0.2976,False,False,False,False,False,horizontal
9.064,-0.05,0.0,-0.05,-0.05,-0.049,-0.0457,-0.001,-0.0043,-38,-36,0.0352,0.0334,nan,nan,nan,UNKNOWN,0.2976,0.2976,False,False,False,False,False,horizontal
9.112,-0.05,0.0,-0.05,-0.05,-0.049,-0.0457,-0.001,-0.0043,-42,-41,0.0389,0.038,nan,nan,nan,UNKNOWN,0.2976,0.2976,False,False,False,False,False,horizontal
9.162,-0.05,0.0,-0.05,-0.05,-0.049,-0.0457,-0.001,-0.0043,-42,-41,0.0389,0.038,nan,nan,nan,UNKNOWN,0.2976,0.2976,False,False,False,False,False,horizontal
9.212,-0.05,0.0,-0.05,-0.05,-0.0541,-0.0521,0.0041,0.0021,-48,-46,0.0445,0.0426,nan,nan,nan,UNKNOWN,0.2976,0.2976,False,False,False,False,False,horizontal
9.262,-0.05,0.0,-0.05,-0.05,-0.0541,-0.0521,0.0041,0.0021,-48,-46,0.0445,0.0426,nan,nan,nan,UNKNOWN,0.2976,0.2976,False,False,False,False,False,horizontal
9.312,-0.05,0.0,-0.05,-0.05,-0.0473,-0.0461,-0.0027,-0.0039,-52,-50,0.0482,0.0463,nan,nan,nan,UNKNOWN,0.2976,0.2976,False,False,False,False,False,horizontal
9.362,-0.05,0.0,-0.05,-0.05,-0.0473,-0.0461,-0.0027,-0.0039,-52,-50,0.0482,0.0463,nan,nan,nan,UNKNOWN,0.2976,0.2976,False,False,False,False,False,horizontal
9.412,-0.05,0.0,-0.05,-0.05,-0.0469,-0.0462,-0.0031,-0.0038,-57,-55,0.0528,0.051,nan,nan,nan,UNKNOWN,0.2976,0.2976,False,False,False,False,False,horizontal
9.462,-0.05,0.0,-0.05,-0.05,-0.0469,-0.0462,-0.0031,-0.0038,-57,-55,0.0528,0.051,nan,nan,nan,UNKNOWN,0.2976,0.2976,False,False,False,False,False,horizontal
9.512,-0.05,0.0,-0.05,-0.05,-0.0469,-0.0462,-0.0031,-0.0038,-63,-61,0.0584,0.0565,nan,nan,nan,UNKNOWN,0.2976,0.2976,False,False,False,False,False,horizontal
9.562,-0.05,0.0,-0.05,-0.05,-0.043,-0.0425,-0.007,-0.0075,-63,-61,0.0584,0.0565,nan,nan,nan,UNKNOWN,0.2976,0.2976,False,False,False,False,False,horizontal
9.612,-0.05,0.0,-0.05,-0.05,-0.043,-0.0425,-0.007,-0.0075,-69,-66,0.0639,0.0612,nan,nan,nan,UNKNOWN,0.2976,0.2976,False,False,False,False,False,horizontal
9.662,-0.05,0.0,-0.05,-0.05,-0.043,-0.0425,-0.007,-0.0075,-69,-66,0.0639,0.0612,nan,nan,nan,UNKNOWN,0.2976,0.2976,False,False,False,False,False,horizontal
9.712,-0.05,0.0,-0.05,-0.05,-0.0554,-0.0527,0.0054,0.0027,-75,-72,0.0695,0.0667,nan,nan,nan,UNKNOWN,0.2976,0.2976,False,False,False,False,False,horizontal
9.762,-0.05,0.0,-0.05,-0.05,-0.0554,-0.0527,0.0054,0.0027,-75,-72,0.0695,0.0667,nan,nan,nan,UNKNOWN,0.2976,0.2976,False,False,False,False,False,horizontal
9.812,-0.05,0.0,-0.05,-0.05,-0.0554,-0.0527,0.0054,0.0027,-81,-78,0.0751,0.0723,nan,nan,nan,UNKNOWN,0.2976,0.2976,False,False,False,False,False,horizontal
9.862,-0.05,0.0,-0.05,-0.05,-0.0481,-0.0465,-0.0019,-0.0035,-81,-78,0.0751,0.0723,nan,nan,nan,UNKNOWN,0.2976,0.2976,False,False,False,False,False,horizontal
9.912,-0.05,0.0,-0.05,-0.05,-0.0481,-0.0465,-0.0019,-0.0035,-86,-83,0.0797,0.0769,nan,nan,nan,UNKNOWN,0.2976,0.2976,False,False,False,False,False,horizontal
9.962,-0.05,0.0,-0.05,-0.05,-0.0474,-0.0464,-0.0026,-0.0036,-86,-83,0.0797,0.0769,nan,nan,nan,UNKNOWN,0.2976,0.2976,False,False,False,False,False,horizontal
10.012,-0.05,0.0,-0.05,-0.05,-0.0474,-0.0464,-0.0026,-0.0036,-91,-89,0.0843,0.0825,nan,nan,nan,UNKNOWN,0.2976,0.2976,False,False,False,False,False,horizontal
10.064,-0.05,0.0,-0.05,-0.05,-0.0474,-0.0464,-0.0026,-0.0036,-91,-89,0.0843,0.0825,nan,nan,nan,UNKNOWN,0.2976,0.2976,False,False,False,False,False,horizontal
10.112,-0.05,0.0,-0.05,-0.05,-0.0556,-0.055,0.0056,0.005,-97,-94,0.0899,0.0871,nan,nan,nan,UNKNOWN,0.2976,0.2976,False,False,False,False,False,horizontal
10.162,-0.05,0.0,-0.05,-0.05,-0.0556,-0.055,0.0056,0.005,-97,-94,0.0899,0.0871,nan,nan,nan,UNKNOWN,0.2976,0.2976,False,False,False,False,False,horizontal
10.212,-0.05,0.0,-0.05,-0.05,-0.0556,-0.0553,0.0056,0.0053,-103,-100,0.0955,0.0927,nan,nan,nan,UNKNOWN,0.2976,0.2976,False,False,False,False,False,horizontal
10.262,-0.05,0.0,-0.05,-0.05,-0.0556,-0.0553,0.0056,0.0053,-103,-100,0.0955,0.0927,nan,nan,nan,UNKNOWN,0.2976,0.2976,False,False,False,False,False,horizontal
10.312,-0.05,0.0,-0.05,-0.05,-0.0482,-0.048,-0.0018,-0.002,-107,-104,0.0992,0.0964,nan,nan,nan,UNKNOWN,0.2976,0.2976,False,False,False,False,False,horizontal
10.362,-0.05,0.0,-0.05,-0.05,-0.0482,-0.048,-0.0018,-0.002,-107,-104,0.0992,0.0964,nan,nan,nan,UNKNOWN,0.2976,0.2976,False,False,False,False,False,horizontal
10.412,-0.05,0.0,-0.05,-0.05,-0.0512,-0.051,0.0012,0.001,-113,-110,0.1047,0.1019,nan,nan,nan,UNKNOWN,0.2976,0.2976,False,False,False,False,False,horizontal
10.462,-0.05,0.0,-0.05,-0.05,-0.0512,-0.051,0.0012,0.001,-113,-110,0.1047,0.1019,nan,nan,nan,UNKNOWN,0.2976,0.2976,False,False,False,False,False,horizontal
10.512,-0.05,0.0,-0.05,-0.05,-0.0512,-0.051,0.0012,0.001,-119,-115,0.1103,0.1066,nan,nan,nan,UNKNOWN,0.2976,0.2976,False,False,False,False,False,horizontal
10.562,-0.05,0.0,-0.05,-0.05,-0.0455,-0.043,-0.0045,-0.007,-119,-115,0.1103,0.1066,nan,nan,nan,UNKNOWN,0.2976,0.2976,False,False,False,False,False,horizontal
10.612,-0.05,0.0,-0.05,-0.05,-0.0455,-0.043,-0.0045,-0.007,-124,-121,0.1149,0.1121,nan,nan,nan,UNKNOWN,0.2976,0.2976,False,False,False,False,False,horizontal
10.662,-0.05,0.0,-0.05,-0.05,-0.0458,-0.048,-0.0042,-0.002,-124,-121,0.1149,0.1121,nan,nan,nan,UNKNOWN,0.2976,0.2976,False,False,False,False,False,horizontal
10.712,-0.05,0.0,-0.05,-0.05,-0.0458,-0.048,-0.0042,-0.002,-130,-127,0.1205,0.1177,nan,nan,nan,UNKNOWN,0.2976,0.2976,False,False,False,False,False,horizontal
10.762,-0.05,0.0,-0.05,-0.05,-0.0458,-0.048,-0.0042,-0.002,-130,-127,0.1205,0.1177,nan,nan,nan,UNKNOWN,0.2976,0.2976,False,False,False,False,False,horizontal
10.812,-0.05,0.0,-0.05,-0.05,-0.0572,-0.0585,0.0072,0.0085,-136,-133,0.126,0.1233,nan,nan,nan,UNKNOWN,0.2976,0.2976,False,False,False,False,False,horizontal
10.862,-0.05,0.0,-0.05,-0.05,-0.0572,-0.0585,0.0072,0.0085,-136,-133,0.126,0.1233,nan,nan,nan,UNKNOWN,0.2976,0.2976,False,False,False,False,False,horizontal
10.912,-0.05,0.0,-0.05,-0.05,-0.0572,-0.0585,0.0072,0.0085,-142,-139,0.1316,0.1288,nan,nan,nan,UNKNOWN,0.2976,0.2976,False,False,False,False,False,horizontal
10.962,-0.05,0.0,-0.05,-0.05,-0.0491,-0.0499,-0.0009,-0.0001,-142,-139,0.1316,0.1288,nan,nan,nan,UNKNOWN,0.2976,0.2976,False,False,False,False,False,horizontal
11.012,-0.05,0.0,-0.05,-0.05,-0.0491,-0.0499,-0.0009,-0.0001,-146,-144,0.1353,0.1335,nan,nan,nan,UNKNOWN,0.2976,0.2976,False,False,False,False,False,horizontal
11.064,-0.05,0.0,-0.05,-0.05,-0.0443,-0.0485,-0.0057,-0.0015,-146,-144,0.1353,0.1335,nan,nan,nan,UNKNOWN,0.2976,0.2976,False,False,False,False,False,horizontal
11.112,-0.05,0.0,-0.05,-0.05,-0.0443,-0.0485,-0.0057,-0.0015,-152,-149,0.1409,0.1381,nan,nan,nan,UNKNOWN,0.2976,0.2976,False,False,False,False,False,horizontal
11.162,-0.05,0.0,-0.05,-0.05,-0.0488,-0.0476,-0.0012,-0.0024,-152,-149,0.1409,0.1381,nan,nan,nan,UNKNOWN,0.2976,0.2976,False,False,False,False,False,horizontal
11.212,-0.05,0.0,-0.05,-0.05,-0.0488,-0.0476,-0.0012,-0.0024,-157,-154,0.1455,0.1427,nan,nan,nan,UNKNOWN,0.2976,0.2976,False,False,False,False,False,horizontal
11.262,-0.05,0.0,-0.05,-0.05,-0.0488,-0.0476,-0.0012,-0.0024,-157,-154,0.1455,0.1427,nan,nan,nan,UNKNOWN,0.2976,0.2976,False,False,False,False,False,horizontal
11.312,-0.05,0.0,-0.05,-0.05,-0.0565,-0.0558,0.0065,0.0058,-163,-160,0.1511,0.1483,nan,nan,nan,UNKNOWN,0.2976,0.2976,False,False,False,False,False,horizontal
11.362,-0.05,0.0,-0.05,-0.05,-0.0565,-0.0558,0.0065,0.0058,-163,-160,0.1511,0.1483,nan,nan,nan,UNKNOWN,0.2976,0.2976,False,False,False,False,False,horizontal
11.412,-0.05,0.0,-0.05,-0.05,-0.0565,-0.0558,0.0065,0.0058,-168,-165,0.1557,0.1529,nan,nan,nan,UNKNOWN,0.2976,0.2976,False,False,False,False,False,horizontal
11.462,-0.05,0.0,-0.05,-0.05,-0.0462,-0.0458,-0.0038,-0.0042,-168,-165,0.1557,0.1529,nan,nan,nan,UNKNOWN,0.2976,0.2976,False,False,False,False,False,horizontal
11.512,-0.05,0.0,-0.05,-0.05,-0.0462,-0.0458,-0.0038,-0.0042,-173,-170,0.1603,0.1576,nan,nan,nan,UNKNOWN,0.2976,0.2976,False,False,False,False,False,horizontal
11.562,-0.05,0.0,-0.05,-0.05,-0.0462,-0.0458,-0.0038,-0.0042,-173,-170,0.1603,0.1576,nan,nan,nan,UNKNOWN,0.2976,0.2976,False,False,False,False,False,horizontal
11.612,-0.05,0.0,-0.05,-0.05,-0.0525,-0.0522,0.0025,0.0022,-178,-175,0.165,0.1622,nan,nan,nan,UNKNOWN,0.2976,0.2976,False,False,False,False,False,horizontal
11.662,-0.05,0.0,-0.05,-0.05,-0.0525,-0.0522,0.0025,0.0022,-178,-175,0.165,0.1622,nan,nan,nan,UNKNOWN,0.2976,0.2976,False,False,False,False,False,horizontal
11.712,-0.05,0.0,-0.05,-0.05,-0.05,-0.0499,0.0,-0.0001,-183,-180,0.1696,0.1668,nan,nan,nan,UNKNOWN,0.2976,0.2976,False,False,False,False,False,horizontal
11.762,-0.05,0.0,-0.05,-0.05,-0.05,-0.0499,0.0,-0.0001,-183,-180,0.1696,0.1668,nan,nan,nan,UNKNOWN,0.2976,0.2976,False,False,False,False,False,horizontal
11.812,-0.05,0.0,-0.05,-0.05,-0.05,-0.0499,0.0,-0.0001,-188,-185,0.1742,0.1715,nan,nan,nan,UNKNOWN,0.2976,0.2976,False,False,False,False,False,horizontal
11.862,-0.05,0.0,-0.05,-0.05,-0.0424,-0.0423,-0.0076,-0.0077,-188,-185,0.1742,0.1715,nan,nan,nan,UNKNOWN,0.2976,0.2976,False,False,False,False,False,horizontal
11.912,-0.05,0.0,-0.05,-0.05,-0.0424,-0.0423,-0.0076,-0.0077,-193,-191,0.1789,0.177,nan,nan,nan,UNKNOWN,0.2976,0.2976,False,False,False,False,False,horizontal
11.962,-0.05,0.0,-0.05,-0.05,-0.044,-0.0476,-0.006,-0.0024,-193,-191,0.1789,0.177,nan,nan,nan,UNKNOWN,0.2976,0.2976,False,False,False,False,False,horizontal
12.012,-0.05,0.0,-0.05,-0.05,-0.044,-0.0476,-0.006,-0.0024,-199,-196,0.1844,0.1816,nan,nan,nan,UNKNOWN,0.2976,0.2976,False,False,False,False,False,horizontal
12.064,-0.05,0.0,-0.05,-0.05,-0.044,-0.0476,-0.006,-0.0024,-199,-196,0.1844,0.1816,nan,nan,nan,UNKNOWN,0.2976,0.2976,False,False,False,False,False,horizontal
12.112,-0.05,0.0,-0.05,-0.05,-0.0536,-0.0533,0.0036,0.0033,-204,-201,0.1891,0.1863,nan,nan,nan,UNKNOWN,0.2976,0.2976,False,False,False,False,False,horizontal
12.162,-0.05,0.0,-0.05,-0.05,-0.0536,-0.0533,0.0036,0.0033,-204,-201,0.1891,0.1863,nan,nan,nan,UNKNOWN,0.2976,0.2976,False,False,False,False,False,horizontal
12.212,-0.05,0.0,-0.05,-0.05,-0.0507,-0.0542,0.0007,0.0042,-209,-207,0.1937,0.1918,nan,nan,nan,UNKNOWN,0.2976,0.2976,False,False,False,False,False,horizontal
12.262,-0.05,0.0,-0.05,-0.05,-0.0507,-0.0542,0.0007,0.0042,-209,-207,0.1937,0.1918,nan,nan,nan,UNKNOWN,0.2976,0.2976,False,False,False,False,False,horizontal
12.312,-0.05,0.0,-0.05,-0.05,-0.0507,-0.0542,0.0007,0.0042,-215,-211,0.1993,0.1955,nan,nan,nan,UNKNOWN,0.2976,0.2976,False,False,False,False,False,horizontal
12.362,-0.05,0.0,-0.05,-0.05,-0.0452,-0.0424,-0.0048,-0.0076,-215,-211,0.1993,0.1955,nan,nan,nan,UNKNOWN,0.2976,0.2976,False,False,False,False,False,horizontal
12.412,-0.05,0.0,-0.05,-0.05,-0.0452,-0.0424,-0.0048,-0.0076,-220,-216,0.2039,0.2002,nan,nan,nan,UNKNOWN,0.2976,0.2976,False,False,False,False,False,horizontal
12.462,-0.05,0.0,-0.05,-0.05,-0.0457,-0.044,-0.0043,-0.006,-220,-216,0.2039,0.2002,nan,nan,nan,UNKNOWN,0.2976,0.2976,False,False,False,False,False,horizontal
12.512,-0.05,0.0,-0.05,-0.05,-0.0457,-0.044,-0.0043,-0.006,-225,-221,0.2085,0.2048,nan,nan,nan,UNKNOWN,0.2976,0.2976,False,False,False,False,False,horizontal
12.562,-0.05,0.0,-0.05,-0.05,-0.0457,-0.044,-0.0043,-0.006,-225,-221,0.2085,0.2048,nan,nan,nan,UNKNOWN,0.2976,0.2976,False,False,False,False,False,horizontal
12.612,-0.05,0.0,-0.05,-0.05,-0.0546,-0.0536,0.0046,0.0036,-231,-227,0.2141,0.2104,nan,nan,nan,UNKNOWN,0.2976,0.2976,False,False,False,False,False,horizontal
12.662,-0.05,0.0,-0.05,-0.05,-0.0546,-0.0536,0.0046,0.0036,-231,-227,0.2141,0.2104,nan,nan,nan,UNKNOWN,0.2976,0.2976,False,False,False,False,False,horizontal
12.712,-0.05,0.0,-0.05,-0.05,-0.0513,-0.0507,0.0013,0.0007,-236,-232,0.2187,0.215,nan,nan,nan,UNKNOWN,0.2976,0.2976,False,False,False,False,False,horizontal
12.762,-0.05,0.0,-0.05,-0.05,-0.0513,-0.0507,0.0013,0.0007,-236,-232,0.2187,0.215,nan,nan,nan,UNKNOWN,0.2976,0.2976,False,False,False,False,False,horizontal
12.812,-0.05,0.0,-0.05,-0.05,-0.0493,-0.0489,-0.0007,-0.0011,-241,-237,0.2234,0.2196,nan,nan,nan,UNKNOWN,0.2976,0.2976,False,False,False,False,False,horizontal
12.862,-0.05,0.0,-0.05,-0.05,-0.0493,-0.0489,-0.0007,-0.0011,-241,-237,0.2234,0.2196,nan,nan,nan,UNKNOWN,0.2976,0.2976,False,False,False,False,False,horizontal
12.912,-0.05,0.0,-0.05,-0.05,-0.0493,-0.0489,-0.0007,-0.0011,-247,-242,0.2289,0.2243,nan,nan,nan,UNKNOWN,0.2976,0.2976,False,False,False,False,False,horizontal
12.962,-0.05,0.0,-0.05,-0.05,-0.0444,-0.0417,-0.0056,-0.0083,-247,-242,0.2289,0.2243,nan,nan,nan,UNKNOWN,0.2976,0.2976,False,False,False,False,False,horizontal
13.012,-0.05,0.0,-0.05,-0.05,-0.0444,-0.0417,-0.0056,-0.0083,-252,-248,0.2335,0.2298,nan,nan,nan,UNKNOWN,0.2976,0.2976,False,False,False,False,False,horizontal
13.064,-0.05,0.0,-0.05,-0.05,-0.0444,-0.0417,-0.0056,-0.0083,-252,-248,0.2335,0.2298,nan,nan,nan,UNKNOWN,0.2976,0.2976,False,False,False,False,False,horizontal
13.112,-0.05,0.0,-0.05,-0.05,-0.0538,-0.0522,0.0038,0.0022,-258,-253,0.2391,0.2345,nan,nan,nan,UNKNOWN,0.2976,0.2976,False,False,False,False,False,horizontal
13.162,-0.05,0.0,-0.05,-0.05,-0.0538,-0.0522,0.0038,0.0022,-258,-253,0.2391,0.2345,nan,nan,nan,UNKNOWN,0.2976,0.2976,False,False,False,False,False,horizontal
13.212,-0.05,0.0,-0.05,-0.05,-0.0538,-0.0522,0.0038,0.0022,-263,-258,0.2437,0.2391,nan,nan,nan,UNKNOWN,0.2976,0.2976,False,False,False,False,False,horizontal
13.262,-0.05,0.0,-0.05,-0.05,-0.0447,-0.0437,-0.0053,-0.0063,-263,-258,0.2437,0.2391,nan,nan,nan,UNKNOWN,0.2976,0.2976,False,False,False,False,False,horizontal
13.312,-0.05,0.0,-0.05,-0.05,-0.0447,-0.0437,-0.0053,-0.0063,-268,-263,0.2484,0.2437,nan,nan,nan,UNKNOWN,0.2976,0.2976,False,False,False,False,False,horizontal
13.362,-0.05,0.0,-0.05,-0.05,-0.0447,-0.0437,-0.0053,-0.0063,-268,-263,0.2484,0.2437,nan,nan,nan,UNKNOWN,0.2976,0.2976,False,False,False,False,False,horizontal
13.412,-0.05,0.0,-0.05,-0.05,-0.0515,-0.0509,0.0015,0.0009,-273,-268,0.253,0.2484,nan,nan,nan,UNKNOWN,0.2976,0.2976,False,False,False,False,False,horizontal
13.462,-0.05,0.0,-0.05,-0.05,-0.0515,-0.0509,0.0015,0.0009,-273,-268,0.253,0.2484,nan,nan,nan,UNKNOWN,0.2976,0.2976,False,False,False,False,False,horizontal
13.512,-0.05,0.0,-0.05,-0.05,-0.0531,-0.0491,0.0031,-0.0009,-279,-273,0.2586,0.253,nan,nan,nan,UNKNOWN,0.2976,0.2976,False,False,False,False,False,horizontal
13.562,-0.05,0.0,-0.05,-0.05,-0.0531,-0.0491,0.0031,-0.0009,-279,-273,0.2586,0.253,nan,nan,nan,UNKNOWN,0.2976,0.2976,False,False,False,False,False,horizontal
13.613,-0.05,0.0,-0.05,-0.05,-0.0504,-0.0479,0.0004,-0.0021,-284,-278,0.2632,0.2576,nan,nan,nan,UNKNOWN,0.2976,0.2976,False,False,False,False,False,horizontal
13.662,-0.05,0.0,-0.05,-0.05,-0.0504,-0.0479,0.0004,-0.0021,-284,-278,0.2632,0.2576,nan,nan,nan,UNKNOWN,0.2976,0.2976,False,False,False,False,False,horizontal
13.713,-0.05,0.0,-0.05,-0.05,-0.0504,-0.0479,0.0004,-0.0021,-289,-283,0.2678,0.2623,nan,nan,nan,UNKNOWN,0.2976,0.2976,False,False,False,False,False,horizontal
13.762,-0.05,0.0,-0.05,-0.05,-0.0426,-0.0411,-0.0074,-0.0089,-289,-283,0.2678,0.2623,nan,nan,nan,UNKNOWN,0.2976,0.2976,False,False,False,False,False,horizontal
13.813,-0.05,0.0,-0.05,-0.05,-0.0426,-0.0411,-0.0074,-0.0089,-294,-288,0.2725,0.2669,nan,nan,nan,UNKNOWN,0.2976,0.2976,False,False,False,False,False,horizontal
13.862,-0.05,0.0,-0.05,-0.05,-0.0426,-0.0411,-0.0074,-0.0089,-294,-288,0.2725,0.2669,nan,nan,nan,UNKNOWN,0.2976,0.2976,False,False,False,False,False,horizontal
13.913,-0.05,0.0,-0.05,-0.05,-0.0527,-0.0518,0.0027,0.0018,-300,-294,0.278,0.2725,nan,nan,nan,UNKNOWN,0.2976,0.2976,False,False,False,False,False,horizontal
13.962,-0.05,0.0,-0.05,-0.05,-0.0527,-0.0518,0.0027,0.0018,-300,-294,0.278,0.2725,nan,nan,nan,UNKNOWN,0.2976,0.2976,False,False,False,False,False,horizontal
14.013,-0.05,0.0,-0.05,-0.05,-0.0527,-0.0518,0.0027,0.0018,-305,-298,0.2827,0.2762,nan,nan,nan,UNKNOWN,0.2976,0.2976,False,False,False,False,False,horizontal
14.064,-0.05,0.0,-0.05,-0.05,-0.044,-0.041,-0.006,-0.009,-305,-298,0.2827,0.2762,nan,nan,nan,UNKNOWN,0.2976,0.2976,False,False,False,False,False,horizontal
14.113,-0.05,0.0,-0.05,-0.05,-0.044,-0.041,-0.006,-0.009,-309,-302,0.2864,0.2799,nan,nan,nan,UNKNOWN,0.2976,0.2976,False,False,False,False,False,horizontal
14.162,-0.05,0.0,-0.05,-0.05,-0.044,-0.041,-0.006,-0.009,-309,-302,0.2864,0.2799,nan,nan,nan,UNKNOWN,0.2976,0.2976,False,False,False,False,False,horizontal
14.213,-0.05,0.0,-0.05,-0.05,-0.0486,-0.0493,-0.0014,-0.0007,-314,-308,0.291,0.2854,nan,nan,nan,UNKNOWN,0.2976,0.2976,False,False,False,False,False,horizontal
14.262,-0.05,0.0,-0.05,-0.05,-0.0486,-0.0493,-0.0014,-0.0007,-314,-308,0.291,0.2854,nan,nan,nan,UNKNOWN,0.2976,0.2976,False,False,False,False,False,horizontal
14.313,-0.05,0.0,-0.05,-0.05,-0.0514,-0.0481,0.0014,-0.0019,-320,-313,0.2966,0.2901,nan,nan,nan,UNKNOWN,0.2976,0.2976,False,False,False,False,False,horizontal
14.362,-0.05,0.0,-0.05,-0.05,-0.0514,-0.0481,0.0014,-0.0019,-320,-313,0.2966,0.2901,nan,nan,nan,UNKNOWN,0.2976,0.2976,False,False,False,False,False,horizontal
14.413,-0.05,0.0,-0.05,-0.05,-0.0514,-0.0481,0.0014,-0.0019,-325,-318,0.3012,0.2947,nan,nan,nan,UNKNOWN,0.2976,0.2976,False,False,False,False,False,horizontal
14.462,-0.05,0.0,-0.05,-0.05,-0.0432,-0.0412,-0.0068,-0.0088,-325,-318,0.3012,0.2947,nan,nan,nan,UNKNOWN,0.2976,0.2976,False,False,False,False,False,horizontal
14.513,-0.05,0.0,-0.05,-0.05,-0.0432,-0.0412,-0.0068,-0.0088,-330,-323,0.3058,0.2993,nan,nan,nan,UNKNOWN,0.2976,0.2976,False,False,False,False,False,horizontal
14.562,-0.05,0.0,-0.05,-0.05,-0.0445,-0.0433,-0.0055,-0.0067,-330,-323,0.3058,0.2993,nan,nan,nan,UNKNOWN,0.2976,0.2976,False,False,False,False,False,horizontal
14.613,-0.05,0.0,-0.05,-0.05,-0.0445,-0.0433,-0.0055,-0.0067,-336,-329,0.3114,0.3049,nan,nan,nan,UNKNOWN,0.2976,0.2976,False,False,False,False,False,horizontal
14.662,-0.05,0.0,-0.05,-0.05,-0.0445,-0.0433,-0.0055,-0.0067,-336,-329,0.3114,0.3049,nan,nan,nan,UNKNOWN,0.2976,0.2976,False,False,False,False,False,horizontal
14.713,-0.05,0.0,-0.05,-0.05,-0.0563,-0.0556,0.0063,0.0056,-342,-335,0.317,0.3105,nan,nan,nan,UNKNOWN,0.2976,0.2976,False,False,False,False,False,horizontal
14.762,-0.05,0.0,-0.05,-0.05,-0.0563,-0.0556,0.0063,0.0056,-342,-335,0.317,0.3105,nan,nan,nan,UNKNOWN,0.2976,0.2976,False,False,False,False,False,horizontal
14.813,-0.05,0.0,-0.05,-0.05,-0.0563,-0.0556,0.0063,0.0056,-347,-340,0.3216,0.3151,nan,nan,nan,UNKNOWN,0.2976,0.2976,False,False,False,False,False,horizontal
14.862,-0.05,0.0,-0.05,-0.05,-0.0462,-0.0457,-0.0038,-0.0043,-347,-340,0.3216,0.3151,nan,nan,nan,UNKNOWN,0.2976,0.2976,False,False,False,False,False,horizontal
14.913,-0.05,0.0,-0.05,-0.05,-0.0462,-0.0457,-0.0038,-0.0043,-352,-345,0.3262,0.3197,nan,nan,nan,UNKNOWN,0.2976,0.2976,False,False,False,False,False,horizontal
14.962,-0.05,0.0,-0.05,-0.05,-0.0462,-0.0457,-0.0038,-0.0043,-352,-345,0.3262,0.3197,nan,nan,nan,UNKNOWN,0.2976,0.2976,False,False,False,False,False,horizontal
15.013,-0.05,0.0,-0.05,-0.05,-0.0524,-0.0521,0.0024,0.0021,-357,-350,0.3309,0.3244,nan,nan,nan,UNKNOWN,0.2976,0.2976,False,False,False,False,False,horizontal
15.064,-0.05,0.0,-0.05,-0.05,-0.0524,-0.0521,0.0024,0.0021,-357,-350,0.3309,0.3244,nan,nan,nan,UNKNOWN,0.2976,0.2976,False,False,False,False,False,horizontal
15.113,-0.05,0.0,-0.05,-0.05,-0.05,-0.0535,-0.0,0.0035,-362,-356,0.3355,0.3299,nan,nan,nan,UNKNOWN,0.2976,0.2976,False,False,False,False,False,horizontal
15.162,-0.05,0.0,-0.05,-0.05,-0.05,-0.0535,-0.0,0.0035,-362,-356,0.3355,0.3299,nan,nan,nan,UNKNOWN,0.2976,0.2976,False,False,False,False,False,horizontal
15.213,-0.05,0.0,-0.05,-0.05,-0.0485,-0.0506,-0.0015,0.0006,-367,-361,0.3401,0.3346,nan,nan,nan,UNKNOWN,0.2976,0.2976,False,False,False,False,False,horizontal
15.262,-0.05,0.0,-0.05,-0.05,-0.0485,-0.0506,-0.0015,0.0006,-367,-361,0.3401,0.3346,nan,nan,nan,UNKNOWN,0.2976,0.2976,False,False,False,False,False,horizontal
15.313,-0.05,0.0,-0.05,-0.05,-0.0513,-0.0489,0.0013,-0.0011,-373,-366,0.3457,0.3392,nan,nan,nan,UNKNOWN,0.2976,0.2976,False,False,False,False,False,horizontal
15.362,-0.05,0.0,-0.05,-0.05,-0.0513,-0.0489,0.0013,-0.0011,-373,-366,0.3457,0.3392,nan,nan,nan,UNKNOWN,0.2976,0.2976,False,False,False,False,False,horizontal
15.413,-0.05,0.0,-0.05,-0.05,-0.0513,-0.0489,0.0013,-0.0011,-378,-372,0.3503,0.3448,nan,nan,nan,UNKNOWN,0.2976,0.2976,False,False,False,False,False,horizontal
15.462,-0.05,0.0,-0.05,-0.05,-0.0432,-0.0442,-0.0068,-0.0058,-378,-372,0.3503,0.3448,nan,nan,nan,UNKNOWN,0.2976,0.2976,False,False,False,False,False,horizontal
15.513,-0.05,0.0,-0.05,-0.05,-0.0432,-0.0442,-0.0068,-0.0058,-384,-377,0.3559,0.3494,nan,nan,nan,UNKNOWN,0.2976,0.2976,False,False,False,False,False,horizontal
15.562,-0.05,0.0,-0.05,-0.05,-0.0482,-0.0451,-0.0018,-0.0049,-384,-377,0.3559,0.3494,nan,nan,nan,UNKNOWN,0.2976,0.2976,False,False,False,False,False,horizontal
15.613,-0.05,0.0,-0.05,-0.05,-0.0482,-0.0451,-0.0018,-0.0049,-390,-384,0.3614,0.3559,nan,nan,nan,UNKNOWN,0.2976,0.2976,False,False,False,False,False,horizontal
15.662,-0.05,0.0,-0.05,-0.05,-0.0511,-0.053,0.0011,0.003,-390,-384,0.3614,0.3559,nan,nan,nan,UNKNOWN,0.2976,0.2976,False,False,False,False,False,horizontal
15.713,-0.05,0.0,-0.05,-0.05,-0.0511,-0.053,0.0011,0.003,-396,-389,0.367,0.3605,nan,nan,nan,UNKNOWN,0.2976,0.2976,False,False,False,False,False,horizontal
15.762,-0.05,0.0,-0.05,-0.05,-0.0511,-0.053,0.0011,0.003,-396,-389,0.367,0.3605,nan,nan,nan,UNKNOWN,0.2976,0.2976,False,False,False,False,False,horizontal
15.813,-0.05,0.0,-0.05,-0.05,-0.0578,-0.0565,0.0078,0.0065,-401,-394,0.3716,0.3651,nan,nan,nan,UNKNOWN,0.2976,0.2976,False,False,False,False,False,horizontal
15.862,-0.05,0.0,-0.05,-0.05,-0.0578,-0.0565,0.0078,0.0065,-401,-394,0.3716,0.3651,nan,nan,nan,UNKNOWN,0.2976,0.2976,False,False,False,False,False,horizontal
15.913,-0.05,0.0,-0.05,-0.05,-0.0532,-0.0524,0.0032,0.0024,-406,-399,0.3763,0.3698,nan,nan,nan,UNKNOWN,0.2976,0.2976,False,False,False,False,False,horizontal
15.962,-0.05,0.0,-0.05,-0.05,-0.0532,-0.0524,0.0032,0.0024,-406,-399,0.3763,0.3698,nan,nan,nan,UNKNOWN,0.2976,0.2976,False,False,False,False,False,horizontal
16.013,-0.05,0.0,-0.05,-0.05,-0.0532,-0.0524,0.0032,0.0024,-411,-404,0.3809,0.3744,nan,nan,nan,UNKNOWN,0.2976,0.2976,False,False,False,False,False,horizontal
16.064,-0.05,0.0,-0.05,-0.05,-0.0443,-0.0438,-0.0057,-0.0062,-411,-404,0.3809,0.3744,nan,nan,nan,UNKNOWN,0.2976,0.2976,False,False,False,False,False,horizontal
16.113,-0.05,0.0,-0.05,-0.05,-0.0443,-0.0438,-0.0057,-0.0062,-416,-409,0.3855,0.379,nan,nan,nan,UNKNOWN,0.2976,0.2976,False,False,False,False,False,horizontal
16.162,-0.05,0.0,-0.05,-0.05,-0.0451,-0.0448,-0.0049,-0.0052,-416,-409,0.3855,0.379,nan,nan,nan,UNKNOWN,0.2976,0.2976,False,False,False,False,False,horizontal
16.213,-0.05,0.0,-0.05,-0.05,-0.0451,-0.0448,-0.0049,-0.0052,-422,-414,0.3911,0.3837,nan,nan,nan,UNKNOWN,0.2976,0.2976,False,False,False,False,False,horizontal
16.262,-0.05,0.0,-0.05,-0.05,-0.0451,-0.0448,-0.0049,-0.0052,-422,-414,0.3911,0.3837,nan,nan,nan,UNKNOWN,0.2976,0.2976,False,False,False,False,False,horizontal
16.312,-0.05,0.0,-0.05,-0.05,-0.0419,-0.0393,-0.0081,-0.0107,-422,-414,0.3911,0.3837,nan,nan,nan,UNKNOWN,0.2976,0.2976,False,False,False,False,False,horizontal
16.362,-0.05,0.0,-0.05,-0.05,-0.0419,-0.0393,-0.0081,-0.0107,-427,-420,0.3957,0.3892,nan,nan,nan,UNKNOWN,0.2976,0.2976,False,False,False,False,False,horizontal
16.412,-0.05,0.0,-0.05,-0.05,-0.0419,-0.0393,-0.0081,-0.0107,-427,-420,0.3957,0.3892,nan,nan,nan,UNKNOWN,0.2976,0.2976,False,False,False,False,False,horizontal
16.462,-0.05,0.0,-0.05,-0.05,-0.0523,-0.0507,0.0023,0.0007,-433,-425,0.4013,0.3939,nan,nan,nan,UNKNOWN,0.2976,0.2976,False,False,False,False,False,horizontal
16.512,-0.05,0.0,-0.05,-0.05,-0.0523,-0.0507,0.0023,0.0007,-433,-425,0.4013,0.3939,nan,nan,nan,UNKNOWN,0.2976,0.2976,False,False,False,False,False,horizontal
16.562,-0.05,0.0,-0.05,-0.05,-0.0499,-0.0507,-0.0001,0.0007,-438,-431,0.4059,0.3994,nan,nan,nan,UNKNOWN,0.2976,0.2976,False,False,False,False,False,horizontal
16.612,-0.05,0.0,-0.05,-0.05,-0.0499,-0.0453,-0.0001,-0.0047,-438,-431,0.4059,0.3994,nan,nan,nan,UNKNOWN,0.2976,0.2976,False,False,False,False,False,horizontal
16.662,-0.05,0.0,-0.05,-0.05,-0.0522,-0.0453,0.0022,-0.0047,-444,-436,0.4115,0.4041,nan,nan,nan,UNKNOWN,0.2976,0.2976,False,False,False,False,False,horizontal
16.712,-0.05,0.0,-0.05,-0.05,-0.0522,-0.0457,0.0022,-0.0043,-444,-436,0.4115,0.4041,nan,nan,nan,UNKNOWN,0.2976,0.2976,False,False,False,False,False,horizontal
16.762,-0.05,0.0,-0.05,-0.05,-0.0499,-0.0457,-0.0001,-0.0043,-449,-441,0.4161,0.4087,nan,nan,nan,UNKNOWN,0.2976,0.2976,False,False,False,False,False,horizontal
16.812,-0.05,0.0,-0.05,-0.05,-0.0499,-0.046,-0.0001,-0.004,-449,-441,0.4161,0.4087,nan,nan,nan,UNKNOWN,0.2976,0.2976,False,False,False,False,False,horizontal
16.862,-0.05,0.0,-0.05,-0.05,-0.0499,-0.046,-0.0001,-0.004,-454,-446,0.4208,0.4133,nan,nan,nan,UNKNOWN,0.2976,0.2976,False,False,False,False,False,horizontal
16.912,-0.05,0.0,-0.05,-0.05,-0.0423,-0.0461,-0.0077,-0.0039,-454,-446,0.4208,0.4133,nan,nan,nan,UNKNOWN,0.2976,0.2976,False,False,False,False,False,horizontal
16.962,-0.05,0.0,-0.05,-0.05,-0.0423,-0.0461,-0.0077,-0.0039,-460,-452,0.4263,0.4189,nan,nan,nan,UNKNOWN,0.2976,0.2976,False,False,False,False,False,horizontal
17.012,-0.05,0.0,-0.05,-0.05,-0.0423,-0.0461,-0.0077,-0.0039,-460,-452,0.4263,0.4189,nan,nan,nan,UNKNOWN,0.2976,0.2976,False,False,False,False,False,horizontal
17.064,-0.05,0.0,-0.05,-0.05,-0.055,-0.0573,0.005,0.0073,-466,-458,0.4319,0.4245,nan,nan,nan,UNKNOWN,0.2976,0.2976,False,False,False,False,False,horizontal
17.112,-0.05,0.0,-0.05,-0.05,-0.055,-0.0573,0.005,0.0073,-466,-458,0.4319,0.4245,nan,nan,nan,UNKNOWN,0.2976,0.2976,False,False,False,False,False,horizontal
17.162,-0.05,0.0,-0.05,-0.05,-0.0515,-0.0529,0.0015,0.0029,-471,-463,0.4365,0.4291,nan,nan,nan,UNKNOWN,0.2976,0.2976,False,False,False,False,False,horizontal
17.212,-0.05,0.0,-0.05,-0.05,-0.0515,-0.0529,0.0015,0.0029,-471,-463,0.4365,0.4291,nan,nan,nan,UNKNOWN,0.2976,0.2976,False,False,False,False,False,horizontal
17.262,-0.05,0.0,-0.05,-0.05,-0.0515,-0.0529,0.0015,0.0029,-476,-468,0.4411,0.4337,nan,nan,nan,UNKNOWN,0.2976,0.2976,False,False,False,False,False,horizontal
17.312,-0.05,0.0,-0.05,-0.05,-0.0433,-0.0441,-0.0067,-0.0059,-476,-468,0.4411,0.4337,nan,nan,nan,UNKNOWN,0.2976,0.2976,False,False,False,False,False,horizontal
17.362,-0.05,0.0,-0.05,-0.05,-0.0433,-0.0441,-0.0067,-0.0059,-481,-473,0.4458,0.4384,nan,nan,nan,UNKNOWN,0.2976,0.2976,False,False,False,False,False,horizontal
17.412,-0.05,0.0,-0.05,-0.05,-0.0433,-0.0441,-0.0067,-0.0059,-481,-473,0.4458,0.4384,nan,nan,nan,UNKNOWN,0.2976,0.2976,False,False,False,False,False,horizontal
17.462,-0.05,0.0,-0.05,-0.05,-0.0532,-0.0512,0.0032,0.0012,-487,-478,0.4513,0.443,nan,nan,nan,UNKNOWN,0.2976,0.2976,False,False,False,False,False,horizontal
17.512,-0.05,0.0,-0.05,-0.05,-0.0532,-0.0512,0.0032,0.0012,-487,-478,0.4513,0.443,nan,nan,nan,UNKNOWN,0.2976,0.2976,False,False,False,False,False,horizontal
17.562,-0.05,0.0,-0.05,-0.05,-0.0504,-0.053,0.0004,0.003,-492,-484,0.456,0.4486,nan,nan,nan,UNKNOWN,0.2976,0.2976,False,False,False,False,False,horizontal
17.612,-0.05,0.0,-0.05,-0.05,-0.0504,-0.053,0.0004,0.003,-492,-484,0.456,0.4486,nan,nan,nan,UNKNOWN,0.2976,0.2976,False,False,False,False,False,horizontal
17.662,-0.05,0.0,-0.05,-0.05,-0.0488,-0.0466,-0.0012,-0.0034,-497,-488,0.4606,0.4523,nan,nan,nan,UNKNOWN,0.2976,0.2976,False,False,False,False,False,horizontal
17.712,-0.05,0.0,-0.05,-0.05,-0.0488,-0.0466,-0.0012,-0.0034,-497,-488,0.4606,0.4523,nan,nan,nan,UNKNOWN,0.2976,0.2976,False,False,False,False,False,horizontal
17.762,-0.05,0.0,-0.05,-0.05,-0.0478,-0.0502,-0.0022,0.0002,-502,-494,0.4652,0.4578,nan,nan,nan,UNKNOWN,0.2976,0.2976,False,False,False,False,False,horizontal
17.812,-0.05,0.0,-0.05,-0.05,-0.0478,-0.0502,-0.0022,0.0002,-502,-494,0.4652,0.4578,nan,nan,nan,UNKNOWN,0.2976,0.2976,False,False,False,False,False,horizontal
17.862,-0.05,0.0,-0.05,-0.05,-0.0478,-0.0502,-0.0022,0.0002,-507,-499,0.4699,0.4625,nan,nan,nan,UNKNOWN,0.2976,0.2976,False,False,False,False,False,horizontal
17.912,-0.05,0.0,-0.05,-0.05,-0.041,-0.0425,-0.009,-0.0075,-507,-499,0.4699,0.4625,nan,nan,nan,UNKNOWN,0.2976,0.2976,False,False,False,False,False,horizontal
17.962,-0.05,0.0,-0.05,-0.05,-0.041,-0.0425,-0.009,-0.0075,-513,-504,0.4754,0.4671,nan,nan,nan,UNKNOWN,0.2976,0.2976,False,False,False,False,False,horizontal
18.012,-0.05,0.0,-0.05,-0.05,-0.0469,-0.044,-0.0031,-0.006,-513,-504,0.4754,0.4671,nan,nan,nan,UNKNOWN,0.2976,0.2976,False,False,False,False,False,horizontal
18.064,-0.05,0.0,-0.05,-0.05,-0.0469,-0.044,-0.0031,-0.006,-518,-510,0.4801,0.4727,nan,nan,nan,UNKNOWN,0.2976,0.2976,False,False,False,False,False,horizontal
18.112,-0.05,0.0,-0.05,-0.05,-0.0467,-0.0487,-0.0033,-0.0013,-518,-510,0.4801,0.4727,nan,nan,nan,UNKNOWN,0.2976,0.2976,False,False,False,False,False,horizontal
18.162,-0.05,0.0,0.0,0.0,-0.0467,-0.0487,0.0467,0.0487,-524,-515,0.4856,0.4773,nan,nan,nan,UNKNOWN,0.0,0.0,False,False,False,False,False,horizontal
18.212,-0.05,0.0,0.0,0.0,-0.0502,-0.0477,0.0502,0.0477,-524,-515,0.4856,0.4773,nan,nan,nan,UNKNOWN,0.0,0.0,False,False,False,False,False,horizontal
18.262,-0.05,0.0,0.0,0.0,-0.0502,-0.0477,0.0502,0.0477,-528,-518,0.4893,0.4801,nan,nan,nan,UNKNOWN,0.0,0.0,False,False,False,False,False,horizontal
18.312,-0.05,0.0,0.0,0.0,-0.045,-0.0398,0.045,0.0398,-528,-518,0.4893,0.4801,nan,nan,nan,UNKNOWN,0.0,0.0,False,False,False,False,False,horizontal
18.362,-0.05,0.0,0.0,0.0,-0.045,-0.0398,0.045,0.0398,-528,-518,0.4893,0.4801,nan,nan,nan,UNKNOWN,0.0,0.0,False,False,False,False,False,horizontal
18.412,-0.05,0.0,0.0,0.0,-0.045,-0.0398,0.045,0.0398,-528,-518,0.4893,0.4801,nan,nan,nan,UNKNOWN,0.0,0.0,False,False,False,False,False,horizontal
18.462,-0.05,0.0,0.0,0.0,-0.036,-0.0318,0.036,0.0318,-528,-518,0.4893,0.4801,nan,nan,nan,UNKNOWN,0.0,0.0,False,False,False,False,False,horizontal
18.512,-0.05,0.0,0.0,0.0,-0.036,-0.0318,0.036,0.0318,-528,-518,0.4893,0.4801,nan,nan,nan,UNKNOWN,0.0,0.0,False,False,False,False,False,horizontal
18.562,-0.05,0.0,0.0,0.0,-0.0288,-0.0254,0.0288,0.0254,-528,-518,0.4893,0.4801,nan,nan,nan,UNKNOWN,0.0,0.0,False,False,False,False,False,horizontal
18.612,-0.05,0.0,0.0,0.0,-0.0288,-0.0254,0.0288,0.0254,-528,-518,0.4893,0.4801,nan,nan,nan,UNKNOWN,0.0,0.0,False,False,False,False,False,horizontal
18.662,-0.05,0.0,0.0,0.0,-0.023,-0.0204,0.023,0.0204,-528,-518,0.4893,0.4801,nan,nan,nan,UNKNOWN,0.0,0.0,False,False,False,False,False,horizontal
18.712,-0.05,0.0,0.0,0.0,-0.023,-0.0204,0.023,0.0204,-528,-518,0.4893,0.4801,nan,nan,nan,UNKNOWN,0.0,0.0,False,False,False,False,False,horizontal
18.762,-0.05,0.0,0.0,0.0,-0.0184,-0.0163,0.0184,0.0163,-528,-518,0.4893,0.4801,nan,nan,nan,UNKNOWN,0.0,0.0,False,False,False,False,False,horizontal
18.812,-0.05,0.0,0.0,0.0,-0.0184,-0.0163,0.0184,0.0163,-528,-518,0.4893,0.4801,nan,nan,nan,UNKNOWN,0.0,0.0,False,False,False,False,False,horizontal
18.862,-0.05,0.0,0.0,0.0,-0.0184,-0.0163,0.0184,0.0163,-528,-518,0.4893,0.4801,nan,nan,nan,UNKNOWN,0.0,0.0,False,False,False,False,False,horizontal
18.912,-0.05,0.0,0.0,0.0,-0.0147,-0.013,0.0147,0.013,-528,-518,0.4893,0.4801,nan,nan,nan,UNKNOWN,0.0,0.0,False,False,False,False,False,horizontal
18.962,-0.05,0.0,0.0,0.0,-0.0147,-0.013,0.0147,0.013,-528,-518,0.4893,0.4801,nan,nan,nan,UNKNOWN,0.0,0.0,False,False,False,False,False,horizontal
19.012,-0.05,0.0,0.0,0.0,-0.0147,-0.013,0.0147,0.013,-528,-518,0.4893,0.4801,nan,nan,nan,UNKNOWN,0.0,0.0,False,False,False,False,False,horizontal
19.064,-0.05,0.0,0.0,0.0,-0.0118,-0.0104,0.0118,0.0104,-528,-518,0.4893,0.4801,nan,nan,nan,UNKNOWN,0.0,0.0,False,False,False,False,False,horizontal
19.112,-0.05,0.0,0.0,0.0,-0.0118,-0.0104,0.0118,0.0104,-528,-518,0.4893,0.4801,nan,nan,nan,UNKNOWN,0.0,0.0,False,False,False,False,False,horizontal
19.162,-0.05,0.0,0.0,0.0,-0.0094,-0.0083,0.0094,0.0083,-528,-518,0.4893,0.4801,nan,nan,nan,UNKNOWN,0.0,0.0,False,False,False,False,False,horizontal
19.212,-0.05,0.0,0.0,0.0,-0.0094,-0.0083,0.0094,0.0083,-528,-518,0.4893,0.4801,nan,nan,nan,UNKNOWN,0.0,0.0,False,False,False,False,False,horizontal
19.262,-0.05,0.0,0.0,0.0,-0.0075,-0.0067,0.0075,0.0067,-528,-518,0.4893,0.4801,nan,nan,nan,UNKNOWN,0.0,0.0,False,False,False,False,False,horizontal
19.312,-0.05,0.0,0.0,0.0,-0.0075,-0.0067,0.0075,0.0067,-528,-518,0.4893,0.4801,nan,nan,nan,UNKNOWN,0.0,0.0,False,False,False,False,False,horizontal
19.362,-0.05,0.0,0.0,0.0,-0.0075,-0.0067,0.0075,0.0067,-528,-518,0.4893,0.4801,nan,nan,nan,UNKNOWN,0.0,0.0,False,False,False,False,False,horizontal
19.412,-0.05,0.0,0.0,0.0,-0.006,-0.0053,0.006,0.0053,-528,-518,0.4893,0.4801,nan,nan,nan,UNKNOWN,0.0,0.0,False,False,False,False,False,horizontal
19.462,-0.05,0.0,0.0,0.0,-0.006,-0.0053,0.006,0.0053,-528,-518,0.4893,0.4801,nan,nan,nan,UNKNOWN,0.0,0.0,False,False,False,False,False,horizontal
19.512,-0.05,0.0,0.0,0.0,-0.006,-0.0053,0.006,0.0053,-528,-518,0.4893,0.4801,nan,nan,nan,UNKNOWN,0.0,0.0,False,False,False,False,False,horizontal
19.562,-0.05,0.0,0.0,0.0,-0.0048,-0.0043,0.0048,0.0043,-528,-518,0.4893,0.4801,nan,nan,nan,UNKNOWN,0.0,0.0,False,False,False,False,False,horizontal
19.612,-0.05,0.0,0.0,0.0,-0.0048,-0.0043,0.0048,0.0043,-528,-518,0.4893,0.4801,nan,nan,nan,UNKNOWN,0.0,0.0,False,False,False,False,False,horizontal
19.662,-0.05,0.0,0.0,0.0,-0.0048,-0.0043,0.0048,0.0043,-528,-518,0.4893,0.4801,nan,nan,nan,UNKNOWN,0.0,0.0,False,False,False,False,False,horizontal
19.712,-0.05,0.0,0.0,0.0,-0.0039,-0.0034,0.0039,0.0034,-528,-518,0.4893,0.4801,nan,nan,nan,UNKNOWN,0.0,0.0,False,False,False,False,False,horizontal
19.762,-0.05,0.0,0.0,0.0,-0.0039,-0.0034,0.0039,0.0034,-528,-518,0.4893,0.4801,nan,nan,nan,UNKNOWN,0.0,0.0,False,False,False,False,False,horizontal
19.812,-0.05,0.0,0.0,0.0,-0.0039,-0.0034,0.0039,0.0034,-528,-518,0.4893,0.4801,nan,nan,nan,UNKNOWN,0.0,0.0,False,False,False,False,False,horizontal
19.862,-0.05,0.0,0.0,0.0,-0.0031,-0.0027,0.0031,0.0027,-528,-518,0.4893,0.4801,nan,nan,nan,UNKNOWN,0.0,0.0,False,False,False,False,False,horizontal
19.912,-0.05,0.0,0.0,0.0,-0.0031,-0.0027,0.0031,0.0027,-528,-518,0.4893,0.4801,nan,nan,nan,UNKNOWN,0.0,0.0,False,False,False,False,False,horizontal
19.962,-0.05,0.0,0.0,0.0,-0.0025,-0.0022,0.0025,0.0022,-528,-518,0.4893,0.4801,nan,nan,nan,UNKNOWN,0.0,0.0,False,False,False,False,False,horizontal
20.012,-0.05,0.0,0.0,0.0,-0.0025,-0.0022,0.0025,0.0022,-528,-518,0.4893,0.4801,nan,nan,nan,UNKNOWN,0.0,0.0,False,False,False,False,False,horizontal
20.064,-0.05,0.0,0.0,0.0,-0.0025,-0.0022,0.0025,0.0022,-528,-518,0.4893,0.4801,nan,nan,nan,UNKNOWN,0.0,0.0,False,False,False,False,False,horizontal
20.112,-0.05,0.0,0.0,0.0,-0.002,-0.0017,0.002,0.0017,-528,-518,0.4893,0.4801,nan,nan,nan,UNKNOWN,0.0,0.0,False,False,False,False,False,horizontal
20.162,-0.05,0.0,0.0,0.0,-0.002,-0.0017,0.002,0.0017,-528,-518,0.4893,0.4801,nan,nan,nan,UNKNOWN,0.0,0.0,False,False,False,False,False,horizontal
20.212,-0.05,0.0,0.0,0.0,-0.0016,-0.0014,0.0016,0.0014,-528,-518,0.4893,0.4801,nan,nan,nan,UNKNOWN,0.0,0.0,False,False,False,False,False,horizontal
20.262,-0.05,0.0,0.0,0.0,-0.0016,-0.0014,0.0016,0.0014,-528,-518,0.4893,0.4801,nan,nan,nan,UNKNOWN,0.0,0.0,False,False,False,False,False,horizontal
20.312,-0.05,0.0,0.0,0.0,-0.0013,-0.0011,0.0013,0.0011,-528,-518,0.4893,0.4801,nan,nan,nan,UNKNOWN,0.0,0.0,False,False,False,False,False,horizontal
20.362,-0.05,0.0,0.0,0.0,-0.0013,-0.0011,0.0013,0.0011,-528,-518,0.4893,0.4801,nan,nan,nan,UNKNOWN,0.0,0.0,False,False,False,False,False,horizontal
20.412,-0.05,0.0,0.0,0.0,-0.0013,-0.0011,0.0013,0.0011,-528,-518,0.4893,0.4801,nan,nan,nan,UNKNOWN,0.0,0.0,False,False,False,False,False,horizontal
20.462,-0.05,0.0,0.0,0.0,-0.001,0.0,0.001,0.0,-528,-518,0.4893,0.4801,nan,nan,nan,UNKNOWN,0.0,0.0,False,False,False,False,False,horizontal
20.512,-0.05,0.0,0.0,0.0,-0.001,0.0,0.001,0.0,-528,-518,0.4893,0.4801,nan,nan,nan,UNKNOWN,0.0,0.0,False,False,False,False,False,horizontal
20.562,-0.05,0.0,0.0,0.0,0.0,0.0,0.0,0.0,-528,-518,0.4893,0.4801,nan,nan,nan,UNKNOWN,0.0,0.0,False,False,False,False,False,horizontal
20.612,-0.05,0.0,0.0,0.0,0.0,0.0,0.0,0.0,-528,-518,0.4893,0.4801,nan,nan,nan,UNKNOWN,0.0,0.0,False,False,False,False,False,horizontal
20.662,-0.05,0.0,0.0,0.0,0.0,0.0,0.0,0.0,-528,-518,0.4893,0.4801,nan,nan,nan,UNKNOWN,0.0,0.0,False,False,False,False,False,horizontal
20.712,-0.05,0.0,0.0,0.0,0.0,0.0,0.0,0.0,-528,-518,0.4893,0.4801,nan,nan,nan,UNKNOWN,0.0,0.0,False,False,False,False,False,horizontal
20.762,-0.05,0.0,0.0,0.0,0.0,0.0,0.0,0.0,-528,-518,0.4893,0.4801,nan,nan,nan,UNKNOWN,0.0,0.0,False,False,False,False,False,horizontal
20.812,-0.05,0.0,0.0,0.0,0.0,0.0,0.0,0.0,-528,-518,0.4893,0.4801,nan,nan,nan,UNKNOWN,0.0,0.0,False,False,False,False,False,horizontal
20.862,-0.05,0.0,0.0,0.0,0.0,0.0,0.0,0.0,-528,-518,0.4893,0.4801,nan,nan,nan,UNKNOWN,0.0,0.0,False,False,False,False,False,horizontal
20.912,-0.05,0.0,0.0,0.0,0.0,0.0,0.0,0.0,-528,-518,0.4893,0.4801,nan,nan,nan,UNKNOWN,0.0,0.0,False,False,False,False,False,horizontal
20.962,-0.05,0.0,0.0,0.0,0.0,0.0,0.0,0.0,-528,-518,0.4893,0.4801,nan,nan,nan,UNKNOWN,0.0,0.0,False,False,False,False,False,horizontal
21.012,-0.05,0.0,0.0,0.0,0.0,0.0,0.0,0.0,-528,-518,0.4893,0.4801,nan,nan,nan,UNKNOWN,0.0,0.0,False,False,False,False,False,horizontal
21.064,-0.05,0.0,0.0,0.0,0.0,0.0,0.0,0.0,-528,-518,0.4893,0.4801,nan,nan,nan,UNKNOWN,0.0,0.0,False,False,False,False,False,horizontal
21.112,-0.05,0.0,0.0,0.0,0.0,0.0,0.0,0.0,-528,-518,0.4893,0.4801,nan,nan,nan,UNKNOWN,0.0,0.0,False,False,False,False,False,horizontal
21.162,-0.05,0.0,0.0,0.0,0.0,0.0,0.0,0.0,-528,-518,0.4893,0.4801,nan,nan,nan,UNKNOWN,0.0,0.0,False,False,False,False,False,horizontal
21.212,-0.05,0.0,0.0,0.0,0.0,0.0,0.0,0.0,-528,-518,0.4893,0.4801,nan,nan,nan,UNKNOWN,0.0,0.0,False,False,False,False,False,horizontal
21.262,-0.05,0.0,0.0,0.0,0.0,0.0,0.0,0.0,-528,-518,0.4893,0.4801,nan,nan,nan,UNKNOWN,0.0,0.0,False,False,False,False,False,horizontal
21.312,-0.05,0.0,0.0,0.0,0.0,0.0,0.0,0.0,-528,-518,0.4893,0.4801,nan,nan,nan,UNKNOWN,0.0,0.0,False,False,False,False,False,horizontal
21.362,-0.05,0.0,0.0,0.0,0.0,0.0,0.0,0.0,-528,-518,0.4893,0.4801,nan,nan,nan,UNKNOWN,0.0,0.0,False,False,False,False,False,horizontal
21.412,-0.05,0.0,0.0,0.0,0.0,0.0,0.0,0.0,-528,-518,0.4893,0.4801,nan,nan,nan,UNKNOWN,0.0,0.0,False,False,False,False,False,horizontal
21.462,-0.05,0.0,0.0,0.0,0.0,0.0,0.0,0.0,-528,-518,0.4893,0.4801,nan,nan,nan,UNKNOWN,0.0,0.0,False,False,False,False,False,horizontal
21.512,-0.05,0.0,0.0,0.0,0.0,0.0,0.0,0.0,-528,-518,0.4893,0.4801,nan,nan,nan,UNKNOWN,0.0,0.0,False,False,False,False,False,horizontal
21.562,-0.05,0.0,0.0,0.0,0.0,0.0,0.0,0.0,-528,-518,0.4893,0.4801,nan,nan,nan,UNKNOWN,0.0,0.0,False,False,False,False,False,horizontal
21.612,-0.05,0.0,0.0,0.0,0.0,0.0,0.0,0.0,-528,-518,0.4893,0.4801,nan,nan,nan,UNKNOWN,0.0,0.0,False,False,False,False,False,horizontal
21.662,-0.05,0.0,0.0,0.0,0.0,0.0,0.0,0.0,-528,-518,0.4893,0.4801,nan,nan,nan,UNKNOWN,0.0,0.0,False,False,False,False,False,horizontal
21.712,-0.05,0.0,0.0,0.0,0.0,0.0,0.0,0.0,-528,-518,0.4893,0.4801,nan,nan,nan,UNKNOWN,0.0,0.0,False,False,False,False,False,horizontal
21.762,-0.05,0.0,0.0,0.0,0.0,0.0,0.0,0.0,-528,-518,0.4893,0.4801,nan,nan,nan,UNKNOWN,0.0,0.0,False,False,False,False,False,horizontal
21.812,-0.05,0.0,0.0,0.0,0.0,0.0,0.0,0.0,-528,-518,0.4893,0.4801,nan,nan,nan,UNKNOWN,0.0,0.0,False,False,False,False,False,horizontal
21.862,-0.05,0.0,0.0,0.0,0.0,0.0,0.0,0.0,-528,-518,0.4893,0.4801,nan,nan,nan,UNKNOWN,0.0,0.0,False,False,False,False,False,horizontal
21.912,-0.05,0.0,0.0,0.0,0.0,0.0,0.0,0.0,-528,-518,0.4893,0.4801,nan,nan,nan,UNKNOWN,0.0,0.0,False,False,False,False,False,horizontal
21.962,-0.05,0.0,0.0,0.0,0.0,0.0,0.0,0.0,-528,-518,0.4893,0.4801,nan,nan,nan,UNKNOWN,0.0,0.0,False,False,False,False,False,horizontal
22.012,-0.05,0.0,0.0,0.0,0.0,0.0,0.0,0.0,-528,-518,0.4893,0.4801,nan,nan,nan,UNKNOWN,0.0,0.0,False,False,False,False,False,horizontal
22.064,-0.05,0.0,0.0,0.0,0.0,0.0,0.0,0.0,-528,-518,0.4893,0.4801,nan,nan,nan,UNKNOWN,0.0,0.0,False,False,False,False,False,horizontal
22.112,-0.05,0.0,0.0,0.0,0.0,0.0,0.0,0.0,-528,-518,0.4893,0.4801,nan,nan,nan,UNKNOWN,0.0,0.0,False,False,False,False,False,horizontal
22.162,-0.05,0.0,0.0,0.0,0.0,0.0,0.0,0.0,-528,-518,0.4893,0.4801,nan,nan,nan,UNKNOWN,0.0,0.0,False,False,False,False,False,horizontal
22.212,-0.05,0.0,0.0,0.0,0.0,0.0,0.0,0.0,-528,-518,0.4893,0.4801,nan,nan,nan,UNKNOWN,0.0,0.0,False,False,False,False,False,horizontal
22.262,-0.05,0.0,0.0,0.0,0.0,0.0,0.0,0.0,-528,-518,0.4893,0.4801,nan,nan,nan,UNKNOWN,0.0,0.0,False,False,False,False,False,horizontal
22.312,-0.05,0.0,0.0,0.0,0.0,0.0,0.0,0.0,-528,-518,0.4893,0.4801,nan,nan,nan,UNKNOWN,0.0,0.0,False,False,False,False,False,horizontal
22.362,-0.05,0.0,0.0,0.0,0.0,0.0,0.0,0.0,-528,-518,0.4893,0.4801,nan,nan,nan,UNKNOWN,0.0,0.0,False,False,False,False,False,horizontal
22.412,-0.05,0.0,0.0,0.0,0.0,0.0,0.0,0.0,-528,-518,0.4893,0.4801,nan,nan,nan,UNKNOWN,0.0,0.0,False,False,False,False,False,horizontal
22.462,-0.05,0.0,0.0,0.0,0.0,0.0,0.0,0.0,-528,-518,0.4893,0.4801,nan,nan,nan,UNKNOWN,0.0,0.0,False,False,False,False,False,horizontal
22.512,-0.05,0.0,0.0,0.0,0.0,0.0,0.0,0.0,-528,-518,0.4893,0.4801,nan,nan,nan,UNKNOWN,0.0,0.0,False,False,False,False,False,horizontal
22.562,-0.05,0.0,0.0,0.0,0.0,0.0,0.0,0.0,-528,-518,0.4893,0.4801,nan,nan,nan,UNKNOWN,0.0,0.0,False,False,False,False,False,horizontal
22.612,-0.05,0.0,0.0,0.0,0.0,0.0,0.0,0.0,-528,-518,0.4893,0.4801,nan,nan,nan,UNKNOWN,0.0,0.0,False,False,False,False,False,horizontal
22.662,-0.05,0.0,0.0,0.0,0.0,0.0,0.0,0.0,-528,-518,0.4893,0.4801,nan,nan,nan,UNKNOWN,0.0,0.0,False,False,False,False,False,horizontal
22.712,-0.05,0.0,0.0,0.0,0.0,0.0,0.0,0.0,-528,-518,0.4893,0.4801,nan,nan,nan,UNKNOWN,0.0,0.0,False,False,False,False,False,horizontal
22.762,-0.05,0.0,0.0,0.0,0.0,0.0,0.0,0.0,-528,-518,0.4893,0.4801,nan,nan,nan,UNKNOWN,0.0,0.0,False,False,False,False,False,horizontal
22.812,-0.05,0.0,0.0,0.0,0.0,0.0,0.0,0.0,-528,-518,0.4893,0.4801,nan,nan,nan,UNKNOWN,0.0,0.0,False,False,False,False,False,horizontal
22.862,-0.05,0.0,0.0,0.0,0.0,0.0,0.0,0.0,-528,-518,0.4893,0.4801,nan,nan,nan,UNKNOWN,0.0,0.0,False,False,False,False,False,horizontal
22.912,-0.05,0.0,0.0,0.0,0.0,0.0,0.0,0.0,-528,-518,0.4893,0.4801,nan,nan,nan,UNKNOWN,0.0,0.0,False,False,False,False,False,horizontal
22.962,-0.05,0.0,0.0,0.0,0.0,0.0,0.0,0.0,-528,-518,0.4893,0.4801,nan,nan,nan,UNKNOWN,0.0,0.0,False,False,False,False,False,horizontal
23.012,-0.05,0.0,0.0,0.0,0.0,0.0,0.0,0.0,-528,-518,0.4893,0.4801,nan,nan,nan,UNKNOWN,0.0,0.0,False,False,False,False,False,horizontal
23.064,-0.05,0.0,0.0,0.0,0.0,0.0,0.0,0.0,-528,-518,0.4893,0.4801,nan,nan,nan,UNKNOWN,0.0,0.0,False,False,False,False,False,horizontal
23.112,-0.05,0.0,0.0,0.0,0.0,0.0,0.0,0.0,-528,-518,0.4893,0.4801,nan,nan,nan,UNKNOWN,0.0,0.0,False,False,False,False,False,horizontal
23.162,-0.05,0.0,0.0,0.0,0.0,0.0,0.0,0.0,-528,-518,0.4893,0.4801,nan,nan,nan,UNKNOWN,0.0,0.0,False,False,False,False,False,horizontal
23.212,-0.05,0.0,0.0,0.0,0.0,0.0,0.0,0.0,-528,-518,0.4893,0.4801,nan,nan,nan,UNKNOWN,0.0,0.0,False,False,False,False,False,horizontal
23.262,-0.05,0.0,0.0,0.0,0.0,0.0,0.0,0.0,-528,-518,0.4893,0.4801,nan,nan,nan,UNKNOWN,0.0,0.0,False,False,False,False,False,horizontal
23.312,-0.05,0.0,0.0,0.0,0.0,0.0,0.0,0.0,-528,-518,0.4893,0.4801,nan,nan,nan,UNKNOWN,0.0,0.0,False,False,False,False,False,horizontal
23.362,-0.05,0.0,0.0,0.0,0.0,0.0,0.0,0.0,-528,-518,0.4893,0.4801,nan,nan,nan,UNKNOWN,0.0,0.0,False,False,False,False,False,horizontal
23.412,-0.05,0.0,0.0,0.0,0.0,0.0,0.0,0.0,-528,-518,0.4893,0.4801,nan,nan,nan,UNKNOWN,0.0,0.0,False,False,False,False,False,horizontal
23.462,-0.05,0.0,0.0,0.0,0.0,0.0,0.0,0.0,-528,-518,0.4893,0.4801,nan,nan,nan,UNKNOWN,0.0,0.0,False,False,False,False,False,horizontal
23.512,-0.05,0.0,0.0,0.0,0.0,0.0,0.0,0.0,-528,-518,0.4893,0.4801,nan,nan,nan,UNKNOWN,0.0,0.0,False,False,False,False,False,horizontal
23.562,-0.05,0.0,0.0,0.0,0.0,0.0,0.0,0.0,-528,-518,0.4893,0.4801,nan,nan,nan,UNKNOWN,0.0,0.0,False,False,False,False,False,horizontal
23.612,-0.05,0.0,0.0,0.0,0.0,0.0,0.0,0.0,-528,-518,0.4893,0.4801,nan,nan,nan,UNKNOWN,0.0,0.0,False,False,False,False,False,horizontal
23.662,-0.05,0.0,0.0,0.0,0.0,0.0,0.0,0.0,-528,-518,0.4893,0.4801,nan,nan,nan,UNKNOWN,0.0,0.0,False,False,False,False,False,horizontal
23.712,-0.05,0.0,0.0,0.0,0.0,0.0,0.0,0.0,-528,-518,0.4893,0.4801,nan,nan,nan,UNKNOWN,0.0,0.0,False,False,False,False,False,horizontal
23.762,-0.05,0.0,0.0,0.0,0.0,0.0,0.0,0.0,-528,-518,0.4893,0.4801,nan,nan,nan,UNKNOWN,0.0,0.0,False,False,False,False,False,horizontal
23.812,-0.05,0.0,0.0,0.0,0.0,0.0,0.0,0.0,-528,-518,0.4893,0.4801,nan,nan,nan,UNKNOWN,0.0,0.0,False,False,False,False,False,horizontal
23.862,-0.05,0.0,0.0,0.0,0.0,0.0,0.0,0.0,-528,-518,0.4893,0.4801,nan,nan,nan,UNKNOWN,0.0,0.0,False,False,False,False,False,horizontal
23.912,-0.05,0.0,0.0,0.0,0.0,0.0,0.0,0.0,-528,-518,0.4893,0.4801,nan,nan,nan,UNKNOWN,0.0,0.0,False,False,False,False,False,horizontal
23.962,-0.05,0.0,0.0,0.0,0.0,0.0,0.0,0.0,-528,-518,0.4893,0.4801,nan,nan,nan,UNKNOWN,0.0,0.0,False,False,False,False,False,horizontal
24.012,-0.05,0.0,0.0,0.0,0.0,0.0,0.0,0.0,-528,-518,0.4893,0.4801,nan,nan,nan,UNKNOWN,0.0,0.0,False,False,False,False,False,horizontal
24.064,-0.05,0.0,0.0,0.0,0.0,0.0,0.0,0.0,-528,-518,0.4893,0.4801,nan,nan,nan,UNKNOWN,0.0,0.0,False,False,False,False,False,horizontal
24.112,-0.05,0.0,0.0,0.0,0.0,0.0,0.0,0.0,-528,-518,0.4893,0.4801,nan,nan,nan,UNKNOWN,0.0,0.0,False,False,False,False,False,horizontal
24.162,-0.05,0.0,0.0,0.0,0.0,0.0,0.0,0.0,-528,-518,0.4893,0.4801,nan,nan,nan,UNKNOWN,0.0,0.0,False,False,False,False,False,horizontal
24.212,-0.05,0.0,0.0,0.0,0.0,0.0,0.0,0.0,-528,-518,0.4893,0.4801,nan,nan,nan,UNKNOWN,0.0,0.0,False,False,False,False,False,horizontal
24.262,-0.05,0.0,0.0,0.0,0.0,0.0,0.0,0.0,-528,-518,0.4893,0.4801,nan,nan,nan,UNKNOWN,0.0,0.0,False,False,False,False,False,horizontal
24.312,-0.05,0.0,0.0,0.0,0.0,0.0,0.0,0.0,-528,-518,0.4893,0.4801,nan,nan,nan,UNKNOWN,0.0,0.0,False,False,False,False,False,horizontal
24.362,-0.05,0.0,0.0,0.0,0.0,0.0,0.0,0.0,-528,-518,0.4893,0.4801,nan,nan,nan,UNKNOWN,0.0,0.0,False,False,False,False,False,horizontal
24.412,-0.05,0.0,0.0,0.0,0.0,0.0,0.0,0.0,-528,-518,0.4893,0.4801,nan,nan,nan,UNKNOWN,0.0,0.0,False,False,False,False,False,horizontal
24.462,-0.05,0.0,0.0,0.0,0.0,0.0,0.0,0.0,-527,-518,0.4884,0.4801,nan,nan,nan,UNKNOWN,0.0,0.0,False,False,False,False,False,horizontal
24.512,-0.05,0.0,0.0,0.0,0.0025,0.0,-0.0025,0.0,-527,-518,0.4884,0.4801,nan,nan,nan,UNKNOWN,0.0,0.0,False,False,False,False,False,horizontal
24.562,-0.05,0.0,0.0,0.0,0.0025,0.0,-0.0025,0.0,-527,-518,0.4884,0.4801,nan,nan,nan,UNKNOWN,0.0,0.0,False,False,False,False,False,horizontal
24.612,-0.05,0.0,0.0,0.0,0.002,0.0,-0.002,0.0,-527,-518,0.4884,0.4801,nan,nan,nan,UNKNOWN,0.0,0.0,False,False,False,False,False,horizontal
24.662,-0.05,0.0,0.0,0.0,0.002,0.0,-0.002,0.0,-527,-518,0.4884,0.4801,nan,nan,nan,UNKNOWN,0.0,0.0,False,False,False,False,False,horizontal
24.712,-0.05,0.0,0.0,0.0,0.002,0.0,-0.002,0.0,-527,-518,0.4884,0.4801,nan,nan,nan,UNKNOWN,0.0,0.0,False,False,False,False,False,horizontal
24.762,-0.05,0.0,0.0,0.0,0.0016,0.0,-0.0016,0.0,-527,-518,0.4884,0.4801,nan,nan,nan,UNKNOWN,0.0,0.0,False,False,False,False,False,horizontal
24.812,-0.05,0.0,0.0,0.0,0.0016,0.0,-0.0016,0.0,-527,-518,0.4884,0.4801,nan,nan,nan,UNKNOWN,0.0,0.0,False,False,False,False,False,horizontal
24.862,-0.05,0.0,0.0,0.0,0.0016,0.0,-0.0016,0.0,-526,-518,0.4875,0.4801,nan,nan,nan,UNKNOWN,0.0,0.0,False,False,False,False,False,horizontal
24.912,-0.05,0.0,0.0,0.0,0.0034,0.0,-0.0034,0.0,-526,-518,0.4875,0.4801,nan,nan,nan,UNKNOWN,0.0,0.0,False,False,False,False,False,horizontal
24.962,-0.05,0.0,0.0,0.0,0.0034,0.0,-0.0034,0.0,-526,-518,0.4875,0.4801,nan,nan,nan,UNKNOWN,0.0,0.0,False,False,False,False,False,horizontal
25.012,-0.05,0.0,0.0,0.0,0.0027,0.0,-0.0027,0.0,-526,-518,0.4875,0.4801,nan,nan,nan,UNKNOWN,0.0,0.0,False,False,False,False,False,horizontal
25.064,-0.05,0.0,0.0,0.0,0.0027,0.0,-0.0027,0.0,-526,-518,0.4875,0.4801,nan,nan,nan,UNKNOWN,0.0,0.0,False,False,False,False,False,horizontal
25.112,-0.05,0.0,0.0,0.0,0.0027,0.0,-0.0027,0.0,-526,-518,0.4875,0.4801,nan,nan,nan,UNKNOWN,0.0,0.0,False,False,False,False,False,horizontal
25.162,-0.05,0.0,0.0,0.0,0.0022,-0.0025,-0.0022,0.0025,-526,-519,0.4875,0.481,nan,nan,nan,UNKNOWN,0.0,0.0,False,False,False,False,False,horizontal
25.212,-0.05,0.0,0.0,0.0,0.0022,-0.0025,-0.0022,0.0025,-526,-519,0.4875,0.481,nan,nan,nan,UNKNOWN,0.0,0.0,False,False,False,False,False,horizontal
25.262,-0.05,0.0,0.0,0.0,0.005,-0.0052,-0.005,0.0052,-525,-520,0.4866,0.4819,nan,nan,nan,UNKNOWN,0.0,0.0,False,False,False,False,False,horizontal
25.312,-0.05,0.0,0.0,0.0,0.005,-0.0052,-0.005,0.0052,-525,-520,0.4866,0.4819,nan,nan,nan,UNKNOWN,0.0,0.0,False,False,False,False,False,horizontal
25.362,-0.05,0.0,0.0,0.0,0.005,-0.0052,-0.005,0.0052,-525,-521,0.4866,0.4828,nan,nan,nan,UNKNOWN,0.0,0.0,False,False,False,False,False,horizontal
25.412,-0.05,0.0,0.0,0.0,0.004,-0.0056,-0.004,0.0056,-525,-521,0.4866,0.4828,nan,nan,nan,UNKNOWN,0.0,0.0,False,False,False,False,False,horizontal
25.462,-0.05,0.0,0.0,0.0,0.004,-0.0056,-0.004,0.0056,-525,-522,0.4866,0.4838,nan,nan,nan,UNKNOWN,0.0,0.0,False,False,False,False,False,horizontal
25.512,-0.05,0.0,0.0,0.0,0.004,-0.0056,-0.004,0.0056,-525,-522,0.4866,0.4838,nan,nan,nan,UNKNOWN,0.0,0.0,False,False,False,False,False,horizontal
25.562,-0.05,0.0,0.0,0.0,0.0032,-0.0083,-0.0032,0.0083,-525,-523,0.4866,0.4847,nan,nan,nan,UNKNOWN,0.0,0.0,False,False,False,False,False,horizontal
25.612,-0.05,0.0,0.0,0.0,0.0032,-0.0083,-0.0032,0.0083,-525,-523,0.4866,0.4847,nan,nan,nan,UNKNOWN,0.0,0.0,False,False,False,False,False,horizontal
25.662,-0.05,0.0,0.0,0.0,0.0026,-0.0161,-0.0026,0.0161,-525,-526,0.4866,0.4875,nan,nan,nan,UNKNOWN,0.0,0.0,False,False,False,False,False,horizontal
25.712,-0.05,0.0,0.0,0.0,0.0026,-0.0161,-0.0026,0.0161,-525,-526,0.4866,0.4875,nan,nan,nan,UNKNOWN,0.0,0.0,False,False,False,False,False,horizontal
25.762,-0.05,0.0,0.0,0.0,0.0026,-0.0161,-0.0026,0.0161,-525,-529,0.4866,0.4903,nan,nan,nan,UNKNOWN,0.0,0.0,False,False,False,False,False,horizontal
25.812,-0.05,0.0,0.0,0.0,0.0021,-0.0171,-0.0021,0.0171,-525,-529,0.4866,0.4903,nan,nan,nan,UNKNOWN,0.0,0.0,False,False,False,False,False,horizontal
25.862,-0.05,0.0,0.0,0.0,0.0021,-0.0171,-0.0021,0.0171,-525,-532,0.4866,0.493,nan,nan,nan,UNKNOWN,0.0,0.0,False,False,False,False,False,horizontal
25.912,-0.05,0.0,0.0,0.0,0.0016,-0.0214,-0.0016,0.0214,-525,-532,0.4866,0.493,nan,nan,nan,UNKNOWN,0.0,0.0,False,False,False,False,False,horizontal
25.962,-0.05,0.0,0.0,0.0,0.0016,-0.0214,-0.0016,0.0214,-524,-536,0.4856,0.4967,nan,nan,nan,UNKNOWN,0.0,0.0,False,False,False,False,False,horizontal
26.012,-0.05,0.0,0.0,0.0,0.0047,-0.0276,-0.0047,0.0276,-524,-536,0.4856,0.4967,nan,nan,nan,UNKNOWN,0.0,0.0,False,False,False,False,False,horizontal
26.064,-0.05,0.0,0.0,0.0,0.0047,-0.0276,-0.0047,0.0276,-522,-537,0.4838,0.4977,nan,nan,nan,UNKNOWN,0.0,0.0,False,False,False,False,False,horizontal
26.112,-0.05,0.0,0.0,0.0,0.0047,-0.0276,-0.0047,0.0276,-522,-537,0.4838,0.4977,nan,nan,nan,UNKNOWN,0.0,0.0,False,False,False,False,False,horizontal
26.162,-0.05,0.0,0.0,0.0,0.0152,-0.0215,-0.0152,0.0215,-519,-538,0.481,0.4986,nan,nan,nan,UNKNOWN,0.0,0.0,False,False,False,False,False,horizontal
26.212,-0.05,0.0,0.0,0.0,0.0152,-0.0215,-0.0152,0.0215,-519,-538,0.481,0.4986,nan,nan,nan,UNKNOWN,0.0,0.0,False,False,False,False,False,horizontal
26.262,-0.05,0.0,0.0,0.0,0.0276,-0.0092,-0.0276,0.0092,-514,-537,0.4764,0.4977,nan,nan,nan,UNKNOWN,0.0,0.0,False,False,False,False,False,horizontal
26.312,-0.05,0.0,0.0,0.0,0.0276,-0.0092,-0.0276,0.0092,-514,-537,0.4764,0.4977,nan,nan,nan,UNKNOWN,0.0,0.0,False,False,False,False,False,horizontal
26.362,-0.05,0.0,0.0,0.0,0.0276,-0.0092,-0.0276,0.0092,-504,-538,0.4671,0.4986,nan,nan,nan,UNKNOWN,0.0,0.0,False,False,False,False,False,horizontal
26.412,-0.05,0.0,0.0,0.0,0.0413,-0.008,-0.0413,0.008,-504,-538,0.4671,0.4986,nan,nan,nan,UNKNOWN,0.0,0.0,False,False,False,False,False,horizontal
26.462,-0.05,0.0,0.0,0.0,0.0413,-0.008,-0.0413,0.008,-494,-538,0.4578,0.4986,nan,nan,nan,UNKNOWN,0.0,0.0,False,False,False,False,False,horizontal
26.512,-0.05,0.0,0.0,0.0,0.0619,-0.0064,-0.0619,0.0064,-494,-538,0.4578,0.4986,nan,nan,nan,UNKNOWN,0.0,0.0,False,False,False,False,False,horizontal
26.562,-0.05,0.0,0.0,0.0,0.0619,-0.0064,-0.0619,0.0064,-488,-538,0.4523,0.4986,nan,nan,nan,UNKNOWN,0.0,0.0,False,False,False,False,False,horizontal
26.612,-0.05,0.0,0.0,0.0,0.0594,-0.0051,-0.0594,0.0051,-488,-538,0.4523,0.4986,nan,nan,nan,UNKNOWN,0.0,0.0,False,False,False,False,False,horizontal
26.662,-0.05,0.0,0.0,0.0,0.0594,-0.0051,-0.0594,0.0051,-482,-538,0.4467,0.4986,nan,nan,nan,UNKNOWN,0.0,0.0,False,False,False,False,False,horizontal
26.712,-0.05,0.0,0.0,0.0,0.0579,-0.0041,-0.0579,0.0041,-482,-538,0.4467,0.4986,nan,nan,nan,UNKNOWN,0.0,0.0,False,False,False,False,False,horizontal
26.762,-0.05,0.0,0.0,0.0,0.0579,-0.0041,-0.0579,0.0041,-474,-538,0.4393,0.4986,nan,nan,nan,UNKNOWN,0.0,0.0,False,False,False,False,False,horizontal
26.812,-0.05,0.0,0.0,0.0,0.0644,-0.0033,-0.0644,0.0033,-474,-538,0.4393,0.4986,nan,nan,nan,UNKNOWN,0.0,0.0,False,False,False,False,False,horizontal
26.862,-0.05,0.0,0.0,0.0,0.0644,-0.0033,-0.0644,0.0033,-466,-538,0.4319,0.4986,nan,nan,nan,UNKNOWN,0.0,0.0,False,False,False,False,False,horizontal
26.912,-0.05,0.0,0.0,0.0,0.0644,-0.0033,-0.0644,0.0033,-466,-538,0.4319,0.4986,nan,nan,nan,UNKNOWN,0.0,0.0,False,False,False,False,False,horizontal
26.962,-0.05,0.0,0.0,0.0,0.0806,-0.0026,-0.0806,0.0026,-457,-538,0.4235,0.4986,nan,nan,nan,UNKNOWN,0.0,0.0,False,False,False,False,False,horizontal
27.012,-0.05,0.0,0.0,0.0,0.0806,-0.0026,-0.0806,0.0026,-457,-538,0.4235,0.4986,nan,nan,nan,UNKNOWN,0.0,0.0,False,False,False,False,False,horizontal
27.064,-0.05,0.0,0.0,0.0,0.0806,-0.0026,-0.0806,0.0026,-452,-538,0.4189,0.4986,nan,nan,nan,UNKNOWN,0.0,0.0,False,False,False,False,False,horizontal
27.112,-0.05,0.0,0.0,0.0,0.0607,-0.0021,-0.0607,0.0021,-452,-538,0.4189,0.4986,nan,nan,nan,UNKNOWN,0.0,0.0,False,False,False,False,False,horizontal
27.162,-0.05,0.0,0.0,0.0,0.0607,-0.0021,-0.0607,0.0021,-448,-538,0.4152,0.4986,nan,nan,nan,UNKNOWN,0.0,0.0,False,False,False,False,False,horizontal
27.212,-0.05,0.0,0.0,0.0,0.0513,-0.0017,-0.0513,0.0017,-448,-538,0.4152,0.4986,nan,nan,nan,UNKNOWN,0.0,0.0,False,False,False,False,False,horizontal
27.262,-0.05,0.0,0.0,0.0,0.0513,-0.0017,-0.0513,0.0017,-450,-538,0.417,0.4986,nan,nan,nan,UNKNOWN,0.0,0.0,False,False,False,False,False,horizontal
27.312,-0.05,0.0,0.0,0.0,0.0513,-0.0017,-0.0513,0.0017,-450,-538,0.417,0.4986,nan,nan,nan,UNKNOWN,0.0,0.0,False,False,False,False,False,horizontal
27.362,-0.05,0.0,0.0,0.0,0.0209,-0.0035,-0.0209,0.0035,-452,-539,0.4189,0.4995,nan,nan,nan,UNKNOWN,0.0,0.0,False,False,False,False,False,horizontal
27.412,-0.05,0.0,0.0,0.0,0.0209,-0.0035,-0.0209,0.0035,-452,-539,0.4189,0.4995,nan,nan,nan,UNKNOWN,0.0,0.0,False,False,False,False,False,horizontal
27.462,-0.05,0.0,0.0,0.0,0.0051,-0.0028,-0.0051,0.0028,-454,-539,0.4208,0.4995,nan,nan,nan,UNKNOWN,0.0,0.0,False,False,False,False,False,horizontal
27.512,-0.05,0.0,0.0,0.0,0.0051,-0.0028,-0.0051,0.0028,-454,-539,0.4208,0.4995,nan,nan,nan,UNKNOWN,0.0,0.0,False,False,False,False,False,horizontal
27.563,-0.05,0.0,0.0,0.0,0.0051,-0.0028,-0.0051,0.0028,-458,-539,0.4245,0.4995,nan,nan,nan,UNKNOWN,0.0,0.0,False,False,False,False,False,horizontal
27.612,-0.05,0.0,0.0,0.0,-0.0068,-0.0022,0.0068,0.0022,-458,-539,0.4245,0.4995,nan,nan,nan,UNKNOWN,0.0,0.0,False,False,False,False,False,horizontal
27.662,-0.05,0.0,0.0,0.0,-0.0068,-0.0022,0.0068,0.0022,-460,-539,0.4263,0.4995,nan,nan,nan,UNKNOWN,0.0,0.0,False,False,False,False,False,horizontal
27.712,-0.05,0.0,0.0,0.0,-0.0068,-0.0022,0.0068,0.0022,-460,-539,0.4263,0.4995,nan,nan,nan,UNKNOWN,0.0,0.0,False,False,False,False,False,horizontal
27.763,-0.05,0.0,0.0,0.0,-0.0164,-0.0018,0.0164,0.0018,-463,-539,0.4291,0.4995,nan,nan,nan,UNKNOWN,0.0,0.0,False,False,False,False,False,horizontal
27.812,-0.05,0.0,0.0,0.0,-0.0164,-0.0018,0.0164,0.0018,-463,-539,0.4291,0.4995,nan,nan,nan,UNKNOWN,0.0,0.0,False,False,False,False,False,horizontal
27.862,-0.05,0.0,0.0,0.0,-0.0164,-0.0018,0.0164,0.0018,-463,-539,0.4291,0.4995,nan,nan,nan,UNKNOWN,0.0,0.0,False,False,False,False,False,horizontal
27.912,-0.05,0.0,0.0,0.0,-0.0131,-0.0014,0.0131,0.0014,-463,-539,0.4291,0.4995,nan,nan,nan,UNKNOWN,0.0,0.0,False,False,False,False,False,horizontal
27.963,-0.05,0.0,0.0,0.0,-0.0131,-0.0014,0.0131,0.0014,-463,-539,0.4291,0.4995,nan,nan,nan,UNKNOWN,0.0,0.0,False,False,False,False,False,horizontal
28.012,-0.05,0.0,0.0,0.0,-0.0105,-0.0011,0.0105,0.0011,-463,-539,0.4291,0.4995,nan,nan,nan,UNKNOWN,0.0,0.0,False,False,False,False,False,horizontal
28.064,-0.05,0.0,0.0,0.0,-0.0105,-0.0011,0.0105,0.0011,-464,-539,0.43,0.4995,nan,nan,nan,UNKNOWN,0.0,0.0,False,False,False,False,False,horizontal
28.112,-0.05,0.0,0.0,0.0,-0.0105,-0.0011,0.0105,0.0011,-464,-539,0.43,0.4995,nan,nan,nan,UNKNOWN,0.0,0.0,False,False,False,False,False,horizontal
28.162,-0.05,0.0,0.0,0.0,-0.0088,0.0,0.0088,0.0,-464,-539,0.43,0.4995,nan,nan,nan,UNKNOWN,0.0,0.0,False,False,False,False,False,horizontal
28.212,-0.05,0.0,0.0,0.0,-0.0088,0.0,0.0088,0.0,-464,-539,0.43,0.4995,nan,nan,nan,UNKNOWN,0.0,0.0,False,False,False,False,False,horizontal
28.262,-0.05,0.0,0.0,0.0,-0.0088,0.0,0.0088,0.0,-464,-539,0.43,0.4995,nan,nan,nan,UNKNOWN,0.0,0.0,False,False,False,False,False,horizontal
28.312,-0.05,0.0,0.0,0.0,-0.007,0.0,0.007,0.0,-464,-539,0.43,0.4995,nan,nan,nan,UNKNOWN,0.0,0.0,False,False,False,False,False,horizontal
28.362,-0.05,0.0,0.0,0.0,-0.007,0.0,0.007,0.0,-464,-539,0.43,0.4995,nan,nan,nan,UNKNOWN,0.0,0.0,False,False,False,False,False,horizontal
28.412,-0.05,0.0,0.0,0.0,-0.007,0.0,0.007,0.0,-464,-539,0.43,0.4995,nan,nan,nan,UNKNOWN,0.0,0.0,False,False,False,False,False,horizontal
28.462,-0.05,0.0,0.0,0.0,-0.0056,0.0,0.0056,0.0,-464,-539,0.43,0.4995,nan,nan,nan,UNKNOWN,0.0,0.0,False,False,False,False,False,horizontal
28.512,-0.05,0.0,0.0,0.0,-0.0056,0.0,0.0056,0.0,-464,-539,0.43,0.4995,nan,nan,nan,UNKNOWN,0.0,0.0,False,False,False,False,False,horizontal
28.562,-0.05,0.0,0.0,0.0,-0.0056,0.0,0.0056,0.0,-464,-539,0.43,0.4995,nan,nan,nan,UNKNOWN,0.0,0.0,False,False,False,False,False,horizontal
28.612,-0.05,0.0,0.0,0.0,-0.0045,0.0,0.0045,0.0,-464,-539,0.43,0.4995,nan,nan,nan,UNKNOWN,0.0,0.0,False,False,False,False,False,horizontal
28.662,-0.05,0.0,0.0,0.0,-0.0045,0.0,0.0045,0.0,-464,-539,0.43,0.4995,nan,nan,nan,UNKNOWN,0.0,0.0,False,False,False,False,False,horizontal
28.712,-0.05,0.0,0.0,0.0,-0.0045,0.0,0.0045,0.0,-464,-539,0.43,0.4995,nan,nan,nan,UNKNOWN,0.0,0.0,False,False,False,False,False,horizontal
28.762,-0.05,0.0,0.0,0.0,-0.0036,0.0,0.0036,0.0,-464,-539,0.43,0.4995,nan,nan,nan,UNKNOWN,0.0,0.0,False,False,False,False,False,horizontal
28.812,-0.05,0.0,0.0,0.0,-0.0036,0.0,0.0036,0.0,-464,-539,0.43,0.4995,nan,nan,nan,UNKNOWN,0.0,0.0,False,False,False,False,False,horizontal
28.862,-0.05,0.0,0.0,0.0,-0.0029,0.0,0.0029,0.0,-464,-539,0.43,0.4995,nan,nan,nan,UNKNOWN,0.0,0.0,False,False,False,False,False,horizontal
28.912,-0.05,0.0,0.0,0.0,-0.0029,0.0,0.0029,0.0,-464,-539,0.43,0.4995,nan,nan,nan,UNKNOWN,0.0,0.0,False,False,False,False,False,horizontal
28.962,-0.05,0.0,0.0,0.0,-0.0029,0.0,0.0029,0.0,-464,-539,0.43,0.4995,nan,nan,nan,UNKNOWN,0.0,0.0,False,False,False,False,False,horizontal
29.012,-0.05,0.0,0.0,0.0,-0.0023,0.0,0.0023,0.0,-464,-539,0.43,0.4995,nan,nan,nan,UNKNOWN,0.0,0.0,False,False,False,False,False,horizontal
29.064,-0.05,0.0,0.0,0.0,-0.0023,0.0,0.0023,0.0,-464,-539,0.43,0.4995,nan,nan,nan,UNKNOWN,0.0,0.0,False,False,False,False,False,horizontal
29.112,-0.05,0.0,0.0,0.0,-0.0023,0.0,0.0023,0.0,-464,-539,0.43,0.4995,nan,nan,nan,UNKNOWN,0.0,0.0,False,False,False,False,False,horizontal
29.162,-0.05,0.0,0.0,0.0,-0.0018,0.0,0.0018,0.0,-464,-539,0.43,0.4995,nan,nan,nan,UNKNOWN,0.0,0.0,False,False,False,False,False,horizontal
29.212,-0.05,0.0,0.0,0.0,-0.0018,0.0,0.0018,0.0,-464,-539,0.43,0.4995,nan,nan,nan,UNKNOWN,0.0,0.0,False,False,False,False,False,horizontal
29.262,-0.05,0.0,0.0,0.0,-0.0015,0.0,0.0015,0.0,-464,-539,0.43,0.4995,nan,nan,nan,UNKNOWN,0.0,0.0,False,False,False,False,False,horizontal
29.312,-0.05,0.0,0.0,0.0,-0.0015,0.0,0.0015,0.0,-464,-539,0.43,0.4995,nan,nan,nan,UNKNOWN,0.0,0.0,False,False,False,False,False,horizontal
29.362,-0.05,0.0,0.0,0.0,-0.0015,0.0,0.0015,0.0,-464,-539,0.43,0.4995,nan,nan,nan,UNKNOWN,0.0,0.0,False,False,False,False,False,horizontal
29.412,-0.05,0.0,0.0,0.0,-0.0012,0.0,0.0012,0.0,-464,-539,0.43,0.4995,nan,nan,nan,UNKNOWN,0.0,0.0,False,False,False,False,False,horizontal
29.462,-0.05,0.0,0.0,0.0,-0.0012,0.0,0.0012,0.0,-464,-539,0.43,0.4995,nan,nan,nan,UNKNOWN,0.0,0.0,False,False,False,False,False,horizontal
29.512,-0.05,0.0,0.0,0.0,-0.0012,0.0,0.0012,0.0,-464,-539,0.43,0.4995,nan,nan,nan,UNKNOWN,0.0,0.0,False,False,False,False,False,horizontal
29.562,-0.05,0.0,0.0,0.0,-0.0032,0.0,0.0032,0.0,-465,-539,0.4309,0.4995,nan,nan,nan,UNKNOWN,0.0,0.0,False,False,False,False,False,horizontal
29.612,-0.05,0.0,0.0,0.0,-0.0032,0.0,0.0032,0.0,-465,-539,0.4309,0.4995,nan,nan,nan,UNKNOWN,0.0,0.0,False,False,False,False,False,horizontal
29.662,-0.05,0.0,0.0,0.0,-0.0032,0.0,0.0032,0.0,-465,-536,0.4309,0.4967,nan,nan,nan,UNKNOWN,0.0,0.0,False,False,False,False,False,horizontal
29.712,-0.05,0.0,0.0,0.0,-0.0025,0.0074,0.0025,-0.0074,-465,-536,0.4309,0.4967,nan,nan,nan,UNKNOWN,0.0,0.0,False,False,False,False,False,horizontal
29.763,-0.05,0.0,0.0,0.0,-0.0025,0.0074,0.0025,-0.0074,-466,-533,0.4319,0.494,nan,nan,nan,UNKNOWN,0.0,0.0,False,False,False,False,False,horizontal
29.812,-0.05,0.0,0.0,0.0,-0.0025,0.0074,0.0025,-0.0074,-466,-533,0.4319,0.494,nan,nan,nan,UNKNOWN,0.0,0.0,False,False,False,False,False,horizontal
29.863,-0.05,0.0,0.0,0.0,-0.004,0.0217,0.004,-0.0217,-466,-529,0.4319,0.4903,nan,nan,nan,UNKNOWN,0.0,0.0,False,False,False,False,False,horizontal
29.912,-0.05,0.0,0.0,0.0,-0.004,0.0217,0.004,-0.0217,-466,-529,0.4319,0.4903,nan,nan,nan,UNKNOWN,0.0,0.0,False,False,False,False,False,horizontal
29.962,-0.05,0.0,0.0,0.0,-0.004,0.0217,0.004,-0.0217,-466,-529,0.4319,0.4903,nan,nan,nan,UNKNOWN,0.0,0.0,False,False,False,False,False,horizontal
30.012,-0.05,0.0,0.0,0.0,-0.0049,0.0155,0.0049,-0.0155,-467,-528,0.4328,0.4893,nan,nan,nan,UNKNOWN,0.0,0.0,False,False,False,False,False,horizontal
30.064,-0.05,0.0,0.0,0.0,-0.0049,0.0155,0.0049,-0.0155,-467,-528,0.4328,0.4893,nan,nan,nan,UNKNOWN,0.0,0.0,False,False,False,False,False,horizontal
30.112,-0.05,0.0,0.0,0.0,-0.0049,0.0155,0.0049,-0.0155,-468,-526,0.4337,0.4875,nan,nan,nan,UNKNOWN,0.0,0.0,False,False,False,False,False,horizontal
30.162,-0.05,0.0,0.0,0.0,-0.0054,0.0142,0.0054,-0.0142,-468,-526,0.4337,0.4875,nan,nan,nan,UNKNOWN,0.0,0.0,False,False,False,False,False,horizontal
30.212,-0.05,0.0,0.0,0.0,-0.0054,0.0142,0.0054,-0.0142,-469,-524,0.4347,0.4856,nan,nan,nan,UNKNOWN,0.0,0.0,False,False,False,False,False,horizontal
30.262,-0.05,0.0,0.0,0.0,-0.0054,0.0142,0.0054,-0.0142,-469,-524,0.4347,0.4856,nan,nan,nan,UNKNOWN,0.0,0.0,False,False,False,False,False,horizontal
30.312,-0.05,0.0,0.0,0.0,-0.0131,0.016,0.0131,-0.016,-472,-523,0.4374,0.4847,nan,nan,nan,UNKNOWN,0.0,0.0,False,False,False,False,False,horizontal
30.362,-0.05,0.0,0.0,0.0,-0.0131,0.016,0.0131,-0.016,-472,-523,0.4374,0.4847,nan,nan,nan,UNKNOWN,0.0,0.0,False,False,False,False,False,horizontal
30.412,-0.05,0.0,0.0,0.0,-0.0131,0.016,0.0131,-0.016,-476,-521,0.4411,0.4828,nan,nan,nan,UNKNOWN,0.0,0.0,False,False,False,False,False,horizontal
30.462,-0.05,0.0,0.0,0.0,-0.0178,0.0145,0.0178,-0.0145,-476,-521,0.4411,0.4828,nan,nan,nan,UNKNOWN,0.0,0.0,False,False,False,False,False,horizontal
30.512,-0.05,0.0,0.0,0.0,-0.0178,0.0145,0.0178,-0.0145,-478,-521,0.443,0.4828,nan,nan,nan,UNKNOWN,0.0,0.0,False,False,False,False,False,horizontal
30.562,-0.05,0.0,0.0,0.0,-0.0181,0.0116,0.0181,-0.0116,-478,-521,0.443,0.4828,nan,nan,nan,UNKNOWN,0.0,0.0,False,False,False,False,False,horizontal
30.612,-0.05,0.0,0.0,0.0,-0.0181,0.0116,0.0181,-0.0116,-480,-519,0.4448,0.481,nan,nan,nan,UNKNOWN,0.0,0.0,False,False,False,False,False,horizontal
30.662,-0.05,0.0,0.0,0.0,-0.0181,0.0116,0.0181,-0.0116,-480,-519,0.4448,0.481,nan,nan,nan,UNKNOWN,0.0,0.0,False,False,False,False,False,horizontal
30.712,-0.05,0.0,0.0,0.0,-0.0207,0.0144,0.0207,-0.0144,-482,-518,0.4467,0.4801,nan,nan,nan,UNKNOWN,0.0,0.0,False,False,False,False,False,horizontal
30.762,-0.05,0.0,0.0,0.0,-0.0207,0.0144,0.0207,-0.0144,-482,-518,0.4467,0.4801,nan,nan,nan,UNKNOWN,0.0,0.0,False,False,False,False,False,horizontal
30.812,-0.05,0.0,0.0,0.0,-0.0207,0.0144,0.0207,-0.0144,-485,-515,0.4495,0.4773,nan,nan,nan,UNKNOWN,0.0,0.0,False,False,False,False,False,horizontal
30.862,-0.05,0.0,0.0,0.0,-0.0199,0.016,0.0199,-0.016,-485,-515,0.4495,0.4773,nan,nan,nan,UNKNOWN,0.0,0.0,False,False,False,False,False,horizontal
30.912,-0.05,0.0,0.0,0.0,-0.0199,0.016,0.0199,-0.016,-489,-513,0.4532,0.4754,nan,nan,nan,UNKNOWN,0.0,0.0,False,False,False,False,False,horizontal
30.962,-0.05,0.0,0.0,0.0,-0.0199,0.016,0.0199,-0.016,-489,-513,0.4532,0.4754,nan,nan,nan,UNKNOWN,0.0,0.0,False,False,False,False,False,horizontal
31.012,-0.05,0.0,0.0,0.0,-0.0366,0.022,0.0366,-0.022,-495,-510,0.4588,0.4727,nan,nan,nan,UNKNOWN,0.0,0.0,False,False,False,False,False,horizontal
31.064,-0.05,0.0,0.0,0.0,-0.0366,0.022,0.0366,-0.022,-495,-510,0.4588,0.4727,nan,nan,nan,UNKNOWN,0.0,0.0,False,False,False,False,False,horizontal
31.112,-0.05,0.0,0.0,0.0,-0.0366,0.022,0.0366,-0.022,-502,-507,0.4652,0.4699,nan,nan,nan,UNKNOWN,0.0,0.0,False,False,False,False,False,horizontal
31.162,-0.05,0.0,0.0,0.0,-0.0393,0.0206,0.0393,-0.0206,-502,-507,0.4652,0.4699,nan,nan,nan,UNKNOWN,0.0,0.0,False,False,False,False,False,horizontal
31.212,-0.05,0.0,0.0,0.0,-0.0393,0.0206,0.0393,-0.0206,-501,-507,0.4643,0.4699,nan,nan,nan,UNKNOWN,0.0,0.0,False,False,False,False,False,horizontal
31.262,-0.05,0.0,0.0,0.0,-0.0393,0.0206,0.0393,-0.0206,-501,-507,0.4643,0.4699,nan,nan,nan,UNKNOWN,0.0,0.0,False,False,False,False,False,horizontal
31.312,-0.05,0.0,0.0,0.0,-0.0186,0.0165,0.0186,-0.0165,-500,-507,0.4634,0.4699,nan,nan,nan,UNKNOWN,0.0,0.0,False,False,False,False,False,horizontal
31.362,-0.05,0.0,0.0,0.0,-0.0186,0.0165,0.0186,-0.0165,-500,-507,0.4634,0.4699,nan,nan,nan,UNKNOWN,0.0,0.0,False,False,False,False,False,horizontal
31.412,-0.05,0.0,0.0,0.0,-0.0149,0.0132,0.0149,-0.0132,-501,-507,0.4643,0.4699,nan,nan,nan,UNKNOWN,0.0,0.0,False,False,False,False,False,horizontal
31.462,-0.05,0.0,0.0,0.0,-0.0149,0.0132,0.0149,-0.0132,-501,-507,0.4643,0.4699,nan,nan,nan,UNKNOWN,0.0,0.0,False,False,False,False,False,horizontal
31.512,-0.05,0.0,0.0,0.0,-0.0149,0.0132,0.0149,-0.0132,-503,-506,0.4662,0.4689,nan,nan,nan,UNKNOWN,0.0,0.0,False,False,False,False,False,horizontal
31.562,-0.05,0.0,0.0,0.0,-0.0139,0.0104,0.0139,-0.0104,-503,-506,0.4662,0.4689,nan,nan,nan,UNKNOWN,0.0,0.0,False,False,False,False,False,horizontal
31.612,-0.05,0.0,0.0,0.0,-0.0139,0.0104,0.0139,-0.0104,-509,-504,0.4717,0.4671,nan,nan,nan,UNKNOWN,0.0,0.0,False,False,False,False,False,horizontal
31.662,-0.05,0.0,0.0,0.0,-0.0306,0.0136,0.0306,-0.0136,-509,-504,0.4717,0.4671,nan,nan,nan,UNKNOWN,0.0,0.0,False,False,False,False,False,horizontal
31.712,-0.05,0.0,0.0,0.0,-0.0306,0.0136,0.0306,-0.0136,-511,-504,0.4736,0.4671,nan,nan,nan,UNKNOWN,0.0,0.0,False,False,False,False,False,horizontal
31.762,-0.05,0.0,0.0,0.0,-0.0257,0.0109,0.0257,-0.0109,-511,-504,0.4736,0.4671,nan,nan,nan,UNKNOWN,0.0,0.0,False,False,False,False,False,horizontal
31.812,-0.05,0.0,0.0,0.0,-0.0257,0.0109,0.0257,-0.0109,-510,-503,0.4727,0.4662,nan,nan,nan,UNKNOWN,0.0,0.0,False,False,False,False,False,horizontal
31.862,-0.05,0.0,0.0,0.0,-0.0257,0.0109,0.0257,-0.0109,-510,-503,0.4727,0.4662,nan,nan,nan,UNKNOWN,0.0,0.0,False,False,False,False,False,horizontal
31.912,-0.05,0.0,0.0,0.0,-0.008,0.0115,0.008,-0.0115,-508,-502,0.4708,0.4652,nan,nan,nan,UNKNOWN,0.0,0.0,False,False,False,False,False,horizontal
31.962,-0.05,0.0,0.0,0.0,-0.008,0.0115,0.008,-0.0115,-508,-502,0.4708,0.4652,nan,nan,nan,UNKNOWN,0.0,0.0,False,False,False,False,False,horizontal
32.012,-0.05,0.0,0.0,0.0,0.0026,0.0106,-0.0026,-0.0106,-506,-501,0.4689,0.4643,nan,nan,nan,UNKNOWN,0.0,0.0,False,False,False,False,False,horizontal
32.064,-0.05,0.0,0.0,0.0,0.0026,0.0106,-0.0026,-0.0106,-506,-501,0.4689,0.4643,nan,nan,nan,UNKNOWN,0.0,0.0,False,False,False,False,False,horizontal
32.112,-0.05,0.0,0.0,0.0,0.0026,0.0106,-0.0026,-0.0106,-504,-500,0.4671,0.4634,nan,nan,nan,UNKNOWN,0.0,0.0,False,False,False,False,False,horizontal
32.162,-0.05,0.0,0.0,0.0,0.0065,0.0088,-0.0065,-0.0088,-504,-500,0.4671,0.4634,nan,nan,nan,UNKNOWN,0.0,0.0,False,False,False,False,False,horizontal
32.212,-0.05,0.0,0.0,0.0,0.0065,0.0088,-0.0065,-0.0088,-503,-500,0.4662,0.4634,nan,nan,nan,UNKNOWN,0.0,0.0,False,False,False,False,False,horizontal
32.262,-0.05,0.0,0.0,0.0,0.0065,0.0088,-0.0065,-0.0088,-503,-500,0.4662,0.4634,nan,nan,nan,UNKNOWN,0.0,0.0,False,False,False,False,False,horizontal
32.312,-0.05,0.0,0.0,0.0,0.0088,0.0071,-0.0088,-0.0071,-502,-500,0.4652,0.4634,nan,nan,nan,UNKNOWN,0.0,0.0,False,False,False,False,False,horizontal
32.362,-0.05,0.0,0.0,0.0,0.0088,0.0071,-0.0088,-0.0071,-502,-500,0.4652,0.4634,nan,nan,nan,UNKNOWN,0.0,0.0,False,False,False,False,False,horizontal
32.412,-0.05,0.0,0.0,0.0,0.0088,0.0071,-0.0088,-0.0071,-502,-500,0.4652,0.4634,nan,nan,nan,UNKNOWN,0.0,0.0,False,False,False,False,False,horizontal
32.462,-0.05,0.0,0.0,0.0,0.0071,0.0057,-0.0071,-0.0057,-502,-500,0.4652,0.4634,nan,nan,nan,UNKNOWN,0.0,0.0,False,False,False,False,False,horizontal
32.512,-0.05,0.0,0.0,0.0,0.0071,0.0057,-0.0071,-0.0057,-501,-500,0.4643,0.4634,nan,nan,nan,UNKNOWN,0.0,0.0,False,False,False,False,False,horizontal
32.562,-0.05,0.0,0.0,0.0,0.008,0.0045,-0.008,-0.0045,-501,-500,0.4643,0.4634,nan,nan,nan,UNKNOWN,0.0,0.0,False,False,False,False,False,horizontal
32.612,-0.05,0.0,0.0,0.0,0.008,0.0045,-0.008,-0.0045,-501,-500,0.4643,0.4634,nan,nan,nan,UNKNOWN,0.0,0.0,False,False,False,False,False,horizontal
32.662,-0.05,0.0,0.0,0.0,0.0064,0.0036,-0.0064,-0.0036,-501,-500,0.4643,0.4634,nan,nan,nan,UNKNOWN,0.0,0.0,False,False,False,False,False,horizontal
32.712,-0.05,0.0,0.0,0.0,0.0064,0.0036,-0.0064,-0.0036,-501,-500,0.4643,0.4634,nan,nan,nan,UNKNOWN,0.0,0.0,False,False,False,False,False,horizontal
32.762,-0.05,0.0,0.0,0.0,0.0051,0.0029,-0.0051,-0.0029,-501,-500,0.4643,0.4634,nan,nan,nan,UNKNOWN,0.0,0.0,False,False,False,False,False,horizontal
32.812,-0.05,0.0,0.0,0.0,0.0051,0.0029,-0.0051,-0.0029,-501,-500,0.4643,0.4634,nan,nan,nan,UNKNOWN,0.0,0.0,False,False,False,False,False,horizontal
32.862,-0.05,0.0,0.0,0.0,0.0051,0.0029,-0.0051,-0.0029,-501,-500,0.4643,0.4634,nan,nan,nan,UNKNOWN,0.0,0.0,False,False,False,False,False,horizontal
32.912,-0.05,0.0,0.0,0.0,0.0041,0.0023,-0.0041,-0.0023,-501,-500,0.4643,0.4634,nan,nan,nan,UNKNOWN,0.0,0.0,False,False,False,False,False,horizontal
32.962,-0.05,0.0,0.0,0.0,0.0041,0.0023,-0.0041,-0.0023,-501,-500,0.4643,0.4634,nan,nan,nan,UNKNOWN,0.0,0.0,False,False,False,False,False,horizontal
33.012,-0.05,0.0,0.0,0.0,0.0041,0.0023,-0.0041,-0.0023,-501,-500,0.4643,0.4634,nan,nan,nan,UNKNOWN,0.0,0.0,False,False,False,False,False,horizontal
33.064,-0.05,0.0,0.0,0.0,0.0033,0.0019,-0.0033,-0.0019,-501,-500,0.4643,0.4634,nan,nan,nan,UNKNOWN,0.0,0.0,False,False,False,False,False,horizontal
33.112,-0.05,0.0,0.0,0.0,0.0033,0.0019,-0.0033,-0.0019,-501,-499,0.4643,0.4625,nan,nan,nan,UNKNOWN,0.0,0.0,False,False,False,False,False,horizontal
33.162,-0.05,0.0,0.0,0.0,0.0033,0.0019,-0.0033,-0.0019,-501,-499,0.4643,0.4625,nan,nan,nan,UNKNOWN,0.0,0.0,False,False,False,False,False,horizontal
33.212,-0.05,0.0,0.0,0.0,0.0026,0.0036,-0.0026,-0.0036,-501,-499,0.4643,0.4625,nan,nan,nan,UNKNOWN,0.0,0.0,False,False,False,False,False,horizontal
33.262,-0.05,0.0,0.0,0.0,0.0026,0.0036,-0.0026,-0.0036,-501,-499,0.4643,0.4625,nan,nan,nan,UNKNOWN,0.0,0.0,False,False,False,False,False,horizontal
33.312,-0.05,0.0,0.0,0.0,0.0026,0.0036,-0.0026,-0.0036,-501,-499,0.4643,0.4625,nan,nan,nan,UNKNOWN,0.0,0.0,False,False,False,False,False,horizontal
33.362,-0.05,0.0,0.0,0.0,0.0021,0.0029,-0.0021,-0.0029,-501,-499,0.4643,0.4625,nan,nan,nan,UNKNOWN,0.0,0.0,False,False,False,False,False,horizontal
33.412,-0.05,0.0,0.0,0.0,0.0021,0.0029,-0.0021,-0.0029,-501,-499,0.4643,0.4625,nan,nan,nan,UNKNOWN,0.0,0.0,False,False,False,False,False,horizontal
33.462,-0.05,0.0,0.0,0.0,0.0017,0.0023,-0.0017,-0.0023,-501,-499,0.4643,0.4625,nan,nan,nan,UNKNOWN,0.0,0.0,False,False,False,False,False,horizontal
33.512,-0.05,0.0,0.0,0.0,0.0017,0.0023,-0.0017,-0.0023,-501,-499,0.4643,0.4625,nan,nan,nan,UNKNOWN,0.0,0.0,False,False,False,False,False,horizontal
33.562,-0.05,0.0,0.0,0.0,0.0017,0.0023,-0.0017,-0.0023,-501,-499,0.4643,0.4625,nan,nan,nan,UNKNOWN,0.0,0.0,False,False,False,False,False,horizontal
33.612,-0.05,0.0,0.0,0.0,-0.0015,0.0018,0.0015,-0.0018,-502,-499,0.4652,0.4625,nan,nan,nan,UNKNOWN,0.0,0.0,False,False,False,False,False,horizontal
33.662,-0.05,0.0,0.0,0.0,-0.0015,0.0018,0.0015,-0.0018,-502,-499,0.4652,0.4625,nan,nan,nan,UNKNOWN,0.0,0.0,False,False,False,False,False,horizontal
33.712,-0.05,0.0,0.0,0.0,-0.0083,0.0015,0.0083,-0.0015,-504,-499,0.4671,0.4625,nan,nan,nan,UNKNOWN,0.0,0.0,False,False,False,False,False,horizontal
33.762,-0.05,0.0,0.0,0.0,-0.0083,0.0015,0.0083,-0.0015,-504,-499,0.4671,0.4625,nan,nan,nan,UNKNOWN,0.0,0.0,False,False,False,False,False,horizontal
33.812,-0.05,0.0,0.0,0.0,-0.0124,-0.0028,0.0124,0.0028,-506,-500,0.4689,0.4634,nan,nan,nan,UNKNOWN,0.0,0.0,False,False,False,False,False,horizontal
33.862,-0.05,0.0,0.0,0.0,-0.0124,-0.0028,0.0124,0.0028,-506,-500,0.4689,0.4634,nan,nan,nan,UNKNOWN,0.0,0.0,False,False,False,False,False,horizontal
33.912,-0.05,0.0,0.0,0.0,-0.0124,-0.0028,0.0124,0.0028,-508,-500,0.4708,0.4634,nan,nan,nan,UNKNOWN,0.0,0.0,False,False,False,False,False,horizontal
33.962,-0.05,0.0,0.0,0.0,-0.0124,-0.0023,0.0124,0.0023,-508,-500,0.4708,0.4634,nan,nan,nan,UNKNOWN,0.0,0.0,False,False,False,False,False,horizontal
34.012,-0.05,0.0,0.0,0.0,-0.0124,-0.0023,0.0124,0.0023,-509,-500,0.4717,0.4634,nan,nan,nan,UNKNOWN,0.0,0.0,False,False,False,False,False,horizontal
34.064,-0.05,0.0,0.0,0.0,-0.0124,-0.0023,0.0124,0.0023,-509,-500,0.4717,0.4634,nan,nan,nan,UNKNOWN,0.0,0.0,False,False,False,False,False,horizontal
34.112,-0.05,0.0,0.0,0.0,-0.0124,-0.0018,0.0124,0.0018,-510,-500,0.4727,0.4634,nan,nan,nan,UNKNOWN,0.0,0.0,False,False,False,False,False,horizontal
34.162,-0.05,0.0,0.0,0.0,-0.0124,-0.0018,0.0124,0.0018,-510,-500,0.4727,0.4634,nan,nan,nan,UNKNOWN,0.0,0.0,False,False,False,False,False,horizontal
34.212,-0.05,0.0,0.0,0.0,-0.0111,0.0026,0.0111,-0.0026,-511,-499,0.4736,0.4625,nan,nan,nan,UNKNOWN,0.0,0.0,False,False,False,False,False,horizontal
34.262,-0.05,0.0,0.0,0.0,-0.0111,0.0026,0.0111,-0.0026,-511,-499,0.4736,0.4625,nan,nan,nan,UNKNOWN,0.0,0.0,False,False,False,False,False,horizontal
34.312,-0.05,0.0,0.0,0.0,-0.0111,0.0026,0.0111,-0.0026,-512,-499,0.4745,0.4625,nan,nan,nan,UNKNOWN,0.0,0.0,False,False,False,False,False,horizontal
34.362,-0.05,0.0,0.0,0.0,-0.0091,0.0021,0.0091,-0.0021,-512,-499,0.4745,0.4625,nan,nan,nan,UNKNOWN,0.0,0.0,False,False,False,False,False,horizontal
34.412,-0.05,0.0,0.0,0.0,-0.0091,0.0021,0.0091,-0.0021,-510,-499,0.4727,0.4625,nan,nan,nan,UNKNOWN,0.0,0.0,False,False,False,False,False,horizontal
34.462,-0.05,0.0,0.0,0.0,0.0019,0.0017,-0.0019,-0.0017,-510,-499,0.4727,0.4625,nan,nan,nan,UNKNOWN,0.0,0.0,False,False,False,False,False,horizontal
34.512,-0.05,0.0,0.0,0.0,0.0019,0.0017,-0.0019,-0.0017,-509,-499,0.4717,0.4625,nan,nan,nan,UNKNOWN,0.0,0.0,False,False,False,False,False,horizontal
34.562,-0.05,0.0,0.0,0.0,0.0019,0.0017,-0.0019,-0.0017,-509,-499,0.4717,0.4625,nan,nan,nan,UNKNOWN,0.0,0.0,False,False,False,False,False,horizontal
34.612,-0.05,0.0,0.0,0.0,0.0061,0.0013,-0.0061,-0.0013,-508,-499,0.4708,0.4625,nan,nan,nan,UNKNOWN,0.0,0.0,False,False,False,False,False,horizontal
34.662,-0.05,0.0,0.0,0.0,0.0061,0.0013,-0.0061,-0.0013,-508,-499,0.4708,0.4625,nan,nan,nan,UNKNOWN,0.0,0.0,False,False,False,False,False,horizontal
34.712,-0.05,0.0,0.0,0.0,0.0061,0.0013,-0.0061,-0.0013,-508,-500,0.4708,0.4634,nan,nan,nan,UNKNOWN,0.0,0.0,False,False,False,False,False,horizontal
34.762,-0.05,0.0,0.0,0.0,0.0049,-0.0017,-0.0049,0.0017,-508,-500,0.4708,0.4634,nan,nan,nan,UNKNOWN,0.0,0.0,False,False,False,False,False,horizontal
34.812,-0.05,0.0,0.0,0.0,0.0049,-0.0017,-0.0049,0.0017,-508,-500,0.4708,0.4634,nan,nan,nan,UNKNOWN,0.0,0.0,False,False,False,False,False,horizontal
34.862,-0.05,0.0,0.0,0.0,0.0039,-0.0013,-0.0039,0.0013,-508,-500,0.4708,0.4634,nan,nan,nan,UNKNOWN,0.0,0.0,False,False,False,False,False,horizontal
34.912,-0.05,0.0,0.0,0.0,0.0039,-0.0013,-0.0039,0.0013,-508,-500,0.4708,0.4634,nan,nan,nan,UNKNOWN,0.0,0.0,False,False,False,False,False,horizontal
34.962,-0.05,0.0,0.0,0.0,0.0031,-0.0011,-0.0031,0.0011,-508,-500,0.4708,0.4634,nan,nan,nan,UNKNOWN,0.0,0.0,False,False,False,False,False,horizontal
35.012,-0.05,0.0,0.0,0.0,0.0031,-0.0011,-0.0031,0.0011,-508,-500,0.4708,0.4634,nan,nan,nan,UNKNOWN,0.0,0.0,False,False,False,False,False,horizontal
35.064,-0.05,0.0,0.0,0.0,0.0031,-0.0011,-0.0031,0.0011,-508,-500,0.4708,0.4634,nan,nan,nan,UNKNOWN,0.0,0.0,False,False,False,False,False,horizontal
35.112,-0.05,0.0,0.0,0.0,0.0025,0.0,-0.0025,0.0,-508,-500,0.4708,0.4634,nan,nan,nan,UNKNOWN,0.0,0.0,False,False,False,False,False,horizontal
35.162,-0.05,0.0,0.0,0.0,0.0025,0.0,-0.0025,0.0,-508,-500,0.4708,0.4634,nan,nan,nan,UNKNOWN,0.0,0.0,False,False,False,False,False,horizontal
35.212,-0.05,0.0,0.0,0.0,0.002,0.0,-0.002,0.0,-508,-500,0.4708,0.4634,nan,nan,nan,UNKNOWN,0.0,0.0,False,False,False,False,False,horizontal
35.262,-0.05,0.0,0.0,0.0,0.002,0.0,-0.002,0.0,-508,-500,0.4708,0.4634,nan,nan,nan,UNKNOWN,0.0,0.0,False,False,False,False,False,horizontal
35.313,-0.05,0.0,0.0,0.0,0.0016,0.0,-0.0016,0.0,-508,-500,0.4708,0.4634,nan,nan,nan,UNKNOWN,0.0,0.0,False,False,False,False,False,horizontal
35.362,-0.05,0.0,0.0,0.0,0.0016,0.0,-0.0016,0.0,-508,-500,0.4708,0.4634,nan,nan,nan,UNKNOWN,0.0,0.0,False,False,False,False,False,horizontal
35.413,-0.05,0.0,0.0,0.0,0.0016,0.0,-0.0016,0.0,-508,-500,0.4708,0.4634,nan,nan,nan,UNKNOWN,0.0,0.0,False,False,False,False,False,horizontal
35.463,-0.05,0.0,0.0,0.0,0.0013,0.0,-0.0013,0.0,-508,-500,0.4708,0.4634,nan,nan,nan,UNKNOWN,0.0,0.0,False,False,False,False,False,horizontal
35.512,-0.05,0.0,0.0,0.0,0.0013,0.0,-0.0013,0.0,-508,-500,0.4708,0.4634,nan,nan,nan,UNKNOWN,0.0,0.0,False,False,False,False,False,horizontal
35.562,-0.05,0.0,0.0,0.0,0.0013,0.0,-0.0013,0.0,-508,-500,0.4708,0.4634,nan,nan,nan,UNKNOWN,0.0,0.0,False,False,False,False,False,horizontal
35.612,-0.05,0.0,0.0,0.0,0.001,0.0,-0.001,0.0,-508,-500,0.4708,0.4634,nan,nan,nan,UNKNOWN,0.0,0.0,False,False,False,False,False,horizontal
35.662,-0.05,0.0,0.0,0.0,0.001,0.0,-0.001,0.0,-508,-500,0.4708,0.4634,nan,nan,nan,UNKNOWN,0.0,0.0,False,False,False,False,False,horizontal
35.712,-0.05,0.0,0.0,0.0,0.001,0.0,-0.001,0.0,-508,-500,0.4708,0.4634,nan,nan,nan,UNKNOWN,0.0,0.0,False,False,False,False,False,horizontal
35.762,-0.05,0.0,0.0,0.0,0.0,0.0,0.0,0.0,-508,-500,0.4708,0.4634,nan,nan,nan,UNKNOWN,0.0,0.0,False,False,False,False,False,horizontal
35.812,-0.05,0.0,0.0,0.0,0.0,0.0,0.0,0.0,-508,-500,0.4708,0.4634,nan,nan,nan,UNKNOWN,0.0,0.0,False,False,False,False,False,horizontal
35.862,-0.05,0.0,0.0,0.0,0.0,0.0,0.0,0.0,-508,-500,0.4708,0.4634,nan,nan,nan,UNKNOWN,0.0,0.0,False,False,False,False,False,horizontal
35.912,-0.05,0.0,0.0,0.0,0.0,0.0,0.0,0.0,-508,-500,0.4708,0.4634,nan,nan,nan,UNKNOWN,0.0,0.0,False,False,False,False,False,horizontal
35.962,-0.05,0.0,0.0,0.0,0.0,0.0,0.0,0.0,-508,-500,0.4708,0.4634,nan,nan,nan,UNKNOWN,0.0,0.0,False,False,False,False,False,horizontal
36.012,-0.05,0.0,0.0,0.0,0.0,0.0,0.0,0.0,-508,-500,0.4708,0.4634,nan,nan,nan,UNKNOWN,0.0,0.0,False,False,False,False,False,horizontal
36.064,-0.05,0.0,0.0,0.0,0.0,0.0,0.0,0.0,-508,-500,0.4708,0.4634,nan,nan,nan,UNKNOWN,0.0,0.0,False,False,False,False,False,horizontal
36.112,-0.05,0.0,0.0,0.0,0.0,0.0,0.0,0.0,-508,-500,0.4708,0.4634,nan,nan,nan,UNKNOWN,0.0,0.0,False,False,False,False,False,horizontal
36.162,-0.05,0.0,0.0,0.0,0.0,0.0,0.0,0.0,-508,-500,0.4708,0.4634,nan,nan,nan,UNKNOWN,0.0,0.0,False,False,False,False,False,horizontal
36.212,-0.05,0.0,0.0,0.0,0.0,0.0,0.0,0.0,-508,-500,0.4708,0.4634,nan,nan,nan,UNKNOWN,0.0,0.0,False,False,False,False,False,horizontal
36.262,-0.05,0.0,0.0,0.0,0.0,0.0,0.0,0.0,-508,-500,0.4708,0.4634,nan,nan,nan,UNKNOWN,0.0,0.0,False,False,False,False,False,horizontal
36.312,-0.05,0.0,0.0,0.0,0.0,0.0,0.0,0.0,-508,-500,0.4708,0.4634,nan,nan,nan,UNKNOWN,0.0,0.0,False,False,False,False,False,horizontal
36.362,-0.05,0.0,0.0,0.0,0.0,0.0,0.0,0.0,-508,-500,0.4708,0.4634,nan,nan,nan,UNKNOWN,0.0,0.0,False,False,False,False,False,horizontal
36.412,-0.05,0.0,0.0,0.0,0.0,0.0,0.0,0.0,-508,-500,0.4708,0.4634,nan,nan,nan,UNKNOWN,0.0,0.0,False,False,False,False,False,horizontal
36.462,-0.05,0.0,0.0,0.0,0.0,0.0,0.0,0.0,-508,-500,0.4708,0.4634,nan,nan,nan,UNKNOWN,0.0,0.0,False,False,False,False,False,horizontal
36.512,-0.05,0.0,0.0,0.0,0.0,0.0,0.0,0.0,-508,-500,0.4708,0.4634,nan,nan,nan,UNKNOWN,0.0,0.0,False,False,False,False,False,horizontal
36.562,-0.05,0.0,0.0,0.0,0.0,0.0,0.0,0.0,-508,-500,0.4708,0.4634,nan,nan,nan,UNKNOWN,0.0,0.0,False,False,False,False,False,horizontal
36.612,-0.05,0.0,0.0,0.0,0.0,0.0,0.0,0.0,-508,-500,0.4708,0.4634,nan,nan,nan,UNKNOWN,0.0,0.0,False,False,False,False,False,horizontal
36.662,-0.05,0.0,0.0,0.0,0.0,0.0,0.0,0.0,-508,-500,0.4708,0.4634,nan,nan,nan,UNKNOWN,0.0,0.0,False,False,False,False,False,horizontal
36.712,-0.05,0.0,0.0,0.0,0.0,0.0,0.0,0.0,-508,-500,0.4708,0.4634,nan,nan,nan,UNKNOWN,0.0,0.0,False,False,False,False,False,horizontal
36.762,-0.05,0.0,0.0,0.0,0.0,0.0,0.0,0.0,-508,-500,0.4708,0.4634,nan,nan,nan,UNKNOWN,0.0,0.0,False,False,False,False,False,horizontal
36.812,-0.05,0.0,0.0,0.0,0.0,0.0,0.0,0.0,-508,-500,0.4708,0.4634,nan,nan,nan,UNKNOWN,0.0,0.0,False,False,False,False,False,horizontal
36.862,-0.05,0.0,0.0,0.0,0.0,0.0,0.0,0.0,-508,-500,0.4708,0.4634,nan,nan,nan,UNKNOWN,0.0,0.0,False,False,False,False,False,horizontal
36.912,-0.05,0.0,0.0,0.0,0.0,0.0,0.0,0.0,-508,-500,0.4708,0.4634,nan,nan,nan,UNKNOWN,0.0,0.0,False,False,False,False,False,horizontal
36.962,-0.05,0.0,0.0,0.0,0.0,0.0,0.0,0.0,-508,-500,0.4708,0.4634,nan,nan,nan,UNKNOWN,0.0,0.0,False,False,False,False,False,horizontal
37.012,-0.05,0.0,0.0,0.0,0.0,0.0,0.0,0.0,-508,-500,0.4708,0.4634,nan,nan,nan,UNKNOWN,0.0,0.0,False,False,False,False,False,horizontal
37.064,-0.05,0.0,0.0,0.0,0.0,0.0,0.0,0.0,-508,-500,0.4708,0.4634,nan,nan,nan,UNKNOWN,0.0,0.0,False,False,False,False,False,horizontal
37.112,-0.05,0.0,0.0,0.0,0.0,0.0,0.0,0.0,-508,-500,0.4708,0.4634,nan,nan,nan,UNKNOWN,0.0,0.0,False,False,False,False,False,horizontal
37.162,-0.05,0.0,0.0,0.0,0.0,0.0,0.0,0.0,-508,-500,0.4708,0.4634,nan,nan,nan,UNKNOWN,0.0,0.0,False,False,False,False,False,horizontal
37.212,-0.05,0.0,0.0,0.0,0.0,0.0,0.0,0.0,-508,-500,0.4708,0.4634,nan,nan,nan,UNKNOWN,0.0,0.0,False,False,False,False,False,horizontal
37.262,-0.05,0.0,0.0,0.0,0.0,0.0,0.0,0.0,-508,-500,0.4708,0.4634,nan,nan,nan,UNKNOWN,0.0,0.0,False,False,False,False,False,horizontal
37.312,-0.05,0.0,0.0,0.0,0.0,0.0,0.0,0.0,-508,-500,0.4708,0.4634,nan,nan,nan,UNKNOWN,0.0,0.0,False,False,False,False,False,horizontal
37.362,-0.05,0.0,0.0,0.0,0.0,0.0,0.0,0.0,-508,-500,0.4708,0.4634,nan,nan,nan,UNKNOWN,0.0,0.0,False,False,False,False,False,horizontal
37.412,-0.05,0.0,0.0,0.0,0.0,0.0,0.0,0.0,-508,-500,0.4708,0.4634,nan,nan,nan,UNKNOWN,0.0,0.0,False,False,False,False,False,horizontal
37.462,-0.05,0.0,0.0,0.0,0.0,0.0,0.0,0.0,-508,-500,0.4708,0.4634,nan,nan,nan,UNKNOWN,0.0,0.0,False,False,False,False,False,horizontal
37.512,-0.05,0.0,0.0,0.0,0.0,0.0,0.0,0.0,-508,-500,0.4708,0.4634,nan,nan,nan,UNKNOWN,0.0,0.0,False,False,False,False,False,horizontal
37.562,-0.05,0.0,0.0,0.0,0.0,0.0,0.0,0.0,-508,-500,0.4708,0.4634,nan,nan,nan,UNKNOWN,0.0,0.0,False,False,False,False,False,horizontal
37.612,-0.05,0.0,0.0,0.0,0.0,0.0,0.0,0.0,-508,-500,0.4708,0.4634,nan,nan,nan,UNKNOWN,0.0,0.0,False,False,False,False,False,horizontal
37.662,-0.05,0.0,0.0,0.0,0.0,0.0,0.0,0.0,-508,-500,0.4708,0.4634,nan,nan,nan,UNKNOWN,0.0,0.0,False,False,False,False,False,horizontal
37.712,-0.05,0.0,0.0,0.0,0.0,0.0,0.0,0.0,-508,-500,0.4708,0.4634,nan,nan,nan,UNKNOWN,0.0,0.0,False,False,False,False,False,horizontal
37.762,-0.05,0.0,0.0,0.0,0.0,0.0,0.0,0.0,-508,-500,0.4708,0.4634,nan,nan,nan,UNKNOWN,0.0,0.0,False,False,False,False,False,horizontal
37.812,-0.05,0.0,0.0,0.0,0.0,0.0,0.0,0.0,-508,-500,0.4708,0.4634,nan,nan,nan,UNKNOWN,0.0,0.0,False,False,False,False,False,horizontal
37.862,-0.05,0.0,0.0,0.0,0.0,0.0,0.0,0.0,-508,-500,0.4708,0.4634,nan,nan,nan,UNKNOWN,0.0,0.0,False,False,False,False,False,horizontal
37.912,-0.05,0.0,0.0,0.0,0.0037,0.0,-0.0037,0.0,-507,-500,0.4699,0.4634,nan,nan,nan,UNKNOWN,0.0,0.0,False,False,False,False,False,horizontal
37.962,-0.05,0.0,0.0,0.0,0.0037,0.0,-0.0037,0.0,-507,-500,0.4699,0.4634,nan,nan,nan,UNKNOWN,0.0,0.0,False,False,False,False,False,horizontal
38.012,-0.05,0.0,0.0,0.0,0.0037,0.0,-0.0037,0.0,-507,-500,0.4699,0.4634,nan,nan,nan,UNKNOWN,0.0,0.0,False,False,False,False,False,horizontal
38.064,-0.05,0.0,0.0,0.0,0.003,0.0,-0.003,0.0,-507,-500,0.4699,0.4634,nan,nan,nan,UNKNOWN,0.0,0.0,False,False,False,False,False,horizontal
38.112,-0.05,0.0,0.0,0.0,0.003,0.0,-0.003,0.0,-505,-502,0.468,0.4652,nan,nan,nan,UNKNOWN,0.0,0.0,False,False,False,False,False,horizontal
38.162,-0.05,0.0,0.0,0.0,0.003,0.0,-0.003,0.0,-505,-502,0.468,0.4652,nan,nan,nan,UNKNOWN,0.0,0.0,False,False,False,False,False,horizontal
38.212,-0.05,0.0,0.0,0.0,0.0141,-0.0074,-0.0141,0.0074,-502,-503,0.4652,0.4662,nan,nan,nan,UNKNOWN,0.0,0.0,False,False,False,False,False,horizontal
38.262,-0.05,0.0,0.0,0.0,0.0141,-0.0074,-0.0141,0.0074,-502,-503,0.4652,0.4662,nan,nan,nan,UNKNOWN,0.0,0.0,False,False,False,False,False,horizontal
38.312,-0.05,0.0,0.0,0.0,0.0233,-0.0082,-0.0233,0.0082,-498,-504,0.4615,0.4671,nan,nan,nan,UNKNOWN,0.0,0.0,False,False,False,False,False,horizontal
38.362,-0.05,0.0,0.0,0.0,0.0233,-0.0082,-0.0233,0.0082,-498,-504,0.4615,0.4671,nan,nan,nan,UNKNOWN,0.0,0.0,False,False,False,False,False,horizontal
38.412,-0.05,0.0,0.0,0.0,0.0186,-0.0065,-0.0186,0.0065,-498,-504,0.4615,0.4671,nan,nan,nan,UNKNOWN,0.0,0.0,False,False,False,False,False,horizontal
38.462,-0.05,0.0,0.0,0.0,0.0186,-0.0065,-0.0186,0.0065,-498,-504,0.4615,0.4671,nan,nan,nan,UNKNOWN,0.0,0.0,False,False,False,False,False,horizontal
38.512,-0.05,0.0,0.0,0.0,0.0186,-0.0065,-0.0186,0.0065,-497,-505,0.4606,0.468,nan,nan,nan,UNKNOWN,0.0,0.0,False,False,False,False,False,horizontal
38.562,-0.05,0.0,0.0,0.0,0.0137,-0.0064,-0.0137,0.0064,-497,-505,0.4606,0.468,nan,nan,nan,UNKNOWN,0.0,0.0,False,False,False,False,False,horizontal
38.612,-0.05,0.0,0.0,0.0,0.0137,-0.0064,-0.0137,0.0064,-496,-506,0.4597,0.4689,nan,nan,nan,UNKNOWN,0.0,0.0,False,False,False,False,False,horizontal
38.662,-0.05,0.0,0.0,0.0,0.0119,-0.0075,-0.0119,0.0075,-496,-506,0.4597,0.4689,nan,nan,nan,UNKNOWN,0.0,0.0,False,False,False,False,False,horizontal
38.712,-0.05,0.0,0.0,0.0,0.0119,-0.0075,-0.0119,0.0075,-496,-510,0.4597,0.4727,nan,nan,nan,UNKNOWN,0.0,0.0,False,False,False,False,False,horizontal
38.762,-0.05,0.0,0.0,0.0,0.0119,-0.0075,-0.0119,0.0075,-496,-510,0.4597,0.4727,nan,nan,nan,UNKNOWN,0.0,0.0,False,False,False,False,False,horizontal
38.812,-0.05,0.0,0.0,0.0,0.0096,-0.0119,-0.0096,0.0119,-495,-509,0.4588,0.4717,nan,nan,nan,UNKNOWN,0.0,0.0,False,False,False,False,False,horizontal
38.862,-0.05,0.0,0.0,0.0,0.0096,-0.0119,-0.0096,0.0119,-495,-509,0.4588,0.4717,nan,nan,nan,UNKNOWN,0.0,0.0,False,False,False,False,False,horizontal
38.912,-0.05,0.0,0.0,0.0,0.0096,-0.0119,-0.0096,0.0119,-495,-506,0.4588,0.4689,nan,nan,nan,UNKNOWN,0.0,0.0,False,False,False,False,False,horizontal
38.962,-0.05,0.0,0.0,0.0,0.0077,0.0003,-0.0077,-0.0003,-495,-506,0.4588,0.4689,nan,nan,nan,UNKNOWN,0.0,0.0,False,False,False,False,False,horizontal
39.012,-0.05,0.0,0.0,0.0,0.0077,0.0003,-0.0077,-0.0003,-495,-504,0.4588,0.4671,nan,nan,nan,UNKNOWN,0.0,0.0,False,False,False,False,False,horizontal
39.064,-0.05,0.0,0.0,0.0,0.0062,0.0076,-0.0062,-0.0076,-495,-504,0.4588,0.4671,nan,nan,nan,UNKNOWN,0.0,0.0,False,False,False,False,False,horizontal
39.112,-0.05,0.0,0.0,0.0,0.0062,0.0076,-0.0062,-0.0076,-495,-503,0.4588,0.4662,nan,nan,nan,UNKNOWN,0.0,0.0,False,False,False,False,False,horizontal
39.162,-0.05,0.0,0.0,0.0,0.0062,0.0076,-0.0062,-0.0076,-495,-503,0.4588,0.4662,nan,nan,nan,UNKNOWN,0.0,0.0,False,False,False,False,False,horizontal
39.212,-0.05,0.0,0.0,0.0,0.0012,0.0095,-0.0012,-0.0095,-496,-502,0.4597,0.4652,nan,nan,nan,UNKNOWN,0.0,0.0,False,False,False,False,False,horizontal
39.262,-0.05,0.0,0.0,0.0,0.0012,0.0095,-0.0012,-0.0095,-496,-502,0.4597,0.4652,nan,nan,nan,UNKNOWN,0.0,0.0,False,False,False,False,False,horizontal
39.312,-0.05,0.0,0.0,0.0,0.0012,0.0095,-0.0012,-0.0095,-496,-501,0.4597,0.4643,nan,nan,nan,UNKNOWN,0.0,0.0,False,False,False,False,False,horizontal
39.362,-0.05,0.0,0.0,0.0,0.0,0.0082,0.0,-0.0082,-496,-501,0.4597,0.4643,nan,nan,nan,UNKNOWN,0.0,0.0,False,False,False,False,False,horizontal
39.412,-0.05,0.0,0.0,0.0,0.0,0.0082,0.0,-0.0082,-496,-501,0.4597,0.4643,nan,nan,nan,UNKNOWN,0.0,0.0,False,False,False,False,False,horizontal
39.462,-0.05,0.0,0.0,0.0,0.0,0.0065,0.0,-0.0065,-496,-501,0.4597,0.4643,nan,nan,nan,UNKNOWN,0.0,0.0,False,False,False,False,False,horizontal
39.512,-0.05,0.0,0.0,0.0,0.0,0.0065,0.0,-0.0065,-496,-501,0.4597,0.4643,nan,nan,nan,UNKNOWN,0.0,0.0,False,False,False,False,False,horizontal
39.562,-0.05,0.0,0.0,0.0,0.0,0.0065,0.0,-0.0065,-496,-501,0.4597,0.4643,nan,nan,nan,UNKNOWN,0.0,0.0,False,False,False,False,False,horizontal
39.612,-0.05,0.0,0.0,0.0,0.0,0.0052,0.0,-0.0052,-496,-501,0.4597,0.4643,nan,nan,nan,UNKNOWN,0.0,0.0,False,False,False,False,False,horizontal
39.662,-0.05,0.0,0.0,0.0,0.0,0.0052,0.0,-0.0052,-496,-501,0.4597,0.4643,nan,nan,nan,UNKNOWN,0.0,0.0,False,False,False,False,False,horizontal
39.712,-0.05,0.0,0.0,0.0,0.0,0.0042,0.0,-0.0042,-496,-501,0.4597,0.4643,nan,nan,nan,UNKNOWN,0.0,0.0,False,False,False,False,False,horizontal
39.762,-0.05,0.0,0.0,0.0,0.0,0.0042,0.0,-0.0042,-496,-501,0.4597,0.4643,nan,nan,nan,UNKNOWN,0.0,0.0,False,False,False,False,False,horizontal
39.812,-0.05,0.0,0.0,0.0,0.0,0.0042,0.0,-0.0042,-496,-501,0.4597,0.4643,nan,nan,nan,UNKNOWN,0.0,0.0,False,False,False,False,False,horizontal
39.862,-0.05,0.0,0.0,0.0,0.0,0.0033,0.0,-0.0033,-496,-501,0.4597,0.4643,nan,nan,nan,UNKNOWN,0.0,0.0,False,False,False,False,False,horizontal
39.912,-0.05,0.0,0.0,0.0,0.0,0.0033,0.0,-0.0033,-496,-501,0.4597,0.4643,nan,nan,nan,UNKNOWN,0.0,0.0,False,False,False,False,False,horizontal
39.962,-0.05,0.0,0.0,0.0,0.0,0.0027,0.0,-0.0027,-496,-501,0.4597,0.4643,nan,nan,nan,UNKNOWN,0.0,0.0,False,False,False,False,False,horizontal
40.012,-0.05,0.0,0.0,0.0,0.0,0.0027,0.0,-0.0027,-496,-501,0.4597,0.4643,nan,nan,nan,UNKNOWN,0.0,0.0,False,False,False,False,False,horizontal
40.064,-0.05,0.0,0.0,0.0,0.0,0.0021,0.0,-0.0021,-496,-501,0.4597,0.4643,nan,nan,nan,UNKNOWN,0.0,0.0,False,False,False,False,False,horizontal
40.112,-0.05,0.0,0.0,0.0,0.0,0.0021,0.0,-0.0021,-496,-501,0.4597,0.4643,nan,nan,nan,UNKNOWN,0.0,0.0,False,False,False,False,False,horizontal
40.162,-0.05,0.0,0.0,0.0,0.0,0.0021,0.0,-0.0021,-496,-501,0.4597,0.4643,nan,nan,nan,UNKNOWN,0.0,0.0,False,False,False,False,False,horizontal
40.212,-0.05,0.0,0.0,0.0,0.0,0.0017,0.0,-0.0017,-496,-501,0.4597,0.4643,nan,nan,nan,UNKNOWN,0.0,0.0,False,False,False,False,False,horizontal
40.262,-0.05,0.0,0.0,0.0,0.0,0.0017,0.0,-0.0017,-496,-501,0.4597,0.4643,nan,nan,nan,UNKNOWN,0.0,0.0,False,False,False,False,False,horizontal
40.312,-0.05,0.0,0.0,0.0,0.0,0.0014,0.0,-0.0014,-496,-501,0.4597,0.4643,nan,nan,nan,UNKNOWN,0.0,0.0,False,False,False,False,False,horizontal
40.362,-0.05,0.0,0.0,0.0,0.0,0.0014,0.0,-0.0014,-496,-501,0.4597,0.4643,nan,nan,nan,UNKNOWN,0.0,0.0,False,False,False,False,False,horizontal
40.412,-0.05,0.0,0.0,0.0,0.0,0.0014,0.0,-0.0014,-496,-501,0.4597,0.4643,nan,nan,nan,UNKNOWN,0.0,0.0,False,False,False,False,False,horizontal
40.462,-0.05,0.0,0.0,0.0,0.0,0.0011,0.0,-0.0011,-496,-501,0.4597,0.4643,nan,nan,nan,UNKNOWN,0.0,0.0,False,False,False,False,False,horizontal
40.512,-0.05,0.0,0.0,0.0,0.0,0.0011,0.0,-0.0011,-496,-501,0.4597,0.4643,nan,nan,nan,UNKNOWN,0.0,0.0,False,False,False,False,False,horizontal
40.562,-0.05,0.0,0.0,0.0,0.0,0.0011,0.0,-0.0011,-496,-501,0.4597,0.4643,nan,nan,nan,UNKNOWN,0.0,0.0,False,False,False,False,False,horizontal
40.612,-0.05,0.0,0.0,0.0,0.0,0.0,0.0,0.0,-496,-501,0.4597,0.4643,nan,nan,nan,UNKNOWN,0.0,0.0,False,False,False,False,False,horizontal
40.662,-0.05,0.0,0.0,0.0,0.0,0.0,0.0,0.0,-496,-501,0.4597,0.4643,nan,nan,nan,UNKNOWN,0.0,0.0,False,False,False,False,False,horizontal
40.712,-0.05,0.0,0.0,0.0,0.0,0.0,0.0,0.0,-496,-501,0.4597,0.4643,nan,nan,nan,UNKNOWN,0.0,0.0,False,False,False,False,False,horizontal
40.762,-0.05,0.0,0.0,0.0,0.0,0.0,0.0,0.0,-496,-501,0.4597,0.4643,nan,nan,nan,UNKNOWN,0.0,0.0,False,False,False,False,False,horizontal
40.812,-0.05,0.0,0.0,0.0,0.0,0.0,0.0,0.0,-496,-501,0.4597,0.4643,nan,nan,nan,UNKNOWN,0.0,0.0,False,False,False,False,False,horizontal
40.862,-0.05,0.0,0.0,0.0,0.0,0.0,0.0,0.0,-496,-501,0.4597,0.4643,nan,nan,nan,UNKNOWN,0.0,0.0,False,False,False,False,False,horizontal
40.912,-0.05,0.0,0.0,0.0,0.0,0.0,0.0,0.0,-496,-501,0.4597,0.4643,nan,nan,nan,UNKNOWN,0.0,0.0,False,False,False,False,False,horizontal
40.962,-0.05,0.0,0.0,0.0,0.0,0.0,0.0,0.0,-496,-501,0.4597,0.4643,nan,nan,nan,UNKNOWN,0.0,0.0,False,False,False,False,False,horizontal
41.012,-0.05,0.0,0.0,0.0,0.0,0.0,0.0,0.0,-496,-501,0.4597,0.4643,nan,nan,nan,UNKNOWN,0.0,0.0,False,False,False,False,False,horizontal
41.064,-0.05,0.0,0.0,0.0,0.0,0.0,0.0,0.0,-496,-501,0.4597,0.4643,nan,nan,nan,UNKNOWN,0.0,0.0,False,False,False,False,False,horizontal
41.113,-0.05,0.0,0.0,0.0,0.0,0.0,0.0,0.0,-496,-501,0.4597,0.4643,nan,nan,nan,UNKNOWN,0.0,0.0,False,False,False,False,False,horizontal
41.162,-0.05,0.0,0.0,0.0,0.0,0.0,0.0,0.0,-496,-501,0.4597,0.4643,nan,nan,nan,UNKNOWN,0.0,0.0,False,False,False,False,False,horizontal
41.212,-0.05,0.0,0.0,0.0,0.0,0.0,0.0,0.0,-496,-501,0.4597,0.4643,nan,nan,nan,UNKNOWN,0.0,0.0,False,False,False,False,False,horizontal
41.262,-0.05,0.0,0.0,0.0,0.0,0.0,0.0,0.0,-496,-501,0.4597,0.4643,nan,nan,nan,UNKNOWN,0.0,0.0,False,False,False,False,False,horizontal
41.312,-0.05,0.0,0.0,0.0,0.0,0.0,0.0,0.0,-496,-501,0.4597,0.4643,nan,nan,nan,UNKNOWN,0.0,0.0,False,False,False,False,False,horizontal
41.362,-0.05,0.0,0.0,0.0,0.0,0.0,0.0,0.0,-496,-501,0.4597,0.4643,nan,nan,nan,UNKNOWN,0.0,0.0,False,False,False,False,False,horizontal
41.412,-0.05,0.0,0.0,0.0,0.0,0.0,0.0,0.0,-496,-501,0.4597,0.4643,nan,nan,nan,UNKNOWN,0.0,0.0,False,False,False,False,False,horizontal
41.462,-0.05,0.0,0.0,0.0,0.0,0.0,0.0,0.0,-496,-501,0.4597,0.4643,nan,nan,nan,UNKNOWN,0.0,0.0,False,False,False,False,False,horizontal
41.512,-0.05,0.0,0.0,0.0,0.0,0.0,0.0,0.0,-496,-501,0.4597,0.4643,nan,nan,nan,UNKNOWN,0.0,0.0,False,False,False,False,False,horizontal
41.562,-0.05,0.0,0.0,0.0,0.0,0.0,0.0,0.0,-496,-501,0.4597,0.4643,nan,nan,nan,UNKNOWN,0.0,0.0,False,False,False,False,False,horizontal
41.612,-0.05,0.0,0.0,0.0,0.0,0.0,0.0,0.0,-496,-501,0.4597,0.4643,nan,nan,nan,UNKNOWN,0.0,0.0,False,False,False,False,False,horizontal
41.662,-0.05,0.0,0.0,0.0,0.0,0.0,0.0,0.0,-496,-501,0.4597,0.4643,nan,nan,nan,UNKNOWN,0.0,0.0,False,False,False,False,False,horizontal
41.712,-0.05,0.0,0.0,0.0,0.0,0.0,0.0,0.0,-496,-501,0.4597,0.4643,nan,nan,nan,UNKNOWN,0.0,0.0,False,False,False,False,False,horizontal
41.762,-0.05,0.0,0.0,0.0,0.0,0.0,0.0,0.0,-496,-501,0.4597,0.4643,nan,nan,nan,UNKNOWN,0.0,0.0,False,False,False,False,False,horizontal
41.812,-0.05,0.0,0.0,0.0,0.0,0.0,0.0,0.0,-496,-501,0.4597,0.4643,nan,nan,nan,UNKNOWN,0.0,0.0,False,False,False,False,False,horizontal
41.862,-0.05,0.0,0.0,0.0,0.0,0.0,0.0,0.0,-496,-501,0.4597,0.4643,nan,nan,nan,UNKNOWN,0.0,0.0,False,False,False,False,False,horizontal
41.912,-0.05,0.0,0.0,0.0,0.0,0.0,0.0,0.0,-496,-501,0.4597,0.4643,nan,nan,nan,UNKNOWN,0.0,0.0,False,False,False,False,False,horizontal
41.962,-0.05,0.0,0.0,0.0,0.0,0.0,0.0,0.0,-496,-501,0.4597,0.4643,nan,nan,nan,UNKNOWN,0.0,0.0,False,False,False,False,False,horizontal
42.012,-0.05,0.0,0.0,0.0,0.0,0.0,0.0,0.0,-496,-501,0.4597,0.4643,nan,nan,nan,UNKNOWN,0.0,0.0,False,False,False,False,False,horizontal
42.064,-0.05,0.0,0.0,0.0,0.0,0.0,0.0,0.0,-496,-501,0.4597,0.4643,nan,nan,nan,UNKNOWN,0.0,0.0,False,False,False,False,False,horizontal
42.112,-0.05,0.0,0.0,0.0,0.0,0.0,0.0,0.0,-496,-501,0.4597,0.4643,nan,nan,nan,UNKNOWN,0.0,0.0,False,False,False,False,False,horizontal
42.162,-0.05,0.0,0.0,0.0,0.0,0.0,0.0,0.0,-496,-501,0.4597,0.4643,nan,nan,nan,UNKNOWN,0.0,0.0,False,False,False,False,False,horizontal
42.212,-0.05,0.0,0.0,0.0,0.0,0.0,0.0,0.0,-496,-501,0.4597,0.4643,nan,nan,nan,UNKNOWN,0.0,0.0,False,False,False,False,False,horizontal
42.262,-0.05,0.0,0.0,0.0,0.0,0.0,0.0,0.0,-496,-501,0.4597,0.4643,nan,nan,nan,UNKNOWN,0.0,0.0,False,False,False,False,False,horizontal
42.312,-0.05,0.0,0.0,0.0,0.0,0.0,0.0,0.0,-496,-501,0.4597,0.4643,nan,nan,nan,UNKNOWN,0.0,0.0,False,False,False,False,False,horizontal
42.362,-0.05,0.0,0.0,0.0,0.0,0.0,0.0,0.0,-496,-501,0.4597,0.4643,nan,nan,nan,UNKNOWN,0.0,0.0,False,False,False,False,False,horizontal
42.413,-0.05,0.0,0.0,0.0,0.0,0.0,0.0,0.0,-496,-501,0.4597,0.4643,nan,nan,nan,UNKNOWN,0.0,0.0,False,False,False,False,False,horizontal
42.462,-0.05,0.0,0.0,0.0,0.0,0.0,0.0,0.0,-496,-501,0.4597,0.4643,nan,nan,nan,UNKNOWN,0.0,0.0,False,False,False,False,False,horizontal
42.512,-0.05,0.0,0.0,0.0,0.0,0.0,0.0,0.0,-496,-501,0.4597,0.4643,nan,nan,nan,UNKNOWN,0.0,0.0,False,False,False,False,False,horizontal
42.562,-0.05,0.0,0.0,0.0,0.0,0.0,0.0,0.0,-496,-501,0.4597,0.4643,nan,nan,nan,UNKNOWN,0.0,0.0,False,False,False,False,False,horizontal
42.612,-0.05,0.0,0.0,0.0,0.0,0.0,0.0,0.0,-496,-501,0.4597,0.4643,nan,nan,nan,UNKNOWN,0.0,0.0,False,False,False,False,False,horizontal
42.662,-0.05,0.0,0.0,0.0,0.0,0.0,0.0,0.0,-496,-501,0.4597,0.4643,nan,nan,nan,UNKNOWN,0.0,0.0,False,False,False,False,False,horizontal
42.712,-0.05,0.0,0.0,0.0,0.0,0.0,0.0,0.0,-496,-501,0.4597,0.4643,nan,nan,nan,UNKNOWN,0.0,0.0,False,False,False,False,False,horizontal
42.762,-0.05,0.0,0.0,0.0,0.0,0.0,0.0,0.0,-496,-501,0.4597,0.4643,nan,nan,nan,UNKNOWN,0.0,0.0,False,False,False,False,False,horizontal
42.813,-0.05,0.0,0.0,0.0,0.0,0.0,0.0,0.0,-496,-501,0.4597,0.4643,nan,nan,nan,UNKNOWN,0.0,0.0,False,False,False,False,False,horizontal
42.862,-0.05,0.0,0.0,0.0,0.0,0.0,0.0,0.0,-496,-501,0.4597,0.4643,nan,nan,nan,UNKNOWN,0.0,0.0,False,False,False,False,False,horizontal
42.913,-0.05,0.0,0.0,0.0,0.0,0.0,0.0,0.0,-496,-501,0.4597,0.4643,nan,nan,nan,UNKNOWN,0.0,0.0,False,False,False,False,False,horizontal
42.962,-0.05,0.0,0.0,0.0,0.0,0.0,0.0,0.0,-496,-501,0.4597,0.4643,nan,nan,nan,UNKNOWN,0.0,0.0,False,False,False,False,False,horizontal
43.012,-0.05,0.0,0.0,0.0,0.0,0.0,0.0,0.0,-496,-501,0.4597,0.4643,nan,nan,nan,UNKNOWN,0.0,0.0,False,False,False,False,False,horizontal
43.064,-0.05,0.0,0.0,0.0,0.0,0.0,0.0,0.0,-496,-501,0.4597,0.4643,nan,nan,nan,UNKNOWN,0.0,0.0,False,False,False,False,False,horizontal
43.112,-0.05,0.0,0.0,0.0,0.0,0.0,0.0,0.0,-496,-501,0.4597,0.4643,nan,nan,nan,UNKNOWN,0.0,0.0,False,False,False,False,False,horizontal
43.162,-0.05,0.0,0.0,0.0,0.0,0.0,0.0,0.0,-496,-501,0.4597,0.4643,nan,nan,nan,UNKNOWN,0.0,0.0,False,False,False,False,False,horizontal
43.212,-0.05,0.0,0.0,0.0,0.0,0.0,0.0,0.0,-496,-501,0.4597,0.4643,nan,nan,nan,UNKNOWN,0.0,0.0,False,False,False,False,False,horizontal
43.262,-0.05,0.0,0.0,0.0,0.0,0.0,0.0,0.0,-496,-501,0.4597,0.4643,nan,nan,nan,UNKNOWN,0.0,0.0,False,False,False,False,False,horizontal
43.312,-0.05,0.0,0.0,0.0,0.0,0.0,0.0,0.0,-496,-501,0.4597,0.4643,nan,nan,nan,UNKNOWN,0.0,0.0,False,False,False,False,False,horizontal
43.362,-0.05,0.0,0.0,0.0,0.0,0.0,0.0,0.0,-496,-501,0.4597,0.4643,nan,nan,nan,UNKNOWN,0.0,0.0,False,False,False,False,False,horizontal
43.412,-0.05,0.0,0.0,0.0,0.0,0.0,0.0,0.0,-496,-501,0.4597,0.4643,nan,nan,nan,UNKNOWN,0.0,0.0,False,False,False,False,False,horizontal
43.462,-0.05,0.0,0.0,0.0,0.0,0.0,0.0,0.0,-496,-501,0.4597,0.4643,nan,nan,nan,UNKNOWN,0.0,0.0,False,False,False,False,False,horizontal
43.513,-0.05,0.0,0.0,0.0,0.0,0.0,0.0,0.0,-496,-501,0.4597,0.4643,nan,nan,nan,UNKNOWN,0.0,0.0,False,False,False,False,False,horizontal
43.562,-0.05,0.0,0.0,0.0,0.0,0.0,0.0,0.0,-496,-501,0.4597,0.4643,nan,nan,nan,UNKNOWN,0.0,0.0,False,False,False,False,False,horizontal
43.612,-0.05,0.0,0.0,0.0,0.0,0.0,0.0,0.0,-496,-501,0.4597,0.4643,nan,nan,nan,UNKNOWN,0.0,0.0,False,False,False,False,False,horizontal
43.662,-0.05,0.0,0.0,0.0,0.0,0.0,0.0,0.0,-496,-501,0.4597,0.4643,nan,nan,nan,UNKNOWN,0.0,0.0,False,False,False,False,False,horizontal
43.712,-0.05,0.0,0.0,0.0,0.0,0.0,0.0,0.0,-496,-501,0.4597,0.4643,nan,nan,nan,UNKNOWN,0.0,0.0,False,False,False,False,False,horizontal
43.762,-0.05,0.0,0.0,0.0,0.0,0.0,0.0,0.0,-496,-501,0.4597,0.4643,nan,nan,nan,UNKNOWN,0.0,0.0,False,False,False,False,False,horizontal
43.812,-0.05,0.0,0.0,0.0,0.0,0.0,0.0,0.0,-496,-501,0.4597,0.4643,nan,nan,nan,UNKNOWN,0.0,0.0,False,False,False,False,False,horizontal
43.862,-0.05,0.0,0.0,0.0,0.0,0.0,0.0,0.0,-496,-501,0.4597,0.4643,nan,nan,nan,UNKNOWN,0.0,0.0,False,False,False,False,False,horizontal
43.912,-0.05,0.0,0.0,0.0,0.0,0.0,0.0,0.0,-496,-501,0.4597,0.4643,nan,nan,nan,UNKNOWN,0.0,0.0,False,False,False,False,False,horizontal
43.962,-0.05,0.0,0.0,0.0,0.0,0.0,0.0,0.0,-496,-501,0.4597,0.4643,nan,nan,nan,UNKNOWN,0.0,0.0,False,False,False,False,False,horizontal
44.012,-0.05,0.0,0.0,0.0,0.0,0.0,0.0,0.0,-496,-501,0.4597,0.4643,nan,nan,nan,UNKNOWN,0.0,0.0,False,False,False,False,False,horizontal
44.064,-0.05,0.0,0.0,0.0,0.0,0.0,0.0,0.0,-496,-501,0.4597,0.4643,nan,nan,nan,UNKNOWN,0.0,0.0,False,False,False,False,False,horizontal
44.112,-0.05,0.0,0.0,0.0,0.0,0.0,0.0,0.0,-496,-501,0.4597,0.4643,nan,nan,nan,UNKNOWN,0.0,0.0,False,False,False,False,False,horizontal
44.162,-0.05,0.0,0.0,0.0,0.0,0.0,0.0,0.0,-496,-501,0.4597,0.4643,nan,nan,nan,UNKNOWN,0.0,0.0,False,False,False,False,False,horizontal
44.212,-0.05,0.0,0.0,0.0,0.0,0.0,0.0,0.0,-496,-501,0.4597,0.4643,nan,nan,nan,UNKNOWN,0.0,0.0,False,False,False,False,False,horizontal
44.262,-0.05,0.0,0.0,0.0,0.0,0.0,0.0,0.0,-496,-501,0.4597,0.4643,nan,nan,nan,UNKNOWN,0.0,0.0,False,False,False,False,False,horizontal
44.312,-0.05,0.0,0.0,0.0,0.0,0.0,0.0,0.0,-496,-501,0.4597,0.4643,nan,nan,nan,UNKNOWN,0.0,0.0,False,False,False,False,False,horizontal
44.362,-0.05,0.0,0.0,0.0,0.0,0.0,0.0,0.0,-496,-501,0.4597,0.4643,nan,nan,nan,UNKNOWN,0.0,0.0,False,False,False,False,False,horizontal
44.412,-0.05,0.0,0.0,0.0,0.0,0.0,0.0,0.0,-496,-501,0.4597,0.4643,nan,nan,nan,UNKNOWN,0.0,0.0,False,False,False,False,False,horizontal
44.462,-0.05,0.0,0.0,0.0,0.0,0.0,0.0,0.0,-496,-501,0.4597,0.4643,nan,nan,nan,UNKNOWN,0.0,0.0,False,False,False,False,False,horizontal
44.512,-0.05,0.0,0.0,0.0,0.0,0.0,0.0,0.0,-496,-501,0.4597,0.4643,nan,nan,nan,UNKNOWN,0.0,0.0,False,False,False,False,False,horizontal
44.562,-0.05,0.0,0.0,0.0,0.0,0.0,0.0,0.0,-496,-501,0.4597,0.4643,nan,nan,nan,UNKNOWN,0.0,0.0,False,False,False,False,False,horizontal
44.612,-0.05,0.0,0.0,0.0,0.0,0.0,0.0,0.0,-496,-501,0.4597,0.4643,nan,nan,nan,UNKNOWN,0.0,0.0,False,False,False,False,False,horizontal
44.662,-0.05,0.0,0.0,0.0,0.0,0.0,0.0,0.0,-496,-501,0.4597,0.4643,nan,nan,nan,UNKNOWN,0.0,0.0,False,False,False,False,False,horizontal
44.712,-0.05,0.0,0.0,0.0,0.0,0.0,0.0,0.0,-496,-501,0.4597,0.4643,nan,nan,nan,UNKNOWN,0.0,0.0,False,False,False,False,False,horizontal
44.762,-0.05,0.0,0.0,0.0,0.0,0.0,0.0,0.0,-496,-501,0.4597,0.4643,nan,nan,nan,UNKNOWN,0.0,0.0,False,False,False,False,False,horizontal
44.812,-0.05,0.0,0.0,0.0,0.0,0.0,0.0,0.0,-496,-501,0.4597,0.4643,nan,nan,nan,UNKNOWN,0.0,0.0,False,False,False,False,False,horizontal
44.862,-0.05,0.0,0.0,0.0,0.0,0.0,0.0,0.0,-496,-501,0.4597,0.4643,nan,nan,nan,UNKNOWN,0.0,0.0,False,False,False,False,False,horizontal
44.912,-0.05,0.0,0.0,0.0,0.0,0.0,0.0,0.0,-496,-501,0.4597,0.4643,nan,nan,nan,UNKNOWN,0.0,0.0,False,False,False,False,False,horizontal
44.962,-0.05,0.0,0.0,0.0,0.0,0.0,0.0,0.0,-496,-501,0.4597,0.4643,nan,nan,nan,UNKNOWN,0.0,0.0,False,False,False,False,False,horizontal
45.012,-0.05,0.0,0.0,0.0,0.0,0.0,0.0,0.0,-496,-501,0.4597,0.4643,nan,nan,nan,UNKNOWN,0.0,0.0,False,False,False,False,False,horizontal
45.064,-0.05,0.0,0.0,0.0,0.0,0.0,0.0,0.0,-496,-501,0.4597,0.4643,nan,nan,nan,UNKNOWN,0.0,0.0,False,False,False,False,False,horizontal
45.112,-0.05,0.0,0.0,0.0,0.0,0.0,0.0,0.0,-496,-501,0.4597,0.4643,nan,nan,nan,UNKNOWN,0.0,0.0,False,False,False,False,False,horizontal
45.162,-0.05,0.0,0.0,0.0,0.0,0.0,0.0,0.0,-496,-501,0.4597,0.4643,nan,nan,nan,UNKNOWN,0.0,0.0,False,False,False,False,False,horizontal
45.212,-0.05,0.0,0.0,0.0,0.0,0.0,0.0,0.0,-496,-501,0.4597,0.4643,nan,nan,nan,UNKNOWN,0.0,0.0,False,False,False,False,False,horizontal
45.262,-0.05,0.0,0.0,0.0,0.0,0.0,0.0,0.0,-496,-501,0.4597,0.4643,nan,nan,nan,UNKNOWN,0.0,0.0,False,False,False,False,False,horizontal
45.312,-0.05,0.0,0.0,0.0,0.0,0.0,0.0,0.0,-496,-501,0.4597,0.4643,nan,nan,nan,UNKNOWN,0.0,0.0,False,False,False,False,False,horizontal
45.362,-0.05,0.0,0.0,0.0,0.0,0.0,0.0,0.0,-496,-501,0.4597,0.4643,nan,nan,nan,UNKNOWN,0.0,0.0,False,False,False,False,False,horizontal
45.412,-0.05,0.0,0.0,0.0,0.0,0.0,0.0,0.0,-496,-501,0.4597,0.4643,nan,nan,nan,UNKNOWN,0.0,0.0,False,False,False,False,False,horizontal
45.462,-0.05,0.0,0.0,0.0,0.0,0.0,0.0,0.0,-496,-501,0.4597,0.4643,nan,nan,nan,UNKNOWN,0.0,0.0,False,False,False,False,False,horizontal
45.512,-0.05,0.0,0.0,0.0,0.0,0.0,0.0,0.0,-496,-501,0.4597,0.4643,nan,nan,nan,UNKNOWN,0.0,0.0,False,False,False,False,False,horizontal
45.562,-0.05,0.0,0.0,0.0,0.0,0.0,0.0,0.0,-496,-501,0.4597,0.4643,nan,nan,nan,UNKNOWN,0.0,0.0,False,False,False,False,False,horizontal
45.612,-0.05,0.0,0.0,0.0,0.0,0.0,0.0,0.0,-496,-501,0.4597,0.4643,nan,nan,nan,UNKNOWN,0.0,0.0,False,False,False,False,False,horizontal
45.662,-0.05,0.0,0.0,0.0,0.0,0.0,0.0,0.0,-496,-501,0.4597,0.4643,nan,nan,nan,UNKNOWN,0.0,0.0,False,False,False,False,False,horizontal
45.712,-0.05,0.0,0.0,0.0,0.0,0.0,0.0,0.0,-496,-501,0.4597,0.4643,nan,nan,nan,UNKNOWN,0.0,0.0,False,False,False,False,False,horizontal
45.762,-0.05,0.0,0.0,0.0,0.0,0.0,0.0,0.0,-496,-501,0.4597,0.4643,nan,nan,nan,UNKNOWN,0.0,0.0,False,False,False,False,False,horizontal
45.812,-0.05,0.0,0.0,0.0,0.0,0.0,0.0,0.0,-496,-501,0.4597,0.4643,nan,nan,nan,UNKNOWN,0.0,0.0,False,False,False,False,False,horizontal
45.862,-0.05,0.0,0.0,0.0,0.0,0.0,0.0,0.0,-496,-501,0.4597,0.4643,nan,nan,nan,UNKNOWN,0.0,0.0,False,False,False,False,False,horizontal
45.912,-0.05,0.0,0.0,0.0,0.0,0.0,0.0,0.0,-496,-501,0.4597,0.4643,nan,nan,nan,UNKNOWN,0.0,0.0,False,False,False,False,False,horizontal
45.962,-0.05,0.0,0.0,0.0,0.0,0.0,0.0,0.0,-496,-501,0.4597,0.4643,nan,nan,nan,UNKNOWN,0.0,0.0,False,False,False,False,False,horizontal
46.012,-0.05,0.0,0.0,0.0,0.0,0.0,0.0,0.0,-496,-501,0.4597,0.4643,nan,nan,nan,UNKNOWN,0.0,0.0,False,False,False,False,False,horizontal
46.064,-0.05,0.0,0.0,0.0,0.0,0.0,0.0,0.0,-496,-501,0.4597,0.4643,nan,nan,nan,UNKNOWN,0.0,0.0,False,False,False,False,False,horizontal
46.112,-0.05,0.0,0.0,0.0,0.0,0.0,0.0,0.0,-496,-501,0.4597,0.4643,nan,nan,nan,UNKNOWN,0.0,0.0,False,False,False,False,False,horizontal
46.162,-0.05,0.0,0.0,0.0,0.0,0.0,0.0,0.0,-496,-501,0.4597,0.4643,nan,nan,nan,UNKNOWN,0.0,0.0,False,False,False,False,False,horizontal
46.212,-0.05,0.0,0.0,0.0,0.0,0.0,0.0,0.0,-496,-501,0.4597,0.4643,nan,nan,nan,UNKNOWN,0.0,0.0,False,False,False,False,False,horizontal
46.262,-0.05,0.0,0.0,0.0,0.0,0.0,0.0,0.0,-496,-501,0.4597,0.4643,nan,nan,nan,UNKNOWN,0.0,0.0,False,False,False,False,False,horizontal
46.312,-0.05,0.0,0.0,0.0,0.0,0.0,0.0,0.0,-496,-501,0.4597,0.4643,nan,nan,nan,UNKNOWN,0.0,0.0,False,False,False,False,False,horizontal
46.362,-0.05,0.0,0.0,0.0,0.0,0.0,0.0,0.0,-496,-501,0.4597,0.4643,nan,nan,nan,UNKNOWN,0.0,0.0,False,False,False,False,False,horizontal
46.412,-0.05,0.0,0.0,0.0,0.0,0.0,0.0,0.0,-496,-501,0.4597,0.4643,nan,nan,nan,UNKNOWN,0.0,0.0,False,False,False,False,False,horizontal
46.462,-0.05,0.0,0.0,0.0,0.0,0.0,0.0,0.0,-496,-501,0.4597,0.4643,nan,nan,nan,UNKNOWN,0.0,0.0,False,False,False,False,False,horizontal
46.512,-0.05,0.0,0.0,0.0,0.0,0.0,0.0,0.0,-496,-501,0.4597,0.4643,nan,nan,nan,UNKNOWN,0.0,0.0,False,False,False,False,False,horizontal
46.562,-0.05,0.0,0.0,0.0,0.0,0.0,0.0,0.0,-496,-501,0.4597,0.4643,nan,nan,nan,UNKNOWN,0.0,0.0,False,False,False,False,False,horizontal
