t,vx,wz,tgt_r,tgt_l,spd_r,spd_l,err_r,err_l,ticks_r,ticks_l,dist_r,dist_l,angle,weld
2.143,0.0,0.0,0.0,0.0,0.0,0.0,0.0,0.0,0,0,0.0,0.0,nan,UNKNOWN
2.193,0.0,0.3,0.045,-0.045,0.0,0.0,0.045,-0.045,0,0,0.0,0.0,-12.328121767884188,WELD_FOUND
2.243,0.0,0.3,0.045,-0.045,0.0,0.0,0.045,-0.045,0,0,0.0,0.0,-12.328121767884188,WELD_FOUND
2.293,0.0,0.3,0.045,-0.045,0.0,0.0,0.045,-0.045,0,0,0.0,0.0,-12.328121767884188,WELD_FOUND
2.343,0.0,0.3,0.045,-0.045,0.0,0.0,0.045,-0.045,2,-2,0.0019,0.0019,-12.328121767884188,WELD_FOUND
2.393,0.0,0.3,0.045,-0.045,0.0074,-0.0074,0.0376,-0.0376,2,-2,0.0019,0.0019,-12.328121767884188,WELD_FOUND
2.443,0.0,0.3,0.045,-0.045,0.0074,-0.0074,0.0376,-0.0376,5,-5,0.0046,0.0046,-12.328121767884188,WELD_FOUND
2.493,0.0,0.3,0.045,-0.045,0.0074,-0.0074,0.0376,-0.0376,5,-5,0.0046,0.0046,-12.328121767884188,WELD_FOUND
