t,vx,wz,tgt_r,tgt_l,spd_r,spd_l,err_r,err_l,ticks_r,ticks_l,dist_r,dist_l,raw_angle,filtered_angle,error,weld
2.117,0.0,0.0,0.0,0.0,0.0,0.0,0.0,0.0,0,0,0.0,0.0,-6.328121600918977,nan,nan,NO_WELD
2.167,0.0,0.0,0.0,0.0,0.0,0.0,0.0,0.0,0,0,0.0,0.0,-6.328121600918977,nan,nan,NO_WELD
2.217,0.0,0.0,0.0,0.0,0.0,0.0,0.0,0.0,0,0,0.0,0.0,0.35156592487770283,nan,nan,NO_WELD
2.267,0.0,0.0,0.0,0.0,0.0,0.0,0.0,0.0,0,0,0.0,0.0,0.35156592487770283,nan,nan,NO_WELD
2.317,0.0,0.0,0.0,0.0,0.0,0.0,0.0,0.0,0,0,0.0,0.0,-3.164059092912196,nan,nan,NO_WELD
2.367,0.0,0.0,0.0,0.0,0.0,0.0,0.0,0.0,0,0,0.0,0.0,-3.164059092912196,nan,nan,NO_WELD
2.417,0.0,0.0,0.0,0.0,0.0,0.0,0.0,0.0,0,0,0.0,0.0,0.35156592487770283,nan,nan,NO_WELD
2.467,0.0,0.0,0.0,0.0,0.0,0.0,0.0,0.0,0,0,0.0,0.0,0.35156592487770283,nan,nan,NO_WELD
2.517,0.0,0.0,0.0,0.0,0.0,0.0,0.0,0.0,0,0,0.0,0.0,2.4609410636176894,nan,nan,NO_WELD
2.567,0.0,0.0,0.0,0.0,0.0,0.0,0.0,0.0,0,0,0.0,0.0,2.4609410636176894,nan,nan,NO_WELD
2.617,0.0,0.0,0.0,0.0,0.0,0.0,0.0,0.0,0,0,0.0,0.0,2.4609410636176894,nan,nan,NO_WELD
2.667,0.0,0.0,0.0,0.0,0.0,0.0,0.0,0.0,0,0,0.0,0.0,2.4609410636176894,nan,nan,NO_WELD
2.717,0.0,0.0,0.0,0.0,0.0,0.0,0.0,0.0,0,0,0.0,0.0,2.812503493359528,nan,nan,NO_WELD
2.767,0.0,0.0,0.0,0.0,0.0,0.0,0.0,0.0,0,0,0.0,0.0,2.812503493359528,nan,nan,NO_WELD
2.817,0.0,0.0,0.0,0.0,0.0,0.0,0.0,0.0,0,0,0.0,0.0,-3.8671843792826963,nan,nan,NO_WELD
2.867,0.0,0.0,0.0,0.0,0.0,0.0,0.0,0.0,0,0,0.0,0.0,-3.8671843792826963,nan,nan,NO_WELD
2.917,0.0,0.0,0.0,0.0,0.0,0.0,0.0,0.0,0,0,0.0,0.0,1.4062534542270564,nan,nan,NO_WELD
2.967,0.0,0.0,0.0,0.0,0.0,0.0,0.0,0.0,0,0,0.0,0.0,1.4062534542270564,nan,nan,NO_WELD
3.017,0.0,0.0,0.0,0.0,0.0,0.0,0.0,0.0,0,0,0.0,0.0,-7.7343721736599775,nan,nan,NO_WELD
3.068,0.0,0.0,0.0,0.0,0.0,0.0,0.0,0.0,0,0,0.0,0.0,-7.7343721736599775,nan,nan,NO_WELD
3.117,0.0,0.0,0.0,0.0,0.0,0.0,0.0,0.0,0,0,0.0,0.0,2.109378420432439,nan,nan,NO_WELD
3.167,0.0,0.0,0.0,0.0,0.0,0.0,0.0,0.0,0,0,0.0,0.0,2.109378420432439,nan,nan,NO_WELD
3.217,0.0,0.0,0.0,0.0,0.0,0.0,0.0,0.0,0,0,0.0,0.0,2.812503493359528,nan,nan,NO_WELD
3.267,0.0,0.0,0.0,0.0,0.0,0.0,0.0,0.0,0,0,0.0,0.0,2.812503493359528,nan,nan,NO_WELD
3.317,0.0,0.0,0.0,0.0,0.0,0.0,0.0,0.0,0,0,0.0,0.0,2.4609410636176894,nan,nan,NO_WELD
3.367,0.0,0.0,0.0,0.0,0.0,0.0,0.0,0.0,0,0,0.0,0.0,2.4609410636176894,nan,nan,NO_WELD
3.417,0.0,0.0,0.0,0.0,0.0,0.0,0.0,0.0,0,0,0.0,0.0,4.5703160689555435,nan,nan,NO_WELD
3.467,0.0,0.0,0.0,0.0,0.0,0.0,0.0,0.0,0,0,0.0,0.0,4.5703160689555435,nan,nan,NO_WELD
3.517,0.0,0.0,0.0,0.0,0.0,0.0,0.0,0.0,0,0,0.0,0.0,-5.273434098250051,nan,nan,NO_WELD
3.567,0.0,0.0,0.0,0.0,0.0,0.0,0.0,0.0,0,0,0.0,0.0,-5.273434098250051,nan,nan,NO_WELD
3.617,0.0,0.0,0.0,0.0,0.0,0.0,0.0,0.0,0,0,0.0,0.0,4.921878712140794,nan,nan,NO_WELD
3.667,0.0,0.0,0.0,0.0,0.0,0.0,0.0,0.0,0,0,0.0,0.0,4.921878712140794,nan,nan,NO_WELD
3.717,0.0,0.0,0.0,0.0,0.0,0.0,0.0,0.0,0,0,0.0,0.0,1.054690917763512,nan,nan,NO_WELD
3.767,0.0,0.0,0.0,0.0,0.0,0.0,0.0,0.0,0,0,0.0,0.0,1.054690917763512,nan,nan,NO_WELD
3.817,0.0,0.0,0.0,0.0,0.0,0.0,0.0,0.0,0,0,0.0,0.0,2.812503493359528,nan,nan,NO_WELD
3.867,0.0,0.0,0.0,0.0,0.0,0.0,0.0,0.0,0,0,0.0,0.0,2.812503493359528,nan,nan,NO_WELD
3.917,0.0,0.0,0.0,0.0,0.0,0.0,0.0,0.0,0,0,0.0,0.0,4.5703160689555435,nan,nan,NO_WELD
3.967,0.0,0.0,0.0,0.0,0.0,0.0,0.0,0.0,0,0,0.0,0.0,4.5703160689555435,nan,nan,NO_WELD
4.017,0.0,0.0,0.0,0.0,0.0,0.0,0.0,0.0,0,0,0.0,0.0,1.054690917763512,nan,nan,NO_WELD
4.068,0.0,0.0,0.0,0.0,0.0,0.0,0.0,0.0,0,0,0.0,0.0,1.054690917763512,nan,nan,NO_WELD
4.117,0.0,0.0,0.0,0.0,0.0,0.0,0.0,0.0,0,0,0.0,0.0,2.109378420432439,nan,nan,NO_WELD
4.167,0.0,0.0,0.0,0.0,0.0,0.0,0.0,0.0,0,0,0.0,0.0,2.109378420432439,nan,nan,NO_WELD
4.217,0.0,0.0,0.0,0.0,0.0,0.0,0.0,0.0,0,0,0.0,0.0,4.5703160689555435,nan,nan,NO_WELD
4.267,0.0,0.0,0.0,0.0,0.0,0.0,0.0,0.0,0,0,0.0,0.0,4.5703160689555435,nan,nan,NO_WELD
4.317,0.0,0.0,0.0,0.0,0.0,0.0,0.0,0.0,0,0,0.0,0.0,-5.9765593846205505,nan,nan,NO_WELD
4.367,0.0,0.0,0.0,0.0,0.0,0.0,0.0,0.0,0,0,0.0,0.0,-5.9765593846205505,nan,nan,NO_WELD
4.417,0.0,0.0,0.0,0.0,0.0,0.0,0.0,0.0,0,0,0.0,0.0,-6.6796842441042275,nan,nan,NO_WELD
4.467,0.0,0.0,0.0,0.0,0.0,0.0,0.0,0.0,0,0,0.0,0.0,-6.6796842441042275,nan,nan,NO_WELD
4.517,0.0,0.0,0.0,0.0,0.0,0.0,0.0,0.0,0,0,0.0,0.0,0.7031284346608206,nan,nan,NO_WELD
4.567,0.0,0.0,0.0,0.0,0.0,0.0,0.0,0.0,0,0,0.0,0.0,0.7031284346608206,nan,nan,NO_WELD
4.617,0.0,0.0,0.0,0.0,0.0,0.0,0.0,0.0,0,0,0.0,0.0,1.4062534542270564,nan,nan,NO_WELD
4.667,0.0,0.0,0.0,0.0,0.0,0.0,0.0,0.0,0,0,0.0,0.0,1.4062534542270564,nan,nan,NO_WELD
4.717,0.0,0.0,0.0,0.0,0.0,0.0,0.0,0.0,0,0,0.0,0.0,2.109378420432439,nan,nan,NO_WELD
4.767,0.0,0.0,0.0,0.0,0.0,0.0,0.0,0.0,0,0,0.0,0.0,2.109378420432439,nan,nan,NO_WELD
4.817,0.0,0.0,0.0,0.0,0.0,0.0,0.0,0.0,0,0,0.0,0.0,-3.164059092912196,nan,nan,NO_WELD
4.867,0.0,0.0,0.0,0.0,0.0,0.0,0.0,0.0,0,0,0.0,0.0,-3.164059092912196,nan,nan,NO_WELD
4.917,0.0,0.0,0.0,0.0,0.0,0.0,0.0,0.0,0,0,0.0,0.0,5.2734409284392205,nan,nan,NO_WELD
4.967,0.0,0.0,0.0,0.0,0.0,0.0,0.0,0.0,0,0,0.0,0.0,5.2734409284392205,nan,nan,NO_WELD
5.017,0.0,0.0,0.0,0.0,0.0,0.0,0.0,0.0,0,0,0.0,0.0,2.109378420432439,nan,nan,NO_WELD
5.068,0.0,0.0,0.0,0.0,0.0,0.0,0.0,0.0,0,0,0.0,0.0,2.109378420432439,nan,nan,NO_WELD
5.117,0.0,0.0,0.0,0.0,0.0,0.0,0.0,0.0,0,0,0.0,0.0,2.4609410636176894,nan,nan,NO_WELD
5.167,0.0,0.0,0.0,0.0,0.0,0.0,0.0,0.0,0,0,0.0,0.0,2.4609410636176894,nan,nan,NO_WELD
5.217,0.0,0.0,0.0,0.0,0.0,0.0,0.0,0.0,0,0,0.0,0.0,2.4609410636176894,nan,nan,NO_WELD
5.267,0.0,0.0,0.0,0.0,0.0,0.0,0.0,0.0,0,0,0.0,0.0,2.4609410636176894,nan,nan,NO_WELD
5.317,0.0,0.0,0.0,0.0,0.0,0.0,0.0,0.0,0,0,0.0,0.0,1.4062534542270564,nan,nan,NO_WELD
5.367,0.0,0.0,0.0,0.0,0.0,0.0,0.0,0.0,0,0,0.0,0.0,1.4062534542270564,nan,nan,NO_WELD
5.417,0.0,0.0,0.0,0.0,0.0,0.0,0.0,0.0,0,0,0.0,0.0,1.054690917763512,1.054690917763512,0.0,WELD_FOUND
5.467,0.0,0.0,0.0,0.0,0.0,0.0,0.0,0.0,0,0,0.0,0.0,1.054690917763512,1.054690917763512,0.0,WELD_FOUND
5.517,0.02691661600064618,-0.05,0.01941661600064618,0.034416616000646175,0.0,0.0,0.0194,0.0344,0,0,0.0,0.0,1.4062534542270564,1.2304722393561371,0.17578121487091924,WELD_FOUND
5.567,0.02691661600064618,-0.05,0.01941661600064618,0.034416616000646175,0.0,0.0,0.0194,0.0344,0,0,0.0,0.0,1.4062534542270564,1.2304722393561371,0.17578121487091924,WELD_FOUND
5.617,0.026060287168176783,-0.06352860572743849,0.016530996309061012,0.035589578027292554,0.0025,0.0,0.0141,0.0356,1,0,0.0009,0.0,3.1640659231013664,1.4062534542270564,1.75781246887431,WELD_FOUND
5.667,0.026060287168176783,-0.06352860572743849,0.016530996309061012,0.035589578027292554,0.0025,0.0,0.0141,0.0356,1,0,0.0009,0.0,3.1640659231013664,1.4062534542270564,1.75781246887431,WELD_FOUND
5.717,0.025890682533831467,-0.0617911365193274,0.016622012055932358,0.03515935301173058,0.02,0.0,-0.0034,0.0352,6,0,0.0056,0.0,1.4062534542270564,1.4062534542270564,0.0,WELD_FOUND
5.767,0.025890682533831467,-0.0617911365193274,0.016622012055932358,0.03515935301173058,0.02,0.0,-0.0034,0.0352,6,0,0.0056,0.0,1.4062534542270564,1.4062534542270564,0.0,WELD_FOUND
5.817,0.0,0.0,0.0,0.0,0.0343,0.0,-0.0343,0.0,12,0,0.0111,0.0,1.4062534542270564,nan,nan,NO_WELD
5.867,0.0,0.0,0.0,0.0,0.0343,0.0,-0.0343,0.0,12,0,0.0111,0.0,1.4062534542270564,nan,nan,NO_WELD
5.917,0.024192342722744432,-0.05,0.016692342722744433,0.03169234272274443,0.0343,0.0,-0.0176,0.0317,15,1,0.0139,0.0009,1.7578159906906006,1.7578159906906006,0.0,WELD_FOUND
5.967,0.024192342722744432,-0.05,0.016692342722744433,0.03169234272274443,0.028,0.0037,-0.0113,0.028,15,1,0.0139,0.0009,1.7578159906906006,1.7578159906906006,0.0,WELD_FOUND
6.017,0.028096382347033228,-0.028428594483155482,0.023832093174559907,0.03236067151950655,0.028,0.0037,-0.0041,0.0287,16,1,0.0148,0.0009,3.4150945850063755e-06,0.8789097028925928,-0.8789062877980078,WELD_FOUND
6.068,0.028096382347033228,-0.028428594483155482,0.023832093174559907,0.03236067151950655,0.028,0.0037,-0.0041,0.0287,16,1,0.0148,0.0009,3.4150945850063755e-06,0.8789097028925928,-0.8789062877980078,WELD_FOUND
6.117,0.0,0.0,0.0,0.0,0.0242,0.003,-0.0242,-0.003,18,1,0.0167,0.0009,3.4150945850063755e-06,nan,nan,NO_WELD
6.167,0.0,0.0,0.0,0.0,0.0242,0.003,-0.0242,-0.003,18,1,0.0167,0.0009,3.4150945850063755e-06,nan,nan,NO_WELD
6.217,0.0,0.0,0.0,0.0,0.0242,0.003,-0.0242,-0.003,19,1,0.0176,0.0009,3.4150945850063755e-06,nan,nan,NO_WELD
6.267,0.0,0.0,0.0,0.0,0.017,0.0024,-0.017,-0.0024,19,1,0.0176,0.0009,3.4150945850063755e-06,nan,nan,NO_WELD
6.317,0.035,0.0,0.035,0.035,0.017,0.0024,0.018,0.0326,19,1,0.0176,0.0009,3.4150945850063755e-06,3.4150945850063755e-06,0.0,WELD_FOUND
6.367,0.035,0.0,0.035,0.035,0.0136,0.0019,0.0214,0.0331,19,1,0.0176,0.0009,3.4150945850063755e-06,3.4150945850063755e-06,0.0,WELD_FOUND
6.417,0.035,0.0,0.035,0.035,0.0136,0.0019,0.0214,0.0331,21,1,0.0195,0.0009,0.35156592487770283,0.17578466998614392,0.1757812548915589,WELD_FOUND
6.467,0.035,0.0,0.035,0.035,0.0136,0.0019,0.0214,0.0331,21,1,0.0195,0.0009,0.35156592487770283,0.17578466998614392,0.1757812548915589,WELD_FOUND
6.517,0.0,0.0,0.0,0.0,0.0279,0.0015,-0.0279,-0.0015,27,1,0.025,0.0009,0.35156592487770283,nan,nan,NO_WELD
6.567,0.0,0.0,0.0,0.0,0.0279,0.0015,-0.0279,-0.0015,27,1,0.025,0.0009,0.35156592487770283,nan,nan,NO_WELD
6.617,0.0,0.0,0.0,0.0,0.0279,0.0015,-0.0279,-0.0015,30,1,0.0278,0.0009,0.35156592487770283,nan,nan,NO_WELD
6.667,0.0,0.0,0.0,0.0,0.0242,0.0012,-0.0242,-0.0012,30,1,0.0278,0.0009,0.35156592487770283,nan,nan,NO_WELD
6.717,0.035,0.0,0.035,0.035,0.0242,0.0012,0.0108,0.0338,30,2,0.0278,0.0019,3.4150945850063755e-06,3.4150945850063755e-06,0.0,WELD_FOUND
6.767,0.035,0.0,0.035,0.035,0.0242,0.0012,0.0108,0.0338,30,2,0.0278,0.0019,3.4150945850063755e-06,3.4150945850063755e-06,0.0,WELD_FOUND
6.817,0.035,0.0,0.035,0.035,0.0194,0.0032,0.0156,0.0318,32,2,0.0297,0.0019,-0.35155909468853286,-0.17577783979697392,-0.17578125489155894,WELD_FOUND
6.867,0.035,0.0,0.035,0.035,0.0194,0.0032,0.0156,0.0318,32,2,0.0297,0.0019,-0.35155909468853286,-0.17577783979697392,-0.17578125489155894,WELD_FOUND
6.917,0.0,0.0,0.0,0.0,0.0194,0.0032,-0.0194,-0.0032,38,2,0.0352,0.0019,-0.35155909468853286,nan,nan,NO_WELD
6.967,0.0,0.0,0.0,0.0,0.0265,0.0026,-0.0265,-0.0026,38,2,0.0352,0.0019,-0.35155909468853286,nan,nan,NO_WELD
7.017,0.027402569304225275,0.05,0.03490256930422528,0.019902569304225275,0.0265,0.0026,0.0084,0.0173,40,3,0.0371,0.0028,-1.4062466240378864,-1.4062466240378864,0.0,WELD_FOUND
7.068,0.027402569304225275,0.05,0.03490256930422528,0.019902569304225275,0.0233,0.0052,0.0116,0.0147,40,3,0.0371,0.0028,-1.4062466240378864,-1.4062466240378864,0.0,WELD_FOUND
7.117,0.026155611547312198,0.06456196635944368,0.03583990650122875,0.016471316593395645,0.0233,0.0052,0.0125,0.0112,41,3,0.038,0.0028,-1.4062466240378864,-1.4062466240378864,0.0,WELD_FOUND
7.167,0.026155611547312198,0.06456196635944368,0.03583990650122875,0.016471316593395645,0.0233,0.0052,0.0125,0.0112,41,3,0.038,0.0028,-1.4062466240378864,-1.4062466240378864,0.0,WELD_FOUND
7.217,0.02590970431386915,0.061963263832644416,0.03520419388876581,0.01661521473897249,0.0239,0.0042,0.0113,0.0124,44,3,0.0408,0.0028,-0.35155909468853286,-1.4062466240378864,1.0546875293493536,WELD_FOUND
7.267,0.02590970431386915,0.061963263832644416,0.03520419388876581,0.01661521473897249,0.0239,0.0042,0.0113,0.0124,44,3,0.0408,0.0028,-0.35155909468853286,-1.4062466240378864,1.0546875293493536,WELD_FOUND
7.317,0.025860662239898132,0.06148687963705554,0.03508369418545646,0.016637630294339803,0.0239,0.0042,0.0112,0.0124,47,3,0.0436,0.0028,-1.4062466240378864,-1.4062466240378864,0.0,WELD_FOUND
7.367,0.025860662239898132,0.06148687963705554,0.03508369418545646,0.016637630294339803,0.0217,0.0034,0.0134,0.0133,47,3,0.0436,0.0028,-1.7578091605014305,-1.4062466240378864,-0.3515625364635442,WELD_FOUND
7.417,0.025850859400012624,0.06138463562738445,0.03505855474412029,0.016643164055904956,0.0217,0.0034,0.0133,0.0133,50,3,0.0463,0.0028,-1.7578091605014305,-1.4062466240378864,-0.3515625364635442,WELD_FOUND
7.467,0.025850859400012624,0.06138463562738445,0.03505855474412029,0.016643164055904956,0.0217,0.0034,0.0133,0.0133,50,3,0.0463,0.0028,-0.35155909468853286,-1.4062466240378864,1.0546875293493536,WELD_FOUND
7.517,0.025848899055031876,0.06136405765388718,0.03505350770311495,0.0166442904069488,0.0279,0.0027,0.0072,0.014,53,3,0.0491,0.0028,-0.35155909468853286,-1.4062466240378864,1.0546875293493536,WELD_FOUND
7.567,0.025848899055031876,0.06136405765388718,0.03505350770311495,0.0166442904069488,0.0279,0.0027,0.0072,0.014,53,3,0.0491,0.0028,-0.7031216044716506,-1.4062466240378864,0.7031250195662357,WELD_FOUND
7.617,0.029343046090056266,0.022098600797549373,0.03265783620968867,0.02602825597042386,0.0279,0.0027,0.0048,0.0233,57,3,0.0528,0.0028,-0.7031216044716506,-0.7031216044716506,0.0,WELD_FOUND
7.668,0.029343046090056266,0.022098600797549373,0.03265783620968867,0.02602825597042386,0.0266,0.0021,0.0061,0.0239,57,3,0.0528,0.0028,-0.7031216044716506,-0.7031216044716506,0.0,WELD_FOUND
7.717,0.0,0.0,0.0,0.0,0.0266,0.0021,-0.0266,-0.0021,62,3,0.0575,0.0028,-0.7031216044716506,nan,nan,NO_WELD
7.767,0.0,0.0,0.0,0.0,0.0266,0.0021,-0.0266,-0.0021,62,3,0.0575,0.0028,-0.7031216044716506,nan,nan,NO_WELD
7.817,0.0,0.0,0.0,0.0,0.0358,0.0017,-0.0358,-0.0017,65,3,0.0602,0.0028,-0.7031216044716506,nan,nan,NO_WELD
7.867,0.0,0.0,0.0,0.0,0.0358,0.0017,-0.0358,-0.0017,65,3,0.0602,0.0028,-1.0546840875743422,nan,nan,NO_WELD
7.917,0.02827134663080675,0.04565144871662352,0.03511906393830028,0.021423629323313223,0.0358,0.0017,-0.0007,0.0197,64,3,0.0593,0.0028,-1.0546840875743422,-1.0546840875743422,0.0,WELD_FOUND
7.967,0.02827134663080675,0.04565144871662352,0.03511906393830028,0.021423629323313223,0.019,0.0014,0.0161,0.02,64,3,0.0593,0.0028,-0.7031216044716506,-1.0546840875743422,0.35156248310269156,WELD_FOUND
8.017,0.028947705512701424,0.03673570609676743,0.03445806142721654,0.02343734959818631,0.019,0.0014,0.0154,0.0221,64,3,0.0593,0.0028,-0.7031216044716506,-0.8789028727034228,0.1757812682317722,WELD_FOUND
8.069,0.028947705512701424,0.03673570609676743,0.03445806142721654,0.02343734959818631,0.0152,0.0011,0.0192,0.0223,64,3,0.0593,0.0028,-1.7578091605014305,-0.8789028727034228,-0.8789062877980077,WELD_FOUND
8.117,0.028193526289390716,0.04785271151029166,0.03537143301593446,0.021015619562846966,0.0152,0.0011,0.0201,0.0199,69,3,0.0639,0.0028,-1.7578091605014305,-1.0546840875743422,-0.7031250729270884,WELD_FOUND
8.167,0.028193526289390716,0.04785271151029166,0.03537143301593446,0.021015619562846966,0.0152,0.0011,0.0201,0.0199,69,3,0.0639,0.0028,-0.35155909468853286,-1.0546840875743422,0.7031249928858093,WELD_FOUND
8.217,0.028931947660995928,0.03653458444038195,0.03441213532705322,0.023451759994938634,0.0339,0.0,0.0005,0.0235,74,3,0.0686,0.0028,-0.35155909468853286,-0.8789028727034228,0.52734377801489,WELD_FOUND
8.267,0.028931947660995928,0.03653458444038195,0.03441213532705322,0.023451759994938634,0.0339,0.0,0.0005,0.0235,74,3,0.0686,0.0028,-0.35155909468853286,-0.8789028727034228,0.52734377801489,WELD_FOUND
8.317,0.029984982118826536,0.028172320798843343,0.03421083023865304,0.025759133999000036,0.0339,0.0,0.0003,0.0258,78,3,0.0723,0.0028,-0.35155909468853286,-0.7031216044716506,0.35156250978311776,WELD_FOUND
8.367,0.029984982118826536,0.028172320798843343,0.03421083023865304,0.025759133999000036,0.0302,0.0,0.004,0.0258,78,3,0.0723,0.0028,-0.7031216044716506,-0.7031216044716506,0.0,WELD_FOUND
8.417,0.030197847723084193,0.03018584021454969,0.03472572375526665,0.02566997169090174,0.0302,0.0,0.0045,0.0257,83,3,0.0769,0.0028,-0.7031216044716506,-0.7031216044716506,0.0,WELD_FOUND
8.467,0.030197847723084193,0.03018584021454969,0.03472572375526665,0.02566997169090174,0.0366,0.0,-0.0019,0.0257,83,3,0.0769,0.0028,-2.1093715902432693,-0.7031216044716506,-1.4062499857716186,WELD_FOUND
8.517,0.030240511192443385,0.03057887628930536,0.03482734263583919,0.02565367974904758,0.0366,0.0,-0.0018,0.0257,88,5,0.0816,0.0046,-2.1093715902432693,-0.7031216044716506,-1.4062499857716186,WELD_FOUND
8.567,0.030240511192443385,0.03057887628930536,0.03482734263583919,0.02565367974904758,0.0366,0.0,-0.0018,0.0257,88,5,0.0816,0.0046,-2.460934233428519,-0.7031216044716506,-1.7578126289568685,WELD_FOUND
8.617,0.030249047500255533,0.030659254904479058,0.03484793573592739,0.025650159264583673,0.0443,0.0173,-0.0094,0.0083,92,10,0.0853,0.0093,-2.460934233428519,-0.7031216044716506,-1.7578126289568685,WELD_FOUND
8.667,0.030249047500255533,0.030659254904479058,0.03484793573592739,0.025650159264583673,0.0443,0.0173,-0.0094,0.0083,92,10,0.0853,0.0093,-1.4062466240378864,-0.7031216044716506,-0.7031250195662357,WELD_FOUND
8.717,0.026700876956781888,0.06995496170774787,0.03719412121294407,0.016207632700619708,0.0443,0.0173,-0.0071,-0.0011,97,14,0.0899,0.013,-1.4062466240378864,-1.4062466240378864,0.0,WELD_FOUND
8.767,0.026700876956781888,0.06995496170774787,0.03719412121294407,0.016207632700619708,0.0389,0.0203,-0.0017,-0.0041,97,14,0.0899,0.013,-1.7578091605014305,-1.4062466240378864,-0.3515625364635442,WELD_FOUND
8.817,0.024348051840399943,0.08280302081010214,0.03676850496191526,0.011927598718884621,0.0389,0.0203,-0.0021,-0.0084,100,17,0.0927,0.0158,-1.7578091605014305,-1.7578091605014305,0.0,WELD_FOUND
8.868,0.024348051840399943,0.08280302081010214,0.03676850496191526,0.011927598718884621,0.0343,0.0232,0.0024,-0.0112,100,17,0.0927,0.0158,-1.0546840875743422,-1.7578091605014305,0.7031250729270884,WELD_FOUND
8.917,0.02389050662961289,0.07791339513919417,0.03557751590049201,0.012203497358733764,0.0343,0.0232,0.0012,-0.011,101,19,0.0936,0.0176,-1.0546840875743422,-1.7578091605014305,0.7031250729270884,WELD_FOUND
8.967,0.02389050662961289,0.07791339513919417,0.03557751590049201,0.012203497358733764,0.0343,0.0232,0.0012,-0.011,101,19,0.0936,0.0176,-1.4062466240378864,-1.4062466240378864,0.0,WELD_FOUND
9.017,0.025450660514550548,0.05730563231552823,0.03404650536187978,0.016854815667221315,0.0306,0.0239,0.0035,-0.007,104,21,0.0964,0.0195,-1.4062466240378864,-1.4062466240378864,0.0,WELD_FOUND
9.068,0.025450660514550548,0.05730563231552823,0.03404650536187978,0.016854815667221315,0.0306,0.0239,0.0035,-0.007,104,21,0.0964,0.0195,-1.7578091605014305,-1.4062466240378864,-0.3515625364635442,WELD_FOUND
9.117,0.02576861256740326,0.06054591190289424,0.03485049935283739,0.016686725781969124,0.0258,0.0254,0.0091,-0.0088,106,24,0.0982,0.0222,-1.7578091605014305,-1.4062466240378864,-0.3515625364635442,WELD_FOUND
9.167,0.024168752717619396,0.08086909827380569,0.03629911745869025,0.012038387976548543,0.0258,0.0254,0.0105,-0.0134,106,24,0.0982,0.0222,-2.1093715902432693,-1.7578091605014305,-0.3515624297418387,WELD_FOUND
9.217,0.024168752717619396,0.08086909827380569,0.03629911745869025,0.012038387976548543,0.0258,0.0254,0.0105,-0.0134,109,26,0.101,0.0241,-2.1093715902432693,-1.7578091605014305,-0.3515624297418387,WELD_FOUND
9.267,0.025507964011495517,0.057891354651506285,0.03419166720922146,0.016824260813769573,0.0229,0.0202,0.0113,-0.0034,109,26,0.101,0.0241,-1.4062466240378864,-1.4062466240378864,0.0,WELD_FOUND
9.317,0.025507964011495517,0.057891354651506285,0.03419166720922146,0.016824260813769573,0.0229,0.0202,0.0113,-0.0034,113,30,0.1047,0.0278,-1.4062466240378864,-1.4062466240378864,0.0,WELD_FOUND
9.367,0.025780139437966,0.060665242323161596,0.03487992578644024,0.016680353089491763,0.0285,0.0269,0.0064,-0.0102,113,30,0.1047,0.0278,-1.0546840875743422,-1.4062466240378864,0.3515625364635442,WELD_FOUND
9.417,0.025780139437966,0.060665242323161596,0.03487992578644024,0.016680353089491763,0.0285,0.0269,0.0064,-0.0102,116,33,0.1075,0.0306,-1.0546840875743422,-1.4062466240378864,0.3515625364635442,WELD_FOUND
9.467,0.025780139437966,0.060665242323161596,0.03487992578644024,0.016680353089491763,0.0285,0.0269,0.0064,-0.0102,116,33,0.1075,0.0306,-0.35155909468853286,-1.4062466240378864,1.0546875293493536,WELD_FOUND
9.517,0.025834747849967907,0.06122145324093108,0.03501796583610757,0.016651529863828243,0.032,0.031,0.003,-0.0144,119,36,0.1103,0.0334,-0.35155909468853286,-1.4062466240378864,1.0546875293493536,WELD_FOUND
9.567,0.02756516795932786,0.041567904734618175,0.03380035366952058,0.021329982249135133,0.032,0.031,0.0018,-0.0097,119,36,0.1103,0.0334,-0.7031216044716506,-1.0546840875743422,0.35156248310269156,WELD_FOUND
9.617,0.02756516795932786,0.041567904734618175,0.03380035366952058,0.021329982249135133,0.0303,0.0297,0.0035,-0.0084,122,39,0.1131,0.0361,-0.7031216044716506,-1.0546840875743422,0.35156248310269156,WELD_FOUND
9.667,0.02970399073301565,0.025536463273971702,0.033534460224111405,0.025873521241919897,0.0303,0.0297,0.0032,-0.0039,122,39,0.1131,0.0361,-0.7031216044716506,-0.7031216044716506,0.0,WELD_FOUND
9.717,0.02970399073301565,0.025536463273971702,0.033534460224111405,0.025873521241919897,0.0303,0.0297,0.0032,-0.0039,125,42,0.1158,0.0389,-0.7031216044716506,-0.7031216044716506,0.0,WELD_FOUND
9.767,0.02970399073301565,0.025536463273971702,0.033534460224111405,0.025873521241919897,0.0256,0.0253,0.0079,0.0006,125,42,0.1158,0.0389,-2.1093715902432693,-0.7031216044716506,-1.4062499857716186,WELD_FOUND
9.817,0.030141344028102927,0.029661316388993844,0.034590541486452006,0.02569214656975385,0.0256,0.0253,0.009,0.0004,129,45,0.1196,0.0417,-2.1093715902432693,-0.7031216044716506,-1.4062499857716186,WELD_FOUND
9.867,0.03022919823673437,0.030469883754633807,0.03479968079992944,0.0256587156735393,0.0302,0.0263,0.0046,-0.0006,129,45,0.1196,0.0417,-1.7578091605014305,-0.7031216044716506,-1.05468755602978,WELD_FOUND
9.917,0.03022919823673437,0.030469883754633807,0.03479968079992944,0.0256587156735393,0.0302,0.0263,0.0046,-0.0006,132,48,0.1223,0.0445,-1.7578091605014305,-0.7031216044716506,-1.05468755602978,WELD_FOUND
9.967,0.030246784420445212,0.030638177469407515,0.03484251104085634,0.025651057800034086,0.0302,0.0263,0.0047,-0.0006,132,48,0.1223,0.0445,3.4150945850063755e-06,-0.7031216044716506,0.7031250195662356,WELD_FOUND
10.017,0.030246784420445212,0.030638177469407515,0.03484251104085634,0.025651057800034086,0.0354,0.0306,-0.0006,-0.005,136,51,0.126,0.0473,3.4150945850063755e-06,-0.7031216044716506,0.7031250195662356,WELD_FOUND
10.068,0.030246784420445212,0.030638177469407515,0.03484251104085634,0.025651057800034086,0.0354,0.0306,-0.0006,-0.005,136,51,0.126,0.0473,0.35156592487770283,-0.7031216044716506,1.0546875293493534,WELD_FOUND
10.117,0.03025030227086677,0.030671219772836125,0.03485098523679219,0.025649619304941352,0.0324,0.0295,0.0025,-0.0038,139,54,0.1288,0.05,0.35156592487770283,-0.7031216044716506,1.0546875293493534,WELD_FOUND
10.167,0.028448373884912077,0.050324045081886135,0.035996980647195,0.020899767122629156,0.0324,0.0295,0.0036,-0.0086,139,54,0.1288,0.05,-1.0546840875743422,-1.0546840875743422,0.0,WELD_FOUND
10.217,0.028448373884912077,0.050324045081886135,0.035996980647195,0.020899767122629156,0.0324,0.0295,0.0036,-0.0086,142,57,0.1316,0.0528,-1.0546840875743422,-1.0546840875743422,0.0,WELD_FOUND
10.267,0.031733122901472566,0.007588458069190162,0.03287139161185109,0.03059485419109404,0.0268,0.0251,0.006,0.0055,142,57,0.1316,0.0528,-0.35155909468853286,-0.35155909468853286,0.0,WELD_FOUND
10.317,0.031733122901472566,0.007588458069190162,0.03287139161185109,0.03059485419109404,0.0268,0.0251,0.006,0.0055,145,60,0.1344,0.0556,-0.35155909468853286,-0.35155909468853286,0.0,WELD_FOUND
10.367,0.035,0.0,0.035,0.035,0.0268,0.0251,0.0082,0.0099,145,60,0.1344,0.0556,3.4150945850063755e-06,3.4150945850063755e-06,0.0,WELD_FOUND
10.417,0.035,0.0,0.035,0.035,0.0309,0.0324,0.0041,0.0026,148,64,0.1372,0.0593,3.4150945850063755e-06,3.4150945850063755e-06,0.0,WELD_FOUND
10.467,0.0,0.0,0.0,0.0,0.0309,0.0324,-0.0309,-0.0324,148,64,0.1372,0.0593,3.4150945850063755e-06,nan,nan,NO_WELD
10.517,0.0,0.0,0.0,0.0,0.0309,0.0324,-0.0309,-0.0324,153,69,0.1418,0.0639,3.4150945850063755e-06,nan,nan,NO_WELD
10.567,0.03292897546306172,0.017049932950975222,0.035486465405708004,0.030371485520415437,0.0309,0.0318,0.0046,-0.0014,153,69,0.1418,0.0639,-0.35155909468853286,-0.35155909468853286,0.0,WELD_FOUND
10.617,0.03292897546306172,0.017049932950975222,0.035486465405708004,0.030371485520415437,0.0309,0.0318,0.0046,-0.0014,154,69,0.1427,0.0639,-0.35155909468853286,-0.35155909468853286,0.0,WELD_FOUND
10.667,0.032651523697794636,0.015951428890729546,0.035044238031404065,0.030258809364185204,0.0222,0.0254,0.0128,0.0048,154,69,0.1427,0.0639,-0.35155909468853286,-0.35155909468853286,0.0,WELD_FOUND
10.717,0.032651523697794636,0.015951428890729546,0.035044238031404065,0.030258809364185204,0.0222,0.0254,0.0128,0.0048,157,72,0.1455,0.0667,-0.35155909468853286,-0.35155909468853286,0.0,WELD_FOUND
10.767,0.03259617420336992,0.015469115014507604,0.034916541455546055,0.030275806951193775,0.0222,0.0254,0.0127,0.0049,157,72,0.1455,0.0667,3.4150945850063755e-06,-0.35155909468853286,0.35156250978311787,WELD_FOUND
10.817,0.03259617420336992,0.015469115014507604,0.034916541455546055,0.030275806951193775,0.0332,0.0326,0.0017,-0.0023,162,76,0.1501,0.0704,3.4150945850063755e-06,-0.35155909468853286,0.35156250978311787,WELD_FOUND
10.867,0.0,0.0,0.0,0.0,0.0332,0.0326,-0.0332,-0.0326,162,76,0.1501,0.0704,3.4150945850063755e-06,nan,nan,NO_WELD
10.917,0.0,0.0,0.0,0.0,0.0347,0.0344,-0.0347,-0.0344,166,80,0.1538,0.0741,3.4150945850063755e-06,nan,nan,NO_WELD
10.967,0.03258510993883012,0.015343225116440519,0.034886593706296196,0.030283626171364042,0.0347,0.0344,0.0001,-0.0041,166,80,0.1538,0.0741,-0.35155909468853286,-0.35155909468853286,0.0,WELD_FOUND
11.017,0.03258510993883012,0.015343225116440519,0.034886593706296196,0.030283626171364042,0.0347,0.0344,0.0001,-0.0041,166,81,0.1538,0.0751,-0.35155909468853286,-0.35155909468853286,0.0,WELD_FOUND
11.068,0.035,0.0,0.035,0.035,0.0278,0.0231,0.0072,0.0119,166,81,0.1538,0.0751,3.4150945850063755e-06,-0.17577783979697392,0.17578125489155894,WELD_FOUND
11.117,0.035,0.0,0.035,0.035,0.0278,0.0231,0.0072,0.0119,169,84,0.1566,0.0778,3.4150945850063755e-06,-0.17577783979697392,0.17578125489155894,WELD_FOUND
11.167,0.035,0.0,0.035,0.035,0.0278,0.0231,0.0072,0.0119,169,84,0.1566,0.0778,3.4150945850063755e-06,3.4150945850063755e-06,0.0,WELD_FOUND
11.217,0.035,0.0,0.035,0.035,0.034,0.0336,0.001,0.0014,173,89,0.1603,0.0825,3.4150945850063755e-06,3.4150945850063755e-06,0.0,WELD_FOUND
11.267,0.035,0.0,0.035,0.035,0.034,0.0336,0.001,0.0014,173,89,0.1603,0.0825,3.4150945850063755e-06,3.4150945850063755e-06,0.0,WELD_FOUND
11.317,0.035,0.0,0.035,0.035,0.034,0.0336,0.001,0.0014,178,93,0.165,0.0862,3.4150945850063755e-06,3.4150945850063755e-06,0.0,WELD_FOUND
11.367,0.035,0.0,0.035,0.035,0.0327,0.0301,0.0023,0.0049,178,93,0.165,0.0862,-0.35155909468853286,3.4150945850063755e-06,-0.35156250978311787,WELD_FOUND
11.417,0.035,0.0,0.035,0.035,0.0327,0.0301,0.0023,0.0049,182,97,0.1687,0.0899,-0.35155909468853286,3.4150945850063755e-06,-0.35156250978311787,WELD_FOUND
11.467,0.035,0.0,0.035,0.035,0.0327,0.0301,0.0023,0.0049,182,97,0.1687,0.0899,0.35156592487770283,3.4150945850063755e-06,0.3515625097831178,WELD_FOUND
11.517,0.035,0.0,0.035,0.035,0.0394,0.0378,-0.0044,-0.0028,186,101,0.1724,0.0936,0.35156592487770283,3.4150945850063755e-06,0.3515625097831178,WELD_FOUND
11.567,0.035,0.0,0.035,0.035,0.0394,0.0378,-0.0044,-0.0028,186,101,0.1724,0.0936,-0.35155909468853286,3.4150945850063755e-06,-0.35156250978311787,WELD_FOUND
11.617,0.035,0.0,0.035,0.035,0.0394,0.0378,-0.0044,-0.0028,190,105,0.1761,0.0973,-0.35155909468853286,3.4150945850063755e-06,-0.35156250978311787,WELD_FOUND
11.667,0.035,0.0,0.035,0.035,0.0335,0.0326,0.0015,0.0024,190,105,0.1761,0.0973,3.4150945850063755e-06,3.4150945850063755e-06,0.0,WELD_FOUND
11.717,0.035,0.0,0.035,0.035,0.0335,0.0326,0.0015,0.0024,194,109,0.1798,0.101,3.4150945850063755e-06,3.4150945850063755e-06,0.0,WELD_FOUND
11.767,0.03305894036563972,0.01964232009990935,0.036005288380626124,0.03011259235065332,0.035,0.0344,0.0011,-0.0043,194,109,0.1798,0.101,-0.35155909468853286,-0.35155909468853286,0.0,WELD_FOUND
11.817,0.03305894036563972,0.01964232009990935,0.036005288380626124,0.03011259235065332,0.035,0.0344,0.0011,-0.0043,198,113,0.1835,0.1047,-0.35155909468853286,-0.35155909468853286,0.0,WELD_FOUND
11.867,0.032677386571818144,0.016196904772150293,0.03510692228764069,0.0302478508559956,0.0358,0.0354,-0.0007,-0.0052,198,113,0.1835,0.1047,-0.7031216044716506,-0.35155909468853286,-0.35156250978311776,WELD_FOUND
11.917,0.032677386571818144,0.016196904772150293,0.03510692228764069,0.0302478508559956,0.0358,0.0354,-0.0007,-0.0052,202,117,0.1872,0.1084,-0.7031216044716506,-0.35155909468853286,-0.35156250978311776,WELD_FOUND
11.967,0.032601341573914935,0.015511876921369336,0.03492812311212033,0.030274560035709535,0.0358,0.0354,-0.0009,-0.0052,202,117,0.1872,0.1084,3.4150945850063755e-06,-0.35155909468853286,0.35156250978311787,WELD_FOUND
12.017,0.032601341573914935,0.015511876921369336,0.03492812311212033,0.030274560035709535,0.0413,0.041,-0.0063,-0.0108,206,121,0.1909,0.1121,3.4150945850063755e-06,-0.35155909468853286,0.35156250978311787,WELD_FOUND
12.068,0.03258614320476874,0.015374055797136923,0.034892251574339284,0.030280034835198203,0.0413,0.041,-0.0064,-0.0108,206,121,0.1909,0.1121,-0.35155909468853286,-0.35155909468853286,0.0,WELD_FOUND
12.117,0.03258614320476874,0.015374055797136923,0.034892251574339284,0.030280034835198203,0.0359,0.032,-0.001,-0.0018,209,123,0.1937,0.114,-0.35155909468853286,-0.35155909468853286,0.0,WELD_FOUND
12.167,0.03258310395615688,0.01534650081448767,0.03488507907833003,0.030281128833983727,0.0359,0.032,-0.001,-0.0018,209,123,0.1937,0.114,-1.0546840875743422,-0.35155909468853286,-0.7031249928858093,WELD_FOUND
12.217,0.03258310395615688,0.01534650081448767,0.03488507907833003,0.030281128833983727,0.0359,0.032,-0.001,-0.0018,212,126,0.1965,0.1168,-1.0546840875743422,-0.35155909468853286,-0.7031249928858093,WELD_FOUND
12.267,0.0,0.0,0.0,0.0,0.0289,0.0266,-0.0289,-0.0266,212,126,0.1965,0.1168,-1.0546840875743422,nan,nan,NO_WELD
12.317,0.0,0.0,0.0,0.0,0.0289,0.0266,-0.0289,-0.0266,215,129,0.1993,0.1196,-1.0546840875743422,nan,nan,NO_WELD
12.367,0.030710640386248704,0.03130867207734768,0.03540694119785086,0.026014339574646553,0.0285,0.0271,0.0069,-0.0011,215,129,0.1993,0.1196,-0.7031216044716506,-0.7031216044716506,0.0,WELD_FOUND
12.417,0.030710640386248704,0.03130867207734768,0.03540694119785086,0.026014339574646553,0.0285,0.0271,0.0069,-0.0011,214,129,0.1983,0.1196,-0.7031216044716506,-0.7031216044716506,0.0,WELD_FOUND
12.467,0.030342796456904228,0.03154215232155436,0.03507411930513738,0.025611473608671075,0.0285,0.0271,0.0066,-0.0015,214,129,0.1983,0.1196,-0.7031216044716506,-0.7031216044716506,0.0,WELD_FOUND
12.517,0.030342796456904228,0.03154215232155436,0.03507411930513738,0.025611473608671075,0.022,0.0237,0.013,0.0019,217,132,0.2011,0.1223,-0.7031216044716506,-0.7031216044716506,0.0,WELD_FOUND
12.567,0.030269493622420818,0.030851022508291786,0.034897146998664585,0.02564184024617705,0.022,0.0237,0.0129,0.002,217,132,0.2011,0.1223,3.4150945850063755e-06,-0.7031216044716506,0.7031250195662356,WELD_FOUND
12.617,0.030269493622420818,0.030851022508291786,0.034897146998664585,0.02564184024617705,0.022,0.0237,0.0129,0.002,221,136,0.2048,0.126,3.4150945850063755e-06,-0.7031216044716506,0.7031250195662356,WELD_FOUND
12.667,0.03211296300467822,0.01112656162401674,0.03378194724828073,0.030443978761075706,0.0231,0.0241,0.0107,0.0064,221,136,0.2048,0.126,3.4150945850063755e-06,-0.35155909468853286,0.35156250978311787,WELD_FOUND
12.717,0.03211296300467822,0.01112656162401674,0.03378194724828073,0.030443978761075706,0.0231,0.0241,0.0107,0.0064,225,140,0.2085,0.1297,3.4150945850063755e-06,-0.35155909468853286,0.35156250978311787,WELD_FOUND
12.767,0.035,0.0,0.035,0.035,0.0231,0.0241,0.0119,0.0109,225,140,0.2085,0.1297,0.35156592487770283,3.4150945850063755e-06,0.3515625097831178,WELD_FOUND
12.817,0.035,0.0,0.035,0.035,0.0336,0.0342,0.0014,0.0008,229,144,0.2122,0.1335,0.35156592487770283,3.4150945850063755e-06,0.3515625097831178,WELD_FOUND
12.867,0.035,0.0,0.035,0.035,0.0336,0.0342,0.0014,0.0008,229,144,0.2122,0.1335,0.35156592487770283,3.4150945850063755e-06,0.3515625097831178,WELD_FOUND
12.917,0.035,0.0,0.035,0.035,0.0336,0.0342,0.0014,0.0008,234,149,0.2169,0.1381,0.35156592487770283,3.4150945850063755e-06,0.3515625097831178,WELD_FOUND
12.967,0.03308184615198914,-0.019401835299553617,0.030171570857056098,0.03599212144692218,0.0325,0.0329,-0.0024,0.0031,234,149,0.2169,0.1381,0.35156592487770283,0.35156592487770283,0.0,WELD_FOUND
13.017,0.03308184615198914,-0.019401835299553617,0.030171570857056098,0.03599212144692218,0.0325,0.0329,-0.0024,0.0031,238,153,0.2206,0.1418,0.35156592487770283,0.35156592487770283,0.0,WELD_FOUND
13.068,0.0,0.0,0.0,0.0,0.0325,0.0329,-0.0325,-0.0329,238,153,0.2206,0.1418,0.35156592487770283,nan,nan,NO_WELD
13.117,0.0,0.0,0.0,0.0,0.0368,0.0395,-0.0368,-0.0395,241,157,0.2234,0.1455,0.35156592487770283,nan,nan,NO_WELD
13.167,0.035,0.0,0.035,0.035,0.0368,0.0395,-0.0018,-0.0045,241,157,0.2234,0.1455,3.4150945850063755e-06,3.4150945850063755e-06,0.0,WELD_FOUND
13.217,0.035,0.0,0.035,0.035,0.0184,0.0274,0.0166,0.0076,240,158,0.2224,0.1464,3.4150945850063755e-06,3.4150945850063755e-06,0.0,WELD_FOUND
13.267,0.035,0.0,0.035,0.035,0.0184,0.0274,0.0166,0.0076,240,158,0.2224,0.1464,3.4150945850063755e-06,3.4150945850063755e-06,0.0,WELD_FOUND
13.317,0.035,0.0,0.035,0.035,0.0184,0.0274,0.0166,0.0076,244,161,0.2261,0.1492,3.4150945850063755e-06,3.4150945850063755e-06,0.0,WELD_FOUND
13.367,0.035,0.0,0.035,0.035,0.0209,0.0239,0.0141,0.0111,244,161,0.2261,0.1492,0.7031284346608206,3.4150945850063755e-06,0.7031250195662356,WELD_FOUND
13.417,0.035,0.0,0.035,0.035,0.0209,0.0239,0.0141,0.0111,250,166,0.2317,0.1538,0.7031284346608206,3.4150945850063755e-06,0.7031250195662356,WELD_FOUND
13.467,0.033055887612113546,-0.019713481116170193,0.030098865444688018,0.036012909779539075,0.0209,0.0239,0.0092,0.0122,250,166,0.2317,0.1538,0.7031284346608206,0.35156592487770283,0.3515625097831178,WELD_FOUND
13.517,0.033055887612113546,-0.019713481116170193,0.030098865444688018,0.036012909779539075,0.0373,0.0391,-0.0072,-0.003,254,171,0.2354,0.1585,0.7031284346608206,0.35156592487770283,0.3515625097831178,WELD_FOUND
13.567,0.035,0.0,0.035,0.035,0.0373,0.0391,-0.0023,-0.0041,254,171,0.2354,0.1585,-1.0546840875743422,3.4150945850063755e-06,-1.054687502668927,WELD_FOUND
13.617,0.035,0.0,0.035,0.035,0.0372,0.0382,-0.0022,-0.0032,258,175,0.2391,0.1622,-1.0546840875743422,3.4150945850063755e-06,-1.054687502668927,WELD_FOUND
13.667,0.03298230057723862,-0.02042911378110928,0.029917933510072225,0.036046667644405006,0.0372,0.0382,-0.0072,-0.0022,258,175,0.2391,0.1622,0.35156592487770283,0.35156592487770283,0.0,WELD_FOUND
13.717,0.03298230057723862,-0.02042911378110928,0.029917933510072225,0.036046667644405006,0.0334,0.0341,-0.0035,0.002,261,178,0.2419,0.165,0.35156592487770283,0.35156592487770283,0.0,WELD_FOUND
13.767,0.03266210331239816,-0.01606123031341329,0.030252918765386168,0.035071287859410154,0.0334,0.0341,-0.0032,0.001,261,178,0.2419,0.165,3.4150945850063755e-06,0.35156592487770283,-0.3515625097831178,WELD_FOUND
13.817,0.03266210331239816,-0.01606123031341329,0.030252918765386168,0.035071287859410154,0.0334,0.0341,-0.0032,0.001,265,182,0.2456,0.1687,3.4150945850063755e-06,0.35156592487770283,-0.3515625097831178,WELD_FOUND
13.867,0.035,0.0,0.035,0.035,0.0299,0.0303,0.0051,0.0047,265,182,0.2456,0.1687,-0.35155909468853286,3.4150945850063755e-06,-0.35156250978311787,WELD_FOUND
13.917,0.035,0.0,0.035,0.035,0.0299,0.0303,0.0051,0.0047,269,186,0.2493,0.1724,-0.35155909468853286,3.4150945850063755e-06,-0.35156250978311787,WELD_FOUND
13.967,0.03315147884078823,0.01864296845134702,0.03594792410849028,0.030355033573086176,0.0328,0.033,0.0032,-0.0027,269,186,0.2493,0.1724,-0.35155909468853286,-0.35155909468853286,0.0,WELD_FOUND
14.017,0.03315147884078823,0.01864296845134702,0.03594792410849028,0.030355033573086176,0.0328,0.033,0.0032,-0.0027,273,190,0.253,0.1761,-0.35155909468853286,-0.35155909468853286,0.0,WELD_FOUND
14.068,0.03269577688046691,0.01637519997501172,0.03515205687671867,0.030239496884215154,0.0328,0.033,0.0024,-0.0028,273,190,0.253,0.1761,-1.0546840875743422,-0.35155909468853286,-0.7031249928858093,WELD_FOUND
14.117,0.03269577688046691,0.01637519997501172,0.03515205687671867,0.030239496884215154,0.0419,0.0396,-0.0067,-0.0093,278,194,0.2576,0.1798,-1.0546840875743422,-0.35155909468853286,-0.7031249928858093,WELD_FOUND
14.167,0.0,0.0,0.0,0.0,0.0419,0.0396,-0.0419,-0.0396,278,194,0.2576,0.1798,-1.0546840875743422,nan,nan,NO_WELD
14.217,0.0,0.0,0.0,0.0,0.0419,0.0396,-0.0419,-0.0396,281,197,0.2604,0.1826,-1.0546840875743422,nan,nan,NO_WELD
14.267,0.0,0.0,0.0,0.0,0.0326,0.0312,-0.0326,-0.0312,281,197,0.2604,0.1826,-1.0546840875743422,nan,nan,NO_WELD
14.317,0.0,0.0,0.0,0.0,0.0326,0.0312,-0.0326,-0.0312,281,196,0.2604,0.1816,-1.0546840875743422,nan,nan,NO_WELD
14.367,0.0,0.0,0.0,0.0,0.0326,0.0312,-0.0326,-0.0312,281,196,0.2604,0.1816,-1.0546840875743422,nan,nan,NO_WELD
14.417,0.0,0.0,0.0,0.0,0.0261,0.0162,-0.0261,-0.0162,281,196,0.2604,0.1816,-1.0546840875743422,nan,nan,NO_WELD
14.467,0.0,0.0,0.0,0.0,0.0261,0.0162,-0.0261,-0.0162,281,196,0.2604,0.1816,-1.0546840875743422,nan,nan,NO_WELD
14.517,0.0,0.0,0.0,0.0,0.0208,0.013,-0.0208,-0.013,281,196,0.2604,0.1816,-1.0546840875743422,nan,nan,NO_WELD
14.567,0.0,0.0,0.0,0.0,0.0208,0.013,-0.0208,-0.013,281,196,0.2604,0.1816,3.4150945850063755e-06,3.4150945850063755e-06,0.0,WELD_FOUND
14.617,0.0,0.0,0.0,0.0,0.0208,0.013,-0.0208,-0.013,281,196,0.2604,0.1816,3.4150945850063755e-06,3.4150945850063755e-06,0.0,WELD_FOUND
14.667,0.0,0.0,0.0,0.0,0.0167,0.0104,-0.0167,-0.0104,281,196,0.2604,0.1816,3.4150945850063755e-06,nan,nan,NO_WELD
14.717,0.0,0.0,0.0,0.0,0.0167,0.0104,-0.0167,-0.0104,281,196,0.2604,0.1816,3.4150945850063755e-06,nan,nan,NO_WELD
14.767,0.0,0.0,0.0,0.0,0.0167,0.0104,-0.0167,-0.0104,281,196,0.2604,0.1816,3.4150945850063755e-06,nan,nan,NO_WELD
14.817,0.0,0.0,0.0,0.0,0.0133,0.0083,-0.0133,-0.0083,281,196,0.2604,0.1816,3.4150945850063755e-06,nan,nan,NO_WELD
14.867,0.0,0.0,0.0,0.0,0.0133,0.0083,-0.0133,-0.0083,281,196,0.2604,0.1816,3.4150945850063755e-06,nan,nan,NO_WELD
14.917,0.0,0.0,0.0,0.0,0.0107,0.0083,-0.0107,-0.0083,281,196,0.2604,0.1816,3.4150945850063755e-06,nan,nan,NO_WELD
14.967,0.0,0.0,0.0,0.0,0.0107,0.0066,-0.0107,-0.0066,281,196,0.2604,0.1816,-0.35155909468853286,-0.35155909468853286,0.0,WELD_FOUND
15.017,0.0,0.0,0.0,0.0,0.0107,0.0066,-0.0107,-0.0066,281,196,0.2604,0.1816,-0.35155909468853286,-0.35155909468853286,0.0,WELD_FOUND
15.068,0.03140594838689981,0.024392121372807316,0.0350647665928209,0.02774713018097871,0.0085,0.0053,0.0265,0.0224,281,196,0.2604,0.1816,-0.7031216044716506,-0.5273403362398785,-0.1757812682317721,WELD_FOUND
15.117,0.03140594838689981,0.024392121372807316,0.0350647665928209,0.02774713018097871,0.0085,0.0053,0.0265,0.0224,281,196,0.2604,0.1816,-0.7031216044716506,-0.5273403362398785,-0.1757812682317721,WELD_FOUND
15.167,0.032345334663787126,0.013189053769281133,0.034323692729179296,0.030366976598394955,0.0085,0.0053,0.0258,0.025,281,196,0.2604,0.1816,3.4150945850063755e-06,-0.35155909468853286,0.35156250978311787,WELD_FOUND
15.217,0.032345334663787126,0.013189053769281133,0.034323692729179296,0.030366976598394955,0.0199,0.018,0.0144,0.0124,287,202,0.266,0.1872,3.4150945850063755e-06,-0.35155909468853286,0.35156250978311787,WELD_FOUND
15.267,0.03159271822050873,0.024726365359873242,0.035301673024489715,0.027883763416527742,0.0199,0.018,0.0154,0.0099,287,202,0.266,0.1872,-0.7031216044716506,-0.5273403362398785,-0.1757812682317721,WELD_FOUND
15.317,0.03159271822050873,0.024726365359873242,0.035301673024489715,0.027883763416527742,0.0305,0.0293,0.0048,-0.0015,292,207,0.2706,0.1918,-0.7031216044716506,-0.5273403362398785,-0.1757812682317721,WELD_FOUND
15.367,0.03238319804452244,0.01355569859592014,0.034416552833910465,0.030349843255134422,0.0305,0.0293,0.0039,0.001,292,207,0.2706,0.1918,0.35156592487770283,-0.35155909468853286,0.7031250195662357,WELD_FOUND
15.417,0.03238319804452244,0.01355569859592014,0.034416552833910465,0.030349843255134422,0.0331,0.0324,0.0013,-0.0021,296,211,0.2743,0.1955,0.35156592487770283,-0.35155909468853286,0.7031250195662357,WELD_FOUND
15.467,0.0,0.0,0.0,0.0,0.0331,0.0324,-0.0331,-0.0324,296,211,0.2743,0.1955,0.35156592487770283,nan,nan,NO_WELD
15.517,0.0,0.0,0.0,0.0,0.0331,0.0324,-0.0331,-0.0324,299,214,0.2771,0.1983,0.35156592487770283,nan,nan,NO_WELD
15.567,0.0,0.0,0.0,0.0,0.0273,0.0269,-0.0273,-0.0269,299,214,0.2771,0.1983,0.35156592487770283,nan,nan,NO_WELD
15.617,0.0,0.0,0.0,0.0,0.0273,0.0269,-0.0273,-0.0269,299,214,0.2771,0.1983,0.35156592487770283,nan,nan,NO_WELD
15.667,0.0,0.0,0.0,0.0,0.0273,0.0269,-0.0273,-0.0269,299,214,0.2771,0.1983,0.35156592487770283,nan,nan,NO_WELD
15.717,0.0,0.0,0.0,0.0,0.0218,0.0215,-0.0218,-0.0215,299,214,0.2771,0.1983,0.35156592487770283,nan,nan,NO_WELD
15.767,0.0,0.0,0.0,0.0,0.0218,0.0215,-0.0218,-0.0215,299,214,0.2771,0.1983,0.35156592487770283,nan,nan,NO_WELD
15.817,0.0,0.0,0.0,0.0,0.0218,0.0215,-0.0218,-0.0215,299,214,0.2771,0.1983,0.35156592487770283,nan,nan,NO_WELD
15.867,0.0,0.0,0.0,0.0,0.0175,0.0172,-0.0175,-0.0172,299,214,0.2771,0.1983,0.35156592487770283,nan,nan,NO_WELD
15.917,0.0,0.0,0.0,0.0,0.0175,0.0172,-0.0175,-0.0172,299,214,0.2771,0.1983,0.35156592487770283,nan,nan,NO_WELD
15.967,0.0,0.0,0.0,0.0,0.0175,0.0172,-0.0175,-0.0172,299,214,0.2771,0.1983,0.35156592487770283,nan,nan,NO_WELD
16.017,0.0,0.0,0.0,0.0,0.014,0.0138,-0.014,-0.0138,299,214,0.2771,0.1983,0.35156592487770283,nan,nan,NO_WELD
16.068,0.0,0.0,0.0,0.0,0.014,0.0138,-0.014,-0.0138,299,214,0.2771,0.1983,0.35156592487770283,nan,nan,NO_WELD
16.117,0.0,0.0,0.0,0.0,0.0112,0.011,-0.0112,-0.011,299,214,0.2771,0.1983,0.35156592487770283,nan,nan,NO_WELD
16.167,0.0,0.0,0.0,0.0,0.0112,0.011,-0.0112,-0.011,299,214,0.2771,0.1983,-0.35155909468853286,-0.35155909468853286,0.0,WELD_FOUND
16.217,0.0,0.0,0.0,0.0,0.0089,0.0088,-0.0089,-0.0088,299,214,0.2771,0.1983,-0.35155909468853286,-0.35155909468853286,0.0,WELD_FOUND
16.267,0.0,0.0,0.0,0.0,0.0089,0.0088,-0.0089,-0.0088,299,214,0.2771,0.1983,-0.35155909468853286,nan,nan,NO_WELD
16.317,0.0,0.0,0.0,0.0,0.0089,0.0088,-0.0089,-0.0088,299,214,0.2771,0.1983,-0.35155909468853286,nan,nan,NO_WELD
16.367,0.03258234416615065,0.01626313326250214,0.035021814155525965,0.030142874176775327,0.0072,0.007,0.0279,0.0231,299,214,0.2771,0.1983,-0.35155909468853286,-0.35155909468853286,0.0,WELD_FOUND
16.417,0.03258234416615065,0.01626313326250214,0.035021814155525965,0.030142874176775327,0.0072,0.007,0.0279,0.0231,300,215,0.278,0.1993,-0.35155909468853286,-0.35155909468853286,0.0,WELD_FOUND
16.467,0.0,0.0,0.0,0.0,0.0072,0.007,-0.0072,-0.007,300,215,0.278,0.1993,-0.35155909468853286,nan,nan,NO_WELD
16.517,0.0,0.0,0.0,0.0,0.0191,0.019,-0.0191,-0.019,305,220,0.2827,0.2039,-0.35155909468853286,nan,nan,NO_WELD
16.567,0.0,0.0,0.0,0.0,0.0191,0.019,-0.0191,-0.019,305,220,0.2827,0.2039,-0.35155909468853286,nan,nan,NO_WELD
16.617,0.0,0.0,0.0,0.0,0.0078,0.0152,-0.0078,-0.0152,304,220,0.2817,0.2039,-0.35155909468853286,nan,nan,NO_WELD
16.667,0.03258234416615065,0.015339659294113519,0.034883293060267676,0.03028139527203362,0.0078,0.0152,0.0271,0.0151,304,220,0.2817,0.2039,-0.35155909468853286,-0.35155909468853286,0.0,WELD_FOUND
16.717,0.03258234416615065,0.015339659294113519,0.034883293060267676,0.03028139527203362,0.0078,0.0152,0.0271,0.0151,304,220,0.2817,0.2039,-0.35155909468853286,-0.35155909468853286,0.0,WELD_FOUND
16.767,0.0,0.0,0.0,0.0,0.0062,0.0122,-0.0062,-0.0122,304,220,0.2817,0.2039,-0.35155909468853286,nan,nan,NO_WELD
16.817,0.0,0.0,0.0,0.0,0.0062,0.0122,-0.0062,-0.0122,309,224,0.2864,0.2076,-0.35155909468853286,nan,nan,NO_WELD
16.867,0.030710492858473867,0.03129656862765666,0.03540497815262236,0.02601600756432537,0.0223,0.0221,0.0131,0.0039,309,224,0.2864,0.2076,-0.7031216044716506,-0.7031216044716506,0.0,WELD_FOUND
16.917,0.030710492858473867,0.03129656862765666,0.03540497815262236,0.02601600756432537,0.0223,0.0221,0.0131,0.0039,309,224,0.2864,0.2076,-0.7031216044716506,-0.7031216044716506,0.0,WELD_FOUND
16.967,0.0,0.0,0.0,0.0,0.0096,0.017,-0.0096,-0.017,308,225,0.2854,0.2085,-0.7031216044716506,nan,nan,NO_WELD
17.017,0.0,0.0,0.0,0.0,0.0096,0.017,-0.0096,-0.017,308,225,0.2854,0.2085,-0.7031216044716506,nan,nan,NO_WELD
17.068,0.035,0.0,0.035,0.035,0.0096,0.017,0.0254,0.018,311,228,0.2882,0.2113,0.35156592487770283,0.35156592487770283,0.0,WELD_FOUND
17.117,0.035,0.0,0.035,0.035,0.0132,0.0176,0.0218,0.0174,311,228,0.2882,0.2113,0.35156592487770283,0.35156592487770283,0.0,WELD_FOUND
17.167,0.035,0.0,0.035,0.035,0.0132,0.0176,0.0218,0.0174,311,227,0.2882,0.2104,-0.7031216044716506,-0.17577783979697392,-0.5273437646746767,WELD_FOUND
17.217,0.035,0.0,0.035,0.035,0.0132,0.0176,0.0218,0.0174,311,227,0.2882,0.2104,-0.7031216044716506,-0.17577783979697392,-0.5273437646746767,WELD_FOUND
17.267,0.033208324205473046,-0.01816324760790045,0.030483837064287977,0.035932811346658114,0.0228,0.0229,0.0077,0.013,317,233,0.2938,0.2159,0.35156592487770283,0.35156592487770283,0.0,WELD_FOUND
17.317,0.033208324205473046,-0.01816324760790045,0.030483837064287977,0.035932811346658114,0.0228,0.0229,0.0077,0.013,317,233,0.2938,0.2159,0.35156592487770283,0.35156592487770283,0.0,WELD_FOUND
17.367,0.0,0.0,0.0,0.0,0.0228,0.0229,-0.0228,-0.0229,322,238,0.2984,0.2206,0.35156592487770283,nan,nan,NO_WELD
17.417,0.0,0.0,0.0,0.0,0.026,0.0261,-0.026,-0.0261,322,238,0.2984,0.2206,0.35156592487770283,nan,nan,NO_WELD
17.467,0.0,0.0,0.0,0.0,0.026,0.0261,-0.026,-0.0261,326,242,0.3021,0.2243,0.35156592487770283,nan,nan,NO_WELD
17.517,0.0,0.0,0.0,0.0,0.0304,0.0305,-0.0304,-0.0305,326,242,0.3021,0.2243,0.35156592487770283,nan,nan,NO_WELD
17.567,0.035,0.0,0.035,0.035,0.0304,0.0305,0.0046,0.0045,327,241,0.3031,0.2234,3.4150945850063755e-06,3.4150945850063755e-06,0.0,WELD_FOUND
17.617,0.035,0.0,0.035,0.035,0.0304,0.0305,0.0046,0.0045,327,241,0.3031,0.2234,3.4150945850063755e-06,3.4150945850063755e-06,0.0,WELD_FOUND
17.667,0.0,0.0,0.0,0.0,0.0207,0.0158,-0.0207,-0.0158,327,241,0.3031,0.2234,3.4150945850063755e-06,nan,nan,NO_WELD
17.717,0.0,0.0,0.0,0.0,0.0207,0.0158,-0.0207,-0.0158,327,241,0.3031,0.2234,3.4150945850063755e-06,nan,nan,NO_WELD
17.767,0.03298838452521273,-0.016547712486502126,0.03050622765223741,0.035470541398188046,0.0273,0.0243,0.0032,0.0112,331,245,0.3068,0.2271,0.35156592487770283,0.35156592487770283,0.0,WELD_FOUND
17.817,0.03298838452521273,-0.016547712486502126,0.03050622765223741,0.035470541398188046,0.0273,0.0243,0.0032,0.0112,331,245,0.3068,0.2271,0.35156592487770283,0.35156592487770283,0.0,WELD_FOUND
17.867,0.035,0.0,0.035,0.035,0.0201,0.0183,0.0149,0.0167,332,246,0.3077,0.228,3.4150945850063755e-06,0.17578466998614392,-0.1757812548915589,WELD_FOUND
17.917,0.035,0.0,0.035,0.035,0.0201,0.0183,0.0149,0.0167,332,246,0.3077,0.228,3.4150945850063755e-06,0.17578466998614392,-0.1757812548915589,WELD_FOUND
17.967,0.0,0.0,0.0,0.0,0.0201,0.0183,-0.0201,-0.0183,336,250,0.3114,0.2317,3.4150945850063755e-06,nan,nan,NO_WELD
18.017,0.0,0.0,0.0,0.0,0.0219,0.0209,-0.0219,-0.0209,336,250,0.3114,0.2317,3.4150945850063755e-06,nan,nan,NO_WELD
18.068,0.0,0.0,0.0,0.0,0.0219,0.0209,-0.0219,-0.0209,341,255,0.316,0.2363,3.4150945850063755e-06,nan,nan,NO_WELD
18.117,0.0,0.0,0.0,0.0,0.0317,0.0311,-0.0317,-0.0311,341,255,0.316,0.2363,3.4150945850063755e-06,nan,nan,NO_WELD
18.167,0.03333020862550304,0.012646869784810603,0.03522723909322463,0.03143317815778145,0.0317,0.0311,0.0035,0.0004,340,255,0.3151,0.2363,-0.35155909468853286,-0.35155909468853286,0.0,WELD_FOUND
18.217,0.03333020862550304,0.012646869784810603,0.03522723909322463,0.03143317815778145,0.0317,0.0311,0.0035,0.0004,340,255,0.3151,0.2363,-0.35155909468853286,-0.35155909468853286,0.0,WELD_FOUND
18.267,0.035,0.0,0.035,0.035,0.0165,0.0248,0.0185,0.0102,340,255,0.3151,0.2363,3.4150945850063755e-06,-0.17577783979697392,0.17578125489155894,WELD_FOUND
18.317,0.035,0.0,0.035,0.035,0.0165,0.0248,0.0185,0.0102,340,255,0.3151,0.2363,3.4150945850063755e-06,-0.17577783979697392,0.17578125489155894,WELD_FOUND
18.367,0.035,0.0,0.035,0.035,0.0247,0.0297,0.0103,0.0053,344,259,0.3188,0.24,3.4150945850063755e-06,3.4150945850063755e-06,0.0,WELD_FOUND
18.417,0.035,0.0,0.035,0.035,0.0247,0.0297,0.0103,0.0053,344,259,0.3188,0.24,3.4150945850063755e-06,3.4150945850063755e-06,0.0,WELD_FOUND
18.467,0.0,0.0,0.0,0.0,0.0247,0.0297,-0.0247,-0.0297,349,263,0.3234,0.2437,3.4150945850063755e-06,nan,nan,NO_WELD
18.517,0.0,0.0,0.0,0.0,0.0272,0.0277,-0.0272,-0.0277,349,263,0.3234,0.2437,3.4150945850063755e-06,nan,nan,NO_WELD
18.567,0.035,0.0,0.035,0.035,0.0272,0.0277,0.0078,0.0073,352,267,0.3262,0.2474,3.4150945850063755e-06,3.4150945850063755e-06,0.0,WELD_FOUND
18.617,0.035,0.0,0.035,0.035,0.0274,0.0315,0.0076,0.0035,352,267,0.3262,0.2474,3.4150945850063755e-06,3.4150945850063755e-06,0.0,WELD_FOUND
18.667,0.0,0.0,0.0,0.0,0.0274,0.0315,-0.0274,-0.0315,353,268,0.3271,0.2484,3.4150945850063755e-06,nan,nan,NO_WELD
18.717,0.0,0.0,0.0,0.0,0.0202,0.0226,-0.0202,-0.0226,353,268,0.3271,0.2484,3.4150945850063755e-06,nan,nan,NO_WELD
18.767,0.0,0.0,0.0,0.0,0.0202,0.0226,-0.0202,-0.0226,358,272,0.3318,0.2521,3.4150945850063755e-06,nan,nan,NO_WELD
18.817,0.0,0.0,0.0,0.0,0.0306,0.0284,-0.0306,-0.0284,358,272,0.3318,0.2521,3.4150945850063755e-06,nan,nan,NO_WELD
18.867,0.029333255872183252,0.04425797669101539,0.03597195237583556,0.022694559368530945,0.0306,0.0284,0.0053,-0.0057,358,272,0.3318,0.2521,-1.0546840875743422,-1.0546840875743422,0.0,WELD_FOUND
18.917,0.029333255872183252,0.04425797669101539,0.03597195237583556,0.022694559368530945,0.0306,0.0284,0.0053,-0.0057,358,272,0.3318,0.2521,-1.0546840875743422,-1.0546840875743422,0.0,WELD_FOUND
18.967,0.0,0.0,0.0,0.0,0.0245,0.0195,-0.0245,-0.0195,358,273,0.3318,0.253,-1.0546840875743422,nan,nan,NO_WELD
19.017,0.0,0.0,0.0,0.0,0.0245,0.0195,-0.0245,-0.0195,358,273,0.3318,0.253,-1.0546840875743422,nan,nan,NO_WELD
19.068,0.0319188771494915,0.014450026936498214,0.034086381189966236,0.02975137310901677,0.0221,0.0154,0.012,0.0143,360,274,0.3336,0.2539,-0.35155909468853286,-0.35155909468853286,0.0,WELD_FOUND
19.117,0.0319188771494915,0.014450026936498214,0.034086381189966236,0.02975137310901677,0.0221,0.0154,0.012,0.0143,360,274,0.3336,0.2539,-0.35155909468853286,-0.35155909468853286,0.0,WELD_FOUND
19.167,0.0,0.0,0.0,0.0,0.0177,0.0167,-0.0177,-0.0167,360,276,0.3336,0.2558,-0.35155909468853286,nan,nan,NO_WELD
19.217,0.0,0.0,0.0,0.0,0.0177,0.0167,-0.0177,-0.0167,360,276,0.3336,0.2558,-0.35155909468853286,nan,nan,NO_WELD
19.267,0.0,0.0,0.0,0.0,0.0177,0.0167,-0.0177,-0.0167,364,280,0.3373,0.2595,-0.35155909468853286,nan,nan,NO_WELD
19.317,0.0,0.0,0.0,0.0,0.0205,0.0199,-0.0205,-0.0199,364,280,0.3373,0.2595,-0.35155909468853286,nan,nan,NO_WELD
19.367,0.03244910478850419,0.015510782434551998,0.03477572215368699,0.03012248742332139,0.0205,0.0199,0.0143,0.0102,364,279,0.3373,0.2586,-0.35155909468853286,-0.35155909468853286,0.0,WELD_FOUND
19.417,0.03244910478850419,0.015510782434551998,0.03477572215368699,0.03012248742332139,0.0205,0.0199,0.0143,0.0102,364,279,0.3373,0.2586,-0.35155909468853286,-0.35155909468853286,0.0,WELD_FOUND
19.467,0.035,0.0,0.035,0.035,0.0164,0.0095,0.0186,0.0255,364,279,0.3373,0.2586,3.4150945850063755e-06,-0.17577783979697392,0.17578125489155894,WELD_FOUND
19.517,0.035,0.0,0.035,0.035,0.0164,0.0095,0.0186,0.0255,364,279,0.3373,0.2586,3.4150945850063755e-06,-0.17577783979697392,0.17578125489155894,WELD_FOUND
19.567,0.0,0.0,0.0,0.0,0.0164,0.0095,-0.0164,-0.0095,369,284,0.342,0.2632,3.4150945850063755e-06,nan,nan,NO_WELD
19.617,0.0,0.0,0.0,0.0,0.0222,0.018,-0.0222,-0.018,369,284,0.342,0.2632,3.4150945850063755e-06,nan,nan,NO_WELD
19.667,0.0290681297678155,0.05,0.036568129767815497,0.0215681297678155,0.0222,0.018,0.0144,0.0035,374,289,0.3466,0.2678,-1.0546840875743422,-1.0546840875743422,0.0,WELD_FOUND
19.717,0.0290681297678155,0.05,0.036568129767815497,0.0215681297678155,0.0222,0.018,0.0144,0.0035,374,289,0.3466,0.2678,-1.0546840875743422,-1.0546840875743422,0.0,WELD_FOUND
19.767,0.0309311518922322,0.01870302280217615,0.03373660531255862,0.028125698471905776,0.0281,0.0232,0.0056,0.0049,375,289,0.3475,0.2678,3.4150945850063755e-06,-0.5273403362398785,0.5273437513344635,WELD_FOUND
19.817,0.0309311518922322,0.01870302280217615,0.03373660531255862,0.028125698471905776,0.0281,0.0232,0.0056,0.0049,375,289,0.3475,0.2678,3.4150945850063755e-06,-0.5273403362398785,0.5273437513344635,WELD_FOUND
19.867,0.035,0.0,0.035,0.035,0.0281,0.0232,0.0069,0.0118,379,292,0.3512,0.2706,0.35156592487770283,3.4150945850063755e-06,0.3515625097831178,WELD_FOUND
19.917,0.035,0.0,0.035,0.035,0.0268,0.0213,0.0082,0.0137,379,292,0.3512,0.2706,0.35156592487770283,3.4150945850063755e-06,0.3515625097831178,WELD_FOUND
19.967,0.035,0.0,0.035,0.035,0.0268,0.0213,0.0082,0.0137,383,296,0.355,0.2743,0.35156592487770283,0.17578466998614392,0.1757812548915589,WELD_FOUND
20.017,0.035,0.0,0.035,0.035,0.0268,0.0213,0.0082,0.0137,383,296,0.355,0.2743,0.35156592487770283,0.17578466998614392,0.1757812548915589,WELD_FOUND
20.068,0.035,0.0,0.035,0.035,0.0358,0.035,-0.0008,-0.0,387,301,0.3587,0.279,-1.4062466240378864,3.4150945850063755e-06,-1.4062500391324713,WELD_FOUND
20.117,0.035,0.0,0.035,0.035,0.0358,0.035,-0.0008,-0.0,387,301,0.3587,0.279,-1.4062466240378864,3.4150945850063755e-06,-1.4062500391324713,WELD_FOUND
20.167,0.0,0.0,0.0,0.0,0.0358,0.035,-0.0358,-0.035,391,305,0.3624,0.2827,-1.4062466240378864,nan,nan,NO_WELD
20.217,0.0,0.0,0.0,0.0,0.0314,0.0309,-0.0314,-0.0309,391,305,0.3624,0.2827,-1.4062466240378864,nan,nan,NO_WELD
20.267,0.0,0.0,0.0,0.0,0.0314,0.0309,-0.0314,-0.0309,395,308,0.3661,0.2854,-1.4062466240378864,nan,nan,NO_WELD
20.317,0.0,0.0,0.0,0.0,0.0314,0.0309,-0.0314,-0.0309,395,308,0.3661,0.2854,-1.4062466240378864,nan,nan,NO_WELD
20.367,0.033027174828145475,-0.014967454108792874,0.030782056711826544,0.035272292944464406,0.0287,0.0235,0.0021,0.0118,395,307,0.3661,0.2845,0.35156592487770283,0.35156592487770283,0.0,WELD_FOUND
20.417,0.033027174828145475,-0.014967454108792874,0.030782056711826544,0.035272292944464406,0.0287,0.0235,0.0021,0.0118,395,307,0.3661,0.2845,0.35156592487770283,0.35156592487770283,0.0,WELD_FOUND
20.467,0.0,0.0,0.0,0.0,0.0287,0.0235,-0.0287,-0.0235,395,308,0.3661,0.2854,0.35156592487770283,nan,nan,NO_WELD
20.517,0.0,0.0,0.0,0.0,0.023,0.0166,-0.023,-0.0166,395,308,0.3661,0.2854,0.35156592487770283,nan,nan,NO_WELD
20.567,0.0,0.0,0.0,0.0,0.023,0.0166,-0.023,-0.0166,399,311,0.3698,0.2882,0.35156592487770283,nan,nan,NO_WELD
20.617,0.0,0.0,0.0,0.0,0.023,0.0166,-0.023,-0.0166,399,311,0.3698,0.2882,0.35156592487770283,nan,nan,NO_WELD
20.667,0.030796597281733225,-0.029973273719715247,0.02630060622377594,0.03529258833969051,0.0212,0.0174,0.0051,0.0179,398,311,0.3689,0.2882,0.7031284346608206,0.7031284346608206,0.0,WELD_FOUND
20.717,0.030796597281733225,-0.029973273719715247,0.02630060622377594,0.03529258833969051,0.0212,0.0174,0.0051,0.0179,398,311,0.3689,0.2882,0.7031284346608206,0.7031284346608206,0.0,WELD_FOUND
20.767,0.03222113211544529,-0.012077869384337405,0.03040945170779468,0.0340328125230959,0.017,0.0139,0.0135,0.0202,398,311,0.3689,0.2882,3.4150945850063755e-06,0.35156592487770283,-0.3515625097831178,WELD_FOUND
20.817,0.03222113211544529,-0.012077869384337405,0.03040945170779468,0.0340328125230959,0.017,0.0139,0.0135,0.0202,398,311,0.3689,0.2882,3.4150945850063755e-06,0.35156592487770283,-0.3515625097831178,WELD_FOUND
20.867,0.0,0.0,0.0,0.0,0.0287,0.0269,-0.0287,-0.0269,403,316,0.3735,0.2929,3.4150945850063755e-06,nan,nan,NO_WELD
20.917,0.0,0.0,0.0,0.0,0.0287,0.0269,-0.0287,-0.0269,403,316,0.3735,0.2929,3.4150945850063755e-06,nan,nan,NO_WELD
20.967,0.0,0.0,0.0,0.0,0.0287,0.0269,-0.0287,-0.0269,406,320,0.3763,0.2966,3.4150945850063755e-06,nan,nan,NO_WELD
21.017,0.0,0.0,0.0,0.0,0.0246,0.026,-0.0246,-0.026,406,320,0.3763,0.2966,3.4150945850063755e-06,nan,nan,NO_WELD
21.068,0.029864639108926744,0.04352502818707022,0.036393393336987274,0.02333588488086621,0.0246,0.026,0.0118,-0.0027,407,320,0.3772,0.2966,-1.0546840875743422,-1.0546840875743422,0.0,WELD_FOUND
21.117,0.029864639108926744,0.04352502818707022,0.036393393336987274,0.02333588488086621,0.0246,0.026,0.0118,-0.0027,407,320,0.3772,0.2966,-1.0546840875743422,-1.0546840875743422,0.0,WELD_FOUND
21.167,0.0,0.0,0.0,0.0,0.0173,0.0208,-0.0173,-0.0208,407,320,0.3772,0.2966,-1.0546840875743422,nan,nan,NO_WELD
21.217,0.0,0.0,0.0,0.0,0.0173,0.0208,-0.0173,-0.0208,407,320,0.3772,0.2966,-1.0546840875743422,nan,nan,NO_WELD
21.267,0.0,0.0,0.0,0.0,0.0215,0.0236,-0.0215,-0.0236,410,323,0.38,0.2993,-1.0546840875743422,nan,nan,NO_WELD
21.317,0.0,0.0,0.0,0.0,0.0215,0.0236,-0.0215,-0.0236,410,323,0.38,0.2993,-1.0546840875743422,nan,nan,NO_WELD
21.367,0.026628463146752837,0.05,0.03412846314675284,0.019128463146752837,0.0166,0.0189,0.0175,0.0002,411,323,0.3809,0.2993,-1.4062466240378864,-1.4062466240378864,0.0,WELD_FOUND
21.417,0.026628463146752837,0.05,0.03412846314675284,0.019128463146752837,0.0166,0.0189,0.0175,0.0002,411,323,0.3809,0.2993,-1.4062466240378864,-1.4062466240378864,0.0,WELD_FOUND
21.467,0.02772814092059705,0.04329611277406607,0.03422255783670696,0.02123372400448714,0.0166,0.0189,0.0176,0.0024,411,323,0.3809,0.2993,-0.7031216044716506,-1.0546840875743422,0.35156248310269156,WELD_FOUND
21.517,0.02772814092059705,0.04329611277406607,0.03422255783670696,0.02123372400448714,0.0133,0.0151,0.021,0.0061,411,323,0.3809,0.2993,-0.7031216044716506,-1.0546840875743422,0.35156248310269156,WELD_FOUND
21.567,0.02973778597867112,0.025862497266283965,0.03361716056861371,0.025858411388728526,0.0133,0.0151,0.0203,0.0108,415,327,0.3846,0.3031,-0.35155909468853286,-0.7031216044716506,0.35156250978311776,WELD_FOUND
21.617,0.02973778597867112,0.025862497266283965,0.03361716056861371,0.025858411388728526,0.0228,0.0239,0.0108,0.002,415,327,0.3846,0.3031,-0.35155909468853286,-0.7031216044716506,0.35156250978311776,WELD_FOUND
21.667,0.0310686742777028,0.01983870761762824,0.03404448042034704,0.02809286813505856,0.0228,0.0239,0.0113,0.0042,419,331,0.3883,0.3068,3.4150945850063755e-06,-0.5273403362398785,0.5273437513344635,WELD_FOUND
21.717,0.0310686742777028,0.01983870761762824,0.03404448042034704,0.02809286813505856,0.0228,0.0239,0.0113,0.0042,419,331,0.3883,0.3068,3.4150945850063755e-06,-0.5273403362398785,0.5273437513344635,WELD_FOUND
21.767,0.03227673008302247,0.012627413386427432,0.03417084209098658,0.030382618075058352,0.031,0.0316,0.0032,-0.0012,422,334,0.3911,0.3095,-0.35155909468853286,-0.35155909468853286,0.0,WELD_FOUND
21.817,0.03227673008302247,0.012627413386427432,0.03417084209098658,0.030382618075058352,0.031,0.0316,0.0032,-0.0012,422,334,0.3911,0.3095,-0.35155909468853286,-0.35155909468853286,0.0,WELD_FOUND
21.867,0.03252110614530747,0.014779771685719988,0.03473807189816547,0.03030414039244947,0.031,0.0316,0.0038,-0.0013,427,338,0.3957,0.3132,-0.35155909468853286,-0.35155909468853286,0.0,WELD_FOUND
21.917,0.03252110614530747,0.014779771685719988,0.03473807189816547,0.03030414039244947,0.0309,0.0289,0.0038,0.0014,427,338,0.3957,0.3132,-0.35155909468853286,-0.35155909468853286,0.0,WELD_FOUND
21.967,0.03257009195381331,0.015229896145229493,0.03485457637559773,0.030285607532028885,0.0309,0.0289,0.0039,0.0014,430,342,0.3985,0.317,3.4150945850063755e-06,-0.35155909468853286,0.35156250978311787,WELD_FOUND
22.017,0.03257009195381331,0.015229896145229493,0.03485457637559773,0.030285607532028885,0.0309,0.0289,0.0039,0.0014,430,342,0.3985,0.317,3.4150945850063755e-06,-0.35155909468853286,0.35156250978311787,WELD_FOUND
22.068,0.0,0.0,0.0,0.0,0.0359,0.0371,-0.0359,-0.0371,434,346,0.4022,0.3207,3.4150945850063755e-06,nan,nan,NO_WELD
22.117,0.0,0.0,0.0,0.0,0.0359,0.0371,-0.0359,-0.0371,434,346,0.4022,0.3207,3.4150945850063755e-06,nan,nan,NO_WELD
22.167,0.0,0.0,0.0,0.0,0.0363,0.0334,-0.0363,-0.0334,438,349,0.4059,0.3234,3.4150945850063755e-06,nan,nan,NO_WELD
22.217,0.0,0.0,0.0,0.0,0.0363,0.0334,-0.0363,-0.0334,438,349,0.4059,0.3234,3.4150945850063755e-06,nan,nan,NO_WELD
22.267,0.03354147361401713,-0.014134275270306012,0.03142133232347123,0.03566161490456303,0.0291,0.0267,0.0023,0.009,438,349,0.4059,0.3234,0.35156592487770283,0.35156592487770283,0.0,WELD_FOUND
22.317,0.03354147361401713,-0.014134275270306012,0.03142133232347123,0.03566161490456303,0.0291,0.0267,0.0023,0.009,438,349,0.4059,0.3234,0.35156592487770283,0.35156592487770283,0.0,WELD_FOUND
22.367,0.0,0.0,0.0,0.0,0.0212,0.0214,-0.0212,-0.0214,439,349,0.4069,0.3234,0.35156592487770283,nan,nan,NO_WELD
22.417,0.0,0.0,0.0,0.0,0.0212,0.0214,-0.0212,-0.0214,439,349,0.4069,0.3234,0.35156592487770283,nan,nan,NO_WELD
22.467,0.0,0.0,0.0,0.0,0.0212,0.0214,-0.0212,-0.0214,442,352,0.4096,0.3262,0.35156592487770283,nan,nan,NO_WELD
22.517,0.0,0.0,0.0,0.0,0.0201,0.0202,-0.0201,-0.0202,442,352,0.4096,0.3262,0.35156592487770283,nan,nan,NO_WELD
22.567,0.0,0.0,0.0,0.0,0.0201,0.0202,-0.0201,-0.0202,441,352,0.4087,0.3262,0.35156592487770283,nan,nan,NO_WELD
22.617,0.0,0.0,0.0,0.0,0.0201,0.0202,-0.0201,-0.0202,441,352,0.4087,0.3262,0.35156592487770283,nan,nan,NO_WELD
22.667,0.0,0.0,0.0,0.0,0.0096,0.0162,-0.0096,-0.0162,441,352,0.4087,0.3262,-0.7031216044716506,-0.7031216044716506,0.0,WELD_FOUND
22.717,0.0,0.0,0.0,0.0,0.0096,0.0162,-0.0096,-0.0162,441,352,0.4087,0.3262,-0.7031216044716506,-0.7031216044716506,0.0,WELD_FOUND
22.767,0.035,0.0,0.035,0.035,0.0096,0.0162,0.0254,0.0188,441,352,0.4087,0.3262,0.35156592487770283,-0.17577783979697392,0.5273437646746768,WELD_FOUND
22.817,0.035,0.0,0.035,0.035,0.0077,0.0129,0.0273,0.0221,441,352,0.4087,0.3262,0.35156592487770283,-0.17577783979697392,0.5273437646746768,WELD_FOUND
22.867,0.030941446165075485,0.0418838188839417,0.03722401899766674,0.024658873332484232,0.0077,0.0129,0.0295,0.0117,442,353,0.4096,0.3271,-1.0546840875743422,-0.7031216044716506,-0.35156248310269156,WELD_FOUND
22.917,0.030941446165075485,0.0418838188839417,0.03722401899766674,0.024658873332484232,0.0083,0.0115,0.0289,0.0132,442,353,0.4096,0.3271,-1.0546840875743422,-0.7031216044716506,-0.35156248310269156,WELD_FOUND
22.967,0.03131277108694573,0.022149751914166467,0.0346352338740707,0.02799030829982076,0.0083,0.0115,0.0263,0.0165,448,359,0.4152,0.3327,-0.35155909468853286,-0.5273403362398785,0.17578124155134567,WELD_FOUND
23.017,0.03131277108694573,0.022149751914166467,0.0346352338740707,0.02799030829982076,0.0083,0.0115,0.0263,0.0165,448,359,0.4152,0.3327,-0.35155909468853286,-0.5273403362398785,0.17578124155134567,WELD_FOUND
23.068,0.0,0.0,0.0,0.0,0.0322,0.0341,-0.0322,-0.0341,453,364,0.4198,0.3373,-0.35155909468853286,nan,nan,NO_WELD
23.117,0.0,0.0,0.0,0.0,0.0322,0.0341,-0.0322,-0.0341,453,364,0.4198,0.3373,-0.35155909468853286,nan,nan,NO_WELD
23.167,0.0,0.0,0.0,0.0,0.0322,0.0341,-0.0322,-0.0341,458,369,0.4245,0.342,-0.35155909468853286,nan,nan,NO_WELD
23.217,0.0,0.0,0.0,0.0,0.0317,0.0328,-0.0317,-0.0328,458,369,0.4245,0.342,-0.35155909468853286,nan,nan,NO_WELD
23.267,0.035,0.0,0.035,0.035,0.0317,0.0328,0.0033,0.0022,458,368,0.4245,0.3411,3.4150945850063755e-06,3.4150945850063755e-06,0.0,WELD_FOUND
23.317,0.035,0.0,0.035,0.035,0.0253,0.016,0.0097,0.019,458,368,0.4245,0.3411,3.4150945850063755e-06,3.4150945850063755e-06,0.0,WELD_FOUND
23.367,0.0,0.0,0.0,0.0,0.0253,0.016,-0.0253,-0.016,459,368,0.4254,0.3411,3.4150945850063755e-06,nan,nan,NO_WELD
23.417,0.0,0.0,0.0,0.0,0.0253,0.016,-0.0253,-0.016,459,368,0.4254,0.3411,3.4150945850063755e-06,nan,nan,NO_WELD
23.467,0.0332064065330168,-0.014732412424479145,0.030996544669344928,0.03541626839668867,0.0276,0.0219,0.0034,0.0135,463,373,0.4291,0.3457,0.35156592487770283,0.35156592487770283,0.0,WELD_FOUND
23.517,0.0332064065330168,-0.014732412424479145,0.030996544669344928,0.03541626839668867,0.0276,0.0219,0.0034,0.0135,463,373,0.4291,0.3457,0.35156592487770283,0.35156592487770283,0.0,WELD_FOUND
23.567,0.0,0.0,0.0,0.0,0.0276,0.0219,-0.0276,-0.0219,464,372,0.43,0.3448,0.35156592487770283,nan,nan,NO_WELD
23.617,0.0,0.0,0.0,0.0,0.019,0.0107,-0.019,-0.0107,464,372,0.43,0.3448,0.35156592487770283,nan,nan,NO_WELD
23.667,0.033413112052150265,0.016426952996759676,0.03587715500166422,0.030949069102636312,0.019,0.0107,0.0169,0.0203,468,375,0.4337,0.3475,-0.35155909468853286,-0.35155909468853286,0.0,WELD_FOUND
23.717,0.033413112052150265,0.016426952996759676,0.03587715500166422,0.030949069102636312,0.0262,0.0175,0.0096,0.0134,468,375,0.4337,0.3475,-0.35155909468853286,-0.35155909468853286,0.0,WELD_FOUND
23.767,0.0,0.0,0.0,0.0,0.0262,0.0175,-0.0262,-0.0175,469,376,0.4347,0.3485,-0.35155909468853286,nan,nan,NO_WELD
23.817,0.0,0.0,0.0,0.0,0.0262,0.0175,-0.0262,-0.0175,469,376,0.4347,0.3485,-0.35155909468853286,nan,nan,NO_WELD
23.867,0.029049703982624978,0.04743935714450464,0.03616560755430067,0.02193380041094928,0.0281,0.0204,0.0081,0.0015,473,379,0.4384,0.3512,-1.0546840875743422,-1.0546840875743422,0.0,WELD_FOUND
23.917,0.029049703982624978,0.04743935714450464,0.03616560755430067,0.02193380041094928,0.0281,0.0204,0.0081,0.0015,473,379,0.4384,0.3512,-1.0546840875743422,-1.0546840875743422,0.0,WELD_FOUND
23.967,0.026473720994606164,0.06787693915044919,0.03665526186717354,0.016292180122038785,0.0281,0.0204,0.0086,-0.0041,474,378,0.4393,0.3503,-1.7578091605014305,-1.4062466240378864,-0.3515625364635442,WELD_FOUND
24.017,0.026473720994606164,0.06787693915044919,0.03665526186717354,0.016292180122038785,0.0193,0.0098,0.0173,0.0065,474,378,0.4393,0.3503,-1.7578091605014305,-1.4062466240378864,-0.3515625364635442,WELD_FOUND
24.068,0.0276965229192686,0.04306205452224357,0.03415583109760514,0.021237214740932063,0.0193,0.0098,0.0148,0.0115,477,381,0.4421,0.3531,-0.35155909468853286,-1.0546840875743422,0.7031249928858093,WELD_FOUND
24.117,0.0276965229192686,0.04306205452224357,0.03415583109760514,0.021237214740932063,0.0227,0.017,0.0114,0.0043,477,381,0.4421,0.3531,-0.35155909468853286,-1.0546840875743422,0.7031249928858093,WELD_FOUND
24.167,0.0,0.0,0.0,0.0,0.0227,0.017,-0.0227,-0.017,481,385,0.4458,0.3568,-0.35155909468853286,nan,nan,NO_WELD
24.217,0.0,0.0,0.0,0.0,0.0227,0.017,-0.0227,-0.017,481,385,0.4458,0.3568,-0.35155909468853286,nan,nan,NO_WELD
24.267,0.0,0.0,0.0,0.0,0.0285,0.0275,-0.0285,-0.0275,483,388,0.4476,0.3596,-0.35155909468853286,nan,nan,NO_WELD
24.317,0.0,0.0,0.0,0.0,0.0285,0.0275,-0.0285,-0.0275,483,388,0.4476,0.3596,-0.35155909468853286,nan,nan,NO_WELD
24.367,0.031573446625930035,0.016641111161358444,0.0340696133001338,0.029077279951726268,0.0228,0.022,0.0113,0.0071,483,388,0.4476,0.3596,-0.35155909468853286,-0.35155909468853286,0.0,WELD_FOUND
24.417,0.031573446625930035,0.016641111161358444,0.0340696133001338,0.029077279951726268,0.0228,0.022,0.0113,0.0071,483,388,0.4476,0.3596,-0.35155909468853286,-0.35155909468853286,0.0,WELD_FOUND
24.467,0.03143941239675197,0.023317620607330804,0.034937055487851594,0.027941769305652352,0.0228,0.022,0.0122,0.0059,484,388,0.4486,0.3596,-0.7031216044716506,-0.5273403362398785,-0.1757812682317721,WELD_FOUND
24.517,0.03143941239675197,0.023317620607330804,0.034937055487851594,0.027941769305652352,0.0161,0.0176,0.0188,0.0103,484,388,0.4486,0.3596,-0.7031216044716506,-0.5273403362398785,-0.1757812682317721,WELD_FOUND
24.567,0.0323521253708061,0.013190602861511717,0.03433071580003286,0.03037353494157934,0.0161,0.0176,0.0182,0.0128,488,393,0.4523,0.3642,3.4150945850063755e-06,-0.35155909468853286,0.35156250978311787,WELD_FOUND
24.617,0.0323521253708061,0.013190602861511717,0.03433071580003286,0.03037353494157934,0.0161,0.0176,0.0182,0.0128,488,393,0.4523,0.3642,3.4150945850063755e-06,-0.35155909468853286,0.35156250978311787,WELD_FOUND
24.667,0.0,0.0,0.0,0.0,0.027,0.0353,-0.027,-0.0353,491,398,0.455,0.3689,3.4150945850063755e-06,nan,nan,NO_WELD
24.717,0.0,0.0,0.0,0.0,0.027,0.0353,-0.027,-0.0353,491,398,0.455,0.3689,3.4150945850063755e-06,nan,nan,NO_WELD
24.767,0.03358580112394427,-0.016618839945126924,0.03109297513217523,0.03607862711571331,0.027,0.0353,0.0041,0.0008,496,403,0.4597,0.3735,0.35156592487770283,0.35156592487770283,0.0,WELD_FOUND
24.817,0.03358580112394427,-0.016618839945126924,0.03109297513217523,0.03607862711571331,0.0285,0.0335,0.0025,0.0026,496,403,0.4597,0.3735,0.35156592487770283,0.35156592487770283,0.0,WELD_FOUND
24.867,0.0,0.0,0.0,0.0,0.0285,0.0335,-0.0285,-0.0335,495,403,0.4588,0.3735,0.35156592487770283,nan,nan,NO_WELD
24.917,0.0,0.0,0.0,0.0,0.0285,0.0335,-0.0285,-0.0335,495,403,0.4588,0.3735,0.35156592487770283,nan,nan,NO_WELD
24.967,0.03333725660947551,0.016342501196394743,0.03578863178893472,0.030885881430016297,0.0221,0.0251,0.0137,0.0058,498,405,0.4615,0.3753,-0.35155909468853286,-0.35155909468853286,0.0,WELD_FOUND
25.017,0.03333725660947551,0.016342501196394743,0.03578863178893472,0.030885881430016297,0.0221,0.0251,0.0137,0.0058,498,405,0.4615,0.3753,-0.35155909468853286,-0.35155909468853286,0.0,WELD_FOUND
25.068,0.03273263501047702,0.016698235510953723,0.03523737033712008,0.03022789968383396,0.0169,0.02,0.0183,0.0102,499,405,0.4625,0.3753,-0.35155909468853286,-0.35155909468853286,0.0,WELD_FOUND
25.117,0.03273263501047702,0.016698235510953723,0.03523737033712008,0.03022789968383396,0.0169,0.02,0.0183,0.0102,499,405,0.4625,0.3753,-0.35155909468853286,-0.35155909468853286,0.0,WELD_FOUND
25.167,0.03261237466924238,0.015612030147440756,0.03495417919135849,0.03027057014712627,0.0169,0.02,0.018,0.0102,504,410,0.4671,0.38,3.4150945850063755e-06,-0.35155909468853286,0.35156250978311787,WELD_FOUND
25.217,0.03261237466924238,0.015612030147440756,0.03495417919135849,0.03027057014712627,0.0225,0.0244,0.0124,0.0059,504,410,0.4671,0.38,3.4150945850063755e-06,-0.35155909468853286,0.35156250978311787,WELD_FOUND
25.267,0.035,0.0,0.035,0.035,0.0225,0.0244,0.0125,0.0106,509,414,0.4717,0.3837,1.4062534542270564,-0.17577783979697392,1.5820312940240302,WELD_FOUND
25.317,0.035,0.0,0.035,0.035,0.0225,0.0244,0.0125,0.0106,509,414,0.4717,0.3837,1.4062534542270564,-0.17577783979697392,1.5820312940240302,WELD_FOUND
25.367,0.03277377916250107,0.022611593025783118,0.03616551811636854,0.0293820402086336,0.0382,0.0369,-0.0021,-0.0075,514,419,0.4764,0.3883,-0.35155909468853286,-0.35155909468853286,0.0,WELD_FOUND
25.417,0.03277377916250107,0.022611593025783118,0.03616551811636854,0.0293820402086336,0.0382,0.0369,-0.0021,-0.0075,514,419,0.4764,0.3883,-0.35155909468853286,-0.35155909468853286,0.0,WELD_FOUND
25.467,0.03262058630665669,0.01568598920890242,0.03497348468799206,0.03026768792532133,0.0382,0.0369,-0.0033,-0.0066,518,423,0.4801,0.392,-0.35155909468853286,-0.35155909468853286,0.0,WELD_FOUND
25.517,0.03262058630665669,0.01568598920890242,0.03497348468799206,0.03026768792532133,0.0328,0.032,0.0021,-0.0017,518,423,0.4801,0.392,-0.35155909468853286,-0.35155909468853286,0.0,WELD_FOUND
25.567,0.035,0.0,0.035,0.035,0.0328,0.032,0.0022,0.003,521,427,0.4828,0.3957,3.4150945850063755e-06,3.4150945850063755e-06,0.0,WELD_FOUND
25.617,0.035,0.0,0.035,0.035,0.0308,0.034,0.0042,0.001,521,427,0.4828,0.3957,3.4150945850063755e-06,3.4150945850063755e-06,0.0,WELD_FOUND
25.667,0.035,0.0,0.035,0.035,0.0308,0.034,0.0042,0.001,525,431,0.4866,0.3994,3.4150945850063755e-06,3.4150945850063755e-06,0.0,WELD_FOUND
25.717,0.035,0.0,0.035,0.035,0.0308,0.034,0.0042,0.001,525,431,0.4866,0.3994,3.4150945850063755e-06,3.4150945850063755e-06,0.0,WELD_FOUND
25.767,0.035,0.0,0.035,0.035,0.0383,0.0402,-0.0033,-0.0052,529,435,0.4903,0.4031,0.35156592487770283,3.4150945850063755e-06,0.3515625097831178,WELD_FOUND
25.817,0.035,0.0,0.035,0.035,0.0383,0.0402,-0.0033,-0.0052,529,435,0.4903,0.4031,0.35156592487770283,3.4150945850063755e-06,0.3515625097831178,WELD_FOUND
25.867,0.035,0.0,0.035,0.035,0.0383,0.0402,-0.0033,-0.0052,532,438,0.493,0.4059,-0.35155909468853286,3.4150945850063755e-06,-0.35156250978311787,WELD_FOUND
25.917,0.035,0.0,0.035,0.035,0.0304,0.0315,0.0046,0.0035,532,438,0.493,0.4059,-0.35155909468853286,3.4150945850063755e-06,-0.35156250978311787,WELD_FOUND
25.967,0.035,0.0,0.035,0.035,0.0304,0.0315,0.0046,0.0035,536,442,0.4967,0.4096,0.35156592487770283,3.4150945850063755e-06,0.3515625097831178,WELD_FOUND
26.017,0.035,0.0,0.035,0.035,0.0331,0.0337,0.0019,0.0013,536,442,0.4967,0.4096,0.35156592487770283,3.4150945850063755e-06,0.3515625097831178,WELD_FOUND
26.068,0.035,0.0,0.035,0.035,0.0331,0.0337,0.0019,0.0013,540,446,0.5005,0.4133,3.4150945850063755e-06,3.4150945850063755e-06,0.0,WELD_FOUND
26.117,0.035,0.0,0.035,0.035,0.0347,0.0351,0.0003,-0.0001,540,446,0.5005,0.4133,3.4150945850063755e-06,3.4150945850063755e-06,0.0,WELD_FOUND
26.167,0.035,0.0,0.035,0.035,0.0347,0.0351,0.0003,-0.0001,544,450,0.5042,0.417,3.4150945850063755e-06,3.4150945850063755e-06,0.0,WELD_FOUND
26.217,0.035,0.0,0.035,0.035,0.0347,0.0351,0.0003,-0.0001,544,450,0.5042,0.417,3.4150945850063755e-06,3.4150945850063755e-06,0.0,WELD_FOUND
26.267,0.035,0.0,0.035,0.035,0.0406,0.0408,-0.0056,-0.0058,548,454,0.5079,0.4208,3.4150945850063755e-06,3.4150945850063755e-06,0.0,WELD_FOUND
26.317,0.035,0.0,0.035,0.035,0.0406,0.0408,-0.0056,-0.0058,548,454,0.5079,0.4208,3.4150945850063755e-06,3.4150945850063755e-06,0.0,WELD_FOUND
26.367,0.035,0.0,0.035,0.035,0.0392,0.0356,-0.0042,-0.0006,552,457,0.5116,0.4235,3.4150945850063755e-06,3.4150945850063755e-06,0.0,WELD_FOUND
26.417,0.035,0.0,0.035,0.035,0.0392,0.0356,-0.0042,-0.0006,552,457,0.5116,0.4235,3.4150945850063755e-06,3.4150945850063755e-06,0.0,WELD_FOUND
26.467,0.035,0.0,0.035,0.035,0.0383,0.0362,-0.0033,-0.0012,556,461,0.5153,0.4272,-0.35155909468853286,3.4150945850063755e-06,-0.35156250978311787,WELD_FOUND
26.517,0.035,0.0,0.035,0.035,0.0383,0.0362,-0.0033,-0.0012,556,461,0.5153,0.4272,-0.35155909468853286,3.4150945850063755e-06,-0.35156250978311787,WELD_FOUND
26.567,0.0,0.0,0.0,0.0,0.0383,0.0362,-0.0383,-0.0362,560,465,0.519,0.4309,-0.35155909468853286,nan,nan,NO_WELD
26.617,0.0,0.0,0.0,0.0,0.0329,0.0316,-0.0329,-0.0316,560,465,0.519,0.4309,-0.35155909468853286,nan,nan,NO_WELD
26.667,0.035,0.0,0.035,0.035,0.0329,0.0316,0.0021,0.0034,562,467,0.5208,0.4328,3.4150945850063755e-06,3.4150945850063755e-06,0.0,WELD_FOUND
26.717,0.035,0.0,0.035,0.035,0.0329,0.0316,0.0021,0.0034,562,467,0.5208,0.4328,3.4150945850063755e-06,3.4150945850063755e-06,0.0,WELD_FOUND
26.767,0.0330589122699579,-0.01964417956953927,0.03011228533452701,0.03600553920538879,0.0271,0.0264,0.003,0.0096,563,468,0.5218,0.4337,0.7031284346608206,0.35156592487770283,0.3515625097831178,WELD_FOUND
26.817,0.0330589122699579,-0.01964417956953927,0.03011228533452701,0.03600553920538879,0.0271,0.0264,0.003,0.0096,563,468,0.5218,0.4337,0.7031284346608206,0.35156592487770283,0.3515625097831178,WELD_FOUND
26.867,0.03267734402705096,-0.016199282184793787,0.030247451699331896,0.03510723635477003,0.0271,0.0264,0.0031,0.0087,567,472,0.5255,0.4374,0.35156592487770283,0.35156592487770283,0.0,WELD_FOUND
26.917,0.03267734402705096,-0.016199282184793787,0.030247451699331896,0.03510723635477003,0.0262,0.0257,0.0041,0.0094,567,472,0.5255,0.4374,0.35156592487770283,0.35156592487770283,0.0,WELD_FOUND
26.967,0.035,0.0,0.035,0.035,0.0262,0.0257,0.0088,0.0093,570,476,0.5283,0.4411,-0.35155909468853286,0.17578466998614392,-0.5273437646746768,WELD_FOUND
27.017,0.035,0.0,0.035,0.035,0.0262,0.0257,0.0088,0.0093,570,476,0.5283,0.4411,-0.35155909468853286,0.17578466998614392,-0.5273437646746768,WELD_FOUND
27.068,0.03277633869837858,-0.022572143141371914,0.029390517227172792,0.036162160169584366,0.033,0.0352,-0.0036,0.001,574,480,0.532,0.4448,0.35156592487770283,0.35156592487770283,0.0,WELD_FOUND
27.117,0.03277633869837858,-0.022572143141371914,0.029390517227172792,0.036162160169584366,0.033,0.0352,-0.0036,0.001,574,480,0.532,0.4448,0.35156592487770283,0.35156592487770283,0.0,WELD_FOUND
27.167,0.032621060081759065,-0.0156913331051234,0.030267360115990554,0.03497476004752757,0.0383,0.0359,-0.0081,-0.001,579,484,0.5366,0.4486,3.4150945850063755e-06,0.35156592487770283,-0.3515625097831178,WELD_FOUND
27.217,0.032621060081759065,-0.0156913331051234,0.030267360115990554,0.03497476004752757,0.0383,0.0359,-0.0081,-0.001,579,484,0.5366,0.4486,3.4150945850063755e-06,0.35156592487770283,-0.3515625097831178,WELD_FOUND
27.267,0.035,0.0,0.035,0.035,0.0383,0.0359,-0.0033,-0.0009,582,488,0.5394,0.4523,3.4150945850063755e-06,3.4150945850063755e-06,0.0,WELD_FOUND
27.317,0.035,0.0,0.035,0.035,0.0304,0.0315,0.0046,0.0035,582,488,0.5394,0.4523,3.4150945850063755e-06,3.4150945850063755e-06,0.0,WELD_FOUND
27.367,0.035,0.0,0.035,0.035,0.0304,0.0315,0.0046,0.0035,585,491,0.5422,0.455,3.4150945850063755e-06,3.4150945850063755e-06,0.0,WELD_FOUND
27.417,0.035,0.0,0.035,0.035,0.0294,0.03,0.0056,0.005,585,491,0.5422,0.455,3.4150945850063755e-06,3.4150945850063755e-06,0.0,WELD_FOUND
27.467,0.035,0.0,0.035,0.035,0.0294,0.03,0.0056,0.005,589,495,0.5459,0.4588,-0.7031216044716506,3.4150945850063755e-06,-0.7031250195662356,WELD_FOUND
27.517,0.035,0.0,0.035,0.035,0.0294,0.03,0.0056,0.005,589,495,0.5459,0.4588,-0.7031216044716506,3.4150945850063755e-06,-0.7031250195662356,WELD_FOUND
27.567,0.035,0.0,0.035,0.035,0.0399,0.0378,-0.0049,-0.0028,594,499,0.5505,0.4625,-0.7031216044716506,3.4150945850063755e-06,-0.7031250195662356,WELD_FOUND
27.617,0.035,0.0,0.035,0.035,0.0399,0.0378,-0.0049,-0.0028,594,499,0.5505,0.4625,-0.7031216044716506,3.4150945850063755e-06,-0.7031250195662356,WELD_FOUND
27.667,0.035,0.0,0.035,0.035,0.0387,0.0375,-0.0037,-0.0025,598,503,0.5542,0.4662,3.4150945850063755e-06,3.4150945850063755e-06,0.0,WELD_FOUND
27.717,0.035,0.0,0.035,0.035,0.0387,0.0375,-0.0037,-0.0025,598,503,0.5542,0.4662,3.4150945850063755e-06,3.4150945850063755e-06,0.0,WELD_FOUND
27.767,0.031173410860103282,0.039232604905580705,0.03705830159594039,0.025288520124266176,0.0344,0.0373,0.0027,-0.012,601,507,0.557,0.4699,-0.7031216044716506,-0.7031216044716506,0.0,WELD_FOUND
27.817,0.031173410860103282,0.039232604905580705,0.03705830159594039,0.025288520124266176,0.0344,0.0373,0.0027,-0.012,601,507,0.557,0.4699,-0.7031216044716506,-0.7031216044716506,0.0,WELD_FOUND
27.867,0.03043451981381267,0.03239504528187973,0.03529377660609463,0.02557526302153071,0.0344,0.0373,0.0009,-0.0117,604,509,0.5598,0.4717,-0.35155909468853286,-0.7031216044716506,0.35156250978311776,WELD_FOUND
27.917,0.03043451981381267,0.03239504528187973,0.03529377660609463,0.02557526302153071,0.028,0.0273,0.0073,-0.0018,604,509,0.5598,0.4717,-0.35155909468853286,-0.7031216044716506,0.35156250978311776,WELD_FOUND
27.967,0.03214692119398931,0.011385917731308735,0.03385480885368562,0.030439033534293003,0.028,0.0273,0.0058,0.0031,607,512,0.5625,0.4745,0.35156592487770283,-0.35155909468853286,0.7031250195662357,WELD_FOUND
28.017,0.03214692119398931,0.011385917731308735,0.03385480885368562,0.030439033534293003,0.0279,0.0275,0.0059,0.0029,607,512,0.5625,0.4745,0.35156592487770283,-0.35155909468853286,0.7031250195662357,WELD_FOUND
28.068,0.03249502524765063,0.01454298236945695,0.03467647260306918,0.03031357789223209,0.0279,0.0275,0.0067,0.0028,610,516,0.5653,0.4782,-0.7031216044716506,-0.35155909468853286,-0.35156250978311776,WELD_FOUND
28.117,0.03249502524765063,0.01454298236945695,0.03467647260306918,0.03031357789223209,0.0279,0.0313,0.0068,-0.001,610,516,0.5653,0.4782,-0.7031216044716506,-0.35155909468853286,-0.35156250978311776,WELD_FOUND
28.167,0.03256487100948794,0.015178714532345764,0.0348416781893398,0.030288063829636076,0.0279,0.0313,0.007,-0.0011,617,520,0.5718,0.4819,3.4150945850063755e-06,-0.35155909468853286,0.35156250978311787,WELD_FOUND
28.217,0.03256487100948794,0.015178714532345764,0.0348416781893398,0.030288063829636076,0.0279,0.0313,0.007,-0.0011,617,520,0.5718,0.4819,3.4150945850063755e-06,-0.35155909468853286,0.35156250978311787,WELD_FOUND
28.267,0.032578849159899594,0.015308032969696418,0.034875054105354054,0.030282644214445133,0.0439,0.0386,-0.009,-0.0083,621,524,0.5755,0.4856,-0.7031216044716506,-0.35155909468853286,-0.35156250978311776,WELD_FOUND
28.317,0.032578849159899594,0.015308032969696418,0.034875054105354054,0.030282644214445133,0.0439,0.0386,-0.009,-0.0083,621,524,0.5755,0.4856,-0.7031216044716506,-0.35155909468853286,-0.35156250978311776,WELD_FOUND
28.367,0.035,0.0,0.035,0.035,0.0439,0.0386,-0.0089,-0.0036,624,527,0.5783,0.4884,3.4150945850063755e-06,3.4150945850063755e-06,0.0,WELD_FOUND
28.417,0.035,0.0,0.035,0.035,0.0338,0.0306,0.0012,0.0044,624,527,0.5783,0.4884,3.4150945850063755e-06,3.4150945850063755e-06,0.0,WELD_FOUND
28.467,0.0,0.0,0.0,0.0,0.0338,0.0306,-0.0338,-0.0306,627,530,0.5811,0.4912,3.4150945850063755e-06,nan,nan,NO_WELD
28.517,0.0,0.0,0.0,0.0,0.0314,0.0295,-0.0314,-0.0295,627,530,0.5811,0.4912,3.4150945850063755e-06,nan,nan,NO_WELD
28.567,0.029252746670258026,0.048652837355421794,0.0365506722735713,0.021954821066944758,0.0314,0.0295,0.0052,-0.0075,630,532,0.5839,0.493,-1.0546840875743422,-1.0546840875743422,0.0,WELD_FOUND
28.617,0.029252746670258026,0.048652837355421794,0.0365506722735713,0.021954821066944758,0.0299,0.0251,0.0066,-0.0031,630,532,0.5839,0.493,-1.0546840875743422,-1.0546840875743422,0.0,WELD_FOUND
28.667,0.029144960051417066,0.03860701732318948,0.03493601264989549,0.023353907452938645,0.0299,0.0251,0.005,-0.0017,632,532,0.5857,0.493,-0.7031216044716506,-0.8789028727034228,0.1757812682317722,WELD_FOUND
28.717,0.029144960051417066,0.03860701732318948,0.03493601264989549,0.023353907452938645,0.0299,0.0251,0.005,-0.0017,632,532,0.5857,0.493,-0.7031216044716506,-0.8789028727034228,0.1757812682317722,WELD_FOUND
28.767,0.03002828905614761,0.028551621747320042,0.034311032318245616,0.025745545794049605,0.0303,0.0225,0.004,0.0033,635,535,0.5885,0.4958,-0.35155909468853286,-0.7031216044716506,0.35156250978311776,WELD_FOUND
28.817,0.03002828905614761,0.028551621747320042,0.034311032318245616,0.025745545794049605,0.0303,0.0225,0.004,0.0033,635,535,0.5885,0.4958,-0.35155909468853286,-0.7031216044716506,0.35156250978311776,WELD_FOUND
28.867,0.030206537288917885,0.030259377540462894,0.034745443919987316,0.02566763065784845,0.0303,0.0225,0.0044,0.0032,638,539,0.5913,0.4995,-0.7031216044716506,-0.7031216044716506,0.0,WELD_FOUND
28.917,0.030206537288917885,0.030259377540462894,0.034745443919987316,0.02566763065784845,0.0256,0.0234,0.0091,0.0023,638,539,0.5913,0.4995,-0.7031216044716506,-0.7031216044716506,0.0,WELD_FOUND
28.967,0.0302422502327449,0.03059561512506879,0.03483159250150522,0.025652907963984582,0.0256,0.0234,0.0092,0.0023,642,542,0.595,0.5023,3.4150945850063755e-06,-0.7031216044716506,0.7031250195662356,WELD_FOUND
29.017,0.0302422502327449,0.03059561512506879,0.03483159250150522,0.025652907963984582,0.0256,0.0234,0.0092,0.0023,642,542,0.595,0.5023,3.4150945850063755e-06,-0.7031216044716506,0.7031250195662356,WELD_FOUND
29.068,0.032107349843373476,0.011013054023419044,0.033759307946886336,0.03045539173986062,0.0327,0.0288,0.0011,0.0016,645,545,0.5978,0.5051,1.054690917763512,-0.35155909468853286,1.4062500124520447,WELD_FOUND
29.117,0.032107349843373476,0.011013054023419044,0.033759307946886336,0.03045539173986062,0.0327,0.0288,0.0011,0.0016,645,545,0.5978,0.5051,1.054690917763512,-0.35155909468853286,1.4062500124520447,WELD_FOUND
29.167,0.0,0.0,0.0,0.0,0.0327,0.0288,-0.0327,-0.0288,649,548,0.6015,0.5079,1.054690917763512,nan,nan,NO_WELD
29.217,0.0,0.0,0.0,0.0,0.0295,0.0247,-0.0295,-0.0247,649,548,0.6015,0.5079,1.054690917763512,nan,nan,NO_WELD
29.267,0.031733479314551366,-0.032686020192677,0.026830576285649815,0.036636382343452914,0.0295,0.0247,-0.0027,0.0119,650,549,0.6024,0.5088,0.7031284346608206,0.7031284346608206,0.0,WELD_FOUND
29.317,0.031733479314551366,-0.032686020192677,0.026830576285649815,0.036636382343452914,0.0295,0.0247,-0.0027,0.0119,650,549,0.6024,0.5088,0.7031284346608206,0.7031284346608206,0.0,WELD_FOUND
29.367,0.02873327183794427,-0.053136385496672295,0.020762814013443424,0.03670372966244512,0.0251,0.0222,-0.0043,0.0145,652,551,0.6043,0.5107,1.4062534542270564,1.054690917763512,0.3515625364635444,WELD_FOUND
29.417,0.02873327183794427,-0.053136385496672295,0.020762814013443424,0.03670372966244512,0.0251,0.0222,-0.0043,0.0145,652,551,0.6043,0.5107,1.4062534542270564,1.054690917763512,0.3515625364635444,WELD_FOUND
29.467,0.026413141658789153,-0.06710335830364195,0.01634763791324286,0.036478645404335444,0.0251,0.0222,-0.0088,0.0142,656,555,0.608,0.5144,1.4062534542270564,1.4062534542270564,0.0,WELD_FOUND
29.517,0.026413141658789153,-0.06710335830364195,0.01634763791324286,0.036478645404335444,0.0249,0.0232,-0.0086,0.0132,656,555,0.608,0.5144,1.4062534542270564,1.4062534542270564,0.0,WELD_FOUND
29.567,0.027684090671924174,-0.04299430034608231,0.021234945620011828,0.034133235723836516,0.0249,0.0232,-0.0037,0.0109,660,560,0.6117,0.519,0.7031284346608206,1.054690917763512,-0.35156248310269134,WELD_FOUND
29.617,0.027684090671924174,-0.04299430034608231,0.021234945620011828,0.034133235723836516,0.0249,0.0232,-0.0037,0.0109,660,560,0.6117,0.519,0.7031284346608206,1.054690917763512,-0.35156248310269134,WELD_FOUND
29.667,0.0,0.0,0.0,0.0,0.0347,0.0362,-0.0347,-0.0362,664,564,0.6154,0.5227,0.7031284346608206,nan,nan,NO_WELD
29.717,0.0,0.0,0.0,0.0,0.0347,0.0362,-0.0347,-0.0362,664,564,0.6154,0.5227,0.7031284346608206,nan,nan,NO_WELD
29.767,0.026210474952325636,-0.05,0.018710474952325636,0.03371047495232564,0.0282,0.0289,-0.0095,0.0048,666,564,0.6172,0.5227,1.4062534542270564,1.4062534542270564,0.0,WELD_FOUND
29.817,0.026210474952325636,-0.05,0.018710474952325636,0.03371047495232564,0.0282,0.0289,-0.0095,0.0048,666,564,0.6172,0.5227,1.4062534542270564,1.4062534542270564,0.0,WELD_FOUND
29.867,0.03125252517466053,-0.003067865810187035,0.030792345303132476,0.03171270504618859,0.0282,0.0289,0.0026,0.0028,667,565,0.6182,0.5236,-0.7031216044716506,0.35156592487770283,-1.0546875293493534,WELD_FOUND
29.917,0.03125252517466053,-0.003067865810187035,0.030792345303132476,0.03171270504618859,0.0194,0.0198,0.0114,0.0119,667,565,0.6182,0.5236,-0.7031216044716506,0.35156592487770283,-1.0546875293493534,WELD_FOUND
29.967,0.03190485974136022,0.04604010023089876,0.03881087477599503,0.024998844706725403,0.0194,0.0198,0.0194,0.0052,670,568,0.6209,0.5264,-1.0546840875743422,-0.7031216044716506,-0.35156248310269156,WELD_FOUND
30.017,0.03190485974136022,0.04604010023089876,0.03881087477599503,0.024998844706725403,0.0194,0.0198,0.0194,0.0052,670,568,0.6209,0.5264,-1.0546840875743422,-0.7031216044716506,-0.35156248310269156,WELD_FOUND
30.068,0.0,0.0,0.0,0.0,0.0265,0.0267,-0.0265,-0.0267,673,571,0.6237,0.5292,-1.0546840875743422,nan,nan,NO_WELD
30.117,0.0,0.0,0.0,0.0,0.0265,0.0267,-0.0265,-0.0267,673,571,0.6237,0.5292,-1.0546840875743422,nan,nan,NO_WELD
30.167,0.035,0.0,0.035,0.035,0.0265,0.0267,0.0085,0.0083,673,571,0.6237,0.5292,0.35156592487770283,0.35156592487770283,0.0,WELD_FOUND
30.217,0.035,0.0,0.035,0.035,0.0212,0.0214,0.0138,0.0136,673,571,0.6237,0.5292,0.35156592487770283,0.35156592487770283,0.0,WELD_FOUND
30.267,0.028208222953402685,-0.05,0.020708222953402685,0.03570822295340269,0.0212,0.0214,-0.0005,0.0143,674,573,0.6246,0.531,2.109378420432439,1.2304722393561371,0.8789061810763019,WELD_FOUND
30.317,0.028208222953402685,-0.05,0.020708222953402685,0.03570822295340269,0.0164,0.0202,0.0043,0.0155,674,573,0.6246,0.531,2.109378420432439,1.2304722393561371,0.8789061810763019,WELD_FOUND
30.367,0.0,0.0,0.0,0.0,0.0164,0.0202,-0.0164,-0.0202,679,577,0.6293,0.5347,2.109378420432439,nan,nan,NO_WELD
30.417,0.0,0.0,0.0,0.0,0.0164,0.0202,-0.0164,-0.0202,679,577,0.6293,0.5347,2.109378420432439,nan,nan,NO_WELD
30.467,0.013191596493820656,-0.05,0.005691596493820656,0.020691596493820658,0.0271,0.0294,-0.0214,-0.0087,681,580,0.6311,0.5375,4.5703160689555435,4.5703160689555435,0.0,WELD_FOUND
30.517,0.013191596493820656,-0.05,0.005691596493820656,0.020691596493820658,0.0271,0.0294,-0.0214,-0.0087,681,580,0.6311,0.5375,4.5703160689555435,4.5703160689555435,0.0,WELD_FOUND
30.567,0.012572590794000714,-0.1,-0.0024274092059992855,0.027572590794000713,0.0271,0.0294,-0.0295,-0.0018,680,581,0.6302,0.5385,3.5156285662866162,4.042972104177668,-0.5273435378910518,WELD_FOUND
30.617,0.012572590794000714,-0.1,-0.0024274092059992855,0.027572590794000713,0.0138,0.0201,-0.0162,0.0074,680,581,0.6302,0.5385,3.5156285662866162,4.042972104177668,-0.5273435378910518,WELD_FOUND
30.667,0.014274203476415764,-0.1474028377159511,-0.007836222180976904,0.03638462913380843,0.0138,0.0201,-0.0216,0.0163,681,582,0.6311,0.5394,2.109378420432439,3.5156285662866162,-1.4062501458541772,WELD_FOUND
30.717,0.014274203476415764,-0.1474028377159511,-0.007836222180976904,0.03638462913380843,0.0138,0.0201,-0.0216,0.0163,681,582,0.6311,0.5394,2.109378420432439,3.5156285662866162,-1.4062501458541772,WELD_FOUND
30.767,0.017283713336865132,-0.1128012589545628,0.0003635244936807114,0.03420390218004955,0.0206,0.0244,-0.0203,0.0098,685,586,0.6348,0.5431,3.4150945850063755e-06,2.812503493359528,-2.812500078264943,WELD_FOUND
30.817,0.017283713336865132,-0.1128012589545628,0.0003635244936807114,0.03420390218004955,0.0206,0.0244,-0.0203,0.0098,685,586,0.6348,0.5431,3.4150945850063755e-06,2.812503493359528,-2.812500078264943,WELD_FOUND
30.867,0.0,0.0,0.0,0.0,0.0235,0.0258,-0.0235,-0.0258,688,589,0.6376,0.5459,3.4150945850063755e-06,nan,nan,NO_WELD
30.917,0.0,0.0,0.0,0.0,0.0235,0.0258,-0.0235,-0.0258,688,589,0.6376,0.5459,3.4150945850063755e-06,nan,nan,NO_WELD
30.967,0.0,0.0,0.0,0.0,0.0188,0.0192,-0.0188,-0.0192,688,590,0.6376,0.5468,3.4150945850063755e-06,nan,nan,NO_WELD
31.017,0.0,0.0,0.0,0.0,0.0188,0.0192,-0.0188,-0.0192,688,590,0.6376,0.5468,3.4150945850063755e-06,nan,nan,NO_WELD
31.068,0.03284121671084843,0.009594922282168208,0.03428045505317366,0.031401978368523195,0.0188,0.0192,0.0155,0.0122,688,590,0.6376,0.5468,-0.35155909468853286,-0.35155909468853286,0.0,WELD_FOUND
31.117,0.03284121671084843,0.009594922282168208,0.03428045505317366,0.031401978368523195,0.015,0.0153,0.0192,0.0161,688,590,0.6376,0.5468,-0.35155909468853286,-0.35155909468853286,0.0,WELD_FOUND
31.167,0.0,0.0,0.0,0.0,0.015,0.0153,-0.015,-0.0153,690,592,0.6395,0.5486,-0.35155909468853286,nan,nan,NO_WELD
31.217,0.0,0.0,0.0,0.0,0.015,0.0153,-0.015,-0.0153,690,592,0.6395,0.5486,-0.35155909468853286,nan,nan,NO_WELD
31.267,0.0,0.0,0.0,0.0,0.0189,0.0191,-0.0189,-0.0191,692,594,0.6413,0.5505,-0.35155909468853286,nan,nan,NO_WELD
31.317,0.0,0.0,0.0,0.0,0.0189,0.0191,-0.0189,-0.0191,692,594,0.6413,0.5505,-0.35155909468853286,nan,nan,NO_WELD
31.367,0.0,0.0,0.0,0.0,0.0076,0.0153,-0.0076,-0.0153,691,594,0.6404,0.5505,-0.35155909468853286,nan,nan,NO_WELD
31.417,0.0,0.0,0.0,0.0,0.0076,0.0153,-0.0076,-0.0153,691,594,0.6404,0.5505,-0.35155909468853286,nan,nan,NO_WELD
31.467,0.0,0.0,0.0,0.0,0.0061,0.0122,-0.0061,-0.0122,691,594,0.6404,0.5505,3.4150945850063755e-06,3.4150945850063755e-06,0.0,WELD_FOUND
31.517,0.0,0.0,0.0,0.0,0.0061,0.0122,-0.0061,-0.0122,691,594,0.6404,0.5505,3.4150945850063755e-06,3.4150945850063755e-06,0.0,WELD_FOUND
31.567,0.0,0.0,0.0,0.0,0.0061,0.0122,-0.0061,-0.0122,691,594,0.6404,0.5505,3.4150945850063755e-06,nan,nan,NO_WELD
31.617,0.0,0.0,0.0,0.0,0.0049,0.0098,-0.0049,-0.0098,691,594,0.6404,0.5505,3.4150945850063755e-06,nan,nan,NO_WELD
31.667,0.0,0.0,0.0,0.0,0.0049,0.0098,-0.0049,-0.0098,691,594,0.6404,0.5505,3.4150945850063755e-06,nan,nan,NO_WELD
31.717,0.0,0.0,0.0,0.0,0.0039,0.0078,-0.0039,-0.0078,691,594,0.6404,0.5505,3.4150945850063755e-06,nan,nan,NO_WELD
31.767,0.035,0.0,0.035,0.035,0.0039,0.0078,0.0311,0.0272,691,594,0.6404,0.5505,3.4150945850063755e-06,3.4150945850063755e-06,0.0,WELD_FOUND
31.817,0.035,0.0,0.035,0.035,0.0039,0.0078,0.0311,0.0272,691,594,0.6404,0.5505,3.4150945850063755e-06,3.4150945850063755e-06,0.0,WELD_FOUND
31.867,0.02934294179681601,0.05,0.036842941796816006,0.02184294179681601,0.0098,0.0121,0.0271,0.0097,694,597,0.6432,0.5533,-2.1093715902432693,-1.0546840875743422,-1.054687502668927,WELD_FOUND
31.917,0.02934294179681601,0.05,0.036842941796816006,0.02184294179681601,0.0098,0.0121,0.0271,0.0097,694,597,0.6432,0.5533,-2.1093715902432693,-1.0546840875743422,-1.054687502668927,WELD_FOUND
31.967,0.03006842635011044,0.02896380771909214,0.03441299750797426,0.025723855192246618,0.0207,0.0147,0.0137,0.011,698,599,0.6469,0.5551,-0.7031216044716506,-0.7031216044716506,0.0,WELD_FOUND
32.017,0.03006842635011044,0.02896380771909214,0.03441299750797426,0.025723855192246618,0.0207,0.0147,0.0137,0.011,698,599,0.6469,0.5551,-0.7031216044716506,-0.7031216044716506,0.0,WELD_FOUND
32.068,0.0,0.0,0.0,0.0,0.0207,0.0147,-0.0207,-0.0147,702,600,0.6506,0.5561,-0.7031216044716506,nan,nan,NO_WELD
32.117,0.0,0.0,0.0,0.0,0.0223,0.0113,-0.0223,-0.0113,702,600,0.6506,0.5561,-0.7031216044716506,nan,nan,NO_WELD
32.167,0.0,0.0,0.0,0.0,0.0223,0.0113,-0.0223,-0.0113,704,600,0.6524,0.5561,-0.7031216044716506,nan,nan,NO_WELD
32.217,0.0,0.0,0.0,0.0,0.0208,0.009,-0.0208,-0.009,704,600,0.6524,0.5561,3.4150945850063755e-06,nan,nan,NO_WELD
32.267,0.035,0.0,0.035,0.035,0.0208,0.009,0.0142,0.026,704,600,0.6524,0.5561,3.4150945850063755e-06,3.4150945850063755e-06,0.0,WELD_FOUND
32.317,0.035,0.0,0.035,0.035,0.0208,0.009,0.0142,0.026,704,600,0.6524,0.5561,-1.0546840875743422,3.4150945850063755e-06,-1.054687502668927,WELD_FOUND
32.367,0.03191337763375558,0.03149455154704335,0.03663756036581209,0.02718919490169908,0.0149,0.0072,0.0217,0.02,705,600,0.6534,0.5561,-1.0546840875743422,-0.5273403362398785,-0.5273437513344637,WELD_FOUND
32.417,0.03191337763375558,0.03149455154704335,0.03663756036581209,0.02718919490169908,0.0149,0.0072,0.0217,0.02,705,600,0.6534,0.5561,-1.4062466240378864,-0.5273403362398785,-0.8789062877980078,WELD_FOUND
32.467,0.028767504912434388,0.05338789447900583,0.03677568908428526,0.020759320740583512,0.0312,0.0117,0.0056,0.009,711,602,0.6589,0.5579,-1.4062466240378864,-1.0546840875743422,-0.3515625364635442,WELD_FOUND
32.517,0.028767504912434388,0.05338789447900583,0.03677568908428526,0.020759320740583512,0.0312,0.0117,0.0056,0.009,711,602,0.6589,0.5579,-1.4062466240378864,nan,nan,WELD_FOUND
32.567,0.0,0.0,0.0,0.0,0.0335,0.0219,-0.0335,-0.0219,715,606,0.6626,0.5616,-1.4062466240378864,nan,nan,NO_WELD
32.617,0.0,0.0,0.0,0.0,0.0335,0.0219,-0.0335,-0.0219,715,606,0.6626,0.5616,-1.4062466240378864,nan,nan,NO_WELD
32.667,0.026419737719033876,0.05,0.03391973771903388,0.018919737719033877,0.0335,0.0219,0.0004,-0.003,716,607,0.6636,0.5625,-1.4062466240378864,-1.4062466240378864,0.0,WELD_FOUND
32.717,0.026419737719033876,0.05,0.03391973771903388,0.018919737719033877,0.0226,0.0156,0.0113,0.0033,716,607,0.6636,0.5625,-1.4062466240378864,nan,nan,NO_WELD
32.767,0.0,0.0,0.0,0.0,0.0226,0.0156,-0.0226,-0.0156,716,607,0.6636,0.5625,-1.4062466240378864,nan,nan,NO_WELD
32.817,0.0,0.0,0.0,0.0,0.0226,0.0156,-0.0226,-0.0156,718,608,0.6654,0.5635,-0.35155909468853286,nan,nan,NO_WELD
32.867,0.03129818827293217,0.013714408699730788,0.03335534957789178,0.02924102696797255,0.0185,0.0118,0.0148,0.0174,718,608,0.6654,0.5635,-0.35155909468853286,-0.35155909468853286,0.0,WELD_FOUND
32.918,0.03129818827293217,0.013714408699730788,0.03335534957789178,0.02924102696797255,0.0185,0.0118,0.0148,0.0174,719,609,0.6663,0.5644,-0.35155909468853286,nan,nan,NO_WELD
32.967,0.0,0.0,0.0,0.0,0.0185,0.0118,-0.0185,-0.0118,719,609,0.6663,0.5644,-0.35155909468853286,nan,nan,NO_WELD
33.017,0.0,0.0,0.0,0.0,0.021,0.017,-0.021,-0.017,722,612,0.6691,0.5672,-2.1093715902432693,nan,nan,NO_WELD
33.068,0.023555711435040705,0.05,0.031055711435040705,0.016055711435040705,0.021,0.017,0.0101,-0.0009,722,612,0.6691,0.5672,-2.1093715902432693,-2.1093715902432693,0.0,WELD_FOUND
33.118,0.023555711435040705,0.05,0.031055711435040705,0.016055711435040705,0.02,0.0176,0.0111,-0.0015,724,614,0.671,0.569,-2.1093715902432693,nan,nan,NO_WELD
33.167,0.0,0.0,0.0,0.0,0.02,0.0176,-0.02,-0.0176,724,614,0.671,0.569,-2.1093715902432693,nan,nan,NO_WELD
33.217,0.0,0.0,0.0,0.0,0.02,0.0176,-0.02,-0.0176,725,614,0.6719,0.569,-2.1093715902432693,nan,nan,NO_WELD
33.267,0.0,0.0,0.0,0.0,0.0145,0.014,-0.0145,-0.014,725,614,0.6719,0.569,-2.1093715902432693,nan,nan,NO_WELD
33.317,0.0,0.0,0.0,0.0,0.0145,0.014,-0.0145,-0.014,726,616,0.6728,0.5709,-2.1093715902432693,nan,nan,WELD_FOUND
33.367,0.022139015327417497,0.05,0.029639015327417497,0.014639015327417498,0.0124,0.0158,0.0173,-0.0012,726,616,0.6728,0.5709,-2.1093715902432693,-2.1093715902432693,0.0,WELD_FOUND
33.417,0.022139015327417497,0.05,0.029639015327417497,0.014639015327417498,0.0124,0.0158,0.0173,-0.0012,726,616,0.6728,0.5709,-2.1093715902432693,nan,nan,WELD_FOUND
33.467,0.0,0.0,0.0,0.0,0.0124,0.0158,-0.0124,-0.0158,726,616,0.6728,0.5709,-2.1093715902432693,nan,nan,NO_WELD
33.517,0.0,0.0,0.0,0.0,0.0124,0.0144,-0.0124,-0.0144,728,618,0.6747,0.5727,-2.1093715902432693,nan,nan,NO_WELD
33.567,0.0,0.0,0.0,0.0,0.0124,0.0144,-0.0124,-0.0144,728,618,0.6747,0.5727,-2.1093715902432693,nan,nan,NO_WELD
33.617,0.0,0.0,0.0,0.0,0.0148,0.0161,-0.0148,-0.0161,730,620,0.6765,0.5746,-2.1093715902432693,nan,nan,NO_WELD
33.667,0.0,0.0,0.0,0.0,0.0148,0.0161,-0.0148,-0.0161,730,620,0.6765,0.5746,-2.1093715902432693,nan,nan,NO_WELD
33.717,0.0,0.0,0.0,0.0,0.0148,0.0161,-0.0148,-0.0161,730,620,0.6765,0.5746,-2.1093715902432693,nan,nan,NO_WELD
33.767,0.0,0.0,0.0,0.0,0.0118,0.0128,-0.0118,-0.0128,730,620,0.6765,0.5746,-2.1093715902432693,nan,nan,NO_WELD
33.817,0.0,0.0,0.0,0.0,0.0118,0.0128,-0.0118,-0.0128,730,620,0.6765,0.5746,-1.4062466240378864,-1.4062466240378864,0.0,WELD_FOUND
33.867,0.0,0.0,0.0,0.0,0.0118,0.0128,-0.0118,-0.0128,730,620,0.6765,0.5746,-1.4062466240378864,-1.4062466240378864,0.0,WELD_FOUND
33.917,0.0,0.0,0.0,0.0,0.0095,0.0103,-0.0095,-0.0103,730,620,0.6765,0.5746,-1.4062466240378864,-1.4062466240378864,0.0,WELD_FOUND
33.967,0.025848408980401087,0.05,0.03334840898040109,0.018348408980401087,0.0095,0.0103,0.0239,0.0081,730,620,0.6765,0.5746,-1.4062466240378864,-1.4062466240378864,0.0,WELD_FOUND
34.017,0.025848408980401087,0.06135908421128988,0.035052271612094565,0.016644546348707604,0.0095,0.0103,0.0256,0.0064,730,620,0.6765,0.5746,-1.7578091605014305,-1.4062466240378864,-0.3515625364635442,WELD_FOUND
34.068,0.025848408980401087,0.06135908421128988,0.035052271612094565,0.016644546348707604,0.0076,0.0082,0.0275,0.0084,730,620,0.6765,0.5746,-1.7578091605014305,-1.4062466240378864,-0.3515625364635442,WELD_FOUND
34.117,0.025848408980401087,0.06135908421128988,0.035052271612094565,0.016644546348707604,0.0076,0.0082,0.0275,0.0084,732,622,0.6784,0.5765,-1.0546840875743422,-1.4062466240378864,0.3515625364635442,WELD_FOUND
34.167,0.025848408980401087,0.06135908421128988,0.035052271612094565,0.016644546348707604,0.0076,0.0082,0.0275,0.0084,732,622,0.6784,0.5765,-1.0546840875743422,-1.4062466240378864,0.3515625364635442,WELD_FOUND
34.217,0.025848408980401087,0.06135908421128988,0.035052271612094565,0.016644546348707604,0.0218,0.0247,0.0132,-0.008,737,628,0.683,0.582,-1.7578091605014305,-1.4062466240378864,-0.3515625364635442,WELD_FOUND
34.267,0.025848408980401087,0.06135908421128988,0.035052271612094565,0.016644546348707604,0.0218,0.0247,0.0132,-0.008,737,628,0.683,0.582,-1.7578091605014305,-1.4062466240378864,-0.3515625364635442,WELD_FOUND
34.317,0.0,0.0,0.0,0.0,0.0218,0.0247,-0.0218,-0.0247,742,632,0.6877,0.5857,-1.7578091605014305,nan,nan,NO_WELD
34.367,0.0,0.0,0.0,0.0,0.0255,0.0247,-0.0255,-0.0247,742,632,0.6877,0.5857,-1.7578091605014305,nan,nan,NO_WELD
34.417,0.025848408980401087,0.05,0.03334840898040109,0.018348408980401087,0.0255,0.0247,0.0079,-0.0064,745,635,0.6904,0.5885,-1.4062466240378864,-1.4062466240378864,0.0,WELD_FOUND
34.467,0.025848408980401087,0.05,0.03334840898040109,0.018348408980401087,0.0255,0.0247,0.0079,-0.0064,745,635,0.6904,0.5885,-1.4062466240378864,-1.4062466240378864,0.0,WELD_FOUND
34.517,0.027567989904392506,0.04175955151199185,0.03383192263119128,0.02130405717759373,0.0202,0.0222,0.0136,-0.0009,744,635,0.6895,0.5885,-0.7031216044716506,-1.0546840875743422,0.35156248310269156,WELD_FOUND
34.567,0.027567989904392506,0.04175955151199185,0.03383192263119128,0.02130405717759373,0.0202,0.0222,0.0136,-0.0009,744,635,0.6895,0.5885,-0.7031216044716506,-1.0546840875743422,0.35156248310269156,WELD_FOUND
34.617,0.02970457659680502,0.025569430714703672,0.03353999120401057,0.025869161989599467,0.0269,0.0244,0.0066,0.0014,748,638,0.6932,0.5913,3.4150945850063755e-06,-0.7031216044716506,0.7031250195662356,WELD_FOUND
34.667,0.02970457659680502,0.025569430714703672,0.03353999120401057,0.025869161989599467,0.0269,0.0244,0.0066,0.0014,748,638,0.6932,0.5913,3.4150945850063755e-06,-0.7031216044716506,0.7031250195662356,WELD_FOUND
34.717,0.028342147023307215,0.04939342368699279,0.035751160576356134,0.020933133470258297,0.0269,0.0244,0.0088,-0.0035,751,642,0.696,0.595,-1.7578091605014305,-1.0546840875743422,-0.7031250729270884,WELD_FOUND
34.767,0.028342147023307215,0.04939342368699279,0.035751160576356134,0.020933133470258297,0.0236,0.0246,0.0122,-0.0036,751,642,0.696,0.595,-1.7578091605014305,-1.0546840875743422,-0.7031250729270884,WELD_FOUND
34.817,0.026337971187464185,0.06624384717213185,0.03627454826328396,0.01640139411164441,0.0236,0.0246,0.0127,-0.0082,755,645,0.6997,0.5978,-1.4062466240378864,-1.4062466240378864,0.0,WELD_FOUND
34.867,0.026337971187464185,0.06624384717213185,0.03627454826328396,0.01640139411164441,0.029,0.0259,0.0073,-0.0095,755,645,0.6997,0.5978,-1.4062466240378864,-1.4062466240378864,0.0,WELD_FOUND
34.917,0.025945954005752975,0.062354313233171775,0.03529910099072874,0.016592807020777207,0.029,0.0259,0.0063,-0.0093,758,648,0.7025,0.6005,-1.4062466240378864,-1.4062466240378864,0.0,WELD_FOUND
34.967,0.025945954005752975,0.062354313233171775,0.03529910099072874,0.016592807020777207,0.0285,0.0266,0.0068,-0.01,758,648,0.7025,0.6005,-1.4062466240378864,-1.4062466240378864,0.0,WELD_FOUND
35.017,0.0,0.0,0.0,0.0,0.0285,0.0266,-0.0285,-0.0266,762,652,0.7062,0.6043,-1.4062466240378864,nan,nan,NO_WELD
35.068,0.0,0.0,0.0,0.0,0.0319,0.0308,-0.0319,-0.0308,762,652,0.7062,0.6043,-1.4062466240378864,nan,nan,NO_WELD
35.117,0.02758812208793933,0.04543159850304678,0.03440286186339635,0.02077338231248231,0.0319,0.0308,0.0025,-0.01,764,653,0.7081,0.6052,-1.0546840875743422,-1.0546840875743422,0.0,WELD_FOUND
35.167,0.02758812208793933,0.04543159850304678,0.03440286186339635,0.02077338231248231,0.0319,0.0308,0.0025,-0.01,764,653,0.7081,0.6052,-1.0546840875743422,-1.0546840875743422,0.0,WELD_FOUND
35.217,0.029708755535657855,0.025647755048214767,0.03355591879289007,0.02586159227842564,0.0241,0.0234,0.0095,0.0024,764,654,0.7081,0.6061,-0.35155909468853286,-0.7031216044716506,0.35156250978311776,WELD_FOUND
35.267,0.029708755535657855,0.025647755048214767,0.03355591879289007,0.02586159227842564,0.0241,0.0234,0.0095,0.0024,764,654,0.7081,0.6061,-0.35155909468853286,-0.7031216044716506,0.35156250978311776,WELD_FOUND
35.317,0.0,0.0,0.0,0.0,0.0241,0.0234,-0.0241,-0.0234,767,656,0.7108,0.608,-0.35155909468853286,nan,nan,NO_WELD
35.367,0.0,0.0,0.0,0.0,0.0219,0.019,-0.0219,-0.019,767,656,0.7108,0.608,-0.35155909468853286,nan,nan,NO_WELD
35.417,0.0,0.0,0.0,0.0,0.0219,0.019,-0.0219,-0.019,770,659,0.7136,0.6107,-0.35155909468853286,nan,nan,NO_WELD
35.467,0.0,0.0,0.0,0.0,0.0242,0.0225,-0.0242,-0.0225,770,659,0.7136,0.6107,-0.35155909468853286,nan,nan,NO_WELD
35.517,0.028342963396162636,0.04556054623748041,0.0351770453317847,0.021508881460540575,0.0242,0.0225,0.0109,-0.001,770,659,0.7136,0.6107,-1.0546840875743422,-1.0546840875743422,0.0,WELD_FOUND
35.567,0.028342963396162636,0.04556054623748041,0.0351770453317847,0.021508881460540575,0.0242,0.0225,0.0109,-0.001,770,659,0.7136,0.6107,-1.0546840875743422,-1.0546840875743422,0.0,WELD_FOUND
35.617,0.028073661487401893,0.04667576886797551,0.03507502681759822,0.021072296157205565,0.0194,0.018,0.0157,0.0031,770,659,0.7136,0.6107,-1.0546840875743422,-1.0546840875743422,0.0,WELD_FOUND
35.667,0.028073661487401893,0.04667576886797551,0.03507502681759822,0.021072296157205565,0.0194,0.018,0.0157,0.0031,770,659,0.7136,0.6107,-1.0546840875743422,-1.0546840875743422,0.0,WELD_FOUND
35.717,0.0,0.0,0.0,0.0,0.0194,0.018,-0.0194,-0.018,774,663,0.7173,0.6144,-1.0546840875743422,nan,nan,NO_WELD
35.767,0.0,0.0,0.0,0.0,0.0215,0.0207,-0.0215,-0.0207,774,663,0.7173,0.6144,-1.0546840875743422,nan,nan,NO_WELD
35.817,0.0,0.0,0.0,0.0,0.0215,0.0207,-0.0215,-0.0207,777,666,0.7201,0.6172,-1.0546840875743422,nan,nan,NO_WELD
35.867,0.0,0.0,0.0,0.0,0.024,0.0235,-0.024,-0.0235,777,666,0.7201,0.6172,-1.0546840875743422,nan,nan,NO_WELD
35.917,0.0316537593383237,0.016549020543317534,0.03413611241982133,0.029171406256826068,0.024,0.0235,0.0101,0.0056,777,666,0.7201,0.6172,-0.35155909468853286,-0.35155909468853286,0.0,WELD_FOUND
35.967,0.0316537593383237,0.016549020543317534,0.03413611241982133,0.029171406256826068,0.024,0.0235,0.0101,0.0056,777,666,0.7201,0.6172,-0.35155909468853286,-0.35155909468853286,0.0,WELD_FOUND
36.017,0.03145543266942769,0.023478219533665995,0.03497716559947759,0.027933699739377794,0.0192,0.0188,0.0157,0.0091,777,666,0.7201,0.6172,-0.7031216044716506,-0.5273403362398785,-0.1757812682317721,WELD_FOUND
36.068,0.03145543266942769,0.023478219533665995,0.03497716559947759,0.027933699739377794,0.0192,0.0188,0.0157,0.0091,777,666,0.7201,0.6172,-0.7031216044716506,-0.5273403362398785,-0.1757812682317721,WELD_FOUND
36.117,0.03235537526849986,0.013273427162013438,0.034346389342801875,0.030364361194197845,0.0192,0.0188,0.0151,0.0115,781,670,0.7238,0.6209,-0.35155909468853286,-0.35155909468853286,0.0,WELD_FOUND
36.167,0.03235537526849986,0.013273427162013438,0.034346389342801875,0.030364361194197845,0.0214,0.0212,0.0129,0.0092,781,670,0.7238,0.6209,-0.35155909468853286,-0.35155909468853286,0.0,WELD_FOUND
36.217,0.032536886922688246,0.014928728970002421,0.03477619626818861,0.030297577577187883,0.0214,0.0212,0.0133,0.0091,786,675,0.7284,0.6256,-0.35155909468853286,-0.35155909468853286,0.0,WELD_FOUND
36.267,0.032536886922688246,0.014928728970002421,0.03477619626818861,0.030297577577187883,0.0314,0.0312,0.0034,-0.001,786,675,0.7284,0.6256,-0.35155909468853286,-0.35155909468853286,0.0,WELD_FOUND
36.317,0.03257325017890088,0.01525755735172823,0.034861883781660115,0.030284616576141645,0.0314,0.0312,0.0035,-0.001,791,679,0.7331,0.6293,3.4150945850063755e-06,-0.35155909468853286,0.35156250978311787,WELD_FOUND
36.367,0.03257325017890088,0.01525755735172823,0.034861883781660115,0.030284616576141645,0.0374,0.0336,-0.0025,-0.0033,791,679,0.7331,0.6293,3.4150945850063755e-06,-0.35155909468853286,0.35156250978311787,WELD_FOUND
36.417,0.0325805252671584,0.015323029672095779,0.03487897971797277,0.030282070816344032,0.0374,0.0336,-0.0025,-0.0033,795,683,0.7368,0.633,-0.35155909468853286,-0.35155909468853286,0.0,WELD_FOUND
36.467,0.0325805252671584,0.015323029672095779,0.03487897971797277,0.030282070816344032,0.0374,0.0336,-0.0025,-0.0033,795,683,0.7368,0.633,-0.35155909468853286,-0.35155909468853286,0.0,WELD_FOUND
36.517,0.0,0.0,0.0,0.0,0.0397,0.0374,-0.0397,-0.0374,798,686,0.7396,0.6358,-0.35155909468853286,nan,nan,NO_WELD
36.567,0.0,0.0,0.0,0.0,0.0397,0.0374,-0.0397,-0.0374,798,686,0.7396,0.6358,-0.35155909468853286,nan,nan,NO_WELD
36.617,0.032581980382290515,0.015339174292617884,0.0348828565261832,0.030281104238397832,0.035,0.0336,-0.0001,-0.0033,801,689,0.7423,0.6385,-0.35155909468853286,-0.35155909468853286,0.0,WELD_FOUND
36.667,0.032581980382290515,0.015339174292617884,0.0348828565261832,0.030281104238397832,0.035,0.0336,-0.0001,-0.0033,801,689,0.7423,0.6385,-0.35155909468853286,-0.35155909468853286,0.0,WELD_FOUND
36.717,0.0,0.0,0.0,0.0,0.028,0.0269,-0.028,-0.0269,801,689,0.7423,0.6385,-0.35155909468853286,nan,nan,NO_WELD
36.767,0.0,0.0,0.0,0.0,0.028,0.0269,-0.028,-0.0269,801,689,0.7423,0.6385,-0.35155909468853286,nan,nan,NO_WELD
36.817,0.033539060995886306,-0.01660202704094882,0.031048756939743984,0.03602936505202863,0.0242,0.0272,0.0069,0.0088,803,692,0.7442,0.6413,0.35156592487770283,0.35156592487770283,0.0,WELD_FOUND
36.867,0.033539060995886306,-0.01660202704094882,0.031048756939743984,0.03602936505202863,0.0242,0.0272,0.0069,0.0088,803,692,0.7442,0.6413,0.35156592487770283,0.35156592487770283,0.0,WELD_FOUND
36.917,0.03334657387527281,0.022214992027148772,0.03667882267934513,0.030014325071200495,0.0242,0.0272,0.0125,0.0028,802,693,0.7433,0.6423,-1.0546840875743422,-0.35155909468853286,-0.7031249928858093,WELD_FOUND
36.967,0.03334657387527281,0.022214992027148772,0.03667882267934513,0.030014325071200495,0.012,0.0188,0.0246,0.0112,802,693,0.7433,0.6423,-1.0546840875743422,-0.35155909468853286,-0.7031249928858093,WELD_FOUND
37.017,0.029037290796824905,0.05598702859987779,0.03743534508680657,0.02063923650684324,0.012,0.0188,0.0254,0.0018,806,696,0.747,0.645,-2.1093715902432693,-1.0546840875743422,-1.054687502668927,WELD_FOUND
37.068,0.029037290796824905,0.05598702859987779,0.03743534508680657,0.02063923650684324,0.0221,0.0224,0.0154,-0.0018,806,696,0.747,0.645,-2.1093715902432693,-1.0546840875743422,-1.054687502668927,WELD_FOUND
37.117,0.030006415076239513,0.028423421745911243,0.0342699283381262,0.025742901814352827,0.0221,0.0224,0.0122,0.0033,811,701,0.7516,0.6497,-0.35155909468853286,-0.7031216044716506,0.35156250978311776,WELD_FOUND
37.167,0.030006415076239513,0.028423421745911243,0.0342699283381262,0.025742901814352827,0.0318,0.032,0.0025,-0.0062,811,701,0.7516,0.6497,-0.35155909468853286,-0.7031216044716506,0.35156250978311776,WELD_FOUND
37.217,0.03205867347262517,0.010576568320308816,0.033645158720671496,0.03047218822457885,0.0318,0.032,0.0019,-0.0015,815,705,0.7553,0.6534,0.35156592487770283,-0.35155909468853286,0.7031250195662357,WELD_FOUND
37.267,0.03205867347262517,0.010576568320308816,0.033645158720671496,0.03047218822457885,0.0318,0.032,0.0019,-0.0015,815,705,0.7553,0.6534,0.35156592487770283,-0.35155909468853286,0.7031250195662357,WELD_FOUND
37.317,0.032477270632423824,0.014390753187693353,0.03463588361057783,0.03031865765426982,0.0364,0.0365,-0.0017,-0.0062,818,708,0.7581,0.6562,0.7031284346608206,-0.35155909468853286,1.0546875293493536,WELD_FOUND
37.367,0.032477270632423824,0.014390753187693353,0.03463588361057783,0.03031865765426982,0.0364,0.0365,-0.0017,-0.0062,818,708,0.7581,0.6562,0.7031284346608206,-0.35155909468853286,1.0546875293493536,WELD_FOUND
37.417,0.033560328768511664,-0.02441146834278956,0.02989860851709323,0.0372220490199301,0.0366,0.0367,-0.0067,0.0005,822,712,0.7618,0.6599,0.7031284346608206,0.35156592487770283,0.3515625097831178,WELD_FOUND
37.467,0.033560328768511664,-0.02441146834278956,0.02989860851709323,0.0372220490199301,0.0366,0.0367,-0.0067,0.0005,822,712,0.7618,0.6599,0.7031284346608206,0.35156592487770283,0.3515625097831178,WELD_FOUND
37.517,0.03089923748532627,-0.03673684206499768,0.025388711175576617,0.03640976379507592,0.0366,0.0367,-0.0112,-0.0003,825,715,0.7646,0.6626,1.054690917763512,0.7031284346608206,0.35156248310269134,WELD_FOUND
37.567,0.03089923748532627,-0.03673684206499768,0.025388711175576617,0.03640976379507592,0.0294,0.0294,-0.004,0.007,825,715,0.7646,0.6626,1.054690917763512,0.7031284346608206,0.35156248310269134,WELD_FOUND
37.617,0.030380207824898604,-0.03187600491330905,0.025598807087902246,0.03516160856189496,0.0294,0.0294,-0.0038,0.0057,828,718,0.7674,0.6654,3.4150945850063755e-06,0.7031284346608206,-0.7031250195662356,WELD_FOUND
37.667,0.030380207824898604,-0.03187600491330905,0.025598807087902246,0.03516160856189496,0.0294,0.0294,-0.0038,0.0057,828,718,0.7674,0.6654,3.4150945850063755e-06,0.7031284346608206,-0.7031250195662356,WELD_FOUND
37.717,0.030276929436661444,-0.030924862650991893,0.02563820003901266,0.03491565883431023,0.0349,0.0325,-0.0093,0.0024,832,721,0.7711,0.6682,0.7031284346608206,0.7031284346608206,0.0,WELD_FOUND
37.767,0.030276929436661444,-0.030924862650991893,0.02563820003901266,0.03491565883431023,0.0349,0.0325,-0.0093,0.0024,832,721,0.7711,0.6682,0.7031284346608206,0.7031284346608206,0.0,WELD_FOUND
37.817,0.030256294860767953,-0.03072812627976251,0.025647075918803577,0.034865513802732326,0.0349,0.0325,-0.0093,0.0024,835,725,0.7739,0.6719,0.7031284346608206,0.7031284346608206,0.0,WELD_FOUND
37.867,0.030256294860767953,-0.03072812627976251,0.025647075918803577,0.034865513802732326,0.0284,0.0294,-0.0027,0.0055,835,725,0.7739,0.6719,0.7031284346608206,0.7031284346608206,0.0,WELD_FOUND
37.917,0.030252168789659403,-0.030689417756647283,0.02564875612616231,0.034855581453156495,0.0284,0.0294,-0.0027,0.0055,838,728,0.7766,0.6747,0.7031284346608206,0.7031284346608206,0.0,WELD_FOUND
37.967,0.030252168789659403,-0.030689417756647283,0.02564875612616231,0.034855581453156495,0.0281,0.0288,-0.0025,0.0061,838,728,0.7766,0.6747,0.7031284346608206,0.7031284346608206,0.0,WELD_FOUND
38.017,0.030251343609200503,-0.030681701087802254,0.025649088446030165,0.03485359877237084,0.0281,0.0288,-0.0025,0.0061,842,732,0.7803,0.6784,3.4150945850063755e-06,0.7031284346608206,-0.7031250195662356,WELD_FOUND
38.068,0.030251343609200503,-0.030681701087802254,0.025649088446030165,0.03485359877237084,0.0281,0.0288,-0.0025,0.0061,842,732,0.7803,0.6784,3.4150945850063755e-06,0.7031284346608206,-0.7031250195662356,WELD_FOUND
38.117,0.030251178574459237,-0.030680160894076804,0.025649154440347717,0.03485320270857076,0.0342,0.037,-0.0085,-0.0022,845,736,0.7831,0.6821,0.35156592487770283,0.7031284346608206,-0.3515625097831178,WELD_FOUND
38.167,0.030251178574459237,-0.030680160894076804,0.025649154440347717,0.03485320270857076,0.0342,0.037,-0.0085,-0.0022,845,736,0.7831,0.6821,0.35156592487770283,0.7031284346608206,-0.3515625097831178,WELD_FOUND
38.217,0.03210915300597231,-0.011081426488830684,0.030446939032647703,0.03377136697929691,0.0342,0.037,-0.0037,-0.0032,849,739,0.7868,0.6849,-0.35155909468853286,0.35156592487770283,-0.7031250195662357,WELD_FOUND
38.267,0.03210915300597231,-0.011081426488830684,0.030446939032647703,0.03377136697929691,0.0304,0.0296,0.0,0.0041,849,739,0.7868,0.6849,-0.35155909468853286,0.35156592487770283,-0.7031250195662357,WELD_FOUND
38.317,0.03248739218425019,-0.014480740930642388,0.03031528104465383,0.03465950332384655,0.0304,0.0296,-0.0001,0.005,851,741,0.7887,0.6867,0.7031284346608206,0.35156592487770283,0.3515625097831178,WELD_FOUND
38.367,0.03248739218425019,-0.014480740930642388,0.03031528104465383,0.03465950332384655,0.0257,0.0252,0.0047,0.0095,851,741,0.7887,0.6867,0.7031284346608206,0.35156592487770283,0.3515625097831178,WELD_FOUND
38.417,0.035,0.0,0.035,0.035,0.0257,0.0252,0.0093,0.0098,854,744,0.7915,0.6895,-0.35155909468853286,3.4150945850063755e-06,-0.35156250978311787,WELD_FOUND
38.467,0.035,0.0,0.035,0.035,0.0257,0.0252,0.0093,0.0098,854,744,0.7915,0.6895,-0.35155909468853286,3.4150945850063755e-06,-0.35156250978311787,WELD_FOUND
38.517,0.0,0.0,0.0,0.0,0.0327,0.0324,-0.0327,-0.0324,858,748,0.7952,0.6932,-0.35155909468853286,nan,nan,NO_WELD
38.567,0.0,0.0,0.0,0.0,0.0327,0.0324,-0.0327,-0.0324,858,748,0.7952,0.6932,-0.35155909468853286,nan,nan,NO_WELD
38.617,0.02924923586920703,-0.048762202892232605,0.02193490543537214,0.036563566303041924,0.0307,0.0306,-0.0088,0.006,861,751,0.7979,0.696,1.054690917763512,1.054690917763512,0.0,WELD_FOUND
38.667,0.02924923586920703,-0.048762202892232605,0.02193490543537214,0.036563566303041924,0.0307,0.0306,-0.0088,0.006,861,751,0.7979,0.696,1.054690917763512,1.054690917763512,0.0,WELD_FOUND
38.717,0.030049407283489208,-0.028788408454326002,0.02573114601534031,0.03436766855163811,0.0246,0.0245,0.0011,0.0099,861,751,0.7979,0.696,0.35156592487770283,0.7031284346608206,-0.3515625097831178,WELD_FOUND
38.767,0.030049407283489208,-0.028788408454326002,0.02573114601534031,0.03436766855163811,0.0246,0.0245,0.0011,0.0099,861,751,0.7979,0.696,0.35156592487770283,0.7031284346608206,-0.3515625097831178,WELD_FOUND
38.817,0.0,0.0,0.0,0.0,0.0246,0.0245,-0.0246,-0.0245,865,754,0.8017,0.6988,0.35156592487770283,nan,nan,NO_WELD
38.867,0.0,0.0,0.0,0.0,0.0246,0.0221,-0.0246,-0.0221,865,754,0.8017,0.6988,0.35156592487770283,nan,nan,NO_WELD
38.917,0.0,0.0,0.0,0.0,0.0246,0.0221,-0.0246,-0.0221,867,757,0.8035,0.7016,0.35156592487770283,nan,nan,NO_WELD
38.967,0.0,0.0,0.0,0.0,0.0246,0.0221,-0.0246,-0.0221,867,757,0.8035,0.7016,0.35156592487770283,nan,nan,NO_WELD
39.017,0.030210737319652146,-0.030733489392510947,0.025600713910775504,0.034820760728528785,0.0173,0.0207,0.0083,0.0142,866,757,0.8026,0.7016,0.7031284346608206,0.7031284346608206,0.0,WELD_FOUND
39.068,0.030210737319652146,-0.030733489392510947,0.025600713910775504,0.034820760728528785,0.0173,0.0207,0.0083,0.0142,866,757,0.8026,0.7016,0.7031284346608206,0.7031284346608206,0.0,WELD_FOUND
39.117,0.03210081782707831,-0.010924748020973235,0.030462105623932326,0.0337395300302243,0.0173,0.0207,0.0132,0.0131,867,758,0.8035,0.7025,3.4150945850063755e-06,0.35156592487770283,-0.3515625097831178,WELD_FOUND
39.167,0.03210081782707831,-0.010924748020973235,0.030462105623932326,0.0337395300302243,0.0128,0.0149,0.0176,0.0189,867,758,0.8035,0.7025,3.4150945850063755e-06,0.35156592487770283,-0.3515625097831178,WELD_FOUND
39.217,0.035,0.0,0.035,0.035,0.0128,0.0149,0.0222,0.0201,871,762,0.8072,0.7062,3.4150945850063755e-06,3.4150945850063755e-06,0.0,WELD_FOUND
39.267,0.035,0.0,0.035,0.035,0.0225,0.0238,0.0125,0.0112,871,762,0.8072,0.7062,3.4150945850063755e-06,3.4150945850063755e-06,0.0,WELD_FOUND
39.317,0.035,0.0,0.035,0.035,0.0225,0.0238,0.0125,0.0112,876,767,0.8119,0.7108,3.4150945850063755e-06,3.4150945850063755e-06,0.0,WELD_FOUND
