t,vx,wz,tgt_r,tgt_l,spd_r,spd_l,err_r,err_l,ticks_r,ticks_l,dist_r,dist_l,raw_angle,filtered_angle,error,weld
2.108,0.0,0.0,0.0,0.0,0.0,0.0,0.0,0.0,0,0,0.0,0.0,nan,nan,nan,UNKNOWN
2.158,0.0,0.0,0.0,0.0,0.0,0.0,0.0,0.0,0,0,0.0,0.0,nan,nan,nan,UNKNOWN
2.208,0.0,0.0,0.0,0.0,0.0,0.0,0.0,0.0,0,0,0.0,0.0,nan,nan,nan,UNKNOWN
2.258,0.0,0.0,0.0,0.0,0.0,0.0,0.0,0.0,0,0,0.0,0.0,nan,nan,nan,UNKNOWN
2.308,0.0,0.0,0.0,0.0,0.0,0.0,0.0,0.0,0,0,0.0,0.0,nan,nan,nan,UNKNOWN
2.358,0.0,0.0,0.0,0.0,0.0,0.0,0.0,0.0,0,0,0.0,0.0,nan,nan,nan,UNKNOWN
2.408,0.0,0.0,0.0,0.0,0.0,0.0,0.0,0.0,0,0,0.0,0.0,nan,nan,nan,UNKNOWN
2.458,0.0,0.0,0.0,0.0,0.0,0.0,0.0,0.0,0,0,0.0,0.0,nan,nan,nan,UNKNOWN
2.508,0.0,0.0,0.0,0.0,0.0,0.0,0.0,0.0,0,0,0.0,0.0,nan,nan,nan,UNKNOWN
2.558,0.0,0.0,0.0,0.0,0.0,0.0,0.0,0.0,0,0,0.0,0.0,nan,nan,nan,UNKNOWN
2.608,0.0,0.0,0.0,0.0,0.0,0.0,0.0,0.0,0,0,0.0,0.0,nan,nan,nan,UNKNOWN
2.658,0.0,0.0,0.0,0.0,0.0,0.0,0.0,0.0,0,0,0.0,0.0,nan,nan,nan,UNKNOWN
2.708,0.0,0.0,0.0,0.0,0.0,0.0,0.0,0.0,0,0,0.0,0.0,nan,nan,nan,UNKNOWN
2.758,0.0,0.0,0.0,0.0,0.0,0.0,0.0,0.0,0,0,0.0,0.0,nan,nan,nan,UNKNOWN
2.808,0.0,0.0,0.0,0.0,0.0,0.0,0.0,0.0,0,0,0.0,0.0,nan,nan,nan,UNKNOWN
2.858,0.0,0.0,0.0,0.0,0.0,0.0,0.0,0.0,0,0,0.0,0.0,nan,nan,nan,UNKNOWN
2.908,0.0,0.0,0.0,0.0,0.0,0.0,0.0,0.0,0,0,0.0,0.0,nan,nan,nan,UNKNOWN
2.958,0.0,0.0,0.0,0.0,0.0,0.0,0.0,0.0,0,0,0.0,0.0,nan,nan,nan,UNKNOWN
3.008,0.0,0.0,0.0,0.0,0.0,0.0,0.0,0.0,0,0,0.0,0.0,nan,nan,nan,UNKNOWN
3.06,0.0,0.0,0.0,0.0,0.0,0.0,0.0,0.0,0,0,0.0,0.0,nan,nan,nan,UNKNOWN
3.108,0.0,0.0,0.0,0.0,0.0,0.0,0.0,0.0,0,0,0.0,0.0,nan,nan,nan,UNKNOWN
3.158,0.0,0.0,0.0,0.0,0.0,0.0,0.0,0.0,0,0,0.0,0.0,nan,nan,nan,UNKNOWN
3.208,0.0,0.0,0.0,0.0,0.0,0.0,0.0,0.0,0,0,0.0,0.0,nan,nan,nan,UNKNOWN
3.258,0.0,0.0,0.0,0.0,0.0,0.0,0.0,0.0,0,0,0.0,0.0,nan,nan,nan,UNKNOWN
3.308,0.0,0.0,0.0,0.0,0.0,0.0,0.0,0.0,0,0,0.0,0.0,nan,nan,nan,UNKNOWN
3.358,0.0,0.0,0.0,0.0,0.0,0.0,0.0,0.0,0,0,0.0,0.0,nan,nan,nan,UNKNOWN
3.408,0.0,0.0,0.0,0.0,0.0,0.0,0.0,0.0,0,0,0.0,0.0,nan,nan,nan,UNKNOWN
3.458,0.0,0.0,0.0,0.0,0.0,0.0,0.0,0.0,0,0,0.0,0.0,nan,nan,nan,UNKNOWN
3.508,0.0,0.0,0.0,0.0,0.0,0.0,0.0,0.0,0,0,0.0,0.0,nan,nan,nan,UNKNOWN
3.558,0.0,0.0,0.0,0.0,0.0,0.0,0.0,0.0,0,0,0.0,0.0,nan,nan,nan,UNKNOWN
3.608,0.0,0.0,0.0,0.0,0.0,0.0,0.0,0.0,0,0,0.0,0.0,nan,nan,nan,UNKNOWN
3.658,0.0,0.0,0.0,0.0,0.0,0.0,0.0,0.0,0,0,0.0,0.0,nan,nan,nan,UNKNOWN
3.708,0.0,0.0,0.0,0.0,0.0,0.0,0.0,0.0,0,0,0.0,0.0,nan,nan,nan,UNKNOWN
3.758,0.0,0.0,0.0,0.0,0.0,0.0,0.0,0.0,0,0,0.0,0.0,nan,nan,nan,UNKNOWN
3.808,0.0,0.0,0.0,0.0,0.0,0.0,0.0,0.0,0,0,0.0,0.0,nan,nan,nan,UNKNOWN
3.858,0.0,0.0,0.0,0.0,0.0,0.0,0.0,0.0,0,0,0.0,0.0,nan,nan,nan,UNKNOWN
3.908,0.0,0.0,0.0,0.0,0.0,0.0,0.0,0.0,0,0,0.0,0.0,nan,nan,nan,UNKNOWN
3.958,0.0,0.0,0.0,0.0,0.0,0.0,0.0,0.0,0,0,0.0,0.0,nan,nan,nan,UNKNOWN
4.008,0.0,0.0,0.0,0.0,0.0,0.0,0.0,0.0,0,0,0.0,0.0,nan,nan,nan,UNKNOWN
4.06,0.0,0.0,0.0,0.0,0.0,0.0,0.0,0.0,0,0,0.0,0.0,nan,nan,nan,UNKNOWN
4.108,0.0,0.0,0.0,0.0,0.0,0.0,0.0,0.0,0,0,0.0,0.0,nan,nan,nan,UNKNOWN
4.158,0.0,0.0,0.0,0.0,0.0,0.0,0.0,0.0,0,0,0.0,0.0,nan,nan,nan,UNKNOWN
4.208,0.0,0.0,0.0,0.0,0.0,0.0,0.0,0.0,0,0,0.0,0.0,nan,nan,nan,UNKNOWN
4.258,0.0,0.0,0.0,0.0,0.0,0.0,0.0,0.0,0,0,0.0,0.0,nan,nan,nan,UNKNOWN
4.308,0.0,0.0,0.0,0.0,0.0,0.0,0.0,0.0,0,0,0.0,0.0,nan,nan,nan,UNKNOWN
4.358,0.0,0.0,0.0,0.0,0.0,0.0,0.0,0.0,0,0,0.0,0.0,nan,nan,nan,UNKNOWN
4.408,0.0,0.0,0.0,0.0,0.0,0.0,0.0,0.0,0,0,0.0,0.0,nan,nan,nan,UNKNOWN
4.458,0.0,0.0,0.0,0.0,0.0,0.0,0.0,0.0,0,0,0.0,0.0,nan,nan,nan,UNKNOWN
4.508,0.0,0.0,0.0,0.0,0.0,0.0,0.0,0.0,0,0,0.0,0.0,nan,nan,nan,UNKNOWN
4.558,0.0,0.0,0.0,0.0,0.0,0.0,0.0,0.0,0,0,0.0,0.0,nan,nan,nan,UNKNOWN
4.608,0.0,0.0,0.0,0.0,0.0,0.0,0.0,0.0,0,0,0.0,0.0,nan,nan,nan,UNKNOWN
4.658,0.0,0.0,0.0,0.0,0.0,0.0,0.0,0.0,0,0,0.0,0.0,nan,nan,nan,UNKNOWN
4.708,0.0,0.0,0.0,0.0,0.0,0.0,0.0,0.0,0,0,0.0,0.0,nan,nan,nan,UNKNOWN
4.758,0.0,0.0,0.0,0.0,0.0,0.0,0.0,0.0,0,0,0.0,0.0,nan,nan,nan,UNKNOWN
4.808,0.0,0.0,0.0,0.0,0.0,0.0,0.0,0.0,0,0,0.0,0.0,nan,nan,nan,UNKNOWN
4.858,0.0,0.0,0.0,0.0,0.0,0.0,0.0,0.0,0,0,0.0,0.0,nan,nan,nan,UNKNOWN
4.908,0.0,0.0,0.0,0.0,0.0,0.0,0.0,0.0,0,0,0.0,0.0,nan,nan,nan,UNKNOWN
4.958,0.0,0.0,0.0,0.0,0.0,0.0,0.0,0.0,0,0,0.0,0.0,nan,nan,nan,UNKNOWN
5.008,0.0,0.0,0.0,0.0,0.0,0.0,0.0,0.0,0,0,0.0,0.0,nan,nan,nan,UNKNOWN
5.06,0.0,0.0,0.0,0.0,0.0,0.0,0.0,0.0,0,0,0.0,0.0,nan,nan,nan,UNKNOWN
5.108,0.0,0.0,0.0,0.0,0.0,0.0,0.0,0.0,0,0,0.0,0.0,nan,nan,nan,UNKNOWN
5.158,0.0,0.0,0.0,0.0,0.0,0.0,0.0,0.0,0,0,0.0,0.0,nan,nan,nan,UNKNOWN
5.208,0.0,0.0,0.0,0.0,0.0,0.0,0.0,0.0,0,0,0.0,0.0,nan,nan,nan,UNKNOWN
5.258,0.0,0.0,0.0,0.0,0.0,0.0,0.0,0.0,0,0,0.0,0.0,nan,nan,nan,UNKNOWN
5.308,0.0,0.0,0.0,0.0,0.0,0.0,0.0,0.0,0,0,0.0,0.0,nan,nan,nan,UNKNOWN
5.358,0.0,0.0,0.0,0.0,0.0,0.0,0.0,0.0,0,0,0.0,0.0,nan,nan,nan,UNKNOWN
5.408,0.0,0.0,0.0,0.0,0.0,0.0,0.0,0.0,0,0,0.0,0.0,nan,nan,nan,UNKNOWN
5.458,0.0,0.0,0.0,0.0,0.0,0.0,0.0,0.0,0,0,0.0,0.0,nan,nan,nan,UNKNOWN
5.508,0.0,0.0,0.0,0.0,0.0,0.0,0.0,0.0,0,0,0.0,0.0,nan,nan,nan,UNKNOWN
5.558,0.0,0.0,0.0,0.0,0.0,0.0,0.0,0.0,0,0,0.0,0.0,nan,nan,nan,UNKNOWN
5.608,0.0,0.0,0.0,0.0,0.0,0.0,0.0,0.0,0,0,0.0,0.0,nan,nan,nan,UNKNOWN
5.658,0.0,0.0,0.0,0.0,0.0,0.0,0.0,0.0,0,0,0.0,0.0,nan,nan,nan,UNKNOWN
5.708,0.0,0.0,0.0,0.0,0.0,0.0,0.0,0.0,0,0,0.0,0.0,nan,nan,nan,UNKNOWN
5.758,0.0,0.0,0.0,0.0,0.0,0.0,0.0,0.0,0,0,0.0,0.0,nan,nan,nan,UNKNOWN
5.808,0.0,0.0,0.0,0.0,0.0,0.0,0.0,0.0,0,0,0.0,0.0,nan,nan,nan,UNKNOWN
5.858,0.0,0.0,0.0,0.0,0.0,0.0,0.0,0.0,0,0,0.0,0.0,nan,nan,nan,UNKNOWN
5.908,0.0,0.0,0.0,0.0,0.0,0.0,0.0,0.0,0,0,0.0,0.0,nan,nan,nan,UNKNOWN
5.958,0.0,0.0,0.0,0.0,0.0,0.0,0.0,0.0,0,0,0.0,0.0,nan,nan,nan,UNKNOWN
6.008,0.0,0.0,0.0,0.0,0.0,0.0,0.0,0.0,0,0,0.0,0.0,nan,nan,nan,UNKNOWN
6.06,0.0,0.0,0.0,0.0,0.0,0.0,0.0,0.0,0,0,0.0,0.0,nan,nan,nan,UNKNOWN
6.108,0.0,0.0,0.0,0.0,0.0,0.0,0.0,0.0,0,0,0.0,0.0,nan,nan,nan,UNKNOWN
6.158,0.0,0.0,0.0,0.0,0.0,0.0,0.0,0.0,0,0,0.0,0.0,nan,nan,nan,UNKNOWN
6.208,0.0,0.0,0.0,0.0,0.0,0.0,0.0,0.0,0,0,0.0,0.0,nan,nan,nan,UNKNOWN
6.258,0.0,0.0,0.0,0.0,0.0,0.0,0.0,0.0,0,0,0.0,0.0,nan,nan,nan,UNKNOWN
6.308,0.0,0.0,0.0,0.0,0.0,0.0,0.0,0.0,0,0,0.0,0.0,nan,nan,nan,UNKNOWN
6.358,0.0,0.0,0.0,0.0,0.0,0.0,0.0,0.0,0,0,0.0,0.0,nan,nan,nan,UNKNOWN
6.408,0.0,0.0,0.0,0.0,0.0,0.0,0.0,0.0,0,0,0.0,0.0,nan,nan,nan,UNKNOWN
6.458,0.0,0.0,0.0,0.0,0.0,0.0,0.0,0.0,0,0,0.0,0.0,nan,nan,nan,UNKNOWN
6.508,0.0,0.0,0.0,0.0,0.0,0.0,0.0,0.0,0,0,0.0,0.0,nan,nan,nan,UNKNOWN
6.558,0.0,0.0,0.0,0.0,0.0,0.0,0.0,0.0,0,0,0.0,0.0,nan,nan,nan,UNKNOWN
6.608,0.0,0.0,0.0,0.0,0.0,0.0,0.0,0.0,0,0,0.0,0.0,nan,nan,nan,UNKNOWN
6.658,0.0,0.0,0.0,0.0,0.0,0.0,0.0,0.0,0,0,0.0,0.0,nan,nan,nan,UNKNOWN
6.708,0.0,0.0,0.0,0.0,0.0,0.0,0.0,0.0,0,0,0.0,0.0,nan,nan,nan,UNKNOWN
6.758,0.0,0.0,0.0,0.0,0.0,0.0,0.0,0.0,0,0,0.0,0.0,nan,nan,nan,UNKNOWN
6.808,0.0,0.0,0.0,0.0,0.0,0.0,0.0,0.0,0,0,0.0,0.0,nan,nan,nan,UNKNOWN
6.858,0.0,0.0,0.0,0.0,0.0,0.0,0.0,0.0,0,0,0.0,0.0,nan,nan,nan,UNKNOWN
6.908,0.0,0.0,0.0,0.0,0.0,0.0,0.0,0.0,0,0,0.0,0.0,nan,nan,nan,UNKNOWN
6.958,0.0,0.0,0.0,0.0,0.0,0.0,0.0,0.0,0,0,0.0,0.0,nan,nan,nan,UNKNOWN
7.008,0.0,0.0,0.0,0.0,0.0,0.0,0.0,0.0,0,0,0.0,0.0,nan,nan,nan,UNKNOWN
7.06,0.0,0.0,0.0,0.0,0.0,0.0,0.0,0.0,0,0,0.0,0.0,nan,nan,nan,UNKNOWN
7.108,0.0,0.0,0.0,0.0,0.0,0.0,0.0,0.0,0,0,0.0,0.0,nan,nan,nan,UNKNOWN
7.158,0.0,0.0,0.0,0.0,0.0,0.0,0.0,0.0,0,0,0.0,0.0,nan,nan,nan,UNKNOWN
7.208,0.0,0.0,0.0,0.0,0.0,0.0,0.0,0.0,0,0,0.0,0.0,nan,nan,nan,UNKNOWN
7.258,0.0,0.0,0.0,0.0,0.0,0.0,0.0,0.0,0,0,0.0,0.0,nan,nan,nan,UNKNOWN
7.308,0.0,0.0,0.0,0.0,0.0,0.0,0.0,0.0,0,0,0.0,0.0,nan,nan,nan,UNKNOWN
7.358,0.0,0.0,0.0,0.0,0.0,0.0,0.0,0.0,0,0,0.0,0.0,nan,nan,nan,UNKNOWN
7.408,0.0,0.0,0.0,0.0,0.0,0.0,0.0,0.0,0,0,0.0,0.0,nan,nan,nan,UNKNOWN
7.458,0.0,0.0,0.0,0.0,0.0,0.0,0.0,0.0,0,0,0.0,0.0,nan,nan,nan,UNKNOWN
7.508,0.0,0.0,0.0,0.0,0.0,0.0,0.0,0.0,0,0,0.0,0.0,nan,nan,nan,UNKNOWN
7.558,0.0,0.0,0.0,0.0,0.0,0.0,0.0,0.0,0,0,0.0,0.0,nan,nan,nan,UNKNOWN
7.608,0.0,0.0,0.0,0.0,0.0,0.0,0.0,0.0,0,0,0.0,0.0,nan,nan,nan,UNKNOWN
7.658,0.0,0.0,0.0,0.0,0.0,0.0,0.0,0.0,0,0,0.0,0.0,nan,nan,nan,UNKNOWN
7.708,0.0,0.0,0.0,0.0,0.0,0.0,0.0,0.0,0,0,0.0,0.0,nan,nan,nan,UNKNOWN
7.758,0.0,0.0,0.0,0.0,0.0,0.0,0.0,0.0,0,0,0.0,0.0,nan,nan,nan,UNKNOWN
7.808,0.0,0.0,0.0,0.0,0.0,0.0,0.0,0.0,0,0,0.0,0.0,nan,nan,nan,UNKNOWN
7.858,0.0,0.0,0.0,0.0,0.0,0.0,0.0,0.0,0,0,0.0,0.0,nan,nan,nan,UNKNOWN
7.908,0.0,0.0,0.0,0.0,0.0,0.0,0.0,0.0,0,0,0.0,0.0,nan,nan,nan,UNKNOWN
7.958,0.0,0.0,0.0,0.0,0.0,0.0,0.0,0.0,0,0,0.0,0.0,nan,nan,nan,UNKNOWN
8.008,0.0,0.0,0.0,0.0,0.0,0.0,0.0,0.0,0,0,0.0,0.0,nan,nan,nan,UNKNOWN
8.06,0.0,0.0,0.0,0.0,0.0,0.0,0.0,0.0,0,0,0.0,0.0,nan,nan,nan,UNKNOWN
8.108,0.0,0.0,0.0,0.0,0.0,0.0,0.0,0.0,0,0,0.0,0.0,nan,nan,nan,UNKNOWN
8.158,0.0,0.0,0.0,0.0,0.0,0.0,0.0,0.0,0,0,0.0,0.0,nan,nan,nan,UNKNOWN
8.208,0.0,0.0,0.0,0.0,0.0,0.0,0.0,0.0,0,0,0.0,0.0,nan,nan,nan,UNKNOWN
8.258,0.0,0.0,0.0,0.0,0.0,0.0,0.0,0.0,0,0,0.0,0.0,nan,nan,nan,UNKNOWN
8.308,0.0,0.0,0.0,0.0,0.0,0.0,0.0,0.0,0,0,0.0,0.0,nan,nan,nan,UNKNOWN
8.358,0.0,0.0,0.0,0.0,0.0,0.0,0.0,0.0,0,0,0.0,0.0,nan,nan,nan,UNKNOWN
8.408,0.0,0.0,0.0,0.0,0.0,0.0,0.0,0.0,0,0,0.0,0.0,nan,nan,nan,UNKNOWN
8.458,0.0,0.0,0.0,0.0,0.0,0.0,0.0,0.0,0,0,0.0,0.0,nan,nan,nan,UNKNOWN
8.508,0.0,0.0,0.0,0.0,0.0,0.0,0.0,0.0,0,0,0.0,0.0,nan,nan,nan,UNKNOWN
8.558,0.0,0.0,0.0,0.0,0.0,0.0,0.0,0.0,0,0,0.0,0.0,nan,nan,nan,UNKNOWN
8.608,0.0,0.0,0.0,0.0,0.0,0.0,0.0,0.0,0,0,0.0,0.0,nan,nan,nan,UNKNOWN
8.658,0.0,0.0,0.0,0.0,0.0,0.0,0.0,0.0,0,0,0.0,0.0,nan,nan,nan,UNKNOWN
8.708,0.0,0.0,0.0,0.0,0.0,0.0,0.0,0.0,0,0,0.0,0.0,nan,nan,nan,UNKNOWN
8.758,0.0,0.0,0.0,0.0,0.0,0.0,0.0,0.0,0,0,0.0,0.0,nan,nan,nan,UNKNOWN
8.808,0.0,0.0,0.0,0.0,0.0,0.0,0.0,0.0,0,0,0.0,0.0,nan,nan,nan,UNKNOWN
8.858,0.0,0.0,0.0,0.0,0.0,0.0,0.0,0.0,0,0,0.0,0.0,nan,nan,nan,UNKNOWN
8.908,0.0,0.0,0.0,0.0,0.0,0.0,0.0,0.0,0,0,0.0,0.0,nan,nan,nan,UNKNOWN
8.958,0.0,0.0,0.0,0.0,0.0,0.0,0.0,0.0,0,0,0.0,0.0,nan,nan,nan,UNKNOWN
9.008,0.0,0.0,0.0,0.0,0.0,0.0,0.0,0.0,0,0,0.0,0.0,nan,nan,nan,UNKNOWN
9.06,0.0,0.0,0.0,0.0,0.0,0.0,0.0,0.0,0,0,0.0,0.0,nan,nan,nan,UNKNOWN
9.108,0.0,0.0,0.0,0.0,0.0,0.0,0.0,0.0,0,0,0.0,0.0,nan,nan,nan,UNKNOWN
9.158,0.0,0.0,0.0,0.0,0.0,0.0,0.0,0.0,0,0,0.0,0.0,nan,nan,nan,UNKNOWN
9.208,0.0,0.0,0.0,0.0,0.0,0.0,0.0,0.0,0,0,0.0,0.0,nan,nan,nan,UNKNOWN
9.258,0.0,0.0,0.0,0.0,0.0,0.0,0.0,0.0,0,0,0.0,0.0,nan,nan,nan,UNKNOWN
9.308,0.0,0.0,0.0,0.0,0.0,0.0,0.0,0.0,0,0,0.0,0.0,nan,nan,nan,UNKNOWN
9.358,0.0,0.0,0.0,0.0,0.0,0.0,0.0,0.0,0,0,0.0,0.0,nan,nan,nan,UNKNOWN
9.408,0.0,0.0,0.0,0.0,0.0,0.0,0.0,0.0,0,0,0.0,0.0,nan,nan,nan,UNKNOWN
9.458,0.0,0.0,0.0,0.0,0.0,0.0,0.0,0.0,0,0,0.0,0.0,nan,nan,nan,UNKNOWN
9.508,0.0,0.0,0.0,0.0,0.0,0.0,0.0,0.0,0,0,0.0,0.0,nan,nan,nan,UNKNOWN
9.558,0.0,0.0,0.0,0.0,0.0,0.0,0.0,0.0,0,0,0.0,0.0,nan,nan,nan,UNKNOWN
9.608,0.0,0.0,0.0,0.0,0.0,0.0,0.0,0.0,0,0,0.0,0.0,nan,nan,nan,UNKNOWN
9.658,0.0,0.0,0.0,0.0,0.0,0.0,0.0,0.0,0,0,0.0,0.0,nan,nan,nan,UNKNOWN
9.708,0.0,0.0,0.0,0.0,0.0,0.0,0.0,0.0,0,0,0.0,0.0,nan,nan,nan,UNKNOWN
9.758,0.0,0.0,0.0,0.0,0.0,0.0,0.0,0.0,0,0,0.0,0.0,nan,nan,nan,UNKNOWN
9.808,0.0,0.0,0.0,0.0,0.0,0.0,0.0,0.0,0,0,0.0,0.0,nan,nan,nan,UNKNOWN
9.858,0.0,0.0,0.0,0.0,0.0,0.0,0.0,0.0,0,0,0.0,0.0,nan,nan,nan,UNKNOWN
9.908,0.0,0.0,0.0,0.0,0.0,0.0,0.0,0.0,0,0,0.0,0.0,nan,nan,nan,UNKNOWN
9.958,0.0,0.0,0.0,0.0,0.0,0.0,0.0,0.0,0,0,0.0,0.0,nan,nan,nan,UNKNOWN
10.008,0.0,0.0,0.0,0.0,0.0,0.0,0.0,0.0,0,0,0.0,0.0,nan,nan,nan,UNKNOWN
10.06,0.0,0.0,0.0,0.0,0.0,0.0,0.0,0.0,0,0,0.0,0.0,nan,nan,nan,UNKNOWN
10.108,0.0,0.0,0.0,0.0,0.0,0.0,0.0,0.0,0,0,0.0,0.0,nan,nan,nan,UNKNOWN
10.158,0.0,0.0,0.0,0.0,0.0,0.0,0.0,0.0,0,0,0.0,0.0,nan,nan,nan,UNKNOWN
10.208,0.0,0.0,0.0,0.0,0.0,0.0,0.0,0.0,0,0,0.0,0.0,nan,nan,nan,UNKNOWN
10.258,0.0,0.0,0.0,0.0,0.0,0.0,0.0,0.0,0,0,0.0,0.0,nan,nan,nan,UNKNOWN
10.308,0.0,0.0,0.0,0.0,0.0,0.0,0.0,0.0,0,0,0.0,0.0,nan,nan,nan,UNKNOWN
10.358,0.0,0.0,0.0,0.0,0.0,0.0,0.0,0.0,0,0,0.0,0.0,nan,nan,nan,UNKNOWN
10.408,0.0,0.0,0.0,0.0,0.0,0.0,0.0,0.0,0,0,0.0,0.0,nan,nan,nan,UNKNOWN
10.458,0.0,0.0,0.0,0.0,0.0,0.0,0.0,0.0,0,0,0.0,0.0,nan,nan,nan,UNKNOWN
10.508,0.0,0.0,0.0,0.0,0.0,0.0,0.0,0.0,0,0,0.0,0.0,nan,nan,nan,UNKNOWN
10.558,0.0,0.0,0.0,0.0,0.0,0.0,0.0,0.0,0,0,0.0,0.0,nan,nan,nan,UNKNOWN
10.608,0.0,0.0,0.0,0.0,0.0,0.0,0.0,0.0,0,0,0.0,0.0,nan,nan,nan,UNKNOWN
10.658,0.0,0.0,0.0,0.0,0.0,0.0,0.0,0.0,0,0,0.0,0.0,nan,nan,nan,UNKNOWN
10.708,0.0,0.0,0.0,0.0,0.0,0.0,0.0,0.0,0,0,0.0,0.0,nan,nan,nan,UNKNOWN
10.758,0.0,0.0,0.0,0.0,0.0,0.0,0.0,0.0,0,0,0.0,0.0,nan,nan,nan,UNKNOWN
10.808,0.0,0.0,0.0,0.0,0.0,0.0,0.0,0.0,0,0,0.0,0.0,nan,nan,nan,UNKNOWN
10.858,0.0,0.0,0.0,0.0,0.0,0.0,0.0,0.0,0,0,0.0,0.0,nan,nan,nan,UNKNOWN
10.908,0.0,0.0,0.0,0.0,0.0,0.0,0.0,0.0,0,0,0.0,0.0,nan,nan,nan,UNKNOWN
10.958,0.0,0.0,0.0,0.0,0.0,0.0,0.0,0.0,0,0,0.0,0.0,nan,nan,nan,UNKNOWN
11.008,0.0,0.0,0.0,0.0,0.0,0.0,0.0,0.0,0,0,0.0,0.0,nan,nan,nan,UNKNOWN
11.06,0.0,0.0,0.0,0.0,0.0,0.0,0.0,0.0,0,0,0.0,0.0,nan,nan,nan,UNKNOWN
11.108,0.0,0.0,0.0,0.0,0.0,0.0,0.0,0.0,0,0,0.0,0.0,nan,nan,nan,UNKNOWN
11.158,0.0,0.0,0.0,0.0,0.0,0.0,0.0,0.0,0,0,0.0,0.0,nan,nan,nan,UNKNOWN
11.208,0.0,0.0,0.0,0.0,0.0,0.0,0.0,0.0,0,0,0.0,0.0,nan,nan,nan,UNKNOWN
11.258,0.0,0.0,0.0,0.0,0.0,0.0,0.0,0.0,0,0,0.0,0.0,nan,nan,nan,UNKNOWN
11.308,0.0,0.0,0.0,0.0,0.0,0.0,0.0,0.0,0,0,0.0,0.0,nan,nan,nan,UNKNOWN
11.358,0.0,0.0,0.0,0.0,0.0,0.0,0.0,0.0,0,0,0.0,0.0,nan,nan,nan,UNKNOWN
11.408,0.0,0.0,0.0,0.0,0.0,0.0,0.0,0.0,0,0,0.0,0.0,nan,nan,nan,UNKNOWN
11.458,0.0,0.0,0.0,0.0,0.0,0.0,0.0,0.0,0,0,0.0,0.0,nan,nan,nan,UNKNOWN
11.508,0.0,0.0,0.0,0.0,0.0,0.0,0.0,0.0,0,0,0.0,0.0,nan,nan,nan,UNKNOWN
11.558,0.0,0.0,0.0,0.0,0.0,0.0,0.0,0.0,0,0,0.0,0.0,nan,nan,nan,UNKNOWN
11.608,0.0,0.0,0.0,0.0,0.0,0.0,0.0,0.0,0,0,0.0,0.0,nan,nan,nan,UNKNOWN
11.658,0.0,0.0,0.0,0.0,0.0,0.0,0.0,0.0,0,0,0.0,0.0,nan,nan,nan,UNKNOWN
11.708,0.0,0.0,0.0,0.0,0.0,0.0,0.0,0.0,0,0,0.0,0.0,nan,nan,nan,UNKNOWN
11.758,0.0,0.0,0.0,0.0,0.0,0.0,0.0,0.0,0,0,0.0,0.0,nan,nan,nan,UNKNOWN
11.808,0.0,0.0,0.0,0.0,0.0,0.0,0.0,0.0,0,0,0.0,0.0,nan,nan,nan,UNKNOWN
11.858,0.0,0.0,0.0,0.0,0.0,0.0,0.0,0.0,0,0,0.0,0.0,nan,nan,nan,UNKNOWN
11.908,0.0,0.0,0.0,0.0,0.0,0.0,0.0,0.0,0,0,0.0,0.0,nan,nan,nan,UNKNOWN
11.958,0.0,0.0,0.0,0.0,0.0,0.0,0.0,0.0,0,0,0.0,0.0,nan,nan,nan,UNKNOWN
12.008,0.0,0.0,0.0,0.0,0.0,0.0,0.0,0.0,0,0,0.0,0.0,nan,nan,nan,UNKNOWN
12.06,0.0,0.0,0.0,0.0,0.0,0.0,0.0,0.0,0,0,0.0,0.0,nan,nan,nan,UNKNOWN
12.108,0.0,0.0,0.0,0.0,0.0,0.0,0.0,0.0,0,0,0.0,0.0,nan,nan,nan,UNKNOWN
12.158,0.0,0.0,0.0,0.0,0.0,0.0,0.0,0.0,0,0,0.0,0.0,nan,nan,nan,UNKNOWN
12.208,0.0,0.0,0.0,0.0,0.0,0.0,0.0,0.0,0,0,0.0,0.0,nan,nan,nan,UNKNOWN
12.258,0.0,0.0,0.0,0.0,0.0,0.0,0.0,0.0,0,0,0.0,0.0,nan,nan,nan,UNKNOWN
12.308,0.0,0.0,0.0,0.0,0.0,0.0,0.0,0.0,0,0,0.0,0.0,nan,nan,nan,UNKNOWN
12.358,0.0,0.0,0.0,0.0,0.0,0.0,0.0,0.0,0,0,0.0,0.0,nan,nan,nan,UNKNOWN
12.408,0.0,0.0,0.0,0.0,0.0,0.0,0.0,0.0,0,0,0.0,0.0,nan,nan,nan,UNKNOWN
12.458,0.0,0.0,0.0,0.0,0.0,0.0,0.0,0.0,0,0,0.0,0.0,nan,nan,nan,UNKNOWN
12.508,0.0,0.0,0.0,0.0,0.0,0.0,0.0,0.0,0,0,0.0,0.0,nan,nan,nan,UNKNOWN
12.558,0.0,0.0,0.0,0.0,0.0,0.0,0.0,0.0,0,0,0.0,0.0,nan,nan,nan,UNKNOWN
12.608,0.0,0.0,0.0,0.0,0.0,0.0,0.0,0.0,0,0,0.0,0.0,nan,nan,nan,UNKNOWN
12.658,0.0,0.0,0.0,0.0,0.0,0.0,0.0,0.0,0,0,0.0,0.0,nan,nan,nan,UNKNOWN
12.708,0.0,0.0,0.0,0.0,0.0,0.0,0.0,0.0,0,0,0.0,0.0,nan,nan,nan,UNKNOWN
12.758,0.0,0.0,0.0,0.0,0.0,0.0,0.0,0.0,0,0,0.0,0.0,nan,nan,nan,UNKNOWN
12.808,0.0,0.0,0.0,0.0,0.0,0.0,0.0,0.0,0,0,0.0,0.0,nan,nan,nan,UNKNOWN
12.858,0.0,0.0,0.0,0.0,0.0,0.0,0.0,0.0,0,0,0.0,0.0,nan,nan,nan,UNKNOWN
12.908,0.0,0.0,0.0,0.0,0.0,0.0,0.0,0.0,0,0,0.0,0.0,nan,nan,nan,UNKNOWN
12.958,0.0,0.0,0.0,0.0,0.0,0.0,0.0,0.0,0,0,0.0,0.0,nan,nan,nan,UNKNOWN
13.008,0.0,0.0,0.0,0.0,0.0,0.0,0.0,0.0,0,0,0.0,0.0,nan,nan,nan,UNKNOWN
13.06,0.0,0.0,0.0,0.0,0.0,0.0,0.0,0.0,0,0,0.0,0.0,nan,nan,nan,UNKNOWN
13.108,0.0,0.0,0.0,0.0,0.0,0.0,0.0,0.0,0,0,0.0,0.0,nan,nan,nan,UNKNOWN
13.158,0.0,0.0,0.0,0.0,0.0,0.0,0.0,0.0,0,0,0.0,0.0,nan,nan,nan,UNKNOWN
13.208,0.0,0.0,0.0,0.0,0.0,0.0,0.0,0.0,0,0,0.0,0.0,nan,nan,nan,UNKNOWN
13.258,0.0,0.0,0.0,0.0,0.0,0.0,0.0,0.0,0,0,0.0,0.0,nan,nan,nan,UNKNOWN
13.308,0.0,0.0,0.0,0.0,0.0,0.0,0.0,0.0,0,0,0.0,0.0,nan,nan,nan,UNKNOWN
13.358,0.0,0.0,0.0,0.0,0.0,0.0,0.0,0.0,0,0,0.0,0.0,nan,nan,nan,UNKNOWN
13.408,0.0,0.0,0.0,0.0,0.0,0.0,0.0,0.0,0,0,0.0,0.0,nan,nan,nan,UNKNOWN
13.458,0.0,0.0,0.0,0.0,0.0,0.0,0.0,0.0,0,0,0.0,0.0,nan,nan,nan,UNKNOWN
13.508,0.0,0.0,0.0,0.0,0.0,0.0,0.0,0.0,0,0,0.0,0.0,nan,nan,nan,UNKNOWN
13.558,0.0,0.0,0.0,0.0,0.0,0.0,0.0,0.0,0,0,0.0,0.0,nan,nan,nan,UNKNOWN
13.608,0.0,0.0,0.0,0.0,0.0,0.0,0.0,0.0,0,0,0.0,0.0,nan,nan,nan,UNKNOWN
13.658,0.0,0.0,0.0,0.0,0.0,0.0,0.0,0.0,0,0,0.0,0.0,nan,nan,nan,UNKNOWN
13.708,0.0,0.0,0.0,0.0,0.0,0.0,0.0,0.0,0,0,0.0,0.0,nan,nan,nan,UNKNOWN
13.758,0.0,0.0,0.0,0.0,0.0,0.0,0.0,0.0,0,0,0.0,0.0,nan,nan,nan,UNKNOWN
13.808,0.0,0.0,0.0,0.0,0.0,0.0,0.0,0.0,0,0,0.0,0.0,nan,nan,nan,UNKNOWN
13.858,0.0,0.0,0.0,0.0,0.0,0.0,0.0,0.0,0,0,0.0,0.0,nan,nan,nan,UNKNOWN
13.908,0.0,0.0,0.0,0.0,0.0,0.0,0.0,0.0,0,0,0.0,0.0,nan,nan,nan,UNKNOWN
13.958,0.0,0.0,0.0,0.0,0.0,0.0,0.0,0.0,0,0,0.0,0.0,nan,nan,nan,UNKNOWN
14.008,0.0,0.0,0.0,0.0,0.0,0.0,0.0,0.0,0,0,0.0,0.0,nan,nan,nan,UNKNOWN
14.06,0.0,0.0,0.0,0.0,0.0,0.0,0.0,0.0,0,0,0.0,0.0,nan,nan,nan,UNKNOWN
14.108,0.0,0.0,0.0,0.0,0.0,0.0,0.0,0.0,0,0,0.0,0.0,nan,nan,nan,UNKNOWN
14.158,0.0,0.0,0.0,0.0,0.0,0.0,0.0,0.0,0,0,0.0,0.0,nan,nan,nan,UNKNOWN
14.208,0.0,0.0,0.0,0.0,0.0,0.0,0.0,0.0,0,0,0.0,0.0,nan,nan,nan,UNKNOWN
14.258,0.0,0.0,0.0,0.0,0.0,0.0,0.0,0.0,0,0,0.0,0.0,nan,nan,nan,UNKNOWN
14.308,0.0,0.0,0.0,0.0,0.0,0.0,0.0,0.0,0,0,0.0,0.0,nan,nan,nan,UNKNOWN
14.358,0.0,0.0,0.0,0.0,0.0,0.0,0.0,0.0,0,0,0.0,0.0,nan,nan,nan,UNKNOWN
14.408,0.0,0.0,0.0,0.0,0.0,0.0,0.0,0.0,0,0,0.0,0.0,nan,nan,nan,UNKNOWN
14.458,0.0,0.0,0.0,0.0,0.0,0.0,0.0,0.0,0,0,0.0,0.0,nan,nan,nan,UNKNOWN
14.508,0.0,0.0,0.0,0.0,0.0,0.0,0.0,0.0,0,0,0.0,0.0,nan,nan,nan,UNKNOWN
14.558,0.0,0.0,0.0,0.0,0.0,0.0,0.0,0.0,0,0,0.0,0.0,nan,nan,nan,UNKNOWN
14.608,0.0,0.0,0.0,0.0,0.0,0.0,0.0,0.0,0,0,0.0,0.0,nan,nan,nan,UNKNOWN
14.658,0.0,0.0,0.0,0.0,0.0,0.0,0.0,0.0,0,0,0.0,0.0,nan,nan,nan,UNKNOWN
14.708,0.0,0.0,0.0,0.0,0.0,0.0,0.0,0.0,0,0,0.0,0.0,nan,nan,nan,UNKNOWN
14.758,0.0,0.0,0.0,0.0,0.0,0.0,0.0,0.0,0,0,0.0,0.0,nan,nan,nan,UNKNOWN
14.808,0.0,0.0,0.0,0.0,0.0,0.0,0.0,0.0,0,0,0.0,0.0,nan,nan,nan,UNKNOWN
14.858,0.0,0.0,0.0,0.0,0.0,0.0,0.0,0.0,0,0,0.0,0.0,nan,nan,nan,UNKNOWN
14.908,0.0,0.0,0.0,0.0,0.0,0.0,0.0,0.0,0,0,0.0,0.0,nan,nan,nan,UNKNOWN
14.958,0.0,0.0,0.0,0.0,0.0,0.0,0.0,0.0,0,0,0.0,0.0,nan,nan,nan,UNKNOWN
15.008,0.0,0.0,0.0,0.0,0.0,0.0,0.0,0.0,0,0,0.0,0.0,nan,nan,nan,UNKNOWN
15.06,0.0,0.0,0.0,0.0,0.0,0.0,0.0,0.0,0,0,0.0,0.0,nan,nan,nan,UNKNOWN
15.108,0.0,0.0,0.0,0.0,0.0,0.0,0.0,0.0,0,0,0.0,0.0,nan,nan,nan,UNKNOWN
15.158,0.0,0.0,0.0,0.0,0.0,0.0,0.0,0.0,0,0,0.0,0.0,nan,nan,nan,UNKNOWN
15.208,0.0,0.0,0.0,0.0,0.0,0.0,0.0,0.0,0,0,0.0,0.0,nan,nan,nan,UNKNOWN
15.258,0.0,0.0,0.0,0.0,0.0,0.0,0.0,0.0,0,0,0.0,0.0,nan,nan,nan,UNKNOWN
15.308,0.0,0.0,0.0,0.0,0.0,0.0,0.0,0.0,0,0,0.0,0.0,nan,nan,nan,UNKNOWN
15.358,0.0,0.0,0.0,0.0,0.0,0.0,0.0,0.0,0,0,0.0,0.0,nan,nan,nan,UNKNOWN
15.408,0.0,0.0,0.0,0.0,0.0,0.0,0.0,0.0,0,0,0.0,0.0,nan,nan,nan,UNKNOWN
15.458,0.0,0.0,0.0,0.0,0.0,0.0,0.0,0.0,0,0,0.0,0.0,nan,nan,nan,UNKNOWN
15.508,0.0,0.0,0.0,0.0,0.0,0.0,0.0,0.0,0,0,0.0,0.0,nan,nan,nan,UNKNOWN
15.558,0.0,0.0,0.0,0.0,0.0,0.0,0.0,0.0,0,0,0.0,0.0,nan,nan,nan,UNKNOWN
15.608,0.0,0.0,0.0,0.0,0.0,0.0,0.0,0.0,0,0,0.0,0.0,nan,nan,nan,UNKNOWN
15.658,0.0,0.0,0.0,0.0,0.0,0.0,0.0,0.0,0,0,0.0,0.0,nan,nan,nan,UNKNOWN
15.708,0.0,0.0,0.0,0.0,0.0,0.0,0.0,0.0,0,0,0.0,0.0,nan,nan,nan,UNKNOWN
15.758,0.0,0.0,0.0,0.0,0.0,0.0,0.0,0.0,0,0,0.0,0.0,nan,nan,nan,UNKNOWN
15.808,0.0,0.0,0.0,0.0,0.0,0.0,0.0,0.0,0,0,0.0,0.0,nan,nan,nan,UNKNOWN
15.858,0.0,0.0,0.0,0.0,0.0,0.0,0.0,0.0,0,0,0.0,0.0,nan,nan,nan,UNKNOWN
15.908,0.0,0.0,0.0,0.0,0.0,0.0,0.0,0.0,0,0,0.0,0.0,nan,nan,nan,UNKNOWN
15.958,0.0,0.0,0.0,0.0,0.0,0.0,0.0,0.0,0,0,0.0,0.0,nan,nan,nan,UNKNOWN
16.008,0.0,0.0,0.0,0.0,0.0,0.0,0.0,0.0,0,0,0.0,0.0,nan,nan,nan,UNKNOWN
16.06,0.0,0.0,0.0,0.0,0.0,0.0,0.0,0.0,0,0,0.0,0.0,nan,nan,nan,UNKNOWN
16.108,0.0,0.0,0.0,0.0,0.0,0.0,0.0,0.0,0,0,0.0,0.0,nan,nan,nan,UNKNOWN
16.158,0.0,0.0,0.0,0.0,0.0,0.0,0.0,0.0,0,0,0.0,0.0,nan,nan,nan,UNKNOWN
16.208,0.0,0.0,0.0,0.0,0.0,0.0,0.0,0.0,0,0,0.0,0.0,nan,nan,nan,UNKNOWN
16.258,0.0,0.0,0.0,0.0,0.0,0.0,0.0,0.0,0,0,0.0,0.0,nan,nan,nan,UNKNOWN
16.308,0.0,0.0,0.0,0.0,0.0,0.0,0.0,0.0,0,0,0.0,0.0,nan,nan,nan,UNKNOWN
16.358,0.0,0.0,0.0,0.0,0.0,0.0,0.0,0.0,0,0,0.0,0.0,nan,nan,nan,UNKNOWN
16.408,0.0,0.0,0.0,0.0,0.0,0.0,0.0,0.0,0,0,0.0,0.0,nan,nan,nan,UNKNOWN
16.458,0.0,0.0,0.0,0.0,0.0,0.0,0.0,0.0,0,0,0.0,0.0,nan,nan,nan,UNKNOWN
16.508,0.0,0.0,0.0,0.0,0.0,0.0,0.0,0.0,0,0,0.0,0.0,nan,nan,nan,UNKNOWN
16.558,0.0,0.0,0.0,0.0,0.0,0.0,0.0,0.0,0,0,0.0,0.0,nan,nan,nan,UNKNOWN
16.608,0.0,0.0,0.0,0.0,0.0,0.0,0.0,0.0,0,0,0.0,0.0,nan,nan,nan,UNKNOWN
16.658,0.0,0.0,0.0,0.0,0.0,0.0,0.0,0.0,0,0,0.0,0.0,nan,nan,nan,UNKNOWN
16.708,0.0,0.0,0.0,0.0,0.0,0.0,0.0,0.0,0,0,0.0,0.0,nan,nan,nan,UNKNOWN
16.758,0.0,0.0,0.0,0.0,0.0,0.0,0.0,0.0,0,0,0.0,0.0,nan,nan,nan,UNKNOWN
16.808,0.0,0.0,0.0,0.0,0.0,0.0,0.0,0.0,0,0,0.0,0.0,nan,nan,nan,UNKNOWN
16.858,0.0,0.0,0.0,0.0,0.0,0.0,0.0,0.0,0,0,0.0,0.0,nan,nan,nan,UNKNOWN
16.908,0.0,0.0,0.0,0.0,0.0,0.0,0.0,0.0,0,0,0.0,0.0,nan,nan,nan,UNKNOWN
16.958,0.0,0.0,0.0,0.0,0.0,0.0,0.0,0.0,0,0,0.0,0.0,nan,nan,nan,UNKNOWN
17.008,0.0,0.0,0.0,0.0,0.0,0.0,0.0,0.0,0,0,0.0,0.0,nan,nan,nan,UNKNOWN
17.06,0.0,0.0,0.0,0.0,0.0,0.0,0.0,0.0,0,0,0.0,0.0,nan,nan,nan,UNKNOWN
17.108,0.0,0.0,0.0,0.0,0.0,0.0,0.0,0.0,0,0,0.0,0.0,nan,nan,nan,UNKNOWN
17.158,0.0,0.0,0.0,0.0,0.0,0.0,0.0,0.0,0,0,0.0,0.0,nan,nan,nan,UNKNOWN
17.208,0.0,0.0,0.0,0.0,0.0,0.0,0.0,0.0,0,0,0.0,0.0,nan,nan,nan,UNKNOWN
17.258,0.0,0.0,0.0,0.0,0.0,0.0,0.0,0.0,0,0,0.0,0.0,nan,nan,nan,UNKNOWN
17.308,0.0,0.0,0.0,0.0,0.0,0.0,0.0,0.0,0,0,0.0,0.0,nan,nan,nan,UNKNOWN
17.358,0.0,0.0,0.0,0.0,0.0,0.0,0.0,0.0,0,0,0.0,0.0,nan,nan,nan,UNKNOWN
17.408,0.0,0.0,0.0,0.0,0.0,0.0,0.0,0.0,0,0,0.0,0.0,nan,nan,nan,UNKNOWN
17.458,0.0,0.0,0.0,0.0,0.0,0.0,0.0,0.0,0,0,0.0,0.0,nan,nan,nan,UNKNOWN
17.508,0.0,0.0,0.0,0.0,0.0,0.0,0.0,0.0,0,0,0.0,0.0,nan,nan,nan,UNKNOWN
17.558,0.0,0.0,0.0,0.0,0.0,0.0,0.0,0.0,0,0,0.0,0.0,nan,nan,nan,UNKNOWN
17.608,0.0,0.0,0.0,0.0,0.0,0.0,0.0,0.0,0,0,0.0,0.0,nan,nan,nan,UNKNOWN
17.658,0.0,0.0,0.0,0.0,0.0,0.0,0.0,0.0,0,0,0.0,0.0,nan,nan,nan,UNKNOWN
17.708,0.0,0.0,0.0,0.0,0.0,0.0,0.0,0.0,0,0,0.0,0.0,nan,nan,nan,UNKNOWN
17.758,0.0,0.0,0.0,0.0,0.0,0.0,0.0,0.0,0,0,0.0,0.0,nan,nan,nan,UNKNOWN
17.808,0.0,0.0,0.0,0.0,0.0,0.0,0.0,0.0,0,0,0.0,0.0,nan,nan,nan,UNKNOWN
17.858,0.0,0.0,0.0,0.0,0.0,0.0,0.0,0.0,0,0,0.0,0.0,nan,nan,nan,UNKNOWN
17.908,0.0,0.0,0.0,0.0,0.0,0.0,0.0,0.0,0,0,0.0,0.0,nan,nan,nan,UNKNOWN
17.958,0.0,0.0,0.0,0.0,0.0,0.0,0.0,0.0,0,0,0.0,0.0,nan,nan,nan,UNKNOWN
18.008,0.0,0.0,0.0,0.0,0.0,0.0,0.0,0.0,0,0,0.0,0.0,nan,nan,nan,UNKNOWN
18.06,0.0,0.0,0.0,0.0,0.0,0.0,0.0,0.0,0,0,0.0,0.0,nan,nan,nan,UNKNOWN
18.108,0.0,0.0,0.0,0.0,0.0,0.0,0.0,0.0,0,0,0.0,0.0,nan,nan,nan,UNKNOWN
18.158,0.0,0.0,0.0,0.0,0.0,0.0,0.0,0.0,0,0,0.0,0.0,nan,nan,nan,UNKNOWN
18.208,0.0,0.0,0.0,0.0,0.0,0.0,0.0,0.0,0,0,0.0,0.0,nan,nan,nan,UNKNOWN
18.258,0.0,0.0,0.0,0.0,0.0,0.0,0.0,0.0,0,0,0.0,0.0,nan,nan,nan,UNKNOWN
18.308,0.0,0.0,0.0,0.0,0.0,0.0,0.0,0.0,0,0,0.0,0.0,nan,nan,nan,UNKNOWN
18.358,0.0,0.0,0.0,0.0,0.0,0.0,0.0,0.0,0,0,0.0,0.0,nan,nan,nan,UNKNOWN
18.408,0.0,0.0,0.0,0.0,0.0,0.0,0.0,0.0,0,0,0.0,0.0,nan,nan,nan,UNKNOWN
18.458,0.0,0.0,0.0,0.0,0.0,0.0,0.0,0.0,0,0,0.0,0.0,nan,nan,nan,UNKNOWN
18.508,0.0,0.0,0.0,0.0,0.0,0.0,0.0,0.0,0,0,0.0,0.0,nan,nan,nan,UNKNOWN
18.558,0.0,0.0,0.0,0.0,0.0,0.0,0.0,0.0,0,0,0.0,0.0,nan,nan,nan,UNKNOWN
18.608,0.0,0.0,0.0,0.0,0.0,0.0,0.0,0.0,0,0,0.0,0.0,nan,nan,nan,UNKNOWN
18.658,0.0,0.0,0.0,0.0,0.0,0.0,0.0,0.0,0,0,0.0,0.0,nan,nan,nan,UNKNOWN
18.708,0.0,0.0,0.0,0.0,0.0,0.0,0.0,0.0,0,0,0.0,0.0,nan,nan,nan,UNKNOWN
18.758,0.0,0.0,0.0,0.0,0.0,0.0,0.0,0.0,0,0,0.0,0.0,nan,nan,nan,UNKNOWN
18.808,0.0,0.0,0.0,0.0,0.0,0.0,0.0,0.0,0,0,0.0,0.0,nan,nan,nan,UNKNOWN
18.858,0.0,0.0,0.0,0.0,0.0,0.0,0.0,0.0,0,0,0.0,0.0,nan,nan,nan,UNKNOWN
18.908,0.0,0.0,0.0,0.0,0.0,0.0,0.0,0.0,0,0,0.0,0.0,nan,nan,nan,UNKNOWN
18.958,0.0,0.0,0.0,0.0,0.0,0.0,0.0,0.0,0,0,0.0,0.0,nan,nan,nan,UNKNOWN
19.008,0.0,0.0,0.0,0.0,0.0,0.0,0.0,0.0,0,0,0.0,0.0,nan,nan,nan,UNKNOWN
19.06,0.0,0.0,0.0,0.0,0.0,0.0,0.0,0.0,0,0,0.0,0.0,nan,nan,nan,UNKNOWN
19.108,0.0,0.0,0.0,0.0,0.0,0.0,0.0,0.0,0,0,0.0,0.0,nan,nan,nan,UNKNOWN
19.158,0.0,0.0,0.0,0.0,0.0,0.0,0.0,0.0,0,0,0.0,0.0,nan,nan,nan,UNKNOWN
19.208,0.0,0.0,0.0,0.0,0.0,0.0,0.0,0.0,0,0,0.0,0.0,nan,nan,nan,UNKNOWN
19.258,0.0,0.0,0.0,0.0,0.0,0.0,0.0,0.0,0,0,0.0,0.0,nan,nan,nan,UNKNOWN
19.308,0.0,0.0,0.0,0.0,0.0,0.0,0.0,0.0,0,0,0.0,0.0,nan,nan,nan,UNKNOWN
19.358,0.0,0.0,0.0,0.0,0.0,0.0,0.0,0.0,0,0,0.0,0.0,nan,nan,nan,UNKNOWN
19.408,0.0,0.0,0.0,0.0,0.0,0.0,0.0,0.0,0,0,0.0,0.0,nan,nan,nan,UNKNOWN
19.458,0.0,0.0,0.0,0.0,0.0,0.0,0.0,0.0,0,0,0.0,0.0,nan,nan,nan,UNKNOWN
19.508,0.0,0.0,0.0,0.0,0.0,0.0,0.0,0.0,0,0,0.0,0.0,nan,nan,nan,UNKNOWN
19.558,0.0,0.0,0.0,0.0,0.0,0.0,0.0,0.0,0,0,0.0,0.0,nan,nan,nan,UNKNOWN
19.608,0.0,0.0,0.0,0.0,0.0,0.0,0.0,0.0,0,0,0.0,0.0,nan,nan,nan,UNKNOWN
19.658,0.0,0.0,0.0,0.0,0.0,0.0,0.0,0.0,0,0,0.0,0.0,nan,nan,nan,UNKNOWN
19.708,0.0,0.0,0.0,0.0,0.0,0.0,0.0,0.0,0,0,0.0,0.0,nan,nan,nan,UNKNOWN
19.758,0.0,0.0,0.0,0.0,0.0,0.0,0.0,0.0,0,0,0.0,0.0,nan,nan,nan,UNKNOWN
19.808,0.0,0.0,0.0,0.0,0.0,0.0,0.0,0.0,0,0,0.0,0.0,nan,nan,nan,UNKNOWN
19.858,0.0,0.0,0.0,0.0,0.0,0.0,0.0,0.0,0,0,0.0,0.0,nan,nan,nan,UNKNOWN
19.908,0.0,0.0,0.0,0.0,0.0,0.0,0.0,0.0,0,0,0.0,0.0,nan,nan,nan,UNKNOWN
19.958,0.0,0.0,0.0,0.0,0.0,0.0,0.0,0.0,0,0,0.0,0.0,nan,nan,nan,UNKNOWN
20.008,0.0,0.0,0.0,0.0,0.0,0.0,0.0,0.0,0,0,0.0,0.0,nan,nan,nan,UNKNOWN
20.06,0.0,0.0,0.0,0.0,0.0,0.0,0.0,0.0,0,0,0.0,0.0,nan,nan,nan,UNKNOWN
20.108,0.0,0.0,0.0,0.0,0.0,0.0,0.0,0.0,0,0,0.0,0.0,nan,nan,nan,UNKNOWN
20.158,0.0,0.0,0.0,0.0,0.0,0.0,0.0,0.0,0,0,0.0,0.0,nan,nan,nan,UNKNOWN
20.208,0.0,0.0,0.0,0.0,0.0,0.0,0.0,0.0,0,0,0.0,0.0,nan,nan,nan,UNKNOWN
20.258,0.0,0.0,0.0,0.0,0.0,0.0,0.0,0.0,0,0,0.0,0.0,nan,nan,nan,UNKNOWN
20.308,0.0,0.0,0.0,0.0,0.0,0.0,0.0,0.0,0,0,0.0,0.0,nan,nan,nan,UNKNOWN
20.358,0.0,0.0,0.0,0.0,0.0,0.0,0.0,0.0,0,0,0.0,0.0,nan,nan,nan,UNKNOWN
20.408,0.0,0.0,0.0,0.0,0.0,0.0,0.0,0.0,0,0,0.0,0.0,nan,nan,nan,UNKNOWN
20.458,0.0,0.0,0.0,0.0,0.0,0.0,0.0,0.0,0,0,0.0,0.0,nan,nan,nan,UNKNOWN
20.508,0.0,0.0,0.0,0.0,0.0,0.0,0.0,0.0,0,0,0.0,0.0,nan,nan,nan,UNKNOWN
20.558,0.0,0.0,0.0,0.0,0.0,0.0,0.0,0.0,0,0,0.0,0.0,nan,nan,nan,UNKNOWN
20.608,0.0,0.0,0.0,0.0,0.0,0.0,0.0,0.0,0,0,0.0,0.0,nan,nan,nan,UNKNOWN
20.658,0.0,0.0,0.0,0.0,0.0,0.0,0.0,0.0,0,0,0.0,0.0,nan,nan,nan,UNKNOWN
20.708,0.0,0.0,0.0,0.0,0.0,0.0,0.0,0.0,0,0,0.0,0.0,nan,nan,nan,UNKNOWN
20.758,0.0,0.0,0.0,0.0,0.0,0.0,0.0,0.0,0,0,0.0,0.0,nan,nan,nan,UNKNOWN
20.808,0.0,0.0,0.0,0.0,0.0,0.0,0.0,0.0,0,0,0.0,0.0,nan,nan,nan,UNKNOWN
20.858,0.0,0.0,0.0,0.0,0.0,0.0,0.0,0.0,0,0,0.0,0.0,nan,nan,nan,UNKNOWN
20.908,0.0,0.0,0.0,0.0,0.0,0.0,0.0,0.0,0,0,0.0,0.0,nan,nan,nan,UNKNOWN
20.958,0.0,0.0,0.0,0.0,0.0,0.0,0.0,0.0,0,0,0.0,0.0,nan,nan,nan,UNKNOWN
21.008,0.0,0.0,0.0,0.0,0.0,0.0,0.0,0.0,0,0,0.0,0.0,nan,nan,nan,UNKNOWN
21.06,0.0,0.0,0.0,0.0,0.0,0.0,0.0,0.0,0,0,0.0,0.0,nan,nan,nan,UNKNOWN
21.108,0.0,0.0,0.0,0.0,0.0,0.0,0.0,0.0,0,0,0.0,0.0,nan,nan,nan,UNKNOWN
21.158,0.0,0.0,0.0,0.0,0.0,0.0,0.0,0.0,0,0,0.0,0.0,nan,nan,nan,UNKNOWN
21.208,0.0,0.0,0.0,0.0,0.0,0.0,0.0,0.0,0,0,0.0,0.0,nan,nan,nan,UNKNOWN
21.258,0.0,0.0,0.0,0.0,0.0,0.0,0.0,0.0,0,0,0.0,0.0,nan,nan,nan,UNKNOWN
21.308,0.0,0.0,0.0,0.0,0.0,0.0,0.0,0.0,0,0,0.0,0.0,nan,nan,nan,UNKNOWN
21.358,0.0,0.0,0.0,0.0,0.0,0.0,0.0,0.0,0,0,0.0,0.0,nan,nan,nan,UNKNOWN
21.408,0.0,0.0,0.0,0.0,0.0,0.0,0.0,0.0,0,0,0.0,0.0,nan,nan,nan,UNKNOWN
21.458,0.0,0.0,0.0,0.0,0.0,0.0,0.0,0.0,0,0,0.0,0.0,nan,nan,nan,UNKNOWN
21.508,0.0,0.0,0.0,0.0,0.0,0.0,0.0,0.0,0,0,0.0,0.0,nan,nan,nan,UNKNOWN
21.558,0.0,0.0,0.0,0.0,0.0,0.0,0.0,0.0,0,0,0.0,0.0,nan,nan,nan,UNKNOWN
21.609,0.0,0.0,0.0,0.0,0.0,0.0,0.0,0.0,0,0,0.0,0.0,nan,nan,nan,UNKNOWN
21.658,0.0,0.0,0.0,0.0,0.0,0.0,0.0,0.0,0,0,0.0,0.0,nan,nan,nan,UNKNOWN
21.709,0.0,0.0,0.0,0.0,0.0,0.0,0.0,0.0,0,0,0.0,0.0,nan,nan,nan,UNKNOWN
21.758,0.0,0.0,0.0,0.0,0.0,0.0,0.0,0.0,0,0,0.0,0.0,nan,nan,nan,UNKNOWN
21.808,0.0,0.0,0.0,0.0,0.0,0.0,0.0,0.0,0,0,0.0,0.0,nan,nan,nan,UNKNOWN
21.858,0.0,0.0,0.0,0.0,0.0,0.0,0.0,0.0,0,0,0.0,0.0,nan,nan,nan,UNKNOWN
21.908,0.0,0.0,0.0,0.0,0.0,0.0,0.0,0.0,0,0,0.0,0.0,nan,nan,nan,UNKNOWN
21.958,0.0,0.0,0.0,0.0,0.0,0.0,0.0,0.0,0,0,0.0,0.0,nan,nan,nan,UNKNOWN
22.008,0.0,0.0,0.0,0.0,0.0,0.0,0.0,0.0,0,0,0.0,0.0,nan,nan,nan,UNKNOWN
22.06,0.0,0.0,0.0,0.0,0.0,0.0,0.0,0.0,0,0,0.0,0.0,nan,nan,nan,UNKNOWN
22.108,0.0,0.0,0.0,0.0,0.0,0.0,0.0,0.0,0,0,0.0,0.0,nan,nan,nan,UNKNOWN
22.158,0.0,0.0,0.0,0.0,0.0,0.0,0.0,0.0,0,0,0.0,0.0,nan,nan,nan,UNKNOWN
22.208,0.0,0.0,0.0,0.0,0.0,0.0,0.0,0.0,0,0,0.0,0.0,nan,nan,nan,UNKNOWN
22.258,0.0,0.0,0.0,0.0,0.0,0.0,0.0,0.0,0,0,0.0,0.0,nan,nan,nan,UNKNOWN
22.308,0.0,0.0,0.0,0.0,0.0,0.0,0.0,0.0,0,0,0.0,0.0,nan,nan,nan,UNKNOWN
22.358,0.0,0.0,0.0,0.0,0.0,0.0,0.0,0.0,0,0,0.0,0.0,nan,nan,nan,UNKNOWN
22.408,0.0,0.0,0.0,0.0,0.0,0.0,0.0,0.0,0,0,0.0,0.0,nan,nan,nan,UNKNOWN
22.458,0.0,0.0,0.0,0.0,0.0,0.0,0.0,0.0,0,0,0.0,0.0,nan,nan,nan,UNKNOWN
22.509,0.0,0.0,0.0,0.0,0.0,0.0,0.0,0.0,0,0,0.0,0.0,nan,nan,nan,UNKNOWN
22.558,0.0,0.0,0.0,0.0,0.0,0.0,0.0,0.0,0,0,0.0,0.0,nan,nan,nan,UNKNOWN
22.608,0.0,0.0,0.0,0.0,0.0,0.0,0.0,0.0,0,0,0.0,0.0,nan,nan,nan,UNKNOWN
22.658,0.0,0.0,0.0,0.0,0.0,0.0,0.0,0.0,0,0,0.0,0.0,nan,nan,nan,UNKNOWN
22.708,0.0,0.0,0.0,0.0,0.0,0.0,0.0,0.0,0,0,0.0,0.0,nan,nan,nan,UNKNOWN
22.758,0.0,0.0,0.0,0.0,0.0,0.0,0.0,0.0,0,0,0.0,0.0,nan,nan,nan,UNKNOWN
22.808,0.0,0.0,0.0,0.0,0.0,0.0,0.0,0.0,0,0,0.0,0.0,nan,nan,nan,UNKNOWN
22.858,0.0,0.0,0.0,0.0,0.0,0.0,0.0,0.0,0,0,0.0,0.0,nan,nan,nan,UNKNOWN
22.908,0.0,0.0,0.0,0.0,0.0,0.0,0.0,0.0,0,0,0.0,0.0,nan,nan,nan,UNKNOWN
22.958,0.0,0.0,0.0,0.0,0.0,0.0,0.0,0.0,0,0,0.0,0.0,nan,nan,nan,UNKNOWN
23.008,0.0,0.0,0.0,0.0,0.0,0.0,0.0,0.0,0,0,0.0,0.0,nan,nan,nan,UNKNOWN
23.06,0.0,0.0,0.0,0.0,0.0,0.0,0.0,0.0,0,0,0.0,0.0,nan,nan,nan,UNKNOWN
23.108,0.0,0.0,0.0,0.0,0.0,0.0,0.0,0.0,0,0,0.0,0.0,nan,nan,nan,UNKNOWN
23.158,0.0,0.0,0.0,0.0,0.0,0.0,0.0,0.0,0,0,0.0,0.0,nan,nan,nan,UNKNOWN
23.208,0.0,0.0,0.0,0.0,0.0,0.0,0.0,0.0,0,0,0.0,0.0,nan,nan,nan,UNKNOWN
23.259,0.0,0.0,0.0,0.0,0.0,0.0,0.0,0.0,0,0,0.0,0.0,nan,nan,nan,UNKNOWN
23.309,0.0,0.0,0.0,0.0,0.0,0.0,0.0,0.0,0,0,0.0,0.0,nan,nan,nan,UNKNOWN
23.359,0.0,0.0,0.0,0.0,0.0,0.0,0.0,0.0,0,0,0.0,0.0,nan,nan,nan,UNKNOWN
23.409,0.0,0.0,0.0,0.0,0.0,0.0,0.0,0.0,0,0,0.0,0.0,nan,nan,nan,UNKNOWN
23.459,0.0,0.0,0.0,0.0,0.0,0.0,0.0,0.0,0,0,0.0,0.0,nan,nan,nan,UNKNOWN
23.508,0.0,0.0,0.0,0.0,0.0,0.0,0.0,0.0,0,0,0.0,0.0,nan,nan,nan,UNKNOWN
23.559,0.0,0.0,0.0,0.0,0.0,0.0,0.0,0.0,0,0,0.0,0.0,nan,nan,nan,UNKNOWN
23.609,0.0,0.0,0.0,0.0,0.0,0.0,0.0,0.0,0,0,0.0,0.0,nan,nan,nan,UNKNOWN
23.658,0.0,0.0,0.0,0.0,0.0,0.0,0.0,0.0,0,0,0.0,0.0,nan,nan,nan,UNKNOWN
23.709,0.0,0.0,0.0,0.0,0.0,0.0,0.0,0.0,0,0,0.0,0.0,nan,nan,nan,UNKNOWN
23.758,0.0,0.0,0.0,0.0,0.0,0.0,0.0,0.0,0,0,0.0,0.0,nan,nan,nan,UNKNOWN
23.809,0.0,0.0,0.0,0.0,0.0,0.0,0.0,0.0,0,0,0.0,0.0,nan,nan,nan,UNKNOWN
23.858,0.0,0.0,0.0,0.0,0.0,0.0,0.0,0.0,0,0,0.0,0.0,nan,nan,nan,UNKNOWN
23.908,0.0,0.0,0.0,0.0,0.0,0.0,0.0,0.0,0,0,0.0,0.0,nan,nan,nan,UNKNOWN
23.958,0.0,0.0,0.0,0.0,0.0,0.0,0.0,0.0,0,0,0.0,0.0,nan,nan,nan,UNKNOWN
24.009,0.0,0.0,0.0,0.0,0.0,0.0,0.0,0.0,0,0,0.0,0.0,nan,nan,nan,UNKNOWN
24.06,0.0,0.0,0.0,0.0,0.0,0.0,0.0,0.0,0,0,0.0,0.0,nan,nan,nan,UNKNOWN
24.108,0.0,0.0,0.0,0.0,0.0,0.0,0.0,0.0,0,0,0.0,0.0,nan,nan,nan,UNKNOWN
24.158,0.0,0.0,0.0,0.0,0.0,0.0,0.0,0.0,0,0,0.0,0.0,nan,nan,nan,UNKNOWN
24.209,0.0,0.0,0.0,0.0,0.0,0.0,0.0,0.0,0,0,0.0,0.0,nan,nan,nan,UNKNOWN
24.258,0.0,0.0,0.0,0.0,0.0,0.0,0.0,0.0,0,0,0.0,0.0,nan,nan,nan,UNKNOWN
24.308,0.0,0.0,0.0,0.0,0.0,0.0,0.0,0.0,0,0,0.0,0.0,nan,nan,nan,UNKNOWN
24.358,0.0,0.0,0.0,0.0,0.0,0.0,0.0,0.0,0,0,0.0,0.0,nan,nan,nan,UNKNOWN
24.408,0.0,0.0,0.0,0.0,0.0,0.0,0.0,0.0,0,0,0.0,0.0,nan,nan,nan,UNKNOWN
24.458,0.0,0.0,0.0,0.0,0.0,0.0,0.0,0.0,0,0,0.0,0.0,nan,nan,nan,UNKNOWN
24.508,0.0,0.0,0.0,0.0,0.0,0.0,0.0,0.0,0,0,0.0,0.0,nan,nan,nan,UNKNOWN
24.558,0.0,0.0,0.0,0.0,0.0,0.0,0.0,0.0,0,0,0.0,0.0,nan,nan,nan,UNKNOWN
24.608,0.0,0.0,0.0,0.0,0.0,0.0,0.0,0.0,0,0,0.0,0.0,nan,nan,nan,UNKNOWN
24.658,0.0,0.0,0.0,0.0,0.0,0.0,0.0,0.0,0,0,0.0,0.0,nan,nan,nan,UNKNOWN
24.708,0.0,0.0,0.0,0.0,0.0,0.0,0.0,0.0,0,0,0.0,0.0,nan,nan,nan,UNKNOWN
24.758,0.0,0.0,0.0,0.0,0.0,0.0,0.0,0.0,0,0,0.0,0.0,nan,nan,nan,UNKNOWN
24.808,0.0,0.0,0.0,0.0,0.0,0.0,0.0,0.0,0,0,0.0,0.0,nan,nan,nan,UNKNOWN
24.858,0.0,0.0,0.0,0.0,0.0,0.0,0.0,0.0,0,0,0.0,0.0,nan,nan,nan,UNKNOWN
24.908,0.0,0.0,0.0,0.0,0.0,0.0,0.0,0.0,0,0,0.0,0.0,nan,nan,nan,UNKNOWN
24.958,0.0,0.0,0.0,0.0,0.0,0.0,0.0,0.0,0,0,0.0,0.0,nan,nan,nan,UNKNOWN
25.008,0.0,0.0,0.0,0.0,0.0,0.0,0.0,0.0,0,0,0.0,0.0,nan,nan,nan,UNKNOWN
25.06,0.0,0.0,0.0,0.0,0.0,0.0,0.0,0.0,0,0,0.0,0.0,nan,nan,nan,UNKNOWN
25.108,0.0,0.0,0.0,0.0,0.0,0.0,0.0,0.0,0,0,0.0,0.0,nan,nan,nan,UNKNOWN
25.158,0.0,0.0,0.0,0.0,0.0,0.0,0.0,0.0,0,0,0.0,0.0,nan,nan,nan,UNKNOWN
25.208,0.0,0.0,0.0,0.0,0.0,0.0,0.0,0.0,0,0,0.0,0.0,nan,nan,nan,UNKNOWN
25.258,0.0,0.0,0.0,0.0,0.0,0.0,0.0,0.0,0,0,0.0,0.0,nan,nan,nan,UNKNOWN
25.308,0.0,0.0,0.0,0.0,0.0,0.0,0.0,0.0,0,0,0.0,0.0,nan,nan,nan,UNKNOWN
25.358,0.0,0.0,0.0,0.0,0.0,0.0,0.0,0.0,0,0,0.0,0.0,nan,nan,nan,UNKNOWN
25.408,0.0,0.0,0.0,0.0,0.0,0.0,0.0,0.0,0,0,0.0,0.0,nan,nan,nan,UNKNOWN
25.458,0.0,0.0,0.0,0.0,0.0,0.0,0.0,0.0,0,0,0.0,0.0,nan,nan,nan,UNKNOWN
25.508,0.0,0.0,0.0,0.0,0.0,0.0,0.0,0.0,0,0,0.0,0.0,nan,nan,nan,UNKNOWN
25.558,0.0,0.0,0.0,0.0,0.0,0.0,0.0,0.0,0,0,0.0,0.0,nan,nan,nan,UNKNOWN
25.608,0.0,0.0,0.0,0.0,0.0,0.0,0.0,0.0,0,0,0.0,0.0,nan,nan,nan,UNKNOWN
25.658,0.0,0.0,0.0,0.0,0.0,0.0,0.0,0.0,0,0,0.0,0.0,nan,nan,nan,UNKNOWN
25.708,0.0,0.0,0.0,0.0,0.0,0.0,0.0,0.0,0,0,0.0,0.0,nan,nan,nan,UNKNOWN
25.758,0.0,0.0,0.0,0.0,0.0,0.0,0.0,0.0,0,0,0.0,0.0,nan,nan,nan,UNKNOWN
25.808,0.0,0.0,0.0,0.0,0.0,0.0,0.0,0.0,0,0,0.0,0.0,nan,nan,nan,UNKNOWN
25.858,0.0,0.0,0.0,0.0,0.0,0.0,0.0,0.0,0,0,0.0,0.0,nan,nan,nan,UNKNOWN
25.908,0.0,0.0,0.0,0.0,0.0,0.0,0.0,0.0,0,0,0.0,0.0,nan,nan,nan,UNKNOWN
25.958,0.0,0.0,0.0,0.0,0.0,0.0,0.0,0.0,0,0,0.0,0.0,nan,nan,nan,UNKNOWN
26.008,0.0,0.0,0.0,0.0,0.0,0.0,0.0,0.0,0,0,0.0,0.0,nan,nan,nan,UNKNOWN
26.06,0.0,0.0,0.0,0.0,0.0,0.0,0.0,0.0,0,0,0.0,0.0,nan,nan,nan,UNKNOWN
26.108,0.0,0.0,0.0,0.0,0.0,0.0,0.0,0.0,0,0,0.0,0.0,nan,nan,nan,UNKNOWN
26.158,0.0,0.0,0.0,0.0,0.0,0.0,0.0,0.0,0,0,0.0,0.0,nan,nan,nan,UNKNOWN
26.208,0.0,0.0,0.0,0.0,0.0,0.0,0.0,0.0,0,0,0.0,0.0,nan,nan,nan,UNKNOWN
26.258,0.0,0.0,0.0,0.0,0.0,0.0,0.0,0.0,0,0,0.0,0.0,nan,nan,nan,UNKNOWN
26.308,0.0,0.0,0.0,0.0,0.0,0.0,0.0,0.0,0,0,0.0,0.0,nan,nan,nan,UNKNOWN
26.358,0.0,0.0,0.0,0.0,0.0,0.0,0.0,0.0,0,0,0.0,0.0,nan,nan,nan,UNKNOWN
26.408,0.0,0.0,0.0,0.0,0.0,0.0,0.0,0.0,0,0,0.0,0.0,nan,nan,nan,UNKNOWN
26.458,0.0,0.0,0.0,0.0,0.0,0.0,0.0,0.0,0,0,0.0,0.0,nan,nan,nan,UNKNOWN
26.508,0.0,0.0,0.0,0.0,0.0,0.0,0.0,0.0,0,0,0.0,0.0,nan,nan,nan,UNKNOWN
26.558,0.0,0.0,0.0,0.0,0.0,0.0,0.0,0.0,0,0,0.0,0.0,nan,nan,nan,UNKNOWN
26.608,0.0,0.0,0.0,0.0,0.0,0.0,0.0,0.0,0,0,0.0,0.0,nan,nan,nan,UNKNOWN
26.658,0.0,0.0,0.0,0.0,0.0,0.0,0.0,0.0,0,0,0.0,0.0,nan,nan,nan,UNKNOWN
26.708,0.0,0.0,0.0,0.0,0.0,0.0,0.0,0.0,0,0,0.0,0.0,nan,nan,nan,UNKNOWN
26.758,0.0,0.0,0.0,0.0,0.0,0.0,0.0,0.0,0,0,0.0,0.0,nan,nan,nan,UNKNOWN
26.808,0.0,0.0,0.0,0.0,0.0,0.0,0.0,0.0,0,0,0.0,0.0,nan,nan,nan,UNKNOWN
26.858,0.0,0.0,0.0,0.0,0.0,0.0,0.0,0.0,0,0,0.0,0.0,nan,nan,nan,UNKNOWN
26.908,0.0,0.0,0.0,0.0,0.0,0.0,0.0,0.0,0,0,0.0,0.0,nan,nan,nan,UNKNOWN
26.958,0.0,0.0,0.0,0.0,0.0,0.0,0.0,0.0,0,0,0.0,0.0,nan,nan,nan,UNKNOWN
27.008,0.0,0.0,0.0,0.0,0.0,0.0,0.0,0.0,0,0,0.0,0.0,nan,nan,nan,UNKNOWN
27.06,0.0,0.0,0.0,0.0,0.0,0.0,0.0,0.0,0,0,0.0,0.0,nan,nan,nan,UNKNOWN
27.108,0.0,0.0,0.0,0.0,0.0,0.0,0.0,0.0,0,0,0.0,0.0,nan,nan,nan,UNKNOWN
27.158,0.0,0.0,0.0,0.0,0.0,0.0,0.0,0.0,0,0,0.0,0.0,nan,nan,nan,UNKNOWN
27.208,0.0,0.0,0.0,0.0,0.0,0.0,0.0,0.0,0,0,0.0,0.0,nan,nan,nan,UNKNOWN
27.258,0.0,0.0,0.0,0.0,0.0,0.0,0.0,0.0,0,0,0.0,0.0,nan,nan,nan,UNKNOWN
27.308,0.0,0.0,0.0,0.0,0.0,0.0,0.0,0.0,0,0,0.0,0.0,nan,nan,nan,UNKNOWN
27.358,0.0,0.0,0.0,0.0,0.0,0.0,0.0,0.0,0,0,0.0,0.0,nan,nan,nan,UNKNOWN
27.408,0.0,0.0,0.0,0.0,0.0,0.0,0.0,0.0,0,0,0.0,0.0,nan,nan,nan,UNKNOWN
27.458,0.0,0.0,0.0,0.0,0.0,0.0,0.0,0.0,0,0,0.0,0.0,nan,nan,nan,UNKNOWN
27.508,0.0,0.0,0.0,0.0,0.0,0.0,0.0,0.0,0,0,0.0,0.0,nan,nan,nan,UNKNOWN
27.558,0.0,0.0,0.0,0.0,0.0,0.0,0.0,0.0,0,0,0.0,0.0,nan,nan,nan,UNKNOWN
27.608,0.0,0.0,0.0,0.0,0.0,0.0,0.0,0.0,0,0,0.0,0.0,nan,nan,nan,UNKNOWN
27.658,0.0,0.0,0.0,0.0,0.0,0.0,0.0,0.0,0,0,0.0,0.0,nan,nan,nan,UNKNOWN
27.708,0.0,0.0,0.0,0.0,0.0,0.0,0.0,0.0,0,0,0.0,0.0,nan,nan,nan,UNKNOWN
27.758,0.0,0.0,0.0,0.0,0.0,0.0,0.0,0.0,0,0,0.0,0.0,nan,nan,nan,UNKNOWN
27.808,0.0,0.0,0.0,0.0,0.0,0.0,0.0,0.0,0,0,0.0,0.0,nan,nan,nan,UNKNOWN
27.858,0.0,0.0,0.0,0.0,0.0,0.0,0.0,0.0,0,0,0.0,0.0,nan,nan,nan,UNKNOWN
27.908,0.0,0.0,0.0,0.0,0.0,0.0,0.0,0.0,0,0,0.0,0.0,nan,nan,nan,UNKNOWN
27.958,0.0,0.0,0.0,0.0,0.0,0.0,0.0,0.0,0,0,0.0,0.0,nan,nan,nan,UNKNOWN
28.008,0.0,0.0,0.0,0.0,0.0,0.0,0.0,0.0,0,0,0.0,0.0,nan,nan,nan,UNKNOWN
28.059,0.0,0.0,0.0,0.0,0.0,0.0,0.0,0.0,0,0,0.0,0.0,nan,nan,nan,UNKNOWN
28.109,0.0,0.0,0.0,0.0,0.0,0.0,0.0,0.0,0,0,0.0,0.0,nan,nan,nan,UNKNOWN
28.158,0.0,0.0,0.0,0.0,0.0,0.0,0.0,0.0,0,0,0.0,0.0,nan,nan,nan,UNKNOWN
28.208,0.0,0.0,0.0,0.0,0.0,0.0,0.0,0.0,0,0,0.0,0.0,nan,nan,nan,UNKNOWN
28.258,0.0,0.0,0.0,0.0,0.0,0.0,0.0,0.0,0,0,0.0,0.0,nan,nan,nan,UNKNOWN
28.308,0.0,0.0,0.0,0.0,0.0,0.0,0.0,0.0,0,0,0.0,0.0,nan,nan,nan,UNKNOWN
28.358,0.0,0.0,0.0,0.0,0.0,0.0,0.0,0.0,0,0,0.0,0.0,nan,nan,nan,UNKNOWN
28.408,0.0,0.0,0.0,0.0,0.0,0.0,0.0,0.0,0,0,0.0,0.0,nan,nan,nan,UNKNOWN
28.458,0.0,0.0,0.0,0.0,0.0,0.0,0.0,0.0,0,0,0.0,0.0,nan,nan,nan,UNKNOWN
28.508,0.0,0.0,0.0,0.0,0.0,0.0,0.0,0.0,0,0,0.0,0.0,nan,nan,nan,UNKNOWN
28.558,0.0,0.0,0.0,0.0,0.0,0.0,0.0,0.0,0,0,0.0,0.0,nan,nan,nan,UNKNOWN
28.608,0.0,0.0,0.0,0.0,0.0,0.0,0.0,0.0,0,0,0.0,0.0,nan,nan,nan,UNKNOWN
28.658,0.0,0.0,0.0,0.0,0.0,0.0,0.0,0.0,0,0,0.0,0.0,nan,nan,nan,UNKNOWN
28.708,0.0,0.0,0.0,0.0,0.0,0.0,0.0,0.0,0,0,0.0,0.0,nan,nan,nan,UNKNOWN
28.758,0.0,0.0,0.0,0.0,0.0,0.0,0.0,0.0,0,0,0.0,0.0,nan,nan,nan,UNKNOWN
28.808,0.0,0.0,0.0,0.0,0.0,0.0,0.0,0.0,0,0,0.0,0.0,nan,nan,nan,UNKNOWN
28.858,0.0,0.0,0.0,0.0,0.0,0.0,0.0,0.0,0,0,0.0,0.0,nan,nan,nan,UNKNOWN
28.908,0.0,0.0,0.0,0.0,0.0,0.0,0.0,0.0,0,0,0.0,0.0,nan,nan,nan,UNKNOWN
28.958,0.0,0.0,0.0,0.0,0.0,0.0,0.0,0.0,0,0,0.0,0.0,nan,nan,nan,UNKNOWN
29.008,0.0,0.0,0.0,0.0,0.0,0.0,0.0,0.0,0,0,0.0,0.0,nan,nan,nan,UNKNOWN
29.06,0.0,0.0,0.0,0.0,0.0,0.0,0.0,0.0,0,0,0.0,0.0,nan,nan,nan,UNKNOWN
29.108,0.0,0.0,0.0,0.0,0.0,0.0,0.0,0.0,0,0,0.0,0.0,nan,nan,nan,UNKNOWN
29.158,0.0,0.0,0.0,0.0,0.0,0.0,0.0,0.0,0,0,0.0,0.0,nan,nan,nan,UNKNOWN
29.208,0.0,0.0,0.0,0.0,0.0,0.0,0.0,0.0,0,0,0.0,0.0,nan,nan,nan,UNKNOWN
29.258,0.0,0.0,0.0,0.0,0.0,0.0,0.0,0.0,0,0,0.0,0.0,nan,nan,nan,UNKNOWN
29.308,0.0,0.0,0.0,0.0,0.0,0.0,0.0,0.0,0,0,0.0,0.0,nan,nan,nan,UNKNOWN
29.358,0.0,0.0,0.0,0.0,0.0,0.0,0.0,0.0,0,0,0.0,0.0,nan,nan,nan,UNKNOWN
29.408,0.0,0.0,0.0,0.0,0.0,0.0,0.0,0.0,0,0,0.0,0.0,nan,nan,nan,UNKNOWN
29.458,0.0,0.0,0.0,0.0,0.0,0.0,0.0,0.0,0,0,0.0,0.0,nan,nan,nan,UNKNOWN
29.508,0.0,0.0,0.0,0.0,0.0,0.0,0.0,0.0,0,0,0.0,0.0,nan,nan,nan,UNKNOWN
29.558,0.0,0.0,0.0,0.0,0.0,0.0,0.0,0.0,0,0,0.0,0.0,nan,nan,nan,UNKNOWN
29.608,0.0,0.0,0.0,0.0,0.0,0.0,0.0,0.0,0,0,0.0,0.0,nan,nan,nan,UNKNOWN
29.658,0.0,0.0,0.0,0.0,0.0,0.0,0.0,0.0,0,0,0.0,0.0,nan,nan,nan,UNKNOWN
29.708,0.0,0.0,0.0,0.0,0.0,0.0,0.0,0.0,0,0,0.0,0.0,nan,nan,nan,UNKNOWN
29.758,0.0,0.0,0.0,0.0,0.0,0.0,0.0,0.0,0,0,0.0,0.0,nan,nan,nan,UNKNOWN
29.808,0.0,0.0,0.0,0.0,0.0,0.0,0.0,0.0,0,0,0.0,0.0,nan,nan,nan,UNKNOWN
29.858,0.0,0.0,0.0,0.0,0.0,0.0,0.0,0.0,0,0,0.0,0.0,nan,nan,nan,UNKNOWN
29.908,0.0,0.0,0.0,0.0,0.0,0.0,0.0,0.0,0,0,0.0,0.0,nan,nan,nan,UNKNOWN
29.958,0.0,0.0,0.0,0.0,0.0,0.0,0.0,0.0,0,0,0.0,0.0,nan,nan,nan,UNKNOWN
30.008,0.0,0.0,0.0,0.0,0.0,0.0,0.0,0.0,0,0,0.0,0.0,nan,nan,nan,UNKNOWN
30.059,0.0,0.0,0.0,0.0,0.0,0.0,0.0,0.0,0,0,0.0,0.0,nan,nan,nan,UNKNOWN
30.108,0.0,0.0,0.0,0.0,0.0,0.0,0.0,0.0,0,0,0.0,0.0,nan,nan,nan,UNKNOWN
30.158,0.0,0.0,0.0,0.0,0.0,0.0,0.0,0.0,0,0,0.0,0.0,nan,nan,nan,UNKNOWN
30.208,0.0,0.0,0.0,0.0,0.0,0.0,0.0,0.0,0,0,0.0,0.0,nan,nan,nan,UNKNOWN
30.258,0.0,0.0,0.0,0.0,0.0,0.0,0.0,0.0,0,0,0.0,0.0,nan,nan,nan,UNKNOWN
30.308,0.0,0.0,0.0,0.0,0.0,0.0,0.0,0.0,0,0,0.0,0.0,nan,nan,nan,UNKNOWN
30.358,0.0,0.0,0.0,0.0,0.0,0.0,0.0,0.0,0,0,0.0,0.0,nan,nan,nan,UNKNOWN
30.408,0.0,0.0,0.0,0.0,0.0,0.0,0.0,0.0,0,0,0.0,0.0,nan,nan,nan,UNKNOWN
30.458,0.0,0.0,0.0,0.0,0.0,0.0,0.0,0.0,0,0,0.0,0.0,nan,nan,nan,UNKNOWN
30.508,0.0,0.0,0.0,0.0,0.0,0.0,0.0,0.0,0,0,0.0,0.0,nan,nan,nan,UNKNOWN
30.558,0.0,0.0,0.0,0.0,0.0,0.0,0.0,0.0,0,0,0.0,0.0,nan,nan,nan,UNKNOWN
30.608,0.0,0.0,0.0,0.0,0.0,0.0,0.0,0.0,0,0,0.0,0.0,nan,nan,nan,UNKNOWN
30.658,0.0,0.0,0.0,0.0,0.0,0.0,0.0,0.0,0,0,0.0,0.0,nan,nan,nan,UNKNOWN
30.708,0.0,0.0,0.0,0.0,0.0,0.0,0.0,0.0,0,0,0.0,0.0,nan,nan,nan,UNKNOWN
30.758,0.0,0.0,0.0,0.0,0.0,0.0,0.0,0.0,0,0,0.0,0.0,nan,nan,nan,UNKNOWN
30.808,0.0,0.0,0.0,0.0,0.0,0.0,0.0,0.0,0,0,0.0,0.0,nan,nan,nan,UNKNOWN
30.858,0.0,0.0,0.0,0.0,0.0,0.0,0.0,0.0,0,0,0.0,0.0,nan,nan,nan,UNKNOWN
30.908,0.0,0.0,0.0,0.0,0.0,0.0,0.0,0.0,0,0,0.0,0.0,nan,nan,nan,UNKNOWN
30.958,0.0,0.0,0.0,0.0,0.0,0.0,0.0,0.0,0,0,0.0,0.0,nan,nan,nan,UNKNOWN
31.008,0.0,0.0,0.0,0.0,0.0,0.0,0.0,0.0,0,0,0.0,0.0,nan,nan,nan,UNKNOWN
31.059,0.0,0.0,0.0,0.0,0.0,0.0,0.0,0.0,0,0,0.0,0.0,nan,nan,nan,UNKNOWN
31.108,0.0,0.0,0.0,0.0,0.0,0.0,0.0,0.0,0,0,0.0,0.0,nan,nan,nan,UNKNOWN
31.158,0.0,0.0,0.0,0.0,0.0,0.0,0.0,0.0,0,0,0.0,0.0,nan,nan,nan,UNKNOWN
31.208,0.0,0.0,0.0,0.0,0.0,0.0,0.0,0.0,0,0,0.0,0.0,nan,nan,nan,UNKNOWN
31.258,0.0,0.0,0.0,0.0,0.0,0.0,0.0,0.0,0,0,0.0,0.0,nan,nan,nan,UNKNOWN
31.308,0.0,0.0,0.0,0.0,0.0,0.0,0.0,0.0,0,0,0.0,0.0,nan,nan,nan,UNKNOWN
31.358,0.0,0.0,0.0,0.0,0.0,0.0,0.0,0.0,0,0,0.0,0.0,nan,nan,nan,UNKNOWN
31.408,0.0,0.0,0.0,0.0,0.0,0.0,0.0,0.0,0,0,0.0,0.0,nan,nan,nan,UNKNOWN
31.458,0.0,0.0,0.0,0.0,0.0,0.0,0.0,0.0,0,0,0.0,0.0,nan,nan,nan,UNKNOWN
31.508,0.0,0.0,0.0,0.0,0.0,0.0,0.0,0.0,0,0,0.0,0.0,nan,nan,nan,UNKNOWN
31.558,0.0,0.0,0.0,0.0,0.0,0.0,0.0,0.0,0,0,0.0,0.0,nan,nan,nan,UNKNOWN
31.608,0.0,0.0,0.0,0.0,0.0,0.0,0.0,0.0,0,0,0.0,0.0,nan,nan,nan,UNKNOWN
31.658,0.0,0.0,0.0,0.0,0.0,0.0,0.0,0.0,0,0,0.0,0.0,nan,nan,nan,UNKNOWN
31.708,0.0,0.0,0.0,0.0,0.0,0.0,0.0,0.0,0,0,0.0,0.0,nan,nan,nan,UNKNOWN
31.758,0.0,0.0,0.0,0.0,0.0,0.0,0.0,0.0,0,0,0.0,0.0,nan,nan,nan,UNKNOWN
31.808,0.0,0.0,0.0,0.0,0.0,0.0,0.0,0.0,0,0,0.0,0.0,nan,nan,nan,UNKNOWN
31.858,0.0,0.0,0.0,0.0,0.0,0.0,0.0,0.0,0,0,0.0,0.0,nan,nan,nan,UNKNOWN
31.908,0.0,0.0,0.0,0.0,0.0,0.0,0.0,0.0,0,0,0.0,0.0,nan,nan,nan,UNKNOWN
31.958,0.0,0.0,0.0,0.0,0.0,0.0,0.0,0.0,0,0,0.0,0.0,nan,nan,nan,UNKNOWN
32.008,0.0,0.0,0.0,0.0,0.0,0.0,0.0,0.0,0,0,0.0,0.0,nan,nan,nan,UNKNOWN
32.06,0.0,0.0,0.0,0.0,0.0,0.0,0.0,0.0,0,0,0.0,0.0,nan,nan,nan,UNKNOWN
32.108,0.0,0.0,0.0,0.0,0.0,0.0,0.0,0.0,0,0,0.0,0.0,nan,nan,nan,UNKNOWN
32.158,0.0,0.0,0.0,0.0,0.0,0.0,0.0,0.0,0,0,0.0,0.0,nan,nan,nan,UNKNOWN
32.208,0.0,0.0,0.0,0.0,0.0,0.0,0.0,0.0,0,0,0.0,0.0,nan,nan,nan,UNKNOWN
32.258,0.0,0.0,0.0,0.0,0.0,0.0,0.0,0.0,0,0,0.0,0.0,nan,nan,nan,UNKNOWN
32.308,0.0,0.0,0.0,0.0,0.0,0.0,0.0,0.0,0,0,0.0,0.0,nan,nan,nan,UNKNOWN
32.358,0.0,0.0,0.0,0.0,0.0,0.0,0.0,0.0,0,0,0.0,0.0,nan,nan,nan,UNKNOWN
32.408,0.0,0.0,0.0,0.0,0.0,0.0,0.0,0.0,0,0,0.0,0.0,nan,nan,nan,UNKNOWN
32.458,0.0,0.0,0.0,0.0,0.0,0.0,0.0,0.0,0,0,0.0,0.0,nan,nan,nan,UNKNOWN
32.508,0.0,0.0,0.0,0.0,0.0,0.0,0.0,0.0,0,0,0.0,0.0,nan,nan,nan,UNKNOWN
32.558,0.0,0.0,0.0,0.0,0.0,0.0,0.0,0.0,0,0,0.0,0.0,nan,nan,nan,UNKNOWN
32.608,0.0,0.0,0.0,0.0,0.0,0.0,0.0,0.0,0,0,0.0,0.0,nan,nan,nan,UNKNOWN
32.658,0.0,0.0,0.0,0.0,0.0,0.0,0.0,0.0,0,0,0.0,0.0,nan,nan,nan,UNKNOWN
32.708,0.0,0.0,0.0,0.0,0.0,0.0,0.0,0.0,0,0,0.0,0.0,nan,nan,nan,UNKNOWN
32.758,0.0,0.0,0.0,0.0,0.0,0.0,0.0,0.0,0,0,0.0,0.0,nan,nan,nan,UNKNOWN
32.808,0.0,0.0,0.0,0.0,0.0,0.0,0.0,0.0,0,0,0.0,0.0,nan,nan,nan,UNKNOWN
32.858,0.0,0.0,0.0,0.0,0.0,0.0,0.0,0.0,0,0,0.0,0.0,nan,nan,nan,UNKNOWN
32.908,0.0,0.0,0.0,0.0,0.0,0.0,0.0,0.0,0,0,0.0,0.0,nan,nan,nan,UNKNOWN
32.958,0.0,0.0,0.0,0.0,0.0,0.0,0.0,0.0,0,0,0.0,0.0,nan,nan,nan,UNKNOWN
33.008,0.0,0.0,0.0,0.0,0.0,0.0,0.0,0.0,0,0,0.0,0.0,nan,nan,nan,UNKNOWN
33.059,0.0,0.0,0.0,0.0,0.0,0.0,0.0,0.0,0,0,0.0,0.0,nan,nan,nan,UNKNOWN
33.109,0.0,0.0,0.0,0.0,0.0,0.0,0.0,0.0,0,0,0.0,0.0,nan,nan,nan,UNKNOWN
33.158,0.0,0.0,0.0,0.0,0.0,0.0,0.0,0.0,0,0,0.0,0.0,nan,nan,nan,UNKNOWN
33.208,0.0,0.0,0.0,0.0,0.0,0.0,0.0,0.0,0,0,0.0,0.0,nan,nan,nan,UNKNOWN
33.258,0.0,0.0,0.0,0.0,0.0,0.0,0.0,0.0,0,0,0.0,0.0,nan,nan,nan,UNKNOWN
33.308,0.0,0.0,0.0,0.0,0.0,0.0,0.0,0.0,0,0,0.0,0.0,nan,nan,nan,UNKNOWN
33.358,0.0,0.0,0.0,0.0,0.0,0.0,0.0,0.0,0,0,0.0,0.0,nan,nan,nan,UNKNOWN
33.408,0.0,0.0,0.0,0.0,0.0,0.0,0.0,0.0,0,0,0.0,0.0,nan,nan,nan,UNKNOWN
33.458,0.0,0.0,0.0,0.0,0.0,0.0,0.0,0.0,0,0,0.0,0.0,nan,nan,nan,UNKNOWN
33.508,0.0,0.0,0.0,0.0,0.0,0.0,0.0,0.0,0,0,0.0,0.0,nan,nan,nan,UNKNOWN
33.558,0.0,0.0,0.0,0.0,0.0,0.0,0.0,0.0,0,0,0.0,0.0,nan,nan,nan,UNKNOWN
33.608,0.0,0.0,0.0,0.0,0.0,0.0,0.0,0.0,0,0,0.0,0.0,nan,nan,nan,UNKNOWN
33.658,0.0,0.0,0.0,0.0,0.0,0.0,0.0,0.0,0,0,0.0,0.0,nan,nan,nan,UNKNOWN
33.708,0.0,0.0,0.0,0.0,0.0,0.0,0.0,0.0,0,0,0.0,0.0,nan,nan,nan,UNKNOWN
33.758,0.0,0.0,0.0,0.0,0.0,0.0,0.0,0.0,0,0,0.0,0.0,nan,nan,nan,UNKNOWN
33.808,0.0,0.0,0.0,0.0,0.0,0.0,0.0,0.0,0,0,0.0,0.0,nan,nan,nan,UNKNOWN
33.858,0.0,0.0,0.0,0.0,0.0,0.0,0.0,0.0,0,0,0.0,0.0,nan,nan,nan,UNKNOWN
33.908,0.0,0.0,0.0,0.0,0.0,0.0,0.0,0.0,0,0,0.0,0.0,nan,nan,nan,UNKNOWN
33.958,0.0,0.0,0.0,0.0,0.0,0.0,0.0,0.0,0,0,0.0,0.0,nan,nan,nan,UNKNOWN
34.008,0.0,0.0,0.0,0.0,0.0,0.0,0.0,0.0,0,0,0.0,0.0,nan,nan,nan,UNKNOWN
34.059,0.0,0.0,0.0,0.0,0.0,0.0,0.0,0.0,0,0,0.0,0.0,nan,nan,nan,UNKNOWN
34.108,0.0,0.0,0.0,0.0,0.0,0.0,0.0,0.0,0,0,0.0,0.0,nan,nan,nan,UNKNOWN
34.158,0.0,0.0,0.0,0.0,0.0,0.0,0.0,0.0,0,0,0.0,0.0,nan,nan,nan,UNKNOWN
34.208,0.0,0.0,0.0,0.0,0.0,0.0,0.0,0.0,0,0,0.0,0.0,nan,nan,nan,UNKNOWN
34.258,0.0,0.0,0.0,0.0,0.0,0.0,0.0,0.0,0,0,0.0,0.0,nan,nan,nan,UNKNOWN
34.308,0.0,0.0,0.0,0.0,0.0,0.0,0.0,0.0,0,0,0.0,0.0,nan,nan,nan,UNKNOWN
34.358,0.0,0.0,0.0,0.0,0.0,0.0,0.0,0.0,0,0,0.0,0.0,nan,nan,nan,UNKNOWN
34.408,0.0,0.0,0.0,0.0,0.0,0.0,0.0,0.0,0,0,0.0,0.0,nan,nan,nan,UNKNOWN
34.458,0.0,0.0,0.0,0.0,0.0,0.0,0.0,0.0,0,0,0.0,0.0,nan,nan,nan,UNKNOWN
34.508,0.0,0.0,0.0,0.0,0.0,0.0,0.0,0.0,0,0,0.0,0.0,nan,nan,nan,UNKNOWN
34.558,0.0,0.0,0.0,0.0,0.0,0.0,0.0,0.0,0,0,0.0,0.0,nan,nan,nan,UNKNOWN
34.608,0.0,0.0,0.0,0.0,0.0,0.0,0.0,0.0,0,0,0.0,0.0,nan,nan,nan,UNKNOWN
34.658,0.0,0.0,0.0,0.0,0.0,0.0,0.0,0.0,0,0,0.0,0.0,nan,nan,nan,UNKNOWN
34.708,0.0,0.0,0.0,0.0,0.0,0.0,0.0,0.0,0,0,0.0,0.0,nan,nan,nan,UNKNOWN
34.758,0.0,0.0,0.0,0.0,0.0,0.0,0.0,0.0,0,0,0.0,0.0,nan,nan,nan,UNKNOWN
34.808,0.0,0.0,0.0,0.0,0.0,0.0,0.0,0.0,0,0,0.0,0.0,nan,nan,nan,UNKNOWN
34.858,0.0,0.0,0.0,0.0,0.0,0.0,0.0,0.0,0,0,0.0,0.0,nan,nan,nan,UNKNOWN
34.908,0.0,0.0,0.0,0.0,0.0,0.0,0.0,0.0,0,0,0.0,0.0,nan,nan,nan,UNKNOWN
34.958,0.0,0.0,0.0,0.0,0.0,0.0,0.0,0.0,0,0,0.0,0.0,nan,nan,nan,UNKNOWN
35.008,0.0,0.0,0.0,0.0,0.0,0.0,0.0,0.0,0,0,0.0,0.0,nan,nan,nan,UNKNOWN
35.06,0.0,0.0,0.0,0.0,0.0,0.0,0.0,0.0,0,0,0.0,0.0,nan,nan,nan,UNKNOWN
35.108,0.0,0.0,0.0,0.0,0.0,0.0,0.0,0.0,0,0,0.0,0.0,nan,nan,nan,UNKNOWN
35.158,0.0,0.0,0.0,0.0,0.0,0.0,0.0,0.0,0,0,0.0,0.0,nan,nan,nan,UNKNOWN
35.208,0.0,0.0,0.0,0.0,0.0,0.0,0.0,0.0,0,0,0.0,0.0,nan,nan,nan,UNKNOWN
35.258,0.0,0.0,0.0,0.0,0.0,0.0,0.0,0.0,0,0,0.0,0.0,nan,nan,nan,UNKNOWN
35.308,0.0,0.0,0.0,0.0,0.0,0.0,0.0,0.0,0,0,0.0,0.0,nan,nan,nan,UNKNOWN
35.358,0.0,0.0,0.0,0.0,0.0,0.0,0.0,0.0,0,0,0.0,0.0,nan,nan,nan,UNKNOWN
35.408,0.0,0.0,0.0,0.0,0.0,0.0,0.0,0.0,0,0,0.0,0.0,nan,nan,nan,UNKNOWN
35.458,0.0,0.0,0.0,0.0,0.0,0.0,0.0,0.0,0,0,0.0,0.0,nan,nan,nan,UNKNOWN
35.508,0.0,0.0,0.0,0.0,0.0,0.0,0.0,0.0,0,0,0.0,0.0,nan,nan,nan,UNKNOWN
35.558,0.0,0.0,0.0,0.0,0.0,0.0,0.0,0.0,0,0,0.0,0.0,nan,nan,nan,UNKNOWN
35.608,0.0,0.0,0.0,0.0,0.0,0.0,0.0,0.0,0,0,0.0,0.0,nan,nan,nan,UNKNOWN
35.658,0.0,0.0,0.0,0.0,0.0,0.0,0.0,0.0,0,0,0.0,0.0,nan,nan,nan,UNKNOWN
35.708,0.0,0.0,0.0,0.0,0.0,0.0,0.0,0.0,0,0,0.0,0.0,nan,nan,nan,UNKNOWN
35.758,0.0,0.0,0.0,0.0,0.0,0.0,0.0,0.0,0,0,0.0,0.0,nan,nan,nan,UNKNOWN
35.808,0.0,0.0,0.0,0.0,0.0,0.0,0.0,0.0,0,0,0.0,0.0,nan,nan,nan,UNKNOWN
35.858,0.0,0.0,0.0,0.0,0.0,0.0,0.0,0.0,0,0,0.0,0.0,nan,nan,nan,UNKNOWN
35.908,0.0,0.0,0.0,0.0,0.0,0.0,0.0,0.0,0,0,0.0,0.0,nan,nan,nan,UNKNOWN
35.958,0.0,0.0,0.0,0.0,0.0,0.0,0.0,0.0,0,0,0.0,0.0,nan,nan,nan,UNKNOWN
36.008,0.0,0.0,0.0,0.0,0.0,0.0,0.0,0.0,0,0,0.0,0.0,nan,nan,nan,UNKNOWN
36.06,0.0,0.0,0.0,0.0,0.0,0.0,0.0,0.0,0,0,0.0,0.0,nan,nan,nan,UNKNOWN
36.108,0.0,0.0,0.0,0.0,0.0,0.0,0.0,0.0,0,0,0.0,0.0,nan,nan,nan,UNKNOWN
36.158,0.0,0.0,0.0,0.0,0.0,0.0,0.0,0.0,0,0,0.0,0.0,nan,nan,nan,UNKNOWN
36.208,0.0,0.0,0.0,0.0,0.0,0.0,0.0,0.0,0,0,0.0,0.0,nan,nan,nan,UNKNOWN
36.258,0.0,0.0,0.0,0.0,0.0,0.0,0.0,0.0,0,0,0.0,0.0,nan,nan,nan,UNKNOWN
36.308,0.0,0.0,0.0,0.0,0.0,0.0,0.0,0.0,0,0,0.0,0.0,nan,nan,nan,UNKNOWN
36.358,0.0,0.0,0.0,0.0,0.0,0.0,0.0,0.0,0,0,0.0,0.0,nan,nan,nan,UNKNOWN
36.408,0.0,0.0,0.0,0.0,0.0,0.0,0.0,0.0,0,0,0.0,0.0,nan,nan,nan,UNKNOWN
36.458,0.0,0.0,0.0,0.0,0.0,0.0,0.0,0.0,0,0,0.0,0.0,nan,nan,nan,UNKNOWN
36.508,0.0,0.0,0.0,0.0,0.0,0.0,0.0,0.0,0,0,0.0,0.0,nan,nan,nan,UNKNOWN
36.558,0.0,0.0,0.0,0.0,0.0,0.0,0.0,0.0,0,0,0.0,0.0,nan,nan,nan,UNKNOWN
36.608,0.0,0.0,0.0,0.0,0.0,0.0,0.0,0.0,0,0,0.0,0.0,nan,nan,nan,UNKNOWN
36.658,0.0,0.0,0.0,0.0,0.0,0.0,0.0,0.0,0,0,0.0,0.0,nan,nan,nan,UNKNOWN
36.708,0.0,0.0,0.0,0.0,0.0,0.0,0.0,0.0,0,0,0.0,0.0,nan,nan,nan,UNKNOWN
36.758,0.0,0.0,0.0,0.0,0.0,0.0,0.0,0.0,0,0,0.0,0.0,nan,nan,nan,UNKNOWN
36.808,0.0,0.0,0.0,0.0,0.0,0.0,0.0,0.0,0,0,0.0,0.0,nan,nan,nan,UNKNOWN
36.858,0.0,0.0,0.0,0.0,0.0,0.0,0.0,0.0,0,0,0.0,0.0,nan,nan,nan,UNKNOWN
36.908,0.0,0.0,0.0,0.0,0.0,0.0,0.0,0.0,0,0,0.0,0.0,nan,nan,nan,UNKNOWN
36.958,0.0,0.0,0.0,0.0,0.0,0.0,0.0,0.0,0,0,0.0,0.0,nan,nan,nan,UNKNOWN
37.008,0.0,0.0,0.0,0.0,0.0,0.0,0.0,0.0,0,0,0.0,0.0,nan,nan,nan,UNKNOWN
37.059,0.0,0.0,0.0,0.0,0.0,0.0,0.0,0.0,0,0,0.0,0.0,nan,nan,nan,UNKNOWN
37.108,0.0,0.0,0.0,0.0,0.0,0.0,0.0,0.0,0,0,0.0,0.0,nan,nan,nan,UNKNOWN
37.158,0.0,0.0,0.0,0.0,0.0,0.0,0.0,0.0,0,0,0.0,0.0,nan,nan,nan,UNKNOWN
37.208,0.0,0.0,0.0,0.0,0.0,0.0,0.0,0.0,0,0,0.0,0.0,nan,nan,nan,UNKNOWN
37.258,0.0,0.0,0.0,0.0,0.0,0.0,0.0,0.0,0,0,0.0,0.0,nan,nan,nan,UNKNOWN
37.308,0.0,0.0,0.0,0.0,0.0,0.0,0.0,0.0,0,0,0.0,0.0,nan,nan,nan,UNKNOWN
37.358,0.0,0.0,0.0,0.0,0.0,0.0,0.0,0.0,0,0,0.0,0.0,nan,nan,nan,UNKNOWN
37.408,0.0,0.0,0.0,0.0,0.0,0.0,0.0,0.0,0,0,0.0,0.0,nan,nan,nan,UNKNOWN
37.458,0.0,0.0,0.0,0.0,0.0,0.0,0.0,0.0,0,0,0.0,0.0,nan,nan,nan,UNKNOWN
37.508,0.0,0.0,0.0,0.0,0.0,0.0,0.0,0.0,0,0,0.0,0.0,nan,nan,nan,UNKNOWN
37.558,0.0,0.0,0.0,0.0,0.0,0.0,0.0,0.0,0,0,0.0,0.0,nan,nan,nan,UNKNOWN
37.608,0.0,0.0,0.0,0.0,0.0,0.0,0.0,0.0,0,0,0.0,0.0,nan,nan,nan,UNKNOWN
37.658,0.0,0.0,0.0,0.0,0.0,0.0,0.0,0.0,0,0,0.0,0.0,nan,nan,nan,UNKNOWN
37.708,0.0,0.0,0.0,0.0,0.0,0.0,0.0,0.0,0,0,0.0,0.0,nan,nan,nan,UNKNOWN
37.758,0.0,0.0,0.0,0.0,0.0,0.0,0.0,0.0,0,0,0.0,0.0,nan,nan,nan,UNKNOWN
37.808,0.0,0.0,0.0,0.0,0.0,0.0,0.0,0.0,0,0,0.0,0.0,nan,nan,nan,UNKNOWN
37.858,0.0,0.0,0.0,0.0,0.0,0.0,0.0,0.0,0,0,0.0,0.0,nan,nan,nan,UNKNOWN
37.908,0.0,0.0,0.0,0.0,0.0,0.0,0.0,0.0,0,0,0.0,0.0,nan,nan,nan,UNKNOWN
37.958,0.0,0.0,0.0,0.0,0.0,0.0,0.0,0.0,0,0,0.0,0.0,nan,nan,nan,UNKNOWN
38.008,0.0,0.0,0.0,0.0,0.0,0.0,0.0,0.0,0,0,0.0,0.0,nan,nan,nan,UNKNOWN
38.059,0.0,0.0,0.0,0.0,0.0,0.0,0.0,0.0,0,0,0.0,0.0,nan,nan,nan,UNKNOWN
38.108,0.0,0.0,0.0,0.0,0.0,0.0,0.0,0.0,0,0,0.0,0.0,nan,nan,nan,UNKNOWN
38.158,0.0,0.0,0.0,0.0,0.0,0.0,0.0,0.0,0,0,0.0,0.0,nan,nan,nan,UNKNOWN
38.208,0.0,0.0,0.0,0.0,0.0,0.0,0.0,0.0,0,0,0.0,0.0,nan,nan,nan,UNKNOWN
38.258,0.0,0.0,0.0,0.0,0.0,0.0,0.0,0.0,0,0,0.0,0.0,nan,nan,nan,UNKNOWN
38.308,0.0,0.0,0.0,0.0,0.0,0.0,0.0,0.0,0,0,0.0,0.0,nan,nan,nan,UNKNOWN
38.358,0.0,0.0,0.0,0.0,0.0,0.0,0.0,0.0,0,0,0.0,0.0,nan,nan,nan,UNKNOWN
38.408,0.0,0.0,0.0,0.0,0.0,0.0,0.0,0.0,0,0,0.0,0.0,nan,nan,nan,UNKNOWN
38.458,0.0,0.0,0.0,0.0,0.0,0.0,0.0,0.0,0,0,0.0,0.0,nan,nan,nan,UNKNOWN
38.508,0.0,0.0,0.0,0.0,0.0,0.0,0.0,0.0,0,0,0.0,0.0,nan,nan,nan,UNKNOWN
38.558,0.0,0.0,0.0,0.0,0.0,0.0,0.0,0.0,0,0,0.0,0.0,nan,nan,nan,UNKNOWN
38.608,0.0,0.0,0.0,0.0,0.0,0.0,0.0,0.0,0,0,0.0,0.0,nan,nan,nan,UNKNOWN
38.658,0.0,0.0,0.0,0.0,0.0,0.0,0.0,0.0,0,0,0.0,0.0,nan,nan,nan,UNKNOWN
38.708,0.0,0.0,0.0,0.0,0.0,0.0,0.0,0.0,0,0,0.0,0.0,nan,nan,nan,UNKNOWN
38.758,0.0,0.0,0.0,0.0,0.0,0.0,0.0,0.0,0,0,0.0,0.0,nan,nan,nan,UNKNOWN
38.808,0.0,0.0,0.0,0.0,0.0,0.0,0.0,0.0,0,0,0.0,0.0,nan,nan,nan,UNKNOWN
38.858,0.0,0.0,0.0,0.0,0.0,0.0,0.0,0.0,0,0,0.0,0.0,nan,nan,nan,UNKNOWN
38.908,0.0,0.0,0.0,0.0,0.0,0.0,0.0,0.0,0,0,0.0,0.0,nan,nan,nan,UNKNOWN
38.958,0.0,0.0,0.0,0.0,0.0,0.0,0.0,0.0,0,0,0.0,0.0,nan,nan,nan,UNKNOWN
39.008,0.0,0.0,0.0,0.0,0.0,0.0,0.0,0.0,0,0,0.0,0.0,nan,nan,nan,UNKNOWN
39.059,0.0,0.0,0.0,0.0,0.0,0.0,0.0,0.0,0,0,0.0,0.0,nan,nan,nan,UNKNOWN
39.108,0.0,0.0,0.0,0.0,0.0,0.0,0.0,0.0,0,0,0.0,0.0,nan,nan,nan,UNKNOWN
39.158,0.0,0.0,0.0,0.0,0.0,0.0,0.0,0.0,0,0,0.0,0.0,nan,nan,nan,UNKNOWN
39.208,0.0,0.0,0.0,0.0,0.0,0.0,0.0,0.0,0,0,0.0,0.0,nan,nan,nan,UNKNOWN
39.258,0.0,0.0,0.0,0.0,0.0,0.0,0.0,0.0,0,0,0.0,0.0,nan,nan,nan,UNKNOWN
39.308,0.0,0.0,0.0,0.0,0.0,0.0,0.0,0.0,0,0,0.0,0.0,nan,nan,nan,UNKNOWN
39.358,0.0,0.0,0.0,0.0,0.0,0.0,0.0,0.0,0,0,0.0,0.0,nan,nan,nan,UNKNOWN
39.408,0.0,0.0,0.0,0.0,0.0,0.0,0.0,0.0,0,0,0.0,0.0,nan,nan,nan,UNKNOWN
39.458,0.0,0.0,0.0,0.0,0.0,0.0,0.0,0.0,0,0,0.0,0.0,nan,nan,nan,UNKNOWN
39.508,0.0,0.0,0.0,0.0,0.0,0.0,0.0,0.0,0,0,0.0,0.0,nan,nan,nan,UNKNOWN
39.558,0.0,0.0,0.0,0.0,0.0,0.0,0.0,0.0,0,0,0.0,0.0,nan,nan,nan,UNKNOWN
39.608,0.0,0.0,0.0,0.0,0.0,0.0,0.0,0.0,0,0,0.0,0.0,nan,nan,nan,UNKNOWN
39.658,0.0,0.0,0.0,0.0,0.0,0.0,0.0,0.0,0,0,0.0,0.0,nan,nan,nan,UNKNOWN
39.708,0.0,0.0,0.0,0.0,0.0,0.0,0.0,0.0,0,0,0.0,0.0,nan,nan,nan,UNKNOWN
39.758,0.0,0.0,0.0,0.0,0.0,0.0,0.0,0.0,0,0,0.0,0.0,nan,nan,nan,UNKNOWN
39.808,0.0,0.0,0.0,0.0,0.0,0.0,0.0,0.0,0,0,0.0,0.0,nan,nan,nan,UNKNOWN
39.858,0.0,0.0,0.0,0.0,0.0,0.0,0.0,0.0,0,0,0.0,0.0,nan,nan,nan,UNKNOWN
39.908,0.0,0.0,0.0,0.0,0.0,0.0,0.0,0.0,0,0,0.0,0.0,nan,nan,nan,UNKNOWN
39.958,0.0,0.0,0.0,0.0,0.0,0.0,0.0,0.0,0,0,0.0,0.0,nan,nan,nan,UNKNOWN
40.008,0.0,0.0,0.0,0.0,0.0,0.0,0.0,0.0,0,0,0.0,0.0,nan,nan,nan,UNKNOWN
40.059,0.0,0.0,0.0,0.0,0.0,0.0,0.0,0.0,0,0,0.0,0.0,nan,nan,nan,UNKNOWN
40.108,0.0,0.0,0.0,0.0,0.0,0.0,0.0,0.0,0,0,0.0,0.0,nan,nan,nan,UNKNOWN
40.158,0.0,0.0,0.0,0.0,0.0,0.0,0.0,0.0,0,0,0.0,0.0,nan,nan,nan,UNKNOWN
40.208,0.0,0.0,0.0,0.0,0.0,0.0,0.0,0.0,0,0,0.0,0.0,nan,nan,nan,UNKNOWN
40.258,0.0,0.0,0.0,0.0,0.0,0.0,0.0,0.0,0,0,0.0,0.0,nan,nan,nan,UNKNOWN
40.308,0.0,0.0,0.0,0.0,0.0,0.0,0.0,0.0,0,0,0.0,0.0,nan,nan,nan,UNKNOWN
40.358,0.0,0.0,0.0,0.0,0.0,0.0,0.0,0.0,0,0,0.0,0.0,nan,nan,nan,UNKNOWN
40.408,0.0,0.0,0.0,0.0,0.0,0.0,0.0,0.0,0,0,0.0,0.0,nan,nan,nan,UNKNOWN
40.458,0.0,0.0,0.0,0.0,0.0,0.0,0.0,0.0,0,0,0.0,0.0,nan,nan,nan,UNKNOWN
40.508,0.0,0.0,0.0,0.0,0.0,0.0,0.0,0.0,0,0,0.0,0.0,nan,nan,nan,UNKNOWN
40.558,0.0,0.0,0.0,0.0,0.0,0.0,0.0,0.0,0,0,0.0,0.0,nan,nan,nan,UNKNOWN
40.608,0.0,0.0,0.0,0.0,0.0,0.0,0.0,0.0,0,0,0.0,0.0,nan,nan,nan,UNKNOWN
40.658,0.0,0.0,0.0,0.0,0.0,0.0,0.0,0.0,0,0,0.0,0.0,nan,nan,nan,UNKNOWN
40.708,0.0,0.0,0.0,0.0,0.0,0.0,0.0,0.0,0,0,0.0,0.0,nan,nan,nan,UNKNOWN
40.758,0.0,0.0,0.0,0.0,0.0,0.0,0.0,0.0,0,0,0.0,0.0,nan,nan,nan,UNKNOWN
40.808,0.0,0.0,0.0,0.0,0.0,0.0,0.0,0.0,0,0,0.0,0.0,nan,nan,nan,UNKNOWN
40.858,0.0,0.0,0.0,0.0,0.0,0.0,0.0,0.0,0,0,0.0,0.0,nan,nan,nan,UNKNOWN
40.908,0.0,0.0,0.0,0.0,0.0,0.0,0.0,0.0,0,0,0.0,0.0,nan,nan,nan,UNKNOWN
40.958,0.0,0.0,0.0,0.0,0.0,0.0,0.0,0.0,0,0,0.0,0.0,nan,nan,nan,UNKNOWN
41.008,0.0,0.0,0.0,0.0,0.0,0.0,0.0,0.0,0,0,0.0,0.0,nan,nan,nan,UNKNOWN
41.059,0.0,0.0,0.0,0.0,0.0,0.0,0.0,0.0,0,0,0.0,0.0,nan,nan,nan,UNKNOWN
41.108,0.0,0.0,0.0,0.0,0.0,0.0,0.0,0.0,0,0,0.0,0.0,nan,nan,nan,UNKNOWN
41.158,0.0,0.0,0.0,0.0,0.0,0.0,0.0,0.0,0,0,0.0,0.0,nan,nan,nan,UNKNOWN
41.208,0.0,0.0,0.0,0.0,0.0,0.0,0.0,0.0,0,0,0.0,0.0,nan,nan,nan,UNKNOWN
41.258,0.0,0.0,0.0,0.0,0.0,0.0,0.0,0.0,0,0,0.0,0.0,nan,nan,nan,UNKNOWN
41.308,0.0,0.0,0.0,0.0,0.0,0.0,0.0,0.0,0,0,0.0,0.0,nan,nan,nan,UNKNOWN
41.358,0.0,0.0,0.0,0.0,0.0,0.0,0.0,0.0,0,0,0.0,0.0,nan,nan,nan,UNKNOWN
41.408,0.0,0.0,0.0,0.0,0.0,0.0,0.0,0.0,0,0,0.0,0.0,nan,nan,nan,UNKNOWN
41.458,0.0,0.0,0.0,0.0,0.0,0.0,0.0,0.0,0,0,0.0,0.0,nan,nan,nan,UNKNOWN
41.508,0.0,0.0,0.0,0.0,0.0,0.0,0.0,0.0,0,0,0.0,0.0,nan,nan,nan,UNKNOWN
41.558,0.0,0.0,0.0,0.0,0.0,0.0,0.0,0.0,0,0,0.0,0.0,nan,nan,nan,UNKNOWN
41.608,0.0,0.0,0.0,0.0,0.0,0.0,0.0,0.0,0,0,0.0,0.0,nan,nan,nan,UNKNOWN
41.658,0.0,0.0,0.0,0.0,0.0,0.0,0.0,0.0,0,0,0.0,0.0,nan,nan,nan,UNKNOWN
41.708,0.0,0.0,0.0,0.0,0.0,0.0,0.0,0.0,0,0,0.0,0.0,nan,nan,nan,UNKNOWN
41.758,0.0,0.0,0.0,0.0,0.0,0.0,0.0,0.0,0,0,0.0,0.0,nan,nan,nan,UNKNOWN
41.808,0.0,0.0,0.0,0.0,0.0,0.0,0.0,0.0,0,0,0.0,0.0,nan,nan,nan,UNKNOWN
41.858,0.0,0.0,0.0,0.0,0.0,0.0,0.0,0.0,0,0,0.0,0.0,nan,nan,nan,UNKNOWN
41.908,0.0,0.0,0.0,0.0,0.0,0.0,0.0,0.0,0,0,0.0,0.0,nan,nan,nan,UNKNOWN
41.958,0.0,0.0,0.0,0.0,0.0,0.0,0.0,0.0,0,0,0.0,0.0,nan,nan,nan,UNKNOWN
42.008,0.0,0.0,0.0,0.0,0.0,0.0,0.0,0.0,0,0,0.0,0.0,nan,nan,nan,UNKNOWN
42.06,0.0,0.0,0.0,0.0,0.0,0.0,0.0,0.0,0,0,0.0,0.0,nan,nan,nan,UNKNOWN
42.108,0.0,0.0,0.0,0.0,0.0,0.0,0.0,0.0,0,0,0.0,0.0,nan,nan,nan,UNKNOWN
42.158,0.0,0.0,0.0,0.0,0.0,0.0,0.0,0.0,0,0,0.0,0.0,nan,nan,nan,UNKNOWN
42.208,0.0,0.0,0.0,0.0,0.0,0.0,0.0,0.0,0,0,0.0,0.0,nan,nan,nan,UNKNOWN
42.258,0.0,0.0,0.0,0.0,0.0,0.0,0.0,0.0,0,0,0.0,0.0,nan,nan,nan,UNKNOWN
42.308,0.0,0.0,0.0,0.0,0.0,0.0,0.0,0.0,0,0,0.0,0.0,nan,nan,nan,UNKNOWN
42.358,0.0,0.0,0.0,0.0,0.0,0.0,0.0,0.0,0,0,0.0,0.0,nan,nan,nan,UNKNOWN
42.408,0.0,0.0,0.0,0.0,0.0,0.0,0.0,0.0,0,0,0.0,0.0,nan,nan,nan,UNKNOWN
42.458,0.0,0.0,0.0,0.0,0.0,0.0,0.0,0.0,0,0,0.0,0.0,nan,nan,nan,UNKNOWN
42.508,0.0,0.0,0.0,0.0,0.0,0.0,0.0,0.0,0,0,0.0,0.0,nan,nan,nan,UNKNOWN
42.558,0.0,0.0,0.0,0.0,0.0,0.0,0.0,0.0,0,0,0.0,0.0,nan,nan,nan,UNKNOWN
42.608,0.0,0.0,0.0,0.0,0.0,0.0,0.0,0.0,0,0,0.0,0.0,nan,nan,nan,UNKNOWN
42.658,0.0,0.0,0.0,0.0,0.0,0.0,0.0,0.0,0,0,0.0,0.0,nan,nan,nan,UNKNOWN
42.708,0.0,0.0,0.0,0.0,0.0,0.0,0.0,0.0,0,0,0.0,0.0,nan,nan,nan,UNKNOWN
42.758,0.0,0.0,0.0,0.0,0.0,0.0,0.0,0.0,0,0,0.0,0.0,nan,nan,nan,UNKNOWN
42.808,0.0,0.0,0.0,0.0,0.0,0.0,0.0,0.0,0,0,0.0,0.0,nan,nan,nan,UNKNOWN
42.858,0.0,0.0,0.0,0.0,0.0,0.0,0.0,0.0,0,0,0.0,0.0,nan,nan,nan,UNKNOWN
42.908,0.0,0.0,0.0,0.0,0.0,0.0,0.0,0.0,0,0,0.0,0.0,nan,nan,nan,UNKNOWN
42.958,0.0,0.0,0.0,0.0,0.0,0.0,0.0,0.0,0,0,0.0,0.0,nan,nan,nan,UNKNOWN
43.008,0.0,0.0,0.0,0.0,0.0,0.0,0.0,0.0,0,0,0.0,0.0,nan,nan,nan,UNKNOWN
43.06,0.0,0.0,0.0,0.0,0.0,0.0,0.0,0.0,0,0,0.0,0.0,nan,nan,nan,UNKNOWN
43.108,0.0,0.0,0.0,0.0,0.0,0.0,0.0,0.0,0,0,0.0,0.0,nan,nan,nan,UNKNOWN
43.158,0.0,0.0,0.0,0.0,0.0,0.0,0.0,0.0,0,0,0.0,0.0,nan,nan,nan,UNKNOWN
43.208,0.0,0.0,0.0,0.0,0.0,0.0,0.0,0.0,0,0,0.0,0.0,nan,nan,nan,UNKNOWN
43.258,0.0,0.0,0.0,0.0,0.0,0.0,0.0,0.0,0,0,0.0,0.0,nan,nan,nan,UNKNOWN
43.308,0.0,0.0,0.0,0.0,0.0,0.0,0.0,0.0,0,0,0.0,0.0,nan,nan,nan,UNKNOWN
43.358,0.0,0.0,0.0,0.0,0.0,0.0,0.0,0.0,0,0,0.0,0.0,nan,nan,nan,UNKNOWN
43.408,0.0,0.0,0.0,0.0,0.0,0.0,0.0,0.0,0,0,0.0,0.0,nan,nan,nan,UNKNOWN
43.458,0.0,0.0,0.0,0.0,0.0,0.0,0.0,0.0,0,0,0.0,0.0,nan,nan,nan,UNKNOWN
43.508,0.0,0.0,0.0,0.0,0.0,0.0,0.0,0.0,0,0,0.0,0.0,nan,nan,nan,UNKNOWN
43.558,0.0,0.0,0.0,0.0,0.0,0.0,0.0,0.0,0,0,0.0,0.0,nan,nan,nan,UNKNOWN
43.608,0.0,0.0,0.0,0.0,0.0,0.0,0.0,0.0,0,0,0.0,0.0,nan,nan,nan,UNKNOWN
43.658,0.0,0.0,0.0,0.0,0.0,0.0,0.0,0.0,0,0,0.0,0.0,nan,nan,nan,UNKNOWN
43.708,0.0,0.0,0.0,0.0,0.0,0.0,0.0,0.0,0,0,0.0,0.0,nan,nan,nan,UNKNOWN
43.758,0.0,0.0,0.0,0.0,0.0,0.0,0.0,0.0,0,0,0.0,0.0,nan,nan,nan,UNKNOWN
43.808,0.0,0.0,0.0,0.0,0.0,0.0,0.0,0.0,0,0,0.0,0.0,nan,nan,nan,UNKNOWN
43.858,0.0,0.0,0.0,0.0,0.0,0.0,0.0,0.0,0,0,0.0,0.0,nan,nan,nan,UNKNOWN
43.908,0.0,0.0,0.0,0.0,0.0,0.0,0.0,0.0,0,0,0.0,0.0,nan,nan,nan,UNKNOWN
43.958,0.0,0.0,0.0,0.0,0.0,0.0,0.0,0.0,0,0,0.0,0.0,nan,nan,nan,UNKNOWN
44.008,0.0,0.0,0.0,0.0,0.0,0.0,0.0,0.0,0,0,0.0,0.0,nan,nan,nan,UNKNOWN
44.06,0.0,0.0,0.0,0.0,0.0,0.0,0.0,0.0,0,0,0.0,0.0,nan,nan,nan,UNKNOWN
44.108,0.0,0.0,0.0,0.0,0.0,0.0,0.0,0.0,0,0,0.0,0.0,nan,nan,nan,UNKNOWN
44.158,0.0,0.0,0.0,0.0,0.0,0.0,0.0,0.0,0,0,0.0,0.0,nan,nan,nan,UNKNOWN
44.208,0.0,0.0,0.0,0.0,0.0,0.0,0.0,0.0,0,0,0.0,0.0,nan,nan,nan,UNKNOWN
44.258,0.0,0.0,0.0,0.0,0.0,0.0,0.0,0.0,0,0,0.0,0.0,nan,nan,nan,UNKNOWN
44.308,0.0,0.0,0.0,0.0,0.0,0.0,0.0,0.0,0,0,0.0,0.0,nan,nan,nan,UNKNOWN
44.358,0.0,0.0,0.0,0.0,0.0,0.0,0.0,0.0,0,0,0.0,0.0,nan,nan,nan,UNKNOWN
44.408,0.0,0.0,0.0,0.0,0.0,0.0,0.0,0.0,0,0,0.0,0.0,nan,nan,nan,UNKNOWN
44.458,0.0,0.0,0.0,0.0,0.0,0.0,0.0,0.0,0,0,0.0,0.0,nan,nan,nan,UNKNOWN
44.508,0.0,0.0,0.0,0.0,0.0,0.0,0.0,0.0,0,0,0.0,0.0,nan,nan,nan,UNKNOWN
44.558,0.0,0.0,0.0,0.0,0.0,0.0,0.0,0.0,0,0,0.0,0.0,nan,nan,nan,UNKNOWN
44.608,0.0,0.0,0.0,0.0,0.0,0.0,0.0,0.0,0,0,0.0,0.0,nan,nan,nan,UNKNOWN
44.658,0.0,0.0,0.0,0.0,0.0,0.0,0.0,0.0,0,0,0.0,0.0,nan,nan,nan,UNKNOWN
44.708,0.0,0.0,0.0,0.0,0.0,0.0,0.0,0.0,0,0,0.0,0.0,nan,nan,nan,UNKNOWN
44.758,0.0,0.0,0.0,0.0,0.0,0.0,0.0,0.0,0,0,0.0,0.0,nan,nan,nan,UNKNOWN
44.808,0.0,0.0,0.0,0.0,0.0,0.0,0.0,0.0,0,0,0.0,0.0,nan,nan,nan,UNKNOWN
44.858,0.0,0.0,0.0,0.0,0.0,0.0,0.0,0.0,0,0,0.0,0.0,nan,nan,nan,UNKNOWN
44.908,0.0,0.0,0.0,0.0,0.0,0.0,0.0,0.0,0,0,0.0,0.0,nan,nan,nan,UNKNOWN
44.958,0.0,0.0,0.0,0.0,0.0,0.0,0.0,0.0,0,0,0.0,0.0,nan,nan,nan,UNKNOWN
45.008,0.0,0.0,0.0,0.0,0.0,0.0,0.0,0.0,0,0,0.0,0.0,nan,nan,nan,UNKNOWN
45.059,0.0,0.0,0.0,0.0,0.0,0.0,0.0,0.0,0,0,0.0,0.0,nan,nan,nan,UNKNOWN
45.108,0.0,0.0,0.0,0.0,0.0,0.0,0.0,0.0,0,0,0.0,0.0,nan,nan,nan,UNKNOWN
45.158,0.0,0.0,0.0,0.0,0.0,0.0,0.0,0.0,0,0,0.0,0.0,nan,nan,nan,UNKNOWN
45.208,0.0,0.0,0.0,0.0,0.0,0.0,0.0,0.0,0,0,0.0,0.0,nan,nan,nan,UNKNOWN
45.258,0.0,0.0,0.0,0.0,0.0,0.0,0.0,0.0,0,0,0.0,0.0,nan,nan,nan,UNKNOWN
45.308,0.0,0.0,0.0,0.0,0.0,0.0,0.0,0.0,0,0,0.0,0.0,nan,nan,nan,UNKNOWN
45.358,0.0,0.0,0.0,0.0,0.0,0.0,0.0,0.0,0,0,0.0,0.0,nan,nan,nan,UNKNOWN
45.408,0.0,0.0,0.0,0.0,0.0,0.0,0.0,0.0,0,0,0.0,0.0,nan,nan,nan,UNKNOWN
45.458,0.0,0.0,0.0,0.0,0.0,0.0,0.0,0.0,0,0,0.0,0.0,nan,nan,nan,UNKNOWN
45.508,0.0,0.0,0.0,0.0,0.0,0.0,0.0,0.0,0,0,0.0,0.0,nan,nan,nan,UNKNOWN
45.558,0.0,0.0,0.0,0.0,0.0,0.0,0.0,0.0,0,0,0.0,0.0,nan,nan,nan,UNKNOWN
45.608,0.0,0.0,0.0,0.0,0.0,0.0,0.0,0.0,0,0,0.0,0.0,nan,nan,nan,UNKNOWN
45.658,0.0,0.0,0.0,0.0,0.0,0.0,0.0,0.0,0,0,0.0,0.0,nan,nan,nan,UNKNOWN
45.708,0.0,0.0,0.0,0.0,0.0,0.0,0.0,0.0,0,0,0.0,0.0,nan,nan,nan,UNKNOWN
45.758,0.0,0.0,0.0,0.0,0.0,0.0,0.0,0.0,0,0,0.0,0.0,nan,nan,nan,UNKNOWN
45.808,0.0,0.0,0.0,0.0,0.0,0.0,0.0,0.0,0,0,0.0,0.0,nan,nan,nan,UNKNOWN
45.858,0.0,0.0,0.0,0.0,0.0,0.0,0.0,0.0,0,0,0.0,0.0,nan,nan,nan,UNKNOWN
45.908,0.0,0.0,0.0,0.0,0.0,0.0,0.0,0.0,0,0,0.0,0.0,nan,nan,nan,UNKNOWN
45.958,0.0,0.0,0.0,0.0,0.0,0.0,0.0,0.0,0,0,0.0,0.0,nan,nan,nan,UNKNOWN
46.008,0.0,0.0,0.0,0.0,0.0,0.0,0.0,0.0,0,0,0.0,0.0,nan,nan,nan,UNKNOWN
46.059,0.0,0.0,0.0,0.0,0.0,0.0,0.0,0.0,0,0,0.0,0.0,nan,nan,nan,UNKNOWN
46.108,0.0,0.0,0.0,0.0,0.0,0.0,0.0,0.0,0,0,0.0,0.0,nan,nan,nan,UNKNOWN
46.158,0.0,0.0,0.0,0.0,0.0,0.0,0.0,0.0,0,0,0.0,0.0,nan,nan,nan,UNKNOWN
46.208,0.0,0.0,0.0,0.0,0.0,0.0,0.0,0.0,0,0,0.0,0.0,nan,nan,nan,UNKNOWN
46.258,0.0,0.0,0.0,0.0,0.0,0.0,0.0,0.0,0,0,0.0,0.0,nan,nan,nan,UNKNOWN
46.308,0.0,0.0,0.0,0.0,0.0,0.0,0.0,0.0,0,0,0.0,0.0,nan,nan,nan,UNKNOWN
46.358,0.0,0.0,0.0,0.0,0.0,0.0,0.0,0.0,0,0,0.0,0.0,nan,nan,nan,UNKNOWN
46.408,0.0,0.0,0.0,0.0,0.0,0.0,0.0,0.0,0,0,0.0,0.0,nan,nan,nan,UNKNOWN
46.458,0.0,0.0,0.0,0.0,0.0,0.0,0.0,0.0,0,0,0.0,0.0,nan,nan,nan,UNKNOWN
46.508,0.0,0.0,0.0,0.0,0.0,0.0,0.0,0.0,0,0,0.0,0.0,nan,nan,nan,UNKNOWN
46.558,0.0,0.0,0.0,0.0,0.0,0.0,0.0,0.0,0,0,0.0,0.0,nan,nan,nan,UNKNOWN
46.608,0.0,0.0,0.0,0.0,0.0,0.0,0.0,0.0,0,0,0.0,0.0,nan,nan,nan,UNKNOWN
46.658,0.0,0.0,0.0,0.0,0.0,0.0,0.0,0.0,0,0,0.0,0.0,nan,nan,nan,UNKNOWN
46.708,0.0,0.0,0.0,0.0,0.0,0.0,0.0,0.0,0,0,0.0,0.0,nan,nan,nan,UNKNOWN
46.758,0.0,0.0,0.0,0.0,0.0,0.0,0.0,0.0,0,0,0.0,0.0,nan,nan,nan,UNKNOWN
46.808,0.0,0.0,0.0,0.0,0.0,0.0,0.0,0.0,0,0,0.0,0.0,nan,nan,nan,UNKNOWN
46.858,0.0,0.0,0.0,0.0,0.0,0.0,0.0,0.0,0,0,0.0,0.0,nan,nan,nan,UNKNOWN
46.908,0.0,0.0,0.0,0.0,0.0,0.0,0.0,0.0,0,0,0.0,0.0,nan,nan,nan,UNKNOWN
46.958,0.0,0.0,0.0,0.0,0.0,0.0,0.0,0.0,0,0,0.0,0.0,nan,nan,nan,UNKNOWN
47.008,0.0,0.0,0.0,0.0,0.0,0.0,0.0,0.0,0,0,0.0,0.0,nan,nan,nan,UNKNOWN
47.059,0.0,0.0,0.0,0.0,0.0,0.0,0.0,0.0,0,0,0.0,0.0,nan,nan,nan,UNKNOWN
47.108,0.0,0.0,0.0,0.0,0.0,0.0,0.0,0.0,0,0,0.0,0.0,nan,nan,nan,UNKNOWN
47.158,0.0,0.0,0.0,0.0,0.0,0.0,0.0,0.0,0,0,0.0,0.0,nan,nan,nan,UNKNOWN
47.208,0.0,0.0,0.0,0.0,0.0,0.0,0.0,0.0,0,0,0.0,0.0,nan,nan,nan,UNKNOWN
47.258,0.0,0.0,0.0,0.0,0.0,0.0,0.0,0.0,0,0,0.0,0.0,nan,nan,nan,UNKNOWN
47.308,0.0,0.0,0.0,0.0,0.0,0.0,0.0,0.0,0,0,0.0,0.0,nan,nan,nan,UNKNOWN
47.358,0.0,0.0,0.0,0.0,0.0,0.0,0.0,0.0,0,0,0.0,0.0,nan,nan,nan,UNKNOWN
47.408,0.0,0.0,0.0,0.0,0.0,0.0,0.0,0.0,0,0,0.0,0.0,nan,nan,nan,UNKNOWN
47.458,0.0,0.0,0.0,0.0,0.0,0.0,0.0,0.0,0,0,0.0,0.0,nan,nan,nan,UNKNOWN
47.508,0.0,0.0,0.0,0.0,0.0,0.0,0.0,0.0,0,0,0.0,0.0,nan,nan,nan,UNKNOWN
47.558,0.0,0.0,0.0,0.0,0.0,0.0,0.0,0.0,0,0,0.0,0.0,nan,nan,nan,UNKNOWN
47.608,0.0,0.0,0.0,0.0,0.0,0.0,0.0,0.0,0,0,0.0,0.0,nan,nan,nan,UNKNOWN
47.658,0.0,0.0,0.0,0.0,0.0,0.0,0.0,0.0,0,0,0.0,0.0,nan,nan,nan,UNKNOWN
47.708,0.0,0.0,0.0,0.0,0.0,0.0,0.0,0.0,0,0,0.0,0.0,nan,nan,nan,UNKNOWN
47.758,0.0,0.0,0.0,0.0,0.0,0.0,0.0,0.0,0,0,0.0,0.0,nan,nan,nan,UNKNOWN
47.808,0.0,0.0,0.0,0.0,0.0,0.0,0.0,0.0,0,0,0.0,0.0,nan,nan,nan,UNKNOWN
47.858,0.0,0.0,0.0,0.0,0.0,0.0,0.0,0.0,0,0,0.0,0.0,nan,nan,nan,UNKNOWN
47.908,0.0,0.0,0.0,0.0,0.0,0.0,0.0,0.0,0,0,0.0,0.0,nan,nan,nan,UNKNOWN
47.958,0.0,0.0,0.0,0.0,0.0,0.0,0.0,0.0,0,0,0.0,0.0,nan,nan,nan,UNKNOWN
48.008,0.0,0.0,0.0,0.0,0.0,0.0,0.0,0.0,0,0,0.0,0.0,nan,nan,nan,UNKNOWN
48.059,0.0,0.0,0.0,0.0,0.0,0.0,0.0,0.0,0,0,0.0,0.0,nan,nan,nan,UNKNOWN
48.108,0.0,0.0,0.0,0.0,0.0,0.0,0.0,0.0,0,0,0.0,0.0,nan,nan,nan,UNKNOWN
48.158,0.0,0.0,0.0,0.0,0.0,0.0,0.0,0.0,0,0,0.0,0.0,nan,nan,nan,UNKNOWN
48.208,0.0,0.0,0.0,0.0,0.0,0.0,0.0,0.0,0,0,0.0,0.0,nan,nan,nan,UNKNOWN
48.258,0.0,0.0,0.0,0.0,0.0,0.0,0.0,0.0,0,0,0.0,0.0,nan,nan,nan,UNKNOWN
48.308,0.0,0.0,0.0,0.0,0.0,0.0,0.0,0.0,0,0,0.0,0.0,nan,nan,nan,UNKNOWN
48.358,0.0,0.0,0.0,0.0,0.0,0.0,0.0,0.0,0,0,0.0,0.0,nan,nan,nan,UNKNOWN
48.408,0.0,0.0,0.0,0.0,0.0,0.0,0.0,0.0,0,0,0.0,0.0,nan,nan,nan,UNKNOWN
48.458,0.0,0.0,0.0,0.0,0.0,0.0,0.0,0.0,0,0,0.0,0.0,nan,nan,nan,UNKNOWN
48.508,0.0,0.0,0.0,0.0,0.0,0.0,0.0,0.0,0,0,0.0,0.0,nan,nan,nan,UNKNOWN
48.558,0.0,0.0,0.0,0.0,0.0,0.0,0.0,0.0,0,0,0.0,0.0,nan,nan,nan,UNKNOWN
48.608,0.0,0.0,0.0,0.0,0.0,0.0,0.0,0.0,0,0,0.0,0.0,nan,nan,nan,UNKNOWN
48.658,0.0,0.0,0.0,0.0,0.0,0.0,0.0,0.0,0,0,0.0,0.0,nan,nan,nan,UNKNOWN
48.708,0.0,0.0,0.0,0.0,0.0,0.0,0.0,0.0,0,0,0.0,0.0,nan,nan,nan,UNKNOWN
48.758,0.0,0.0,0.0,0.0,0.0,0.0,0.0,0.0,0,0,0.0,0.0,nan,nan,nan,UNKNOWN
48.808,0.0,0.0,0.0,0.0,0.0,0.0,0.0,0.0,0,0,0.0,0.0,nan,nan,nan,UNKNOWN
48.858,0.0,0.0,0.0,0.0,0.0,0.0,0.0,0.0,0,0,0.0,0.0,nan,nan,nan,UNKNOWN
48.908,0.0,0.0,0.0,0.0,0.0,0.0,0.0,0.0,0,0,0.0,0.0,nan,nan,nan,UNKNOWN
48.958,0.0,0.0,0.0,0.0,0.0,0.0,0.0,0.0,0,0,0.0,0.0,nan,nan,nan,UNKNOWN
49.008,0.0,0.0,0.0,0.0,0.0,0.0,0.0,0.0,0,0,0.0,0.0,nan,nan,nan,UNKNOWN
49.06,0.0,0.0,0.0,0.0,0.0,0.0,0.0,0.0,0,0,0.0,0.0,nan,nan,nan,UNKNOWN
49.108,0.0,0.0,0.0,0.0,0.0,0.0,0.0,0.0,0,0,0.0,0.0,nan,nan,nan,UNKNOWN
49.158,0.0,0.0,0.0,0.0,0.0,0.0,0.0,0.0,0,0,0.0,0.0,nan,nan,nan,UNKNOWN
49.208,0.0,0.0,0.0,0.0,0.0,0.0,0.0,0.0,0,0,0.0,0.0,nan,nan,nan,UNKNOWN
49.258,0.0,0.0,0.0,0.0,0.0,0.0,0.0,0.0,0,0,0.0,0.0,nan,nan,nan,UNKNOWN
49.308,0.0,0.0,0.0,0.0,0.0,0.0,0.0,0.0,0,0,0.0,0.0,nan,nan,nan,UNKNOWN
49.358,0.0,0.0,0.0,0.0,0.0,0.0,0.0,0.0,0,0,0.0,0.0,nan,nan,nan,UNKNOWN
49.408,0.0,0.0,0.0,0.0,0.0,0.0,0.0,0.0,0,0,0.0,0.0,nan,nan,nan,UNKNOWN
49.458,0.0,0.0,0.0,0.0,0.0,0.0,0.0,0.0,0,0,0.0,0.0,nan,nan,nan,UNKNOWN
49.508,0.0,0.0,0.0,0.0,0.0,0.0,0.0,0.0,0,0,0.0,0.0,nan,nan,nan,UNKNOWN
49.558,0.0,0.0,0.0,0.0,0.0,0.0,0.0,0.0,0,0,0.0,0.0,nan,nan,nan,UNKNOWN
49.608,0.0,0.0,0.0,0.0,0.0,0.0,0.0,0.0,0,0,0.0,0.0,nan,nan,nan,UNKNOWN
49.658,0.0,0.0,0.0,0.0,0.0,0.0,0.0,0.0,0,0,0.0,0.0,nan,nan,nan,UNKNOWN
49.708,0.0,0.0,0.0,0.0,0.0,0.0,0.0,0.0,0,0,0.0,0.0,nan,nan,nan,UNKNOWN
49.758,0.0,0.0,0.0,0.0,0.0,0.0,0.0,0.0,0,0,0.0,0.0,nan,nan,nan,UNKNOWN
49.808,0.0,0.0,0.0,0.0,0.0,0.0,0.0,0.0,0,0,0.0,0.0,nan,nan,nan,UNKNOWN
49.858,0.0,0.0,0.0,0.0,0.0,0.0,0.0,0.0,0,0,0.0,0.0,nan,nan,nan,UNKNOWN
49.908,0.0,0.0,0.0,0.0,0.0,0.0,0.0,0.0,0,0,0.0,0.0,nan,nan,nan,UNKNOWN
49.958,0.0,0.0,0.0,0.0,0.0,0.0,0.0,0.0,0,0,0.0,0.0,nan,nan,nan,UNKNOWN
50.008,0.0,0.0,0.0,0.0,0.0,0.0,0.0,0.0,0,0,0.0,0.0,nan,nan,nan,UNKNOWN
50.059,0.0,0.0,0.0,0.0,0.0,0.0,0.0,0.0,0,0,0.0,0.0,nan,nan,nan,UNKNOWN
50.108,0.0,0.0,0.0,0.0,0.0,0.0,0.0,0.0,0,0,0.0,0.0,nan,nan,nan,UNKNOWN
50.158,0.0,0.0,0.0,0.0,0.0,0.0,0.0,0.0,0,0,0.0,0.0,nan,nan,nan,UNKNOWN
50.208,0.0,0.0,0.0,0.0,0.0,0.0,0.0,0.0,0,0,0.0,0.0,nan,nan,nan,UNKNOWN
50.258,0.0,0.0,0.0,0.0,0.0,0.0,0.0,0.0,0,0,0.0,0.0,nan,nan,nan,UNKNOWN
50.308,0.0,0.0,0.0,0.0,0.0,0.0,0.0,0.0,0,0,0.0,0.0,nan,nan,nan,UNKNOWN
50.358,0.0,0.0,0.0,0.0,0.0,0.0,0.0,0.0,0,0,0.0,0.0,nan,nan,nan,UNKNOWN
50.408,0.0,0.0,0.0,0.0,0.0,0.0,0.0,0.0,0,0,0.0,0.0,nan,nan,nan,UNKNOWN
50.458,0.0,0.0,0.0,0.0,0.0,0.0,0.0,0.0,0,0,0.0,0.0,nan,nan,nan,UNKNOWN
50.508,0.0,0.0,0.0,0.0,0.0,0.0,0.0,0.0,0,0,0.0,0.0,nan,nan,nan,UNKNOWN
50.558,0.0,0.0,0.0,0.0,0.0,0.0,0.0,0.0,0,0,0.0,0.0,nan,nan,nan,UNKNOWN
50.608,0.0,0.0,0.0,0.0,0.0,0.0,0.0,0.0,0,0,0.0,0.0,nan,nan,nan,UNKNOWN
50.658,0.0,0.0,0.0,0.0,0.0,0.0,0.0,0.0,0,0,0.0,0.0,nan,nan,nan,UNKNOWN
50.708,0.0,0.0,0.0,0.0,0.0,0.0,0.0,0.0,0,0,0.0,0.0,nan,nan,nan,UNKNOWN
50.758,0.0,0.0,0.0,0.0,0.0,0.0,0.0,0.0,0,0,0.0,0.0,nan,nan,nan,UNKNOWN
50.808,0.0,0.0,0.0,0.0,0.0,0.0,0.0,0.0,0,0,0.0,0.0,nan,nan,nan,UNKNOWN
50.858,0.0,0.0,0.0,0.0,0.0,0.0,0.0,0.0,0,0,0.0,0.0,nan,nan,nan,UNKNOWN
50.908,0.0,0.0,0.0,0.0,0.0,0.0,0.0,0.0,0,0,0.0,0.0,nan,nan,nan,UNKNOWN
50.958,0.0,0.0,0.0,0.0,0.0,0.0,0.0,0.0,0,0,0.0,0.0,nan,nan,nan,UNKNOWN
51.008,0.0,0.0,0.0,0.0,0.0,0.0,0.0,0.0,0,0,0.0,0.0,nan,nan,nan,UNKNOWN
51.059,0.0,0.0,0.0,0.0,0.0,0.0,0.0,0.0,0,0,0.0,0.0,nan,nan,nan,UNKNOWN
51.108,0.0,0.0,0.0,0.0,0.0,0.0,0.0,0.0,0,0,0.0,0.0,nan,nan,nan,UNKNOWN
51.158,0.0,0.0,0.0,0.0,0.0,0.0,0.0,0.0,0,0,0.0,0.0,nan,nan,nan,UNKNOWN
51.208,0.0,0.0,0.0,0.0,0.0,0.0,0.0,0.0,0,0,0.0,0.0,nan,nan,nan,UNKNOWN
51.258,0.0,0.0,0.0,0.0,0.0,0.0,0.0,0.0,0,0,0.0,0.0,nan,nan,nan,UNKNOWN
51.308,0.0,0.0,0.0,0.0,0.0,0.0,0.0,0.0,0,0,0.0,0.0,nan,nan,nan,UNKNOWN
51.358,0.0,0.0,0.0,0.0,0.0,0.0,0.0,0.0,0,0,0.0,0.0,nan,nan,nan,UNKNOWN
51.408,0.0,0.0,0.0,0.0,0.0,0.0,0.0,0.0,0,0,0.0,0.0,nan,nan,nan,UNKNOWN
51.458,0.0,0.0,0.0,0.0,0.0,0.0,0.0,0.0,0,0,0.0,0.0,nan,nan,nan,UNKNOWN
51.508,0.0,0.0,0.0,0.0,0.0,0.0,0.0,0.0,0,0,0.0,0.0,nan,nan,nan,UNKNOWN
51.558,0.0,0.0,0.0,0.0,0.0,0.0,0.0,0.0,0,0,0.0,0.0,nan,nan,nan,UNKNOWN
51.608,0.0,0.0,0.0,0.0,0.0,0.0,0.0,0.0,0,0,0.0,0.0,nan,nan,nan,UNKNOWN
51.658,0.0,0.0,0.0,0.0,0.0,0.0,0.0,0.0,0,0,0.0,0.0,nan,nan,nan,UNKNOWN
51.708,0.0,0.0,0.0,0.0,0.0,0.0,0.0,0.0,0,0,0.0,0.0,nan,nan,nan,UNKNOWN
51.758,0.0,0.0,0.0,0.0,0.0,0.0,0.0,0.0,0,0,0.0,0.0,nan,nan,nan,UNKNOWN
51.808,0.0,0.0,0.0,0.0,0.0,0.0,0.0,0.0,0,0,0.0,0.0,nan,nan,nan,UNKNOWN
51.858,0.0,0.0,0.0,0.0,0.0,0.0,0.0,0.0,0,0,0.0,0.0,nan,nan,nan,UNKNOWN
51.908,0.0,0.0,0.0,0.0,0.0,0.0,0.0,0.0,0,0,0.0,0.0,nan,nan,nan,UNKNOWN
51.958,0.0,0.0,0.0,0.0,0.0,0.0,0.0,0.0,0,0,0.0,0.0,nan,nan,nan,UNKNOWN
52.008,0.0,0.0,0.0,0.0,0.0,0.0,0.0,0.0,0,0,0.0,0.0,nan,nan,nan,UNKNOWN
52.06,0.0,0.0,0.0,0.0,0.0,0.0,0.0,0.0,0,0,0.0,0.0,nan,nan,nan,UNKNOWN
52.108,0.0,0.0,0.0,0.0,0.0,0.0,0.0,0.0,0,0,0.0,0.0,nan,nan,nan,UNKNOWN
52.158,0.0,0.0,0.0,0.0,0.0,0.0,0.0,0.0,0,0,0.0,0.0,nan,nan,nan,UNKNOWN
52.208,0.0,0.0,0.0,0.0,0.0,0.0,0.0,0.0,0,0,0.0,0.0,nan,nan,nan,UNKNOWN
52.258,0.0,0.0,0.0,0.0,0.0,0.0,0.0,0.0,0,0,0.0,0.0,nan,nan,nan,UNKNOWN
52.308,0.0,0.0,0.0,0.0,0.0,0.0,0.0,0.0,0,0,0.0,0.0,nan,nan,nan,UNKNOWN
52.358,0.0,0.0,0.0,0.0,0.0,0.0,0.0,0.0,0,0,0.0,0.0,nan,nan,nan,UNKNOWN
52.408,0.0,0.0,0.0,0.0,0.0,0.0,0.0,0.0,0,0,0.0,0.0,nan,nan,nan,UNKNOWN
52.458,0.0,0.0,0.0,0.0,0.0,0.0,0.0,0.0,0,0,0.0,0.0,nan,nan,nan,UNKNOWN
52.508,0.0,0.0,0.0,0.0,0.0,0.0,0.0,0.0,0,0,0.0,0.0,nan,nan,nan,UNKNOWN
52.558,0.0,0.0,0.0,0.0,0.0,0.0,0.0,0.0,0,0,0.0,0.0,nan,nan,nan,UNKNOWN
52.608,0.0,0.0,0.0,0.0,0.0,0.0,0.0,0.0,0,0,0.0,0.0,nan,nan,nan,UNKNOWN
52.658,0.0,0.0,0.0,0.0,0.0,0.0,0.0,0.0,0,0,0.0,0.0,nan,nan,nan,UNKNOWN
52.708,0.0,0.0,0.0,0.0,0.0,0.0,0.0,0.0,0,0,0.0,0.0,nan,nan,nan,UNKNOWN
52.758,0.0,0.0,0.0,0.0,0.0,0.0,0.0,0.0,0,0,0.0,0.0,nan,nan,nan,UNKNOWN
52.808,0.0,0.0,0.0,0.0,0.0,0.0,0.0,0.0,0,0,0.0,0.0,nan,nan,nan,UNKNOWN
52.858,0.0,0.0,0.0,0.0,0.0,0.0,0.0,0.0,0,0,0.0,0.0,nan,nan,nan,UNKNOWN
52.908,0.0,0.0,0.0,0.0,0.0,0.0,0.0,0.0,0,0,0.0,0.0,nan,nan,nan,UNKNOWN
52.958,0.0,0.0,0.0,0.0,0.0,0.0,0.0,0.0,0,0,0.0,0.0,nan,nan,nan,UNKNOWN
53.008,0.0,0.0,0.0,0.0,0.0,0.0,0.0,0.0,0,0,0.0,0.0,nan,nan,nan,UNKNOWN
53.059,0.0,0.0,0.0,0.0,0.0,0.0,0.0,0.0,0,0,0.0,0.0,nan,nan,nan,UNKNOWN
53.108,0.0,0.0,0.0,0.0,0.0,0.0,0.0,0.0,0,0,0.0,0.0,nan,nan,nan,UNKNOWN
53.158,0.0,0.0,0.0,0.0,0.0,0.0,0.0,0.0,0,0,0.0,0.0,nan,nan,nan,UNKNOWN
53.208,0.0,0.0,0.0,0.0,0.0,0.0,0.0,0.0,0,0,0.0,0.0,nan,nan,nan,UNKNOWN
53.258,0.0,0.0,0.0,0.0,0.0,0.0,0.0,0.0,0,0,0.0,0.0,nan,nan,nan,UNKNOWN
53.308,0.0,0.0,0.0,0.0,0.0,0.0,0.0,0.0,0,0,0.0,0.0,nan,nan,nan,UNKNOWN
53.358,0.0,0.0,0.0,0.0,0.0,0.0,0.0,0.0,0,0,0.0,0.0,nan,nan,nan,UNKNOWN
53.408,0.0,0.0,0.0,0.0,0.0,0.0,0.0,0.0,0,0,0.0,0.0,nan,nan,nan,UNKNOWN
53.458,0.0,0.0,0.0,0.0,0.0,0.0,0.0,0.0,0,0,0.0,0.0,nan,nan,nan,UNKNOWN
53.508,0.0,0.0,0.0,0.0,0.0,0.0,0.0,0.0,0,0,0.0,0.0,nan,nan,nan,UNKNOWN
53.558,0.0,0.0,0.0,0.0,0.0,0.0,0.0,0.0,0,0,0.0,0.0,nan,nan,nan,UNKNOWN
53.608,0.0,0.0,0.0,0.0,0.0,0.0,0.0,0.0,0,0,0.0,0.0,nan,nan,nan,UNKNOWN
53.658,0.0,0.0,0.0,0.0,0.0,0.0,0.0,0.0,0,0,0.0,0.0,nan,nan,nan,UNKNOWN
53.708,0.0,0.0,0.0,0.0,0.0,0.0,0.0,0.0,0,0,0.0,0.0,nan,nan,nan,UNKNOWN
53.758,0.0,0.0,0.0,0.0,0.0,0.0,0.0,0.0,0,0,0.0,0.0,nan,nan,nan,UNKNOWN
53.808,0.0,0.0,0.0,0.0,0.0,0.0,0.0,0.0,0,0,0.0,0.0,nan,nan,nan,UNKNOWN
53.858,0.0,0.0,0.0,0.0,0.0,0.0,0.0,0.0,0,0,0.0,0.0,nan,nan,nan,UNKNOWN
53.908,0.0,0.0,0.0,0.0,0.0,0.0,0.0,0.0,0,0,0.0,0.0,nan,nan,nan,UNKNOWN
53.958,0.0,0.0,0.0,0.0,0.0,0.0,0.0,0.0,0,0,0.0,0.0,nan,nan,nan,UNKNOWN
54.008,0.0,0.0,0.0,0.0,0.0,0.0,0.0,0.0,0,0,0.0,0.0,nan,nan,nan,UNKNOWN
54.059,0.0,0.0,0.0,0.0,0.0,0.0,0.0,0.0,0,0,0.0,0.0,nan,nan,nan,UNKNOWN
54.108,0.0,0.0,0.0,0.0,0.0,0.0,0.0,0.0,0,0,0.0,0.0,nan,nan,nan,UNKNOWN
54.158,0.0,0.0,0.0,0.0,0.0,0.0,0.0,0.0,0,0,0.0,0.0,nan,nan,nan,UNKNOWN
54.208,0.0,0.0,0.0,0.0,0.0,0.0,0.0,0.0,0,0,0.0,0.0,nan,nan,nan,UNKNOWN
54.258,0.0,0.0,0.0,0.0,0.0,0.0,0.0,0.0,0,0,0.0,0.0,nan,nan,nan,UNKNOWN
54.308,0.0,0.0,0.0,0.0,0.0,0.0,0.0,0.0,0,0,0.0,0.0,nan,nan,nan,UNKNOWN
54.358,0.0,0.0,0.0,0.0,0.0,0.0,0.0,0.0,0,0,0.0,0.0,nan,nan,nan,UNKNOWN
54.408,0.0,0.0,0.0,0.0,0.0,0.0,0.0,0.0,0,0,0.0,0.0,nan,nan,nan,UNKNOWN
54.458,0.0,0.0,0.0,0.0,0.0,0.0,0.0,0.0,0,0,0.0,0.0,nan,nan,nan,UNKNOWN
54.508,0.0,0.0,0.0,0.0,0.0,0.0,0.0,0.0,0,0,0.0,0.0,nan,nan,nan,UNKNOWN
54.558,0.0,0.0,0.0,0.0,0.0,0.0,0.0,0.0,0,0,0.0,0.0,nan,nan,nan,UNKNOWN
54.608,0.0,0.0,0.0,0.0,0.0,0.0,0.0,0.0,0,0,0.0,0.0,nan,nan,nan,UNKNOWN
54.658,0.0,0.0,0.0,0.0,0.0,0.0,0.0,0.0,0,0,0.0,0.0,nan,nan,nan,UNKNOWN
54.708,0.0,0.0,0.0,0.0,0.0,0.0,0.0,0.0,0,0,0.0,0.0,nan,nan,nan,UNKNOWN
54.758,0.0,0.0,0.0,0.0,0.0,0.0,0.0,0.0,0,0,0.0,0.0,nan,nan,nan,UNKNOWN
54.808,0.0,0.0,0.0,0.0,0.0,0.0,0.0,0.0,0,0,0.0,0.0,nan,nan,nan,UNKNOWN
54.858,0.0,0.0,0.0,0.0,0.0,0.0,0.0,0.0,0,0,0.0,0.0,nan,nan,nan,UNKNOWN
54.908,0.0,0.0,0.0,0.0,0.0,0.0,0.0,0.0,0,0,0.0,0.0,nan,nan,nan,UNKNOWN
54.958,0.0,0.0,0.0,0.0,0.0,0.0,0.0,0.0,0,0,0.0,0.0,nan,nan,nan,UNKNOWN
55.008,0.0,0.0,0.0,0.0,0.0,0.0,0.0,0.0,0,0,0.0,0.0,nan,nan,nan,UNKNOWN
55.059,0.0,0.0,0.0,0.0,0.0,0.0,0.0,0.0,0,0,0.0,0.0,nan,nan,nan,UNKNOWN
55.108,0.0,0.0,0.0,0.0,0.0,0.0,0.0,0.0,0,0,0.0,0.0,nan,nan,nan,UNKNOWN
55.158,0.0,0.0,0.0,0.0,0.0,0.0,0.0,0.0,0,0,0.0,0.0,nan,nan,nan,UNKNOWN
55.208,0.0,0.0,0.0,0.0,0.0,0.0,0.0,0.0,0,0,0.0,0.0,nan,nan,nan,UNKNOWN
55.258,0.0,0.0,0.0,0.0,0.0,0.0,0.0,0.0,0,0,0.0,0.0,nan,nan,nan,UNKNOWN
55.308,0.0,0.0,0.0,0.0,0.0,0.0,0.0,0.0,0,0,0.0,0.0,nan,nan,nan,UNKNOWN
55.358,0.0,0.0,0.0,0.0,0.0,0.0,0.0,0.0,0,0,0.0,0.0,nan,nan,nan,UNKNOWN
55.408,0.0,0.0,0.0,0.0,0.0,0.0,0.0,0.0,0,0,0.0,0.0,nan,nan,nan,UNKNOWN
55.458,0.0,0.0,0.0,0.0,0.0,0.0,0.0,0.0,0,0,0.0,0.0,nan,nan,nan,UNKNOWN
55.508,0.0,0.0,0.0,0.0,0.0,0.0,0.0,0.0,0,0,0.0,0.0,nan,nan,nan,UNKNOWN
55.558,0.0,0.0,0.0,0.0,0.0,0.0,0.0,0.0,0,0,0.0,0.0,nan,nan,nan,UNKNOWN
55.608,0.0,0.0,0.0,0.0,0.0,0.0,0.0,0.0,0,0,0.0,0.0,nan,nan,nan,UNKNOWN
55.658,0.0,0.0,0.0,0.0,0.0,0.0,0.0,0.0,0,0,0.0,0.0,nan,nan,nan,UNKNOWN
55.708,0.0,0.0,0.0,0.0,0.0,0.0,0.0,0.0,0,0,0.0,0.0,nan,nan,nan,UNKNOWN
55.758,0.0,0.0,0.0,0.0,0.0,0.0,0.0,0.0,0,0,0.0,0.0,nan,nan,nan,UNKNOWN
55.808,0.0,0.0,0.0,0.0,0.0,0.0,0.0,0.0,0,0,0.0,0.0,nan,nan,nan,UNKNOWN
55.858,0.0,0.0,0.0,0.0,0.0,0.0,0.0,0.0,0,0,0.0,0.0,nan,nan,nan,UNKNOWN
55.908,0.0,0.0,0.0,0.0,0.0,0.0,0.0,0.0,0,0,0.0,0.0,nan,nan,nan,UNKNOWN
55.958,0.0,0.0,0.0,0.0,0.0,0.0,0.0,0.0,0,0,0.0,0.0,nan,nan,nan,UNKNOWN
56.008,0.0,0.0,0.0,0.0,0.0,0.0,0.0,0.0,0,0,0.0,0.0,nan,nan,nan,UNKNOWN
56.059,0.0,0.0,0.0,0.0,0.0,0.0,0.0,0.0,0,0,0.0,0.0,nan,nan,nan,UNKNOWN
56.108,0.0,0.0,0.0,0.0,0.0,0.0,0.0,0.0,0,0,0.0,0.0,nan,nan,nan,UNKNOWN
56.158,0.0,0.0,0.0,0.0,0.0,0.0,0.0,0.0,0,0,0.0,0.0,nan,nan,nan,UNKNOWN
56.208,0.0,0.0,0.0,0.0,0.0,0.0,0.0,0.0,0,0,0.0,0.0,nan,nan,nan,UNKNOWN
56.258,0.0,0.0,0.0,0.0,0.0,0.0,0.0,0.0,0,0,0.0,0.0,nan,nan,nan,UNKNOWN
56.308,0.0,0.0,0.0,0.0,0.0,0.0,0.0,0.0,0,0,0.0,0.0,nan,nan,nan,UNKNOWN
56.358,0.0,0.0,0.0,0.0,0.0,0.0,0.0,0.0,0,0,0.0,0.0,nan,nan,nan,UNKNOWN
56.408,0.0,0.0,0.0,0.0,0.0,0.0,0.0,0.0,0,0,0.0,0.0,nan,nan,nan,UNKNOWN
56.458,0.0,0.0,0.0,0.0,0.0,0.0,0.0,0.0,0,0,0.0,0.0,nan,nan,nan,UNKNOWN
56.508,0.0,0.0,0.0,0.0,0.0,0.0,0.0,0.0,0,0,0.0,0.0,nan,nan,nan,UNKNOWN
56.558,0.0,0.0,0.0,0.0,0.0,0.0,0.0,0.0,0,0,0.0,0.0,nan,nan,nan,UNKNOWN
56.608,0.0,0.0,0.0,0.0,0.0,0.0,0.0,0.0,0,0,0.0,0.0,nan,nan,nan,UNKNOWN
56.658,0.0,0.0,0.0,0.0,0.0,0.0,0.0,0.0,0,0,0.0,0.0,nan,nan,nan,UNKNOWN
56.708,0.0,0.0,0.0,0.0,0.0,0.0,0.0,0.0,0,0,0.0,0.0,nan,nan,nan,UNKNOWN
56.758,0.0,0.0,0.0,0.0,0.0,0.0,0.0,0.0,0,0,0.0,0.0,nan,nan,nan,UNKNOWN
56.808,0.0,0.0,0.0,0.0,0.0,0.0,0.0,0.0,0,0,0.0,0.0,nan,nan,nan,UNKNOWN
56.858,0.0,0.0,0.0,0.0,0.0,0.0,0.0,0.0,0,0,0.0,0.0,nan,nan,nan,UNKNOWN
56.908,0.0,0.0,0.0,0.0,0.0,0.0,0.0,0.0,0,0,0.0,0.0,nan,nan,nan,UNKNOWN
56.958,0.0,0.0,0.0,0.0,0.0,0.0,0.0,0.0,0,0,0.0,0.0,nan,nan,nan,UNKNOWN
57.008,0.0,0.0,0.0,0.0,0.0,0.0,0.0,0.0,0,0,0.0,0.0,nan,nan,nan,UNKNOWN
57.059,0.0,0.0,0.0,0.0,0.0,0.0,0.0,0.0,0,0,0.0,0.0,nan,nan,nan,UNKNOWN
57.108,0.0,0.0,0.0,0.0,0.0,0.0,0.0,0.0,0,0,0.0,0.0,nan,nan,nan,UNKNOWN
57.158,0.0,0.0,0.0,0.0,0.0,0.0,0.0,0.0,0,0,0.0,0.0,nan,nan,nan,UNKNOWN
57.208,0.0,0.0,0.0,0.0,0.0,0.0,0.0,0.0,0,0,0.0,0.0,nan,nan,nan,UNKNOWN
57.258,0.0,0.0,0.0,0.0,0.0,0.0,0.0,0.0,0,0,0.0,0.0,nan,nan,nan,UNKNOWN
57.308,0.0,0.0,0.0,0.0,0.0,0.0,0.0,0.0,0,0,0.0,0.0,nan,nan,nan,UNKNOWN
57.358,0.0,0.0,0.0,0.0,0.0,0.0,0.0,0.0,0,0,0.0,0.0,nan,nan,nan,UNKNOWN
57.408,0.0,0.0,0.0,0.0,0.0,0.0,0.0,0.0,0,0,0.0,0.0,nan,nan,nan,UNKNOWN
57.458,0.0,0.0,0.0,0.0,0.0,0.0,0.0,0.0,0,0,0.0,0.0,nan,nan,nan,UNKNOWN
57.508,0.0,0.0,0.0,0.0,0.0,0.0,0.0,0.0,0,0,0.0,0.0,nan,nan,nan,UNKNOWN
57.558,0.0,0.0,0.0,0.0,0.0,0.0,0.0,0.0,0,0,0.0,0.0,nan,nan,nan,UNKNOWN
57.608,0.0,0.0,0.0,0.0,0.0,0.0,0.0,0.0,0,0,0.0,0.0,nan,nan,nan,UNKNOWN
57.658,0.0,0.0,0.0,0.0,0.0,0.0,0.0,0.0,0,0,0.0,0.0,nan,nan,nan,UNKNOWN
57.708,0.0,0.0,0.0,0.0,0.0,0.0,0.0,0.0,0,0,0.0,0.0,nan,nan,nan,UNKNOWN
57.758,0.0,0.0,0.0,0.0,0.0,0.0,0.0,0.0,0,0,0.0,0.0,nan,nan,nan,UNKNOWN
57.808,0.0,0.0,0.0,0.0,0.0,0.0,0.0,0.0,0,0,0.0,0.0,nan,nan,nan,UNKNOWN
57.858,0.0,0.0,0.0,0.0,0.0,0.0,0.0,0.0,0,0,0.0,0.0,nan,nan,nan,UNKNOWN
57.908,0.0,0.0,0.0,0.0,0.0,0.0,0.0,0.0,0,0,0.0,0.0,nan,nan,nan,UNKNOWN
57.958,0.0,0.0,0.0,0.0,0.0,0.0,0.0,0.0,0,0,0.0,0.0,nan,nan,nan,UNKNOWN
58.008,0.0,0.0,0.0,0.0,0.0,0.0,0.0,0.0,0,0,0.0,0.0,nan,nan,nan,UNKNOWN
58.059,0.0,0.0,0.0,0.0,0.0,0.0,0.0,0.0,0,0,0.0,0.0,nan,nan,nan,UNKNOWN
58.108,0.0,0.0,0.0,0.0,0.0,0.0,0.0,0.0,0,0,0.0,0.0,nan,nan,nan,UNKNOWN
58.158,0.0,0.0,0.0,0.0,0.0,0.0,0.0,0.0,0,0,0.0,0.0,nan,nan,nan,UNKNOWN
58.208,0.0,0.0,0.0,0.0,0.0,0.0,0.0,0.0,0,0,0.0,0.0,nan,nan,nan,UNKNOWN
58.258,0.0,0.0,0.0,0.0,0.0,0.0,0.0,0.0,0,0,0.0,0.0,nan,nan,nan,UNKNOWN
58.308,0.0,0.0,0.0,0.0,0.0,0.0,0.0,0.0,0,0,0.0,0.0,nan,nan,nan,UNKNOWN
58.358,0.0,0.0,0.0,0.0,0.0,0.0,0.0,0.0,0,0,0.0,0.0,nan,nan,nan,UNKNOWN
58.408,0.0,0.0,0.0,0.0,0.0,0.0,0.0,0.0,0,0,0.0,0.0,nan,nan,nan,UNKNOWN
58.458,0.0,0.0,0.0,0.0,0.0,0.0,0.0,0.0,0,0,0.0,0.0,nan,nan,nan,UNKNOWN
58.508,0.0,0.0,0.0,0.0,0.0,0.0,0.0,0.0,0,0,0.0,0.0,nan,nan,nan,UNKNOWN
58.558,0.0,0.0,0.0,0.0,0.0,0.0,0.0,0.0,0,0,0.0,0.0,nan,nan,nan,UNKNOWN
58.608,0.0,0.0,0.0,0.0,0.0,0.0,0.0,0.0,0,0,0.0,0.0,nan,nan,nan,UNKNOWN
58.658,0.0,0.0,0.0,0.0,0.0,0.0,0.0,0.0,0,0,0.0,0.0,nan,nan,nan,UNKNOWN
58.708,0.0,0.0,0.0,0.0,0.0,0.0,0.0,0.0,0,0,0.0,0.0,nan,nan,nan,UNKNOWN
58.758,0.0,0.0,0.0,0.0,0.0,0.0,0.0,0.0,0,0,0.0,0.0,nan,nan,nan,UNKNOWN
58.808,0.0,0.0,0.0,0.0,0.0,0.0,0.0,0.0,0,0,0.0,0.0,nan,nan,nan,UNKNOWN
58.858,0.0,0.0,0.0,0.0,0.0,0.0,0.0,0.0,0,0,0.0,0.0,nan,nan,nan,UNKNOWN
58.908,0.0,0.0,0.0,0.0,0.0,0.0,0.0,0.0,0,0,0.0,0.0,nan,nan,nan,UNKNOWN
58.958,0.0,0.0,0.0,0.0,0.0,0.0,0.0,0.0,0,0,0.0,0.0,nan,nan,nan,UNKNOWN
59.008,0.0,0.0,0.0,0.0,0.0,0.0,0.0,0.0,0,0,0.0,0.0,nan,nan,nan,UNKNOWN
59.06,0.0,0.0,0.0,0.0,0.0,0.0,0.0,0.0,0,0,0.0,0.0,nan,nan,nan,UNKNOWN
59.108,0.0,0.0,0.0,0.0,0.0,0.0,0.0,0.0,0,0,0.0,0.0,nan,nan,nan,UNKNOWN
59.158,0.0,0.0,0.0,0.0,0.0,0.0,0.0,0.0,0,0,0.0,0.0,nan,nan,nan,UNKNOWN
59.208,0.0,0.0,0.0,0.0,0.0,0.0,0.0,0.0,0,0,0.0,0.0,nan,nan,nan,UNKNOWN
59.258,0.0,0.0,0.0,0.0,0.0,0.0,0.0,0.0,0,0,0.0,0.0,nan,nan,nan,UNKNOWN
59.308,0.0,0.0,0.0,0.0,0.0,0.0,0.0,0.0,0,0,0.0,0.0,nan,nan,nan,UNKNOWN
59.358,0.0,0.0,0.0,0.0,0.0,0.0,0.0,0.0,0,0,0.0,0.0,nan,nan,nan,UNKNOWN
59.408,0.0,0.0,0.0,0.0,0.0,0.0,0.0,0.0,0,0,0.0,0.0,nan,nan,nan,UNKNOWN
59.458,0.0,0.0,0.0,0.0,0.0,0.0,0.0,0.0,0,0,0.0,0.0,nan,nan,nan,UNKNOWN
59.508,0.0,0.0,0.0,0.0,0.0,0.0,0.0,0.0,0,0,0.0,0.0,nan,nan,nan,UNKNOWN
59.558,0.0,0.0,0.0,0.0,0.0,0.0,0.0,0.0,0,0,0.0,0.0,nan,nan,nan,UNKNOWN
59.608,0.0,0.0,0.0,0.0,0.0,0.0,0.0,0.0,0,0,0.0,0.0,nan,nan,nan,UNKNOWN
59.658,0.0,0.0,0.0,0.0,0.0,0.0,0.0,0.0,0,0,0.0,0.0,nan,nan,nan,UNKNOWN
59.708,0.0,0.0,0.0,0.0,0.0,0.0,0.0,0.0,0,0,0.0,0.0,nan,nan,nan,UNKNOWN
59.758,0.0,0.0,0.0,0.0,0.0,0.0,0.0,0.0,0,0,0.0,0.0,nan,nan,nan,UNKNOWN
59.808,0.0,0.0,0.0,0.0,0.0,0.0,0.0,0.0,0,0,0.0,0.0,nan,nan,nan,UNKNOWN
59.858,0.0,0.0,0.0,0.0,0.0,0.0,0.0,0.0,0,0,0.0,0.0,nan,nan,nan,UNKNOWN
59.908,0.0,0.0,0.0,0.0,0.0,0.0,0.0,0.0,0,0,0.0,0.0,nan,nan,nan,UNKNOWN
59.958,0.0,0.0,0.0,0.0,0.0,0.0,0.0,0.0,0,0,0.0,0.0,nan,nan,nan,UNKNOWN
60.008,0.0,0.0,0.0,0.0,0.0,0.0,0.0,0.0,0,0,0.0,0.0,nan,nan,nan,UNKNOWN
60.06,0.0,0.0,0.0,0.0,0.0,0.0,0.0,0.0,0,0,0.0,0.0,nan,nan,nan,UNKNOWN
60.108,0.0,0.0,0.0,0.0,0.0,0.0,0.0,0.0,0,0,0.0,0.0,nan,nan,nan,UNKNOWN
60.158,0.0,0.0,0.0,0.0,0.0,0.0,0.0,0.0,0,0,0.0,0.0,nan,nan,nan,UNKNOWN
60.208,0.0,0.0,0.0,0.0,0.0,0.0,0.0,0.0,0,0,0.0,0.0,nan,nan,nan,UNKNOWN
60.258,0.0,0.0,0.0,0.0,0.0,0.0,0.0,0.0,0,0,0.0,0.0,nan,nan,nan,UNKNOWN
60.308,0.0,0.0,0.0,0.0,0.0,0.0,0.0,0.0,0,0,0.0,0.0,nan,nan,nan,UNKNOWN
60.358,0.0,0.0,0.0,0.0,0.0,0.0,0.0,0.0,0,0,0.0,0.0,nan,nan,nan,UNKNOWN
60.408,0.0,0.0,0.0,0.0,0.0,0.0,0.0,0.0,0,0,0.0,0.0,nan,nan,nan,UNKNOWN
60.458,0.0,0.0,0.0,0.0,0.0,0.0,0.0,0.0,0,0,0.0,0.0,nan,nan,nan,UNKNOWN
60.508,0.0,0.0,0.0,0.0,0.0,0.0,0.0,0.0,0,0,0.0,0.0,nan,nan,nan,UNKNOWN
60.558,0.0,0.0,0.0,0.0,0.0,0.0,0.0,0.0,0,0,0.0,0.0,nan,nan,nan,UNKNOWN
60.608,0.0,0.0,0.0,0.0,0.0,0.0,0.0,0.0,0,0,0.0,0.0,nan,nan,nan,UNKNOWN
60.658,0.0,0.0,0.0,0.0,0.0,0.0,0.0,0.0,0,0,0.0,0.0,nan,nan,nan,UNKNOWN
60.708,0.0,0.0,0.0,0.0,0.0,0.0,0.0,0.0,0,0,0.0,0.0,nan,nan,nan,UNKNOWN
60.758,0.0,0.0,0.0,0.0,0.0,0.0,0.0,0.0,0,0,0.0,0.0,nan,nan,nan,UNKNOWN
60.808,0.0,0.0,0.0,0.0,0.0,0.0,0.0,0.0,0,0,0.0,0.0,nan,nan,nan,UNKNOWN
60.858,0.0,0.0,0.0,0.0,0.0,0.0,0.0,0.0,0,0,0.0,0.0,nan,nan,nan,UNKNOWN
60.908,0.0,0.0,0.0,0.0,0.0,0.0,0.0,0.0,0,0,0.0,0.0,nan,nan,nan,UNKNOWN
60.958,0.0,0.0,0.0,0.0,0.0,0.0,0.0,0.0,0,0,0.0,0.0,nan,nan,nan,UNKNOWN
61.008,0.0,0.0,0.0,0.0,0.0,0.0,0.0,0.0,0,0,0.0,0.0,nan,nan,nan,UNKNOWN
61.06,0.0,0.0,0.0,0.0,0.0,0.0,0.0,0.0,0,0,0.0,0.0,nan,nan,nan,UNKNOWN
61.108,0.0,0.0,0.0,0.0,0.0,0.0,0.0,0.0,0,0,0.0,0.0,nan,nan,nan,UNKNOWN
61.158,0.0,0.0,0.0,0.0,0.0,0.0,0.0,0.0,0,0,0.0,0.0,nan,nan,nan,UNKNOWN
61.208,0.0,0.0,0.0,0.0,0.0,0.0,0.0,0.0,0,0,0.0,0.0,nan,nan,nan,UNKNOWN
61.258,0.0,0.0,0.0,0.0,0.0,0.0,0.0,0.0,0,0,0.0,0.0,nan,nan,nan,UNKNOWN
61.308,0.0,0.0,0.0,0.0,0.0,0.0,0.0,0.0,0,0,0.0,0.0,nan,nan,nan,UNKNOWN
61.358,0.0,0.0,0.0,0.0,0.0,0.0,0.0,0.0,0,0,0.0,0.0,nan,nan,nan,UNKNOWN
61.408,0.0,0.0,0.0,0.0,0.0,0.0,0.0,0.0,0,0,0.0,0.0,nan,nan,nan,UNKNOWN
61.458,0.0,0.0,0.0,0.0,0.0,0.0,0.0,0.0,0,0,0.0,0.0,nan,nan,nan,UNKNOWN
61.508,0.0,0.0,0.0,0.0,0.0,0.0,0.0,0.0,0,0,0.0,0.0,nan,nan,nan,UNKNOWN
61.558,0.0,0.0,0.0,0.0,0.0,0.0,0.0,0.0,0,0,0.0,0.0,nan,nan,nan,UNKNOWN
61.608,0.0,0.0,0.0,0.0,0.0,0.0,0.0,0.0,0,0,0.0,0.0,nan,nan,nan,UNKNOWN
61.658,0.0,0.0,0.0,0.0,0.0,0.0,0.0,0.0,0,0,0.0,0.0,nan,nan,nan,UNKNOWN
61.708,0.0,0.0,0.0,0.0,0.0,0.0,0.0,0.0,0,0,0.0,0.0,nan,nan,nan,UNKNOWN
61.758,0.0,0.0,0.0,0.0,0.0,0.0,0.0,0.0,0,0,0.0,0.0,nan,nan,nan,UNKNOWN
61.808,0.0,0.0,0.0,0.0,0.0,0.0,0.0,0.0,0,0,0.0,0.0,nan,nan,nan,UNKNOWN
61.858,0.0,0.0,0.0,0.0,0.0,0.0,0.0,0.0,0,0,0.0,0.0,nan,nan,nan,UNKNOWN
61.908,0.0,0.0,0.0,0.0,0.0,0.0,0.0,0.0,0,0,0.0,0.0,nan,nan,nan,UNKNOWN
61.958,0.0,0.0,0.0,0.0,0.0,0.0,0.0,0.0,0,0,0.0,0.0,nan,nan,nan,UNKNOWN
62.008,0.0,0.0,0.0,0.0,0.0,0.0,0.0,0.0,0,0,0.0,0.0,nan,nan,nan,UNKNOWN
62.059,0.0,0.0,0.0,0.0,0.0,0.0,0.0,0.0,0,0,0.0,0.0,nan,nan,nan,UNKNOWN
62.108,0.0,0.0,0.0,0.0,0.0,0.0,0.0,0.0,0,0,0.0,0.0,nan,nan,nan,UNKNOWN
62.158,0.0,0.0,0.0,0.0,0.0,0.0,0.0,0.0,0,0,0.0,0.0,nan,nan,nan,UNKNOWN
62.208,0.0,0.0,0.0,0.0,0.0,0.0,0.0,0.0,0,0,0.0,0.0,nan,nan,nan,UNKNOWN
62.258,0.0,0.0,0.0,0.0,0.0,0.0,0.0,0.0,0,0,0.0,0.0,nan,nan,nan,UNKNOWN
62.308,0.0,0.0,0.0,0.0,0.0,0.0,0.0,0.0,0,0,0.0,0.0,nan,nan,nan,UNKNOWN
62.358,0.0,0.0,0.0,0.0,0.0,0.0,0.0,0.0,0,0,0.0,0.0,nan,nan,nan,UNKNOWN
62.408,0.0,0.0,0.0,0.0,0.0,0.0,0.0,0.0,0,0,0.0,0.0,nan,nan,nan,UNKNOWN
62.458,0.0,0.0,0.0,0.0,0.0,0.0,0.0,0.0,0,0,0.0,0.0,nan,nan,nan,UNKNOWN
62.508,0.0,0.0,0.0,0.0,0.0,0.0,0.0,0.0,0,0,0.0,0.0,nan,nan,nan,UNKNOWN
62.558,0.0,0.0,0.0,0.0,0.0,0.0,0.0,0.0,0,0,0.0,0.0,nan,nan,nan,UNKNOWN
62.608,0.0,0.0,0.0,0.0,0.0,0.0,0.0,0.0,0,0,0.0,0.0,nan,nan,nan,UNKNOWN
62.658,0.0,0.0,0.0,0.0,0.0,0.0,0.0,0.0,0,0,0.0,0.0,nan,nan,nan,UNKNOWN
62.708,0.0,0.0,0.0,0.0,0.0,0.0,0.0,0.0,0,0,0.0,0.0,nan,nan,nan,UNKNOWN
62.758,0.0,0.0,0.0,0.0,0.0,0.0,0.0,0.0,0,0,0.0,0.0,nan,nan,nan,UNKNOWN
62.808,0.0,0.0,0.0,0.0,0.0,0.0,0.0,0.0,0,0,0.0,0.0,nan,nan,nan,UNKNOWN
62.858,0.0,0.0,0.0,0.0,0.0,0.0,0.0,0.0,0,0,0.0,0.0,nan,nan,nan,UNKNOWN
62.908,0.0,0.0,0.0,0.0,0.0,0.0,0.0,0.0,0,0,0.0,0.0,nan,nan,nan,UNKNOWN
62.958,0.0,0.0,0.0,0.0,0.0,0.0,0.0,0.0,0,0,0.0,0.0,nan,nan,nan,UNKNOWN
63.008,0.0,0.0,0.0,0.0,0.0,0.0,0.0,0.0,0,0,0.0,0.0,nan,nan,nan,UNKNOWN
63.061,0.0,0.0,0.0,0.0,0.0,0.0,0.0,0.0,0,0,0.0,0.0,nan,nan,nan,UNKNOWN
63.109,0.0,0.0,0.0,0.0,0.0,0.0,0.0,0.0,0,0,0.0,0.0,nan,nan,nan,UNKNOWN
63.159,0.0,0.0,0.0,0.0,0.0,0.0,0.0,0.0,0,0,0.0,0.0,nan,nan,nan,UNKNOWN
63.208,0.0,0.0,0.0,0.0,0.0,0.0,0.0,0.0,0,0,0.0,0.0,nan,nan,nan,UNKNOWN
63.259,0.0,0.0,0.0,0.0,0.0,0.0,0.0,0.0,0,0,0.0,0.0,nan,nan,nan,UNKNOWN
63.308,0.0,0.0,0.0,0.0,0.0,0.0,0.0,0.0,0,0,0.0,0.0,nan,nan,nan,UNKNOWN
63.358,0.0,0.0,0.0,0.0,0.0,0.0,0.0,0.0,0,0,0.0,0.0,nan,nan,nan,UNKNOWN
63.408,0.0,0.0,0.0,0.0,0.0,0.0,0.0,0.0,0,0,0.0,0.0,nan,nan,nan,UNKNOWN
63.458,0.0,0.0,0.0,0.0,0.0,0.0,0.0,0.0,0,0,0.0,0.0,nan,nan,nan,UNKNOWN
63.508,0.0,0.0,0.0,0.0,0.0,0.0,0.0,0.0,0,0,0.0,0.0,nan,nan,nan,UNKNOWN
63.558,0.0,0.0,0.0,0.0,0.0,0.0,0.0,0.0,0,0,0.0,0.0,nan,nan,nan,UNKNOWN
63.608,0.0,0.0,0.0,0.0,0.0,0.0,0.0,0.0,0,0,0.0,0.0,nan,nan,nan,UNKNOWN
63.658,0.0,0.0,0.0,0.0,0.0,0.0,0.0,0.0,0,0,0.0,0.0,nan,nan,nan,UNKNOWN
63.708,0.0,0.0,0.0,0.0,0.0,0.0,0.0,0.0,0,0,0.0,0.0,nan,nan,nan,UNKNOWN
63.758,0.0,0.0,0.0,0.0,0.0,0.0,0.0,0.0,0,0,0.0,0.0,nan,nan,nan,UNKNOWN
63.808,-0.05,0.0,-0.05,-0.05,0.0,0.0,-0.05,-0.05,0,0,0.0,0.0,nan,nan,nan,UNKNOWN
63.858,-0.05,0.0,-0.05,-0.05,0.0,0.0,-0.05,-0.05,-2,-2,0.0019,0.0019,nan,nan,nan,UNKNOWN
63.908,-0.05,0.0,-0.05,-0.05,-0.0049,-0.0049,-0.0451,-0.0451,-2,-2,0.0019,0.0019,nan,nan,nan,UNKNOWN
63.958,-0.05,0.0,-0.05,-0.05,-0.0049,-0.0049,-0.0451,-0.0451,-13,-14,0.012,0.013,nan,nan,nan,UNKNOWN
64.008,-0.05,0.0,-0.05,-0.05,-0.0437,-0.0475,-0.0063,-0.0025,-13,-14,0.012,0.013,nan,nan,nan,UNKNOWN
64.06,-0.05,0.0,-0.05,-0.05,-0.0437,-0.0475,-0.0063,-0.0025,-22,-24,0.0204,0.0222,nan,nan,nan,UNKNOWN
64.108,-0.05,0.0,-0.05,-0.05,-0.0437,-0.0475,-0.0063,-0.0025,-22,-24,0.0204,0.0222,nan,nan,nan,UNKNOWN
64.158,-0.05,0.0,-0.05,-0.05,-0.0633,-0.068,0.0133,0.018,-28,-30,0.0259,0.0278,nan,nan,nan,UNKNOWN
64.208,-0.05,0.0,-0.05,-0.05,-0.0633,-0.068,0.0133,0.018,-28,-30,0.0259,0.0278,nan,nan,nan,UNKNOWN
64.258,-0.05,0.0,-0.05,-0.05,-0.0633,-0.068,0.0133,0.018,-33,-35,0.0306,0.0324,nan,nan,nan,UNKNOWN
64.308,-0.05,0.0,-0.05,-0.05,-0.0503,-0.0532,0.0003,0.0032,-33,-35,0.0306,0.0324,nan,nan,nan,UNKNOWN
64.358,-0.05,0.0,-0.05,-0.05,-0.0503,-0.0532,0.0003,0.0032,-38,-40,0.0352,0.0371,nan,nan,nan,UNKNOWN
64.408,-0.05,0.0,-0.05,-0.05,-0.0487,-0.0504,-0.0013,0.0004,-38,-40,0.0352,0.0371,nan,nan,nan,UNKNOWN
64.458,-0.05,0.0,-0.05,-0.05,-0.0487,-0.0504,-0.0013,0.0004,-44,-46,0.0408,0.0426,nan,nan,nan,UNKNOWN
64.508,-0.05,0.0,-0.05,-0.05,-0.0487,-0.0504,-0.0013,0.0004,-44,-46,0.0408,0.0426,nan,nan,nan,UNKNOWN
64.558,-0.05,0.0,-0.05,-0.05,-0.0564,-0.0574,0.0064,0.0074,-49,-51,0.0454,0.0473,nan,nan,nan,UNKNOWN
64.608,-0.05,0.0,-0.05,-0.05,-0.0564,-0.0574,0.0064,0.0074,-49,-51,0.0454,0.0473,nan,nan,nan,UNKNOWN
64.658,-0.05,0.0,-0.05,-0.05,-0.0564,-0.0574,0.0064,0.0074,-55,-57,0.051,0.0528,nan,nan,nan,UNKNOWN
64.708,-0.05,0.0,-0.05,-0.05,-0.0487,-0.0493,-0.0013,-0.0007,-55,-57,0.051,0.0528,nan,nan,nan,UNKNOWN
64.758,-0.05,0.0,-0.05,-0.05,-0.0487,-0.0493,-0.0013,-0.0007,-60,-62,0.0556,0.0575,nan,nan,nan,UNKNOWN
64.808,-0.05,0.0,-0.05,-0.05,-0.0487,-0.0493,-0.0013,-0.0007,-60,-62,0.0556,0.0575,nan,nan,nan,UNKNOWN
64.858,-0.05,0.0,-0.05,-0.05,-0.0539,-0.0567,0.0039,0.0067,-65,-68,0.0602,0.063,nan,nan,nan,UNKNOWN
64.908,-0.05,0.0,-0.05,-0.05,-0.0539,-0.0567,0.0039,0.0067,-65,-68,0.0602,0.063,nan,nan,nan,UNKNOWN
64.958,-0.05,0.0,-0.05,-0.05,-0.0539,-0.0567,0.0039,0.0067,-65,-68,0.0602,0.063,nan,nan,nan,UNKNOWN
65.008,-0.05,0.0,-0.05,-0.05,-0.0472,-0.0464,-0.0028,-0.0036,-71,-73,0.0658,0.0677,nan,nan,nan,UNKNOWN
65.06,-0.05,0.0,-0.05,-0.05,-0.0472,-0.0464,-0.0028,-0.0036,-71,-73,0.0658,0.0677,nan,nan,nan,UNKNOWN
65.108,-0.05,0.0,-0.05,-0.05,-0.0468,-0.0501,-0.0032,0.0001,-76,-79,0.0704,0.0732,nan,nan,nan,UNKNOWN
65.158,-0.05,0.0,-0.05,-0.05,-0.0468,-0.0501,-0.0032,0.0001,-76,-79,0.0704,0.0732,nan,nan,nan,UNKNOWN
65.209,-0.05,0.0,-0.05,-0.05,-0.0503,-0.056,0.0003,0.006,-82,-86,0.076,0.0797,nan,nan,nan,UNKNOWN
65.258,-0.05,0.0,-0.05,-0.05,-0.0503,-0.056,0.0003,0.006,-82,-86,0.076,0.0797,nan,nan,nan,UNKNOWN
65.309,-0.05,0.0,-0.05,-0.05,-0.0524,-0.0595,0.0024,0.0095,-88,-93,0.0816,0.0862,nan,nan,nan,UNKNOWN
65.358,-0.05,0.0,-0.05,-0.05,-0.0524,-0.0595,0.0024,0.0095,-88,-93,0.0816,0.0862,nan,nan,nan,UNKNOWN
65.408,-0.05,0.0,-0.05,-0.05,-0.0524,-0.0595,0.0024,0.0095,-93,-99,0.0862,0.0918,nan,nan,nan,UNKNOWN
65.458,-0.05,0.0,-0.05,-0.05,-0.0438,-0.0506,-0.0062,0.0006,-93,-99,0.0862,0.0918,nan,nan,nan,UNKNOWN
65.508,-0.05,0.0,-0.05,-0.05,-0.0438,-0.0506,-0.0062,0.0006,-99,-104,0.0918,0.0964,nan,nan,nan,UNKNOWN
65.558,-0.05,0.0,-0.05,-0.05,-0.0485,-0.0489,-0.0015,-0.0011,-99,-104,0.0918,0.0964,nan,nan,nan,UNKNOWN
65.608,-0.05,0.0,-0.05,-0.05,-0.0485,-0.0489,-0.0015,-0.0011,-105,-111,0.0973,0.1029,nan,nan,nan,UNKNOWN
65.658,-0.05,0.0,-0.05,-0.05,-0.0514,-0.0553,0.0014,0.0053,-105,-111,0.0973,0.1029,nan,nan,nan,UNKNOWN
65.708,-0.05,0.0,0.0,0.0,-0.0514,-0.0553,0.0514,0.0553,-111,-118,0.1029,0.1094,nan,nan,nan,UNKNOWN
65.758,-0.05,0.0,0.0,0.0,-0.0514,-0.0553,0.0514,0.0553,-111,-118,0.1029,0.1094,nan,nan,nan,UNKNOWN
65.808,-0.05,0.0,0.0,0.0,-0.0531,-0.0603,0.0531,0.0603,-114,-122,0.1057,0.1131,nan,nan,nan,UNKNOWN
65.858,-0.05,0.0,0.0,0.0,-0.0531,-0.0603,0.0531,0.0603,-114,-122,0.1057,0.1131,nan,nan,nan,UNKNOWN
65.908,-0.05,0.0,0.0,0.0,-0.0531,-0.0603,0.0531,0.0603,-114,-122,0.1057,0.1131,nan,nan,nan,UNKNOWN
65.958,-0.05,0.0,0.0,0.0,-0.0424,-0.0483,0.0424,0.0483,-114,-122,0.1057,0.1131,nan,nan,nan,UNKNOWN
66.008,-0.05,0.0,0.0,0.0,-0.0424,-0.0483,0.0424,0.0483,-114,-122,0.1057,0.1131,nan,nan,nan,UNKNOWN
66.06,-0.05,0.0,0.0,0.0,-0.034,-0.0386,0.034,0.0386,-114,-122,0.1057,0.1131,nan,nan,nan,UNKNOWN
66.108,-0.05,0.0,0.0,0.0,-0.034,-0.0386,0.034,0.0386,-114,-122,0.1057,0.1131,nan,nan,nan,UNKNOWN
66.158,-0.05,0.0,0.0,0.0,-0.034,-0.0386,0.034,0.0386,-114,-122,0.1057,0.1131,nan,nan,nan,UNKNOWN
66.208,-0.05,0.0,0.0,0.0,-0.0272,-0.0309,0.0272,0.0309,-114,-122,0.1057,0.1131,nan,nan,nan,UNKNOWN
66.258,-0.05,0.0,0.0,0.0,-0.0272,-0.0309,0.0272,0.0309,-114,-122,0.1057,0.1131,nan,nan,nan,UNKNOWN
66.308,-0.05,0.0,0.0,0.0,-0.0272,-0.0309,0.0272,0.0309,-114,-122,0.1057,0.1131,nan,nan,nan,UNKNOWN
66.358,-0.05,0.0,0.0,0.0,-0.0217,-0.0247,0.0217,0.0247,-114,-122,0.1057,0.1131,nan,nan,nan,UNKNOWN
66.408,-0.05,0.0,0.0,0.0,-0.0217,-0.0247,0.0217,0.0247,-114,-122,0.1057,0.1131,nan,nan,nan,UNKNOWN
66.458,-0.05,0.0,0.0,0.0,-0.0174,-0.0198,0.0174,0.0198,-114,-122,0.1057,0.1131,nan,nan,nan,UNKNOWN
66.508,-0.05,0.0,0.0,0.0,-0.0174,-0.0198,0.0174,0.0198,-114,-122,0.1057,0.1131,nan,nan,nan,UNKNOWN
66.558,-0.05,0.0,0.0,0.0,-0.0174,-0.0198,0.0174,0.0198,-114,-122,0.1057,0.1131,nan,nan,nan,UNKNOWN
66.608,-0.05,0.0,0.0,0.0,-0.0139,-0.0158,0.0139,0.0158,-114,-122,0.1057,0.1131,nan,nan,nan,UNKNOWN
66.658,-0.05,0.0,0.0,0.0,-0.0139,-0.0158,0.0139,0.0158,-114,-122,0.1057,0.1131,nan,nan,nan,UNKNOWN
66.708,-0.05,0.0,0.0,0.0,-0.0139,-0.0158,0.0139,0.0158,-114,-122,0.1057,0.1131,nan,nan,nan,UNKNOWN
66.758,-0.05,0.0,0.0,0.0,-0.0111,-0.0127,0.0111,0.0127,-114,-122,0.1057,0.1131,nan,nan,nan,UNKNOWN
66.808,-0.05,0.0,0.0,0.0,-0.0111,-0.0127,0.0111,0.0127,-114,-122,0.1057,0.1131,nan,nan,nan,UNKNOWN
66.858,-0.05,0.0,0.0,0.0,-0.0089,-0.0101,0.0089,0.0101,-114,-122,0.1057,0.1131,nan,nan,nan,UNKNOWN
66.908,-0.05,0.0,0.0,0.0,-0.0089,-0.0101,0.0089,0.0101,-114,-122,0.1057,0.1131,nan,nan,nan,UNKNOWN
66.958,-0.05,0.0,0.0,0.0,-0.0089,-0.0101,0.0089,0.0101,-114,-122,0.1057,0.1131,nan,nan,nan,UNKNOWN
67.008,-0.05,0.0,0.0,0.0,-0.0071,-0.0081,0.0071,0.0081,-114,-122,0.1057,0.1131,nan,nan,nan,UNKNOWN
67.06,-0.05,0.0,0.0,0.0,-0.0071,-0.0081,0.0071,0.0081,-114,-122,0.1057,0.1131,nan,nan,nan,UNKNOWN
67.108,-0.05,0.0,0.0,0.0,-0.0057,-0.0065,0.0057,0.0065,-114,-122,0.1057,0.1131,nan,nan,nan,UNKNOWN
67.158,-0.05,0.0,0.0,0.0,-0.0057,-0.0065,0.0057,0.0065,-114,-122,0.1057,0.1131,nan,nan,nan,UNKNOWN
67.208,-0.05,0.0,0.0,0.0,-0.0057,-0.0065,0.0057,0.0065,-114,-122,0.1057,0.1131,nan,nan,nan,UNKNOWN
67.258,-0.05,0.0,0.0,0.0,-0.0046,-0.0052,0.0046,0.0052,-114,-122,0.1057,0.1131,nan,nan,nan,UNKNOWN
67.308,-0.05,0.0,0.0,0.0,-0.0046,-0.0052,0.0046,0.0052,-114,-122,0.1057,0.1131,nan,nan,nan,UNKNOWN
67.358,-0.05,0.0,0.0,0.0,-0.0046,-0.0052,0.0046,0.0052,-114,-122,0.1057,0.1131,nan,nan,nan,UNKNOWN
67.408,-0.05,0.0,0.0,0.0,-0.0036,-0.0041,0.0036,0.0041,-114,-122,0.1057,0.1131,nan,nan,nan,UNKNOWN
67.458,-0.05,0.0,0.0,0.0,-0.0036,-0.0041,0.0036,0.0041,-114,-122,0.1057,0.1131,nan,nan,nan,UNKNOWN
67.508,-0.05,0.0,0.0,0.0,-0.0029,-0.0033,0.0029,0.0033,-114,-122,0.1057,0.1131,nan,nan,nan,UNKNOWN
67.558,-0.05,0.0,0.0,0.0,-0.0029,-0.0033,0.0029,0.0033,-114,-122,0.1057,0.1131,nan,nan,nan,UNKNOWN
67.608,-0.05,0.0,0.0,0.0,-0.0023,-0.0027,0.0023,0.0027,-114,-122,0.1057,0.1131,nan,nan,nan,UNKNOWN
67.658,-0.05,0.0,0.0,0.0,-0.0023,-0.0027,0.0023,0.0027,-114,-122,0.1057,0.1131,nan,nan,nan,UNKNOWN
67.708,-0.05,0.0,0.0,0.0,-0.0019,-0.0021,0.0019,0.0021,-114,-122,0.1057,0.1131,nan,nan,nan,UNKNOWN
67.758,-0.05,0.0,0.0,0.0,-0.0019,-0.0021,0.0019,0.0021,-114,-122,0.1057,0.1131,nan,nan,nan,UNKNOWN
67.808,-0.05,0.0,0.0,0.0,-0.0015,-0.0017,0.0015,0.0017,-114,-122,0.1057,0.1131,nan,nan,nan,UNKNOWN
67.858,-0.05,0.0,0.0,0.0,-0.0015,-0.0017,0.0015,0.0017,-114,-122,0.1057,0.1131,nan,nan,nan,UNKNOWN
67.908,-0.05,0.0,0.0,0.0,-0.0015,-0.0017,0.0015,0.0017,-114,-122,0.1057,0.1131,nan,nan,nan,UNKNOWN
67.958,-0.05,0.0,0.0,0.0,-0.0012,-0.0014,0.0012,0.0014,-114,-122,0.1057,0.1131,nan,nan,nan,UNKNOWN
68.008,-0.05,0.0,0.0,0.0,-0.0012,-0.0014,0.0012,0.0014,-114,-122,0.1057,0.1131,nan,nan,nan,UNKNOWN
68.06,-0.05,0.0,0.0,0.0,0.0,-0.0011,0.0,0.0011,-114,-122,0.1057,0.1131,nan,nan,nan,UNKNOWN
68.108,-0.05,0.0,0.0,0.0,0.0,-0.0011,0.0,0.0011,-114,-122,0.1057,0.1131,nan,nan,nan,UNKNOWN
68.158,-0.05,0.0,0.0,0.0,0.0,-0.0011,0.0,0.0011,-114,-122,0.1057,0.1131,nan,nan,nan,UNKNOWN
68.208,-0.05,0.0,0.0,0.0,0.0,-0.0031,0.0,0.0031,-114,-123,0.1057,0.114,nan,nan,nan,UNKNOWN
68.258,-0.05,0.0,0.0,0.0,0.0,-0.0031,0.0,0.0031,-114,-123,0.1057,0.114,nan,nan,nan,UNKNOWN
68.308,-0.05,0.0,0.0,0.0,0.0,-0.0031,0.0,0.0031,-114,-123,0.1057,0.114,nan,nan,nan,UNKNOWN
68.358,-0.05,0.0,0.0,0.0,0.0,-0.0025,0.0,0.0025,-114,-123,0.1057,0.114,nan,nan,nan,UNKNOWN
68.408,-0.05,0.0,0.0,0.0,0.0,-0.0025,0.0,0.0025,-114,-123,0.1057,0.114,nan,nan,nan,UNKNOWN
68.458,-0.05,0.0,0.0,0.0,0.0,-0.0025,0.0,0.0025,-114,-123,0.1057,0.114,nan,nan,nan,UNKNOWN
68.508,-0.05,0.0,0.0,0.0,0.0,-0.002,0.0,0.002,-114,-123,0.1057,0.114,nan,nan,nan,UNKNOWN
68.558,-0.05,0.0,0.0,0.0,0.0,-0.002,0.0,0.002,-114,-123,0.1057,0.114,nan,nan,nan,UNKNOWN
68.608,-0.05,0.0,0.0,0.0,0.0,-0.0016,0.0,0.0016,-114,-123,0.1057,0.114,nan,nan,nan,UNKNOWN
68.658,-0.05,0.0,0.0,0.0,0.0,-0.0016,0.0,0.0016,-114,-123,0.1057,0.114,nan,nan,nan,UNKNOWN
68.708,-0.05,0.0,0.0,0.0,0.0,-0.0013,0.0,0.0013,-114,-123,0.1057,0.114,nan,nan,nan,UNKNOWN
68.758,-0.05,0.0,0.0,0.0,0.0,-0.0013,0.0,0.0013,-114,-123,0.1057,0.114,nan,nan,nan,UNKNOWN
68.808,-0.05,0.0,0.0,0.0,0.0,-0.0013,0.0,0.0013,-114,-123,0.1057,0.114,nan,nan,nan,UNKNOWN
68.858,-0.05,0.0,0.0,0.0,0.0,-0.001,0.0,0.001,-114,-123,0.1057,0.114,nan,nan,nan,UNKNOWN
68.908,-0.05,0.0,0.0,0.0,0.0,-0.001,0.0,0.001,-114,-123,0.1057,0.114,nan,nan,nan,UNKNOWN
68.958,-0.05,0.0,0.0,0.0,0.0,0.0,0.0,0.0,-114,-123,0.1057,0.114,nan,nan,nan,UNKNOWN
69.008,-0.05,0.0,0.0,0.0,0.0,0.0,0.0,0.0,-114,-123,0.1057,0.114,nan,nan,nan,UNKNOWN
69.059,-0.05,0.0,0.0,0.0,0.0,0.0,0.0,0.0,-114,-123,0.1057,0.114,nan,nan,nan,UNKNOWN
69.108,-0.05,0.0,0.0,0.0,0.0,0.0,0.0,0.0,-114,-123,0.1057,0.114,nan,nan,nan,UNKNOWN
69.158,-0.05,0.0,0.0,0.0,0.0,0.0,0.0,0.0,-114,-123,0.1057,0.114,nan,nan,nan,UNKNOWN
69.208,-0.05,0.0,0.0,0.0,0.0,0.0,0.0,0.0,-114,-123,0.1057,0.114,nan,nan,nan,UNKNOWN
69.258,-0.05,0.0,0.0,0.0,0.0,0.0,0.0,0.0,-114,-123,0.1057,0.114,nan,nan,nan,UNKNOWN
69.308,-0.05,0.0,0.0,0.0,0.0,0.0,0.0,0.0,-114,-123,0.1057,0.114,nan,nan,nan,UNKNOWN
69.358,-0.05,0.0,0.0,0.0,0.0,0.0,0.0,0.0,-114,-123,0.1057,0.114,nan,nan,nan,UNKNOWN
69.408,-0.05,0.0,0.0,0.0,0.0,0.0,0.0,0.0,-114,-123,0.1057,0.114,nan,nan,nan,UNKNOWN
69.458,-0.05,0.0,0.0,0.0,0.0,0.0,0.0,0.0,-114,-123,0.1057,0.114,nan,nan,nan,UNKNOWN
69.508,-0.05,0.0,0.0,0.0,0.0,0.0,0.0,0.0,-114,-123,0.1057,0.114,nan,nan,nan,UNKNOWN
69.558,-0.05,0.0,0.0,0.0,0.0,0.0,0.0,0.0,-114,-123,0.1057,0.114,nan,nan,nan,UNKNOWN
69.608,-0.05,0.0,0.0,0.0,0.0,0.0,0.0,0.0,-114,-123,0.1057,0.114,nan,nan,nan,UNKNOWN
69.658,-0.05,0.0,0.0,0.0,0.0,0.0,0.0,0.0,-114,-123,0.1057,0.114,nan,nan,nan,UNKNOWN
69.708,-0.05,0.0,0.0,0.0,0.0,0.0,0.0,0.0,-114,-123,0.1057,0.114,nan,nan,nan,UNKNOWN
69.758,-0.05,0.0,0.0,0.0,0.0,0.0,0.0,0.0,-114,-123,0.1057,0.114,nan,nan,nan,UNKNOWN
69.808,-0.05,0.0,0.0,0.0,0.0,0.0,0.0,0.0,-114,-123,0.1057,0.114,nan,nan,nan,UNKNOWN
69.858,-0.05,0.0,0.0,0.0,0.0,0.0,0.0,0.0,-114,-123,0.1057,0.114,nan,nan,nan,UNKNOWN
69.908,-0.05,0.0,0.0,0.0,0.0,0.0,0.0,0.0,-114,-123,0.1057,0.114,nan,nan,nan,UNKNOWN
69.958,-0.05,0.0,0.0,0.0,0.0,0.0,0.0,0.0,-114,-123,0.1057,0.114,nan,nan,nan,UNKNOWN
70.008,-0.05,0.0,0.0,0.0,0.0,0.0,0.0,0.0,-114,-123,0.1057,0.114,nan,nan,nan,UNKNOWN
70.06,-0.05,0.0,0.0,0.0,0.0,0.0,0.0,0.0,-114,-123,0.1057,0.114,nan,nan,nan,UNKNOWN
70.108,-0.05,0.0,0.0,0.0,0.0,0.0,0.0,0.0,-114,-123,0.1057,0.114,nan,nan,nan,UNKNOWN
70.158,-0.05,0.0,0.0,0.0,0.0,0.0,0.0,0.0,-114,-123,0.1057,0.114,nan,nan,nan,UNKNOWN
70.208,-0.05,0.0,0.0,0.0,0.0,0.0,0.0,0.0,-114,-123,0.1057,0.114,nan,nan,nan,UNKNOWN
70.258,-0.05,0.0,0.0,0.0,0.0,0.0,0.0,0.0,-114,-123,0.1057,0.114,nan,nan,nan,UNKNOWN
70.308,-0.05,0.0,0.0,0.0,0.0,0.0,0.0,0.0,-114,-123,0.1057,0.114,nan,nan,nan,UNKNOWN
70.358,-0.05,0.0,0.0,0.0,0.0,0.0,0.0,0.0,-114,-123,0.1057,0.114,nan,nan,nan,UNKNOWN
70.408,-0.05,0.0,0.0,0.0,0.0,0.0,0.0,0.0,-114,-123,0.1057,0.114,nan,nan,nan,UNKNOWN
70.458,-0.05,0.0,0.0,0.0,0.0,0.0,0.0,0.0,-114,-123,0.1057,0.114,nan,nan,nan,UNKNOWN
70.508,-0.05,0.0,0.0,0.0,0.0,0.0,0.0,0.0,-114,-123,0.1057,0.114,nan,nan,nan,UNKNOWN
70.558,-0.05,0.0,0.0,0.0,0.0,0.0,0.0,0.0,-114,-123,0.1057,0.114,nan,nan,nan,UNKNOWN
70.608,-0.05,0.0,0.0,0.0,0.0,0.0,0.0,0.0,-114,-123,0.1057,0.114,nan,nan,nan,UNKNOWN
70.658,-0.05,0.0,0.0,0.0,0.0,0.0,0.0,0.0,-114,-123,0.1057,0.114,nan,nan,nan,UNKNOWN
70.708,-0.05,0.0,0.0,0.0,0.0,0.0,0.0,0.0,-114,-123,0.1057,0.114,nan,nan,nan,UNKNOWN
70.758,-0.05,0.0,0.0,0.0,0.0,0.0,0.0,0.0,-114,-123,0.1057,0.114,nan,nan,nan,UNKNOWN
70.808,-0.05,0.0,0.0,0.0,0.0,0.0,0.0,0.0,-114,-123,0.1057,0.114,nan,nan,nan,UNKNOWN
70.858,-0.05,0.0,0.0,0.0,0.0,0.0,0.0,0.0,-114,-123,0.1057,0.114,nan,nan,nan,UNKNOWN
70.908,-0.05,0.0,0.0,0.0,0.0,0.0,0.0,0.0,-114,-123,0.1057,0.114,nan,nan,nan,UNKNOWN
70.958,-0.05,0.0,0.0,0.0,0.0,0.0,0.0,0.0,-114,-123,0.1057,0.114,nan,nan,nan,UNKNOWN
71.008,-0.05,0.0,0.0,0.0,0.0,0.0,0.0,0.0,-114,-123,0.1057,0.114,nan,nan,nan,UNKNOWN
71.059,-0.05,0.0,0.0,0.0,0.0,0.0,0.0,0.0,-114,-123,0.1057,0.114,nan,nan,nan,UNKNOWN
71.108,-0.05,0.0,0.0,0.0,0.0,0.0,0.0,0.0,-114,-123,0.1057,0.114,nan,nan,nan,UNKNOWN
71.158,-0.05,0.0,0.0,0.0,0.0,0.0,0.0,0.0,-114,-123,0.1057,0.114,nan,nan,nan,UNKNOWN
71.208,-0.05,0.0,0.0,0.0,0.0,0.0,0.0,0.0,-114,-123,0.1057,0.114,nan,nan,nan,UNKNOWN
71.258,-0.05,0.0,0.0,0.0,0.0,0.0,0.0,0.0,-114,-123,0.1057,0.114,nan,nan,nan,UNKNOWN
71.308,-0.05,0.0,0.0,0.0,0.0,0.0,0.0,0.0,-114,-123,0.1057,0.114,nan,nan,nan,UNKNOWN
71.358,-0.05,0.0,0.0,0.0,0.0,0.0,0.0,0.0,-114,-123,0.1057,0.114,nan,nan,nan,UNKNOWN
71.408,-0.05,0.0,0.0,0.0,0.0,0.0,0.0,0.0,-114,-123,0.1057,0.114,nan,nan,nan,UNKNOWN
71.458,-0.05,0.0,0.0,0.0,0.0,0.0,0.0,0.0,-114,-123,0.1057,0.114,nan,nan,nan,UNKNOWN
71.508,-0.05,0.0,0.0,0.0,0.0,0.0,0.0,0.0,-114,-123,0.1057,0.114,nan,nan,nan,UNKNOWN
71.558,-0.05,0.0,0.0,0.0,0.0,0.0,0.0,0.0,-114,-123,0.1057,0.114,nan,nan,nan,UNKNOWN
71.608,-0.05,0.0,0.0,0.0,0.0,0.0,0.0,0.0,-114,-123,0.1057,0.114,nan,nan,nan,UNKNOWN
71.658,-0.05,0.0,0.0,0.0,0.0,0.0,0.0,0.0,-114,-123,0.1057,0.114,nan,nan,nan,UNKNOWN
71.708,-0.05,0.0,0.0,0.0,0.0,0.0,0.0,0.0,-114,-123,0.1057,0.114,nan,nan,nan,UNKNOWN
71.758,-0.05,0.0,0.0,0.0,0.0,0.0,0.0,0.0,-114,-123,0.1057,0.114,nan,nan,nan,UNKNOWN
71.808,-0.05,0.0,0.0,0.0,0.0,0.0,0.0,0.0,-114,-123,0.1057,0.114,nan,nan,nan,UNKNOWN
71.858,-0.05,0.0,0.0,0.0,0.0,0.0,0.0,0.0,-114,-123,0.1057,0.114,nan,nan,nan,UNKNOWN
71.908,-0.05,0.0,0.0,0.0,0.0,0.0,0.0,0.0,-114,-123,0.1057,0.114,nan,nan,nan,UNKNOWN
71.958,-0.05,0.0,0.0,0.0,0.0,0.0,0.0,0.0,-114,-123,0.1057,0.114,nan,nan,nan,UNKNOWN
72.008,-0.05,0.0,0.0,0.0,0.0,0.0,0.0,0.0,-114,-123,0.1057,0.114,nan,nan,nan,UNKNOWN
72.059,-0.05,0.0,0.0,0.0,0.0,0.0,0.0,0.0,-114,-123,0.1057,0.114,nan,nan,nan,UNKNOWN
72.108,-0.05,0.0,0.0,0.0,0.0,0.0,0.0,0.0,-114,-123,0.1057,0.114,nan,nan,nan,UNKNOWN
72.158,-0.05,0.0,0.0,0.0,0.0,0.0,0.0,0.0,-114,-123,0.1057,0.114,nan,nan,nan,UNKNOWN
72.208,-0.05,0.0,0.0,0.0,0.0,0.0,0.0,0.0,-114,-123,0.1057,0.114,nan,nan,nan,UNKNOWN
72.258,-0.05,0.0,0.0,0.0,0.0,0.0,0.0,0.0,-114,-123,0.1057,0.114,nan,nan,nan,UNKNOWN
72.308,-0.05,0.0,0.0,0.0,0.0,0.0,0.0,0.0,-114,-123,0.1057,0.114,nan,nan,nan,UNKNOWN
72.358,-0.05,0.0,0.0,0.0,0.0,0.0,0.0,0.0,-114,-123,0.1057,0.114,nan,nan,nan,UNKNOWN
72.408,-0.05,0.0,0.0,0.0,0.0,0.0,0.0,0.0,-114,-123,0.1057,0.114,nan,nan,nan,UNKNOWN
72.458,-0.05,0.0,0.0,0.0,0.0,0.0,0.0,0.0,-114,-123,0.1057,0.114,nan,nan,nan,UNKNOWN
72.508,-0.05,0.0,0.0,0.0,0.0,0.0,0.0,0.0,-114,-123,0.1057,0.114,nan,nan,nan,UNKNOWN
72.558,-0.05,0.0,0.0,0.0,0.0,0.0,0.0,0.0,-114,-123,0.1057,0.114,nan,nan,nan,UNKNOWN
72.608,-0.05,0.0,0.0,0.0,0.0,0.0,0.0,0.0,-114,-123,0.1057,0.114,nan,nan,nan,UNKNOWN
72.658,-0.05,0.0,0.0,0.0,0.0,0.0,0.0,0.0,-114,-123,0.1057,0.114,nan,nan,nan,UNKNOWN
72.708,-0.05,0.0,0.0,0.0,0.0,0.0,0.0,0.0,-114,-123,0.1057,0.114,nan,nan,nan,UNKNOWN
72.758,-0.05,0.0,0.0,0.0,0.0,0.0,0.0,0.0,-114,-123,0.1057,0.114,nan,nan,nan,UNKNOWN
72.808,-0.05,0.0,0.0,0.0,0.0,0.0,0.0,0.0,-114,-123,0.1057,0.114,nan,nan,nan,UNKNOWN
72.858,-0.05,0.0,0.0,0.0,0.0,0.0,0.0,0.0,-114,-123,0.1057,0.114,nan,nan,nan,UNKNOWN
72.908,-0.05,0.0,0.0,0.0,0.0,0.0,0.0,0.0,-114,-123,0.1057,0.114,nan,nan,nan,UNKNOWN
72.958,-0.05,0.0,0.0,0.0,0.0,0.0,0.0,0.0,-114,-123,0.1057,0.114,nan,nan,nan,UNKNOWN
73.008,-0.05,0.0,0.0,0.0,0.0,0.0,0.0,0.0,-114,-123,0.1057,0.114,nan,nan,nan,UNKNOWN
73.059,-0.05,0.0,0.0,0.0,0.0,0.0,0.0,0.0,-114,-123,0.1057,0.114,nan,nan,nan,UNKNOWN
73.108,-0.05,0.0,0.0,0.0,0.0,0.0,0.0,0.0,-114,-123,0.1057,0.114,nan,nan,nan,UNKNOWN
73.158,-0.05,0.0,0.0,0.0,0.0,0.0,0.0,0.0,-114,-123,0.1057,0.114,nan,nan,nan,UNKNOWN
73.208,-0.05,0.0,0.0,0.0,0.0,0.0,0.0,0.0,-114,-123,0.1057,0.114,nan,nan,nan,UNKNOWN
73.258,-0.05,0.0,0.0,0.0,0.0,0.0,0.0,0.0,-114,-123,0.1057,0.114,nan,nan,nan,UNKNOWN
73.308,-0.05,0.0,0.0,0.0,0.0,0.0,0.0,0.0,-114,-123,0.1057,0.114,nan,nan,nan,UNKNOWN
73.358,-0.05,0.0,0.0,0.0,0.0,0.0,0.0,0.0,-114,-123,0.1057,0.114,nan,nan,nan,UNKNOWN
73.408,-0.05,0.0,0.0,0.0,0.0,0.0,0.0,0.0,-114,-123,0.1057,0.114,nan,nan,nan,UNKNOWN
73.458,-0.05,0.0,0.0,0.0,0.0,0.0,0.0,0.0,-114,-123,0.1057,0.114,nan,nan,nan,UNKNOWN
73.508,-0.05,0.0,0.0,0.0,0.0,0.0,0.0,0.0,-114,-123,0.1057,0.114,nan,nan,nan,UNKNOWN
73.558,-0.05,0.0,0.0,0.0,0.0,0.0,0.0,0.0,-114,-123,0.1057,0.114,nan,nan,nan,UNKNOWN
73.608,-0.05,0.0,0.0,0.0,0.0,0.0,0.0,0.0,-114,-123,0.1057,0.114,nan,nan,nan,UNKNOWN
73.658,-0.05,0.0,0.0,0.0,0.0,0.0,0.0,0.0,-114,-123,0.1057,0.114,nan,nan,nan,UNKNOWN
73.708,-0.05,0.0,0.0,0.0,0.0,0.0,0.0,0.0,-114,-123,0.1057,0.114,nan,nan,nan,UNKNOWN
73.758,-0.05,0.0,0.0,0.0,0.0,0.0,0.0,0.0,-114,-123,0.1057,0.114,nan,nan,nan,UNKNOWN
73.808,-0.05,0.0,0.0,0.0,0.0,0.0,0.0,0.0,-114,-123,0.1057,0.114,nan,nan,nan,UNKNOWN
73.858,-0.05,0.0,0.0,0.0,0.0,0.0,0.0,0.0,-114,-123,0.1057,0.114,nan,nan,nan,UNKNOWN
73.908,-0.05,0.0,0.0,0.0,0.0,0.0,0.0,0.0,-114,-123,0.1057,0.114,nan,nan,nan,UNKNOWN
73.958,-0.05,0.0,0.0,0.0,0.0,0.0,0.0,0.0,-114,-123,0.1057,0.114,nan,nan,nan,UNKNOWN
74.008,-0.05,0.0,0.0,0.0,0.0,0.0,0.0,0.0,-114,-123,0.1057,0.114,nan,nan,nan,UNKNOWN
74.059,-0.05,0.0,0.0,0.0,0.0,0.0,0.0,0.0,-114,-123,0.1057,0.114,nan,nan,nan,UNKNOWN
74.108,-0.05,0.0,0.0,0.0,0.0,0.0,0.0,0.0,-114,-123,0.1057,0.114,nan,nan,nan,UNKNOWN
74.158,-0.05,0.0,0.0,0.0,0.0,0.0,0.0,0.0,-114,-123,0.1057,0.114,nan,nan,nan,UNKNOWN
74.208,-0.05,0.0,0.0,0.0,0.0,0.0,0.0,0.0,-114,-123,0.1057,0.114,nan,nan,nan,UNKNOWN
74.258,-0.05,0.0,0.0,0.0,0.0,0.0,0.0,0.0,-114,-123,0.1057,0.114,nan,nan,nan,UNKNOWN
74.308,-0.05,0.0,0.0,0.0,0.0,0.0,0.0,0.0,-114,-123,0.1057,0.114,nan,nan,nan,UNKNOWN
74.358,-0.05,0.0,0.0,0.0,0.0,0.0,0.0,0.0,-114,-123,0.1057,0.114,nan,nan,nan,UNKNOWN
74.408,-0.05,0.0,0.0,0.0,0.0,0.0,0.0,0.0,-114,-123,0.1057,0.114,nan,nan,nan,UNKNOWN
74.458,-0.05,0.0,0.0,0.0,0.0,0.0,0.0,0.0,-114,-123,0.1057,0.114,nan,nan,nan,UNKNOWN
74.508,-0.05,0.0,0.0,0.0,0.0,0.0,0.0,0.0,-114,-123,0.1057,0.114,nan,nan,nan,UNKNOWN
74.558,-0.05,0.0,0.0,0.0,0.0,0.0,0.0,0.0,-114,-123,0.1057,0.114,nan,nan,nan,UNKNOWN
74.608,-0.05,0.0,0.0,0.0,0.0,0.0,0.0,0.0,-114,-123,0.1057,0.114,nan,nan,nan,UNKNOWN
74.658,-0.05,0.0,0.0,0.0,0.0,0.0,0.0,0.0,-114,-123,0.1057,0.114,nan,nan,nan,UNKNOWN
74.708,-0.05,0.0,0.0,0.0,0.0,0.0,0.0,0.0,-114,-123,0.1057,0.114,nan,nan,nan,UNKNOWN
74.758,-0.05,0.0,0.0,0.0,0.0,0.0,0.0,0.0,-114,-123,0.1057,0.114,nan,nan,nan,UNKNOWN
74.808,-0.05,0.0,0.0,0.0,0.0,0.0,0.0,0.0,-114,-123,0.1057,0.114,nan,nan,nan,UNKNOWN
74.858,-0.05,0.0,0.0,0.0,0.0,0.0,0.0,0.0,-114,-123,0.1057,0.114,nan,nan,nan,UNKNOWN
74.908,-0.05,0.0,0.0,0.0,0.0,0.0,0.0,0.0,-114,-123,0.1057,0.114,nan,nan,nan,UNKNOWN
74.958,-0.05,0.0,0.0,0.0,0.0,0.0,0.0,0.0,-114,-123,0.1057,0.114,nan,nan,nan,UNKNOWN
75.008,-0.05,0.0,0.0,0.0,0.0,0.0,0.0,0.0,-114,-123,0.1057,0.114,nan,nan,nan,UNKNOWN
75.059,-0.05,0.0,0.0,0.0,0.0,0.0,0.0,0.0,-114,-123,0.1057,0.114,nan,nan,nan,UNKNOWN
75.108,-0.05,0.0,0.0,0.0,0.0,0.0,0.0,0.0,-114,-123,0.1057,0.114,nan,nan,nan,UNKNOWN
75.158,-0.05,0.0,0.0,0.0,0.0,0.0,0.0,0.0,-114,-123,0.1057,0.114,nan,nan,nan,UNKNOWN
75.208,-0.05,0.0,0.0,0.0,0.0,0.0,0.0,0.0,-114,-123,0.1057,0.114,nan,nan,nan,UNKNOWN
75.258,-0.05,0.0,0.0,0.0,0.0,0.0,0.0,0.0,-114,-123,0.1057,0.114,nan,nan,nan,UNKNOWN
75.308,-0.05,0.0,0.0,0.0,0.0,0.0,0.0,0.0,-114,-123,0.1057,0.114,nan,nan,nan,UNKNOWN
75.358,-0.05,0.0,0.0,0.0,0.0,0.0,0.0,0.0,-114,-123,0.1057,0.114,nan,nan,nan,UNKNOWN
75.408,-0.05,0.0,0.0,0.0,0.0,0.0,0.0,0.0,-114,-123,0.1057,0.114,nan,nan,nan,UNKNOWN
75.458,-0.05,0.0,0.0,0.0,0.0,0.0,0.0,0.0,-114,-123,0.1057,0.114,nan,nan,nan,UNKNOWN
75.508,-0.05,0.0,0.0,0.0,0.0,0.0,0.0,0.0,-114,-123,0.1057,0.114,nan,nan,nan,UNKNOWN
75.558,-0.05,0.0,0.0,0.0,0.0,0.0,0.0,0.0,-114,-123,0.1057,0.114,nan,nan,nan,UNKNOWN
75.608,-0.05,0.0,0.0,0.0,0.0,0.0,0.0,0.0,-114,-123,0.1057,0.114,nan,nan,nan,UNKNOWN
75.658,-0.05,0.0,0.0,0.0,0.0,0.0,0.0,0.0,-114,-123,0.1057,0.114,nan,nan,nan,UNKNOWN
75.708,-0.05,0.0,0.0,0.0,0.0,0.0,0.0,0.0,-114,-123,0.1057,0.114,nan,nan,nan,UNKNOWN
75.758,-0.05,0.0,0.0,0.0,0.0,0.0,0.0,0.0,-114,-123,0.1057,0.114,nan,nan,nan,UNKNOWN
75.808,-0.05,0.0,0.0,0.0,0.0,0.0,0.0,0.0,-114,-123,0.1057,0.114,nan,nan,nan,UNKNOWN
75.858,-0.05,0.0,0.0,0.0,0.0,0.0,0.0,0.0,-114,-123,0.1057,0.114,nan,nan,nan,UNKNOWN
75.908,-0.05,0.0,0.0,0.0,0.0,0.0,0.0,0.0,-114,-123,0.1057,0.114,nan,nan,nan,UNKNOWN
75.958,-0.05,0.0,0.0,0.0,0.0,0.0,0.0,0.0,-114,-123,0.1057,0.114,nan,nan,nan,UNKNOWN
76.008,-0.05,0.0,0.0,0.0,0.0,0.0,0.0,0.0,-114,-123,0.1057,0.114,nan,nan,nan,UNKNOWN
76.059,-0.05,0.0,0.0,0.0,0.0,0.0,0.0,0.0,-114,-123,0.1057,0.114,nan,nan,nan,UNKNOWN
76.108,-0.05,0.0,0.0,0.0,0.0,0.0,0.0,0.0,-114,-123,0.1057,0.114,nan,nan,nan,UNKNOWN
76.158,-0.05,0.0,0.0,0.0,0.0,0.0,0.0,0.0,-114,-123,0.1057,0.114,nan,nan,nan,UNKNOWN
76.208,-0.05,0.0,0.0,0.0,0.0,0.0,0.0,0.0,-114,-123,0.1057,0.114,nan,nan,nan,UNKNOWN
76.258,-0.05,0.0,0.0,0.0,0.0,0.0,0.0,0.0,-114,-123,0.1057,0.114,nan,nan,nan,UNKNOWN
76.308,-0.05,0.0,0.0,0.0,0.0,0.0,0.0,0.0,-114,-123,0.1057,0.114,nan,nan,nan,UNKNOWN
76.358,-0.05,0.0,0.0,0.0,0.0,0.0,0.0,0.0,-114,-123,0.1057,0.114,nan,nan,nan,UNKNOWN
76.408,-0.05,0.0,0.0,0.0,0.0,0.0,0.0,0.0,-114,-123,0.1057,0.114,nan,nan,nan,UNKNOWN
76.458,-0.05,0.0,0.0,0.0,0.0,0.0,0.0,0.0,-114,-123,0.1057,0.114,nan,nan,nan,UNKNOWN
76.508,-0.05,0.0,0.0,0.0,0.0,0.0,0.0,0.0,-114,-123,0.1057,0.114,nan,nan,nan,UNKNOWN
76.558,-0.05,0.0,0.0,0.0,0.0,0.0,0.0,0.0,-114,-123,0.1057,0.114,nan,nan,nan,UNKNOWN
76.608,-0.05,0.0,0.0,0.0,0.0,0.0,0.0,0.0,-114,-123,0.1057,0.114,nan,nan,nan,UNKNOWN
76.658,-0.05,0.0,0.0,0.0,0.0,0.0,0.0,0.0,-114,-123,0.1057,0.114,nan,nan,nan,UNKNOWN
76.708,-0.05,0.0,0.0,0.0,0.0,0.0,0.0,0.0,-114,-123,0.1057,0.114,nan,nan,nan,UNKNOWN
76.758,-0.05,0.0,0.0,0.0,0.0,0.0,0.0,0.0,-114,-123,0.1057,0.114,nan,nan,nan,UNKNOWN
76.808,-0.05,0.0,0.0,0.0,0.0,0.0,0.0,0.0,-114,-123,0.1057,0.114,nan,nan,nan,UNKNOWN
76.858,-0.05,0.0,0.0,0.0,0.0,0.0,0.0,0.0,-114,-123,0.1057,0.114,nan,nan,nan,UNKNOWN
76.908,-0.05,0.0,0.0,0.0,0.0,0.0,0.0,0.0,-114,-123,0.1057,0.114,nan,nan,nan,UNKNOWN
76.958,-0.05,0.0,0.0,0.0,0.0,0.0,0.0,0.0,-114,-123,0.1057,0.114,nan,nan,nan,UNKNOWN
77.008,-0.05,0.0,0.0,0.0,0.0,0.0,0.0,0.0,-114,-123,0.1057,0.114,nan,nan,nan,UNKNOWN
77.06,-0.05,0.0,0.0,0.0,0.0,0.0,0.0,0.0,-114,-123,0.1057,0.114,nan,nan,nan,UNKNOWN
77.108,-0.05,0.0,0.0,0.0,0.0,0.0,0.0,0.0,-114,-123,0.1057,0.114,nan,nan,nan,UNKNOWN
77.158,-0.05,0.0,0.0,0.0,0.0,0.0,0.0,0.0,-114,-123,0.1057,0.114,nan,nan,nan,UNKNOWN
77.208,-0.05,0.0,0.0,0.0,0.0,0.0,0.0,0.0,-114,-123,0.1057,0.114,nan,nan,nan,UNKNOWN
77.258,-0.05,0.0,0.0,0.0,0.0,0.0,0.0,0.0,-114,-123,0.1057,0.114,nan,nan,nan,UNKNOWN
77.308,-0.05,0.0,0.0,0.0,0.0,0.0,0.0,0.0,-114,-123,0.1057,0.114,nan,nan,nan,UNKNOWN
77.358,-0.05,0.0,0.0,0.0,0.0,0.0,0.0,0.0,-114,-123,0.1057,0.114,nan,nan,nan,UNKNOWN
77.408,-0.05,0.0,0.0,0.0,0.0,0.0,0.0,0.0,-114,-123,0.1057,0.114,nan,nan,nan,UNKNOWN
77.458,-0.05,0.0,0.0,0.0,0.0,0.0,0.0,0.0,-114,-123,0.1057,0.114,nan,nan,nan,UNKNOWN
77.508,-0.05,0.0,0.0,0.0,0.0,0.0,0.0,0.0,-114,-123,0.1057,0.114,nan,nan,nan,UNKNOWN
77.558,-0.05,0.0,0.0,0.0,0.0,0.0,0.0,0.0,-114,-123,0.1057,0.114,nan,nan,nan,UNKNOWN
77.608,-0.05,0.0,0.0,0.0,0.0,0.0,0.0,0.0,-114,-123,0.1057,0.114,nan,nan,nan,UNKNOWN
77.658,-0.05,0.0,0.0,0.0,0.0,0.0,0.0,0.0,-114,-123,0.1057,0.114,nan,nan,nan,UNKNOWN
77.708,-0.05,0.0,0.0,0.0,0.0,0.0,0.0,0.0,-114,-123,0.1057,0.114,nan,nan,nan,UNKNOWN
77.758,-0.05,0.0,0.0,0.0,0.0,0.0,0.0,0.0,-114,-123,0.1057,0.114,nan,nan,nan,UNKNOWN
77.808,-0.05,0.0,0.0,0.0,0.0,0.0,0.0,0.0,-114,-123,0.1057,0.114,nan,nan,nan,UNKNOWN
77.858,-0.05,0.0,0.0,0.0,0.0,0.0,0.0,0.0,-114,-123,0.1057,0.114,nan,nan,nan,UNKNOWN
77.908,-0.05,0.0,0.0,0.0,0.0,0.0,0.0,0.0,-114,-123,0.1057,0.114,nan,nan,nan,UNKNOWN
77.958,-0.05,0.0,0.0,0.0,0.0,0.0,0.0,0.0,-114,-123,0.1057,0.114,nan,nan,nan,UNKNOWN
78.008,-0.05,0.0,0.0,0.0,0.0,0.0,0.0,0.0,-114,-123,0.1057,0.114,nan,nan,nan,UNKNOWN
78.059,-0.05,0.0,0.0,0.0,0.0,0.0,0.0,0.0,-114,-123,0.1057,0.114,nan,nan,nan,UNKNOWN
78.108,-0.05,0.0,0.0,0.0,0.0,0.0,0.0,0.0,-114,-123,0.1057,0.114,nan,nan,nan,UNKNOWN
78.158,-0.05,0.0,0.0,0.0,0.0,0.0,0.0,0.0,-114,-123,0.1057,0.114,nan,nan,nan,UNKNOWN
78.208,-0.05,0.0,0.0,0.0,0.0,0.0,0.0,0.0,-114,-123,0.1057,0.114,nan,nan,nan,UNKNOWN
78.258,-0.05,0.0,0.0,0.0,0.0,0.0,0.0,0.0,-114,-123,0.1057,0.114,nan,nan,nan,UNKNOWN
78.308,-0.05,0.0,0.0,0.0,0.0,0.0,0.0,0.0,-114,-123,0.1057,0.114,nan,nan,nan,UNKNOWN
78.358,-0.05,0.0,0.0,0.0,0.0,0.0,0.0,0.0,-114,-123,0.1057,0.114,nan,nan,nan,UNKNOWN
78.408,-0.05,0.0,0.0,0.0,0.0,0.0,0.0,0.0,-114,-123,0.1057,0.114,nan,nan,nan,UNKNOWN
78.458,-0.05,0.0,0.0,0.0,0.0,0.0,0.0,0.0,-114,-123,0.1057,0.114,nan,nan,nan,UNKNOWN
78.508,-0.05,0.0,0.0,0.0,0.0,0.0,0.0,0.0,-114,-123,0.1057,0.114,nan,nan,nan,UNKNOWN
78.558,-0.05,0.0,0.0,0.0,0.0,0.0,0.0,0.0,-114,-123,0.1057,0.114,nan,nan,nan,UNKNOWN
78.608,-0.05,0.0,0.0,0.0,0.0,0.0,0.0,0.0,-114,-123,0.1057,0.114,nan,nan,nan,UNKNOWN
78.658,-0.05,0.0,0.0,0.0,0.0,0.0,0.0,0.0,-114,-123,0.1057,0.114,nan,nan,nan,UNKNOWN
78.708,-0.05,0.0,0.0,0.0,0.0,0.0,0.0,0.0,-114,-123,0.1057,0.114,nan,nan,nan,UNKNOWN
78.758,-0.05,0.0,0.0,0.0,0.0,0.0,0.0,0.0,-114,-123,0.1057,0.114,nan,nan,nan,UNKNOWN
78.808,-0.05,0.0,0.0,0.0,0.0,0.0,0.0,0.0,-114,-123,0.1057,0.114,nan,nan,nan,UNKNOWN
78.858,-0.05,0.0,0.0,0.0,0.0,0.0,0.0,0.0,-114,-123,0.1057,0.114,nan,nan,nan,UNKNOWN
78.908,-0.05,0.0,0.0,0.0,0.0,0.0,0.0,0.0,-114,-123,0.1057,0.114,nan,nan,nan,UNKNOWN
78.958,-0.05,0.0,0.0,0.0,0.0,0.0,0.0,0.0,-114,-123,0.1057,0.114,nan,nan,nan,UNKNOWN
79.008,-0.05,0.0,0.0,0.0,0.0,0.0,0.0,0.0,-114,-123,0.1057,0.114,nan,nan,nan,UNKNOWN
79.06,-0.05,0.0,0.0,0.0,0.0,0.0,0.0,0.0,-114,-123,0.1057,0.114,nan,nan,nan,UNKNOWN
79.108,-0.05,0.0,0.0,0.0,0.0,0.0,0.0,0.0,-114,-123,0.1057,0.114,nan,nan,nan,UNKNOWN
79.158,-0.05,0.0,0.0,0.0,0.0,0.0,0.0,0.0,-114,-123,0.1057,0.114,nan,nan,nan,UNKNOWN
79.208,-0.05,0.0,0.0,0.0,0.0,0.0,0.0,0.0,-114,-123,0.1057,0.114,nan,nan,nan,UNKNOWN
79.258,-0.05,0.0,0.0,0.0,0.0,0.0,0.0,0.0,-114,-123,0.1057,0.114,nan,nan,nan,UNKNOWN
79.308,-0.05,0.0,0.0,0.0,0.0,0.0,0.0,0.0,-114,-123,0.1057,0.114,nan,nan,nan,UNKNOWN
79.358,-0.05,0.0,0.0,0.0,0.0,0.0,0.0,0.0,-114,-123,0.1057,0.114,nan,nan,nan,UNKNOWN
79.408,-0.05,0.0,0.0,0.0,0.0,0.0,0.0,0.0,-114,-123,0.1057,0.114,nan,nan,nan,UNKNOWN
79.458,-0.05,0.0,0.0,0.0,0.0,0.0,0.0,0.0,-114,-123,0.1057,0.114,nan,nan,nan,UNKNOWN
79.508,-0.05,0.0,0.0,0.0,0.0,0.0,0.0,0.0,-114,-123,0.1057,0.114,nan,nan,nan,UNKNOWN
79.558,-0.05,0.0,0.0,0.0,0.0,0.0,0.0,0.0,-114,-123,0.1057,0.114,nan,nan,nan,UNKNOWN
79.608,-0.05,0.0,0.0,0.0,0.0,0.0,0.0,0.0,-114,-123,0.1057,0.114,nan,nan,nan,UNKNOWN
79.658,-0.05,0.0,0.0,0.0,0.0,0.0,0.0,0.0,-114,-123,0.1057,0.114,nan,nan,nan,UNKNOWN
79.708,-0.05,0.0,0.0,0.0,0.0,0.0,0.0,0.0,-114,-123,0.1057,0.114,nan,nan,nan,UNKNOWN
79.758,-0.05,0.0,0.0,0.0,0.0,0.0,0.0,0.0,-114,-123,0.1057,0.114,nan,nan,nan,UNKNOWN
79.808,-0.05,0.0,0.0,0.0,0.0,0.0,0.0,0.0,-114,-123,0.1057,0.114,nan,nan,nan,UNKNOWN
79.858,-0.05,0.0,0.0,0.0,0.0,0.0,0.0,0.0,-114,-123,0.1057,0.114,nan,nan,nan,UNKNOWN
79.908,-0.05,0.0,0.0,0.0,0.0,0.0,0.0,0.0,-114,-123,0.1057,0.114,nan,nan,nan,UNKNOWN
79.958,-0.05,0.0,0.0,0.0,0.0,0.0,0.0,0.0,-114,-123,0.1057,0.114,nan,nan,nan,UNKNOWN
80.008,-0.05,0.0,0.0,0.0,0.0,0.0,0.0,0.0,-114,-123,0.1057,0.114,nan,nan,nan,UNKNOWN
80.06,-0.05,0.0,0.0,0.0,0.0,0.0,0.0,0.0,-114,-123,0.1057,0.114,nan,nan,nan,UNKNOWN
80.108,-0.05,0.0,0.0,0.0,0.0,0.0,0.0,0.0,-114,-123,0.1057,0.114,nan,nan,nan,UNKNOWN
80.158,-0.05,0.0,0.0,0.0,0.0,0.0,0.0,0.0,-114,-123,0.1057,0.114,nan,nan,nan,UNKNOWN
80.208,-0.05,0.0,0.0,0.0,0.0,0.0,0.0,0.0,-114,-123,0.1057,0.114,nan,nan,nan,UNKNOWN
80.258,-0.05,0.0,0.0,0.0,0.0,0.0,0.0,0.0,-114,-123,0.1057,0.114,nan,nan,nan,UNKNOWN
80.308,-0.05,0.0,0.0,0.0,0.0,0.0,0.0,0.0,-114,-123,0.1057,0.114,nan,nan,nan,UNKNOWN
80.358,-0.05,0.0,0.0,0.0,0.0,0.0,0.0,0.0,-114,-123,0.1057,0.114,nan,nan,nan,UNKNOWN
80.408,-0.05,0.0,0.0,0.0,0.0,0.0,0.0,0.0,-114,-123,0.1057,0.114,nan,nan,nan,UNKNOWN
80.458,-0.05,0.0,0.0,0.0,0.0,0.0,0.0,0.0,-114,-123,0.1057,0.114,nan,nan,nan,UNKNOWN
80.508,-0.05,0.0,0.0,0.0,0.0,0.0,0.0,0.0,-114,-123,0.1057,0.114,nan,nan,nan,UNKNOWN
80.558,-0.05,0.0,0.0,0.0,0.0,0.0,0.0,0.0,-114,-123,0.1057,0.114,nan,nan,nan,UNKNOWN
80.608,-0.05,0.0,0.0,0.0,0.0,0.0,0.0,0.0,-114,-123,0.1057,0.114,nan,nan,nan,UNKNOWN
80.658,-0.05,0.0,0.0,0.0,0.0,0.0,0.0,0.0,-114,-123,0.1057,0.114,nan,nan,nan,UNKNOWN
80.708,-0.05,0.0,0.0,0.0,0.0,0.0,0.0,0.0,-114,-123,0.1057,0.114,nan,nan,nan,UNKNOWN
80.758,-0.05,0.0,0.0,0.0,0.0,0.0,0.0,0.0,-114,-123,0.1057,0.114,nan,nan,nan,UNKNOWN
80.808,-0.05,0.0,0.0,0.0,0.0,0.0,0.0,0.0,-114,-123,0.1057,0.114,nan,nan,nan,UNKNOWN
80.858,-0.05,0.0,0.0,0.0,0.0,0.0,0.0,0.0,-114,-123,0.1057,0.114,nan,nan,nan,UNKNOWN
80.908,-0.05,0.0,0.0,0.0,0.0,0.0,0.0,0.0,-114,-123,0.1057,0.114,nan,nan,nan,UNKNOWN
80.958,-0.05,0.0,0.0,0.0,0.0,0.0,0.0,0.0,-114,-123,0.1057,0.114,nan,nan,nan,UNKNOWN
81.008,-0.05,0.0,0.0,0.0,0.0,0.0,0.0,0.0,-114,-123,0.1057,0.114,nan,nan,nan,UNKNOWN
81.06,-0.05,0.0,0.0,0.0,0.0,0.0,0.0,0.0,-114,-123,0.1057,0.114,nan,nan,nan,UNKNOWN
81.108,-0.05,0.0,0.0,0.0,0.0,0.0,0.0,0.0,-114,-123,0.1057,0.114,nan,nan,nan,UNKNOWN
81.158,-0.05,0.0,0.0,0.0,0.0,0.0,0.0,0.0,-114,-123,0.1057,0.114,nan,nan,nan,UNKNOWN
81.208,-0.05,0.0,0.0,0.0,0.0,0.0,0.0,0.0,-114,-123,0.1057,0.114,nan,nan,nan,UNKNOWN
81.258,-0.05,0.0,0.0,0.0,0.0,0.0,0.0,0.0,-114,-123,0.1057,0.114,nan,nan,nan,UNKNOWN
81.308,-0.05,0.0,0.0,0.0,0.0,0.0,0.0,0.0,-114,-123,0.1057,0.114,nan,nan,nan,UNKNOWN
81.358,-0.05,0.0,0.0,0.0,0.0,0.0,0.0,0.0,-114,-123,0.1057,0.114,nan,nan,nan,UNKNOWN
81.408,-0.05,0.0,0.0,0.0,0.0,0.0,0.0,0.0,-114,-123,0.1057,0.114,nan,nan,nan,UNKNOWN
81.458,-0.05,0.0,0.0,0.0,0.0,0.0,0.0,0.0,-114,-123,0.1057,0.114,nan,nan,nan,UNKNOWN
81.508,-0.05,0.0,0.0,0.0,0.0,0.0,0.0,0.0,-114,-123,0.1057,0.114,nan,nan,nan,UNKNOWN
81.558,-0.05,0.0,0.0,0.0,0.0,0.0,0.0,0.0,-114,-123,0.1057,0.114,nan,nan,nan,UNKNOWN
81.608,-0.05,0.0,0.0,0.0,0.0,0.0,0.0,0.0,-114,-123,0.1057,0.114,nan,nan,nan,UNKNOWN
81.658,-0.05,0.0,0.0,0.0,0.0,0.0,0.0,0.0,-114,-123,0.1057,0.114,nan,nan,nan,UNKNOWN
81.708,-0.05,0.0,0.0,0.0,0.0,0.0,0.0,0.0,-114,-123,0.1057,0.114,nan,nan,nan,UNKNOWN
81.758,-0.05,0.0,0.0,0.0,0.0,0.0,0.0,0.0,-114,-123,0.1057,0.114,nan,nan,nan,UNKNOWN
81.808,-0.05,0.0,0.0,0.0,0.0,0.0,0.0,0.0,-114,-123,0.1057,0.114,nan,nan,nan,UNKNOWN
81.858,-0.05,0.0,0.0,0.0,0.0,0.0,0.0,0.0,-114,-123,0.1057,0.114,nan,nan,nan,UNKNOWN
81.908,-0.05,0.0,0.0,0.0,0.0,0.0,0.0,0.0,-114,-123,0.1057,0.114,nan,nan,nan,UNKNOWN
81.958,-0.05,0.0,0.0,0.0,0.0,0.0,0.0,0.0,-114,-123,0.1057,0.114,nan,nan,nan,UNKNOWN
82.008,-0.05,0.0,0.0,0.0,0.0,0.0,0.0,0.0,-114,-123,0.1057,0.114,nan,nan,nan,UNKNOWN
82.06,-0.05,0.0,0.0,0.0,0.0,0.0,0.0,0.0,-114,-123,0.1057,0.114,nan,nan,nan,UNKNOWN
82.108,-0.05,0.0,0.0,0.0,0.0,0.0,0.0,0.0,-114,-123,0.1057,0.114,nan,nan,nan,UNKNOWN
82.158,-0.05,0.0,0.0,0.0,0.0,0.0,0.0,0.0,-114,-123,0.1057,0.114,nan,nan,nan,UNKNOWN
82.208,-0.05,0.0,0.0,0.0,0.0,0.0,0.0,0.0,-114,-123,0.1057,0.114,nan,nan,nan,UNKNOWN
82.258,-0.05,0.0,0.0,0.0,0.0,0.0,0.0,0.0,-114,-123,0.1057,0.114,nan,nan,nan,UNKNOWN
82.308,-0.05,0.0,0.0,0.0,0.0,0.0,0.0,0.0,-114,-123,0.1057,0.114,nan,nan,nan,UNKNOWN
82.358,-0.05,0.0,0.0,0.0,0.0,0.0,0.0,0.0,-114,-123,0.1057,0.114,nan,nan,nan,UNKNOWN
82.408,-0.05,0.0,0.0,0.0,0.0,0.0,0.0,0.0,-114,-123,0.1057,0.114,nan,nan,nan,UNKNOWN
82.458,-0.05,0.0,0.0,0.0,0.0,0.0,0.0,0.0,-114,-123,0.1057,0.114,nan,nan,nan,UNKNOWN
82.508,-0.05,0.0,0.0,0.0,0.0,0.0,0.0,0.0,-114,-123,0.1057,0.114,nan,nan,nan,UNKNOWN
82.558,-0.05,0.0,0.0,0.0,0.0,0.0,0.0,0.0,-114,-123,0.1057,0.114,nan,nan,nan,UNKNOWN
82.608,-0.05,0.0,0.0,0.0,0.0,0.0,0.0,0.0,-114,-123,0.1057,0.114,nan,nan,nan,UNKNOWN
82.658,-0.05,0.0,0.0,0.0,0.0,0.0,0.0,0.0,-114,-123,0.1057,0.114,nan,nan,nan,UNKNOWN
82.708,-0.05,0.0,0.0,0.0,0.0,0.0,0.0,0.0,-114,-123,0.1057,0.114,nan,nan,nan,UNKNOWN
82.758,-0.05,0.0,0.0,0.0,0.0,0.0,0.0,0.0,-114,-123,0.1057,0.114,nan,nan,nan,UNKNOWN
82.808,-0.05,0.0,0.0,0.0,0.0,0.0,0.0,0.0,-114,-123,0.1057,0.114,nan,nan,nan,UNKNOWN
82.858,-0.05,0.0,0.0,0.0,0.0,0.0,0.0,0.0,-114,-123,0.1057,0.114,nan,nan,nan,UNKNOWN
82.908,-0.05,0.0,0.0,0.0,0.0,0.0,0.0,0.0,-114,-123,0.1057,0.114,nan,nan,nan,UNKNOWN
82.958,-0.05,0.0,0.0,0.0,0.0,0.0,0.0,0.0,-114,-123,0.1057,0.114,nan,nan,nan,UNKNOWN
83.008,-0.05,0.0,0.0,0.0,0.0,0.0,0.0,0.0,-114,-123,0.1057,0.114,nan,nan,nan,UNKNOWN
83.059,-0.05,0.0,0.0,0.0,0.0,0.0,0.0,0.0,-114,-123,0.1057,0.114,nan,nan,nan,UNKNOWN
83.108,-0.05,0.0,0.0,0.0,0.0,0.0,0.0,0.0,-114,-123,0.1057,0.114,nan,nan,nan,UNKNOWN
83.158,-0.05,0.0,0.0,0.0,0.0,0.0,0.0,0.0,-114,-123,0.1057,0.114,nan,nan,nan,UNKNOWN
83.208,-0.05,0.0,0.0,0.0,0.0,0.0,0.0,0.0,-114,-123,0.1057,0.114,nan,nan,nan,UNKNOWN
83.258,-0.05,0.0,0.0,0.0,0.0,0.0,0.0,0.0,-114,-123,0.1057,0.114,nan,nan,nan,UNKNOWN
83.308,-0.05,0.0,0.0,0.0,0.0,0.0,0.0,0.0,-114,-123,0.1057,0.114,nan,nan,nan,UNKNOWN
83.358,-0.05,0.0,0.0,0.0,0.0,0.0,0.0,0.0,-114,-123,0.1057,0.114,nan,nan,nan,UNKNOWN
83.408,-0.05,0.0,0.0,0.0,0.0,0.0,0.0,0.0,-114,-123,0.1057,0.114,nan,nan,nan,UNKNOWN
83.458,-0.05,0.0,0.0,0.0,0.0,0.0,0.0,0.0,-114,-123,0.1057,0.114,nan,nan,nan,UNKNOWN
83.508,-0.05,0.0,0.0,0.0,0.0,0.0,0.0,0.0,-114,-123,0.1057,0.114,nan,nan,nan,UNKNOWN
83.558,-0.05,0.0,0.0,0.0,0.0,0.0,0.0,0.0,-114,-123,0.1057,0.114,nan,nan,nan,UNKNOWN
83.608,-0.05,0.0,0.0,0.0,0.0,0.0,0.0,0.0,-114,-123,0.1057,0.114,nan,nan,nan,UNKNOWN
83.658,-0.05,0.0,0.0,0.0,0.0,0.0,0.0,0.0,-114,-123,0.1057,0.114,nan,nan,nan,UNKNOWN
83.708,-0.05,0.0,0.0,0.0,0.0,0.0,0.0,0.0,-114,-123,0.1057,0.114,nan,nan,nan,UNKNOWN
83.758,-0.05,0.0,0.0,0.0,0.0,0.0,0.0,0.0,-114,-123,0.1057,0.114,nan,nan,nan,UNKNOWN
83.808,-0.05,0.0,0.0,0.0,0.0,0.0,0.0,0.0,-114,-123,0.1057,0.114,nan,nan,nan,UNKNOWN
83.858,-0.05,0.0,0.0,0.0,0.0,0.0,0.0,0.0,-114,-123,0.1057,0.114,nan,nan,nan,UNKNOWN
83.908,-0.05,0.0,0.0,0.0,0.0,0.0,0.0,0.0,-114,-123,0.1057,0.114,nan,nan,nan,UNKNOWN
83.958,-0.05,0.0,0.0,0.0,0.0,0.0,0.0,0.0,-114,-123,0.1057,0.114,nan,nan,nan,UNKNOWN
84.008,-0.05,0.0,0.0,0.0,0.0,0.0,0.0,0.0,-114,-123,0.1057,0.114,nan,nan,nan,UNKNOWN
84.06,-0.05,0.0,0.0,0.0,0.0,0.0,0.0,0.0,-114,-123,0.1057,0.114,nan,nan,nan,UNKNOWN
84.108,-0.05,0.0,0.0,0.0,0.0,0.0,0.0,0.0,-114,-123,0.1057,0.114,nan,nan,nan,UNKNOWN
84.158,-0.05,0.0,0.0,0.0,0.0,0.0,0.0,0.0,-114,-123,0.1057,0.114,nan,nan,nan,UNKNOWN
84.208,-0.05,0.0,0.0,0.0,0.0,0.0,0.0,0.0,-114,-123,0.1057,0.114,nan,nan,nan,UNKNOWN
84.258,-0.05,0.0,0.0,0.0,0.0,0.0,0.0,0.0,-114,-123,0.1057,0.114,nan,nan,nan,UNKNOWN
84.308,-0.05,0.0,0.0,0.0,0.0,0.0,0.0,0.0,-114,-123,0.1057,0.114,nan,nan,nan,UNKNOWN
84.358,-0.05,0.0,0.0,0.0,0.0,0.0,0.0,0.0,-114,-123,0.1057,0.114,nan,nan,nan,UNKNOWN
84.408,-0.05,0.0,0.0,0.0,0.0,0.0,0.0,0.0,-114,-123,0.1057,0.114,nan,nan,nan,UNKNOWN
84.458,-0.05,0.0,0.0,0.0,0.0,0.0,0.0,0.0,-114,-123,0.1057,0.114,nan,nan,nan,UNKNOWN
84.508,-0.05,0.0,0.0,0.0,0.0,0.0,0.0,0.0,-114,-123,0.1057,0.114,nan,nan,nan,UNKNOWN
84.558,-0.05,0.0,0.0,0.0,0.0,0.0,0.0,0.0,-114,-123,0.1057,0.114,nan,nan,nan,UNKNOWN
84.608,-0.05,0.0,0.0,0.0,0.0,0.0,0.0,0.0,-114,-123,0.1057,0.114,nan,nan,nan,UNKNOWN
84.658,-0.05,0.0,0.0,0.0,0.0,0.0,0.0,0.0,-114,-123,0.1057,0.114,nan,nan,nan,UNKNOWN
84.708,-0.05,0.0,0.0,0.0,0.0,0.0,0.0,0.0,-114,-123,0.1057,0.114,nan,nan,nan,UNKNOWN
84.758,-0.05,0.0,0.0,0.0,0.0,0.0,0.0,0.0,-114,-123,0.1057,0.114,nan,nan,nan,UNKNOWN
84.808,-0.05,0.0,0.0,0.0,0.0,0.0,0.0,0.0,-114,-123,0.1057,0.114,nan,nan,nan,UNKNOWN
84.858,-0.05,0.0,0.0,0.0,0.0,0.0,0.0,0.0,-114,-123,0.1057,0.114,nan,nan,nan,UNKNOWN
84.908,-0.05,0.0,0.0,0.0,0.0,0.0,0.0,0.0,-114,-123,0.1057,0.114,nan,nan,nan,UNKNOWN
84.958,-0.05,0.0,0.0,0.0,0.0,0.0,0.0,0.0,-114,-123,0.1057,0.114,nan,nan,nan,UNKNOWN
85.008,-0.05,0.0,0.0,0.0,0.0,0.0,0.0,0.0,-114,-123,0.1057,0.114,nan,nan,nan,UNKNOWN
85.06,-0.05,0.0,0.0,0.0,-0.0037,0.0,0.0037,0.0,-115,-123,0.1066,0.114,nan,nan,nan,UNKNOWN
85.108,-0.05,0.0,0.0,0.0,-0.0037,0.0,0.0037,0.0,-115,-123,0.1066,0.114,nan,nan,nan,UNKNOWN
85.158,-0.05,0.0,0.0,0.0,-0.0037,0.0,0.0037,0.0,-115,-123,0.1066,0.114,nan,nan,nan,UNKNOWN
85.208,-0.05,0.0,0.0,0.0,-0.003,0.0,0.003,0.0,-115,-123,0.1066,0.114,nan,nan,nan,UNKNOWN
85.258,-0.05,0.0,0.0,0.0,-0.003,0.0,0.003,0.0,-115,-123,0.1066,0.114,nan,nan,nan,UNKNOWN
85.308,-0.05,0.0,0.0,0.0,-0.003,0.0,0.003,0.0,-115,-123,0.1066,0.114,nan,nan,nan,UNKNOWN
85.358,-0.05,0.0,0.0,0.0,-0.0024,0.0,0.0024,0.0,-115,-123,0.1066,0.114,nan,nan,nan,UNKNOWN
85.408,-0.05,0.0,0.0,0.0,-0.0024,0.0,0.0024,0.0,-115,-123,0.1066,0.114,nan,nan,nan,UNKNOWN
85.458,-0.05,0.0,0.0,0.0,-0.0024,0.0,0.0024,0.0,-115,-123,0.1066,0.114,nan,nan,nan,UNKNOWN
85.508,-0.05,0.0,0.0,0.0,-0.0019,0.0,0.0019,0.0,-115,-123,0.1066,0.114,nan,nan,nan,UNKNOWN
85.558,-0.05,0.0,0.0,0.0,-0.0019,0.0,0.0019,0.0,-115,-123,0.1066,0.114,nan,nan,nan,UNKNOWN
85.608,-0.05,0.0,0.0,0.0,-0.0015,0.0,0.0015,0.0,-115,-123,0.1066,0.114,nan,nan,nan,UNKNOWN
85.658,-0.05,0.0,0.0,0.0,-0.0015,0.0,0.0015,0.0,-115,-123,0.1066,0.114,nan,nan,nan,UNKNOWN
85.708,-0.05,0.0,0.0,0.0,-0.0012,0.0,0.0012,0.0,-115,-123,0.1066,0.114,nan,nan,nan,UNKNOWN
85.758,-0.05,0.0,0.0,0.0,-0.0012,0.0,0.0012,0.0,-115,-123,0.1066,0.114,nan,nan,nan,UNKNOWN
85.808,-0.05,0.0,0.0,0.0,0.0,0.0,0.0,0.0,-115,-123,0.1066,0.114,nan,nan,nan,UNKNOWN
85.858,-0.05,0.0,0.0,0.0,0.0,0.0,0.0,0.0,-115,-123,0.1066,0.114,nan,nan,nan,UNKNOWN
85.908,-0.05,0.0,0.0,0.0,0.0,0.0,0.0,0.0,-115,-123,0.1066,0.114,nan,nan,nan,UNKNOWN
85.958,-0.05,0.0,0.0,0.0,0.0,0.0,0.0,0.0,-115,-123,0.1066,0.114,nan,nan,nan,UNKNOWN
86.008,-0.05,0.0,0.0,0.0,0.0,0.0,0.0,0.0,-115,-123,0.1066,0.114,nan,nan,nan,UNKNOWN
86.06,-0.05,0.0,0.0,0.0,0.0,0.0,0.0,0.0,-115,-123,0.1066,0.114,nan,nan,nan,UNKNOWN
86.108,-0.05,0.0,0.0,0.0,0.0,0.0,0.0,0.0,-115,-123,0.1066,0.114,nan,nan,nan,UNKNOWN
86.158,-0.05,0.0,0.0,0.0,0.0,0.0,0.0,0.0,-115,-123,0.1066,0.114,nan,nan,nan,UNKNOWN
86.208,-0.05,0.0,0.0,0.0,0.0,0.0,0.0,0.0,-115,-123,0.1066,0.114,nan,nan,nan,UNKNOWN
86.258,-0.05,0.0,0.0,0.0,0.0,0.0,0.0,0.0,-115,-123,0.1066,0.114,nan,nan,nan,UNKNOWN
86.308,-0.05,0.0,0.0,0.0,0.0,0.0,0.0,0.0,-115,-123,0.1066,0.114,nan,nan,nan,UNKNOWN
86.358,-0.05,0.0,0.0,0.0,0.0,0.0,0.0,0.0,-115,-123,0.1066,0.114,nan,nan,nan,UNKNOWN
86.408,-0.05,0.0,0.0,0.0,0.0,0.0,0.0,0.0,-115,-123,0.1066,0.114,nan,nan,nan,UNKNOWN
86.458,-0.05,0.0,0.0,0.0,0.0,0.0,0.0,0.0,-115,-123,0.1066,0.114,nan,nan,nan,UNKNOWN
86.508,-0.05,0.0,0.0,0.0,0.0,0.0,0.0,0.0,-115,-123,0.1066,0.114,nan,nan,nan,UNKNOWN
86.558,-0.05,0.0,0.0,0.0,0.0,0.0,0.0,0.0,-115,-123,0.1066,0.114,nan,nan,nan,UNKNOWN
86.608,-0.05,0.0,0.0,0.0,0.0,0.0,0.0,0.0,-115,-123,0.1066,0.114,nan,nan,nan,UNKNOWN
86.658,-0.05,0.0,0.0,0.0,0.0,0.0,0.0,0.0,-115,-123,0.1066,0.114,nan,nan,nan,UNKNOWN
86.708,-0.05,0.0,0.0,0.0,0.0,0.0,0.0,0.0,-115,-123,0.1066,0.114,nan,nan,nan,UNKNOWN
86.758,-0.05,0.0,0.0,0.0,0.0,0.0,0.0,0.0,-115,-123,0.1066,0.114,nan,nan,nan,UNKNOWN
86.808,-0.05,0.0,0.0,0.0,0.0,0.0,0.0,0.0,-115,-123,0.1066,0.114,nan,nan,nan,UNKNOWN
86.858,-0.05,0.0,0.0,0.0,0.0,0.0,0.0,0.0,-115,-123,0.1066,0.114,nan,nan,nan,UNKNOWN
86.908,-0.05,0.0,0.0,0.0,0.0,0.0,0.0,0.0,-115,-123,0.1066,0.114,nan,nan,nan,UNKNOWN
86.958,-0.05,0.0,0.0,0.0,0.0,0.0,0.0,0.0,-115,-123,0.1066,0.114,nan,nan,nan,UNKNOWN
87.008,-0.05,0.0,0.0,0.0,0.0,0.0,0.0,0.0,-115,-123,0.1066,0.114,nan,nan,nan,UNKNOWN
87.06,-0.05,0.0,0.0,0.0,0.0,0.0,0.0,0.0,-115,-123,0.1066,0.114,nan,nan,nan,UNKNOWN
87.108,-0.05,0.0,0.0,0.0,0.0,0.0,0.0,0.0,-115,-123,0.1066,0.114,nan,nan,nan,UNKNOWN
87.158,-0.05,0.0,0.0,0.0,0.0,0.0,0.0,0.0,-115,-123,0.1066,0.114,nan,nan,nan,UNKNOWN
87.208,-0.05,0.0,0.0,0.0,0.0,0.0,0.0,0.0,-115,-123,0.1066,0.114,nan,nan,nan,UNKNOWN
87.258,-0.05,0.0,0.0,0.0,0.0,0.0,0.0,0.0,-115,-123,0.1066,0.114,nan,nan,nan,UNKNOWN
87.308,-0.05,0.0,0.0,0.0,0.0,0.0,0.0,0.0,-115,-123,0.1066,0.114,nan,nan,nan,UNKNOWN
87.358,-0.05,0.0,0.0,0.0,0.0,0.0,0.0,0.0,-115,-123,0.1066,0.114,nan,nan,nan,UNKNOWN
87.408,-0.05,0.0,0.0,0.0,0.0,0.0,0.0,0.0,-115,-123,0.1066,0.114,nan,nan,nan,UNKNOWN
87.458,-0.05,0.0,0.0,0.0,0.0,0.0,0.0,0.0,-115,-123,0.1066,0.114,nan,nan,nan,UNKNOWN
87.508,-0.05,0.0,0.0,0.0,0.0,0.0,0.0,0.0,-115,-123,0.1066,0.114,nan,nan,nan,UNKNOWN
87.558,-0.05,0.0,0.0,0.0,0.0,0.0,0.0,0.0,-115,-123,0.1066,0.114,nan,nan,nan,UNKNOWN
87.608,-0.05,0.0,0.0,0.0,0.0,0.0,0.0,0.0,-115,-123,0.1066,0.114,nan,nan,nan,UNKNOWN
87.658,-0.05,0.0,0.0,0.0,0.0,0.0,0.0,0.0,-115,-123,0.1066,0.114,nan,nan,nan,UNKNOWN
87.708,-0.05,0.0,0.0,0.0,0.0,0.0,0.0,0.0,-115,-123,0.1066,0.114,nan,nan,nan,UNKNOWN
87.758,-0.05,0.0,0.0,0.0,0.0,0.0,0.0,0.0,-115,-123,0.1066,0.114,nan,nan,nan,UNKNOWN
87.808,-0.05,0.0,0.0,0.0,0.0,0.0,0.0,0.0,-115,-123,0.1066,0.114,nan,nan,nan,UNKNOWN
87.858,-0.05,0.0,0.0,0.0,0.0,0.0,0.0,0.0,-115,-123,0.1066,0.114,nan,nan,nan,UNKNOWN
87.908,-0.05,0.0,0.0,0.0,0.0,0.0,0.0,0.0,-115,-123,0.1066,0.114,nan,nan,nan,UNKNOWN
87.958,-0.05,0.0,0.0,0.0,0.0,0.0,0.0,0.0,-115,-123,0.1066,0.114,nan,nan,nan,UNKNOWN
88.008,-0.05,0.0,0.0,0.0,0.0,0.0,0.0,0.0,-115,-123,0.1066,0.114,nan,nan,nan,UNKNOWN
88.06,-0.05,0.0,0.0,0.0,0.0,0.0,0.0,0.0,-115,-123,0.1066,0.114,nan,nan,nan,UNKNOWN
88.108,-0.05,0.0,0.0,0.0,0.0,0.0,0.0,0.0,-115,-123,0.1066,0.114,nan,nan,nan,UNKNOWN
88.158,-0.05,0.0,0.0,0.0,0.0,0.0,0.0,0.0,-115,-123,0.1066,0.114,nan,nan,nan,UNKNOWN
88.208,-0.05,0.0,0.0,0.0,0.0,0.0,0.0,0.0,-115,-123,0.1066,0.114,nan,nan,nan,UNKNOWN
88.258,-0.05,0.0,0.0,0.0,0.0,0.0,0.0,0.0,-115,-123,0.1066,0.114,nan,nan,nan,UNKNOWN
88.308,-0.05,0.0,0.0,0.0,0.0,0.0,0.0,0.0,-115,-123,0.1066,0.114,nan,nan,nan,UNKNOWN
88.358,-0.05,0.0,0.0,0.0,0.0,0.0,0.0,0.0,-115,-123,0.1066,0.114,nan,nan,nan,UNKNOWN
88.408,-0.05,0.0,0.0,0.0,0.0,0.0,0.0,0.0,-115,-123,0.1066,0.114,nan,nan,nan,UNKNOWN
88.458,-0.05,0.0,0.0,0.0,0.0,0.0,0.0,0.0,-115,-123,0.1066,0.114,nan,nan,nan,UNKNOWN
88.508,-0.05,0.0,0.0,0.0,0.0,0.0,0.0,0.0,-115,-123,0.1066,0.114,nan,nan,nan,UNKNOWN
88.558,-0.05,0.0,0.0,0.0,0.0,0.0,0.0,0.0,-115,-123,0.1066,0.114,nan,nan,nan,UNKNOWN
88.608,-0.05,0.0,0.0,0.0,0.0,0.0,0.0,0.0,-115,-123,0.1066,0.114,nan,nan,nan,UNKNOWN
88.658,-0.05,0.0,0.0,0.0,0.0,0.0,0.0,0.0,-115,-123,0.1066,0.114,nan,nan,nan,UNKNOWN
88.708,-0.05,0.0,0.0,0.0,0.0,0.0,0.0,0.0,-115,-123,0.1066,0.114,nan,nan,nan,UNKNOWN
88.758,-0.05,0.0,0.0,0.0,0.0,0.0,0.0,0.0,-115,-123,0.1066,0.114,nan,nan,nan,UNKNOWN
88.808,-0.05,0.0,0.0,0.0,0.0,0.0,0.0,0.0,-115,-123,0.1066,0.114,nan,nan,nan,UNKNOWN
88.858,-0.05,0.0,0.0,0.0,0.0,0.0,0.0,0.0,-115,-123,0.1066,0.114,nan,nan,nan,UNKNOWN
88.908,-0.05,0.0,0.0,0.0,0.0,0.0,0.0,0.0,-115,-123,0.1066,0.114,nan,nan,nan,UNKNOWN
88.958,-0.05,0.0,0.0,0.0,0.0,0.0,0.0,0.0,-115,-123,0.1066,0.114,nan,nan,nan,UNKNOWN
89.008,-0.05,0.0,0.0,0.0,0.0,0.0,0.0,0.0,-115,-123,0.1066,0.114,nan,nan,nan,UNKNOWN
89.06,-0.05,0.0,0.0,0.0,0.0,0.0,0.0,0.0,-115,-123,0.1066,0.114,nan,nan,nan,UNKNOWN
89.108,-0.05,0.0,0.0,0.0,0.0,0.0,0.0,0.0,-115,-123,0.1066,0.114,nan,nan,nan,UNKNOWN
89.158,-0.05,0.0,0.0,0.0,0.0,0.0,0.0,0.0,-115,-123,0.1066,0.114,nan,nan,nan,UNKNOWN
89.208,-0.05,0.0,0.0,0.0,0.0,0.0,0.0,0.0,-115,-123,0.1066,0.114,nan,nan,nan,UNKNOWN
89.258,-0.05,0.0,0.0,0.0,0.0,0.0,0.0,0.0,-115,-123,0.1066,0.114,nan,nan,nan,UNKNOWN
89.308,-0.05,0.0,0.0,0.0,0.0,0.0,0.0,0.0,-115,-123,0.1066,0.114,nan,nan,nan,UNKNOWN
89.358,-0.05,0.0,0.0,0.0,0.0,0.0,0.0,0.0,-115,-123,0.1066,0.114,nan,nan,nan,UNKNOWN
89.408,-0.05,0.0,0.0,0.0,0.0,0.0,0.0,0.0,-115,-123,0.1066,0.114,nan,nan,nan,UNKNOWN
89.458,-0.05,0.0,0.0,0.0,0.0,0.0,0.0,0.0,-115,-123,0.1066,0.114,nan,nan,nan,UNKNOWN
89.508,-0.05,0.0,0.0,0.0,0.0,0.0,0.0,0.0,-115,-123,0.1066,0.114,nan,nan,nan,UNKNOWN
89.558,-0.05,0.0,0.0,0.0,0.0,0.0,0.0,0.0,-115,-123,0.1066,0.114,nan,nan,nan,UNKNOWN
89.608,-0.05,0.0,0.0,0.0,0.0,0.0,0.0,0.0,-115,-123,0.1066,0.114,nan,nan,nan,UNKNOWN
89.658,-0.05,0.0,0.0,0.0,0.0,0.0,0.0,0.0,-115,-123,0.1066,0.114,nan,nan,nan,UNKNOWN
89.708,-0.05,0.0,0.0,0.0,0.0,0.0,0.0,0.0,-115,-123,0.1066,0.114,nan,nan,nan,UNKNOWN
89.758,-0.05,0.0,0.0,0.0,0.0,0.0,0.0,0.0,-115,-123,0.1066,0.114,nan,nan,nan,UNKNOWN
89.808,-0.05,0.0,0.0,0.0,0.0,0.0,0.0,0.0,-115,-123,0.1066,0.114,nan,nan,nan,UNKNOWN
89.858,-0.05,0.0,0.0,0.0,0.0,0.0,0.0,0.0,-115,-123,0.1066,0.114,nan,nan,nan,UNKNOWN
89.908,-0.05,0.0,0.0,0.0,0.0,0.0,0.0,0.0,-115,-123,0.1066,0.114,nan,nan,nan,UNKNOWN
89.958,-0.05,0.0,0.0,0.0,0.0,0.0,0.0,0.0,-115,-123,0.1066,0.114,nan,nan,nan,UNKNOWN
90.008,-0.05,0.0,0.0,0.0,0.0,0.0,0.0,0.0,-115,-123,0.1066,0.114,nan,nan,nan,UNKNOWN
90.059,-0.05,0.0,0.0,0.0,0.0,0.0,0.0,0.0,-115,-123,0.1066,0.114,nan,nan,nan,UNKNOWN
90.108,-0.05,0.0,0.0,0.0,0.0,0.0,0.0,0.0,-115,-123,0.1066,0.114,nan,nan,nan,UNKNOWN
90.158,-0.05,0.0,0.0,0.0,0.0,0.0,0.0,0.0,-115,-123,0.1066,0.114,nan,nan,nan,UNKNOWN
90.208,-0.05,0.0,0.0,0.0,0.0,0.0,0.0,0.0,-115,-123,0.1066,0.114,nan,nan,nan,UNKNOWN
90.258,-0.05,0.0,0.0,0.0,0.0,0.0,0.0,0.0,-115,-123,0.1066,0.114,nan,nan,nan,UNKNOWN
90.308,-0.05,0.0,0.0,0.0,0.0,0.0,0.0,0.0,-115,-123,0.1066,0.114,nan,nan,nan,UNKNOWN
90.358,-0.05,0.0,0.0,0.0,0.0,0.0,0.0,0.0,-115,-123,0.1066,0.114,nan,nan,nan,UNKNOWN
90.408,-0.05,0.0,0.0,0.0,0.0,0.0,0.0,0.0,-115,-123,0.1066,0.114,nan,nan,nan,UNKNOWN
90.458,-0.05,0.0,0.0,0.0,0.0,0.0,0.0,0.0,-115,-123,0.1066,0.114,nan,nan,nan,UNKNOWN
90.508,-0.05,0.0,0.0,0.0,0.0,0.0,0.0,0.0,-115,-123,0.1066,0.114,nan,nan,nan,UNKNOWN
90.558,-0.05,0.0,0.0,0.0,0.0,0.0,0.0,0.0,-115,-123,0.1066,0.114,nan,nan,nan,UNKNOWN
90.608,-0.05,0.0,0.0,0.0,0.0,0.0,0.0,0.0,-115,-123,0.1066,0.114,nan,nan,nan,UNKNOWN
90.658,-0.05,0.0,0.0,0.0,0.0,0.0,0.0,0.0,-115,-123,0.1066,0.114,nan,nan,nan,UNKNOWN
90.708,-0.05,0.0,0.0,0.0,0.0,0.0,0.0,0.0,-115,-123,0.1066,0.114,nan,nan,nan,UNKNOWN
90.758,-0.05,0.0,0.0,0.0,0.0,0.0,0.0,0.0,-115,-123,0.1066,0.114,nan,nan,nan,UNKNOWN
90.808,-0.05,0.0,0.0,0.0,0.0,0.0,0.0,0.0,-115,-123,0.1066,0.114,nan,nan,nan,UNKNOWN
90.858,-0.05,0.0,0.0,0.0,0.0,0.0,0.0,0.0,-115,-123,0.1066,0.114,nan,nan,nan,UNKNOWN
90.908,-0.05,0.0,0.0,0.0,0.0,0.0,0.0,0.0,-115,-123,0.1066,0.114,nan,nan,nan,UNKNOWN
90.958,-0.05,0.0,0.0,0.0,0.0,0.0,0.0,0.0,-115,-123,0.1066,0.114,nan,nan,nan,UNKNOWN
91.008,-0.05,0.0,0.0,0.0,0.0,0.0,0.0,0.0,-115,-123,0.1066,0.114,nan,nan,nan,UNKNOWN
91.06,-0.05,0.0,0.0,0.0,0.0,0.0,0.0,0.0,-115,-123,0.1066,0.114,nan,nan,nan,UNKNOWN
91.108,-0.05,0.0,0.0,0.0,0.0,0.0,0.0,0.0,-115,-123,0.1066,0.114,nan,nan,nan,UNKNOWN
91.158,-0.05,0.0,0.0,0.0,0.0,0.0,0.0,0.0,-115,-123,0.1066,0.114,nan,nan,nan,UNKNOWN
91.208,-0.05,0.0,0.0,0.0,0.0,0.0,0.0,0.0,-115,-123,0.1066,0.114,nan,nan,nan,UNKNOWN
91.258,-0.05,0.0,0.0,0.0,0.0,0.0,0.0,0.0,-115,-123,0.1066,0.114,nan,nan,nan,UNKNOWN
91.308,-0.05,0.0,0.0,0.0,0.0,0.0,0.0,0.0,-115,-123,0.1066,0.114,nan,nan,nan,UNKNOWN
91.358,-0.05,0.0,0.0,0.0,0.0,0.0,0.0,0.0,-115,-123,0.1066,0.114,nan,nan,nan,UNKNOWN
91.408,-0.05,0.0,0.0,0.0,0.0,0.0,0.0,0.0,-115,-123,0.1066,0.114,nan,nan,nan,UNKNOWN
91.458,-0.05,0.0,0.0,0.0,0.0,0.0,0.0,0.0,-115,-123,0.1066,0.114,nan,nan,nan,UNKNOWN
91.508,-0.05,0.0,0.0,0.0,0.0,0.0,0.0,0.0,-115,-123,0.1066,0.114,nan,nan,nan,UNKNOWN
91.558,-0.05,0.0,0.0,0.0,0.0,0.0,0.0,0.0,-115,-123,0.1066,0.114,nan,nan,nan,UNKNOWN
91.608,-0.05,0.0,0.0,0.0,0.0,0.0,0.0,0.0,-115,-123,0.1066,0.114,nan,nan,nan,UNKNOWN
91.658,-0.05,0.0,0.0,0.0,0.0,0.0,0.0,0.0,-115,-123,0.1066,0.114,nan,nan,nan,UNKNOWN
91.708,-0.05,0.0,0.0,0.0,0.0,0.0,0.0,0.0,-115,-123,0.1066,0.114,nan,nan,nan,UNKNOWN
91.758,-0.05,0.0,0.0,0.0,0.0,0.0,0.0,0.0,-115,-123,0.1066,0.114,nan,nan,nan,UNKNOWN
91.808,-0.05,0.0,0.0,0.0,0.0,0.0,0.0,0.0,-115,-123,0.1066,0.114,nan,nan,nan,UNKNOWN
91.858,-0.05,0.0,0.0,0.0,0.0,0.0,0.0,0.0,-115,-123,0.1066,0.114,nan,nan,nan,UNKNOWN
91.908,-0.05,0.0,0.0,0.0,0.0,0.0,0.0,0.0,-115,-123,0.1066,0.114,nan,nan,nan,UNKNOWN
91.958,-0.05,0.0,0.0,0.0,0.0,0.0,0.0,0.0,-115,-123,0.1066,0.114,nan,nan,nan,UNKNOWN
92.008,-0.05,0.0,0.0,0.0,0.0,0.0,0.0,0.0,-115,-123,0.1066,0.114,nan,nan,nan,UNKNOWN
92.06,-0.05,0.0,0.0,0.0,0.0,0.0,0.0,0.0,-115,-123,0.1066,0.114,nan,nan,nan,UNKNOWN
92.108,-0.05,0.0,0.0,0.0,0.0,0.0,0.0,0.0,-115,-123,0.1066,0.114,nan,nan,nan,UNKNOWN
92.158,-0.05,0.0,0.0,0.0,0.0,0.0,0.0,0.0,-115,-123,0.1066,0.114,nan,nan,nan,UNKNOWN
92.208,-0.05,0.0,0.0,0.0,0.0,0.0,0.0,0.0,-115,-123,0.1066,0.114,nan,nan,nan,UNKNOWN
92.258,-0.05,0.0,0.0,0.0,0.0,0.0,0.0,0.0,-115,-123,0.1066,0.114,nan,nan,nan,UNKNOWN
92.308,-0.05,0.0,0.0,0.0,0.0,0.0,0.0,0.0,-115,-123,0.1066,0.114,nan,nan,nan,UNKNOWN
92.358,-0.05,0.0,0.0,0.0,0.0,0.0,0.0,0.0,-115,-123,0.1066,0.114,nan,nan,nan,UNKNOWN
92.408,-0.05,0.0,0.0,0.0,0.0,0.0,0.0,0.0,-115,-123,0.1066,0.114,nan,nan,nan,UNKNOWN
92.458,-0.05,0.0,0.0,0.0,0.0,0.0,0.0,0.0,-115,-123,0.1066,0.114,nan,nan,nan,UNKNOWN
92.508,-0.05,0.0,0.0,0.0,0.0,0.0,0.0,0.0,-115,-123,0.1066,0.114,nan,nan,nan,UNKNOWN
92.558,-0.05,0.0,0.0,0.0,0.0,0.0,0.0,0.0,-115,-123,0.1066,0.114,nan,nan,nan,UNKNOWN
92.608,-0.05,0.0,0.0,0.0,0.0,0.0,0.0,0.0,-115,-123,0.1066,0.114,nan,nan,nan,UNKNOWN
92.658,-0.05,0.0,0.0,0.0,0.0,0.0,0.0,0.0,-115,-123,0.1066,0.114,nan,nan,nan,UNKNOWN
92.708,-0.05,0.0,0.0,0.0,0.0,0.0,0.0,0.0,-115,-123,0.1066,0.114,nan,nan,nan,UNKNOWN
92.758,-0.05,0.0,0.0,0.0,0.0,0.0,0.0,0.0,-115,-123,0.1066,0.114,nan,nan,nan,UNKNOWN
92.808,-0.05,0.0,0.0,0.0,0.0,0.0,0.0,0.0,-115,-123,0.1066,0.114,nan,nan,nan,UNKNOWN
92.858,-0.05,0.0,0.0,0.0,0.0,0.0,0.0,0.0,-115,-123,0.1066,0.114,nan,nan,nan,UNKNOWN
92.908,-0.05,0.0,0.0,0.0,0.0,0.0,0.0,0.0,-115,-123,0.1066,0.114,nan,nan,nan,UNKNOWN
92.958,-0.05,0.0,0.0,0.0,0.0,0.0,0.0,0.0,-115,-123,0.1066,0.114,nan,nan,nan,UNKNOWN
93.008,-0.05,0.0,0.0,0.0,0.0,0.0,0.0,0.0,-115,-123,0.1066,0.114,nan,nan,nan,UNKNOWN
93.06,-0.05,0.0,0.0,0.0,0.0,0.0,0.0,0.0,-115,-123,0.1066,0.114,nan,nan,nan,UNKNOWN
93.108,-0.05,0.0,0.0,0.0,0.0,0.0,0.0,0.0,-115,-123,0.1066,0.114,nan,nan,nan,UNKNOWN
93.158,-0.05,0.0,0.0,0.0,0.0,0.0,0.0,0.0,-115,-123,0.1066,0.114,nan,nan,nan,UNKNOWN
93.208,-0.05,0.0,0.0,0.0,0.0,0.0,0.0,0.0,-115,-123,0.1066,0.114,nan,nan,nan,UNKNOWN
93.258,-0.05,0.0,0.0,0.0,0.0,0.0,0.0,0.0,-115,-123,0.1066,0.114,nan,nan,nan,UNKNOWN
93.308,-0.05,0.0,0.0,0.0,0.0,0.0,0.0,0.0,-115,-123,0.1066,0.114,nan,nan,nan,UNKNOWN
93.358,-0.05,0.0,0.0,0.0,0.0,0.0,0.0,0.0,-115,-123,0.1066,0.114,nan,nan,nan,UNKNOWN
93.408,-0.05,0.0,0.0,0.0,0.0,0.0,0.0,0.0,-115,-123,0.1066,0.114,nan,nan,nan,UNKNOWN
93.458,-0.05,0.0,0.0,0.0,0.0,0.0,0.0,0.0,-115,-123,0.1066,0.114,nan,nan,nan,UNKNOWN
93.508,-0.05,0.0,0.0,0.0,0.0,0.0,0.0,0.0,-115,-123,0.1066,0.114,nan,nan,nan,UNKNOWN
93.558,-0.05,0.0,0.0,0.0,0.0,0.0,0.0,0.0,-115,-123,0.1066,0.114,nan,nan,nan,UNKNOWN
93.608,-0.05,0.0,0.0,0.0,0.0,0.0,0.0,0.0,-115,-123,0.1066,0.114,nan,nan,nan,UNKNOWN
93.658,-0.05,0.0,0.0,0.0,0.0,0.0,0.0,0.0,-115,-123,0.1066,0.114,nan,nan,nan,UNKNOWN
93.708,-0.05,0.0,0.0,0.0,0.0,0.0,0.0,0.0,-115,-123,0.1066,0.114,nan,nan,nan,UNKNOWN
93.758,-0.05,0.0,0.0,0.0,0.0,0.0,0.0,0.0,-115,-123,0.1066,0.114,nan,nan,nan,UNKNOWN
93.808,-0.05,0.0,0.0,0.0,0.0,0.0,0.0,0.0,-115,-123,0.1066,0.114,nan,nan,nan,UNKNOWN
93.858,-0.05,0.0,0.0,0.0,0.0,0.0,0.0,0.0,-115,-123,0.1066,0.114,nan,nan,nan,UNKNOWN
93.908,-0.05,0.0,0.0,0.0,0.0,0.0,0.0,0.0,-115,-123,0.1066,0.114,nan,nan,nan,UNKNOWN
93.958,-0.05,0.0,0.0,0.0,0.0,0.0,0.0,0.0,-115,-123,0.1066,0.114,nan,nan,nan,UNKNOWN
94.008,-0.05,0.0,0.0,0.0,0.0,0.0,0.0,0.0,-115,-123,0.1066,0.114,nan,nan,nan,UNKNOWN
94.06,-0.05,0.0,0.0,0.0,0.0,0.0,0.0,0.0,-115,-123,0.1066,0.114,nan,nan,nan,UNKNOWN
94.108,-0.05,0.0,0.0,0.0,0.0,0.0,0.0,0.0,-115,-123,0.1066,0.114,nan,nan,nan,UNKNOWN
94.158,-0.05,0.0,0.0,0.0,0.0,0.0,0.0,0.0,-115,-123,0.1066,0.114,nan,nan,nan,UNKNOWN
94.208,-0.05,0.0,0.0,0.0,0.0,0.0,0.0,0.0,-115,-123,0.1066,0.114,nan,nan,nan,UNKNOWN
94.258,-0.05,0.0,0.0,0.0,0.0,0.0,0.0,0.0,-115,-123,0.1066,0.114,nan,nan,nan,UNKNOWN
94.308,-0.05,0.0,0.0,0.0,0.0,0.0,0.0,0.0,-115,-123,0.1066,0.114,nan,nan,nan,UNKNOWN
94.358,-0.05,0.0,0.0,0.0,0.0,0.0,0.0,0.0,-115,-123,0.1066,0.114,nan,nan,nan,UNKNOWN
94.408,-0.05,0.0,0.0,0.0,0.0,0.0,0.0,0.0,-115,-123,0.1066,0.114,nan,nan,nan,UNKNOWN
94.458,-0.05,0.0,0.0,0.0,0.0,0.0,0.0,0.0,-115,-123,0.1066,0.114,nan,nan,nan,UNKNOWN
94.508,-0.05,0.0,0.0,0.0,0.0,0.0,0.0,0.0,-115,-123,0.1066,0.114,nan,nan,nan,UNKNOWN
94.558,-0.05,0.0,0.0,0.0,0.0,0.0,0.0,0.0,-115,-123,0.1066,0.114,nan,nan,nan,UNKNOWN
94.608,-0.05,0.0,0.0,0.0,0.0,0.0,0.0,0.0,-115,-123,0.1066,0.114,nan,nan,nan,UNKNOWN
94.658,-0.05,0.0,0.0,0.0,0.0,0.0,0.0,0.0,-115,-123,0.1066,0.114,nan,nan,nan,UNKNOWN
94.708,-0.05,0.0,0.0,0.0,0.0,0.0,0.0,0.0,-115,-123,0.1066,0.114,nan,nan,nan,UNKNOWN
94.758,-0.05,0.0,0.0,0.0,0.0,0.0,0.0,0.0,-115,-123,0.1066,0.114,nan,nan,nan,UNKNOWN
94.808,-0.05,0.0,0.0,0.0,0.0,0.0,0.0,0.0,-115,-123,0.1066,0.114,nan,nan,nan,UNKNOWN
94.858,-0.05,0.0,0.0,0.0,0.0,0.0,0.0,0.0,-115,-123,0.1066,0.114,nan,nan,nan,UNKNOWN
94.908,-0.05,0.0,0.0,0.0,0.0,0.0,0.0,0.0,-115,-123,0.1066,0.114,nan,nan,nan,UNKNOWN
94.958,-0.05,0.0,0.0,0.0,0.0,0.0,0.0,0.0,-115,-123,0.1066,0.114,nan,nan,nan,UNKNOWN
95.008,-0.05,0.0,0.0,0.0,0.0,0.0,0.0,0.0,-115,-123,0.1066,0.114,nan,nan,nan,UNKNOWN
95.06,-0.05,0.0,0.0,0.0,0.0,0.0,0.0,0.0,-115,-123,0.1066,0.114,nan,nan,nan,UNKNOWN
95.108,-0.05,0.0,0.0,0.0,0.0,0.0,0.0,0.0,-115,-123,0.1066,0.114,nan,nan,nan,UNKNOWN
95.158,-0.05,0.0,0.0,0.0,0.0,0.0,0.0,0.0,-115,-123,0.1066,0.114,nan,nan,nan,UNKNOWN
95.208,-0.05,0.0,0.0,0.0,0.0,0.0,0.0,0.0,-115,-123,0.1066,0.114,nan,nan,nan,UNKNOWN
95.258,-0.05,0.0,0.0,0.0,0.0,0.0,0.0,0.0,-115,-123,0.1066,0.114,nan,nan,nan,UNKNOWN
95.308,-0.05,0.0,0.0,0.0,0.0,0.0,0.0,0.0,-115,-123,0.1066,0.114,nan,nan,nan,UNKNOWN
95.358,-0.05,0.0,0.0,0.0,0.0,0.0,0.0,0.0,-115,-123,0.1066,0.114,nan,nan,nan,UNKNOWN
95.408,-0.05,0.0,0.0,0.0,0.0,0.0,0.0,0.0,-115,-123,0.1066,0.114,nan,nan,nan,UNKNOWN
95.458,-0.05,0.0,0.0,0.0,0.0,0.0,0.0,0.0,-115,-123,0.1066,0.114,nan,nan,nan,UNKNOWN
95.508,-0.05,0.0,0.0,0.0,0.0,0.0,0.0,0.0,-115,-123,0.1066,0.114,nan,nan,nan,UNKNOWN
95.558,-0.05,0.0,0.0,0.0,0.0,0.0,0.0,0.0,-115,-123,0.1066,0.114,nan,nan,nan,UNKNOWN
95.608,-0.05,0.0,0.0,0.0,0.0,0.0,0.0,0.0,-115,-123,0.1066,0.114,nan,nan,nan,UNKNOWN
95.658,-0.05,0.0,0.0,0.0,0.0,0.0,0.0,0.0,-115,-123,0.1066,0.114,nan,nan,nan,UNKNOWN
95.708,-0.05,0.0,0.0,0.0,0.0,0.0,0.0,0.0,-115,-123,0.1066,0.114,nan,nan,nan,UNKNOWN
95.758,-0.05,0.0,0.0,0.0,0.0,0.0,0.0,0.0,-115,-123,0.1066,0.114,nan,nan,nan,UNKNOWN
95.808,-0.05,0.0,0.0,0.0,0.0,0.0,0.0,0.0,-115,-123,0.1066,0.114,nan,nan,nan,UNKNOWN
95.858,-0.05,0.0,0.0,0.0,0.0,0.0,0.0,0.0,-115,-123,0.1066,0.114,nan,nan,nan,UNKNOWN
95.908,-0.05,0.0,0.0,0.0,0.0,0.0,0.0,0.0,-115,-123,0.1066,0.114,nan,nan,nan,UNKNOWN
95.958,-0.05,0.0,0.0,0.0,0.0,0.0,0.0,0.0,-115,-123,0.1066,0.114,nan,nan,nan,UNKNOWN
96.008,-0.05,0.0,0.0,0.0,0.0,0.0,0.0,0.0,-115,-123,0.1066,0.114,nan,nan,nan,UNKNOWN
96.06,-0.05,0.0,0.0,0.0,0.0,0.0,0.0,0.0,-115,-123,0.1066,0.114,nan,nan,nan,UNKNOWN
96.108,-0.05,0.0,0.0,0.0,0.0,0.0,0.0,0.0,-115,-123,0.1066,0.114,nan,nan,nan,UNKNOWN
96.158,-0.05,0.0,0.0,0.0,0.0,0.0,0.0,0.0,-115,-123,0.1066,0.114,nan,nan,nan,UNKNOWN
96.208,-0.05,0.0,0.0,0.0,0.0,0.0,0.0,0.0,-115,-123,0.1066,0.114,nan,nan,nan,UNKNOWN
96.258,-0.05,0.0,0.0,0.0,0.0,0.0,0.0,0.0,-115,-123,0.1066,0.114,nan,nan,nan,UNKNOWN
96.308,-0.05,0.0,0.0,0.0,0.0,0.0,0.0,0.0,-115,-123,0.1066,0.114,nan,nan,nan,UNKNOWN
96.358,-0.05,0.0,0.0,0.0,0.0,0.0,0.0,0.0,-115,-123,0.1066,0.114,nan,nan,nan,UNKNOWN
96.408,-0.05,0.0,0.0,0.0,0.0,0.0,0.0,0.0,-115,-123,0.1066,0.114,nan,nan,nan,UNKNOWN
96.458,-0.05,0.0,0.0,0.0,0.0,0.0,0.0,0.0,-115,-123,0.1066,0.114,nan,nan,nan,UNKNOWN
96.508,-0.05,0.0,0.0,0.0,0.0,0.0,0.0,0.0,-115,-123,0.1066,0.114,nan,nan,nan,UNKNOWN
96.558,-0.05,0.0,0.0,0.0,0.0,0.0,0.0,0.0,-115,-123,0.1066,0.114,nan,nan,nan,UNKNOWN
96.608,-0.05,0.0,0.0,0.0,0.0,0.0,0.0,0.0,-115,-123,0.1066,0.114,nan,nan,nan,UNKNOWN
96.658,-0.05,0.0,0.0,0.0,0.0,0.0,0.0,0.0,-115,-123,0.1066,0.114,nan,nan,nan,UNKNOWN
96.708,-0.05,0.0,0.0,0.0,0.0,0.0,0.0,0.0,-115,-123,0.1066,0.114,nan,nan,nan,UNKNOWN
96.758,-0.05,0.0,0.0,0.0,0.0,0.0,0.0,0.0,-115,-123,0.1066,0.114,nan,nan,nan,UNKNOWN
96.808,-0.05,0.0,0.0,0.0,0.0,0.0,0.0,0.0,-115,-123,0.1066,0.114,nan,nan,nan,UNKNOWN
96.858,-0.05,0.0,0.0,0.0,0.0,0.0,0.0,0.0,-115,-123,0.1066,0.114,nan,nan,nan,UNKNOWN
96.908,-0.05,0.0,0.0,0.0,0.0,0.0,0.0,0.0,-115,-123,0.1066,0.114,nan,nan,nan,UNKNOWN
96.958,-0.05,0.0,0.0,0.0,0.0,0.0,0.0,0.0,-115,-123,0.1066,0.114,nan,nan,nan,UNKNOWN
97.008,-0.05,0.0,0.0,0.0,0.0,0.0,0.0,0.0,-115,-123,0.1066,0.114,nan,nan,nan,UNKNOWN
97.06,-0.05,0.0,0.0,0.0,0.0,0.0,0.0,0.0,-115,-123,0.1066,0.114,nan,nan,nan,UNKNOWN
97.108,-0.05,0.0,0.0,0.0,0.0,0.0,0.0,0.0,-115,-123,0.1066,0.114,nan,nan,nan,UNKNOWN
97.158,-0.05,0.0,0.0,0.0,0.0,0.0,0.0,0.0,-115,-123,0.1066,0.114,nan,nan,nan,UNKNOWN
97.208,-0.05,0.0,0.0,0.0,0.0,0.0,0.0,0.0,-115,-123,0.1066,0.114,nan,nan,nan,UNKNOWN
97.258,-0.05,0.0,0.0,0.0,0.0,0.0,0.0,0.0,-115,-123,0.1066,0.114,nan,nan,nan,UNKNOWN
97.308,-0.05,0.0,0.0,0.0,0.0,0.0,0.0,0.0,-115,-123,0.1066,0.114,nan,nan,nan,UNKNOWN
97.358,-0.05,0.0,0.0,0.0,0.0,0.0,0.0,0.0,-115,-123,0.1066,0.114,nan,nan,nan,UNKNOWN
97.408,-0.05,0.0,0.0,0.0,0.0,0.0,0.0,0.0,-115,-123,0.1066,0.114,nan,nan,nan,UNKNOWN
97.458,-0.05,0.0,0.0,0.0,0.0,0.0,0.0,0.0,-115,-123,0.1066,0.114,nan,nan,nan,UNKNOWN
97.508,-0.05,0.0,0.0,0.0,0.0,0.0,0.0,0.0,-115,-123,0.1066,0.114,nan,nan,nan,UNKNOWN
97.558,-0.05,0.0,0.0,0.0,0.0,0.0,0.0,0.0,-115,-123,0.1066,0.114,nan,nan,nan,UNKNOWN
97.608,-0.05,0.0,0.0,0.0,0.0,0.0,0.0,0.0,-115,-123,0.1066,0.114,nan,nan,nan,UNKNOWN
97.658,-0.05,0.0,0.0,0.0,0.0,0.0,0.0,0.0,-115,-123,0.1066,0.114,nan,nan,nan,UNKNOWN
97.708,-0.05,0.0,0.0,0.0,0.0,0.0,0.0,0.0,-115,-123,0.1066,0.114,nan,nan,nan,UNKNOWN
97.758,-0.05,0.0,0.0,0.0,0.0,0.0,0.0,0.0,-115,-123,0.1066,0.114,nan,nan,nan,UNKNOWN
97.808,-0.05,0.0,0.0,0.0,0.0,0.0,0.0,0.0,-115,-123,0.1066,0.114,nan,nan,nan,UNKNOWN
97.858,-0.05,0.0,0.0,0.0,0.0,0.0,0.0,0.0,-115,-123,0.1066,0.114,nan,nan,nan,UNKNOWN
97.908,-0.05,0.0,0.0,0.0,0.0,0.0,0.0,0.0,-115,-123,0.1066,0.114,nan,nan,nan,UNKNOWN
97.958,-0.05,0.0,0.0,0.0,0.0,0.0,0.0,0.0,-115,-123,0.1066,0.114,nan,nan,nan,UNKNOWN
98.008,-0.05,0.0,0.0,0.0,0.0,0.0,0.0,0.0,-115,-123,0.1066,0.114,nan,nan,nan,UNKNOWN
98.06,-0.05,0.0,0.0,0.0,0.0,0.0,0.0,0.0,-115,-123,0.1066,0.114,nan,nan,nan,UNKNOWN
98.108,-0.05,0.0,0.0,0.0,0.0,0.0,0.0,0.0,-115,-123,0.1066,0.114,nan,nan,nan,UNKNOWN
98.158,-0.05,0.0,0.0,0.0,0.0,0.0,0.0,0.0,-115,-123,0.1066,0.114,nan,nan,nan,UNKNOWN
98.208,-0.05,0.0,0.0,0.0,0.0,0.0,0.0,0.0,-115,-123,0.1066,0.114,nan,nan,nan,UNKNOWN
98.258,-0.05,0.0,0.0,0.0,0.0,0.0,0.0,0.0,-115,-123,0.1066,0.114,nan,nan,nan,UNKNOWN
98.308,-0.05,0.0,0.0,0.0,0.0,0.0,0.0,0.0,-115,-123,0.1066,0.114,nan,nan,nan,UNKNOWN
98.358,-0.05,0.0,0.0,0.0,0.0,0.0,0.0,0.0,-115,-123,0.1066,0.114,nan,nan,nan,UNKNOWN
98.408,-0.05,0.0,0.0,0.0,0.0,0.0,0.0,0.0,-115,-123,0.1066,0.114,nan,nan,nan,UNKNOWN
98.458,-0.05,0.0,0.0,0.0,0.0,0.0,0.0,0.0,-115,-123,0.1066,0.114,nan,nan,nan,UNKNOWN
98.508,-0.05,0.0,0.0,0.0,0.0,0.0,0.0,0.0,-115,-123,0.1066,0.114,nan,nan,nan,UNKNOWN
98.558,-0.05,0.0,0.0,0.0,0.0,0.0,0.0,0.0,-115,-123,0.1066,0.114,nan,nan,nan,UNKNOWN
98.608,-0.05,0.0,0.0,0.0,0.0,0.0,0.0,0.0,-115,-123,0.1066,0.114,nan,nan,nan,UNKNOWN
98.658,-0.05,0.0,0.0,0.0,0.0,0.0,0.0,0.0,-115,-123,0.1066,0.114,nan,nan,nan,UNKNOWN
98.708,-0.05,0.0,0.0,0.0,0.0,0.0,0.0,0.0,-115,-123,0.1066,0.114,nan,nan,nan,UNKNOWN
98.758,-0.05,0.0,0.0,0.0,0.0,0.0,0.0,0.0,-115,-123,0.1066,0.114,nan,nan,nan,UNKNOWN
98.808,-0.05,0.0,0.0,0.0,0.0,0.0,0.0,0.0,-115,-123,0.1066,0.114,nan,nan,nan,UNKNOWN
98.858,-0.05,0.0,0.0,0.0,0.0,0.0,0.0,0.0,-115,-123,0.1066,0.114,nan,nan,nan,UNKNOWN
98.908,-0.05,0.0,0.0,0.0,0.0,0.0,0.0,0.0,-115,-123,0.1066,0.114,nan,nan,nan,UNKNOWN
98.958,-0.05,0.0,0.0,0.0,0.0,0.0,0.0,0.0,-115,-123,0.1066,0.114,nan,nan,nan,UNKNOWN
99.008,-0.05,0.0,0.0,0.0,0.0,0.0,0.0,0.0,-115,-123,0.1066,0.114,nan,nan,nan,UNKNOWN
99.06,-0.05,0.0,0.0,0.0,0.0,0.0,0.0,0.0,-115,-123,0.1066,0.114,nan,nan,nan,UNKNOWN
99.108,-0.05,0.0,0.0,0.0,0.0,0.0,0.0,0.0,-115,-123,0.1066,0.114,nan,nan,nan,UNKNOWN
99.158,-0.05,0.0,0.0,0.0,0.0,0.0,0.0,0.0,-115,-123,0.1066,0.114,nan,nan,nan,UNKNOWN
99.208,-0.05,0.0,0.0,0.0,0.0,0.0,0.0,0.0,-115,-123,0.1066,0.114,nan,nan,nan,UNKNOWN
99.258,-0.05,0.0,0.0,0.0,0.0,0.0,0.0,0.0,-115,-123,0.1066,0.114,nan,nan,nan,UNKNOWN
99.308,-0.05,0.0,0.0,0.0,0.0,0.0,0.0,0.0,-115,-123,0.1066,0.114,nan,nan,nan,UNKNOWN
99.358,-0.05,0.0,0.0,0.0,0.0,0.0,0.0,0.0,-115,-123,0.1066,0.114,nan,nan,nan,UNKNOWN
99.408,-0.05,0.0,0.0,0.0,0.0,0.0,0.0,0.0,-115,-123,0.1066,0.114,nan,nan,nan,UNKNOWN
99.458,-0.05,0.0,0.0,0.0,0.0,0.0,0.0,0.0,-115,-123,0.1066,0.114,nan,nan,nan,UNKNOWN
99.508,-0.05,0.0,0.0,0.0,0.0,0.0,0.0,0.0,-115,-123,0.1066,0.114,nan,nan,nan,UNKNOWN
99.558,-0.05,0.0,0.0,0.0,0.0,0.0,0.0,0.0,-115,-123,0.1066,0.114,nan,nan,nan,UNKNOWN
99.608,-0.05,0.0,0.0,0.0,0.0,0.0,0.0,0.0,-115,-123,0.1066,0.114,nan,nan,nan,UNKNOWN
99.658,-0.05,0.0,0.0,0.0,0.0,0.0,0.0,0.0,-115,-123,0.1066,0.114,nan,nan,nan,UNKNOWN
99.708,-0.05,0.0,0.0,0.0,0.0,0.0,0.0,0.0,-115,-123,0.1066,0.114,nan,nan,nan,UNKNOWN
99.758,-0.05,0.0,0.0,0.0,0.0,0.0,0.0,0.0,-115,-123,0.1066,0.114,nan,nan,nan,UNKNOWN
99.808,-0.05,0.0,0.0,0.0,0.0,0.0,0.0,0.0,-115,-123,0.1066,0.114,nan,nan,nan,UNKNOWN
99.858,-0.05,0.0,0.0,0.0,0.0,0.0,0.0,0.0,-115,-123,0.1066,0.114,nan,nan,nan,UNKNOWN
99.908,-0.05,0.0,0.0,0.0,0.0,0.0,0.0,0.0,-115,-123,0.1066,0.114,nan,nan,nan,UNKNOWN
99.958,-0.05,0.0,0.0,0.0,0.0,0.0,0.0,0.0,-115,-123,0.1066,0.114,nan,nan,nan,UNKNOWN
100.008,-0.05,0.0,0.0,0.0,0.0,0.0,0.0,0.0,-115,-123,0.1066,0.114,nan,nan,nan,UNKNOWN
100.059,-0.05,0.0,0.0,0.0,0.0,0.0,0.0,0.0,-115,-123,0.1066,0.114,nan,nan,nan,UNKNOWN
100.108,-0.05,0.0,0.0,0.0,0.0,0.0,0.0,0.0,-115,-123,0.1066,0.114,nan,nan,nan,UNKNOWN
100.158,-0.05,0.0,0.0,0.0,0.0,0.0,0.0,0.0,-115,-123,0.1066,0.114,nan,nan,nan,UNKNOWN
100.208,-0.05,0.0,0.0,0.0,0.0,0.0,0.0,0.0,-115,-123,0.1066,0.114,nan,nan,nan,UNKNOWN
100.258,-0.05,0.0,0.0,0.0,0.0,0.0,0.0,0.0,-115,-123,0.1066,0.114,nan,nan,nan,UNKNOWN
100.308,-0.05,0.0,0.0,0.0,0.0,0.0,0.0,0.0,-115,-123,0.1066,0.114,nan,nan,nan,UNKNOWN
100.358,-0.05,0.0,0.0,0.0,0.0,0.0,0.0,0.0,-115,-123,0.1066,0.114,nan,nan,nan,UNKNOWN
100.408,-0.05,0.0,0.0,0.0,0.0,0.0,0.0,0.0,-115,-123,0.1066,0.114,nan,nan,nan,UNKNOWN
100.458,-0.05,0.0,0.0,0.0,0.0,0.0,0.0,0.0,-115,-123,0.1066,0.114,nan,nan,nan,UNKNOWN
100.508,-0.05,0.0,0.0,0.0,0.0,0.0,0.0,0.0,-115,-123,0.1066,0.114,nan,nan,nan,UNKNOWN
100.558,-0.05,0.0,0.0,0.0,0.0,0.0,0.0,0.0,-115,-123,0.1066,0.114,nan,nan,nan,UNKNOWN
100.608,-0.05,0.0,0.0,0.0,0.0,0.0,0.0,0.0,-115,-123,0.1066,0.114,nan,nan,nan,UNKNOWN
100.658,-0.05,0.0,0.0,0.0,0.0,0.0,0.0,0.0,-115,-123,0.1066,0.114,nan,nan,nan,UNKNOWN
100.708,-0.05,0.0,0.0,0.0,0.0,0.0,0.0,0.0,-115,-123,0.1066,0.114,nan,nan,nan,UNKNOWN
100.758,-0.05,0.0,0.0,0.0,0.0,0.0,0.0,0.0,-115,-123,0.1066,0.114,nan,nan,nan,UNKNOWN
100.808,-0.05,0.0,0.0,0.0,0.0,0.0,0.0,0.0,-115,-123,0.1066,0.114,nan,nan,nan,UNKNOWN
100.858,-0.05,0.0,0.0,0.0,0.0,0.0,0.0,0.0,-115,-123,0.1066,0.114,nan,nan,nan,UNKNOWN
100.908,-0.05,0.0,0.0,0.0,0.0,0.0,0.0,0.0,-115,-123,0.1066,0.114,nan,nan,nan,UNKNOWN
100.958,-0.05,0.0,0.0,0.0,0.0,0.0,0.0,0.0,-115,-123,0.1066,0.114,nan,nan,nan,UNKNOWN
101.008,-0.05,0.0,0.0,0.0,0.0,0.0,0.0,0.0,-115,-123,0.1066,0.114,nan,nan,nan,UNKNOWN
101.06,-0.05,0.0,0.0,0.0,0.0,0.0,0.0,0.0,-115,-123,0.1066,0.114,nan,nan,nan,UNKNOWN
101.108,-0.05,0.0,0.0,0.0,0.0,0.0,0.0,0.0,-115,-123,0.1066,0.114,nan,nan,nan,UNKNOWN
101.158,-0.05,0.0,0.0,0.0,0.0,0.0,0.0,0.0,-115,-123,0.1066,0.114,nan,nan,nan,UNKNOWN
101.208,-0.05,0.0,0.0,0.0,0.0,0.0,0.0,0.0,-115,-123,0.1066,0.114,nan,nan,nan,UNKNOWN
101.258,-0.05,0.0,0.0,0.0,0.0,0.0,0.0,0.0,-115,-123,0.1066,0.114,nan,nan,nan,UNKNOWN
101.308,-0.05,0.0,0.0,0.0,0.0,0.0,0.0,0.0,-115,-123,0.1066,0.114,nan,nan,nan,UNKNOWN
101.358,-0.05,0.0,0.0,0.0,0.0,0.0,0.0,0.0,-115,-123,0.1066,0.114,nan,nan,nan,UNKNOWN
101.408,-0.05,0.0,0.0,0.0,0.0,0.0,0.0,0.0,-115,-123,0.1066,0.114,nan,nan,nan,UNKNOWN
101.458,-0.05,0.0,0.0,0.0,0.0,0.0,0.0,0.0,-115,-123,0.1066,0.114,nan,nan,nan,UNKNOWN
101.508,-0.05,0.0,0.0,0.0,0.0,0.0,0.0,0.0,-114,-123,0.1057,0.114,nan,nan,nan,UNKNOWN
101.558,-0.05,0.0,0.0,0.0,0.0025,0.0,-0.0025,0.0,-114,-123,0.1057,0.114,nan,nan,nan,UNKNOWN
101.608,-0.05,0.0,0.0,0.0,0.0025,0.0,-0.0025,0.0,-114,-122,0.1057,0.1131,nan,nan,nan,UNKNOWN
101.658,-0.05,0.0,0.0,0.0,0.002,0.0037,-0.002,-0.0037,-114,-122,0.1057,0.1131,nan,nan,nan,UNKNOWN
101.708,-0.05,0.0,0.0,0.0,0.002,0.0037,-0.002,-0.0037,-113,-122,0.1047,0.1131,nan,nan,nan,UNKNOWN
101.758,-0.05,0.0,0.0,0.0,0.0049,0.003,-0.0049,-0.003,-113,-122,0.1047,0.1131,nan,nan,nan,UNKNOWN
101.808,-0.05,0.0,0.0,0.0,0.0049,0.003,-0.0049,-0.003,-112,-120,0.1038,0.1112,nan,nan,nan,UNKNOWN
101.858,-0.05,0.0,0.0,0.0,0.0066,0.0092,-0.0066,-0.0092,-112,-120,0.1038,0.1112,nan,nan,nan,UNKNOWN
101.908,-0.05,0.0,0.0,0.0,0.0066,0.0092,-0.0066,-0.0092,-111,-117,0.1029,0.1084,nan,nan,nan,UNKNOWN
101.958,-0.05,0.0,0.0,0.0,0.0077,0.0166,-0.0077,-0.0166,-111,-117,0.1029,0.1084,nan,nan,nan,UNKNOWN
102.008,-0.05,0.0,0.0,0.0,0.0077,0.0166,-0.0077,-0.0166,-112,-117,0.1038,0.1084,nan,nan,nan,UNKNOWN
102.06,-0.05,0.0,0.0,0.0,0.0009,0.0133,-0.0009,-0.0133,-112,-117,0.1038,0.1084,nan,nan,nan,UNKNOWN
102.108,-0.05,0.0,0.0,0.0,0.0009,0.0133,-0.0009,-0.0133,-112,-116,0.1038,0.1075,nan,nan,nan,UNKNOWN
102.158,-0.05,0.0,0.0,0.0,0.0009,0.0133,-0.0009,-0.0133,-112,-116,0.1038,0.1075,nan,nan,nan,UNKNOWN
102.208,-0.05,0.0,0.0,0.0,0.0,0.0106,0.0,-0.0106,-112,-117,0.1038,0.1084,nan,nan,nan,UNKNOWN
102.258,-0.05,0.0,0.0,0.0,0.0,0.0106,0.0,-0.0106,-112,-117,0.1038,0.1084,nan,nan,nan,UNKNOWN
102.308,-0.05,0.0,0.0,0.0,0.0,0.0106,0.0,-0.0106,-111,-117,0.1029,0.1084,nan,nan,nan,UNKNOWN
102.358,-0.05,0.0,0.0,0.0,0.0025,0.0085,-0.0025,-0.0085,-111,-117,0.1029,0.1084,nan,nan,nan,UNKNOWN
102.408,-0.05,0.0,0.0,0.0,0.0025,0.0085,-0.0025,-0.0085,-110,-119,0.1019,0.1103,nan,nan,nan,UNKNOWN
102.458,-0.05,0.0,0.0,0.0,0.0052,-0.0023,-0.0052,0.0023,-110,-119,0.1019,0.1103,nan,nan,nan,UNKNOWN
102.508,-0.05,0.0,0.0,0.0,0.0052,-0.0023,-0.0052,0.0023,-109,-119,0.101,0.1103,nan,nan,nan,UNKNOWN
102.558,-0.05,0.0,0.0,0.0,0.0052,-0.0023,-0.0052,0.0023,-109,-119,0.101,0.1103,nan,nan,nan,UNKNOWN
102.608,-0.05,0.0,0.0,0.0,0.0056,-0.0018,-0.0056,0.0018,-109,-119,0.101,0.1103,nan,nan,nan,UNKNOWN
102.658,-0.05,0.0,0.0,0.0,0.0056,-0.0018,-0.0056,0.0018,-109,-119,0.101,0.1103,nan,nan,nan,UNKNOWN
102.708,-0.05,0.0,0.0,0.0,0.0056,-0.0018,-0.0056,0.0018,-110,-116,0.1019,0.1075,nan,nan,nan,UNKNOWN
102.758,-0.05,0.0,0.0,0.0,0.0009,0.0063,-0.0009,-0.0063,-110,-116,0.1019,0.1075,nan,nan,nan,UNKNOWN
102.808,-0.05,0.0,0.0,0.0,0.0009,0.0063,-0.0009,-0.0063,-110,-116,0.1019,0.1075,nan,nan,nan,UNKNOWN
102.858,-0.05,0.0,0.0,0.0,0.0,0.005,0.0,-0.005,-110,-116,0.1019,0.1075,nan,nan,nan,UNKNOWN
102.908,-0.05,0.0,0.0,0.0,0.0,0.005,0.0,-0.005,-111,-117,0.1029,0.1084,nan,nan,nan,UNKNOWN
102.958,-0.05,0.0,0.0,0.0,0.0,0.005,0.0,-0.005,-111,-117,0.1029,0.1084,nan,nan,nan,UNKNOWN
103.008,-0.05,0.0,0.0,0.0,0.0,0.0006,0.0,-0.0006,-110,-117,0.1019,0.1084,nan,nan,nan,UNKNOWN
103.06,-0.05,0.0,0.0,0.0,0.0,0.0006,0.0,-0.0006,-110,-117,0.1019,0.1084,nan,nan,nan,UNKNOWN
103.108,-0.05,0.0,0.0,0.0,0.0111,0.0,-0.0111,0.0,-107,-117,0.0992,0.1084,nan,nan,nan,UNKNOWN
103.158,-0.05,0.0,0.0,0.0,0.0111,0.0,-0.0111,0.0,-107,-117,0.0992,0.1084,nan,nan,nan,UNKNOWN
103.208,-0.05,0.0,0.0,0.0,0.0111,0.0,-0.0111,0.0,-105,-117,0.0973,0.1084,nan,nan,nan,UNKNOWN
103.258,-0.05,0.0,0.0,0.0,0.0116,0.0,-0.0116,0.0,-105,-117,0.0973,0.1084,nan,nan,nan,UNKNOWN
103.308,-0.05,0.0,0.0,0.0,0.0116,0.0,-0.0116,0.0,-105,-117,0.0973,0.1084,nan,nan,nan,UNKNOWN
103.358,-0.05,0.0,0.0,0.0,0.0116,0.0,-0.0116,0.0,-105,-117,0.0973,0.1084,nan,nan,nan,UNKNOWN
103.408,-0.05,0.0,0.0,0.0,0.0094,0.0,-0.0094,0.0,-104,-117,0.0964,0.1084,nan,nan,nan,UNKNOWN
103.458,-0.05,0.0,0.0,0.0,0.0094,0.0,-0.0094,0.0,-104,-117,0.0964,0.1084,nan,nan,nan,UNKNOWN
103.508,-0.05,0.0,0.0,0.0,0.0076,0.0111,-0.0076,-0.0111,-104,-114,0.0964,0.1057,nan,nan,nan,UNKNOWN
103.558,-0.05,0.0,0.0,0.0,0.0076,0.0111,-0.0076,-0.0111,-104,-114,0.0964,0.1057,nan,nan,nan,UNKNOWN
103.608,-0.05,0.0,0.0,0.0,0.0076,0.0111,-0.0076,-0.0111,-106,-114,0.0982,0.1057,nan,nan,nan,UNKNOWN
103.658,-0.05,0.0,0.0,0.0,-0.0004,0.0089,0.0004,-0.0089,-106,-114,0.0982,0.1057,nan,nan,nan,UNKNOWN
103.708,-0.05,0.0,0.0,0.0,-0.0004,0.0089,0.0004,-0.0089,-110,-117,0.1019,0.1084,nan,nan,nan,UNKNOWN
103.758,-0.05,0.0,0.0,0.0,-0.0004,0.0089,0.0004,-0.0089,-110,-117,0.1019,0.1084,nan,nan,nan,UNKNOWN
103.808,-0.05,0.0,0.0,0.0,-0.0175,-0.012,0.0175,0.012,-113,-121,0.1047,0.1121,nan,nan,nan,UNKNOWN
103.858,-0.05,0.0,0.0,0.0,-0.0175,-0.012,0.0175,0.012,-113,-121,0.1047,0.1121,nan,nan,nan,UNKNOWN
103.908,-0.05,0.0,0.0,0.0,-0.0175,-0.012,0.0175,0.012,-114,-122,0.1057,0.1131,nan,nan,nan,UNKNOWN
103.958,-0.05,0.0,0.0,0.0,-0.013,-0.0096,0.013,0.0096,-114,-122,0.1057,0.1131,nan,nan,nan,UNKNOWN
104.008,-0.05,0.0,0.0,0.0,-0.013,-0.0096,0.013,0.0096,-114,-122,0.1057,0.1131,nan,nan,nan,UNKNOWN
104.06,-0.05,0.0,0.0,0.0,-0.0104,-0.0077,0.0104,0.0077,-114,-122,0.1057,0.1131,nan,nan,nan,UNKNOWN
104.108,-0.05,0.0,0.0,0.0,-0.0104,-0.0077,0.0104,0.0077,-114,-122,0.1057,0.1131,nan,nan,nan,UNKNOWN
104.158,-0.05,0.0,0.0,0.0,-0.0104,-0.0077,0.0104,0.0077,-114,-122,0.1057,0.1131,nan,nan,nan,UNKNOWN
104.208,-0.05,0.0,0.0,0.0,-0.0083,-0.0071,0.0083,0.0071,-114,-123,0.1057,0.114,nan,nan,nan,UNKNOWN
104.258,-0.05,0.0,0.0,0.0,-0.0083,-0.0071,0.0083,0.0071,-114,-123,0.1057,0.114,nan,nan,nan,UNKNOWN
104.308,-0.05,0.0,0.0,0.0,-0.0083,-0.0071,0.0083,0.0071,-114,-124,0.1057,0.1149,nan,nan,nan,UNKNOWN
104.358,-0.05,0.0,0.0,0.0,-0.0067,-0.0067,0.0067,0.0067,-114,-124,0.1057,0.1149,nan,nan,nan,UNKNOWN
104.408,-0.05,0.0,0.0,0.0,-0.0067,-0.0067,0.0067,0.0067,-114,-124,0.1057,0.1149,nan,nan,nan,UNKNOWN
104.458,-0.05,0.0,0.0,0.0,-0.0067,-0.0067,0.0067,0.0067,-114,-124,0.1057,0.1149,nan,nan,nan,UNKNOWN
104.508,-0.05,0.0,0.0,0.0,-0.0053,-0.0054,0.0053,0.0054,-114,-124,0.1057,0.1149,nan,nan,nan,UNKNOWN
104.558,-0.05,0.0,0.0,0.0,-0.0053,-0.0054,0.0053,0.0054,-114,-124,0.1057,0.1149,nan,nan,nan,UNKNOWN
104.608,-0.05,0.0,0.0,0.0,-0.0053,-0.0054,0.0053,0.0054,-114,-124,0.1057,0.1149,nan,nan,nan,UNKNOWN
104.658,-0.05,0.0,0.0,0.0,-0.0043,-0.0043,0.0043,0.0043,-114,-124,0.1057,0.1149,nan,nan,nan,UNKNOWN
104.708,-0.05,0.0,0.0,0.0,-0.0043,-0.0043,0.0043,0.0043,-114,-124,0.1057,0.1149,nan,nan,nan,UNKNOWN
104.758,-0.05,0.0,0.0,0.0,-0.0043,-0.0043,0.0043,0.0043,-114,-124,0.1057,0.1149,nan,nan,nan,UNKNOWN
104.808,-0.05,0.0,0.0,0.0,-0.0034,-0.0034,0.0034,0.0034,-114,-124,0.1057,0.1149,nan,nan,nan,UNKNOWN
104.858,-0.05,0.0,0.0,0.0,-0.0034,-0.0034,0.0034,0.0034,-114,-124,0.1057,0.1149,nan,nan,nan,UNKNOWN
104.908,-0.05,0.0,0.0,0.0,-0.0034,-0.0034,0.0034,0.0034,-114,-124,0.1057,0.1149,nan,nan,nan,UNKNOWN
104.958,-0.05,0.0,0.0,0.0,-0.0027,-0.0028,0.0027,0.0028,-114,-124,0.1057,0.1149,nan,nan,nan,UNKNOWN
105.008,-0.05,0.0,0.0,0.0,-0.0027,-0.0028,0.0027,0.0028,-113,-124,0.1047,0.1149,nan,nan,nan,UNKNOWN
105.059,-0.05,0.0,0.0,0.0,-0.0027,-0.0028,0.0027,0.0028,-113,-124,0.1047,0.1149,nan,nan,nan,UNKNOWN
105.108,-0.05,0.0,0.0,0.0,0.0008,-0.0022,-0.0008,0.0022,-113,-124,0.1047,0.1149,nan,nan,nan,UNKNOWN
105.158,-0.05,0.0,0.0,0.0,0.0008,-0.0022,-0.0008,0.0022,-113,-124,0.1047,0.1149,nan,nan,nan,UNKNOWN
105.208,-0.05,0.0,0.0,0.0,0.0008,-0.0022,-0.0008,0.0022,-113,-124,0.1047,0.1149,nan,nan,nan,UNKNOWN
105.258,-0.05,0.0,0.0,0.0,0.0,-0.0018,0.0,0.0018,-113,-124,0.1047,0.1149,nan,nan,nan,UNKNOWN
105.308,-0.05,0.0,0.0,0.0,0.0,-0.0018,0.0,0.0018,-112,-125,0.1038,0.1158,nan,nan,nan,UNKNOWN
105.358,-0.05,0.0,0.0,0.0,0.0,-0.0018,0.0,0.0018,-112,-125,0.1038,0.1158,nan,nan,nan,UNKNOWN
105.408,-0.05,0.0,0.0,0.0,0.0025,-0.0035,-0.0025,0.0035,-112,-125,0.1038,0.1158,nan,nan,nan,UNKNOWN
105.458,-0.05,0.0,0.0,0.0,0.0025,-0.0035,-0.0025,0.0035,-112,-125,0.1038,0.1158,nan,nan,nan,UNKNOWN
105.508,-0.05,0.0,0.0,0.0,0.0052,0.0016,-0.0052,-0.0016,-111,-124,0.1029,0.1149,nan,nan,nan,UNKNOWN
105.558,-0.05,0.0,0.0,0.0,0.0052,0.0016,-0.0052,-0.0016,-111,-124,0.1029,0.1149,nan,nan,nan,UNKNOWN
105.608,-0.05,0.0,0.0,0.0,0.0254,0.0232,-0.0254,-0.0232,-105,-118,0.0973,0.1094,nan,nan,nan,UNKNOWN
105.658,-0.05,0.0,0.0,0.0,0.0254,0.0232,-0.0254,-0.0232,-105,-118,0.0973,0.1094,nan,nan,nan,UNKNOWN
105.708,-0.05,0.0,0.0,0.0,0.0254,0.0232,-0.0254,-0.0232,-105,-118,0.0973,0.1094,nan,nan,nan,UNKNOWN
105.758,-0.05,0.0,0.0,0.0,0.0203,0.0186,-0.0203,-0.0186,-105,-118,0.0973,0.1094,nan,nan,nan,UNKNOWN
105.808,-0.05,0.0,0.0,0.0,0.0203,0.0186,-0.0203,-0.0186,-106,-118,0.0982,0.1094,nan,nan,nan,UNKNOWN
105.858,-0.05,0.0,0.0,0.0,0.0085,0.0148,-0.0085,-0.0148,-106,-118,0.0982,0.1094,nan,nan,nan,UNKNOWN
105.908,-0.05,0.0,0.0,0.0,0.0085,0.0148,-0.0085,-0.0148,-107,-118,0.0992,0.1094,nan,nan,nan,UNKNOWN
105.958,-0.05,0.0,0.0,0.0,0.0085,0.0148,-0.0085,-0.0148,-107,-118,0.0992,0.1094,nan,nan,nan,UNKNOWN
106.008,-0.05,0.0,0.0,0.0,0.0026,0.0119,-0.0026,-0.0119,-107,-118,0.0992,0.1094,nan,nan,nan,UNKNOWN
106.059,-0.05,0.0,0.0,0.0,0.0026,0.0119,-0.0026,-0.0119,-107,-118,0.0992,0.1094,nan,nan,nan,UNKNOWN
106.108,-0.05,0.0,0.0,0.0,0.0026,0.0119,-0.0026,-0.0119,-106,-118,0.0982,0.1094,nan,nan,nan,UNKNOWN
106.158,-0.05,0.0,0.0,0.0,0.004,0.0095,-0.004,-0.0095,-106,-118,0.0982,0.1094,nan,nan,nan,UNKNOWN
106.208,-0.05,0.0,0.0,0.0,0.004,0.0095,-0.004,-0.0095,-106,-118,0.0982,0.1094,nan,nan,nan,UNKNOWN
106.258,-0.05,0.0,0.0,0.0,0.004,0.0095,-0.004,-0.0095,-106,-118,0.0982,0.1094,nan,nan,nan,UNKNOWN
106.308,-0.05,0.0,0.0,0.0,-0.0001,0.0076,0.0001,-0.0076,-107,-118,0.0992,0.1094,nan,nan,nan,UNKNOWN
106.358,-0.05,0.0,0.0,0.0,-0.0001,0.0076,0.0001,-0.0076,-107,-118,0.0992,0.1094,nan,nan,nan,UNKNOWN
106.408,-0.05,0.0,0.0,0.0,-0.0001,0.0076,0.0001,-0.0076,-108,-118,0.1001,0.1094,nan,nan,nan,UNKNOWN
106.458,-0.05,0.0,0.0,0.0,-0.0025,0.0061,0.0025,-0.0061,-108,-118,0.1001,0.1094,nan,nan,nan,UNKNOWN
106.508,-0.05,0.0,0.0,0.0,-0.0025,0.0061,0.0025,-0.0061,-109,-118,0.101,0.1094,nan,nan,nan,UNKNOWN
106.558,-0.05,0.0,0.0,0.0,-0.0025,0.0061,0.0025,-0.0061,-109,-118,0.101,0.1094,nan,nan,nan,UNKNOWN
106.608,-0.05,0.0,0.0,0.0,-0.0064,0.0049,0.0064,-0.0049,-110,-118,0.1019,0.1094,nan,nan,nan,UNKNOWN
106.658,-0.05,0.0,0.0,0.0,-0.0064,0.0049,0.0064,-0.0049,-110,-118,0.1019,0.1094,nan,nan,nan,UNKNOWN
106.708,-0.05,0.0,0.0,0.0,-0.0113,0.0039,0.0113,-0.0039,-112,-118,0.1038,0.1094,nan,nan,nan,UNKNOWN
106.758,-0.05,0.0,0.0,0.0,-0.0113,0.0039,0.0113,-0.0039,-112,-118,0.1038,0.1094,nan,nan,nan,UNKNOWN
106.808,-0.05,0.0,0.0,0.0,-0.0113,0.0039,0.0113,-0.0039,-116,-118,0.1075,0.1094,nan,nan,nan,UNKNOWN
106.858,-0.05,0.0,0.0,0.0,-0.0167,0.0031,0.0167,-0.0031,-116,-118,0.1075,0.1094,nan,nan,nan,UNKNOWN
106.908,-0.05,0.0,0.0,0.0,-0.0167,0.0031,0.0167,-0.0031,-118,-118,0.1094,0.1094,nan,nan,nan,UNKNOWN
106.958,-0.05,0.0,0.0,0.0,-0.0167,0.0031,0.0167,-0.0031,-118,-118,0.1094,0.1094,nan,nan,nan,UNKNOWN
107.008,-0.05,0.0,0.0,0.0,-0.0174,0.0025,0.0174,-0.0025,-119,-118,0.1103,0.1094,nan,nan,nan,UNKNOWN
107.06,-0.05,0.0,0.0,0.0,-0.0174,0.0025,0.0174,-0.0025,-119,-118,0.1103,0.1094,nan,nan,nan,UNKNOWN
107.108,-0.05,0.0,0.0,0.0,0.0044,0.002,-0.0044,-0.002,-115,-118,0.1066,0.1094,nan,nan,nan,UNKNOWN
107.158,-0.05,0.0,0.0,0.0,0.0044,0.002,-0.0044,-0.002,-115,-118,0.1066,0.1094,nan,nan,nan,UNKNOWN
107.208,-0.05,0.0,0.0,0.0,0.0044,0.002,-0.0044,-0.002,-108,-118,0.1001,0.1094,nan,nan,nan,UNKNOWN
107.258,-0.05,0.0,0.0,0.0,0.02,0.0016,-0.02,-0.0016,-108,-118,0.1001,0.1094,nan,nan,nan,UNKNOWN
107.308,-0.05,0.0,0.0,0.0,0.02,0.0016,-0.02,-0.0016,-108,-119,0.1001,0.1103,nan,nan,nan,UNKNOWN
107.358,-0.05,0.0,0.0,0.0,0.02,0.0016,-0.02,-0.0016,-108,-119,0.1001,0.1103,nan,nan,nan,UNKNOWN
107.408,-0.05,0.0,0.0,0.0,0.0144,-0.0015,-0.0144,0.0015,-107,-119,0.0992,0.1103,nan,nan,nan,UNKNOWN
107.458,-0.05,0.0,0.0,0.0,0.0144,-0.0015,-0.0144,0.0015,-107,-119,0.0992,0.1103,nan,nan,nan,UNKNOWN
107.508,-0.05,0.0,0.0,0.0,0.0144,-0.0015,-0.0144,0.0015,-107,-119,0.0992,0.1103,nan,nan,nan,UNKNOWN
107.558,-0.05,0.0,0.0,0.0,0.0116,-0.0012,-0.0116,0.0012,-107,-119,0.0992,0.1103,nan,nan,nan,UNKNOWN
107.608,-0.05,0.0,0.0,0.0,0.0116,-0.0012,-0.0116,0.0012,-106,-119,0.0982,0.1103,nan,nan,nan,UNKNOWN
107.658,-0.05,0.0,0.0,0.0,0.0116,-0.0012,-0.0116,0.0012,-106,-119,0.0982,0.1103,nan,nan,nan,UNKNOWN
107.708,-0.05,0.0,0.0,0.0,0.0094,0.0,-0.0094,0.0,-106,-119,0.0982,0.1103,nan,nan,nan,UNKNOWN
107.758,-0.05,0.0,0.0,0.0,0.0094,0.0,-0.0094,0.0,-106,-119,0.0982,0.1103,nan,nan,nan,UNKNOWN
107.808,-0.05,0.0,0.0,0.0,0.0075,0.0,-0.0075,0.0,-106,-119,0.0982,0.1103,nan,nan,nan,UNKNOWN
107.858,-0.05,0.0,0.0,0.0,0.0075,0.0,-0.0075,0.0,-106,-119,0.0982,0.1103,nan,nan,nan,UNKNOWN
107.908,-0.05,0.0,0.0,0.0,-0.0029,0.0,0.0029,0.0,-108,-119,0.1001,0.1103,nan,nan,nan,UNKNOWN
107.958,-0.05,0.0,0.0,0.0,-0.0029,0.0,0.0029,0.0,-108,-119,0.1001,0.1103,nan,nan,nan,UNKNOWN
108.008,-0.05,0.0,0.0,0.0,-0.0029,0.0,0.0029,0.0,-111,-119,0.1029,0.1103,nan,nan,nan,UNKNOWN
108.059,-0.05,0.0,0.0,0.0,-0.0092,0.0,0.0092,0.0,-111,-119,0.1029,0.1103,nan,nan,nan,UNKNOWN
108.108,-0.05,0.0,0.0,0.0,-0.0092,0.0,0.0092,0.0,-113,-119,0.1047,0.1103,nan,nan,nan,UNKNOWN
108.158,-0.05,0.0,0.0,0.0,-0.0092,0.0,0.0092,0.0,-113,-119,0.1047,0.1103,nan,nan,nan,UNKNOWN
108.208,-0.05,0.0,0.0,0.0,-0.0129,0.0,0.0129,0.0,-114,-119,0.1057,0.1103,nan,nan,nan,UNKNOWN
108.258,-0.05,0.0,0.0,0.0,-0.0129,0.0,0.0129,0.0,-114,-119,0.1057,0.1103,nan,nan,nan,UNKNOWN
108.308,-0.05,0.0,0.0,0.0,0.0108,0.0037,-0.0108,-0.0037,-109,-118,0.101,0.1094,nan,nan,nan,UNKNOWN
108.358,-0.05,0.0,0.0,0.0,0.0108,0.0037,-0.0108,-0.0037,-109,-118,0.101,0.1094,nan,nan,nan,UNKNOWN
108.408,-0.05,0.0,0.0,0.0,0.0108,0.0037,-0.0108,-0.0037,-105,-117,0.0973,0.1084,nan,nan,nan,UNKNOWN
108.458,-0.05,0.0,0.0,0.0,0.0164,0.0047,-0.0164,-0.0047,-105,-117,0.0973,0.1084,nan,nan,nan,UNKNOWN
108.508,-0.05,0.0,0.0,0.0,0.0164,0.0047,-0.0164,-0.0047,-104,-116,0.0964,0.1075,nan,nan,nan,UNKNOWN
108.558,-0.05,0.0,0.0,0.0,0.0135,0.0065,-0.0135,-0.0065,-104,-116,0.0964,0.1075,nan,nan,nan,UNKNOWN
108.608,-0.05,0.0,0.0,0.0,0.0135,0.0065,-0.0135,-0.0065,-108,-120,0.1001,0.1112,nan,nan,nan,UNKNOWN
108.658,-0.05,0.0,0.0,0.0,0.0135,0.0065,-0.0135,-0.0065,-108,-120,0.1001,0.1112,nan,nan,nan,UNKNOWN
108.708,-0.05,0.0,0.0,0.0,-0.0166,-0.0257,0.0166,0.0257,-114,-128,0.1057,0.1186,nan,nan,nan,UNKNOWN
108.758,-0.05,0.0,0.0,0.0,-0.0166,-0.0257,0.0166,0.0257,-114,-128,0.1057,0.1186,nan,nan,nan,UNKNOWN
108.808,-0.05,0.0,0.0,0.0,-0.0062,-0.0206,0.0062,0.0206,-113,-128,0.1047,0.1186,nan,nan,nan,UNKNOWN
108.858,-0.05,0.0,0.0,0.0,-0.0062,-0.0206,0.0062,0.0206,-113,-128,0.1047,0.1186,nan,nan,nan,UNKNOWN
108.908,-0.05,0.0,0.0,0.0,-0.005,-0.016,0.005,0.016,-113,-129,0.1047,0.1196,nan,nan,nan,UNKNOWN
108.958,-0.05,0.0,0.0,0.0,-0.005,-0.016,0.005,0.016,-113,-129,0.1047,0.1196,nan,nan,nan,UNKNOWN
109.008,-0.05,0.0,0.0,0.0,-0.005,-0.016,0.005,0.016,-113,-129,0.1047,0.1196,nan,nan,nan,UNKNOWN
109.059,-0.05,0.0,0.0,0.0,-0.004,-0.0128,0.004,0.0128,-113,-129,0.1047,0.1196,nan,nan,nan,UNKNOWN
109.108,-0.05,0.0,0.0,0.0,-0.004,-0.0128,0.004,0.0128,-113,-129,0.1047,0.1196,nan,nan,nan,UNKNOWN
109.158,-0.05,0.0,0.0,0.0,-0.0032,-0.0103,0.0032,0.0103,-113,-129,0.1047,0.1196,nan,nan,nan,UNKNOWN
109.208,-0.05,0.0,0.0,0.0,-0.0032,-0.0103,0.0032,0.0103,-114,-129,0.1057,0.1196,nan,nan,nan,UNKNOWN
109.258,-0.05,0.0,0.0,0.0,-0.0032,-0.0103,0.0032,0.0103,-114,-129,0.1057,0.1196,nan,nan,nan,UNKNOWN
109.308,-0.05,0.0,0.0,0.0,-0.0044,-0.0082,0.0044,0.0082,-114,-129,0.1057,0.1196,nan,nan,nan,UNKNOWN
109.358,-0.05,0.0,0.0,0.0,-0.0044,-0.0082,0.0044,0.0082,-114,-129,0.1057,0.1196,nan,nan,nan,UNKNOWN
109.408,-0.05,0.0,0.0,0.0,-0.0044,-0.0082,0.0044,0.0082,-114,-129,0.1057,0.1196,nan,nan,nan,UNKNOWN
109.458,-0.05,0.0,0.0,0.0,-0.0035,-0.0066,0.0035,0.0066,-114,-129,0.1057,0.1196,nan,nan,nan,UNKNOWN
109.508,-0.05,0.0,0.0,0.0,-0.0035,-0.0066,0.0035,0.0066,-114,-129,0.1057,0.1196,nan,nan,nan,UNKNOWN
109.558,-0.05,0.0,0.0,0.0,-0.0028,-0.0053,0.0028,0.0053,-114,-129,0.1057,0.1196,nan,nan,nan,UNKNOWN
109.608,-0.05,0.0,0.0,0.0,-0.0028,-0.0053,0.0028,0.0053,-114,-129,0.1057,0.1196,nan,nan,nan,UNKNOWN
109.658,-0.05,0.0,0.0,0.0,-0.0022,-0.0042,0.0022,0.0042,-114,-129,0.1057,0.1196,nan,nan,nan,UNKNOWN
109.708,-0.05,0.0,0.0,0.0,-0.0022,-0.0042,0.0022,0.0042,-114,-129,0.1057,0.1196,nan,nan,nan,UNKNOWN
109.758,-0.05,0.0,0.0,0.0,-0.0022,-0.0042,0.0022,0.0042,-114,-129,0.1057,0.1196,nan,nan,nan,UNKNOWN
109.808,-0.05,0.0,0.0,0.0,-0.0018,-0.0034,0.0018,0.0034,-114,-129,0.1057,0.1196,nan,nan,nan,UNKNOWN
109.858,-0.05,0.0,0.0,0.0,-0.0018,-0.0034,0.0018,0.0034,-114,-129,0.1057,0.1196,nan,nan,nan,UNKNOWN
109.908,-0.05,0.0,0.0,0.0,-0.0018,-0.0034,0.0018,0.0034,-114,-129,0.1057,0.1196,nan,nan,nan,UNKNOWN
109.958,-0.05,0.0,0.0,0.0,-0.0014,-0.0027,0.0014,0.0027,-114,-129,0.1057,0.1196,nan,nan,nan,UNKNOWN
110.008,-0.05,0.0,0.0,0.0,-0.0014,-0.0027,0.0014,0.0027,-114,-129,0.1057,0.1196,nan,nan,nan,UNKNOWN
110.059,-0.05,0.0,0.0,0.0,-0.0014,-0.0027,0.0014,0.0027,-114,-129,0.1057,0.1196,nan,nan,nan,UNKNOWN
110.108,-0.05,0.0,0.0,0.0,-0.0011,-0.0022,0.0011,0.0022,-114,-129,0.1057,0.1196,nan,nan,nan,UNKNOWN
110.158,-0.05,0.0,0.0,0.0,-0.0011,-0.0022,0.0011,0.0022,-113,-129,0.1047,0.1196,nan,nan,nan,UNKNOWN
110.208,-0.05,0.0,0.0,0.0,0.003,-0.0017,-0.003,0.0017,-113,-129,0.1047,0.1196,nan,nan,nan,UNKNOWN
110.258,-0.05,0.0,0.0,0.0,0.003,-0.0017,-0.003,0.0017,-112,-129,0.1038,0.1196,nan,nan,nan,UNKNOWN
110.308,-0.05,0.0,0.0,0.0,0.003,-0.0017,-0.003,0.0017,-112,-129,0.1038,0.1196,nan,nan,nan,UNKNOWN
110.358,-0.05,0.0,0.0,0.0,0.0092,-0.0014,-0.0092,0.0014,-110,-129,0.1019,0.1196,nan,nan,nan,UNKNOWN
110.408,-0.05,0.0,0.0,0.0,0.0092,-0.0014,-0.0092,0.0014,-110,-129,0.1019,0.1196,nan,nan,nan,UNKNOWN
110.458,-0.05,0.0,0.0,0.0,0.0092,-0.0014,-0.0092,0.0014,-111,-129,0.1029,0.1196,nan,nan,nan,UNKNOWN
110.508,-0.05,0.0,0.0,0.0,0.0031,-0.0011,-0.0031,0.0011,-111,-129,0.1029,0.1196,nan,nan,nan,UNKNOWN
110.558,-0.05,0.0,0.0,0.0,0.0031,-0.0011,-0.0031,0.0011,-113,-128,0.1047,0.1186,nan,nan,nan,UNKNOWN
110.608,-0.05,0.0,0.0,0.0,0.0031,-0.0011,-0.0031,0.0011,-113,-128,0.1047,0.1186,nan,nan,nan,UNKNOWN
110.658,-0.05,0.0,0.0,0.0,-0.0031,0.0018,0.0031,-0.0018,-113,-128,0.1047,0.1186,nan,nan,nan,UNKNOWN
110.708,-0.05,0.0,0.0,0.0,-0.0031,0.0018,0.0031,-0.0018,-113,-128,0.1047,0.1186,nan,nan,nan,UNKNOWN
110.758,-0.05,0.0,0.0,0.0,-0.0031,0.0018,0.0031,-0.0018,-114,-128,0.1057,0.1186,nan,nan,nan,UNKNOWN
110.808,-0.05,0.0,0.0,0.0,-0.0043,0.0014,0.0043,-0.0014,-114,-128,0.1057,0.1186,nan,nan,nan,UNKNOWN
110.858,-0.05,0.0,0.0,0.0,-0.0043,0.0014,0.0043,-0.0014,-114,-129,0.1057,0.1196,nan,nan,nan,UNKNOWN
110.908,-0.05,0.0,0.0,0.0,-0.0043,0.0014,0.0043,-0.0014,-114,-129,0.1057,0.1196,nan,nan,nan,UNKNOWN
110.958,-0.05,0.0,0.0,0.0,-0.0035,-0.0016,0.0035,0.0016,-114,-129,0.1057,0.1196,nan,nan,nan,UNKNOWN
111.008,-0.05,0.0,0.0,0.0,-0.0035,-0.0016,0.0035,0.0016,-114,-129,0.1057,0.1196,nan,nan,nan,UNKNOWN
111.059,-0.05,0.0,0.0,0.0,-0.0035,-0.0016,0.0035,0.0016,-114,-129,0.1057,0.1196,nan,nan,nan,UNKNOWN
111.108,-0.05,0.0,0.0,0.0,-0.0028,-0.0013,0.0028,0.0013,-114,-129,0.1057,0.1196,nan,nan,nan,UNKNOWN
111.158,-0.05,0.0,0.0,0.0,-0.0028,-0.0013,0.0028,0.0013,-114,-129,0.1057,0.1196,nan,nan,nan,UNKNOWN
111.208,-0.05,0.0,0.0,0.0,-0.0022,-0.001,0.0022,0.001,-114,-129,0.1057,0.1196,nan,nan,nan,UNKNOWN
111.258,-0.05,0.0,0.0,0.0,-0.0022,-0.001,0.0022,0.001,-114,-129,0.1057,0.1196,nan,nan,nan,UNKNOWN
111.308,-0.05,0.0,0.0,0.0,-0.0018,0.0,0.0018,0.0,-114,-129,0.1057,0.1196,nan,nan,nan,UNKNOWN
111.358,-0.05,0.0,0.0,0.0,-0.0018,0.0,0.0018,0.0,-114,-129,0.1057,0.1196,nan,nan,nan,UNKNOWN
111.408,-0.05,0.0,0.0,0.0,-0.0018,0.0,0.0018,0.0,-114,-129,0.1057,0.1196,nan,nan,nan,UNKNOWN
111.458,-0.05,0.0,0.0,0.0,-0.0014,0.0,0.0014,0.0,-114,-129,0.1057,0.1196,nan,nan,nan,UNKNOWN
111.508,-0.05,0.0,0.0,0.0,-0.0014,0.0,0.0014,0.0,-114,-129,0.1057,0.1196,nan,nan,nan,UNKNOWN
111.558,-0.05,0.0,0.0,0.0,-0.0014,0.0,0.0014,0.0,-114,-129,0.1057,0.1196,nan,nan,nan,UNKNOWN
111.608,-0.05,0.0,0.0,0.0,-0.0011,0.0,0.0011,0.0,-114,-129,0.1057,0.1196,nan,nan,nan,UNKNOWN
111.658,-0.05,0.0,0.0,0.0,-0.0011,0.0,0.0011,0.0,-114,-129,0.1057,0.1196,nan,nan,nan,UNKNOWN
111.708,-0.05,0.0,0.0,0.0,0.0,0.0,0.0,0.0,-114,-129,0.1057,0.1196,nan,nan,nan,UNKNOWN
111.758,-0.05,0.0,0.0,0.0,0.0,0.0,0.0,0.0,-114,-129,0.1057,0.1196,nan,nan,nan,UNKNOWN
111.808,-0.05,0.0,0.0,0.0,0.0,0.0,0.0,0.0,-114,-129,0.1057,0.1196,nan,nan,nan,UNKNOWN
111.858,-0.05,0.0,0.0,0.0,0.0,0.0,0.0,0.0,-114,-129,0.1057,0.1196,nan,nan,nan,UNKNOWN
111.908,-0.05,0.0,0.0,0.0,0.0,0.0,0.0,0.0,-114,-129,0.1057,0.1196,nan,nan,nan,UNKNOWN
111.958,-0.05,0.0,0.0,0.0,0.0,0.0,0.0,0.0,-114,-129,0.1057,0.1196,nan,nan,nan,UNKNOWN
112.008,-0.05,0.0,0.0,0.0,0.0,0.0,0.0,0.0,-114,-129,0.1057,0.1196,nan,nan,nan,UNKNOWN
112.06,-0.05,0.0,0.0,0.0,0.0,0.0,0.0,0.0,-114,-129,0.1057,0.1196,nan,nan,nan,UNKNOWN
112.108,-0.05,0.0,0.0,0.0,0.0,0.0,0.0,0.0,-114,-129,0.1057,0.1196,nan,nan,nan,UNKNOWN
112.158,-0.05,0.0,0.0,0.0,-0.0025,0.0,0.0025,0.0,-115,-129,0.1066,0.1196,nan,nan,nan,UNKNOWN
112.208,-0.05,0.0,0.0,0.0,-0.0025,0.0,0.0025,0.0,-115,-129,0.1066,0.1196,nan,nan,nan,UNKNOWN
112.258,-0.05,0.0,0.0,0.0,-0.002,0.0,0.002,0.0,-115,-129,0.1066,0.1196,nan,nan,nan,UNKNOWN
112.308,-0.05,0.0,0.0,0.0,-0.002,0.0,0.002,0.0,-115,-129,0.1066,0.1196,nan,nan,nan,UNKNOWN
112.358,-0.05,0.0,0.0,0.0,-0.002,0.0,0.002,0.0,-115,-129,0.1066,0.1196,nan,nan,nan,UNKNOWN
112.408,-0.05,0.0,0.0,0.0,-0.0016,0.0,0.0016,0.0,-115,-129,0.1066,0.1196,nan,nan,nan,UNKNOWN
112.458,-0.05,0.0,0.0,0.0,-0.0016,0.0,0.0016,0.0,-115,-129,0.1066,0.1196,nan,nan,nan,UNKNOWN
112.508,-0.05,0.0,0.0,0.0,-0.0013,0.0,0.0013,0.0,-115,-129,0.1066,0.1196,nan,nan,nan,UNKNOWN
112.558,-0.05,0.0,0.0,0.0,-0.0013,0.0,0.0013,0.0,-115,-129,0.1066,0.1196,nan,nan,nan,UNKNOWN
112.608,-0.05,0.0,0.0,0.0,-0.0013,0.0,0.0013,0.0,-115,-129,0.1066,0.1196,nan,nan,nan,UNKNOWN
112.658,-0.05,0.0,0.0,0.0,-0.001,0.0,0.001,0.0,-115,-129,0.1066,0.1196,nan,nan,nan,UNKNOWN
112.708,-0.05,0.0,0.0,0.0,-0.001,0.0,0.001,0.0,-115,-129,0.1066,0.1196,nan,nan,nan,UNKNOWN
112.758,-0.05,0.0,0.0,0.0,0.0,0.0,0.0,0.0,-115,-129,0.1066,0.1196,nan,nan,nan,UNKNOWN
112.808,-0.05,0.0,0.0,0.0,0.0,0.0,0.0,0.0,-115,-129,0.1066,0.1196,nan,nan,nan,UNKNOWN
112.858,-0.05,0.0,0.0,0.0,0.0,0.0,0.0,0.0,-115,-129,0.1066,0.1196,nan,nan,nan,UNKNOWN
112.908,-0.05,0.0,0.0,0.0,0.0,0.0,0.0,0.0,-115,-129,0.1066,0.1196,nan,nan,nan,UNKNOWN
112.958,-0.05,0.0,0.0,0.0,0.0,0.0,0.0,0.0,-115,-129,0.1066,0.1196,nan,nan,nan,UNKNOWN
113.008,-0.05,0.0,0.0,0.0,0.0,0.0,0.0,0.0,-115,-129,0.1066,0.1196,nan,nan,nan,UNKNOWN
113.059,-0.05,0.0,0.0,0.0,0.0,0.0,0.0,0.0,-115,-129,0.1066,0.1196,nan,nan,nan,UNKNOWN
113.108,-0.05,0.0,0.0,0.0,0.0,0.0,0.0,0.0,-115,-129,0.1066,0.1196,nan,nan,nan,UNKNOWN
113.158,-0.05,0.0,0.0,0.0,0.0,0.0,0.0,0.0,-115,-129,0.1066,0.1196,nan,nan,nan,UNKNOWN
113.208,-0.05,0.0,0.0,0.0,0.0,0.0,0.0,0.0,-115,-129,0.1066,0.1196,nan,nan,nan,UNKNOWN
113.258,-0.05,0.0,0.0,0.0,0.0,0.0,0.0,0.0,-115,-129,0.1066,0.1196,nan,nan,nan,UNKNOWN
113.308,-0.05,0.0,0.0,0.0,0.0,0.0,0.0,0.0,-115,-129,0.1066,0.1196,nan,nan,nan,UNKNOWN
113.358,-0.05,0.0,0.0,0.0,0.0,0.0,0.0,0.0,-115,-129,0.1066,0.1196,nan,nan,nan,UNKNOWN
113.408,-0.05,0.0,0.0,0.0,0.0,0.0,0.0,0.0,-115,-129,0.1066,0.1196,nan,nan,nan,UNKNOWN
113.458,-0.05,0.0,0.0,0.0,0.0,0.0,0.0,0.0,-115,-129,0.1066,0.1196,nan,nan,nan,UNKNOWN
113.508,-0.05,0.0,0.0,0.0,0.0,0.0,0.0,0.0,-115,-129,0.1066,0.1196,nan,nan,nan,UNKNOWN
113.558,-0.05,0.0,0.0,0.0,0.0,0.0,0.0,0.0,-115,-129,0.1066,0.1196,nan,nan,nan,UNKNOWN
113.608,-0.05,0.0,0.0,0.0,0.0,0.0,0.0,0.0,-115,-129,0.1066,0.1196,nan,nan,nan,UNKNOWN
113.658,-0.05,0.0,0.0,0.0,0.0,0.0,0.0,0.0,-115,-129,0.1066,0.1196,nan,nan,nan,UNKNOWN
113.708,-0.05,0.0,0.0,0.0,0.0,0.0,0.0,0.0,-115,-129,0.1066,0.1196,nan,nan,nan,UNKNOWN
113.758,-0.05,0.0,0.0,0.0,0.0,0.0,0.0,0.0,-115,-129,0.1066,0.1196,nan,nan,nan,UNKNOWN
113.808,-0.05,0.0,0.0,0.0,0.0,0.0,0.0,0.0,-115,-129,0.1066,0.1196,nan,nan,nan,UNKNOWN
113.858,-0.05,0.0,0.0,0.0,0.0,0.0,0.0,0.0,-115,-129,0.1066,0.1196,nan,nan,nan,UNKNOWN
113.908,-0.05,0.0,0.0,0.0,0.0,0.0,0.0,0.0,-115,-129,0.1066,0.1196,nan,nan,nan,UNKNOWN
113.958,-0.05,0.0,0.0,0.0,0.0,0.0,0.0,0.0,-115,-129,0.1066,0.1196,nan,nan,nan,UNKNOWN
114.008,-0.05,0.0,0.0,0.0,0.0,0.0,0.0,0.0,-115,-129,0.1066,0.1196,nan,nan,nan,UNKNOWN
114.06,-0.05,0.0,0.0,0.0,0.0,0.0,0.0,0.0,-115,-129,0.1066,0.1196,nan,nan,nan,UNKNOWN
114.108,-0.05,0.0,0.0,0.0,0.0,0.0,0.0,0.0,-115,-129,0.1066,0.1196,nan,nan,nan,UNKNOWN
114.158,-0.05,0.0,0.0,0.0,0.0,0.0,0.0,0.0,-115,-129,0.1066,0.1196,nan,nan,nan,UNKNOWN
114.208,-0.05,0.0,0.0,0.0,0.0,0.0,0.0,0.0,-115,-129,0.1066,0.1196,nan,nan,nan,UNKNOWN
114.258,-0.05,0.0,0.0,0.0,0.0,0.0,0.0,0.0,-115,-129,0.1066,0.1196,nan,nan,nan,UNKNOWN
114.308,-0.05,0.0,0.0,0.0,0.0,0.0,0.0,0.0,-115,-129,0.1066,0.1196,nan,nan,nan,UNKNOWN
114.358,-0.05,0.0,0.0,0.0,0.0,0.0,0.0,0.0,-115,-129,0.1066,0.1196,nan,nan,nan,UNKNOWN
114.408,-0.05,0.0,0.0,0.0,0.0,0.0,0.0,0.0,-115,-129,0.1066,0.1196,nan,nan,nan,UNKNOWN
114.458,-0.05,0.0,0.0,0.0,0.0,0.0,0.0,0.0,-115,-129,0.1066,0.1196,nan,nan,nan,UNKNOWN
114.508,-0.05,0.0,0.0,0.0,0.0,0.0,0.0,0.0,-115,-129,0.1066,0.1196,nan,nan,nan,UNKNOWN
114.558,-0.05,0.0,0.0,0.0,0.0,0.0,0.0,0.0,-115,-129,0.1066,0.1196,nan,nan,nan,UNKNOWN
114.608,-0.05,0.0,0.0,0.0,0.0,0.0,0.0,0.0,-115,-129,0.1066,0.1196,nan,nan,nan,UNKNOWN
114.658,-0.05,0.0,0.0,0.0,0.0,0.0,0.0,0.0,-115,-129,0.1066,0.1196,nan,nan,nan,UNKNOWN
114.708,-0.05,0.0,0.0,0.0,0.0,0.0,0.0,0.0,-115,-129,0.1066,0.1196,nan,nan,nan,UNKNOWN
114.758,-0.05,0.0,0.0,0.0,0.0,0.0,0.0,0.0,-115,-129,0.1066,0.1196,nan,nan,nan,UNKNOWN
114.808,-0.05,0.0,0.0,0.0,0.0,0.0,0.0,0.0,-115,-129,0.1066,0.1196,nan,nan,nan,UNKNOWN
114.858,-0.05,0.0,0.0,0.0,0.0,0.0,0.0,0.0,-115,-129,0.1066,0.1196,nan,nan,nan,UNKNOWN
114.908,-0.05,0.0,0.0,0.0,0.0,0.0,0.0,0.0,-115,-129,0.1066,0.1196,nan,nan,nan,UNKNOWN
114.958,-0.05,0.0,0.0,0.0,0.0,0.0,0.0,0.0,-115,-129,0.1066,0.1196,nan,nan,nan,UNKNOWN
115.008,-0.05,0.0,0.0,0.0,0.0,0.0,0.0,0.0,-115,-129,0.1066,0.1196,nan,nan,nan,UNKNOWN
115.059,-0.05,0.0,0.0,0.0,0.0,0.0,0.0,0.0,-115,-129,0.1066,0.1196,nan,nan,nan,UNKNOWN
115.108,-0.05,0.0,0.0,0.0,0.0,0.0,0.0,0.0,-115,-129,0.1066,0.1196,nan,nan,nan,UNKNOWN
115.158,-0.05,0.0,0.0,0.0,0.0,0.0,0.0,0.0,-115,-129,0.1066,0.1196,nan,nan,nan,UNKNOWN
115.208,-0.05,0.0,0.0,0.0,0.0,0.0,0.0,0.0,-115,-129,0.1066,0.1196,nan,nan,nan,UNKNOWN
115.258,-0.05,0.0,0.0,0.0,0.0,0.0,0.0,0.0,-115,-129,0.1066,0.1196,nan,nan,nan,UNKNOWN
115.308,-0.05,0.0,0.0,0.0,0.0,0.0,0.0,0.0,-115,-129,0.1066,0.1196,nan,nan,nan,UNKNOWN
115.358,-0.05,0.0,0.0,0.0,0.0,0.0,0.0,0.0,-115,-129,0.1066,0.1196,nan,nan,nan,UNKNOWN
115.408,-0.05,0.0,0.0,0.0,0.0,0.0,0.0,0.0,-115,-129,0.1066,0.1196,nan,nan,nan,UNKNOWN
115.458,-0.05,0.0,0.0,0.0,0.0,0.0,0.0,0.0,-115,-129,0.1066,0.1196,nan,nan,nan,UNKNOWN
115.508,-0.05,0.0,0.0,0.0,0.0,0.0,0.0,0.0,-115,-129,0.1066,0.1196,nan,nan,nan,UNKNOWN
115.558,-0.05,0.0,0.0,0.0,0.0,0.0,0.0,0.0,-115,-129,0.1066,0.1196,nan,nan,nan,UNKNOWN
115.608,-0.05,0.0,0.0,0.0,0.0,0.0,0.0,0.0,-115,-129,0.1066,0.1196,nan,nan,nan,UNKNOWN
115.658,-0.05,0.0,0.0,0.0,0.0,0.0,0.0,0.0,-115,-129,0.1066,0.1196,nan,nan,nan,UNKNOWN
115.708,-0.05,0.0,0.0,0.0,0.0,0.0,0.0,0.0,-115,-129,0.1066,0.1196,nan,nan,nan,UNKNOWN
115.758,-0.05,0.0,0.0,0.0,0.0,0.0,0.0,0.0,-115,-129,0.1066,0.1196,nan,nan,nan,UNKNOWN
115.808,-0.05,0.0,0.0,0.0,0.0,0.0,0.0,0.0,-115,-129,0.1066,0.1196,nan,nan,nan,UNKNOWN
115.858,-0.05,0.0,0.0,0.0,0.0,0.0,0.0,0.0,-115,-129,0.1066,0.1196,nan,nan,nan,UNKNOWN
115.908,-0.05,0.0,0.0,0.0,0.0,0.0,0.0,0.0,-115,-129,0.1066,0.1196,nan,nan,nan,UNKNOWN
115.958,-0.05,0.0,0.0,0.0,0.0,0.0,0.0,0.0,-115,-129,0.1066,0.1196,nan,nan,nan,UNKNOWN
116.008,-0.05,0.0,0.0,0.0,0.0,0.0,0.0,0.0,-115,-129,0.1066,0.1196,nan,nan,nan,UNKNOWN
116.059,-0.05,0.0,0.0,0.0,0.0,0.0,0.0,0.0,-115,-129,0.1066,0.1196,nan,nan,nan,UNKNOWN
116.108,-0.05,0.0,0.0,0.0,0.0,0.0,0.0,0.0,-115,-129,0.1066,0.1196,nan,nan,nan,UNKNOWN
116.158,-0.05,0.0,0.0,0.0,0.0,0.0,0.0,0.0,-115,-129,0.1066,0.1196,nan,nan,nan,UNKNOWN
116.208,-0.05,0.0,0.0,0.0,0.0,0.0,0.0,0.0,-115,-129,0.1066,0.1196,nan,nan,nan,UNKNOWN
116.258,-0.05,0.0,0.0,0.0,0.0,0.0,0.0,0.0,-115,-129,0.1066,0.1196,nan,nan,nan,UNKNOWN
116.308,-0.05,0.0,0.0,0.0,0.0,0.0,0.0,0.0,-115,-129,0.1066,0.1196,nan,nan,nan,UNKNOWN
116.358,-0.05,0.0,0.0,0.0,0.0,0.0,0.0,0.0,-115,-129,0.1066,0.1196,nan,nan,nan,UNKNOWN
116.408,-0.05,0.0,0.0,0.0,0.0,0.0,0.0,0.0,-115,-129,0.1066,0.1196,nan,nan,nan,UNKNOWN
116.458,-0.05,0.0,0.0,0.0,0.0,0.0,0.0,0.0,-115,-129,0.1066,0.1196,nan,nan,nan,UNKNOWN
116.508,-0.05,0.0,0.0,0.0,0.0,0.0,0.0,0.0,-115,-129,0.1066,0.1196,nan,nan,nan,UNKNOWN
116.558,-0.05,0.0,0.0,0.0,0.0,0.0,0.0,0.0,-115,-129,0.1066,0.1196,nan,nan,nan,UNKNOWN
116.608,-0.05,0.0,0.0,0.0,0.0,0.0,0.0,0.0,-115,-129,0.1066,0.1196,nan,nan,nan,UNKNOWN
116.658,-0.05,0.0,0.0,0.0,0.0,0.0,0.0,0.0,-115,-129,0.1066,0.1196,nan,nan,nan,UNKNOWN
116.708,-0.05,0.0,0.0,0.0,0.0,0.0,0.0,0.0,-115,-129,0.1066,0.1196,nan,nan,nan,UNKNOWN
116.758,-0.05,0.0,0.0,0.0,0.0,0.0,0.0,0.0,-115,-129,0.1066,0.1196,nan,nan,nan,UNKNOWN
116.808,-0.05,0.0,0.0,0.0,0.0,0.0,0.0,0.0,-115,-129,0.1066,0.1196,nan,nan,nan,UNKNOWN
116.858,-0.05,0.0,0.0,0.0,0.0,0.0,0.0,0.0,-115,-129,0.1066,0.1196,nan,nan,nan,UNKNOWN
116.908,-0.05,0.0,0.0,0.0,0.0,0.0,0.0,0.0,-115,-129,0.1066,0.1196,nan,nan,nan,UNKNOWN
116.958,-0.05,0.0,0.0,0.0,0.0,0.0,0.0,0.0,-115,-129,0.1066,0.1196,nan,nan,nan,UNKNOWN
117.008,-0.05,0.0,0.0,0.0,0.0,0.0,0.0,0.0,-115,-129,0.1066,0.1196,nan,nan,nan,UNKNOWN
117.06,-0.05,0.0,0.0,0.0,0.0,0.0,0.0,0.0,-115,-129,0.1066,0.1196,nan,nan,nan,UNKNOWN
117.108,-0.05,0.0,0.0,0.0,0.0,0.0,0.0,0.0,-115,-129,0.1066,0.1196,nan,nan,nan,UNKNOWN
117.158,-0.05,0.0,0.0,0.0,0.0,0.0,0.0,0.0,-115,-129,0.1066,0.1196,nan,nan,nan,UNKNOWN
117.208,-0.05,0.0,0.0,0.0,0.0,0.0,0.0,0.0,-115,-129,0.1066,0.1196,nan,nan,nan,UNKNOWN
117.258,-0.05,0.0,0.0,0.0,0.0,0.0,0.0,0.0,-115,-129,0.1066,0.1196,nan,nan,nan,UNKNOWN
117.308,-0.05,0.0,0.0,0.0,0.0,0.0,0.0,0.0,-115,-129,0.1066,0.1196,nan,nan,nan,UNKNOWN
117.358,-0.05,0.0,0.0,0.0,0.0,0.0,0.0,0.0,-115,-129,0.1066,0.1196,nan,nan,nan,UNKNOWN
117.408,-0.05,0.0,0.0,0.0,0.0,0.0,0.0,0.0,-115,-129,0.1066,0.1196,nan,nan,nan,UNKNOWN
117.458,-0.05,0.0,0.0,0.0,0.0,0.0,0.0,0.0,-115,-129,0.1066,0.1196,nan,nan,nan,UNKNOWN
117.508,-0.05,0.0,0.0,0.0,0.0,0.0,0.0,0.0,-115,-129,0.1066,0.1196,nan,nan,nan,UNKNOWN
117.558,-0.05,0.0,0.0,0.0,0.0,0.0,0.0,0.0,-115,-129,0.1066,0.1196,nan,nan,nan,UNKNOWN
117.608,-0.05,0.0,0.0,0.0,0.0,0.0,0.0,0.0,-115,-129,0.1066,0.1196,nan,nan,nan,UNKNOWN
117.658,-0.05,0.0,0.0,0.0,0.0,0.0,0.0,0.0,-115,-129,0.1066,0.1196,nan,nan,nan,UNKNOWN
117.708,-0.05,0.0,0.0,0.0,0.0,0.0,0.0,0.0,-115,-129,0.1066,0.1196,nan,nan,nan,UNKNOWN
117.758,-0.05,0.0,0.0,0.0,0.0,0.0,0.0,0.0,-115,-129,0.1066,0.1196,nan,nan,nan,UNKNOWN
117.808,-0.05,0.0,0.0,0.0,0.0,0.0,0.0,0.0,-115,-129,0.1066,0.1196,nan,nan,nan,UNKNOWN
117.858,-0.05,0.0,0.0,0.0,0.0,0.0,0.0,0.0,-115,-129,0.1066,0.1196,nan,nan,nan,UNKNOWN
117.908,-0.05,0.0,0.0,0.0,0.0,0.0,0.0,0.0,-115,-129,0.1066,0.1196,nan,nan,nan,UNKNOWN
117.958,-0.05,0.0,0.0,0.0,0.0,0.0,0.0,0.0,-115,-129,0.1066,0.1196,nan,nan,nan,UNKNOWN
118.008,-0.05,0.0,0.0,0.0,0.0,0.0,0.0,0.0,-115,-129,0.1066,0.1196,nan,nan,nan,UNKNOWN
118.059,-0.05,0.0,0.0,0.0,0.0,0.0,0.0,0.0,-115,-129,0.1066,0.1196,nan,nan,nan,UNKNOWN
118.108,-0.05,0.0,0.0,0.0,0.0,0.0,0.0,0.0,-115,-129,0.1066,0.1196,nan,nan,nan,UNKNOWN
118.158,-0.05,0.0,0.0,0.0,0.0,0.0,0.0,0.0,-115,-129,0.1066,0.1196,nan,nan,nan,UNKNOWN
118.208,-0.05,0.0,0.0,0.0,0.0,0.0,0.0,0.0,-115,-129,0.1066,0.1196,nan,nan,nan,UNKNOWN
118.258,-0.05,0.0,0.0,0.0,0.0,0.0,0.0,0.0,-115,-129,0.1066,0.1196,nan,nan,nan,UNKNOWN
118.308,-0.05,0.0,0.0,0.0,0.0,0.0,0.0,0.0,-115,-129,0.1066,0.1196,nan,nan,nan,UNKNOWN
118.358,-0.05,0.0,0.0,0.0,0.0,0.0,0.0,0.0,-115,-129,0.1066,0.1196,nan,nan,nan,UNKNOWN
118.408,-0.05,0.0,0.0,0.0,0.0,0.0,0.0,0.0,-115,-129,0.1066,0.1196,nan,nan,nan,UNKNOWN
118.458,-0.05,0.0,0.0,0.0,0.0,0.0,0.0,0.0,-115,-129,0.1066,0.1196,nan,nan,nan,UNKNOWN
118.508,-0.05,0.0,0.0,0.0,0.0,0.0,0.0,0.0,-115,-129,0.1066,0.1196,nan,nan,nan,UNKNOWN
118.558,-0.05,0.0,0.0,0.0,0.0,0.0,0.0,0.0,-115,-129,0.1066,0.1196,nan,nan,nan,UNKNOWN
118.608,-0.05,0.0,0.0,0.0,0.0,0.0,0.0,0.0,-115,-129,0.1066,0.1196,nan,nan,nan,UNKNOWN
118.658,-0.05,0.0,0.0,0.0,0.0,0.0,0.0,0.0,-115,-129,0.1066,0.1196,nan,nan,nan,UNKNOWN
118.708,-0.05,0.0,0.0,0.0,0.0,0.0,0.0,0.0,-115,-129,0.1066,0.1196,nan,nan,nan,UNKNOWN
118.758,-0.05,0.0,0.0,0.0,0.0,0.0,0.0,0.0,-115,-129,0.1066,0.1196,nan,nan,nan,UNKNOWN
118.808,-0.05,0.0,0.0,0.0,0.0,0.0,0.0,0.0,-115,-129,0.1066,0.1196,nan,nan,nan,UNKNOWN
118.858,-0.05,0.0,0.0,0.0,0.0,0.0,0.0,0.0,-115,-129,0.1066,0.1196,nan,nan,nan,UNKNOWN
118.908,-0.05,0.0,0.0,0.0,0.0,0.0,0.0,0.0,-115,-129,0.1066,0.1196,nan,nan,nan,UNKNOWN
118.958,-0.05,0.0,0.0,0.0,0.0,0.0,0.0,0.0,-115,-129,0.1066,0.1196,nan,nan,nan,UNKNOWN
119.008,-0.05,0.0,0.0,0.0,0.0,0.0,0.0,0.0,-115,-129,0.1066,0.1196,nan,nan,nan,UNKNOWN
119.059,-0.05,0.0,0.0,0.0,0.0,0.0,0.0,0.0,-115,-129,0.1066,0.1196,nan,nan,nan,UNKNOWN
119.108,-0.05,0.0,0.0,0.0,0.0,0.0,0.0,0.0,-115,-129,0.1066,0.1196,nan,nan,nan,UNKNOWN
119.158,-0.05,0.0,0.0,0.0,0.0,0.0,0.0,0.0,-115,-129,0.1066,0.1196,nan,nan,nan,UNKNOWN
119.208,-0.05,0.0,0.0,0.0,0.0,0.0,0.0,0.0,-115,-129,0.1066,0.1196,nan,nan,nan,UNKNOWN
119.258,-0.05,0.0,0.0,0.0,0.0,0.0,0.0,0.0,-115,-129,0.1066,0.1196,nan,nan,nan,UNKNOWN
119.308,-0.05,0.0,0.0,0.0,0.0,0.0,0.0,0.0,-115,-129,0.1066,0.1196,nan,nan,nan,UNKNOWN
119.358,-0.05,0.0,0.0,0.0,0.0,0.0,0.0,0.0,-115,-129,0.1066,0.1196,nan,nan,nan,UNKNOWN
119.408,-0.05,0.0,0.0,0.0,0.0,0.0,0.0,0.0,-115,-129,0.1066,0.1196,nan,nan,nan,UNKNOWN
119.458,-0.05,0.0,0.0,0.0,0.0,0.0,0.0,0.0,-115,-129,0.1066,0.1196,nan,nan,nan,UNKNOWN
119.508,-0.05,0.0,0.0,0.0,0.0,0.0,0.0,0.0,-115,-129,0.1066,0.1196,nan,nan,nan,UNKNOWN
119.558,-0.05,0.0,0.0,0.0,0.0,0.0,0.0,0.0,-115,-129,0.1066,0.1196,nan,nan,nan,UNKNOWN
119.608,-0.05,0.0,0.0,0.0,0.0,0.0,0.0,0.0,-115,-129,0.1066,0.1196,nan,nan,nan,UNKNOWN
119.658,-0.05,0.0,0.0,0.0,0.0,0.0,0.0,0.0,-115,-129,0.1066,0.1196,nan,nan,nan,UNKNOWN
119.708,-0.05,0.0,0.0,0.0,0.0,0.0,0.0,0.0,-115,-129,0.1066,0.1196,nan,nan,nan,UNKNOWN
119.758,-0.05,0.0,0.0,0.0,0.0,0.0,0.0,0.0,-115,-129,0.1066,0.1196,nan,nan,nan,UNKNOWN
119.808,-0.05,0.0,0.0,0.0,0.0,0.0,0.0,0.0,-115,-129,0.1066,0.1196,nan,nan,nan,UNKNOWN
119.858,-0.05,0.0,0.0,0.0,0.0,0.0,0.0,0.0,-115,-129,0.1066,0.1196,nan,nan,nan,UNKNOWN
119.908,-0.05,0.0,0.0,0.0,0.0,0.0,0.0,0.0,-115,-129,0.1066,0.1196,nan,nan,nan,UNKNOWN
119.958,-0.05,0.0,0.0,0.0,0.0,0.0,0.0,0.0,-115,-129,0.1066,0.1196,nan,nan,nan,UNKNOWN
120.008,-0.05,0.0,0.0,0.0,0.0,0.0,0.0,0.0,-115,-129,0.1066,0.1196,nan,nan,nan,UNKNOWN
120.059,-0.05,0.0,0.0,0.0,0.0,0.0,0.0,0.0,-115,-129,0.1066,0.1196,nan,nan,nan,UNKNOWN
120.108,-0.05,0.0,0.0,0.0,0.0,0.0,0.0,0.0,-115,-129,0.1066,0.1196,nan,nan,nan,UNKNOWN
120.158,-0.05,0.0,0.0,0.0,0.0,0.0,0.0,0.0,-115,-129,0.1066,0.1196,nan,nan,nan,UNKNOWN
120.208,-0.05,0.0,0.0,0.0,0.0,0.0,0.0,0.0,-115,-129,0.1066,0.1196,nan,nan,nan,UNKNOWN
120.258,-0.05,0.0,0.0,0.0,0.0,0.0,0.0,0.0,-115,-129,0.1066,0.1196,nan,nan,nan,UNKNOWN
120.308,-0.05,0.0,0.0,0.0,0.0,0.0,0.0,0.0,-115,-129,0.1066,0.1196,nan,nan,nan,UNKNOWN
120.358,-0.05,0.0,0.0,0.0,0.0,0.0,0.0,0.0,-115,-129,0.1066,0.1196,nan,nan,nan,UNKNOWN
120.408,-0.05,0.0,0.0,0.0,0.0,0.0,0.0,0.0,-115,-129,0.1066,0.1196,nan,nan,nan,UNKNOWN
120.458,-0.05,0.0,0.0,0.0,0.0,0.0,0.0,0.0,-115,-129,0.1066,0.1196,nan,nan,nan,UNKNOWN
120.508,-0.05,0.0,0.0,0.0,0.0,0.0,0.0,0.0,-115,-129,0.1066,0.1196,nan,nan,nan,UNKNOWN
120.558,-0.05,0.0,0.0,0.0,0.0,0.0,0.0,0.0,-115,-129,0.1066,0.1196,nan,nan,nan,UNKNOWN
120.608,-0.05,0.0,0.0,0.0,0.0,0.0,0.0,0.0,-115,-129,0.1066,0.1196,nan,nan,nan,UNKNOWN
120.658,-0.05,0.0,0.0,0.0,0.0,0.0,0.0,0.0,-115,-129,0.1066,0.1196,nan,nan,nan,UNKNOWN
120.708,-0.05,0.0,0.0,0.0,0.0,0.0,0.0,0.0,-115,-129,0.1066,0.1196,nan,nan,nan,UNKNOWN
120.758,-0.05,0.0,0.0,0.0,0.0,0.0,0.0,0.0,-115,-129,0.1066,0.1196,nan,nan,nan,UNKNOWN
120.808,-0.05,0.0,0.0,0.0,0.0,0.0,0.0,0.0,-115,-129,0.1066,0.1196,nan,nan,nan,UNKNOWN
120.858,-0.05,0.0,0.0,0.0,0.0,0.0,0.0,0.0,-115,-129,0.1066,0.1196,nan,nan,nan,UNKNOWN
120.908,-0.05,0.0,0.0,0.0,0.0,0.0,0.0,0.0,-115,-129,0.1066,0.1196,nan,nan,nan,UNKNOWN
120.958,-0.05,0.0,0.0,0.0,0.0,0.0,0.0,0.0,-115,-129,0.1066,0.1196,nan,nan,nan,UNKNOWN
121.008,-0.05,0.0,0.0,0.0,0.0,0.0,0.0,0.0,-115,-129,0.1066,0.1196,nan,nan,nan,UNKNOWN
121.06,-0.05,0.0,0.0,0.0,0.0,0.0,0.0,0.0,-115,-129,0.1066,0.1196,nan,nan,nan,UNKNOWN
121.108,-0.05,0.0,0.0,0.0,0.0,0.0,0.0,0.0,-115,-129,0.1066,0.1196,nan,nan,nan,UNKNOWN
121.158,-0.05,0.0,0.0,0.0,0.0,0.0,0.0,0.0,-115,-129,0.1066,0.1196,nan,nan,nan,UNKNOWN
121.208,-0.05,0.0,0.0,0.0,0.0,0.0,0.0,0.0,-115,-129,0.1066,0.1196,nan,nan,nan,UNKNOWN
121.258,-0.05,0.0,0.0,0.0,0.0,0.0,0.0,0.0,-115,-129,0.1066,0.1196,nan,nan,nan,UNKNOWN
121.308,-0.05,0.0,0.0,0.0,0.0,0.0,0.0,0.0,-115,-129,0.1066,0.1196,nan,nan,nan,UNKNOWN
121.358,-0.05,0.0,0.0,0.0,0.0,0.0,0.0,0.0,-115,-129,0.1066,0.1196,nan,nan,nan,UNKNOWN
121.408,-0.05,0.0,0.0,0.0,0.0,0.0,0.0,0.0,-115,-129,0.1066,0.1196,nan,nan,nan,UNKNOWN
121.458,-0.05,0.0,0.0,0.0,0.0,0.0,0.0,0.0,-115,-129,0.1066,0.1196,nan,nan,nan,UNKNOWN
121.508,-0.05,0.0,0.0,0.0,0.0,0.0,0.0,0.0,-115,-129,0.1066,0.1196,nan,nan,nan,UNKNOWN
121.558,-0.05,0.0,0.0,0.0,0.0,0.0,0.0,0.0,-115,-129,0.1066,0.1196,nan,nan,nan,UNKNOWN
121.608,-0.05,0.0,0.0,0.0,0.0,0.0,0.0,0.0,-115,-129,0.1066,0.1196,nan,nan,nan,UNKNOWN
121.658,-0.05,0.0,0.0,0.0,0.0,0.0,0.0,0.0,-115,-129,0.1066,0.1196,nan,nan,nan,UNKNOWN
121.708,-0.05,0.0,0.0,0.0,0.0,0.0,0.0,0.0,-115,-129,0.1066,0.1196,nan,nan,nan,UNKNOWN
121.758,-0.05,0.0,0.0,0.0,0.0,0.0,0.0,0.0,-115,-129,0.1066,0.1196,nan,nan,nan,UNKNOWN
121.808,-0.05,0.0,0.0,0.0,0.0,0.0,0.0,0.0,-115,-129,0.1066,0.1196,nan,nan,nan,UNKNOWN
121.858,-0.05,0.0,0.0,0.0,0.0,0.0,0.0,0.0,-115,-129,0.1066,0.1196,nan,nan,nan,UNKNOWN
121.908,-0.05,0.0,0.0,0.0,0.0,0.0,0.0,0.0,-115,-129,0.1066,0.1196,nan,nan,nan,UNKNOWN
121.958,-0.05,0.0,0.0,0.0,0.0,0.0,0.0,0.0,-115,-129,0.1066,0.1196,nan,nan,nan,UNKNOWN
122.008,-0.05,0.0,0.0,0.0,0.0,0.0,0.0,0.0,-115,-129,0.1066,0.1196,nan,nan,nan,UNKNOWN
122.06,-0.05,0.0,0.0,0.0,0.0,0.0,0.0,0.0,-115,-129,0.1066,0.1196,nan,nan,nan,UNKNOWN
122.108,-0.05,0.0,0.0,0.0,0.0,0.0,0.0,0.0,-115,-129,0.1066,0.1196,nan,nan,nan,UNKNOWN
122.158,-0.05,0.0,0.0,0.0,0.0,0.0,0.0,0.0,-115,-129,0.1066,0.1196,nan,nan,nan,UNKNOWN
122.208,-0.05,0.0,0.0,0.0,0.0,0.0,0.0,0.0,-115,-129,0.1066,0.1196,nan,nan,nan,UNKNOWN
122.258,-0.05,0.0,0.0,0.0,0.0,0.0,0.0,0.0,-115,-129,0.1066,0.1196,nan,nan,nan,UNKNOWN
122.308,-0.05,0.0,0.0,0.0,0.0,0.0,0.0,0.0,-115,-129,0.1066,0.1196,nan,nan,nan,UNKNOWN
122.358,-0.05,0.0,0.0,0.0,0.0,0.0,0.0,0.0,-115,-129,0.1066,0.1196,nan,nan,nan,UNKNOWN
122.408,-0.05,0.0,0.0,0.0,0.0,0.0,0.0,0.0,-115,-129,0.1066,0.1196,nan,nan,nan,UNKNOWN
122.458,-0.05,0.0,0.0,0.0,0.0,0.0,0.0,0.0,-115,-129,0.1066,0.1196,nan,nan,nan,UNKNOWN
122.508,-0.05,0.0,0.0,0.0,0.0,0.0,0.0,0.0,-115,-129,0.1066,0.1196,nan,nan,nan,UNKNOWN
122.558,-0.05,0.0,0.0,0.0,0.0,0.0,0.0,0.0,-115,-129,0.1066,0.1196,nan,nan,nan,UNKNOWN
122.608,-0.05,0.0,0.0,0.0,0.0,0.0,0.0,0.0,-115,-129,0.1066,0.1196,nan,nan,nan,UNKNOWN
122.658,-0.05,0.0,0.0,0.0,0.0,0.0,0.0,0.0,-115,-129,0.1066,0.1196,nan,nan,nan,UNKNOWN
122.708,-0.05,0.0,0.0,0.0,0.0,0.0,0.0,0.0,-115,-129,0.1066,0.1196,nan,nan,nan,UNKNOWN
122.758,-0.05,0.0,0.0,0.0,0.0,0.0,0.0,0.0,-115,-129,0.1066,0.1196,nan,nan,nan,UNKNOWN
122.808,-0.05,0.0,0.0,0.0,0.0,0.0,0.0,0.0,-115,-129,0.1066,0.1196,nan,nan,nan,UNKNOWN
122.858,-0.05,0.0,0.0,0.0,0.0,0.0,0.0,0.0,-115,-129,0.1066,0.1196,nan,nan,nan,UNKNOWN
122.908,-0.05,0.0,0.0,0.0,0.0,0.0,0.0,0.0,-115,-129,0.1066,0.1196,nan,nan,nan,UNKNOWN
122.959,-0.05,0.0,0.0,0.0,0.0,0.0,0.0,0.0,-115,-129,0.1066,0.1196,nan,nan,nan,UNKNOWN
123.008,-0.05,0.0,0.0,0.0,0.0,0.0,0.0,0.0,-115,-129,0.1066,0.1196,nan,nan,nan,UNKNOWN
123.06,-0.05,0.0,0.0,0.0,0.0,0.0,0.0,0.0,-115,-129,0.1066,0.1196,nan,nan,nan,UNKNOWN
123.108,-0.05,0.0,0.0,0.0,0.0,0.0,0.0,0.0,-115,-129,0.1066,0.1196,nan,nan,nan,UNKNOWN
123.158,-0.05,0.0,0.0,0.0,0.0,0.0,0.0,0.0,-115,-129,0.1066,0.1196,nan,nan,nan,UNKNOWN
123.208,-0.05,0.0,0.0,0.0,0.0,0.0,0.0,0.0,-115,-129,0.1066,0.1196,nan,nan,nan,UNKNOWN
123.258,-0.05,0.0,0.0,0.0,0.0,0.0,0.0,0.0,-115,-129,0.1066,0.1196,nan,nan,nan,UNKNOWN
123.308,-0.05,0.0,0.0,0.0,0.0,0.0,0.0,0.0,-115,-129,0.1066,0.1196,nan,nan,nan,UNKNOWN
123.358,-0.05,0.0,0.0,0.0,0.0,0.0,0.0,0.0,-115,-129,0.1066,0.1196,nan,nan,nan,UNKNOWN
123.408,-0.05,0.0,0.0,0.0,0.0,0.0,0.0,0.0,-115,-129,0.1066,0.1196,nan,nan,nan,UNKNOWN
123.458,-0.05,0.0,0.0,0.0,0.0,0.0,0.0,0.0,-115,-129,0.1066,0.1196,nan,nan,nan,UNKNOWN
123.508,-0.05,0.0,0.0,0.0,0.0,0.0,0.0,0.0,-115,-129,0.1066,0.1196,nan,nan,nan,UNKNOWN
123.558,-0.05,0.0,0.0,0.0,0.0,0.0,0.0,0.0,-115,-129,0.1066,0.1196,nan,nan,nan,UNKNOWN
123.608,-0.05,0.0,0.0,0.0,0.0,0.0,0.0,0.0,-115,-129,0.1066,0.1196,nan,nan,nan,UNKNOWN
123.658,-0.05,0.0,0.0,0.0,0.0,0.0,0.0,0.0,-115,-129,0.1066,0.1196,nan,nan,nan,UNKNOWN
123.708,-0.05,0.0,0.0,0.0,0.0,0.0,0.0,0.0,-115,-129,0.1066,0.1196,nan,nan,nan,UNKNOWN
123.758,-0.05,0.0,0.0,0.0,0.0,0.0,0.0,0.0,-115,-129,0.1066,0.1196,nan,nan,nan,UNKNOWN
123.808,-0.05,0.0,0.0,0.0,0.0,0.0,0.0,0.0,-115,-129,0.1066,0.1196,nan,nan,nan,UNKNOWN
123.858,-0.05,0.0,0.0,0.0,0.0,0.0,0.0,0.0,-115,-129,0.1066,0.1196,nan,nan,nan,UNKNOWN
123.908,-0.05,0.0,0.0,0.0,0.0,0.0,0.0,0.0,-115,-129,0.1066,0.1196,nan,nan,nan,UNKNOWN
123.958,-0.05,0.0,0.0,0.0,0.0,0.0,0.0,0.0,-115,-129,0.1066,0.1196,nan,nan,nan,UNKNOWN
124.008,-0.05,0.0,0.0,0.0,0.0,0.0,0.0,0.0,-115,-129,0.1066,0.1196,nan,nan,nan,UNKNOWN
124.06,-0.05,0.0,0.0,0.0,0.0,0.0,0.0,0.0,-115,-129,0.1066,0.1196,nan,nan,nan,UNKNOWN
124.108,-0.05,0.0,0.0,0.0,0.0,0.0,0.0,0.0,-115,-129,0.1066,0.1196,nan,nan,nan,UNKNOWN
124.158,-0.05,0.0,0.0,0.0,0.0,0.0,0.0,0.0,-115,-129,0.1066,0.1196,nan,nan,nan,UNKNOWN
124.208,-0.05,0.0,0.0,0.0,0.0,0.0,0.0,0.0,-115,-129,0.1066,0.1196,nan,nan,nan,UNKNOWN
124.258,-0.05,0.0,0.0,0.0,0.0,0.0,0.0,0.0,-115,-129,0.1066,0.1196,nan,nan,nan,UNKNOWN
124.308,-0.05,0.0,0.0,0.0,0.0,0.0,0.0,0.0,-115,-129,0.1066,0.1196,nan,nan,nan,UNKNOWN
124.358,-0.05,0.0,0.0,0.0,0.0,0.0,0.0,0.0,-115,-129,0.1066,0.1196,nan,nan,nan,UNKNOWN
124.408,-0.05,0.0,0.0,0.0,0.0,0.0,0.0,0.0,-115,-129,0.1066,0.1196,nan,nan,nan,UNKNOWN
124.458,-0.05,0.0,0.0,0.0,0.0,0.0,0.0,0.0,-115,-129,0.1066,0.1196,nan,nan,nan,UNKNOWN
124.508,-0.05,0.0,0.0,0.0,0.0,0.0,0.0,0.0,-115,-129,0.1066,0.1196,nan,nan,nan,UNKNOWN
124.558,-0.05,0.0,0.0,0.0,0.0,0.0,0.0,0.0,-115,-129,0.1066,0.1196,nan,nan,nan,UNKNOWN
124.608,-0.05,0.0,0.0,0.0,0.0,0.0,0.0,0.0,-115,-129,0.1066,0.1196,nan,nan,nan,UNKNOWN
124.658,-0.05,0.0,0.0,0.0,0.0,0.0,0.0,0.0,-115,-129,0.1066,0.1196,nan,nan,nan,UNKNOWN
124.708,-0.05,0.0,0.0,0.0,0.0,0.0,0.0,0.0,-115,-129,0.1066,0.1196,nan,nan,nan,UNKNOWN
124.758,-0.05,0.0,0.0,0.0,0.0,0.0,0.0,0.0,-115,-129,0.1066,0.1196,nan,nan,nan,UNKNOWN
124.808,-0.05,0.0,0.0,0.0,0.0,0.0,0.0,0.0,-115,-129,0.1066,0.1196,nan,nan,nan,UNKNOWN
124.858,-0.05,0.0,0.0,0.0,0.0,0.0,0.0,0.0,-115,-129,0.1066,0.1196,nan,nan,nan,UNKNOWN
124.908,-0.05,0.0,0.0,0.0,0.0,0.0,0.0,0.0,-115,-129,0.1066,0.1196,nan,nan,nan,UNKNOWN
124.958,-0.05,0.0,0.0,0.0,0.0,0.0,0.0,0.0,-115,-129,0.1066,0.1196,nan,nan,nan,UNKNOWN
125.008,-0.05,0.0,0.0,0.0,0.0,0.0,0.0,0.0,-115,-129,0.1066,0.1196,nan,nan,nan,UNKNOWN
125.059,-0.05,0.0,0.0,0.0,0.0,0.0,0.0,0.0,-115,-129,0.1066,0.1196,nan,nan,nan,UNKNOWN
125.108,-0.05,0.0,0.0,0.0,0.0,0.0,0.0,0.0,-115,-129,0.1066,0.1196,nan,nan,nan,UNKNOWN
125.158,-0.05,0.0,0.0,0.0,0.0,0.0,0.0,0.0,-115,-129,0.1066,0.1196,nan,nan,nan,UNKNOWN
125.208,-0.05,0.0,0.0,0.0,0.0,0.0,0.0,0.0,-115,-129,0.1066,0.1196,nan,nan,nan,UNKNOWN
125.258,-0.05,0.0,0.0,0.0,0.0,0.0,0.0,0.0,-115,-129,0.1066,0.1196,nan,nan,nan,UNKNOWN
125.308,-0.05,0.0,0.0,0.0,0.0,0.0,0.0,0.0,-115,-129,0.1066,0.1196,nan,nan,nan,UNKNOWN
125.358,-0.05,0.0,0.0,0.0,0.0,0.0,0.0,0.0,-115,-129,0.1066,0.1196,nan,nan,nan,UNKNOWN
125.408,-0.05,0.0,0.0,0.0,0.0,0.0,0.0,0.0,-115,-129,0.1066,0.1196,nan,nan,nan,UNKNOWN
125.458,-0.05,0.0,0.0,0.0,0.0,0.0,0.0,0.0,-115,-129,0.1066,0.1196,nan,nan,nan,UNKNOWN
125.508,-0.05,0.0,0.0,0.0,0.0,0.0,0.0,0.0,-115,-129,0.1066,0.1196,nan,nan,nan,UNKNOWN
125.558,-0.05,0.0,0.0,0.0,0.0,0.0,0.0,0.0,-115,-129,0.1066,0.1196,nan,nan,nan,UNKNOWN
125.608,-0.05,0.0,0.0,0.0,0.0,0.0,0.0,0.0,-115,-129,0.1066,0.1196,nan,nan,nan,UNKNOWN
125.658,-0.05,0.0,0.0,0.0,0.0,0.0,0.0,0.0,-115,-129,0.1066,0.1196,nan,nan,nan,UNKNOWN
125.708,-0.05,0.0,0.0,0.0,0.0,0.0,0.0,0.0,-115,-129,0.1066,0.1196,nan,nan,nan,UNKNOWN
125.758,-0.05,0.0,0.0,0.0,0.0,0.0,0.0,0.0,-115,-129,0.1066,0.1196,nan,nan,nan,UNKNOWN
125.808,-0.05,0.0,0.0,0.0,0.0,0.0,0.0,0.0,-115,-129,0.1066,0.1196,nan,nan,nan,UNKNOWN
125.858,-0.05,0.0,0.0,0.0,0.0,0.0,0.0,0.0,-115,-129,0.1066,0.1196,nan,nan,nan,UNKNOWN
125.908,-0.05,0.0,0.0,0.0,0.0,0.0,0.0,0.0,-115,-129,0.1066,0.1196,nan,nan,nan,UNKNOWN
125.958,-0.05,0.0,0.0,0.0,0.0,0.0,0.0,0.0,-115,-129,0.1066,0.1196,nan,nan,nan,UNKNOWN
126.008,-0.05,0.0,0.0,0.0,0.0,0.0,0.0,0.0,-115,-129,0.1066,0.1196,nan,nan,nan,UNKNOWN
126.059,-0.05,0.0,0.0,0.0,0.0,0.0,0.0,0.0,-115,-129,0.1066,0.1196,nan,nan,nan,UNKNOWN
126.108,-0.05,0.0,0.0,0.0,0.0,0.0,0.0,0.0,-115,-129,0.1066,0.1196,nan,nan,nan,UNKNOWN
126.158,-0.05,0.0,0.0,0.0,0.0,0.0,0.0,0.0,-115,-129,0.1066,0.1196,nan,nan,nan,UNKNOWN
126.208,-0.05,0.0,0.0,0.0,0.0,0.0,0.0,0.0,-115,-129,0.1066,0.1196,nan,nan,nan,UNKNOWN
126.258,-0.05,0.0,0.0,0.0,0.0,0.0,0.0,0.0,-115,-129,0.1066,0.1196,nan,nan,nan,UNKNOWN
126.308,-0.05,0.0,0.0,0.0,0.0,0.0,0.0,0.0,-115,-129,0.1066,0.1196,nan,nan,nan,UNKNOWN
126.358,-0.05,0.0,0.0,0.0,0.0,0.0,0.0,0.0,-115,-129,0.1066,0.1196,nan,nan,nan,UNKNOWN
126.408,-0.05,0.0,0.0,0.0,0.0,0.0,0.0,0.0,-115,-129,0.1066,0.1196,nan,nan,nan,UNKNOWN
126.458,-0.05,0.0,0.0,0.0,0.0,0.0,0.0,0.0,-115,-129,0.1066,0.1196,nan,nan,nan,UNKNOWN
126.508,-0.05,0.0,0.0,0.0,0.0,0.0,0.0,0.0,-115,-129,0.1066,0.1196,nan,nan,nan,UNKNOWN
126.558,-0.05,0.0,0.0,0.0,0.0,0.0,0.0,0.0,-115,-129,0.1066,0.1196,nan,nan,nan,UNKNOWN
126.608,-0.05,0.0,0.0,0.0,0.0,0.0,0.0,0.0,-115,-129,0.1066,0.1196,nan,nan,nan,UNKNOWN
126.658,-0.05,0.0,0.0,0.0,0.0,0.0,0.0,0.0,-115,-129,0.1066,0.1196,nan,nan,nan,UNKNOWN
126.708,-0.05,0.0,0.0,0.0,0.0,0.0,0.0,0.0,-115,-129,0.1066,0.1196,nan,nan,nan,UNKNOWN
126.758,-0.05,0.0,0.0,0.0,0.0,0.0,0.0,0.0,-115,-129,0.1066,0.1196,nan,nan,nan,UNKNOWN
126.808,-0.05,0.0,0.0,0.0,0.0,0.0,0.0,0.0,-115,-129,0.1066,0.1196,nan,nan,nan,UNKNOWN
126.858,-0.05,0.0,0.0,0.0,0.0,0.0,0.0,0.0,-115,-129,0.1066,0.1196,nan,nan,nan,UNKNOWN
126.908,-0.05,0.0,0.0,0.0,0.0,0.0,0.0,0.0,-115,-129,0.1066,0.1196,nan,nan,nan,UNKNOWN
126.958,-0.05,0.0,0.0,0.0,0.0,0.0,0.0,0.0,-115,-129,0.1066,0.1196,nan,nan,nan,UNKNOWN
127.008,-0.05,0.0,0.0,0.0,0.0,0.0,0.0,0.0,-115,-129,0.1066,0.1196,nan,nan,nan,UNKNOWN
127.06,-0.05,0.0,0.0,0.0,0.0,0.0,0.0,0.0,-115,-129,0.1066,0.1196,nan,nan,nan,UNKNOWN
127.108,-0.05,0.0,0.0,0.0,0.0,0.0,0.0,0.0,-115,-129,0.1066,0.1196,nan,nan,nan,UNKNOWN
127.158,-0.05,0.0,0.0,0.0,0.0,0.0,0.0,0.0,-115,-129,0.1066,0.1196,nan,nan,nan,UNKNOWN
127.208,-0.05,0.0,0.0,0.0,0.0,0.0,0.0,0.0,-115,-129,0.1066,0.1196,nan,nan,nan,UNKNOWN
127.258,-0.05,0.0,0.0,0.0,0.0,0.0,0.0,0.0,-115,-129,0.1066,0.1196,nan,nan,nan,UNKNOWN
127.308,-0.05,0.0,0.0,0.0,0.0,0.0,0.0,0.0,-115,-129,0.1066,0.1196,nan,nan,nan,UNKNOWN
127.358,-0.05,0.0,0.0,0.0,0.0,0.0,0.0,0.0,-115,-129,0.1066,0.1196,nan,nan,nan,UNKNOWN
127.408,-0.05,0.0,0.0,0.0,0.0,0.0,0.0,0.0,-115,-129,0.1066,0.1196,nan,nan,nan,UNKNOWN
127.458,-0.05,0.0,0.0,0.0,0.0,0.0,0.0,0.0,-115,-129,0.1066,0.1196,nan,nan,nan,UNKNOWN
127.508,-0.05,0.0,0.0,0.0,0.0,0.0,0.0,0.0,-115,-129,0.1066,0.1196,nan,nan,nan,UNKNOWN
127.558,-0.05,0.0,0.0,0.0,0.0,0.0,0.0,0.0,-115,-129,0.1066,0.1196,nan,nan,nan,UNKNOWN
127.608,-0.05,0.0,0.0,0.0,0.0,0.0,0.0,0.0,-115,-129,0.1066,0.1196,nan,nan,nan,UNKNOWN
127.658,-0.05,0.0,0.0,0.0,0.0,0.0,0.0,0.0,-115,-129,0.1066,0.1196,nan,nan,nan,UNKNOWN
127.708,-0.05,0.0,0.0,0.0,0.0,0.0,0.0,0.0,-115,-129,0.1066,0.1196,nan,nan,nan,UNKNOWN
127.758,-0.05,0.0,0.0,0.0,0.0,0.0,0.0,0.0,-115,-129,0.1066,0.1196,nan,nan,nan,UNKNOWN
127.808,-0.05,0.0,0.0,0.0,0.0,0.0,0.0,0.0,-115,-129,0.1066,0.1196,nan,nan,nan,UNKNOWN
127.858,-0.05,0.0,0.0,0.0,0.0,0.0,0.0,0.0,-115,-129,0.1066,0.1196,nan,nan,nan,UNKNOWN
127.908,-0.05,0.0,0.0,0.0,0.0,0.0,0.0,0.0,-115,-129,0.1066,0.1196,nan,nan,nan,UNKNOWN
127.958,-0.05,0.0,0.0,0.0,0.0,0.0,0.0,0.0,-115,-129,0.1066,0.1196,nan,nan,nan,UNKNOWN
128.008,-0.05,0.0,0.0,0.0,0.0,0.0,0.0,0.0,-115,-129,0.1066,0.1196,nan,nan,nan,UNKNOWN
128.059,-0.05,0.0,0.0,0.0,0.0,0.0,0.0,0.0,-115,-129,0.1066,0.1196,nan,nan,nan,UNKNOWN
128.108,-0.05,0.0,0.0,0.0,0.0,0.0,0.0,0.0,-115,-129,0.1066,0.1196,nan,nan,nan,UNKNOWN
128.158,-0.05,0.0,0.0,0.0,0.0,0.0,0.0,0.0,-115,-129,0.1066,0.1196,nan,nan,nan,UNKNOWN
128.208,-0.05,0.0,0.0,0.0,0.0,0.0,0.0,0.0,-115,-129,0.1066,0.1196,nan,nan,nan,UNKNOWN
128.258,-0.05,0.0,0.0,0.0,0.0,0.0,0.0,0.0,-115,-129,0.1066,0.1196,nan,nan,nan,UNKNOWN
128.308,-0.05,0.0,0.0,0.0,0.0,0.0,0.0,0.0,-115,-129,0.1066,0.1196,nan,nan,nan,UNKNOWN
128.358,-0.05,0.0,0.0,0.0,0.0,0.0,0.0,0.0,-115,-129,0.1066,0.1196,nan,nan,nan,UNKNOWN
128.408,-0.05,0.0,0.0,0.0,0.0,0.0,0.0,0.0,-115,-129,0.1066,0.1196,nan,nan,nan,UNKNOWN
128.458,-0.05,0.0,0.0,0.0,0.0,0.0,0.0,0.0,-115,-129,0.1066,0.1196,nan,nan,nan,UNKNOWN
128.508,-0.05,0.0,0.0,0.0,0.0,0.0,0.0,0.0,-115,-129,0.1066,0.1196,nan,nan,nan,UNKNOWN
128.558,-0.05,0.0,0.0,0.0,0.0,0.0,0.0,0.0,-115,-129,0.1066,0.1196,nan,nan,nan,UNKNOWN
128.608,-0.05,0.0,0.0,0.0,0.0,0.0,0.0,0.0,-115,-129,0.1066,0.1196,nan,nan,nan,UNKNOWN
128.658,-0.05,0.0,0.0,0.0,0.0,0.0,0.0,0.0,-115,-129,0.1066,0.1196,nan,nan,nan,UNKNOWN
128.708,-0.05,0.0,0.0,0.0,0.0,0.0,0.0,0.0,-115,-129,0.1066,0.1196,nan,nan,nan,UNKNOWN
128.758,-0.05,0.0,0.0,0.0,0.0,0.0,0.0,0.0,-115,-129,0.1066,0.1196,nan,nan,nan,UNKNOWN
128.808,-0.05,0.0,0.0,0.0,0.0,0.0,0.0,0.0,-115,-129,0.1066,0.1196,nan,nan,nan,UNKNOWN
128.858,-0.05,0.0,0.0,0.0,0.0,0.0,0.0,0.0,-115,-129,0.1066,0.1196,nan,nan,nan,UNKNOWN
128.908,-0.05,0.0,0.0,0.0,0.0,0.0,0.0,0.0,-115,-129,0.1066,0.1196,nan,nan,nan,UNKNOWN
128.958,-0.05,0.0,0.0,0.0,0.0,0.0,0.0,0.0,-115,-129,0.1066,0.1196,nan,nan,nan,UNKNOWN
129.008,-0.05,0.0,0.0,0.0,0.0,0.0,0.0,0.0,-115,-129,0.1066,0.1196,nan,nan,nan,UNKNOWN
129.059,-0.05,0.0,0.0,0.0,0.0,0.0,0.0,0.0,-115,-129,0.1066,0.1196,nan,nan,nan,UNKNOWN
129.108,-0.05,0.0,0.0,0.0,0.0,0.0,0.0,0.0,-115,-129,0.1066,0.1196,nan,nan,nan,UNKNOWN
129.158,-0.05,0.0,0.0,0.0,0.0,0.0,0.0,0.0,-115,-129,0.1066,0.1196,nan,nan,nan,UNKNOWN
129.208,-0.05,0.0,0.0,0.0,0.0,0.0,0.0,0.0,-115,-129,0.1066,0.1196,nan,nan,nan,UNKNOWN
129.258,-0.05,0.0,0.0,0.0,0.0,0.0,0.0,0.0,-115,-129,0.1066,0.1196,nan,nan,nan,UNKNOWN
129.308,-0.05,0.0,0.0,0.0,0.0,0.0,0.0,0.0,-115,-129,0.1066,0.1196,nan,nan,nan,UNKNOWN
129.358,-0.05,0.0,0.0,0.0,0.0,0.0,0.0,0.0,-115,-129,0.1066,0.1196,nan,nan,nan,UNKNOWN
129.408,-0.05,0.0,0.0,0.0,0.0,0.0,0.0,0.0,-115,-129,0.1066,0.1196,nan,nan,nan,UNKNOWN
129.458,-0.05,0.0,0.0,0.0,0.0,0.0,0.0,0.0,-115,-129,0.1066,0.1196,nan,nan,nan,UNKNOWN
129.508,-0.05,0.0,0.0,0.0,0.0,0.0,0.0,0.0,-115,-129,0.1066,0.1196,nan,nan,nan,UNKNOWN
129.558,-0.05,0.0,0.0,0.0,0.0,0.0,0.0,0.0,-115,-129,0.1066,0.1196,nan,nan,nan,UNKNOWN
129.608,-0.05,0.0,0.0,0.0,0.0,0.0,0.0,0.0,-115,-129,0.1066,0.1196,nan,nan,nan,UNKNOWN
129.658,-0.05,0.0,0.0,0.0,0.0,0.0,0.0,0.0,-115,-129,0.1066,0.1196,nan,nan,nan,UNKNOWN
129.708,-0.05,0.0,0.0,0.0,0.0,0.0,0.0,0.0,-115,-129,0.1066,0.1196,nan,nan,nan,UNKNOWN
129.758,-0.05,0.0,0.0,0.0,0.0,0.0,0.0,0.0,-115,-129,0.1066,0.1196,nan,nan,nan,UNKNOWN
129.808,-0.05,0.0,0.0,0.0,0.0,0.0,0.0,0.0,-115,-129,0.1066,0.1196,nan,nan,nan,UNKNOWN
129.858,-0.05,0.0,0.0,0.0,0.0,0.0,0.0,0.0,-115,-129,0.1066,0.1196,nan,nan,nan,UNKNOWN
129.908,-0.05,0.0,0.0,0.0,0.0,0.0,0.0,0.0,-115,-129,0.1066,0.1196,nan,nan,nan,UNKNOWN
129.958,-0.05,0.0,0.0,0.0,0.0,0.0,0.0,0.0,-115,-129,0.1066,0.1196,nan,nan,nan,UNKNOWN
130.008,-0.05,0.0,0.0,0.0,0.0,0.0,0.0,0.0,-115,-129,0.1066,0.1196,nan,nan,nan,UNKNOWN
130.06,-0.05,0.0,0.0,0.0,0.0,0.0,0.0,0.0,-115,-129,0.1066,0.1196,nan,nan,nan,UNKNOWN
130.108,-0.05,0.0,0.0,0.0,0.0,0.0,0.0,0.0,-115,-129,0.1066,0.1196,nan,nan,nan,UNKNOWN
130.158,-0.05,0.0,0.0,0.0,0.0,0.0,0.0,0.0,-115,-129,0.1066,0.1196,nan,nan,nan,UNKNOWN
130.208,-0.05,0.0,0.0,0.0,0.0,0.0,0.0,0.0,-115,-129,0.1066,0.1196,nan,nan,nan,UNKNOWN
130.258,-0.05,0.0,0.0,0.0,0.0,0.0,0.0,0.0,-115,-129,0.1066,0.1196,nan,nan,nan,UNKNOWN
130.308,-0.05,0.0,0.0,0.0,0.0,0.0,0.0,0.0,-115,-129,0.1066,0.1196,nan,nan,nan,UNKNOWN
130.358,-0.05,0.0,0.0,0.0,0.0,0.0,0.0,0.0,-115,-129,0.1066,0.1196,nan,nan,nan,UNKNOWN
130.408,-0.05,0.0,0.0,0.0,0.0,0.0,0.0,0.0,-115,-129,0.1066,0.1196,nan,nan,nan,UNKNOWN
130.458,-0.05,0.0,0.0,0.0,0.0,0.0,0.0,0.0,-115,-129,0.1066,0.1196,nan,nan,nan,UNKNOWN
130.508,-0.05,0.0,0.0,0.0,0.0,0.0,0.0,0.0,-115,-129,0.1066,0.1196,nan,nan,nan,UNKNOWN
130.558,-0.05,0.0,0.0,0.0,0.0,0.0,0.0,0.0,-115,-129,0.1066,0.1196,nan,nan,nan,UNKNOWN
130.608,-0.05,0.0,0.0,0.0,0.0,0.0,0.0,0.0,-115,-129,0.1066,0.1196,nan,nan,nan,UNKNOWN
130.658,-0.05,0.0,0.0,0.0,0.0,0.0,0.0,0.0,-115,-129,0.1066,0.1196,nan,nan,nan,UNKNOWN
130.708,-0.05,0.0,0.0,0.0,0.0,0.0,0.0,0.0,-115,-129,0.1066,0.1196,nan,nan,nan,UNKNOWN
130.758,-0.05,0.0,0.0,0.0,0.0,0.0,0.0,0.0,-115,-129,0.1066,0.1196,nan,nan,nan,UNKNOWN
130.808,-0.05,0.0,0.0,0.0,0.0,0.0,0.0,0.0,-115,-129,0.1066,0.1196,nan,nan,nan,UNKNOWN
130.858,-0.05,0.0,0.0,0.0,0.0,0.0,0.0,0.0,-115,-129,0.1066,0.1196,nan,nan,nan,UNKNOWN
130.908,-0.05,0.0,0.0,0.0,0.0,0.0,0.0,0.0,-115,-129,0.1066,0.1196,nan,nan,nan,UNKNOWN
130.958,-0.05,0.0,0.0,0.0,0.0,0.0,0.0,0.0,-115,-129,0.1066,0.1196,nan,nan,nan,UNKNOWN
131.008,-0.05,0.0,0.0,0.0,0.0,0.0,0.0,0.0,-115,-129,0.1066,0.1196,nan,nan,nan,UNKNOWN
131.059,-0.05,0.0,0.0,0.0,0.0,0.0,0.0,0.0,-115,-129,0.1066,0.1196,nan,nan,nan,UNKNOWN
131.108,-0.05,0.0,0.0,0.0,0.0,0.0,0.0,0.0,-115,-129,0.1066,0.1196,nan,nan,nan,UNKNOWN
131.158,-0.05,0.0,0.0,0.0,0.0,0.0,0.0,0.0,-115,-129,0.1066,0.1196,nan,nan,nan,UNKNOWN
131.208,-0.05,0.0,0.0,0.0,0.0,0.0,0.0,0.0,-115,-129,0.1066,0.1196,nan,nan,nan,UNKNOWN
131.258,-0.05,0.0,0.0,0.0,0.0,0.0,0.0,0.0,-115,-129,0.1066,0.1196,nan,nan,nan,UNKNOWN
131.308,-0.05,0.0,0.0,0.0,0.0,0.0,0.0,0.0,-115,-129,0.1066,0.1196,nan,nan,nan,UNKNOWN
131.358,-0.05,0.0,0.0,0.0,0.0,0.0,0.0,0.0,-115,-129,0.1066,0.1196,nan,nan,nan,UNKNOWN
131.408,-0.05,0.0,0.0,0.0,0.0,0.0,0.0,0.0,-115,-129,0.1066,0.1196,nan,nan,nan,UNKNOWN
131.458,-0.05,0.0,0.0,0.0,0.0,0.0,0.0,0.0,-115,-129,0.1066,0.1196,nan,nan,nan,UNKNOWN
131.508,-0.05,0.0,0.0,0.0,0.0,0.0,0.0,0.0,-115,-129,0.1066,0.1196,nan,nan,nan,UNKNOWN
131.558,-0.05,0.0,0.0,0.0,0.0,0.0,0.0,0.0,-115,-129,0.1066,0.1196,nan,nan,nan,UNKNOWN
131.608,-0.05,0.0,0.0,0.0,0.0,0.0,0.0,0.0,-115,-129,0.1066,0.1196,nan,nan,nan,UNKNOWN
131.658,-0.05,0.0,0.0,0.0,0.0,0.0,0.0,0.0,-115,-129,0.1066,0.1196,nan,nan,nan,UNKNOWN
131.708,-0.05,0.0,0.0,0.0,0.0,0.0,0.0,0.0,-115,-129,0.1066,0.1196,nan,nan,nan,UNKNOWN
131.758,-0.05,0.0,0.0,0.0,0.0,0.0,0.0,0.0,-115,-129,0.1066,0.1196,nan,nan,nan,UNKNOWN
131.808,-0.05,0.0,0.0,0.0,0.0,0.0,0.0,0.0,-115,-129,0.1066,0.1196,nan,nan,nan,UNKNOWN
131.858,-0.05,0.0,0.0,0.0,0.0,0.0,0.0,0.0,-115,-129,0.1066,0.1196,nan,nan,nan,UNKNOWN
131.908,-0.05,0.0,0.0,0.0,0.0,0.0,0.0,0.0,-115,-129,0.1066,0.1196,nan,nan,nan,UNKNOWN
131.958,-0.05,0.0,0.0,0.0,0.0,0.0,0.0,0.0,-115,-129,0.1066,0.1196,nan,nan,nan,UNKNOWN
132.008,-0.05,0.0,0.0,0.0,0.0,0.0,0.0,0.0,-115,-129,0.1066,0.1196,nan,nan,nan,UNKNOWN
132.06,-0.05,0.0,0.0,0.0,0.0,0.0,0.0,0.0,-115,-129,0.1066,0.1196,nan,nan,nan,UNKNOWN
132.108,-0.05,0.0,0.0,0.0,0.0,0.0,0.0,0.0,-115,-129,0.1066,0.1196,nan,nan,nan,UNKNOWN
132.158,-0.05,0.0,0.0,0.0,0.0,0.0,0.0,0.0,-115,-129,0.1066,0.1196,nan,nan,nan,UNKNOWN
132.208,-0.05,0.0,0.0,0.0,0.0,0.0,0.0,0.0,-115,-129,0.1066,0.1196,nan,nan,nan,UNKNOWN
132.258,-0.05,0.0,0.0,0.0,0.0,0.0,0.0,0.0,-115,-129,0.1066,0.1196,nan,nan,nan,UNKNOWN
132.308,-0.05,0.0,0.0,0.0,0.0,0.0,0.0,0.0,-115,-129,0.1066,0.1196,nan,nan,nan,UNKNOWN
132.358,-0.05,0.0,0.0,0.0,0.0,0.0,0.0,0.0,-115,-129,0.1066,0.1196,nan,nan,nan,UNKNOWN
132.408,-0.05,0.0,0.0,0.0,0.0,0.0,0.0,0.0,-115,-129,0.1066,0.1196,nan,nan,nan,UNKNOWN
132.458,-0.05,0.0,0.0,0.0,0.0,0.0,0.0,0.0,-115,-129,0.1066,0.1196,nan,nan,nan,UNKNOWN
132.508,-0.05,0.0,0.0,0.0,0.0,0.0,0.0,0.0,-115,-129,0.1066,0.1196,nan,nan,nan,UNKNOWN
132.558,-0.05,0.0,0.0,0.0,0.0,0.0,0.0,0.0,-115,-129,0.1066,0.1196,nan,nan,nan,UNKNOWN
132.608,-0.05,0.0,0.0,0.0,0.0,0.0,0.0,0.0,-115,-129,0.1066,0.1196,nan,nan,nan,UNKNOWN
132.658,-0.05,0.0,0.0,0.0,0.0,0.0,0.0,0.0,-115,-129,0.1066,0.1196,nan,nan,nan,UNKNOWN
132.708,-0.05,0.0,0.0,0.0,0.0,0.0,0.0,0.0,-115,-129,0.1066,0.1196,nan,nan,nan,UNKNOWN
132.758,-0.05,0.0,0.0,0.0,0.0,0.0,0.0,0.0,-115,-129,0.1066,0.1196,nan,nan,nan,UNKNOWN
132.808,-0.05,0.0,0.0,0.0,0.0,0.0,0.0,0.0,-115,-129,0.1066,0.1196,nan,nan,nan,UNKNOWN
132.858,-0.05,0.0,0.0,0.0,0.0,0.0,0.0,0.0,-115,-129,0.1066,0.1196,nan,nan,nan,UNKNOWN
132.908,-0.05,0.0,0.0,0.0,0.0,0.0,0.0,0.0,-115,-129,0.1066,0.1196,nan,nan,nan,UNKNOWN
132.958,-0.05,0.0,0.0,0.0,0.0,0.0,0.0,0.0,-115,-129,0.1066,0.1196,nan,nan,nan,UNKNOWN
133.008,-0.05,0.0,0.0,0.0,0.0,0.0,0.0,0.0,-115,-129,0.1066,0.1196,nan,nan,nan,UNKNOWN
133.059,-0.05,0.0,0.0,0.0,0.0,0.0,0.0,0.0,-115,-129,0.1066,0.1196,nan,nan,nan,UNKNOWN
133.108,-0.05,0.0,0.0,0.0,0.0,0.0,0.0,0.0,-115,-129,0.1066,0.1196,nan,nan,nan,UNKNOWN
133.158,-0.05,0.0,0.0,0.0,0.0,0.0,0.0,0.0,-115,-129,0.1066,0.1196,nan,nan,nan,UNKNOWN
133.208,-0.05,0.0,0.0,0.0,0.0,0.0,0.0,0.0,-115,-129,0.1066,0.1196,nan,nan,nan,UNKNOWN
133.258,-0.05,0.0,0.0,0.0,0.0,0.0,0.0,0.0,-115,-129,0.1066,0.1196,nan,nan,nan,UNKNOWN
133.308,-0.05,0.0,0.0,0.0,0.0,0.0,0.0,0.0,-115,-129,0.1066,0.1196,nan,nan,nan,UNKNOWN
133.358,-0.05,0.0,0.0,0.0,0.0,0.0,0.0,0.0,-115,-129,0.1066,0.1196,nan,nan,nan,UNKNOWN
133.408,-0.05,0.0,0.0,0.0,0.0,0.0,0.0,0.0,-115,-129,0.1066,0.1196,nan,nan,nan,UNKNOWN
133.458,-0.05,0.0,0.0,0.0,0.0,0.0,0.0,0.0,-115,-129,0.1066,0.1196,nan,nan,nan,UNKNOWN
133.508,-0.05,0.0,0.0,0.0,0.0,0.0,0.0,0.0,-115,-129,0.1066,0.1196,nan,nan,nan,UNKNOWN
133.558,-0.05,0.0,0.0,0.0,0.0,0.0,0.0,0.0,-115,-129,0.1066,0.1196,nan,nan,nan,UNKNOWN
133.608,-0.05,0.0,0.0,0.0,0.0,0.0,0.0,0.0,-115,-129,0.1066,0.1196,nan,nan,nan,UNKNOWN
133.658,-0.05,0.0,0.0,0.0,0.0,0.0,0.0,0.0,-115,-129,0.1066,0.1196,nan,nan,nan,UNKNOWN
133.708,-0.05,0.0,0.0,0.0,0.0,0.0,0.0,0.0,-115,-129,0.1066,0.1196,nan,nan,nan,UNKNOWN
133.758,-0.05,0.0,0.0,0.0,0.0,0.0,0.0,0.0,-115,-129,0.1066,0.1196,nan,nan,nan,UNKNOWN
133.808,-0.05,0.0,0.0,0.0,0.0,0.0,0.0,0.0,-115,-129,0.1066,0.1196,nan,nan,nan,UNKNOWN
133.858,-0.05,0.0,0.0,0.0,0.0,0.0,0.0,0.0,-115,-129,0.1066,0.1196,nan,nan,nan,UNKNOWN
133.908,-0.05,0.0,0.0,0.0,0.0,0.0,0.0,0.0,-115,-129,0.1066,0.1196,nan,nan,nan,UNKNOWN
133.958,-0.05,0.0,0.0,0.0,0.0,0.0,0.0,0.0,-115,-129,0.1066,0.1196,nan,nan,nan,UNKNOWN
134.008,-0.05,0.0,0.0,0.0,0.0,0.0,0.0,0.0,-115,-129,0.1066,0.1196,nan,nan,nan,UNKNOWN
134.06,-0.05,0.0,0.0,0.0,0.0,0.0,0.0,0.0,-115,-129,0.1066,0.1196,nan,nan,nan,UNKNOWN
134.108,-0.05,0.0,0.0,0.0,0.0,0.0,0.0,0.0,-115,-129,0.1066,0.1196,nan,nan,nan,UNKNOWN
134.158,-0.05,0.0,0.0,0.0,0.0,0.0,0.0,0.0,-115,-129,0.1066,0.1196,nan,nan,nan,UNKNOWN
134.208,-0.05,0.0,0.0,0.0,0.0,0.0,0.0,0.0,-115,-129,0.1066,0.1196,nan,nan,nan,UNKNOWN
134.258,-0.05,0.0,0.0,0.0,0.0,0.0,0.0,0.0,-115,-129,0.1066,0.1196,nan,nan,nan,UNKNOWN
134.308,-0.05,0.0,0.0,0.0,0.0,0.0,0.0,0.0,-115,-129,0.1066,0.1196,nan,nan,nan,UNKNOWN
134.358,-0.05,0.0,0.0,0.0,0.0,0.0,0.0,0.0,-115,-129,0.1066,0.1196,nan,nan,nan,UNKNOWN
134.408,-0.05,0.0,0.0,0.0,0.0,0.0,0.0,0.0,-115,-129,0.1066,0.1196,nan,nan,nan,UNKNOWN
134.458,-0.05,0.0,0.0,0.0,0.0,0.0,0.0,0.0,-115,-129,0.1066,0.1196,nan,nan,nan,UNKNOWN
134.508,-0.05,0.0,0.0,0.0,0.0,0.0,0.0,0.0,-115,-129,0.1066,0.1196,nan,nan,nan,UNKNOWN
134.558,-0.05,0.0,0.0,0.0,0.0,0.0,0.0,0.0,-115,-129,0.1066,0.1196,nan,nan,nan,UNKNOWN
134.608,-0.05,0.0,0.0,0.0,0.0,0.0,0.0,0.0,-115,-129,0.1066,0.1196,nan,nan,nan,UNKNOWN
134.658,-0.05,0.0,0.0,0.0,0.0,0.0,0.0,0.0,-115,-129,0.1066,0.1196,nan,nan,nan,UNKNOWN
134.708,-0.05,0.0,0.0,0.0,0.0,0.0,0.0,0.0,-115,-129,0.1066,0.1196,nan,nan,nan,UNKNOWN
134.758,-0.05,0.0,0.0,0.0,0.0,0.0,0.0,0.0,-115,-129,0.1066,0.1196,nan,nan,nan,UNKNOWN
134.808,-0.05,0.0,0.0,0.0,0.0,0.0,0.0,0.0,-115,-129,0.1066,0.1196,nan,nan,nan,UNKNOWN
134.858,-0.05,0.0,0.0,0.0,0.0,0.0,0.0,0.0,-115,-129,0.1066,0.1196,nan,nan,nan,UNKNOWN
134.908,-0.05,0.0,0.0,0.0,0.0,0.0,0.0,0.0,-115,-129,0.1066,0.1196,nan,nan,nan,UNKNOWN
134.958,-0.05,0.0,0.0,0.0,0.0,0.0,0.0,0.0,-115,-129,0.1066,0.1196,nan,nan,nan,UNKNOWN
135.008,-0.05,0.0,0.0,0.0,0.0,0.0,0.0,0.0,-115,-129,0.1066,0.1196,nan,nan,nan,UNKNOWN
135.059,-0.05,0.0,0.0,0.0,0.0,0.0,0.0,0.0,-115,-129,0.1066,0.1196,nan,nan,nan,UNKNOWN
135.108,-0.05,0.0,0.0,0.0,0.0,0.0,0.0,0.0,-115,-129,0.1066,0.1196,nan,nan,nan,UNKNOWN
135.158,-0.05,0.0,0.0,0.0,0.0,0.0,0.0,0.0,-115,-129,0.1066,0.1196,nan,nan,nan,UNKNOWN
135.208,-0.05,0.0,0.0,0.0,0.0,0.0,0.0,0.0,-115,-129,0.1066,0.1196,nan,nan,nan,UNKNOWN
135.258,-0.05,0.0,0.0,0.0,0.0,0.0,0.0,0.0,-115,-129,0.1066,0.1196,nan,nan,nan,UNKNOWN
135.308,-0.05,0.0,0.0,0.0,0.0,0.0,0.0,0.0,-115,-129,0.1066,0.1196,nan,nan,nan,UNKNOWN
135.358,-0.05,0.0,0.0,0.0,0.0,0.0,0.0,0.0,-115,-129,0.1066,0.1196,nan,nan,nan,UNKNOWN
135.408,-0.05,0.0,0.0,0.0,0.0,0.0,0.0,0.0,-115,-129,0.1066,0.1196,nan,nan,nan,UNKNOWN
135.458,-0.05,0.0,0.0,0.0,0.0,0.0,0.0,0.0,-115,-129,0.1066,0.1196,nan,nan,nan,UNKNOWN
135.508,-0.05,0.0,0.0,0.0,0.0,0.0,0.0,0.0,-115,-129,0.1066,0.1196,nan,nan,nan,UNKNOWN
135.558,-0.05,0.0,0.0,0.0,0.0,0.0,0.0,0.0,-115,-129,0.1066,0.1196,nan,nan,nan,UNKNOWN
135.608,-0.05,0.0,0.0,0.0,0.0,0.0,0.0,0.0,-115,-129,0.1066,0.1196,nan,nan,nan,UNKNOWN
135.658,-0.05,0.0,0.0,0.0,0.0,0.0,0.0,0.0,-115,-129,0.1066,0.1196,nan,nan,nan,UNKNOWN
135.708,-0.05,0.0,0.0,0.0,0.0,0.0,0.0,0.0,-115,-129,0.1066,0.1196,nan,nan,nan,UNKNOWN
135.758,-0.05,0.0,0.0,0.0,0.0,0.0,0.0,0.0,-115,-129,0.1066,0.1196,nan,nan,nan,UNKNOWN
135.808,-0.05,0.0,0.0,0.0,0.0,0.0,0.0,0.0,-115,-129,0.1066,0.1196,nan,nan,nan,UNKNOWN
135.858,-0.05,0.0,0.0,0.0,0.0,0.0,0.0,0.0,-115,-129,0.1066,0.1196,nan,nan,nan,UNKNOWN
135.908,-0.05,0.0,0.0,0.0,0.0,0.0,0.0,0.0,-115,-129,0.1066,0.1196,nan,nan,nan,UNKNOWN
135.958,-0.05,0.0,0.0,0.0,0.0,0.0,0.0,0.0,-115,-129,0.1066,0.1196,nan,nan,nan,UNKNOWN
136.008,-0.05,0.0,0.0,0.0,0.0,0.0,0.0,0.0,-115,-129,0.1066,0.1196,nan,nan,nan,UNKNOWN
136.059,-0.05,0.0,0.0,0.0,0.0,0.0,0.0,0.0,-115,-129,0.1066,0.1196,nan,nan,nan,UNKNOWN
136.108,-0.05,0.0,0.0,0.0,0.0,0.0,0.0,0.0,-115,-129,0.1066,0.1196,nan,nan,nan,UNKNOWN
136.158,-0.05,0.0,0.0,0.0,0.0,0.0,0.0,0.0,-115,-129,0.1066,0.1196,nan,nan,nan,UNKNOWN
136.208,-0.05,0.0,0.0,0.0,0.0,0.0,0.0,0.0,-115,-129,0.1066,0.1196,nan,nan,nan,UNKNOWN
136.258,-0.05,0.0,0.0,0.0,0.0,0.0,0.0,0.0,-115,-129,0.1066,0.1196,nan,nan,nan,UNKNOWN
136.308,-0.05,0.0,0.0,0.0,0.0,0.0,0.0,0.0,-115,-129,0.1066,0.1196,nan,nan,nan,UNKNOWN
136.358,-0.05,0.0,0.0,0.0,0.0,0.0,0.0,0.0,-115,-129,0.1066,0.1196,nan,nan,nan,UNKNOWN
136.408,-0.05,0.0,0.0,0.0,0.0,0.0,0.0,0.0,-116,-129,0.1075,0.1196,nan,nan,nan,UNKNOWN
136.458,-0.05,0.0,0.0,0.0,-0.0037,0.0,0.0037,0.0,-116,-129,0.1075,0.1196,nan,nan,nan,UNKNOWN
136.508,-0.05,0.0,0.0,0.0,-0.0037,0.0,0.0037,0.0,-116,-129,0.1075,0.1196,nan,nan,nan,UNKNOWN
136.558,-0.05,0.0,0.0,0.0,-0.003,0.0,0.003,0.0,-116,-129,0.1075,0.1196,nan,nan,nan,UNKNOWN
136.608,-0.05,0.0,0.0,0.0,-0.003,0.0,0.003,0.0,-116,-129,0.1075,0.1196,nan,nan,nan,UNKNOWN
136.658,-0.05,0.0,0.0,0.0,-0.003,0.0,0.003,0.0,-116,-129,0.1075,0.1196,nan,nan,nan,UNKNOWN
136.708,-0.05,0.0,0.0,0.0,-0.0024,0.0,0.0024,0.0,-116,-129,0.1075,0.1196,nan,nan,nan,UNKNOWN
136.758,-0.05,0.0,0.0,0.0,-0.0024,0.0,0.0024,0.0,-116,-129,0.1075,0.1196,nan,nan,nan,UNKNOWN
136.808,-0.05,0.0,0.0,0.0,-0.0024,0.0,0.0024,0.0,-116,-129,0.1075,0.1196,nan,nan,nan,UNKNOWN
136.858,-0.05,0.0,0.0,0.0,-0.0019,0.0,0.0019,0.0,-116,-129,0.1075,0.1196,nan,nan,nan,UNKNOWN
136.908,-0.05,0.0,0.0,0.0,-0.0019,0.0,0.0019,0.0,-116,-129,0.1075,0.1196,nan,nan,nan,UNKNOWN
136.958,-0.05,0.0,0.0,0.0,-0.0019,0.0,0.0019,0.0,-116,-129,0.1075,0.1196,nan,nan,nan,UNKNOWN
137.008,-0.05,0.0,0.0,0.0,-0.0015,0.0,0.0015,0.0,-116,-129,0.1075,0.1196,nan,nan,nan,UNKNOWN
137.06,-0.05,0.0,0.0,0.0,-0.0015,0.0,0.0015,0.0,-116,-129,0.1075,0.1196,nan,nan,nan,UNKNOWN
137.108,-0.05,0.0,0.0,0.0,-0.0012,0.0,0.0012,0.0,-116,-129,0.1075,0.1196,nan,nan,nan,UNKNOWN
137.158,-0.05,0.0,0.0,0.0,-0.0012,0.0,0.0012,0.0,-116,-129,0.1075,0.1196,nan,nan,nan,UNKNOWN
137.208,-0.05,0.0,0.0,0.0,-0.0012,0.0,0.0012,0.0,-116,-129,0.1075,0.1196,nan,nan,nan,UNKNOWN
137.258,-0.05,0.0,0.0,0.0,0.0,0.0,0.0,0.0,-116,-129,0.1075,0.1196,nan,nan,nan,UNKNOWN
137.308,-0.05,0.0,0.0,0.0,0.0,0.0,0.0,0.0,-116,-129,0.1075,0.1196,nan,nan,nan,UNKNOWN
137.358,-0.05,0.0,0.0,0.0,0.0,0.0,0.0,0.0,-116,-129,0.1075,0.1196,nan,nan,nan,UNKNOWN
137.408,-0.05,0.0,0.0,0.0,0.0,0.0,0.0,0.0,-116,-129,0.1075,0.1196,nan,nan,nan,UNKNOWN
137.458,-0.05,0.0,0.0,0.0,0.0,0.0,0.0,0.0,-116,-129,0.1075,0.1196,nan,nan,nan,UNKNOWN
137.508,-0.05,0.0,0.0,0.0,0.0,0.0,0.0,0.0,-116,-129,0.1075,0.1196,nan,nan,nan,UNKNOWN
137.558,-0.05,0.0,0.0,0.0,0.0,0.0,0.0,0.0,-116,-129,0.1075,0.1196,nan,nan,nan,UNKNOWN
137.608,-0.05,0.0,0.0,0.0,0.0,0.0037,0.0,-0.0037,-116,-128,0.1075,0.1186,nan,nan,nan,UNKNOWN
137.658,-0.05,0.0,0.0,0.0,0.0,0.0037,0.0,-0.0037,-116,-128,0.1075,0.1186,nan,nan,nan,UNKNOWN
137.708,-0.05,0.0,0.0,0.0,0.0,0.0037,0.0,-0.0037,-116,-128,0.1075,0.1186,nan,nan,nan,UNKNOWN
137.758,-0.05,0.0,0.0,0.0,0.0,0.003,0.0,-0.003,-116,-128,0.1075,0.1186,nan,nan,nan,UNKNOWN
137.808,-0.05,0.0,0.0,0.0,0.0,0.003,0.0,-0.003,-116,-128,0.1075,0.1186,nan,nan,nan,UNKNOWN
137.858,-0.05,0.0,0.0,0.0,0.0,0.0024,0.0,-0.0024,-116,-128,0.1075,0.1186,nan,nan,nan,UNKNOWN
137.908,-0.05,0.0,0.0,0.0,0.0,0.0024,0.0,-0.0024,-115,-128,0.1066,0.1186,nan,nan,nan,UNKNOWN
137.958,-0.05,0.0,0.0,0.0,0.0037,0.0019,-0.0037,-0.0019,-115,-128,0.1066,0.1186,nan,nan,nan,UNKNOWN
138.008,-0.05,0.0,0.0,0.0,0.0037,0.0019,-0.0037,-0.0019,-115,-127,0.1066,0.1177,nan,nan,nan,UNKNOWN
138.059,-0.05,0.0,0.0,0.0,0.0037,0.0019,-0.0037,-0.0019,-115,-127,0.1066,0.1177,nan,nan,nan,UNKNOWN
138.108,-0.05,0.0,0.0,0.0,0.0072,0.011,-0.0072,-0.011,-113,-124,0.1047,0.1149,nan,nan,nan,UNKNOWN
138.158,-0.05,0.0,0.0,0.0,0.0072,0.011,-0.0072,-0.011,-113,-124,0.1047,0.1149,nan,nan,nan,UNKNOWN
138.208,-0.05,0.0,0.0,0.0,0.0072,0.011,-0.0072,-0.011,-103,-116,0.0955,0.1075,nan,nan,nan,UNKNOWN
138.258,-0.05,0.0,0.0,0.0,0.029,0.0264,-0.029,-0.0264,-103,-116,0.0955,0.1075,nan,nan,nan,UNKNOWN
138.308,-0.05,0.0,0.0,0.0,0.029,0.0264,-0.029,-0.0264,-102,-115,0.0945,0.1066,nan,nan,nan,UNKNOWN
138.358,-0.05,0.0,0.0,0.0,0.0211,0.0196,-0.0211,-0.0196,-102,-115,0.0945,0.1066,nan,nan,nan,UNKNOWN
138.408,-0.05,0.0,0.0,0.0,0.0211,0.0196,-0.0211,-0.0196,-103,-116,0.0955,0.1075,nan,nan,nan,UNKNOWN
138.458,-0.05,0.0,0.0,0.0,0.0211,0.0196,-0.0211,-0.0196,-103,-116,0.0955,0.1075,nan,nan,nan,UNKNOWN
138.508,-0.05,0.0,0.0,0.0,0.0077,0.0043,-0.0077,-0.0043,-104,-118,0.0964,0.1094,nan,nan,nan,UNKNOWN
138.558,-0.05,0.0,0.0,0.0,0.0077,0.0043,-0.0077,-0.0043,-104,-118,0.0964,0.1094,nan,nan,nan,UNKNOWN
138.608,-0.05,0.0,0.0,0.0,0.0009,0.0035,-0.0009,-0.0035,-105,-118,0.0973,0.1094,nan,nan,nan,UNKNOWN
138.658,-0.05,0.0,0.0,0.0,0.0009,0.0035,-0.0009,-0.0035,-105,-118,0.0973,0.1094,nan,nan,nan,UNKNOWN
138.708,-0.05,0.0,0.0,0.0,0.0009,0.0035,-0.0009,-0.0035,-105,-118,0.0973,0.1094,nan,nan,nan,UNKNOWN
138.758,-0.05,0.0,0.0,0.0,0.0,0.0028,0.0,-0.0028,-105,-118,0.0973,0.1094,nan,nan,nan,UNKNOWN
138.808,-0.05,0.0,0.0,0.0,0.0,0.0028,0.0,-0.0028,-104,-118,0.0964,0.1094,nan,nan,nan,UNKNOWN
138.858,-0.05,0.0,0.0,0.0,0.0,0.0028,0.0,-0.0028,-104,-118,0.0964,0.1094,nan,nan,nan,UNKNOWN
138.908,-0.05,0.0,0.0,0.0,0.0049,0.0022,-0.0049,-0.0022,-103,-118,0.0955,0.1094,nan,nan,nan,UNKNOWN
138.958,-0.05,0.0,0.0,0.0,0.0049,0.0022,-0.0049,-0.0022,-103,-118,0.0955,0.1094,nan,nan,nan,UNKNOWN
139.008,-0.05,0.0,0.0,0.0,0.0067,0.0018,-0.0067,-0.0018,-102,-118,0.0945,0.1094,nan,nan,nan,UNKNOWN
139.059,-0.05,0.0,0.0,0.0,0.0067,0.0018,-0.0067,-0.0018,-102,-118,0.0945,0.1094,nan,nan,nan,UNKNOWN
139.108,-0.05,0.0,0.0,0.0,0.0067,0.0018,-0.0067,-0.0018,-101,-118,0.0936,0.1094,nan,nan,nan,UNKNOWN
139.158,-0.05,0.0,0.0,0.0,0.0065,0.0014,-0.0065,-0.0014,-101,-118,0.0936,0.1094,nan,nan,nan,UNKNOWN
139.208,-0.05,0.0,0.0,0.0,0.0065,0.0014,-0.0065,-0.0014,-99,-120,0.0918,0.1112,nan,nan,nan,UNKNOWN
139.258,-0.05,0.0,0.0,0.0,0.0113,-0.0066,-0.0113,0.0066,-99,-120,0.0918,0.1112,nan,nan,nan,UNKNOWN
139.308,-0.05,0.0,0.0,0.0,0.0113,-0.0066,-0.0113,0.0066,-99,-121,0.0918,0.1121,nan,nan,nan,UNKNOWN
139.358,-0.05,0.0,0.0,0.0,0.0113,-0.0066,-0.0113,0.0066,-99,-121,0.0918,0.1121,nan,nan,nan,UNKNOWN
139.408,-0.05,0.0,0.0,0.0,0.0092,-0.0089,-0.0092,0.0089,-98,-122,0.0908,0.1131,nan,nan,nan,UNKNOWN
139.458,-0.05,0.0,0.0,0.0,0.0092,-0.0089,-0.0092,0.0089,-98,-122,0.0908,0.1131,nan,nan,nan,UNKNOWN
139.508,-0.05,0.0,0.0,0.0,0.0092,-0.0089,-0.0092,0.0089,-95,-122,0.088,0.1131,nan,nan,nan,UNKNOWN
139.558,-0.05,0.0,0.0,0.0,0.013,-0.0071,-0.013,0.0071,-95,-122,0.088,0.1131,nan,nan,nan,UNKNOWN
139.608,-0.05,0.0,0.0,0.0,0.013,-0.0071,-0.013,0.0071,-93,-122,0.0862,0.1131,nan,nan,nan,UNKNOWN
139.658,-0.05,0.0,0.0,0.0,0.0152,-0.0057,-0.0152,0.0057,-93,-122,0.0862,0.1131,nan,nan,nan,UNKNOWN
139.708,-0.05,0.0,0.0,0.0,0.0152,-0.0057,-0.0152,0.0057,-93,-119,0.0862,0.1103,nan,nan,nan,UNKNOWN
139.758,-0.05,0.0,0.0,0.0,0.0152,-0.0057,-0.0152,0.0057,-93,-119,0.0862,0.1103,nan,nan,nan,UNKNOWN
139.808,-0.05,0.0,0.0,0.0,0.0122,0.004,-0.0122,-0.004,-93,-119,0.0862,0.1103,nan,nan,nan,UNKNOWN
139.858,-0.05,0.0,0.0,0.0,0.0122,0.004,-0.0122,-0.004,-95,-115,0.088,0.1066,nan,nan,nan,UNKNOWN
139.908,-0.05,0.0,0.0,0.0,0.0122,0.004,-0.0122,-0.004,-95,-115,0.088,0.1066,nan,nan,nan,UNKNOWN
139.958,-0.05,0.0,0.0,0.0,-0.0001,0.0296,0.0001,-0.0296,-96,-108,0.089,0.1001,nan,nan,nan,UNKNOWN
140.008,-0.05,0.0,0.0,0.0,-0.0001,0.0296,0.0001,-0.0296,-96,-108,0.089,0.1001,nan,nan,nan,UNKNOWN
140.06,-0.05,0.0,0.0,0.0,-0.0075,0.014,0.0075,-0.014,-98,-109,0.0908,0.101,nan,nan,nan,UNKNOWN
140.108,-0.05,0.0,0.0,0.0,-0.0075,0.014,0.0075,-0.014,-98,-109,0.0908,0.101,nan,nan,nan,UNKNOWN
140.158,-0.05,0.0,0.0,0.0,-0.0082,0.0121,0.0082,-0.0121,-99,-108,0.0918,0.1001,nan,nan,nan,UNKNOWN
140.208,-0.05,0.0,0.0,0.0,-0.0082,0.0121,0.0082,-0.0121,-99,-108,0.0918,0.1001,nan,nan,nan,UNKNOWN
140.258,-0.05,0.0,0.0,0.0,-0.0066,0.0121,0.0066,-0.0121,-99,-98,0.0918,0.0908,nan,nan,nan,UNKNOWN
140.308,-0.05,0.0,0.0,0.0,-0.0066,0.032,0.0066,-0.032,-99,-98,0.0918,0.0908,nan,nan,nan,UNKNOWN
140.358,-0.05,0.0,0.0,0.0,-0.0066,0.032,0.0066,-0.032,-97,-84,0.0899,0.0778,nan,nan,nan,UNKNOWN
140.408,-0.05,0.0,0.0,0.0,0.001,0.032,-0.001,-0.032,-97,-84,0.0899,0.0778,nan,nan,nan,UNKNOWN
140.458,-0.05,0.0,0.0,0.0,0.001,0.0686,-0.001,-0.0686,-94,-78,0.0871,0.0723,nan,nan,nan,UNKNOWN
140.508,-0.05,0.0,0.0,0.0,0.0117,0.0686,-0.0117,-0.0686,-94,-78,0.0871,0.0723,nan,nan,nan,UNKNOWN
140.558,-0.05,0.0,0.0,0.0,0.0117,0.0686,-0.0117,-0.0686,-92,-79,0.0853,0.0732,nan,nan,nan,UNKNOWN
140.608,-0.05,0.0,0.0,0.0,0.0117,0.0387,-0.0117,-0.0387,-92,-79,0.0853,0.0732,nan,nan,nan,UNKNOWN
140.658,-0.05,0.0,0.0,0.0,0.0144,0.0387,-0.0144,-0.0387,-91,-82,0.0843,0.076,nan,nan,nan,UNKNOWN
140.708,-0.05,0.0,0.0,0.0,0.0144,0.0121,-0.0144,-0.0121,-91,-82,0.0843,0.076,nan,nan,nan,UNKNOWN
140.758,-0.05,0.0,0.0,0.0,0.0161,0.0121,-0.0161,-0.0121,-89,-87,0.0825,0.0806,nan,nan,nan,UNKNOWN
140.808,-0.05,0.0,0.0,0.0,0.0161,0.0121,-0.0161,-0.0121,-89,-87,0.0825,0.0806,nan,nan,nan,UNKNOWN
140.858,-0.05,0.0,0.0,0.0,0.0161,-0.01,-0.0161,0.01,-88,-89,0.0816,0.0825,nan,nan,nan,UNKNOWN
140.908,-0.05,0.0,0.0,0.0,0.0121,-0.01,-0.0121,0.01,-88,-89,0.0816,0.0825,nan,nan,nan,UNKNOWN
140.958,-0.05,0.0,0.0,0.0,0.0121,-0.0097,-0.0121,0.0097,-86,-90,0.0797,0.0834,nan,nan,nan,UNKNOWN
141.008,-0.05,0.0,0.0,0.0,0.0147,-0.0097,-0.0147,0.0097,-86,-90,0.0797,0.0834,nan,nan,nan,UNKNOWN
141.059,-0.05,0.0,0.0,0.0,0.0147,-0.0097,-0.0147,0.0097,-85,-90,0.0788,0.0834,nan,nan,nan,UNKNOWN
141.108,-0.05,0.0,0.0,0.0,0.0147,-0.0078,-0.0147,0.0078,-85,-90,0.0788,0.0834,nan,nan,nan,UNKNOWN
141.158,-0.05,0.0,0.0,0.0,0.0311,-0.0078,-0.0311,0.0078,-77,-89,0.0714,0.0825,nan,nan,nan,UNKNOWN
141.208,-0.05,0.0,0.0,0.0,0.0311,-0.0078,-0.0311,0.0078,-77,-89,0.0714,0.0825,nan,nan,nan,UNKNOWN
141.258,-0.05,0.0,0.0,0.0,0.0311,0.0027,-0.0311,-0.0027,-63,-87,0.0584,0.0806,nan,nan,nan,UNKNOWN
141.308,-0.05,0.0,0.0,0.0,0.0532,0.0027,-0.0532,-0.0027,-63,-87,0.0584,0.0806,nan,nan,nan,UNKNOWN
141.358,-0.05,0.0,0.0,0.0,0.0532,-0.0021,-0.0532,0.0021,-61,-88,0.0565,0.0816,nan,nan,nan,UNKNOWN
141.408,-0.05,0.0,0.0,0.0,0.0532,-0.0021,-0.0532,0.0021,-61,-88,0.0565,0.0816,nan,nan,nan,UNKNOWN
141.458,-0.05,0.0,0.0,0.0,0.0418,0.0062,-0.0418,-0.0062,-59,-86,0.0547,0.0797,nan,nan,nan,UNKNOWN
141.508,-0.05,0.0,0.0,0.0,0.0418,0.0062,-0.0418,-0.0062,-59,-86,0.0547,0.0797,nan,nan,nan,UNKNOWN
141.558,-0.05,0.0,0.0,0.0,0.0214,0.0074,-0.0214,-0.0074,-60,-85,0.0556,0.0788,nan,nan,nan,UNKNOWN
141.608,-0.05,0.0,0.0,0.0,0.0214,0.0074,-0.0214,-0.0074,-60,-85,0.0556,0.0788,nan,nan,nan,UNKNOWN
141.658,-0.05,0.0,0.0,0.0,0.0017,0.0193,-0.0017,-0.0193,-63,-81,0.0584,0.0751,nan,nan,nan,UNKNOWN
141.708,-0.05,0.0,0.0,0.0,0.0017,0.0193,-0.0017,-0.0193,-63,-81,0.0584,0.0751,nan,nan,nan,UNKNOWN
141.758,-0.05,0.0,0.0,0.0,-0.0027,0.0338,0.0027,-0.0338,-64,-75,0.0593,0.0695,nan,nan,nan,UNKNOWN
141.808,-0.05,0.0,0.0,0.0,-0.0027,0.0338,0.0027,-0.0338,-64,-75,0.0593,0.0695,nan,nan,nan,UNKNOWN
141.858,-0.05,0.0,0.0,0.0,-0.0027,0.0338,0.0027,-0.0338,-65,-74,0.0602,0.0686,nan,nan,nan,UNKNOWN
141.908,-0.05,0.0,0.0,0.0,-0.0041,0.0228,0.0041,-0.0228,-65,-74,0.0602,0.0686,nan,nan,nan,UNKNOWN
141.958,-0.05,0.0,0.0,0.0,-0.0041,0.0228,0.0041,-0.0228,-66,-73,0.0612,0.0677,nan,nan,nan,UNKNOWN
142.008,-0.05,0.0,0.0,0.0,-0.0041,0.0228,0.0041,-0.0228,-66,-73,0.0612,0.0677,nan,nan,nan,UNKNOWN
142.06,-0.05,0.0,0.0,0.0,-0.0148,0.0507,0.0148,-0.0507,-70,-59,0.0649,0.0547,nan,nan,nan,UNKNOWN
142.108,-0.05,0.0,0.0,0.0,-0.0148,0.0507,0.0148,-0.0507,-70,-59,0.0649,0.0547,nan,nan,nan,UNKNOWN
142.158,-0.05,0.0,0.0,0.0,0.0096,0.0934,-0.0096,-0.0934,-65,-42,0.0602,0.0389,nan,nan,nan,UNKNOWN
142.208,-0.05,0.0,0.0,0.0,0.0096,0.0934,-0.0096,-0.0934,-65,-42,0.0602,0.0389,nan,nan,nan,UNKNOWN
142.258,-0.05,0.0,0.0,0.0,0.0096,0.0934,-0.0096,-0.0934,-63,-25,0.0584,0.0232,nan,nan,nan,UNKNOWN
142.308,-0.05,0.0,0.0,0.0,0.0107,0.0981,-0.0107,-0.0981,-63,-25,0.0584,0.0232,nan,nan,nan,UNKNOWN
142.358,-0.05,0.0,0.0,0.0,0.0107,0.0981,-0.0107,-0.0981,-64,-25,0.0593,0.0232,nan,nan,nan,UNKNOWN
142.408,-0.05,0.0,0.0,0.0,0.0027,0.0981,-0.0027,-0.0981,-64,-25,0.0593,0.0232,nan,nan,nan,UNKNOWN
142.458,-0.05,0.0,0.0,0.0,0.0027,0.0465,-0.0027,-0.0465,-66,-30,0.0612,0.0278,nan,nan,nan,UNKNOWN
142.508,-0.05,0.0,0.0,0.0,-0.0058,0.0465,0.0058,-0.0465,-66,-30,0.0612,0.0278,nan,nan,nan,UNKNOWN
142.558,-0.05,0.0,0.0,0.0,-0.0058,0.0168,0.0058,-0.0168,-63,-33,0.0584,0.0306,nan,nan,nan,UNKNOWN
142.608,-0.05,0.0,0.0,0.0,-0.0058,0.0168,0.0058,-0.0168,-63,-33,0.0584,0.0306,nan,nan,nan,UNKNOWN
142.658,-0.05,0.0,0.0,0.0,0.0188,0.0168,-0.0188,-0.0168,-57,-34,0.0528,0.0315,nan,nan,nan,UNKNOWN
142.708,-0.05,0.0,0.0,0.0,0.0188,0.0076,-0.0188,-0.0076,-57,-34,0.0528,0.0315,nan,nan,nan,UNKNOWN
142.758,-0.05,0.0,0.0,0.0,0.0224,0.0076,-0.0224,-0.0076,-54,-35,0.05,0.0324,nan,nan,nan,UNKNOWN
142.808,-0.05,0.0,0.0,0.0,0.0224,0.0076,-0.0224,-0.0076,-54,-35,0.05,0.0324,nan,nan,nan,UNKNOWN
142.858,-0.05,0.0,0.0,0.0,0.0224,0.0021,-0.0224,-0.0021,-53,-35,0.0491,0.0324,nan,nan,nan,UNKNOWN
142.908,-0.05,0.0,0.0,0.0,0.0159,0.0021,-0.0159,-0.0021,-53,-35,0.0491,0.0324,nan,nan,nan,UNKNOWN
142.958,-0.05,0.0,0.0,0.0,0.0159,0.0021,-0.0159,-0.0021,-50,-35,0.0463,0.0324,nan,nan,nan,UNKNOWN
143.008,-0.05,0.0,0.0,0.0,0.0207,0.0017,-0.0207,-0.0017,-50,-35,0.0463,0.0324,nan,nan,nan,UNKNOWN
143.059,-0.05,0.0,0.0,0.0,0.0207,0.0017,-0.0207,-0.0017,-40,-33,0.0371,0.0306,nan,nan,nan,UNKNOWN
143.108,-0.05,0.0,0.0,0.0,0.0207,0.0017,-0.0207,-0.0017,-40,-33,0.0371,0.0306,nan,nan,nan,UNKNOWN
143.158,-0.05,0.0,0.0,0.0,0.0717,0.0084,-0.0717,-0.0084,-26,-32,0.0241,0.0297,nan,nan,nan,UNKNOWN
143.208,-0.05,0.0,0.0,0.0,0.0717,0.0084,-0.0717,-0.0084,-26,-32,0.0241,0.0297,nan,nan,nan,UNKNOWN
143.258,-0.05,0.0,0.0,0.0,0.0764,0.0088,-0.0764,-0.0088,-17,-31,0.0158,0.0287,nan,nan,nan,UNKNOWN
143.308,-0.05,0.0,0.0,0.0,0.0764,0.0088,-0.0764,-0.0088,-17,-31,0.0158,0.0287,nan,nan,nan,UNKNOWN
143.358,-0.05,0.0,0.0,0.0,0.0764,0.0088,-0.0764,-0.0088,-16,-31,0.0148,0.0287,nan,nan,nan,UNKNOWN
143.408,-0.05,0.0,0.0,0.0,0.0483,0.007,-0.0483,-0.007,-16,-31,0.0148,0.0287,nan,nan,nan,UNKNOWN
143.458,-0.05,0.0,0.0,0.0,0.0483,0.007,-0.0483,-0.007,-18,-30,0.0167,0.0278,nan,nan,nan,UNKNOWN
143.508,-0.05,0.0,0.0,0.0,0.0216,0.0079,-0.0216,-0.0079,-18,-30,0.0167,0.0278,nan,nan,nan,UNKNOWN
143.558,-0.05,0.0,0.0,0.0,0.0216,0.0079,-0.0216,-0.0079,-20,-28,0.0185,0.0259,nan,nan,nan,UNKNOWN
143.608,-0.05,0.0,0.0,0.0,0.0055,0.0122,-0.0055,-0.0122,-20,-28,0.0185,0.0259,nan,nan,nan,UNKNOWN
143.658,-0.05,0.0,0.0,0.0,0.0055,0.0122,-0.0055,-0.0122,-23,-27,0.0213,0.025,nan,nan,nan,UNKNOWN
143.708,-0.05,0.0,0.0,0.0,-0.0078,0.011,0.0078,-0.011,-23,-27,0.0213,0.025,nan,nan,nan,UNKNOWN
143.758,-0.05,0.0,0.0,0.0,-0.0078,0.011,0.0078,-0.011,-23,-22,0.0213,0.0204,nan,nan,nan,UNKNOWN
143.808,-0.05,0.0,0.0,0.0,-0.0078,0.011,0.0078,-0.011,-23,-22,0.0213,0.0204,nan,nan,nan,UNKNOWN
143.858,-0.05,0.0,0.0,0.0,-0.0062,0.0288,0.0062,-0.0288,-23,-18,0.0213,0.0167,nan,nan,nan,UNKNOWN
143.908,-0.05,0.0,0.0,0.0,-0.0062,0.0288,0.0062,-0.0288,-23,-18,0.0213,0.0167,nan,nan,nan,UNKNOWN
143.958,-0.05,0.0,0.0,0.0,-0.005,0.0231,0.005,-0.0231,-23,-18,0.0213,0.0167,nan,nan,nan,UNKNOWN
144.008,-0.05,0.0,0.0,0.0,-0.005,0.0231,0.005,-0.0231,-23,-18,0.0213,0.0167,nan,nan,nan,UNKNOWN
144.06,-0.05,0.0,0.0,0.0,-0.004,0.0185,0.004,-0.0185,-23,-18,0.0213,0.0167,nan,nan,nan,UNKNOWN
144.108,-0.05,0.0,0.0,0.0,-0.004,0.0185,0.004,-0.0185,-23,-18,0.0213,0.0167,nan,nan,nan,UNKNOWN
144.158,-0.05,0.0,0.0,0.0,-0.004,0.0185,0.004,-0.0185,-24,-17,0.0222,0.0158,nan,nan,nan,UNKNOWN
144.208,-0.05,0.0,0.0,0.0,-0.0049,0.0135,0.0049,-0.0135,-24,-17,0.0222,0.0158,nan,nan,nan,UNKNOWN
144.258,-0.05,0.0,0.0,0.0,-0.0049,0.0135,0.0049,-0.0135,-33,-14,0.0306,0.013,nan,nan,nan,UNKNOWN
144.308,-0.05,0.0,0.0,0.0,-0.0049,0.0135,0.0049,-0.0135,-33,-14,0.0306,0.013,nan,nan,nan,UNKNOWN
144.358,-0.05,0.0,0.0,0.0,-0.0276,0.0526,0.0276,-0.0526,-34,1,0.0315,0.0009,nan,nan,nan,UNKNOWN
144.408,-0.05,0.0,0.0,0.0,-0.0276,0.0526,0.0276,-0.0526,-34,1,0.0315,0.0009,nan,nan,nan,UNKNOWN
144.458,-0.05,0.0,0.0,0.0,-0.0221,0.0649,0.0221,-0.0649,-34,10,0.0315,0.0093,nan,nan,nan,UNKNOWN
144.508,-0.05,0.0,0.0,0.0,-0.0221,0.0649,0.0221,-0.0649,-34,10,0.0315,0.0093,nan,nan,nan,UNKNOWN
144.558,-0.05,0.0,0.0,0.0,-0.0096,0.0612,0.0096,-0.0612,-33,16,0.0306,0.0148,nan,nan,nan,UNKNOWN
144.608,-0.05,0.0,0.0,0.0,-0.0096,0.0612,0.0096,-0.0612,-33,16,0.0306,0.0148,nan,nan,nan,UNKNOWN
144.658,-0.05,0.0,0.0,0.0,-0.0096,0.0612,0.0096,-0.0612,-32,17,0.0297,0.0158,nan,nan,nan,UNKNOWN
144.708,-0.05,0.0,0.0,0.0,-0.0033,0.0392,0.0033,-0.0392,-32,17,0.0297,0.0158,nan,nan,nan,UNKNOWN
144.758,-0.05,0.0,0.0,0.0,-0.0033,0.0392,0.0033,-0.0392,-31,16,0.0287,0.0148,nan,nan,nan,UNKNOWN
144.808,-0.05,0.0,0.0,0.0,-0.0033,0.0392,0.0033,-0.0392,-31,16,0.0287,0.0148,nan,nan,nan,UNKNOWN
144.858,-0.05,0.0,0.0,0.0,0.0079,0.021,-0.0079,-0.021,-28,16,0.0259,0.0148,nan,nan,nan,UNKNOWN
144.908,-0.05,0.0,0.0,0.0,0.0079,0.021,-0.0079,-0.021,-28,16,0.0259,0.0148,nan,nan,nan,UNKNOWN
144.958,-0.05,0.0,0.0,0.0,0.0079,0.021,-0.0079,-0.021,-17,14,0.0158,0.013,nan,nan,nan,UNKNOWN
145.008,-0.05,0.0,0.0,0.0,0.0319,0.0077,-0.0319,-0.0077,-17,14,0.0158,0.013,nan,nan,nan,UNKNOWN
145.06,-0.05,0.0,0.0,0.0,0.0319,0.0077,-0.0319,-0.0077,-15,13,0.0139,0.012,nan,nan,nan,UNKNOWN
145.108,-0.05,0.0,0.0,0.0,0.0319,0.0077,-0.0319,-0.0077,-15,13,0.0139,0.012,nan,nan,nan,UNKNOWN
145.158,-0.05,0.0,0.0,0.0,0.0266,-0.0003,-0.0266,0.0003,-14,12,0.013,0.0111,nan,nan,nan,UNKNOWN
145.208,-0.05,0.0,0.0,0.0,0.0266,-0.0003,-0.0266,0.0003,-14,12,0.013,0.0111,nan,nan,nan,UNKNOWN
145.258,-0.05,0.0,0.0,0.0,0.0266,-0.0003,-0.0266,0.0003,-10,12,0.0093,0.0111,nan,nan,nan,UNKNOWN
145.308,-0.05,0.0,0.0,0.0,0.0258,0.0,-0.0258,0.0,-10,12,0.0093,0.0111,nan,nan,nan,UNKNOWN
145.358,-0.05,0.0,0.0,0.0,0.0258,0.0,-0.0258,0.0,0,13,0.0,0.012,nan,nan,nan,UNKNOWN
145.408,-0.05,0.0,0.0,0.0,0.0526,0.0037,-0.0526,-0.0037,0,13,0.0,0.012,nan,nan,nan,UNKNOWN
145.458,-0.05,0.0,0.0,0.0,0.0526,0.0037,-0.0526,-0.0037,15,13,0.0139,0.012,nan,nan,nan,UNKNOWN
145.508,-0.05,0.0,0.0,0.0,0.0871,0.003,-0.0871,-0.003,15,13,0.0139,0.012,nan,nan,nan,UNKNOWN
145.558,-0.05,0.0,0.0,0.0,0.0871,0.003,-0.0871,-0.003,23,13,0.0213,0.012,nan,nan,nan,UNKNOWN
145.608,-0.05,0.0,0.0,0.0,0.0819,0.0024,-0.0819,-0.0024,23,13,0.0213,0.012,nan,nan,nan,UNKNOWN
145.658,-0.05,0.0,0.0,0.0,0.0819,0.0024,-0.0819,-0.0024,21,14,0.0195,0.013,nan,nan,nan,UNKNOWN
145.708,-0.05,0.0,0.0,0.0,0.0418,0.0051,-0.0418,-0.0051,21,14,0.0195,0.013,nan,nan,nan,UNKNOWN
145.758,-0.05,0.0,0.0,0.0,0.0418,0.0051,-0.0418,-0.0051,18,15,0.0167,0.0139,nan,nan,nan,UNKNOWN
145.808,-0.05,0.0,0.0,0.0,0.0418,0.0051,-0.0418,-0.0051,18,15,0.0167,0.0139,nan,nan,nan,UNKNOWN
145.858,-0.05,0.0,0.0,0.0,-0.0096,0.0006,0.0096,-0.0006,7,13,0.0065,0.012,nan,nan,nan,UNKNOWN
145.908,-0.05,0.0,0.0,0.0,-0.0096,0.0006,0.0096,-0.0006,7,13,0.0065,0.012,nan,nan,nan,UNKNOWN
145.958,-0.05,0.0,0.0,0.0,-0.028,-0.0033,0.028,0.0033,1,12,0.0009,0.0111,nan,nan,nan,UNKNOWN
146.008,-0.05,0.0,0.0,0.0,-0.028,-0.0033,0.028,0.0033,1,12,0.0009,0.0111,nan,nan,nan,UNKNOWN
146.059,-0.05,0.0,0.0,0.0,-0.028,-0.0033,0.028,0.0033,0,16,0.0,0.0148,nan,nan,nan,UNKNOWN
146.108,-0.05,0.0,0.0,0.0,-0.0193,0.0079,0.0193,-0.0079,0,16,0.0,0.0148,nan,nan,nan,UNKNOWN
146.158,-0.05,0.0,0.0,0.0,-0.0193,0.0079,0.0193,-0.0079,-1,19,0.0009,0.0176,nan,nan,nan,UNKNOWN
146.208,-0.05,0.0,0.0,0.0,-0.0153,0.0158,0.0153,-0.0158,-1,19,0.0009,0.0176,nan,nan,nan,UNKNOWN
146.258,-0.05,0.0,0.0,0.0,-0.0153,0.0158,0.0153,-0.0158,-3,23,0.0028,0.0213,nan,nan,nan,UNKNOWN
146.308,-0.05,0.0,0.0,0.0,-0.0153,0.0158,0.0153,-0.0158,-3,23,0.0028,0.0213,nan,nan,nan,UNKNOWN
146.358,-0.05,0.0,0.0,0.0,-0.0289,0.0416,0.0289,-0.0416,-9,32,0.0083,0.0297,nan,nan,nan,UNKNOWN
146.408,-0.05,0.0,0.0,0.0,-0.0289,0.0416,0.0289,-0.0416,-9,32,0.0083,0.0297,nan,nan,nan,UNKNOWN
146.458,-0.05,0.0,0.0,0.0,-0.0289,0.0416,0.0289,-0.0416,-10,34,0.0093,0.0315,nan,nan,nan,UNKNOWN
146.508,-0.05,0.0,0.0,0.0,-0.0198,0.0299,0.0198,-0.0299,-10,34,0.0093,0.0315,nan,nan,nan,UNKNOWN
146.558,-0.05,0.0,0.0,0.0,-0.0198,0.0299,0.0198,-0.0299,-14,45,0.013,0.0417,nan,nan,nan,UNKNOWN
146.608,-0.05,0.0,0.0,0.0,-0.0267,0.0587,0.0267,-0.0587,-14,45,0.013,0.0417,nan,nan,nan,UNKNOWN
146.658,-0.05,0.0,0.0,0.0,-0.0267,0.0587,0.0267,-0.0587,-13,47,0.012,0.0436,nan,nan,nan,UNKNOWN
146.708,-0.05,0.0,0.0,0.0,-0.0267,0.0587,0.0267,-0.0587,-13,47,0.012,0.0436,nan,nan,nan,UNKNOWN
146.758,-0.05,0.0,0.0,0.0,-0.0086,0.0427,0.0086,-0.0427,-11,48,0.0102,0.0445,nan,nan,nan,UNKNOWN
146.808,-0.05,0.0,0.0,0.0,-0.0086,0.0427,0.0086,-0.0427,-11,48,0.0102,0.0445,nan,nan,nan,UNKNOWN
146.858,-0.05,0.0,0.0,0.0,-0.0015,0.0219,0.0015,-0.0219,-10,47,0.0093,0.0436,nan,nan,nan,UNKNOWN
146.908,-0.05,0.0,0.0,0.0,-0.0015,0.0219,0.0015,-0.0219,-10,47,0.0093,0.0436,nan,nan,nan,UNKNOWN
146.958,-0.05,0.0,0.0,0.0,0.0102,0.002,-0.0102,-0.002,-7,44,0.0065,0.0408,nan,nan,nan,UNKNOWN
147.008,-0.05,0.0,0.0,0.0,0.0102,0.002,-0.0102,-0.002,-7,44,0.0065,0.0408,nan,nan,nan,UNKNOWN
147.059,-0.05,0.0,0.0,0.0,0.0102,0.002,-0.0102,-0.002,1,45,0.0009,0.0417,nan,nan,nan,UNKNOWN
147.108,-0.05,0.0,0.0,0.0,0.0259,0.0037,-0.0259,-0.0037,1,45,0.0009,0.0417,nan,nan,nan,UNKNOWN
147.158,-0.05,0.0,0.0,0.0,0.0259,0.0037,-0.0259,-0.0037,1,44,0.0009,0.0408,nan,nan,nan,UNKNOWN
147.208,-0.05,0.0,0.0,0.0,0.0207,-0.0015,-0.0207,0.0015,1,44,0.0009,0.0408,nan,nan,nan,UNKNOWN
147.258,-0.05,0.0,0.0,0.0,0.0207,-0.0015,-0.0207,0.0015,-7,41,0.0065,0.038,nan,nan,nan,UNKNOWN
147.308,-0.05,0.0,0.0,0.0,0.0207,-0.0015,-0.0207,0.0015,-7,41,0.0065,0.038,nan,nan,nan,UNKNOWN
147.358,-0.05,0.0,0.0,0.0,-0.0147,-0.0207,0.0147,0.0207,-10,36,0.0093,0.0334,nan,nan,nan,UNKNOWN
147.408,-0.05,0.0,0.0,0.0,-0.0147,-0.0207,0.0147,0.0207,-10,36,0.0093,0.0334,nan,nan,nan,UNKNOWN
147.458,-0.05,0.0,0.0,0.0,-0.0147,-0.0207,0.0147,0.0207,-10,36,0.0093,0.0334,nan,nan,nan,UNKNOWN
147.508,-0.05,0.0,0.0,0.0,-0.0118,-0.0165,0.0118,0.0165,-10,36,0.0093,0.0334,nan,nan,nan,UNKNOWN
147.558,-0.05,0.0,0.0,0.0,-0.0118,-0.0165,0.0118,0.0165,-10,36,0.0093,0.0334,nan,nan,nan,UNKNOWN
147.608,-0.05,0.0,0.0,0.0,-0.0118,-0.0165,0.0118,0.0165,-10,36,0.0093,0.0334,nan,nan,nan,UNKNOWN
147.658,-0.05,0.0,0.0,0.0,-0.0094,-0.0132,0.0094,0.0132,-10,36,0.0093,0.0334,nan,nan,nan,UNKNOWN
147.708,-0.05,0.0,0.0,0.0,-0.0094,-0.0132,0.0094,0.0132,-10,36,0.0093,0.0334,nan,nan,nan,UNKNOWN
147.758,-0.05,0.0,0.0,0.0,-0.0094,-0.0132,0.0094,0.0132,-10,36,0.0093,0.0334,nan,nan,nan,UNKNOWN
147.808,-0.05,0.0,0.0,0.0,-0.0075,-0.0106,0.0075,0.0106,-10,36,0.0093,0.0334,nan,nan,nan,UNKNOWN
147.858,-0.05,0.0,0.0,0.0,-0.0075,-0.0106,0.0075,0.0106,-11,35,0.0102,0.0324,nan,nan,nan,UNKNOWN
147.908,-0.05,0.0,0.0,0.0,-0.0075,-0.0106,0.0075,0.0106,-11,35,0.0102,0.0324,nan,nan,nan,UNKNOWN
147.958,-0.05,0.0,0.0,0.0,-0.007,-0.0088,0.007,0.0088,-11,35,0.0102,0.0324,nan,nan,nan,UNKNOWN
148.008,-0.05,0.0,0.0,0.0,-0.007,-0.0088,0.007,0.0088,-11,35,0.0102,0.0324,nan,nan,nan,UNKNOWN
148.06,-0.05,0.0,0.0,0.0,-0.007,-0.0088,0.007,0.0088,-11,35,0.0102,0.0324,nan,nan,nan,UNKNOWN
148.108,-0.05,0.0,0.0,0.0,-0.0056,-0.0071,0.0056,0.0071,-11,35,0.0102,0.0324,nan,nan,nan,UNKNOWN
148.158,-0.05,0.0,0.0,0.0,-0.0056,-0.0071,0.0056,0.0071,-11,35,0.0102,0.0324,nan,nan,nan,UNKNOWN
148.208,-0.05,0.0,0.0,0.0,-0.0056,-0.0071,0.0056,0.0071,-11,35,0.0102,0.0324,nan,nan,nan,UNKNOWN
148.258,-0.05,0.0,0.0,0.0,-0.0045,-0.0056,0.0045,0.0056,-11,35,0.0102,0.0324,nan,nan,nan,UNKNOWN
148.308,-0.05,0.0,0.0,0.0,-0.0045,-0.0056,0.0045,0.0056,-11,35,0.0102,0.0324,nan,nan,nan,UNKNOWN
148.358,-0.05,0.0,0.0,0.0,-0.0045,-0.0056,0.0045,0.0056,-11,35,0.0102,0.0324,nan,nan,nan,UNKNOWN
148.408,-0.05,0.0,0.0,0.0,-0.0036,-0.0045,0.0036,0.0045,-11,35,0.0102,0.0324,nan,nan,nan,UNKNOWN
148.458,-0.05,0.0,0.0,0.0,-0.0036,-0.0045,0.0036,0.0045,-11,35,0.0102,0.0324,nan,nan,nan,UNKNOWN
148.508,-0.05,0.0,0.0,0.0,-0.0036,-0.0045,0.0036,0.0045,-11,35,0.0102,0.0324,nan,nan,nan,UNKNOWN
148.558,-0.05,0.0,0.0,0.0,-0.0029,-0.0036,0.0029,0.0036,-11,35,0.0102,0.0324,nan,nan,nan,UNKNOWN
148.608,-0.05,0.0,0.0,0.0,-0.0029,-0.0036,0.0029,0.0036,-11,35,0.0102,0.0324,nan,nan,nan,UNKNOWN
148.658,-0.05,0.0,0.0,0.0,-0.0029,-0.0036,0.0029,0.0036,-11,35,0.0102,0.0324,nan,nan,nan,UNKNOWN
148.708,-0.05,0.0,0.0,0.0,-0.0023,-0.0029,0.0023,0.0029,-11,35,0.0102,0.0324,nan,nan,nan,UNKNOWN
148.758,-0.05,0.0,0.0,0.0,-0.0023,-0.0029,0.0023,0.0029,-11,35,0.0102,0.0324,nan,nan,nan,UNKNOWN
148.808,-0.05,0.0,0.0,0.0,-0.0023,-0.0029,0.0023,0.0029,-11,35,0.0102,0.0324,nan,nan,nan,UNKNOWN
148.858,-0.05,0.0,0.0,0.0,-0.0018,-0.0023,0.0018,0.0023,-11,35,0.0102,0.0324,nan,nan,nan,UNKNOWN
148.908,-0.05,0.0,0.0,0.0,-0.0018,-0.0023,0.0018,0.0023,-11,35,0.0102,0.0324,nan,nan,nan,UNKNOWN
148.958,-0.05,0.0,0.0,0.0,-0.0018,-0.0023,0.0018,0.0023,-11,35,0.0102,0.0324,nan,nan,nan,UNKNOWN
149.008,-0.05,0.0,0.0,0.0,-0.0015,-0.0019,0.0015,0.0019,-11,35,0.0102,0.0324,nan,nan,nan,UNKNOWN
149.059,-0.05,0.0,0.0,0.0,-0.0015,-0.0019,0.0015,0.0019,-11,35,0.0102,0.0324,nan,nan,nan,UNKNOWN
149.108,-0.05,0.0,0.0,0.0,-0.0012,-0.0015,0.0012,0.0015,-11,35,0.0102,0.0324,nan,nan,nan,UNKNOWN
149.158,-0.05,0.0,0.0,0.0,-0.0012,-0.0015,0.0012,0.0015,-11,35,0.0102,0.0324,nan,nan,nan,UNKNOWN
149.208,-0.05,0.0,0.0,0.0,0.0,-0.0012,0.0,0.0012,-11,35,0.0102,0.0324,nan,nan,nan,UNKNOWN
149.258,-0.05,0.0,0.0,0.0,0.0,-0.0012,0.0,0.0012,-11,35,0.0102,0.0324,nan,nan,nan,UNKNOWN
149.308,-0.05,0.0,0.0,0.0,0.0,-0.0012,0.0,0.0012,-11,35,0.0102,0.0324,nan,nan,nan,UNKNOWN
149.358,-0.05,0.0,0.0,0.0,0.0,0.0,0.0,0.0,-11,35,0.0102,0.0324,nan,nan,nan,UNKNOWN
149.408,-0.05,0.0,0.0,0.0,0.0,0.0,0.0,0.0,-11,35,0.0102,0.0324,nan,nan,nan,UNKNOWN
149.458,-0.05,0.0,0.0,0.0,0.0,0.0,0.0,0.0,-11,35,0.0102,0.0324,nan,nan,nan,UNKNOWN
149.508,-0.05,0.0,0.0,0.0,0.0,0.0,0.0,0.0,-11,35,0.0102,0.0324,nan,nan,nan,UNKNOWN
149.558,-0.05,0.0,0.0,0.0,0.0,0.0,0.0,0.0,-11,35,0.0102,0.0324,nan,nan,nan,UNKNOWN
149.608,-0.05,0.0,0.0,0.0,0.0,0.0,0.0,0.0,-11,35,0.0102,0.0324,nan,nan,nan,UNKNOWN
149.658,-0.05,0.0,0.0,0.0,0.0,0.0,0.0,0.0,-11,35,0.0102,0.0324,nan,nan,nan,UNKNOWN
149.708,-0.05,0.0,0.0,0.0,0.0,0.0,0.0,0.0,-11,35,0.0102,0.0324,nan,nan,nan,UNKNOWN
149.758,-0.05,0.0,0.0,0.0,0.0,0.0,0.0,0.0,-11,35,0.0102,0.0324,nan,nan,nan,UNKNOWN
149.808,-0.05,0.0,0.0,0.0,0.0,0.0,0.0,0.0,-11,35,0.0102,0.0324,nan,nan,nan,UNKNOWN
149.858,-0.05,0.0,0.0,0.0,0.0,0.0,0.0,0.0,-11,35,0.0102,0.0324,nan,nan,nan,UNKNOWN
149.908,-0.05,0.0,0.0,0.0,0.0,0.0,0.0,0.0,-11,35,0.0102,0.0324,nan,nan,nan,UNKNOWN
149.958,-0.05,0.0,0.0,0.0,0.0,0.0,0.0,0.0,-11,35,0.0102,0.0324,nan,nan,nan,UNKNOWN
150.008,-0.05,0.0,0.0,0.0,0.0,0.0,0.0,0.0,-11,35,0.0102,0.0324,nan,nan,nan,UNKNOWN
150.059,-0.05,0.0,0.0,0.0,0.0,0.0,0.0,0.0,-11,35,0.0102,0.0324,nan,nan,nan,UNKNOWN
150.108,-0.05,0.0,0.0,0.0,0.0,0.0,0.0,0.0,-11,35,0.0102,0.0324,nan,nan,nan,UNKNOWN
150.158,-0.05,0.0,0.0,0.0,0.0,0.0,0.0,0.0,-11,35,0.0102,0.0324,nan,nan,nan,UNKNOWN
150.208,-0.05,0.0,0.0,0.0,0.0,0.0,0.0,0.0,-11,35,0.0102,0.0324,nan,nan,nan,UNKNOWN
150.258,-0.05,0.0,0.0,0.0,0.0,0.0,0.0,0.0,-11,35,0.0102,0.0324,nan,nan,nan,UNKNOWN
150.308,-0.05,0.0,0.0,0.0,0.0,0.0,0.0,0.0,-11,35,0.0102,0.0324,nan,nan,nan,UNKNOWN
150.358,-0.05,0.0,0.0,0.0,0.0,0.0,0.0,0.0,-11,35,0.0102,0.0324,nan,nan,nan,UNKNOWN
150.408,-0.05,0.0,0.0,0.0,0.0,0.0,0.0,0.0,-11,35,0.0102,0.0324,nan,nan,nan,UNKNOWN
150.458,-0.05,0.0,0.0,0.0,0.0,0.0,0.0,0.0,-11,35,0.0102,0.0324,nan,nan,nan,UNKNOWN
150.508,-0.05,0.0,0.0,0.0,0.0,0.0,0.0,0.0,-11,35,0.0102,0.0324,nan,nan,nan,UNKNOWN
150.558,-0.05,0.0,0.0,0.0,0.0,0.0,0.0,0.0,-11,35,0.0102,0.0324,nan,nan,nan,UNKNOWN
150.608,-0.05,0.0,0.0,0.0,0.0,0.0,0.0,0.0,-11,35,0.0102,0.0324,nan,nan,nan,UNKNOWN
150.658,-0.05,0.0,0.0,0.0,0.0,0.0,0.0,0.0,-11,35,0.0102,0.0324,nan,nan,nan,UNKNOWN
150.708,-0.05,0.0,0.0,0.0,0.0,0.0,0.0,0.0,-11,35,0.0102,0.0324,nan,nan,nan,UNKNOWN
150.758,-0.05,0.0,0.0,0.0,0.0,0.0,0.0,0.0,-11,35,0.0102,0.0324,nan,nan,nan,UNKNOWN
150.808,-0.05,0.0,0.0,0.0,0.0,0.0,0.0,0.0,-11,35,0.0102,0.0324,nan,nan,nan,UNKNOWN
150.858,-0.05,0.0,0.0,0.0,0.0,0.0,0.0,0.0,-11,35,0.0102,0.0324,nan,nan,nan,UNKNOWN
150.908,-0.05,0.0,0.0,0.0,0.0,0.0,0.0,0.0,-11,35,0.0102,0.0324,nan,nan,nan,UNKNOWN
150.958,-0.05,0.0,0.0,0.0,0.0,0.0,0.0,0.0,-11,35,0.0102,0.0324,nan,nan,nan,UNKNOWN
151.008,-0.05,0.0,0.0,0.0,0.0,0.0,0.0,0.0,-11,35,0.0102,0.0324,nan,nan,nan,UNKNOWN
151.059,-0.05,0.0,0.0,0.0,0.0,0.0,0.0,0.0,-11,35,0.0102,0.0324,nan,nan,nan,UNKNOWN
151.108,-0.05,0.0,0.0,0.0,0.0,0.0,0.0,0.0,-11,35,0.0102,0.0324,nan,nan,nan,UNKNOWN
151.158,-0.05,0.0,0.0,0.0,0.0,0.0,0.0,0.0,-11,35,0.0102,0.0324,nan,nan,nan,UNKNOWN
151.208,-0.05,0.0,0.0,0.0,0.0,0.0,0.0,0.0,-11,35,0.0102,0.0324,nan,nan,nan,UNKNOWN
151.258,-0.05,0.0,0.0,0.0,0.0,0.0,0.0,0.0,-11,35,0.0102,0.0324,nan,nan,nan,UNKNOWN
151.308,-0.05,0.0,0.0,0.0,0.0,0.0,0.0,0.0,-11,35,0.0102,0.0324,nan,nan,nan,UNKNOWN
151.358,-0.05,0.0,0.0,0.0,0.0,0.0,0.0,0.0,-11,35,0.0102,0.0324,nan,nan,nan,UNKNOWN
151.408,-0.05,0.0,0.0,0.0,0.0,0.0,0.0,0.0,-11,35,0.0102,0.0324,nan,nan,nan,UNKNOWN
151.458,-0.05,0.0,0.0,0.0,0.0,0.0,0.0,0.0,-11,35,0.0102,0.0324,nan,nan,nan,UNKNOWN
151.508,-0.05,0.0,0.0,0.0,0.0,0.0,0.0,0.0,-11,35,0.0102,0.0324,nan,nan,nan,UNKNOWN
151.558,-0.05,0.0,0.0,0.0,0.0,0.0,0.0,0.0,-11,35,0.0102,0.0324,nan,nan,nan,UNKNOWN
151.608,-0.05,0.0,0.0,0.0,0.0,0.0,0.0,0.0,-11,35,0.0102,0.0324,nan,nan,nan,UNKNOWN
151.658,-0.05,0.0,0.0,0.0,0.0,0.0,0.0,0.0,-11,35,0.0102,0.0324,nan,nan,nan,UNKNOWN
151.708,-0.05,0.0,0.0,0.0,0.0,0.0,0.0,0.0,-11,35,0.0102,0.0324,nan,nan,nan,UNKNOWN
151.758,-0.05,0.0,0.0,0.0,0.0,0.0,0.0,0.0,-11,35,0.0102,0.0324,nan,nan,nan,UNKNOWN
151.808,-0.05,0.0,0.0,0.0,0.0,0.0,0.0,0.0,-11,35,0.0102,0.0324,nan,nan,nan,UNKNOWN
151.858,-0.05,0.0,0.0,0.0,0.0,0.0,0.0,0.0,-11,35,0.0102,0.0324,nan,nan,nan,UNKNOWN
151.908,-0.05,0.0,0.0,0.0,0.0,0.0,0.0,0.0,-11,35,0.0102,0.0324,nan,nan,nan,UNKNOWN
151.958,-0.05,0.0,0.0,0.0,0.0,0.0,0.0,0.0,-11,35,0.0102,0.0324,nan,nan,nan,UNKNOWN
152.008,-0.05,0.0,0.0,0.0,0.0,0.0,0.0,0.0,-11,35,0.0102,0.0324,nan,nan,nan,UNKNOWN
152.059,-0.05,0.0,0.0,0.0,0.0,0.0,0.0,0.0,-11,35,0.0102,0.0324,nan,nan,nan,UNKNOWN
152.108,-0.05,0.0,0.0,0.0,0.0,0.0,0.0,0.0,-11,35,0.0102,0.0324,nan,nan,nan,UNKNOWN
152.158,-0.05,0.0,0.0,0.0,0.0,0.0,0.0,0.0,-11,35,0.0102,0.0324,nan,nan,nan,UNKNOWN
152.208,-0.05,0.0,0.0,0.0,0.0,0.0,0.0,0.0,-11,35,0.0102,0.0324,nan,nan,nan,UNKNOWN
152.258,-0.05,0.0,0.0,0.0,0.0,0.0,0.0,0.0,-11,35,0.0102,0.0324,nan,nan,nan,UNKNOWN
152.308,-0.05,0.0,0.0,0.0,0.0,0.0,0.0,0.0,-11,35,0.0102,0.0324,nan,nan,nan,UNKNOWN
152.358,-0.05,0.0,0.0,0.0,0.0,0.0,0.0,0.0,-11,35,0.0102,0.0324,nan,nan,nan,UNKNOWN
152.408,-0.05,0.0,0.0,0.0,0.0,0.0,0.0,0.0,-11,35,0.0102,0.0324,nan,nan,nan,UNKNOWN
152.458,-0.05,0.0,0.0,0.0,0.0,0.0,0.0,0.0,-11,35,0.0102,0.0324,nan,nan,nan,UNKNOWN
152.508,-0.05,0.0,0.0,0.0,0.0,0.0,0.0,0.0,-11,35,0.0102,0.0324,nan,nan,nan,UNKNOWN
152.558,-0.05,0.0,0.0,0.0,0.0,0.0,0.0,0.0,-11,35,0.0102,0.0324,nan,nan,nan,UNKNOWN
152.608,-0.05,0.0,0.0,0.0,0.0,0.0,0.0,0.0,-11,35,0.0102,0.0324,nan,nan,nan,UNKNOWN
152.658,-0.05,0.0,0.0,0.0,0.0,0.0,0.0,0.0,-11,35,0.0102,0.0324,nan,nan,nan,UNKNOWN
152.708,-0.05,0.0,0.0,0.0,0.0,0.0,0.0,0.0,-11,35,0.0102,0.0324,nan,nan,nan,UNKNOWN
152.758,-0.05,0.0,0.0,0.0,0.0,0.0,0.0,0.0,-11,35,0.0102,0.0324,nan,nan,nan,UNKNOWN
152.808,-0.05,0.0,0.0,0.0,0.0,0.0,0.0,0.0,-11,35,0.0102,0.0324,nan,nan,nan,UNKNOWN
152.858,-0.05,0.0,0.0,0.0,0.0,0.0,0.0,0.0,-11,35,0.0102,0.0324,nan,nan,nan,UNKNOWN
152.908,-0.05,0.0,0.0,0.0,0.0,0.0,0.0,0.0,-11,35,0.0102,0.0324,nan,nan,nan,UNKNOWN
152.958,-0.05,0.0,0.0,0.0,0.0,0.0,0.0,0.0,-11,35,0.0102,0.0324,nan,nan,nan,UNKNOWN
153.008,-0.05,0.0,0.0,0.0,0.0,0.0,0.0,0.0,-11,35,0.0102,0.0324,nan,nan,nan,UNKNOWN
153.059,-0.05,0.0,0.0,0.0,0.0,0.0,0.0,0.0,-11,35,0.0102,0.0324,nan,nan,nan,UNKNOWN
153.108,-0.05,0.0,0.0,0.0,0.0,0.0,0.0,0.0,-11,35,0.0102,0.0324,nan,nan,nan,UNKNOWN
153.158,-0.05,0.0,0.0,0.0,0.0,0.0,0.0,0.0,-11,35,0.0102,0.0324,nan,nan,nan,UNKNOWN
153.208,-0.05,0.0,0.0,0.0,0.0,0.0,0.0,0.0,-11,35,0.0102,0.0324,nan,nan,nan,UNKNOWN
153.258,-0.05,0.0,0.0,0.0,0.0,0.0,0.0,0.0,-11,35,0.0102,0.0324,nan,nan,nan,UNKNOWN
153.308,-0.05,0.0,0.0,0.0,0.0,0.0,0.0,0.0,-11,35,0.0102,0.0324,nan,nan,nan,UNKNOWN
153.358,-0.05,0.0,0.0,0.0,0.0,0.0,0.0,0.0,-11,35,0.0102,0.0324,nan,nan,nan,UNKNOWN
153.408,-0.05,0.0,0.0,0.0,0.0,0.0,0.0,0.0,-11,35,0.0102,0.0324,nan,nan,nan,UNKNOWN
153.458,-0.05,0.0,0.0,0.0,0.0,0.0,0.0,0.0,-11,35,0.0102,0.0324,nan,nan,nan,UNKNOWN
153.508,-0.05,0.0,0.0,0.0,0.0,0.0,0.0,0.0,-11,35,0.0102,0.0324,nan,nan,nan,UNKNOWN
153.558,-0.05,0.0,0.0,0.0,0.0,0.0,0.0,0.0,-11,35,0.0102,0.0324,nan,nan,nan,UNKNOWN
153.608,-0.05,0.0,0.0,0.0,0.0,0.0,0.0,0.0,-11,35,0.0102,0.0324,nan,nan,nan,UNKNOWN
153.658,-0.05,0.0,0.0,0.0,0.0,0.0,0.0,0.0,-11,35,0.0102,0.0324,nan,nan,nan,UNKNOWN
153.708,-0.05,0.0,0.0,0.0,0.0,0.0,0.0,0.0,-11,35,0.0102,0.0324,nan,nan,nan,UNKNOWN
153.758,-0.05,0.0,0.0,0.0,0.0,0.0,0.0,0.0,-11,35,0.0102,0.0324,nan,nan,nan,UNKNOWN
153.808,-0.05,0.0,0.0,0.0,0.0,0.0,0.0,0.0,-11,35,0.0102,0.0324,nan,nan,nan,UNKNOWN
153.858,-0.05,0.0,0.0,0.0,0.0,0.0,0.0,0.0,-11,35,0.0102,0.0324,nan,nan,nan,UNKNOWN
153.908,-0.05,0.0,0.0,0.0,0.0,0.0,0.0,0.0,-11,35,0.0102,0.0324,nan,nan,nan,UNKNOWN
153.958,-0.05,0.0,0.0,0.0,0.0,0.0,0.0,0.0,-11,35,0.0102,0.0324,nan,nan,nan,UNKNOWN
154.008,-0.05,0.0,0.0,0.0,0.0,0.0,0.0,0.0,-11,35,0.0102,0.0324,nan,nan,nan,UNKNOWN
154.059,-0.05,0.0,0.0,0.0,0.0,0.0,0.0,0.0,-11,35,0.0102,0.0324,nan,nan,nan,UNKNOWN
154.108,-0.05,0.0,0.0,0.0,0.0,0.0,0.0,0.0,-11,35,0.0102,0.0324,nan,nan,nan,UNKNOWN
154.158,-0.05,0.0,0.0,0.0,0.0,0.0,0.0,0.0,-11,35,0.0102,0.0324,nan,nan,nan,UNKNOWN
154.208,-0.05,0.0,0.0,0.0,0.0,0.0,0.0,0.0,-11,35,0.0102,0.0324,nan,nan,nan,UNKNOWN
154.258,-0.05,0.0,0.0,0.0,0.0,0.0,0.0,0.0,-11,35,0.0102,0.0324,nan,nan,nan,UNKNOWN
154.308,-0.05,0.0,0.0,0.0,0.0,0.0,0.0,0.0,-11,35,0.0102,0.0324,nan,nan,nan,UNKNOWN
154.358,-0.05,0.0,0.0,0.0,0.0,0.0,0.0,0.0,-11,35,0.0102,0.0324,nan,nan,nan,UNKNOWN
154.408,-0.05,0.0,0.0,0.0,0.0,0.0,0.0,0.0,-11,35,0.0102,0.0324,nan,nan,nan,UNKNOWN
154.458,-0.05,0.0,0.0,0.0,0.0,0.0,0.0,0.0,-11,35,0.0102,0.0324,nan,nan,nan,UNKNOWN
154.508,-0.05,0.0,0.0,0.0,0.0,0.0,0.0,0.0,-11,35,0.0102,0.0324,nan,nan,nan,UNKNOWN
154.558,-0.05,0.0,0.0,0.0,0.0,0.0,0.0,0.0,-11,35,0.0102,0.0324,nan,nan,nan,UNKNOWN
154.608,-0.05,0.0,0.0,0.0,0.0,0.0,0.0,0.0,-11,35,0.0102,0.0324,nan,nan,nan,UNKNOWN
154.658,-0.05,0.0,0.0,0.0,0.0,0.0,0.0,0.0,-11,35,0.0102,0.0324,nan,nan,nan,UNKNOWN
154.708,-0.05,0.0,0.0,0.0,0.0,0.0,0.0,0.0,-11,35,0.0102,0.0324,nan,nan,nan,UNKNOWN
154.758,-0.05,0.0,0.0,0.0,0.0,0.0,0.0,0.0,-11,35,0.0102,0.0324,nan,nan,nan,UNKNOWN
154.808,-0.05,0.0,0.0,0.0,0.0,0.0,0.0,0.0,-11,35,0.0102,0.0324,nan,nan,nan,UNKNOWN
154.858,-0.05,0.0,0.0,0.0,0.0,0.0,0.0,0.0,-11,35,0.0102,0.0324,nan,nan,nan,UNKNOWN
154.908,-0.05,0.0,0.0,0.0,0.0,0.0,0.0,0.0,-11,35,0.0102,0.0324,nan,nan,nan,UNKNOWN
154.958,-0.05,0.0,0.0,0.0,0.0,0.0,0.0,0.0,-11,35,0.0102,0.0324,nan,nan,nan,UNKNOWN
155.008,-0.05,0.0,0.0,0.0,0.0,0.0,0.0,0.0,-11,35,0.0102,0.0324,nan,nan,nan,UNKNOWN
155.059,-0.05,0.0,0.0,0.0,0.0,0.0,0.0,0.0,-11,35,0.0102,0.0324,nan,nan,nan,UNKNOWN
155.108,-0.05,0.0,0.0,0.0,0.0,0.0,0.0,0.0,-11,35,0.0102,0.0324,nan,nan,nan,UNKNOWN
155.158,-0.05,0.0,0.0,0.0,0.0,0.0,0.0,0.0,-11,35,0.0102,0.0324,nan,nan,nan,UNKNOWN
155.208,-0.05,0.0,0.0,0.0,0.0,0.0,0.0,0.0,-11,35,0.0102,0.0324,nan,nan,nan,UNKNOWN
155.258,-0.05,0.0,0.0,0.0,0.0,0.0,0.0,0.0,-11,35,0.0102,0.0324,nan,nan,nan,UNKNOWN
155.308,-0.05,0.0,0.0,0.0,0.0,0.0,0.0,0.0,-11,35,0.0102,0.0324,nan,nan,nan,UNKNOWN
155.358,-0.05,0.0,0.0,0.0,0.0,0.0,0.0,0.0,-11,35,0.0102,0.0324,nan,nan,nan,UNKNOWN
155.408,-0.05,0.0,0.0,0.0,0.0,0.0,0.0,0.0,-11,35,0.0102,0.0324,nan,nan,nan,UNKNOWN
155.458,-0.05,0.0,0.0,0.0,0.0,0.0,0.0,0.0,-11,35,0.0102,0.0324,nan,nan,nan,UNKNOWN
155.508,-0.05,0.0,0.0,0.0,0.0,0.0,0.0,0.0,-11,35,0.0102,0.0324,nan,nan,nan,UNKNOWN
155.558,-0.05,0.0,0.0,0.0,0.0,0.0,0.0,0.0,-11,35,0.0102,0.0324,nan,nan,nan,UNKNOWN
155.608,-0.05,0.0,0.0,0.0,0.0,0.0,0.0,0.0,-11,35,0.0102,0.0324,nan,nan,nan,UNKNOWN
155.658,-0.05,0.0,0.0,0.0,0.0,0.0,0.0,0.0,-11,35,0.0102,0.0324,nan,nan,nan,UNKNOWN
155.708,-0.05,0.0,0.0,0.0,0.0,0.0,0.0,0.0,-11,35,0.0102,0.0324,nan,nan,nan,UNKNOWN
155.758,-0.05,0.0,0.0,0.0,0.0,0.0,0.0,0.0,-11,35,0.0102,0.0324,nan,nan,nan,UNKNOWN
155.808,-0.05,0.0,0.0,0.0,0.0,0.0,0.0,0.0,-11,35,0.0102,0.0324,nan,nan,nan,UNKNOWN
155.858,-0.05,0.0,0.0,0.0,0.0,0.0,0.0,0.0,-11,35,0.0102,0.0324,nan,nan,nan,UNKNOWN
155.908,-0.05,0.0,0.0,0.0,0.0,0.0,0.0,0.0,-11,35,0.0102,0.0324,nan,nan,nan,UNKNOWN
155.958,-0.05,0.0,0.0,0.0,0.0,0.0,0.0,0.0,-11,35,0.0102,0.0324,nan,nan,nan,UNKNOWN
156.008,-0.05,0.0,0.0,0.0,0.0,0.0,0.0,0.0,-11,35,0.0102,0.0324,nan,nan,nan,UNKNOWN
156.059,-0.05,0.0,0.0,0.0,0.0,0.0,0.0,0.0,-11,35,0.0102,0.0324,nan,nan,nan,UNKNOWN
156.108,-0.05,0.0,0.0,0.0,0.0,0.0,0.0,0.0,-11,35,0.0102,0.0324,nan,nan,nan,UNKNOWN
156.158,-0.05,0.0,0.0,0.0,0.0,0.0,0.0,0.0,-11,35,0.0102,0.0324,nan,nan,nan,UNKNOWN
156.208,-0.05,0.0,0.0,0.0,0.0,0.0,0.0,0.0,-11,35,0.0102,0.0324,nan,nan,nan,UNKNOWN
156.258,-0.05,0.0,0.0,0.0,0.0,0.0,0.0,0.0,-11,35,0.0102,0.0324,nan,nan,nan,UNKNOWN
156.308,-0.05,0.0,0.0,0.0,0.0,0.0,0.0,0.0,-11,35,0.0102,0.0324,nan,nan,nan,UNKNOWN
156.358,-0.05,0.0,0.0,0.0,0.0,0.0,0.0,0.0,-11,35,0.0102,0.0324,nan,nan,nan,UNKNOWN
156.408,-0.05,0.0,0.0,0.0,0.0,0.0,0.0,0.0,-11,35,0.0102,0.0324,nan,nan,nan,UNKNOWN
156.458,-0.05,0.0,0.0,0.0,0.0,0.0,0.0,0.0,-11,35,0.0102,0.0324,nan,nan,nan,UNKNOWN
156.508,-0.05,0.0,0.0,0.0,0.0,0.0,0.0,0.0,-11,35,0.0102,0.0324,nan,nan,nan,UNKNOWN
156.558,-0.05,0.0,0.0,0.0,0.0,0.0,0.0,0.0,-11,35,0.0102,0.0324,nan,nan,nan,UNKNOWN
156.608,-0.05,0.0,0.0,0.0,0.0,0.0,0.0,0.0,-11,35,0.0102,0.0324,nan,nan,nan,UNKNOWN
156.658,-0.05,0.0,0.0,0.0,0.0,0.0,0.0,0.0,-11,35,0.0102,0.0324,nan,nan,nan,UNKNOWN
156.708,-0.05,0.0,0.0,0.0,0.0,0.0,0.0,0.0,-11,35,0.0102,0.0324,nan,nan,nan,UNKNOWN
156.758,-0.05,0.0,0.0,0.0,0.0,0.0,0.0,0.0,-11,35,0.0102,0.0324,nan,nan,nan,UNKNOWN
156.808,-0.05,0.0,0.0,0.0,0.0,0.0,0.0,0.0,-11,35,0.0102,0.0324,nan,nan,nan,UNKNOWN
156.858,-0.05,0.0,0.0,0.0,0.0,0.0,0.0,0.0,-11,35,0.0102,0.0324,nan,nan,nan,UNKNOWN
156.908,-0.05,0.0,0.0,0.0,0.0,0.0,0.0,0.0,-11,35,0.0102,0.0324,nan,nan,nan,UNKNOWN
156.958,-0.05,0.0,0.0,0.0,0.0,0.0,0.0,0.0,-11,35,0.0102,0.0324,nan,nan,nan,UNKNOWN
157.008,-0.05,0.0,0.0,0.0,0.0,0.0,0.0,0.0,-11,35,0.0102,0.0324,nan,nan,nan,UNKNOWN
157.059,-0.05,0.0,0.0,0.0,0.0,0.0,0.0,0.0,-11,35,0.0102,0.0324,nan,nan,nan,UNKNOWN
157.108,-0.05,0.0,0.0,0.0,0.0,0.0,0.0,0.0,-11,35,0.0102,0.0324,nan,nan,nan,UNKNOWN
157.158,-0.05,0.0,0.0,0.0,0.0,0.0,0.0,0.0,-11,35,0.0102,0.0324,nan,nan,nan,UNKNOWN
157.208,-0.05,0.0,0.0,0.0,0.0,0.0,0.0,0.0,-11,35,0.0102,0.0324,nan,nan,nan,UNKNOWN
157.258,-0.05,0.0,0.0,0.0,0.0,0.0,0.0,0.0,-11,35,0.0102,0.0324,nan,nan,nan,UNKNOWN
157.308,-0.05,0.0,0.0,0.0,0.0,0.0,0.0,0.0,-11,35,0.0102,0.0324,nan,nan,nan,UNKNOWN
157.358,-0.05,0.0,0.0,0.0,0.0,0.0,0.0,0.0,-11,35,0.0102,0.0324,nan,nan,nan,UNKNOWN
157.408,-0.05,0.0,0.0,0.0,0.0,0.0,0.0,0.0,-11,35,0.0102,0.0324,nan,nan,nan,UNKNOWN
157.458,-0.05,0.0,0.0,0.0,0.0,0.0,0.0,0.0,-11,35,0.0102,0.0324,nan,nan,nan,UNKNOWN
157.508,-0.05,0.0,0.0,0.0,0.0,0.0,0.0,0.0,-11,35,0.0102,0.0324,nan,nan,nan,UNKNOWN
157.558,-0.05,0.0,0.0,0.0,0.0,0.0,0.0,0.0,-11,35,0.0102,0.0324,nan,nan,nan,UNKNOWN
157.608,-0.05,0.0,0.0,0.0,0.0,0.0,0.0,0.0,-11,35,0.0102,0.0324,nan,nan,nan,UNKNOWN
157.658,-0.05,0.0,0.0,0.0,0.0,0.0,0.0,0.0,-11,35,0.0102,0.0324,nan,nan,nan,UNKNOWN
157.708,-0.05,0.0,0.0,0.0,0.0,0.0,0.0,0.0,-11,35,0.0102,0.0324,nan,nan,nan,UNKNOWN
157.758,-0.05,0.0,0.0,0.0,0.0,0.0,0.0,0.0,-11,35,0.0102,0.0324,nan,nan,nan,UNKNOWN
157.808,-0.05,0.0,0.0,0.0,0.0,0.0,0.0,0.0,-11,35,0.0102,0.0324,nan,nan,nan,UNKNOWN
157.858,-0.05,0.0,0.0,0.0,0.0,0.0,0.0,0.0,-11,35,0.0102,0.0324,nan,nan,nan,UNKNOWN
157.908,-0.05,0.0,0.0,0.0,0.0,0.0,0.0,0.0,-11,35,0.0102,0.0324,nan,nan,nan,UNKNOWN
157.958,-0.05,0.0,0.0,0.0,0.0,0.0,0.0,0.0,-11,35,0.0102,0.0324,nan,nan,nan,UNKNOWN
158.008,-0.05,0.0,0.0,0.0,0.0,0.0,0.0,0.0,-11,35,0.0102,0.0324,nan,nan,nan,UNKNOWN
158.06,-0.05,0.0,0.0,0.0,0.0,0.0,0.0,0.0,-11,35,0.0102,0.0324,nan,nan,nan,UNKNOWN
158.108,-0.05,0.0,0.0,0.0,0.0,0.0,0.0,0.0,-11,35,0.0102,0.0324,nan,nan,nan,UNKNOWN
158.158,-0.05,0.0,0.0,0.0,0.0,0.0,0.0,0.0,-11,35,0.0102,0.0324,nan,nan,nan,UNKNOWN
158.208,-0.05,0.0,0.0,0.0,0.0,0.0,0.0,0.0,-11,35,0.0102,0.0324,nan,nan,nan,UNKNOWN
158.258,-0.05,0.0,0.0,0.0,0.0,0.0,0.0,0.0,-11,35,0.0102,0.0324,nan,nan,nan,UNKNOWN
158.308,-0.05,0.0,0.0,0.0,0.0,0.0,0.0,0.0,-11,35,0.0102,0.0324,nan,nan,nan,UNKNOWN
158.358,-0.05,0.0,0.0,0.0,0.0,0.0,0.0,0.0,-11,35,0.0102,0.0324,nan,nan,nan,UNKNOWN
158.408,-0.05,0.0,0.0,0.0,0.0,0.0,0.0,0.0,-11,35,0.0102,0.0324,nan,nan,nan,UNKNOWN
158.458,-0.05,0.0,0.0,0.0,0.0,0.0,0.0,0.0,-11,35,0.0102,0.0324,nan,nan,nan,UNKNOWN
158.508,-0.05,0.0,0.0,0.0,0.0,0.0,0.0,0.0,-11,35,0.0102,0.0324,nan,nan,nan,UNKNOWN
158.558,-0.05,0.0,0.0,0.0,0.0,0.0,0.0,0.0,-11,35,0.0102,0.0324,nan,nan,nan,UNKNOWN
158.608,-0.05,0.0,0.0,0.0,0.0,0.0,0.0,0.0,-11,35,0.0102,0.0324,nan,nan,nan,UNKNOWN
158.658,-0.05,0.0,0.0,0.0,0.0,0.0,0.0,0.0,-11,35,0.0102,0.0324,nan,nan,nan,UNKNOWN
158.708,-0.05,0.0,0.0,0.0,0.0,0.0,0.0,0.0,-11,35,0.0102,0.0324,nan,nan,nan,UNKNOWN
158.758,-0.05,0.0,0.0,0.0,0.0,0.0,0.0,0.0,-11,35,0.0102,0.0324,nan,nan,nan,UNKNOWN
158.808,-0.05,0.0,0.0,0.0,0.0,0.0,0.0,0.0,-11,35,0.0102,0.0324,nan,nan,nan,UNKNOWN
158.858,-0.05,0.0,0.0,0.0,0.0,0.0,0.0,0.0,-11,35,0.0102,0.0324,nan,nan,nan,UNKNOWN
158.908,-0.05,0.0,0.0,0.0,0.0,0.0,0.0,0.0,-11,35,0.0102,0.0324,nan,nan,nan,UNKNOWN
158.958,-0.05,0.0,0.0,0.0,0.0,0.0,0.0,0.0,-11,35,0.0102,0.0324,nan,nan,nan,UNKNOWN
159.008,-0.05,0.0,0.0,0.0,0.0,0.0,0.0,0.0,-11,35,0.0102,0.0324,nan,nan,nan,UNKNOWN
159.06,-0.05,0.0,0.0,0.0,0.0,0.0,0.0,0.0,-11,35,0.0102,0.0324,nan,nan,nan,UNKNOWN
159.108,-0.05,0.0,0.0,0.0,0.0,0.0,0.0,0.0,-11,35,0.0102,0.0324,nan,nan,nan,UNKNOWN
159.158,-0.05,0.0,0.0,0.0,0.0,0.0,0.0,0.0,-11,35,0.0102,0.0324,nan,nan,nan,UNKNOWN
159.208,-0.05,0.0,0.0,0.0,0.0,0.0,0.0,0.0,-11,35,0.0102,0.0324,nan,nan,nan,UNKNOWN
159.258,-0.05,0.0,0.0,0.0,0.0,0.0,0.0,0.0,-11,35,0.0102,0.0324,nan,nan,nan,UNKNOWN
159.308,-0.05,0.0,0.0,0.0,0.0,0.0,0.0,0.0,-11,35,0.0102,0.0324,nan,nan,nan,UNKNOWN
159.358,-0.05,0.0,0.0,0.0,0.0,0.0,0.0,0.0,-11,35,0.0102,0.0324,nan,nan,nan,UNKNOWN
159.408,-0.05,0.0,0.0,0.0,0.0,0.0,0.0,0.0,-11,35,0.0102,0.0324,nan,nan,nan,UNKNOWN
159.458,-0.05,0.0,0.0,0.0,0.0,0.0,0.0,0.0,-11,35,0.0102,0.0324,nan,nan,nan,UNKNOWN
159.508,-0.05,0.0,0.0,0.0,0.0,0.0,0.0,0.0,-11,35,0.0102,0.0324,nan,nan,nan,UNKNOWN
159.558,-0.05,0.0,0.0,0.0,0.0,0.0,0.0,0.0,-11,35,0.0102,0.0324,nan,nan,nan,UNKNOWN
159.608,-0.05,0.0,0.0,0.0,0.0,0.0,0.0,0.0,-11,35,0.0102,0.0324,nan,nan,nan,UNKNOWN
159.658,-0.05,0.0,0.0,0.0,0.0,0.0,0.0,0.0,-11,35,0.0102,0.0324,nan,nan,nan,UNKNOWN
159.708,-0.05,0.0,0.0,0.0,0.0,0.0,0.0,0.0,-11,35,0.0102,0.0324,nan,nan,nan,UNKNOWN
159.758,-0.05,0.0,0.0,0.0,0.0,0.0,0.0,0.0,-11,35,0.0102,0.0324,nan,nan,nan,UNKNOWN
159.808,-0.05,0.0,0.0,0.0,0.0,0.0,0.0,0.0,-11,35,0.0102,0.0324,nan,nan,nan,UNKNOWN
159.858,-0.05,0.0,0.0,0.0,0.0,0.0,0.0,0.0,-11,35,0.0102,0.0324,nan,nan,nan,UNKNOWN
159.908,-0.05,0.0,0.0,0.0,0.0,0.0,0.0,0.0,-11,35,0.0102,0.0324,nan,nan,nan,UNKNOWN
159.958,-0.05,0.0,0.0,0.0,0.0,0.0,0.0,0.0,-11,35,0.0102,0.0324,nan,nan,nan,UNKNOWN
160.008,-0.05,0.0,0.0,0.0,0.0,0.0,0.0,0.0,-11,35,0.0102,0.0324,nan,nan,nan,UNKNOWN
160.06,-0.05,0.0,0.0,0.0,0.0,0.0,0.0,0.0,-11,35,0.0102,0.0324,nan,nan,nan,UNKNOWN
160.108,-0.05,0.0,0.0,0.0,0.0,0.0,0.0,0.0,-11,35,0.0102,0.0324,nan,nan,nan,UNKNOWN
160.158,-0.05,0.0,0.0,0.0,0.0,0.0,0.0,0.0,-11,35,0.0102,0.0324,nan,nan,nan,UNKNOWN
160.208,-0.05,0.0,0.0,0.0,0.0,0.0,0.0,0.0,-11,35,0.0102,0.0324,nan,nan,nan,UNKNOWN
160.258,-0.05,0.0,0.0,0.0,0.0,0.0,0.0,0.0,-11,35,0.0102,0.0324,nan,nan,nan,UNKNOWN
160.308,-0.05,0.0,0.0,0.0,0.0,0.0,0.0,0.0,-11,35,0.0102,0.0324,nan,nan,nan,UNKNOWN
160.358,-0.05,0.0,0.0,0.0,0.0,0.0,0.0,0.0,-11,35,0.0102,0.0324,nan,nan,nan,UNKNOWN
160.408,-0.05,0.0,0.0,0.0,0.0,0.0,0.0,0.0,-11,35,0.0102,0.0324,nan,nan,nan,UNKNOWN
160.458,-0.05,0.0,0.0,0.0,0.0,0.0,0.0,0.0,-11,35,0.0102,0.0324,nan,nan,nan,UNKNOWN
160.508,-0.05,0.0,0.0,0.0,0.0,0.0,0.0,0.0,-11,35,0.0102,0.0324,nan,nan,nan,UNKNOWN
160.558,-0.05,0.0,0.0,0.0,0.0,0.0,0.0,0.0,-11,35,0.0102,0.0324,nan,nan,nan,UNKNOWN
160.608,-0.05,0.0,0.0,0.0,0.0,0.0,0.0,0.0,-11,35,0.0102,0.0324,nan,nan,nan,UNKNOWN
160.658,-0.05,0.0,0.0,0.0,0.0,0.0,0.0,0.0,-11,35,0.0102,0.0324,nan,nan,nan,UNKNOWN
160.708,-0.05,0.0,0.0,0.0,0.0,0.0,0.0,0.0,-11,35,0.0102,0.0324,nan,nan,nan,UNKNOWN
160.758,-0.05,0.0,0.0,0.0,0.0,0.0,0.0,0.0,-11,35,0.0102,0.0324,nan,nan,nan,UNKNOWN
160.808,-0.05,0.0,0.0,0.0,0.0,0.0,0.0,0.0,-11,35,0.0102,0.0324,nan,nan,nan,UNKNOWN
160.858,-0.05,0.0,0.0,0.0,0.0,0.0,0.0,0.0,-11,35,0.0102,0.0324,nan,nan,nan,UNKNOWN
160.908,-0.05,0.0,0.0,0.0,0.0,0.0,0.0,0.0,-11,35,0.0102,0.0324,nan,nan,nan,UNKNOWN
160.958,-0.05,0.0,0.0,0.0,0.0,0.0,0.0,0.0,-11,35,0.0102,0.0324,nan,nan,nan,UNKNOWN
161.008,-0.05,0.0,0.0,0.0,0.0,0.0,0.0,0.0,-11,35,0.0102,0.0324,nan,nan,nan,UNKNOWN
161.06,-0.05,0.0,0.0,0.0,0.0,0.0,0.0,0.0,-11,35,0.0102,0.0324,nan,nan,nan,UNKNOWN
161.108,-0.05,0.0,0.0,0.0,0.0,0.0,0.0,0.0,-11,35,0.0102,0.0324,nan,nan,nan,UNKNOWN
161.158,-0.05,0.0,0.0,0.0,0.0,0.0,0.0,0.0,-11,35,0.0102,0.0324,nan,nan,nan,UNKNOWN
161.208,-0.05,0.0,0.0,0.0,0.0,0.0,0.0,0.0,-11,35,0.0102,0.0324,nan,nan,nan,UNKNOWN
161.258,-0.05,0.0,0.0,0.0,0.0,0.0,0.0,0.0,-11,35,0.0102,0.0324,nan,nan,nan,UNKNOWN
161.308,-0.05,0.0,0.0,0.0,0.0,0.0,0.0,0.0,-11,35,0.0102,0.0324,nan,nan,nan,UNKNOWN
161.358,-0.05,0.0,0.0,0.0,0.0,0.0,0.0,0.0,-11,35,0.0102,0.0324,nan,nan,nan,UNKNOWN
161.408,-0.05,0.0,0.0,0.0,0.0,0.0,0.0,0.0,-11,35,0.0102,0.0324,nan,nan,nan,UNKNOWN
161.458,-0.05,0.0,0.0,0.0,0.0,0.0,0.0,0.0,-11,35,0.0102,0.0324,nan,nan,nan,UNKNOWN
161.508,-0.05,0.0,0.0,0.0,0.0,0.0,0.0,0.0,-11,35,0.0102,0.0324,nan,nan,nan,UNKNOWN
161.558,-0.05,0.0,0.0,0.0,0.0,0.0,0.0,0.0,-11,35,0.0102,0.0324,nan,nan,nan,UNKNOWN
161.608,-0.05,0.0,0.0,0.0,0.0,0.0,0.0,0.0,-11,35,0.0102,0.0324,nan,nan,nan,UNKNOWN
161.658,-0.05,0.0,0.0,0.0,0.0,0.0,0.0,0.0,-11,35,0.0102,0.0324,nan,nan,nan,UNKNOWN
161.708,-0.05,0.0,0.0,0.0,0.0,0.0,0.0,0.0,-11,35,0.0102,0.0324,nan,nan,nan,UNKNOWN
161.758,-0.05,0.0,0.0,0.0,0.0,0.0,0.0,0.0,-11,35,0.0102,0.0324,nan,nan,nan,UNKNOWN
161.808,-0.05,0.0,0.0,0.0,0.0,0.0,0.0,0.0,-11,35,0.0102,0.0324,nan,nan,nan,UNKNOWN
161.858,-0.05,0.0,0.0,0.0,0.0,0.0,0.0,0.0,-11,35,0.0102,0.0324,nan,nan,nan,UNKNOWN
161.908,-0.05,0.0,0.0,0.0,0.0,0.0,0.0,0.0,-11,35,0.0102,0.0324,nan,nan,nan,UNKNOWN
161.958,-0.05,0.0,0.0,0.0,0.0,0.0,0.0,0.0,-11,35,0.0102,0.0324,nan,nan,nan,UNKNOWN
162.008,-0.05,0.0,0.0,0.0,0.0,0.0,0.0,0.0,-11,35,0.0102,0.0324,nan,nan,nan,UNKNOWN
162.06,-0.05,0.0,0.0,0.0,0.0,0.0,0.0,0.0,-11,35,0.0102,0.0324,nan,nan,nan,UNKNOWN
162.108,-0.05,0.0,0.0,0.0,0.0,0.0,0.0,0.0,-11,35,0.0102,0.0324,nan,nan,nan,UNKNOWN
162.158,-0.05,0.0,0.0,0.0,0.0,0.0,0.0,0.0,-11,35,0.0102,0.0324,nan,nan,nan,UNKNOWN
162.208,-0.05,0.0,0.0,0.0,0.0,0.0,0.0,0.0,-11,35,0.0102,0.0324,nan,nan,nan,UNKNOWN
162.258,-0.05,0.0,0.0,0.0,0.0,0.0,0.0,0.0,-11,35,0.0102,0.0324,nan,nan,nan,UNKNOWN
162.308,-0.05,0.0,0.0,0.0,0.0,0.0,0.0,0.0,-11,35,0.0102,0.0324,nan,nan,nan,UNKNOWN
162.358,-0.05,0.0,0.0,0.0,0.0,0.0,0.0,0.0,-11,35,0.0102,0.0324,nan,nan,nan,UNKNOWN
162.408,-0.05,0.0,0.0,0.0,0.0,0.0,0.0,0.0,-11,35,0.0102,0.0324,nan,nan,nan,UNKNOWN
162.458,-0.05,0.0,0.0,0.0,0.0,0.0,0.0,0.0,-11,35,0.0102,0.0324,nan,nan,nan,UNKNOWN
162.508,-0.05,0.0,0.0,0.0,0.0,0.0,0.0,0.0,-11,35,0.0102,0.0324,nan,nan,nan,UNKNOWN
162.558,-0.05,0.0,0.0,0.0,0.0,0.0,0.0,0.0,-11,35,0.0102,0.0324,nan,nan,nan,UNKNOWN
162.608,-0.05,0.0,0.0,0.0,0.0,0.0,0.0,0.0,-11,35,0.0102,0.0324,nan,nan,nan,UNKNOWN
162.658,-0.05,0.0,0.0,0.0,0.0,0.0,0.0,0.0,-11,35,0.0102,0.0324,nan,nan,nan,UNKNOWN
162.708,-0.05,0.0,0.0,0.0,0.0,0.0,0.0,0.0,-11,35,0.0102,0.0324,nan,nan,nan,UNKNOWN
162.758,-0.05,0.0,0.0,0.0,0.0,0.0,0.0,0.0,-11,35,0.0102,0.0324,nan,nan,nan,UNKNOWN
162.808,-0.05,0.0,0.0,0.0,0.0,0.0,0.0,0.0,-11,35,0.0102,0.0324,nan,nan,nan,UNKNOWN
162.858,-0.05,0.0,0.0,0.0,0.0,0.0,0.0,0.0,-11,35,0.0102,0.0324,nan,nan,nan,UNKNOWN
162.908,-0.05,0.0,0.0,0.0,0.0,0.0,0.0,0.0,-11,35,0.0102,0.0324,nan,nan,nan,UNKNOWN
162.958,-0.05,0.0,0.0,0.0,0.0,0.0,0.0,0.0,-11,35,0.0102,0.0324,nan,nan,nan,UNKNOWN
163.008,-0.05,0.0,0.0,0.0,0.0,0.0,0.0,0.0,-11,35,0.0102,0.0324,nan,nan,nan,UNKNOWN
163.059,-0.05,0.0,0.0,0.0,0.0,0.0,0.0,0.0,-11,35,0.0102,0.0324,nan,nan,nan,UNKNOWN
163.108,-0.05,0.0,0.0,0.0,0.0,0.0,0.0,0.0,-11,35,0.0102,0.0324,nan,nan,nan,UNKNOWN
163.158,-0.05,0.0,0.0,0.0,0.0,0.0,0.0,0.0,-11,35,0.0102,0.0324,nan,nan,nan,UNKNOWN
163.208,-0.05,0.0,0.0,0.0,0.0,0.0,0.0,0.0,-11,35,0.0102,0.0324,nan,nan,nan,UNKNOWN
163.258,-0.05,0.0,0.0,0.0,0.0,0.0,0.0,0.0,-11,35,0.0102,0.0324,nan,nan,nan,UNKNOWN
163.308,-0.05,0.0,0.0,0.0,0.0,0.0,0.0,0.0,-11,35,0.0102,0.0324,nan,nan,nan,UNKNOWN
163.358,-0.05,0.0,0.0,0.0,0.0,0.0,0.0,0.0,-11,35,0.0102,0.0324,nan,nan,nan,UNKNOWN
163.408,-0.05,0.0,0.0,0.0,0.0,0.0,0.0,0.0,-11,35,0.0102,0.0324,nan,nan,nan,UNKNOWN
163.458,-0.05,0.0,0.0,0.0,0.0,0.0,0.0,0.0,-11,35,0.0102,0.0324,nan,nan,nan,UNKNOWN
163.508,-0.05,0.0,0.0,0.0,0.0,0.0,0.0,0.0,-11,35,0.0102,0.0324,nan,nan,nan,UNKNOWN
163.558,-0.05,0.0,0.0,0.0,0.0,0.0,0.0,0.0,-11,35,0.0102,0.0324,nan,nan,nan,UNKNOWN
163.608,-0.05,0.0,0.0,0.0,0.0,0.0,0.0,0.0,-11,35,0.0102,0.0324,nan,nan,nan,UNKNOWN
163.658,-0.05,0.0,0.0,0.0,0.0,0.0,0.0,0.0,-11,35,0.0102,0.0324,nan,nan,nan,UNKNOWN
163.708,-0.05,0.0,0.0,0.0,0.0,0.0,0.0,0.0,-11,35,0.0102,0.0324,nan,nan,nan,UNKNOWN
163.758,-0.05,0.0,0.0,0.0,0.0,0.0,0.0,0.0,-11,35,0.0102,0.0324,nan,nan,nan,UNKNOWN
163.808,-0.05,0.0,0.0,0.0,0.0,0.0,0.0,0.0,-11,35,0.0102,0.0324,nan,nan,nan,UNKNOWN
163.858,-0.05,0.0,0.0,0.0,0.0,0.0,0.0,0.0,-11,35,0.0102,0.0324,nan,nan,nan,UNKNOWN
163.908,-0.05,0.0,0.0,0.0,0.0,0.0,0.0,0.0,-11,35,0.0102,0.0324,nan,nan,nan,UNKNOWN
163.958,-0.05,0.0,0.0,0.0,0.0,0.0,0.0,0.0,-11,35,0.0102,0.0324,nan,nan,nan,UNKNOWN
164.008,-0.05,0.0,0.0,0.0,0.0,0.0,0.0,0.0,-11,35,0.0102,0.0324,nan,nan,nan,UNKNOWN
164.059,-0.05,0.0,0.0,0.0,0.0,0.0,0.0,0.0,-11,35,0.0102,0.0324,nan,nan,nan,UNKNOWN
164.108,-0.05,0.0,0.0,0.0,0.0,0.0,0.0,0.0,-11,35,0.0102,0.0324,nan,nan,nan,UNKNOWN
164.158,-0.05,0.0,0.0,0.0,0.0,0.0,0.0,0.0,-11,35,0.0102,0.0324,nan,nan,nan,UNKNOWN
164.208,-0.05,0.0,0.0,0.0,0.0,0.0,0.0,0.0,-11,35,0.0102,0.0324,nan,nan,nan,UNKNOWN
164.258,-0.05,0.0,0.0,0.0,0.0,0.0,0.0,0.0,-11,35,0.0102,0.0324,nan,nan,nan,UNKNOWN
164.308,-0.05,0.0,0.0,0.0,0.0,0.0,0.0,0.0,-11,35,0.0102,0.0324,nan,nan,nan,UNKNOWN
164.358,-0.05,0.0,0.0,0.0,0.0,0.0,0.0,0.0,-11,35,0.0102,0.0324,nan,nan,nan,UNKNOWN
164.408,-0.05,0.0,0.0,0.0,0.0,0.0,0.0,0.0,-11,35,0.0102,0.0324,nan,nan,nan,UNKNOWN
164.458,-0.05,0.0,0.0,0.0,0.0,0.0,0.0,0.0,-11,35,0.0102,0.0324,nan,nan,nan,UNKNOWN
164.508,-0.05,0.0,0.0,0.0,0.0,0.0,0.0,0.0,-11,35,0.0102,0.0324,nan,nan,nan,UNKNOWN
164.558,-0.05,0.0,0.0,0.0,0.0,0.0,0.0,0.0,-11,35,0.0102,0.0324,nan,nan,nan,UNKNOWN
164.608,-0.05,0.0,0.0,0.0,0.0,0.0,0.0,0.0,-11,35,0.0102,0.0324,nan,nan,nan,UNKNOWN
164.658,-0.05,0.0,0.0,0.0,0.0,0.0,0.0,0.0,-11,35,0.0102,0.0324,nan,nan,nan,UNKNOWN
164.708,-0.05,0.0,0.0,0.0,0.0,0.0,0.0,0.0,-11,35,0.0102,0.0324,nan,nan,nan,UNKNOWN
164.758,-0.05,0.0,0.0,0.0,0.0,0.0,0.0,0.0,-11,35,0.0102,0.0324,nan,nan,nan,UNKNOWN
164.808,-0.05,0.0,0.0,0.0,0.0,0.0,0.0,0.0,-11,35,0.0102,0.0324,nan,nan,nan,UNKNOWN
164.858,-0.05,0.0,0.0,0.0,0.0,0.0,0.0,0.0,-11,35,0.0102,0.0324,nan,nan,nan,UNKNOWN
164.908,-0.05,0.0,0.0,0.0,0.0,0.0,0.0,0.0,-11,35,0.0102,0.0324,nan,nan,nan,UNKNOWN
164.958,-0.05,0.0,0.0,0.0,0.0,0.0,0.0,0.0,-11,35,0.0102,0.0324,nan,nan,nan,UNKNOWN
165.008,-0.05,0.0,0.0,0.0,0.0,0.0,0.0,0.0,-11,35,0.0102,0.0324,nan,nan,nan,UNKNOWN
165.059,-0.05,0.0,0.0,0.0,0.0,0.0,0.0,0.0,-11,35,0.0102,0.0324,nan,nan,nan,UNKNOWN
165.108,-0.05,0.0,0.0,0.0,0.0,0.0,0.0,0.0,-11,35,0.0102,0.0324,nan,nan,nan,UNKNOWN
165.158,-0.05,0.0,0.0,0.0,0.0,0.0,0.0,0.0,-11,35,0.0102,0.0324,nan,nan,nan,UNKNOWN
165.208,-0.05,0.0,0.0,0.0,0.0,0.0,0.0,0.0,-11,35,0.0102,0.0324,nan,nan,nan,UNKNOWN
165.258,-0.05,0.0,0.0,0.0,0.0,0.0,0.0,0.0,-11,35,0.0102,0.0324,nan,nan,nan,UNKNOWN
165.308,-0.05,0.0,0.0,0.0,0.0,0.0,0.0,0.0,-11,35,0.0102,0.0324,nan,nan,nan,UNKNOWN
165.358,-0.05,0.0,0.0,0.0,0.0,0.0,0.0,0.0,-11,35,0.0102,0.0324,nan,nan,nan,UNKNOWN
165.408,-0.05,0.0,0.0,0.0,0.0,0.0,0.0,0.0,-11,35,0.0102,0.0324,nan,nan,nan,UNKNOWN
165.458,-0.05,0.0,0.0,0.0,0.0,0.0,0.0,0.0,-11,35,0.0102,0.0324,nan,nan,nan,UNKNOWN
165.508,-0.05,0.0,0.0,0.0,0.0,0.0,0.0,0.0,-11,35,0.0102,0.0324,nan,nan,nan,UNKNOWN
165.558,-0.05,0.0,0.0,0.0,0.0,0.0,0.0,0.0,-11,35,0.0102,0.0324,nan,nan,nan,UNKNOWN
165.608,-0.05,0.0,0.0,0.0,0.0,0.0,0.0,0.0,-11,35,0.0102,0.0324,nan,nan,nan,UNKNOWN
165.658,-0.05,0.0,0.0,0.0,0.0,0.0,0.0,0.0,-11,35,0.0102,0.0324,nan,nan,nan,UNKNOWN
165.708,-0.05,0.0,0.0,0.0,0.0,0.0,0.0,0.0,-11,35,0.0102,0.0324,nan,nan,nan,UNKNOWN
165.758,-0.05,0.0,0.0,0.0,0.0,0.0,0.0,0.0,-11,35,0.0102,0.0324,nan,nan,nan,UNKNOWN
165.808,-0.05,0.0,0.0,0.0,0.0,0.0,0.0,0.0,-11,35,0.0102,0.0324,nan,nan,nan,UNKNOWN
165.858,-0.05,0.0,0.0,0.0,0.0,0.0,0.0,0.0,-11,35,0.0102,0.0324,nan,nan,nan,UNKNOWN
165.908,-0.05,0.0,0.0,0.0,0.0,0.0,0.0,0.0,-11,35,0.0102,0.0324,nan,nan,nan,UNKNOWN
165.958,-0.05,0.0,0.0,0.0,0.0,0.0,0.0,0.0,-11,35,0.0102,0.0324,nan,nan,nan,UNKNOWN
166.008,-0.05,0.0,0.0,0.0,0.0,0.0,0.0,0.0,-11,35,0.0102,0.0324,nan,nan,nan,UNKNOWN
166.06,-0.05,0.0,0.0,0.0,0.0,0.0,0.0,0.0,-11,35,0.0102,0.0324,nan,nan,nan,UNKNOWN
166.108,-0.05,0.0,0.0,0.0,0.0,0.0,0.0,0.0,-11,35,0.0102,0.0324,nan,nan,nan,UNKNOWN
166.158,-0.05,0.0,0.0,0.0,0.0,0.0,0.0,0.0,-11,35,0.0102,0.0324,nan,nan,nan,UNKNOWN
166.208,-0.05,0.0,0.0,0.0,0.0,0.0,0.0,0.0,-11,35,0.0102,0.0324,nan,nan,nan,UNKNOWN
166.258,-0.05,0.0,0.0,0.0,0.0,0.0,0.0,0.0,-11,35,0.0102,0.0324,nan,nan,nan,UNKNOWN
166.308,-0.05,0.0,0.0,0.0,0.0,0.0,0.0,0.0,-11,35,0.0102,0.0324,nan,nan,nan,UNKNOWN
166.358,-0.05,0.0,0.0,0.0,0.0,0.0,0.0,0.0,-11,35,0.0102,0.0324,nan,nan,nan,UNKNOWN
166.408,-0.05,0.0,0.0,0.0,0.0,0.0,0.0,0.0,-11,35,0.0102,0.0324,nan,nan,nan,UNKNOWN
166.458,-0.05,0.0,0.0,0.0,0.0,0.0,0.0,0.0,-11,35,0.0102,0.0324,nan,nan,nan,UNKNOWN
166.508,-0.05,0.0,0.0,0.0,0.0,0.0,0.0,0.0,-11,35,0.0102,0.0324,nan,nan,nan,UNKNOWN
166.558,-0.05,0.0,0.0,0.0,0.0,0.0,0.0,0.0,-11,35,0.0102,0.0324,nan,nan,nan,UNKNOWN
166.608,-0.05,0.0,0.0,0.0,0.0,0.0,0.0,0.0,-11,35,0.0102,0.0324,nan,nan,nan,UNKNOWN
166.658,-0.05,0.0,0.0,0.0,0.0,0.0,0.0,0.0,-11,35,0.0102,0.0324,nan,nan,nan,UNKNOWN
166.708,-0.05,0.0,0.0,0.0,0.0,0.0,0.0,0.0,-11,35,0.0102,0.0324,nan,nan,nan,UNKNOWN
166.758,-0.05,0.0,0.0,0.0,0.0,0.0,0.0,0.0,-11,35,0.0102,0.0324,nan,nan,nan,UNKNOWN
166.808,-0.05,0.0,0.0,0.0,0.0,0.0,0.0,0.0,-11,35,0.0102,0.0324,nan,nan,nan,UNKNOWN
166.858,-0.05,0.0,0.0,0.0,0.0,0.0,0.0,0.0,-11,35,0.0102,0.0324,nan,nan,nan,UNKNOWN
166.908,-0.05,0.0,0.0,0.0,0.0,0.0,0.0,0.0,-11,35,0.0102,0.0324,nan,nan,nan,UNKNOWN
166.958,-0.05,0.0,0.0,0.0,0.0,0.0,0.0,0.0,-11,35,0.0102,0.0324,nan,nan,nan,UNKNOWN
167.008,-0.05,0.0,0.0,0.0,0.0,0.0,0.0,0.0,-11,35,0.0102,0.0324,nan,nan,nan,UNKNOWN
