t,vx,wz,tgt_r,tgt_l,spd_r,spd_l,err_r,err_l,ticks_r,ticks_l,dist_r,dist_l,raw_angle,filtered_angle,error,weld
2.129,0.01894015443583049,0.05,0.02644015443583049,0.01144015443583049,0.0,0.0,0.0264,0.0114,0,0,0.0,0.0,nan,nan,nan,UNKNOWN
2.179,0.016181058081833816,0.1,0.031181058081833815,0.0011810580818338162,0.0,0.0,0.0312,0.0012,0,0,0.0,0.0,-4.218746595581123,-3.3398404145048213,-0.8789061810763021,WELD_FOUND
2.229,0.016181058081833816,0.1,0.031181058081833815,0.0011810580818338162,0.0,0.0,0.0312,0.0012,0,0,0.0,0.0,-4.218746595581123,-3.3398404145048213,-0.8789061810763021,WELD_FOUND
2.279,0.01632056143289538,0.13760161521076716,0.03696080371451045,-0.004319680848719695,0.0,0.0,0.037,-0.0043,0,0,0.0,0.0,-3.164059092912196,-3.164059092912196,0.0,WELD_FOUND
2.329,0.01632056143289538,0.13760161521076716,0.03696080371451045,-0.004319680848719695,0.0,0.0,0.037,-0.0043,4,4,0.0037,0.0037,-3.164059092912196,-3.164059092912196,0.0,WELD_FOUND
2.379,0.0177217571875251,0.11838227345888179,0.03547909820635737,-3.558383130716769e-05,0.0099,0.0099,0.0256,-0.0099,4,4,0.0037,0.0037,-2.460934233428519,-2.8124966631703576,0.3515624297418385,WELD_FOUND
2.429,0.0177217571875251,0.11838227345888179,0.03547909820635737,-3.558383130716769e-05,0.0099,0.0099,0.0256,-0.0099,8,6,0.0074,0.0056,-2.460934233428519,-2.8124966631703576,0.3515624297418385,WELD_FOUND
2.479,0.016624392360186962,0.1414780099022851,0.03784609384552973,-0.004597309125155803,0.0099,0.0099,0.028,-0.0145,8,6,0.0074,0.0056,-3.164059092912196,-3.164059092912196,0.0,WELD_FOUND
2.529,0.016624392360186962,0.1414780099022851,0.03784609384552973,-0.004597309125155803,0.0208,0.0133,0.0171,-0.0179,10,7,0.0093,0.0065,-3.164059092912196,-3.164059092912196,0.0,WELD_FOUND
2.579,0.0,0.0,0.0,0.0,0.0208,0.0133,-0.0208,-0.0133,10,7,0.0093,0.0065,-3.164059092912196,nan,nan,NO_WELD
2.629,0.0,0.0,0.0,0.0,0.0208,0.0133,-0.0208,-0.0133,12,7,0.0111,0.0065,-3.164059092912196,nan,nan,NO_WELD
2.679,0.027201923879222267,0.02634078488999427,0.031153041612721408,0.023250806145723127,0.0174,0.0107,0.0138,0.0126,12,7,0.0111,0.0065,-0.7031216044716506,-0.7031216044716506,0.0,WELD_FOUND
2.729,0.027201923879222267,0.02634078488999427,0.031153041612721408,0.023250806145723127,0.0174,0.0107,0.0138,0.0126,13,7,0.012,0.0065,-0.7031216044716506,-0.7031216044716506,0.0,WELD_FOUND
2.779,0.035,0.0,0.035,0.035,0.0174,0.0107,0.0176,0.0243,13,7,0.012,0.0065,0.7031284346608206,3.4150945850063755e-06,0.7031250195662356,WELD_FOUND
2.829,0.035,0.0,0.035,0.035,0.0203,0.0138,0.0147,0.0212,16,10,0.0148,0.0093,0.7031284346608206,3.4150945850063755e-06,0.7031250195662356,WELD_FOUND
2.879,0.03086114575428006,0.042722795092404765,0.03726956501814078,0.024452726490419345,0.0203,0.0138,0.0169,0.0106,16,10,0.0148,0.0093,-1.4062466240378864,-0.7031216044716506,-0.7031250195662357,WELD_FOUND
2.929,0.03086114575428006,0.042722795092404765,0.03726956501814078,0.024452726490419345,0.0307,0.0231,0.0065,0.0013,21,14,0.0195,0.013,-1.4062466240378864,-0.7031216044716506,-0.7031250195662357,WELD_FOUND
2.979,0.028566378084861767,0.05150476500582777,0.03629209283573593,0.020840663333987604,0.0307,0.0231,0.0056,-0.0023,21,14,0.0195,0.013,-1.4062466240378864,-1.0546840875743422,-0.3515625364635442,WELD_FOUND
3.029,0.028566378084861767,0.05150476500582777,0.03629209283573593,0.020840663333987604,0.0307,0.0231,0.0056,-0.0023,26,19,0.0241,0.0176,-1.4062466240378864,-1.0546840875743422,-0.3515625364635442,WELD_FOUND
3.08,0.0,0.0,0.0,0.0,0.0308,0.0262,-0.0308,-0.0262,26,19,0.0241,0.0176,-1.4062466240378864,nan,nan,NO_WELD
3.129,0.0,0.0,0.0,0.0,0.0308,0.0262,-0.0308,-0.0262,30,23,0.0278,0.0213,-1.4062466240378864,nan,nan,NO_WELD
3.179,0.035,0.0,0.035,0.035,0.0308,0.0262,0.0042,0.0088,30,23,0.0278,0.0213,3.4150945850063755e-06,3.4150945850063755e-06,0.0,WELD_FOUND
3.229,0.035,0.0,0.035,0.035,0.0308,0.0281,0.0042,0.0069,31,24,0.0287,0.0222,3.4150945850063755e-06,3.4150945850063755e-06,0.0,WELD_FOUND
3.279,0.03142893399375686,-0.03678192421227674,0.02591164536191535,0.03694622262559837,0.0308,0.0281,-0.0049,0.0089,31,24,0.0287,0.0222,1.4062534542270564,0.7031284346608206,0.7031250195662357,WELD_FOUND
3.329,0.03142893399375686,-0.03678192421227674,0.02591164536191535,0.03694622262559837,0.0308,0.0281,-0.0049,0.0089,33,26,0.0306,0.0241,1.4062534542270564,0.7031284346608206,0.7031250195662357,WELD_FOUND
3.379,0.035,0.0,0.035,0.035,0.0234,0.0218,0.0116,0.0132,33,26,0.0306,0.0241,3.4150945850063755e-06,3.4150945850063755e-06,0.0,WELD_FOUND
3.429,0.035,0.0,0.035,0.035,0.0234,0.0218,0.0116,0.0132,36,29,0.0334,0.0269,3.4150945850063755e-06,3.4150945850063755e-06,0.0,WELD_FOUND
3.479,0.035,0.0,0.035,0.035,0.0234,0.0218,0.0116,0.0132,36,29,0.0334,0.0269,3.4150945850063755e-06,3.4150945850063755e-06,0.0,WELD_FOUND
3.529,0.035,0.0,0.035,0.035,0.0289,0.0279,0.0061,0.0071,39,32,0.0361,0.0297,3.4150945850063755e-06,3.4150945850063755e-06,0.0,WELD_FOUND
3.579,0.035,0.0,0.035,0.035,0.0289,0.0279,0.0061,0.0071,39,32,0.0361,0.0297,2.4609410636176894,3.4150945850063755e-06,2.4609376485231045,WELD_FOUND
3.629,0.035,0.0,0.035,0.035,0.0289,0.0279,0.0061,0.0071,45,37,0.0417,0.0343,2.4609410636176894,3.4150945850063755e-06,2.4609376485231045,WELD_FOUND
3.679,0.035,0.0,0.035,0.035,0.0322,0.0291,0.0028,0.0059,45,37,0.0417,0.0343,3.4150945850063755e-06,3.4150945850063755e-06,0.0,WELD_FOUND
3.729,0.035,0.0,0.035,0.035,0.0322,0.0291,0.0028,0.0059,49,41,0.0454,0.038,3.4150945850063755e-06,3.4150945850063755e-06,0.0,WELD_FOUND
3.779,0.0,0.0,0.0,0.0,0.0322,0.0291,-0.0322,-0.0291,49,41,0.0454,0.038,3.4150945850063755e-06,nan,nan,NO_WELD
3.829,0.0,0.0,0.0,0.0,0.0415,0.0397,-0.0415,-0.0397,54,46,0.05,0.0426,3.4150945850063755e-06,nan,nan,NO_WELD
3.879,0.02102094670346642,-0.05,0.01352094670346642,0.02852094670346642,0.0415,0.0397,-0.028,-0.0112,54,46,0.05,0.0426,2.812503493359528,2.812503493359528,0.0,WELD_FOUND
3.929,0.02102094670346642,-0.05,0.01352094670346642,0.02852094670346642,0.0415,0.0397,-0.028,-0.0112,56,48,0.0519,0.0445,2.812503493359528,2.812503493359528,0.0,WELD_FOUND
3.979,0.022417295727891116,-0.08044049681116648,0.010351221206216144,0.03448337024956609,0.0299,0.0288,-0.0195,0.0057,56,48,0.0519,0.0445,1.054690917763512,1.9335973122832257,-0.8789063945197138,WELD_FOUND
4.029,0.022417295727891116,-0.08044049681116648,0.010351221206216144,0.03448337024956609,0.0299,0.0288,-0.0195,0.0057,56,48,0.0519,0.0445,1.054690917763512,1.9335973122832257,-0.8789063945197138,WELD_FOUND
4.08,0.025142616313785924,-0.05402195056878919,0.017039323728467545,0.0332459088991043,0.0299,0.0288,-0.0128,0.0045,56,48,0.0519,0.0445,1.4062534542270564,1.4062534542270564,0.0,WELD_FOUND
4.129,0.025142616313785924,-0.05402195056878919,0.017039323728467545,0.0332459088991043,0.0253,0.0247,-0.0083,0.0086,59,51,0.0547,0.0473,1.4062534542270564,1.4062534542270564,0.0,WELD_FOUND
4.179,0.0257064360909597,-0.0599473436257483,0.016714334547097455,0.034698537634821947,0.0253,0.0247,-0.0086,0.01,59,51,0.0547,0.0473,1.4062534542270564,1.4062534542270564,0.0,WELD_FOUND
4.229,0.0257064360909597,-0.0599473436257483,0.016714334547097455,0.034698537634821947,0.03,0.0296,-0.0133,0.0051,63,55,0.0584,0.051,1.4062534542270564,1.4062534542270564,0.0,WELD_FOUND
4.279,0.0,0.0,0.0,0.0,0.03,0.0296,-0.03,-0.0296,63,55,0.0584,0.051,1.4062534542270564,nan,nan,NO_WELD
4.329,0.0,0.0,0.0,0.0,0.03,0.0296,-0.03,-0.0296,66,58,0.0612,0.0538,1.4062534542270564,nan,nan,NO_WELD
4.379,0.024156672086153713,-0.05,0.016656672086153713,0.03165667208615371,0.0254,0.0252,-0.0088,0.0065,66,58,0.0612,0.0538,1.7578159906906006,1.7578159906906006,0.0,WELD_FOUND
4.429,0.024156672086153713,-0.05,0.016656672086153713,0.03165667208615371,0.0254,0.0252,-0.0088,0.0065,67,59,0.0621,0.0547,1.7578159906906006,1.7578159906906006,0.0,WELD_FOUND
4.479,0.022254924137220584,-0.09714554246016972,0.007683092768195126,0.03682675550624604,0.0254,0.0252,-0.0177,0.0116,67,59,0.0621,0.0547,2.4609410636176894,2.109378420432439,0.3515626431852503,WELD_FOUND
4.529,0.022254924137220584,-0.09714554246016972,0.007683092768195126,0.03682675550624604,0.0227,0.0225,-0.015,0.0143,69,61,0.0639,0.0565,2.4609410636176894,2.109378420432439,0.3515626431852503,WELD_FOUND
4.579,0.023468365933585693,-0.07334360707631724,0.012466824872138108,0.03446990699503328,0.0227,0.0225,-0.0102,0.0119,69,61,0.0639,0.0565,1.4062534542270564,1.7578159906906006,-0.3515625364635442,WELD_FOUND
4.629,0.023468365933585693,-0.07334360707631724,0.012466824872138108,0.03446990699503328,0.0227,0.0225,-0.0102,0.0119,71,64,0.0658,0.0593,1.4062534542270564,1.7578159906906006,-0.3515625364635442,WELD_FOUND
4.679,0.02453212530905017,-0.06629836677766786,0.01458737029239999,0.03447688032570035,0.0185,0.0209,-0.004,0.0135,71,64,0.0658,0.0593,1.4062534542270564,1.5820346690979756,-0.17578121487091924,WELD_FOUND
4.729,0.02453212530905017,-0.06629836677766786,0.01458737029239999,0.03447688032570035,0.0185,0.0209,-0.004,0.0135,73,66,0.0677,0.0612,1.4062534542270564,1.5820346690979756,-0.17578121487091924,WELD_FOUND
4.779,0.025582367850139547,-0.058599824750259946,0.016792394137600558,0.034372341562678536,0.0185,0.0209,-0.0018,0.0134,73,66,0.0677,0.0612,0.35156592487770283,1.4062534542270564,-1.0546875293493536,WELD_FOUND
4.829,0.025582367850139547,-0.058599824750259946,0.016792394137600558,0.034372341562678536,0.021,0.0249,-0.0042,0.0095,75,69,0.0695,0.0639,0.35156592487770283,1.4062534542270564,-1.0546875293493536,WELD_FOUND
4.879,0.025795057823035296,-0.06081687882783834,0.016672525998859544,0.03491758964721105,0.021,0.0249,-0.0043,0.01,75,69,0.0695,0.0639,0.35156592487770283,1.4062534542270564,-1.0546875293493536,WELD_FOUND
4.929,0.025795057823035296,-0.06081687882783834,0.016672525998859544,0.03491758964721105,0.021,0.0249,-0.0043,0.01,76,71,0.0704,0.0658,0.35156592487770283,1.4062534542270564,-1.0546875293493536,WELD_FOUND
4.979,0.029331533228652104,-0.0217950664931998,0.026062273254672134,0.032600793202632074,0.0151,0.0199,0.011,0.0127,76,71,0.0704,0.0658,0.7031284346608206,0.7031284346608206,0.0,WELD_FOUND
5.029,0.029331533228652104,-0.0217950664931998,0.026062273254672134,0.032600793202632074,0.0151,0.0199,0.011,0.0127,78,73,0.0723,0.0677,0.7031284346608206,0.7031284346608206,0.0,WELD_FOUND
5.08,0.03191848122617544,-0.00927846892022271,0.03052671088814203,0.033310251564208845,0.0165,0.0193,0.0141,0.014,78,73,0.0723,0.0677,-1.7578091605014305,0.35156592487770283,-2.1093750853791335,WELD_FOUND
5.129,0.03191848122617544,-0.00927846892022271,0.03052671088814203,0.033310251564208845,0.0165,0.0193,0.0141,0.014,81,76,0.0751,0.0704,-1.7578091605014305,0.35156592487770283,-2.1093750853791335,WELD_FOUND
5.179,0.0324489881198654,-0.01413332974321379,0.03032898865838333,0.034568987581347466,0.0165,0.0193,0.0139,0.0152,81,76,0.0751,0.0704,0.35156592487770283,0.35156592487770283,0.0,WELD_FOUND
5.229,0.0324489881198654,-0.01413332974321379,0.03032898865838333,0.034568987581347466,0.0272,0.0289,0.0031,0.0057,85,80,0.0788,0.0741,0.35156592487770283,0.35156592487770283,0.0,WELD_FOUND
5.279,0.032555614190370806,-0.015103426075397277,0.030290100279061215,0.0348211281016804,0.0272,0.0289,0.0031,0.0059,85,80,0.0788,0.0741,3.4150945850063755e-06,0.35156592487770283,-0.3515625097831178,WELD_FOUND
5.329,0.032555614190370806,-0.015103426075397277,0.030290100279061215,0.0348211281016804,0.0272,0.0289,0.0031,0.0059,90,85,0.0834,0.0788,3.4150945850063755e-06,0.35156592487770283,-0.3515625097831178,WELD_FOUND
5.379,0.035,0.0,0.035,0.035,0.0287,0.0297,0.0063,0.0053,90,85,0.0834,0.0788,-1.4062466240378864,3.4150945850063755e-06,-1.4062500391324713,WELD_FOUND
5.429,0.035,0.0,0.035,0.035,0.0287,0.0297,0.0063,0.0053,94,89,0.0871,0.0825,-1.4062466240378864,3.4150945850063755e-06,-1.4062500391324713,WELD_FOUND
5.479,0.035,0.0,0.035,0.035,0.0287,0.0297,0.0063,0.0053,94,89,0.0871,0.0825,0.7031284346608206,3.4150945850063755e-06,0.7031250195662356,WELD_FOUND
5.529,0.035,0.0,0.035,0.035,0.037,0.0376,-0.002,-0.0026,98,93,0.0908,0.0862,0.7031284346608206,3.4150945850063755e-06,0.7031250195662356,WELD_FOUND
5.579,0.035,0.0,0.035,0.035,0.037,0.0376,-0.002,-0.0026,98,93,0.0908,0.0862,-1.4062466240378864,3.4150945850063755e-06,-1.4062500391324713,WELD_FOUND
5.629,0.035,0.0,0.035,0.035,0.037,0.0376,-0.002,-0.0026,102,97,0.0945,0.0899,-1.4062466240378864,3.4150945850063755e-06,-1.4062500391324713,WELD_FOUND
5.679,0.035,0.0,0.035,0.035,0.0321,0.0324,0.0029,0.0026,102,97,0.0945,0.0899,1.054690917763512,3.4150945850063755e-06,1.054687502668927,WELD_FOUND
5.729,0.035,0.0,0.035,0.035,0.0321,0.0324,0.0029,0.0026,105,100,0.0973,0.0927,1.054690917763512,3.4150945850063755e-06,1.054687502668927,WELD_FOUND
5.779,0.0,0.0,0.0,0.0,0.0304,0.0306,-0.0304,-0.0306,105,100,0.0973,0.0927,1.054690917763512,nan,nan,NO_WELD
5.829,0.0,0.0,0.0,0.0,0.0304,0.0306,-0.0304,-0.0306,108,104,0.1001,0.0964,1.054690917763512,nan,nan,NO_WELD
5.879,0.0,0.0,0.0,0.0,0.0304,0.0306,-0.0304,-0.0306,108,104,0.1001,0.0964,1.054690917763512,nan,nan,NO_WELD
5.929,0.0,0.0,0.0,0.0,0.0306,0.0332,-0.0306,-0.0332,110,106,0.1019,0.0982,1.054690917763512,nan,nan,NO_WELD
5.979,0.03305813831071618,-0.014736409224370707,0.03084767692706058,0.03526859969437179,0.0306,0.0332,0.0003,0.0021,110,106,0.1019,0.0982,0.35156592487770283,0.35156592487770283,0.0,WELD_FOUND
6.029,0.03305813831071618,-0.014736409224370707,0.03084767692706058,0.03526859969437179,0.0306,0.0332,0.0003,0.0021,110,106,0.1019,0.0982,0.35156592487770283,0.35156592487770283,0.0,WELD_FOUND
6.08,0.03173296179524108,-0.026094638761538863,0.027818765981010248,0.03564715760947191,0.0245,0.0265,0.0034,0.0091,110,106,0.1019,0.0982,0.7031284346608206,0.5273471664290486,0.1757812682317721,WELD_FOUND
6.129,0.03173296179524108,-0.026094638761538863,0.027818765981010248,0.03564715760947191,0.0245,0.0265,0.0034,0.0091,112,108,0.1038,0.1001,0.7031284346608206,0.5273471664290486,0.1757812682317721,WELD_FOUND
6.179,0.030544667784641252,-0.033393251487524846,0.025535680061512526,0.03555365550776998,0.0221,0.0233,0.0035,0.0122,112,108,0.1038,0.1001,1.054690917763512,0.7031284346608206,0.35156248310269134,WELD_FOUND
6.229,0.030544667784641252,-0.033393251487524846,0.025535680061512526,0.03555365550776998,0.0221,0.0233,0.0035,0.0122,116,113,0.1075,0.1047,1.054690917763512,0.7031284346608206,0.35156248310269134,WELD_FOUND
6.279,0.03123269815837605,-0.021449967412398793,0.028015203046516234,0.03445019327023587,0.0221,0.0233,0.0059,0.0111,116,113,0.1075,0.1047,0.35156592487770283,0.5273471664290486,-0.17578124155134572,WELD_FOUND
6.329,0.03123269815837605,-0.021449967412398793,0.028015203046516234,0.03445019327023587,0.033,0.0363,-0.005,-0.0018,120,117,0.1112,0.1084,0.35156592487770283,0.5273471664290486,-0.17578124155134572,WELD_FOUND
6.379,0.030446195791471526,-0.03259364775267982,0.025557148628569552,0.0353352429543735,0.033,0.0363,-0.0075,-0.0009,120,117,0.1112,0.1084,0.7031284346608206,0.7031284346608206,0.0,WELD_FOUND
6.429,0.030446195791471526,-0.03259364775267982,0.025557148628569552,0.0353352429543735,0.0346,0.0366,-0.0091,-0.0012,124,121,0.1149,0.1121,0.7031284346608206,0.7031284346608206,0.0,WELD_FOUND
6.479,0.030290098863254553,-0.03103740840754269,0.025634487602123147,0.03494571012438596,0.0346,0.0366,-0.009,-0.0016,124,121,0.1149,0.1121,0.35156592487770283,0.7031284346608206,-0.3515625097831178,WELD_FOUND
6.529,0.030290098863254553,-0.03103740840754269,0.025634487602123147,0.03494571012438596,0.0346,0.0366,-0.009,-0.0016,126,124,0.1168,0.1149,0.35156592487770283,0.7031284346608206,-0.3515625097831178,WELD_FOUND
6.579,0.032117170466165204,-0.011202892697269793,0.030436736561574734,0.03379760437075567,0.0257,0.0294,0.0047,0.0044,126,124,0.1168,0.1149,-1.0546840875743422,0.35156592487770283,-1.406250012452045,WELD_FOUND
6.629,0.032117170466165204,-0.011202892697269793,0.030436736561574734,0.03379760437075567,0.0257,0.0294,0.0047,0.0044,129,126,0.1196,0.1168,-1.0546840875743422,0.35156592487770283,-1.406250012452045,WELD_FOUND
6.679,0.03248900501238613,-0.01446184069017149,0.030319728908860404,0.03465828111591185,0.0266,0.025,0.0038,0.0096,129,126,0.1196,0.1168,1.054690917763512,0.35156592487770283,0.7031249928858092,WELD_FOUND
6.729,0.03248900501238613,-0.01446184069017149,0.030319728908860404,0.03465828111591185,0.0266,0.025,0.0038,0.0096,132,129,0.1223,0.1196,1.054690917763512,0.35156592487770283,0.7031249928858092,WELD_FOUND
6.779,0.030692323052322036,-0.03486132759543302,0.025463123913007084,0.03592152219163699,0.0266,0.025,-0.0011,0.0109,132,129,0.1223,0.1196,1.4062534542270564,0.7031284346608206,0.7031250195662357,WELD_FOUND
6.829,0.030692323052322036,-0.03486132759543302,0.025463123913007084,0.03592152219163699,0.0332,0.0323,-0.0078,0.0036,136,133,0.126,0.1233,1.4062534542270564,0.7031284346608206,0.7031250195662357,WELD_FOUND
6.879,0.0,0.0,0.0,0.0,0.0332,0.0323,-0.0332,-0.0323,136,133,0.126,0.1233,1.4062534542270564,nan,nan,NO_WELD
6.929,0.0,0.0,0.0,0.0,0.0348,0.0342,-0.0348,-0.0342,140,137,0.1297,0.127,1.4062534542270564,nan,nan,NO_WELD
6.979,0.0,0.0,0.0,0.0,0.0348,0.0342,-0.0348,-0.0342,140,137,0.1297,0.127,1.4062534542270564,nan,nan,NO_WELD
7.029,0.0,0.0,0.0,0.0,0.0246,0.0274,-0.0246,-0.0274,141,137,0.1307,0.127,1.4062534542270564,nan,nan,NO_WELD
7.08,0.03219978583771362,-0.015828570798379998,0.029825500217956623,0.03457407145747062,0.0246,0.0274,0.0053,0.0072,141,137,0.1307,0.127,0.35156592487770283,0.35156592487770283,0.0,WELD_FOUND
7.129,0.03219978583771362,-0.015828570798379998,0.029825500217956623,0.03457407145747062,0.0246,0.0274,0.0053,0.0072,141,137,0.1307,0.127,0.35156592487770283,0.35156592487770283,0.0,WELD_FOUND
7.179,0.0,0.0,0.0,0.0,0.0197,0.0219,-0.0197,-0.0219,141,137,0.1307,0.127,0.35156592487770283,nan,nan,NO_WELD
7.229,0.0,0.0,0.0,0.0,0.0197,0.0219,-0.0197,-0.0219,144,140,0.1335,0.1297,0.35156592487770283,nan,nan,NO_WELD
7.279,0.035,0.0,0.035,0.035,0.0197,0.0219,0.0153,0.0131,144,140,0.1335,0.1297,3.4150945850063755e-06,3.4150945850063755e-06,0.0,WELD_FOUND
7.329,0.035,0.0,0.035,0.035,0.0217,0.023,0.0133,0.012,145,141,0.1344,0.1307,3.4150945850063755e-06,3.4150945850063755e-06,0.0,WELD_FOUND
7.379,0.0,0.0,0.0,0.0,0.0217,0.023,-0.0217,-0.023,145,141,0.1344,0.1307,3.4150945850063755e-06,nan,nan,NO_WELD
7.429,0.0,0.0,0.0,0.0,0.0217,0.023,-0.0217,-0.023,147,144,0.1362,0.1335,3.4150945850063755e-06,nan,nan,NO_WELD
7.479,0.0,0.0,0.0,0.0,0.018,0.0212,-0.018,-0.0212,147,144,0.1362,0.1335,3.4150945850063755e-06,nan,nan,NO_WELD
7.529,0.0,0.0,0.0,0.0,0.018,0.0212,-0.018,-0.0212,149,146,0.1381,0.1353,3.4150945850063755e-06,nan,nan,NO_WELD
7.579,0.02944772991125088,0.04334947873732065,0.035950151721848976,0.022945308100652782,0.0182,0.0202,0.0178,0.0028,149,146,0.1381,0.1353,-1.0546840875743422,-1.0546840875743422,0.0,WELD_FOUND
7.629,0.02944772991125088,0.04334947873732065,0.035950151721848976,0.022945308100652782,0.0182,0.0202,0.0178,0.0028,150,146,0.139,0.1353,-1.0546840875743422,-1.0546840875743422,0.0,WELD_FOUND
7.679,0.0,0.0,0.0,0.0,0.0182,0.0202,-0.0182,-0.0202,150,146,0.139,0.1353,-1.0546840875743422,nan,nan,NO_WELD
7.729,0.0,0.0,0.0,0.0,0.0134,0.017,-0.0134,-0.017,150,148,0.139,0.1372,-1.0546840875743422,nan,nan,NO_WELD
7.779,0.0,0.0,0.0,0.0,0.0134,0.017,-0.0134,-0.017,150,148,0.139,0.1372,-1.0546840875743422,nan,nan,NO_WELD
7.829,0.0,0.0,0.0,0.0,0.0154,0.0139,-0.0154,-0.0139,152,149,0.1409,0.1381,-1.0546840875743422,nan,nan,NO_WELD
7.879,0.035,0.0,0.035,0.035,0.0154,0.0139,0.0196,0.0211,152,149,0.1409,0.1381,3.4150945850063755e-06,3.4150945850063755e-06,0.0,WELD_FOUND
7.929,0.035,0.0,0.035,0.035,0.0154,0.0139,0.0196,0.0211,152,149,0.1409,0.1381,3.4150945850063755e-06,3.4150945850063755e-06,0.0,WELD_FOUND
7.979,0.0,0.0,0.0,0.0,0.0124,0.0111,-0.0124,-0.0111,152,149,0.1409,0.1381,3.4150945850063755e-06,nan,nan,NO_WELD
8.029,0.0,0.0,0.0,0.0,0.0124,0.0111,-0.0124,-0.0111,156,154,0.1446,0.1427,3.4150945850063755e-06,nan,nan,NO_WELD
8.08,0.02913119648357124,0.04976273044665265,0.036595606050569135,0.021666786916573342,0.0222,0.0252,0.0144,-0.0035,156,154,0.1446,0.1427,-1.0546840875743422,-1.0546840875743422,0.0,WELD_FOUND
8.129,0.02913119648357124,0.04976273044665265,0.036595606050569135,0.021666786916573342,0.0222,0.0252,0.0144,-0.0035,159,156,0.1474,0.1446,-1.0546840875743422,-1.0546840875743422,0.0,WELD_FOUND
8.179,0.0,0.0,0.0,0.0,0.0222,0.0252,-0.0222,-0.0252,159,156,0.1474,0.1446,-1.0546840875743422,nan,nan,NO_WELD
8.229,0.0,0.0,0.0,0.0,0.0232,0.0176,-0.0232,-0.0176,160,155,0.1483,0.1436,-1.0546840875743422,nan,nan,NO_WELD
8.279,0.0,0.0,0.0,0.0,0.0232,0.0176,-0.0232,-0.0176,160,155,0.1483,0.1436,-1.0546840875743422,nan,nan,NO_WELD
8.329,0.0,0.0,0.0,0.0,0.0186,0.0176,-0.0186,-0.0176,160,156,0.1483,0.1446,-1.0546840875743422,nan,nan,NO_WELD
8.379,0.02866819287830831,-0.05,0.02116819287830831,0.03616819287830831,0.0186,0.013,0.0026,0.0231,160,156,0.1483,0.1446,1.4062534542270564,1.4062534542270564,0.0,WELD_FOUND
8.429,0.02866819287830831,-0.05,0.02116819287830831,0.03616819287830831,0.0149,0.013,0.0063,0.0231,160,156,0.1483,0.1446,1.4062534542270564,1.4062534542270564,0.0,WELD_FOUND
8.479,0.035,0.0,0.035,0.035,0.0149,0.0104,0.0201,0.0246,160,156,0.1483,0.1446,-1.0546840875743422,0.17578466998614392,-1.230468757560486,WELD_FOUND
8.529,0.035,0.0,0.035,0.035,0.0237,0.0104,0.0113,0.0246,164,160,0.152,0.1483,-1.0546840875743422,0.17578466998614392,-1.230468757560486,WELD_FOUND
8.579,0.027158767397316323,-0.05,0.019658767397316323,0.034658767397316326,0.0237,0.0104,-0.0041,0.0242,164,160,0.152,0.1483,1.4062534542270564,1.4062534542270564,0.0,WELD_FOUND
8.629,0.027158767397316323,-0.05,0.019658767397316323,0.034658767397316326,0.0237,0.0285,-0.0041,0.0062,169,165,0.1566,0.1529,1.4062534542270564,1.4062534542270564,0.0,WELD_FOUND
8.679,0.035,0.0,0.035,0.035,0.0266,0.0285,0.0084,0.0065,169,165,0.1566,0.1529,-1.4062466240378864,0.17578466998614392,-1.5820312940240302,WELD_FOUND
8.729,0.035,0.0,0.035,0.035,0.0266,0.0356,0.0084,-0.0006,174,170,0.1613,0.1576,-1.4062466240378864,0.17578466998614392,-1.5820312940240302,WELD_FOUND
8.779,0.02983058589902176,0.05,0.03733058589902176,0.02233058589902176,0.0345,0.0356,0.0028,-0.0133,174,170,0.1613,0.1576,-1.7578091605014305,-1.0546840875743422,-0.7031250729270884,WELD_FOUND
8.829,0.02983058589902176,0.05,0.03733058589902176,0.02233058589902176,0.0345,0.0399,0.0028,-0.0176,178,175,0.165,0.1622,-1.7578091605014305,-1.0546840875743422,-0.7031250729270884,WELD_FOUND
8.879,0.02836674342848998,0.04953100767666456,0.03579639457998966,0.020937092276990296,0.0345,0.0399,0.0013,-0.019,178,175,0.165,0.1622,-0.7031216044716506,-1.0546840875743422,0.35156248310269156,WELD_FOUND
8.929,0.02836674342848998,0.04953100767666456,0.03579639457998966,0.020937092276990296,0.038,0.0314,-0.0022,-0.0104,181,177,0.1677,0.164,-0.7031216044716506,-1.0546840875743422,0.35156248310269156,WELD_FOUND
8.979,0.029869446398902405,0.027103619711728925,0.03393498935566174,0.025803903442143068,0.038,0.0314,-0.0041,-0.0056,181,177,0.1677,0.164,0.35156592487770283,-0.7031216044716506,1.0546875293493534,WELD_FOUND
9.029,0.029869446398902405,0.027103619711728925,0.03393498935566174,0.025803903442143068,0.038,0.0314,-0.0041,-0.0056,183,179,0.1696,0.1659,0.35156592487770283,-0.7031216044716506,1.0546875293493534,WELD_FOUND
9.08,0.0,0.0,0.0,0.0,0.0277,0.0238,-0.0277,-0.0238,183,179,0.1696,0.1659,0.35156592487770283,nan,nan,NO_WELD
9.129,0.0,0.0,0.0,0.0,0.0277,0.0238,-0.0277,-0.0238,186,182,0.1724,0.1687,0.35156592487770283,nan,nan,NO_WELD
9.179,0.035,0.0,0.035,0.035,0.0278,0.0254,0.0072,0.0096,186,182,0.1724,0.1687,0.35156592487770283,0.35156592487770283,0.0,WELD_FOUND
9.229,0.035,0.0,0.035,0.035,0.0278,0.0254,0.0072,0.0096,187,183,0.1733,0.1696,0.35156592487770283,0.35156592487770283,0.0,WELD_FOUND
9.279,0.03008365541768657,-0.05,0.02258365541768657,0.03758365541768657,0.0278,0.0254,-0.0052,0.0122,187,183,0.1733,0.1696,1.4062534542270564,0.8789097028925928,0.5273437513344635,WELD_FOUND
9.329,0.03008365541768657,-0.05,0.02258365541768657,0.03758365541768657,0.029,0.0276,-0.0064,0.01,191,187,0.177,0.1733,1.4062534542270564,0.8789097028925928,0.5273437513344635,WELD_FOUND
9.379,0.0,0.0,0.0,0.0,0.029,0.0276,-0.029,-0.0276,191,187,0.177,0.1733,1.4062534542270564,nan,nan,NO_WELD
9.429,0.0,0.0,0.0,0.0,0.0359,0.0351,-0.0359,-0.0351,196,192,0.1816,0.1779,1.4062534542270564,nan,nan,NO_WELD
9.479,0.028415982528813277,-0.04662385395437846,0.02142240443565651,0.035409560621970045,0.0359,0.0351,-0.0145,0.0003,196,192,0.1816,0.1779,1.054690917763512,1.054690917763512,0.0,WELD_FOUND
9.529,0.028415982528813277,-0.04662385395437846,0.02142240443565651,0.035409560621970045,0.0359,0.0351,-0.0145,0.0003,197,192,0.1826,0.1779,1.054690917763512,1.054690917763512,0.0,WELD_FOUND
9.579,0.0,0.0,0.0,0.0,0.024,0.0281,-0.024,-0.0281,197,192,0.1826,0.1779,1.054690917763512,nan,nan,NO_WELD
9.629,0.0,0.0,0.0,0.0,0.024,0.0281,-0.024,-0.0281,199,194,0.1844,0.1798,1.054690917763512,nan,nan,NO_WELD
9.679,0.0,0.0,0.0,0.0,0.024,0.0281,-0.024,-0.0281,199,194,0.1844,0.1798,1.054690917763512,nan,nan,NO_WELD
9.729,0.0,0.0,0.0,0.0,0.0169,0.0193,-0.0169,-0.0193,198,193,0.1835,0.1789,1.054690917763512,nan,nan,NO_WELD
9.779,0.03062510343687894,0.042440806770267944,0.03699122445241913,0.024258982421338747,0.0169,0.0193,0.0201,0.0049,198,193,0.1835,0.1789,-1.0546840875743422,-1.0546840875743422,0.0,WELD_FOUND
9.829,0.03062510343687894,0.042440806770267944,0.03699122445241913,0.024258982421338747,0.0135,0.0193,0.0235,0.0049,198,193,0.1835,0.1789,-1.0546840875743422,-1.0546840875743422,0.0,WELD_FOUND
9.879,0.0,0.0,0.0,0.0,0.0135,0.0154,-0.0135,-0.0154,198,193,0.1835,0.1789,-1.0546840875743422,nan,nan,NO_WELD
9.929,0.0,0.0,0.0,0.0,0.0135,0.0154,-0.0135,-0.0154,200,195,0.1854,0.1807,-1.0546840875743422,nan,nan,NO_WELD
9.979,0.0,0.0,0.0,0.0,0.0131,0.0167,-0.0131,-0.0167,200,195,0.1854,0.1807,-1.0546840875743422,nan,nan,NO_WELD
10.029,0.0,0.0,0.0,0.0,0.0131,0.0167,-0.0131,-0.0167,199,194,0.1844,0.1798,-1.0546840875743422,nan,nan,NO_WELD
10.08,0.026771367713291777,0.05,0.03427136771329178,0.019271367713291777,0.0041,0.0063,0.0301,0.013,199,194,0.1844,0.1798,-1.4062466240378864,-1.4062466240378864,0.0,WELD_FOUND
10.129,0.026771367713291777,0.05,0.03427136771329178,0.019271367713291777,0.0041,0.0063,0.0301,0.013,199,194,0.1844,0.1798,-1.4062466240378864,-1.4062466240378864,0.0,WELD_FOUND
10.179,0.0,0.0,0.0,0.0,0.0041,0.0063,-0.0041,-0.0063,199,194,0.1844,0.1798,-1.4062466240378864,nan,nan,NO_WELD
10.229,0.0,0.0,0.0,0.0,0.0099,0.0112,-0.0099,-0.0112,202,197,0.1872,0.1826,-1.4062466240378864,nan,nan,NO_WELD
10.279,0.035,0.0,0.035,0.035,0.0099,0.0112,0.0251,0.0238,202,197,0.1872,0.1826,3.4150945850063755e-06,3.4150945850063755e-06,0.0,WELD_FOUND
10.329,0.035,0.0,0.035,0.035,0.0099,0.0112,0.0251,0.0238,204,199,0.1891,0.1844,3.4150945850063755e-06,3.4150945850063755e-06,0.0,WELD_FOUND
10.379,0.0,0.0,0.0,0.0,0.0109,0.0117,-0.0109,-0.0117,204,199,0.1891,0.1844,3.4150945850063755e-06,nan,nan,NO_WELD
10.429,0.0,0.0,0.0,0.0,0.0109,0.0117,-0.0109,-0.0117,209,204,0.1937,0.1891,3.4150945850063755e-06,nan,nan,NO_WELD
10.479,0.02725720953700664,0.05,0.034757209537006645,0.019757209537006642,0.0251,0.0117,0.0097,0.0081,209,204,0.1937,0.1891,-1.4062466240378864,-1.4062466240378864,0.0,WELD_FOUND
10.529,0.02725720953700664,0.05,0.034757209537006645,0.019757209537006642,0.0251,0.0342,0.0097,-0.0144,215,210,0.1993,0.1946,-1.4062466240378864,-1.4062466240378864,0.0,WELD_FOUND
10.579,0.0314793310961303,0.005366606067491786,0.032284322006254064,0.03067434018600653,0.0373,0.0342,-0.005,-0.0035,215,210,0.1993,0.1946,0.7031284346608206,-0.35155909468853286,1.0546875293493536,WELD_FOUND
10.629,0.0314793310961303,0.005366606067491786,0.032284322006254064,0.03067434018600653,0.0373,0.0242,-0.005,0.0065,216,211,0.2002,0.1955,0.7031284346608206,-0.35155909468853286,1.0546875293493536,WELD_FOUND
10.679,0.03185909035031597,-0.04463339393250822,0.025164081260439737,0.038554099440192204,0.0373,0.0242,-0.0121,0.0143,216,211,0.2002,0.1955,1.4062534542270564,0.7031284346608206,0.7031250195662357,WELD_FOUND
10.729,0.03185909035031597,-0.04463339393250822,0.025164081260439737,0.038554099440192204,0.0273,0.0194,-0.0021,0.0192,217,211,0.2011,0.1955,1.4062534542270564,0.7031284346608206,0.7031250195662357,WELD_FOUND
10.779,0.0,0.0,0.0,0.0,0.0273,0.0194,-0.0273,-0.0194,217,211,0.2011,0.1955,1.4062534542270564,nan,nan,NO_WELD
10.829,0.0,0.0,0.0,0.0,0.0273,0.0194,-0.0273,-0.0194,222,216,0.2057,0.2002,1.4062534542270564,nan,nan,NO_WELD
10.879,0.035,0.0,0.035,0.035,0.0287,0.024,0.0063,0.011,222,216,0.2057,0.2002,3.4150945850063755e-06,3.4150945850063755e-06,0.0,WELD_FOUND
10.929,0.035,0.0,0.035,0.035,0.0287,0.024,0.0063,0.011,224,219,0.2076,0.203,3.4150945850063755e-06,3.4150945850063755e-06,0.0,WELD_FOUND
10.979,0.0,0.0,0.0,0.0,0.0287,0.024,-0.0287,-0.024,224,219,0.2076,0.203,3.4150945850063755e-06,nan,nan,NO_WELD
11.029,0.0,0.0,0.0,0.0,0.0271,0.0243,-0.0271,-0.0243,226,220,0.2094,0.2039,3.4150945850063755e-06,nan,nan,NO_WELD
11.08,0.0,0.0,0.0,0.0,0.0271,0.0243,-0.0271,-0.0243,226,220,0.2094,0.2039,3.4150945850063755e-06,nan,nan,NO_WELD
11.129,0.0,0.0,0.0,0.0,0.0271,0.0243,-0.0271,-0.0243,226,221,0.2094,0.2048,3.4150945850063755e-06,nan,nan,NO_WELD
11.179,0.0,0.0,0.0,0.0,0.0217,0.017,-0.0217,-0.017,226,221,0.2094,0.2048,3.4150945850063755e-06,nan,nan,NO_WELD
11.229,0.0,0.0,0.0,0.0,0.0217,0.017,-0.0217,-0.017,226,221,0.2094,0.2048,3.4150945850063755e-06,nan,nan,NO_WELD
11.279,0.0,0.0,0.0,0.0,0.0217,0.017,-0.0217,-0.017,226,221,0.2094,0.2048,3.4150945850063755e-06,nan,nan,NO_WELD
11.329,0.0,0.0,0.0,0.0,0.0174,0.0136,-0.0174,-0.0136,226,221,0.2094,0.2048,3.4150945850063755e-06,nan,nan,NO_WELD
11.379,0.0,0.0,0.0,0.0,0.0174,0.0136,-0.0174,-0.0136,226,221,0.2094,0.2048,3.4150945850063755e-06,nan,nan,NO_WELD
11.429,0.0,0.0,0.0,0.0,0.0139,0.0109,-0.0139,-0.0109,226,221,0.2094,0.2048,3.4150945850063755e-06,nan,nan,NO_WELD
11.479,0.03025113731584426,-0.03375962324947261,0.025187193828423368,0.035315080803265154,0.0139,0.0109,0.0113,0.0244,226,221,0.2094,0.2048,0.7031284346608206,0.7031284346608206,0.0,WELD_FOUND
11.529,0.03025113731584426,-0.03375962324947261,0.025187193828423368,0.035315080803265154,0.0111,0.0087,0.0141,0.0266,226,221,0.2094,0.2048,0.7031284346608206,0.7031284346608206,0.0,WELD_FOUND
11.579,0.03210914450461959,-0.011027633081096666,0.030454999542455088,0.033763289466784085,0.0111,0.0087,0.0193,0.025,226,221,0.2094,0.2048,3.4150945850063755e-06,0.35156592487770283,-0.3515625097831178,WELD_FOUND
11.629,0.03210914450461959,-0.011027633081096666,0.030454999542455088,0.033763289466784085,0.0111,0.0087,0.0193,0.025,230,226,0.2132,0.2094,3.4150945850063755e-06,0.35156592487770283,-0.3515625097831178,WELD_FOUND
11.679,0.03248739047399446,-0.014482448655759018,0.030315023175630607,0.034659757772358316,0.0166,0.0176,0.0138,0.0171,230,226,0.2132,0.2094,0.35156592487770283,0.35156592487770283,0.0,WELD_FOUND
11.729,0.03248739047399446,-0.014482448655759018,0.030315023175630607,0.034659757772358316,0.0166,0.0176,0.0138,0.0171,236,231,0.2187,0.2141,0.35156592487770283,0.35156592487770283,0.0,WELD_FOUND
11.779,0.032563305449134224,-0.015165218442718597,0.030288522682726433,0.03483808821554201,0.0166,0.0176,0.0137,0.0172,236,231,0.2187,0.2141,0.35156592487770283,0.35156592487770283,0.0,WELD_FOUND
11.829,0.032563305449134224,-0.015165218442718597,0.030288522682726433,0.03483808821554201,0.0371,0.0353,-0.0068,-0.0004,241,236,0.2234,0.2187,0.35156592487770283,0.35156592487770283,0.0,WELD_FOUND
11.879,0.0,0.0,0.0,0.0,0.0371,0.0353,-0.0371,-0.0353,241,236,0.2234,0.2187,0.35156592487770283,nan,nan,NO_WELD
11.929,0.0,0.0,0.0,0.0,0.0371,0.036,-0.0371,-0.036,245,240,0.2271,0.2224,0.35156592487770283,nan,nan,NO_WELD
11.979,0.02712939470353905,-0.05,0.01962939470353905,0.034629394703539054,0.0371,0.036,-0.0175,-0.0014,245,240,0.2271,0.2224,1.4062534542270564,1.4062534542270564,0.0,WELD_FOUND
12.029,0.02712939470353905,-0.05,0.01962939470353905,0.034629394703539054,0.0371,0.036,-0.0175,-0.0014,245,240,0.2271,0.2224,1.4062534542270564,1.4062534542270564,0.0,WELD_FOUND
12.08,0.025258927697041907,-0.07377855818292123,0.014192143969603723,0.036325711424480094,0.0297,0.0288,-0.0155,0.0075,245,240,0.2271,0.2224,1.7578159906906006,1.5820346690979756,0.17578132159262494,WELD_FOUND
12.129,0.025258927697041907,-0.07377855818292123,0.014192143969603723,0.036325711424480094,0.0297,0.0288,-0.0155,0.0075,247,243,0.2289,0.2252,1.7578159906906006,1.5820346690979756,0.17578132159262494,WELD_FOUND
12.179,0.02572993597602713,-0.06015297044685084,0.016706990408999506,0.03475288154305475,0.0252,0.0284,-0.0085,0.0064,247,243,0.2289,0.2252,0.7031284346608206,1.4062534542270564,-0.7031250195662357,WELD_FOUND
12.229,0.02572993597602713,-0.06015297044685084,0.016706990408999506,0.03475288154305475,0.0252,0.0284,-0.0085,0.0064,249,245,0.2308,0.2271,0.7031284346608206,1.4062534542270564,-0.7031250195662357,WELD_FOUND
12.279,0.027543463252342214,-0.041449285964700905,0.02132607035763708,0.03376085614704735,0.0252,0.0284,-0.0039,0.0054,249,245,0.2308,0.2271,0.35156592487770283,1.054690917763512,-0.7031249928858092,WELD_FOUND
12.329,0.027543463252342214,-0.041449285964700905,0.02132607035763708,0.03376085614704735,0.0225,0.0269,-0.0012,0.0068,250,247,0.2317,0.2289,0.35156592487770283,1.054690917763512,-0.7031249928858092,WELD_FOUND
12.379,0.02969944857707837,-0.025526281406010796,0.02587050636617675,0.03352839078797999,0.0225,0.0269,0.0033,0.0066,250,247,0.2317,0.2289,3.4150945850063755e-06,0.7031284346608206,-0.7031250195662356,WELD_FOUND
12.429,0.02969944857707837,-0.025526281406010796,0.02587050636617675,0.03352839078797999,0.0246,0.0236,0.0012,0.01,253,249,0.2345,0.2308,3.4150945850063755e-06,0.7031284346608206,-0.7031250195662356,WELD_FOUND
12.479,0.03199504729094034,-0.0099933014117213,0.030496052079182146,0.03349404250269854,0.0246,0.0236,0.0058,0.0099,253,249,0.2345,0.2308,-1.7578091605014305,0.35156592487770283,-2.1093750853791335,WELD_FOUND
12.529,0.03199504729094034,-0.0099933014117213,0.030496052079182146,0.03349404250269854,0.0246,0.0236,0.0058,0.0099,256,252,0.2373,0.2335,-1.7578091605014305,0.35156592487770283,-2.1093750853791335,WELD_FOUND
12.579,0.035,0.0,0.035,0.035,0.0222,0.0216,0.0128,0.0134,256,252,0.2373,0.2335,3.4150945850063755e-06,3.4150945850063755e-06,0.0,WELD_FOUND
12.629,0.035,0.0,0.035,0.035,0.0222,0.0216,0.0128,0.0134,259,256,0.24,0.2373,3.4150945850063755e-06,3.4150945850063755e-06,0.0,WELD_FOUND
12.679,0.035,0.0,0.035,0.035,0.0222,0.0216,0.0128,0.0134,259,256,0.24,0.2373,-2.460934233428519,3.4150945850063755e-06,-2.460937648523104,WELD_FOUND
12.729,0.035,0.0,0.035,0.035,0.0331,0.0352,0.0019,-0.0002,264,261,0.2447,0.2419,-2.460934233428519,3.4150945850063755e-06,-2.460937648523104,WELD_FOUND
12.779,0.035,0.0,0.035,0.035,0.0331,0.0352,0.0019,-0.0002,264,261,0.2447,0.2419,3.4150945850063755e-06,3.4150945850063755e-06,0.0,WELD_FOUND
12.829,0.035,0.0,0.035,0.035,0.0331,0.0352,0.0019,-0.0002,268,265,0.2484,0.2456,3.4150945850063755e-06,3.4150945850063755e-06,0.0,WELD_FOUND
12.879,0.03117790407363872,0.03946634286371858,0.037097855503196504,0.025257952644080935,0.0297,0.031,0.0074,-0.0057,268,265,0.2484,0.2456,-0.7031216044716506,-0.7031216044716506,0.0,WELD_FOUND
12.929,0.03117790407363872,0.03946634286371858,0.037097855503196504,0.025257952644080935,0.0297,0.031,0.0074,-0.0057,271,268,0.2512,0.2484,-0.7031216044716506,-0.7031216044716506,0.0,WELD_FOUND
12.979,0.03043540771704781,0.03243679858997534,0.03530092750554411,0.02556988792855151,0.029,0.0297,0.0063,-0.0041,271,268,0.2512,0.2484,-1.4062466240378864,-0.7031216044716506,-0.7031250195662357,WELD_FOUND
13.029,0.03043540771704781,0.03243679858997534,0.03530092750554411,0.02556988792855151,0.029,0.0297,0.0063,-0.0041,274,271,0.2539,0.2512,-1.4062466240378864,-0.7031216044716506,-0.7031250195662357,WELD_FOUND
13.08,0.030287982215356155,0.031019805877186685,0.03494095309693416,0.02563501133377815,0.029,0.0297,0.006,-0.0041,274,271,0.2539,0.2512,-0.7031216044716506,-0.7031216044716506,0.0,WELD_FOUND
13.129,0.030287982215356155,0.031019805877186685,0.03494095309693416,0.02563501133377815,0.0322,0.0327,0.0027,-0.007,277,274,0.2567,0.2539,-0.7031216044716506,-0.7031216044716506,0.0,WELD_FOUND
13.179,0.03025854006580288,0.030748674575889527,0.03487084125218631,0.025646238879419452,0.0322,0.0327,0.0027,-0.007,277,274,0.2567,0.2539,-1.4062466240378864,-0.7031216044716506,-0.7031250195662357,WELD_FOUND
13.229,0.03025854006580288,0.030748674575889527,0.03487084125218631,0.025646238879419452,0.0304,0.027,0.0044,-0.0014,280,276,0.2595,0.2558,-1.4062466240378864,-0.7031216044716506,-0.7031250195662357,WELD_FOUND
13.279,0.030252653353923638,0.030693406910698516,0.03485666439052842,0.02564864231731886,0.0304,0.027,0.0044,-0.0014,280,276,0.2595,0.2558,-0.35155909468853286,-0.7031216044716506,0.35156250978311776,WELD_FOUND
13.329,0.030252653353923638,0.030693406910698516,0.03485666439052842,0.02564864231731886,0.0304,0.027,0.0044,-0.0014,283,275,0.2623,0.2549,-0.35155909468853286,-0.7031216044716506,0.35156250978311776,WELD_FOUND
13.379,0.026701554496591586,0.06997867152119178,0.03719835522477035,0.016204753768412822,0.0257,0.0137,0.0115,0.0025,283,275,0.2623,0.2549,-2.1093715902432693,-1.4062466240378864,-0.7031249662053829,WELD_FOUND
13.429,0.026701554496591586,0.06997867152119178,0.03719835522477035,0.016204753768412822,0.0257,0.0137,0.0115,0.0025,287,274,0.266,0.2539,-2.1093715902432693,-1.4062466240378864,-0.7031249662053829,WELD_FOUND
13.479,0.029523540409722906,0.023745669824737525,0.033085390883433534,0.025961689936012278,0.0257,0.0137,0.0074,0.0122,287,274,0.266,0.2539,-0.7031216044716506,-0.7031216044716506,0.0,WELD_FOUND
13.529,0.029523540409722906,0.023745669824737525,0.033085390883433534,0.025961689936012278,0.0327,0.0008,0.0004,0.0251,290,272,0.2688,0.2521,-0.7031216044716506,-0.7031216044716506,0.0,WELD_FOUND
13.579,0.030104944858214557,0.02929386527148163,0.0344990246489368,0.025710865067492313,0.0327,0.0008,0.0018,0.0249,290,272,0.2688,0.2521,-0.7031216044716506,-0.7031216044716506,0.0,WELD_FOUND
13.629,0.030104944858214557,0.02929386527148163,0.0344990246489368,0.025710865067492313,0.0382,-0.0069,-0.0037,0.0326,295,270,0.2734,0.2502,-0.7031216044716506,-0.7031216044716506,0.0,WELD_FOUND
13.679,0.0302219060385475,0.03040701244712771,0.034782957905616654,0.025660854171478342,0.0382,-0.0069,-0.0034,0.0326,295,270,0.2734,0.2502,0.35156592487770283,-0.7031216044716506,1.0546875293493534,WELD_FOUND
13.729,0.0302219060385475,0.03040701244712771,0.034782957905616654,0.025660854171478342,0.0377,-0.0079,-0.0029,0.0335,299,269,0.2771,0.2493,0.35156592487770283,-0.7031216044716506,1.0546875293493534,WELD_FOUND
13.779,0.030245325486239476,0.03062367118906752,0.0348388761645996,0.02565177480787935,0.0377,-0.0079,-0.0029,0.0335,299,269,0.2771,0.2493,1.7578159906906006,-0.7031216044716506,2.4609375951622514,WELD_FOUND
13.829,0.030245325486239476,0.03062367118906752,0.0348388761645996,0.02565177480787935,0.0377,-0.0079,-0.0029,0.0335,304,274,0.2817,0.2539,1.7578159906906006,-0.7031216044716506,2.4609375951622514,WELD_FOUND
13.879,0.035,0.0,0.035,0.035,0.035,0.0076,0.0,0.0274,304,274,0.2817,0.2539,3.4150945850063755e-06,3.4150945850063755e-06,0.0,WELD_FOUND
13.929,0.035,0.0,0.035,0.035,0.035,0.0076,0.0,0.0274,308,275,0.2854,0.2549,3.4150945850063755e-06,3.4150945850063755e-06,0.0,WELD_FOUND
13.979,0.035,0.0,0.035,0.035,0.0358,0.0083,-0.0008,0.0267,308,275,0.2854,0.2549,-1.7578091605014305,3.4150945850063755e-06,-1.7578125755960154,WELD_FOUND
14.029,0.035,0.0,0.035,0.035,0.0358,0.0083,-0.0008,0.0267,313,274,0.2901,0.2539,-1.7578091605014305,3.4150945850063755e-06,-1.7578125755960154,WELD_FOUND
14.08,0.035,0.0,0.035,0.035,0.04,0.0013,-0.005,0.0337,313,274,0.2901,0.2539,-1.0546840875743422,3.4150945850063755e-06,-1.054687502668927,WELD_FOUND
14.129,0.035,0.0,0.035,0.035,0.04,0.0013,-0.005,0.0337,318,273,0.2947,0.253,-1.0546840875743422,3.4150945850063755e-06,-1.054687502668927,WELD_FOUND
14.179,0.035,0.0,0.035,0.035,0.04,0.0013,-0.005,0.0337,318,273,0.2947,0.253,3.4150945850063755e-06,3.4150945850063755e-06,0.0,WELD_FOUND
14.229,0.035,0.0,0.035,0.035,0.0512,-0.0017,-0.0162,0.0367,324,273,0.3003,0.253,3.4150945850063755e-06,3.4150945850063755e-06,0.0,WELD_FOUND
14.279,0.03305742608186648,0.019713710964241238,0.036014482726502664,0.030100369437230295,0.0512,-0.0017,-0.0152,0.0318,324,273,0.3003,0.253,-0.35155909468853286,-0.35155909468853286,0.0,WELD_FOUND
14.329,0.03305742608186648,0.019713710964241238,0.036014482726502664,0.030100369437230295,0.0512,-0.0017,-0.0152,0.0318,329,273,0.3049,0.253,-0.35155909468853286,-0.35155909468853286,0.0,WELD_FOUND
14.379,0.032677085465110306,0.016203876525052723,0.035107666943868215,0.030246503986352397,0.0431,-0.0014,-0.008,0.0316,329,273,0.3049,0.253,-0.35155909468853286,-0.35155909468853286,0.0,WELD_FOUND
14.429,0.032677085465110306,0.016203876525052723,0.035107666943868215,0.030246503986352397,0.0431,-0.0014,-0.008,0.0316,331,273,0.3068,0.253,-0.35155909468853286,-0.35155909468853286,0.0,WELD_FOUND
14.479,0.03260128142257524,0.01551303207566178,0.034928236233924506,0.030274326611225973,0.0431,-0.0014,-0.0081,0.0316,331,273,0.3068,0.253,-3.164059092912196,-0.35155909468853286,-2.812499998223663,WELD_FOUND
14.529,0.03260128142257524,0.01551303207566178,0.034928236233924506,0.030274326611225973,0.0382,-0.0011,-0.0033,0.0314,334,273,0.3095,0.253,-3.164059092912196,-0.35155909468853286,-2.812499998223663,WELD_FOUND
14.579,0.03258613117730087,0.015373767824738857,0.0348921963510117,0.030280066003590043,0.0382,-0.0011,-0.0033,0.0314,334,273,0.3095,0.253,-2.460934233428519,-0.35155909468853286,-2.109375138739986,WELD_FOUND
14.629,0.03258613117730087,0.015373767824738857,0.0348921963510117,0.030280066003590043,0.0377,0.0,-0.0028,0.0303,338,273,0.3132,0.253,-2.460934233428519,-0.35155909468853286,-2.109375138739986,WELD_FOUND
14.679,0.02218242733551255,0.06537376782473886,0.03198849250922338,0.012376362161801721,0.0377,0.0,-0.0057,0.0124,338,273,0.3132,0.253,-3.8671843792826963,-2.460934233428519,-1.4062501458541772,WELD_FOUND
14.729,0.02218242733551255,0.06537376782473886,0.03198849250922338,0.012376362161801721,0.0377,0.0,-0.0057,0.0124,341,273,0.316,0.253,-3.8671843792826963,-2.460934233428519,-1.4062501458541772,WELD_FOUND
14.779,0.017450021014881183,0.11537376782473886,0.03475608618859201,0.0001439558411703533,0.0301,0.0,0.0047,0.0001,341,273,0.316,0.253,-3.5156217360974464,-3.164059092912196,-0.3515626431852503,WELD_FOUND
14.829,0.017450021014881183,0.11537376782473886,0.03475608618859201,0.0001439558411703533,0.0301,0.0,0.0047,0.0001,344,273,0.3188,0.253,-3.5156217360974464,-3.164059092912196,-0.3515626431852503,WELD_FOUND
14.879,0.016571593302188187,0.14080071807007521,0.03769170101269947,-0.004548514408323094,0.0292,0.0,0.0085,-0.0045,344,273,0.3188,0.253,-2.1093715902432693,-3.164059092912196,1.0546875026689269,WELD_FOUND
14.929,0.016571593302188187,0.14080071807007521,0.03769170101269947,-0.004548514408323094,0.0292,0.0,0.0085,-0.0045,344,273,0.3188,0.253,-2.1093715902432693,-3.164059092912196,1.0546875026689269,WELD_FOUND
14.979,0.019204567341371853,0.09927820346023836,0.034096297860407604,0.004312836822336101,0.0292,0.0,0.0049,0.0043,344,273,0.3188,0.253,-2.460934233428519,-2.460934233428519,0.0,WELD_FOUND
15.029,0.019204567341371853,0.09927820346023836,0.034096297860407604,0.004312836822336101,0.02,0.0,0.0141,0.0043,345,273,0.3197,0.253,-2.460934233428519,-2.460934233428519,0.0,WELD_FOUND
15.08,0.018303061767759966,0.1254265525068376,0.0371170446437856,-0.0005109211082656717,0.02,0.0,0.0172,-0.0005,345,273,0.3197,0.253,-2.8124966631703576,-2.8124966631703576,0.0,WELD_FOUND
15.129,0.018303061767759966,0.1254265525068376,0.0371170446437856,-0.0005109211082656717,0.02,0.0,0.0172,-0.0005,347,273,0.3216,0.253,-2.8124966631703576,-2.8124966631703576,0.0,WELD_FOUND
15.179,0.018125361179044147,0.12326010134004944,0.036614376380051564,-0.00036365402196326946,0.0169,0.0,0.0197,-0.0004,347,273,0.3216,0.253,-3.164059092912196,-2.8124966631703576,-0.3515624297418385,WELD_FOUND
15.229,0.018125361179044147,0.12326010134004944,0.036614376380051564,-0.00036365402196326946,0.0169,0.0,0.0197,-0.0004,351,273,0.3253,0.253,-3.164059092912196,-2.8124966631703576,-0.3515624297418385,WELD_FOUND
15.279,0.018089925082341248,0.12282709692103855,0.036513989620497025,-0.0003341394558145326,0.0169,0.0,0.0196,-0.0003,351,273,0.3253,0.253,-3.164059092912196,-2.8124966631703576,-0.3515624297418385,WELD_FOUND
15.329,0.018089925082341248,0.12282709692103855,0.036513989620497025,-0.0003341394558145326,0.0274,0.0,0.0091,-0.0003,354,273,0.3281,0.253,-3.164059092912196,-2.8124966631703576,-0.3515624297418385,WELD_FOUND
15.379,0.018082842023842277,0.12273980996660391,0.036493813518832866,-0.0003281294711483078,0.0274,0.0,0.0091,-0.0003,354,273,0.3281,0.253,-2.8124966631703576,-2.8124966631703576,0.0,WELD_FOUND
15.429,0.018082842023842277,0.12273980996660391,0.036493813518832866,-0.0003281294711483078,0.0202,0.0,0.0163,-0.0003,355,273,0.329,0.253,-2.8124966631703576,-2.8124966631703576,0.0,WELD_FOUND
15.479,0.018081425578576147,0.12272263879459173,0.03648982139776491,-0.0003269702406126125,0.0202,0.0,0.0163,-0.0003,355,273,0.329,0.253,-1.7578091605014305,-2.8124966631703576,1.054687502668927,WELD_FOUND
15.529,0.018081425578576147,0.12272263879459173,0.03648982139776491,-0.0003269702406126125,0.0202,0.0,0.0163,-0.0003,357,273,0.3309,0.253,-1.7578091605014305,-2.8124966631703576,1.054687502668927,WELD_FOUND
15.579,0.018081142296180266,0.12271916291280238,0.03648901673310062,-0.00032673214074008944,0.0171,0.0,0.0194,-0.0003,357,273,0.3309,0.253,-2.460934233428519,-2.8124966631703576,0.3515624297418385,WELD_FOUND
15.629,0.018081142296180266,0.12271916291280238,0.03648901673310062,-0.00032673214074008944,0.0171,0.0,0.0194,-0.0003,357,273,0.3309,0.253,-2.460934233428519,-2.8124966631703576,0.3515624297418385,WELD_FOUND
15.679,0.019523811166670374,0.10291366690423374,0.03496086120230543,0.004086761131035312,0.0171,0.0,0.0179,0.0041,357,273,0.3309,0.253,-0.7031216044716506,-2.460934233428519,1.7578126289568685,WELD_FOUND
15.729,0.019523811166670374,0.10291366690423374,0.03496086120230543,0.004086761131035312,0.0152,0.0,0.0198,0.0041,359,273,0.3327,0.253,-0.7031216044716506,-2.460934233428519,1.7578126289568685,WELD_FOUND
15.779,0.022892701714102414,0.06731175673374565,0.03298946522416426,0.012795938204040567,0.0152,0.0,0.0178,0.0128,359,273,0.3327,0.253,-0.7031216044716506,-1.7578091605014305,1.05468755602978,WELD_FOUND
15.829,0.022892701714102414,0.06731175673374565,0.03298946522416426,0.012795938204040567,0.0165,0.0,0.0165,0.0128,361,273,0.3346,0.253,-0.7031216044716506,-1.7578091605014305,1.05468755602978,WELD_FOUND
15.879,0.028697580900373065,0.017311756733745645,0.03129434441043491,0.02610081739031122,0.0165,0.0,0.0148,0.0261,361,273,0.3346,0.253,0.35156592487770283,-0.7031216044716506,1.0546875293493534,WELD_FOUND
15.929,0.028697580900373065,0.017311756733745645,0.03129434441043491,0.02610081739031122,0.0247,0.0,0.0066,0.0261,365,273,0.3383,0.253,0.35156592487770283,-0.7031216044716506,1.0546875293493534,WELD_FOUND
15.979,0.02993718539823051,0.027648843025948437,0.03408451185212277,0.025789858944338245,0.0247,0.0,0.0094,0.0258,365,273,0.3383,0.253,3.4150945850063755e-06,-0.7031216044716506,0.7031250195662356,WELD_FOUND
16.029,0.02993718539823051,0.027648843025948437,0.03408451185212277,0.025789858944338245,0.0247,0.0,0.0094,0.0258,370,273,0.3429,0.253,3.4150945850063755e-06,-0.7031216044716506,0.7031250195662356,WELD_FOUND
16.08,0.035,0.0,0.035,0.035,0.0272,0.0,0.0078,0.035,370,273,0.3429,0.253,1.054690917763512,3.4150945850063755e-06,1.054687502668927,WELD_FOUND
16.129,0.035,0.0,0.035,0.035,0.0272,0.0,0.0078,0.035,373,273,0.3457,0.253,1.054690917763512,3.4150945850063755e-06,1.054687502668927,WELD_FOUND
16.179,0.03326373038698763,-0.017525337193380203,0.030634929807980597,0.03589253096599466,0.0275,0.0,0.0032,0.0359,373,273,0.3457,0.253,1.054690917763512,0.35156592487770283,0.7031249928858092,WELD_FOUND
16.229,0.03326373038698763,-0.017525337193380203,0.030634929807980597,0.03589253096599466,0.0275,0.0,0.0032,0.0359,378,273,0.3503,0.253,1.4062534542270564,0.35156592487770283,1.0546875293493536,WELD_FOUND
16.279,0.029021787298330125,-0.055955716584461274,0.020628429810660934,0.03741514478599932,0.0275,0.0,-0.0068,0.0374,378,273,0.3503,0.253,1.4062534542270564,1.054690917763512,0.3515625364635444,WELD_FOUND
16.33,0.029021787298330125,-0.055955716584461274,0.020628429810660934,0.03741514478599932,0.0484,0.0,-0.0277,0.0374,386,273,0.3577,0.253,1.4062534542270564,1.054690917763512,0.3515625364635444,WELD_FOUND
16.379,0.0,0.0,0.0,0.0,0.0484,0.0,-0.0484,0.0,386,273,0.3577,0.253,1.4062534542270564,nan,nan,NO_WELD
16.429,0.0,0.0,0.0,0.0,0.0484,0.0,-0.0484,0.0,393,273,0.3642,0.253,1.4062534542270564,nan,nan,NO_WELD
16.479,0.0,0.0,0.0,0.0,0.0464,0.0,-0.0464,0.0,393,273,0.3642,0.253,1.4062534542270564,nan,nan,NO_WELD
16.529,0.0,0.0,0.0,0.0,0.0464,0.0,-0.0464,0.0,392,273,0.3633,0.253,1.054690917763512,nan,nan,NO_WELD
16.579,0.028208106578731743,-0.04574130904433332,0.021346910222081746,0.03506930293538174,0.0464,0.0,-0.0251,0.0351,392,273,0.3633,0.253,1.054690917763512,1.054690917763512,0.0,WELD_FOUND
16.63,0.0,0.0,0.0,0.0,0.0254,0.0,-0.0254,0.0,392,273,0.3633,0.253,1.054690917763512,nan,nan,NO_WELD
16.679,0.0,0.0,0.0,0.0,0.0254,0.0,-0.0254,0.0,392,273,0.3633,0.253,1.054690917763512,nan,nan,NO_WELD
16.729,0.0,0.0,0.0,0.0,0.0254,0.0,-0.0254,0.0,393,273,0.3642,0.253,1.054690917763512,nan,nan,NO_WELD
16.779,0.0,0.0,0.0,0.0,0.0177,0.0,-0.0177,0.0,393,273,0.3642,0.253,1.054690917763512,nan,nan,NO_WELD
16.83,0.0,0.0,0.0,0.0,0.0177,0.0,-0.0177,0.0,393,273,0.3642,0.253,0.35156592487770283,nan,nan,NO_WELD
16.879,0.031682247368572516,-0.016505865018476718,0.029206367615801008,0.03415812712134402,0.0177,0.0,0.0115,0.0342,393,273,0.3642,0.253,0.35156592487770283,0.35156592487770283,0.0,WELD_FOUND
16.93,0.031682247368572516,-0.016505865018476718,0.029206367615801008,0.03415812712134402,0.0131,0.0,0.0161,0.0342,394,273,0.3651,0.253,0.35156592487770283,0.35156592487770283,0.0,WELD_FOUND
16.979,0.03240127940724006,-0.013703507018533546,0.030345753354460027,0.03445680546002009,0.0131,0.0,0.0173,0.0345,394,273,0.3651,0.253,0.35156592487770283,0.35156592487770283,0.0,WELD_FOUND
17.029,0.03240127940724006,-0.013703507018533546,0.030345753354460027,0.03445680546002009,0.0131,0.0,0.0173,0.0345,399,273,0.3698,0.253,1.7578159906906006,0.35156592487770283,1.4062500658128978,WELD_FOUND
17.08,0.03254605397020155,-0.015018859837902566,0.030293224994516164,0.034798882945886934,0.0203,0.0,0.01,0.0348,399,273,0.3698,0.253,1.7578159906906006,0.35156592487770283,1.4062500658128978,WELD_FOUND
17.129,0.0,0.0,0.0,0.0,0.0203,0.0,-0.0203,0.0,404,273,0.3744,0.253,1.7578159906906006,nan,nan,NO_WELD
17.179,0.0,0.0,0.0,0.0,0.0203,0.0,-0.0203,0.0,404,273,0.3744,0.253,1.7578159906906006,nan,nan,NO_WELD
17.229,0.0,0.0,0.0,0.0,0.0246,0.0,-0.0246,0.0,404,273,0.3744,0.253,2.812503493359528,nan,nan,WELD_FOUND
17.279,0.020636370423756965,-0.05,0.013136370423756965,0.028136370423756964,0.0246,0.0,-0.0114,0.0281,405,273,0.3753,0.253,2.812503493359528,2.812503493359528,0.0,WELD_FOUND
17.329,0.020636370423756965,-0.05,0.013136370423756965,0.028136370423756964,0.0184,0.0,-0.0053,0.0281,405,273,0.3753,0.253,1.7578159906906006,2.2851597420250642,-0.5273437513344637,WELD_FOUND
17.379,0.020792453436884416,-0.09926159220769787,0.005903214605729738,0.03568169226803909,0.0184,0.0,-0.0125,0.0357,405,273,0.3753,0.253,1.7578159906906006,2.2851597420250642,-0.5273437513344637,WELD_FOUND
17.429,0.0,0.0,0.0,0.0,0.0184,0.0,-0.0184,0.0,405,273,0.3753,0.253,1.7578159906906006,nan,nan,NO_WELD
17.479,0.0,0.0,0.0,0.0,0.016,0.0,-0.016,0.0,407,273,0.3772,0.253,1.7578159906906006,nan,nan,NO_WELD
17.529,0.0,0.0,0.0,0.0,0.016,0.0,-0.016,0.0,407,273,0.3772,0.253,1.7578159906906006,nan,nan,NO_WELD
17.579,0.0,0.0,0.0,0.0,0.0128,0.0,-0.0128,0.0,407,273,0.3772,0.253,1.7578159906906006,nan,nan,NO_WELD
17.629,0.035,0.0,0.035,0.035,0.0128,0.0,0.0222,0.035,407,273,0.3772,0.253,-0.35155909468853286,-0.35155909468853286,0.0,WELD_FOUND
17.679,0.035,0.0,0.035,0.035,0.0128,0.0,0.0222,0.035,407,273,0.3772,0.253,-0.35155909468853286,-0.35155909468853286,0.0,WELD_FOUND
17.729,0.026062079069381284,0.05,0.03356207906938129,0.018562079069381284,0.0102,0.0,0.0233,0.0186,407,273,0.3772,0.253,-3.164059092912196,-1.7578091605014305,-1.4062499324107656,WELD_FOUND
17.779,0.026062079069381284,0.05,0.03356207906938129,0.018562079069381284,0.0102,0.0,0.0233,0.0186,412,273,0.3818,0.253,-3.164059092912196,-1.7578091605014305,-1.4062499324107656,WELD_FOUND
17.829,0.031220115370108284,0.0027135113063046223,0.03162714206605398,0.03081308867416259,0.0246,0.0,0.007,0.0308,412,273,0.3818,0.253,-0.35155909468853286,-0.35155909468853286,0.0,WELD_FOUND
17.879,0.031220115370108284,0.0027135113063046223,0.03162714206605398,0.03081308867416259,0.0246,0.0,0.007,0.0308,416,273,0.3855,0.253,-0.35155909468853286,-0.35155909468853286,0.0,WELD_FOUND
17.929,0.03136873766901911,0.022668774538822076,0.03476905384984242,0.0279684214881958,0.0246,0.0,0.0101,0.028,416,273,0.3855,0.253,-0.7031216044716506,-0.5273403362398785,-0.1757812682317721,WELD_FOUND
17.979,0.03136873766901911,0.022668774538822076,0.03476905384984242,0.0279684214881958,0.0371,0.0,-0.0023,0.028,421,273,0.3902,0.253,-0.7031216044716506,-0.5273403362398785,-0.1757812682317721,WELD_FOUND
18.029,0.03047307134855513,0.032800107608034625,0.035393087489760326,0.025553055207349937,0.0371,0.0,-0.0017,0.0256,421,273,0.3902,0.253,-2.1093715902432693,-0.7031216044716506,-1.4062499857716186,WELD_FOUND
18.08,0.03047307134855513,0.032800107608034625,0.035393087489760326,0.025553055207349937,0.0408,0.0,-0.0054,0.0256,426,273,0.3948,0.253,-2.1093715902432693,-0.7031216044716506,-1.4062499857716186,WELD_FOUND
18.129,0.023411811609312563,0.08280010760803463,0.035831827750517756,0.01099179546810737,0.0408,0.0,-0.0049,0.011,426,273,0.3948,0.253,-2.8124966631703576,-2.1093715902432693,-0.7031250729270884,WELD_FOUND
18.179,0.023411811609312563,0.08280010760803463,0.035831827750517756,0.01099179546810737,0.0408,0.0,-0.0049,0.011,431,274,0.3994,0.2539,-2.8124966631703576,-2.1093715902432693,-0.7031250729270884,WELD_FOUND
18.229,0.023703575228912352,0.07588921949929726,0.03508695815380694,0.012320192304017763,0.0368,0.0025,-0.0017,0.0099,431,274,0.3994,0.2539,-1.7578091605014305,-1.7578091605014305,0.0,WELD_FOUND
18.279,0.023703575228912352,0.07588921949929726,0.03508695815380694,0.012320192304017763,0.0368,0.0025,-0.0017,0.0099,434,276,0.4022,0.2558,-1.7578091605014305,-1.7578091605014305,0.0,WELD_FOUND
18.329,0.0,0.0,0.0,0.0,0.0332,0.0089,-0.0332,-0.0089,434,276,0.4022,0.2558,-1.7578091605014305,nan,nan,NO_WELD
18.379,0.0,0.0,0.0,0.0,0.0332,0.0089,-0.0332,-0.0089,435,278,0.4031,0.2576,-1.7578091605014305,nan,nan,NO_WELD
18.429,0.0177163889289451,0.05,0.0252163889289451,0.010216388928945101,0.0236,0.0128,0.0016,-0.0025,435,278,0.4031,0.2576,-3.164059092912196,-3.164059092912196,0.0,WELD_FOUND
18.479,0.0177163889289451,0.05,0.0252163889289451,0.010216388928945101,0.0236,0.0128,0.0016,-0.0025,436,278,0.4041,0.2576,-3.164059092912196,-3.164059092912196,0.0,WELD_FOUND
18.529,0.018720844998542065,0.1,0.03372084499854207,0.003720844998542066,0.0236,0.0128,0.0101,-0.009,436,278,0.4041,0.2576,-2.1093715902432693,-2.6367153415777325,0.5273437513344632,WELD_FOUND
18.579,0.018720844998542065,0.1,0.03372084499854207,0.003720844998542066,0.0167,0.0102,0.0171,-0.0065,436,278,0.4041,0.2576,-2.1093715902432693,-2.6367153415777325,0.5273437513344632,WELD_FOUND
18.629,0.016815819058171443,0.14388277716931194,0.03839823563356823,-0.004766597517225347,0.0167,0.0102,0.0217,-0.015,436,278,0.4041,0.2576,-3.164059092912196,-3.164059092912196,0.0,WELD_FOUND
18.679,0.016815819058171443,0.14388277716931194,0.03839823563356823,-0.004766597517225347,0.0167,0.0102,0.0217,-0.015,435,278,0.4031,0.2576,-3.164059092912196,-3.164059092912196,0.0,WELD_FOUND
18.729,0.01853375062655756,0.10980645685367131,0.03500471915460826,0.002062782098506865,0.0075,0.0082,0.0275,-0.0061,435,278,0.4031,0.2576,-0.35155909468853286,-2.6367153415777325,2.2851562468891995,WELD_FOUND
18.779,0.01853375062655756,0.10980645685367131,0.03500471915460826,0.002062782098506865,0.0075,0.0082,0.0275,-0.0061,438,277,0.4059,0.2567,-0.35155909468853286,-2.6367153415777325,2.2851562468891995,WELD_FOUND
18.829,0.021119023113165547,0.08435762594850062,0.03377266700544064,0.008465379220890456,0.0075,0.0082,0.0263,0.0003,438,277,0.4059,0.2567,-1.4062466240378864,-2.1093715902432693,0.7031249662053829,WELD_FOUND
18.879,0.021119023113165547,0.08435762594850062,0.03377266700544064,0.008465379220890456,0.0268,-0.0025,0.007,0.011,444,275,0.4115,0.2549,-1.4062466240378864,-2.1093715902432693,0.7031249662053829,WELD_FOUND
18.929,0.02486433669744933,0.051111703468552615,0.032531092217732226,0.017197581177166438,0.0268,-0.0025,0.0058,0.0197,444,275,0.4115,0.2549,0.35156592487770283,-1.4062466240378864,1.7578125489155891,WELD_FOUND
18.979,0.02486433669744933,0.051111703468552615,0.032531092217732226,0.017197581177166438,0.0268,-0.0025,0.0058,0.0197,448,274,0.4152,0.2539,0.35156592487770283,-1.4062466240378864,1.7578125489155891,WELD_FOUND
19.029,0.02565006671943055,0.059348518389653326,0.03455234447787855,0.01674778896098255,0.0259,-0.004,0.0086,0.0207,448,274,0.4152,0.2539,-1.7578091605014305,-1.4062466240378864,-0.3515625364635442,WELD_FOUND
19.08,0.02565006671943055,0.059348518389653326,0.03455234447787855,0.01674778896098255,0.0259,-0.004,0.0086,0.0207,451,273,0.418,0.253,-1.7578091605014305,-1.4062466240378864,-0.3515625364635442,WELD_FOUND
19.129,0.025808679416031766,0.06095815772276273,0.03495240307444618,0.016664955757617356,0.0259,-0.004,0.009,0.0206,451,273,0.418,0.253,-2.1093715902432693,-1.4062466240378864,-0.7031249662053829,WELD_FOUND
19.179,0.025808679416031766,0.06095815772276273,0.03495240307444618,0.016664955757617356,0.0329,0.0026,0.0021,0.0141,455,276,0.4217,0.2558,-2.1093715902432693,-1.4062466240378864,-0.7031249662053829,WELD_FOUND
19.229,0.025840460623040205,0.06127886529049717,0.03503229041661478,0.016648630829465633,0.0329,0.0026,0.0022,0.0141,455,276,0.4217,0.2558,0.35156592487770283,-1.4062466240378864,1.7578125489155891,WELD_FOUND
19.279,0.025840460623040205,0.06127886529049717,0.03503229041661478,0.016648630829465633,0.0346,0.0164,0.0005,0.0003,459,280,0.4254,0.2595,0.35156592487770283,-1.4062466240378864,1.7578125489155891,WELD_FOUND
19.329,0.035,0.0,0.035,0.035,0.0346,0.0164,0.0004,0.0186,459,280,0.4254,0.2595,0.35156592487770283,0.35156592487770283,0.0,WELD_FOUND
19.379,0.035,0.0,0.035,0.035,0.0346,0.0164,0.0004,0.0186,463,283,0.4291,0.2623,0.35156592487770283,0.35156592487770283,0.0,WELD_FOUND
19.429,0.03305927184345784,-0.019703409416533042,0.030103760430977882,0.03601478325593779,0.0306,0.0172,-0.0005,0.0188,463,283,0.4291,0.2623,0.35156592487770283,0.35156592487770283,0.0,WELD_FOUND
19.479,0.03305927184345784,-0.019703409416533042,0.030103760430977882,0.03601478325593779,0.0306,0.0172,-0.0005,0.0188,467,287,0.4328,0.266,0.35156592487770283,0.35156592487770283,0.0,WELD_FOUND
19.529,0.032677415525368916,-0.01620498891463168,0.030246667188174165,0.03510816386256367,0.0306,0.0172,-0.0004,0.0179,467,287,0.4328,0.266,0.7031284346608206,0.35156592487770283,0.3515625097831178,WELD_FOUND
19.579,0.032677415525368916,-0.01620498891463168,0.030246667188174165,0.03510816386256367,0.0357,0.0276,-0.0054,0.0075,470,290,0.4356,0.2688,0.7031284346608206,0.35156592487770283,0.3515625097831178,WELD_FOUND
19.629,0.032601310442753384,-0.015512628155369971,0.03027441621944789,0.03492820466605888,0.0357,0.0276,-0.0054,0.0073,470,290,0.4356,0.2688,0.7031284346608206,0.35156592487770283,0.3515625097831178,WELD_FOUND
19.679,0.032601310442753384,-0.015512628155369971,0.03027441621944789,0.03492820466605888,0.0357,0.0276,-0.0054,0.0073,473,294,0.4384,0.2725,0.7031284346608206,0.35156592487770283,0.3515625097831178,WELD_FOUND
19.729,0.03258610007347037,-0.015374306597007621,0.030279954083919224,0.03489224606302151,0.0288,0.0265,0.0015,0.0084,473,294,0.4384,0.2725,-1.4062466240378864,0.35156592487770283,-1.7578125489155891,WELD_FOUND
19.779,0.03258610007347037,-0.015374306597007621,0.030279954083919224,0.03489224606302151,0.0288,0.0265,0.0015,0.0084,477,298,0.4421,0.2762,-1.4062466240378864,0.35156592487770283,-1.7578125489155891,WELD_FOUND
19.829,0.032583058425503374,-0.015346860080668318,0.030281029413403125,0.03488508743760362,0.0288,0.0265,0.0015,0.0084,477,298,0.4421,0.2762,-0.7031216044716506,0.35156592487770283,-1.0546875293493534,WELD_FOUND
19.879,0.032583058425503374,-0.015346860080668318,0.030281029413403125,0.03488508743760362,0.0371,0.0357,-0.0068,-0.0008,481,302,0.4458,0.2799,-0.7031216044716506,0.35156592487770283,-1.0546875293493534,WELD_FOUND
19.929,0.03353887968778717,0.023927740492102476,0.03712804076160254,0.029949718613971797,0.0371,0.0357,0.0,-0.0057,481,302,0.4458,0.2799,-0.35155909468853286,-0.35155909468853286,0.0,WELD_FOUND
19.979,0.03353887968778717,0.023927740492102476,0.03712804076160254,0.029949718613971797,0.0334,0.0325,0.0038,-0.0026,484,305,0.4486,0.2827,-0.35155909468853286,-0.35155909468853286,0.0,WELD_FOUND
20.029,0.03277254420315434,0.017076454927223834,0.03533401244223792,0.030211075964070765,0.0334,0.0325,0.002,-0.0023,484,305,0.4486,0.2827,-0.35155909468853286,-0.35155909468853286,0.0,WELD_FOUND
20.08,0.03277254420315434,0.017076454927223834,0.03533401244223792,0.030211075964070765,0.0348,0.0306,0.0005,-0.0004,488,308,0.4523,0.2854,-0.35155909468853286,-0.35155909468853286,0.0,WELD_FOUND
20.129,0.03074738133856573,0.03538505730743258,0.03605513993468062,0.025439622742450846,0.0348,0.0306,0.0012,-0.0052,488,308,0.4523,0.2854,-0.7031216044716506,-0.7031216044716506,0.0,WELD_FOUND
20.179,0.03074738133856573,0.03538505730743258,0.03605513993468062,0.025439622742450846,0.0348,0.0306,0.0012,-0.0052,491,312,0.455,0.2892,-0.7031216044716506,-0.7031216044716506,0.0,WELD_FOUND
20.229,0.030350098763484334,0.031593951889469236,0.03508919154690472,0.02561100598006395,0.0283,0.0283,0.0068,-0.0027,491,312,0.455,0.2892,-1.0546840875743422,-0.7031216044716506,-0.35156248310269156,WELD_FOUND
20.279,0.030350098763484334,0.031593951889469236,0.03508919154690472,0.02561100598006395,0.0283,0.0283,0.0068,-0.0027,495,315,0.4588,0.2919,-1.0546840875743422,-0.7031216044716506,-0.35156248310269156,WELD_FOUND
20.329,0.03212955878260332,0.011210294294719928,0.033811102926811304,0.03044801463839533,0.0318,0.0281,0.002,0.0024,495,315,0.4588,0.2919,0.35156592487770283,-0.35155909468853286,0.7031250195662357,WELD_FOUND
20.379,0.03212955878260332,0.011210294294719928,0.033811102926811304,0.03044801463839533,0.0318,0.0281,0.002,0.0024,499,319,0.4625,0.2956,0.35156592487770283,-0.35155909468853286,0.7031250195662357,WELD_FOUND
20.429,0.03249153363732062,0.014503152185479058,0.03466700646514248,0.030316060809498765,0.0339,0.0317,0.0007,-0.0014,499,319,0.4625,0.2956,0.35156592487770283,-0.35155909468853286,0.7031250195662357,WELD_FOUND
20.479,0.03249153363732062,0.014503152185479058,0.03466700646514248,0.030316060809498765,0.0339,0.0317,0.0007,-0.0014,503,323,0.4662,0.2993,0.35156592487770283,-0.35155909468853286,0.7031250195662357,WELD_FOUND
20.529,0.03256417192229982,0.015175049211138316,0.03484042930397057,0.030287914540629075,0.0339,0.0317,0.0009,-0.0014,503,323,0.4662,0.2993,-0.35155909468853286,-0.35155909468853286,0.0,WELD_FOUND
20.579,0.03256417192229982,0.015175049211138316,0.03484042930397057,0.030287914540629075,0.0377,0.0363,-0.0028,-0.006,506,326,0.4689,0.3021,-0.35155909468853286,-0.35155909468853286,0.0,WELD_FOUND
20.629,0.03354267521207275,-0.023993320066618806,0.029943677202079928,0.03714167322206557,0.0377,0.0363,-0.0077,0.0008,506,326,0.4689,0.3021,1.7578159906906006,0.35156592487770283,1.4062500658128978,WELD_FOUND
20.679,0.03354267521207275,-0.023993320066618806,0.029943677202079928,0.03714167322206557,0.0374,0.0366,-0.0075,0.0005,510,330,0.4727,0.3058,1.7578159906906006,0.35156592487770283,1.4062500658128978,WELD_FOUND
20.729,0.03277325755615666,-0.01709654381324109,0.0302087759841705,0.03533773912814282,0.0374,0.0366,-0.0072,-0.0013,510,330,0.4727,0.3058,1.4062534542270564,0.35156592487770283,1.0546875293493536,WELD_FOUND
20.779,0.03277325755615666,-0.01709654381324109,0.0302087759841705,0.03533773912814282,0.0374,0.0366,-0.0072,-0.0013,514,334,0.4764,0.3095,1.4062534542270564,0.35156592487770283,1.0546875293493536,WELD_FOUND
20.829,0.0,0.0,0.0,0.0,0.0323,0.0319,-0.0323,-0.0319,514,334,0.4764,0.3095,1.4062534542270564,nan,nan,NO_WELD
20.879,0.0,0.0,0.0,0.0,0.0323,0.0319,-0.0323,-0.0319,517,338,0.4791,0.3132,1.4062534542270564,nan,nan,NO_WELD
20.929,0.02975887401791298,0.04841172605495987,0.03702063292615696,0.022497115109669,0.0305,0.0339,0.0065,-0.0114,517,338,0.4791,0.3132,-1.0546840875743422,-1.0546840875743422,0.0,WELD_FOUND
20.979,0.02975887401791298,0.04841172605495987,0.03702063292615696,0.022497115109669,0.0305,0.0339,0.0065,-0.0114,517,338,0.4791,0.3132,-1.0546840875743422,-1.0546840875743422,0.0,WELD_FOUND
21.029,0.03015239710875346,0.029752415792980855,0.03461525947770058,0.02568953473980633,0.0305,0.0339,0.0041,-0.0082,517,338,0.4791,0.3132,-0.35155909468853286,-0.7031216044716506,0.35156250978311776,WELD_FOUND
21.08,0.03015239710875346,0.029752415792980855,0.03461525947770058,0.02568953473980633,0.0208,0.0228,0.0138,0.0029,518,339,0.4801,0.3142,-0.35155909468853286,-0.7031216044716506,0.35156250978311776,WELD_FOUND
21.129,0.03208882226606938,0.010786226729457721,0.03370675627548803,0.03047088825665072,0.0208,0.0228,0.0129,0.0076,518,339,0.4801,0.3142,0.35156592487770283,-0.35155909468853286,0.7031250195662357,WELD_FOUND
21.179,0.03208882226606938,0.010786226729457721,0.03370675627548803,0.03047088825665072,0.0273,0.0285,0.0064,0.0019,522,343,0.4838,0.3179,0.35156592487770283,-0.35155909468853286,0.7031250195662357,WELD_FOUND
21.229,0.0,0.0,0.0,0.0,0.0273,0.0285,-0.0273,-0.0285,522,343,0.4838,0.3179,0.35156592487770283,nan,nan,NO_WELD
21.279,0.0,0.0,0.0,0.0,0.0273,0.0285,-0.0273,-0.0285,526,347,0.4875,0.3216,0.35156592487770283,nan,nan,NO_WELD
21.329,0.028098429718277616,-0.05,0.020598429718277616,0.03559842971827762,0.0263,0.027,-0.0057,0.0086,526,347,0.4875,0.3216,1.4062534542270564,1.4062534542270564,0.0,WELD_FOUND
21.379,0.028098429718277616,-0.05,0.020598429718277616,0.03559842971827762,0.0263,0.027,-0.0057,0.0086,528,349,0.4893,0.3234,1.4062534542270564,1.4062534542270564,0.0,WELD_FOUND
21.429,0.02802486917320553,-0.04619901288227607,0.02109501724086412,0.03495472110554694,0.0232,0.0236,-0.0021,0.0113,528,349,0.4893,0.3234,0.7031284346608206,1.054690917763512,-0.35156248310269134,WELD_FOUND
21.479,0.02802486917320553,-0.04619901288227607,0.02109501724086412,0.03495472110554694,0.0232,0.0236,-0.0021,0.0113,530,352,0.4912,0.3262,0.7031284346608206,1.054690917763512,-0.35156248310269134,WELD_FOUND
21.529,0.0,0.0,0.0,0.0,0.0232,0.0236,-0.0232,-0.0236,530,352,0.4912,0.3262,0.7031284346608206,nan,nan,NO_WELD
21.579,0.0,0.0,0.0,0.0,0.0287,0.029,-0.0287,-0.029,534,355,0.4949,0.329,0.7031284346608206,nan,nan,NO_WELD
21.629,0.035,0.0,0.035,0.035,0.0287,0.029,0.0063,0.006,534,355,0.4949,0.329,3.4150945850063755e-06,3.4150945850063755e-06,0.0,WELD_FOUND
21.679,0.035,0.0,0.035,0.035,0.0287,0.029,0.0063,0.006,535,355,0.4958,0.329,3.4150945850063755e-06,3.4150945850063755e-06,0.0,WELD_FOUND
21.729,0.035,0.0,0.035,0.035,0.0197,0.0232,0.0153,0.0118,535,355,0.4958,0.329,0.35156592487770283,0.17578466998614392,0.1757812548915589,WELD_FOUND
21.779,0.035,0.0,0.035,0.035,0.0197,0.0232,0.0153,0.0118,538,358,0.4986,0.3318,0.35156592487770283,0.17578466998614392,0.1757812548915589,WELD_FOUND
21.829,0.032810800054336,-0.022137016710603405,0.029490247547745492,0.03613135256092651,0.0229,0.025,0.0065,0.0111,538,358,0.4986,0.3318,0.35156592487770283,0.35156592487770283,0.0,WELD_FOUND
21.879,0.032810800054336,-0.022137016710603405,0.029490247547745492,0.03613135256092651,0.0229,0.025,0.0065,0.0111,542,362,0.5023,0.3355,0.35156592487770283,0.35156592487770283,0.0,WELD_FOUND
21.929,0.035,0.0,0.035,0.035,0.0229,0.025,0.0121,0.01,542,362,0.5023,0.3355,-0.35155909468853286,0.17578466998614392,-0.5273437646746768,WELD_FOUND
21.979,0.035,0.0,0.035,0.035,0.036,0.0373,-0.001,-0.0023,547,367,0.5069,0.3401,-0.35155909468853286,0.17578466998614392,-0.5273437646746768,WELD_FOUND
22.029,0.03278167978937172,-0.02240762022983675,0.02942053675489621,0.03614282282384723,0.036,0.0373,-0.0066,-0.0011,547,367,0.5069,0.3401,0.7031284346608206,0.35156592487770283,0.3515625097831178,WELD_FOUND
22.08,0.03278167978937172,-0.02240762022983675,0.02942053675489621,0.03614282282384723,0.036,0.0373,-0.0066,-0.0011,551,371,0.5107,0.3438,0.7031284346608206,0.35156592487770283,0.3515625097831178,WELD_FOUND
22.129,0.03262212573189179,-0.0157091954445927,0.030265746415202886,0.034978505048580695,0.0315,0.0322,-0.0012,0.0027,551,371,0.5107,0.3438,0.35156592487770283,0.35156592487770283,0.0,WELD_FOUND
22.179,0.03262212573189179,-0.0157091954445927,0.030265746415202886,0.034978505048580695,0.0315,0.0322,-0.0012,0.0027,554,374,0.5134,0.3466,0.35156592487770283,0.35156592487770283,0.0,WELD_FOUND
22.229,0.03259026162875157,-0.01541115477017695,0.030278588413225026,0.03490193484427811,0.0315,0.0322,-0.0012,0.0027,554,374,0.5134,0.3466,3.4150945850063755e-06,0.35156592487770283,-0.3515625097831178,WELD_FOUND
22.279,0.03259026162875157,-0.01541115477017695,0.030278588413225026,0.03490193484427811,0.0362,0.0366,-0.0059,-0.0017,558,378,0.5171,0.3503,3.4150945850063755e-06,0.35156592487770283,-0.3515625097831178,WELD_FOUND
22.329,0.03258389067645775,-0.01535456223939239,0.03028070634054889,0.034887075012366604,0.0362,0.0366,-0.0059,-0.0018,558,378,0.5171,0.3503,0.35156592487770283,0.35156592487770283,0.0,WELD_FOUND
22.379,0.03258389067645775,-0.01535456223939239,0.03028070634054889,0.034887075012366604,0.0328,0.0331,-0.0026,0.0018,561,381,0.5199,0.3531,0.35156592487770283,0.35156592487770283,0.0,WELD_FOUND
22.429,0.03258261656073236,-0.01534289977867126,0.03028118159393167,0.034884051527533044,0.0328,0.0331,-0.0026,0.0018,561,381,0.5199,0.3531,3.4150945850063755e-06,0.35156592487770283,-0.3515625097831178,WELD_FOUND
22.479,0.03258261656073236,-0.01534289977867126,0.03028118159393167,0.034884051527533044,0.0308,0.031,-0.0005,0.0039,564,384,0.5227,0.3559,3.4150945850063755e-06,0.35156592487770283,-0.3515625097831178,WELD_FOUND
22.529,0.03258236174057661,-0.015340537661292826,0.030281281091382686,0.034883442389770536,0.0308,0.031,-0.0005,0.0039,564,384,0.5227,0.3559,0.35156592487770283,0.35156592487770283,0.0,WELD_FOUND
22.579,0.03258236174057661,-0.015340537661292826,0.030281281091382686,0.034883442389770536,0.0296,0.0297,0.0007,0.0052,567,387,0.5255,0.3587,0.35156592487770283,0.35156592487770283,0.0,WELD_FOUND
22.629,0.03258231077666504,-0.015340072919978891,0.03028129983866821,0.03488332171466187,0.0296,0.0297,0.0007,0.0052,567,387,0.5255,0.3587,0.35156592487770283,0.35156592487770283,0.0,WELD_FOUND
22.679,0.03258231077666504,-0.015340072919978891,0.03028129983866821,0.03488332171466187,0.0296,0.0297,0.0007,0.0052,570,391,0.5283,0.3624,0.35156592487770283,0.35156592487770283,0.0,WELD_FOUND
22.729,0.0325823005838875,-0.015339980410177286,0.03028130352236091,0.0348832976454141,0.0252,0.0277,0.0051,0.0072,570,391,0.5283,0.3624,-0.35155909468853286,0.35156592487770283,-0.7031250195662357,WELD_FOUND
22.779,0.0325823005838875,-0.015339980410177286,0.03028130352236091,0.0348832976454141,0.0252,0.0277,0.0051,0.0072,573,395,0.531,0.3661,-0.35155909468853286,0.35156592487770283,-0.7031250195662357,WELD_FOUND
22.829,0.03258229854533219,-0.015339961938996624,0.030281304254482697,0.03488329283618168,0.0262,0.0315,0.0041,0.0034,573,395,0.531,0.3661,0.35156592487770283,0.35156592487770283,0.0,WELD_FOUND
22.879,0.03258229854533219,-0.015339961938996624,0.030281304254482697,0.03488329283618168,0.0262,0.0315,0.0041,0.0034,577,399,0.5347,0.3698,0.35156592487770283,0.35156592487770283,0.0,WELD_FOUND
22.929,0.03258229813762114,-0.015339958248526953,0.030281304400342095,0.034883291874900184,0.0262,0.0315,0.0041,0.0034,577,399,0.5347,0.3698,0.35156592487770283,0.35156592487770283,0.0,WELD_FOUND
22.979,0.03258229813762114,-0.015339958248526953,0.030281304400342095,0.034883291874900184,0.038,0.0362,-0.0077,-0.0013,582,402,0.5394,0.3726,0.35156592487770283,0.35156592487770283,0.0,WELD_FOUND
23.029,0.0,0.0,0.0,0.0,0.038,0.0362,-0.038,-0.0362,582,402,0.5394,0.3726,0.35156592487770283,nan,nan,NO_WELD
23.08,0.0,0.0,0.0,0.0,0.038,0.0362,-0.038,-0.0362,586,406,0.5431,0.3763,0.35156592487770283,nan,nan,NO_WELD
23.129,0.035,0.0,0.035,0.035,0.0327,0.0316,0.0023,0.0034,586,406,0.5431,0.3763,3.4150945850063755e-06,3.4150945850063755e-06,0.0,WELD_FOUND
23.179,0.035,0.0,0.035,0.035,0.0327,0.0316,0.0023,0.0034,586,406,0.5431,0.3763,3.4150945850063755e-06,3.4150945850063755e-06,0.0,WELD_FOUND
23.229,0.035,0.0,0.035,0.035,0.0261,0.0253,0.0089,0.0097,586,406,0.5431,0.3763,3.4150945850063755e-06,3.4150945850063755e-06,0.0,WELD_FOUND
23.279,0.035,0.0,0.035,0.035,0.0261,0.0253,0.0089,0.0097,588,408,0.5449,0.3781,3.4150945850063755e-06,3.4150945850063755e-06,0.0,WELD_FOUND
23.329,0.035,0.0,0.035,0.035,0.0261,0.0253,0.0089,0.0097,588,408,0.5449,0.3781,3.4150945850063755e-06,3.4150945850063755e-06,0.0,WELD_FOUND
23.379,0.035,0.0,0.035,0.035,0.033,0.0325,0.002,0.0025,593,413,0.5496,0.3828,3.4150945850063755e-06,3.4150945850063755e-06,0.0,WELD_FOUND
23.429,0.035,0.0,0.035,0.035,0.033,0.0325,0.002,0.0025,593,413,0.5496,0.3828,-0.7031216044716506,3.4150945850063755e-06,-0.7031250195662356,WELD_FOUND
23.479,0.035,0.0,0.035,0.035,0.033,0.0325,0.002,0.0025,597,417,0.5533,0.3865,-0.7031216044716506,3.4150945850063755e-06,-0.7031250195662356,WELD_FOUND
23.529,0.035,0.0,0.035,0.035,0.0297,0.0294,0.0053,0.0056,597,417,0.5533,0.3865,-1.0546840875743422,3.4150945850063755e-06,-1.054687502668927,WELD_FOUND
23.579,0.035,0.0,0.035,0.035,0.0297,0.0294,0.0053,0.0056,601,421,0.557,0.3902,-1.0546840875743422,3.4150945850063755e-06,-1.054687502668927,WELD_FOUND
23.629,0.03305911179749084,0.01964523852740109,0.036005897576601005,0.030112326018380677,0.0297,0.0294,0.0063,0.0007,601,421,0.557,0.3902,-0.35155909468853286,-0.35155909468853286,0.0,WELD_FOUND
23.679,0.03305911179749084,0.01964523852740109,0.036005897576601005,0.030112326018380677,0.0376,0.0349,-0.0016,-0.0048,605,424,0.5607,0.393,-0.35155909468853286,-0.35155909468853286,0.0,WELD_FOUND
23.729,0.0308027999112628,0.03589356402079979,0.03618683451438277,0.025418765308142834,0.0376,0.0349,-0.0014,-0.0095,605,424,0.5607,0.393,-0.7031216044716506,-0.7031216044716506,0.0,WELD_FOUND
23.779,0.0308027999112628,0.03589356402079979,0.03618683451438277,0.025418765308142834,0.0376,0.0349,-0.0014,-0.0095,608,428,0.5635,0.3967,-0.7031216044716506,-0.7031216044716506,0.0,WELD_FOUND
23.829,0.03036110668017693,0.031713644945578136,0.03511815342201365,0.02560405993834021,0.03,0.0308,0.0052,-0.0052,608,428,0.5635,0.3967,0.35156592487770283,-0.7031216044716506,1.0546875293493534,WELD_FOUND
23.879,0.03036110668017693,0.031713644945578136,0.03511815342201365,0.02560405993834021,0.03,0.0308,0.0052,-0.0052,611,430,0.5663,0.3985,0.35156592487770283,-0.7031216044716506,1.0546875293493534,WELD_FOUND
23.929,0.032131823821874496,0.011337213247205323,0.033832405808955295,0.030431241834793697,0.0291,0.0259,0.0047,0.0045,611,430,0.5663,0.3985,0.35156592487770283,-0.35155909468853286,0.7031250195662357,WELD_FOUND
23.979,0.032131823821874496,0.011337213247205323,0.033832405808955295,0.030431241834793697,0.0291,0.0259,0.0047,0.0045,614,433,0.569,0.4013,0.35156592487770283,-0.35155909468853286,0.7031250195662357,WELD_FOUND
24.029,0.035,0.0,0.035,0.035,0.0286,0.0267,0.0064,0.0083,614,433,0.569,0.4013,0.35156592487770283,0.35156592487770283,0.0,WELD_FOUND
24.08,0.035,0.0,0.035,0.035,0.0286,0.0267,0.0064,0.0083,618,437,0.5727,0.405,0.35156592487770283,0.35156592487770283,0.0,WELD_FOUND
24.129,0.032790667194039114,-0.022465879181629952,0.02942078531679462,0.036160549071283604,0.0286,0.0267,0.0008,0.0095,618,437,0.5727,0.405,0.7031284346608206,0.35156592487770283,0.3515625097831178,WELD_FOUND
24.179,0.032790667194039114,-0.022465879181629952,0.02942078531679462,0.036160549071283604,0.0369,0.0358,-0.0075,0.0004,622,441,0.5765,0.4087,0.7031284346608206,0.35156592487770283,0.3515625097831178,WELD_FOUND
24.229,0.03262391873492006,-0.015719922020990623,0.030265930431771462,0.03498190703806865,0.0369,0.0358,-0.0067,-0.0008,622,441,0.5765,0.4087,-0.7031216044716506,0.35156592487770283,-1.0546875293493534,WELD_FOUND
24.279,0.03262391873492006,-0.015719922020990623,0.030265930431771462,0.03498190703806865,0.0369,0.0358,-0.0067,-0.0008,626,445,0.5802,0.4124,-0.7031216044716506,0.35156592487770283,-1.0546875293493534,WELD_FOUND
24.329,0.032590620050241007,-0.015413589567917966,0.030278581615053313,0.0349026584854287,0.032,0.0314,-0.0018,0.0036,626,445,0.5802,0.4124,0.35156592487770283,0.35156592487770283,0.0,WELD_FOUND
24.379,0.032590620050241007,-0.015413589567917966,0.030278581615053313,0.0349026584854287,0.032,0.0314,-0.0018,0.0036,630,448,0.5839,0.4152,0.35156592487770283,0.35156592487770283,0.0,WELD_FOUND
24.429,0.03258396235359099,-0.015355474165029652,0.030280641228836544,0.03488728347834544,0.034,0.0299,-0.0038,0.005,630,448,0.5839,0.4152,1.4062534542270564,0.35156592487770283,1.0546875293493536,WELD_FOUND
24.479,0.03258396235359099,-0.015355474165029652,0.030280641228836544,0.03488728347834544,0.034,0.0299,-0.0038,0.005,633,451,0.5866,0.418,1.4062534542270564,0.35156592487770283,1.0546875293493536,WELD_FOUND
24.529,0.032582630895872426,-0.015342961518176323,0.030281186668145978,0.034884075123598875,0.034,0.0299,-0.0038,0.005,633,451,0.5866,0.418,3.4150945850063755e-06,0.35156592487770283,-0.3515625097831178,WELD_FOUND
24.579,0.032582630895872426,-0.015342961518176323,0.030281186668145978,0.034884075123598875,0.0377,0.0353,-0.0075,-0.0004,637,455,0.5904,0.4217,3.4150945850063755e-06,0.35156592487770283,-0.3515625097831178,WELD_FOUND
24.629,0.035,0.0,0.035,0.035,0.0377,0.0353,-0.0027,-0.0003,637,455,0.5904,0.4217,3.4150945850063755e-06,3.4150945850063755e-06,0.0,WELD_FOUND
24.679,0.035,0.0,0.035,0.035,0.0377,0.0353,-0.0027,-0.0003,640,458,0.5931,0.4245,3.4150945850063755e-06,3.4150945850063755e-06,0.0,WELD_FOUND
24.729,0.032963325951906625,-0.020595215647929307,0.029874043604717227,0.03605260829909602,0.0301,0.0286,-0.0002,0.0075,640,458,0.5931,0.4245,1.054690917763512,0.35156592487770283,0.7031249928858092,WELD_FOUND
24.779,0.032963325951906625,-0.020595215647929307,0.029874043604717227,0.03605260829909602,0.0301,0.0286,-0.0002,0.0075,644,462,0.5968,0.4282,1.054690917763512,0.35156592487770283,0.7031249928858092,WELD_FOUND
24.829,0.035,0.0,0.035,0.035,0.0301,0.0286,0.0049,0.0064,644,462,0.5968,0.4282,-0.35155909468853286,3.4150945850063755e-06,-0.35156250978311787,WELD_FOUND
24.879,0.035,0.0,0.035,0.035,0.0378,0.0369,-0.0028,-0.0019,648,466,0.6005,0.4319,-0.35155909468853286,3.4150945850063755e-06,-0.35156250978311787,WELD_FOUND
24.929,0.035,0.0,0.035,0.035,0.0378,0.0369,-0.0028,-0.0019,648,466,0.6005,0.4319,0.7031284346608206,3.4150945850063755e-06,0.7031250195662356,WELD_FOUND
24.979,0.035,0.0,0.035,0.035,0.0375,0.0369,-0.0025,-0.0019,652,470,0.6043,0.4356,0.7031284346608206,3.4150945850063755e-06,0.7031250195662356,WELD_FOUND
25.029,0.035,0.0,0.035,0.035,0.0375,0.032,-0.0025,0.003,652,470,0.6043,0.4356,-0.7031216044716506,3.4150945850063755e-06,-0.7031250195662356,WELD_FOUND
25.08,0.035,0.0,0.035,0.035,0.0336,0.032,0.0014,0.003,655,473,0.607,0.4384,-0.7031216044716506,3.4150945850063755e-06,-0.7031250195662356,WELD_FOUND
25.129,0.033055697884396204,-0.01970460870086461,0.030100006579266512,0.03601138918952589,0.0336,0.032,-0.0035,0.004,655,473,0.607,0.4384,0.35156592487770283,0.35156592487770283,0.0,WELD_FOUND
25.179,0.033055697884396204,-0.01970460870086461,0.030100006579266512,0.03601138918952589,0.035,0.0291,-0.0049,0.0069,659,474,0.6107,0.4393,0.35156592487770283,0.35156592487770283,0.0,WELD_FOUND
25.229,0.03267670485836047,-0.016199981873332096,0.030246707577360653,0.035106702139360284,0.035,0.0291,-0.0048,0.006,659,474,0.6107,0.4393,1.4062534542270564,0.35156592487770283,1.0546875293493536,WELD_FOUND
25.279,0.03267670485836047,-0.016199981873332096,0.030246707577360653,0.035106702139360284,0.0358,0.0101,-0.0056,0.0251,663,472,0.6144,0.4374,1.4062534542270564,0.35156592487770283,1.0546875293493536,WELD_FOUND
25.329,0.03260116847434385,-0.015512171801819073,0.030274342704070988,0.03492799424461671,0.0358,0.0101,-0.0056,0.0249,663,472,0.6144,0.4374,0.35156592487770283,0.35156592487770283,0.0,WELD_FOUND
25.379,0.03260116847434385,-0.015512171801819073,0.030274342704070988,0.03492799424461671,0.0358,0.0101,-0.0056,0.0249,667,470,0.6182,0.4356,0.35156592487770283,0.35156592487770283,0.0,WELD_FOUND
25.429,0.03258607168638815,-0.01537368714278457,0.030280018614970462,0.034892124757805835,0.0314,0.0011,-0.0011,0.0338,667,470,0.6182,0.4356,0.7031284346608206,0.35156592487770283,0.3515625097831178,WELD_FOUND
25.479,0.03258607168638815,-0.01537368714278457,0.030280018614970462,0.034892124757805835,0.0314,0.0011,-0.0011,0.0338,672,467,0.6228,0.4328,0.7031284346608206,0.35156592487770283,0.3515625097831178,WELD_FOUND
25.529,0.03071118078576545,-0.03507634148201093,0.02544972956346381,0.03597263200806709,0.0314,0.0011,-0.0059,0.0349,672,467,0.6228,0.4328,0.7031284346608206,0.7031284346608206,0.0,WELD_FOUND
25.579,0.03071118078576545,-0.03507634148201093,0.02544972956346381,0.03597263200806709,0.046,-0.0018,-0.0206,0.0378,678,469,0.6283,0.4347,0.7031284346608206,0.7031284346608206,0.0,WELD_FOUND
25.629,0.030342868273660995,-0.0315488931871798,0.025610534295584027,0.035075202251737964,0.046,-0.0018,-0.0204,0.0369,678,469,0.6283,0.4347,0.7031284346608206,0.7031284346608206,0.0,WELD_FOUND
25.679,0.030342868273660995,-0.0315488931871798,0.025610534295584027,0.035075202251737964,0.046,-0.0018,-0.0204,0.0369,683,475,0.633,0.4402,0.7031284346608206,0.7031284346608206,0.0,WELD_FOUND
25.729,0.030269472397960902,-0.030852497219792913,0.025641597814991965,0.03489734698092984,0.04,0.0137,-0.0143,0.0212,683,475,0.633,0.4402,-1.4062466240378864,0.7031284346608206,-2.1093750586987072,WELD_FOUND
25.779,0.030269472397960902,-0.030852497219792913,0.025641597814991965,0.03489734698092984,0.04,0.0137,-0.0143,0.0212,687,480,0.6367,0.4448,-1.4062466240378864,0.7031284346608206,-2.1093750586987072,WELD_FOUND
25.829,0.030254803887889717,-0.03071372240804498,0.02564774552668297,0.034861862249096466,0.0388,0.0268,-0.0132,0.0081,687,480,0.6367,0.4448,-2.8124966631703576,0.7031284346608206,-3.5156250978311783,WELD_FOUND
25.879,0.030254803887889717,-0.03071372240804498,0.02564774552668297,0.034861862249096466,0.0388,0.0268,-0.0132,0.0081,690,484,0.6395,0.4486,-2.8124966631703576,0.7031284346608206,-3.5156250978311783,WELD_FOUND
25.929,0.02844783322415039,0.019286277591955024,0.03134077486294364,0.025554891585357137,0.0388,0.0268,-0.0075,-0.0012,690,484,0.6395,0.4486,-2.8124966631703576,-1.4062466240378864,-1.4062500391324713,WELD_FOUND
25.979,0.02844783322415039,0.019286277591955024,0.03134077486294364,0.025554891585357137,0.0356,0.0334,-0.0043,-0.0078,692,487,0.6413,0.4513,-2.8124966631703576,-1.4062466240378864,-1.4062500391324713,WELD_FOUND
26.029,0.019967292588554033,0.06928627759195502,0.030360234227347287,0.009574350949760781,0.0356,0.0334,-0.0053,-0.0238,692,487,0.6413,0.4513,-2.8124966631703576,-2.8124966631703576,0.0,WELD_FOUND
26.08,0.019967292588554033,0.06928627759195502,0.030360234227347287,0.009574350949760781,0.0356,0.0334,-0.0053,-0.0238,694,488,0.6432,0.4523,-2.8124966631703576,-2.8124966631703576,0.0,WELD_FOUND
26.129,0.0,0.0,0.0,0.0,0.0263,0.0225,-0.0263,-0.0225,694,488,0.6432,0.4523,-2.8124966631703576,nan,nan,NO_WELD
26.179,0.0,0.0,0.0,0.0,0.0263,0.0225,-0.0263,-0.0225,695,489,0.6441,0.4532,-2.8124966631703576,nan,nan,NO_WELD
26.229,0.0184508304489725,0.05,0.0259508304489725,0.0109508304489725,0.0195,0.0172,0.0064,-0.0062,695,489,0.6441,0.4532,-2.8124966631703576,-2.8124966631703576,0.0,WELD_FOUND
26.279,0.0184508304489725,0.05,0.0259508304489725,0.0109508304489725,0.0195,0.0172,0.0064,-0.0062,695,489,0.6441,0.4532,-2.8124966631703576,-2.8124966631703576,0.0,WELD_FOUND
26.329,0.01676449084080729,0.1,0.03176449084080729,0.0017644908408072889,0.0156,0.0138,0.0162,-0.012,695,489,0.6441,0.4532,-3.5156217360974464,-3.164059092912196,-0.3515626431852503,WELD_FOUND
26.379,0.01676449084080729,0.1,0.03176449084080729,0.0017644908408072889,0.0156,0.0138,0.0162,-0.012,696,489,0.645,0.4532,-3.5156217360974464,-3.164059092912196,-0.3515626431852503,WELD_FOUND
26.429,0.017813774345800927,0.11942483580473809,0.03572749971651164,-9.995102490978694e-05,0.0156,0.0138,0.0201,-0.0139,696,489,0.645,0.4532,-2.460934233428519,-2.8124966631703576,0.3515624297418385,WELD_FOUND
26.479,0.017813774345800927,0.11942483580473809,0.03572749971651164,-9.995102490978694e-05,0.0118,0.011,0.0239,-0.0111,696,489,0.645,0.4532,-2.460934233428519,-2.8124966631703576,0.3515624297418385,WELD_FOUND
26.529,0.0,0.0,0.0,0.0,0.0118,0.011,-0.0118,-0.011,696,489,0.645,0.4532,-2.460934233428519,nan,nan,NO_WELD
26.579,0.0,0.0,0.0,0.0,0.0118,0.011,-0.0118,-0.011,700,493,0.6487,0.4569,-2.460934233428519,nan,nan,NO_WELD
26.629,0.02096407539516745,0.05,0.02846407539516745,0.01346407539516745,0.017,0.0165,0.0115,-0.003,700,493,0.6487,0.4569,-2.1093715902432693,-2.1093715902432693,0.0,WELD_FOUND
26.679,0.02096407539516745,0.05,0.02846407539516745,0.01346407539516745,0.017,0.0165,0.0115,-0.003,702,495,0.6506,0.4588,-2.1093715902432693,-2.1093715902432693,0.0,WELD_FOUND
26.729,0.019365924830400973,0.1,0.034365924830400976,0.004365924830400974,0.0176,0.0173,0.0168,-0.0129,702,495,0.6506,0.4588,-3.164059092912196,-2.6367153415777325,-0.5273437513344637,WELD_FOUND
26.779,0.019365924830400973,0.1,0.034365924830400976,0.004365924830400974,0.0176,0.0173,0.0168,-0.0129,702,495,0.6506,0.4588,-3.164059092912196,-2.6367153415777325,-0.5273437513344637,WELD_FOUND
26.829,0.018334514313966977,0.12579440832755648,0.03720367556310045,-0.0005346469351664926,0.0176,0.0173,0.0196,-0.0178,702,495,0.6506,0.4588,-2.8124966631703576,-2.8124966631703576,0.0,WELD_FOUND
26.879,0.018334514313966977,0.12579440832755648,0.03720367556310045,-0.0005346469351664926,0.0204,0.0203,0.0168,-0.0208,706,499,0.6543,0.4625,-2.8124966631703576,-2.8124966631703576,0.0,WELD_FOUND
26.929,0.01743003189305129,0.1331801161568325,0.037407049316576166,-0.0025469855304735833,0.0204,0.0203,0.017,-0.0228,706,499,0.6543,0.4625,-4.218746595581123,-2.988277984762983,-1.2304686108181406,WELD_FOUND
26.979,0.01743003189305129,0.1331801161568325,0.037407049316576166,-0.0025469855304735833,0.0204,0.0203,0.017,-0.0228,709,501,0.6571,0.4643,-4.218746595581123,-2.988277984762983,-1.2304686108181406,WELD_FOUND
27.029,0.0,0.0,0.0,0.0,0.0197,0.0171,-0.0197,-0.0171,709,501,0.6571,0.4643,-4.218746595581123,nan,nan,NO_WELD
27.08,0.0,0.0,0.0,0.0,0.0197,0.0171,-0.0197,-0.0171,711,502,0.6589,0.4652,-4.218746595581123,nan,nan,NO_WELD
27.129,0.0,0.0,0.0,0.0,0.0197,0.0171,-0.0197,-0.0171,711,502,0.6589,0.4652,-4.218746595581123,nan,nan,NO_WELD
27.179,0.0,0.0,0.0,0.0,0.0168,0.0127,-0.0168,-0.0127,711,502,0.6589,0.4652,-4.218746595581123,nan,nan,NO_WELD
27.229,0.0,0.0,0.0,0.0,0.0168,0.0127,-0.0168,-0.0127,711,502,0.6589,0.4652,-4.218746595581123,nan,nan,NO_WELD
27.279,0.0,0.0,0.0,0.0,0.0168,0.0127,-0.0168,-0.0127,711,502,0.6589,0.4652,-4.218746595581123,nan,nan,NO_WELD
27.329,0.005,0.05,0.0125,-0.0024999999999999996,0.0134,0.0102,-0.0009,-0.0127,711,502,0.6589,0.4652,-7.031246887289478,-7.031246887289478,0.0,WELD_FOUND
27.379,0.005,0.05,0.0125,-0.0024999999999999996,0.0134,0.0102,-0.0009,-0.0127,711,502,0.6589,0.4652,-7.031246887289478,-7.031246887289478,0.0,WELD_FOUND
27.429,0.0,0.0,0.0,0.0,0.0107,0.0081,-0.0107,-0.0081,711,502,0.6589,0.4652,-7.031246887289478,nan,nan,NO_WELD
27.479,0.0,0.0,0.0,0.0,0.0107,0.0081,-0.0107,-0.0081,711,502,0.6589,0.4652,-7.031246887289478,nan,nan,NO_WELD
27.529,0.0,0.0,0.0,0.0,0.0107,0.0081,-0.0107,-0.0081,711,502,0.6589,0.4652,-7.031246887289478,nan,nan,NO_WELD
27.579,0.0,0.0,0.0,0.0,0.0086,0.0065,-0.0086,-0.0065,711,502,0.6589,0.4652,-7.031246887289478,nan,nan,NO_WELD
27.629,0.005,0.05,0.0125,-0.0024999999999999996,0.0086,0.0065,0.0039,-0.009,711,502,0.6589,0.4652,-6.328121600918977,-6.328121600918977,0.0,WELD_FOUND
27.679,0.005,0.05,0.0125,-0.0024999999999999996,0.0086,0.0065,0.0039,-0.009,711,502,0.6589,0.4652,-6.328121600918977,-6.328121600918977,0.0,WELD_FOUND
27.729,0.005,0.1,0.02,-0.009999999999999998,0.0069,0.0052,0.0131,-0.0152,711,502,0.6589,0.4652,-8.43749660625683,-7.382809530474727,-1.0546870757821036,WELD_FOUND
27.779,0.005,0.1,0.02,-0.009999999999999998,0.0069,0.0052,0.0131,-0.0152,711,502,0.6589,0.4652,-8.43749660625683,-7.382809530474727,-1.0546870757821036,WELD_FOUND
27.829,0.0,0.0,0.0,0.0,0.0069,0.0052,-0.0069,-0.0052,711,502,0.6589,0.4652,-8.43749660625683,nan,nan,NO_WELD
27.879,0.0,0.0,0.0,0.0,0.0055,0.0042,-0.0055,-0.0042,711,502,0.6589,0.4652,-8.43749660625683,nan,nan,NO_WELD
27.929,0.005,0.05,0.0125,-0.0024999999999999996,0.0055,0.0042,0.007,-0.0067,711,502,0.6589,0.4652,-7.7343721736599775,-7.7343721736599775,0.0,WELD_FOUND
27.979,0.005,0.05,0.0125,-0.0024999999999999996,0.0044,0.0033,0.0081,-0.0058,711,502,0.6589,0.4652,-7.7343721736599775,-7.7343721736599775,0.0,WELD_FOUND
28.029,0.005,0.1,0.02,-0.009999999999999998,0.0044,0.0033,0.0156,-0.0133,711,502,0.6589,0.4652,-7.7343721736599775,-7.7343721736599775,0.0,WELD_FOUND
28.08,0.005,0.1,0.02,-0.009999999999999998,0.0044,0.0033,0.0156,-0.0133,711,502,0.6589,0.4652,-7.7343721736599775,-7.7343721736599775,0.0,WELD_FOUND
28.129,0.005,0.15000000000000002,0.027500000000000004,-0.0175,0.0035,0.0027,0.024,-0.0202,711,502,0.6589,0.4652,-6.328121600918977,-7.7343721736599775,1.4062505727410004,WELD_FOUND
28.179,0.005,0.15000000000000002,0.027500000000000004,-0.0175,0.0035,0.0027,0.024,-0.0202,711,502,0.6589,0.4652,-6.328121600918977,-7.7343721736599775,1.4062505727410004,WELD_FOUND
28.229,0.0,0.0,0.0,0.0,0.0028,0.0021,-0.0028,-0.0021,711,502,0.6589,0.4652,-6.328121600918977,nan,nan,NO_WELD
28.279,0.0,0.0,0.0,0.0,0.0028,0.0021,-0.0028,-0.0021,712,502,0.6599,0.4652,-6.328121600918977,nan,nan,NO_WELD
28.329,0.005,0.05,0.0125,-0.0024999999999999996,0.0028,0.0021,0.0097,-0.0046,712,502,0.6599,0.4652,-7.031246887289478,-7.031246887289478,0.0,WELD_FOUND
28.379,0.005,0.05,0.0125,-0.0024999999999999996,0.0042,0.0017,0.0083,-0.0042,712,502,0.6599,0.4652,-7.031246887289478,-7.031246887289478,0.0,WELD_FOUND
28.429,0.005,0.1,0.02,-0.009999999999999998,0.0042,0.0017,0.0158,-0.0117,712,502,0.6599,0.4652,-6.328121600918977,-6.6796842441042275,0.3515626431852503,WELD_FOUND
28.479,0.005,0.1,0.02,-0.009999999999999998,0.0033,0.0017,0.0167,-0.0117,712,502,0.6599,0.4652,-6.328121600918977,-6.6796842441042275,0.3515626431852503,WELD_FOUND
28.529,0.0,0.0,0.0,0.0,0.0033,0.0014,-0.0033,-0.0014,712,502,0.6599,0.4652,-6.328121600918977,nan,nan,NO_WELD
28.579,0.0,0.0,0.0,0.0,0.0027,0.0014,-0.0027,-0.0014,712,502,0.6599,0.4652,-6.328121600918977,nan,nan,NO_WELD
28.629,0.0,0.0,0.0,0.0,0.0027,0.0014,-0.0027,-0.0014,712,502,0.6599,0.4652,-6.328121600918977,nan,nan,NO_WELD
28.679,0.0,0.0,0.0,0.0,0.0027,0.0011,-0.0027,-0.0011,712,502,0.6599,0.4652,-6.328121600918977,nan,nan,NO_WELD
28.729,0.01078344834346601,0.05,0.01828344834346601,0.0032834483434660104,0.0021,0.0011,0.0162,0.0022,712,502,0.6599,0.4652,-3.8671843792826963,-3.8671843792826963,0.0,WELD_FOUND
28.779,0.01078344834346601,0.05,0.01828344834346601,0.0032834483434660104,0.0021,0.0011,0.0162,0.0022,712,502,0.6599,0.4652,-3.8671843792826963,-3.8671843792826963,0.0,WELD_FOUND
28.829,0.0,0.0,0.0,0.0,0.0017,0.0,-0.0017,0.0,712,502,0.6599,0.4652,-3.8671843792826963,nan,nan,NO_WELD
28.879,0.0,0.0,0.0,0.0,0.0017,0.0,-0.0017,0.0,713,503,0.6608,0.4662,-3.8671843792826963,nan,nan,NO_WELD
28.929,0.0,0.0,0.0,0.0,0.0017,0.0,-0.0017,0.0,713,503,0.6608,0.4662,-3.8671843792826963,nan,nan,NO_WELD
28.979,0.0,0.0,0.0,0.0,0.0035,0.0025,-0.0035,-0.0025,713,503,0.6608,0.4662,-3.8671843792826963,nan,nan,NO_WELD
29.029,0.0,0.0,0.0,0.0,0.0035,0.0025,-0.0035,-0.0025,713,503,0.6608,0.4662,-3.8671843792826963,nan,nan,NO_WELD
29.08,0.0,0.0,0.0,0.0,0.0035,0.0025,-0.0035,-0.0025,713,503,0.6608,0.4662,-3.8671843792826963,nan,nan,NO_WELD
29.129,0.0,0.0,0.0,0.0,0.0028,0.002,-0.0028,-0.002,713,503,0.6608,0.4662,-3.8671843792826963,nan,nan,NO_WELD
29.179,0.0,0.0,0.0,0.0,0.0028,0.002,-0.0028,-0.002,713,503,0.6608,0.4662,-3.8671843792826963,nan,nan,NO_WELD
29.229,0.0,0.0,0.0,0.0,0.0022,0.0016,-0.0022,-0.0016,713,503,0.6608,0.4662,-4.218746595581123,-4.218746595581123,0.0,WELD_FOUND
29.279,0.0,0.0,0.0,0.0,0.0022,0.0016,-0.0022,-0.0016,713,503,0.6608,0.4662,-4.218746595581123,-4.218746595581123,0.0,WELD_FOUND
29.329,0.0,0.0,0.0,0.0,0.0022,0.0016,-0.0022,-0.0016,713,503,0.6608,0.4662,-4.218746595581123,nan,nan,NO_WELD
29.379,0.0,0.0,0.0,0.0,0.0018,0.0013,-0.0018,-0.0013,713,503,0.6608,0.4662,-4.218746595581123,nan,nan,NO_WELD
29.429,0.006699228729358108,0.05,0.014199228729358108,-0.0008007712706418913,0.0018,0.0013,0.0124,-0.0021,713,503,0.6608,0.4662,-5.6249967414353,-5.6249967414353,0.0,WELD_FOUND
29.479,0.006699228729358108,0.05,0.014199228729358108,-0.0008007712706418913,0.0018,0.0013,0.0124,-0.0021,713,503,0.6608,0.4662,-5.6249967414353,-5.6249967414353,0.0,WELD_FOUND
29.529,0.0,0.0,0.0,0.0,0.0014,0.001,-0.0014,-0.001,713,503,0.6608,0.4662,-5.6249967414353,nan,nan,NO_WELD
29.579,0.0,0.0,0.0,0.0,0.0014,0.001,-0.0014,-0.001,713,503,0.6608,0.4662,-5.6249967414353,nan,nan,NO_WELD
29.629,0.005,0.05,0.0125,-0.0024999999999999996,0.0014,0.001,0.0111,-0.0035,713,503,0.6608,0.4662,-7.031246887289478,-7.031246887289478,0.0,WELD_FOUND
29.679,0.005,0.05,0.0125,-0.0024999999999999996,0.0011,0.0,0.0114,-0.0025,713,503,0.6608,0.4662,-7.031246887289478,-7.031246887289478,0.0,WELD_FOUND
29.729,0.0,0.0,0.0,0.0,0.0011,0.0,-0.0011,0.0,713,503,0.6608,0.4662,-7.031246887289478,nan,nan,NO_WELD
29.779,0.0,0.0,0.0,0.0,0.0,0.0,0.0,0.0,713,503,0.6608,0.4662,-7.031246887289478,nan,nan,NO_WELD
29.829,0.0,0.0,0.0,0.0,0.0,0.0,0.0,0.0,713,503,0.6608,0.4662,-7.031246887289478,nan,nan,NO_WELD
29.879,0.0,0.0,0.0,0.0,0.0,0.0,0.0,0.0,713,503,0.6608,0.4662,-7.031246887289478,nan,nan,NO_WELD
29.929,0.0,0.0,0.0,0.0,0.0,0.0,0.0,0.0,713,503,0.6608,0.4662,-7.031246887289478,nan,nan,NO_WELD
29.979,0.0,0.0,0.0,0.0,0.0,0.0,0.0,0.0,713,503,0.6608,0.4662,-7.031246887289478,nan,nan,NO_WELD
30.029,0.005,0.05,0.0125,-0.0024999999999999996,0.0,0.0,0.0125,-0.0025,713,503,0.6608,0.4662,-7.382809530474727,-7.382809530474727,0.0,WELD_FOUND
30.08,0.005,0.05,0.0125,-0.0024999999999999996,0.0,0.0,0.0125,-0.0025,713,503,0.6608,0.4662,-7.382809530474727,-7.382809530474727,0.0,WELD_FOUND
30.129,0.0,0.0,0.0,0.0,0.0,0.0,0.0,0.0,713,503,0.6608,0.4662,-7.382809530474727,nan,nan,NO_WELD
30.179,0.0,0.0,0.0,0.0,0.0,0.0,0.0,0.0,713,503,0.6608,0.4662,-7.382809530474727,nan,nan,NO_WELD
30.229,0.0,0.0,0.0,0.0,0.0,0.0,0.0,0.0,713,503,0.6608,0.4662,-7.382809530474727,nan,nan,NO_WELD
30.279,0.0,0.0,0.0,0.0,0.0,0.0,0.0,0.0,713,503,0.6608,0.4662,-7.382809530474727,nan,nan,NO_WELD
30.329,0.0,0.0,0.0,0.0,0.0,0.0,0.0,0.0,713,503,0.6608,0.4662,-7.382809530474727,nan,nan,NO_WELD
30.379,0.0,0.0,0.0,0.0,0.0,0.0,0.0,0.0,713,503,0.6608,0.4662,-7.382809530474727,nan,nan,NO_WELD
30.429,0.0,0.0,0.0,0.0,0.0,0.0,0.0,0.0,713,503,0.6608,0.4662,-7.382809530474727,nan,nan,NO_WELD
30.479,0.0,0.0,0.0,0.0,0.0,0.0,0.0,0.0,713,503,0.6608,0.4662,-7.382809530474727,nan,nan,NO_WELD
30.529,0.0,0.0,0.0,0.0,0.0,0.0,0.0,0.0,713,503,0.6608,0.4662,-7.382809530474727,-7.382809530474727,0.0,WELD_FOUND
30.579,0.0,0.0,0.0,0.0,0.0,0.0,0.0,0.0,713,503,0.6608,0.4662,-7.382809530474727,-7.382809530474727,0.0,WELD_FOUND
30.629,0.005,0.05,0.0125,-0.0024999999999999996,0.0,0.0,0.0125,-0.0025,713,503,0.6608,0.4662,-7.382809530474727,-7.382809530474727,0.0,WELD_FOUND
30.679,0.005,0.05,0.0125,-0.0024999999999999996,0.0,0.0,0.0125,-0.0025,713,503,0.6608,0.4662,-7.382809530474727,-7.382809530474727,0.0,WELD_FOUND
30.729,0.005,0.1,0.02,-0.009999999999999998,0.0,0.0,0.02,-0.01,713,503,0.6608,0.4662,-7.031246887289478,-7.382809530474727,0.35156264318524943,WELD_FOUND
30.779,0.005,0.1,0.02,-0.009999999999999998,0.0,0.0,0.02,-0.01,713,503,0.6608,0.4662,-7.031246887289478,-7.382809530474727,0.35156264318524943,WELD_FOUND
30.829,0.005,0.15000000000000002,0.027500000000000004,-0.0175,0.0,0.0,0.0275,-0.0175,713,503,0.6608,0.4662,-7.031246887289478,-7.207027781995279,0.1757808947058015,WELD_FOUND
30.879,0.005,0.15000000000000002,0.027500000000000004,-0.0175,0.0025,0.0,0.025,-0.0175,714,503,0.6617,0.4662,-7.031246887289478,-7.207027781995279,0.1757808947058015,WELD_FOUND
30.929,0.005,0.2,0.034999999999999996,-0.024999999999999998,0.0025,0.0,0.0325,-0.025,714,503,0.6617,0.4662,-8.085933963071582,-7.382809530474727,-0.7031244325968551,WELD_FOUND
30.979,0.005,0.2,0.034999999999999996,-0.024999999999999998,0.0052,0.0,0.0298,-0.025,715,503,0.6626,0.4662,-8.085933963071582,-7.382809530474727,-0.7031244325968551,WELD_FOUND
31.029,0.005,0.25,0.042499999999999996,-0.0325,0.0052,0.0,0.0373,-0.0325,715,503,0.6626,0.4662,-6.6796842441042275,-7.031246887289478,0.3515626431852503,WELD_FOUND
31.08,0.005,0.25,0.042499999999999996,-0.0325,0.0052,0.0,0.0373,-0.0325,716,502,0.6636,0.4652,-6.6796842441042275,-7.031246887289478,0.3515626431852503,WELD_FOUND
31.129,0.005,0.3,0.049999999999999996,-0.04,0.0056,-0.0025,0.0444,-0.0375,716,502,0.6636,0.4652,-7.7343721736599775,-7.031246887289478,-0.7031252863704998,WELD_FOUND
31.179,0.005,0.3,0.049999999999999996,-0.04,0.0056,-0.0025,0.0444,-0.0375,719,501,0.6663,0.4643,-7.7343721736599775,-7.031246887289478,-0.7031252863704998,WELD_FOUND
31.229,0.0,0.0,0.0,0.0,0.0145,-0.0052,-0.0145,0.0052,719,501,0.6663,0.4643,-7.7343721736599775,nan,nan,NO_WELD
31.279,0.0,0.0,0.0,0.0,0.0145,-0.0052,-0.0145,0.0052,721,500,0.6682,0.4634,-7.7343721736599775,nan,nan,NO_WELD
31.329,0.0,0.0,0.0,0.0,0.0145,-0.0052,-0.0145,0.0052,721,500,0.6682,0.4634,-7.7343721736599775,nan,nan,NO_WELD
31.379,0.0,0.0,0.0,0.0,0.0112,-0.0056,-0.0112,0.0056,720,500,0.6673,0.4634,-7.7343721736599775,nan,nan,NO_WELD
31.429,0.005,0.05,0.0125,-0.0024999999999999996,0.0112,-0.0056,0.0013,0.0031,720,500,0.6673,0.4634,-6.328121600918977,-6.328121600918977,0.0,WELD_FOUND
31.479,0.005,0.05,0.0125,-0.0024999999999999996,0.0089,-0.0045,0.0036,0.002,720,500,0.6673,0.4634,-6.328121600918977,-6.328121600918977,0.0,WELD_FOUND
31.529,0.0,0.0,0.0,0.0,0.0089,-0.0045,-0.0089,0.0045,720,500,0.6673,0.4634,-6.328121600918977,nan,nan,NO_WELD
31.579,0.0,0.0,0.0,0.0,0.0089,-0.0045,-0.0089,0.0045,720,500,0.6673,0.4634,-6.328121600918977,nan,nan,NO_WELD
31.629,0.0053905556949888685,0.05,0.012890555694988868,-0.002109444305011131,0.0071,-0.0036,0.0058,0.0015,720,500,0.6673,0.4634,-5.9765593846205505,-5.9765593846205505,0.0,WELD_FOUND
31.679,0.0053905556949888685,0.05,0.012890555694988868,-0.002109444305011131,0.0071,-0.0036,0.0058,0.0015,720,500,0.6673,0.4634,-5.9765593846205505,-5.9765593846205505,0.0,WELD_FOUND
31.729,0.0,0.0,0.0,0.0,0.0071,-0.0036,-0.0071,0.0036,720,500,0.6673,0.4634,-5.9765593846205505,nan,nan,NO_WELD
31.779,0.0,0.0,0.0,0.0,0.0057,-0.0029,-0.0057,0.0029,720,500,0.6673,0.4634,-5.9765593846205505,nan,nan,NO_WELD
31.829,0.0,0.0,0.0,0.0,0.0057,-0.0029,-0.0057,0.0029,720,500,0.6673,0.4634,-5.9765593846205505,nan,nan,NO_WELD
31.879,0.0,0.0,0.0,0.0,0.0046,-0.0029,-0.0046,0.0029,720,500,0.6673,0.4634,-5.9765593846205505,nan,nan,NO_WELD
31.929,0.005,0.05,0.0125,-0.0024999999999999996,0.0046,-0.0023,0.0079,-0.0002,720,500,0.6673,0.4634,-7.382809530474727,-7.382809530474727,0.0,WELD_FOUND
31.979,0.005,0.05,0.0125,-0.0024999999999999996,0.0046,-0.0023,0.0079,-0.0002,720,500,0.6673,0.4634,-7.382809530474727,-7.382809530474727,0.0,WELD_FOUND
32.029,0.0,0.0,0.0,0.0,0.0037,-0.0018,-0.0037,0.0018,720,500,0.6673,0.4634,-7.382809530474727,nan,nan,NO_WELD
32.08,0.0,0.0,0.0,0.0,0.0037,-0.0018,-0.0037,0.0018,720,500,0.6673,0.4634,-7.382809530474727,nan,nan,NO_WELD
32.129,0.0,0.0,0.0,0.0,0.0029,-0.0015,-0.0029,0.0015,720,500,0.6673,0.4634,-7.382809530474727,nan,nan,NO_WELD
32.179,0.0,0.0,0.0,0.0,0.0029,-0.0015,-0.0029,0.0015,720,500,0.6673,0.4634,-7.382809530474727,nan,nan,NO_WELD
32.229,0.0,0.0,0.0,0.0,0.0023,-0.0012,-0.0023,0.0012,720,500,0.6673,0.4634,-7.382809530474727,nan,nan,NO_WELD
32.279,0.0,0.0,0.0,0.0,0.0023,-0.0012,-0.0023,0.0012,720,500,0.6673,0.4634,-7.382809530474727,nan,nan,NO_WELD
32.329,0.0,0.0,0.0,0.0,0.0023,-0.0012,-0.0023,0.0012,720,500,0.6673,0.4634,-6.6796842441042275,-6.6796842441042275,0.0,WELD_FOUND
32.379,0.0,0.0,0.0,0.0,0.0019,0.0,-0.0019,0.0,720,500,0.6673,0.4634,-6.6796842441042275,-6.6796842441042275,0.0,WELD_FOUND
32.429,0.0,0.0,0.0,0.0,0.0019,0.0,-0.0019,0.0,720,500,0.6673,0.4634,-6.6796842441042275,nan,nan,NO_WELD
32.479,0.0,0.0,0.0,0.0,0.0015,0.0,-0.0015,0.0,720,500,0.6673,0.4634,-6.6796842441042275,nan,nan,NO_WELD
32.529,0.0,0.0,0.0,0.0,0.0015,0.0,-0.0015,0.0,720,500,0.6673,0.4634,-6.6796842441042275,nan,nan,NO_WELD
32.579,0.0,0.0,0.0,0.0,0.0015,0.0,-0.0015,0.0,720,500,0.6673,0.4634,-6.6796842441042275,nan,nan,NO_WELD
32.629,0.005,0.05,0.0125,-0.0024999999999999996,0.0012,0.0,0.0113,-0.0025,720,500,0.6673,0.4634,-7.031246887289478,-7.031246887289478,0.0,WELD_FOUND
32.679,0.005,0.05,0.0125,-0.0024999999999999996,0.0012,0.0,0.0113,-0.0025,720,500,0.6673,0.4634,-7.031246887289478,-7.031246887289478,0.0,WELD_FOUND
32.729,0.0,0.0,0.0,0.0,0.0,0.0,0.0,0.0,720,500,0.6673,0.4634,-7.031246887289478,nan,nan,NO_WELD
32.779,0.0,0.0,0.0,0.0,0.0,0.0,0.0,0.0,720,500,0.6673,0.4634,-7.031246887289478,nan,nan,NO_WELD
32.829,0.005,0.05,0.0125,-0.0024999999999999996,0.0,0.0,0.0125,-0.0025,720,500,0.6673,0.4634,-7.382809530474727,-7.382809530474727,0.0,WELD_FOUND
32.879,0.005,0.05,0.0125,-0.0024999999999999996,0.0,0.0,0.0125,-0.0025,720,500,0.6673,0.4634,-7.382809530474727,-7.382809530474727,0.0,WELD_FOUND
32.929,0.005,0.1,0.02,-0.009999999999999998,0.0,0.0,0.02,-0.01,720,500,0.6673,0.4634,-7.031246887289478,-7.207027781995279,0.1757808947058015,WELD_FOUND
32.979,0.005,0.1,0.02,-0.009999999999999998,0.0,0.0,0.02,-0.01,720,500,0.6673,0.4634,-7.031246887289478,-7.207027781995279,0.1757808947058015,WELD_FOUND
33.029,0.0,0.0,0.0,0.0,0.0,0.0,0.0,0.0,720,500,0.6673,0.4634,-7.031246887289478,nan,nan,NO_WELD
33.08,0.0,0.0,0.0,0.0,0.0,0.0,0.0,0.0,721,500,0.6682,0.4634,-7.031246887289478,nan,nan,NO_WELD
33.129,0.005,0.05,0.0125,-0.0024999999999999996,0.0025,0.0,0.01,-0.0025,721,500,0.6682,0.4634,-7.031246887289478,-7.031246887289478,0.0,WELD_FOUND
33.179,0.005,0.05,0.0125,-0.0024999999999999996,0.0025,0.0,0.01,-0.0025,721,500,0.6682,0.4634,-7.031246887289478,-7.031246887289478,0.0,WELD_FOUND
33.229,0.005,0.1,0.02,-0.009999999999999998,0.0052,0.0,0.0148,-0.01,722,500,0.6691,0.4634,-6.6796842441042275,-6.855465565696853,0.17578132159262516,WELD_FOUND
33.279,0.005,0.1,0.02,-0.009999999999999998,0.0052,0.0,0.0148,-0.01,722,500,0.6691,0.4634,-6.6796842441042275,-6.855465565696853,0.17578132159262516,WELD_FOUND
33.329,0.005,0.15000000000000002,0.027500000000000004,-0.0175,0.0052,0.0,0.0223,-0.0175,722,500,0.6691,0.4634,-7.382809530474727,-7.031246887289478,-0.35156264318524943,WELD_FOUND
33.379,0.005,0.15000000000000002,0.027500000000000004,-0.0175,0.0042,0.0,0.0233,-0.0175,722,500,0.6691,0.4634,-7.382809530474727,-7.031246887289478,-0.35156264318524943,WELD_FOUND
33.429,0.0,0.0,0.0,0.0,0.0042,0.0,-0.0042,0.0,722,500,0.6691,0.4634,-7.382809530474727,nan,nan,NO_WELD
33.479,0.0,0.0,0.0,0.0,0.0033,0.0,-0.0033,0.0,722,500,0.6691,0.4634,-7.382809530474727,nan,nan,NO_WELD
33.529,0.0,0.0,0.0,0.0,0.0033,0.0,-0.0033,0.0,723,501,0.6701,0.4643,-7.382809530474727,nan,nan,NO_WELD
33.579,0.0,0.0,0.0,0.0,0.0057,0.0037,-0.0057,-0.0037,723,501,0.6701,0.4643,-7.382809530474727,nan,nan,NO_WELD
33.629,0.005,0.05,0.0125,-0.0024999999999999996,0.0057,0.0037,0.0068,-0.0062,723,501,0.6701,0.4643,-6.6796842441042275,-6.6796842441042275,0.0,WELD_FOUND
33.681,0.005,0.05,0.0125,-0.0024999999999999996,0.0046,0.003,0.0079,-0.0055,723,501,0.6701,0.4643,-6.6796842441042275,nan,nan,NO_WELD
33.729,0.0,0.0,0.0,0.0,0.0046,0.003,-0.0046,-0.003,723,501,0.6701,0.4643,-6.6796842441042275,nan,nan,NO_WELD
33.779,0.0,0.0,0.0,0.0,0.0046,0.003,-0.0046,-0.003,723,501,0.6701,0.4643,-6.6796842441042275,nan,nan,NO_WELD
33.829,0.0,0.0,0.0,0.0,0.0053,0.0024,-0.0053,-0.0024,724,501,0.671,0.4643,-6.6796842441042275,nan,nan,NO_WELD
33.879,0.0,0.0,0.0,0.0,0.0053,0.0024,-0.0053,-0.0024,724,501,0.671,0.4643,-7.7343721736599775,nan,nan,NO_WELD
33.929,0.005,0.05,0.0125,-0.0024999999999999996,0.0042,0.0019,0.0083,-0.0044,724,501,0.671,0.4643,-7.7343721736599775,-7.7343721736599775,0.0,WELD_FOUND
33.979,0.005,0.05,0.0125,-0.0024999999999999996,0.0042,0.0019,0.0083,-0.0044,724,501,0.671,0.4643,-7.7343721736599775,nan,nan,NO_WELD
34.029,0.0,0.0,0.0,0.0,0.0042,0.0019,-0.0042,-0.0019,724,501,0.671,0.4643,-7.7343721736599775,nan,nan,NO_WELD
34.081,0.0,0.0,0.0,0.0,0.0034,0.0015,-0.0034,-0.0015,724,501,0.671,0.4643,-7.7343721736599775,nan,nan,NO_WELD
34.129,0.0,0.0,0.0,0.0,0.0034,0.0015,-0.0034,-0.0015,724,501,0.671,0.4643,-7.7343721736599775,nan,nan,NO_WELD
34.18,0.0,0.0,0.0,0.0,0.0027,0.0012,-0.0027,-0.0012,724,501,0.671,0.4643,-7.7343721736599775,nan,nan,NO_WELD
34.229,0.0,0.0,0.0,0.0,0.0027,0.0012,-0.0027,-0.0012,724,501,0.671,0.4643,-7.7343721736599775,nan,nan,NO_WELD
34.279,0.0,0.0,0.0,0.0,0.0027,0.0012,-0.0027,-0.0012,724,501,0.671,0.4643,-7.7343721736599775,nan,nan,NO_WELD
34.329,0.0,0.0,0.0,0.0,0.0022,0.0,-0.0022,0.0,724,501,0.671,0.4643,-7.7343721736599775,nan,nan,NO_WELD
34.379,0.0,0.0,0.0,0.0,0.0022,0.0,-0.0022,0.0,724,501,0.671,0.4643,-7.7343721736599775,nan,nan,NO_WELD
34.429,0.0,0.0,0.0,0.0,0.0022,0.0,-0.0022,0.0,724,501,0.671,0.4643,-7.7343721736599775,nan,nan,NO_WELD
34.479,0.0,0.0,0.0,0.0,0.0017,0.0,-0.0017,0.0,724,501,0.671,0.4643,-7.7343721736599775,nan,nan,NO_WELD
34.529,0.0,0.0,0.0,0.0,0.0017,0.0,-0.0017,0.0,724,501,0.671,0.4643,-7.7343721736599775,nan,nan,NO_WELD
34.58,0.0,0.0,0.0,0.0,0.0014,0.0,-0.0014,0.0,724,501,0.671,0.4643,-5.9765593846205505,nan,nan,NO_WELD
34.629,0.005665826034919736,0.05,0.013165826034919736,-0.0018341739650802637,0.0014,0.0,0.0118,-0.0018,724,501,0.671,0.4643,-5.9765593846205505,-5.9765593846205505,0.0,WELD_FOUND
34.679,0.0,0.0,0.0,0.0,0.0014,0.0,-0.0014,0.0,724,501,0.671,0.4643,-5.9765593846205505,nan,nan,NO_WELD
34.729,0.0,0.0,0.0,0.0,0.0011,0.0,-0.0011,0.0,724,501,0.671,0.4643,-5.9765593846205505,nan,nan,NO_WELD
34.779,0.0,0.0,0.0,0.0,0.0011,0.0,-0.0011,0.0,724,501,0.671,0.4643,-5.9765593846205505,nan,nan,NO_WELD
34.829,0.0,0.0,0.0,0.0,0.0011,0.0,-0.0011,0.0,724,501,0.671,0.4643,-5.9765593846205505,nan,nan,NO_WELD
34.879,0.0,0.0,0.0,0.0,0.0,0.0,0.0,0.0,724,501,0.671,0.4643,-5.9765593846205505,nan,nan,NO_WELD
34.929,0.0,0.0,0.0,0.0,0.0,0.0,0.0,0.0,724,501,0.671,0.4643,-5.9765593846205505,nan,nan,NO_WELD
34.979,0.0,0.0,0.0,0.0,0.0,0.0,0.0,0.0,724,501,0.671,0.4643,-4.921871881951623,-4.921871881951623,0.0,WELD_FOUND
35.029,0.0,0.0,0.0,0.0,0.0,0.0,0.0,0.0,724,501,0.671,0.4643,-4.921871881951623,-4.921871881951623,0.0,WELD_FOUND
35.08,0.014716506514280164,0.05,0.022216506514280164,0.007216506514280165,0.0,0.0,0.0222,0.0072,724,501,0.671,0.4643,-2.1093715902432693,-3.5156217360974464,1.4062501458541772,WELD_FOUND
35.129,0.014716506514280164,0.05,0.022216506514280164,0.007216506514280165,0.0,0.0,0.0222,0.0072,724,501,0.671,0.4643,-2.1093715902432693,-3.5156217360974464,1.4062501458541772,WELD_FOUND
35.179,0.02026592376862481,0.07456151884659387,0.031450151595613894,0.00908169594163573,0.0,0.0,0.0315,0.0091,724,501,0.671,0.4643,0.35156592487770283,-2.1093715902432693,2.460937515120972,WELD_FOUND
35.229,0.02026592376862481,0.07456151884659387,0.031450151595613894,0.00908169594163573,0.0037,0.0037,0.0277,0.0054,725,502,0.6719,0.4652,0.35156592487770283,-2.1093715902432693,2.460937515120972,WELD_FOUND
35.279,0.0,0.0,0.0,0.0,0.0037,0.0037,-0.0037,-0.0037,725,502,0.6719,0.4652,0.35156592487770283,nan,nan,NO_WELD
35.329,0.0,0.0,0.0,0.0,0.0133,0.0133,-0.0133,-0.0133,728,505,0.6747,0.468,0.35156592487770283,nan,nan,NO_WELD
35.379,0.0,0.0,0.0,0.0,0.0133,0.0133,-0.0133,-0.0133,728,505,0.6747,0.468,0.35156592487770283,nan,nan,NO_WELD
35.429,0.0,0.0,0.0,0.0,0.0133,0.0133,-0.0133,-0.0133,728,506,0.6747,0.4689,0.35156592487770283,nan,nan,NO_WELD
35.479,0.0,0.0,0.0,0.0,0.0107,0.0105,-0.0107,-0.0105,728,506,0.6747,0.4689,0.35156592487770283,nan,nan,NO_WELD
35.529,0.0,0.0,0.0,0.0,0.0107,0.0105,-0.0107,-0.0105,728,506,0.6747,0.4689,0.35156592487770283,nan,nan,NO_WELD
35.579,0.02179170584530101,0.05,0.02929170584530101,0.014291705845301012,0.0107,0.0105,0.0186,0.0038,728,506,0.6747,0.4689,-2.1093715902432693,-2.1093715902432693,0.0,WELD_FOUND
35.629,0.02179170584530101,0.05,0.02929170584530101,0.014291705845301012,0.0085,0.0084,0.0208,0.0059,728,506,0.6747,0.4689,-2.1093715902432693,-2.1093715902432693,0.0,WELD_FOUND
35.679,0.01879551279718462,0.1,0.033795512797184624,0.0037955127971846213,0.0085,0.0084,0.0253,-0.0046,728,506,0.6747,0.4689,-3.5156217360974464,-2.8124966631703576,-0.7031250729270888,WELD_FOUND
35.729,0.01879551279718462,0.1,0.033795512797184624,0.0037955127971846213,0.0125,0.0124,0.0213,-0.0086,730,508,0.6765,0.4708,-3.5156217360974464,-2.8124966631703576,-0.7031250729270888,WELD_FOUND
35.779,0.0,0.0,0.0,0.0,0.0125,0.0124,-0.0125,-0.0124,730,508,0.6765,0.4708,-3.5156217360974464,nan,nan,NO_WELD
35.829,0.0,0.0,0.0,0.0,0.0125,0.0124,-0.0125,-0.0124,733,510,0.6793,0.4727,-3.5156217360974464,nan,nan,NO_WELD
35.879,0.0,0.0,0.0,0.0,0.0149,0.0124,-0.0149,-0.0124,733,510,0.6793,0.4727,-3.5156217360974464,nan,nan,NO_WELD
35.929,0.0,0.0,0.0,0.0,0.0149,0.0124,-0.0149,-0.0124,732,510,0.6784,0.4727,-3.5156217360974464,nan,nan,NO_WELD
35.979,0.0,0.0,0.0,0.0,0.0053,0.0099,-0.0053,-0.0099,732,510,0.6784,0.4727,-3.5156217360974464,nan,nan,NO_WELD
36.029,0.0,0.0,0.0,0.0,0.0053,0.0099,-0.0053,-0.0099,732,510,0.6784,0.4727,-3.5156217360974464,nan,nan,NO_WELD
36.08,0.0,0.0,0.0,0.0,0.0042,0.0079,-0.0042,-0.0079,732,510,0.6784,0.4727,-3.5156217360974464,nan,nan,NO_WELD
36.129,0.0,0.0,0.0,0.0,0.0042,0.0079,-0.0042,-0.0079,732,510,0.6784,0.4727,-3.5156217360974464,nan,nan,NO_WELD
36.179,0.0,0.0,0.0,0.0,0.0042,0.0079,-0.0042,-0.0079,732,510,0.6784,0.4727,-3.5156217360974464,nan,nan,NO_WELD
36.229,0.0,0.0,0.0,0.0,0.0034,0.0064,-0.0034,-0.0064,732,510,0.6784,0.4727,-3.5156217360974464,nan,nan,NO_WELD
36.279,0.0,0.0,0.0,0.0,0.0034,0.0064,-0.0034,-0.0064,732,510,0.6784,0.4727,-3.5156217360974464,nan,nan,NO_WELD
36.329,0.0,0.0,0.0,0.0,0.0034,0.0064,-0.0034,-0.0064,732,510,0.6784,0.4727,-3.5156217360974464,nan,nan,NO_WELD
36.379,0.014716506514280164,0.05,0.022216506514280164,0.007216506514280165,0.0027,0.0051,0.0195,0.0021,732,510,0.6784,0.4727,-3.5156217360974464,-3.5156217360974464,0.0,WELD_FOUND
36.429,0.014716506514280164,0.05,0.022216506514280164,0.007216506514280165,0.0027,0.0051,0.0195,0.0021,732,510,0.6784,0.4727,-3.5156217360974464,-3.5156217360974464,0.0,WELD_FOUND
36.479,0.0,0.0,0.0,0.0,0.0027,0.0051,-0.0027,-0.0051,732,510,0.6784,0.4727,-3.5156217360974464,nan,nan,NO_WELD
36.529,0.0,0.0,0.0,0.0,0.0066,0.008,-0.0066,-0.008,734,512,0.6802,0.4745,-3.5156217360974464,nan,nan,NO_WELD
36.579,0.014716506514280164,0.05,0.022216506514280164,0.007216506514280165,0.0066,0.008,0.0157,-0.0008,734,512,0.6802,0.4745,-3.5156217360974464,-3.5156217360974464,0.0,WELD_FOUND
36.629,0.014716506514280164,0.05,0.022216506514280164,0.007216506514280165,0.0052,0.0064,0.017,0.0008,734,512,0.6802,0.4745,-3.5156217360974464,-3.5156217360974464,0.0,WELD_FOUND
36.679,0.0,0.0,0.0,0.0,0.0052,0.0064,-0.0052,-0.0064,734,512,0.6802,0.4745,-3.5156217360974464,nan,nan,NO_WELD
36.729,0.0,0.0,0.0,0.0,0.0052,0.0064,-0.0052,-0.0064,735,513,0.6812,0.4754,-3.5156217360974464,nan,nan,NO_WELD
36.779,0.014716506514280164,0.05,0.022216506514280164,0.007216506514280165,0.0056,0.0063,0.0166,0.0009,735,513,0.6812,0.4754,-3.5156217360974464,-3.5156217360974464,0.0,WELD_FOUND
36.829,0.014716506514280164,0.05,0.022216506514280164,0.007216506514280165,0.0056,0.0063,0.0166,0.0009,735,513,0.6812,0.4754,-3.5156217360974464,-3.5156217360974464,0.0,WELD_FOUND
36.879,0.011698011478624974,0.1,0.026698011478624974,-0.0033019885213750252,0.0045,0.005,0.0222,-0.0083,735,513,0.6812,0.4754,-5.273434098250051,-4.394527917173749,-0.8789061810763021,WELD_FOUND
36.929,0.011698011478624974,0.1,0.026698011478624974,-0.0033019885213750252,0.0045,0.005,0.0222,-0.0083,737,515,0.683,0.4773,-5.273434098250051,-4.394527917173749,-0.8789061810763021,WELD_FOUND
36.979,0.0,0.0,0.0,0.0,0.0101,0.0104,-0.0101,-0.0104,737,515,0.683,0.4773,-5.273434098250051,nan,nan,NO_WELD
37.029,0.0,0.0,0.0,0.0,0.0101,0.0104,-0.0101,-0.0104,739,516,0.6849,0.4782,-5.273434098250051,nan,nan,NO_WELD
37.08,0.0,0.0,0.0,0.0,0.0101,0.0104,-0.0101,-0.0104,739,516,0.6849,0.4782,-5.273434098250051,nan,nan,NO_WELD
37.129,0.0,0.0,0.0,0.0,0.011,0.0087,-0.011,-0.0087,739,516,0.6849,0.4782,-5.273434098250051,nan,nan,NO_WELD
37.179,0.014085121964616323,0.05,0.021585121964616323,0.006585121964616324,0.011,0.0087,0.0106,-0.0022,739,516,0.6849,0.4782,-3.5156217360974464,-3.5156217360974464,0.0,WELD_FOUND
37.229,0.014085121964616323,0.05,0.021585121964616323,0.006585121964616324,0.0088,0.007,0.0128,-0.0004,739,516,0.6849,0.4782,-3.5156217360974464,-3.5156217360974464,0.0,WELD_FOUND
37.279,0.0,0.0,0.0,0.0,0.0088,0.007,-0.0088,-0.007,739,516,0.6849,0.4782,-3.5156217360974464,nan,nan,NO_WELD
37.329,0.0,0.0,0.0,0.0,0.009,0.0079,-0.009,-0.0079,740,517,0.6858,0.4791,-3.5156217360974464,nan,nan,NO_WELD
37.379,0.011025067510837537,0.05,0.018525067510837538,0.003525067510837537,0.009,0.0079,0.0095,-0.0044,740,517,0.6858,0.4791,-4.570309238766374,-4.570309238766374,0.0,WELD_FOUND
37.429,0.011025067510837537,0.05,0.018525067510837538,0.003525067510837537,0.009,0.0079,0.0095,-0.0044,740,517,0.6858,0.4791,-4.570309238766374,-4.570309238766374,0.0,WELD_FOUND
37.479,0.0,0.0,0.0,0.0,0.0072,0.0063,-0.0072,-0.0063,740,517,0.6858,0.4791,-4.570309238766374,nan,nan,NO_WELD
37.529,0.0,0.0,0.0,0.0,0.0072,0.0063,-0.0072,-0.0063,740,517,0.6858,0.4791,-4.570309238766374,nan,nan,NO_WELD
37.579,0.0,0.0,0.0,0.0,0.0072,0.0063,-0.0072,-0.0063,740,517,0.6858,0.4791,-4.570309238766374,nan,nan,NO_WELD
37.629,0.0,0.0,0.0,0.0,0.0058,0.0051,-0.0058,-0.0051,740,517,0.6858,0.4791,-4.570309238766374,nan,nan,NO_WELD
37.679,0.011561828271322435,0.05,0.019061828271322433,0.004061828271322435,0.0058,0.0051,0.0133,-0.001,740,517,0.6858,0.4791,-4.218746595581123,-4.218746595581123,0.0,WELD_FOUND
37.729,0.011561828271322435,0.05,0.019061828271322433,0.004061828271322435,0.0046,0.004,0.0145,0.0,740,517,0.6858,0.4791,-4.218746595581123,-4.218746595581123,0.0,WELD_FOUND
37.779,0.0,0.0,0.0,0.0,0.0046,0.004,-0.0046,-0.004,740,517,0.6858,0.4791,-4.218746595581123,nan,nan,NO_WELD
37.829,0.0,0.0,0.0,0.0,0.0046,0.004,-0.0046,-0.004,742,518,0.6877,0.4801,-4.218746595581123,nan,nan,NO_WELD
37.879,0.02253742905120253,0.05,0.03003742905120253,0.01503742905120253,0.0077,0.0049,0.0223,0.0101,742,518,0.6877,0.4801,-1.4062466240378864,-1.4062466240378864,0.0,WELD_FOUND
37.929,0.02253742905120253,0.05,0.03003742905120253,0.01503742905120253,0.0077,0.0049,0.0223,0.0101,742,519,0.6877,0.481,-1.4062466240378864,-1.4062466240378864,0.0,WELD_FOUND
37.979,0.0,0.0,0.0,0.0,0.0062,0.0066,-0.0062,-0.0066,742,519,0.6877,0.481,-1.4062466240378864,nan,nan,NO_WELD
38.029,0.0,0.0,0.0,0.0,0.0062,0.0066,-0.0062,-0.0066,745,521,0.6904,0.4828,-1.4062466240378864,nan,nan,NO_WELD
38.08,0.03192987759269827,-0.05,0.024429877592698268,0.03942987759269827,0.0148,0.0114,0.0096,0.028,745,521,0.6904,0.4828,1.054690917763512,1.054690917763512,0.0,WELD_FOUND
38.129,0.03192987759269827,-0.05,0.024429877592698268,0.03942987759269827,0.0148,0.0114,0.0096,0.028,745,522,0.6904,0.4838,1.054690917763512,1.054690917763512,0.0,WELD_FOUND
38.179,0.0,0.0,0.0,0.0,0.0148,0.0114,-0.0148,-0.0114,745,522,0.6904,0.4838,1.054690917763512,nan,nan,NO_WELD
38.229,0.0,0.0,0.0,0.0,0.0138,0.0143,-0.0138,-0.0143,747,524,0.6923,0.4856,1.054690917763512,nan,nan,NO_WELD
38.279,0.0,0.0,0.0,0.0,0.0138,0.0143,-0.0138,-0.0143,747,524,0.6923,0.4856,1.054690917763512,nan,nan,NO_WELD
38.329,0.0,0.0,0.0,0.0,0.0138,0.0143,-0.0138,-0.0143,748,524,0.6932,0.4856,1.054690917763512,nan,nan,NO_WELD
38.379,0.020537889123487335,-0.05,0.013037889123487335,0.028037889123487335,0.0108,0.0114,0.0023,0.0166,748,524,0.6932,0.4856,2.812503493359528,2.812503493359528,0.0,WELD_FOUND
38.429,0.020537889123487335,-0.05,0.013037889123487335,0.028037889123487335,0.0108,0.0114,0.0023,0.0166,748,524,0.6932,0.4856,2.812503493359528,2.812503493359528,0.0,WELD_FOUND
38.479,0.0,0.0,0.0,0.0,0.0108,0.0114,-0.0108,-0.0114,748,524,0.6932,0.4856,2.812503493359528,nan,nan,NO_WELD
38.529,0.0,0.0,0.0,0.0,0.0086,0.0093,-0.0086,-0.0093,748,525,0.6932,0.4866,2.812503493359528,nan,nan,NO_WELD
38.579,0.0,0.0,0.0,0.0,0.0086,0.0093,-0.0086,-0.0093,748,525,0.6932,0.4866,2.812503493359528,nan,nan,NO_WELD
38.629,0.0,0.0,0.0,0.0,0.0086,0.0093,-0.0086,-0.0093,749,526,0.6942,0.4875,2.812503493359528,nan,nan,NO_WELD
38.679,0.0,0.0,0.0,0.0,0.0076,0.0081,-0.0076,-0.0081,749,526,0.6942,0.4875,2.812503493359528,nan,nan,NO_WELD
38.729,0.0,0.0,0.0,0.0,0.0076,0.0081,-0.0076,-0.0081,749,526,0.6942,0.4875,2.812503493359528,nan,nan,NO_WELD
38.779,0.0,0.0,0.0,0.0,0.0076,0.0081,-0.0076,-0.0081,749,526,0.6942,0.4875,2.812503493359528,nan,nan,NO_WELD
38.829,0.0,0.0,0.0,0.0,0.0061,0.0064,-0.0061,-0.0064,749,526,0.6942,0.4875,2.812503493359528,nan,nan,NO_WELD
38.879,0.0,0.0,0.0,0.0,0.0061,0.0064,-0.0061,-0.0064,749,526,0.6942,0.4875,2.812503493359528,nan,nan,NO_WELD
38.929,0.0,0.0,0.0,0.0,0.0061,0.0064,-0.0061,-0.0064,749,526,0.6942,0.4875,2.812503493359528,nan,nan,NO_WELD
38.979,0.0,0.0,0.0,0.0,0.0049,0.0052,-0.0049,-0.0052,749,526,0.6942,0.4875,2.812503493359528,nan,nan,NO_WELD
39.029,0.0,0.0,0.0,0.0,0.0049,0.0052,-0.0049,-0.0052,749,526,0.6942,0.4875,2.812503493359528,nan,nan,NO_WELD
39.08,0.0,0.0,0.0,0.0,0.0039,0.0041,-0.0039,-0.0041,749,526,0.6942,0.4875,2.812503493359528,nan,nan,NO_WELD
39.129,0.0,0.0,0.0,0.0,0.0039,0.0041,-0.0039,-0.0041,749,526,0.6942,0.4875,2.812503493359528,nan,nan,NO_WELD
39.179,0.0,0.0,0.0,0.0,0.0031,0.0033,-0.0031,-0.0033,749,526,0.6942,0.4875,2.812503493359528,nan,nan,NO_WELD
39.229,0.0,0.0,0.0,0.0,0.0031,0.0033,-0.0031,-0.0033,749,526,0.6942,0.4875,2.812503493359528,nan,nan,NO_WELD
39.279,0.0,0.0,0.0,0.0,0.0031,0.0033,-0.0031,-0.0033,749,526,0.6942,0.4875,2.812503493359528,nan,nan,NO_WELD
39.329,0.0,0.0,0.0,0.0,0.0025,0.0026,-0.0025,-0.0026,749,526,0.6942,0.4875,2.812503493359528,nan,nan,NO_WELD
39.379,0.0,0.0,0.0,0.0,0.0025,0.0026,-0.0025,-0.0026,749,526,0.6942,0.4875,2.812503493359528,2.812503493359528,0.0,WELD_FOUND
39.429,0.0,0.0,0.0,0.0,0.002,0.0021,-0.002,-0.0021,749,526,0.6942,0.4875,2.812503493359528,2.812503493359528,0.0,WELD_FOUND
39.479,0.018081037111539147,-0.05,0.010581037111539147,0.025581037111539147,0.002,0.0021,0.0086,0.0235,749,526,0.6942,0.4875,2.812503493359528,2.812503493359528,0.0,WELD_FOUND
39.529,0.018081037111539147,-0.05,0.010581037111539147,0.025581037111539147,0.002,0.0021,0.0086,0.0235,749,526,0.6942,0.4875,2.812503493359528,2.812503493359528,0.0,WELD_FOUND
39.579,0.018081037111539147,-0.1,0.0030810371115391477,0.03308103711153915,0.0016,0.0017,0.0015,0.0314,749,526,0.6942,0.4875,2.4609410636176894,2.812503493359528,-0.3515624297418385,WELD_FOUND
39.629,0.018081037111539147,-0.1,0.0030810371115391477,0.03308103711153915,0.0016,0.0017,0.0015,0.0314,751,530,0.696,0.4912,2.4609410636176894,2.812503493359528,-0.3515624297418385,WELD_FOUND
39.679,0.018081037111539147,-0.12271861545741558,-0.00032675520707318995,0.036488829430151484,0.0016,0.0017,-0.0019,0.0348,751,530,0.696,0.4912,3.5156285662866162,2.812503493359528,0.7031250729270884,WELD_FOUND
39.729,0.018081037111539147,-0.12271861545741558,-0.00032675520707318995,0.036488829430151484,0.0207,0.0233,-0.0211,0.0132,757,535,0.7016,0.4958,3.5156285662866162,2.812503493359528,0.7031250729270884,WELD_FOUND
39.779,0.0,0.0,0.0,0.0,0.0207,0.0233,-0.0207,-0.0233,757,535,0.7016,0.4958,3.5156285662866162,nan,nan,NO_WELD
39.829,0.0,0.0,0.0,0.0,0.0236,0.0325,-0.0236,-0.0325,760,540,0.7043,0.5005,3.5156285662866162,nan,nan,NO_WELD
39.879,0.0,0.0,0.0,0.0,0.0236,0.0325,-0.0236,-0.0325,760,540,0.7043,0.5005,3.5156285662866162,nan,nan,NO_WELD
39.929,0.0,0.0,0.0,0.0,0.0236,0.0325,-0.0236,-0.0325,760,539,0.7043,0.4995,3.5156285662866162,nan,nan,NO_WELD
39.979,0.0,0.0,0.0,0.0,0.0188,0.017,-0.0188,-0.017,760,539,0.7043,0.4995,3.5156285662866162,nan,nan,NO_WELD
40.029,0.0,0.0,0.0,0.0,0.0188,0.017,-0.0188,-0.017,760,539,0.7043,0.4995,3.5156285662866162,nan,nan,NO_WELD
40.08,0.0,0.0,0.0,0.0,0.0151,0.0136,-0.0151,-0.0136,760,539,0.7043,0.4995,3.5156285662866162,nan,nan,NO_WELD
40.129,0.0,0.0,0.0,0.0,0.0151,0.0136,-0.0151,-0.0136,760,539,0.7043,0.4995,3.5156285662866162,nan,nan,NO_WELD
40.179,0.0,0.0,0.0,0.0,0.0121,0.0109,-0.0121,-0.0109,760,539,0.7043,0.4995,3.5156285662866162,nan,nan,NO_WELD
40.229,0.0,0.0,0.0,0.0,0.0121,0.0109,-0.0121,-0.0109,760,539,0.7043,0.4995,3.5156285662866162,nan,nan,NO_WELD
40.279,0.0,0.0,0.0,0.0,0.0121,0.0109,-0.0121,-0.0109,760,539,0.7043,0.4995,3.5156285662866162,nan,nan,NO_WELD
40.329,0.0,0.0,0.0,0.0,0.0096,0.0087,-0.0096,-0.0087,760,539,0.7043,0.4995,3.5156285662866162,nan,nan,NO_WELD
40.379,0.0,0.0,0.0,0.0,0.0096,0.0087,-0.0096,-0.0087,760,539,0.7043,0.4995,3.5156285662866162,nan,nan,NO_WELD
40.429,0.0,0.0,0.0,0.0,0.0077,0.007,-0.0077,-0.007,760,539,0.7043,0.4995,3.5156285662866162,nan,nan,NO_WELD
40.479,0.0,0.0,0.0,0.0,0.0077,0.007,-0.0077,-0.007,760,539,0.7043,0.4995,3.5156285662866162,nan,nan,NO_WELD
40.529,0.0,0.0,0.0,0.0,0.0077,0.007,-0.0077,-0.007,760,539,0.7043,0.4995,3.5156285662866162,nan,nan,NO_WELD
40.579,0.03025113731584426,-0.03273445506890097,0.025340969055509116,0.03516130557617941,0.0062,0.0056,0.0192,0.0296,760,539,0.7043,0.4995,0.7031284346608206,0.7031284346608206,0.0,WELD_FOUND
40.629,0.03025113731584426,-0.03273445506890097,0.025340969055509116,0.03516130557617941,0.0062,0.0056,0.0192,0.0296,760,539,0.7043,0.4995,0.7031284346608206,0.7031284346608206,0.0,WELD_FOUND
40.679,0.0,0.0,0.0,0.0,0.0049,0.0045,-0.0049,-0.0045,760,539,0.7043,0.4995,0.7031284346608206,nan,nan,NO_WELD
40.729,0.0,0.0,0.0,0.0,0.0049,0.0045,-0.0049,-0.0045,765,544,0.709,0.5042,0.7031284346608206,nan,nan,NO_WELD
40.779,0.035,0.0,0.035,0.035,0.0049,0.0045,0.0301,0.0305,765,544,0.709,0.5042,3.4150945850063755e-06,3.4150945850063755e-06,0.0,WELD_FOUND
40.829,0.035,0.0,0.035,0.035,0.0129,0.015,0.0221,0.02,764,544,0.7081,0.5042,3.4150945850063755e-06,3.4150945850063755e-06,0.0,WELD_FOUND
40.879,0.035,0.0,0.035,0.035,0.0129,0.015,0.0221,0.02,764,544,0.7081,0.5042,0.35156592487770283,0.17578466998614392,0.1757812548915589,WELD_FOUND
40.929,0.035,0.0,0.035,0.035,0.0129,0.015,0.0221,0.02,769,548,0.7127,0.5079,0.35156592487770283,0.17578466998614392,0.1757812548915589,WELD_FOUND
40.979,0.035,0.0,0.035,0.035,0.0201,0.0189,0.0149,0.0161,769,548,0.7127,0.5079,-0.35155909468853286,3.4150945850063755e-06,-0.35156250978311787,WELD_FOUND
41.029,0.035,0.0,0.035,0.035,0.0201,0.0189,0.0149,0.0161,774,554,0.7173,0.5134,-0.35155909468853286,3.4150945850063755e-06,-0.35156250978311787,WELD_FOUND
41.08,0.0,0.0,0.0,0.0,0.0201,0.0189,-0.0201,-0.0189,774,554,0.7173,0.5134,-0.35155909468853286,nan,nan,NO_WELD
41.129,0.0,0.0,0.0,0.0,0.0343,0.0361,-0.0343,-0.0361,778,558,0.721,0.5171,-0.35155909468853286,nan,nan,NO_WELD
41.179,0.0,0.0,0.0,0.0,0.0343,0.0361,-0.0343,-0.0361,778,558,0.721,0.5171,-0.35155909468853286,nan,nan,NO_WELD
41.229,0.0,0.0,0.0,0.0,0.0343,0.0361,-0.0343,-0.0361,778,559,0.721,0.5181,-0.35155909468853286,nan,nan,NO_WELD
41.279,0.025807778257563054,-0.05,0.018307778257563054,0.03330777825756305,0.0274,0.0241,-0.0091,0.0092,778,559,0.721,0.5181,1.7578159906906006,1.7578159906906006,0.0,WELD_FOUND
41.329,0.025807778257563054,-0.05,0.018307778257563054,0.03330777825756305,0.0274,0.0241,-0.0091,0.0092,778,559,0.721,0.5181,1.7578159906906006,1.7578159906906006,0.0,WELD_FOUND
41.379,0.0,0.0,0.0,0.0,0.0219,0.0193,-0.0219,-0.0193,778,559,0.721,0.5181,1.7578159906906006,nan,nan,NO_WELD
41.429,0.0,0.0,0.0,0.0,0.0219,0.0193,-0.0219,-0.0193,780,561,0.7229,0.5199,1.7578159906906006,nan,nan,NO_WELD
41.479,0.0,0.0,0.0,0.0,0.0219,0.0193,-0.0219,-0.0193,780,561,0.7229,0.5199,1.7578159906906006,nan,nan,NO_WELD
41.529,0.0,0.0,0.0,0.0,0.0156,0.014,-0.0156,-0.014,779,560,0.722,0.519,1.7578159906906006,nan,nan,NO_WELD
41.579,0.0,0.0,0.0,0.0,0.0156,0.014,-0.0156,-0.014,779,560,0.722,0.519,1.7578159906906006,nan,nan,NO_WELD
41.629,0.0,0.0,0.0,0.0,0.0156,0.014,-0.0156,-0.014,779,560,0.722,0.519,1.7578159906906006,nan,nan,NO_WELD
41.679,0.0,0.0,0.0,0.0,0.0125,0.0112,-0.0125,-0.0112,779,560,0.722,0.519,1.7578159906906006,nan,nan,NO_WELD
41.729,0.0,0.0,0.0,0.0,0.0125,0.0112,-0.0125,-0.0112,779,560,0.722,0.519,1.7578159906906006,nan,nan,NO_WELD
41.779,0.0,0.0,0.0,0.0,0.0125,0.0112,-0.0125,-0.0112,779,560,0.722,0.519,-0.7031216044716506,-0.7031216044716506,0.0,WELD_FOUND
41.829,0.0,0.0,0.0,0.0,0.01,0.009,-0.01,-0.009,779,560,0.722,0.519,-0.7031216044716506,-0.7031216044716506,0.0,WELD_FOUND
41.879,0.03025113731584426,-0.0337648822294013,0.02518640498143407,0.035315869650254454,0.01,0.009,0.0152,0.0263,779,560,0.722,0.519,2.109378420432439,0.7031284346608206,1.4062499857716184,WELD_FOUND
41.929,0.03025113731584426,-0.0337648822294013,0.02518640498143407,0.035315869650254454,0.01,0.009,0.0152,0.0263,779,560,0.722,0.519,2.109378420432439,0.7031284346608206,1.4062499857716184,WELD_FOUND
41.979,0.0,0.0,0.0,0.0,0.008,0.0072,-0.008,-0.0072,779,560,0.722,0.519,2.109378420432439,nan,nan,NO_WELD
42.029,0.0,0.0,0.0,0.0,0.008,0.0072,-0.008,-0.0072,783,564,0.7257,0.5227,2.109378420432439,nan,nan,NO_WELD
42.08,0.0,0.0,0.0,0.0,0.008,0.0072,-0.008,-0.0072,783,564,0.7257,0.5227,2.109378420432439,nan,nan,NO_WELD
42.129,0.0,0.0,0.0,0.0,0.0147,0.0167,-0.0147,-0.0167,783,565,0.7257,0.5236,2.109378420432439,nan,nan,NO_WELD
42.179,0.020265887216657598,-0.05,0.012765887216657598,0.027765887216657598,0.0147,0.0167,-0.0019,0.0111,783,565,0.7257,0.5236,2.812503493359528,2.812503493359528,0.0,WELD_FOUND
42.229,0.020265887216657598,-0.05,0.012765887216657598,0.027765887216657598,0.0147,0.0167,-0.0019,0.0111,783,565,0.7257,0.5236,2.812503493359528,2.812503493359528,0.0,WELD_FOUND
42.279,0.0,0.0,0.0,0.0,0.0118,0.0133,-0.0118,-0.0133,783,565,0.7257,0.5236,2.812503493359528,nan,nan,NO_WELD
42.329,0.0,0.0,0.0,0.0,0.0118,0.0133,-0.0118,-0.0133,785,568,0.7275,0.5264,2.812503493359528,nan,nan,NO_WELD
42.379,0.035,0.0,0.035,0.035,0.0118,0.0133,0.0232,0.0217,785,568,0.7275,0.5264,3.4150945850063755e-06,3.4150945850063755e-06,0.0,WELD_FOUND
42.429,0.035,0.0,0.035,0.035,0.0095,0.0179,0.0255,0.0171,784,569,0.7266,0.5273,3.4150945850063755e-06,3.4150945850063755e-06,0.0,WELD_FOUND
42.479,0.0,0.0,0.0,0.0,0.0095,0.0179,-0.0095,-0.0179,784,569,0.7266,0.5273,3.4150945850063755e-06,nan,nan,NO_WELD
42.529,0.0,0.0,0.0,0.0,0.0095,0.0179,-0.0095,-0.0179,788,573,0.7303,0.531,3.4150945850063755e-06,nan,nan,NO_WELD
42.579,0.0,0.0,0.0,0.0,0.0156,0.0206,-0.0156,-0.0206,788,573,0.7303,0.531,3.4150945850063755e-06,nan,nan,NO_WELD
42.629,0.0,0.0,0.0,0.0,0.0156,0.0206,-0.0156,-0.0206,788,574,0.7303,0.532,3.4150945850063755e-06,nan,nan,NO_WELD
42.679,0.0,0.0,0.0,0.0,0.0156,0.0206,-0.0156,-0.0206,788,574,0.7303,0.532,3.4150945850063755e-06,nan,nan,NO_WELD
42.729,0.0,0.0,0.0,0.0,0.0125,0.0148,-0.0125,-0.0148,788,574,0.7303,0.532,3.4150945850063755e-06,nan,nan,NO_WELD
42.779,0.0,0.0,0.0,0.0,0.0125,0.0148,-0.0125,-0.0148,788,574,0.7303,0.532,3.4150945850063755e-06,nan,nan,NO_WELD
42.829,0.0,0.0,0.0,0.0,0.01,0.0119,-0.01,-0.0119,788,574,0.7303,0.532,3.4150945850063755e-06,nan,nan,NO_WELD
42.879,0.0,0.0,0.0,0.0,0.01,0.0119,-0.01,-0.0119,788,574,0.7303,0.532,3.4150945850063755e-06,nan,nan,NO_WELD
42.929,0.0,0.0,0.0,0.0,0.01,0.0119,-0.01,-0.0119,788,574,0.7303,0.532,3.4150945850063755e-06,nan,nan,NO_WELD
42.979,0.0,0.0,0.0,0.0,0.008,0.0095,-0.008,-0.0095,788,574,0.7303,0.532,3.4150945850063755e-06,nan,nan,NO_WELD
43.029,0.0,0.0,0.0,0.0,0.008,0.0095,-0.008,-0.0095,788,574,0.7303,0.532,3.4150945850063755e-06,nan,nan,NO_WELD
43.08,0.0,0.0,0.0,0.0,0.0064,0.0076,-0.0064,-0.0076,788,574,0.7303,0.532,2.812503493359528,2.812503493359528,0.0,WELD_FOUND
43.129,0.0,0.0,0.0,0.0,0.0064,0.0076,-0.0064,-0.0076,788,574,0.7303,0.532,2.812503493359528,2.812503493359528,0.0,WELD_FOUND
43.179,0.018081037111539147,-0.05,0.010581037111539147,0.025581037111539147,0.0051,0.0061,0.0055,0.0195,788,574,0.7303,0.532,2.812503493359528,2.812503493359528,0.0,WELD_FOUND
43.229,0.018081037111539147,-0.05,0.010581037111539147,0.025581037111539147,0.0051,0.0061,0.0055,0.0195,788,575,0.7303,0.5329,2.812503493359528,2.812503493359528,0.0,WELD_FOUND
43.279,0.0,0.0,0.0,0.0,0.0051,0.0061,-0.0051,-0.0061,788,575,0.7303,0.5329,2.812503493359528,nan,nan,NO_WELD
43.329,0.0,0.0,0.0,0.0,0.008,0.0111,-0.008,-0.0111,790,577,0.7321,0.5347,2.812503493359528,nan,nan,NO_WELD
43.379,0.0,0.0,0.0,0.0,0.008,0.0111,-0.008,-0.0111,790,577,0.7321,0.5347,2.812503493359528,nan,nan,NO_WELD
43.429,0.0,0.0,0.0,0.0,0.008,0.0111,-0.008,-0.0111,791,577,0.7331,0.5347,2.812503493359528,nan,nan,NO_WELD
43.479,0.0,0.0,0.0,0.0,0.0073,0.0089,-0.0073,-0.0089,791,577,0.7331,0.5347,2.812503493359528,nan,nan,NO_WELD
43.529,0.0,0.0,0.0,0.0,0.0073,0.0089,-0.0073,-0.0089,791,577,0.7331,0.5347,2.812503493359528,nan,nan,NO_WELD
43.579,0.0,0.0,0.0,0.0,0.0058,0.0071,-0.0058,-0.0071,791,577,0.7331,0.5347,2.812503493359528,nan,nan,NO_WELD
43.629,0.0,0.0,0.0,0.0,0.0058,0.0071,-0.0058,-0.0071,791,577,0.7331,0.5347,2.812503493359528,nan,nan,NO_WELD
43.679,0.0,0.0,0.0,0.0,0.0047,0.0057,-0.0047,-0.0057,791,577,0.7331,0.5347,2.812503493359528,nan,nan,NO_WELD
43.729,0.0,0.0,0.0,0.0,0.0047,0.0057,-0.0047,-0.0057,791,577,0.7331,0.5347,2.812503493359528,nan,nan,NO_WELD
43.779,0.0,0.0,0.0,0.0,0.0047,0.0057,-0.0047,-0.0057,791,577,0.7331,0.5347,2.812503493359528,nan,nan,NO_WELD
43.829,0.0,0.0,0.0,0.0,0.0037,0.0045,-0.0037,-0.0045,791,577,0.7331,0.5347,2.812503493359528,nan,nan,NO_WELD
43.879,0.0,0.0,0.0,0.0,0.0037,0.0045,-0.0037,-0.0045,791,577,0.7331,0.5347,1.4062534542270564,1.4062534542270564,0.0,WELD_FOUND
43.929,0.0,0.0,0.0,0.0,0.0037,0.0045,-0.0037,-0.0045,791,577,0.7331,0.5347,1.4062534542270564,1.4062534542270564,0.0,WELD_FOUND
43.979,0.0,0.0,0.0,0.0,0.003,0.0036,-0.003,-0.0036,791,577,0.7331,0.5347,1.4062534542270564,nan,nan,NO_WELD
44.029,0.0,0.0,0.0,0.0,0.003,0.0036,-0.003,-0.0036,791,577,0.7331,0.5347,1.4062534542270564,nan,nan,NO_WELD
44.08,0.0,0.0,0.0,0.0,0.0024,0.0029,-0.0024,-0.0029,791,577,0.7331,0.5347,1.4062534542270564,nan,nan,NO_WELD
44.129,0.0,0.0,0.0,0.0,0.0024,0.0029,-0.0024,-0.0029,791,577,0.7331,0.5347,1.4062534542270564,nan,nan,NO_WELD
44.179,0.0,0.0,0.0,0.0,0.0024,0.0029,-0.0024,-0.0029,791,577,0.7331,0.5347,1.4062534542270564,nan,nan,NO_WELD
44.229,0.0,0.0,0.0,0.0,0.0019,0.0023,-0.0019,-0.0023,791,577,0.7331,0.5347,1.4062534542270564,nan,nan,NO_WELD
44.279,0.0,0.0,0.0,0.0,0.0019,0.0023,-0.0019,-0.0023,791,577,0.7331,0.5347,1.4062534542270564,nan,nan,NO_WELD
44.329,0.0,0.0,0.0,0.0,0.0019,0.0023,-0.0019,-0.0023,791,577,0.7331,0.5347,1.4062534542270564,nan,nan,NO_WELD
44.379,0.0,0.0,0.0,0.0,0.0015,0.0019,-0.0015,-0.0019,791,577,0.7331,0.5347,1.4062534542270564,nan,nan,NO_WELD
44.429,0.0,0.0,0.0,0.0,0.0015,0.0019,-0.0015,-0.0019,791,577,0.7331,0.5347,1.4062534542270564,nan,nan,NO_WELD
44.479,0.032582298035693374,-0.016050026519274507,0.0301747940578022,0.03498980201358455,0.0015,0.0019,0.0286,0.0331,791,577,0.7331,0.5347,0.35156592487770283,0.35156592487770283,0.0,WELD_FOUND
44.529,0.032582298035693374,-0.016050026519274507,0.0301747940578022,0.03498980201358455,0.0012,0.0036,0.029,0.0314,791,578,0.7331,0.5357,0.35156592487770283,0.35156592487770283,0.0,WELD_FOUND
44.579,0.0,0.0,0.0,0.0,0.0012,0.0036,-0.0012,-0.0036,791,578,0.7331,0.5357,0.35156592487770283,nan,nan,NO_WELD
44.629,0.0,0.0,0.0,0.0,0.0012,0.0036,-0.0012,-0.0036,796,583,0.7377,0.5403,0.35156592487770283,nan,nan,NO_WELD
44.679,0.0,0.0,0.0,0.0,0.0131,0.0145,-0.0131,-0.0145,796,583,0.7377,0.5403,0.35156592487770283,nan,nan,NO_WELD
44.729,0.0,0.0,0.0,0.0,0.0131,0.0145,-0.0131,-0.0145,796,582,0.7377,0.5394,0.35156592487770283,nan,nan,NO_WELD
44.779,0.02889396934231184,-0.04480742848562354,0.02217285506946831,0.03561508361515537,0.0131,0.0145,0.0091,0.0211,796,582,0.7377,0.5394,1.054690917763512,1.054690917763512,0.0,WELD_FOUND
44.829,0.02889396934231184,-0.04480742848562354,0.02217285506946831,0.03561508361515537,0.0105,0.0062,0.0117,0.0294,796,582,0.7377,0.5394,1.054690917763512,1.054690917763512,0.0,WELD_FOUND
44.879,0.0,0.0,0.0,0.0,0.0105,0.0062,-0.0105,-0.0062,796,582,0.7377,0.5394,1.054690917763512,nan,nan,NO_WELD
44.929,0.0,0.0,0.0,0.0,0.0211,0.0186,-0.0211,-0.0186,800,586,0.7414,0.5431,1.054690917763512,nan,nan,NO_WELD
44.979,0.0,0.0,0.0,0.0,0.0211,0.0186,-0.0211,-0.0186,800,586,0.7414,0.5431,1.054690917763512,nan,nan,NO_WELD
45.029,0.0,0.0,0.0,0.0,0.0211,0.0186,-0.0211,-0.0186,800,585,0.7414,0.5422,1.054690917763512,nan,nan,NO_WELD
45.08,0.0,0.0,0.0,0.0,0.0169,0.0087,-0.0169,-0.0087,800,585,0.7414,0.5422,1.054690917763512,nan,nan,NO_WELD
45.129,0.0,0.0,0.0,0.0,0.0169,0.0087,-0.0169,-0.0087,799,586,0.7405,0.5431,1.054690917763512,nan,nan,NO_WELD
45.179,0.0,0.0,0.0,0.0,0.0169,0.0087,-0.0169,-0.0087,799,586,0.7405,0.5431,1.054690917763512,nan,nan,NO_WELD
45.229,0.0,0.0,0.0,0.0,0.0077,0.0077,-0.0077,-0.0077,799,586,0.7405,0.5431,1.054690917763512,nan,nan,NO_WELD
45.279,0.0,0.0,0.0,0.0,0.0077,0.0077,-0.0077,-0.0077,799,586,0.7405,0.5431,-0.7031216044716506,-0.7031216044716506,0.0,WELD_FOUND
45.329,0.0,0.0,0.0,0.0,0.0077,0.0077,-0.0077,-0.0077,799,586,0.7405,0.5431,-0.7031216044716506,-0.7031216044716506,0.0,WELD_FOUND
45.379,0.0,0.0,0.0,0.0,0.0061,0.0061,-0.0061,-0.0061,799,586,0.7405,0.5431,-0.7031216044716506,nan,nan,NO_WELD
45.429,0.0,0.0,0.0,0.0,0.0061,0.0061,-0.0061,-0.0061,799,586,0.7405,0.5431,-0.7031216044716506,nan,nan,NO_WELD
45.479,0.0,0.0,0.0,0.0,0.0061,0.0061,-0.0061,-0.0061,799,586,0.7405,0.5431,-0.7031216044716506,nan,nan,NO_WELD
45.529,0.0,0.0,0.0,0.0,0.0049,0.0049,-0.0049,-0.0049,799,586,0.7405,0.5431,-0.7031216044716506,nan,nan,NO_WELD
45.579,0.014716506514280164,0.05,0.022216506514280164,0.007216506514280165,0.0049,0.0049,0.0173,0.0023,799,586,0.7405,0.5431,-3.5156217360974464,-3.5156217360974464,0.0,WELD_FOUND
45.629,0.014716506514280164,0.05,0.022216506514280164,0.007216506514280165,0.0049,0.0049,0.0173,0.0023,799,586,0.7405,0.5431,-3.5156217360974464,-3.5156217360974464,0.0,WELD_FOUND
45.679,0.0,0.0,0.0,0.0,0.0039,0.0039,-0.0039,-0.0039,799,586,0.7405,0.5431,-3.5156217360974464,nan,nan,NO_WELD
45.729,0.0,0.0,0.0,0.0,0.0039,0.0039,-0.0039,-0.0039,800,586,0.7414,0.5431,-3.5156217360974464,nan,nan,NO_WELD
45.779,0.018795512359225226,0.05,0.026295512359225226,0.011295512359225227,0.0039,0.0039,0.0224,0.0074,800,586,0.7414,0.5431,-2.460934233428519,-2.460934233428519,0.0,WELD_FOUND
45.829,0.018795512359225226,0.05,0.026295512359225226,0.011295512359225227,0.0048,0.0031,0.0215,0.0082,800,586,0.7414,0.5431,-2.460934233428519,-2.460934233428519,0.0,WELD_FOUND
45.879,0.0,0.0,0.0,0.0,0.0048,0.0031,-0.0048,-0.0031,800,586,0.7414,0.5431,-2.460934233428519,nan,nan,NO_WELD
45.929,0.0,0.0,0.0,0.0,0.0103,0.0093,-0.0103,-0.0093,802,588,0.7433,0.5449,-2.460934233428519,nan,nan,NO_WELD
45.979,0.0,0.0,0.0,0.0,0.0103,0.0093,-0.0103,-0.0093,802,588,0.7433,0.5449,-2.460934233428519,nan,nan,NO_WELD
46.029,0.0,0.0,0.0,0.0,0.0025,0.0093,-0.0025,-0.0093,801,589,0.7423,0.5459,-2.460934233428519,nan,nan,NO_WELD
46.08,0.0,0.0,0.0,0.0,0.0025,0.0093,-0.0025,-0.0093,801,589,0.7423,0.5459,-2.460934233428519,nan,nan,NO_WELD
46.129,0.0,0.0,0.0,0.0,0.002,0.0074,-0.002,-0.0074,801,589,0.7423,0.5459,-2.460934233428519,nan,nan,NO_WELD
46.179,0.0,0.0,0.0,0.0,0.002,0.0074,-0.002,-0.0074,801,589,0.7423,0.5459,-2.460934233428519,nan,nan,NO_WELD
46.229,0.0,0.0,0.0,0.0,0.002,0.0074,-0.002,-0.0074,801,589,0.7423,0.5459,-2.460934233428519,nan,nan,NO_WELD
46.279,0.0,0.0,0.0,0.0,0.0016,0.0059,-0.0016,-0.0059,801,589,0.7423,0.5459,-2.460934233428519,nan,nan,NO_WELD
46.329,0.0,0.0,0.0,0.0,0.0016,0.0059,-0.0016,-0.0059,801,589,0.7423,0.5459,-2.460934233428519,nan,nan,NO_WELD
46.379,0.0,0.0,0.0,0.0,0.0016,0.0059,-0.0016,-0.0059,801,589,0.7423,0.5459,-2.460934233428519,nan,nan,NO_WELD
46.429,0.0,0.0,0.0,0.0,0.0013,0.0048,-0.0013,-0.0048,801,589,0.7423,0.5459,-2.460934233428519,nan,nan,NO_WELD
46.479,0.0,0.0,0.0,0.0,0.0013,0.0048,-0.0013,-0.0048,801,589,0.7423,0.5459,-2.460934233428519,nan,nan,NO_WELD
46.529,0.0,0.0,0.0,0.0,0.001,0.0038,-0.001,-0.0038,801,589,0.7423,0.5459,-2.460934233428519,nan,nan,NO_WELD
46.579,0.0,0.0,0.0,0.0,0.001,0.0038,-0.001,-0.0038,801,589,0.7423,0.5459,-2.460934233428519,nan,nan,NO_WELD
46.629,0.0,0.0,0.0,0.0,0.001,0.0038,-0.001,-0.0038,801,589,0.7423,0.5459,-2.460934233428519,nan,nan,NO_WELD
46.679,0.0,0.0,0.0,0.0,0.0,0.003,0.0,-0.003,801,589,0.7423,0.5459,-0.7031216044716506,-0.7031216044716506,0.0,WELD_FOUND
46.729,0.0,0.0,0.0,0.0,0.0,0.003,0.0,-0.003,801,589,0.7423,0.5459,-0.7031216044716506,-0.7031216044716506,0.0,WELD_FOUND
46.779,0.0,0.0,0.0,0.0,0.0,0.003,0.0,-0.003,801,589,0.7423,0.5459,-0.7031216044716506,nan,nan,NO_WELD
46.829,0.0,0.0,0.0,0.0,0.0,0.0024,0.0,-0.0024,801,589,0.7423,0.5459,-0.7031216044716506,nan,nan,NO_WELD
46.879,0.03258234416615065,0.016178773357507063,0.035009160169776704,0.03015552816252459,0.0,0.0024,0.035,0.0277,801,589,0.7423,0.5459,-0.35155909468853286,-0.35155909468853286,0.0,WELD_FOUND
46.929,0.03258234416615065,0.016178773357507063,0.035009160169776704,0.03015552816252459,0.0,0.0024,0.035,0.0277,801,590,0.7423,0.5468,-0.35155909468853286,-0.35155909468853286,0.0,WELD_FOUND
46.979,0.0,0.0,0.0,0.0,0.0,0.0039,0.0,-0.0039,801,590,0.7423,0.5468,-0.35155909468853286,nan,nan,NO_WELD
47.029,0.0,0.0,0.0,0.0,0.0,0.0039,0.0,-0.0039,807,596,0.7479,0.5524,-0.35155909468853286,nan,nan,NO_WELD
47.08,0.023776798842377354,0.05,0.03127679884237736,0.016276798842377354,0.0222,0.0246,0.009,-0.0083,807,596,0.7479,0.5524,-2.1093715902432693,-2.1093715902432693,0.0,WELD_FOUND
47.129,0.023776798842377354,0.05,0.03127679884237736,0.016276798842377354,0.0222,0.0246,0.009,-0.0083,809,597,0.7498,0.5533,-2.1093715902432693,-2.1093715902432693,0.0,WELD_FOUND
47.179,0.01843656153468533,0.1,0.03343656153468533,0.003436561534685332,0.0222,0.0246,0.0112,-0.0212,809,597,0.7498,0.5533,-3.8671843792826963,-2.988277984762983,-0.8789063945197135,WELD_FOUND
47.229,0.01843656153468533,0.1,0.03343656153468533,0.003436561534685332,0.0207,0.0172,0.0127,-0.0138,810,597,0.7507,0.5533,-3.8671843792826963,-2.988277984762983,-0.8789063945197135,WELD_FOUND
47.279,0.014147636967668051,0.15000000000000002,0.036647636967668054,-0.008352363032331951,0.0207,0.0172,0.0159,-0.0256,810,597,0.7507,0.5533,-3.8671843792826963,-3.8671843792826963,0.0,WELD_FOUND
47.329,0.014147636967668051,0.15000000000000002,0.036647636967668054,-0.008352363032331951,0.0207,0.0172,0.0159,-0.0256,813,598,0.7535,0.5542,-3.8671843792826963,-3.8671843792826963,0.0,WELD_FOUND
47.379,0.01590115024703393,0.1321800609640867,0.03572815939164693,-0.003925858897579071,0.0199,0.0128,0.0159,-0.0167,813,598,0.7535,0.5542,-2.460934233428519,-3.164059092912196,0.703124859483677,WELD_FOUND
47.429,0.01590115024703393,0.1321800609640867,0.03572815939164693,-0.003925858897579071,0.0199,0.0128,0.0159,-0.0167,816,601,0.7562,0.557,-2.460934233428519,-3.164059092912196,0.703124859483677,WELD_FOUND
47.479,0.0,0.0,0.0,0.0,0.0199,0.0128,-0.0199,-0.0128,816,601,0.7562,0.557,-2.460934233428519,nan,nan,NO_WELD
47.529,0.0,0.0,0.0,0.0,0.0267,0.0225,-0.0267,-0.0225,819,604,0.759,0.5598,-2.460934233428519,nan,nan,NO_WELD
47.579,0.0,0.0,0.0,0.0,0.0267,0.0225,-0.0267,-0.0225,819,604,0.759,0.5598,-2.460934233428519,nan,nan,NO_WELD
47.629,0.0,0.0,0.0,0.0,0.0267,0.0225,-0.0267,-0.0225,819,604,0.759,0.5598,-2.460934233428519,nan,nan,NO_WELD
47.679,0.0,0.0,0.0,0.0,0.0214,0.018,-0.0214,-0.018,819,604,0.759,0.5598,-2.460934233428519,nan,nan,NO_WELD
47.729,0.0,0.0,0.0,0.0,0.0214,0.018,-0.0214,-0.018,819,604,0.759,0.5598,-2.460934233428519,nan,nan,NO_WELD
47.779,0.0,0.0,0.0,0.0,0.0214,0.018,-0.0214,-0.018,819,604,0.759,0.5598,-3.164059092912196,-3.164059092912196,0.0,WELD_FOUND
47.829,0.0,0.0,0.0,0.0,0.0171,0.0144,-0.0171,-0.0144,819,604,0.759,0.5598,-3.164059092912196,-3.164059092912196,0.0,WELD_FOUND
47.879,0.0,0.0,0.0,0.0,0.0171,0.0144,-0.0171,-0.0144,819,604,0.759,0.5598,-3.164059092912196,nan,nan,NO_WELD
47.929,0.0,0.0,0.0,0.0,0.0137,0.0115,-0.0137,-0.0115,819,604,0.759,0.5598,-3.164059092912196,nan,nan,NO_WELD
47.979,0.0,0.0,0.0,0.0,0.0137,0.0115,-0.0137,-0.0115,819,604,0.759,0.5598,-3.164059092912196,nan,nan,NO_WELD
48.029,0.0,0.0,0.0,0.0,0.0137,0.0115,-0.0137,-0.0115,819,604,0.759,0.5598,-3.164059092912196,nan,nan,NO_WELD
48.08,0.0,0.0,0.0,0.0,0.0109,0.0092,-0.0109,-0.0092,819,604,0.759,0.5598,-3.164059092912196,nan,nan,NO_WELD
48.129,0.0,0.0,0.0,0.0,0.0109,0.0092,-0.0109,-0.0092,819,604,0.759,0.5598,-3.164059092912196,nan,nan,NO_WELD
48.179,0.0,0.0,0.0,0.0,0.0109,0.0092,-0.0109,-0.0092,819,604,0.759,0.5598,-3.164059092912196,nan,nan,NO_WELD
48.229,0.0,0.0,0.0,0.0,0.0088,0.0074,-0.0088,-0.0074,819,604,0.759,0.5598,-3.164059092912196,nan,nan,NO_WELD
48.279,0.0,0.0,0.0,0.0,0.0088,0.0074,-0.0088,-0.0074,819,604,0.759,0.5598,-3.164059092912196,nan,nan,NO_WELD
48.329,0.0,0.0,0.0,0.0,0.0088,0.0074,-0.0088,-0.0074,819,604,0.759,0.5598,-3.164059092912196,nan,nan,NO_WELD
48.379,0.0,0.0,0.0,0.0,0.007,0.0059,-0.007,-0.0059,819,604,0.759,0.5598,-3.164059092912196,nan,nan,NO_WELD
48.429,0.0,0.0,0.0,0.0,0.007,0.0059,-0.007,-0.0059,819,604,0.759,0.5598,-3.164059092912196,nan,nan,NO_WELD
48.479,0.030251181765434624,0.03235946181700134,0.03510510103798482,0.025397262492884425,0.007,0.0059,0.0281,0.0195,819,604,0.759,0.5598,-0.7031216044716506,-0.7031216044716506,0.0,WELD_FOUND
48.529,0.030251181765434624,0.03235946181700134,0.03510510103798482,0.025397262492884425,0.0056,0.0047,0.0295,0.0207,819,604,0.759,0.5598,-0.7031216044716506,-0.7031216044716506,0.0,WELD_FOUND
48.579,0.0,0.0,0.0,0.0,0.0056,0.0047,-0.0056,-0.0047,819,604,0.759,0.5598,-0.7031216044716506,nan,nan,NO_WELD
48.629,0.0,0.0,0.0,0.0,0.0056,0.0047,-0.0056,-0.0047,822,607,0.7618,0.5625,-0.7031216044716506,nan,nan,NO_WELD
48.679,0.020265923598086783,0.05,0.027765923598086783,0.012765923598086783,0.0108,0.0103,0.017,0.0025,822,607,0.7618,0.5625,-2.8124966631703576,-2.8124966631703576,0.0,WELD_FOUND
48.729,0.020265923598086783,0.05,0.027765923598086783,0.012765923598086783,0.0108,0.0103,0.017,0.0025,822,606,0.7618,0.5616,-2.8124966631703576,-2.8124966631703576,0.0,WELD_FOUND
48.779,0.0,0.0,0.0,0.0,0.0108,0.0103,-0.0108,-0.0103,822,606,0.7618,0.5616,-2.8124966631703576,nan,nan,NO_WELD
48.829,0.0,0.0,0.0,0.0,0.0114,0.0086,-0.0114,-0.0086,824,608,0.7637,0.5635,-2.8124966631703576,nan,nan,NO_WELD
48.879,0.01850807510293008,0.05,0.02600807510293008,0.01100807510293008,0.0114,0.0086,0.0146,0.0024,824,608,0.7637,0.5635,-2.8124966631703576,-2.8124966631703576,0.0,WELD_FOUND
48.929,0.01850807510293008,0.05,0.02600807510293008,0.01100807510293008,0.0114,0.0086,0.0146,0.0024,824,608,0.7637,0.5635,-2.8124966631703576,-2.8124966631703576,0.0,WELD_FOUND
48.979,0.014160156726057159,0.1,0.02916015672605716,-0.0008398432739428405,0.0091,0.0069,0.02,-0.0077,824,608,0.7637,0.5635,-4.921871881951623,-3.8671843792826963,-1.0546875026689269,WELD_FOUND
49.029,0.014160156726057159,0.1,0.02916015672605716,-0.0008398432739428405,0.0091,0.0069,0.02,-0.0077,827,610,0.7664,0.5653,-4.921871881951623,-3.8671843792826963,-1.0546875026689269,WELD_FOUND
49.08,0.0,0.0,0.0,0.0,0.0166,0.0116,-0.0166,-0.0116,827,610,0.7664,0.5653,-4.921871881951623,nan,nan,NO_WELD
49.129,0.0,0.0,0.0,0.0,0.0166,0.0116,-0.0166,-0.0116,827,610,0.7664,0.5653,-4.921871881951623,nan,nan,NO_WELD
49.179,0.0,0.0,0.0,0.0,0.0166,0.0116,-0.0166,-0.0116,829,612,0.7683,0.5672,-4.921871881951623,nan,nan,NO_WELD
49.229,0.0,0.0,0.0,0.0,0.0149,0.0119,-0.0149,-0.0119,829,612,0.7683,0.5672,-4.921871881951623,nan,nan,NO_WELD
49.279,0.011038330949623285,0.05,0.018538330949623285,0.0035383309496232855,0.0149,0.0119,0.0036,-0.0083,829,612,0.7683,0.5672,-4.570309238766374,-4.570309238766374,0.0,WELD_FOUND
49.329,0.011038330949623285,0.05,0.018538330949623285,0.0035383309496232855,0.0149,0.0119,0.0036,-0.0083,829,612,0.7683,0.5672,-4.570309238766374,-4.570309238766374,0.0,WELD_FOUND
49.379,0.0,0.0,0.0,0.0,0.0119,0.0095,-0.0119,-0.0095,829,612,0.7683,0.5672,-4.570309238766374,nan,nan,NO_WELD
49.429,0.0,0.0,0.0,0.0,0.0119,0.0095,-0.0119,-0.0095,829,612,0.7683,0.5672,-4.570309238766374,nan,nan,NO_WELD
49.479,0.0057711880818927495,0.05,0.01327118808189275,-0.0017288119181072502,0.0109,0.0076,0.0024,-0.0093,830,612,0.7692,0.5672,-6.328121600918977,-6.328121600918977,0.0,WELD_FOUND
49.529,0.0057711880818927495,0.05,0.01327118808189275,-0.0017288119181072502,0.0109,0.0076,0.0024,-0.0093,830,612,0.7692,0.5672,-6.328121600918977,-6.328121600918977,0.0,WELD_FOUND
49.579,0.005,0.1,0.02,-0.009999999999999998,0.0087,0.0061,0.0113,-0.0161,830,612,0.7692,0.5672,-8.085933963071582,-7.207027781995279,-0.878906181076303,WELD_FOUND
49.629,0.005,0.1,0.02,-0.009999999999999998,0.0087,0.0061,0.0113,-0.0161,830,612,0.7692,0.5672,-8.085933963071582,-7.207027781995279,-0.878906181076303,WELD_FOUND
49.679,0.0,0.0,0.0,0.0,0.0087,0.0061,-0.0087,-0.0061,831,612,0.7701,0.5672,-8.085933963071582,nan,nan,NO_WELD
49.729,0.0,0.0,0.0,0.0,0.0077,0.0049,-0.0077,-0.0049,831,612,0.7701,0.5672,-8.085933963071582,nan,nan,NO_WELD
49.779,0.0,0.0,0.0,0.0,0.0077,0.0049,-0.0077,-0.0049,831,612,0.7701,0.5672,-8.085933963071582,nan,nan,NO_WELD
49.829,0.0,0.0,0.0,0.0,0.0061,0.0039,-0.0061,-0.0039,831,612,0.7701,0.5672,-8.085933963071582,nan,nan,NO_WELD
49.879,0.005,0.05,0.0125,-0.0024999999999999996,0.0061,0.0039,0.0064,-0.0064,831,612,0.7701,0.5672,-6.328121600918977,-6.328121600918977,0.0,WELD_FOUND
49.929,0.005,0.05,0.0125,-0.0024999999999999996,0.0049,0.0031,0.0076,-0.0056,831,612,0.7701,0.5672,-6.328121600918977,-6.328121600918977,0.0,WELD_FOUND
49.979,0.0,0.0,0.0,0.0,0.0049,0.0031,-0.0049,-0.0031,831,612,0.7701,0.5672,-6.328121600918977,nan,nan,NO_WELD
50.029,0.0,0.0,0.0,0.0,0.0049,0.0031,-0.0049,-0.0031,831,612,0.7701,0.5672,-6.328121600918977,nan,nan,NO_WELD
50.08,0.009959403022573027,0.05,0.017459403022573025,0.0024594030225730274,0.0039,0.0025,0.0135,-0.0,831,612,0.7701,0.5672,-4.218746595581123,-4.218746595581123,0.0,WELD_FOUND
50.129,0.009959403022573027,0.05,0.017459403022573025,0.0024594030225730274,0.0039,0.0025,0.0135,-0.0,831,612,0.7701,0.5672,-4.218746595581123,-4.218746595581123,0.0,WELD_FOUND
50.179,0.0,0.0,0.0,0.0,0.0039,0.0025,-0.0039,-0.0025,831,612,0.7701,0.5672,-4.218746595581123,nan,nan,NO_WELD
50.229,0.0,0.0,0.0,0.0,0.0031,0.002,-0.0031,-0.002,831,612,0.7701,0.5672,-4.218746595581123,nan,nan,NO_WELD
50.279,0.0,0.0,0.0,0.0,0.0031,0.002,-0.0031,-0.002,832,613,0.7711,0.5681,-4.218746595581123,nan,nan,NO_WELD
50.329,0.0,0.0,0.0,0.0,0.0056,0.0049,-0.0056,-0.0049,832,613,0.7711,0.5681,-4.218746595581123,nan,nan,NO_WELD
50.379,0.0,0.0,0.0,0.0,0.0056,0.0049,-0.0056,-0.0049,832,613,0.7711,0.5681,-4.218746595581123,nan,nan,NO_WELD
50.429,0.0,0.0,0.0,0.0,0.0056,0.0049,-0.0056,-0.0049,832,613,0.7711,0.5681,-4.218746595581123,nan,nan,NO_WELD
50.479,0.0,0.0,0.0,0.0,0.0045,0.0039,-0.0045,-0.0039,832,613,0.7711,0.5681,-4.218746595581123,nan,nan,NO_WELD
50.529,0.0,0.0,0.0,0.0,0.0045,0.0039,-0.0045,-0.0039,832,613,0.7711,0.5681,-4.218746595581123,nan,nan,NO_WELD
50.579,0.005,0.05,0.0125,-0.0024999999999999996,0.0045,0.0039,0.008,-0.0064,832,613,0.7711,0.5681,-7.031246887289478,-7.031246887289478,0.0,WELD_FOUND
50.63,0.005,0.05,0.0125,-0.0024999999999999996,0.0036,0.0031,0.0089,-0.0056,832,613,0.7711,0.5681,-7.031246887289478,-7.031246887289478,0.0,WELD_FOUND
50.679,0.0,0.0,0.0,0.0,0.0036,0.0031,-0.0036,-0.0031,832,613,0.7711,0.5681,-7.031246887289478,nan,nan,NO_WELD
50.729,0.0,0.0,0.0,0.0,0.0036,0.0031,-0.0036,-0.0031,832,613,0.7711,0.5681,-7.031246887289478,nan,nan,NO_WELD
50.779,0.0,0.0,0.0,0.0,0.0029,0.0025,-0.0029,-0.0025,832,613,0.7711,0.5681,-7.031246887289478,nan,nan,NO_WELD
50.829,0.0,0.0,0.0,0.0,0.0029,0.0025,-0.0029,-0.0025,832,613,0.7711,0.5681,-7.031246887289478,nan,nan,NO_WELD
50.879,0.0,0.0,0.0,0.0,0.0029,0.0025,-0.0029,-0.0025,832,613,0.7711,0.5681,-7.031246887289478,nan,nan,NO_WELD
50.93,0.0,0.0,0.0,0.0,0.0023,0.002,-0.0023,-0.002,832,613,0.7711,0.5681,-5.273434098250051,nan,nan,NO_WELD
50.979,0.0,0.0,0.0,0.0,0.0023,0.002,-0.0023,-0.002,832,613,0.7711,0.5681,-5.273434098250051,-5.273434098250051,0.0,WELD_FOUND
51.03,0.0,0.0,0.0,0.0,0.0018,0.0016,-0.0018,-0.0016,832,613,0.7711,0.5681,-3.5156217360974464,-5.273434098250051,1.7578123621526043,WELD_FOUND
51.08,0.010997461044970567,0.05,0.01849746104497057,0.0034974610449705675,0.0018,0.0016,0.0167,0.0019,832,613,0.7711,0.5681,-3.5156217360974464,-4.394527917173749,0.8789061810763021,WELD_FOUND
51.129,0.010997461044970567,0.05,0.01849746104497057,0.0034974610449705675,0.0018,0.0016,0.0167,0.0019,832,613,0.7711,0.5681,-3.164059092912196,-4.394527917173749,1.2304688242615525,WELD_FOUND
51.179,0.013929438760210732,0.1,0.02892943876021073,-0.0010705612397892677,0.0036,0.0034,0.0254,-0.0045,833,614,0.772,0.569,-3.164059092912196,-3.5156217360974464,0.3515626431852503,WELD_FOUND
51.229,0.013929438760210732,0.1,0.02892943876021073,-0.0010705612397892677,0.0036,0.0034,0.0254,-0.0045,833,614,0.772,0.569,-2.460934233428519,-3.5156217360974464,1.0546875026689273,WELD_FOUND
51.279,0.01519912956024094,0.14146842658335734,0.03641939354774454,-0.00602113442726266,0.0036,0.0034,0.0328,-0.0095,835,615,0.7739,0.57,-2.460934233428519,-3.3398404145048213,0.8789061810763021,WELD_FOUND
51.329,0.01519912956024094,0.14146842658335734,0.03641939354774454,-0.00602113442726266,0.0071,0.0045,0.0293,-0.0106,835,615,0.7739,0.57,-2.460934233428519,nan,nan,NO_WELD
51.379,0.0,0.0,0.0,0.0,0.0071,0.0045,-0.0071,-0.0045,837,616,0.7757,0.5709,-2.460934233428519,nan,nan,NO_WELD
51.429,0.0,0.0,0.0,0.0,0.0117,0.0064,-0.0117,-0.0064,837,616,0.7757,0.5709,-2.460934233428519,nan,nan,NO_WELD
51.479,0.0,0.0,0.0,0.0,0.0117,0.0064,-0.0117,-0.0064,837,616,0.7757,0.5709,-2.460934233428519,nan,nan,NO_WELD
51.529,0.0,0.0,0.0,0.0,0.0093,0.0051,-0.0093,-0.0051,837,616,0.7757,0.5709,-2.460934233428519,nan,nan,NO_WELD
51.579,0.0,0.0,0.0,0.0,0.0093,0.0051,-0.0093,-0.0051,837,616,0.7757,0.5709,-2.460934233428519,nan,nan,NO_WELD
51.629,0.0,0.0,0.0,0.0,0.0075,0.0041,-0.0075,-0.0041,837,616,0.7757,0.5709,-2.460934233428519,nan,nan,NO_WELD
51.679,0.0,0.0,0.0,0.0,0.0075,0.0041,-0.0075,-0.0041,837,616,0.7757,0.5709,-2.460934233428519,nan,nan,NO_WELD
51.729,0.0,0.0,0.0,0.0,0.0075,0.0041,-0.0075,-0.0041,837,616,0.7757,0.5709,-3.8671843792826963,-3.8671843792826963,0.0,WELD_FOUND
51.779,0.0,0.0,0.0,0.0,0.006,0.0033,-0.006,-0.0033,837,616,0.7757,0.5709,-3.8671843792826963,-3.8671843792826963,0.0,WELD_FOUND
51.829,0.0,0.0,0.0,0.0,0.006,0.0033,-0.006,-0.0033,837,616,0.7757,0.5709,-3.8671843792826963,nan,nan,NO_WELD
51.879,0.0,0.0,0.0,0.0,0.0048,0.0033,-0.0048,-0.0033,837,616,0.7757,0.5709,-3.8671843792826963,nan,nan,NO_WELD
51.929,0.0,0.0,0.0,0.0,0.0048,0.0026,-0.0048,-0.0026,837,616,0.7757,0.5709,-3.8671843792826963,nan,nan,NO_WELD
51.979,0.0,0.0,0.0,0.0,0.0038,0.0026,-0.0038,-0.0026,837,616,0.7757,0.5709,-3.8671843792826963,nan,nan,NO_WELD
52.029,0.0116980118241367,0.05,0.019198011824136697,0.0041980118241367,0.0038,0.0021,0.0154,0.0021,837,616,0.7757,0.5709,-4.218746595581123,-4.218746595581123,0.0,WELD_FOUND
52.08,0.0116980118241367,0.05,0.019198011824136697,0.0041980118241367,0.0038,0.0021,0.0154,0.0021,837,616,0.7757,0.5709,-4.218746595581123,-4.218746595581123,0.0,WELD_FOUND
52.129,0.01408512204044213,0.1,0.02908512204044213,-0.0009148779595578686,0.0031,0.0017,0.026,-0.0026,837,616,0.7757,0.5709,-2.8124966631703576,-3.5156217360974464,0.7031250729270888,WELD_FOUND
52.179,0.01408512204044213,0.1,0.02908512204044213,-0.0009148779595578686,0.0031,0.0017,0.026,-0.0026,838,617,0.7766,0.5718,-2.8124966631703576,-3.5156217360974464,0.7031250729270888,WELD_FOUND
52.229,0.0,0.0,0.0,0.0,0.0031,0.0017,-0.0031,-0.0017,838,617,0.7766,0.5718,-2.8124966631703576,nan,nan,NO_WELD
52.279,0.0,0.0,0.0,0.0,0.0093,0.006,-0.0093,-0.006,840,618,0.7785,0.5727,-2.8124966631703576,nan,nan,NO_WELD
52.329,0.0,0.0,0.0,0.0,0.0093,0.006,-0.0093,-0.006,840,618,0.7785,0.5727,-2.8124966631703576,nan,nan,NO_WELD
52.379,0.0,0.0,0.0,0.0,0.0074,0.0048,-0.0074,-0.0048,840,618,0.7785,0.5727,-2.8124966631703576,nan,nan,NO_WELD
52.429,0.0,0.0,0.0,0.0,0.0074,0.0048,-0.0074,-0.0048,840,618,0.7785,0.5727,-2.8124966631703576,nan,nan,NO_WELD
52.479,0.0,0.0,0.0,0.0,0.0059,0.0038,-0.0059,-0.0038,840,618,0.7785,0.5727,-2.8124966631703576,nan,nan,NO_WELD
52.529,0.0,0.0,0.0,0.0,0.0059,0.0038,-0.0059,-0.0038,840,618,0.7785,0.5727,-2.8124966631703576,nan,nan,NO_WELD
52.579,0.0,0.0,0.0,0.0,0.0059,0.0038,-0.0059,-0.0038,840,618,0.7785,0.5727,-2.8124966631703576,nan,nan,NO_WELD
52.629,0.0,0.0,0.0,0.0,0.0047,0.0031,-0.0047,-0.0031,840,618,0.7785,0.5727,-2.8124966631703576,nan,nan,NO_WELD
52.679,0.0,0.0,0.0,0.0,0.0047,0.0031,-0.0047,-0.0031,840,618,0.7785,0.5727,-2.8124966631703576,nan,nan,NO_WELD
52.729,0.0,0.0,0.0,0.0,0.0038,0.0024,-0.0038,-0.0024,840,618,0.7785,0.5727,-2.8124966631703576,nan,nan,NO_WELD
52.779,0.0,0.0,0.0,0.0,0.0038,0.0024,-0.0038,-0.0024,840,618,0.7785,0.5727,-2.8124966631703576,nan,nan,NO_WELD
52.829,0.0,0.0,0.0,0.0,0.003,0.002,-0.003,-0.002,840,618,0.7785,0.5727,-2.8124966631703576,nan,nan,NO_WELD
52.879,0.0,0.0,0.0,0.0,0.003,0.002,-0.003,-0.002,840,618,0.7785,0.5727,-2.8124966631703576,nan,nan,NO_WELD
52.929,0.0,0.0,0.0,0.0,0.003,0.002,-0.003,-0.002,840,618,0.7785,0.5727,-2.8124966631703576,nan,nan,NO_WELD
52.979,0.0,0.0,0.0,0.0,0.0024,0.0016,-0.0024,-0.0016,840,618,0.7785,0.5727,-2.8124966631703576,nan,nan,NO_WELD
53.029,0.0,0.0,0.0,0.0,0.0024,0.0016,-0.0024,-0.0016,840,618,0.7785,0.5727,-2.8124966631703576,nan,nan,NO_WELD
53.08,0.0,0.0,0.0,0.0,0.0019,0.0012,-0.0019,-0.0012,840,618,0.7785,0.5727,-2.8124966631703576,nan,nan,NO_WELD
53.129,0.0,0.0,0.0,0.0,0.0019,0.0012,-0.0019,-0.0012,840,618,0.7785,0.5727,3.4150945850063755e-06,3.4150945850063755e-06,0.0,WELD_FOUND
53.179,0.0,0.0,0.0,0.0,0.0019,0.0012,-0.0019,-0.0012,840,618,0.7785,0.5727,3.4150945850063755e-06,3.4150945850063755e-06,0.0,WELD_FOUND
53.229,0.035,0.0,0.035,0.035,0.0016,0.0,0.0334,0.035,840,618,0.7785,0.5727,0.35156592487770283,0.17578466998614392,0.1757812548915589,WELD_FOUND
53.279,0.035,0.0,0.035,0.035,0.0016,0.0,0.0334,0.035,840,618,0.7785,0.5727,0.35156592487770283,0.17578466998614392,0.1757812548915589,WELD_FOUND
53.329,0.0,0.0,0.0,0.0,0.0016,0.0,-0.0016,0.0,840,618,0.7785,0.5727,0.35156592487770283,nan,nan,NO_WELD
53.379,0.0,0.0,0.0,0.0,0.0108,0.0124,-0.0108,-0.0124,844,623,0.7822,0.5774,0.35156592487770283,nan,nan,NO_WELD
53.429,0.0,0.0,0.0,0.0,0.0108,0.0124,-0.0108,-0.0124,844,623,0.7822,0.5774,0.35156592487770283,nan,nan,NO_WELD
53.479,0.0,0.0,0.0,0.0,0.0108,0.0124,-0.0108,-0.0124,847,626,0.785,0.5802,0.35156592487770283,nan,nan,NO_WELD
53.529,0.0,0.0,0.0,0.0,0.0139,0.0148,-0.0139,-0.0148,847,626,0.785,0.5802,0.35156592487770283,nan,nan,NO_WELD
53.579,0.0,0.0,0.0,0.0,0.0139,0.0148,-0.0139,-0.0148,846,625,0.784,0.5792,0.35156592487770283,nan,nan,NO_WELD
53.629,0.0,0.0,0.0,0.0,0.0046,0.0052,-0.0046,-0.0052,846,625,0.784,0.5792,0.35156592487770283,nan,nan,NO_WELD
53.679,0.0,0.0,0.0,0.0,0.0046,0.0052,-0.0046,-0.0052,846,625,0.784,0.5792,0.35156592487770283,nan,nan,NO_WELD
53.729,0.035,0.0,0.035,0.035,0.0037,0.0042,0.0313,0.0308,846,625,0.784,0.5792,3.4150945850063755e-06,3.4150945850063755e-06,0.0,WELD_FOUND
53.779,0.035,0.0,0.035,0.035,0.0037,0.0042,0.0313,0.0308,846,625,0.784,0.5792,3.4150945850063755e-06,3.4150945850063755e-06,0.0,WELD_FOUND
53.829,0.0,0.0,0.0,0.0,0.003,0.0033,-0.003,-0.0033,846,625,0.784,0.5792,3.4150945850063755e-06,nan,nan,NO_WELD
53.879,0.0,0.0,0.0,0.0,0.003,0.0033,-0.003,-0.0033,848,627,0.7859,0.5811,3.4150945850063755e-06,nan,nan,NO_WELD
53.929,0.03305891226031913,-0.015958374572750567,0.030665156074406546,0.03545266844623172,0.003,0.0033,0.0277,0.0321,848,627,0.7859,0.5811,0.35156592487770283,0.35156592487770283,0.0,WELD_FOUND
53.979,0.03305891226031913,-0.015958374572750567,0.030665156074406546,0.03545266844623172,0.0117,0.0094,0.019,0.026,850,628,0.7878,0.582,0.35156592487770283,0.35156592487770283,0.0,WELD_FOUND
54.029,0.0,0.0,0.0,0.0,0.0117,0.0094,-0.0117,-0.0094,850,628,0.7878,0.582,0.35156592487770283,nan,nan,NO_WELD
54.08,0.0,0.0,0.0,0.0,0.0107,0.0131,-0.0107,-0.0131,851,630,0.7887,0.5839,0.35156592487770283,nan,nan,NO_WELD
54.129,0.025511096407266055,-0.05,0.018011096407266055,0.03301109640726606,0.0107,0.0131,0.0073,0.0199,851,630,0.7887,0.5839,1.7578159906906006,1.7578159906906006,0.0,WELD_FOUND
54.179,0.025511096407266055,-0.05,0.018011096407266055,0.03301109640726606,0.0175,0.0153,0.0005,0.0178,854,632,0.7915,0.5857,1.7578159906906006,1.7578159906906006,0.0,WELD_FOUND
54.229,0.0,0.0,0.0,0.0,0.0175,0.0153,-0.0175,-0.0153,854,632,0.7915,0.5857,1.7578159906906006,nan,nan,NO_WELD
54.279,0.0,0.0,0.0,0.0,0.0175,0.0153,-0.0175,-0.0153,855,634,0.7924,0.5876,1.7578159906906006,nan,nan,NO_WELD
54.329,0.025780736407844514,-0.05,0.018280736407844514,0.03328073640784451,0.013,0.0141,0.0053,0.0192,855,634,0.7924,0.5876,1.4062534542270564,1.4062534542270564,0.0,WELD_FOUND
54.379,0.025780736407844514,-0.05,0.018280736407844514,0.03328073640784451,0.013,0.0141,0.0053,0.0192,856,635,0.7933,0.5885,1.4062534542270564,1.4062534542270564,0.0,WELD_FOUND
54.429,0.0,0.0,0.0,0.0,0.013,0.0141,-0.013,-0.0141,856,635,0.7933,0.5885,1.4062534542270564,nan,nan,NO_WELD
54.479,0.0,0.0,0.0,0.0,0.0177,0.0159,-0.0177,-0.0159,859,637,0.7961,0.5904,1.4062534542270564,nan,nan,NO_WELD
54.529,0.031158357231853964,-0.013407801636387611,0.02914718698639582,0.033169527477312104,0.0177,0.0159,0.0115,0.0173,859,637,0.7961,0.5904,0.35156592487770283,0.35156592487770283,0.0,WELD_FOUND
54.579,0.031158357231853964,-0.013407801636387611,0.02914718698639582,0.033169527477312104,0.0177,0.0159,0.0115,0.0173,861,638,0.7979,0.5913,0.35156592487770283,0.35156592487770283,0.0,WELD_FOUND
54.629,0.029520545271492997,-0.0421111727466967,0.023203869359488493,0.035837221183497504,0.0156,0.012,0.0076,0.0238,861,638,0.7979,0.5913,1.4062534542270564,0.8789097028925928,0.5273437513344635,WELD_FOUND
54.679,0.029520545271492997,-0.0421111727466967,0.023203869359488493,0.035837221183497504,0.0156,0.012,0.0076,0.0238,863,640,0.7998,0.5931,1.4062534542270564,0.8789097028925928,0.5273437513344635,WELD_FOUND
54.729,0.0,0.0,0.0,0.0,0.0167,0.0146,-0.0167,-0.0146,863,640,0.7998,0.5931,1.4062534542270564,nan,nan,NO_WELD
54.779,0.0,0.0,0.0,0.0,0.0167,0.0146,-0.0167,-0.0146,869,645,0.8054,0.5978,1.4062534542270564,nan,nan,NO_WELD
54.829,0.0,0.0,0.0,0.0,0.0167,0.0146,-0.0167,-0.0146,869,645,0.8054,0.5978,1.4062534542270564,nan,nan,NO_WELD
54.879,0.0,0.0,0.0,0.0,0.0298,0.0261,-0.0298,-0.0261,871,647,0.8072,0.5996,1.4062534542270564,nan,nan,NO_WELD
54.929,0.0,0.0,0.0,0.0,0.0298,0.0261,-0.0298,-0.0261,871,647,0.8072,0.5996,1.4062534542270564,nan,nan,NO_WELD
54.979,0.0,0.0,0.0,0.0,0.0239,0.0209,-0.0239,-0.0209,871,647,0.8072,0.5996,1.4062534542270564,nan,nan,NO_WELD
55.029,0.018081037111539147,-0.05,0.010581037111539147,0.025581037111539147,0.0239,0.0209,-0.0133,0.0047,871,647,0.8072,0.5996,2.812503493359528,2.812503493359528,0.0,WELD_FOUND
55.08,0.018081037111539147,-0.05,0.010581037111539147,0.025581037111539147,0.0239,0.0209,-0.0133,0.0047,871,647,0.8072,0.5996,2.812503493359528,2.812503493359528,0.0,WELD_FOUND
55.129,0.0,0.0,0.0,0.0,0.0191,0.0167,-0.0191,-0.0167,871,647,0.8072,0.5996,2.812503493359528,nan,nan,NO_WELD
55.179,0.0,0.0,0.0,0.0,0.0191,0.0167,-0.0191,-0.0167,872,648,0.8081,0.6005,2.812503493359528,nan,nan,NO_WELD
55.229,0.0,0.0,0.0,0.0,0.0152,0.0137,-0.0152,-0.0137,872,648,0.8081,0.6005,2.812503493359528,nan,nan,NO_WELD
55.279,0.0,0.0,0.0,0.0,0.0152,0.0137,-0.0152,-0.0137,874,649,0.81,0.6015,2.812503493359528,nan,nan,NO_WELD
55.329,0.0,0.0,0.0,0.0,0.0152,0.0137,-0.0152,-0.0137,874,649,0.81,0.6015,2.812503493359528,nan,nan,NO_WELD
55.379,0.0,0.0,0.0,0.0,0.014,0.0107,-0.014,-0.0107,874,649,0.81,0.6015,2.812503493359528,nan,nan,NO_WELD
55.429,0.0,0.0,0.0,0.0,0.014,0.0107,-0.014,-0.0107,874,649,0.81,0.6015,2.812503493359528,nan,nan,NO_WELD
55.479,0.0,0.0,0.0,0.0,0.014,0.0107,-0.014,-0.0107,874,649,0.81,0.6015,2.812503493359528,nan,nan,NO_WELD
55.529,0.0,0.0,0.0,0.0,0.0112,0.0086,-0.0112,-0.0086,874,649,0.81,0.6015,2.812503493359528,nan,nan,NO_WELD
55.579,0.0,0.0,0.0,0.0,0.0112,0.0086,-0.0112,-0.0086,874,649,0.81,0.6015,2.812503493359528,nan,nan,NO_WELD
55.629,0.0,0.0,0.0,0.0,0.009,0.0068,-0.009,-0.0068,874,649,0.81,0.6015,2.812503493359528,nan,nan,NO_WELD
55.679,0.0,0.0,0.0,0.0,0.009,0.0068,-0.009,-0.0068,874,649,0.81,0.6015,2.812503493359528,nan,nan,NO_WELD
55.729,0.0,0.0,0.0,0.0,0.0072,0.0055,-0.0072,-0.0055,874,649,0.81,0.6015,2.812503493359528,nan,nan,NO_WELD
55.779,0.0,0.0,0.0,0.0,0.0072,0.0055,-0.0072,-0.0055,874,649,0.81,0.6015,2.812503493359528,nan,nan,NO_WELD
55.829,0.0,0.0,0.0,0.0,0.0072,0.0055,-0.0072,-0.0055,874,649,0.81,0.6015,2.812503493359528,nan,nan,NO_WELD
55.879,0.0,0.0,0.0,0.0,0.0057,0.0044,-0.0057,-0.0044,874,649,0.81,0.6015,2.812503493359528,nan,nan,NO_WELD
55.929,0.0,0.0,0.0,0.0,0.0057,0.0044,-0.0057,-0.0044,874,649,0.81,0.6015,2.812503493359528,nan,nan,NO_WELD
55.979,0.0,0.0,0.0,0.0,0.0057,0.0044,-0.0057,-0.0044,874,649,0.81,0.6015,2.812503493359528,nan,nan,NO_WELD
56.029,0.0,0.0,0.0,0.0,0.0046,0.0035,-0.0046,-0.0035,874,649,0.81,0.6015,2.812503493359528,nan,nan,NO_WELD
56.08,0.0,0.0,0.0,0.0,0.0046,0.0035,-0.0046,-0.0035,874,649,0.81,0.6015,2.812503493359528,nan,nan,NO_WELD
56.129,0.0,0.0,0.0,0.0,0.0046,0.0035,-0.0046,-0.0035,874,649,0.81,0.6015,-13.35937190330304,nan,nan,NO_WELD
56.179,0.0,0.0,0.0,0.0,0.0037,0.0028,-0.0037,-0.0028,874,649,0.81,0.6015,-13.35937190330304,nan,nan,NO_WELD
56.229,0.0,0.0,0.0,0.0,0.0037,0.0028,-0.0037,-0.0028,874,649,0.81,0.6015,-6.6796842441042275,nan,nan,NO_WELD
56.279,0.0,0.0,0.0,0.0,0.0029,0.0022,-0.0029,-0.0022,874,649,0.81,0.6015,-6.6796842441042275,nan,nan,NO_WELD
56.329,0.0,0.0,0.0,0.0,0.0029,0.0022,-0.0029,-0.0022,874,649,0.81,0.6015,-4.570309238766374,nan,nan,NO_WELD
56.379,0.0,0.0,0.0,0.0,0.0029,0.0022,-0.0029,-0.0022,874,649,0.81,0.6015,-4.570309238766374,nan,nan,NO_WELD
56.429,0.0,0.0,0.0,0.0,0.0024,0.0018,-0.0024,-0.0018,874,649,0.81,0.6015,-7.031246887289478,nan,nan,NO_WELD
56.479,0.0,0.0,0.0,0.0,0.0024,0.0018,-0.0024,-0.0018,874,649,0.81,0.6015,-7.031246887289478,nan,nan,NO_WELD
56.529,0.0,0.0,0.0,0.0,0.0019,0.0014,-0.0019,-0.0014,874,649,0.81,0.6015,-4.218746595581123,nan,nan,NO_WELD
56.579,0.0,0.0,0.0,0.0,0.0019,0.0014,-0.0019,-0.0014,874,649,0.81,0.6015,-4.218746595581123,nan,nan,NO_WELD
56.629,0.005,0.05,0.0125,-0.0024999999999999996,0.0019,0.0014,0.0106,-0.0039,874,649,0.81,0.6015,-7.7343721736599775,-7.7343721736599775,0.0,WELD_FOUND
56.679,0.005,0.05,0.0125,-0.0024999999999999996,0.0015,0.0011,0.011,-0.0036,874,649,0.81,0.6015,-7.7343721736599775,-7.7343721736599775,0.0,WELD_FOUND
56.729,0.0,0.0,0.0,0.0,0.0015,0.0011,-0.0015,-0.0011,874,649,0.81,0.6015,-7.7343721736599775,nan,nan,NO_WELD
56.779,0.0,0.0,0.0,0.0,0.0015,0.0011,-0.0015,-0.0011,874,649,0.81,0.6015,-7.7343721736599775,nan,nan,NO_WELD
56.829,0.0,0.0,0.0,0.0,0.0012,0.0,-0.0012,0.0,874,649,0.81,0.6015,-7.7343721736599775,nan,nan,NO_WELD
56.879,0.0,0.0,0.0,0.0,0.0012,0.0,-0.0012,0.0,874,649,0.81,0.6015,-7.7343721736599775,nan,nan,NO_WELD
56.929,0.0,0.0,0.0,0.0,0.0012,0.0,-0.0012,0.0,874,649,0.81,0.6015,-7.7343721736599775,nan,nan,NO_WELD
56.979,0.0,0.0,0.0,0.0,0.0,0.0,0.0,0.0,874,649,0.81,0.6015,-7.7343721736599775,nan,nan,NO_WELD
57.029,0.0,0.0,0.0,0.0,0.0,0.0,0.0,0.0,874,649,0.81,0.6015,-7.7343721736599775,nan,nan,NO_WELD
57.08,0.0,0.0,0.0,0.0,0.0,0.0,0.0,0.0,874,649,0.81,0.6015,-7.7343721736599775,nan,nan,NO_WELD
57.129,0.005,0.05,0.0125,-0.0024999999999999996,0.0,0.0,0.0125,-0.0025,874,649,0.81,0.6015,-7.7343721736599775,-7.7343721736599775,0.0,WELD_FOUND
57.179,0.005,0.05,0.0125,-0.0024999999999999996,0.0,0.0,0.0125,-0.0025,874,649,0.81,0.6015,-7.7343721736599775,-7.7343721736599775,0.0,WELD_FOUND
57.229,0.005,0.1,0.02,-0.009999999999999998,0.0,0.0,0.02,-0.01,874,649,0.81,0.6015,-6.328121600918977,-7.031246887289478,0.7031252863705006,WELD_FOUND
57.279,0.005,0.1,0.02,-0.009999999999999998,0.0,0.0,0.02,-0.01,874,649,0.81,0.6015,-6.328121600918977,-7.031246887289478,0.7031252863705006,WELD_FOUND
57.329,0.0,0.0,0.0,0.0,0.0,0.0,0.0,0.0,874,649,0.81,0.6015,-6.328121600918977,nan,nan,NO_WELD
57.379,0.0,0.0,0.0,0.0,0.0,0.0,0.0,0.0,875,649,0.8109,0.6015,-6.328121600918977,nan,nan,NO_WELD
57.429,0.0,0.0,0.0,0.0,0.0025,0.0,-0.0025,0.0,875,649,0.8109,0.6015,-6.328121600918977,nan,nan,NO_WELD
57.479,0.0,0.0,0.0,0.0,0.0025,0.0,-0.0025,0.0,875,650,0.8109,0.6024,-6.328121600918977,nan,nan,NO_WELD
57.529,0.006613372933106479,0.05,0.01411337293310648,-0.0008866270668935203,0.0025,0.0,0.0116,-0.0009,875,650,0.8109,0.6024,-5.273434098250051,-5.273434098250051,0.0,WELD_FOUND
57.579,0.006613372933106479,0.05,0.01411337293310648,-0.0008866270668935203,0.002,0.0025,0.0121,-0.0034,875,650,0.8109,0.6024,-5.273434098250051,-5.273434098250051,0.0,WELD_FOUND
57.629,0.011113642347905243,0.1,0.026113642347905242,-0.0038863576520947567,0.002,0.0025,0.0241,-0.0064,875,650,0.8109,0.6024,-2.8124966631703576,-4.042965273988498,1.2304686108181406,WELD_FOUND
57.679,0.011113642347905243,0.1,0.026113642347905242,-0.0038863576520947567,0.002,0.0025,0.0241,-0.0064,876,650,0.8119,0.6024,-2.8124966631703576,-4.042965273988498,1.2304686108181406,WELD_FOUND
57.729,0.0,0.0,0.0,0.0,0.0037,0.002,-0.0037,-0.002,876,650,0.8119,0.6024,-2.8124966631703576,nan,nan,NO_WELD
57.779,0.0,0.0,0.0,0.0,0.0037,0.002,-0.0037,-0.002,879,652,0.8146,0.6043,-2.8124966631703576,nan,nan,NO_WELD
57.829,0.012740050402381247,0.05,0.02024005040238125,0.005240050402381248,0.0133,0.0086,0.0069,-0.0034,879,652,0.8146,0.6043,-3.8671843792826963,-3.8671843792826963,0.0,WELD_FOUND
57.879,0.012740050402381247,0.05,0.02024005040238125,0.005240050402381248,0.0133,0.0086,0.0069,-0.0034,879,652,0.8146,0.6043,-3.8671843792826963,-3.8671843792826963,0.0,WELD_FOUND
57.929,0.0,0.0,0.0,0.0,0.0133,0.0086,-0.0133,-0.0086,879,652,0.8146,0.6043,-3.8671843792826963,nan,nan,NO_WELD
57.979,0.0,0.0,0.0,0.0,0.0105,0.0076,-0.0105,-0.0076,880,653,0.8156,0.6052,-3.8671843792826963,nan,nan,NO_WELD
58.029,0.014309818517091054,0.05,0.021809818517091052,0.0068098185170910545,0.0105,0.0076,0.0113,-0.0008,880,653,0.8156,0.6052,-3.5156217360974464,-3.5156217360974464,0.0,WELD_FOUND
58.08,0.014309818517091054,0.05,0.021809818517091052,0.0068098185170910545,0.0084,0.0076,0.0134,-0.0008,880,653,0.8156,0.6052,-3.5156217360974464,-3.5156217360974464,0.0,WELD_FOUND
58.129,0.015278164375812833,0.1,0.030278164375812832,0.0002781643758128331,0.0084,0.0061,0.0219,-0.0058,880,653,0.8156,0.6052,-3.164059092912196,-3.3398404145048213,0.17578132159262516,WELD_FOUND
58.179,0.015278164375812833,0.1,0.030278164375812832,0.0002781643758128331,0.0124,0.0061,0.0178,-0.0058,882,655,0.8174,0.607,-3.164059092912196,-3.3398404145048213,0.17578132159262516,WELD_FOUND
58.229,0.0,0.0,0.0,0.0,0.0124,0.0111,-0.0124,-0.0111,882,655,0.8174,0.607,-3.164059092912196,nan,nan,NO_WELD
58.279,0.0,0.0,0.0,0.0,0.0149,0.0111,-0.0149,-0.0111,884,656,0.8193,0.608,-3.164059092912196,nan,nan,NO_WELD
58.329,0.009112942901964328,0.05,0.016612942901964328,0.0016129429019643288,0.0149,0.0111,0.0017,-0.0095,884,656,0.8193,0.608,-5.273434098250051,-5.273434098250051,0.0,WELD_FOUND
58.379,0.009112942901964328,0.05,0.016612942901964328,0.0016129429019643288,0.0119,0.0091,0.0047,-0.0075,884,656,0.8193,0.608,-5.273434098250051,-5.273434098250051,0.0,WELD_FOUND
58.429,0.01007143055132492,0.1,0.025071430551324922,-0.004928569448675079,0.0119,0.0091,0.0132,-0.014,884,656,0.8193,0.608,-3.8671843792826963,-4.570309238766374,0.7031248594836774,WELD_FOUND
58.479,0.01007143055132492,0.1,0.025071430551324922,-0.004928569448675079,0.0119,0.0091,0.0132,-0.014,885,656,0.8202,0.608,-3.8671843792826963,-4.570309238766374,0.7031248594836774,WELD_FOUND
58.529,0.012512409688715398,0.15000000000000002,0.0350124096887154,-0.009987590311284605,0.0096,0.0073,0.0254,-0.0173,885,656,0.8202,0.608,-2.1093715902432693,-3.8671843792826963,1.757812789039427,WELD_FOUND
58.579,0.012512409688715398,0.15000000000000002,0.0350124096887154,-0.009987590311284605,0.0096,0.0073,0.0254,-0.0173,885,656,0.8202,0.608,-2.1093715902432693,-3.8671843792826963,1.757812789039427,WELD_FOUND
58.629,0.0,0.0,0.0,0.0,0.0096,0.0073,-0.0096,-0.0073,885,656,0.8202,0.608,-2.1093715902432693,nan,nan,NO_WELD
58.679,0.0,0.0,0.0,0.0,0.0107,0.0058,-0.0107,-0.0058,887,656,0.822,0.608,-2.1093715902432693,nan,nan,NO_WELD
58.729,0.01185869917876706,0.05,0.01935869917876706,0.004358699178767061,0.0107,0.0058,0.0086,-0.0015,887,656,0.822,0.608,-4.218746595581123,-4.218746595581123,0.0,WELD_FOUND
58.779,0.01185869917876706,0.05,0.01935869917876706,0.004358699178767061,0.0086,0.0047,0.0108,-0.0003,887,656,0.822,0.608,-4.218746595581123,-4.218746595581123,0.0,WELD_FOUND
58.829,0.0,0.0,0.0,0.0,0.0086,0.0047,-0.0086,-0.0047,887,656,0.822,0.608,-4.218746595581123,nan,nan,NO_WELD
58.879,0.0,0.0,0.0,0.0,0.0086,0.0047,-0.0086,-0.0047,887,657,0.822,0.6089,-4.218746595581123,nan,nan,NO_WELD
58.929,0.0,0.0,0.0,0.0,0.0069,0.0053,-0.0069,-0.0053,887,657,0.822,0.6089,-4.218746595581123,nan,nan,NO_WELD
58.979,0.0,0.0,0.0,0.0,0.0069,0.0053,-0.0069,-0.0053,887,657,0.822,0.6089,-4.218746595581123,nan,nan,NO_WELD
59.029,0.014120288044396336,0.05,0.021620288044396335,0.006620288044396336,0.0055,0.0042,0.0161,0.0024,887,657,0.822,0.6089,-3.5156217360974464,-3.5156217360974464,0.0,WELD_FOUND
59.08,0.014120288044396336,0.05,0.021620288044396335,0.006620288044396336,0.0055,0.0042,0.0161,0.0024,887,657,0.822,0.6089,-3.5156217360974464,-3.5156217360974464,0.0,WELD_FOUND
59.129,0.0,0.0,0.0,0.0,0.0044,0.0034,-0.0044,-0.0034,887,657,0.822,0.6089,-3.5156217360974464,nan,nan,NO_WELD
59.179,0.0,0.0,0.0,0.0,0.0044,0.0034,-0.0044,-0.0034,890,660,0.8248,0.6117,-3.5156217360974464,nan,nan,NO_WELD
59.229,0.00995369891591251,0.05,0.01745369891591251,0.0024536989159125097,0.0137,0.0131,0.0037,-0.0107,890,660,0.8248,0.6117,-4.921871881951623,-4.921871881951623,0.0,WELD_FOUND
59.279,0.00995369891591251,0.05,0.01745369891591251,0.0024536989159125097,0.0137,0.0131,0.0037,-0.0107,890,660,0.8248,0.6117,-4.921871881951623,-4.921871881951623,0.0,WELD_FOUND
59.329,0.0,0.0,0.0,0.0,0.0137,0.0131,-0.0137,-0.0131,890,660,0.8248,0.6117,-4.921871881951623,nan,nan,NO_WELD
59.379,0.0,0.0,0.0,0.0,0.011,0.0105,-0.011,-0.0105,890,660,0.8248,0.6117,-4.921871881951623,nan,nan,NO_WELD
59.429,0.014948642282100643,0.05,0.022448642282100643,0.007448642282100643,0.011,0.0105,0.0114,-0.0031,890,660,0.8248,0.6117,-3.164059092912196,-3.164059092912196,0.0,WELD_FOUND
59.479,0.014948642282100643,0.05,0.022448642282100643,0.007448642282100643,0.011,0.0105,0.0114,-0.0031,890,660,0.8248,0.6117,-3.164059092912196,-3.164059092912196,0.0,WELD_FOUND
59.529,0.0,0.0,0.0,0.0,0.0088,0.0084,-0.0088,-0.0084,890,660,0.8248,0.6117,-3.164059092912196,nan,nan,NO_WELD
59.579,0.0,0.0,0.0,0.0,0.0088,0.0084,-0.0088,-0.0084,892,662,0.8267,0.6135,-3.164059092912196,nan,nan,NO_WELD
59.629,0.0,0.0,0.0,0.0,0.0127,0.0125,-0.0127,-0.0125,892,662,0.8267,0.6135,-3.164059092912196,nan,nan,NO_WELD
59.679,0.0,0.0,0.0,0.0,0.0127,0.0125,-0.0127,-0.0125,891,662,0.8258,0.6135,-3.164059092912196,nan,nan,NO_WELD
59.729,0.017430766417803133,0.05,0.024930766417803132,0.009930766417803133,0.0127,0.0125,0.0122,-0.0025,891,662,0.8258,0.6135,-2.8124966631703576,-2.8124966631703576,0.0,WELD_FOUND
59.779,0.017430766417803133,0.05,0.024930766417803132,0.009930766417803133,0.0051,0.01,0.0198,-0.0,891,662,0.8258,0.6135,-2.8124966631703576,-2.8124966631703576,0.0,WELD_FOUND
59.829,0.012753411573730515,0.1,0.027753411573730513,-0.002246588426269484,0.0051,0.01,0.0226,-0.0122,891,662,0.8258,0.6135,-5.6249967414353,-4.218746595581123,-1.4062501458541767,WELD_FOUND
59.879,0.012753411573730515,0.1,0.027753411573730513,-0.002246588426269484,0.0142,0.0134,0.0135,-0.0156,894,664,0.8285,0.6154,-5.6249967414353,-4.218746595581123,-1.4062501458541767,WELD_FOUND
59.929,0.00870992176169247,0.15000000000000002,0.031209921761692475,-0.013790078238307532,0.0142,0.0134,0.017,-0.0272,894,664,0.8285,0.6154,-5.273434098250051,-5.273434098250051,0.0,WELD_FOUND
59.979,0.00870992176169247,0.15000000000000002,0.031209921761692475,-0.013790078238307532,0.0142,0.0134,0.017,-0.0272,895,664,0.8295,0.6154,-5.273434098250051,-5.273434098250051,0.0,WELD_FOUND
60.029,0.01106520335617273,0.17436867500148512,0.0372205046063955,-0.015090097894050039,0.011,0.0107,0.0262,-0.0258,895,664,0.8295,0.6154,-3.164059092912196,-4.218746595581123,1.0546875026689273,WELD_FOUND
60.08,0.01106520335617273,0.17436867500148512,0.0372205046063955,-0.015090097894050039,0.011,0.0107,0.0262,-0.0258,896,664,0.8304,0.6154,-3.164059092912196,-4.218746595581123,1.0546875026689273,WELD_FOUND
60.129,0.015215037285759955,0.12436867500148512,0.033870338535982716,-0.0034402639644628107,0.011,0.0107,0.0229,-0.0142,896,664,0.8304,0.6154,-1.7578091605014305,-3.164059092912196,1.4062499324107656,WELD_FOUND
60.179,0.015215037285759955,0.12436867500148512,0.033870338535982716,-0.0034402639644628107,0.0115,0.0089,0.0223,-0.0123,897,665,0.8313,0.6163,-1.7578091605014305,-3.164059092912196,1.4062499324107656,WELD_FOUND
60.229,0.014815548352239657,0.15474169359249895,0.0380268023911145,-0.008395705686635184,0.0115,0.0089,0.0265,-0.0173,897,665,0.8313,0.6163,-3.5156217360974464,-3.5156217360974464,0.0,WELD_FOUND
60.279,0.014815548352239657,0.15474169359249895,0.0380268023911145,-0.008395705686635184,0.0115,0.0089,0.0265,-0.0173,899,665,0.8332,0.6163,-3.5156217360974464,-3.5156217360974464,0.0,WELD_FOUND
60.329,0.0,0.0,0.0,0.0,0.0119,0.0071,-0.0119,-0.0071,899,665,0.8332,0.6163,-3.5156217360974464,nan,nan,NO_WELD
60.379,0.0,0.0,0.0,0.0,0.0119,0.0071,-0.0119,-0.0071,901,666,0.835,0.6172,-3.5156217360974464,nan,nan,NO_WELD
60.429,0.0,0.0,0.0,0.0,0.0145,0.008,-0.0145,-0.008,901,666,0.835,0.6172,-3.5156217360974464,nan,nan,NO_WELD
60.479,0.0,0.0,0.0,0.0,0.0145,0.008,-0.0145,-0.008,900,666,0.8341,0.6172,-3.5156217360974464,nan,nan,NO_WELD
60.529,0.0,0.0,0.0,0.0,0.0145,0.008,-0.0145,-0.008,900,666,0.8341,0.6172,-3.5156217360974464,nan,nan,NO_WELD
60.579,0.0,0.0,0.0,0.0,0.0062,0.0064,-0.0062,-0.0064,900,666,0.8341,0.6172,-3.5156217360974464,nan,nan,NO_WELD
60.629,0.0,0.0,0.0,0.0,0.0062,0.0064,-0.0062,-0.0064,900,666,0.8341,0.6172,-3.5156217360974464,nan,nan,NO_WELD
60.679,0.0,0.0,0.0,0.0,0.005,0.0064,-0.005,-0.0064,900,666,0.8341,0.6172,-3.5156217360974464,nan,nan,NO_WELD
60.729,0.0,0.0,0.0,0.0,0.005,0.0051,-0.005,-0.0051,900,666,0.8341,0.6172,-3.5156217360974464,nan,nan,NO_WELD
60.779,0.0,0.0,0.0,0.0,0.004,0.0051,-0.004,-0.0051,900,666,0.8341,0.6172,-3.5156217360974464,nan,nan,NO_WELD
60.829,0.0,0.0,0.0,0.0,0.004,0.0051,-0.004,-0.0051,900,666,0.8341,0.6172,-2.8124966631703576,-2.8124966631703576,0.0,WELD_FOUND
60.879,0.0,0.0,0.0,0.0,0.004,0.0041,-0.004,-0.0041,900,666,0.8341,0.6172,-2.8124966631703576,-2.8124966631703576,0.0,WELD_FOUND
60.929,0.018081071475928034,0.05,0.025581071475928033,0.010581071475928034,0.0032,0.0041,0.0224,0.0065,900,666,0.8341,0.6172,-2.8124966631703576,-2.8124966631703576,0.0,WELD_FOUND
60.979,0.018081071475928034,0.05,0.025581071475928033,0.010581071475928034,0.0032,0.0033,0.0224,0.0073,900,666,0.8341,0.6172,-2.8124966631703576,-2.8124966631703576,0.0,WELD_FOUND
61.029,0.018081071475928034,0.1,0.03308107147592804,0.0030810714759280343,0.0032,0.0033,0.0299,-0.0002,900,666,0.8341,0.6172,-0.35155909468853286,-2.8124966631703576,2.4609375684818247,WELD_FOUND
61.08,0.018081071475928034,0.1,0.03308107147592804,0.0030810714759280343,0.0093,0.0033,0.0237,-0.0002,903,669,0.8369,0.62,-0.35155909468853286,-2.8124966631703576,2.4609375684818247,WELD_FOUND
61.129,0.0,0.0,0.0,0.0,0.0093,0.0094,-0.0093,-0.0094,903,669,0.8369,0.62,-0.35155909468853286,nan,nan,NO_WELD
61.179,0.0,0.0,0.0,0.0,0.0167,0.0094,-0.0167,-0.0094,906,671,0.8397,0.6219,-0.35155909468853286,nan,nan,NO_WELD
61.229,0.0,0.0,0.0,0.0,0.0167,0.013,-0.0167,-0.013,906,671,0.8397,0.6219,-0.35155909468853286,nan,nan,NO_WELD
61.279,0.0,0.0,0.0,0.0,0.0167,0.013,-0.0167,-0.013,906,671,0.8397,0.6219,-0.35155909468853286,nan,nan,NO_WELD
61.329,0.0,0.0,0.0,0.0,0.0134,0.0104,-0.0134,-0.0104,906,671,0.8397,0.6219,-0.35155909468853286,nan,nan,NO_WELD
61.379,0.0,0.0,0.0,0.0,0.0134,0.0104,-0.0134,-0.0104,906,671,0.8397,0.6219,-0.35155909468853286,nan,nan,NO_WELD
61.429,0.025848367892544542,-0.05,0.018348367892544543,0.03334836789254454,0.0134,0.0104,0.005,0.0229,906,671,0.8397,0.6219,1.4062534542270564,1.4062534542270564,0.0,WELD_FOUND
61.479,0.025848367892544542,-0.05,0.018348367892544543,0.03334836789254454,0.0105,0.0083,0.0079,0.025,907,671,0.8406,0.6219,1.4062534542270564,1.4062534542270564,0.0,WELD_FOUND
61.529,0.0,0.0,0.0,0.0,0.0105,0.0083,-0.0105,-0.0083,907,671,0.8406,0.6219,1.4062534542270564,nan,nan,NO_WELD
61.579,0.0,0.0,0.0,0.0,0.0137,0.0124,-0.0137,-0.0124,909,673,0.8424,0.6237,1.4062534542270564,nan,nan,NO_WELD
61.629,0.0,0.0,0.0,0.0,0.0137,0.0124,-0.0137,-0.0124,909,673,0.8424,0.6237,1.4062534542270564,nan,nan,NO_WELD
61.679,0.0,0.0,0.0,0.0,0.0137,0.0124,-0.0137,-0.0124,909,674,0.8424,0.6246,1.4062534542270564,nan,nan,NO_WELD
61.729,0.0,0.0,0.0,0.0,0.011,0.0099,-0.011,-0.0099,909,674,0.8424,0.6246,1.4062534542270564,nan,nan,NO_WELD
61.779,0.0,0.0,0.0,0.0,0.011,0.0099,-0.011,-0.0099,909,674,0.8424,0.6246,1.4062534542270564,nan,nan,NO_WELD
61.829,0.0,0.0,0.0,0.0,0.011,0.0099,-0.011,-0.0099,909,674,0.8424,0.6246,3.4150945850063755e-06,3.4150945850063755e-06,0.0,WELD_FOUND
61.879,0.0,0.0,0.0,0.0,0.0088,0.0079,-0.0088,-0.0079,909,674,0.8424,0.6246,3.4150945850063755e-06,3.4150945850063755e-06,0.0,WELD_FOUND
61.929,0.0,0.0,0.0,0.0,0.0088,0.0079,-0.0088,-0.0079,909,674,0.8424,0.6246,3.4150945850063755e-06,nan,nan,NO_WELD
61.979,0.0,0.0,0.0,0.0,0.007,0.0079,-0.007,-0.0079,909,674,0.8424,0.6246,3.4150945850063755e-06,nan,nan,NO_WELD
62.029,0.032582298035693374,-0.016873012831234643,0.030051346111008178,0.03511324996037857,0.007,0.0064,0.023,0.0288,909,674,0.8424,0.6246,0.35156592487770283,0.35156592487770283,0.0,WELD_FOUND
62.08,0.032582298035693374,-0.016873012831234643,0.030051346111008178,0.03511324996037857,0.007,0.0064,0.023,0.0288,909,674,0.8424,0.6246,0.35156592487770283,0.35156592487770283,0.0,WELD_FOUND
62.129,0.0,0.0,0.0,0.0,0.0056,0.0064,-0.0056,-0.0064,909,674,0.8424,0.6246,0.35156592487770283,nan,nan,NO_WELD
62.179,0.0,0.0,0.0,0.0,0.0056,0.0112,-0.0056,-0.0112,913,677,0.8461,0.6274,0.35156592487770283,nan,nan,NO_WELD
62.229,0.0316394971252083,0.03263153847603353,0.03653422789661333,0.026744766353803268,0.0182,0.0112,0.0183,0.0155,913,677,0.8461,0.6274,-0.7031216044716506,-0.7031216044716506,0.0,WELD_FOUND
62.279,0.0316394971252083,0.03263153847603353,0.03653422789661333,0.026744766353803268,0.0182,0.0112,0.0183,0.0155,912,678,0.8452,0.6283,-0.7031216044716506,-0.7031216044716506,0.0,WELD_FOUND
62.329,0.0,0.0,0.0,0.0,0.0072,0.0092,-0.0072,-0.0092,912,678,0.8452,0.6283,-0.7031216044716506,nan,nan,NO_WELD
62.379,0.0,0.0,0.0,0.0,0.0072,0.0092,-0.0072,-0.0092,916,682,0.8489,0.6321,-0.7031216044716506,nan,nan,NO_WELD
62.429,0.019012544793724266,0.05,0.026512544793724266,0.011512544793724266,0.0192,0.0203,0.0074,-0.0088,916,682,0.8489,0.6321,-3.164059092912196,-3.164059092912196,0.0,WELD_FOUND
62.479,0.019012544793724266,0.05,0.026512544793724266,0.011512544793724266,0.0192,0.0203,0.0074,-0.0088,917,682,0.8498,0.6321,-3.164059092912196,-3.164059092912196,0.0,WELD_FOUND
62.529,0.01424794985177158,0.1,0.02924794985177158,-0.0007520501482284198,0.0152,0.0163,0.014,-0.017,917,682,0.8498,0.6321,-4.570309238766374,-3.8671843792826963,-0.7031248594836774,WELD_FOUND
62.579,0.01424794985177158,0.1,0.02924794985177158,-0.0007520501482284198,0.0152,0.0163,0.014,-0.017,919,683,0.8517,0.633,-4.570309238766374,-3.8671843792826963,-0.7031248594836774,WELD_FOUND
62.629,0.011053815150901567,0.15000000000000002,0.03355381515090157,-0.011446184849098436,0.0152,0.0163,0.0184,-0.0277,919,683,0.8517,0.633,-6.328121600918977,-4.570309238766374,-1.7578123621526034,WELD_FOUND
62.679,0.011053815150901567,0.15000000000000002,0.03355381515090157,-0.011446184849098436,0.0215,0.0172,0.0121,-0.0286,922,685,0.8545,0.6348,-6.328121600918977,-4.570309238766374,-1.7578123621526034,WELD_FOUND
62.729,0.011567713010880148,0.18209489864163755,0.03888194780712578,-0.015746521785365484,0.0215,0.0172,0.0174,-0.0329,922,685,0.8545,0.6348,-3.8671843792826963,-4.218746595581123,0.3515622162984271,WELD_FOUND
62.779,0.011567713010880148,0.18209489864163755,0.03888194780712578,-0.015746521785365484,0.0215,0.0172,0.0174,-0.0329,926,688,0.8582,0.6376,-3.8671843792826963,-4.218746595581123,0.3515622162984271,WELD_FOUND
62.829,0.0,0.0,0.0,0.0,0.0228,0.0177,-0.0228,-0.0177,926,688,0.8582,0.6376,-3.8671843792826963,nan,nan,NO_WELD
62.879,0.0,0.0,0.0,0.0,0.0228,0.0177,-0.0228,-0.0177,927,689,0.8591,0.6385,-3.8671843792826963,nan,nan,NO_WELD
62.929,0.0,0.0,0.0,0.0,0.0174,0.0143,-0.0174,-0.0143,927,689,0.8591,0.6385,-3.8671843792826963,nan,nan,NO_WELD
62.979,0.0,0.0,0.0,0.0,0.0174,0.0143,-0.0174,-0.0143,927,689,0.8591,0.6385,-3.8671843792826963,nan,nan,NO_WELD
63.029,0.0,0.0,0.0,0.0,0.0174,0.0143,-0.0174,-0.0143,927,689,0.8591,0.6385,-3.8671843792826963,nan,nan,NO_WELD
63.08,0.0,0.0,0.0,0.0,0.0139,0.0115,-0.0139,-0.0115,927,689,0.8591,0.6385,-3.8671843792826963,nan,nan,NO_WELD
63.129,0.0,0.0,0.0,0.0,0.0139,0.0115,-0.0139,-0.0115,927,689,0.8591,0.6385,-3.8671843792826963,nan,nan,NO_WELD
63.179,0.0,0.0,0.0,0.0,0.0139,0.0115,-0.0139,-0.0115,927,689,0.8591,0.6385,-3.8671843792826963,nan,nan,NO_WELD
63.229,0.0,0.0,0.0,0.0,0.0111,0.0092,-0.0111,-0.0092,927,689,0.8591,0.6385,-3.8671843792826963,nan,nan,NO_WELD
63.279,0.0,0.0,0.0,0.0,0.0111,0.0092,-0.0111,-0.0092,927,689,0.8591,0.6385,-3.8671843792826963,nan,nan,NO_WELD
63.329,0.0,0.0,0.0,0.0,0.0089,0.0073,-0.0089,-0.0073,927,689,0.8591,0.6385,-3.8671843792826963,nan,nan,NO_WELD
63.379,0.0,0.0,0.0,0.0,0.0089,0.0073,-0.0089,-0.0073,927,689,0.8591,0.6385,-3.8671843792826963,nan,nan,NO_WELD
63.429,0.0,0.0,0.0,0.0,0.0071,0.0059,-0.0071,-0.0059,927,689,0.8591,0.6385,-6.328121600918977,-6.328121600918977,0.0,WELD_FOUND
63.479,0.0,0.0,0.0,0.0,0.0071,0.0059,-0.0071,-0.0059,927,689,0.8591,0.6385,-6.328121600918977,-6.328121600918977,0.0,WELD_FOUND
63.529,0.009025584814159745,0.05,0.016525584814159743,0.0015255848141597448,0.0071,0.0059,0.0094,-0.0043,927,689,0.8591,0.6385,-3.5156217360974464,-4.921871881951623,1.4062501458541767,WELD_FOUND
63.579,0.009025584814159745,0.05,0.016525584814159743,0.0015255848141597448,0.0057,0.0047,0.0108,-0.0032,927,689,0.8591,0.6385,-3.5156217360974464,-4.921871881951623,1.4062501458541767,WELD_FOUND
63.629,0.011135840852714624,0.1,0.02613584085271462,-0.0038641591472853756,0.0057,0.0047,0.0204,-0.0086,927,689,0.8591,0.6385,-4.218746595581123,-4.218746595581123,0.0,WELD_FOUND
63.679,0.011135840852714624,0.1,0.02613584085271462,-0.0038641591472853756,0.0057,0.0047,0.0204,-0.0086,928,689,0.86,0.6385,-4.218746595581123,-4.218746595581123,0.0,WELD_FOUND
63.729,0.011025067792595813,0.15000000000000002,0.033525067792595814,-0.01147493220740419,0.0059,0.0038,0.0276,-0.0152,928,689,0.86,0.6385,-4.570309238766374,-4.394527917173749,-0.17578132159262516,WELD_FOUND
63.779,0.011025067792595813,0.15000000000000002,0.033525067792595814,-0.01147493220740419,0.0059,0.0038,0.0276,-0.0152,929,690,0.861,0.6395,-4.570309238766374,-4.394527917173749,-0.17578132159262516,WELD_FOUND
63.829,0.011561828329029543,0.1819923593958291,0.03886068223840391,-0.015737025580344823,0.0059,0.0038,0.033,-0.0195,929,690,0.861,0.6395,-2.8124966631703576,-4.218746595581123,1.4062499324107658,WELD_FOUND
63.879,0.011561828329029543,0.1819923593958291,0.03886068223840391,-0.015737025580344823,0.0134,0.0072,0.0255,-0.0229,932,691,0.8637,0.6404,-2.8124966631703576,-4.218746595581123,1.4062499324107658,WELD_FOUND
63.929,0.0,0.0,0.0,0.0,0.0134,0.0072,-0.0134,-0.0072,932,691,0.8637,0.6404,-2.8124966631703576,nan,nan,NO_WELD
63.979,0.0,0.0,0.0,0.0,0.0118,0.0058,-0.0118,-0.0058,933,691,0.8647,0.6404,-2.8124966631703576,nan,nan,NO_WELD
64.029,0.010561541086764986,0.05,0.018061541086764984,0.0030615410867649868,0.0118,0.0058,0.0063,-0.0027,933,691,0.8647,0.6404,-4.570309238766374,-4.570309238766374,0.0,WELD_FOUND
64.08,0.010561541086764986,0.05,0.018061541086764984,0.0030615410867649868,0.0094,0.0046,0.0087,-0.0015,933,691,0.8647,0.6404,-4.570309238766374,-4.570309238766374,0.0,WELD_FOUND
64.129,0.007861265653190367,0.1,0.02286126565319037,-0.007138734346809632,0.0094,0.0046,0.0135,-0.0117,933,691,0.8647,0.6404,-6.328121600918977,-5.449215419842675,-0.8789061810763021,WELD_FOUND
64.179,0.007861265653190367,0.1,0.02286126565319037,-0.007138734346809632,0.0094,0.0046,0.0135,-0.0117,934,691,0.8656,0.6404,-6.328121600918977,-5.449215419842675,-0.8789061810763021,WELD_FOUND
64.229,0.009800391341308596,0.15000000000000002,0.0323003913413086,-0.012699608658691406,0.0081,0.0037,0.0242,-0.0164,934,691,0.8656,0.6404,-3.5156217360974464,-4.570309238766374,1.0546875026689273,WELD_FOUND
64.279,0.009800391341308596,0.15000000000000002,0.0323003913413086,-0.012699608658691406,0.0081,0.0037,0.0242,-0.0164,934,691,0.8656,0.6404,-3.5156217360974464,-4.570309238766374,1.0546875026689273,WELD_FOUND
64.329,0.0,0.0,0.0,0.0,0.0081,0.0037,-0.0081,-0.0037,934,691,0.8656,0.6404,-3.5156217360974464,nan,nan,NO_WELD
64.379,0.0,0.0,0.0,0.0,0.0098,0.0047,-0.0098,-0.0047,936,692,0.8675,0.6413,-3.5156217360974464,nan,nan,NO_WELD
64.429,0.016223648035856197,0.05,0.023723648035856196,0.008723648035856197,0.0098,0.0047,0.0139,0.004,936,692,0.8675,0.6413,-2.8124966631703576,-2.8124966631703576,0.0,WELD_FOUND
64.479,0.016223648035856197,0.05,0.023723648035856196,0.008723648035856197,0.0098,0.0047,0.0139,0.004,937,692,0.8684,0.6413,-2.8124966631703576,-2.8124966631703576,0.0,WELD_FOUND
64.529,0.0,0.0,0.0,0.0,0.0084,0.0037,-0.0084,-0.0037,937,692,0.8684,0.6413,-2.8124966631703576,nan,nan,NO_WELD
64.579,0.0,0.0,0.0,0.0,0.0084,0.0037,-0.0084,-0.0037,938,693,0.8693,0.6423,-2.8124966631703576,nan,nan,NO_WELD
64.629,0.028858894257186258,0.01043360178459584,0.030423934524875636,0.02729385398949688,0.0087,0.006,0.0217,0.0213,938,693,0.8693,0.6423,-0.35155909468853286,-0.35155909468853286,0.0,WELD_FOUND
64.679,0.028858894257186258,0.01043360178459584,0.030423934524875636,0.02729385398949688,0.0087,0.006,0.0217,0.0213,939,694,0.8702,0.6432,-0.35155909468853286,-0.35155909468853286,0.0,WELD_FOUND
64.729,0.0,0.0,0.0,0.0,0.0087,0.006,-0.0087,-0.006,939,694,0.8702,0.6432,-0.35155909468853286,nan,nan,NO_WELD
64.779,0.0,0.0,0.0,0.0,0.0151,0.0134,-0.0151,-0.0134,942,697,0.873,0.646,-0.35155909468853286,nan,nan,NO_WELD
64.829,0.0,0.0,0.0,0.0,0.0151,0.0134,-0.0151,-0.0134,942,697,0.873,0.646,-0.35155909468853286,nan,nan,NO_WELD
64.879,0.0,0.0,0.0,0.0,0.0151,0.0134,-0.0151,-0.0134,942,697,0.873,0.646,-0.35155909468853286,nan,nan,NO_WELD
64.929,0.028722371217654804,-0.05,0.021222371217654804,0.0362223712176548,0.0115,0.0105,0.0097,0.0257,943,698,0.8739,0.6469,1.4062534542270564,1.4062534542270564,0.0,WELD_FOUND
64.979,0.028722371217654804,-0.05,0.021222371217654804,0.0362223712176548,0.0115,0.0105,0.0097,0.0257,943,698,0.8739,0.6469,1.4062534542270564,1.4062534542270564,0.0,WELD_FOUND
65.029,0.0,0.0,0.0,0.0,0.0115,0.0105,-0.0115,-0.0105,943,698,0.8739,0.6469,1.4062534542270564,nan,nan,NO_WELD
65.08,0.0,0.0,0.0,0.0,0.0092,0.0084,-0.0092,-0.0084,943,698,0.8739,0.6469,1.4062534542270564,nan,nan,NO_WELD
65.129,0.0,0.0,0.0,0.0,0.0092,0.0084,-0.0092,-0.0084,945,700,0.8758,0.6487,1.4062534542270564,nan,nan,NO_WELD
65.179,0.0,0.0,0.0,0.0,0.013,0.0125,-0.013,-0.0125,945,700,0.8758,0.6487,1.4062534542270564,nan,nan,NO_WELD
65.229,0.0,0.0,0.0,0.0,0.013,0.0125,-0.013,-0.0125,945,700,0.8758,0.6487,1.4062534542270564,nan,nan,NO_WELD
65.279,0.0,0.0,0.0,0.0,0.0104,0.0125,-0.0104,-0.0125,945,700,0.8758,0.6487,1.4062534542270564,nan,nan,NO_WELD
65.329,0.028006494101859913,-0.05,0.020506494101859913,0.03550649410185991,0.0104,0.01,0.0101,0.0255,945,700,0.8758,0.6487,1.054690917763512,1.054690917763512,0.0,WELD_FOUND
65.379,0.028006494101859913,-0.05,0.020506494101859913,0.03550649410185991,0.0104,0.01,0.0101,0.0255,945,700,0.8758,0.6487,1.054690917763512,1.054690917763512,0.0,WELD_FOUND
65.429,0.0,0.0,0.0,0.0,0.0083,0.01,-0.0083,-0.01,945,700,0.8758,0.6487,1.054690917763512,nan,nan,NO_WELD
65.479,0.0,0.0,0.0,0.0,0.0083,0.008,-0.0083,-0.008,945,700,0.8758,0.6487,1.054690917763512,nan,nan,NO_WELD
65.529,0.0,0.0,0.0,0.0,0.0198,0.008,-0.0198,-0.008,949,703,0.8795,0.6515,1.054690917763512,nan,nan,NO_WELD
65.579,0.0,0.0,0.0,0.0,0.0198,0.0159,-0.0198,-0.0159,949,703,0.8795,0.6515,1.054690917763512,nan,nan,NO_WELD
65.629,0.035,0.0,0.035,0.035,0.0198,0.0159,0.0152,0.0191,948,704,0.8786,0.6524,3.4150945850063755e-06,3.4150945850063755e-06,0.0,WELD_FOUND
65.679,0.035,0.0,0.035,0.035,0.0094,0.0159,0.0256,0.0191,948,704,0.8786,0.6524,3.4150945850063755e-06,3.4150945850063755e-06,0.0,WELD_FOUND
65.729,0.0,0.0,0.0,0.0,0.0094,0.012,-0.0094,-0.012,949,704,0.8795,0.6524,3.4150945850063755e-06,nan,nan,NO_WELD
65.779,0.0,0.0,0.0,0.0,0.0094,0.012,-0.0094,-0.012,949,704,0.8795,0.6524,3.4150945850063755e-06,nan,nan,NO_WELD
65.829,0.0,0.0,0.0,0.0,0.0205,0.0257,-0.0205,-0.0257,954,709,0.8841,0.6571,3.4150945850063755e-06,nan,nan,NO_WELD
65.879,0.0,0.0,0.0,0.0,0.0205,0.0257,-0.0205,-0.0257,954,709,0.8841,0.6571,3.4150945850063755e-06,nan,nan,NO_WELD
65.929,0.0,0.0,0.0,0.0,0.016,0.0192,-0.016,-0.0192,955,710,0.8851,0.658,3.4150945850063755e-06,nan,nan,NO_WELD
65.979,0.0,0.0,0.0,0.0,0.016,0.0192,-0.016,-0.0192,955,710,0.8851,0.658,3.4150945850063755e-06,nan,nan,NO_WELD
66.029,0.0,0.0,0.0,0.0,0.016,0.0192,-0.016,-0.0192,955,710,0.8851,0.658,3.4150945850063755e-06,nan,nan,NO_WELD
66.08,0.0,0.0,0.0,0.0,0.0128,0.0153,-0.0128,-0.0153,955,710,0.8851,0.658,3.4150945850063755e-06,nan,nan,NO_WELD
66.129,0.018081071475928034,0.05,0.025581071475928033,0.010581071475928034,0.0128,0.0153,0.0128,-0.0047,955,710,0.8851,0.658,-2.8124966631703576,-2.8124966631703576,0.0,WELD_FOUND
66.179,0.018081071475928034,0.05,0.025581071475928033,0.010581071475928034,0.0102,0.0123,0.0153,-0.0017,955,710,0.8851,0.658,-2.8124966631703576,-2.8124966631703576,0.0,WELD_FOUND
66.229,0.018081071475928034,0.1,0.03308107147592804,0.0030810714759280343,0.0102,0.0123,0.0228,-0.0092,955,710,0.8851,0.658,-2.8124966631703576,-2.8124966631703576,0.0,WELD_FOUND
66.279,0.018081071475928034,0.1,0.03308107147592804,0.0030810714759280343,0.0082,0.0098,0.0249,-0.0067,955,710,0.8851,0.658,-2.8124966631703576,-2.8124966631703576,0.0,WELD_FOUND
66.329,0.0,0.0,0.0,0.0,0.0082,0.0098,-0.0082,-0.0098,957,711,0.8869,0.6589,-2.8124966631703576,nan,nan,NO_WELD
66.379,0.0,0.0,0.0,0.0,0.0082,0.0098,-0.0082,-0.0098,957,711,0.8869,0.6589,-2.8124966631703576,nan,nan,NO_WELD
66.429,0.0,0.0,0.0,0.0,0.0197,0.0207,-0.0197,-0.0207,961,716,0.8906,0.6636,-2.8124966631703576,nan,nan,NO_WELD
66.479,0.0,0.0,0.0,0.0,0.0197,0.0207,-0.0197,-0.0207,961,716,0.8906,0.6636,-2.8124966631703576,nan,nan,NO_WELD
66.529,0.0,0.0,0.0,0.0,0.0197,0.0207,-0.0197,-0.0207,960,716,0.8897,0.6636,-2.8124966631703576,nan,nan,NO_WELD
66.579,0.0,0.0,0.0,0.0,0.0094,0.0166,-0.0094,-0.0166,960,716,0.8897,0.6636,-2.8124966631703576,nan,nan,NO_WELD
66.629,0.0,0.0,0.0,0.0,0.0094,0.0166,-0.0094,-0.0166,960,715,0.8897,0.6626,-2.8124966631703576,nan,nan,NO_WELD
66.679,0.0,0.0,0.0,0.0,0.0075,0.0062,-0.0075,-0.0062,960,715,0.8897,0.6626,-2.8124966631703576,nan,nan,NO_WELD
66.729,0.0,0.0,0.0,0.0,0.0075,0.0062,-0.0075,-0.0062,960,715,0.8897,0.6626,-2.8124966631703576,nan,nan,NO_WELD
66.779,0.0,0.0,0.0,0.0,0.0075,0.0062,-0.0075,-0.0062,960,715,0.8897,0.6626,-2.8124966631703576,nan,nan,NO_WELD
66.829,0.03258234416615065,0.01687798812406937,0.035114042384761054,0.03005064594754024,0.006,0.005,0.0291,0.0251,960,715,0.8897,0.6626,-0.35155909468853286,-0.35155909468853286,0.0,WELD_FOUND
66.879,0.03258234416615065,0.01687798812406937,0.035114042384761054,0.03005064594754024,0.006,0.005,0.0291,0.0251,960,715,0.8897,0.6626,-0.35155909468853286,-0.35155909468853286,0.0,WELD_FOUND
66.929,0.0,0.0,0.0,0.0,0.0048,0.004,-0.0048,-0.004,960,715,0.8897,0.6626,-0.35155909468853286,nan,nan,NO_WELD
66.979,0.0,0.0,0.0,0.0,0.0048,0.004,-0.0048,-0.004,960,715,0.8897,0.6626,-0.35155909468853286,nan,nan,NO_WELD
67.029,0.0,0.0,0.0,0.0,0.0177,0.0172,-0.0177,-0.0172,964,719,0.8934,0.6663,-0.35155909468853286,nan,nan,NO_WELD
67.08,0.0,0.0,0.0,0.0,0.0177,0.0172,-0.0177,-0.0172,964,719,0.8934,0.6663,-0.35155909468853286,nan,nan,NO_WELD
67.129,0.02627307158444056,-0.05,0.01877307158444056,0.03377307158444056,0.0177,0.0172,0.0011,0.0166,965,720,0.8943,0.6673,1.7578159906906006,1.7578159906906006,0.0,WELD_FOUND
67.179,0.02627307158444056,-0.05,0.01877307158444056,0.03377307158444056,0.0131,0.0128,0.0057,0.021,965,720,0.8943,0.6673,1.7578159906906006,1.7578159906906006,0.0,WELD_FOUND
67.229,0.0,0.0,0.0,0.0,0.0131,0.0128,-0.0131,-0.0128,965,720,0.8943,0.6673,1.7578159906906006,nan,nan,NO_WELD
67.279,0.0,0.0,0.0,0.0,0.0105,0.0102,-0.0105,-0.0102,965,720,0.8943,0.6673,1.7578159906906006,nan,nan,NO_WELD
67.329,0.0,0.0,0.0,0.0,0.0105,0.0102,-0.0105,-0.0102,968,723,0.8971,0.6701,1.7578159906906006,nan,nan,NO_WELD
67.379,0.0,0.0,0.0,0.0,0.0174,0.0173,-0.0174,-0.0173,968,723,0.8971,0.6701,1.7578159906906006,nan,nan,NO_WELD
67.429,0.03126618906819455,-0.017072642156908558,0.028705292744658262,0.03382708539173083,0.0174,0.0173,0.0113,0.0166,967,722,0.8962,0.6691,0.35156592487770283,0.35156592487770283,0.0,WELD_FOUND
67.479,0.03126618906819455,-0.017072642156908558,0.028705292744658262,0.03382708539173083,0.0067,0.0067,0.022,0.0272,967,722,0.8962,0.6691,2.4609410636176894,0.35156592487770283,2.1093751387399866,WELD_FOUND
67.529,0.026890724957822538,-0.06707264215690856,0.016829828634286254,0.03695162128135882,0.0067,0.0067,0.0101,0.0303,968,722,0.8971,0.6691,2.4609410636176894,1.4062534542270564,1.054687609390633,WELD_FOUND
67.579,0.026890724957822538,-0.06707264215690856,0.016829828634286254,0.03695162128135882,0.0067,0.0067,0.0101,0.0303,968,722,0.8971,0.6691,1.4062534542270564,1.4062534542270564,0.0,WELD_FOUND
67.629,0.02605519101880606,-0.06347864982699707,0.016533393544756497,0.03557698849285562,0.0189,0.0189,-0.0024,0.0167,973,728,0.9017,0.6747,1.4062534542270564,1.4062534542270564,0.0,WELD_FOUND
67.679,0.02605519101880606,-0.06347864982699707,0.016533393544756497,0.03557698849285562,0.0189,0.0189,-0.0024,0.0167,973,728,0.9017,0.6747,-0.35155909468853286,1.4062534542270564,-1.7578125489155894,WELD_FOUND
67.729,0.028491826432412465,-0.032253248324374456,0.023653839183756298,0.03332981368106863,0.0299,0.0299,-0.0062,0.0035,978,733,0.9064,0.6793,-0.35155909468853286,0.8789097028925928,-1.2304687975811257,WELD_FOUND
67.779,0.028491826432412465,-0.032253248324374456,0.023653839183756298,0.03332981368106863,0.0299,0.0299,-0.0062,0.0035,978,733,0.9064,0.6793,1.7578159906906006,0.8789097028925928,0.8789062877980077,WELD_FOUND
67.829,0.026366765913200578,-0.06660449707131837,0.01637609135250282,0.036357440473898335,0.0299,0.0299,-0.0135,0.0065,983,738,0.911,0.684,1.7578159906906006,1.4062534542270564,0.3515625364635442,WELD_FOUND
67.879,0.026366765913200578,-0.06660449707131837,0.01637609135250282,0.036357440473898335,0.0303,0.0303,-0.0139,0.0061,983,738,0.911,0.684,1.7578159906906006,nan,nan,NO_WELD
67.929,0.0,0.0,0.0,0.0,0.0303,0.0303,-0.0303,-0.0303,986,741,0.9138,0.6867,1.7578159906906006,nan,nan,NO_WELD
67.979,0.0,0.0,0.0,0.0,0.0293,0.0293,-0.0293,-0.0293,986,741,0.9138,0.6867,1.7578159906906006,nan,nan,NO_WELD
68.029,0.0,0.0,0.0,0.0,0.0293,0.0293,-0.0293,-0.0293,988,744,0.9156,0.6895,1.7578159906906006,nan,nan,NO_WELD
68.081,0.0,0.0,0.0,0.0,0.025,0.0287,-0.025,-0.0287,988,744,0.9156,0.6895,1.7578159906906006,nan,nan,NO_WELD
68.129,0.0,0.0,0.0,0.0,0.025,0.0287,-0.025,-0.0287,988,743,0.9156,0.6886,1.7578159906906006,nan,nan,NO_WELD
68.179,0.0,0.0,0.0,0.0,0.025,0.0287,-0.025,-0.0287,988,743,0.9156,0.6886,3.5156285662866162,3.5156285662866162,0.0,WELD_FOUND
68.229,0.014716475511625355,-0.05,0.007216475511625355,0.022216475511625353,0.02,0.0147,-0.0128,0.0075,988,743,0.9156,0.6886,3.5156285662866162,3.5156285662866162,0.0,WELD_FOUND
68.279,0.017380439238938384,-0.1,0.0023804392389383845,0.03238043923893838,0.02,0.0147,-0.0176,0.0177,988,743,0.9156,0.6886,2.109378420432439,2.812503493359528,-0.7031250729270888,WELD_FOUND
68.329,0.017380439238938384,-0.1,0.0023804392389383845,0.03238043923893838,0.02,0.0147,-0.0176,0.0177,988,743,0.9156,0.6886,2.109378420432439,2.812503493359528,-0.7031250729270888,WELD_FOUND
68.379,0.0,0.0,0.0,0.0,0.016,0.0118,-0.016,-0.0118,988,743,0.9156,0.6886,2.109378420432439,nan,nan,NO_WELD
68.429,0.0,0.0,0.0,0.0,0.016,0.0118,-0.016,-0.0118,991,746,0.9184,0.6914,2.109378420432439,nan,nan,NO_WELD
68.479,0.0,0.0,0.0,0.0,0.016,0.0118,-0.016,-0.0118,991,746,0.9184,0.6914,2.109378420432439,nan,nan,NO_WELD
68.529,0.0,0.0,0.0,0.0,0.0195,0.017,-0.0195,-0.017,992,747,0.9194,0.6923,2.109378420432439,nan,nan,NO_WELD
68.579,0.0,0.0,0.0,0.0,0.0195,0.017,-0.0195,-0.017,992,747,0.9194,0.6923,1.054690917763512,1.054690917763512,0.0,WELD_FOUND
68.629,0.025679455473382025,-0.04935921044102491,0.01827557390722829,0.03308333703953576,0.0156,0.0136,0.0027,0.0195,992,747,0.9194,0.6923,1.054690917763512,1.054690917763512,0.0,WELD_FOUND
68.679,0.023340653453137947,-0.09058896204146767,0.009752309146917796,0.036928997759358095,0.0156,0.0136,-0.0058,0.0234,992,747,0.9194,0.6923,2.812503493359528,1.9335973122832257,0.8789061810763021,WELD_FOUND
68.729,0.023340653453137947,-0.09058896204146767,0.009752309146917796,0.036928997759358095,0.0156,0.0136,-0.0058,0.0234,993,748,0.9203,0.6932,2.812503493359528,1.9335973122832257,0.8789061810763021,WELD_FOUND
68.779,0.0,0.0,0.0,0.0,0.0118,0.0106,-0.0118,-0.0106,993,748,0.9203,0.6932,2.812503493359528,nan,nan,NO_WELD
68.829,0.0,0.0,0.0,0.0,0.0118,0.0106,-0.0118,-0.0106,994,751,0.9212,0.696,2.812503493359528,nan,nan,NO_WELD
68.879,0.0,0.0,0.0,0.0,0.0108,0.0175,-0.0108,-0.0175,994,751,0.9212,0.696,2.812503493359528,nan,nan,NO_WELD
68.929,0.0,0.0,0.0,0.0,0.0108,0.0175,-0.0108,-0.0175,995,751,0.9221,0.696,2.812503493359528,nan,nan,NO_WELD
68.979,0.0190793150971413,-0.05,0.011579315097141302,0.0265793150971413,0.0102,0.014,0.0014,0.0126,995,751,0.9221,0.696,2.812503493359528,2.812503493359528,0.0,WELD_FOUND
69.029,0.0190793150971413,-0.05,0.011579315097141302,0.0265793150971413,0.0102,0.014,0.0014,0.0126,995,751,0.9221,0.696,2.812503493359528,2.812503493359528,0.0,WELD_FOUND
69.08,0.015543796751390103,-0.1,0.0005437967513901038,0.0305437967513901,0.0102,0.014,-0.0096,0.0166,995,751,0.9221,0.696,4.218753425770293,3.5156285662866162,0.703124859483677,WELD_FOUND
69.129,0.015543796751390103,-0.1,0.0005437967513901038,0.0305437967513901,0.0111,0.0109,-0.0105,0.0197,997,752,0.924,0.6969,4.218753425770293,3.5156285662866162,0.703124859483677,WELD_FOUND
69.179,0.0,0.0,0.0,0.0,0.0111,0.0109,-0.0111,-0.0109,997,752,0.924,0.6969,4.218753425770293,nan,nan,NO_WELD
69.229,0.0,0.0,0.0,0.0,0.0111,0.0109,-0.0111,-0.0109,997,753,0.924,0.6979,4.218753425770293,nan,nan,NO_WELD
69.279,0.006382491078604952,-0.05,-0.0011175089213950476,0.013882491078604953,0.0088,0.009,-0.01,0.0049,997,753,0.924,0.6979,6.328128431108148,6.328128431108148,0.0,WELD_FOUND
69.329,0.006382491078604952,-0.05,-0.0011175089213950476,0.013882491078604953,0.0088,0.009,-0.01,0.0049,997,753,0.924,0.6979,6.328128431108148,6.328128431108148,0.0,WELD_FOUND
69.379,0.0,0.0,0.0,0.0,0.0088,0.009,-0.0088,-0.009,997,753,0.924,0.6979,6.328128431108148,nan,nan,NO_WELD
69.429,0.0,0.0,0.0,0.0,0.0071,0.0072,-0.0071,-0.0072,997,753,0.924,0.6979,6.328128431108148,nan,nan,NO_WELD
69.479,0.0,0.0,0.0,0.0,0.0071,0.0072,-0.0071,-0.0072,997,753,0.924,0.6979,6.328128431108148,nan,nan,NO_WELD
69.529,0.0,0.0,0.0,0.0,0.0071,0.0072,-0.0071,-0.0072,997,753,0.924,0.6979,6.328128431108148,nan,nan,NO_WELD
69.579,0.0,0.0,0.0,0.0,0.0057,0.0058,-0.0057,-0.0058,997,753,0.924,0.6979,6.328128431108148,nan,nan,NO_WELD
69.629,0.0,0.0,0.0,0.0,0.0057,0.0058,-0.0057,-0.0058,997,753,0.924,0.6979,6.328128431108148,nan,nan,NO_WELD
69.679,0.0,0.0,0.0,0.0,0.0057,0.0058,-0.0057,-0.0058,997,753,0.924,0.6979,3.5156285662866162,3.5156285662866162,0.0,WELD_FOUND
69.729,0.0,0.0,0.0,0.0,0.0045,0.0046,-0.0045,-0.0046,997,753,0.924,0.6979,3.5156285662866162,3.5156285662866162,0.0,WELD_FOUND
69.779,0.0,0.0,0.0,0.0,0.0045,0.0046,-0.0045,-0.0046,997,753,0.924,0.6979,3.5156285662866162,nan,nan,NO_WELD
69.829,0.0,0.0,0.0,0.0,0.0045,0.0046,-0.0045,-0.0046,997,753,0.924,0.6979,3.5156285662866162,nan,nan,NO_WELD
69.879,0.0,0.0,0.0,0.0,0.0036,0.0037,-0.0036,-0.0037,997,753,0.924,0.6979,3.5156285662866162,nan,nan,NO_WELD
69.929,0.0,0.0,0.0,0.0,0.0036,0.0037,-0.0036,-0.0037,997,753,0.924,0.6979,3.5156285662866162,nan,nan,NO_WELD
69.979,0.013163970281412703,-0.05,0.005663970281412703,0.020663970281412702,0.0029,0.0029,0.0028,0.0177,997,753,0.924,0.6979,3.8671912094718666,3.8671912094718666,0.0,WELD_FOUND
70.029,0.013163970281412703,-0.05,0.005663970281412703,0.020663970281412702,0.0029,0.0029,0.0028,0.0177,997,753,0.924,0.6979,3.8671912094718666,3.8671912094718666,0.0,WELD_FOUND
70.08,0.01439905307322616,-0.1,-0.0006009469267738397,0.02939905307322616,0.0023,0.0024,-0.0029,0.027,997,753,0.924,0.6979,3.1640659231013664,3.5156285662866162,-0.3515626431852499,WELD_FOUND
70.129,0.01439905307322616,-0.1,-0.0006009469267738397,0.02939905307322616,0.0023,0.0024,-0.0029,0.027,998,753,0.9249,0.6979,3.1640659231013664,3.5156285662866162,-0.3515626431852499,WELD_FOUND
70.179,0.015954242326688742,-0.1329629436895462,-0.0039901992267431866,0.03589868388012067,0.0023,0.0024,-0.0063,0.0335,998,753,0.9249,0.6979,3.1640659231013664,3.1640659231013664,0.0,WELD_FOUND
70.229,0.015954242326688742,-0.1329629436895462,-0.0039901992267431866,0.03589868388012067,0.0039,0.0039,-0.0079,0.032,998,754,0.9249,0.6988,3.1640659231013664,3.1640659231013664,0.0,WELD_FOUND
70.279,0.0,0.0,0.0,0.0,0.0039,0.0039,-0.0039,-0.0039,998,754,0.9249,0.6988,3.1640659231013664,nan,nan,NO_WELD
70.329,0.0,0.0,0.0,0.0,0.0039,0.0039,-0.0039,-0.0039,998,755,0.9249,0.6997,3.1640659231013664,nan,nan,NO_WELD
70.379,0.028786741336444228,-0.009929446305292092,0.027297324390650413,0.030276158282238043,0.0031,0.0048,0.0242,0.0255,998,755,0.9249,0.6997,0.35156592487770283,0.35156592487770283,0.0,WELD_FOUND
70.429,0.028786741336444228,-0.009929446305292092,0.027297324390650413,0.030276158282238043,0.0031,0.0048,0.0242,0.0255,998,755,0.9249,0.6997,0.35156592487770283,0.35156592487770283,0.0,WELD_FOUND
70.479,0.028161685961465708,-0.04753200459440235,0.021031885272305356,0.035291486650626064,0.0031,0.0048,0.0179,0.0305,998,755,0.9249,0.6997,1.7578159906906006,1.054690917763512,0.7031250729270886,WELD_FOUND
70.529,0.028161685961465708,-0.04753200459440235,0.021031885272305356,0.035291486650626064,0.0117,0.0103,0.0093,0.025,1002,758,0.9286,0.7025,1.7578159906906006,1.054690917763512,0.7031250729270886,WELD_FOUND
70.579,0.0,0.0,0.0,0.0,0.0117,0.0103,-0.0117,-0.0103,1002,758,0.9286,0.7025,1.7578159906906006,nan,nan,NO_WELD
70.629,0.0,0.0,0.0,0.0,0.0117,0.0103,-0.0117,-0.0103,1005,764,0.9314,0.7081,1.7578159906906006,nan,nan,NO_WELD
70.679,0.014421287128010472,-0.05,0.006921287128010472,0.02192128712801047,0.0145,0.021,-0.0075,0.0009,1005,764,0.9314,0.7081,4.218753425770293,4.218753425770293,0.0,WELD_FOUND
70.729,0.014421287128010472,-0.05,0.006921287128010472,0.02192128712801047,0.0145,0.021,-0.0075,0.0009,1006,763,0.9323,0.7071,4.218753425770293,4.218753425770293,0.0,WELD_FOUND
70.779,0.008487483157937261,-0.1,-0.006512516842062738,0.02348748315793726,0.0124,0.0089,-0.0189,0.0146,1006,763,0.9323,0.7071,6.679691074293397,5.449222250031846,1.2304688242615516,WELD_FOUND
70.829,0.008487483157937261,-0.1,-0.006512516842062738,0.02348748315793726,0.0124,0.0089,-0.0189,0.0146,1007,763,0.9333,0.7071,6.679691074293397,5.449222250031846,1.2304688242615516,WELD_FOUND
70.879,0.008916622179872151,-0.15000000000000002,-0.013583377820127852,0.03141662217987215,0.0124,0.0089,-0.026,0.0225,1007,763,0.9333,0.7071,4.921878712140794,4.921878712140794,0.0,WELD_FOUND
70.929,0.008916622179872151,-0.15000000000000002,-0.013583377820127852,0.03141662217987215,0.0099,0.0078,-0.0235,0.0236,1007,764,0.9333,0.7081,4.921878712140794,4.921878712140794,0.0,WELD_FOUND
70.979,0.0,0.0,0.0,0.0,0.0099,0.0078,-0.0099,-0.0078,1007,764,0.9333,0.7081,4.921878712140794,nan,nan,NO_WELD
71.029,0.0,0.0,0.0,0.0,0.0079,0.0121,-0.0079,-0.0121,1007,766,0.9333,0.7099,4.921878712140794,nan,nan,NO_WELD
71.08,0.0,0.0,0.0,0.0,0.0079,0.0121,-0.0079,-0.0121,1007,766,0.9333,0.7099,4.921878712140794,nan,nan,NO_WELD
71.129,0.0,0.0,0.0,0.0,0.0079,0.0121,-0.0079,-0.0121,1007,766,0.9333,0.7099,4.921878712140794,nan,nan,NO_WELD
71.179,0.0,0.0,0.0,0.0,0.0063,0.0097,-0.0063,-0.0097,1007,766,0.9333,0.7099,4.921878712140794,nan,nan,NO_WELD
71.229,0.0,0.0,0.0,0.0,0.0063,0.0097,-0.0063,-0.0097,1007,766,0.9333,0.7099,4.921878712140794,nan,nan,NO_WELD
71.279,0.0,0.0,0.0,0.0,0.0051,0.0077,-0.0051,-0.0077,1007,766,0.9333,0.7099,4.921878712140794,nan,nan,NO_WELD
71.329,0.0,0.0,0.0,0.0,0.0051,0.0077,-0.0051,-0.0077,1007,766,0.9333,0.7099,4.921878712140794,nan,nan,NO_WELD
71.379,0.0,0.0,0.0,0.0,0.0051,0.0077,-0.0051,-0.0077,1007,766,0.9333,0.7099,4.921878712140794,nan,nan,NO_WELD
71.429,0.0,0.0,0.0,0.0,0.0041,0.0062,-0.0041,-0.0062,1007,766,0.9333,0.7099,4.921878712140794,nan,nan,NO_WELD
71.479,0.0,0.0,0.0,0.0,0.0041,0.0062,-0.0041,-0.0062,1007,766,0.9333,0.7099,4.921878712140794,nan,nan,NO_WELD
71.529,0.0,0.0,0.0,0.0,0.0032,0.005,-0.0032,-0.005,1007,766,0.9333,0.7099,4.921878712140794,nan,nan,NO_WELD
71.579,0.0,0.0,0.0,0.0,0.0032,0.005,-0.0032,-0.005,1007,766,0.9333,0.7099,4.921878712140794,nan,nan,NO_WELD
71.629,0.0,0.0,0.0,0.0,0.0032,0.005,-0.0032,-0.005,1007,766,0.9333,0.7099,4.921878712140794,nan,nan,NO_WELD
71.679,0.0,0.0,0.0,0.0,0.0026,0.004,-0.0026,-0.004,1007,766,0.9333,0.7099,4.921878712140794,nan,nan,NO_WELD
71.729,0.0,0.0,0.0,0.0,0.0026,0.004,-0.0026,-0.004,1007,766,0.9333,0.7099,4.921878712140794,nan,nan,NO_WELD
71.779,0.0,0.0,0.0,0.0,0.0021,0.0032,-0.0021,-0.0032,1007,766,0.9333,0.7099,4.921878712140794,nan,nan,NO_WELD
71.829,0.0,0.0,0.0,0.0,0.0021,0.0032,-0.0021,-0.0032,1007,766,0.9333,0.7099,4.921878712140794,nan,nan,NO_WELD
71.879,0.0,0.0,0.0,0.0,0.0017,0.0025,-0.0017,-0.0025,1007,766,0.9333,0.7099,4.921878712140794,nan,nan,NO_WELD
71.929,0.0,0.0,0.0,0.0,0.0017,0.0025,-0.0017,-0.0025,1007,766,0.9333,0.7099,4.921878712140794,nan,nan,NO_WELD
71.979,0.0,0.0,0.0,0.0,0.0017,0.0025,-0.0017,-0.0025,1007,766,0.9333,0.7099,-0.35155909468853286,nan,nan,NO_WELD
72.029,0.0,0.0,0.0,0.0,0.0013,0.002,-0.0013,-0.002,1007,766,0.9333,0.7099,-0.35155909468853286,nan,nan,NO_WELD
72.08,0.0,0.0,0.0,0.0,0.0013,0.002,-0.0013,-0.002,1007,766,0.9333,0.7099,-4.921871881951623,nan,nan,NO_WELD
72.129,0.0,0.0,0.0,0.0,0.0013,0.002,-0.0013,-0.002,1007,766,0.9333,0.7099,-4.921871881951623,nan,nan,NO_WELD
72.179,0.0,0.0,0.0,0.0,0.0011,0.0016,-0.0011,-0.0016,1007,766,0.9333,0.7099,-2.460934233428519,nan,nan,NO_WELD
72.229,0.0,0.0,0.0,0.0,0.0011,0.0016,-0.0011,-0.0016,1007,766,0.9333,0.7099,-2.460934233428519,nan,nan,NO_WELD
72.279,0.0,0.0,0.0,0.0,0.0011,0.0016,-0.0011,-0.0016,1007,766,0.9333,0.7099,-4.218746595581123,nan,nan,NO_WELD
72.329,0.0,0.0,0.0,0.0,0.0,0.0013,0.0,-0.0013,1007,766,0.9333,0.7099,-4.218746595581123,nan,nan,NO_WELD
72.379,0.0,0.0,0.0,0.0,0.0,0.0013,0.0,-0.0013,1007,766,0.9333,0.7099,1.4062534542270564,nan,nan,NO_WELD
72.429,0.0,0.0,0.0,0.0,0.0,0.001,0.0,-0.001,1007,766,0.9333,0.7099,1.4062534542270564,nan,nan,NO_WELD
72.479,0.0,0.0,0.0,0.0,0.0,0.001,0.0,-0.001,1007,766,0.9333,0.7099,1.4062534542270564,nan,nan,NO_WELD
72.529,0.0,0.0,0.0,0.0,0.0,0.001,0.0,-0.001,1007,766,0.9333,0.7099,1.4062534542270564,nan,nan,NO_WELD
72.579,0.0,0.0,0.0,0.0,0.0,0.0,0.0,0.0,1007,766,0.9333,0.7099,1.4062534542270564,nan,nan,NO_WELD
72.629,0.0,0.0,0.0,0.0,0.0,0.0,0.0,0.0,1007,766,0.9333,0.7099,1.4062534542270564,nan,nan,NO_WELD
72.679,0.0,0.0,0.0,0.0,0.0,0.0,0.0,0.0,1007,766,0.9333,0.7099,-4.218746595581123,nan,nan,NO_WELD
72.729,0.0,0.0,0.0,0.0,0.0,0.0,0.0,0.0,1007,766,0.9333,0.7099,-4.218746595581123,nan,nan,NO_WELD
72.779,0.0,0.0,0.0,0.0,0.0,0.0,0.0,0.0,1007,766,0.9333,0.7099,-4.218746595581123,nan,nan,NO_WELD
72.829,0.0,0.0,0.0,0.0,0.0,0.0,0.0,0.0,1007,766,0.9333,0.7099,-4.218746595581123,nan,nan,NO_WELD
72.879,0.0,0.0,0.0,0.0,0.0,0.0,0.0,0.0,1007,766,0.9333,0.7099,-3.5156217360974464,nan,nan,NO_WELD
72.929,0.0,0.0,0.0,0.0,0.0,0.0,0.0,0.0,1007,766,0.9333,0.7099,-3.5156217360974464,nan,nan,NO_WELD
72.979,0.0,0.0,0.0,0.0,0.0,0.0,0.0,0.0,1007,766,0.9333,0.7099,-3.5156217360974464,nan,nan,NO_WELD
73.029,0.0,0.0,0.0,0.0,0.0,0.0,0.0,0.0,1007,766,0.9333,0.7099,-3.5156217360974464,nan,nan,NO_WELD
73.08,0.0,0.0,0.0,0.0,0.0,0.0,0.0,0.0,1007,766,0.9333,0.7099,0.35156592487770283,nan,nan,NO_WELD
73.129,0.0,0.0,0.0,0.0,0.0,0.0,0.0,0.0,1007,766,0.9333,0.7099,0.35156592487770283,nan,nan,NO_WELD
73.179,0.0,0.0,0.0,0.0,0.0,0.0,0.0,0.0,1007,766,0.9333,0.7099,-4.218746595581123,nan,nan,NO_WELD
73.229,0.0,0.0,0.0,0.0,0.0,0.0,0.0,0.0,1007,766,0.9333,0.7099,-4.218746595581123,nan,nan,NO_WELD
73.279,0.0,0.0,0.0,0.0,0.0,0.0,0.0,0.0,1007,766,0.9333,0.7099,-4.218746595581123,nan,nan,NO_WELD
73.329,0.0,0.0,0.0,0.0,0.0,0.0,0.0,0.0,1007,766,0.9333,0.7099,-4.218746595581123,nan,nan,NO_WELD
73.379,0.0,0.0,0.0,0.0,0.0,0.0,0.0,0.0,1007,766,0.9333,0.7099,-3.164059092912196,nan,nan,NO_WELD
73.429,0.0,0.0,0.0,0.0,0.0,0.0,0.0,0.0,1007,766,0.9333,0.7099,-3.164059092912196,nan,nan,NO_WELD
73.479,0.0,0.0,0.0,0.0,0.0,0.0,0.0,0.0,1007,766,0.9333,0.7099,-3.164059092912196,nan,nan,NO_WELD
73.529,0.0,0.0,0.0,0.0,0.0,0.0,0.0,0.0,1007,766,0.9333,0.7099,-3.164059092912196,nan,nan,NO_WELD
73.579,0.0,0.0,0.0,0.0,0.0,0.0,0.0,0.0,1007,766,0.9333,0.7099,-1.4062466240378864,nan,nan,NO_WELD
73.629,0.0,0.0,0.0,0.0,0.0,0.0,0.0,0.0,1007,766,0.9333,0.7099,-1.4062466240378864,nan,nan,NO_WELD
73.679,0.0,0.0,0.0,0.0,0.0,0.0,0.0,0.0,1007,766,0.9333,0.7099,-5.273434098250051,nan,nan,NO_WELD
73.729,0.0,0.0,0.0,0.0,0.0,0.0,0.0,0.0,1007,766,0.9333,0.7099,-5.273434098250051,nan,nan,NO_WELD
73.779,0.0,0.0,0.0,0.0,0.0,0.0,0.0,0.0,1007,766,0.9333,0.7099,2.109378420432439,nan,nan,NO_WELD
73.829,0.0,0.0,0.0,0.0,0.0,0.0,0.0,0.0,1007,766,0.9333,0.7099,2.109378420432439,nan,nan,NO_WELD
73.879,0.0,0.0,0.0,0.0,0.0,0.0,0.0,0.0,1007,766,0.9333,0.7099,3.5156285662866162,nan,nan,NO_WELD
73.929,0.0,0.0,0.0,0.0,0.0,0.0,0.0,0.0,1007,766,0.9333,0.7099,3.5156285662866162,nan,nan,NO_WELD
73.979,0.0,0.0,0.0,0.0,0.0,0.0,0.0,0.0,1007,766,0.9333,0.7099,3.5156285662866162,nan,nan,NO_WELD
74.029,0.0,0.0,0.0,0.0,0.0,0.0,0.0,0.0,1007,766,0.9333,0.7099,3.5156285662866162,nan,nan,NO_WELD
74.08,0.0,0.0,0.0,0.0,0.0,0.0,0.0,0.0,1007,766,0.9333,0.7099,-1.0546840875743422,nan,nan,NO_WELD
74.129,0.0,0.0,0.0,0.0,0.0,0.0,0.0,0.0,1007,766,0.9333,0.7099,-1.0546840875743422,nan,nan,NO_WELD
74.179,0.0,0.0,0.0,0.0,0.0,0.0,0.0,0.0,1007,766,0.9333,0.7099,-1.7578091605014305,nan,nan,NO_WELD
74.229,0.0,0.0,0.0,0.0,0.0,0.0,0.0,0.0,1007,766,0.9333,0.7099,-1.7578091605014305,nan,nan,NO_WELD
74.279,0.0,0.0,0.0,0.0,0.0,0.0,0.0,0.0,1007,766,0.9333,0.7099,-1.7578091605014305,nan,nan,NO_WELD
74.329,0.0,0.0,0.0,0.0,0.0,0.0,0.0,0.0,1007,766,0.9333,0.7099,-1.7578091605014305,nan,nan,NO_WELD
74.379,0.0,0.0,0.0,0.0,0.0,0.0,0.0,0.0,1007,766,0.9333,0.7099,0.7031284346608206,nan,nan,NO_WELD
74.429,0.0,0.0,0.0,0.0,0.0,0.0,0.0,0.0,1007,766,0.9333,0.7099,0.7031284346608206,nan,nan,NO_WELD
74.479,0.0,0.0,0.0,0.0,0.0,0.0,0.0,0.0,1007,766,0.9333,0.7099,-23.906247783765956,nan,nan,NO_WELD
74.529,0.0,0.0,0.0,0.0,0.0,0.0,0.0,0.0,1007,766,0.9333,0.7099,-23.906247783765956,nan,nan,NO_WELD
74.579,0.0,0.0,0.0,0.0,0.0,0.0,0.0,0.0,1007,766,0.9333,0.7099,3.1640659231013664,nan,nan,NO_WELD
74.629,0.0,0.0,0.0,0.0,0.0,0.0,0.0,0.0,1007,766,0.9333,0.7099,3.1640659231013664,nan,nan,NO_WELD
74.679,0.0,0.0,0.0,0.0,0.0,0.0,0.0,0.0,1007,766,0.9333,0.7099,3.1640659231013664,nan,nan,NO_WELD
74.729,0.0,0.0,0.0,0.0,0.0,0.0,0.0,0.0,1007,766,0.9333,0.7099,3.1640659231013664,nan,nan,NO_WELD
74.779,0.0,0.0,0.0,0.0,0.0,0.0,0.0,0.0,1007,766,0.9333,0.7099,-5.273434098250051,nan,nan,NO_WELD
74.829,0.0,0.0,0.0,0.0,0.0,0.0,0.0,0.0,1007,766,0.9333,0.7099,-5.273434098250051,nan,nan,NO_WELD
74.879,0.0,0.0,0.0,0.0,0.0,0.0,0.0,0.0,1007,766,0.9333,0.7099,2.812503493359528,nan,nan,NO_WELD
74.929,0.0,0.0,0.0,0.0,0.0,0.0,0.0,0.0,1007,766,0.9333,0.7099,2.812503493359528,nan,nan,NO_WELD
74.979,0.0,0.0,0.0,0.0,0.0,0.0,0.0,0.0,1007,766,0.9333,0.7099,-6.328121600918977,nan,nan,NO_WELD
75.029,0.0,0.0,0.0,0.0,0.0,0.0,0.0,0.0,1007,766,0.9333,0.7099,-6.328121600918977,nan,nan,NO_WELD
75.08,0.0,0.0,0.0,0.0,0.0,0.0,0.0,0.0,1007,766,0.9333,0.7099,-7.031246887289478,nan,nan,NO_WELD
75.129,0.0,0.0,0.0,0.0,0.0,0.0,0.0,0.0,1007,766,0.9333,0.7099,-7.031246887289478,nan,nan,NO_WELD
75.179,0.0,0.0,0.0,0.0,0.0,0.0,0.0,0.0,1007,766,0.9333,0.7099,7.734379003849147,nan,nan,NO_WELD
75.229,0.0,0.0,0.0,0.0,0.0,0.0,0.0,0.0,1007,766,0.9333,0.7099,7.734379003849147,nan,nan,NO_WELD
75.279,0.0,0.0,0.0,0.0,0.0,0.0,0.0,0.0,1007,766,0.9333,0.7099,1.054690917763512,nan,nan,NO_WELD
75.329,0.0,0.0,0.0,0.0,0.0,0.0,0.0,0.0,1007,766,0.9333,0.7099,1.054690917763512,nan,nan,NO_WELD
75.379,0.0,0.0,0.0,0.0,0.0,0.0,0.0,0.0,1007,766,0.9333,0.7099,-20.390621351913456,nan,nan,NO_WELD
75.429,0.0,0.0,0.0,0.0,0.0,0.0,0.0,0.0,1007,766,0.9333,0.7099,-20.390621351913456,nan,nan,NO_WELD
75.479,0.0,0.0,0.0,0.0,0.0,0.0,0.0,0.0,1007,766,0.9333,0.7099,-0.35155909468853286,nan,nan,NO_WELD
75.529,0.0,0.0,0.0,0.0,0.0,0.0,0.0,0.0,1007,766,0.9333,0.7099,-0.35155909468853286,nan,nan,NO_WELD
75.579,0.0,0.0,0.0,0.0,0.0,0.0,0.0,0.0,1007,766,0.9333,0.7099,-0.7031216044716506,nan,nan,NO_WELD
75.629,0.0,0.0,0.0,0.0,0.0,0.0,0.0,0.0,1007,766,0.9333,0.7099,-0.7031216044716506,nan,nan,NO_WELD
75.679,0.0,0.0,0.0,0.0,0.0,0.0,0.0,0.0,1007,766,0.9333,0.7099,-5.6249967414353,nan,nan,NO_WELD
75.729,0.0,0.0,0.0,0.0,0.0,0.0,0.0,0.0,1007,766,0.9333,0.7099,-5.6249967414353,nan,nan,NO_WELD
75.779,0.0,0.0,0.0,0.0,0.0,0.0,0.0,0.0,1007,766,0.9333,0.7099,-5.6249967414353,nan,nan,NO_WELD
75.829,0.0,0.0,0.0,0.0,0.0,0.0,0.0,0.0,1007,766,0.9333,0.7099,-5.6249967414353,nan,nan,NO_WELD
75.879,0.0,0.0,0.0,0.0,0.0,0.0,0.0,0.0,1007,766,0.9333,0.7099,2.4609410636176894,nan,nan,NO_WELD
75.929,0.0,0.0,0.0,0.0,0.0,0.0,0.0,0.0,1007,766,0.9333,0.7099,2.4609410636176894,nan,nan,NO_WELD
75.979,0.0,0.0,0.0,0.0,0.0,0.0,0.0,0.0,1007,766,0.9333,0.7099,-7.7343721736599775,nan,nan,NO_WELD
76.029,0.0,0.0,0.0,0.0,0.0,0.0,0.0,0.0,1007,766,0.9333,0.7099,-7.7343721736599775,nan,nan,NO_WELD
76.08,0.0,0.0,0.0,0.0,0.0,0.0,0.0,0.0,1007,766,0.9333,0.7099,-19.68749777309025,nan,nan,NO_WELD
76.129,0.0,0.0,0.0,0.0,0.0,0.0,0.0,0.0,1007,766,0.9333,0.7099,-19.68749777309025,nan,nan,NO_WELD
76.179,0.0,0.0,0.0,0.0,0.0,0.0,0.0,0.0,1007,766,0.9333,0.7099,4.218753425770293,nan,nan,NO_WELD
76.229,0.0,0.0,0.0,0.0,0.0,0.0,0.0,0.0,1007,766,0.9333,0.7099,4.218753425770293,nan,nan,NO_WELD
76.279,0.0,0.0,0.0,0.0,0.0,0.0,0.0,0.0,1007,766,0.9333,0.7099,-5.9765593846205505,nan,nan,NO_WELD
76.328,0.0,0.0,0.0,0.0,0.0,0.0,0.0,0.0,1007,766,0.9333,0.7099,-5.9765593846205505,nan,nan,NO_WELD
76.379,0.0,0.0,0.0,0.0,0.0,0.0,0.0,0.0,1007,766,0.9333,0.7099,7.382816360663898,nan,nan,NO_WELD
76.428,0.0,0.0,0.0,0.0,0.0,0.0,0.0,0.0,1007,766,0.9333,0.7099,7.382816360663898,nan,nan,NO_WELD
76.479,0.0,0.0,0.0,0.0,0.0,0.0,0.0,0.0,1007,766,0.9333,0.7099,-6.328121600918977,nan,nan,NO_WELD
76.529,0.0,0.0,0.0,0.0,0.0,0.0,0.0,0.0,1007,766,0.9333,0.7099,-6.328121600918977,nan,nan,NO_WELD
76.579,0.0,0.0,0.0,0.0,0.0,0.0,0.0,0.0,1007,766,0.9333,0.7099,-4.218746595581123,nan,nan,NO_WELD
76.628,0.0,0.0,0.0,0.0,0.0,0.0,0.0,0.0,1007,766,0.9333,0.7099,-4.218746595581123,nan,nan,NO_WELD
76.679,0.0,0.0,0.0,0.0,0.0,0.0,0.0,0.0,1007,766,0.9333,0.7099,-4.218746595581123,nan,nan,NO_WELD
76.728,0.0,0.0,0.0,0.0,0.0,0.0,0.0,0.0,1007,766,0.9333,0.7099,-4.218746595581123,nan,nan,NO_WELD
76.779,0.0,0.0,0.0,0.0,0.0,0.0,0.0,0.0,1007,766,0.9333,0.7099,-5.273434098250051,nan,nan,NO_WELD
76.828,0.0,0.0,0.0,0.0,0.0,0.0,0.0,0.0,1007,766,0.9333,0.7099,-5.273434098250051,nan,nan,NO_WELD
76.879,0.0,0.0,0.0,0.0,0.0,0.0,0.0,0.0,1007,766,0.9333,0.7099,4.218753425770293,nan,nan,NO_WELD
76.929,0.0,0.0,0.0,0.0,0.0,0.0,0.0,0.0,1007,766,0.9333,0.7099,4.218753425770293,nan,nan,NO_WELD
76.979,0.0,0.0,0.0,0.0,0.0,0.0,0.0,0.0,1007,766,0.9333,0.7099,-8.43749660625683,nan,nan,NO_WELD
77.029,0.0,0.0,0.0,0.0,0.0,0.0,0.0,0.0,1007,766,0.9333,0.7099,-8.43749660625683,nan,nan,NO_WELD
77.08,0.0,0.0,0.0,0.0,0.0,0.0,0.0,0.0,1007,766,0.9333,0.7099,3.5156285662866162,nan,nan,NO_WELD
77.129,0.0,0.0,0.0,0.0,0.0,0.0,0.0,0.0,1007,766,0.9333,0.7099,3.5156285662866162,nan,nan,NO_WELD
77.179,0.0,0.0,0.0,0.0,0.0,0.0,0.0,0.0,1007,766,0.9333,0.7099,-2.460934233428519,nan,nan,NO_WELD
77.229,0.0,0.0,0.0,0.0,0.0,0.0,0.0,0.0,1007,766,0.9333,0.7099,-2.460934233428519,nan,nan,NO_WELD
77.279,0.0,0.0,0.0,0.0,0.0,0.0,0.0,0.0,1007,766,0.9333,0.7099,12.304691657710107,nan,nan,NO_WELD
77.329,0.0,0.0,0.0,0.0,0.0,0.0,0.0,0.0,1007,766,0.9333,0.7099,12.304691657710107,nan,nan,NO_WELD
77.379,0.0,0.0,0.0,0.0,0.0,0.0,0.0,0.0,1007,766,0.9333,0.7099,1.4062534542270564,nan,nan,NO_WELD
77.429,0.0,0.0,0.0,0.0,0.0,0.0,0.0,0.0,1007,766,0.9333,0.7099,1.4062534542270564,nan,nan,NO_WELD
77.479,0.0,0.0,0.0,0.0,0.0,0.0,0.0,0.0,1007,766,0.9333,0.7099,-2.1093715902432693,nan,nan,NO_WELD
77.529,0.0,0.0,0.0,0.0,0.0,0.0,0.0,0.0,1007,766,0.9333,0.7099,-2.1093715902432693,nan,nan,NO_WELD
77.579,0.0,0.0,0.0,0.0,0.0,0.0,0.0,0.0,1007,766,0.9333,0.7099,2.4609410636176894,nan,nan,NO_WELD
77.629,0.0,0.0,0.0,0.0,0.0,0.0,0.0,0.0,1007,766,0.9333,0.7099,2.4609410636176894,nan,nan,NO_WELD
77.679,0.0,0.0,0.0,0.0,0.0,0.0,0.0,0.0,1007,766,0.9333,0.7099,-2.1093715902432693,nan,nan,NO_WELD
77.729,0.0,0.0,0.0,0.0,0.0,0.0,0.0,0.0,1007,766,0.9333,0.7099,-2.1093715902432693,nan,nan,NO_WELD
77.779,0.0,0.0,0.0,0.0,0.0,0.0,0.0,0.0,1007,766,0.9333,0.7099,5.97656621480972,nan,nan,NO_WELD
77.829,0.0,0.0,0.0,0.0,0.0,0.0,0.0,0.0,1007,766,0.9333,0.7099,5.97656621480972,nan,nan,NO_WELD
77.879,0.0,0.0,0.0,0.0,0.0,0.0,0.0,0.0,1007,766,0.9333,0.7099,5.97656621480972,nan,nan,NO_WELD
77.929,0.0,0.0,0.0,0.0,0.0,0.0,0.0,0.0,1007,766,0.9333,0.7099,5.97656621480972,nan,nan,NO_WELD
77.979,0.0,0.0,0.0,0.0,0.0,0.0,0.0,0.0,1007,766,0.9333,0.7099,2.812503493359528,nan,nan,NO_WELD
78.029,0.0,0.0,0.0,0.0,0.0,0.0,0.0,0.0,1007,766,0.9333,0.7099,2.812503493359528,nan,nan,NO_WELD
78.08,0.0,0.0,0.0,0.0,0.0,0.0,0.0,0.0,1007,766,0.9333,0.7099,-0.7031216044716506,nan,nan,NO_WELD
78.129,0.0,0.0,0.0,0.0,0.0,0.0,0.0,0.0,1007,766,0.9333,0.7099,-0.7031216044716506,nan,nan,NO_WELD
78.179,0.0,0.0,0.0,0.0,0.0,0.0,0.0,0.0,1007,766,0.9333,0.7099,1.7578159906906006,nan,nan,NO_WELD
78.229,0.0,0.0,0.0,0.0,0.0,0.0,0.0,0.0,1007,766,0.9333,0.7099,1.7578159906906006,nan,nan,NO_WELD
78.279,0.0,0.0,0.0,0.0,0.0,0.0,0.0,0.0,1007,766,0.9333,0.7099,1.7578159906906006,nan,nan,NO_WELD
78.329,0.0,0.0,0.0,0.0,0.0,0.0,0.0,0.0,1007,766,0.9333,0.7099,1.7578159906906006,nan,nan,NO_WELD
78.379,0.0,0.0,0.0,0.0,0.0,0.0,0.0,0.0,1007,766,0.9333,0.7099,-16.171871341237747,nan,nan,NO_WELD
78.429,0.0,0.0,0.0,0.0,0.0,0.0,0.0,0.0,1007,766,0.9333,0.7099,-16.171871341237747,nan,nan,NO_WELD
78.478,0.0,0.0,0.0,0.0,0.0,0.0,0.0,0.0,1007,766,0.9333,0.7099,-2.8124966631703576,nan,nan,NO_WELD
78.529,0.0,0.0,0.0,0.0,0.0,0.0,0.0,0.0,1007,766,0.9333,0.7099,-2.8124966631703576,nan,nan,NO_WELD
78.579,0.0,0.0,0.0,0.0,0.0,0.0,0.0,0.0,1007,766,0.9333,0.7099,2.812503493359528,nan,nan,NO_WELD
78.629,0.0,0.0,0.0,0.0,0.0,0.0,0.0,0.0,1007,766,0.9333,0.7099,2.812503493359528,nan,nan,NO_WELD
78.679,0.0,0.0,0.0,0.0,0.0,0.0,0.0,0.0,1007,766,0.9333,0.7099,1.7578159906906006,nan,nan,NO_WELD
78.729,0.0,0.0,0.0,0.0,0.0,0.0,0.0,0.0,1007,766,0.9333,0.7099,1.7578159906906006,nan,nan,NO_WELD
78.779,0.0,0.0,0.0,0.0,0.0,0.0,0.0,0.0,1007,766,0.9333,0.7099,1.7578159906906006,nan,nan,NO_WELD
78.829,0.0,0.0,0.0,0.0,0.0,0.0,0.0,0.0,1007,766,0.9333,0.7099,1.7578159906906006,nan,nan,NO_WELD
78.879,0.0,0.0,0.0,0.0,0.0,0.0,0.0,0.0,1007,766,0.9333,0.7099,2.109378420432439,nan,nan,NO_WELD
78.929,0.0,0.0,0.0,0.0,0.0,0.0,0.0,0.0,1007,766,0.9333,0.7099,2.109378420432439,nan,nan,NO_WELD
78.979,0.0,0.0,0.0,0.0,0.0,0.0,0.0,0.0,1007,766,0.9333,0.7099,2.109378420432439,nan,nan,NO_WELD
79.029,0.0,0.0,0.0,0.0,0.0,0.0,0.0,0.0,1007,766,0.9333,0.7099,2.109378420432439,nan,nan,NO_WELD
79.08,0.0,0.0,0.0,0.0,0.0,0.0,0.0,0.0,1007,766,0.9333,0.7099,2.4609410636176894,nan,nan,NO_WELD
79.129,0.0,0.0,0.0,0.0,0.0,0.0,0.0,0.0,1007,766,0.9333,0.7099,2.4609410636176894,nan,nan,NO_WELD
79.179,0.0,0.0,0.0,0.0,0.0,0.0,0.0,0.0,1007,766,0.9333,0.7099,-0.7031216044716506,nan,nan,NO_WELD
79.229,0.0,0.0,0.0,0.0,0.0,0.0,0.0,0.0,1007,766,0.9333,0.7099,-0.7031216044716506,nan,nan,NO_WELD
79.279,0.0,0.0,0.0,0.0,0.0,0.0,0.0,0.0,1007,766,0.9333,0.7099,-5.6249967414353,nan,nan,NO_WELD
79.329,0.0,0.0,0.0,0.0,0.0,0.0,0.0,0.0,1007,766,0.9333,0.7099,-5.6249967414353,nan,nan,NO_WELD
79.379,0.0,0.0,0.0,0.0,0.0,0.0,0.0,0.0,1007,766,0.9333,0.7099,-20.390621351913456,nan,nan,NO_WELD
79.429,0.0,0.0,0.0,0.0,0.0,0.0,0.0,0.0,1007,766,0.9333,0.7099,-20.390621351913456,nan,nan,NO_WELD
79.479,0.0,0.0,0.0,0.0,0.0,0.0,0.0,0.0,1007,766,0.9333,0.7099,-0.7031216044716506,nan,nan,NO_WELD
79.529,0.0,0.0,0.0,0.0,0.0,0.0,0.0,0.0,1007,766,0.9333,0.7099,-0.7031216044716506,nan,nan,NO_WELD
79.579,0.0,0.0,0.0,0.0,0.0,0.0,0.0,0.0,1007,766,0.9333,0.7099,3.1640659231013664,nan,nan,NO_WELD
79.629,0.0,0.0,0.0,0.0,0.0,0.0,0.0,0.0,1007,766,0.9333,0.7099,3.1640659231013664,nan,nan,NO_WELD
79.679,0.0,0.0,0.0,0.0,0.0,0.0,0.0,0.0,1007,766,0.9333,0.7099,3.1640659231013664,nan,nan,NO_WELD
79.729,0.0,0.0,0.0,0.0,0.0,0.0,0.0,0.0,1007,766,0.9333,0.7099,3.1640659231013664,nan,nan,NO_WELD
79.779,0.0,0.0,0.0,0.0,0.0,0.0,0.0,0.0,1007,766,0.9333,0.7099,1.7578159906906006,nan,nan,NO_WELD
79.828,0.0,0.0,0.0,0.0,0.0,0.0,0.0,0.0,1007,766,0.9333,0.7099,1.7578159906906006,nan,nan,NO_WELD
79.879,0.0,0.0,0.0,0.0,0.0,0.0,0.0,0.0,1007,766,0.9333,0.7099,-6.6796842441042275,nan,nan,NO_WELD
79.929,0.0,0.0,0.0,0.0,0.0,0.0,0.0,0.0,1007,766,0.9333,0.7099,-6.6796842441042275,nan,nan,NO_WELD
79.979,0.0,0.0,0.0,0.0,0.0,0.0,0.0,0.0,1007,766,0.9333,0.7099,-6.328121600918977,nan,nan,NO_WELD
80.028,0.0,0.0,0.0,0.0,0.0,0.0,0.0,0.0,1007,766,0.9333,0.7099,-6.328121600918977,nan,nan,NO_WELD
80.08,0.0,0.0,0.0,0.0,0.0,0.0,0.0,0.0,1007,766,0.9333,0.7099,-5.273434098250051,nan,nan,NO_WELD
80.129,0.0,0.0,0.0,0.0,0.0,0.0,0.0,0.0,1007,766,0.9333,0.7099,-5.273434098250051,nan,nan,NO_WELD
80.179,0.0,0.0,0.0,0.0,0.0,0.0,0.0,0.0,1007,766,0.9333,0.7099,3.1640659231013664,nan,nan,NO_WELD
80.228,0.0,0.0,0.0,0.0,0.0,0.0,0.0,0.0,1007,766,0.9333,0.7099,3.1640659231013664,nan,nan,NO_WELD
80.279,0.0,0.0,0.0,0.0,0.0,0.0,0.0,0.0,1007,766,0.9333,0.7099,-9.843747178997832,nan,nan,NO_WELD
80.328,0.0,0.0,0.0,0.0,0.0,0.0,0.0,0.0,1007,766,0.9333,0.7099,-9.843747178997832,nan,nan,NO_WELD
80.379,0.0,0.0,0.0,0.0,0.0,0.0,0.0,0.0,1007,766,0.9333,0.7099,-9.843747178997832,nan,nan,NO_WELD
80.428,0.0,0.0,0.0,0.0,0.0,0.0,0.0,0.0,1007,766,0.9333,0.7099,-9.843747178997832,nan,nan,NO_WELD
80.479,0.0,0.0,0.0,0.0,0.0,0.0,0.0,0.0,1007,766,0.9333,0.7099,0.35156592487770283,nan,nan,NO_WELD
80.529,0.0,0.0,0.0,0.0,0.0,0.0,0.0,0.0,1007,766,0.9333,0.7099,0.35156592487770283,nan,nan,NO_WELD
80.579,0.0,0.0,0.0,0.0,0.0,0.0,0.0,0.0,1007,766,0.9333,0.7099,-1.4062466240378864,nan,nan,NO_WELD
80.629,0.0,0.0,0.0,0.0,0.0,0.0,0.0,0.0,1007,766,0.9333,0.7099,-1.4062466240378864,nan,nan,NO_WELD
80.679,0.0,0.0,0.0,0.0,0.0,0.0,0.0,0.0,1007,766,0.9333,0.7099,-4.218746595581123,nan,nan,NO_WELD
80.729,0.0,0.0,0.0,0.0,0.0,0.0,0.0,0.0,1007,766,0.9333,0.7099,-4.218746595581123,nan,nan,NO_WELD
80.779,0.0,0.0,0.0,0.0,0.0,0.0,0.0,0.0,1007,766,0.9333,0.7099,2.812503493359528,nan,nan,NO_WELD
80.829,0.0,0.0,0.0,0.0,0.0,0.0,0.0,0.0,1007,766,0.9333,0.7099,2.812503493359528,nan,nan,NO_WELD
80.879,0.0,0.0,0.0,0.0,0.0,0.0,0.0,0.0,1007,766,0.9333,0.7099,-1.4062466240378864,nan,nan,NO_WELD
80.929,0.0,0.0,0.0,0.0,0.0,0.0,0.0,0.0,1007,766,0.9333,0.7099,-1.4062466240378864,nan,nan,NO_WELD
80.979,0.0,0.0,0.0,0.0,0.0,0.0,0.0,0.0,1007,766,0.9333,0.7099,2.4609410636176894,nan,nan,NO_WELD
81.028,0.0,0.0,0.0,0.0,0.0,0.0,0.0,0.0,1007,766,0.9333,0.7099,2.4609410636176894,nan,nan,NO_WELD
81.08,0.0,0.0,0.0,0.0,0.0,0.0,0.0,0.0,1007,766,0.9333,0.7099,1.054690917763512,nan,nan,NO_WELD
81.129,0.0,0.0,0.0,0.0,0.0,0.0,0.0,0.0,1007,766,0.9333,0.7099,1.054690917763512,nan,nan,NO_WELD
81.179,0.0,0.0,0.0,0.0,0.0,0.0,0.0,0.0,1007,766,0.9333,0.7099,-1.0546840875743422,nan,nan,NO_WELD
81.228,0.0,0.0,0.0,0.0,0.0,0.0,0.0,0.0,1007,766,0.9333,0.7099,-1.0546840875743422,nan,nan,NO_WELD
81.279,0.0,0.0,0.0,0.0,0.0,0.0,0.0,0.0,1007,766,0.9333,0.7099,-1.0546840875743422,nan,nan,NO_WELD
81.329,0.0,0.0,0.0,0.0,0.0,0.0,0.0,0.0,1007,766,0.9333,0.7099,-1.0546840875743422,nan,nan,NO_WELD
81.379,0.0,0.0,0.0,0.0,0.0,0.0,0.0,0.0,1007,766,0.9333,0.7099,1.7578159906906006,nan,nan,NO_WELD
81.429,0.0,0.0,0.0,0.0,0.0,0.0,0.0,0.0,1007,766,0.9333,0.7099,1.7578159906906006,nan,nan,NO_WELD
81.479,0.0,0.0,0.0,0.0,0.0,0.0,0.0,0.0,1007,766,0.9333,0.7099,2.4609410636176894,nan,nan,NO_WELD
81.529,0.0,0.0,0.0,0.0,0.0,0.0,0.0,0.0,1007,766,0.9333,0.7099,2.4609410636176894,nan,nan,NO_WELD
81.579,0.0,0.0,0.0,0.0,0.0,0.0,0.0,0.0,1007,766,0.9333,0.7099,-6.328121600918977,nan,nan,NO_WELD
81.628,0.0,0.0,0.0,0.0,0.0,0.0,0.0,0.0,1007,766,0.9333,0.7099,-6.328121600918977,nan,nan,NO_WELD
81.679,0.0,0.0,0.0,0.0,0.0,0.0,0.0,0.0,1007,766,0.9333,0.7099,-0.7031216044716506,nan,nan,NO_WELD
81.729,0.0,0.0,0.0,0.0,0.0,0.0,0.0,0.0,1007,766,0.9333,0.7099,-0.7031216044716506,nan,nan,NO_WELD
81.779,0.0,0.0,0.0,0.0,0.0,0.0,0.0,0.0,1007,766,0.9333,0.7099,-1.4062466240378864,nan,nan,NO_WELD
81.828,0.0,0.0,0.0,0.0,0.0,0.0,0.0,0.0,1007,766,0.9333,0.7099,-1.4062466240378864,nan,nan,NO_WELD
81.879,0.0,0.0,0.0,0.0,0.0,0.0,0.0,0.0,1007,766,0.9333,0.7099,-19.33593427613135,nan,nan,NO_WELD
81.929,0.0,0.0,0.0,0.0,0.0,0.0,0.0,0.0,1007,766,0.9333,0.7099,-19.33593427613135,nan,nan,NO_WELD
81.979,0.0,0.0,0.0,0.0,0.0,0.0,0.0,0.0,1007,766,0.9333,0.7099,-2.1093715902432693,nan,nan,NO_WELD
82.029,0.0,0.0,0.0,0.0,0.0,0.0,0.0,0.0,1007,766,0.9333,0.7099,-2.1093715902432693,nan,nan,NO_WELD
82.08,0.0,0.0,0.0,0.0,0.0,0.0,0.0,0.0,1007,766,0.9333,0.7099,-12.65624661693254,nan,nan,NO_WELD
82.129,0.0,0.0,0.0,0.0,0.0,0.0,0.0,0.0,1007,766,0.9333,0.7099,-12.65624661693254,nan,nan,NO_WELD
82.179,0.0,0.0,0.0,0.0,0.0,0.0,0.0,0.0,1007,766,0.9333,0.7099,-5.9765593846205505,nan,nan,NO_WELD
82.229,0.0,0.0,0.0,0.0,0.0,0.0,0.0,0.0,1007,766,0.9333,0.7099,-5.9765593846205505,nan,nan,NO_WELD
82.279,0.0,0.0,0.0,0.0,0.0,0.0,0.0,0.0,1007,766,0.9333,0.7099,-3.8671843792826963,nan,nan,NO_WELD
82.329,0.0,0.0,0.0,0.0,0.0,0.0,0.0,0.0,1007,766,0.9333,0.7099,-3.8671843792826963,nan,nan,NO_WELD
82.379,0.0,0.0,0.0,0.0,0.0,0.0,0.0,0.0,1007,766,0.9333,0.7099,-4.921871881951623,nan,nan,NO_WELD
82.429,0.0,0.0,0.0,0.0,0.0,0.0,0.0,0.0,1007,766,0.9333,0.7099,-4.921871881951623,nan,nan,NO_WELD
82.479,0.0,0.0,0.0,0.0,0.0,0.0,0.0,0.0,1007,766,0.9333,0.7099,3.4150945850063755e-06,nan,nan,NO_WELD
82.529,0.0,0.0,0.0,0.0,0.0,0.0,0.0,0.0,1007,766,0.9333,0.7099,3.4150945850063755e-06,nan,nan,NO_WELD
82.579,0.0,0.0,0.0,0.0,0.0,0.0,0.0,0.0,1007,766,0.9333,0.7099,3.4150945850063755e-06,nan,nan,NO_WELD
82.629,0.0,0.0,0.0,0.0,0.0,0.0,0.0,0.0,1007,766,0.9333,0.7099,3.4150945850063755e-06,nan,nan,NO_WELD
82.679,0.0,0.0,0.0,0.0,0.0,0.0,0.0,0.0,1007,766,0.9333,0.7099,2.109378420432439,nan,nan,NO_WELD
82.729,0.0,0.0,0.0,0.0,0.0,0.0,0.0,0.0,1007,766,0.9333,0.7099,2.109378420432439,nan,nan,NO_WELD
82.779,0.0,0.0,0.0,0.0,0.0,0.0,0.0,0.0,1007,766,0.9333,0.7099,-8.085933963071582,nan,nan,NO_WELD
82.829,0.0,0.0,0.0,0.0,0.0,0.0,0.0,0.0,1007,766,0.9333,0.7099,-8.085933963071582,nan,nan,NO_WELD
82.879,0.0,0.0,0.0,0.0,0.0,0.0,0.0,0.0,1007,766,0.9333,0.7099,-13.35937190330304,nan,nan,NO_WELD
82.929,0.0,0.0,0.0,0.0,0.0,0.0,0.0,0.0,1007,766,0.9333,0.7099,-13.35937190330304,nan,nan,NO_WELD
82.979,0.0,0.0,0.0,0.0,0.0,0.0,0.0,0.0,1007,766,0.9333,0.7099,3.8671912094718666,nan,nan,NO_WELD
83.029,0.0,0.0,0.0,0.0,0.0,0.0,0.0,0.0,1007,766,0.9333,0.7099,-3.8671843792826963,nan,nan,NO_WELD
83.08,0.0,0.0,0.0,0.0,0.0,0.0,0.0,0.0,1007,766,0.9333,0.7099,-3.8671843792826963,nan,nan,NO_WELD
83.129,0.0,0.0,0.0,0.0,0.0,0.0,0.0,0.0,1007,766,0.9333,0.7099,-3.8671843792826963,nan,nan,NO_WELD
83.179,0.0,0.0,0.0,0.0,0.0,0.0,0.0,0.0,1007,766,0.9333,0.7099,-0.35155909468853286,nan,nan,NO_WELD
83.229,0.0,0.0,0.0,0.0,0.0,0.0,0.0,0.0,1007,766,0.9333,0.7099,2.812503493359528,nan,nan,NO_WELD
83.279,0.0,0.0,0.0,0.0,0.0,0.0,0.0,0.0,1007,766,0.9333,0.7099,2.812503493359528,nan,nan,NO_WELD
83.329,0.0,0.0,0.0,0.0,0.0,0.0,0.0,0.0,1007,766,0.9333,0.7099,0.35156592487770283,nan,nan,NO_WELD
83.379,0.0,0.0,0.0,0.0,0.0,0.0,0.0,0.0,1007,766,0.9333,0.7099,0.35156592487770283,nan,nan,NO_WELD
83.429,0.0,0.0,0.0,0.0,0.0,0.0,0.0,0.0,1007,766,0.9333,0.7099,-4.570309238766374,nan,nan,NO_WELD
83.479,0.0,0.0,0.0,0.0,0.0,0.0,0.0,0.0,1007,766,0.9333,0.7099,-4.570309238766374,nan,nan,NO_WELD
83.529,0.0,0.0,0.0,0.0,0.0,0.0,0.0,0.0,1007,766,0.9333,0.7099,6.679691074293397,nan,nan,NO_WELD
83.579,0.0,0.0,0.0,0.0,0.0,0.0,0.0,0.0,1007,766,0.9333,0.7099,6.679691074293397,nan,nan,NO_WELD
83.629,0.0,0.0,0.0,0.0,0.0,0.0,0.0,0.0,1007,766,0.9333,0.7099,6.679691074293397,nan,nan,NO_WELD
