t,vx,wz,tgt_r,tgt_l,spd_r,spd_l,err_r,err_l,ticks_r,ticks_l,dist_r,dist_l,raw_angle,filtered_angle,error,weld,ff_r,ff_l,kickstart_r,kickstart_l,holding_r,holding_l,manual_pwm_mode,surface_mode
2.116,0.0,0.0,0.0,0.0,0.0,0.0,0.0,0.0,0,0,0.0,0.0,nan,nan,nan,UNKNOWN,0.0,0.0,False,False,False,False,False,horizontal
2.166,0.0,0.0,0.0,0.0,0.0,0.0,0.0,0.0,0,0,0.0,0.0,nan,nan,nan,UNKNOWN,0.0,0.0,False,False,False,False,False,horizontal
2.216,0.0,0.0,0.0,0.0,0.0,0.0,0.0,0.0,0,0,0.0,0.0,nan,nan,nan,UNKNOWN,0.0,0.0,False,False,False,False,False,horizontal
2.266,0.0,0.0,0.0,0.0,0.0,0.0,0.0,0.0,0,0,0.0,0.0,nan,nan,nan,UNKNOWN,0.0,0.0,False,False,False,False,False,horizontal
2.316,0.0,0.0,0.0,0.0,0.0,0.0,0.0,0.0,0,0,0.0,0.0,nan,nan,nan,UNKNOWN,0.0,0.0,False,False,False,False,False,horizontal
2.366,0.0,0.0,0.0,0.0,0.0,0.0,0.0,0.0,0,0,0.0,0.0,nan,nan,nan,UNKNOWN,0.0,0.0,False,False,False,False,False,horizontal
2.416,0.0,0.0,0.0,0.0,0.0,0.0,0.0,0.0,0,0,0.0,0.0,nan,nan,nan,UNKNOWN,0.0,0.0,False,False,False,False,False,horizontal
2.466,0.0,0.0,0.0,0.0,0.0,0.0,0.0,0.0,0,0,0.0,0.0,nan,nan,nan,UNKNOWN,0.0,0.0,False,False,False,False,False,horizontal
2.516,0.0,0.0,0.0,0.0,0.0,0.0,0.0,0.0,0,0,0.0,0.0,nan,nan,nan,UNKNOWN,0.0,0.0,False,False,False,False,False,horizontal
2.566,0.0,0.0,0.0,0.0,0.0,0.0,0.0,0.0,0,0,0.0,0.0,nan,nan,nan,UNKNOWN,0.0,0.0,False,False,False,False,False,horizontal
2.616,0.0,0.0,0.0,0.0,0.0,0.0,0.0,0.0,0,0,0.0,0.0,nan,nan,nan,UNKNOWN,0.0,0.0,False,False,False,False,False,horizontal
2.666,0.0,0.0,0.0,0.0,0.0,0.0,0.0,0.0,0,0,0.0,0.0,nan,nan,nan,UNKNOWN,0.0,0.0,False,False,False,False,False,horizontal
2.716,0.0,0.0,0.0,0.0,0.0,0.0,0.0,0.0,0,0,0.0,0.0,nan,nan,nan,UNKNOWN,0.0,0.0,False,False,False,False,False,horizontal
2.766,0.0,0.0,0.0,0.0,0.0,0.0,0.0,0.0,0,0,0.0,0.0,nan,nan,nan,UNKNOWN,0.0,0.0,False,False,False,False,False,horizontal
2.816,0.0,0.0,0.0,0.0,0.0,0.0,0.0,0.0,0,0,0.0,0.0,nan,nan,nan,UNKNOWN,0.0,0.0,False,False,False,False,False,horizontal
2.866,0.0,0.0,0.0,0.0,0.0,0.0,0.0,0.0,0,0,0.0,0.0,nan,nan,nan,UNKNOWN,0.0,0.0,False,False,False,False,False,horizontal
2.916,0.0,0.0,0.0,0.0,0.0,0.0,0.0,0.0,0,0,0.0,0.0,nan,nan,nan,UNKNOWN,0.0,0.0,False,False,False,False,False,horizontal
2.966,0.0,0.0,0.0,0.0,0.0,0.0,0.0,0.0,0,0,0.0,0.0,nan,nan,nan,UNKNOWN,0.0,0.0,False,False,False,False,False,horizontal
3.016,0.0,0.0,0.0,0.0,0.0,0.0,0.0,0.0,0,0,0.0,0.0,nan,nan,nan,UNKNOWN,0.0,0.0,False,False,False,False,False,horizontal
3.068,0.0,0.0,0.0,0.0,0.0,0.0,0.0,0.0,0,0,0.0,0.0,nan,nan,nan,UNKNOWN,0.0,0.0,False,False,False,False,False,horizontal
3.116,0.0,0.0,0.0,0.0,0.0,0.0,0.0,0.0,0,0,0.0,0.0,nan,nan,nan,UNKNOWN,0.0,0.0,False,False,False,False,False,horizontal
3.166,0.0,0.0,0.0,0.0,0.0,0.0,0.0,0.0,0,0,0.0,0.0,nan,nan,nan,UNKNOWN,0.0,0.0,False,False,False,False,False,horizontal
3.216,0.0,0.0,0.0,0.0,0.0,0.0,0.0,0.0,0,0,0.0,0.0,nan,nan,nan,UNKNOWN,0.0,0.0,False,False,False,False,False,horizontal
3.266,0.0,0.0,0.0,0.0,0.0,0.0,0.0,0.0,0,0,0.0,0.0,nan,nan,nan,UNKNOWN,0.0,0.0,False,False,False,False,False,horizontal
3.316,0.0,0.0,0.0,0.0,0.0,0.0,0.0,0.0,0,0,0.0,0.0,nan,nan,nan,UNKNOWN,0.0,0.0,False,False,False,False,False,horizontal
3.366,0.0,0.0,0.0,0.0,0.0,0.0,0.0,0.0,0,0,0.0,0.0,nan,nan,nan,UNKNOWN,0.0,0.0,False,False,False,False,False,horizontal
3.416,0.0,0.0,0.0,0.0,0.0,0.0,0.0,0.0,0,0,0.0,0.0,nan,nan,nan,UNKNOWN,0.0,0.0,False,False,False,False,False,horizontal
3.466,0.0,0.0,0.0,0.0,0.0,0.0,0.0,0.0,0,0,0.0,0.0,nan,nan,nan,UNKNOWN,0.0,0.0,False,False,False,False,False,horizontal
3.516,0.0,0.0,0.0,0.0,0.0,0.0,0.0,0.0,0,0,0.0,0.0,nan,nan,nan,UNKNOWN,0.0,0.0,False,False,False,False,False,horizontal
3.566,0.0,0.0,0.0,0.0,0.0,0.0,0.0,0.0,0,0,0.0,0.0,nan,nan,nan,UNKNOWN,0.0,0.0,False,False,False,False,False,horizontal
3.616,0.0,0.0,0.0,0.0,0.0,0.0,0.0,0.0,0,0,0.0,0.0,nan,nan,nan,UNKNOWN,0.0,0.0,False,False,False,False,False,horizontal
3.666,0.0,0.0,0.0,0.0,0.0,0.0,0.0,0.0,0,0,0.0,0.0,nan,nan,nan,UNKNOWN,0.0,0.0,False,False,False,False,False,horizontal
3.716,0.0,0.0,0.0,0.0,0.0,0.0,0.0,0.0,0,0,0.0,0.0,nan,nan,nan,UNKNOWN,0.0,0.0,False,False,False,False,False,horizontal
3.766,0.0,0.0,0.0,0.0,0.0,0.0,0.0,0.0,0,0,0.0,0.0,nan,nan,nan,UNKNOWN,0.0,0.0,False,False,False,False,False,horizontal
3.816,0.0,0.0,0.0,0.0,0.0,0.0,0.0,0.0,0,0,0.0,0.0,nan,nan,nan,UNKNOWN,0.0,0.0,False,False,False,False,False,horizontal
3.866,0.0,0.0,0.0,0.0,0.0,0.0,0.0,0.0,0,0,0.0,0.0,nan,nan,nan,UNKNOWN,0.0,0.0,False,False,False,False,False,horizontal
3.916,0.0,0.0,0.0,0.0,0.0,0.0,0.0,0.0,0,0,0.0,0.0,nan,nan,nan,UNKNOWN,0.0,0.0,False,False,False,False,False,horizontal
3.966,0.0,0.0,0.0,0.0,0.0,0.0,0.0,0.0,0,0,0.0,0.0,nan,nan,nan,UNKNOWN,0.0,0.0,False,False,False,False,False,horizontal
4.016,0.0,0.0,0.0,0.0,0.0,0.0,0.0,0.0,0,0,0.0,0.0,nan,nan,nan,UNKNOWN,0.0,0.0,False,False,False,False,False,horizontal
4.068,0.0,0.0,0.0,0.0,0.0,0.0,0.0,0.0,0,0,0.0,0.0,nan,nan,nan,UNKNOWN,0.0,0.0,False,False,False,False,False,horizontal
4.116,0.0,0.0,0.0,0.0,0.0,0.0,0.0,0.0,0,0,0.0,0.0,nan,nan,nan,UNKNOWN,0.0,0.0,False,False,False,False,False,horizontal
4.166,0.0,0.0,0.0,0.0,0.0,0.0,0.0,0.0,0,0,0.0,0.0,nan,nan,nan,UNKNOWN,0.0,0.0,False,False,False,False,False,horizontal
4.216,0.0,0.0,0.0,0.0,0.0,0.0,0.0,0.0,0,0,0.0,0.0,nan,nan,nan,UNKNOWN,0.0,0.0,False,False,False,False,False,horizontal
4.266,0.0,0.0,0.0,0.0,0.0,0.0,0.0,0.0,0,0,0.0,0.0,nan,nan,nan,UNKNOWN,0.0,0.0,False,False,False,False,False,horizontal
4.316,0.0,0.0,0.0,0.0,0.0,0.0,0.0,0.0,0,0,0.0,0.0,nan,nan,nan,UNKNOWN,0.0,0.0,False,False,False,False,False,horizontal
4.366,0.0,0.0,0.0,0.0,0.0,0.0,0.0,0.0,0,0,0.0,0.0,nan,nan,nan,UNKNOWN,0.0,0.0,False,False,False,False,False,horizontal
4.416,0.0,0.0,0.0,0.0,0.0,0.0,0.0,0.0,0,0,0.0,0.0,nan,nan,nan,UNKNOWN,0.0,0.0,False,False,False,False,False,horizontal
4.466,0.0,0.0,0.0,0.0,0.0,0.0,0.0,0.0,0,0,0.0,0.0,nan,nan,nan,UNKNOWN,0.0,0.0,False,False,False,False,False,horizontal
4.516,0.0,0.0,0.0,0.0,0.0,0.0,0.0,0.0,0,0,0.0,0.0,nan,nan,nan,UNKNOWN,0.0,0.0,False,False,False,False,False,horizontal
4.566,0.0,0.0,0.0,0.0,0.0,0.0,0.0,0.0,0,0,0.0,0.0,nan,nan,nan,UNKNOWN,0.0,0.0,False,False,False,False,False,horizontal
4.616,0.0,0.0,0.0,0.0,0.0,0.0,0.0,0.0,0,0,0.0,0.0,nan,nan,nan,UNKNOWN,0.0,0.0,False,False,False,False,False,horizontal
4.666,0.0,0.0,0.0,0.0,0.0,0.0,0.0,0.0,0,0,0.0,0.0,nan,nan,nan,UNKNOWN,0.0,0.0,False,False,False,False,False,horizontal
4.716,0.0,0.0,0.0,0.0,0.0,0.0,0.0,0.0,0,0,0.0,0.0,nan,nan,nan,UNKNOWN,0.0,0.0,False,False,False,False,False,horizontal
4.766,0.0,0.0,0.0,0.0,0.0,0.0,0.0,0.0,0,0,0.0,0.0,nan,nan,nan,UNKNOWN,0.0,0.0,False,False,False,False,False,horizontal
4.816,0.0,0.0,0.0,0.0,0.0,0.0,0.0,0.0,0,0,0.0,0.0,nan,nan,nan,UNKNOWN,0.0,0.0,False,False,False,False,False,horizontal
4.866,0.0,0.0,0.0,0.0,0.0,0.0,0.0,0.0,0,0,0.0,0.0,nan,nan,nan,UNKNOWN,0.0,0.0,False,False,False,False,False,horizontal
4.916,0.0,0.0,0.0,0.0,0.0,0.0,0.0,0.0,0,0,0.0,0.0,nan,nan,nan,UNKNOWN,0.0,0.0,False,False,False,False,False,horizontal
4.966,0.0,0.0,0.0,0.0,0.0,0.0,0.0,0.0,0,0,0.0,0.0,nan,nan,nan,UNKNOWN,0.0,0.0,False,False,False,False,False,horizontal
5.016,0.0,0.0,0.0,0.0,0.0,0.0,0.0,0.0,0,0,0.0,0.0,nan,nan,nan,UNKNOWN,0.0,0.0,False,False,False,False,False,horizontal
5.068,0.0,0.0,0.0,0.0,0.0,0.0,0.0,0.0,0,0,0.0,0.0,nan,nan,nan,UNKNOWN,0.0,0.0,False,False,False,False,False,horizontal
5.116,0.0,0.0,0.0,0.0,0.0,0.0,0.0,0.0,0,0,0.0,0.0,nan,nan,nan,UNKNOWN,0.0,0.0,False,False,False,False,False,horizontal
5.166,0.0,0.0,0.0,0.0,0.0,0.0,0.0,0.0,0,0,0.0,0.0,nan,nan,nan,UNKNOWN,0.0,0.0,False,False,False,False,False,horizontal
5.216,0.0,0.0,0.0,0.0,0.0,0.0,0.0,0.0,0,0,0.0,0.0,nan,nan,nan,UNKNOWN,0.0,0.0,False,False,False,False,False,horizontal
5.266,0.0,0.0,0.0,0.0,0.0,0.0,0.0,0.0,0,0,0.0,0.0,nan,nan,nan,UNKNOWN,0.0,0.0,False,False,False,False,False,horizontal
5.316,0.0,0.0,0.0,0.0,0.0,0.0,0.0,0.0,0,0,0.0,0.0,nan,nan,nan,UNKNOWN,0.0,0.0,False,False,False,False,False,horizontal
5.366,0.0,0.0,0.0,0.0,0.0,0.0,0.0,0.0,0,0,0.0,0.0,nan,nan,nan,UNKNOWN,0.0,0.0,False,False,False,False,False,horizontal
5.416,0.0,0.0,0.0,0.0,0.0,0.0,0.0,0.0,0,0,0.0,0.0,nan,nan,nan,UNKNOWN,0.0,0.0,False,False,False,False,False,horizontal
5.466,0.0,0.0,0.0,0.0,0.0,0.0,0.0,0.0,0,0,0.0,0.0,nan,nan,nan,UNKNOWN,0.0,0.0,False,False,False,False,False,horizontal
5.516,0.0,0.0,0.0,0.0,0.0,0.0,0.0,0.0,0,0,0.0,0.0,nan,nan,nan,UNKNOWN,0.0,0.0,False,False,False,False,False,horizontal
5.566,0.0,0.0,0.0,0.0,0.0,0.0,0.0,0.0,0,0,0.0,0.0,nan,nan,nan,UNKNOWN,0.0,0.0,False,False,False,False,False,horizontal
5.616,0.0,0.0,0.0,0.0,0.0,0.0,0.0,0.0,0,0,0.0,0.0,nan,nan,nan,UNKNOWN,0.0,0.0,False,False,False,False,False,horizontal
5.666,0.0,0.0,0.0,0.0,0.0,0.0,0.0,0.0,0,0,0.0,0.0,nan,nan,nan,UNKNOWN,0.0,0.0,False,False,False,False,False,horizontal
5.716,0.0,0.0,0.0,0.0,0.0,0.0,0.0,0.0,0,0,0.0,0.0,nan,nan,nan,UNKNOWN,0.0,0.0,False,False,False,False,False,horizontal
5.766,0.0,0.0,0.0,0.0,0.0,0.0,0.0,0.0,0,0,0.0,0.0,nan,nan,nan,UNKNOWN,0.0,0.0,False,False,False,False,False,horizontal
5.816,0.0,0.0,0.0,0.0,0.0,0.0,0.0,0.0,0,0,0.0,0.0,nan,nan,nan,UNKNOWN,0.0,0.0,False,False,False,False,False,horizontal
5.866,0.0,0.0,0.0,0.0,0.0,0.0,0.0,0.0,0,0,0.0,0.0,nan,nan,nan,UNKNOWN,0.0,0.0,False,False,False,False,False,horizontal
5.916,0.0,0.0,0.0,0.0,0.0,0.0,0.0,0.0,0,0,0.0,0.0,nan,nan,nan,UNKNOWN,0.0,0.0,False,False,False,False,False,horizontal
5.966,0.0,0.0,0.0,0.0,0.0,0.0,0.0,0.0,0,0,0.0,0.0,nan,nan,nan,UNKNOWN,0.0,0.0,False,False,False,False,False,horizontal
6.016,0.0,0.0,0.0,0.0,0.0,0.0,0.0,0.0,0,0,0.0,0.0,nan,nan,nan,UNKNOWN,0.0,0.0,False,False,False,False,False,horizontal
6.068,0.0,0.0,0.0,0.0,0.0,0.0,0.0,0.0,0,0,0.0,0.0,nan,nan,nan,UNKNOWN,0.0,0.0,False,False,False,False,False,horizontal
6.116,0.0,0.0,0.0,0.0,0.0,0.0,0.0,0.0,0,0,0.0,0.0,nan,nan,nan,UNKNOWN,0.0,0.0,False,False,False,False,False,horizontal
6.166,0.0,0.0,0.0,0.0,0.0,0.0,0.0,0.0,0,0,0.0,0.0,nan,nan,nan,UNKNOWN,0.0,0.0,False,False,False,False,False,horizontal
6.216,0.0,0.0,0.0,0.0,0.0,0.0,0.0,0.0,0,0,0.0,0.0,nan,nan,nan,UNKNOWN,0.0,0.0,False,False,False,False,False,horizontal
6.266,0.0,0.0,0.0,0.0,0.0,0.0,0.0,0.0,0,0,0.0,0.0,nan,nan,nan,UNKNOWN,0.0,0.0,False,False,False,False,False,horizontal
6.316,0.0,0.0,0.0,0.0,0.0,0.0,0.0,0.0,0,0,0.0,0.0,nan,nan,nan,UNKNOWN,0.0,0.0,False,False,False,False,False,horizontal
6.366,0.0,0.0,0.0,0.0,0.0,0.0,0.0,0.0,0,0,0.0,0.0,nan,nan,nan,UNKNOWN,0.0,0.0,False,False,False,False,False,horizontal
6.416,0.0,0.0,0.0,0.0,0.0,0.0,0.0,0.0,0,0,0.0,0.0,nan,nan,nan,UNKNOWN,0.0,0.0,False,False,False,False,False,horizontal
6.466,0.0,0.0,0.0,0.0,0.0,0.0,0.0,0.0,0,0,0.0,0.0,nan,nan,nan,UNKNOWN,0.0,0.0,False,False,False,False,False,horizontal
6.516,0.0,0.0,0.0,0.0,0.0,0.0,0.0,0.0,0,0,0.0,0.0,nan,nan,nan,UNKNOWN,0.0,0.0,False,False,False,False,False,horizontal
6.566,0.0,0.0,0.0,0.0,0.0,0.0,0.0,0.0,0,0,0.0,0.0,nan,nan,nan,UNKNOWN,0.0,0.0,False,False,False,False,False,horizontal
6.616,0.0,0.0,0.0,0.0,0.0,0.0,0.0,0.0,0,0,0.0,0.0,nan,nan,nan,UNKNOWN,0.0,0.0,False,False,False,False,False,horizontal
6.666,0.0,0.0,0.0,0.0,0.0,0.0,0.0,0.0,0,0,0.0,0.0,nan,nan,nan,UNKNOWN,0.0,0.0,False,False,False,False,False,horizontal
6.716,0.0,0.0,0.0,0.0,0.0,0.0,0.0,0.0,0,0,0.0,0.0,nan,nan,nan,UNKNOWN,0.0,0.0,False,False,False,False,False,horizontal
6.766,0.0,0.0,0.0,0.0,0.0,0.0,0.0,0.0,0,0,0.0,0.0,nan,nan,nan,UNKNOWN,0.0,0.0,False,False,False,False,False,horizontal
6.816,0.0,0.0,0.0,0.0,0.0,0.0,0.0,0.0,0,0,0.0,0.0,nan,nan,nan,UNKNOWN,0.0,0.0,False,False,False,False,False,horizontal
6.866,0.0,0.0,0.0,0.0,0.0,0.0,0.0,0.0,0,0,0.0,0.0,nan,nan,nan,UNKNOWN,0.0,0.0,False,False,False,False,False,horizontal
6.916,0.0,0.0,0.0,0.0,0.0,0.0,0.0,0.0,0,0,0.0,0.0,nan,nan,nan,UNKNOWN,0.0,0.0,False,False,False,False,False,horizontal
6.966,0.0,0.0,0.0,0.0,0.0,0.0,0.0,0.0,0,0,0.0,0.0,nan,nan,nan,UNKNOWN,0.0,0.0,False,False,False,False,False,horizontal
7.016,0.0,0.0,0.0,0.0,0.0,0.0,0.0,0.0,0,0,0.0,0.0,nan,nan,nan,UNKNOWN,0.0,0.0,False,False,False,False,False,horizontal
7.068,0.0,0.0,0.0,0.0,0.0,0.0,0.0,0.0,0,0,0.0,0.0,nan,nan,nan,UNKNOWN,0.0,0.0,False,False,False,False,False,horizontal
7.116,0.0,0.0,0.0,0.0,0.0,0.0,0.0,0.0,0,0,0.0,0.0,nan,nan,nan,UNKNOWN,0.0,0.0,False,False,False,False,False,horizontal
7.166,0.0,0.0,0.0,0.0,0.0,0.0,0.0,0.0,0,0,0.0,0.0,nan,nan,nan,UNKNOWN,0.0,0.0,False,False,False,False,False,horizontal
7.216,0.0,0.0,0.0,0.0,0.0,0.0,0.0,0.0,0,0,0.0,0.0,nan,nan,nan,UNKNOWN,0.0,0.0,False,False,False,False,False,horizontal
7.266,0.0,0.0,0.0,0.0,0.0,0.0,0.0,0.0,0,0,0.0,0.0,nan,nan,nan,UNKNOWN,0.0,0.0,False,False,False,False,False,horizontal
7.316,0.0,0.0,0.0,0.0,0.0,0.0,0.0,0.0,0,0,0.0,0.0,nan,nan,nan,UNKNOWN,0.0,0.0,False,False,False,False,False,horizontal
7.366,0.0,0.0,0.0,0.0,0.0,0.0,0.0,0.0,0,0,0.0,0.0,nan,nan,nan,UNKNOWN,0.0,0.0,False,False,False,False,False,horizontal
7.416,0.0,0.0,0.0,0.0,0.0,0.0,0.0,0.0,0,0,0.0,0.0,nan,nan,nan,UNKNOWN,0.0,0.0,False,False,False,False,False,horizontal
7.466,0.0,0.0,0.0,0.0,0.0,0.0,0.0,0.0,0,0,0.0,0.0,nan,nan,nan,UNKNOWN,0.0,0.0,False,False,False,False,False,horizontal
7.516,0.0,0.0,0.0,0.0,0.0,0.0,0.0,0.0,0,0,0.0,0.0,nan,nan,nan,UNKNOWN,0.0,0.0,False,False,False,False,False,horizontal
7.566,0.0,0.0,0.0,0.0,0.0,0.0,0.0,0.0,0,0,0.0,0.0,nan,nan,nan,UNKNOWN,0.0,0.0,False,False,False,False,False,horizontal
7.616,0.0,0.0,0.0,0.0,0.0,0.0,0.0,0.0,0,0,0.0,0.0,nan,nan,nan,UNKNOWN,0.0,0.0,False,False,False,False,False,horizontal
7.666,0.0,0.0,0.0,0.0,0.0,0.0,0.0,0.0,0,0,0.0,0.0,nan,nan,nan,UNKNOWN,0.0,0.0,False,False,False,False,False,horizontal
7.716,0.0,0.0,0.0,0.0,0.0,0.0,0.0,0.0,0,0,0.0,0.0,nan,nan,nan,UNKNOWN,0.0,0.0,False,False,False,False,False,horizontal
7.766,0.0,0.0,0.0,0.0,0.0,0.0,0.0,0.0,0,0,0.0,0.0,nan,nan,nan,UNKNOWN,0.0,0.0,False,False,False,False,False,horizontal
7.816,0.0,0.0,0.0,0.0,0.0,0.0,0.0,0.0,0,0,0.0,0.0,nan,nan,nan,UNKNOWN,0.0,0.0,False,False,False,False,False,horizontal
7.866,0.0,0.0,0.0,0.0,0.0,0.0,0.0,0.0,0,0,0.0,0.0,nan,nan,nan,UNKNOWN,0.0,0.0,False,False,False,False,False,horizontal
7.916,0.0,0.0,0.0,0.0,0.0,0.0,0.0,0.0,0,0,0.0,0.0,nan,nan,nan,UNKNOWN,0.0,0.0,False,False,False,False,False,horizontal
7.966,0.0,0.0,0.0,0.0,0.0,0.0,0.0,0.0,0,0,0.0,0.0,nan,nan,nan,UNKNOWN,0.0,0.0,False,False,False,False,False,horizontal
8.016,0.0,0.0,0.0,0.0,0.0,0.0,0.0,0.0,0,0,0.0,0.0,nan,nan,nan,UNKNOWN,0.0,0.0,False,False,False,False,False,horizontal
8.068,0.0,0.0,0.0,0.0,0.0,0.0,0.0,0.0,0,0,0.0,0.0,nan,nan,nan,UNKNOWN,0.0,0.0,False,False,False,False,False,horizontal
8.116,0.0,0.0,0.0,0.0,0.0,0.0,0.0,0.0,0,0,0.0,0.0,nan,nan,nan,UNKNOWN,0.0,0.0,False,False,False,False,False,horizontal
8.166,0.0,0.0,0.0,0.0,0.0,0.0,0.0,0.0,0,0,0.0,0.0,nan,nan,nan,UNKNOWN,0.0,0.0,False,False,False,False,False,horizontal
8.216,0.0,0.0,0.0,0.0,0.0,0.0,0.0,0.0,0,0,0.0,0.0,nan,nan,nan,UNKNOWN,0.0,0.0,False,False,False,False,False,horizontal
8.266,0.0,0.0,0.0,0.0,0.0,0.0,0.0,0.0,0,0,0.0,0.0,nan,nan,nan,UNKNOWN,0.0,0.0,False,False,False,False,False,horizontal
8.316,0.0,0.0,0.0,0.0,0.0,0.0,0.0,0.0,0,0,0.0,0.0,nan,nan,nan,UNKNOWN,0.0,0.0,False,False,False,False,False,horizontal
8.366,0.0,0.0,0.0,0.0,0.0,0.0,0.0,0.0,0,0,0.0,0.0,nan,nan,nan,UNKNOWN,0.0,0.0,False,False,False,False,False,horizontal
8.416,0.0,0.0,0.0,0.0,0.0,0.0,0.0,0.0,0,0,0.0,0.0,nan,nan,nan,UNKNOWN,0.0,0.0,False,False,False,False,False,horizontal
8.466,0.0,0.0,0.0,0.0,0.0,0.0,0.0,0.0,0,0,0.0,0.0,nan,nan,nan,UNKNOWN,0.0,0.0,False,False,False,False,False,horizontal
8.516,0.0,0.0,0.0,0.0,0.0,0.0,0.0,0.0,0,0,0.0,0.0,nan,nan,nan,UNKNOWN,0.0,0.0,False,False,False,False,False,horizontal
8.566,0.0,0.0,0.0,0.0,0.0,0.0,0.0,0.0,0,0,0.0,0.0,nan,nan,nan,UNKNOWN,0.0,0.0,False,False,False,False,False,horizontal
8.616,0.0,0.0,0.0,0.0,0.0,0.0,0.0,0.0,0,0,0.0,0.0,nan,nan,nan,UNKNOWN,0.0,0.0,False,False,False,False,False,horizontal
8.666,0.0,0.0,0.0,0.0,0.0,0.0,0.0,0.0,0,0,0.0,0.0,nan,nan,nan,UNKNOWN,0.0,0.0,False,False,False,False,False,horizontal
8.716,0.0,0.0,0.0,0.0,0.0,0.0,0.0,0.0,0,0,0.0,0.0,nan,nan,nan,UNKNOWN,0.0,0.0,False,False,False,False,False,horizontal
8.766,0.0,0.0,0.0,0.0,0.0,0.0,0.0,0.0,0,0,0.0,0.0,nan,nan,nan,UNKNOWN,0.0,0.0,False,False,False,False,False,horizontal
8.816,0.0,0.0,0.0,0.0,0.0,0.0,0.0,0.0,0,0,0.0,0.0,nan,nan,nan,UNKNOWN,0.0,0.0,False,False,False,False,False,horizontal
8.866,0.0,0.0,0.0,0.0,0.0,0.0,0.0,0.0,0,0,0.0,0.0,nan,nan,nan,UNKNOWN,0.0,0.0,False,False,False,False,False,horizontal
8.916,0.0,0.0,0.0,0.0,0.0,0.0,0.0,0.0,0,0,0.0,0.0,nan,nan,nan,UNKNOWN,0.0,0.0,False,False,False,False,False,horizontal
8.966,0.0,0.0,0.0,0.0,0.0,0.0,0.0,0.0,0,0,0.0,0.0,nan,nan,nan,UNKNOWN,0.0,0.0,False,False,False,False,False,horizontal
9.016,0.0,0.0,0.0,0.0,0.0,0.0,0.0,0.0,0,0,0.0,0.0,nan,nan,nan,UNKNOWN,0.0,0.0,False,False,False,False,False,horizontal
9.068,0.0,0.0,0.0,0.0,0.0,0.0,0.0,0.0,0,0,0.0,0.0,nan,nan,nan,UNKNOWN,0.0,0.0,False,False,False,False,False,horizontal
9.116,0.0,0.0,0.0,0.0,0.0,0.0,0.0,0.0,0,0,0.0,0.0,nan,nan,nan,UNKNOWN,0.0,0.0,False,False,False,False,False,horizontal
9.166,0.0,0.0,0.0,0.0,0.0,0.0,0.0,0.0,0,0,0.0,0.0,nan,nan,nan,UNKNOWN,0.0,0.0,False,False,False,False,False,horizontal
9.216,0.0,0.0,0.0,0.0,0.0,0.0,0.0,0.0,0,0,0.0,0.0,nan,nan,nan,UNKNOWN,0.0,0.0,False,False,False,False,False,horizontal
9.266,0.0,0.0,0.0,0.0,0.0,0.0,0.0,0.0,0,0,0.0,0.0,nan,nan,nan,UNKNOWN,0.0,0.0,False,False,False,False,False,horizontal
9.316,0.0,0.0,0.0,0.0,0.0,0.0,0.0,0.0,0,0,0.0,0.0,nan,nan,nan,UNKNOWN,0.0,0.0,False,False,False,False,False,horizontal
9.366,0.0,0.0,0.0,0.0,0.0,0.0,0.0,0.0,0,0,0.0,0.0,nan,nan,nan,UNKNOWN,0.0,0.0,False,False,False,False,False,horizontal
9.416,0.0,0.0,0.0,0.0,0.0,0.0,0.0,0.0,0,0,0.0,0.0,nan,nan,nan,UNKNOWN,0.0,0.0,False,False,False,False,False,horizontal
9.466,0.0,0.0,0.0,0.0,0.0,0.0,0.0,0.0,0,0,0.0,0.0,nan,nan,nan,UNKNOWN,0.0,0.0,False,False,False,False,False,horizontal
9.516,0.0,0.0,0.0,0.0,0.0,0.0,0.0,0.0,0,0,0.0,0.0,nan,nan,nan,UNKNOWN,0.0,0.0,False,False,False,False,False,horizontal
9.566,0.0,0.0,0.0,0.0,0.0,0.0,0.0,0.0,0,0,0.0,0.0,nan,nan,nan,UNKNOWN,0.0,0.0,False,False,False,False,False,horizontal
9.616,0.0,0.0,0.0,0.0,0.0,0.0,0.0,0.0,0,0,0.0,0.0,nan,nan,nan,UNKNOWN,0.0,0.0,False,False,False,False,False,horizontal
9.666,0.0,0.0,0.0,0.0,0.0,0.0,0.0,0.0,0,0,0.0,0.0,nan,nan,nan,UNKNOWN,0.0,0.0,False,False,False,False,False,horizontal
9.716,0.0,0.0,0.0,0.0,0.0,0.0,0.0,0.0,0,0,0.0,0.0,nan,nan,nan,UNKNOWN,0.0,0.0,False,False,False,False,False,horizontal
9.766,0.0,0.0,0.0,0.0,0.0,0.0,0.0,0.0,0,0,0.0,0.0,nan,nan,nan,UNKNOWN,0.0,0.0,False,False,False,False,False,horizontal
9.816,0.0,0.0,0.0,0.0,0.0,0.0,0.0,0.0,0,0,0.0,0.0,nan,nan,nan,UNKNOWN,0.0,0.0,False,False,False,False,False,horizontal
9.866,0.0,0.0,0.0,0.0,0.0,0.0,0.0,0.0,0,0,0.0,0.0,nan,nan,nan,UNKNOWN,0.0,0.0,False,False,False,False,False,horizontal
9.916,0.0,0.0,0.0,0.0,0.0,0.0,0.0,0.0,0,0,0.0,0.0,nan,nan,nan,UNKNOWN,0.0,0.0,False,False,False,False,False,horizontal
9.966,0.0,0.0,0.0,0.0,0.0,0.0,0.0,0.0,0,0,0.0,0.0,nan,nan,nan,UNKNOWN,0.0,0.0,False,False,False,False,False,horizontal
10.016,0.0,0.0,0.0,0.0,0.0,0.0,0.0,0.0,0,0,0.0,0.0,nan,nan,nan,UNKNOWN,0.0,0.0,False,False,False,False,False,horizontal
10.068,0.0,0.0,0.0,0.0,0.0,0.0,0.0,0.0,0,0,0.0,0.0,nan,nan,nan,UNKNOWN,0.0,0.0,False,False,False,False,False,horizontal
10.116,0.0,0.0,0.0,0.0,0.0,0.0,0.0,0.0,0,0,0.0,0.0,nan,nan,nan,UNKNOWN,0.0,0.0,False,False,False,False,False,horizontal
10.166,0.0,0.0,0.0,0.0,0.0,0.0,0.0,0.0,0,0,0.0,0.0,nan,nan,nan,UNKNOWN,0.0,0.0,False,False,False,False,False,horizontal
10.216,0.0,0.0,0.0,0.0,0.0,0.0,0.0,0.0,0,0,0.0,0.0,nan,nan,nan,UNKNOWN,0.0,0.0,False,False,False,False,False,horizontal
10.266,0.0,0.0,0.0,0.0,0.0,0.0,0.0,0.0,0,0,0.0,0.0,nan,nan,nan,UNKNOWN,0.0,0.0,False,False,False,False,False,horizontal
10.316,0.0,0.0,0.0,0.0,0.0,0.0,0.0,0.0,0,0,0.0,0.0,nan,nan,nan,UNKNOWN,0.0,0.0,False,False,False,False,False,horizontal
10.366,0.0,0.0,0.0,0.0,0.0,0.0,0.0,0.0,0,0,0.0,0.0,nan,nan,nan,UNKNOWN,0.0,0.0,False,False,False,False,False,horizontal
10.416,0.0,0.0,0.0,0.0,0.0,0.0,0.0,0.0,0,0,0.0,0.0,nan,nan,nan,UNKNOWN,0.0,0.0,False,False,False,False,False,horizontal
10.466,0.0,0.0,0.0,0.0,0.0,0.0,0.0,0.0,0,0,0.0,0.0,nan,nan,nan,UNKNOWN,0.0,0.0,False,False,False,False,False,horizontal
10.516,0.0,0.0,0.0,0.0,0.0,0.0,0.0,0.0,0,0,0.0,0.0,nan,nan,nan,UNKNOWN,0.0,0.0,False,False,False,False,False,horizontal
10.566,0.0,0.0,0.0,0.0,0.0,0.0,0.0,0.0,0,0,0.0,0.0,nan,nan,nan,UNKNOWN,0.0,0.0,False,False,False,False,False,horizontal
10.616,0.0,0.0,0.0,0.0,0.0,0.0,0.0,0.0,0,0,0.0,0.0,nan,nan,nan,UNKNOWN,0.0,0.0,False,False,False,False,False,horizontal
10.666,0.0,0.0,0.0,0.0,0.0,0.0,0.0,0.0,0,0,0.0,0.0,nan,nan,nan,UNKNOWN,0.0,0.0,False,False,False,False,False,horizontal
10.716,0.0,0.0,0.0,0.0,0.0,0.0,0.0,0.0,0,0,0.0,0.0,nan,nan,nan,UNKNOWN,0.0,0.0,False,False,False,False,False,horizontal
10.766,0.0,0.0,0.0,0.0,0.0,0.0,0.0,0.0,0,0,0.0,0.0,nan,nan,nan,UNKNOWN,0.0,0.0,False,False,False,False,False,horizontal
10.816,0.0,0.0,0.0,0.0,0.0,0.0,0.0,0.0,0,0,0.0,0.0,nan,nan,nan,UNKNOWN,0.0,0.0,False,False,False,False,False,horizontal
10.866,0.0,0.0,0.0,0.0,0.0,0.0,0.0,0.0,0,0,0.0,0.0,nan,nan,nan,UNKNOWN,0.0,0.0,False,False,False,False,False,horizontal
10.916,0.0,0.0,0.0,0.0,0.0,0.0,0.0,0.0,0,0,0.0,0.0,nan,nan,nan,UNKNOWN,0.0,0.0,False,False,False,False,False,horizontal
10.966,0.0,0.0,0.0,0.0,0.0,0.0,0.0,0.0,0,0,0.0,0.0,nan,nan,nan,UNKNOWN,0.0,0.0,False,False,False,False,False,horizontal
11.016,0.0,0.0,0.0,0.0,0.0,0.0,0.0,0.0,0,0,0.0,0.0,nan,nan,nan,UNKNOWN,0.0,0.0,False,False,False,False,False,horizontal
11.068,0.0,0.0,0.0,0.0,0.0,0.0,0.0,0.0,0,0,0.0,0.0,nan,nan,nan,UNKNOWN,0.0,0.0,False,False,False,False,False,horizontal
11.116,0.0,0.0,0.0,0.0,0.0,0.0,0.0,0.0,0,0,0.0,0.0,nan,nan,nan,UNKNOWN,0.0,0.0,False,False,False,False,False,horizontal
11.166,0.0,0.0,0.0,0.0,0.0,0.0,0.0,0.0,0,0,0.0,0.0,nan,nan,nan,UNKNOWN,0.0,0.0,False,False,False,False,False,horizontal
11.216,0.0,0.0,0.0,0.0,0.0,0.0,0.0,0.0,0,0,0.0,0.0,nan,nan,nan,UNKNOWN,0.0,0.0,False,False,False,False,False,horizontal
11.266,0.0,0.0,0.0,0.0,0.0,0.0,0.0,0.0,0,0,0.0,0.0,nan,nan,nan,UNKNOWN,0.0,0.0,False,False,False,False,False,horizontal
11.316,0.0,0.0,0.0,0.0,0.0,0.0,0.0,0.0,0,0,0.0,0.0,nan,nan,nan,UNKNOWN,0.0,0.0,False,False,False,False,False,horizontal
11.366,0.0,0.0,0.0,0.0,0.0,0.0,0.0,0.0,0,0,0.0,0.0,nan,nan,nan,UNKNOWN,0.0,0.0,False,False,False,False,False,horizontal
11.416,0.0,0.0,0.0,0.0,0.0,0.0,0.0,0.0,0,0,0.0,0.0,nan,nan,nan,UNKNOWN,0.0,0.0,False,False,False,False,False,horizontal
11.466,0.0,0.0,0.0,0.0,0.0,0.0,0.0,0.0,0,0,0.0,0.0,nan,nan,nan,UNKNOWN,0.0,0.0,False,False,False,False,False,horizontal
11.516,0.0,0.0,0.0,0.0,0.0,0.0,0.0,0.0,0,0,0.0,0.0,nan,nan,nan,UNKNOWN,0.0,0.0,False,False,False,False,False,horizontal
11.566,0.0,0.0,0.0,0.0,0.0,0.0,0.0,0.0,0,0,0.0,0.0,nan,nan,nan,UNKNOWN,0.0,0.0,False,False,False,False,False,horizontal
11.616,0.0,0.0,0.0,0.0,0.0,0.0,0.0,0.0,0,0,0.0,0.0,nan,nan,nan,UNKNOWN,0.0,0.0,False,False,False,False,False,horizontal
11.666,0.0,0.0,0.0,0.0,0.0,0.0,0.0,0.0,0,0,0.0,0.0,nan,nan,nan,UNKNOWN,0.0,0.0,False,False,False,False,False,horizontal
11.716,0.0,0.0,0.0,0.0,0.0,0.0,0.0,0.0,0,0,0.0,0.0,nan,nan,nan,UNKNOWN,0.0,0.0,False,False,False,False,False,horizontal
11.766,0.0,0.0,0.0,0.0,0.0,0.0,0.0,0.0,0,0,0.0,0.0,nan,nan,nan,UNKNOWN,0.0,0.0,False,False,False,False,False,horizontal
11.816,0.0,0.0,0.0,0.0,0.0,0.0,0.0,0.0,0,0,0.0,0.0,nan,nan,nan,UNKNOWN,0.0,0.0,False,False,False,False,False,horizontal
11.866,0.0,0.0,0.0,0.0,0.0,0.0,0.0,0.0,0,0,0.0,0.0,nan,nan,nan,UNKNOWN,0.0,0.0,False,False,False,False,False,horizontal
11.916,0.0,0.0,0.0,0.0,0.0,0.0,0.0,0.0,0,0,0.0,0.0,nan,nan,nan,UNKNOWN,0.0,0.0,False,False,False,False,False,horizontal
11.966,0.0,0.0,0.0,0.0,0.0,0.0,0.0,0.0,0,0,0.0,0.0,nan,nan,nan,UNKNOWN,0.0,0.0,False,False,False,False,False,horizontal
12.016,0.0,0.0,0.0,0.0,0.0,0.0,0.0,0.0,0,0,0.0,0.0,nan,nan,nan,UNKNOWN,0.0,0.0,False,False,False,False,False,horizontal
12.068,0.0,0.0,0.0,0.0,0.0,0.0,0.0,0.0,0,0,0.0,0.0,nan,nan,nan,UNKNOWN,0.0,0.0,False,False,False,False,False,horizontal
12.116,0.0,0.0,0.0,0.0,0.0,0.0,0.0,0.0,0,0,0.0,0.0,nan,nan,nan,UNKNOWN,0.0,0.0,False,False,False,False,False,horizontal
12.166,0.0,0.0,0.0,0.0,0.0,0.0,0.0,0.0,0,0,0.0,0.0,nan,nan,nan,UNKNOWN,0.0,0.0,False,False,False,False,False,horizontal
12.216,0.0,0.0,0.0,0.0,0.0,0.0,0.0,0.0,0,0,0.0,0.0,nan,nan,nan,UNKNOWN,0.0,0.0,False,False,False,False,False,horizontal
12.266,0.0,0.0,0.0,0.0,0.0,0.0,0.0,0.0,0,0,0.0,0.0,nan,nan,nan,UNKNOWN,0.0,0.0,False,False,False,False,False,horizontal
12.316,0.0,0.0,0.0,0.0,0.0,0.0,0.0,0.0,0,0,0.0,0.0,nan,nan,nan,UNKNOWN,0.0,0.0,False,False,False,False,False,horizontal
12.366,0.0,0.0,0.0,0.0,0.0,0.0,0.0,0.0,0,0,0.0,0.0,nan,nan,nan,UNKNOWN,0.0,0.0,False,False,False,False,False,horizontal
12.416,0.0,0.0,0.0,0.0,0.0,0.0,0.0,0.0,0,0,0.0,0.0,nan,nan,nan,UNKNOWN,0.0,0.0,False,False,False,False,False,horizontal
12.466,0.0,0.0,0.0,0.0,0.0,0.0,0.0,0.0,0,0,0.0,0.0,nan,nan,nan,UNKNOWN,0.0,0.0,False,False,False,False,False,horizontal
12.516,0.0,0.0,0.0,0.0,0.0,0.0,0.0,0.0,0,0,0.0,0.0,nan,nan,nan,UNKNOWN,0.0,0.0,False,False,False,False,False,horizontal
12.566,0.0,0.0,0.0,0.0,0.0,0.0,0.0,0.0,0,0,0.0,0.0,nan,nan,nan,UNKNOWN,0.0,0.0,False,False,False,False,False,horizontal
12.616,0.0,0.0,0.0,0.0,0.0,0.0,0.0,0.0,0,0,0.0,0.0,nan,nan,nan,UNKNOWN,0.0,0.0,False,False,False,False,False,horizontal
12.666,0.0,0.0,0.0,0.0,0.0,0.0,0.0,0.0,0,0,0.0,0.0,nan,nan,nan,UNKNOWN,0.0,0.0,False,False,False,False,False,horizontal
12.716,0.0,0.0,0.0,0.0,0.0,0.0,0.0,0.0,0,0,0.0,0.0,nan,nan,nan,UNKNOWN,0.0,0.0,False,False,False,False,False,horizontal
12.766,0.0,0.0,0.0,0.0,0.0,0.0,0.0,0.0,0,0,0.0,0.0,nan,nan,nan,UNKNOWN,0.0,0.0,False,False,False,False,False,horizontal
12.816,0.0,0.0,0.0,0.0,0.0,0.0,0.0,0.0,0,0,0.0,0.0,nan,nan,nan,UNKNOWN,0.0,0.0,False,False,False,False,False,horizontal
12.866,0.0,0.0,0.0,0.0,0.0,0.0,0.0,0.0,0,0,0.0,0.0,nan,nan,nan,UNKNOWN,0.0,0.0,False,False,False,False,False,horizontal
12.916,0.0,0.0,0.0,0.0,0.0,0.0,0.0,0.0,0,0,0.0,0.0,nan,nan,nan,UNKNOWN,0.0,0.0,False,False,False,False,False,horizontal
12.966,0.0,0.0,0.0,0.0,0.0,0.0,0.0,0.0,0,0,0.0,0.0,nan,nan,nan,UNKNOWN,0.0,0.0,False,False,False,False,False,horizontal
13.016,0.0,0.0,0.0,0.0,0.0,0.0,0.0,0.0,0,0,0.0,0.0,nan,nan,nan,UNKNOWN,0.0,0.0,False,False,False,False,False,horizontal
13.068,0.0,0.0,0.0,0.0,0.0,0.0,0.0,0.0,0,0,0.0,0.0,nan,nan,nan,UNKNOWN,0.0,0.0,False,False,False,False,False,horizontal
13.116,0.0,0.0,0.0,0.0,0.0,0.0,0.0,0.0,0,0,0.0,0.0,nan,nan,nan,UNKNOWN,0.0,0.0,False,False,False,False,False,horizontal
13.166,0.0,0.0,0.0,0.0,0.0,0.0,0.0,0.0,0,0,0.0,0.0,nan,nan,nan,UNKNOWN,0.0,0.0,False,False,False,False,False,horizontal
13.216,0.0,0.0,0.0,0.0,0.0,0.0,0.0,0.0,0,0,0.0,0.0,nan,nan,nan,UNKNOWN,0.0,0.0,False,False,False,False,False,horizontal
13.266,0.0,0.0,0.0,0.0,0.0,0.0,0.0,0.0,0,0,0.0,0.0,nan,nan,nan,UNKNOWN,0.0,0.0,False,False,False,False,False,horizontal
13.316,0.0,0.0,0.0,0.0,0.0,0.0,0.0,0.0,0,0,0.0,0.0,nan,nan,nan,UNKNOWN,0.0,0.0,False,False,False,False,False,horizontal
13.366,0.0,0.0,0.0,0.0,0.0,0.0,0.0,0.0,0,0,0.0,0.0,nan,nan,nan,UNKNOWN,0.0,0.0,False,False,False,False,False,horizontal
13.416,0.0,0.0,0.0,0.0,0.0,0.0,0.0,0.0,0,0,0.0,0.0,nan,nan,nan,UNKNOWN,0.0,0.0,False,False,False,False,False,horizontal
13.466,0.0,0.0,0.0,0.0,0.0,0.0,0.0,0.0,0,0,0.0,0.0,nan,nan,nan,UNKNOWN,0.0,0.0,False,False,False,False,False,horizontal
13.516,0.0,0.0,0.0,0.0,0.0,0.0,0.0,0.0,0,0,0.0,0.0,nan,nan,nan,UNKNOWN,0.0,0.0,False,False,False,False,False,horizontal
13.566,0.0,0.0,0.0,0.0,0.0,0.0,0.0,0.0,0,0,0.0,0.0,nan,nan,nan,UNKNOWN,0.0,0.0,False,False,False,False,False,horizontal
13.616,0.0,0.0,0.0,0.0,0.0,0.0,0.0,0.0,0,0,0.0,0.0,nan,nan,nan,UNKNOWN,0.0,0.0,False,False,False,False,False,horizontal
13.666,0.0,0.0,0.0,0.0,0.0,0.0,0.0,0.0,0,0,0.0,0.0,nan,nan,nan,UNKNOWN,0.0,0.0,False,False,False,False,False,horizontal
13.716,0.0,0.0,0.0,0.0,0.0,0.0,0.0,0.0,0,0,0.0,0.0,nan,nan,nan,UNKNOWN,0.0,0.0,False,False,False,False,False,horizontal
13.766,0.0,0.0,0.0,0.0,0.0,0.0,0.0,0.0,0,0,0.0,0.0,nan,nan,nan,UNKNOWN,0.0,0.0,False,False,False,False,False,horizontal
13.816,0.0,0.0,0.0,0.0,0.0,0.0,0.0,0.0,0,0,0.0,0.0,nan,nan,nan,UNKNOWN,0.0,0.0,False,False,False,False,False,horizontal
13.866,0.0,0.0,0.0,0.0,0.0,0.0,0.0,0.0,0,0,0.0,0.0,nan,nan,nan,UNKNOWN,0.0,0.0,False,False,False,False,False,horizontal
13.916,0.0,0.0,0.0,0.0,0.0,0.0,0.0,0.0,0,0,0.0,0.0,nan,nan,nan,UNKNOWN,0.0,0.0,False,False,False,False,False,horizontal
13.966,0.0,0.0,0.0,0.0,0.0,0.0,0.0,0.0,0,0,0.0,0.0,nan,nan,nan,UNKNOWN,0.0,0.0,False,False,False,False,False,horizontal
14.016,0.0,0.0,0.0,0.0,0.0,0.0,0.0,0.0,0,0,0.0,0.0,nan,nan,nan,UNKNOWN,0.0,0.0,False,False,False,False,False,horizontal
14.068,0.0,0.0,0.0,0.0,0.0,0.0,0.0,0.0,0,0,0.0,0.0,nan,nan,nan,UNKNOWN,0.0,0.0,False,False,False,False,False,horizontal
14.116,0.0,0.0,0.0,0.0,0.0,0.0,0.0,0.0,0,0,0.0,0.0,nan,nan,nan,UNKNOWN,0.0,0.0,False,False,False,False,False,horizontal
14.166,0.0,0.0,0.0,0.0,0.0,0.0,0.0,0.0,0,0,0.0,0.0,nan,nan,nan,UNKNOWN,0.0,0.0,False,False,False,False,False,horizontal
14.216,0.0,0.0,0.0,0.0,0.0,0.0,0.0,0.0,0,0,0.0,0.0,nan,nan,nan,UNKNOWN,0.0,0.0,False,False,False,False,False,horizontal
14.266,0.0,0.0,0.0,0.0,0.0,0.0,0.0,0.0,0,0,0.0,0.0,nan,nan,nan,UNKNOWN,0.0,0.0,False,False,False,False,False,horizontal
14.316,0.0,0.0,0.0,0.0,0.0,0.0,0.0,0.0,0,0,0.0,0.0,nan,nan,nan,UNKNOWN,0.0,0.0,False,False,False,False,False,horizontal
14.366,0.0,0.0,0.0,0.0,0.0,0.0,0.0,0.0,0,0,0.0,0.0,nan,nan,nan,UNKNOWN,0.0,0.0,False,False,False,False,False,horizontal
14.416,0.0,0.0,0.0,0.0,0.0,0.0,0.0,0.0,0,0,0.0,0.0,nan,nan,nan,UNKNOWN,0.0,0.0,False,False,False,False,False,horizontal
14.466,0.0,0.0,0.0,0.0,0.0,0.0,0.0,0.0,0,0,0.0,0.0,nan,nan,nan,UNKNOWN,0.0,0.0,False,False,False,False,False,horizontal
14.516,0.0,0.0,0.0,0.0,0.0,0.0,0.0,0.0,0,0,0.0,0.0,nan,nan,nan,UNKNOWN,0.0,0.0,False,False,False,False,False,horizontal
14.566,0.0,0.0,0.0,0.0,0.0,0.0,0.0,0.0,0,0,0.0,0.0,nan,nan,nan,UNKNOWN,0.0,0.0,False,False,False,False,False,horizontal
14.616,0.0,0.0,0.0,0.0,0.0,0.0,0.0,0.0,0,0,0.0,0.0,nan,nan,nan,UNKNOWN,0.0,0.0,False,False,False,False,False,horizontal
14.666,0.0,0.0,0.0,0.0,0.0,0.0,0.0,0.0,0,0,0.0,0.0,nan,nan,nan,UNKNOWN,0.0,0.0,False,False,False,False,False,horizontal
14.716,0.0,0.0,0.0,0.0,0.0,0.0,0.0,0.0,0,0,0.0,0.0,nan,nan,nan,UNKNOWN,0.0,0.0,False,False,False,False,False,horizontal
14.766,0.0,0.0,0.0,0.0,0.0,0.0,0.0,0.0,0,0,0.0,0.0,nan,nan,nan,UNKNOWN,0.0,0.0,False,False,False,False,False,horizontal
14.816,0.0,0.0,0.0,0.0,0.0,0.0,0.0,0.0,0,0,0.0,0.0,nan,nan,nan,UNKNOWN,0.0,0.0,False,False,False,False,False,horizontal
14.866,0.0,0.0,0.0,0.0,0.0,0.0,0.0,0.0,0,0,0.0,0.0,nan,nan,nan,UNKNOWN,0.0,0.0,False,False,False,False,False,horizontal
14.916,0.0,0.0,0.0,0.0,0.0,0.0,0.0,0.0,0,0,0.0,0.0,nan,nan,nan,UNKNOWN,0.0,0.0,False,False,False,False,False,horizontal
14.966,0.0,0.0,0.0,0.0,0.0,0.0,0.0,0.0,0,0,0.0,0.0,nan,nan,nan,UNKNOWN,0.0,0.0,False,False,False,False,False,horizontal
15.016,0.0,0.0,0.0,0.0,0.0,0.0,0.0,0.0,0,0,0.0,0.0,nan,nan,nan,UNKNOWN,0.0,0.0,False,False,False,False,False,horizontal
15.068,0.0,0.0,0.0,0.0,0.0,0.0,0.0,0.0,0,0,0.0,0.0,nan,nan,nan,UNKNOWN,0.0,0.0,False,False,False,False,False,horizontal
15.116,0.0,0.0,0.0,0.0,0.0,0.0,0.0,0.0,0,0,0.0,0.0,nan,nan,nan,UNKNOWN,0.0,0.0,False,False,False,False,False,horizontal
15.166,0.0,0.0,0.0,0.0,0.0,0.0,0.0,0.0,0,0,0.0,0.0,nan,nan,nan,UNKNOWN,0.0,0.0,False,False,False,False,False,horizontal
15.216,0.0,0.0,0.0,0.0,0.0,0.0,0.0,0.0,0,0,0.0,0.0,nan,nan,nan,UNKNOWN,0.0,0.0,False,False,False,False,False,horizontal
15.266,0.0,0.0,0.0,0.0,0.0,0.0,0.0,0.0,0,0,0.0,0.0,nan,nan,nan,UNKNOWN,0.0,0.0,False,False,False,False,False,horizontal
15.316,0.0,0.0,0.0,0.0,0.0,0.0,0.0,0.0,0,0,0.0,0.0,nan,nan,nan,UNKNOWN,0.0,0.0,False,False,False,False,False,horizontal
15.366,0.0,0.0,0.0,0.0,0.0,0.0,0.0,0.0,0,0,0.0,0.0,nan,nan,nan,UNKNOWN,0.0,0.0,False,False,False,False,False,horizontal
15.416,0.0,0.0,0.0,0.0,0.0,0.0,0.0,0.0,0,0,0.0,0.0,nan,nan,nan,UNKNOWN,0.0,0.0,False,False,False,False,False,horizontal
15.466,0.0,0.0,0.0,0.0,0.0,0.0,0.0,0.0,0,0,0.0,0.0,nan,nan,nan,UNKNOWN,0.0,0.0,False,False,False,False,False,horizontal
15.516,0.0,0.0,0.0,0.0,0.0,0.0,0.0,0.0,0,0,0.0,0.0,nan,nan,nan,UNKNOWN,0.0,0.0,False,False,False,False,False,horizontal
15.566,0.0,0.0,0.0,0.0,0.0,0.0,0.0,0.0,0,0,0.0,0.0,nan,nan,nan,UNKNOWN,0.0,0.0,False,False,False,False,False,horizontal
15.616,0.0,0.0,0.0,0.0,0.0,0.0,0.0,0.0,0,0,0.0,0.0,nan,nan,nan,UNKNOWN,0.0,0.0,False,False,False,False,False,horizontal
15.666,0.0,0.0,0.0,0.0,0.0,0.0,0.0,0.0,0,0,0.0,0.0,nan,nan,nan,UNKNOWN,0.0,0.0,False,False,False,False,False,horizontal
15.716,0.0,0.0,0.0,0.0,0.0,0.0,0.0,0.0,0,0,0.0,0.0,nan,nan,nan,UNKNOWN,0.0,0.0,False,False,False,False,False,horizontal
15.766,0.0,0.0,0.0,0.0,0.0,0.0,0.0,0.0,0,0,0.0,0.0,nan,nan,nan,UNKNOWN,0.0,0.0,False,False,False,False,False,horizontal
15.816,0.0,0.0,0.0,0.0,0.0,0.0,0.0,0.0,0,0,0.0,0.0,nan,nan,nan,UNKNOWN,0.0,0.0,False,False,False,False,False,horizontal
15.866,0.0,0.0,0.0,0.0,0.0,0.0,0.0,0.0,0,0,0.0,0.0,nan,nan,nan,UNKNOWN,0.0,0.0,False,False,False,False,False,horizontal
15.916,0.0,0.0,0.0,0.0,0.0,0.0,0.0,0.0,0,0,0.0,0.0,nan,nan,nan,UNKNOWN,0.0,0.0,False,False,False,False,False,horizontal
15.966,0.0,0.0,0.0,0.0,0.0,0.0,0.0,0.0,0,0,0.0,0.0,nan,nan,nan,UNKNOWN,0.0,0.0,False,False,False,False,False,horizontal
16.016,0.0,0.0,0.0,0.0,0.0,0.0,0.0,0.0,0,0,0.0,0.0,nan,nan,nan,UNKNOWN,0.0,0.0,False,False,False,False,False,horizontal
16.068,0.0,0.0,0.0,0.0,0.0,0.0,0.0,0.0,0,0,0.0,0.0,nan,nan,nan,UNKNOWN,0.0,0.0,False,False,False,False,False,horizontal
16.116,0.0,0.0,0.0,0.0,0.0,0.0,0.0,0.0,0,0,0.0,0.0,nan,nan,nan,UNKNOWN,0.0,0.0,False,False,False,False,False,horizontal
16.166,0.0,0.0,0.0,0.0,0.0,0.0,0.0,0.0,0,0,0.0,0.0,nan,nan,nan,UNKNOWN,0.0,0.0,False,False,False,False,False,horizontal
16.216,0.0,0.0,0.0,0.0,0.0,0.0,0.0,0.0,0,0,0.0,0.0,nan,nan,nan,UNKNOWN,0.0,0.0,False,False,False,False,False,horizontal
16.266,0.0,0.0,0.0,0.0,0.0,0.0,0.0,0.0,0,0,0.0,0.0,nan,nan,nan,UNKNOWN,0.0,0.0,False,False,False,False,False,horizontal
16.316,0.0,0.0,0.0,0.0,0.0,0.0,0.0,0.0,0,0,0.0,0.0,nan,nan,nan,UNKNOWN,0.0,0.0,False,False,False,False,False,horizontal
16.366,0.0,0.0,0.0,0.0,0.0,0.0,0.0,0.0,0,0,0.0,0.0,nan,nan,nan,UNKNOWN,0.0,0.0,False,False,False,False,False,horizontal
16.416,0.0,0.0,0.0,0.0,0.0,0.0,0.0,0.0,0,0,0.0,0.0,nan,nan,nan,UNKNOWN,0.0,0.0,False,False,False,False,False,horizontal
16.466,0.0,0.0,0.0,0.0,0.0,0.0,0.0,0.0,0,0,0.0,0.0,nan,nan,nan,UNKNOWN,0.0,0.0,False,False,False,False,False,horizontal
16.516,0.0,0.0,0.0,0.0,0.0,0.0,0.0,0.0,0,0,0.0,0.0,nan,nan,nan,UNKNOWN,0.0,0.0,False,False,False,False,False,horizontal
16.566,0.0,0.0,0.0,0.0,0.0,0.0,0.0,0.0,0,0,0.0,0.0,nan,nan,nan,UNKNOWN,0.0,0.0,False,False,False,False,False,horizontal
16.616,0.0,0.0,0.0,0.0,0.0,0.0,0.0,0.0,0,0,0.0,0.0,nan,nan,nan,UNKNOWN,0.0,0.0,False,False,False,False,False,horizontal
16.666,0.0,0.0,0.0,0.0,0.0,0.0,0.0,0.0,0,0,0.0,0.0,nan,nan,nan,UNKNOWN,0.0,0.0,False,False,False,False,False,horizontal
16.716,0.0,0.0,0.0,0.0,0.0,0.0,0.0,0.0,0,0,0.0,0.0,nan,nan,nan,UNKNOWN,0.0,0.0,False,False,False,False,False,horizontal
16.766,0.0,0.0,0.0,0.0,0.0,0.0,0.0,0.0,0,0,0.0,0.0,nan,nan,nan,UNKNOWN,0.0,0.0,False,False,False,False,False,horizontal
16.816,0.0,0.0,0.0,0.0,0.0,0.0,0.0,0.0,0,0,0.0,0.0,nan,nan,nan,UNKNOWN,0.0,0.0,False,False,False,False,False,horizontal
16.866,0.0,0.0,0.0,0.0,0.0,0.0,0.0,0.0,0,0,0.0,0.0,nan,nan,nan,UNKNOWN,0.0,0.0,False,False,False,False,False,horizontal
16.916,0.0,0.0,0.0,0.0,0.0,0.0,0.0,0.0,0,0,0.0,0.0,nan,nan,nan,UNKNOWN,0.0,0.0,False,False,False,False,False,horizontal
16.966,0.0,0.0,0.0,0.0,0.0,0.0,0.0,0.0,0,0,0.0,0.0,nan,nan,nan,UNKNOWN,0.0,0.0,False,False,False,False,False,horizontal
17.016,0.0,0.0,0.0,0.0,0.0,0.0,0.0,0.0,0,0,0.0,0.0,nan,nan,nan,UNKNOWN,0.0,0.0,False,False,False,False,False,horizontal
17.068,0.0,0.0,0.0,0.0,0.0,0.0,0.0,0.0,0,0,0.0,0.0,nan,nan,nan,UNKNOWN,0.0,0.0,False,False,False,False,False,horizontal
17.116,0.0,0.0,0.0,0.0,0.0,0.0,0.0,0.0,0,0,0.0,0.0,nan,nan,nan,UNKNOWN,0.0,0.0,False,False,False,False,False,horizontal
17.166,0.0,0.0,0.0,0.0,0.0,0.0,0.0,0.0,0,0,0.0,0.0,nan,nan,nan,UNKNOWN,0.0,0.0,False,False,False,False,False,horizontal
17.216,0.0,0.0,0.0,0.0,0.0,0.0,0.0,0.0,0,0,0.0,0.0,nan,nan,nan,UNKNOWN,0.0,0.0,False,False,False,False,False,horizontal
17.266,0.0,0.0,0.0,0.0,0.0,0.0,0.0,0.0,0,0,0.0,0.0,nan,nan,nan,UNKNOWN,0.0,0.0,False,False,False,False,False,horizontal
17.316,0.0,0.0,0.0,0.0,0.0,0.0,0.0,0.0,0,0,0.0,0.0,nan,nan,nan,UNKNOWN,0.0,0.0,False,False,False,False,False,horizontal
17.366,0.0,0.0,0.0,0.0,0.0,0.0,0.0,0.0,0,0,0.0,0.0,nan,nan,nan,UNKNOWN,0.0,0.0,False,False,False,False,False,horizontal
17.416,0.0,0.0,0.0,0.0,0.0,0.0,0.0,0.0,0,0,0.0,0.0,nan,nan,nan,UNKNOWN,0.0,0.0,False,False,False,False,False,horizontal
17.466,0.0,0.0,0.0,0.0,0.0,0.0,0.0,0.0,0,0,0.0,0.0,nan,nan,nan,UNKNOWN,0.0,0.0,False,False,False,False,False,horizontal
17.516,0.0,0.0,0.0,0.0,0.0,0.0,0.0,0.0,0,0,0.0,0.0,nan,nan,nan,UNKNOWN,0.0,0.0,False,False,False,False,False,horizontal
17.566,0.0,0.0,0.0,0.0,0.0,0.0,0.0,0.0,0,0,0.0,0.0,nan,nan,nan,UNKNOWN,0.0,0.0,False,False,False,False,False,horizontal
17.616,0.0,0.0,0.0,0.0,0.0,0.0,0.0,0.0,0,0,0.0,0.0,nan,nan,nan,UNKNOWN,0.0,0.0,False,False,False,False,False,horizontal
17.666,0.0,0.0,0.0,0.0,0.0,0.0,0.0,0.0,0,0,0.0,0.0,nan,nan,nan,UNKNOWN,0.0,0.0,False,False,False,False,False,horizontal
17.716,0.0,0.0,0.0,0.0,0.0,0.0,0.0,0.0,0,0,0.0,0.0,nan,nan,nan,UNKNOWN,0.0,0.0,False,False,False,False,False,horizontal
17.766,0.0,0.0,0.0,0.0,0.0,0.0,0.0,0.0,0,0,0.0,0.0,nan,nan,nan,UNKNOWN,0.0,0.0,False,False,False,False,False,horizontal
17.816,0.0,0.0,0.0,0.0,0.0,0.0,0.0,0.0,0,0,0.0,0.0,nan,nan,nan,UNKNOWN,0.0,0.0,False,False,False,False,False,horizontal
17.866,0.0,0.0,0.0,0.0,0.0,0.0,0.0,0.0,0,0,0.0,0.0,nan,nan,nan,UNKNOWN,0.0,0.0,False,False,False,False,False,horizontal
17.916,0.0,0.0,0.0,0.0,0.0,0.0,0.0,0.0,0,0,0.0,0.0,nan,nan,nan,UNKNOWN,0.0,0.0,False,False,False,False,False,horizontal
17.966,0.0,0.0,0.0,0.0,0.0,0.0,0.0,0.0,0,0,0.0,0.0,nan,nan,nan,UNKNOWN,0.0,0.0,False,False,False,False,False,horizontal
18.016,0.0,0.0,0.0,0.0,0.0,0.0,0.0,0.0,0,0,0.0,0.0,nan,nan,nan,UNKNOWN,0.0,0.0,False,False,False,False,False,horizontal
18.068,0.0,0.0,0.0,0.0,0.0,0.0,0.0,0.0,0,0,0.0,0.0,nan,nan,nan,UNKNOWN,0.0,0.0,False,False,False,False,False,horizontal
18.116,0.0,0.0,0.0,0.0,0.0,0.0,0.0,0.0,0,0,0.0,0.0,nan,nan,nan,UNKNOWN,0.0,0.0,False,False,False,False,False,horizontal
18.166,0.0,0.0,0.0,0.0,0.0,0.0,0.0,0.0,0,0,0.0,0.0,nan,nan,nan,UNKNOWN,0.0,0.0,False,False,False,False,False,horizontal
18.216,0.0,0.0,0.0,0.0,0.0,0.0,0.0,0.0,0,0,0.0,0.0,nan,nan,nan,UNKNOWN,0.0,0.0,False,False,False,False,False,horizontal
18.266,0.0,0.0,0.0,0.0,0.0,0.0,0.0,0.0,0,0,0.0,0.0,nan,nan,nan,UNKNOWN,0.0,0.0,False,False,False,False,False,horizontal
18.316,0.0,0.0,0.0,0.0,0.0,0.0,0.0,0.0,0,0,0.0,0.0,nan,nan,nan,UNKNOWN,0.0,0.0,False,False,False,False,False,horizontal
18.366,0.0,0.0,0.0,0.0,0.0,0.0,0.0,0.0,0,0,0.0,0.0,nan,nan,nan,UNKNOWN,0.0,0.0,False,False,False,False,False,horizontal
18.416,0.0,0.0,0.0,0.0,0.0,0.0,0.0,0.0,0,0,0.0,0.0,nan,nan,nan,UNKNOWN,0.0,0.0,False,False,False,False,False,horizontal
18.466,0.0,0.0,0.0,0.0,0.0,0.0,0.0,0.0,0,0,0.0,0.0,nan,nan,nan,UNKNOWN,0.0,0.0,False,False,False,False,False,horizontal
18.516,0.0,0.0,0.0,0.0,0.0,0.0,0.0,0.0,0,0,0.0,0.0,nan,nan,nan,UNKNOWN,0.0,0.0,False,False,False,False,False,horizontal
18.566,0.0,0.0,0.0,0.0,0.0,0.0,0.0,0.0,0,0,0.0,0.0,nan,nan,nan,UNKNOWN,0.0,0.0,False,False,False,False,False,horizontal
18.616,0.0,0.0,0.0,0.0,0.0,0.0,0.0,0.0,0,0,0.0,0.0,nan,nan,nan,UNKNOWN,0.0,0.0,False,False,False,False,False,horizontal
18.666,0.0,0.0,0.0,0.0,0.0,0.0,0.0,0.0,0,0,0.0,0.0,nan,nan,nan,UNKNOWN,0.0,0.0,False,False,False,False,False,horizontal
18.716,0.0,0.0,0.0,0.0,0.0,0.0,0.0,0.0,0,0,0.0,0.0,nan,nan,nan,UNKNOWN,0.0,0.0,False,False,False,False,False,horizontal
18.766,0.0,0.0,0.0,0.0,0.0,0.0,0.0,0.0,0,0,0.0,0.0,nan,nan,nan,UNKNOWN,0.0,0.0,False,False,False,False,False,horizontal
18.816,0.0,0.0,0.0,0.0,0.0,0.0,0.0,0.0,0,0,0.0,0.0,nan,nan,nan,UNKNOWN,0.0,0.0,False,False,False,False,False,horizontal
18.866,0.0,0.0,0.0,0.0,0.0,0.0,0.0,0.0,0,0,0.0,0.0,nan,nan,nan,UNKNOWN,0.0,0.0,False,False,False,False,False,horizontal
18.916,0.0,0.0,0.0,0.0,0.0,0.0,0.0,0.0,0,0,0.0,0.0,nan,nan,nan,UNKNOWN,0.0,0.0,False,False,False,False,False,horizontal
18.966,0.0,0.0,0.0,0.0,0.0,0.0,0.0,0.0,0,0,0.0,0.0,nan,nan,nan,UNKNOWN,0.0,0.0,False,False,False,False,False,horizontal
19.016,0.0,0.0,0.0,0.0,0.0,0.0,0.0,0.0,0,0,0.0,0.0,nan,nan,nan,UNKNOWN,0.0,0.0,False,False,False,False,False,horizontal
19.068,0.0,0.0,0.0,0.0,0.0,0.0,0.0,0.0,0,0,0.0,0.0,nan,nan,nan,UNKNOWN,0.0,0.0,False,False,False,False,False,horizontal
19.116,0.0,0.0,0.0,0.0,0.0,0.0,0.0,0.0,0,0,0.0,0.0,nan,nan,nan,UNKNOWN,0.0,0.0,False,False,False,False,False,horizontal
19.166,0.0,0.0,0.0,0.0,0.0,0.0,0.0,0.0,0,0,0.0,0.0,nan,nan,nan,UNKNOWN,0.0,0.0,False,False,False,False,False,horizontal
19.216,0.0,0.0,0.0,0.0,0.0,0.0,0.0,0.0,0,0,0.0,0.0,nan,nan,nan,UNKNOWN,0.0,0.0,False,False,False,False,False,horizontal
19.266,0.0,0.0,0.0,0.0,0.0,0.0,0.0,0.0,0,0,0.0,0.0,nan,nan,nan,UNKNOWN,0.0,0.0,False,False,False,False,False,horizontal
19.316,0.0,0.0,0.0,0.0,0.0,0.0,0.0,0.0,0,0,0.0,0.0,nan,nan,nan,UNKNOWN,0.0,0.0,False,False,False,False,False,horizontal
19.366,0.0,0.0,0.0,0.0,0.0,0.0,0.0,0.0,0,0,0.0,0.0,nan,nan,nan,UNKNOWN,0.0,0.0,False,False,False,False,False,horizontal
19.416,0.0,0.0,0.0,0.0,0.0,0.0,0.0,0.0,0,0,0.0,0.0,nan,nan,nan,UNKNOWN,0.0,0.0,False,False,False,False,False,horizontal
19.466,0.0,0.0,0.0,0.0,0.0,0.0,0.0,0.0,0,0,0.0,0.0,nan,nan,nan,UNKNOWN,0.0,0.0,False,False,False,False,False,horizontal
19.516,0.0,0.0,0.0,0.0,0.0,0.0,0.0,0.0,0,0,0.0,0.0,nan,nan,nan,UNKNOWN,0.0,0.0,False,False,False,False,False,horizontal
19.566,0.0,0.0,0.0,0.0,0.0,0.0,0.0,0.0,0,0,0.0,0.0,nan,nan,nan,UNKNOWN,0.0,0.0,False,False,False,False,False,horizontal
19.616,0.0,0.0,0.0,0.0,0.0,0.0,0.0,0.0,0,0,0.0,0.0,nan,nan,nan,UNKNOWN,0.0,0.0,False,False,False,False,False,horizontal
19.666,0.0,0.0,0.0,0.0,0.0,0.0,0.0,0.0,0,0,0.0,0.0,nan,nan,nan,UNKNOWN,0.0,0.0,False,False,False,False,False,horizontal
19.716,0.0,0.0,0.0,0.0,0.0,0.0,0.0,0.0,0,0,0.0,0.0,nan,nan,nan,UNKNOWN,0.0,0.0,False,False,False,False,False,horizontal
19.766,0.0,0.0,0.0,0.0,0.0,0.0,0.0,0.0,0,0,0.0,0.0,nan,nan,nan,UNKNOWN,0.0,0.0,False,False,False,False,False,horizontal
19.816,0.0,0.0,0.0,0.0,0.0,0.0,0.0,0.0,0,0,0.0,0.0,nan,nan,nan,UNKNOWN,0.0,0.0,False,False,False,False,False,horizontal
19.866,0.0,0.0,0.0,0.0,0.0,0.0,0.0,0.0,0,0,0.0,0.0,nan,nan,nan,UNKNOWN,0.0,0.0,False,False,False,False,False,horizontal
19.916,0.0,0.0,0.0,0.0,0.0,0.0,0.0,0.0,0,0,0.0,0.0,nan,nan,nan,UNKNOWN,0.0,0.0,False,False,False,False,False,horizontal
19.966,0.0,0.0,0.0,0.0,0.0,0.0,0.0,0.0,0,0,0.0,0.0,nan,nan,nan,UNKNOWN,0.0,0.0,False,False,False,False,False,horizontal
20.016,0.0,0.0,0.0,0.0,0.0,0.0,0.0,0.0,0,0,0.0,0.0,nan,nan,nan,UNKNOWN,0.0,0.0,False,False,False,False,False,horizontal
20.068,0.0,0.0,0.0,0.0,0.0,0.0,0.0,0.0,0,0,0.0,0.0,nan,nan,nan,UNKNOWN,0.0,0.0,False,False,False,False,False,horizontal
20.116,0.0,0.0,0.0,0.0,0.0,0.0,0.0,0.0,0,0,0.0,0.0,nan,nan,nan,UNKNOWN,0.0,0.0,False,False,False,False,False,horizontal
20.166,0.0,0.0,0.0,0.0,0.0,0.0,0.0,0.0,0,0,0.0,0.0,nan,nan,nan,UNKNOWN,0.0,0.0,False,False,False,False,False,horizontal
20.216,0.0,0.0,0.0,0.0,0.0,0.0,0.0,0.0,0,0,0.0,0.0,nan,nan,nan,UNKNOWN,0.0,0.0,False,False,False,False,False,horizontal
20.266,0.0,0.0,0.0,0.0,0.0,0.0,0.0,0.0,0,0,0.0,0.0,nan,nan,nan,UNKNOWN,0.0,0.0,False,False,False,False,False,horizontal
20.316,0.0,0.0,0.0,0.0,0.0,0.0,0.0,0.0,0,0,0.0,0.0,nan,nan,nan,UNKNOWN,0.0,0.0,False,False,False,False,False,horizontal
20.366,0.0,0.0,0.0,0.0,0.0,0.0,0.0,0.0,0,0,0.0,0.0,nan,nan,nan,UNKNOWN,0.0,0.0,False,False,False,False,False,horizontal
20.416,0.0,0.0,0.0,0.0,0.0,0.0,0.0,0.0,0,0,0.0,0.0,nan,nan,nan,UNKNOWN,0.0,0.0,False,False,False,False,False,horizontal
20.466,0.0,0.0,0.0,0.0,0.0,0.0,0.0,0.0,0,0,0.0,0.0,nan,nan,nan,UNKNOWN,0.0,0.0,False,False,False,False,False,horizontal
20.516,0.0,0.0,0.0,0.0,0.0,0.0,0.0,0.0,0,0,0.0,0.0,nan,nan,nan,UNKNOWN,0.0,0.0,False,False,False,False,False,horizontal
20.566,0.0,0.0,0.0,0.0,0.0,0.0,0.0,0.0,0,0,0.0,0.0,nan,nan,nan,UNKNOWN,0.0,0.0,False,False,False,False,False,horizontal
20.616,0.0,0.0,0.0,0.0,0.0,0.0,0.0,0.0,0,0,0.0,0.0,nan,nan,nan,UNKNOWN,0.0,0.0,False,False,False,False,False,horizontal
20.666,0.0,0.0,0.0,0.0,0.0,0.0,0.0,0.0,0,0,0.0,0.0,nan,nan,nan,UNKNOWN,0.0,0.0,False,False,False,False,False,horizontal
20.716,0.0,0.0,0.0,0.0,0.0,0.0,0.0,0.0,0,0,0.0,0.0,nan,nan,nan,UNKNOWN,0.0,0.0,False,False,False,False,False,horizontal
20.766,0.0,0.0,0.0,0.0,0.0,0.0,0.0,0.0,0,0,0.0,0.0,nan,nan,nan,UNKNOWN,0.0,0.0,False,False,False,False,False,horizontal
20.816,0.0,0.0,0.0,0.0,0.0,0.0,0.0,0.0,0,0,0.0,0.0,nan,nan,nan,UNKNOWN,0.0,0.0,False,False,False,False,False,horizontal
20.866,0.0,0.0,0.0,0.0,0.0,0.0,0.0,0.0,0,0,0.0,0.0,nan,nan,nan,UNKNOWN,0.0,0.0,False,False,False,False,False,horizontal
20.916,0.0,0.0,0.0,0.0,0.0,0.0,0.0,0.0,0,0,0.0,0.0,nan,nan,nan,UNKNOWN,0.0,0.0,False,False,False,False,False,horizontal
20.966,0.0,0.0,0.0,0.0,0.0,0.0,0.0,0.0,0,0,0.0,0.0,nan,nan,nan,UNKNOWN,0.0,0.0,False,False,False,False,False,horizontal
21.016,0.0,0.0,0.0,0.0,0.0,0.0,0.0,0.0,0,0,0.0,0.0,nan,nan,nan,UNKNOWN,0.0,0.0,False,False,False,False,False,horizontal
21.068,0.0,0.0,0.0,0.0,0.0,0.0,0.0,0.0,0,0,0.0,0.0,nan,nan,nan,UNKNOWN,0.0,0.0,False,False,False,False,False,horizontal
21.116,0.0,0.0,0.0,0.0,0.0,0.0,0.0,0.0,0,0,0.0,0.0,nan,nan,nan,UNKNOWN,0.0,0.0,False,False,False,False,False,horizontal
21.166,0.0,0.0,0.0,0.0,0.0,0.0,0.0,0.0,0,0,0.0,0.0,nan,nan,nan,UNKNOWN,0.0,0.0,False,False,False,False,False,horizontal
21.216,0.0,0.0,0.0,0.0,0.0,0.0,0.0,0.0,0,0,0.0,0.0,nan,nan,nan,UNKNOWN,0.0,0.0,False,False,False,False,False,horizontal
21.266,0.0,0.0,0.0,0.0,0.0,0.0,0.0,0.0,0,0,0.0,0.0,nan,nan,nan,UNKNOWN,0.0,0.0,False,False,False,False,False,horizontal
21.316,0.0,0.0,0.0,0.0,0.0,0.0,0.0,0.0,0,0,0.0,0.0,nan,nan,nan,UNKNOWN,0.0,0.0,False,False,False,False,False,horizontal
21.366,0.0,0.0,0.0,0.0,0.0,0.0,0.0,0.0,0,0,0.0,0.0,nan,nan,nan,UNKNOWN,0.0,0.0,False,False,False,False,False,horizontal
21.416,0.0,0.0,0.0,0.0,0.0,0.0,0.0,0.0,0,0,0.0,0.0,nan,nan,nan,UNKNOWN,0.0,0.0,False,False,False,False,False,horizontal
21.466,0.0,0.0,0.0,0.0,0.0,0.0,0.0,0.0,0,0,0.0,0.0,nan,nan,nan,UNKNOWN,0.0,0.0,False,False,False,False,False,horizontal
21.516,0.0,0.0,0.0,0.0,0.0,0.0,0.0,0.0,0,0,0.0,0.0,nan,nan,nan,UNKNOWN,0.0,0.0,False,False,False,False,False,horizontal
21.566,0.0,0.0,0.0,0.0,0.0,0.0,0.0,0.0,0,0,0.0,0.0,nan,nan,nan,UNKNOWN,0.0,0.0,False,False,False,False,False,horizontal
21.616,0.0,0.0,0.0,0.0,0.0,0.0,0.0,0.0,0,0,0.0,0.0,nan,nan,nan,UNKNOWN,0.0,0.0,False,False,False,False,False,horizontal
21.666,0.0,0.0,0.0,0.0,0.0,0.0,0.0,0.0,0,0,0.0,0.0,nan,nan,nan,UNKNOWN,0.0,0.0,False,False,False,False,False,horizontal
21.716,0.0,0.0,0.0,0.0,0.0,0.0,0.0,0.0,0,0,0.0,0.0,nan,nan,nan,UNKNOWN,0.0,0.0,False,False,False,False,False,horizontal
21.766,0.0,0.0,0.0,0.0,0.0,0.0,0.0,0.0,0,0,0.0,0.0,nan,nan,nan,UNKNOWN,0.0,0.0,False,False,False,False,False,horizontal
21.816,0.0,0.0,0.0,0.0,0.0,0.0,0.0,0.0,0,0,0.0,0.0,nan,nan,nan,UNKNOWN,0.0,0.0,False,False,False,False,False,horizontal
21.866,0.0,0.0,0.0,0.0,0.0,0.0,0.0,0.0,0,0,0.0,0.0,nan,nan,nan,UNKNOWN,0.0,0.0,False,False,False,False,False,horizontal
21.916,0.0,0.0,0.0,0.0,0.0,0.0,0.0,0.0,0,0,0.0,0.0,nan,nan,nan,UNKNOWN,0.0,0.0,False,False,False,False,False,horizontal
21.966,0.0,0.0,0.0,0.0,0.0,0.0,0.0,0.0,0,0,0.0,0.0,nan,nan,nan,UNKNOWN,0.0,0.0,False,False,False,False,False,horizontal
22.016,0.0,0.0,0.0,0.0,0.0,0.0,0.0,0.0,0,0,0.0,0.0,nan,nan,nan,UNKNOWN,0.0,0.0,False,False,False,False,False,horizontal
22.068,0.0,0.0,0.0,0.0,0.0,0.0,0.0,0.0,0,0,0.0,0.0,nan,nan,nan,UNKNOWN,0.0,0.0,False,False,False,False,False,horizontal
22.116,0.0,0.0,0.0,0.0,0.0,0.0,0.0,0.0,0,0,0.0,0.0,nan,nan,nan,UNKNOWN,0.0,0.0,False,False,False,False,False,horizontal
22.166,0.0,0.0,0.0,0.0,0.0,0.0,0.0,0.0,0,0,0.0,0.0,nan,nan,nan,UNKNOWN,0.0,0.0,False,False,False,False,False,horizontal
22.216,0.0,0.0,0.0,0.0,0.0,0.0,0.0,0.0,0,0,0.0,0.0,nan,nan,nan,UNKNOWN,0.0,0.0,False,False,False,False,False,horizontal
22.266,0.0,0.0,0.0,0.0,0.0,0.0,0.0,0.0,0,0,0.0,0.0,nan,nan,nan,UNKNOWN,0.0,0.0,False,False,False,False,False,horizontal
22.316,0.0,0.0,0.0,0.0,0.0,0.0,0.0,0.0,0,0,0.0,0.0,nan,nan,nan,UNKNOWN,0.0,0.0,False,False,False,False,False,horizontal
22.366,0.0,0.0,0.0,0.0,0.0,0.0,0.0,0.0,0,0,0.0,0.0,nan,nan,nan,UNKNOWN,0.0,0.0,False,False,False,False,False,horizontal
22.416,0.0,0.0,0.0,0.0,0.0,0.0,0.0,0.0,0,0,0.0,0.0,nan,nan,nan,UNKNOWN,0.0,0.0,False,False,False,False,False,horizontal
22.466,0.0,0.0,0.0,0.0,0.0,0.0,0.0,0.0,0,0,0.0,0.0,nan,nan,nan,UNKNOWN,0.0,0.0,False,False,False,False,False,horizontal
22.516,0.0,0.0,0.0,0.0,0.0,0.0,0.0,0.0,0,0,0.0,0.0,nan,nan,nan,UNKNOWN,0.0,0.0,False,False,False,False,False,horizontal
22.566,0.0,0.0,0.0,0.0,0.0,0.0,0.0,0.0,0,0,0.0,0.0,nan,nan,nan,UNKNOWN,0.0,0.0,False,False,False,False,False,horizontal
22.616,0.0,0.0,0.0,0.0,0.0,0.0,0.0,0.0,0,0,0.0,0.0,nan,nan,nan,UNKNOWN,0.0,0.0,False,False,False,False,False,horizontal
22.666,0.0,0.0,0.0,0.0,0.0,0.0,0.0,0.0,0,0,0.0,0.0,nan,nan,nan,UNKNOWN,0.0,0.0,False,False,False,False,False,horizontal
22.716,0.0,0.0,0.0,0.0,0.0,0.0,0.0,0.0,0,0,0.0,0.0,nan,nan,nan,UNKNOWN,0.0,0.0,False,False,False,False,False,horizontal
22.766,0.0,0.0,0.0,0.0,0.0,0.0,0.0,0.0,0,0,0.0,0.0,nan,nan,nan,UNKNOWN,0.0,0.0,False,False,False,False,False,horizontal
22.816,0.0,0.0,0.0,0.0,0.0,0.0,0.0,0.0,0,0,0.0,0.0,nan,nan,nan,UNKNOWN,0.0,0.0,False,False,False,False,False,horizontal
22.866,0.0,0.0,0.0,0.0,0.0,0.0,0.0,0.0,0,0,0.0,0.0,nan,nan,nan,UNKNOWN,0.0,0.0,False,False,False,False,False,horizontal
22.916,0.0,0.0,0.0,0.0,0.0,0.0,0.0,0.0,0,0,0.0,0.0,nan,nan,nan,UNKNOWN,0.0,0.0,False,False,False,False,False,horizontal
22.966,0.0,0.0,0.0,0.0,0.0,0.0,0.0,0.0,0,0,0.0,0.0,nan,nan,nan,UNKNOWN,0.0,0.0,False,False,False,False,False,horizontal
23.016,0.0,0.0,0.0,0.0,0.0,0.0,0.0,0.0,0,0,0.0,0.0,nan,nan,nan,UNKNOWN,0.0,0.0,False,False,False,False,False,horizontal
23.068,0.0,0.0,0.0,0.0,0.0,0.0,0.0,0.0,0,0,0.0,0.0,nan,nan,nan,UNKNOWN,0.0,0.0,False,False,False,False,False,horizontal
23.116,0.0,0.0,0.0,0.0,0.0,0.0,0.0,0.0,0,0,0.0,0.0,nan,nan,nan,UNKNOWN,0.0,0.0,False,False,False,False,False,horizontal
23.166,0.0,0.0,0.0,0.0,0.0,0.0,0.0,0.0,0,0,0.0,0.0,nan,nan,nan,UNKNOWN,0.0,0.0,False,False,False,False,False,horizontal
23.216,0.0,0.0,0.0,0.0,0.0,0.0,0.0,0.0,0,0,0.0,0.0,nan,nan,nan,UNKNOWN,0.0,0.0,False,False,False,False,False,horizontal
23.266,0.0,0.0,0.0,0.0,0.0,0.0,0.0,0.0,0,0,0.0,0.0,nan,nan,nan,UNKNOWN,0.0,0.0,False,False,False,False,False,horizontal
23.316,0.0,0.0,0.0,0.0,0.0,0.0,0.0,0.0,0,0,0.0,0.0,nan,nan,nan,UNKNOWN,0.0,0.0,False,False,False,False,False,horizontal
23.366,0.0,0.0,0.0,0.0,0.0,0.0,0.0,0.0,0,0,0.0,0.0,nan,nan,nan,UNKNOWN,0.0,0.0,False,False,False,False,False,horizontal
23.416,0.0,0.0,0.0,0.0,0.0,0.0,0.0,0.0,0,0,0.0,0.0,nan,nan,nan,UNKNOWN,0.0,0.0,False,False,False,False,False,horizontal
23.466,0.0,0.0,0.0,0.0,0.0,0.0,0.0,0.0,0,0,0.0,0.0,nan,nan,nan,UNKNOWN,0.0,0.0,False,False,False,False,False,horizontal
23.516,0.0,0.0,0.0,0.0,0.0,0.0,0.0,0.0,0,0,0.0,0.0,nan,nan,nan,UNKNOWN,0.0,0.0,False,False,False,False,False,horizontal
23.566,0.0,0.0,0.0,0.0,0.0,0.0,0.0,0.0,0,0,0.0,0.0,nan,nan,nan,UNKNOWN,0.0,0.0,False,False,False,False,False,horizontal
23.616,0.0,0.0,0.0,0.0,0.0,0.0,0.0,0.0,0,0,0.0,0.0,nan,nan,nan,UNKNOWN,0.0,0.0,False,False,False,False,False,horizontal
23.666,0.0,0.0,0.0,0.0,0.0,0.0,0.0,0.0,0,0,0.0,0.0,nan,nan,nan,UNKNOWN,0.0,0.0,False,False,False,False,False,horizontal
23.716,0.0,0.0,0.0,0.0,0.0,0.0,0.0,0.0,0,0,0.0,0.0,nan,nan,nan,UNKNOWN,0.0,0.0,False,False,False,False,False,horizontal
23.766,0.0,0.0,0.0,0.0,0.0,0.0,0.0,0.0,0,0,0.0,0.0,nan,nan,nan,UNKNOWN,0.0,0.0,False,False,False,False,False,horizontal
23.816,0.0,0.0,0.0,0.0,0.0,0.0,0.0,0.0,0,0,0.0,0.0,nan,nan,nan,UNKNOWN,0.0,0.0,False,False,False,False,False,horizontal
23.866,0.0,0.0,0.0,0.0,0.0,0.0,0.0,0.0,0,0,0.0,0.0,nan,nan,nan,UNKNOWN,0.0,0.0,False,False,False,False,False,horizontal
23.916,0.0,0.0,0.0,0.0,0.0,0.0,0.0,0.0,0,0,0.0,0.0,nan,nan,nan,UNKNOWN,0.0,0.0,False,False,False,False,False,horizontal
23.966,0.0,0.0,0.0,0.0,0.0,0.0,0.0,0.0,0,0,0.0,0.0,nan,nan,nan,UNKNOWN,0.0,0.0,False,False,False,False,False,horizontal
24.016,0.0,0.0,0.0,0.0,0.0,0.0,0.0,0.0,0,0,0.0,0.0,nan,nan,nan,UNKNOWN,0.0,0.0,False,False,False,False,False,horizontal
24.068,0.0,0.0,0.0,0.0,0.0,0.0,0.0,0.0,0,0,0.0,0.0,nan,nan,nan,UNKNOWN,0.0,0.0,False,False,False,False,False,horizontal
24.116,0.0,0.0,0.0,0.0,0.0,0.0,0.0,0.0,0,0,0.0,0.0,nan,nan,nan,UNKNOWN,0.0,0.0,False,False,False,False,False,horizontal
24.166,0.0,0.0,0.0,0.0,0.0,0.0,0.0,0.0,0,0,0.0,0.0,nan,nan,nan,UNKNOWN,0.0,0.0,False,False,False,False,False,horizontal
24.216,0.0,0.0,0.0,0.0,0.0,0.0,0.0,0.0,0,0,0.0,0.0,nan,nan,nan,UNKNOWN,0.0,0.0,False,False,False,False,False,horizontal
24.266,0.0,0.0,0.0,0.0,0.0,0.0,0.0,0.0,0,0,0.0,0.0,nan,nan,nan,UNKNOWN,0.0,0.0,False,False,False,False,False,horizontal
24.316,0.0,0.0,0.0,0.0,0.0,0.0,0.0,0.0,0,0,0.0,0.0,nan,nan,nan,UNKNOWN,0.0,0.0,False,False,False,False,False,horizontal
24.366,0.0,0.0,0.0,0.0,0.0,0.0,0.0,0.0,0,0,0.0,0.0,nan,nan,nan,UNKNOWN,0.0,0.0,False,False,False,False,False,horizontal
24.416,0.0,0.0,0.0,0.0,0.0,0.0,0.0,0.0,0,0,0.0,0.0,nan,nan,nan,UNKNOWN,0.0,0.0,False,False,False,False,False,horizontal
24.466,0.0,0.0,0.0,0.0,0.0,0.0,0.0,0.0,0,0,0.0,0.0,nan,nan,nan,UNKNOWN,0.0,0.0,False,False,False,False,False,horizontal
24.516,0.0,0.0,0.0,0.0,0.0,0.0,0.0,0.0,0,0,0.0,0.0,nan,nan,nan,UNKNOWN,0.0,0.0,False,False,False,False,False,horizontal
24.566,0.0,0.0,0.0,0.0,0.0,0.0,0.0,0.0,0,0,0.0,0.0,nan,nan,nan,UNKNOWN,0.0,0.0,False,False,False,False,False,horizontal
24.616,0.0,0.0,0.0,0.0,0.0,0.0,0.0,0.0,0,0,0.0,0.0,nan,nan,nan,UNKNOWN,0.0,0.0,False,False,False,False,False,horizontal
24.666,0.0,0.0,0.0,0.0,0.0,0.0,0.0,0.0,0,0,0.0,0.0,nan,nan,nan,UNKNOWN,0.0,0.0,False,False,False,False,False,horizontal
24.716,0.0,0.0,0.0,0.0,0.0,0.0,0.0,0.0,0,0,0.0,0.0,nan,nan,nan,UNKNOWN,0.0,0.0,False,False,False,False,False,horizontal
24.766,0.0,0.0,0.0,0.0,0.0,0.0,0.0,0.0,0,0,0.0,0.0,nan,nan,nan,UNKNOWN,0.0,0.0,False,False,False,False,False,horizontal
24.816,0.0,0.0,0.0,0.0,0.0,0.0,0.0,0.0,0,0,0.0,0.0,nan,nan,nan,UNKNOWN,0.0,0.0,False,False,False,False,False,horizontal
24.866,0.0,0.0,0.0,0.0,0.0,0.0,0.0,0.0,0,0,0.0,0.0,nan,nan,nan,UNKNOWN,0.0,0.0,False,False,False,False,False,horizontal
24.916,0.0,0.0,0.0,0.0,0.0,0.0,0.0,0.0,0,0,0.0,0.0,nan,nan,nan,UNKNOWN,0.0,0.0,False,False,False,False,False,horizontal
24.966,0.0,0.0,0.0,0.0,0.0,0.0,0.0,0.0,0,0,0.0,0.0,nan,nan,nan,UNKNOWN,0.0,0.0,False,False,False,False,False,horizontal
25.016,0.0,0.0,0.0,0.0,0.0,0.0,0.0,0.0,0,0,0.0,0.0,nan,nan,nan,UNKNOWN,0.0,0.0,False,False,False,False,False,horizontal
25.068,0.0,0.0,0.0,0.0,0.0,0.0,0.0,0.0,0,0,0.0,0.0,nan,nan,nan,UNKNOWN,0.0,0.0,False,False,False,False,False,horizontal
25.116,0.0,0.0,0.0,0.0,0.0,0.0,0.0,0.0,0,0,0.0,0.0,nan,nan,nan,UNKNOWN,0.0,0.0,False,False,False,False,False,horizontal
25.166,0.0,0.0,0.0,0.0,0.0,0.0,0.0,0.0,0,0,0.0,0.0,nan,nan,nan,UNKNOWN,0.0,0.0,False,False,False,False,False,horizontal
25.216,0.0,0.0,0.0,0.0,0.0,0.0,0.0,0.0,0,0,0.0,0.0,nan,nan,nan,UNKNOWN,0.0,0.0,False,False,False,False,False,horizontal
25.266,0.0,0.0,0.0,0.0,0.0,0.0,0.0,0.0,0,0,0.0,0.0,nan,nan,nan,UNKNOWN,0.0,0.0,False,False,False,False,False,horizontal
25.316,0.0,0.0,0.0,0.0,0.0,0.0,0.0,0.0,0,0,0.0,0.0,nan,nan,nan,UNKNOWN,0.0,0.0,False,False,False,False,False,horizontal
25.366,0.0,0.0,0.0,0.0,0.0,0.0,0.0,0.0,0,0,0.0,0.0,nan,nan,nan,UNKNOWN,0.0,0.0,False,False,False,False,False,horizontal
25.416,0.0,0.0,0.0,0.0,0.0,0.0,0.0,0.0,0,0,0.0,0.0,nan,nan,nan,UNKNOWN,0.0,0.0,False,False,False,False,False,horizontal
25.466,0.0,0.0,0.0,0.0,0.0,0.0,0.0,0.0,0,0,0.0,0.0,nan,nan,nan,UNKNOWN,0.0,0.0,False,False,False,False,False,horizontal
25.516,0.0,0.0,0.0,0.0,0.0,0.0,0.0,0.0,0,0,0.0,0.0,nan,nan,nan,UNKNOWN,0.0,0.0,False,False,False,False,False,horizontal
25.566,0.0,0.0,0.0,0.0,0.0,0.0,0.0,0.0,0,0,0.0,0.0,nan,nan,nan,UNKNOWN,0.0,0.0,False,False,False,False,False,horizontal
25.616,0.0,0.0,0.0,0.0,0.0,0.0,0.0,0.0,0,0,0.0,0.0,nan,nan,nan,UNKNOWN,0.0,0.0,False,False,False,False,False,horizontal
25.666,0.0,0.0,0.0,0.0,0.0,0.0,0.0,0.0,0,0,0.0,0.0,nan,nan,nan,UNKNOWN,0.0,0.0,False,False,False,False,False,horizontal
25.716,0.0,0.0,0.0,0.0,0.0,0.0,0.0,0.0,0,0,0.0,0.0,nan,nan,nan,UNKNOWN,0.0,0.0,False,False,False,False,False,horizontal
25.766,0.0,0.0,0.0,0.0,0.0,0.0,0.0,0.0,0,0,0.0,0.0,nan,nan,nan,UNKNOWN,0.0,0.0,False,False,False,False,False,horizontal
25.816,0.0,0.0,0.0,0.0,0.0,0.0,0.0,0.0,0,0,0.0,0.0,nan,nan,nan,UNKNOWN,0.0,0.0,False,False,False,False,False,horizontal
25.866,0.0,0.0,0.0,0.0,0.0,0.0,0.0,0.0,0,0,0.0,0.0,nan,nan,nan,UNKNOWN,0.0,0.0,False,False,False,False,False,horizontal
25.916,0.0,0.0,0.0,0.0,0.0,0.0,0.0,0.0,0,0,0.0,0.0,nan,nan,nan,UNKNOWN,0.0,0.0,False,False,False,False,False,horizontal
25.966,0.0,0.0,0.0,0.0,0.0,0.0,0.0,0.0,0,0,0.0,0.0,nan,nan,nan,UNKNOWN,0.0,0.0,False,False,False,False,False,horizontal
26.016,0.0,0.0,0.0,0.0,0.0,0.0,0.0,0.0,0,0,0.0,0.0,nan,nan,nan,UNKNOWN,0.0,0.0,False,False,False,False,False,horizontal
26.068,0.0,0.0,0.0,0.0,0.0,0.0,0.0,0.0,0,0,0.0,0.0,nan,nan,nan,UNKNOWN,0.0,0.0,False,False,False,False,False,horizontal
26.116,0.0,0.0,0.0,0.0,0.0,0.0,0.0,0.0,0,0,0.0,0.0,nan,nan,nan,UNKNOWN,0.0,0.0,False,False,False,False,False,horizontal
26.166,0.0,0.0,0.0,0.0,0.0,0.0,0.0,0.0,0,0,0.0,0.0,nan,nan,nan,UNKNOWN,0.0,0.0,False,False,False,False,False,horizontal
26.216,0.0,0.0,0.0,0.0,0.0,0.0,0.0,0.0,0,0,0.0,0.0,nan,nan,nan,UNKNOWN,0.0,0.0,False,False,False,False,False,horizontal
26.266,0.0,0.0,0.0,0.0,0.0,0.0,0.0,0.0,0,0,0.0,0.0,nan,nan,nan,UNKNOWN,0.0,0.0,False,False,False,False,False,horizontal
26.316,0.0,0.0,0.0,0.0,0.0,0.0,0.0,0.0,0,0,0.0,0.0,nan,nan,nan,UNKNOWN,0.0,0.0,False,False,False,False,False,horizontal
26.366,0.0,0.0,0.0,0.0,0.0,0.0,0.0,0.0,0,0,0.0,0.0,nan,nan,nan,UNKNOWN,0.0,0.0,False,False,False,False,False,horizontal
26.416,0.0,0.0,0.0,0.0,0.0,0.0,0.0,0.0,0,0,0.0,0.0,nan,nan,nan,UNKNOWN,0.0,0.0,False,False,False,False,False,horizontal
26.466,0.0,0.0,0.0,0.0,0.0,0.0,0.0,0.0,0,0,0.0,0.0,nan,nan,nan,UNKNOWN,0.0,0.0,False,False,False,False,False,horizontal
26.516,0.0,0.0,0.0,0.0,0.0,0.0,0.0,0.0,0,0,0.0,0.0,nan,nan,nan,UNKNOWN,0.0,0.0,False,False,False,False,False,horizontal
26.566,0.0,0.0,0.0,0.0,0.0,0.0,0.0,0.0,0,0,0.0,0.0,nan,nan,nan,UNKNOWN,0.0,0.0,False,False,False,False,False,horizontal
26.616,0.0,0.0,0.0,0.0,0.0,0.0,0.0,0.0,0,0,0.0,0.0,nan,nan,nan,UNKNOWN,0.0,0.0,False,False,False,False,False,horizontal
26.666,0.0,0.0,0.0,0.0,0.0,0.0,0.0,0.0,0,0,0.0,0.0,nan,nan,nan,UNKNOWN,0.0,0.0,False,False,False,False,False,horizontal
26.716,0.0,0.0,0.0,0.0,0.0,0.0,0.0,0.0,0,0,0.0,0.0,nan,nan,nan,UNKNOWN,0.0,0.0,False,False,False,False,False,horizontal
26.766,0.0,0.0,0.0,0.0,0.0,0.0,0.0,0.0,0,0,0.0,0.0,nan,nan,nan,UNKNOWN,0.0,0.0,False,False,False,False,False,horizontal
26.816,0.0,0.0,0.0,0.0,0.0,0.0,0.0,0.0,0,0,0.0,0.0,nan,nan,nan,UNKNOWN,0.0,0.0,False,False,False,False,False,horizontal
26.866,0.0,0.0,0.0,0.0,0.0,0.0,0.0,0.0,0,0,0.0,0.0,nan,nan,nan,UNKNOWN,0.0,0.0,False,False,False,False,False,horizontal
26.916,0.0,0.0,0.0,0.0,0.0,0.0,0.0,0.0,0,0,0.0,0.0,nan,nan,nan,UNKNOWN,0.0,0.0,False,False,False,False,False,horizontal
26.966,0.0,0.0,0.0,0.0,0.0,0.0,0.0,0.0,0,0,0.0,0.0,nan,nan,nan,UNKNOWN,0.0,0.0,False,False,False,False,False,horizontal
27.016,0.0,0.0,0.0,0.0,0.0,0.0,0.0,0.0,0,0,0.0,0.0,nan,nan,nan,UNKNOWN,0.0,0.0,False,False,False,False,False,horizontal
27.068,0.0,0.0,0.0,0.0,0.0,0.0,0.0,0.0,0,0,0.0,0.0,nan,nan,nan,UNKNOWN,0.0,0.0,False,False,False,False,False,horizontal
27.116,0.0,0.0,0.0,0.0,0.0,0.0,0.0,0.0,0,0,0.0,0.0,nan,nan,nan,UNKNOWN,0.0,0.0,False,False,False,False,False,horizontal
27.166,0.0,0.0,0.0,0.0,0.0,0.0,0.0,0.0,0,0,0.0,0.0,nan,nan,nan,UNKNOWN,0.0,0.0,False,False,False,False,False,horizontal
27.216,0.0,0.0,0.0,0.0,0.0,0.0,0.0,0.0,0,0,0.0,0.0,nan,nan,nan,UNKNOWN,0.0,0.0,False,False,False,False,False,horizontal
27.266,0.0,0.0,0.0,0.0,0.0,0.0,0.0,0.0,0,0,0.0,0.0,nan,nan,nan,UNKNOWN,0.0,0.0,False,False,False,False,False,horizontal
27.316,0.0,0.0,0.0,0.0,0.0,0.0,0.0,0.0,0,0,0.0,0.0,nan,nan,nan,UNKNOWN,0.0,0.0,False,False,False,False,False,horizontal
27.366,0.0,0.0,0.0,0.0,0.0,0.0,0.0,0.0,0,0,0.0,0.0,nan,nan,nan,UNKNOWN,0.0,0.0,False,False,False,False,False,horizontal
27.416,0.0,0.0,0.0,0.0,0.0,0.0,0.0,0.0,0,0,0.0,0.0,nan,nan,nan,UNKNOWN,0.0,0.0,False,False,False,False,False,horizontal
27.466,0.0,0.0,0.0,0.0,0.0,0.0,0.0,0.0,0,0,0.0,0.0,nan,nan,nan,UNKNOWN,0.0,0.0,False,False,False,False,False,horizontal
27.516,0.0,0.0,0.0,0.0,0.0,0.0,0.0,0.0,0,0,0.0,0.0,nan,nan,nan,UNKNOWN,0.0,0.0,False,False,False,False,False,horizontal
27.566,0.0,0.0,0.0,0.0,0.0,0.0,0.0,0.0,0,0,0.0,0.0,nan,nan,nan,UNKNOWN,0.0,0.0,False,False,False,False,False,horizontal
27.616,0.0,0.0,0.0,0.0,0.0,0.0,0.0,0.0,0,0,0.0,0.0,nan,nan,nan,UNKNOWN,0.0,0.0,False,False,False,False,False,horizontal
27.666,0.0,0.0,0.0,0.0,0.0,0.0,0.0,0.0,0,0,0.0,0.0,nan,nan,nan,UNKNOWN,0.0,0.0,False,False,False,False,False,horizontal
27.716,0.0,0.0,0.0,0.0,0.0,0.0,0.0,0.0,0,0,0.0,0.0,nan,nan,nan,UNKNOWN,0.0,0.0,False,False,False,False,False,horizontal
27.766,0.0,0.0,0.0,0.0,0.0,0.0,0.0,0.0,0,0,0.0,0.0,nan,nan,nan,UNKNOWN,0.0,0.0,False,False,False,False,False,horizontal
27.816,0.0,0.0,0.0,0.0,0.0,0.0,0.0,0.0,0,0,0.0,0.0,nan,nan,nan,UNKNOWN,0.0,0.0,False,False,False,False,False,horizontal
27.866,0.0,0.0,0.0,0.0,0.0,0.0,0.0,0.0,0,0,0.0,0.0,nan,nan,nan,UNKNOWN,0.0,0.0,False,False,False,False,False,horizontal
27.916,0.0,0.0,0.0,0.0,0.0,0.0,0.0,0.0,0,0,0.0,0.0,nan,nan,nan,UNKNOWN,0.0,0.0,False,False,False,False,False,horizontal
27.966,0.0,0.0,0.0,0.0,0.0,0.0,0.0,0.0,0,0,0.0,0.0,nan,nan,nan,UNKNOWN,0.0,0.0,False,False,False,False,False,horizontal
28.016,0.0,0.0,0.0,0.0,0.0,0.0,0.0,0.0,0,0,0.0,0.0,nan,nan,nan,UNKNOWN,0.0,0.0,False,False,False,False,False,horizontal
28.068,0.0,0.0,0.0,0.0,0.0,0.0,0.0,0.0,0,0,0.0,0.0,nan,nan,nan,UNKNOWN,0.0,0.0,False,False,False,False,False,horizontal
28.116,0.0,0.0,0.0,0.0,0.0,0.0,0.0,0.0,0,0,0.0,0.0,nan,nan,nan,UNKNOWN,0.0,0.0,False,False,False,False,False,horizontal
28.166,0.0,0.0,0.0,0.0,0.0,0.0,0.0,0.0,0,0,0.0,0.0,nan,nan,nan,UNKNOWN,0.0,0.0,False,False,False,False,False,horizontal
28.216,0.0,0.0,0.0,0.0,0.0,0.0,0.0,0.0,0,0,0.0,0.0,nan,nan,nan,UNKNOWN,0.0,0.0,False,False,False,False,False,horizontal
28.266,0.0,0.0,0.0,0.0,0.0,0.0,0.0,0.0,0,0,0.0,0.0,nan,nan,nan,UNKNOWN,0.0,0.0,False,False,False,False,False,horizontal
28.316,0.0,0.0,0.0,0.0,0.0,0.0,0.0,0.0,0,0,0.0,0.0,nan,nan,nan,UNKNOWN,0.0,0.0,False,False,False,False,False,horizontal
28.366,0.0,0.0,0.0,0.0,0.0,0.0,0.0,0.0,0,0,0.0,0.0,nan,nan,nan,UNKNOWN,0.0,0.0,False,False,False,False,False,horizontal
28.416,0.0,0.0,0.0,0.0,0.0,0.0,0.0,0.0,0,0,0.0,0.0,nan,nan,nan,UNKNOWN,0.0,0.0,False,False,False,False,False,horizontal
28.466,0.0,0.0,0.0,0.0,0.0,0.0,0.0,0.0,0,0,0.0,0.0,nan,nan,nan,UNKNOWN,0.0,0.0,False,False,False,False,False,horizontal
28.516,0.0,0.0,0.0,0.0,0.0,0.0,0.0,0.0,0,0,0.0,0.0,nan,nan,nan,UNKNOWN,0.0,0.0,False,False,False,False,False,horizontal
28.566,0.0,0.0,0.0,0.0,0.0,0.0,0.0,0.0,0,0,0.0,0.0,nan,nan,nan,UNKNOWN,0.0,0.0,False,False,False,False,False,horizontal
28.616,0.0,0.0,0.0,0.0,0.0,0.0,0.0,0.0,0,0,0.0,0.0,nan,nan,nan,UNKNOWN,0.0,0.0,False,False,False,False,False,horizontal
28.666,0.0,0.0,0.0,0.0,0.0,0.0,0.0,0.0,0,0,0.0,0.0,nan,nan,nan,UNKNOWN,0.0,0.0,False,False,False,False,False,horizontal
28.716,0.0,0.0,0.0,0.0,0.0,0.0,0.0,0.0,0,0,0.0,0.0,nan,nan,nan,UNKNOWN,0.0,0.0,False,False,False,False,False,horizontal
28.766,0.0,0.0,0.0,0.0,0.0,0.0,0.0,0.0,0,0,0.0,0.0,nan,nan,nan,UNKNOWN,0.0,0.0,False,False,False,False,False,horizontal
28.816,0.0,0.0,0.0,0.0,0.0,0.0,0.0,0.0,0,0,0.0,0.0,nan,nan,nan,UNKNOWN,0.0,0.0,False,False,False,False,False,horizontal
28.866,0.0,0.0,0.0,0.0,0.0,0.0,0.0,0.0,0,0,0.0,0.0,nan,nan,nan,UNKNOWN,0.0,0.0,False,False,False,False,False,horizontal
28.916,0.0,0.0,0.0,0.0,0.0,0.0,0.0,0.0,0,0,0.0,0.0,nan,nan,nan,UNKNOWN,0.0,0.0,False,False,False,False,False,horizontal
28.966,0.0,0.0,0.0,0.0,0.0,0.0,0.0,0.0,0,0,0.0,0.0,nan,nan,nan,UNKNOWN,0.0,0.0,False,False,False,False,False,horizontal
29.016,0.0,0.0,0.0,0.0,0.0,0.0,0.0,0.0,0,0,0.0,0.0,nan,nan,nan,UNKNOWN,0.0,0.0,False,False,False,False,False,horizontal
29.068,0.0,0.0,0.0,0.0,0.0,0.0,0.0,0.0,0,0,0.0,0.0,nan,nan,nan,UNKNOWN,0.0,0.0,False,False,False,False,False,horizontal
29.116,0.0,0.0,0.0,0.0,0.0,0.0,0.0,0.0,0,0,0.0,0.0,nan,nan,nan,UNKNOWN,0.0,0.0,False,False,False,False,False,horizontal
29.166,0.0,0.0,0.0,0.0,0.0,0.0,0.0,0.0,0,0,0.0,0.0,nan,nan,nan,UNKNOWN,0.0,0.0,False,False,False,False,False,horizontal
29.216,0.0,0.0,0.0,0.0,0.0,0.0,0.0,0.0,0,0,0.0,0.0,nan,nan,nan,UNKNOWN,0.0,0.0,False,False,False,False,False,horizontal
29.266,0.0,0.0,0.0,0.0,0.0,0.0,0.0,0.0,0,0,0.0,0.0,nan,nan,nan,UNKNOWN,0.0,0.0,False,False,False,False,False,horizontal
29.316,0.0,0.0,0.0,0.0,0.0,0.0,0.0,0.0,0,0,0.0,0.0,nan,nan,nan,UNKNOWN,0.0,0.0,False,False,False,False,False,horizontal
29.366,0.0,0.0,0.0,0.0,0.0,0.0,0.0,0.0,0,0,0.0,0.0,nan,nan,nan,UNKNOWN,0.0,0.0,False,False,False,False,False,horizontal
29.416,0.0,0.0,0.0,0.0,0.0,0.0,0.0,0.0,0,0,0.0,0.0,nan,nan,nan,UNKNOWN,0.0,0.0,False,False,False,False,False,horizontal
29.466,0.0,0.0,0.0,0.0,0.0,0.0,0.0,0.0,0,0,0.0,0.0,nan,nan,nan,UNKNOWN,0.0,0.0,False,False,False,False,False,horizontal
29.516,0.0,0.0,0.0,0.0,0.0,0.0,0.0,0.0,0,0,0.0,0.0,nan,nan,nan,UNKNOWN,0.0,0.0,False,False,False,False,False,horizontal
29.566,0.0,0.0,0.0,0.0,0.0,0.0,0.0,0.0,0,0,0.0,0.0,nan,nan,nan,UNKNOWN,0.0,0.0,False,False,False,False,False,horizontal
29.616,0.0,0.0,0.0,0.0,0.0,0.0,0.0,0.0,0,0,0.0,0.0,nan,nan,nan,UNKNOWN,0.0,0.0,False,False,False,False,False,horizontal
29.666,0.0,0.0,0.0,0.0,0.0,0.0,0.0,0.0,0,0,0.0,0.0,nan,nan,nan,UNKNOWN,0.0,0.0,False,False,False,False,False,horizontal
29.716,0.0,0.0,0.0,0.0,0.0,0.0,0.0,0.0,0,0,0.0,0.0,nan,nan,nan,UNKNOWN,0.0,0.0,False,False,False,False,False,horizontal
29.766,0.0,0.0,0.0,0.0,0.0,0.0,0.0,0.0,0,0,0.0,0.0,nan,nan,nan,UNKNOWN,0.0,0.0,False,False,False,False,False,horizontal
29.816,0.0,0.0,0.0,0.0,0.0,0.0,0.0,0.0,0,0,0.0,0.0,nan,nan,nan,UNKNOWN,0.0,0.0,False,False,False,False,False,horizontal
29.866,0.0,0.0,0.0,0.0,0.0,0.0,0.0,0.0,0,0,0.0,0.0,nan,nan,nan,UNKNOWN,0.0,0.0,False,False,False,False,False,horizontal
29.916,0.0,0.0,0.0,0.0,0.0,0.0,0.0,0.0,0,0,0.0,0.0,nan,nan,nan,UNKNOWN,0.0,0.0,False,False,False,False,False,horizontal
29.966,0.0,0.0,0.0,0.0,0.0,0.0,0.0,0.0,0,0,0.0,0.0,nan,nan,nan,UNKNOWN,0.0,0.0,False,False,False,False,False,horizontal
30.016,0.0,0.0,0.0,0.0,0.0,0.0,0.0,0.0,0,0,0.0,0.0,nan,nan,nan,UNKNOWN,0.0,0.0,False,False,False,False,False,horizontal
30.068,0.0,0.0,0.0,0.0,0.0,0.0,0.0,0.0,0,0,0.0,0.0,nan,nan,nan,UNKNOWN,0.0,0.0,False,False,False,False,False,horizontal
30.116,0.0,0.0,0.0,0.0,0.0,0.0,0.0,0.0,0,0,0.0,0.0,nan,nan,nan,UNKNOWN,0.0,0.0,False,False,False,False,False,horizontal
30.166,0.0,0.0,0.0,0.0,0.0,0.0,0.0,0.0,0,0,0.0,0.0,nan,nan,nan,UNKNOWN,0.0,0.0,False,False,False,False,False,horizontal
30.216,0.0,0.0,0.0,0.0,0.0,0.0,0.0,0.0,0,0,0.0,0.0,nan,nan,nan,UNKNOWN,0.0,0.0,False,False,False,False,False,horizontal
30.266,0.0,0.0,0.0,0.0,0.0,0.0,0.0,0.0,0,0,0.0,0.0,nan,nan,nan,UNKNOWN,0.0,0.0,False,False,False,False,False,horizontal
30.316,0.0,0.0,0.0,0.0,0.0,0.0,0.0,0.0,0,0,0.0,0.0,nan,nan,nan,UNKNOWN,0.0,0.0,False,False,False,False,False,horizontal
30.366,0.0,0.0,0.0,0.0,0.0,0.0,0.0,0.0,0,0,0.0,0.0,nan,nan,nan,UNKNOWN,0.0,0.0,False,False,False,False,False,horizontal
30.416,0.0,0.0,0.0,0.0,0.0,0.0,0.0,0.0,0,0,0.0,0.0,nan,nan,nan,UNKNOWN,0.0,0.0,False,False,False,False,False,horizontal
30.466,0.0,0.0,0.0,0.0,0.0,0.0,0.0,0.0,0,0,0.0,0.0,nan,nan,nan,UNKNOWN,0.0,0.0,False,False,False,False,False,horizontal
30.516,0.0,0.0,0.0,0.0,0.0,0.0,0.0,0.0,0,0,0.0,0.0,nan,nan,nan,UNKNOWN,0.0,0.0,False,False,False,False,False,horizontal
30.566,0.0,0.0,0.0,0.0,0.0,0.0,0.0,0.0,0,0,0.0,0.0,nan,nan,nan,UNKNOWN,0.0,0.0,False,False,False,False,False,horizontal
30.616,0.0,0.0,0.0,0.0,0.0,0.0,0.0,0.0,0,0,0.0,0.0,nan,nan,nan,UNKNOWN,0.0,0.0,False,False,False,False,False,horizontal
30.666,0.0,0.0,0.0,0.0,0.0,0.0,0.0,0.0,0,0,0.0,0.0,nan,nan,nan,UNKNOWN,0.0,0.0,False,False,False,False,False,horizontal
30.716,0.0,0.0,0.0,0.0,0.0,0.0,0.0,0.0,0,0,0.0,0.0,nan,nan,nan,UNKNOWN,0.0,0.0,False,False,False,False,False,horizontal
30.766,0.0,0.0,0.0,0.0,0.0,0.0,0.0,0.0,0,0,0.0,0.0,nan,nan,nan,UNKNOWN,0.0,0.0,False,False,False,False,False,horizontal
30.816,0.0,0.0,0.0,0.0,0.0,0.0,0.0,0.0,0,0,0.0,0.0,nan,nan,nan,UNKNOWN,0.0,0.0,False,False,False,False,False,horizontal
30.866,0.0,0.0,0.0,0.0,0.0,0.0,0.0,0.0,0,0,0.0,0.0,nan,nan,nan,UNKNOWN,0.0,0.0,False,False,False,False,False,horizontal
30.916,0.0,0.0,0.0,0.0,0.0,0.0,0.0,0.0,0,0,0.0,0.0,nan,nan,nan,UNKNOWN,0.0,0.0,False,False,False,False,False,horizontal
30.966,0.0,0.0,0.0,0.0,0.0,0.0,0.0,0.0,0,0,0.0,0.0,nan,nan,nan,UNKNOWN,0.0,0.0,False,False,False,False,False,horizontal
31.016,0.0,0.0,0.0,0.0,0.0,0.0,0.0,0.0,0,0,0.0,0.0,nan,nan,nan,UNKNOWN,0.0,0.0,False,False,False,False,False,horizontal
31.068,0.0,0.0,0.0,0.0,0.0,0.0,0.0,0.0,0,0,0.0,0.0,nan,nan,nan,UNKNOWN,0.0,0.0,False,False,False,False,False,horizontal
31.116,0.0,0.0,0.0,0.0,0.0,0.0,0.0,0.0,0,0,0.0,0.0,nan,nan,nan,UNKNOWN,0.0,0.0,False,False,False,False,False,horizontal
31.166,0.0,0.0,0.0,0.0,0.0,0.0,0.0,0.0,0,0,0.0,0.0,nan,nan,nan,UNKNOWN,0.0,0.0,False,False,False,False,False,horizontal
31.216,0.0,0.0,0.0,0.0,0.0,0.0,0.0,0.0,0,0,0.0,0.0,nan,nan,nan,UNKNOWN,0.0,0.0,False,False,False,False,False,horizontal
31.266,0.0,0.0,0.0,0.0,0.0,0.0,0.0,0.0,0,0,0.0,0.0,nan,nan,nan,UNKNOWN,0.0,0.0,False,False,False,False,False,horizontal
31.316,0.0,0.0,0.0,0.0,0.0,0.0,0.0,0.0,0,0,0.0,0.0,nan,nan,nan,UNKNOWN,0.0,0.0,False,False,False,False,False,horizontal
31.366,0.0,0.0,0.0,0.0,0.0,0.0,0.0,0.0,0,0,0.0,0.0,nan,nan,nan,UNKNOWN,0.0,0.0,False,False,False,False,False,horizontal
31.416,0.0,0.0,0.0,0.0,0.0,0.0,0.0,0.0,0,0,0.0,0.0,nan,nan,nan,UNKNOWN,0.0,0.0,False,False,False,False,False,horizontal
31.466,0.0,0.0,0.0,0.0,0.0,0.0,0.0,0.0,0,0,0.0,0.0,nan,nan,nan,UNKNOWN,0.0,0.0,False,False,False,False,False,horizontal
31.516,0.0,0.0,0.0,0.0,0.0,0.0,0.0,0.0,0,0,0.0,0.0,nan,nan,nan,UNKNOWN,0.0,0.0,False,False,False,False,False,horizontal
31.566,0.0,0.0,0.0,0.0,0.0,0.0,0.0,0.0,0,0,0.0,0.0,nan,nan,nan,UNKNOWN,0.0,0.0,False,False,False,False,False,horizontal
31.616,0.0,0.0,0.0,0.0,0.0,0.0,0.0,0.0,0,0,0.0,0.0,nan,nan,nan,UNKNOWN,0.0,0.0,False,False,False,False,False,horizontal
31.666,0.0,0.0,0.0,0.0,0.0,0.0,0.0,0.0,0,0,0.0,0.0,nan,nan,nan,UNKNOWN,0.0,0.0,False,False,False,False,False,horizontal
31.716,0.0,0.0,0.0,0.0,0.0,0.0,0.0,0.0,0,0,0.0,0.0,nan,nan,nan,UNKNOWN,0.0,0.0,False,False,False,False,False,horizontal
31.766,0.0,0.0,0.0,0.0,0.0,0.0,0.0,0.0,0,0,0.0,0.0,nan,nan,nan,UNKNOWN,0.0,0.0,False,False,False,False,False,horizontal
31.816,0.0,0.0,0.0,0.0,0.0,0.0,0.0,0.0,0,0,0.0,0.0,nan,nan,nan,UNKNOWN,0.0,0.0,False,False,False,False,False,horizontal
31.866,0.0,0.0,0.0,0.0,0.0,0.0,0.0,0.0,0,0,0.0,0.0,nan,nan,nan,UNKNOWN,0.0,0.0,False,False,False,False,False,horizontal
31.916,0.0,0.0,0.0,0.0,0.0,0.0,0.0,0.0,0,0,0.0,0.0,nan,nan,nan,UNKNOWN,0.0,0.0,False,False,False,False,False,horizontal
31.966,0.0,0.0,0.0,0.0,0.0,0.0,0.0,0.0,0,0,0.0,0.0,nan,nan,nan,UNKNOWN,0.0,0.0,False,False,False,False,False,horizontal
32.016,0.0,0.0,0.0,0.0,0.0,0.0,0.0,0.0,0,0,0.0,0.0,nan,nan,nan,UNKNOWN,0.0,0.0,False,False,False,False,False,horizontal
32.068,0.0,0.0,0.0,0.0,0.0,0.0,0.0,0.0,0,0,0.0,0.0,nan,nan,nan,UNKNOWN,0.0,0.0,False,False,False,False,False,horizontal
32.116,0.0,0.0,0.0,0.0,0.0,0.0,0.0,0.0,0,0,0.0,0.0,nan,nan,nan,UNKNOWN,0.0,0.0,False,False,False,False,False,horizontal
32.166,0.0,0.0,0.0,0.0,0.0,0.0,0.0,0.0,0,0,0.0,0.0,nan,nan,nan,UNKNOWN,0.0,0.0,False,False,False,False,False,horizontal
32.216,0.0,0.0,0.0,0.0,0.0,0.0,0.0,0.0,0,0,0.0,0.0,nan,nan,nan,UNKNOWN,0.0,0.0,False,False,False,False,False,horizontal
32.266,0.0,0.0,0.0,0.0,0.0,0.0,0.0,0.0,0,0,0.0,0.0,nan,nan,nan,UNKNOWN,0.0,0.0,False,False,False,False,False,horizontal
32.316,0.0,0.0,0.0,0.0,0.0,0.0,0.0,0.0,0,0,0.0,0.0,nan,nan,nan,UNKNOWN,0.0,0.0,False,False,False,False,False,horizontal
32.366,0.0,0.0,0.0,0.0,0.0,0.0,0.0,0.0,0,0,0.0,0.0,nan,nan,nan,UNKNOWN,0.0,0.0,False,False,False,False,False,horizontal
32.416,0.0,0.0,0.0,0.0,0.0,0.0,0.0,0.0,0,0,0.0,0.0,nan,nan,nan,UNKNOWN,0.0,0.0,False,False,False,False,False,horizontal
32.466,0.0,0.0,0.0,0.0,0.0,0.0,0.0,0.0,0,0,0.0,0.0,nan,nan,nan,UNKNOWN,0.0,0.0,False,False,False,False,False,horizontal
32.516,0.0,0.0,0.0,0.0,0.0,0.0,0.0,0.0,0,0,0.0,0.0,nan,nan,nan,UNKNOWN,0.0,0.0,False,False,False,False,False,horizontal
32.566,0.0,0.0,0.0,0.0,0.0,0.0,0.0,0.0,0,0,0.0,0.0,nan,nan,nan,UNKNOWN,0.0,0.0,False,False,False,False,False,horizontal
32.616,0.0,0.0,0.0,0.0,0.0,0.0,0.0,0.0,0,0,0.0,0.0,nan,nan,nan,UNKNOWN,0.0,0.0,False,False,False,False,False,horizontal
32.666,0.0,0.0,0.0,0.0,0.0,0.0,0.0,0.0,0,0,0.0,0.0,nan,nan,nan,UNKNOWN,0.0,0.0,False,False,False,False,False,horizontal
32.716,0.0,0.0,0.0,0.0,0.0,0.0,0.0,0.0,0,0,0.0,0.0,nan,nan,nan,UNKNOWN,0.0,0.0,False,False,False,False,False,horizontal
32.766,0.0,0.0,0.0,0.0,0.0,0.0,0.0,0.0,0,0,0.0,0.0,nan,nan,nan,UNKNOWN,0.0,0.0,False,False,False,False,False,horizontal
32.816,0.0,0.0,0.0,0.0,0.0,0.0,0.0,0.0,0,0,0.0,0.0,nan,nan,nan,UNKNOWN,0.0,0.0,False,False,False,False,False,horizontal
32.866,0.0,0.0,0.0,0.0,0.0,0.0,0.0,0.0,0,0,0.0,0.0,nan,nan,nan,UNKNOWN,0.0,0.0,False,False,False,False,False,horizontal
32.916,0.0,0.0,0.0,0.0,0.0,0.0,0.0,0.0,0,0,0.0,0.0,nan,nan,nan,UNKNOWN,0.0,0.0,False,False,False,False,False,horizontal
32.966,0.0,0.0,0.0,0.0,0.0,0.0,0.0,0.0,0,0,0.0,0.0,nan,nan,nan,UNKNOWN,0.0,0.0,False,False,False,False,False,horizontal
33.016,0.0,0.0,0.0,0.0,0.0,0.0,0.0,0.0,0,0,0.0,0.0,nan,nan,nan,UNKNOWN,0.0,0.0,False,False,False,False,False,horizontal
33.068,0.0,0.0,0.0,0.0,0.0,0.0,0.0,0.0,0,0,0.0,0.0,nan,nan,nan,UNKNOWN,0.0,0.0,False,False,False,False,False,horizontal
33.116,0.0,0.0,0.0,0.0,0.0,0.0,0.0,0.0,0,0,0.0,0.0,nan,nan,nan,UNKNOWN,0.0,0.0,False,False,False,False,False,horizontal
33.166,0.0,0.0,0.0,0.0,0.0,0.0,0.0,0.0,0,0,0.0,0.0,nan,nan,nan,UNKNOWN,0.0,0.0,False,False,False,False,False,horizontal
33.216,0.0,0.0,0.0,0.0,0.0,0.0,0.0,0.0,0,0,0.0,0.0,nan,nan,nan,UNKNOWN,0.0,0.0,False,False,False,False,False,horizontal
33.266,0.0,0.0,0.0,0.0,0.0,0.0,0.0,0.0,0,0,0.0,0.0,nan,nan,nan,UNKNOWN,0.0,0.0,False,False,False,False,False,horizontal
33.316,0.0,0.0,0.0,0.0,0.0,0.0,0.0,0.0,0,0,0.0,0.0,nan,nan,nan,UNKNOWN,0.0,0.0,False,False,False,False,False,horizontal
33.366,0.0,0.0,0.0,0.0,0.0,0.0,0.0,0.0,0,0,0.0,0.0,nan,nan,nan,UNKNOWN,0.0,0.0,False,False,False,False,False,horizontal
33.416,0.0,0.0,0.0,0.0,0.0,0.0,0.0,0.0,0,0,0.0,0.0,nan,nan,nan,UNKNOWN,0.0,0.0,False,False,False,False,False,horizontal
33.466,0.0,0.0,0.0,0.0,0.0,0.0,0.0,0.0,0,0,0.0,0.0,nan,nan,nan,UNKNOWN,0.0,0.0,False,False,False,False,False,horizontal
33.516,0.0,0.0,0.0,0.0,0.0,0.0,0.0,0.0,0,0,0.0,0.0,nan,nan,nan,UNKNOWN,0.0,0.0,False,False,False,False,False,horizontal
33.566,0.0,0.0,0.0,0.0,0.0,0.0,0.0,0.0,0,0,0.0,0.0,nan,nan,nan,UNKNOWN,0.0,0.0,False,False,False,False,False,horizontal
33.616,0.0,0.0,0.0,0.0,0.0,0.0,0.0,0.0,0,0,0.0,0.0,nan,nan,nan,UNKNOWN,0.0,0.0,False,False,False,False,False,horizontal
33.666,0.0,0.0,0.0,0.0,0.0,0.0,0.0,0.0,0,0,0.0,0.0,nan,nan,nan,UNKNOWN,0.0,0.0,False,False,False,False,False,horizontal
33.716,0.0,0.0,0.0,0.0,0.0,0.0,0.0,0.0,0,0,0.0,0.0,nan,nan,nan,UNKNOWN,0.0,0.0,False,False,False,False,False,horizontal
33.766,0.0,0.0,0.0,0.0,0.0,0.0,0.0,0.0,0,0,0.0,0.0,nan,nan,nan,UNKNOWN,0.0,0.0,False,False,False,False,False,horizontal
33.816,0.0,0.0,0.0,0.0,0.0,0.0,0.0,0.0,0,0,0.0,0.0,nan,nan,nan,UNKNOWN,0.0,0.0,False,False,False,False,False,horizontal
33.866,0.0,0.0,0.0,0.0,0.0,0.0,0.0,0.0,0,0,0.0,0.0,nan,nan,nan,UNKNOWN,0.0,0.0,False,False,False,False,False,horizontal
33.916,0.0,0.0,0.0,0.0,0.0,0.0,0.0,0.0,0,0,0.0,0.0,nan,nan,nan,UNKNOWN,0.0,0.0,False,False,False,False,False,horizontal
33.966,0.0,0.0,0.0,0.0,0.0,0.0,0.0,0.0,0,0,0.0,0.0,nan,nan,nan,UNKNOWN,0.0,0.0,False,False,False,False,False,horizontal
34.016,0.0,0.0,0.0,0.0,0.0,0.0,0.0,0.0,0,0,0.0,0.0,nan,nan,nan,UNKNOWN,0.0,0.0,False,False,False,False,False,horizontal
34.068,0.0,0.0,0.0,0.0,0.0,0.0,0.0,0.0,0,0,0.0,0.0,nan,nan,nan,UNKNOWN,0.0,0.0,False,False,False,False,False,horizontal
34.116,0.0,0.0,0.0,0.0,0.0,0.0,0.0,0.0,0,0,0.0,0.0,nan,nan,nan,UNKNOWN,0.0,0.0,False,False,False,False,False,horizontal
34.166,0.0,0.0,0.0,0.0,0.0,0.0,0.0,0.0,0,0,0.0,0.0,nan,nan,nan,UNKNOWN,0.0,0.0,False,False,False,False,False,horizontal
34.216,0.0,0.0,0.0,0.0,0.0,0.0,0.0,0.0,0,0,0.0,0.0,nan,nan,nan,UNKNOWN,0.0,0.0,False,False,False,False,False,horizontal
34.266,0.0,0.0,0.0,0.0,0.0,0.0,0.0,0.0,0,0,0.0,0.0,nan,nan,nan,UNKNOWN,0.0,0.0,False,False,False,False,False,horizontal
34.316,0.0,0.0,0.0,0.0,0.0,0.0,0.0,0.0,0,0,0.0,0.0,nan,nan,nan,UNKNOWN,0.0,0.0,False,False,False,False,False,horizontal
34.366,0.0,0.0,0.0,0.0,0.0,0.0,0.0,0.0,0,0,0.0,0.0,nan,nan,nan,UNKNOWN,0.0,0.0,False,False,False,False,False,horizontal
34.416,0.0,0.0,0.0,0.0,0.0,0.0,0.0,0.0,0,0,0.0,0.0,nan,nan,nan,UNKNOWN,0.0,0.0,False,False,False,False,False,horizontal
34.466,0.0,0.0,0.0,0.0,0.0,0.0,0.0,0.0,0,0,0.0,0.0,nan,nan,nan,UNKNOWN,0.0,0.0,False,False,False,False,False,horizontal
34.516,0.0,0.0,0.0,0.0,0.0,0.0,0.0,0.0,0,0,0.0,0.0,nan,nan,nan,UNKNOWN,0.0,0.0,False,False,False,False,False,horizontal
34.566,0.0,0.0,0.0,0.0,0.0,0.0,0.0,0.0,0,0,0.0,0.0,nan,nan,nan,UNKNOWN,0.0,0.0,False,False,False,False,False,horizontal
34.616,0.0,0.0,0.0,0.0,0.0,0.0,0.0,0.0,0,0,0.0,0.0,nan,nan,nan,UNKNOWN,0.0,0.0,False,False,False,False,False,horizontal
34.666,0.0,0.0,0.0,0.0,0.0,0.0,0.0,0.0,0,0,0.0,0.0,nan,nan,nan,UNKNOWN,0.0,0.0,False,False,False,False,False,horizontal
34.716,0.0,0.0,0.0,0.0,0.0,0.0,0.0,0.0,0,0,0.0,0.0,nan,nan,nan,UNKNOWN,0.0,0.0,False,False,False,False,False,horizontal
34.766,0.0,0.0,0.0,0.0,0.0,0.0,0.0,0.0,0,0,0.0,0.0,nan,nan,nan,UNKNOWN,0.0,0.0,False,False,False,False,False,horizontal
34.816,0.0,0.0,0.0,0.0,0.0,0.0,0.0,0.0,0,0,0.0,0.0,nan,nan,nan,UNKNOWN,0.0,0.0,False,False,False,False,False,horizontal
34.866,0.0,0.0,0.0,0.0,0.0,0.0,0.0,0.0,0,0,0.0,0.0,nan,nan,nan,UNKNOWN,0.0,0.0,False,False,False,False,False,horizontal
34.916,0.0,0.0,0.0,0.0,0.0,0.0,0.0,0.0,0,0,0.0,0.0,nan,nan,nan,UNKNOWN,0.0,0.0,False,False,False,False,False,horizontal
34.966,0.0,0.0,0.0,0.0,0.0,0.0,0.0,0.0,0,0,0.0,0.0,nan,nan,nan,UNKNOWN,0.0,0.0,False,False,False,False,False,horizontal
35.016,0.0,0.0,0.0,0.0,0.0,0.0,0.0,0.0,0,0,0.0,0.0,nan,nan,nan,UNKNOWN,0.0,0.0,False,False,False,False,False,horizontal
35.068,0.0,0.0,0.0,0.0,0.0,0.0,0.0,0.0,0,0,0.0,0.0,nan,nan,nan,UNKNOWN,0.0,0.0,False,False,False,False,False,horizontal
35.116,0.0,0.0,0.0,0.0,0.0,0.0,0.0,0.0,0,0,0.0,0.0,nan,nan,nan,UNKNOWN,0.0,0.0,False,False,False,False,False,horizontal
35.166,0.0,0.0,0.0,0.0,0.0,0.0,0.0,0.0,0,0,0.0,0.0,nan,nan,nan,UNKNOWN,0.0,0.0,False,False,False,False,False,horizontal
35.216,0.0,0.0,0.0,0.0,0.0,0.0,0.0,0.0,0,0,0.0,0.0,nan,nan,nan,UNKNOWN,0.0,0.0,False,False,False,False,False,horizontal
35.266,0.0,0.0,0.0,0.0,0.0,0.0,0.0,0.0,0,0,0.0,0.0,nan,nan,nan,UNKNOWN,0.0,0.0,False,False,False,False,False,horizontal
35.316,0.0,0.0,0.0,0.0,0.0,0.0,0.0,0.0,0,0,0.0,0.0,nan,nan,nan,UNKNOWN,0.0,0.0,False,False,False,False,False,horizontal
35.366,0.0,0.0,0.0,0.0,0.0,0.0,0.0,0.0,0,0,0.0,0.0,nan,nan,nan,UNKNOWN,0.0,0.0,False,False,False,False,False,horizontal
35.416,0.0,0.0,0.0,0.0,0.0,0.0,0.0,0.0,0,0,0.0,0.0,nan,nan,nan,UNKNOWN,0.0,0.0,False,False,False,False,False,horizontal
35.466,0.0,0.0,0.0,0.0,0.0,0.0,0.0,0.0,0,0,0.0,0.0,nan,nan,nan,UNKNOWN,0.0,0.0,False,False,False,False,False,horizontal
35.516,0.0,0.0,0.0,0.0,0.0,0.0,0.0,0.0,0,0,0.0,0.0,nan,nan,nan,UNKNOWN,0.0,0.0,False,False,False,False,False,horizontal
35.566,0.0,0.0,0.0,0.0,0.0,0.0,0.0,0.0,0,0,0.0,0.0,nan,nan,nan,UNKNOWN,0.0,0.0,False,False,False,False,False,horizontal
35.616,0.0,0.0,0.0,0.0,0.0,0.0,0.0,0.0,0,0,0.0,0.0,nan,nan,nan,UNKNOWN,0.0,0.0,False,False,False,False,False,horizontal
35.666,0.0,0.0,0.0,0.0,0.0,0.0,0.0,0.0,0,0,0.0,0.0,nan,nan,nan,UNKNOWN,0.0,0.0,False,False,False,False,False,horizontal
35.716,0.0,0.0,0.0,0.0,0.0,0.0,0.0,0.0,0,0,0.0,0.0,nan,nan,nan,UNKNOWN,0.0,0.0,False,False,False,False,False,horizontal
35.766,0.0,0.0,0.0,0.0,0.0,0.0,0.0,0.0,0,0,0.0,0.0,nan,nan,nan,UNKNOWN,0.0,0.0,False,False,False,False,False,horizontal
35.816,0.0,0.0,0.0,0.0,0.0,0.0,0.0,0.0,0,0,0.0,0.0,nan,nan,nan,UNKNOWN,0.0,0.0,False,False,False,False,False,horizontal
35.866,0.0,0.0,0.0,0.0,0.0,0.0,0.0,0.0,0,0,0.0,0.0,nan,nan,nan,UNKNOWN,0.0,0.0,False,False,False,False,False,horizontal
35.917,0.0,0.0,0.0,0.0,0.0,0.0,0.0,0.0,0,0,0.0,0.0,nan,nan,nan,UNKNOWN,0.0,0.0,False,False,False,False,False,horizontal
35.966,0.0,0.0,0.0,0.0,0.0,0.0,0.0,0.0,0,0,0.0,0.0,nan,nan,nan,UNKNOWN,0.0,0.0,False,False,False,False,False,horizontal
36.016,0.0,0.0,0.0,0.0,0.0,0.0,0.0,0.0,0,0,0.0,0.0,nan,nan,nan,UNKNOWN,0.0,0.0,False,False,False,False,False,horizontal
36.068,0.0,0.0,0.0,0.0,0.0,0.0,0.0,0.0,0,0,0.0,0.0,nan,nan,nan,UNKNOWN,0.0,0.0,False,False,False,False,False,horizontal
36.116,0.0,0.0,0.0,0.0,0.0,0.0,0.0,0.0,0,0,0.0,0.0,nan,nan,nan,UNKNOWN,0.0,0.0,False,False,False,False,False,horizontal
36.166,0.0,0.0,0.0,0.0,0.0,0.0,0.0,0.0,0,0,0.0,0.0,nan,nan,nan,UNKNOWN,0.0,0.0,False,False,False,False,False,horizontal
36.216,0.0,0.0,0.0,0.0,0.0,0.0,0.0,0.0,0,0,0.0,0.0,nan,nan,nan,UNKNOWN,0.0,0.0,False,False,False,False,False,horizontal
36.266,0.0,0.0,0.0,0.0,0.0,0.0,0.0,0.0,0,0,0.0,0.0,nan,nan,nan,UNKNOWN,0.0,0.0,False,False,False,False,False,horizontal
36.316,0.0,0.0,0.0,0.0,0.0,0.0,0.0,0.0,0,0,0.0,0.0,nan,nan,nan,UNKNOWN,0.0,0.0,False,False,False,False,False,horizontal
36.366,0.0,0.0,0.0,0.0,0.0,0.0,0.0,0.0,0,0,0.0,0.0,nan,nan,nan,UNKNOWN,0.0,0.0,False,False,False,False,False,horizontal
36.416,0.0,0.0,0.0,0.0,0.0,0.0,0.0,0.0,0,0,0.0,0.0,nan,nan,nan,UNKNOWN,0.0,0.0,False,False,False,False,False,horizontal
36.466,0.0,0.0,0.0,0.0,0.0,0.0,0.0,0.0,0,0,0.0,0.0,nan,nan,nan,UNKNOWN,0.0,0.0,False,False,False,False,False,horizontal
36.516,0.0,0.0,0.0,0.0,0.0,0.0,0.0,0.0,0,0,0.0,0.0,nan,nan,nan,UNKNOWN,0.0,0.0,False,False,False,False,False,horizontal
36.566,0.0,0.0,0.0,0.0,0.0,0.0,0.0,0.0,0,0,0.0,0.0,nan,nan,nan,UNKNOWN,0.0,0.0,False,False,False,False,False,horizontal
36.616,0.0,0.0,0.0,0.0,0.0,0.0,0.0,0.0,0,0,0.0,0.0,nan,nan,nan,UNKNOWN,0.0,0.0,False,False,False,False,False,horizontal
36.666,0.0,0.0,0.0,0.0,0.0,0.0,0.0,0.0,0,0,0.0,0.0,nan,nan,nan,UNKNOWN,0.0,0.0,False,False,False,False,False,horizontal
36.716,0.0,0.0,0.0,0.0,0.0,0.0,0.0,0.0,0,0,0.0,0.0,nan,nan,nan,UNKNOWN,0.0,0.0,False,False,False,False,False,horizontal
36.766,0.0,0.0,0.0,0.0,0.0,0.0,0.0,0.0,0,0,0.0,0.0,nan,nan,nan,UNKNOWN,0.0,0.0,False,False,False,False,False,horizontal
36.816,0.0,0.0,0.0,0.0,0.0,0.0,0.0,0.0,0,0,0.0,0.0,nan,nan,nan,UNKNOWN,0.0,0.0,False,False,False,False,False,horizontal
36.866,0.0,0.0,0.0,0.0,0.0,0.0,0.0,0.0,0,0,0.0,0.0,nan,nan,nan,UNKNOWN,0.0,0.0,False,False,False,False,False,horizontal
36.916,0.0,0.0,0.0,0.0,0.0,0.0,0.0,0.0,0,0,0.0,0.0,nan,nan,nan,UNKNOWN,0.0,0.0,False,False,False,False,False,horizontal
36.966,0.0,0.0,0.0,0.0,0.0,0.0,0.0,0.0,0,0,0.0,0.0,nan,nan,nan,UNKNOWN,0.0,0.0,False,False,False,False,False,horizontal
37.016,0.0,0.0,0.0,0.0,0.0,0.0,0.0,0.0,0,0,0.0,0.0,nan,nan,nan,UNKNOWN,0.0,0.0,False,False,False,False,False,horizontal
37.068,0.0,0.0,0.0,0.0,0.0,0.0,0.0,0.0,0,0,0.0,0.0,nan,nan,nan,UNKNOWN,0.0,0.0,False,False,False,False,False,horizontal
37.116,0.0,0.0,0.0,0.0,0.0,0.0,0.0,0.0,0,0,0.0,0.0,nan,nan,nan,UNKNOWN,0.0,0.0,False,False,False,False,False,horizontal
37.166,0.0,0.0,0.0,0.0,0.0,0.0,0.0,0.0,0,0,0.0,0.0,nan,nan,nan,UNKNOWN,0.0,0.0,False,False,False,False,False,horizontal
37.216,0.0,0.0,0.0,0.0,0.0,0.0,0.0,0.0,0,0,0.0,0.0,nan,nan,nan,UNKNOWN,0.0,0.0,False,False,False,False,False,horizontal
37.266,0.0,0.0,0.0,0.0,0.0,0.0,0.0,0.0,0,0,0.0,0.0,nan,nan,nan,UNKNOWN,0.0,0.0,False,False,False,False,False,horizontal
37.316,0.0,0.0,0.0,0.0,0.0,0.0,0.0,0.0,0,0,0.0,0.0,nan,nan,nan,UNKNOWN,0.0,0.0,False,False,False,False,False,horizontal
37.366,0.0,0.0,0.0,0.0,0.0,0.0,0.0,0.0,0,0,0.0,0.0,nan,nan,nan,UNKNOWN,0.0,0.0,False,False,False,False,False,horizontal
37.416,0.0,0.0,0.0,0.0,0.0,0.0,0.0,0.0,0,0,0.0,0.0,nan,nan,nan,UNKNOWN,0.0,0.0,False,False,False,False,False,horizontal
37.466,0.0,0.0,0.0,0.0,0.0,0.0,0.0,0.0,0,0,0.0,0.0,nan,nan,nan,UNKNOWN,0.0,0.0,False,False,False,False,False,horizontal
37.516,0.0,0.0,0.0,0.0,0.0,0.0,0.0,0.0,0,0,0.0,0.0,nan,nan,nan,UNKNOWN,0.0,0.0,False,False,False,False,False,horizontal
37.566,0.0,0.0,0.0,0.0,0.0,0.0,0.0,0.0,0,0,0.0,0.0,nan,nan,nan,UNKNOWN,0.0,0.0,False,False,False,False,False,horizontal
37.616,0.0,0.0,0.0,0.0,0.0,0.0,0.0,0.0,0,0,0.0,0.0,nan,nan,nan,UNKNOWN,0.0,0.0,False,False,False,False,False,horizontal
37.666,0.0,0.0,0.0,0.0,0.0,0.0,0.0,0.0,0,0,0.0,0.0,nan,nan,nan,UNKNOWN,0.0,0.0,False,False,False,False,False,horizontal
37.716,0.0,0.0,0.0,0.0,0.0,0.0,0.0,0.0,0,0,0.0,0.0,nan,nan,nan,UNKNOWN,0.0,0.0,False,False,False,False,False,horizontal
37.766,0.0,0.0,0.0,0.0,0.0,0.0,0.0,0.0,0,0,0.0,0.0,nan,nan,nan,UNKNOWN,0.0,0.0,False,False,False,False,False,horizontal
37.816,0.0,0.0,0.0,0.0,0.0,0.0,0.0,0.0,0,0,0.0,0.0,nan,nan,nan,UNKNOWN,0.0,0.0,False,False,False,False,False,horizontal
37.866,0.0,0.0,0.0,0.0,0.0,0.0,0.0,0.0,0,0,0.0,0.0,nan,nan,nan,UNKNOWN,0.0,0.0,False,False,False,False,False,horizontal
37.916,0.0,0.0,0.0,0.0,0.0,0.0,0.0,0.0,0,0,0.0,0.0,nan,nan,nan,UNKNOWN,0.0,0.0,False,False,False,False,False,horizontal
37.966,0.0,0.0,0.0,0.0,0.0,0.0,0.0,0.0,0,0,0.0,0.0,nan,nan,nan,UNKNOWN,0.0,0.0,False,False,False,False,False,horizontal
38.016,0.0,0.0,0.0,0.0,0.0,0.0,0.0,0.0,0,0,0.0,0.0,nan,nan,nan,UNKNOWN,0.0,0.0,False,False,False,False,False,horizontal
38.068,0.0,0.0,0.0,0.0,0.0,0.0,0.0,0.0,0,0,0.0,0.0,nan,nan,nan,UNKNOWN,0.0,0.0,False,False,False,False,False,horizontal
38.116,0.0,0.0,0.0,0.0,0.0,0.0,0.0,0.0,0,0,0.0,0.0,nan,nan,nan,UNKNOWN,0.0,0.0,False,False,False,False,False,horizontal
38.166,0.0,0.0,0.0,0.0,0.0,0.0,0.0,0.0,0,0,0.0,0.0,nan,nan,nan,UNKNOWN,0.0,0.0,False,False,False,False,False,horizontal
38.216,0.0,0.0,0.0,0.0,0.0,0.0,0.0,0.0,0,0,0.0,0.0,nan,nan,nan,UNKNOWN,0.0,0.0,False,False,False,False,False,horizontal
38.266,0.0,0.0,0.0,0.0,0.0,0.0,0.0,0.0,0,0,0.0,0.0,nan,nan,nan,UNKNOWN,0.0,0.0,False,False,False,False,False,horizontal
38.316,0.0,0.0,0.0,0.0,0.0,0.0,0.0,0.0,0,0,0.0,0.0,nan,nan,nan,UNKNOWN,0.0,0.0,False,False,False,False,False,horizontal
38.366,0.0,0.0,0.0,0.0,0.0,0.0,0.0,0.0,0,0,0.0,0.0,nan,nan,nan,UNKNOWN,0.0,0.0,False,False,False,False,False,horizontal
38.416,0.0,0.0,0.0,0.0,0.0,0.0,0.0,0.0,0,0,0.0,0.0,nan,nan,nan,UNKNOWN,0.0,0.0,False,False,False,False,False,horizontal
38.466,0.0,0.0,0.0,0.0,0.0,0.0,0.0,0.0,0,0,0.0,0.0,nan,nan,nan,UNKNOWN,0.0,0.0,False,False,False,False,False,horizontal
38.516,0.0,0.0,0.0,0.0,0.0,0.0,0.0,0.0,0,0,0.0,0.0,nan,nan,nan,UNKNOWN,0.0,0.0,False,False,False,False,False,horizontal
38.566,0.0,0.0,0.0,0.0,0.0,0.0,0.0,0.0,0,0,0.0,0.0,nan,nan,nan,UNKNOWN,0.0,0.0,False,False,False,False,False,horizontal
38.616,0.0,0.0,0.0,0.0,0.0,0.0,0.0,0.0,0,0,0.0,0.0,nan,nan,nan,UNKNOWN,0.0,0.0,False,False,False,False,False,horizontal
38.666,0.0,0.0,0.0,0.0,0.0,0.0,0.0,0.0,0,0,0.0,0.0,nan,nan,nan,UNKNOWN,0.0,0.0,False,False,False,False,False,horizontal
38.716,0.0,0.0,0.0,0.0,0.0,0.0,0.0,0.0,0,0,0.0,0.0,nan,nan,nan,UNKNOWN,0.0,0.0,False,False,False,False,False,horizontal
38.766,0.0,0.0,0.0,0.0,0.0,0.0,0.0,0.0,0,0,0.0,0.0,nan,nan,nan,UNKNOWN,0.0,0.0,False,False,False,False,False,horizontal
38.816,0.0,0.0,0.0,0.0,0.0,0.0,0.0,0.0,0,0,0.0,0.0,nan,nan,nan,UNKNOWN,0.0,0.0,False,False,False,False,False,horizontal
38.866,0.0,0.0,0.0,0.0,0.0,0.0,0.0,0.0,0,0,0.0,0.0,nan,nan,nan,UNKNOWN,0.0,0.0,False,False,False,False,False,horizontal
38.916,0.0,0.0,0.0,0.0,0.0,0.0,0.0,0.0,0,0,0.0,0.0,nan,nan,nan,UNKNOWN,0.0,0.0,False,False,False,False,False,horizontal
38.966,0.0,0.0,0.0,0.0,0.0,0.0,0.0,0.0,0,0,0.0,0.0,nan,nan,nan,UNKNOWN,0.0,0.0,False,False,False,False,False,horizontal
39.016,0.0,0.0,0.0,0.0,0.0,0.0,0.0,0.0,0,0,0.0,0.0,nan,nan,nan,UNKNOWN,0.0,0.0,False,False,False,False,False,horizontal
39.068,0.0,0.0,0.0,0.0,0.0,0.0,0.0,0.0,0,0,0.0,0.0,nan,nan,nan,UNKNOWN,0.0,0.0,False,False,False,False,False,horizontal
39.116,0.0,0.0,0.0,0.0,0.0,0.0,0.0,0.0,0,0,0.0,0.0,nan,nan,nan,UNKNOWN,0.0,0.0,False,False,False,False,False,horizontal
39.166,0.0,0.0,0.0,0.0,0.0,0.0,0.0,0.0,0,0,0.0,0.0,nan,nan,nan,UNKNOWN,0.0,0.0,False,False,False,False,False,horizontal
39.216,0.0,0.0,0.0,0.0,0.0,0.0,0.0,0.0,0,0,0.0,0.0,nan,nan,nan,UNKNOWN,0.0,0.0,False,False,False,False,False,horizontal
39.266,0.0,0.0,0.0,0.0,0.0,0.0,0.0,0.0,0,0,0.0,0.0,nan,nan,nan,UNKNOWN,0.0,0.0,False,False,False,False,False,horizontal
39.316,0.0,0.0,0.0,0.0,0.0,0.0,0.0,0.0,0,0,0.0,0.0,nan,nan,nan,UNKNOWN,0.0,0.0,False,False,False,False,False,horizontal
39.366,0.0,0.0,0.0,0.0,0.0,0.0,0.0,0.0,0,0,0.0,0.0,nan,nan,nan,UNKNOWN,0.0,0.0,False,False,False,False,False,horizontal
39.416,0.0,0.0,0.0,0.0,0.0,0.0,0.0,0.0,0,0,0.0,0.0,nan,nan,nan,UNKNOWN,0.0,0.0,False,False,False,False,False,horizontal
39.466,0.0,0.0,0.0,0.0,0.0,0.0,0.0,0.0,0,0,0.0,0.0,nan,nan,nan,UNKNOWN,0.0,0.0,False,False,False,False,False,horizontal
39.516,0.0,0.0,0.0,0.0,0.0,0.0,0.0,0.0,0,0,0.0,0.0,nan,nan,nan,UNKNOWN,0.0,0.0,False,False,False,False,False,horizontal
39.566,0.0,0.0,0.0,0.0,0.0,0.0,0.0,0.0,0,0,0.0,0.0,nan,nan,nan,UNKNOWN,0.0,0.0,False,False,False,False,False,horizontal
39.616,0.0,0.0,0.0,0.0,0.0,0.0,0.0,0.0,0,0,0.0,0.0,nan,nan,nan,UNKNOWN,0.0,0.0,False,False,False,False,False,horizontal
39.666,0.0,0.0,0.0,0.0,0.0,0.0,0.0,0.0,0,0,0.0,0.0,nan,nan,nan,UNKNOWN,0.0,0.0,False,False,False,False,False,horizontal
39.716,0.0,0.0,0.0,0.0,0.0,0.0,0.0,0.0,0,0,0.0,0.0,nan,nan,nan,UNKNOWN,0.0,0.0,False,False,False,False,False,horizontal
39.766,0.0,0.0,0.0,0.0,0.0,0.0,0.0,0.0,0,0,0.0,0.0,nan,nan,nan,UNKNOWN,0.0,0.0,False,False,False,False,False,horizontal
39.816,0.0,0.0,0.0,0.0,0.0,0.0,0.0,0.0,0,0,0.0,0.0,nan,nan,nan,UNKNOWN,0.0,0.0,False,False,False,False,False,horizontal
39.866,0.0,0.0,0.0,0.0,0.0,0.0,0.0,0.0,0,0,0.0,0.0,nan,nan,nan,UNKNOWN,0.0,0.0,False,False,False,False,False,horizontal
39.916,0.0,0.0,0.0,0.0,0.0,0.0,0.0,0.0,0,0,0.0,0.0,nan,nan,nan,UNKNOWN,0.0,0.0,False,False,False,False,False,horizontal
39.966,0.0,0.0,0.0,0.0,0.0,0.0,0.0,0.0,0,0,0.0,0.0,nan,nan,nan,UNKNOWN,0.0,0.0,False,False,False,False,False,horizontal
40.016,0.0,0.0,0.0,0.0,0.0,0.0,0.0,0.0,0,0,0.0,0.0,nan,nan,nan,UNKNOWN,0.0,0.0,False,False,False,False,False,horizontal
40.068,0.0,0.0,0.0,0.0,0.0,0.0,0.0,0.0,0,0,0.0,0.0,nan,nan,nan,UNKNOWN,0.0,0.0,False,False,False,False,False,horizontal
40.117,0.0,0.0,0.0,0.0,0.0,0.0,0.0,0.0,0,0,0.0,0.0,nan,nan,nan,UNKNOWN,0.0,0.0,False,False,False,False,False,horizontal
40.166,0.0,0.0,0.0,0.0,0.0,0.0,0.0,0.0,0,0,0.0,0.0,nan,nan,nan,UNKNOWN,0.0,0.0,False,False,False,False,False,horizontal
40.216,0.0,0.0,0.0,0.0,0.0,0.0,0.0,0.0,0,0,0.0,0.0,nan,nan,nan,UNKNOWN,0.0,0.0,False,False,False,False,False,horizontal
40.266,0.0,0.0,0.0,0.0,0.0,0.0,0.0,0.0,0,0,0.0,0.0,nan,nan,nan,UNKNOWN,0.0,0.0,False,False,False,False,False,horizontal
40.316,0.0,0.0,0.0,0.0,0.0,0.0,0.0,0.0,0,0,0.0,0.0,nan,nan,nan,UNKNOWN,0.0,0.0,False,False,False,False,False,horizontal
40.366,0.0,0.0,0.0,0.0,0.0,0.0,0.0,0.0,0,0,0.0,0.0,nan,nan,nan,UNKNOWN,0.0,0.0,False,False,False,False,False,horizontal
40.416,0.0,0.0,0.0,0.0,0.0,0.0,0.0,0.0,0,0,0.0,0.0,nan,nan,nan,UNKNOWN,0.0,0.0,False,False,False,False,False,horizontal
40.466,0.0,0.0,0.0,0.0,0.0,0.0,0.0,0.0,0,0,0.0,0.0,nan,nan,nan,UNKNOWN,0.0,0.0,False,False,False,False,False,horizontal
40.516,0.0,0.0,0.0,0.0,0.0,0.0,0.0,0.0,0,0,0.0,0.0,nan,nan,nan,UNKNOWN,0.0,0.0,False,False,False,False,False,horizontal
40.566,0.0,0.0,0.0,0.0,0.0,0.0,0.0,0.0,0,0,0.0,0.0,nan,nan,nan,UNKNOWN,0.0,0.0,False,False,False,False,False,horizontal
40.616,0.0,0.0,0.0,0.0,0.0,0.0,0.0,0.0,0,0,0.0,0.0,nan,nan,nan,UNKNOWN,0.0,0.0,False,False,False,False,False,horizontal
40.666,0.0,0.0,0.0,0.0,0.0,0.0,0.0,0.0,0,0,0.0,0.0,nan,nan,nan,UNKNOWN,0.0,0.0,False,False,False,False,False,horizontal
40.716,0.0,0.0,0.0,0.0,0.0,0.0,0.0,0.0,0,0,0.0,0.0,nan,nan,nan,UNKNOWN,0.0,0.0,False,False,False,False,False,horizontal
40.766,0.0,0.0,0.0,0.0,0.0,0.0,0.0,0.0,0,0,0.0,0.0,nan,nan,nan,UNKNOWN,0.0,0.0,False,False,False,False,False,horizontal
40.816,0.0,0.0,0.0,0.0,0.0,0.0,0.0,0.0,0,0,0.0,0.0,nan,nan,nan,UNKNOWN,0.0,0.0,False,False,False,False,False,horizontal
40.866,0.0,0.0,0.0,0.0,0.0,0.0,0.0,0.0,0,0,0.0,0.0,nan,nan,nan,UNKNOWN,0.0,0.0,False,False,False,False,False,horizontal
40.916,0.0,0.0,0.0,0.0,0.0,0.0,0.0,0.0,0,0,0.0,0.0,nan,nan,nan,UNKNOWN,0.0,0.0,False,False,False,False,False,horizontal
40.966,0.0,0.0,0.0,0.0,0.0,0.0,0.0,0.0,0,0,0.0,0.0,nan,nan,nan,UNKNOWN,0.0,0.0,False,False,False,False,False,horizontal
41.016,0.0,0.0,0.0,0.0,0.0,0.0,0.0,0.0,0,0,0.0,0.0,nan,nan,nan,UNKNOWN,0.0,0.0,False,False,False,False,False,horizontal
41.068,0.0,0.0,0.0,0.0,0.0,0.0,0.0,0.0,0,0,0.0,0.0,nan,nan,nan,UNKNOWN,0.0,0.0,False,False,False,False,False,horizontal
41.116,0.0,0.0,0.0,0.0,0.0,0.0,0.0,0.0,0,0,0.0,0.0,nan,nan,nan,UNKNOWN,0.0,0.0,False,False,False,False,False,horizontal
41.166,0.0,0.0,0.0,0.0,0.0,0.0,0.0,0.0,0,0,0.0,0.0,nan,nan,nan,UNKNOWN,0.0,0.0,False,False,False,False,False,horizontal
41.216,0.0,0.0,0.0,0.0,0.0,0.0,0.0,0.0,0,0,0.0,0.0,nan,nan,nan,UNKNOWN,0.0,0.0,False,False,False,False,False,horizontal
41.266,0.0,0.0,0.0,0.0,0.0,0.0,0.0,0.0,0,0,0.0,0.0,nan,nan,nan,UNKNOWN,0.0,0.0,False,False,False,False,False,horizontal
41.316,0.0,0.0,0.0,0.0,0.0,0.0,0.0,0.0,0,0,0.0,0.0,nan,nan,nan,UNKNOWN,0.0,0.0,False,False,False,False,False,horizontal
41.366,0.0,0.0,0.0,0.0,0.0,0.0,0.0,0.0,0,0,0.0,0.0,nan,nan,nan,UNKNOWN,0.0,0.0,False,False,False,False,False,horizontal
41.416,0.0,0.0,0.0,0.0,0.0,0.0,0.0,0.0,0,0,0.0,0.0,nan,nan,nan,UNKNOWN,0.0,0.0,False,False,False,False,False,horizontal
41.466,0.0,0.0,0.0,0.0,0.0,0.0,0.0,0.0,0,0,0.0,0.0,nan,nan,nan,UNKNOWN,0.0,0.0,False,False,False,False,False,horizontal
41.516,0.0,0.0,0.0,0.0,0.0,0.0,0.0,0.0,0,0,0.0,0.0,nan,nan,nan,UNKNOWN,0.0,0.0,False,False,False,False,False,horizontal
41.566,0.0,0.0,0.0,0.0,0.0,0.0,0.0,0.0,0,0,0.0,0.0,nan,nan,nan,UNKNOWN,0.0,0.0,False,False,False,False,False,horizontal
41.616,0.0,0.0,0.0,0.0,0.0,0.0,0.0,0.0,0,0,0.0,0.0,nan,nan,nan,UNKNOWN,0.0,0.0,False,False,False,False,False,horizontal
41.666,0.0,0.0,0.0,0.0,0.0,0.0,0.0,0.0,0,0,0.0,0.0,nan,nan,nan,UNKNOWN,0.0,0.0,False,False,False,False,False,horizontal
41.716,0.0,0.0,0.0,0.0,0.0,0.0,0.0,0.0,0,0,0.0,0.0,nan,nan,nan,UNKNOWN,0.0,0.0,False,False,False,False,False,horizontal
41.766,0.0,0.0,0.0,0.0,0.0,0.0,0.0,0.0,0,0,0.0,0.0,nan,nan,nan,UNKNOWN,0.0,0.0,False,False,False,False,False,horizontal
41.816,0.0,0.0,0.0,0.0,0.0,0.0,0.0,0.0,0,0,0.0,0.0,nan,nan,nan,UNKNOWN,0.0,0.0,False,False,False,False,False,horizontal
41.866,0.0,0.0,0.0,0.0,0.0,0.0,0.0,0.0,0,0,0.0,0.0,nan,nan,nan,UNKNOWN,0.0,0.0,False,False,False,False,False,horizontal
41.916,0.0,0.0,0.0,0.0,0.0,0.0,0.0,0.0,0,0,0.0,0.0,nan,nan,nan,UNKNOWN,0.0,0.0,False,False,False,False,False,horizontal
41.966,0.0,0.0,0.0,0.0,0.0,0.0,0.0,0.0,0,0,0.0,0.0,nan,nan,nan,UNKNOWN,0.0,0.0,False,False,False,False,False,horizontal
42.016,0.0,0.0,0.0,0.0,0.0,0.0,0.0,0.0,0,0,0.0,0.0,nan,nan,nan,UNKNOWN,0.0,0.0,False,False,False,False,False,horizontal
42.068,0.0,0.0,0.0,0.0,0.0,0.0,0.0,0.0,0,0,0.0,0.0,nan,nan,nan,UNKNOWN,0.0,0.0,False,False,False,False,False,horizontal
42.116,0.0,0.0,0.0,0.0,0.0,0.0,0.0,0.0,0,0,0.0,0.0,nan,nan,nan,UNKNOWN,0.0,0.0,False,False,False,False,False,horizontal
42.166,0.0,0.0,0.0,0.0,0.0,0.0,0.0,0.0,0,0,0.0,0.0,nan,nan,nan,UNKNOWN,0.0,0.0,False,False,False,False,False,horizontal
42.216,0.0,0.0,0.0,0.0,0.0,0.0,0.0,0.0,0,0,0.0,0.0,nan,nan,nan,UNKNOWN,0.0,0.0,False,False,False,False,False,horizontal
42.266,0.0,0.0,0.0,0.0,0.0,0.0,0.0,0.0,0,0,0.0,0.0,nan,nan,nan,UNKNOWN,0.0,0.0,False,False,False,False,False,horizontal
42.316,0.0,0.0,0.0,0.0,0.0,0.0,0.0,0.0,0,0,0.0,0.0,nan,nan,nan,UNKNOWN,0.0,0.0,False,False,False,False,False,horizontal
42.366,0.0,0.0,0.0,0.0,0.0,0.0,0.0,0.0,0,0,0.0,0.0,nan,nan,nan,UNKNOWN,0.0,0.0,False,False,False,False,False,horizontal
42.416,0.0,0.0,0.0,0.0,0.0,0.0,0.0,0.0,0,0,0.0,0.0,nan,nan,nan,UNKNOWN,0.0,0.0,False,False,False,False,False,horizontal
42.466,0.0,0.0,0.0,0.0,0.0,0.0,0.0,0.0,0,0,0.0,0.0,nan,nan,nan,UNKNOWN,0.0,0.0,False,False,False,False,False,horizontal
42.516,0.0,0.0,0.0,0.0,0.0,0.0,0.0,0.0,0,0,0.0,0.0,nan,nan,nan,UNKNOWN,0.0,0.0,False,False,False,False,False,horizontal
42.566,0.0,0.0,0.0,0.0,0.0,0.0,0.0,0.0,0,0,0.0,0.0,nan,nan,nan,UNKNOWN,0.0,0.0,False,False,False,False,False,horizontal
42.616,0.0,0.0,0.0,0.0,0.0,0.0,0.0,0.0,0,0,0.0,0.0,nan,nan,nan,UNKNOWN,0.0,0.0,False,False,False,False,False,horizontal
42.666,0.0,0.0,0.0,0.0,0.0,0.0,0.0,0.0,0,0,0.0,0.0,nan,nan,nan,UNKNOWN,0.0,0.0,False,False,False,False,False,horizontal
42.716,0.0,0.0,0.0,0.0,0.0,0.0,0.0,0.0,0,0,0.0,0.0,nan,nan,nan,UNKNOWN,0.0,0.0,False,False,False,False,False,horizontal
42.766,0.0,0.0,0.0,0.0,0.0,0.0,0.0,0.0,0,0,0.0,0.0,nan,nan,nan,UNKNOWN,0.0,0.0,False,False,False,False,False,horizontal
42.816,0.0,0.0,0.0,0.0,0.0,0.0,0.0,0.0,0,0,0.0,0.0,nan,nan,nan,UNKNOWN,0.0,0.0,False,False,False,False,False,horizontal
42.866,0.0,0.0,0.0,0.0,0.0,0.0,0.0,0.0,0,0,0.0,0.0,nan,nan,nan,UNKNOWN,0.0,0.0,False,False,False,False,False,horizontal
42.916,0.0,0.0,0.0,0.0,0.0,0.0,0.0,0.0,0,0,0.0,0.0,nan,nan,nan,UNKNOWN,0.0,0.0,False,False,False,False,False,horizontal
42.966,0.0,0.0,0.0,0.0,0.0,0.0,0.0,0.0,0,0,0.0,0.0,nan,nan,nan,UNKNOWN,0.0,0.0,False,False,False,False,False,horizontal
43.016,0.0,0.0,0.0,0.0,0.0,0.0,0.0,0.0,0,0,0.0,0.0,nan,nan,nan,UNKNOWN,0.0,0.0,False,False,False,False,False,horizontal
43.068,0.0,0.0,0.0,0.0,0.0,0.0,0.0,0.0,0,0,0.0,0.0,nan,nan,nan,UNKNOWN,0.0,0.0,False,False,False,False,False,horizontal
43.116,0.0,0.0,0.0,0.0,0.0,0.0,0.0,0.0,0,0,0.0,0.0,nan,nan,nan,UNKNOWN,0.0,0.0,False,False,False,False,False,horizontal
43.166,0.0,0.0,0.0,0.0,0.0,0.0,0.0,0.0,0,0,0.0,0.0,nan,nan,nan,UNKNOWN,0.0,0.0,False,False,False,False,False,horizontal
43.216,0.0,0.0,0.0,0.0,0.0,0.0,0.0,0.0,0,0,0.0,0.0,nan,nan,nan,UNKNOWN,0.0,0.0,False,False,False,False,False,horizontal
43.266,0.0,0.0,0.0,0.0,0.0,0.0,0.0,0.0,0,0,0.0,0.0,nan,nan,nan,UNKNOWN,0.0,0.0,False,False,False,False,False,horizontal
43.316,0.0,0.0,0.0,0.0,0.0,0.0,0.0,0.0,0,0,0.0,0.0,nan,nan,nan,UNKNOWN,0.0,0.0,False,False,False,False,False,horizontal
43.366,0.0,0.0,0.0,0.0,0.0,0.0,0.0,0.0,0,0,0.0,0.0,nan,nan,nan,UNKNOWN,0.0,0.0,False,False,False,False,False,horizontal
43.416,0.0,0.0,0.0,0.0,0.0,0.0,0.0,0.0,0,0,0.0,0.0,nan,nan,nan,UNKNOWN,0.0,0.0,False,False,False,False,False,horizontal
43.466,0.0,0.0,0.0,0.0,0.0,0.0,0.0,0.0,0,0,0.0,0.0,nan,nan,nan,UNKNOWN,0.0,0.0,False,False,False,False,False,horizontal
43.516,0.0,0.0,0.0,0.0,0.0,0.0,0.0,0.0,0,0,0.0,0.0,nan,nan,nan,UNKNOWN,0.0,0.0,False,False,False,False,False,horizontal
43.566,0.0,0.0,0.0,0.0,0.0,0.0,0.0,0.0,0,0,0.0,0.0,nan,nan,nan,UNKNOWN,0.0,0.0,False,False,False,False,False,horizontal
43.616,0.0,0.0,0.0,0.0,0.0,0.0,0.0,0.0,0,0,0.0,0.0,nan,nan,nan,UNKNOWN,0.0,0.0,False,False,False,False,False,horizontal
43.666,0.0,0.0,0.0,0.0,0.0,0.0,0.0,0.0,0,0,0.0,0.0,nan,nan,nan,UNKNOWN,0.0,0.0,False,False,False,False,False,horizontal
43.716,0.0,0.0,0.0,0.0,0.0,0.0,0.0,0.0,0,0,0.0,0.0,nan,nan,nan,UNKNOWN,0.0,0.0,False,False,False,False,False,horizontal
43.766,0.0,0.0,0.0,0.0,0.0,0.0,0.0,0.0,0,0,0.0,0.0,nan,nan,nan,UNKNOWN,0.0,0.0,False,False,False,False,False,horizontal
43.816,0.0,0.0,0.0,0.0,0.0,0.0,0.0,0.0,0,0,0.0,0.0,nan,nan,nan,UNKNOWN,0.0,0.0,False,False,False,False,False,horizontal
43.866,0.0,0.0,0.0,0.0,0.0,0.0,0.0,0.0,0,0,0.0,0.0,nan,nan,nan,UNKNOWN,0.0,0.0,False,False,False,False,False,horizontal
43.916,0.0,0.0,0.0,0.0,0.0,0.0,0.0,0.0,0,0,0.0,0.0,nan,nan,nan,UNKNOWN,0.0,0.0,False,False,False,False,False,horizontal
43.966,0.0,0.0,0.0,0.0,0.0,0.0,0.0,0.0,0,0,0.0,0.0,nan,nan,nan,UNKNOWN,0.0,0.0,False,False,False,False,False,horizontal
44.016,0.0,0.0,0.0,0.0,0.0,0.0,0.0,0.0,0,0,0.0,0.0,nan,nan,nan,UNKNOWN,0.0,0.0,False,False,False,False,False,horizontal
44.068,0.0,0.0,0.0,0.0,0.0,0.0,0.0,0.0,0,0,0.0,0.0,nan,nan,nan,UNKNOWN,0.0,0.0,False,False,False,False,False,horizontal
44.116,0.0,0.0,0.0,0.0,0.0,0.0,0.0,0.0,0,0,0.0,0.0,nan,nan,nan,UNKNOWN,0.0,0.0,False,False,False,False,False,horizontal
44.166,0.0,0.0,0.0,0.0,0.0,0.0,0.0,0.0,0,0,0.0,0.0,nan,nan,nan,UNKNOWN,0.0,0.0,False,False,False,False,False,horizontal
44.216,0.0,0.0,0.0,0.0,0.0,0.0,0.0,0.0,0,0,0.0,0.0,nan,nan,nan,UNKNOWN,0.0,0.0,False,False,False,False,False,horizontal
44.266,0.0,0.0,0.0,0.0,0.0,0.0,0.0,0.0,0,0,0.0,0.0,nan,nan,nan,UNKNOWN,0.0,0.0,False,False,False,False,False,horizontal
44.316,0.0,0.0,0.0,0.0,0.0,0.0,0.0,0.0,0,0,0.0,0.0,nan,nan,nan,UNKNOWN,0.0,0.0,False,False,False,False,False,horizontal
44.366,0.0,0.0,0.0,0.0,0.0,0.0,0.0,0.0,0,0,0.0,0.0,nan,nan,nan,UNKNOWN,0.0,0.0,False,False,False,False,False,horizontal
44.416,0.0,0.0,0.0,0.0,0.0,0.0,0.0,0.0,0,0,0.0,0.0,nan,nan,nan,UNKNOWN,0.0,0.0,False,False,False,False,False,horizontal
44.466,0.0,0.0,0.0,0.0,0.0,0.0,0.0,0.0,0,0,0.0,0.0,nan,nan,nan,UNKNOWN,0.0,0.0,False,False,False,False,False,horizontal
44.516,0.0,0.0,0.0,0.0,0.0,0.0,0.0,0.0,0,0,0.0,0.0,nan,nan,nan,UNKNOWN,0.0,0.0,False,False,False,False,False,horizontal
44.566,0.0,0.0,0.0,0.0,0.0,0.0,0.0,0.0,0,0,0.0,0.0,nan,nan,nan,UNKNOWN,0.0,0.0,False,False,False,False,False,horizontal
44.616,0.0,0.0,0.0,0.0,0.0,0.0,0.0,0.0,0,0,0.0,0.0,nan,nan,nan,UNKNOWN,0.0,0.0,False,False,False,False,False,horizontal
44.666,0.0,0.0,0.0,0.0,0.0,0.0,0.0,0.0,0,0,0.0,0.0,nan,nan,nan,UNKNOWN,0.0,0.0,False,False,False,False,False,horizontal
44.716,0.0,0.0,0.0,0.0,0.0,0.0,0.0,0.0,0,0,0.0,0.0,nan,nan,nan,UNKNOWN,0.0,0.0,False,False,False,False,False,horizontal
44.766,0.0,0.0,0.0,0.0,0.0,0.0,0.0,0.0,0,0,0.0,0.0,nan,nan,nan,UNKNOWN,0.0,0.0,False,False,False,False,False,horizontal
44.816,0.0,0.0,0.0,0.0,0.0,0.0,0.0,0.0,0,0,0.0,0.0,nan,nan,nan,UNKNOWN,0.0,0.0,False,False,False,False,False,horizontal
44.866,0.0,0.0,0.0,0.0,0.0,0.0,0.0,0.0,0,0,0.0,0.0,nan,nan,nan,UNKNOWN,0.0,0.0,False,False,False,False,False,horizontal
44.916,0.0,0.0,0.0,0.0,0.0,0.0,0.0,0.0,0,0,0.0,0.0,nan,nan,nan,UNKNOWN,0.0,0.0,False,False,False,False,False,horizontal
44.966,0.0,0.0,0.0,0.0,0.0,0.0,0.0,0.0,0,0,0.0,0.0,nan,nan,nan,UNKNOWN,0.0,0.0,False,False,False,False,False,horizontal
45.016,0.0,0.0,0.0,0.0,0.0,0.0,0.0,0.0,0,0,0.0,0.0,nan,nan,nan,UNKNOWN,0.0,0.0,False,False,False,False,False,horizontal
45.068,0.0,0.0,0.0,0.0,0.0,0.0,0.0,0.0,0,0,0.0,0.0,nan,nan,nan,UNKNOWN,0.0,0.0,False,False,False,False,False,horizontal
45.116,0.0,0.0,0.0,0.0,0.0,0.0,0.0,0.0,0,0,0.0,0.0,nan,nan,nan,UNKNOWN,0.0,0.0,False,False,False,False,False,horizontal
45.166,0.0,0.0,0.0,0.0,0.0,0.0,0.0,0.0,0,0,0.0,0.0,nan,nan,nan,UNKNOWN,0.0,0.0,False,False,False,False,False,horizontal
45.216,0.0,0.0,0.0,0.0,0.0,0.0,0.0,0.0,0,0,0.0,0.0,nan,nan,nan,UNKNOWN,0.0,0.0,False,False,False,False,False,horizontal
45.266,0.0,0.0,0.0,0.0,0.0,0.0,0.0,0.0,0,0,0.0,0.0,nan,nan,nan,UNKNOWN,0.0,0.0,False,False,False,False,False,horizontal
45.316,0.0,0.0,0.0,0.0,0.0,0.0,0.0,0.0,0,0,0.0,0.0,nan,nan,nan,UNKNOWN,0.0,0.0,False,False,False,False,False,horizontal
45.366,0.0,0.0,0.0,0.0,0.0,0.0,0.0,0.0,0,0,0.0,0.0,nan,nan,nan,UNKNOWN,0.0,0.0,False,False,False,False,False,horizontal
45.416,0.0,0.0,0.0,0.0,0.0,0.0,0.0,0.0,0,0,0.0,0.0,nan,nan,nan,UNKNOWN,0.0,0.0,False,False,False,False,False,horizontal
45.466,0.0,0.0,0.0,0.0,0.0,0.0,0.0,0.0,0,0,0.0,0.0,nan,nan,nan,UNKNOWN,0.0,0.0,False,False,False,False,False,horizontal
45.516,0.0,0.0,0.0,0.0,0.0,0.0,0.0,0.0,0,0,0.0,0.0,nan,nan,nan,UNKNOWN,0.0,0.0,False,False,False,False,False,horizontal
45.566,0.0,0.0,0.0,0.0,0.0,0.0,0.0,0.0,0,0,0.0,0.0,nan,nan,nan,UNKNOWN,0.0,0.0,False,False,False,False,False,horizontal
45.616,0.0,0.0,0.0,0.0,0.0,0.0,0.0,0.0,0,0,0.0,0.0,nan,nan,nan,UNKNOWN,0.0,0.0,False,False,False,False,False,horizontal
45.666,0.0,0.0,0.0,0.0,0.0,0.0,0.0,0.0,0,0,0.0,0.0,nan,nan,nan,UNKNOWN,0.0,0.0,False,False,False,False,False,horizontal
45.716,0.0,0.0,0.0,0.0,0.0,0.0,0.0,0.0,0,0,0.0,0.0,nan,nan,nan,UNKNOWN,0.0,0.0,False,False,False,False,False,horizontal
45.766,0.0,0.0,0.0,0.0,0.0,0.0,0.0,0.0,0,0,0.0,0.0,nan,nan,nan,UNKNOWN,0.0,0.0,False,False,False,False,False,horizontal
45.816,0.0,0.0,0.0,0.0,0.0,0.0,0.0,0.0,0,0,0.0,0.0,nan,nan,nan,UNKNOWN,0.0,0.0,False,False,False,False,False,horizontal
45.866,0.0,0.0,0.0,0.0,0.0,0.0,0.0,0.0,0,0,0.0,0.0,nan,nan,nan,UNKNOWN,0.0,0.0,False,False,False,False,False,horizontal
45.916,0.0,0.0,0.0,0.0,0.0,0.0,0.0,0.0,0,0,0.0,0.0,nan,nan,nan,UNKNOWN,0.0,0.0,False,False,False,False,False,horizontal
45.966,0.0,0.0,0.0,0.0,0.0,0.0,0.0,0.0,0,0,0.0,0.0,nan,nan,nan,UNKNOWN,0.0,0.0,False,False,False,False,False,horizontal
46.016,0.0,0.0,0.0,0.0,0.0,0.0,0.0,0.0,0,0,0.0,0.0,nan,nan,nan,UNKNOWN,0.0,0.0,False,False,False,False,False,horizontal
46.068,0.0,0.0,0.0,0.0,0.0,0.0,0.0,0.0,0,0,0.0,0.0,nan,nan,nan,UNKNOWN,0.0,0.0,False,False,False,False,False,horizontal
46.116,0.0,0.0,0.0,0.0,0.0,0.0,0.0,0.0,0,0,0.0,0.0,nan,nan,nan,UNKNOWN,0.0,0.0,False,False,False,False,False,horizontal
46.166,0.0,0.0,0.0,0.0,0.0,0.0,0.0,0.0,0,0,0.0,0.0,nan,nan,nan,UNKNOWN,0.0,0.0,False,False,False,False,False,horizontal
46.216,0.0,0.0,0.0,0.0,0.0,0.0,0.0,0.0,0,0,0.0,0.0,nan,nan,nan,UNKNOWN,0.0,0.0,False,False,False,False,False,horizontal
46.266,0.0,0.0,0.0,0.0,0.0,0.0,0.0,0.0,0,0,0.0,0.0,nan,nan,nan,UNKNOWN,0.0,0.0,False,False,False,False,False,horizontal
46.316,0.0,0.0,0.0,0.0,0.0,0.0,0.0,0.0,0,0,0.0,0.0,nan,nan,nan,UNKNOWN,0.0,0.0,False,False,False,False,False,horizontal
46.366,0.0,0.0,0.0,0.0,0.0,0.0,0.0,0.0,0,0,0.0,0.0,nan,nan,nan,UNKNOWN,0.0,0.0,False,False,False,False,False,horizontal
46.416,0.0,0.0,0.0,0.0,0.0,0.0,0.0,0.0,0,0,0.0,0.0,nan,nan,nan,UNKNOWN,0.0,0.0,False,False,False,False,False,horizontal
46.466,0.0,0.0,0.0,0.0,0.0,0.0,0.0,0.0,0,0,0.0,0.0,nan,nan,nan,UNKNOWN,0.0,0.0,False,False,False,False,False,horizontal
46.516,0.0,0.0,0.0,0.0,0.0,0.0,0.0,0.0,0,0,0.0,0.0,nan,nan,nan,UNKNOWN,0.0,0.0,False,False,False,False,False,horizontal
46.566,0.0,0.0,0.0,0.0,0.0,0.0,0.0,0.0,0,0,0.0,0.0,nan,nan,nan,UNKNOWN,0.0,0.0,False,False,False,False,False,horizontal
46.616,0.0,0.0,0.0,0.0,0.0,0.0,0.0,0.0,0,0,0.0,0.0,nan,nan,nan,UNKNOWN,0.0,0.0,False,False,False,False,False,horizontal
46.666,0.0,0.0,0.0,0.0,0.0,0.0,0.0,0.0,0,0,0.0,0.0,nan,nan,nan,UNKNOWN,0.0,0.0,False,False,False,False,False,horizontal
46.716,0.0,0.0,0.0,0.0,0.0,0.0,0.0,0.0,0,0,0.0,0.0,nan,nan,nan,UNKNOWN,0.0,0.0,False,False,False,False,False,horizontal
46.766,0.0,0.0,0.0,0.0,0.0,0.0,0.0,0.0,0,0,0.0,0.0,nan,nan,nan,UNKNOWN,0.0,0.0,False,False,False,False,False,horizontal
46.816,0.0,0.0,0.0,0.0,0.0,0.0,0.0,0.0,0,0,0.0,0.0,nan,nan,nan,UNKNOWN,0.0,0.0,False,False,False,False,False,horizontal
46.866,0.0,0.0,0.0,0.0,0.0,0.0,0.0,0.0,0,0,0.0,0.0,nan,nan,nan,UNKNOWN,0.0,0.0,False,False,False,False,False,horizontal
46.916,0.0,0.0,0.0,0.0,0.0,0.0,0.0,0.0,0,0,0.0,0.0,nan,nan,nan,UNKNOWN,0.0,0.0,False,False,False,False,False,horizontal
46.966,0.0,0.0,0.0,0.0,0.0,0.0,0.0,0.0,0,0,0.0,0.0,nan,nan,nan,UNKNOWN,0.0,0.0,False,False,False,False,False,horizontal
47.016,0.0,0.0,0.0,0.0,0.0,0.0,0.0,0.0,0,0,0.0,0.0,nan,nan,nan,UNKNOWN,0.0,0.0,False,False,False,False,False,horizontal
47.068,0.0,0.0,0.0,0.0,0.0,0.0,0.0,0.0,0,0,0.0,0.0,nan,nan,nan,UNKNOWN,0.0,0.0,False,False,False,False,False,horizontal
47.116,0.0,0.0,0.0,0.0,0.0,0.0,0.0,0.0,0,0,0.0,0.0,nan,nan,nan,UNKNOWN,0.0,0.0,False,False,False,False,False,horizontal
47.166,0.0,0.0,0.0,0.0,0.0,0.0,0.0,0.0,0,0,0.0,0.0,nan,nan,nan,UNKNOWN,0.0,0.0,False,False,False,False,False,horizontal
47.216,0.0,0.0,0.0,0.0,0.0,0.0,0.0,0.0,0,0,0.0,0.0,nan,nan,nan,UNKNOWN,0.0,0.0,False,False,False,False,False,horizontal
47.266,0.0,0.0,0.0,0.0,0.0,0.0,0.0,0.0,0,0,0.0,0.0,nan,nan,nan,UNKNOWN,0.0,0.0,False,False,False,False,False,horizontal
47.316,0.0,0.0,0.0,0.0,0.0,0.0,0.0,0.0,0,0,0.0,0.0,nan,nan,nan,UNKNOWN,0.0,0.0,False,False,False,False,False,horizontal
47.366,0.0,0.0,0.0,0.0,0.0,0.0,0.0,0.0,0,0,0.0,0.0,nan,nan,nan,UNKNOWN,0.0,0.0,False,False,False,False,False,horizontal
47.416,0.0,0.0,0.0,0.0,0.0,0.0,0.0,0.0,0,0,0.0,0.0,nan,nan,nan,UNKNOWN,0.0,0.0,False,False,False,False,False,horizontal
47.466,0.0,0.0,0.0,0.0,0.0,0.0,0.0,0.0,0,0,0.0,0.0,nan,nan,nan,UNKNOWN,0.0,0.0,False,False,False,False,False,horizontal
47.516,0.0,0.0,0.0,0.0,0.0,0.0,0.0,0.0,0,0,0.0,0.0,nan,nan,nan,UNKNOWN,0.0,0.0,False,False,False,False,False,horizontal
47.566,0.0,0.0,0.0,0.0,0.0,0.0,0.0,0.0,0,0,0.0,0.0,nan,nan,nan,UNKNOWN,0.0,0.0,False,False,False,False,False,horizontal
47.616,0.0,0.0,0.0,0.0,0.0,0.0,0.0,0.0,0,0,0.0,0.0,nan,nan,nan,UNKNOWN,0.0,0.0,False,False,False,False,False,horizontal
47.666,0.0,0.0,0.0,0.0,0.0,0.0,0.0,0.0,0,0,0.0,0.0,nan,nan,nan,UNKNOWN,0.0,0.0,False,False,False,False,False,horizontal
47.716,0.0,0.0,0.0,0.0,0.0,0.0,0.0,0.0,0,0,0.0,0.0,nan,nan,nan,UNKNOWN,0.0,0.0,False,False,False,False,False,horizontal
47.766,0.0,0.0,0.0,0.0,0.0,0.0,0.0,0.0,0,0,0.0,0.0,nan,nan,nan,UNKNOWN,0.0,0.0,False,False,False,False,False,horizontal
47.816,0.0,0.0,0.0,0.0,0.0,0.0,0.0,0.0,0,0,0.0,0.0,nan,nan,nan,UNKNOWN,0.0,0.0,False,False,False,False,False,horizontal
47.866,0.0,0.0,0.0,0.0,0.0,0.0,0.0,0.0,0,0,0.0,0.0,nan,nan,nan,UNKNOWN,0.0,0.0,False,False,False,False,False,horizontal
47.916,0.0,0.0,0.0,0.0,0.0,0.0,0.0,0.0,0,0,0.0,0.0,nan,nan,nan,UNKNOWN,0.0,0.0,False,False,False,False,False,horizontal
47.967,0.0,0.0,0.0,0.0,0.0,0.0,0.0,0.0,0,0,0.0,0.0,nan,nan,nan,UNKNOWN,0.0,0.0,False,False,False,False,False,horizontal
48.017,0.0,0.0,0.0,0.0,0.0,0.0,0.0,0.0,0,0,0.0,0.0,nan,nan,nan,UNKNOWN,0.0,0.0,False,False,False,False,False,horizontal
48.07,0.0,0.0,0.0,0.0,0.0,0.0,0.0,0.0,0,0,0.0,0.0,nan,nan,nan,UNKNOWN,0.0,0.0,False,False,False,False,False,horizontal
48.116,0.0,0.0,0.0,0.0,0.0,0.0,0.0,0.0,0,0,0.0,0.0,nan,nan,nan,UNKNOWN,0.0,0.0,False,False,False,False,False,horizontal
48.166,0.0,0.0,0.0,0.0,0.0,0.0,0.0,0.0,0,0,0.0,0.0,nan,nan,nan,UNKNOWN,0.0,0.0,False,False,False,False,False,horizontal
48.216,0.0,0.0,0.0,0.0,0.0,0.0,0.0,0.0,0,0,0.0,0.0,nan,nan,nan,UNKNOWN,0.0,0.0,False,False,False,False,False,horizontal
48.267,0.0,0.0,0.0,0.0,0.0,0.0,0.0,0.0,0,0,0.0,0.0,nan,nan,nan,UNKNOWN,0.0,0.0,False,False,False,False,False,horizontal
48.316,0.0,0.0,0.0,0.0,0.0,0.0,0.0,0.0,0,0,0.0,0.0,nan,nan,nan,UNKNOWN,0.0,0.0,False,False,False,False,False,horizontal
48.366,0.0,0.0,0.0,0.0,0.0,0.0,0.0,0.0,0,0,0.0,0.0,nan,nan,nan,UNKNOWN,0.0,0.0,False,False,False,False,False,horizontal
48.417,0.0,0.0,0.0,0.0,0.0,0.0,0.0,0.0,0,0,0.0,0.0,nan,nan,nan,UNKNOWN,0.0,0.0,False,False,False,False,False,horizontal
48.467,0.0,0.0,0.0,0.0,0.0,0.0,0.0,0.0,0,0,0.0,0.0,nan,nan,nan,UNKNOWN,0.0,0.0,False,False,False,False,False,horizontal
48.517,0.0,0.0,0.0,0.0,0.0,0.0,0.0,0.0,0,0,0.0,0.0,nan,nan,nan,UNKNOWN,0.0,0.0,False,False,False,False,False,horizontal
48.567,0.0,0.0,0.0,0.0,0.0,0.0,0.0,0.0,0,0,0.0,0.0,nan,nan,nan,UNKNOWN,0.0,0.0,False,False,False,False,False,horizontal
48.616,0.0,0.0,0.0,0.0,0.0,0.0,0.0,0.0,0,0,0.0,0.0,nan,nan,nan,UNKNOWN,0.0,0.0,False,False,False,False,False,horizontal
48.667,0.0,0.0,0.0,0.0,0.0,0.0,0.0,0.0,0,0,0.0,0.0,nan,nan,nan,UNKNOWN,0.0,0.0,False,False,False,False,False,horizontal
48.717,0.0,0.0,0.0,0.0,0.0,0.0,0.0,0.0,0,0,0.0,0.0,nan,nan,nan,UNKNOWN,0.0,0.0,False,False,False,False,False,horizontal
48.767,0.0,0.0,0.0,0.0,0.0,0.0,0.0,0.0,0,0,0.0,0.0,nan,nan,nan,UNKNOWN,0.0,0.0,False,False,False,False,False,horizontal
48.816,0.0,0.0,0.0,0.0,0.0,0.0,0.0,0.0,0,0,0.0,0.0,nan,nan,nan,UNKNOWN,0.0,0.0,False,False,False,False,False,horizontal
48.866,0.0,0.0,0.0,0.0,0.0,0.0,0.0,0.0,0,0,0.0,0.0,nan,nan,nan,UNKNOWN,0.0,0.0,False,False,False,False,False,horizontal
48.916,0.0,0.0,0.0,0.0,0.0,0.0,0.0,0.0,0,0,0.0,0.0,nan,nan,nan,UNKNOWN,0.0,0.0,False,False,False,False,False,horizontal
48.966,0.0,0.0,0.0,0.0,0.0,0.0,0.0,0.0,0,0,0.0,0.0,nan,nan,nan,UNKNOWN,0.0,0.0,False,False,False,False,False,horizontal
49.016,0.0,0.0,0.0,0.0,0.0,0.0,0.0,0.0,0,0,0.0,0.0,nan,nan,nan,UNKNOWN,0.0,0.0,False,False,False,False,False,horizontal
49.068,0.0,0.0,0.0,0.0,0.0,0.0,0.0,0.0,0,0,0.0,0.0,nan,nan,nan,UNKNOWN,0.0,0.0,False,False,False,False,False,horizontal
49.116,0.0,0.0,0.0,0.0,0.0,0.0,0.0,0.0,0,0,0.0,0.0,nan,nan,nan,UNKNOWN,0.0,0.0,False,False,False,False,False,horizontal
49.166,0.0,0.0,0.0,0.0,0.0,0.0,0.0,0.0,0,0,0.0,0.0,nan,nan,nan,UNKNOWN,0.0,0.0,False,False,False,False,False,horizontal
49.216,0.0,0.0,0.0,0.0,0.0,0.0,0.0,0.0,0,0,0.0,0.0,nan,nan,nan,UNKNOWN,0.0,0.0,False,False,False,False,False,horizontal
49.266,0.0,0.0,0.0,0.0,0.0,0.0,0.0,0.0,0,0,0.0,0.0,nan,nan,nan,UNKNOWN,0.0,0.0,False,False,False,False,False,horizontal
49.316,0.0,0.0,0.0,0.0,0.0,0.0,0.0,0.0,0,0,0.0,0.0,nan,nan,nan,UNKNOWN,0.0,0.0,False,False,False,False,False,horizontal
49.367,0.0,0.0,0.0,0.0,0.0,0.0,0.0,0.0,0,0,0.0,0.0,nan,nan,nan,UNKNOWN,0.0,0.0,False,False,False,False,False,horizontal
49.417,0.0,0.0,0.0,0.0,0.0,0.0,0.0,0.0,0,0,0.0,0.0,nan,nan,nan,UNKNOWN,0.0,0.0,False,False,False,False,False,horizontal
49.466,0.0,0.0,0.0,0.0,0.0,0.0,0.0,0.0,0,0,0.0,0.0,nan,nan,nan,UNKNOWN,0.0,0.0,False,False,False,False,False,horizontal
49.516,0.0,0.0,0.0,0.0,0.0,0.0,0.0,0.0,0,0,0.0,0.0,nan,nan,nan,UNKNOWN,0.0,0.0,False,False,False,False,False,horizontal
49.566,-0.05,0.0,-0.05,-0.05,0.0,0.0,-0.05,-0.05,0,0,0.0,0.0,nan,nan,nan,UNKNOWN,0.0,0.0,True,True,False,False,False,horizontal
49.616,-0.05,0.0,-0.05,-0.05,0.0,0.0,-0.05,-0.05,0,0,0.0,0.0,nan,nan,nan,UNKNOWN,0.0,0.0,True,True,False,False,False,horizontal
49.666,-0.05,0.0,-0.05,-0.05,0.0,0.0,-0.05,-0.05,0,0,0.0,0.0,nan,nan,nan,UNKNOWN,0.0,0.0,True,True,False,False,False,horizontal
49.716,-0.05,0.0,-0.05,-0.05,0.0,0.0,-0.05,-0.05,0,0,0.0,0.0,nan,nan,nan,UNKNOWN,0.0,0.0,True,True,False,False,False,horizontal
49.766,-0.05,0.0,-0.05,-0.05,0.0,0.0,-0.05,-0.05,-9,-8,0.0083,0.0074,nan,nan,nan,UNKNOWN,0.0,0.0,True,True,False,False,False,horizontal
49.816,-0.05,0.0,-0.05,-0.05,0.0,0.0,-0.05,-0.05,-9,-8,0.0083,0.0074,nan,nan,nan,UNKNOWN,0.0,0.0,True,True,False,False,False,horizontal
49.866,-0.05,0.0,-0.05,-0.05,-0.0544,-0.0519,0.0044,0.0019,-22,-21,0.0204,0.0195,nan,nan,nan,UNKNOWN,0.2976,0.2976,False,False,False,False,False,horizontal
49.916,-0.05,0.0,-0.05,-0.05,-0.0544,-0.0519,0.0044,0.0019,-22,-21,0.0204,0.0195,nan,nan,nan,UNKNOWN,0.2976,0.2976,False,False,False,False,False,horizontal
49.966,-0.05,0.0,-0.05,-0.05,-0.0544,-0.0519,0.0044,0.0019,-33,-32,0.0306,0.0297,nan,nan,nan,UNKNOWN,0.2976,0.2976,False,False,False,False,False,horizontal
50.016,-0.05,0.0,-0.05,-0.05,-0.0598,-0.0583,0.0098,0.0083,-33,-32,0.0306,0.0297,nan,nan,nan,UNKNOWN,0.2976,0.2976,False,False,False,False,False,horizontal
50.068,-0.05,0.0,-0.05,-0.05,-0.0598,-0.0583,0.0098,0.0083,-38,-37,0.0352,0.0343,nan,nan,nan,UNKNOWN,0.2976,0.2976,False,False,False,False,False,horizontal
50.116,-0.05,0.0,-0.05,-0.05,-0.0544,-0.0535,0.0044,0.0035,-38,-37,0.0352,0.0343,nan,nan,nan,UNKNOWN,0.2976,0.2976,False,False,False,False,False,horizontal
50.166,-0.05,0.0,-0.05,-0.05,-0.0544,-0.0535,0.0044,0.0035,-43,-41,0.0399,0.038,nan,nan,nan,UNKNOWN,0.2976,0.2976,False,False,False,False,False,horizontal
50.216,-0.05,0.0,-0.05,-0.05,-0.0544,-0.0535,0.0044,0.0035,-43,-41,0.0399,0.038,nan,nan,nan,UNKNOWN,0.2976,0.2976,False,False,False,False,False,horizontal
50.266,-0.05,0.0,-0.05,-0.05,-0.0574,-0.0544,0.0074,0.0044,-48,-46,0.0445,0.0426,nan,nan,nan,UNKNOWN,0.2976,0.2976,False,False,False,False,False,horizontal
50.316,-0.05,0.0,-0.05,-0.05,-0.0574,-0.0544,0.0074,0.0044,-48,-46,0.0445,0.0426,nan,nan,nan,UNKNOWN,0.2976,0.2976,False,False,False,False,False,horizontal
50.366,-0.05,0.0,-0.05,-0.05,-0.0574,-0.0544,0.0074,0.0044,-53,-50,0.0491,0.0463,nan,nan,nan,UNKNOWN,0.2976,0.2976,False,False,False,False,False,horizontal
50.416,-0.05,0.0,-0.05,-0.05,-0.0468,-0.0425,-0.0032,-0.0075,-53,-50,0.0491,0.0463,nan,nan,nan,UNKNOWN,0.2976,0.2976,False,False,False,False,False,horizontal
50.466,-0.05,0.0,-0.05,-0.05,-0.0468,-0.0425,-0.0032,-0.0075,-58,-55,0.0538,0.051,nan,nan,nan,UNKNOWN,0.2976,0.2976,False,False,False,False,False,horizontal
50.516,-0.05,0.0,-0.05,-0.05,-0.0466,-0.044,-0.0034,-0.006,-58,-55,0.0538,0.051,nan,nan,nan,UNKNOWN,0.2976,0.2976,False,False,False,False,False,horizontal
50.566,-0.05,0.0,-0.05,-0.05,-0.0466,-0.044,-0.0034,-0.006,-63,-60,0.0584,0.0556,nan,nan,nan,UNKNOWN,0.2976,0.2976,False,False,False,False,False,horizontal
50.616,-0.05,0.0,-0.05,-0.05,-0.0465,-0.045,-0.0035,-0.005,-63,-60,0.0584,0.0556,nan,nan,nan,UNKNOWN,0.2976,0.2976,False,False,False,False,False,horizontal
50.666,-0.05,0.0,-0.05,-0.05,-0.0465,-0.045,-0.0035,-0.005,-68,-65,0.063,0.0602,nan,nan,nan,UNKNOWN,0.2976,0.2976,False,False,False,False,False,horizontal
50.716,-0.05,0.0,-0.05,-0.05,-0.0464,-0.0455,-0.0036,-0.0045,-68,-65,0.063,0.0602,nan,nan,nan,UNKNOWN,0.2976,0.2976,False,False,False,False,False,horizontal
50.766,-0.05,0.0,-0.05,-0.05,-0.0464,-0.0455,-0.0036,-0.0045,-73,-70,0.0677,0.0649,nan,nan,nan,UNKNOWN,0.2976,0.2976,False,False,False,False,False,horizontal
50.816,-0.05,0.0,-0.05,-0.05,-0.0464,-0.0455,-0.0036,-0.0045,-73,-70,0.0677,0.0649,nan,nan,nan,UNKNOWN,0.2976,0.2976,False,False,False,False,False,horizontal
50.866,-0.05,0.0,-0.05,-0.05,-0.0526,-0.052,0.0026,0.002,-78,-75,0.0723,0.0695,nan,nan,nan,UNKNOWN,0.2976,0.2976,False,False,False,False,False,horizontal
50.916,-0.05,0.0,-0.05,-0.05,-0.0526,-0.052,0.0026,0.002,-78,-75,0.0723,0.0695,nan,nan,nan,UNKNOWN,0.2976,0.2976,False,False,False,False,False,horizontal
50.966,-0.05,0.0,-0.05,-0.05,-0.0526,-0.052,0.0026,0.002,-83,-80,0.0769,0.0741,nan,nan,nan,UNKNOWN,0.2976,0.2976,False,False,False,False,False,horizontal
51.016,-0.05,0.0,-0.05,-0.05,-0.0439,-0.0436,-0.0061,-0.0064,-83,-80,0.0769,0.0741,nan,nan,nan,UNKNOWN,0.2976,0.2976,False,False,False,False,False,horizontal
51.068,-0.05,0.0,-0.05,-0.05,-0.0439,-0.0436,-0.0061,-0.0064,-88,-85,0.0816,0.0788,nan,nan,nan,UNKNOWN,0.2976,0.2976,False,False,False,False,False,horizontal
51.116,-0.05,0.0,-0.05,-0.05,-0.0439,-0.0436,-0.0061,-0.0064,-88,-85,0.0816,0.0788,nan,nan,nan,UNKNOWN,0.2976,0.2976,False,False,False,False,False,horizontal
51.166,-0.05,0.0,-0.05,-0.05,-0.0511,-0.0509,0.0011,0.0009,-93,-90,0.0862,0.0834,nan,nan,nan,UNKNOWN,0.2976,0.2976,False,False,False,False,False,horizontal
51.216,-0.05,0.0,-0.05,-0.05,-0.0511,-0.0509,0.0011,0.0009,-93,-90,0.0862,0.0834,nan,nan,nan,UNKNOWN,0.2976,0.2976,False,False,False,False,False,horizontal
51.266,-0.05,0.0,-0.05,-0.05,-0.0529,-0.0491,0.0029,-0.0009,-99,-95,0.0918,0.088,nan,nan,nan,UNKNOWN,0.2976,0.2976,False,False,False,False,False,horizontal
51.316,-0.05,0.0,-0.05,-0.05,-0.0529,-0.0491,0.0029,-0.0009,-99,-95,0.0918,0.088,nan,nan,nan,UNKNOWN,0.2976,0.2976,False,False,False,False,False,horizontal
51.366,-0.05,0.0,-0.05,-0.05,-0.0466,-0.0443,-0.0034,-0.0057,-103,-99,0.0955,0.0918,nan,nan,nan,UNKNOWN,0.2976,0.2976,False,False,False,False,False,horizontal
51.416,-0.05,0.0,-0.05,-0.05,-0.0466,-0.0443,-0.0034,-0.0057,-103,-99,0.0955,0.0918,nan,nan,nan,UNKNOWN,0.2976,0.2976,False,False,False,False,False,horizontal
51.466,-0.05,0.0,-0.05,-0.05,-0.0466,-0.0443,-0.0034,-0.0057,-108,-104,0.1001,0.0964,nan,nan,nan,UNKNOWN,0.2976,0.2976,False,False,False,False,False,horizontal
51.516,-0.05,0.0,-0.05,-0.05,-0.0403,-0.0389,-0.0097,-0.0111,-108,-104,0.1001,0.0964,nan,nan,nan,UNKNOWN,0.2976,0.2976,False,False,False,False,False,horizontal
51.566,-0.05,0.0,-0.05,-0.05,-0.0403,-0.0389,-0.0097,-0.0111,-113,-109,0.1047,0.101,nan,nan,nan,UNKNOWN,0.2976,0.2976,False,False,False,False,False,horizontal
51.616,-0.05,0.0,-0.05,-0.05,-0.0403,-0.0389,-0.0097,-0.0111,-113,-109,0.1047,0.101,nan,nan,nan,UNKNOWN,0.2976,0.2976,False,False,False,False,False,horizontal
51.666,-0.05,0.0,-0.05,-0.05,-0.0514,-0.0481,0.0014,-0.0019,-119,-114,0.1103,0.1057,nan,nan,nan,UNKNOWN,0.2976,0.2976,False,False,False,False,False,horizontal
51.716,-0.05,0.0,-0.05,-0.05,-0.0514,-0.0481,0.0014,-0.0019,-119,-114,0.1103,0.1057,nan,nan,nan,UNKNOWN,0.2976,0.2976,False,False,False,False,False,horizontal
51.766,-0.05,0.0,-0.05,-0.05,-0.0514,-0.0481,0.0014,-0.0019,-124,-119,0.1149,0.1103,nan,nan,nan,UNKNOWN,0.2976,0.2976,False,False,False,False,False,horizontal
51.816,-0.05,0.0,-0.05,-0.05,-0.0432,-0.0412,-0.0068,-0.0088,-124,-119,0.1149,0.1103,nan,nan,nan,UNKNOWN,0.2976,0.2976,False,False,False,False,False,horizontal
51.866,-0.05,0.0,-0.05,-0.05,-0.0432,-0.0412,-0.0068,-0.0088,-129,-124,0.1196,0.1149,nan,nan,nan,UNKNOWN,0.2976,0.2976,False,False,False,False,False,horizontal
51.916,-0.05,0.0,-0.05,-0.05,-0.0444,-0.0433,-0.0056,-0.0067,-129,-124,0.1196,0.1149,nan,nan,nan,UNKNOWN,0.2976,0.2976,False,False,False,False,False,horizontal
51.966,-0.05,0.0,-0.05,-0.05,-0.0444,-0.0433,-0.0056,-0.0067,-134,-129,0.1242,0.1196,nan,nan,nan,UNKNOWN,0.2976,0.2976,False,False,False,False,False,horizontal
52.016,-0.05,0.0,-0.05,-0.05,-0.0452,-0.0445,-0.0048,-0.0055,-134,-129,0.1242,0.1196,nan,nan,nan,UNKNOWN,0.2976,0.2976,False,False,False,False,False,horizontal
52.068,-0.05,0.0,-0.05,-0.05,-0.0452,-0.0445,-0.0048,-0.0055,-139,-134,0.1288,0.1242,nan,nan,nan,UNKNOWN,0.2976,0.2976,False,False,False,False,False,horizontal
52.116,-0.05,0.0,-0.05,-0.05,-0.0452,-0.0445,-0.0048,-0.0055,-139,-134,0.1288,0.1242,nan,nan,nan,UNKNOWN,0.2976,0.2976,False,False,False,False,False,horizontal
52.166,-0.05,0.0,-0.05,-0.05,-0.0518,-0.0489,0.0018,-0.0011,-144,-138,0.1335,0.1279,nan,nan,nan,UNKNOWN,0.2976,0.2976,False,False,False,False,False,horizontal
52.216,-0.05,0.0,-0.05,-0.05,-0.0518,-0.0489,0.0018,-0.0011,-144,-138,0.1335,0.1279,nan,nan,nan,UNKNOWN,0.2976,0.2976,False,False,False,False,False,horizontal
52.266,-0.05,0.0,-0.05,-0.05,-0.0518,-0.0489,0.0018,-0.0011,-149,-143,0.1381,0.1325,nan,nan,nan,UNKNOWN,0.2976,0.2976,False,False,False,False,False,horizontal
52.316,-0.05,0.0,-0.05,-0.05,-0.0435,-0.0417,-0.0065,-0.0083,-149,-143,0.1381,0.1325,nan,nan,nan,UNKNOWN,0.2976,0.2976,False,False,False,False,False,horizontal
52.366,-0.05,0.0,-0.05,-0.05,-0.0435,-0.0417,-0.0065,-0.0083,-153,-147,0.1418,0.1362,nan,nan,nan,UNKNOWN,0.2976,0.2976,False,False,False,False,False,horizontal
52.416,-0.05,0.0,-0.05,-0.05,-0.0409,-0.0399,-0.0091,-0.0101,-153,-147,0.1418,0.1362,nan,nan,nan,UNKNOWN,0.2976,0.2976,False,False,False,False,False,horizontal
52.466,-0.05,0.0,-0.05,-0.05,-0.0409,-0.0399,-0.0091,-0.0101,-159,-152,0.1474,0.1409,nan,nan,nan,UNKNOWN,0.2976,0.2976,False,False,False,False,False,horizontal
52.516,-0.05,0.0,-0.05,-0.05,-0.0409,-0.0399,-0.0091,-0.0101,-159,-152,0.1474,0.1409,nan,nan,nan,UNKNOWN,0.2976,0.2976,False,False,False,False,False,horizontal
52.566,-0.05,0.0,-0.05,-0.05,-0.0517,-0.0486,0.0017,-0.0014,-164,-157,0.152,0.1455,nan,nan,nan,UNKNOWN,0.2976,0.2976,False,False,False,False,False,horizontal
52.616,-0.05,0.0,-0.05,-0.05,-0.0517,-0.0486,0.0017,-0.0014,-164,-157,0.152,0.1455,nan,nan,nan,UNKNOWN,0.2976,0.2976,False,False,False,False,False,horizontal
52.666,-0.05,0.0,-0.05,-0.05,-0.0459,-0.044,-0.0041,-0.006,-168,-161,0.1557,0.1492,nan,nan,nan,UNKNOWN,0.2976,0.2976,False,False,False,False,False,horizontal
52.716,-0.05,0.0,-0.05,-0.05,-0.0459,-0.044,-0.0041,-0.006,-168,-161,0.1557,0.1492,nan,nan,nan,UNKNOWN,0.2976,0.2976,False,False,False,False,False,horizontal
52.766,-0.05,0.0,-0.05,-0.05,-0.0459,-0.044,-0.0041,-0.006,-173,-166,0.1603,0.1538,nan,nan,nan,UNKNOWN,0.2976,0.2976,False,False,False,False,False,horizontal
52.816,-0.05,0.0,-0.05,-0.05,-0.0399,-0.0388,-0.0101,-0.0112,-173,-166,0.1603,0.1538,nan,nan,nan,UNKNOWN,0.2976,0.2976,False,False,False,False,False,horizontal
52.866,-0.05,0.0,-0.05,-0.05,-0.0399,-0.0388,-0.0101,-0.0112,-179,-171,0.1659,0.1585,nan,nan,nan,UNKNOWN,0.2976,0.2976,False,False,False,False,False,horizontal
52.916,-0.05,0.0,-0.05,-0.05,-0.0462,-0.0418,-0.0038,-0.0082,-179,-171,0.1659,0.1585,nan,nan,nan,UNKNOWN,0.2976,0.2976,False,False,False,False,False,horizontal
52.966,-0.05,0.0,-0.05,-0.05,-0.0462,-0.0418,-0.0038,-0.0082,-185,-177,0.1715,0.164,nan,nan,nan,UNKNOWN,0.2976,0.2976,False,False,False,False,False,horizontal
53.016,-0.05,0.0,-0.05,-0.05,-0.0462,-0.0418,-0.0038,-0.0082,-185,-177,0.1715,0.164,nan,nan,nan,UNKNOWN,0.2976,0.2976,False,False,False,False,False,horizontal
53.068,-0.05,0.0,-0.05,-0.05,-0.0574,-0.0547,0.0074,0.0047,-191,-183,0.177,0.1696,nan,nan,nan,UNKNOWN,0.2976,0.2976,False,False,False,False,False,horizontal
53.116,-0.05,0.0,-0.05,-0.05,-0.0574,-0.0547,0.0074,0.0047,-191,-183,0.177,0.1696,nan,nan,nan,UNKNOWN,0.2976,0.2976,False,False,False,False,False,horizontal
53.166,-0.05,0.0,-0.05,-0.05,-0.0574,-0.0547,0.0074,0.0047,-196,-187,0.1816,0.1733,nan,nan,nan,UNKNOWN,0.2976,0.2976,False,False,False,False,False,horizontal
53.216,-0.05,0.0,-0.05,-0.05,-0.0468,-0.0427,-0.0032,-0.0073,-196,-187,0.1816,0.1733,nan,nan,nan,UNKNOWN,0.2976,0.2976,False,False,False,False,False,horizontal
53.266,-0.05,0.0,-0.05,-0.05,-0.0468,-0.0427,-0.0032,-0.0073,-200,-192,0.1854,0.1779,nan,nan,nan,UNKNOWN,0.2976,0.2976,False,False,False,False,False,horizontal
53.316,-0.05,0.0,-0.05,-0.05,-0.0468,-0.0427,-0.0032,-0.0073,-200,-192,0.1854,0.1779,nan,nan,nan,UNKNOWN,0.2976,0.2976,False,False,False,False,False,horizontal
53.366,-0.05,0.0,-0.05,-0.05,-0.0528,-0.0503,0.0028,0.0003,-206,-197,0.1909,0.1826,nan,nan,nan,UNKNOWN,0.2976,0.2976,False,False,False,False,False,horizontal
53.416,-0.05,0.0,-0.05,-0.05,-0.0528,-0.0503,0.0028,0.0003,-206,-197,0.1909,0.1826,nan,nan,nan,UNKNOWN,0.2976,0.2976,False,False,False,False,False,horizontal
53.466,-0.05,0.0,-0.05,-0.05,-0.0528,-0.0503,0.0028,0.0003,-211,-202,0.1955,0.1872,nan,nan,nan,UNKNOWN,0.2976,0.2976,False,False,False,False,False,horizontal
53.516,-0.05,0.0,-0.05,-0.05,-0.044,-0.0426,-0.006,-0.0074,-211,-202,0.1955,0.1872,nan,nan,nan,UNKNOWN,0.2976,0.2976,False,False,False,False,False,horizontal
53.566,-0.05,0.0,-0.05,-0.05,-0.044,-0.0426,-0.006,-0.0074,-216,-207,0.2002,0.1918,nan,nan,nan,UNKNOWN,0.2976,0.2976,False,False,False,False,False,horizontal
53.616,-0.05,0.0,-0.05,-0.05,-0.0449,-0.0441,-0.0051,-0.0059,-216,-207,0.2002,0.1918,nan,nan,nan,UNKNOWN,0.2976,0.2976,False,False,False,False,False,horizontal
53.666,-0.05,0.0,-0.05,-0.05,-0.0449,-0.0441,-0.0051,-0.0059,-222,-213,0.2057,0.1974,nan,nan,nan,UNKNOWN,0.2976,0.2976,False,False,False,False,False,horizontal
53.716,-0.05,0.0,-0.05,-0.05,-0.0492,-0.0487,-0.0008,-0.0013,-222,-213,0.2057,0.1974,nan,nan,nan,UNKNOWN,0.2976,0.2976,False,False,False,False,False,horizontal
53.766,-0.05,0.0,-0.05,-0.05,-0.0492,-0.0487,-0.0008,-0.0013,-227,-218,0.2104,0.202,nan,nan,nan,UNKNOWN,0.2976,0.2976,False,False,False,False,False,horizontal
53.816,-0.05,0.0,-0.05,-0.05,-0.0492,-0.0487,-0.0008,-0.0013,-227,-218,0.2104,0.202,nan,nan,nan,UNKNOWN,0.2976,0.2976,False,False,False,False,False,horizontal
53.866,-0.05,0.0,-0.05,-0.05,-0.0567,-0.0539,0.0067,0.0039,-233,-223,0.2159,0.2067,nan,nan,nan,UNKNOWN,0.2976,0.2976,False,False,False,False,False,horizontal
53.916,-0.05,0.0,-0.05,-0.05,-0.0567,-0.0539,0.0067,0.0039,-233,-223,0.2159,0.2067,nan,nan,nan,UNKNOWN,0.2976,0.2976,False,False,False,False,False,horizontal
53.966,-0.05,0.0,-0.05,-0.05,-0.0567,-0.0539,0.0067,0.0039,-238,-228,0.2206,0.2113,nan,nan,nan,UNKNOWN,0.2976,0.2976,False,False,False,False,False,horizontal
54.016,-0.05,0.0,-0.05,-0.05,-0.0464,-0.0447,-0.0036,-0.0053,-238,-228,0.2206,0.2113,nan,nan,nan,UNKNOWN,0.2976,0.2976,False,False,False,False,False,horizontal
54.068,-0.05,0.0,-0.05,-0.05,-0.0464,-0.0447,-0.0036,-0.0053,-243,-232,0.2252,0.215,nan,nan,nan,UNKNOWN,0.2976,0.2976,False,False,False,False,False,horizontal
54.116,-0.05,0.0,-0.05,-0.05,-0.0464,-0.0447,-0.0036,-0.0053,-243,-232,0.2252,0.215,nan,nan,nan,UNKNOWN,0.2976,0.2976,False,False,False,False,False,horizontal
54.166,-0.05,0.0,-0.05,-0.05,-0.0525,-0.0515,0.0025,0.0015,-248,-238,0.2298,0.2206,nan,nan,nan,UNKNOWN,0.2976,0.2976,False,False,False,False,False,horizontal
54.216,-0.05,0.0,-0.05,-0.05,-0.0525,-0.0515,0.0025,0.0015,-248,-238,0.2298,0.2206,nan,nan,nan,UNKNOWN,0.2976,0.2976,False,False,False,False,False,horizontal
54.266,-0.05,0.0,-0.05,-0.05,-0.0538,-0.0495,0.0038,-0.0005,-254,-243,0.2354,0.2252,nan,nan,nan,UNKNOWN,0.2976,0.2976,False,False,False,False,False,horizontal
54.316,-0.05,0.0,-0.05,-0.05,-0.0538,-0.0495,0.0038,-0.0005,-254,-243,0.2354,0.2252,nan,nan,nan,UNKNOWN,0.2976,0.2976,False,False,False,False,False,horizontal
54.366,-0.05,0.0,-0.05,-0.05,-0.0471,-0.0482,-0.0029,-0.0018,-258,-248,0.2391,0.2298,nan,nan,nan,UNKNOWN,0.2976,0.2976,False,False,False,False,False,horizontal
54.416,-0.05,0.0,-0.05,-0.05,-0.0471,-0.0482,-0.0029,-0.0018,-258,-248,0.2391,0.2298,nan,nan,nan,UNKNOWN,0.2976,0.2976,False,False,False,False,False,horizontal
54.466,-0.05,0.0,-0.05,-0.05,-0.0471,-0.0482,-0.0029,-0.0018,-263,-253,0.2437,0.2345,nan,nan,nan,UNKNOWN,0.2976,0.2976,False,False,False,False,False,horizontal
54.516,-0.05,0.0,-0.05,-0.05,-0.0406,-0.0413,-0.0094,-0.0087,-263,-253,0.2437,0.2345,nan,nan,nan,UNKNOWN,0.2976,0.2976,False,False,False,False,False,horizontal
54.566,-0.05,0.0,-0.05,-0.05,-0.0406,-0.0413,-0.0094,-0.0087,-268,-258,0.2484,0.2391,nan,nan,nan,UNKNOWN,0.2976,0.2976,False,False,False,False,False,horizontal
54.616,-0.05,0.0,-0.05,-0.05,-0.0429,-0.0433,-0.0071,-0.0067,-268,-258,0.2484,0.2391,nan,nan,nan,UNKNOWN,0.2976,0.2976,False,False,False,False,False,horizontal
54.666,-0.05,0.0,-0.05,-0.05,-0.0429,-0.0433,-0.0071,-0.0067,-273,-263,0.253,0.2437,nan,nan,nan,UNKNOWN,0.2976,0.2976,False,False,False,False,False,horizontal
54.716,-0.05,0.0,-0.05,-0.05,-0.0429,-0.0433,-0.0071,-0.0067,-273,-263,0.253,0.2437,nan,nan,nan,UNKNOWN,0.2976,0.2976,False,False,False,False,False,horizontal
54.766,-0.05,0.0,-0.05,-0.05,-0.0505,-0.0507,0.0005,0.0007,-278,-268,0.2576,0.2484,nan,nan,nan,UNKNOWN,0.2976,0.2976,False,False,False,False,False,horizontal
54.816,-0.05,0.0,-0.05,-0.05,-0.0505,-0.0507,0.0005,0.0007,-278,-268,0.2576,0.2484,nan,nan,nan,UNKNOWN,0.2976,0.2976,False,False,False,False,False,horizontal
54.866,-0.05,0.0,-0.05,-0.05,-0.0488,-0.049,-0.0012,-0.001,-283,-273,0.2623,0.253,nan,nan,nan,UNKNOWN,0.2976,0.2976,False,False,False,False,False,horizontal
54.916,-0.05,0.0,-0.05,-0.05,-0.0488,-0.049,-0.0012,-0.001,-283,-273,0.2623,0.253,nan,nan,nan,UNKNOWN,0.2976,0.2976,False,False,False,False,False,horizontal
54.966,-0.05,0.0,-0.05,-0.05,-0.0488,-0.049,-0.0012,-0.001,-288,-277,0.2669,0.2567,nan,nan,nan,UNKNOWN,0.2976,0.2976,False,False,False,False,False,horizontal
55.016,-0.05,0.0,-0.05,-0.05,-0.0416,-0.0393,-0.0084,-0.0107,-288,-277,0.2669,0.2567,nan,nan,nan,UNKNOWN,0.2976,0.2976,False,False,False,False,False,horizontal
55.068,-0.05,0.0,-0.05,-0.05,-0.0416,-0.0393,-0.0084,-0.0107,-293,-282,0.2715,0.2613,nan,nan,nan,UNKNOWN,0.2976,0.2976,False,False,False,False,False,horizontal
55.116,-0.05,0.0,-0.05,-0.05,-0.0416,-0.0393,-0.0084,-0.0107,-293,-282,0.2715,0.2613,nan,nan,nan,UNKNOWN,0.2976,0.2976,False,False,False,False,False,horizontal
55.166,-0.05,0.0,-0.05,-0.05,-0.0497,-0.0483,-0.0003,-0.0017,-298,-287,0.2762,0.266,nan,nan,nan,UNKNOWN,0.2976,0.2976,False,False,False,False,False,horizontal
55.216,-0.05,0.0,-0.05,-0.05,-0.0497,-0.0483,-0.0003,-0.0017,-298,-287,0.2762,0.266,nan,nan,nan,UNKNOWN,0.2976,0.2976,False,False,False,False,False,horizontal
55.266,-0.05,0.0,-0.05,-0.05,-0.0497,-0.0483,-0.0003,-0.0017,-303,-292,0.2808,0.2706,nan,nan,nan,UNKNOWN,0.2976,0.2976,False,False,False,False,False,horizontal
55.316,-0.05,0.0,-0.05,-0.05,-0.0422,-0.0413,-0.0078,-0.0087,-303,-292,0.2808,0.2706,nan,nan,nan,UNKNOWN,0.2976,0.2976,False,False,False,False,False,horizontal
55.366,-0.05,0.0,-0.05,-0.05,-0.0422,-0.0413,-0.0078,-0.0087,-308,-297,0.2854,0.2753,nan,nan,nan,UNKNOWN,0.2976,0.2976,False,False,False,False,False,horizontal
55.416,-0.05,0.0,-0.05,-0.05,-0.0422,-0.0413,-0.0078,-0.0087,-308,-297,0.2854,0.2753,nan,nan,nan,UNKNOWN,0.2976,0.2976,False,False,False,False,False,horizontal
55.466,-0.05,0.0,-0.05,-0.05,-0.05,-0.0495,0.0,-0.0005,-313,-302,0.2901,0.2799,nan,nan,nan,UNKNOWN,0.2976,0.2976,False,False,False,False,False,horizontal
55.516,-0.05,0.0,-0.05,-0.05,-0.05,-0.0495,0.0,-0.0005,-313,-302,0.2901,0.2799,nan,nan,nan,UNKNOWN,0.2976,0.2976,False,False,False,False,False,horizontal
55.566,-0.05,0.0,-0.05,-0.05,-0.05,-0.0495,0.0,-0.0005,-318,-307,0.2947,0.2845,nan,nan,nan,UNKNOWN,0.2976,0.2976,False,False,False,False,False,horizontal
55.616,-0.05,0.0,-0.05,-0.05,-0.0424,-0.0421,-0.0076,-0.0079,-318,-307,0.2947,0.2845,nan,nan,nan,UNKNOWN,0.2976,0.2976,False,False,False,False,False,horizontal
55.666,-0.05,0.0,-0.05,-0.05,-0.0424,-0.0421,-0.0076,-0.0079,-323,-312,0.2993,0.2892,nan,nan,nan,UNKNOWN,0.2976,0.2976,False,False,False,False,False,horizontal
55.716,-0.05,0.0,-0.05,-0.05,-0.044,-0.0438,-0.006,-0.0062,-323,-312,0.2993,0.2892,nan,nan,nan,UNKNOWN,0.2976,0.2976,False,False,False,False,False,horizontal
55.766,-0.05,0.0,-0.05,-0.05,-0.044,-0.0438,-0.006,-0.0062,-329,-317,0.3049,0.2938,nan,nan,nan,UNKNOWN,0.2976,0.2976,False,False,False,False,False,horizontal
55.816,-0.05,0.0,-0.05,-0.05,-0.044,-0.0438,-0.006,-0.0062,-329,-317,0.3049,0.2938,nan,nan,nan,UNKNOWN,0.2976,0.2976,False,False,False,False,False,horizontal
55.866,-0.05,0.0,-0.05,-0.05,-0.0536,-0.0534,0.0036,0.0034,-334,-323,0.3095,0.2993,nan,nan,nan,UNKNOWN,0.2976,0.2976,False,False,False,False,False,horizontal
55.916,-0.05,0.0,-0.05,-0.05,-0.0536,-0.0534,0.0036,0.0034,-334,-323,0.3095,0.2993,nan,nan,nan,UNKNOWN,0.2976,0.2976,False,False,False,False,False,horizontal
55.966,-0.05,0.0,-0.05,-0.05,-0.0536,-0.0534,0.0036,0.0034,-339,-327,0.3142,0.3031,nan,nan,nan,UNKNOWN,0.2976,0.2976,False,False,False,False,False,horizontal
56.016,-0.05,0.0,-0.05,-0.05,-0.0445,-0.042,-0.0055,-0.008,-339,-327,0.3142,0.3031,nan,nan,nan,UNKNOWN,0.2976,0.2976,False,False,False,False,False,horizontal
56.068,-0.05,0.0,-0.05,-0.05,-0.0445,-0.042,-0.0055,-0.008,-344,-332,0.3188,0.3077,nan,nan,nan,UNKNOWN,0.2976,0.2976,False,False,False,False,False,horizontal
56.116,-0.05,0.0,-0.05,-0.05,-0.0452,-0.0437,-0.0048,-0.0063,-344,-332,0.3188,0.3077,nan,nan,nan,UNKNOWN,0.2976,0.2976,False,False,False,False,False,horizontal
56.166,-0.05,0.0,-0.05,-0.05,-0.0452,-0.0437,-0.0048,-0.0063,-349,-337,0.3234,0.3123,nan,nan,nan,UNKNOWN,0.2976,0.2976,False,False,False,False,False,horizontal
56.216,-0.05,0.0,-0.05,-0.05,-0.0452,-0.0437,-0.0048,-0.0063,-349,-337,0.3234,0.3123,nan,nan,nan,UNKNOWN,0.2976,0.2976,False,False,False,False,False,horizontal
56.267,-0.05,0.0,-0.05,-0.05,-0.0518,-0.0508,0.0018,0.0008,-354,-342,0.3281,0.317,nan,nan,nan,UNKNOWN,0.2976,0.2976,False,False,False,False,False,horizontal
56.316,-0.05,0.0,-0.05,-0.05,-0.0518,-0.0508,0.0018,0.0008,-354,-342,0.3281,0.317,nan,nan,nan,UNKNOWN,0.2976,0.2976,False,False,False,False,False,horizontal
56.366,-0.05,0.0,-0.05,-0.05,-0.0518,-0.0508,0.0018,0.0008,-360,-347,0.3336,0.3216,nan,nan,nan,UNKNOWN,0.2976,0.2976,False,False,False,False,False,horizontal
56.416,-0.05,0.0,-0.05,-0.05,-0.0459,-0.0429,-0.0041,-0.0071,-360,-347,0.3336,0.3216,nan,nan,nan,UNKNOWN,0.2976,0.2976,False,False,False,False,False,horizontal
56.466,-0.05,0.0,-0.05,-0.05,-0.0459,-0.0429,-0.0041,-0.0071,-364,-352,0.3373,0.3262,nan,nan,nan,UNKNOWN,0.2976,0.2976,False,False,False,False,False,horizontal
56.516,-0.05,0.0,-0.05,-0.05,-0.0459,-0.0429,-0.0041,-0.0071,-364,-352,0.3373,0.3262,nan,nan,nan,UNKNOWN,0.2976,0.2976,False,False,False,False,False,horizontal
56.566,-0.05,0.0,-0.05,-0.05,-0.0498,-0.0504,-0.0002,0.0004,-369,-357,0.342,0.3309,nan,nan,nan,UNKNOWN,0.2976,0.2976,False,False,False,False,False,horizontal
56.616,-0.05,0.0,-0.05,-0.05,-0.0498,-0.0504,-0.0002,0.0004,-369,-357,0.342,0.3309,nan,nan,nan,UNKNOWN,0.2976,0.2976,False,False,False,False,False,horizontal
56.666,-0.05,0.0,-0.05,-0.05,-0.0498,-0.0504,-0.0002,0.0004,-374,-361,0.3466,0.3346,nan,nan,nan,UNKNOWN,0.2976,0.2976,False,False,False,False,False,horizontal
56.716,-0.05,0.0,-0.05,-0.05,-0.0422,-0.0402,-0.0078,-0.0098,-374,-361,0.3466,0.3346,nan,nan,nan,UNKNOWN,0.2976,0.2976,False,False,False,False,False,horizontal
56.766,-0.05,0.0,-0.05,-0.05,-0.0422,-0.0402,-0.0078,-0.0098,-379,-366,0.3512,0.3392,nan,nan,nan,UNKNOWN,0.2976,0.2976,False,False,False,False,False,horizontal
56.816,-0.05,0.0,-0.05,-0.05,-0.0439,-0.0426,-0.0061,-0.0074,-379,-366,0.3512,0.3392,nan,nan,nan,UNKNOWN,0.2976,0.2976,False,False,False,False,False,horizontal
56.866,-0.05,0.0,-0.05,-0.05,-0.0439,-0.0426,-0.0061,-0.0074,-384,-371,0.3559,0.3438,nan,nan,nan,UNKNOWN,0.2976,0.2976,False,False,False,False,False,horizontal
56.916,-0.05,0.0,-0.05,-0.05,-0.0439,-0.0426,-0.0061,-0.0074,-384,-371,0.3559,0.3438,nan,nan,nan,UNKNOWN,0.2976,0.2976,False,False,False,False,False,horizontal
56.966,-0.05,0.0,-0.05,-0.05,-0.0535,-0.0503,0.0035,0.0003,-390,-376,0.3614,0.3485,nan,nan,nan,UNKNOWN,0.2976,0.2976,False,False,False,False,False,horizontal
57.016,-0.05,0.0,-0.05,-0.05,-0.0535,-0.0503,0.0035,0.0003,-390,-376,0.3614,0.3485,nan,nan,nan,UNKNOWN,0.2976,0.2976,False,False,False,False,False,horizontal
57.068,-0.05,0.0,-0.05,-0.05,-0.0506,-0.0487,0.0006,-0.0013,-395,-381,0.3661,0.3531,nan,nan,nan,UNKNOWN,0.2976,0.2976,False,False,False,False,False,horizontal
57.116,-0.05,0.0,-0.05,-0.05,-0.0506,-0.0487,0.0006,-0.0013,-395,-381,0.3661,0.3531,nan,nan,nan,UNKNOWN,0.2976,0.2976,False,False,False,False,False,horizontal
57.166,-0.05,0.0,-0.05,-0.05,-0.0506,-0.0487,0.0006,-0.0013,-399,-386,0.3698,0.3577,nan,nan,nan,UNKNOWN,0.2976,0.2976,False,False,False,False,False,horizontal
57.216,-0.05,0.0,-0.05,-0.05,-0.0403,-0.0416,-0.0097,-0.0084,-399,-386,0.3698,0.3577,nan,nan,nan,UNKNOWN,0.2976,0.2976,False,False,False,False,False,horizontal
57.266,-0.05,0.0,-0.05,-0.05,-0.0403,-0.0416,-0.0097,-0.0084,-404,-390,0.3744,0.3614,nan,nan,nan,UNKNOWN,0.2976,0.2976,False,False,False,False,False,horizontal
57.316,-0.05,0.0,-0.05,-0.05,-0.0427,-0.0398,-0.0073,-0.0102,-404,-390,0.3744,0.3614,nan,nan,nan,UNKNOWN,0.2976,0.2976,False,False,False,False,False,horizontal
57.366,-0.05,0.0,-0.05,-0.05,-0.0427,-0.0398,-0.0073,-0.0102,-410,-396,0.38,0.367,nan,nan,nan,UNKNOWN,0.2976,0.2976,False,False,False,False,False,horizontal
57.416,-0.05,0.0,-0.05,-0.05,-0.0427,-0.0398,-0.0073,-0.0102,-410,-396,0.38,0.367,nan,nan,nan,UNKNOWN,0.2976,0.2976,False,False,False,False,False,horizontal
57.466,-0.05,0.0,-0.05,-0.05,-0.0528,-0.051,0.0028,0.001,-415,-401,0.3846,0.3716,nan,nan,nan,UNKNOWN,0.2976,0.2976,False,False,False,False,False,horizontal
57.516,-0.05,0.0,-0.05,-0.05,-0.0528,-0.051,0.0028,0.001,-415,-401,0.3846,0.3716,nan,nan,nan,UNKNOWN,0.2976,0.2976,False,False,False,False,False,horizontal
57.566,-0.05,0.0,-0.05,-0.05,-0.0528,-0.051,0.0028,0.001,-420,-405,0.3892,0.3753,nan,nan,nan,UNKNOWN,0.2976,0.2976,False,False,False,False,False,horizontal
57.616,-0.05,0.0,-0.05,-0.05,-0.044,-0.0405,-0.006,-0.0095,-420,-405,0.3892,0.3753,nan,nan,nan,UNKNOWN,0.2976,0.2976,False,False,False,False,False,horizontal
57.666,-0.05,0.0,-0.05,-0.05,-0.044,-0.0405,-0.006,-0.0095,-424,-409,0.393,0.379,nan,nan,nan,UNKNOWN,0.2976,0.2976,False,False,False,False,False,horizontal
57.716,-0.05,0.0,-0.05,-0.05,-0.0412,-0.0391,-0.0088,-0.0109,-424,-409,0.393,0.379,nan,nan,nan,UNKNOWN,0.2976,0.2976,False,False,False,False,False,horizontal
57.766,-0.05,0.0,-0.05,-0.05,-0.0412,-0.0391,-0.0088,-0.0109,-429,-415,0.3976,0.3846,nan,nan,nan,UNKNOWN,0.2976,0.2976,False,False,False,False,False,horizontal
57.816,-0.05,0.0,-0.05,-0.05,-0.0412,-0.0391,-0.0088,-0.0109,-429,-415,0.3976,0.3846,nan,nan,nan,UNKNOWN,0.2976,0.2976,False,False,False,False,False,horizontal
57.866,-0.05,0.0,-0.05,-0.05,-0.0519,-0.0531,0.0019,0.0031,-435,-421,0.4031,0.3902,nan,nan,nan,UNKNOWN,0.2976,0.2976,False,False,False,False,False,horizontal
57.916,-0.05,0.0,-0.05,-0.05,-0.0519,-0.0531,0.0019,0.0031,-435,-421,0.4031,0.3902,nan,nan,nan,UNKNOWN,0.2976,0.2976,False,False,False,False,False,horizontal
57.966,-0.05,0.0,-0.05,-0.05,-0.0497,-0.0504,-0.0003,0.0004,-440,-426,0.4078,0.3948,nan,nan,nan,UNKNOWN,0.2976,0.2976,False,False,False,False,False,horizontal
58.016,-0.05,0.0,-0.05,-0.05,-0.0497,-0.0504,-0.0003,0.0004,-440,-426,0.4078,0.3948,nan,nan,nan,UNKNOWN,0.2976,0.2976,False,False,False,False,False,horizontal
58.068,-0.05,0.0,-0.05,-0.05,-0.0497,-0.0504,-0.0003,0.0004,-446,-431,0.4133,0.3994,nan,nan,nan,UNKNOWN,0.2976,0.2976,False,False,False,False,False,horizontal
58.116,-0.05,0.0,-0.05,-0.05,-0.0447,-0.0426,-0.0053,-0.0074,-446,-431,0.4133,0.3994,nan,nan,nan,UNKNOWN,0.2976,0.2976,False,False,False,False,False,horizontal
58.166,-0.05,0.0,-0.05,-0.05,-0.0447,-0.0426,-0.0053,-0.0074,-451,-436,0.418,0.4041,nan,nan,nan,UNKNOWN,0.2976,0.2976,False,False,False,False,False,horizontal
58.216,-0.05,0.0,-0.05,-0.05,-0.0447,-0.0426,-0.0053,-0.0074,-451,-436,0.418,0.4041,nan,nan,nan,UNKNOWN,0.2976,0.2976,False,False,False,False,False,horizontal
58.266,-0.05,0.0,-0.05,-0.05,-0.0539,-0.0527,0.0039,0.0027,-457,-442,0.4235,0.4096,nan,nan,nan,UNKNOWN,0.2976,0.2976,False,False,False,False,False,horizontal
58.316,-0.05,0.0,-0.05,-0.05,-0.0539,-0.0527,0.0039,0.0027,-457,-442,0.4235,0.4096,nan,nan,nan,UNKNOWN,0.2976,0.2976,False,False,False,False,False,horizontal
58.366,-0.05,0.0,-0.05,-0.05,-0.0539,-0.0527,0.0039,0.0027,-462,-447,0.4282,0.4143,nan,nan,nan,UNKNOWN,0.2976,0.2976,False,False,False,False,False,horizontal
58.416,-0.05,0.0,-0.05,-0.05,-0.0447,-0.044,-0.0053,-0.006,-462,-447,0.4282,0.4143,nan,nan,nan,UNKNOWN,0.2976,0.2976,False,False,False,False,False,horizontal
58.466,-0.05,0.0,-0.05,-0.05,-0.0447,-0.044,-0.0053,-0.006,-467,-453,0.4328,0.4198,nan,nan,nan,UNKNOWN,0.2976,0.2976,False,False,False,False,False,horizontal
58.516,-0.05,0.0,-0.05,-0.05,-0.0454,-0.0486,-0.0046,-0.0014,-467,-453,0.4328,0.4198,nan,nan,nan,UNKNOWN,0.2976,0.2976,False,False,False,False,False,horizontal
58.566,-0.05,0.0,-0.05,-0.05,-0.0454,-0.0486,-0.0046,-0.0014,-473,-458,0.4384,0.4245,nan,nan,nan,UNKNOWN,0.2976,0.2976,False,False,False,False,False,horizontal
58.616,-0.05,0.0,-0.05,-0.05,-0.0454,-0.0486,-0.0046,-0.0014,-473,-458,0.4384,0.4245,nan,nan,nan,UNKNOWN,0.2976,0.2976,False,False,False,False,False,horizontal
58.666,-0.05,0.0,-0.05,-0.05,-0.0544,-0.0539,0.0044,0.0039,-478,-463,0.443,0.4291,nan,nan,nan,UNKNOWN,0.2976,0.2976,False,False,False,False,False,horizontal
58.716,-0.05,0.0,-0.05,-0.05,-0.0544,-0.0539,0.0044,0.0039,-478,-463,0.443,0.4291,nan,nan,nan,UNKNOWN,0.2976,0.2976,False,False,False,False,False,horizontal
58.766,-0.05,0.0,-0.05,-0.05,-0.0512,-0.0508,0.0012,0.0008,-483,-468,0.4476,0.4337,nan,nan,nan,UNKNOWN,0.2976,0.2976,False,False,False,False,False,horizontal
58.816,-0.05,0.0,-0.05,-0.05,-0.0512,-0.0508,0.0012,0.0008,-483,-468,0.4476,0.4337,nan,nan,nan,UNKNOWN,0.2976,0.2976,False,False,False,False,False,horizontal
58.866,-0.05,0.0,-0.05,-0.05,-0.0512,-0.0508,0.0012,0.0008,-489,-474,0.4532,0.4393,nan,nan,nan,UNKNOWN,0.2976,0.2976,False,False,False,False,False,horizontal
58.916,-0.05,0.0,-0.05,-0.05,-0.0455,-0.0454,-0.0045,-0.0046,-489,-474,0.4532,0.4393,nan,nan,nan,UNKNOWN,0.2976,0.2976,False,False,False,False,False,horizontal
58.966,-0.05,0.0,-0.05,-0.05,-0.0455,-0.0454,-0.0045,-0.0046,-489,-474,0.4532,0.4393,nan,nan,nan,UNKNOWN,0.2976,0.2976,False,False,False,False,False,horizontal
59.016,-0.05,0.0,-0.05,-0.05,-0.0459,-0.0458,-0.0041,-0.0042,-494,-479,0.4578,0.4439,nan,nan,nan,UNKNOWN,0.2976,0.2976,False,False,False,False,False,horizontal
59.068,-0.05,0.0,-0.05,-0.05,-0.0459,-0.0458,-0.0041,-0.0042,-494,-479,0.4578,0.4439,nan,nan,nan,UNKNOWN,0.2976,0.2976,False,False,False,False,False,horizontal
59.116,-0.05,0.0,-0.05,-0.05,-0.0459,-0.0458,-0.0041,-0.0042,-500,-485,0.4634,0.4495,nan,nan,nan,UNKNOWN,0.2976,0.2976,False,False,False,False,False,horizontal
59.166,-0.05,0.0,-0.05,-0.05,-0.0423,-0.0423,-0.0077,-0.0077,-500,-485,0.4634,0.4495,nan,nan,nan,UNKNOWN,0.2976,0.2976,False,False,False,False,False,horizontal
59.216,-0.05,0.0,-0.05,-0.05,-0.0423,-0.0423,-0.0077,-0.0077,-506,-491,0.4689,0.455,nan,nan,nan,UNKNOWN,0.2976,0.2976,False,False,False,False,False,horizontal
59.266,-0.05,0.0,-0.05,-0.05,-0.0423,-0.0423,-0.0077,-0.0077,-506,-491,0.4689,0.455,nan,nan,nan,UNKNOWN,0.2976,0.2976,False,False,False,False,False,horizontal
59.316,-0.05,0.0,-0.05,-0.05,-0.0501,-0.055,0.0001,0.005,-510,-497,0.4727,0.4606,nan,nan,nan,UNKNOWN,0.2976,0.2976,False,False,False,False,False,horizontal
59.366,-0.05,0.0,-0.05,-0.05,-0.0501,-0.055,0.0001,0.005,-510,-497,0.4727,0.4606,nan,nan,nan,UNKNOWN,0.2976,0.2976,False,False,False,False,False,horizontal
59.416,-0.05,0.0,-0.05,-0.05,-0.0501,-0.055,0.0001,0.005,-516,-502,0.4782,0.4652,nan,nan,nan,UNKNOWN,0.2976,0.2976,False,False,False,False,False,horizontal
59.466,-0.05,0.0,-0.05,-0.05,-0.0449,-0.0454,-0.0051,-0.0046,-516,-502,0.4782,0.4652,nan,nan,nan,UNKNOWN,0.2976,0.2976,False,False,False,False,False,horizontal
59.516,-0.05,0.0,-0.05,-0.05,-0.0449,-0.0454,-0.0051,-0.0046,-521,-507,0.4828,0.4699,nan,nan,nan,UNKNOWN,0.2976,0.2976,False,False,False,False,False,horizontal
59.566,-0.05,0.0,-0.05,-0.05,-0.0449,-0.0454,-0.0051,-0.0046,-521,-507,0.4828,0.4699,nan,nan,nan,UNKNOWN,0.2976,0.2976,False,False,False,False,False,horizontal
59.616,-0.05,0.0,-0.05,-0.05,-0.0517,-0.0544,0.0017,0.0044,-526,-513,0.4875,0.4754,nan,nan,nan,UNKNOWN,0.2976,0.2976,False,False,False,False,False,horizontal
59.666,-0.05,0.0,-0.05,-0.05,-0.0517,-0.0544,0.0017,0.0044,-526,-513,0.4875,0.4754,nan,nan,nan,UNKNOWN,0.2976,0.2976,False,False,False,False,False,horizontal
59.716,-0.05,0.0,-0.05,-0.05,-0.0517,-0.0544,0.0017,0.0044,-531,-518,0.4921,0.4801,nan,nan,nan,UNKNOWN,0.2976,0.2976,False,False,False,False,False,horizontal
59.766,-0.05,0.0,-0.05,-0.05,-0.0434,-0.045,-0.0066,-0.005,-531,-518,0.4921,0.4801,nan,nan,nan,UNKNOWN,0.2976,0.2976,False,False,False,False,False,horizontal
59.816,-0.05,0.0,-0.05,-0.05,-0.0434,-0.045,-0.0066,-0.005,-537,-523,0.4977,0.4847,nan,nan,nan,UNKNOWN,0.2976,0.2976,False,False,False,False,False,horizontal
59.866,-0.05,0.0,-0.05,-0.05,-0.0483,-0.0455,-0.0017,-0.0045,-537,-523,0.4977,0.4847,nan,nan,nan,UNKNOWN,0.2976,0.2976,False,False,False,False,False,horizontal
59.916,-0.05,0.0,-0.05,-0.05,-0.0483,-0.0455,-0.0017,-0.0045,-541,-528,0.5014,0.4893,nan,nan,nan,UNKNOWN,0.2976,0.2976,False,False,False,False,False,horizontal
59.966,-0.05,0.0,-0.05,-0.05,-0.0483,-0.0455,-0.0017,-0.0045,-541,-528,0.5014,0.4893,nan,nan,nan,UNKNOWN,0.2976,0.2976,False,False,False,False,False,horizontal
60.016,-0.05,0.0,-0.05,-0.05,-0.0537,-0.0545,0.0037,0.0045,-547,-534,0.5069,0.4949,nan,nan,nan,UNKNOWN,0.2976,0.2976,False,False,False,False,False,horizontal
60.068,-0.05,0.0,-0.05,-0.05,-0.0537,-0.0545,0.0037,0.0045,-547,-534,0.5069,0.4949,nan,nan,nan,UNKNOWN,0.2976,0.2976,False,False,False,False,False,horizontal
60.116,-0.05,0.0,-0.05,-0.05,-0.0507,-0.0512,0.0007,0.0012,-552,-539,0.5116,0.4995,nan,nan,nan,UNKNOWN,0.2976,0.2976,False,False,False,False,False,horizontal
60.166,-0.05,0.0,-0.05,-0.05,-0.0507,-0.0512,0.0007,0.0012,-552,-539,0.5116,0.4995,nan,nan,nan,UNKNOWN,0.2976,0.2976,False,False,False,False,False,horizontal
60.216,-0.05,0.0,-0.05,-0.05,-0.0453,-0.0456,-0.0047,-0.0044,-556,-543,0.5153,0.5032,nan,nan,nan,UNKNOWN,0.2976,0.2976,False,False,False,False,False,horizontal
60.266,-0.05,0.0,-0.05,-0.05,-0.0453,-0.0456,-0.0047,-0.0044,-556,-543,0.5153,0.5032,nan,nan,nan,UNKNOWN,0.2976,0.2976,False,False,False,False,False,horizontal
60.316,-0.05,0.0,-0.05,-0.05,-0.0453,-0.0456,-0.0047,-0.0044,-561,-548,0.5199,0.5079,nan,nan,nan,UNKNOWN,0.2976,0.2976,False,False,False,False,False,horizontal
60.366,-0.05,0.0,-0.05,-0.05,-0.0395,-0.0397,-0.0105,-0.0103,-561,-548,0.5199,0.5079,nan,nan,nan,UNKNOWN,0.2976,0.2976,False,False,False,False,False,horizontal
60.416,-0.05,0.0,-0.05,-0.05,-0.0395,-0.0397,-0.0105,-0.0103,-566,-553,0.5246,0.5125,nan,nan,nan,UNKNOWN,0.2976,0.2976,False,False,False,False,False,horizontal
60.466,-0.05,0.0,-0.05,-0.05,-0.0422,-0.0424,-0.0078,-0.0076,-566,-553,0.5246,0.5125,nan,nan,nan,UNKNOWN,0.2976,0.2976,False,False,False,False,False,horizontal
60.516,-0.05,0.0,-0.05,-0.05,-0.0422,-0.0424,-0.0078,-0.0076,-572,-559,0.5301,0.5181,nan,nan,nan,UNKNOWN,0.2976,0.2976,False,False,False,False,False,horizontal
60.566,-0.05,0.0,-0.05,-0.05,-0.0422,-0.0424,-0.0078,-0.0076,-572,-559,0.5301,0.5181,nan,nan,nan,UNKNOWN,0.2976,0.2976,False,False,False,False,False,horizontal
60.616,-0.05,0.0,-0.05,-0.05,-0.0525,-0.0526,0.0025,0.0026,-577,-564,0.5347,0.5227,nan,nan,nan,UNKNOWN,0.2976,0.2976,False,False,False,False,False,horizontal
60.666,-0.05,0.0,-0.05,-0.05,-0.0525,-0.0526,0.0025,0.0026,-577,-564,0.5347,0.5227,nan,nan,nan,UNKNOWN,0.2976,0.2976,False,False,False,False,False,horizontal
60.716,-0.05,0.0,-0.05,-0.05,-0.0525,-0.0526,0.0025,0.0026,-583,-569,0.5403,0.5273,nan,nan,nan,UNKNOWN,0.2976,0.2976,False,False,False,False,False,horizontal
60.766,-0.05,0.0,-0.05,-0.05,-0.0463,-0.0439,-0.0037,-0.0061,-583,-569,0.5403,0.5273,nan,nan,nan,UNKNOWN,0.2976,0.2976,False,False,False,False,False,horizontal
60.816,-0.05,0.0,-0.05,-0.05,-0.0463,-0.0439,-0.0037,-0.0061,-587,-574,0.544,0.532,nan,nan,nan,UNKNOWN,0.2976,0.2976,False,False,False,False,False,horizontal
60.866,-0.05,0.0,-0.05,-0.05,-0.0463,-0.0439,-0.0037,-0.0061,-587,-574,0.544,0.532,nan,nan,nan,UNKNOWN,0.2976,0.2976,False,False,False,False,False,horizontal
60.916,-0.05,0.0,-0.05,-0.05,-0.0525,-0.0511,0.0025,0.0011,-593,-579,0.5496,0.5366,nan,nan,nan,UNKNOWN,0.2976,0.2976,False,False,False,False,False,horizontal
60.966,-0.05,0.0,-0.05,-0.05,-0.0525,-0.0511,0.0025,0.0011,-593,-579,0.5496,0.5366,nan,nan,nan,UNKNOWN,0.2976,0.2976,False,False,False,False,False,horizontal
61.016,-0.05,0.0,-0.05,-0.05,-0.05,-0.0492,0.0,-0.0008,-598,-584,0.5542,0.5412,nan,nan,nan,UNKNOWN,0.2976,0.2976,False,False,False,False,False,horizontal
61.069,-0.05,0.0,-0.05,-0.05,-0.05,-0.0492,0.0,-0.0008,-598,-584,0.5542,0.5412,nan,nan,nan,UNKNOWN,0.2976,0.2976,False,False,False,False,False,horizontal
61.116,-0.05,0.0,-0.05,-0.05,-0.0449,-0.048,-0.0051,-0.002,-602,-589,0.5579,0.5459,nan,nan,nan,UNKNOWN,0.2976,0.2976,False,False,False,False,False,horizontal
61.166,-0.05,0.0,-0.05,-0.05,-0.0449,-0.048,-0.0051,-0.002,-602,-589,0.5579,0.5459,nan,nan,nan,UNKNOWN,0.2976,0.2976,False,False,False,False,False,horizontal
61.216,-0.05,0.0,-0.05,-0.05,-0.0449,-0.048,-0.0051,-0.002,-607,-594,0.5625,0.5505,nan,nan,nan,UNKNOWN,0.2976,0.2976,False,False,False,False,False,horizontal
61.266,-0.05,0.0,-0.05,-0.05,-0.0393,-0.0412,-0.0107,-0.0088,-607,-594,0.5625,0.5505,nan,nan,nan,UNKNOWN,0.2976,0.2976,False,False,False,False,False,horizontal
61.316,-0.05,0.0,-0.05,-0.05,-0.0393,-0.0412,-0.0107,-0.0088,-612,-599,0.5672,0.5551,nan,nan,nan,UNKNOWN,0.2976,0.2976,False,False,False,False,False,horizontal
61.366,-0.05,0.0,-0.05,-0.05,-0.0393,-0.0412,-0.0107,-0.0088,-612,-599,0.5672,0.5551,nan,nan,nan,UNKNOWN,0.2976,0.2976,False,False,False,False,False,horizontal
61.416,-0.05,0.0,-0.05,-0.05,-0.0507,-0.0519,0.0007,0.0019,-618,-605,0.5727,0.5607,nan,nan,nan,UNKNOWN,0.2976,0.2976,False,False,False,False,False,horizontal
61.466,-0.05,0.0,-0.05,-0.05,-0.0507,-0.0519,0.0007,0.0019,-618,-605,0.5727,0.5607,nan,nan,nan,UNKNOWN,0.2976,0.2976,False,False,False,False,False,horizontal
61.516,-0.05,0.0,-0.05,-0.05,-0.049,-0.0497,-0.001,-0.0003,-623,-610,0.5774,0.5653,nan,nan,nan,UNKNOWN,0.2976,0.2976,False,False,False,False,False,horizontal
61.566,-0.05,0.0,0.0,0.0,-0.049,-0.0497,0.049,0.0497,-623,-610,0.5774,0.5653,nan,nan,nan,UNKNOWN,0.0,0.0,False,False,False,False,False,horizontal
61.616,-0.05,0.0,0.0,0.0,-0.049,-0.0497,0.049,0.0497,-627,-615,0.5811,0.57,nan,nan,nan,UNKNOWN,0.0,0.0,False,False,False,False,False,horizontal
61.666,-0.05,0.0,0.0,0.0,-0.0393,-0.0422,0.0393,0.0422,-627,-615,0.5811,0.57,nan,nan,nan,UNKNOWN,0.0,0.0,False,False,False,False,False,horizontal
61.716,-0.05,0.0,0.0,0.0,-0.0393,-0.0422,0.0393,0.0422,-629,-614,0.5829,0.569,nan,nan,nan,UNKNOWN,0.0,0.0,False,False,False,False,False,horizontal
61.766,-0.05,0.0,0.0,0.0,-0.0393,-0.0422,0.0393,0.0422,-629,-614,0.5829,0.569,nan,nan,nan,UNKNOWN,0.0,0.0,False,False,False,False,False,horizontal
61.816,-0.05,0.0,0.0,0.0,-0.031,-0.0228,0.031,0.0228,-630,-614,0.5839,0.569,nan,nan,nan,UNKNOWN,0.0,0.0,False,False,False,False,False,horizontal
61.866,-0.05,0.0,0.0,0.0,-0.031,-0.0228,0.031,0.0228,-630,-614,0.5839,0.569,nan,nan,nan,UNKNOWN,0.0,0.0,False,False,False,False,False,horizontal
61.916,-0.05,0.0,0.0,0.0,-0.0248,-0.0183,0.0248,0.0183,-630,-614,0.5839,0.569,nan,nan,nan,UNKNOWN,0.0,0.0,False,False,False,False,False,horizontal
61.966,-0.05,0.0,0.0,0.0,-0.0248,-0.0183,0.0248,0.0183,-630,-614,0.5839,0.569,nan,nan,nan,UNKNOWN,0.0,0.0,False,False,False,False,False,horizontal
62.016,-0.05,0.0,0.0,0.0,-0.0248,-0.0183,0.0248,0.0183,-631,-614,0.5848,0.569,nan,nan,nan,UNKNOWN,0.0,0.0,False,False,False,False,False,horizontal
62.068,-0.05,0.0,0.0,0.0,-0.0173,-0.0146,0.0173,0.0146,-631,-614,0.5848,0.569,nan,nan,nan,UNKNOWN,0.0,0.0,False,False,False,False,False,horizontal
62.116,-0.05,0.0,0.0,0.0,-0.0173,-0.0146,0.0173,0.0146,-632,-614,0.5857,0.569,nan,nan,nan,UNKNOWN,0.0,0.0,False,False,False,False,False,horizontal
62.166,-0.05,0.0,0.0,0.0,-0.0173,-0.0146,0.0173,0.0146,-632,-614,0.5857,0.569,nan,nan,nan,UNKNOWN,0.0,0.0,False,False,False,False,False,horizontal
62.216,-0.05,0.0,0.0,0.0,-0.0129,-0.0117,0.0129,0.0117,-632,-614,0.5857,0.569,nan,nan,nan,UNKNOWN,0.0,0.0,False,False,False,False,False,horizontal
62.266,-0.05,0.0,0.0,0.0,-0.0129,-0.0117,0.0129,0.0117,-632,-614,0.5857,0.569,nan,nan,nan,UNKNOWN,0.0,0.0,False,False,False,False,False,horizontal
62.316,-0.05,0.0,0.0,0.0,-0.0103,-0.0093,0.0103,0.0093,-632,-614,0.5857,0.569,nan,nan,nan,UNKNOWN,0.0,0.0,False,False,False,False,False,horizontal
62.366,-0.05,0.0,0.0,0.0,-0.0103,-0.0093,0.0103,0.0093,-632,-614,0.5857,0.569,nan,nan,nan,UNKNOWN,0.0,0.0,False,False,False,False,False,horizontal
62.416,-0.05,0.0,0.0,0.0,-0.0103,-0.0093,0.0103,0.0093,-632,-614,0.5857,0.569,nan,nan,nan,UNKNOWN,0.0,0.0,False,False,False,False,False,horizontal
62.466,-0.05,0.0,0.0,0.0,-0.0082,-0.0075,0.0082,0.0075,-632,-614,0.5857,0.569,nan,nan,nan,UNKNOWN,0.0,0.0,False,False,False,False,False,horizontal
62.516,-0.05,0.0,0.0,0.0,-0.0082,-0.0075,0.0082,0.0075,-632,-614,0.5857,0.569,nan,nan,nan,UNKNOWN,0.0,0.0,False,False,False,False,False,horizontal
62.566,-0.05,0.0,0.0,0.0,-0.0082,-0.0075,0.0082,0.0075,-632,-614,0.5857,0.569,nan,nan,nan,UNKNOWN,0.0,0.0,False,False,False,False,False,horizontal
62.616,-0.05,0.0,0.0,0.0,-0.0066,-0.006,0.0066,0.006,-632,-614,0.5857,0.569,nan,nan,nan,UNKNOWN,0.0,0.0,False,False,False,False,False,horizontal
62.666,-0.05,0.0,0.0,0.0,-0.0066,-0.006,0.0066,0.006,-632,-614,0.5857,0.569,nan,nan,nan,UNKNOWN,0.0,0.0,False,False,False,False,False,horizontal
62.716,-0.05,0.0,0.0,0.0,-0.0053,-0.0048,0.0053,0.0048,-632,-614,0.5857,0.569,nan,nan,nan,UNKNOWN,0.0,0.0,False,False,False,False,False,horizontal
62.766,-0.05,0.0,0.0,0.0,-0.0053,-0.0048,0.0053,0.0048,-632,-614,0.5857,0.569,nan,nan,nan,UNKNOWN,0.0,0.0,False,False,False,False,False,horizontal
62.816,-0.05,0.0,0.0,0.0,-0.0053,-0.0048,0.0053,0.0048,-632,-614,0.5857,0.569,nan,nan,nan,UNKNOWN,0.0,0.0,False,False,False,False,False,horizontal
62.866,-0.05,0.0,0.0,0.0,-0.0042,-0.0038,0.0042,0.0038,-632,-614,0.5857,0.569,nan,nan,nan,UNKNOWN,0.0,0.0,False,False,False,False,False,horizontal
62.916,-0.05,0.0,0.0,0.0,-0.0042,-0.0038,0.0042,0.0038,-632,-614,0.5857,0.569,nan,nan,nan,UNKNOWN,0.0,0.0,False,False,False,False,False,horizontal
62.966,-0.05,0.0,0.0,0.0,-0.0042,-0.0038,0.0042,0.0038,-632,-614,0.5857,0.569,nan,nan,nan,UNKNOWN,0.0,0.0,False,False,False,False,False,horizontal
63.016,-0.05,0.0,0.0,0.0,-0.0034,-0.0031,0.0034,0.0031,-632,-614,0.5857,0.569,nan,nan,nan,UNKNOWN,0.0,0.0,False,False,False,False,False,horizontal
63.068,-0.05,0.0,0.0,0.0,-0.0034,-0.0031,0.0034,0.0031,-632,-614,0.5857,0.569,nan,nan,nan,UNKNOWN,0.0,0.0,False,False,False,False,False,horizontal
63.116,-0.05,0.0,0.0,0.0,-0.0034,-0.0031,0.0034,0.0031,-632,-614,0.5857,0.569,nan,nan,nan,UNKNOWN,0.0,0.0,False,False,False,False,False,horizontal
63.166,-0.05,0.0,0.0,0.0,-0.0027,-0.0025,0.0027,0.0025,-632,-614,0.5857,0.569,nan,nan,nan,UNKNOWN,0.0,0.0,False,False,False,False,False,horizontal
63.216,-0.05,0.0,0.0,0.0,-0.0027,-0.0025,0.0027,0.0025,-632,-614,0.5857,0.569,nan,nan,nan,UNKNOWN,0.0,0.0,False,False,False,False,False,horizontal
63.266,-0.05,0.0,0.0,0.0,-0.0027,-0.0025,0.0027,0.0025,-632,-614,0.5857,0.569,nan,nan,nan,UNKNOWN,0.0,0.0,False,False,False,False,False,horizontal
63.316,-0.05,0.0,0.0,0.0,-0.0022,-0.002,0.0022,0.002,-632,-614,0.5857,0.569,nan,nan,nan,UNKNOWN,0.0,0.0,False,False,False,False,False,horizontal
63.366,-0.05,0.0,0.0,0.0,-0.0022,-0.002,0.0022,0.002,-632,-614,0.5857,0.569,nan,nan,nan,UNKNOWN,0.0,0.0,False,False,False,False,False,horizontal
63.416,-0.05,0.0,0.0,0.0,-0.0017,-0.0016,0.0017,0.0016,-632,-614,0.5857,0.569,nan,nan,nan,UNKNOWN,0.0,0.0,False,False,False,False,False,horizontal
63.466,-0.05,0.0,0.0,0.0,-0.0017,-0.0016,0.0017,0.0016,-632,-614,0.5857,0.569,nan,nan,nan,UNKNOWN,0.0,0.0,False,False,False,False,False,horizontal
63.516,-0.05,0.0,0.0,0.0,-0.0014,-0.0013,0.0014,0.0013,-632,-614,0.5857,0.569,nan,nan,nan,UNKNOWN,0.0,0.0,False,False,False,False,False,horizontal
63.566,-0.05,0.0,0.0,0.0,-0.0014,-0.0013,0.0014,0.0013,-632,-614,0.5857,0.569,nan,nan,nan,UNKNOWN,0.0,0.0,False,False,False,False,False,horizontal
63.616,-0.05,0.0,0.0,0.0,-0.0014,-0.0013,0.0014,0.0013,-632,-614,0.5857,0.569,nan,nan,nan,UNKNOWN,0.0,0.0,False,False,False,False,False,horizontal
63.666,-0.05,0.0,0.0,0.0,-0.0011,-0.001,0.0011,0.001,-632,-614,0.5857,0.569,nan,nan,nan,UNKNOWN,0.0,0.0,False,False,False,False,False,horizontal
63.716,-0.05,0.0,0.0,0.0,-0.0011,-0.001,0.0011,0.001,-632,-614,0.5857,0.569,nan,nan,nan,UNKNOWN,0.0,0.0,False,False,False,False,False,horizontal
63.766,-0.05,0.0,0.0,0.0,0.0,0.0,0.0,0.0,-632,-614,0.5857,0.569,nan,nan,nan,UNKNOWN,0.0,0.0,False,False,False,False,False,horizontal
63.816,-0.05,0.0,0.0,0.0,0.0,0.0,0.0,0.0,-632,-614,0.5857,0.569,nan,nan,nan,UNKNOWN,0.0,0.0,False,False,False,False,False,horizontal
63.866,-0.05,0.0,0.0,0.0,0.0,0.0,0.0,0.0,-632,-614,0.5857,0.569,nan,nan,nan,UNKNOWN,0.0,0.0,False,False,False,False,False,horizontal
63.916,-0.05,0.0,0.0,0.0,0.0,0.0,0.0,0.0,-632,-614,0.5857,0.569,nan,nan,nan,UNKNOWN,0.0,0.0,False,False,False,False,False,horizontal
63.966,-0.05,0.0,0.0,0.0,0.0,0.0,0.0,0.0,-632,-614,0.5857,0.569,nan,nan,nan,UNKNOWN,0.0,0.0,False,False,False,False,False,horizontal
64.016,-0.05,0.0,0.0,0.0,0.0,0.0,0.0,0.0,-632,-614,0.5857,0.569,nan,nan,nan,UNKNOWN,0.0,0.0,False,False,False,False,False,horizontal
64.068,-0.05,0.0,0.0,0.0,0.0,0.0,0.0,0.0,-632,-614,0.5857,0.569,nan,nan,nan,UNKNOWN,0.0,0.0,False,False,False,False,False,horizontal
64.116,-0.05,0.0,0.0,0.0,0.0,0.0,0.0,0.0,-632,-614,0.5857,0.569,nan,nan,nan,UNKNOWN,0.0,0.0,False,False,False,False,False,horizontal
64.166,-0.05,0.0,0.0,0.0,0.0,0.0,0.0,0.0,-632,-614,0.5857,0.569,nan,nan,nan,UNKNOWN,0.0,0.0,False,False,False,False,False,horizontal
64.216,-0.05,0.0,0.0,0.0,0.0,0.0,0.0,0.0,-632,-614,0.5857,0.569,nan,nan,nan,UNKNOWN,0.0,0.0,False,False,False,False,False,horizontal
64.266,-0.05,0.0,0.0,0.0,0.0,0.0,0.0,0.0,-632,-614,0.5857,0.569,nan,nan,nan,UNKNOWN,0.0,0.0,False,False,False,False,False,horizontal
64.316,-0.05,0.0,0.0,0.0,0.0,0.0,0.0,0.0,-632,-614,0.5857,0.569,nan,nan,nan,UNKNOWN,0.0,0.0,False,False,False,False,False,horizontal
64.366,-0.05,0.0,0.0,0.0,0.0,0.0,0.0,0.0,-632,-614,0.5857,0.569,nan,nan,nan,UNKNOWN,0.0,0.0,False,False,False,False,False,horizontal
64.416,-0.05,0.0,0.0,0.0,0.0,0.0,0.0,0.0,-632,-614,0.5857,0.569,nan,nan,nan,UNKNOWN,0.0,0.0,False,False,False,False,False,horizontal
64.466,-0.05,0.0,0.0,0.0,0.0,0.0,0.0,0.0,-632,-614,0.5857,0.569,nan,nan,nan,UNKNOWN,0.0,0.0,False,False,False,False,False,horizontal
64.516,-0.05,0.0,0.0,0.0,0.0,0.0,0.0,0.0,-632,-614,0.5857,0.569,nan,nan,nan,UNKNOWN,0.0,0.0,False,False,False,False,False,horizontal
64.566,-0.05,0.0,0.0,0.0,0.0,0.0,0.0,0.0,-632,-614,0.5857,0.569,nan,nan,nan,UNKNOWN,0.0,0.0,False,False,False,False,False,horizontal
64.616,-0.05,0.0,0.0,0.0,0.0,0.0,0.0,0.0,-632,-614,0.5857,0.569,nan,nan,nan,UNKNOWN,0.0,0.0,False,False,False,False,False,horizontal
64.666,-0.05,0.0,0.0,0.0,0.0,0.0,0.0,0.0,-632,-614,0.5857,0.569,nan,nan,nan,UNKNOWN,0.0,0.0,False,False,False,False,False,horizontal
64.716,-0.05,0.0,0.0,0.0,0.0,0.0,0.0,0.0,-632,-614,0.5857,0.569,nan,nan,nan,UNKNOWN,0.0,0.0,False,False,False,False,False,horizontal
64.766,-0.05,0.0,0.0,0.0,0.0,0.0,0.0,0.0,-632,-614,0.5857,0.569,nan,nan,nan,UNKNOWN,0.0,0.0,False,False,False,False,False,horizontal
64.816,-0.05,0.0,0.0,0.0,0.0,0.0,0.0,0.0,-632,-614,0.5857,0.569,nan,nan,nan,UNKNOWN,0.0,0.0,False,False,False,False,False,horizontal
64.866,-0.05,0.0,0.0,0.0,0.0,0.0,0.0,0.0,-632,-614,0.5857,0.569,nan,nan,nan,UNKNOWN,0.0,0.0,False,False,False,False,False,horizontal
64.916,-0.05,0.0,0.0,0.0,0.0,0.0,0.0,0.0,-632,-614,0.5857,0.569,nan,nan,nan,UNKNOWN,0.0,0.0,False,False,False,False,False,horizontal
64.966,-0.05,0.0,0.0,0.0,0.0,0.0,0.0,0.0,-632,-614,0.5857,0.569,nan,nan,nan,UNKNOWN,0.0,0.0,False,False,False,False,False,horizontal
65.016,-0.05,0.0,0.0,0.0,0.0,0.0,0.0,0.0,-632,-614,0.5857,0.569,nan,nan,nan,UNKNOWN,0.0,0.0,False,False,False,False,False,horizontal
65.068,-0.05,0.0,0.0,0.0,0.0,0.0,0.0,0.0,-632,-614,0.5857,0.569,nan,nan,nan,UNKNOWN,0.0,0.0,False,False,False,False,False,horizontal
65.116,-0.05,0.0,0.0,0.0,0.0,0.0,0.0,0.0,-632,-614,0.5857,0.569,nan,nan,nan,UNKNOWN,0.0,0.0,False,False,False,False,False,horizontal
65.166,-0.05,0.0,0.0,0.0,0.0,0.0,0.0,0.0,-632,-614,0.5857,0.569,nan,nan,nan,UNKNOWN,0.0,0.0,False,False,False,False,False,horizontal
65.216,-0.05,0.0,0.0,0.0,0.0,0.0,0.0,0.0,-632,-614,0.5857,0.569,nan,nan,nan,UNKNOWN,0.0,0.0,False,False,False,False,False,horizontal
65.266,-0.05,0.0,0.0,0.0,0.0,0.0,0.0,0.0,-632,-614,0.5857,0.569,nan,nan,nan,UNKNOWN,0.0,0.0,False,False,False,False,False,horizontal
65.316,-0.05,0.0,0.0,0.0,0.0,0.0,0.0,0.0,-632,-614,0.5857,0.569,nan,nan,nan,UNKNOWN,0.0,0.0,False,False,False,False,False,horizontal
65.366,-0.05,0.0,0.0,0.0,0.0,0.0,0.0,0.0,-632,-614,0.5857,0.569,nan,nan,nan,UNKNOWN,0.0,0.0,False,False,False,False,False,horizontal
65.416,-0.05,0.0,0.0,0.0,0.0,0.0,0.0,0.0,-632,-614,0.5857,0.569,nan,nan,nan,UNKNOWN,0.0,0.0,False,False,False,False,False,horizontal
65.466,-0.05,0.0,0.0,0.0,0.0,0.0,0.0,0.0,-632,-614,0.5857,0.569,nan,nan,nan,UNKNOWN,0.0,0.0,False,False,False,False,False,horizontal
65.516,-0.05,0.0,0.0,0.0,0.0,0.0,0.0,0.0,-632,-614,0.5857,0.569,nan,nan,nan,UNKNOWN,0.0,0.0,False,False,False,False,False,horizontal
65.566,-0.05,0.0,0.0,0.0,0.0,0.0,0.0,0.0,-632,-614,0.5857,0.569,nan,nan,nan,UNKNOWN,0.0,0.0,False,False,False,False,False,horizontal
65.616,-0.05,0.0,0.0,0.0,0.0,0.0,0.0,0.0,-632,-614,0.5857,0.569,nan,nan,nan,UNKNOWN,0.0,0.0,False,False,False,False,False,horizontal
65.666,-0.05,0.0,0.0,0.0,0.0,0.0,0.0,0.0,-632,-614,0.5857,0.569,nan,nan,nan,UNKNOWN,0.0,0.0,False,False,False,False,False,horizontal
65.716,-0.05,0.0,0.0,0.0,0.0,0.0,0.0,0.0,-632,-614,0.5857,0.569,nan,nan,nan,UNKNOWN,0.0,0.0,False,False,False,False,False,horizontal
65.766,-0.05,0.0,0.0,0.0,0.0,0.0,0.0,0.0,-632,-614,0.5857,0.569,nan,nan,nan,UNKNOWN,0.0,0.0,False,False,False,False,False,horizontal
65.816,-0.05,0.0,0.0,0.0,0.0,0.0,0.0,0.0,-632,-614,0.5857,0.569,nan,nan,nan,UNKNOWN,0.0,0.0,False,False,False,False,False,horizontal
65.866,-0.05,0.0,0.0,0.0,0.0,0.0,0.0,0.0,-632,-614,0.5857,0.569,nan,nan,nan,UNKNOWN,0.0,0.0,False,False,False,False,False,horizontal
65.916,-0.05,0.0,0.0,0.0,0.0,0.0,0.0,0.0,-632,-614,0.5857,0.569,nan,nan,nan,UNKNOWN,0.0,0.0,False,False,False,False,False,horizontal
65.966,-0.05,0.0,0.0,0.0,0.0,0.0,0.0,0.0,-632,-614,0.5857,0.569,nan,nan,nan,UNKNOWN,0.0,0.0,False,False,False,False,False,horizontal
66.016,-0.05,0.0,0.0,0.0,0.0,0.0,0.0,0.0,-632,-614,0.5857,0.569,nan,nan,nan,UNKNOWN,0.0,0.0,False,False,False,False,False,horizontal
66.068,-0.05,0.0,0.0,0.0,0.0,0.0,0.0,0.0,-632,-614,0.5857,0.569,nan,nan,nan,UNKNOWN,0.0,0.0,False,False,False,False,False,horizontal
66.116,-0.05,0.0,0.0,0.0,0.0,0.0,0.0,0.0,-632,-614,0.5857,0.569,nan,nan,nan,UNKNOWN,0.0,0.0,False,False,False,False,False,horizontal
66.166,-0.05,0.0,0.0,0.0,0.0,0.0,0.0,0.0,-632,-614,0.5857,0.569,nan,nan,nan,UNKNOWN,0.0,0.0,False,False,False,False,False,horizontal
66.216,-0.05,0.0,0.0,0.0,0.0,0.0,0.0,0.0,-632,-614,0.5857,0.569,nan,nan,nan,UNKNOWN,0.0,0.0,False,False,False,False,False,horizontal
66.266,-0.05,0.0,0.0,0.0,0.0,0.0,0.0,0.0,-632,-614,0.5857,0.569,nan,nan,nan,UNKNOWN,0.0,0.0,False,False,False,False,False,horizontal
66.316,-0.05,0.0,0.0,0.0,0.0,0.0,0.0,0.0,-632,-614,0.5857,0.569,nan,nan,nan,UNKNOWN,0.0,0.0,False,False,False,False,False,horizontal
66.366,-0.05,0.0,0.0,0.0,0.0,0.0,0.0,0.0,-632,-614,0.5857,0.569,nan,nan,nan,UNKNOWN,0.0,0.0,False,False,False,False,False,horizontal
66.416,-0.05,0.0,0.0,0.0,0.0,0.0,0.0,0.0,-632,-614,0.5857,0.569,nan,nan,nan,UNKNOWN,0.0,0.0,False,False,False,False,False,horizontal
66.466,-0.05,0.0,0.0,0.0,0.0,0.0,0.0,0.0,-632,-614,0.5857,0.569,nan,nan,nan,UNKNOWN,0.0,0.0,False,False,False,False,False,horizontal
66.516,-0.05,0.0,0.0,0.0,0.0,0.0,0.0,0.0,-632,-614,0.5857,0.569,nan,nan,nan,UNKNOWN,0.0,0.0,False,False,False,False,False,horizontal
66.566,-0.05,0.0,0.0,0.0,0.0,0.0,0.0,0.0,-632,-614,0.5857,0.569,nan,nan,nan,UNKNOWN,0.0,0.0,False,False,False,False,False,horizontal
66.616,-0.05,0.0,0.0,0.0,0.0,0.0,0.0,0.0,-632,-614,0.5857,0.569,nan,nan,nan,UNKNOWN,0.0,0.0,False,False,False,False,False,horizontal
66.666,-0.05,0.0,0.0,0.0,0.0,0.0,0.0,0.0,-632,-614,0.5857,0.569,nan,nan,nan,UNKNOWN,0.0,0.0,False,False,False,False,False,horizontal
66.716,-0.05,0.0,0.0,0.0,0.0,0.0,0.0,0.0,-632,-614,0.5857,0.569,nan,nan,nan,UNKNOWN,0.0,0.0,False,False,False,False,False,horizontal
66.766,-0.05,0.0,0.0,0.0,0.0,0.0,0.0,0.0,-632,-614,0.5857,0.569,nan,nan,nan,UNKNOWN,0.0,0.0,False,False,False,False,False,horizontal
66.816,-0.05,0.0,0.0,0.0,0.0,0.0,0.0,0.0,-632,-614,0.5857,0.569,nan,nan,nan,UNKNOWN,0.0,0.0,False,False,False,False,False,horizontal
66.866,-0.05,0.0,0.0,0.0,0.0,0.0,0.0,0.0,-632,-614,0.5857,0.569,nan,nan,nan,UNKNOWN,0.0,0.0,False,False,False,False,False,horizontal
66.916,-0.05,0.0,0.0,0.0,0.0,0.0,0.0,0.0,-632,-614,0.5857,0.569,nan,nan,nan,UNKNOWN,0.0,0.0,False,False,False,False,False,horizontal
66.966,-0.05,0.0,0.0,0.0,0.0,0.0,0.0,0.0,-632,-614,0.5857,0.569,nan,nan,nan,UNKNOWN,0.0,0.0,False,False,False,False,False,horizontal
67.016,-0.05,0.0,0.0,0.0,0.0,0.0,0.0,0.0,-632,-614,0.5857,0.569,nan,nan,nan,UNKNOWN,0.0,0.0,False,False,False,False,False,horizontal
67.068,-0.05,0.0,0.0,0.0,0.0,0.0,0.0,0.0,-632,-614,0.5857,0.569,nan,nan,nan,UNKNOWN,0.0,0.0,False,False,False,False,False,horizontal
67.116,-0.05,0.0,0.0,0.0,0.0,0.0,0.0,0.0,-632,-614,0.5857,0.569,nan,nan,nan,UNKNOWN,0.0,0.0,False,False,False,False,False,horizontal
67.166,-0.05,0.0,0.0,0.0,0.0,0.0,0.0,0.0,-632,-614,0.5857,0.569,nan,nan,nan,UNKNOWN,0.0,0.0,False,False,False,False,False,horizontal
67.216,-0.05,0.0,0.0,0.0,0.0,0.0,0.0,0.0,-632,-614,0.5857,0.569,nan,nan,nan,UNKNOWN,0.0,0.0,False,False,False,False,False,horizontal
67.266,-0.05,0.0,0.0,0.0,0.0,0.0,0.0,0.0,-632,-614,0.5857,0.569,nan,nan,nan,UNKNOWN,0.0,0.0,False,False,False,False,False,horizontal
67.316,-0.05,0.0,0.0,0.0,0.0,0.0,0.0,0.0,-632,-614,0.5857,0.569,nan,nan,nan,UNKNOWN,0.0,0.0,False,False,False,False,False,horizontal
67.366,-0.05,0.0,0.0,0.0,0.0,0.0,0.0,0.0,-632,-614,0.5857,0.569,nan,nan,nan,UNKNOWN,0.0,0.0,False,False,False,False,False,horizontal
67.416,-0.05,0.0,0.0,0.0,0.0,0.0,0.0,0.0,-632,-614,0.5857,0.569,nan,nan,nan,UNKNOWN,0.0,0.0,False,False,False,False,False,horizontal
67.466,-0.05,0.0,0.0,0.0,0.0,0.0,0.0,0.0,-632,-614,0.5857,0.569,nan,nan,nan,UNKNOWN,0.0,0.0,False,False,False,False,False,horizontal
67.516,-0.05,0.0,0.0,0.0,0.0,0.0,0.0,0.0,-632,-614,0.5857,0.569,nan,nan,nan,UNKNOWN,0.0,0.0,False,False,False,False,False,horizontal
67.566,-0.05,0.0,0.0,0.0,0.0,0.0,0.0,0.0,-632,-614,0.5857,0.569,nan,nan,nan,UNKNOWN,0.0,0.0,False,False,False,False,False,horizontal
67.616,-0.05,0.0,0.0,0.0,0.0,0.0,0.0,0.0,-632,-614,0.5857,0.569,nan,nan,nan,UNKNOWN,0.0,0.0,False,False,False,False,False,horizontal
67.666,-0.05,0.0,0.0,0.0,0.0,0.0,0.0,0.0,-632,-614,0.5857,0.569,nan,nan,nan,UNKNOWN,0.0,0.0,False,False,False,False,False,horizontal
67.716,-0.05,0.0,0.0,0.0,0.0,0.0,0.0,0.0,-632,-614,0.5857,0.569,nan,nan,nan,UNKNOWN,0.0,0.0,False,False,False,False,False,horizontal
67.766,-0.05,0.0,0.0,0.0,0.0,0.0,0.0,0.0,-632,-614,0.5857,0.569,nan,nan,nan,UNKNOWN,0.0,0.0,False,False,False,False,False,horizontal
67.816,-0.05,0.0,0.0,0.0,0.0,0.0,0.0,0.0,-632,-614,0.5857,0.569,nan,nan,nan,UNKNOWN,0.0,0.0,False,False,False,False,False,horizontal
67.866,-0.05,0.0,0.0,0.0,0.0,0.0,0.0,0.0,-632,-614,0.5857,0.569,nan,nan,nan,UNKNOWN,0.0,0.0,False,False,False,False,False,horizontal
67.916,-0.05,0.0,0.0,0.0,0.0,0.0,0.0,0.0,-632,-614,0.5857,0.569,nan,nan,nan,UNKNOWN,0.0,0.0,False,False,False,False,False,horizontal
67.966,-0.05,0.0,0.0,0.0,0.0,0.0,0.0,0.0,-632,-614,0.5857,0.569,nan,nan,nan,UNKNOWN,0.0,0.0,False,False,False,False,False,horizontal
68.016,-0.05,0.0,0.0,0.0,0.0,0.0,0.0,0.0,-632,-614,0.5857,0.569,nan,nan,nan,UNKNOWN,0.0,0.0,False,False,False,False,False,horizontal
68.068,-0.05,0.0,0.0,0.0,0.0,0.0,0.0,0.0,-632,-614,0.5857,0.569,nan,nan,nan,UNKNOWN,0.0,0.0,False,False,False,False,False,horizontal
68.116,-0.05,0.0,0.0,0.0,0.0,0.0,0.0,0.0,-632,-614,0.5857,0.569,nan,nan,nan,UNKNOWN,0.0,0.0,False,False,False,False,False,horizontal
68.166,-0.05,0.0,0.0,0.0,0.0,0.0,0.0,0.0,-632,-614,0.5857,0.569,nan,nan,nan,UNKNOWN,0.0,0.0,False,False,False,False,False,horizontal
68.216,-0.05,0.0,0.0,0.0,0.0,0.0,0.0,0.0,-632,-614,0.5857,0.569,nan,nan,nan,UNKNOWN,0.0,0.0,False,False,False,False,False,horizontal
68.266,-0.05,0.0,0.0,0.0,0.0,0.0,0.0,0.0,-632,-614,0.5857,0.569,nan,nan,nan,UNKNOWN,0.0,0.0,False,False,False,False,False,horizontal
68.316,-0.05,0.0,0.0,0.0,0.0,0.0,0.0,0.0,-632,-614,0.5857,0.569,nan,nan,nan,UNKNOWN,0.0,0.0,False,False,False,False,False,horizontal
68.366,-0.05,0.0,0.0,0.0,0.0,0.0,0.0,0.0,-632,-614,0.5857,0.569,nan,nan,nan,UNKNOWN,0.0,0.0,False,False,False,False,False,horizontal
68.416,-0.05,0.0,0.0,0.0,0.0,0.0,0.0,0.0,-632,-614,0.5857,0.569,nan,nan,nan,UNKNOWN,0.0,0.0,False,False,False,False,False,horizontal
68.466,-0.05,0.0,0.0,0.0,0.0,0.0,0.0,0.0,-632,-614,0.5857,0.569,nan,nan,nan,UNKNOWN,0.0,0.0,False,False,False,False,False,horizontal
68.516,-0.05,0.0,0.0,0.0,0.0,0.0,0.0,0.0,-632,-614,0.5857,0.569,nan,nan,nan,UNKNOWN,0.0,0.0,False,False,False,False,False,horizontal
68.566,-0.05,0.0,0.0,0.0,0.0,0.0,0.0,0.0,-632,-614,0.5857,0.569,nan,nan,nan,UNKNOWN,0.0,0.0,False,False,False,False,False,horizontal
68.616,-0.05,0.0,0.0,0.0,0.0,0.0,0.0,0.0,-632,-614,0.5857,0.569,nan,nan,nan,UNKNOWN,0.0,0.0,False,False,False,False,False,horizontal
68.666,-0.05,0.0,0.0,0.0,0.0,0.0,0.0,0.0,-632,-614,0.5857,0.569,nan,nan,nan,UNKNOWN,0.0,0.0,False,False,False,False,False,horizontal
68.716,-0.05,0.0,0.0,0.0,0.0,0.0,0.0,0.0,-632,-614,0.5857,0.569,nan,nan,nan,UNKNOWN,0.0,0.0,False,False,False,False,False,horizontal
68.766,-0.05,0.0,0.0,0.0,0.0,0.0,0.0,0.0,-632,-614,0.5857,0.569,nan,nan,nan,UNKNOWN,0.0,0.0,False,False,False,False,False,horizontal
68.816,-0.05,0.0,0.0,0.0,0.0,0.0,0.0,0.0,-632,-614,0.5857,0.569,nan,nan,nan,UNKNOWN,0.0,0.0,False,False,False,False,False,horizontal
68.866,-0.05,0.0,0.0,0.0,0.0,0.0,0.0,0.0,-632,-614,0.5857,0.569,nan,nan,nan,UNKNOWN,0.0,0.0,False,False,False,False,False,horizontal
68.916,-0.05,0.0,0.0,0.0,0.0,0.0,0.0,0.0,-632,-614,0.5857,0.569,nan,nan,nan,UNKNOWN,0.0,0.0,False,False,False,False,False,horizontal
68.966,-0.05,0.0,0.0,0.0,0.0,0.0,0.0,0.0,-632,-614,0.5857,0.569,nan,nan,nan,UNKNOWN,0.0,0.0,False,False,False,False,False,horizontal
69.016,-0.05,0.0,0.0,0.0,0.0,0.0,0.0,0.0,-632,-614,0.5857,0.569,nan,nan,nan,UNKNOWN,0.0,0.0,False,False,False,False,False,horizontal
69.068,-0.05,0.0,0.0,0.0,0.0,0.0,0.0,0.0,-632,-614,0.5857,0.569,nan,nan,nan,UNKNOWN,0.0,0.0,False,False,False,False,False,horizontal
69.116,-0.05,0.0,0.0,0.0,0.0,0.0,0.0,0.0,-632,-614,0.5857,0.569,nan,nan,nan,UNKNOWN,0.0,0.0,False,False,False,False,False,horizontal
69.166,-0.05,0.0,0.0,0.0,0.0,0.0,0.0,0.0,-632,-614,0.5857,0.569,nan,nan,nan,UNKNOWN,0.0,0.0,False,False,False,False,False,horizontal
69.216,-0.05,0.0,0.0,0.0,0.0,0.0,0.0,0.0,-632,-614,0.5857,0.569,nan,nan,nan,UNKNOWN,0.0,0.0,False,False,False,False,False,horizontal
69.266,-0.05,0.0,0.0,0.0,0.0,0.0,0.0,0.0,-632,-614,0.5857,0.569,nan,nan,nan,UNKNOWN,0.0,0.0,False,False,False,False,False,horizontal
69.316,-0.05,0.0,0.0,0.0,0.0,0.0,0.0,0.0,-632,-614,0.5857,0.569,nan,nan,nan,UNKNOWN,0.0,0.0,False,False,False,False,False,horizontal
69.366,-0.05,0.0,0.0,0.0,0.0,0.0,0.0,0.0,-632,-614,0.5857,0.569,nan,nan,nan,UNKNOWN,0.0,0.0,False,False,False,False,False,horizontal
69.416,-0.05,0.0,0.0,0.0,0.0,0.0,0.0,0.0,-632,-614,0.5857,0.569,nan,nan,nan,UNKNOWN,0.0,0.0,False,False,False,False,False,horizontal
69.466,-0.05,0.0,0.0,0.0,0.0,0.0,0.0,0.0,-632,-614,0.5857,0.569,nan,nan,nan,UNKNOWN,0.0,0.0,False,False,False,False,False,horizontal
69.516,-0.05,0.0,0.0,0.0,0.0,0.0,0.0,0.0,-632,-614,0.5857,0.569,nan,nan,nan,UNKNOWN,0.0,0.0,False,False,False,False,False,horizontal
69.566,-0.05,0.0,0.0,0.0,0.0,0.0,0.0,0.0,-632,-614,0.5857,0.569,nan,nan,nan,UNKNOWN,0.0,0.0,False,False,False,False,False,horizontal
69.616,-0.05,0.0,0.0,0.0,0.0,0.0,0.0,0.0,-632,-614,0.5857,0.569,nan,nan,nan,UNKNOWN,0.0,0.0,False,False,False,False,False,horizontal
