t,vx,wz,tgt_r,tgt_l,spd_r,spd_l,err_r,err_l,ticks_r,ticks_l,dist_r,dist_l,raw_angle,filtered_angle,error,weld
0.09,0.0,0.0,0.0,0.0,0.0,0.0,0.0,0.0,0,0,0.0,0.0,nan,nan,nan,UNKNOWN
0.14,0.0,0.0,0.0,0.0,0.0,0.0,0.0,0.0,0,0,0.0,0.0,nan,nan,nan,UNKNOWN
0.19,0.0,0.0,0.0,0.0,0.0,0.0,0.0,0.0,0,0,0.0,0.0,nan,nan,nan,UNKNOWN
0.24,0.0,0.0,0.0,0.0,0.0,0.0,0.0,0.0,0,0,0.0,0.0,nan,nan,nan,UNKNOWN
0.29,0.0,0.0,0.0,0.0,0.0,0.0,0.0,0.0,0,0,0.0,0.0,nan,nan,nan,UNKNOWN
0.34,0.0,0.0,0.0,0.0,0.0,0.0,0.0,0.0,0,0,0.0,0.0,nan,nan,nan,UNKNOWN
0.39,0.0,0.0,0.0,0.0,0.0,0.0,0.0,0.0,0,0,0.0,0.0,nan,nan,nan,UNKNOWN
0.44,0.0,0.0,0.0,0.0,0.0,0.0,0.0,0.0,0,0,0.0,0.0,nan,nan,nan,UNKNOWN
0.49,0.0,0.0,0.0,0.0,0.0,0.0,0.0,0.0,0,0,0.0,0.0,2.812503493359528,nan,nan,NO_WELD
0.54,0.0,0.0,0.0,0.0,0.0,0.0,0.0,0.0,0,0,0.0,0.0,2.812503493359528,nan,nan,NO_WELD
0.59,0.0,0.0,0.0,0.0,0.0,0.0,0.0,0.0,0,0,0.0,0.0,9.492191366001752,nan,nan,NO_WELD
0.64,0.0,0.0,0.0,0.0,0.0,0.0,0.0,0.0,0,0,0.0,0.0,9.492191366001752,nan,nan,NO_WELD
0.69,0.0,0.0,0.0,0.0,0.0,0.0,0.0,0.0,0,0,0.0,0.0,3.5156285662866162,nan,nan,NO_WELD
0.74,0.0,0.0,0.0,0.0,0.0,0.0,0.0,0.0,0,0,0.0,0.0,3.5156285662866162,nan,nan,NO_WELD
0.79,0.0,0.0,0.0,0.0,0.0,0.0,0.0,0.0,0,0,0.0,0.0,-3.8671843792826963,nan,nan,NO_WELD
0.84,0.0,0.0,0.0,0.0,0.0,0.0,0.0,0.0,0,0,0.0,0.0,-3.8671843792826963,nan,nan,NO_WELD
0.89,0.0,0.0,0.0,0.0,0.0,0.0,0.0,0.0,0,0,0.0,0.0,3.5156285662866162,nan,nan,NO_WELD
0.94,0.0,0.0,0.0,0.0,0.0,0.0,0.0,0.0,0,0,0.0,0.0,3.5156285662866162,nan,nan,NO_WELD
0.99,0.0,0.0,0.0,0.0,0.0,0.0,0.0,0.0,0,0,0.0,0.0,-2.1093715902432693,nan,nan,NO_WELD
1.041,0.0,0.0,0.0,0.0,0.0,0.0,0.0,0.0,0,0,0.0,0.0,-2.1093715902432693,nan,nan,NO_WELD
1.09,0.0,0.0,0.0,0.0,0.0,0.0,0.0,0.0,0,0,0.0,0.0,-2.1093715902432693,nan,nan,NO_WELD
1.14,0.0,0.0,0.0,0.0,0.0,0.0,0.0,0.0,0,0,0.0,0.0,-2.1093715902432693,nan,nan,NO_WELD
1.19,0.0,0.0,0.0,0.0,0.0,0.0,0.0,0.0,0,0,0.0,0.0,-2.1093715902432693,nan,nan,NO_WELD
1.24,0.0,0.0,0.0,0.0,0.0,0.0,0.0,0.0,0,0,0.0,0.0,-2.1093715902432693,nan,nan,NO_WELD
1.29,0.0,0.0,0.0,0.0,0.0,0.0,0.0,0.0,0,0,0.0,0.0,-2.1093715902432693,nan,nan,NO_WELD
1.34,0.0,0.0,0.0,0.0,0.0,0.0,0.0,0.0,0,0,0.0,0.0,-2.1093715902432693,nan,nan,NO_WELD
1.39,0.0,0.0,0.0,0.0,0.0,0.0,0.0,0.0,0,0,0.0,0.0,3.1640659231013664,nan,nan,NO_WELD
1.44,0.0,0.0,0.0,0.0,0.0,0.0,0.0,0.0,0,0,0.0,0.0,3.1640659231013664,nan,nan,NO_WELD
1.49,0.0,0.0,0.0,0.0,0.0,0.0,0.0,0.0,0,0,0.0,0.0,-3.164059092912196,nan,nan,NO_WELD
1.54,0.0,0.0,0.0,0.0,0.0,0.0,0.0,0.0,0,0,0.0,0.0,-3.164059092912196,nan,nan,NO_WELD
1.59,0.0,0.0,0.0,0.0,0.0,0.0,0.0,0.0,0,0,0.0,0.0,2.812503493359528,nan,nan,NO_WELD
1.64,0.0,0.0,0.0,0.0,0.0,0.0,0.0,0.0,0,0,0.0,0.0,2.812503493359528,nan,nan,NO_WELD
1.69,0.0,0.0,0.0,0.0,0.0,0.0,0.0,0.0,0,0,0.0,0.0,3.5156285662866162,nan,nan,NO_WELD
1.74,0.0,0.0,0.0,0.0,0.0,0.0,0.0,0.0,0,0,0.0,0.0,3.5156285662866162,nan,nan,NO_WELD
1.79,0.0,0.0,0.0,0.0,0.0,0.0,0.0,0.0,0,0,0.0,0.0,3.5156285662866162,nan,nan,NO_WELD
1.84,0.0,0.0,0.0,0.0,0.0,0.0,0.0,0.0,0,0,0.0,0.0,3.5156285662866162,nan,nan,NO_WELD
1.89,0.0,0.0,0.0,0.0,0.0,0.0,0.0,0.0,0,0,0.0,0.0,3.1640659231013664,nan,nan,NO_WELD
1.94,0.0,0.0,0.0,0.0,0.0,0.0,0.0,0.0,0,0,0.0,0.0,3.1640659231013664,nan,nan,NO_WELD
1.99,0.0,0.0,0.0,0.0,0.0,0.0,0.0,0.0,0,0,0.0,0.0,3.1640659231013664,3.1640659231013664,0.0,WELD_FOUND
2.041,0.0,0.0,0.0,0.0,0.0,0.0,0.0,0.0,0,0,0.0,0.0,3.1640659231013664,3.1640659231013664,0.0,WELD_FOUND
2.09,0.02083156607212477,-0.05,0.013331566072124771,0.02833156607212477,0.0,0.0,0.0133,0.0283,0,0,0.0,0.0,1.4062534542270564,2.2851597420250642,-0.8789062877980078,WELD_FOUND
2.14,0.02083156607212477,-0.05,0.013331566072124771,0.02833156607212477,0.0,0.0,0.0133,0.0283,0,0,0.0,0.0,1.4062534542270564,2.2851597420250642,-0.8789062877980078,WELD_FOUND
2.19,0.02007905756728466,-0.1,0.005079057567284662,0.03507905756728466,0.0,0.0,0.0051,0.0351,0,0,0.0,0.0,2.4609410636176894,2.4609410636176894,0.0,WELD_FOUND
2.24,0.02007905756728466,-0.1,0.005079057567284662,0.03507905756728466,0.0,0.0,0.0051,0.0351,0,0,0.0,0.0,2.4609410636176894,2.4609410636176894,0.0,WELD_FOUND
2.29,0.019194320722460884,-0.11763737706986732,0.001548714161980786,0.036839927282940985,0.0,0.0,0.0015,0.0368,0,0,0.0,0.0,2.812503493359528,2.6367221717669027,0.17578132159262516,WELD_FOUND
2.34,0.019194320722460884,-0.11763737706986732,0.001548714161980786,0.036839927282940985,0.0,0.0,0.0015,0.0368,0,0,0.0,0.0,2.812503493359528,2.6367221717669027,0.17578132159262516,WELD_FOUND
2.39,0.01975233939893967,-0.10574966808413526,0.0038898891863193806,0.03561478961155996,0.0,0.0,0.0039,0.0356,0,0,0.0,0.0,2.4609410636176894,2.4609410636176894,0.0,WELD_FOUND
2.44,0.01975233939893967,-0.10574966808413526,0.0038898891863193806,0.03561478961155996,0.0,0.0,0.0039,0.0356,0,0,0.0,0.0,2.4609410636176894,2.4609410636176894,0.0,WELD_FOUND
2.49,0.019864902602876756,-0.10705199514385037,0.003807103331299199,0.035922701874454316,0.0,0.0,0.0038,0.0359,0,0,0.0,0.0,1.4062534542270564,2.4609410636176894,-1.054687609390633,WELD_FOUND
2.54,0.019864902602876756,-0.10705199514385037,0.003807103331299199,0.035922701874454316,0.0,0.0,0.0038,0.0359,0,0,0.0,0.0,1.4062534542270564,2.4609410636176894,-1.054687609390633,WELD_FOUND
2.59,0.019887453622409824,-0.1073129572899795,0.0037905100289129003,0.03598439721590675,0.0,0.0,0.0038,0.036,0,0,0.0,0.0,1.054690917763512,2.4609410636176894,-1.4062501458541774,WELD_FOUND
2.64,0.019887453622409824,-0.1073129572899795,0.0037905100289129003,0.03598439721590675,0.0,0.0,0.0038,0.036,0,0,0.0,0.0,1.054690917763512,2.4609410636176894,-1.4062501458541774,WELD_FOUND
2.69,0.0,0.0,0.0,0.0,0.0,0.0,0.0,0.0,0,0,0.0,0.0,1.054690917763512,nan,nan,NO_WELD
2.74,0.0,0.0,0.0,0.0,0.0,0.0,0.0,0.0,0,0,0.0,0.0,1.054690917763512,nan,nan,NO_WELD
2.79,0.0,0.0,0.0,0.0,0.0,0.0,0.0,0.0,0,0,0.0,0.0,1.054690917763512,nan,nan,NO_WELD
2.84,0.0,0.0,0.0,0.0,0.0,0.0,0.0,0.0,0,0,0.0,0.0,1.054690917763512,nan,nan,NO_WELD
2.89,0.0,0.0,0.0,0.0,0.0,0.0,0.0,0.0,0,0,0.0,0.0,1.054690917763512,nan,nan,NO_WELD
2.94,0.0,0.0,0.0,0.0,0.0,0.0,0.0,0.0,0,0,0.0,0.0,1.054690917763512,nan,nan,NO_WELD
2.99,0.0,0.0,0.0,0.0,0.0,0.0,0.0,0.0,0,0,0.0,0.0,3.8671912094718666,3.8671912094718666,0.0,WELD_FOUND
3.041,0.0,0.0,0.0,0.0,0.0,0.0,0.0,0.0,0,0,0.0,0.0,3.8671912094718666,3.8671912094718666,0.0,WELD_FOUND
3.09,0.011697984183214948,-0.05,0.0041979841832149485,0.019197984183214948,0.0,0.0,0.0042,0.0192,0,0,0.0,0.0,4.5703160689555435,4.218753425770293,0.3515626431852503,WELD_FOUND
3.14,0.011697984183214948,-0.05,0.0041979841832149485,0.019197984183214948,0.0,0.0,0.0042,0.0192,0,0,0.0,0.0,4.5703160689555435,4.218753425770293,0.3515626431852503,WELD_FOUND
3.19,0.011697984183214948,-0.1,-0.003302015816785051,0.026697984183214948,0.0,0.0,-0.0033,0.0267,0,0,0.0,0.0,4.218753425770293,4.218753425770293,0.0,WELD_FOUND
3.24,0.011697984183214948,-0.1,-0.003302015816785051,0.026697984183214948,0.0,0.0,-0.0033,0.0267,0,0,0.0,0.0,4.218753425770293,4.218753425770293,0.0,WELD_FOUND
3.29,0.011697984183214948,-0.15000000000000002,-0.010802015816785054,0.03419798418321495,0.0,0.0,-0.0108,0.0342,0,0,0.0,0.0,4.218753425770293,4.218753425770293,0.0,WELD_FOUND
3.34,0.011697984183214948,-0.15000000000000002,-0.010802015816785054,0.03419798418321495,0.0,0.0,-0.0108,0.0342,0,0,0.0,0.0,4.218753425770293,4.218753425770293,0.0,WELD_FOUND
3.39,0.011697984183214948,-0.18407784402370453,-0.01591369242034073,0.03930966078677063,0.0,0.0,-0.0159,0.0393,0,0,0.0,0.0,4.921878712140794,4.218753425770293,0.7031252863705006,WELD_FOUND
3.44,0.011697984183214948,-0.18407784402370453,-0.01591369242034073,0.03930966078677063,0.0,0.0,-0.0159,0.0393,0,0,0.0,0.0,4.921878712140794,4.218753425770293,0.7031252863705006,WELD_FOUND
3.49,0.0,0.0,0.0,0.0,0.0,0.0,0.0,0.0,0,0,0.0,0.0,4.921878712140794,nan,nan,NO_WELD
3.54,0.0,0.0,0.0,0.0,0.0,0.0,0.0,0.0,0,0,0.0,0.0,4.921878712140794,nan,nan,NO_WELD
3.59,0.005,-0.05,-0.0024999999999999996,0.0125,0.0,0.0,-0.0025,0.0125,0,0,0.0,0.0,7.734379003849147,7.734379003849147,0.0,WELD_FOUND
3.64,0.005,-0.05,-0.0024999999999999996,0.0125,0.0,0.0,-0.0025,0.0125,0,0,0.0,0.0,7.734379003849147,7.734379003849147,0.0,WELD_FOUND
3.69,0.005,-0.1,-0.009999999999999998,0.02,0.0,0.0,-0.01,0.02,0,0,0.0,0.0,7.031253717478648,7.382816360663898,-0.3515626431852503,WELD_FOUND
3.74,0.005,-0.1,-0.009999999999999998,0.02,0.0,0.0,-0.01,0.02,0,0,0.0,0.0,7.031253717478648,7.382816360663898,-0.3515626431852503,WELD_FOUND
3.79,0.0,0.0,0.0,0.0,0.0,0.0,0.0,0.0,0,0,0.0,0.0,7.031253717478648,nan,nan,NO_WELD
3.84,0.0,0.0,0.0,0.0,0.0,0.0,0.0,0.0,0,0,0.0,0.0,7.031253717478648,nan,nan,NO_WELD
3.89,0.0,0.0,0.0,0.0,0.0,0.0,0.0,0.0,0,0,0.0,0.0,7.031253717478648,nan,nan,NO_WELD
3.94,0.0,0.0,0.0,0.0,0.0,0.0,0.0,0.0,0,0,0.0,0.0,7.031253717478648,nan,nan,NO_WELD
3.99,0.005,-0.05,-0.0024999999999999996,0.0125,0.0,0.0,-0.0025,0.0125,0,0,0.0,0.0,6.328128431108148,6.328128431108148,0.0,WELD_FOUND
4.041,0.005,-0.05,-0.0024999999999999996,0.0125,0.0,0.0,-0.0025,0.0125,0,0,0.0,0.0,6.328128431108148,6.328128431108148,0.0,WELD_FOUND
4.09,0.0,0.0,0.0,0.0,0.0,0.0,0.0,0.0,0,0,0.0,0.0,6.328128431108148,nan,nan,NO_WELD
4.14,0.0,0.0,0.0,0.0,0.0,0.0,0.0,0.0,0,0,0.0,0.0,6.328128431108148,nan,nan,NO_WELD
4.19,0.0,0.0,0.0,0.0,0.0,0.0,0.0,0.0,0,0,0.0,0.0,6.328128431108148,nan,nan,NO_WELD
4.24,0.0,0.0,0.0,0.0,0.0,0.0,0.0,0.0,0,0,0.0,0.0,6.328128431108148,nan,nan,NO_WELD
4.29,0.0,0.0,0.0,0.0,0.0,0.0,0.0,0.0,0,0,0.0,0.0,6.328128431108148,nan,nan,NO_WELD
4.34,0.0,0.0,0.0,0.0,0.0,0.0,0.0,0.0,0,0,0.0,0.0,6.328128431108148,nan,nan,NO_WELD
4.39,0.0,0.0,0.0,0.0,0.0,0.0,0.0,0.0,0,0,0.0,0.0,7.031253717478648,7.031253717478648,0.0,WELD_FOUND
4.44,0.0,0.0,0.0,0.0,0.0,0.0,0.0,0.0,0,0,0.0,0.0,7.031253717478648,7.031253717478648,0.0,WELD_FOUND
4.49,0.0,0.0,0.0,0.0,0.0,0.0,0.0,0.0,0,0,0.0,0.0,7.031253717478648,nan,nan,NO_WELD
4.54,0.0,0.0,0.0,0.0,0.0,0.0,0.0,0.0,0,0,0.0,0.0,7.031253717478648,nan,nan,NO_WELD
4.59,0.0,0.0,0.0,0.0,0.0,0.0,0.0,0.0,0,0,0.0,0.0,7.031253717478648,nan,nan,NO_WELD
4.64,0.0,0.0,0.0,0.0,0.0,0.0,0.0,0.0,0,0,0.0,0.0,7.031253717478648,nan,nan,NO_WELD
4.69,0.0,0.0,0.0,0.0,0.0,0.0,0.0,0.0,0,0,0.0,0.0,7.031253717478648,nan,nan,NO_WELD
4.74,0.0,0.0,0.0,0.0,0.0,0.0,0.0,0.0,0,0,0.0,0.0,7.031253717478648,nan,nan,NO_WELD
4.79,0.0,0.0,0.0,0.0,0.0,0.0,0.0,0.0,0,0,0.0,0.0,6.328128431108148,6.328128431108148,0.0,WELD_FOUND
4.84,0.0,0.0,0.0,0.0,0.0,0.0,0.0,0.0,0,0,0.0,0.0,6.328128431108148,6.328128431108148,0.0,WELD_FOUND
4.89,0.0,0.0,0.0,0.0,0.0,0.0,0.0,0.0,0,0,0.0,0.0,6.328128431108148,nan,nan,NO_WELD
4.94,0.0,0.0,0.0,0.0,0.0,0.0,0.0,0.0,0,0,0.0,0.0,6.328128431108148,nan,nan,NO_WELD
4.99,0.0,0.0,0.0,0.0,0.0,0.0,0.0,0.0,0,0,0.0,0.0,6.328128431108148,nan,nan,NO_WELD
5.041,0.0,0.0,0.0,0.0,0.0,0.0,0.0,0.0,0,0,0.0,0.0,6.328128431108148,nan,nan,NO_WELD
5.09,0.0,0.0,0.0,0.0,0.0,0.0,0.0,0.0,0,0,0.0,0.0,6.328128431108148,nan,nan,NO_WELD
5.14,0.0,0.0,0.0,0.0,0.0,0.0,0.0,0.0,0,0,0.0,0.0,6.328128431108148,nan,nan,NO_WELD
5.19,0.0,0.0,0.0,0.0,0.0,0.0,0.0,0.0,0,0,0.0,0.0,6.328128431108148,nan,nan,NO_WELD
5.24,0.0,0.0,0.0,0.0,0.0,0.0,0.0,0.0,0,0,0.0,0.0,6.328128431108148,nan,nan,NO_WELD
5.29,0.0,0.0,0.0,0.0,0.0,0.0,0.0,0.0,0,0,0.0,0.0,6.328128431108148,nan,nan,NO_WELD
5.34,0.0,0.0,0.0,0.0,0.0,0.0,0.0,0.0,0,0,0.0,0.0,6.328128431108148,nan,nan,NO_WELD
5.39,0.0,0.0,0.0,0.0,0.0,0.0,0.0,0.0,0,0,0.0,0.0,6.328128431108148,nan,nan,NO_WELD
5.44,0.0,0.0,0.0,0.0,0.0,0.0,0.0,0.0,0,0,0.0,0.0,6.328128431108148,nan,nan,NO_WELD
5.49,0.0,0.0,0.0,0.0,0.0,0.0,0.0,0.0,0,0,0.0,0.0,6.328128431108148,nan,nan,NO_WELD
5.54,0.0,0.0,0.0,0.0,0.0,0.0,0.0,0.0,0,0,0.0,0.0,6.328128431108148,nan,nan,NO_WELD
5.59,0.0,0.0,0.0,0.0,0.0,0.0,0.0,0.0,0,0,0.0,0.0,6.328128431108148,nan,nan,NO_WELD
5.64,0.0,0.0,0.0,0.0,0.0,0.0,0.0,0.0,0,0,0.0,0.0,6.328128431108148,nan,nan,NO_WELD
5.69,0.0,0.0,0.0,0.0,0.0,0.0,0.0,0.0,0,0,0.0,0.0,6.328128431108148,nan,nan,NO_WELD
5.74,0.0,0.0,0.0,0.0,0.0,0.0,0.0,0.0,0,0,0.0,0.0,6.328128431108148,nan,nan,NO_WELD
5.79,0.0,0.0,0.0,0.0,0.0,0.0,0.0,0.0,0,0,0.0,0.0,6.328128431108148,nan,nan,NO_WELD
5.84,0.0,0.0,0.0,0.0,0.0,0.0,0.0,0.0,0,0,0.0,0.0,6.328128431108148,nan,nan,NO_WELD
5.89,0.0,0.0,0.0,0.0,0.0,0.0,0.0,0.0,0,0,0.0,0.0,-6.6796842441042275,nan,nan,NO_WELD
5.94,0.0,0.0,0.0,0.0,0.0,0.0,0.0,0.0,0,0,0.0,0.0,-6.6796842441042275,nan,nan,NO_WELD
5.99,0.0,0.0,0.0,0.0,0.0,0.0,0.0,0.0,0,0,0.0,0.0,3.1640659231013664,nan,nan,NO_WELD
6.041,0.0,0.0,0.0,0.0,0.0,0.0,0.0,0.0,0,0,0.0,0.0,3.1640659231013664,nan,nan,NO_WELD
6.09,0.0,0.0,0.0,0.0,0.0,0.0,0.0,0.0,0,0,0.0,0.0,4.218753425770293,nan,nan,NO_WELD
6.14,0.0,0.0,0.0,0.0,0.0,0.0,0.0,0.0,0,0,0.0,0.0,4.218753425770293,nan,nan,NO_WELD
6.19,0.0,0.0,0.0,0.0,0.0,0.0,0.0,0.0,0,0,0.0,0.0,0.7031284346608206,nan,nan,NO_WELD
6.24,0.0,0.0,0.0,0.0,0.0,0.0,0.0,0.0,0,0,0.0,0.0,0.7031284346608206,nan,nan,NO_WELD
6.29,0.0,0.0,0.0,0.0,0.0,0.0,0.0,0.0,0,0,0.0,0.0,-5.6249967414353,nan,nan,NO_WELD
6.34,0.0,0.0,0.0,0.0,0.0,0.0,0.0,0.0,0,0,0.0,0.0,-5.6249967414353,nan,nan,NO_WELD
6.39,0.0,0.0,0.0,0.0,0.0,0.0,0.0,0.0,0,0,0.0,0.0,3.4150945850063755e-06,nan,nan,NO_WELD
6.44,0.0,0.0,0.0,0.0,0.0,0.0,0.0,0.0,0,0,0.0,0.0,3.4150945850063755e-06,nan,nan,NO_WELD
6.49,0.0,0.0,0.0,0.0,0.0,0.0,0.0,0.0,0,0,0.0,0.0,2.109378420432439,nan,nan,NO_WELD
6.541,0.0,0.0,0.0,0.0,0.0,0.0,0.0,0.0,0,0,0.0,0.0,2.4609410636176894,nan,nan,NO_WELD
6.59,0.0,0.0,0.0,0.0,0.0,0.0,0.0,0.0,0,0,0.0,0.0,2.4609410636176894,nan,nan,NO_WELD
6.64,0.0,0.0,0.0,0.0,0.0,0.0,0.0,0.0,0,0,0.0,0.0,-6.6796842441042275,nan,nan,NO_WELD
6.69,0.0,0.0,0.0,0.0,0.0,0.0,0.0,0.0,0,0,0.0,0.0,-6.6796842441042275,nan,nan,NO_WELD
6.741,0.0,0.0,0.0,0.0,0.0,0.0,0.0,0.0,0,0,0.0,0.0,-7.031246887289478,nan,nan,NO_WELD
6.79,0.0,0.0,0.0,0.0,0.0,0.0,0.0,0.0,0,0,0.0,0.0,-7.031246887289478,nan,nan,NO_WELD
6.84,0.0,0.0,0.0,0.0,0.0,0.0,0.0,0.0,0,0,0.0,0.0,-7.031246887289478,nan,nan,NO_WELD
6.89,0.0,0.0,0.0,0.0,0.0,0.0,0.0,0.0,0,0,0.0,0.0,-7.031246887289478,nan,nan,NO_WELD
6.94,0.0,0.0,0.0,0.0,0.0,0.0,0.0,0.0,0,0,0.0,0.0,-5.9765593846205505,nan,nan,NO_WELD
6.99,0.0,0.0,0.0,0.0,0.0,0.0,0.0,0.0,0,0,0.0,0.0,-5.9765593846205505,nan,nan,NO_WELD
7.042,0.0,0.0,0.0,0.0,0.0,0.0,0.0,0.0,0,0,0.0,0.0,7.382816360663898,nan,nan,NO_WELD
7.09,0.0,0.0,0.0,0.0,0.0,0.0,0.0,0.0,0,0,0.0,0.0,7.382816360663898,nan,nan,NO_WELD
7.14,0.0,0.0,0.0,0.0,0.0,0.0,0.0,0.0,0,0,0.0,0.0,-11.601559541150436,nan,nan,NO_WELD
7.19,0.0,0.0,0.0,0.0,0.0,0.0,0.0,0.0,0,0,0.0,0.0,-11.601559541150436,nan,nan,NO_WELD
7.24,0.0,0.0,0.0,0.0,0.0,0.0,0.0,0.0,0,0,0.0,0.0,2.109378420432439,nan,nan,NO_WELD
7.29,0.0,0.0,0.0,0.0,0.0,0.0,0.0,0.0,0,0,0.0,0.0,2.109378420432439,nan,nan,NO_WELD
7.34,0.0,0.0,0.0,0.0,0.0,0.0,0.0,0.0,0,0,0.0,0.0,-6.6796842441042275,nan,nan,NO_WELD
7.39,0.0,0.0,0.0,0.0,0.0,0.0,0.0,0.0,0,0,0.0,0.0,-6.6796842441042275,nan,nan,NO_WELD
7.44,0.0,0.0,0.0,0.0,0.0,0.0,0.0,0.0,0,0,0.0,0.0,-4.921871881951623,nan,nan,NO_WELD
7.49,0.0,0.0,0.0,0.0,0.0,0.0,0.0,0.0,0,0,0.0,0.0,-4.921871881951623,nan,nan,NO_WELD
7.54,0.0,0.0,0.0,0.0,0.0,0.0,0.0,0.0,0,0,0.0,0.0,2.4609410636176894,nan,nan,NO_WELD
7.59,0.0,0.0,0.0,0.0,0.0,0.0,0.0,0.0,0,0,0.0,0.0,2.4609410636176894,nan,nan,NO_WELD
7.64,0.0,0.0,0.0,0.0,0.0,0.0,0.0,0.0,0,0,0.0,0.0,0.35156592487770283,nan,nan,NO_WELD
7.69,0.0,0.0,0.0,0.0,0.0,0.0,0.0,0.0,0,0,0.0,0.0,0.35156592487770283,nan,nan,NO_WELD
7.74,0.0,0.0,0.0,0.0,0.0,0.0,0.0,0.0,0,0,0.0,0.0,0.7031284346608206,nan,nan,NO_WELD
7.79,0.0,0.0,0.0,0.0,0.0,0.0,0.0,0.0,0,0,0.0,0.0,0.7031284346608206,nan,nan,NO_WELD
7.84,0.0,0.0,0.0,0.0,0.0,0.0,0.0,0.0,0,0,0.0,0.0,5.97656621480972,nan,nan,NO_WELD
7.89,0.0,0.0,0.0,0.0,0.0,0.0,0.0,0.0,0,0,0.0,0.0,5.97656621480972,nan,nan,NO_WELD
7.94,0.0,0.0,0.0,0.0,0.0,0.0,0.0,0.0,0,0,0.0,0.0,1.7578159906906006,nan,nan,NO_WELD
7.99,0.0,0.0,0.0,0.0,0.0,0.0,0.0,0.0,0,0,0.0,0.0,1.7578159906906006,nan,nan,NO_WELD
8.041,0.0,0.0,0.0,0.0,0.0,0.0,0.0,0.0,0,0,0.0,0.0,2.4609410636176894,nan,nan,NO_WELD
8.09,0.0,0.0,0.0,0.0,0.0,0.0,0.0,0.0,0,0,0.0,0.0,2.4609410636176894,nan,nan,NO_WELD
8.14,0.0,0.0,0.0,0.0,0.0,0.0,0.0,0.0,0,0,0.0,0.0,3.1640659231013664,nan,nan,NO_WELD
8.19,0.0,0.0,0.0,0.0,0.0,0.0,0.0,0.0,0,0,0.0,0.0,3.1640659231013664,nan,nan,NO_WELD
8.24,0.0,0.0,0.0,0.0,0.0,0.0,0.0,0.0,0,0,0.0,0.0,3.1640659231013664,nan,nan,NO_WELD
8.29,0.0,0.0,0.0,0.0,0.0,0.0,0.0,0.0,0,0,0.0,0.0,3.1640659231013664,nan,nan,NO_WELD
8.34,0.0,0.0,0.0,0.0,0.0,0.0,0.0,0.0,0,0,0.0,0.0,-6.6796842441042275,nan,nan,NO_WELD
8.39,0.0,0.0,0.0,0.0,0.0,0.0,0.0,0.0,0,0,0.0,0.0,-6.6796842441042275,nan,nan,NO_WELD
8.44,0.0,0.0,0.0,0.0,0.0,0.0,0.0,0.0,0,0,0.0,0.0,2.109378420432439,nan,nan,NO_WELD
8.49,0.0,0.0,0.0,0.0,0.0,0.0,0.0,0.0,0,0,0.0,0.0,2.109378420432439,nan,nan,NO_WELD
8.54,0.0,0.0,0.0,0.0,0.0,0.0,0.0,0.0,0,0,0.0,0.0,6.328128431108148,nan,nan,NO_WELD
8.59,0.0,0.0,0.0,0.0,0.0,0.0,0.0,0.0,0,0,0.0,0.0,6.328128431108148,nan,nan,NO_WELD
8.64,0.0,0.0,0.0,0.0,0.0,0.0,0.0,0.0,0,0,0.0,0.0,0.7031284346608206,nan,nan,NO_WELD
8.69,0.0,0.0,0.0,0.0,0.0,0.0,0.0,0.0,0,0,0.0,0.0,0.7031284346608206,nan,nan,NO_WELD
8.74,0.0,0.0,0.0,0.0,0.0,0.0,0.0,0.0,0,0,0.0,0.0,5.97656621480972,nan,nan,NO_WELD
8.79,0.0,0.0,0.0,0.0,0.0,0.0,0.0,0.0,0,0,0.0,0.0,5.97656621480972,nan,nan,NO_WELD
8.84,0.0,0.0,0.0,0.0,0.0,0.0,0.0,0.0,0,0,0.0,0.0,-7.031246887289478,nan,nan,NO_WELD
8.89,0.0,0.0,0.0,0.0,0.0,0.0,0.0,0.0,0,0,0.0,0.0,-7.031246887289478,nan,nan,NO_WELD
8.94,0.0,0.0,0.0,0.0,0.0,0.0,0.0,0.0,0,0,0.0,0.0,11.953129014524857,nan,nan,NO_WELD
8.99,0.0,0.0,0.0,0.0,0.0,0.0,0.0,0.0,0,0,0.0,0.0,11.953129014524857,nan,nan,NO_WELD
9.041,0.0,0.0,0.0,0.0,0.0,0.0,0.0,0.0,0,0,0.0,0.0,0.7031284346608206,nan,nan,NO_WELD
9.09,0.0,0.0,0.0,0.0,0.0,0.0,0.0,0.0,0,0,0.0,0.0,0.7031284346608206,nan,nan,NO_WELD
9.14,0.0,0.0,0.0,0.0,0.0,0.0,0.0,0.0,0,0,0.0,0.0,-7.031246887289478,nan,nan,NO_WELD
9.19,0.0,0.0,0.0,0.0,0.0,0.0,0.0,0.0,0,0,0.0,0.0,-7.031246887289478,nan,nan,NO_WELD
9.24,0.0,0.0,0.0,0.0,0.0,0.0,0.0,0.0,0,0,0.0,0.0,-5.6249967414353,nan,nan,NO_WELD
9.29,0.0,0.0,0.0,0.0,0.0,0.0,0.0,0.0,0,0,0.0,0.0,-5.6249967414353,nan,nan,NO_WELD
9.34,0.0,0.0,0.0,0.0,0.0,0.0,0.0,0.0,0,0,0.0,0.0,1.7578159906906006,nan,nan,NO_WELD
9.39,0.0,0.0,0.0,0.0,0.0,0.0,0.0,0.0,0,0,0.0,0.0,1.7578159906906006,nan,nan,NO_WELD
9.44,0.0,0.0,0.0,0.0,0.0,0.0,0.0,0.0,0,0,0.0,0.0,5.97656621480972,nan,nan,NO_WELD
9.49,0.0,0.0,0.0,0.0,0.0,0.0,0.0,0.0,0,0,0.0,0.0,5.97656621480972,nan,nan,NO_WELD
9.54,0.0,0.0,0.0,0.0,0.0,0.0,0.0,0.0,0,0,0.0,0.0,3.8671912094718666,nan,nan,NO_WELD
9.59,0.0,0.0,0.0,0.0,0.0,0.0,0.0,0.0,0,0,0.0,0.0,3.8671912094718666,nan,nan,NO_WELD
9.64,0.0,0.0,0.0,0.0,0.0,0.0,0.0,0.0,0,0,0.0,0.0,2.812503493359528,nan,nan,NO_WELD
9.69,0.0,0.0,0.0,0.0,0.0,0.0,0.0,0.0,0,0,0.0,0.0,2.812503493359528,nan,nan,NO_WELD
9.74,0.0,0.0,0.0,0.0,0.0,0.0,0.0,0.0,0,0,0.0,0.0,2.109378420432439,nan,nan,NO_WELD
9.79,0.0,0.0,0.0,0.0,0.0,0.0,0.0,0.0,0,0,0.0,0.0,2.109378420432439,nan,nan,NO_WELD
9.84,0.0,0.0,0.0,0.0,0.0,0.0,0.0,0.0,0,0,0.0,0.0,-7.031246887289478,nan,nan,NO_WELD
9.89,0.0,0.0,0.0,0.0,0.0,0.0,0.0,0.0,0,0,0.0,0.0,-7.031246887289478,nan,nan,NO_WELD
9.94,0.0,0.0,0.0,0.0,0.0,0.0,0.0,0.0,0,0,0.0,0.0,3.4150945850063755e-06,nan,nan,NO_WELD
9.99,0.0,0.0,0.0,0.0,0.0,0.0,0.0,0.0,0,0,0.0,0.0,3.4150945850063755e-06,nan,nan,NO_WELD
10.041,0.0,0.0,0.0,0.0,0.0,0.0,0.0,0.0,0,0,0.0,0.0,0.35156592487770283,nan,nan,NO_WELD
10.09,0.0,0.0,0.0,0.0,0.0,0.0,0.0,0.0,0,0,0.0,0.0,0.35156592487770283,nan,nan,NO_WELD
10.14,0.0,0.0,0.0,0.0,0.0,0.0,0.0,0.0,0,0,0.0,0.0,1.7578159906906006,nan,nan,NO_WELD
10.19,0.0,0.0,0.0,0.0,0.0,0.0,0.0,0.0,0,0,0.0,0.0,1.7578159906906006,nan,nan,NO_WELD
10.24,0.0,0.0,0.0,0.0,0.0,0.0,0.0,0.0,0,0,0.0,0.0,2.812503493359528,nan,nan,NO_WELD
10.29,0.0,0.0,0.0,0.0,0.0,0.0,0.0,0.0,0,0,0.0,0.0,2.812503493359528,nan,nan,NO_WELD
10.34,0.0,0.0,0.0,0.0,0.0,0.0,0.0,0.0,0,0,0.0,0.0,0.7031284346608206,0.7031284346608206,0.0,WELD_FOUND
10.39,0.0,0.0,0.0,0.0,0.0,0.0,0.0,0.0,0,0,0.0,0.0,0.7031284346608206,0.7031284346608206,0.0,WELD_FOUND
10.44,0.0,0.0,0.0,0.0,0.0,0.0,0.0,0.0,0,0,0.0,0.0,0.7031284346608206,nan,nan,NO_WELD
10.49,0.0,0.0,0.0,0.0,0.0,0.0,0.0,0.0,0,0,0.0,0.0,0.7031284346608206,nan,nan,NO_WELD
10.54,0.0,0.0,0.0,0.0,0.0,0.0,0.0,0.0,0,0,0.0,0.0,0.7031284346608206,nan,nan,NO_WELD
10.59,0.0,0.0,0.0,0.0,0.0,0.0,0.0,0.0,0,0,0.0,0.0,0.7031284346608206,nan,nan,NO_WELD
10.64,0.01635549814629639,-0.05,0.008855498146296392,0.02385549814629639,0.0,0.0,0.0089,0.0239,0,0,0.0,0.0,3.1640659231013664,3.1640659231013664,0.0,WELD_FOUND
10.69,0.01635549814629639,-0.05,0.008855498146296392,0.02385549814629639,0.0,0.0,0.0089,0.0239,0,0,0.0,0.0,3.1640659231013664,3.1640659231013664,0.0,WELD_FOUND
10.74,0.0,0.0,0.0,0.0,0.0,0.0,0.0,0.0,0,0,0.0,0.0,3.1640659231013664,nan,nan,NO_WELD
10.79,0.0,0.0,0.0,0.0,0.0,0.0,0.0,0.0,0,0,0.0,0.0,3.1640659231013664,nan,nan,NO_WELD
10.84,0.0,0.0,0.0,0.0,0.0,0.0,0.0,0.0,0,0,0.0,0.0,3.1640659231013664,nan,nan,NO_WELD
10.89,0.0,0.0,0.0,0.0,0.0,0.0,0.0,0.0,0,0,0.0,0.0,3.1640659231013664,nan,nan,NO_WELD
10.94,0.019157888794398815,-0.05,0.011657888794398816,0.026657888794398815,0.0,0.0,0.0117,0.0267,0,0,0.0,0.0,2.4609410636176894,2.4609410636176894,0.0,WELD_FOUND
10.99,0.019157888794398815,-0.05,0.011657888794398816,0.026657888794398815,0.0,0.0,0.0117,0.0267,0,0,0.0,0.0,2.4609410636176894,2.4609410636176894,0.0,WELD_FOUND
11.041,0.020491224291796242,-0.0957765096314488,0.0061247478470789225,0.034857700736513564,0.0,0.0,0.0061,0.0349,0,0,0.0,0.0,2.109378420432439,2.2851597420250642,-0.17578132159262516,WELD_FOUND
11.09,0.020491224291796242,-0.0957765096314488,0.0061247478470789225,0.034857700736513564,0.0,0.0,0.0061,0.0349,0,0,0.0,0.0,2.109378420432439,2.2851597420250642,-0.17578132159262516,WELD_FOUND
11.14,0.0,0.0,0.0,0.0,0.0,0.0,0.0,0.0,0,0,0.0,0.0,2.109378420432439,nan,nan,NO_WELD
11.19,0.0,0.0,0.0,0.0,0.0,0.0,0.0,0.0,0,0,0.0,0.0,2.109378420432439,nan,nan,NO_WELD
11.24,0.0,0.0,0.0,0.0,0.0,0.0,0.0,0.0,0,0,0.0,0.0,2.109378420432439,nan,nan,NO_WELD
11.29,0.0,0.0,0.0,0.0,0.0,0.0,0.0,0.0,0,0,0.0,0.0,2.109378420432439,nan,nan,NO_WELD
11.34,0.035,0.0,0.035,0.035,0.0,0.0,0.035,0.035,0,0,0.0,0.0,-0.35155909468853286,-0.35155909468853286,0.0,WELD_FOUND
11.39,0.035,0.0,0.035,0.035,0.0,0.0,0.035,0.035,0,0,0.0,0.0,-0.35155909468853286,-0.35155909468853286,0.0,WELD_FOUND
11.44,0.0,0.0,0.0,0.0,0.0,0.0,0.0,0.0,0,0,0.0,0.0,-0.35155909468853286,nan,nan,NO_WELD
11.49,0.0,0.0,0.0,0.0,0.0,0.0,0.0,0.0,0,0,0.0,0.0,-0.35155909468853286,nan,nan,NO_WELD
11.54,0.0,0.0,0.0,0.0,0.0,0.0,0.0,0.0,0,0,0.0,0.0,-0.35155909468853286,nan,nan,NO_WELD
11.59,0.0,0.0,0.0,0.0,0.0,0.0,0.0,0.0,0,0,0.0,0.0,-0.35155909468853286,nan,nan,NO_WELD
11.64,0.0,0.0,0.0,0.0,0.0,0.0,0.0,0.0,0,0,0.0,0.0,-0.35155909468853286,nan,nan,NO_WELD
11.69,0.0,0.0,0.0,0.0,0.0,0.0,0.0,0.0,0,0,0.0,0.0,-0.35155909468853286,nan,nan,NO_WELD
11.74,0.0,0.0,0.0,0.0,0.0,0.0,0.0,0.0,0,0,0.0,0.0,-0.35155909468853286,nan,nan,NO_WELD
11.79,0.0,0.0,0.0,0.0,0.0,0.0,0.0,0.0,0,0,0.0,0.0,-0.35155909468853286,nan,nan,NO_WELD
11.84,0.0,0.0,0.0,0.0,0.0,0.0,0.0,0.0,0,0,0.0,0.0,-0.35155909468853286,nan,nan,NO_WELD
11.89,0.0,0.0,0.0,0.0,0.0,0.0,0.0,0.0,0,0,0.0,0.0,-0.35155909468853286,nan,nan,NO_WELD
11.94,0.0,0.0,0.0,0.0,0.0,0.0,0.0,0.0,0,0,0.0,0.0,-0.35155909468853286,nan,nan,NO_WELD
11.99,0.0,0.0,0.0,0.0,0.0,0.0,0.0,0.0,0,0,0.0,0.0,-0.35155909468853286,nan,nan,NO_WELD
12.041,0.0,0.0,0.0,0.0,0.0,0.0,0.0,0.0,0,0,0.0,0.0,-0.35155909468853286,nan,nan,NO_WELD
12.09,0.0,0.0,0.0,0.0,0.0,0.0,0.0,0.0,0,0,0.0,0.0,-0.35155909468853286,nan,nan,NO_WELD
12.14,0.0,0.0,0.0,0.0,0.0,0.0,0.0,0.0,0,0,0.0,0.0,-0.35155909468853286,nan,nan,NO_WELD
12.19,0.0,0.0,0.0,0.0,0.0,0.0,0.0,0.0,0,0,0.0,0.0,-0.35155909468853286,nan,nan,NO_WELD
12.24,0.0,0.0,0.0,0.0,0.0,0.0,0.0,0.0,0,0,0.0,0.0,-0.35155909468853286,nan,nan,NO_WELD
12.29,0.0,0.0,0.0,0.0,0.0,0.0,0.0,0.0,0,0,0.0,0.0,-0.35155909468853286,nan,nan,NO_WELD
12.34,0.0,0.0,0.0,0.0,0.0,0.0,0.0,0.0,0,0,0.0,0.0,-0.35155909468853286,nan,nan,NO_WELD
12.39,0.0,0.0,0.0,0.0,0.0,0.0,0.0,0.0,0,0,0.0,0.0,-0.35155909468853286,nan,nan,NO_WELD
12.44,0.0,0.0,0.0,0.0,0.0,0.0,0.0,0.0,0,0,0.0,0.0,0.7031284346608206,nan,nan,NO_WELD
12.49,0.0,0.0,0.0,0.0,0.0,0.0,0.0,0.0,0,0,0.0,0.0,0.7031284346608206,nan,nan,NO_WELD
12.54,0.0,0.0,0.0,0.0,0.0,0.0,0.0,0.0,0,0,0.0,0.0,2.4609410636176894,nan,nan,NO_WELD
12.59,0.0,0.0,0.0,0.0,0.0,0.0,0.0,0.0,0,0,0.0,0.0,2.4609410636176894,nan,nan,NO_WELD
12.64,0.0,0.0,0.0,0.0,0.0,0.0,0.0,0.0,0,0,0.0,0.0,3.8671912094718666,nan,nan,NO_WELD
12.69,0.0,0.0,0.0,0.0,0.0,0.0,0.0,0.0,0,0,0.0,0.0,3.8671912094718666,nan,nan,NO_WELD
12.74,0.0,0.0,0.0,0.0,0.0,0.0,0.0,0.0,0,0,0.0,0.0,-0.35155909468853286,nan,nan,NO_WELD
12.79,0.0,0.0,0.0,0.0,0.0,0.0,0.0,0.0,0,0,0.0,0.0,-0.35155909468853286,nan,nan,NO_WELD
12.84,0.0,0.0,0.0,0.0,0.0,0.0,0.0,0.0,0,0,0.0,0.0,-8.789059249442081,nan,nan,NO_WELD
12.89,0.0,0.0,0.0,0.0,0.0,0.0,0.0,0.0,0,0,0.0,0.0,-8.789059249442081,nan,nan,NO_WELD
12.94,0.0,0.0,0.0,0.0,0.0,0.0,0.0,0.0,0,0,0.0,0.0,4.5703160689555435,nan,nan,NO_WELD
12.99,0.0,0.0,0.0,0.0,0.0,0.0,0.0,0.0,0,0,0.0,0.0,4.5703160689555435,nan,nan,NO_WELD
13.041,0.0,0.0,0.0,0.0,0.0,0.0,0.0,0.0,0,0,0.0,0.0,-7.7343721736599775,nan,nan,NO_WELD
13.09,0.0,0.0,0.0,0.0,0.0,0.0,0.0,0.0,0,0,0.0,0.0,-7.7343721736599775,nan,nan,NO_WELD
13.14,0.0,0.0,0.0,0.0,0.0,0.0,0.0,0.0,0,0,0.0,0.0,-5.9765593846205505,nan,nan,NO_WELD
13.19,0.0,0.0,0.0,0.0,0.0,0.0,0.0,0.0,0,0,0.0,0.0,-5.9765593846205505,nan,nan,NO_WELD
13.24,0.0,0.0,0.0,0.0,0.0,0.0,0.0,0.0,0,0,0.0,0.0,3.1640659231013664,nan,nan,NO_WELD
13.29,0.0,0.0,0.0,0.0,0.0,0.0,0.0,0.0,0,0,0.0,0.0,3.1640659231013664,nan,nan,NO_WELD
13.34,0.0,0.0,0.0,0.0,0.0,0.0,0.0,0.0,0,0,0.0,0.0,3.1640659231013664,nan,nan,NO_WELD
13.39,0.0,0.0,0.0,0.0,0.0,0.0,0.0,0.0,0,0,0.0,0.0,3.1640659231013664,nan,nan,NO_WELD
13.44,0.0,0.0,0.0,0.0,0.0,0.0,0.0,0.0,0,0,0.0,0.0,-0.7031216044716506,nan,nan,NO_WELD
13.49,0.0,0.0,0.0,0.0,0.0,0.0,0.0,0.0,0,0,0.0,0.0,-0.7031216044716506,nan,nan,NO_WELD
13.54,0.0,0.0,0.0,0.0,0.0,0.0,0.0,0.0,0,0,0.0,0.0,-1.4062466240378864,nan,nan,NO_WELD
13.59,0.0,0.0,0.0,0.0,0.0,0.0,0.0,0.0,0,0,0.0,0.0,-1.4062466240378864,nan,nan,NO_WELD
13.64,0.0,0.0,0.0,0.0,0.0,0.0,0.0,0.0,0,0,0.0,0.0,4.218753425770293,nan,nan,NO_WELD
13.69,0.0,0.0,0.0,0.0,0.0,0.0,0.0,0.0,0,0,0.0,0.0,4.218753425770293,nan,nan,NO_WELD
13.74,0.0,0.0,0.0,0.0,0.0,0.0,0.0,0.0,0,0,0.0,0.0,-1.4062466240378864,nan,nan,NO_WELD
13.79,0.0,0.0,0.0,0.0,0.0,0.0,0.0,0.0,0,0,0.0,0.0,-1.4062466240378864,nan,nan,NO_WELD
13.84,0.0,0.0,0.0,0.0,0.0,0.0,0.0,0.0,0,0,0.0,0.0,-0.35155909468853286,nan,nan,NO_WELD
13.89,0.0,0.0,0.0,0.0,0.0,0.0,0.0,0.0,0,0,0.0,0.0,-0.35155909468853286,nan,nan,NO_WELD
13.94,0.0,0.0,0.0,0.0,0.0,0.0,0.0,0.0,0,0,0.0,0.0,2.109378420432439,nan,nan,NO_WELD
13.99,0.0,0.0,0.0,0.0,0.0,0.0,0.0,0.0,0,0,0.0,0.0,2.109378420432439,nan,nan,NO_WELD
14.041,0.0,0.0,0.0,0.0,0.0,0.0,0.0,0.0,0,0,0.0,0.0,3.4150945850063755e-06,nan,nan,NO_WELD
14.09,0.0,0.0,0.0,0.0,0.0,0.0,0.0,0.0,0,0,0.0,0.0,3.4150945850063755e-06,nan,nan,NO_WELD
14.14,0.0,0.0,0.0,0.0,0.0,0.0,0.0,0.0,0,0,0.0,0.0,0.35156592487770283,nan,nan,NO_WELD
14.19,0.0,0.0,0.0,0.0,0.0,0.0,0.0,0.0,0,0,0.0,0.0,0.35156592487770283,nan,nan,NO_WELD
14.24,0.0,0.0,0.0,0.0,0.0,0.0,0.0,0.0,0,0,0.0,0.0,-0.35155909468853286,nan,nan,NO_WELD
14.29,0.0,0.0,0.0,0.0,0.0,0.0,0.0,0.0,0,0,0.0,0.0,-0.35155909468853286,nan,nan,NO_WELD
14.34,0.0,0.0,0.0,0.0,0.0,0.0,0.0,0.0,0,0,0.0,0.0,0.35156592487770283,0.35156592487770283,0.0,WELD_FOUND
14.39,0.0,0.0,0.0,0.0,0.0,0.0,0.0,0.0,0,0,0.0,0.0,0.35156592487770283,0.35156592487770283,0.0,WELD_FOUND
14.44,0.02377675903516045,-0.05,0.01627675903516045,0.031276759035160445,0.0,0.0,0.0163,0.0313,0,0,0.0,0.0,3.1640659231013664,1.7578159906906006,1.4062499324107658,WELD_FOUND
14.49,0.02377675903516045,-0.05,0.01627675903516045,0.031276759035160445,0.0,0.0,0.0163,0.0313,0,0,0.0,0.0,3.1640659231013664,1.7578159906906006,1.4062499324107658,WELD_FOUND
14.54,0.01772900814721451,-0.1,0.0027290081472145095,0.03272900814721451,0.0,0.0,0.0027,0.0327,0,0,0.0,0.0,4.218753425770293,3.1640659231013664,1.0546875026689269,WELD_FOUND
14.59,0.01772900814721451,-0.1,0.0027290081472145095,0.03272900814721451,0.0,0.0,0.0027,0.0327,0,0,0.0,0.0,4.218753425770293,3.1640659231013664,1.0546875026689269,WELD_FOUND
14.64,0.0,0.0,0.0,0.0,0.0,0.0,0.0,0.0,0,0,0.0,0.0,4.218753425770293,nan,nan,NO_WELD
14.69,0.0,0.0,0.0,0.0,0.0,0.0,0.0,0.0,0,0,0.0,0.0,4.218753425770293,nan,nan,NO_WELD
14.74,0.0,0.0,0.0,0.0,0.0,0.0,0.0,0.0,0,0,0.0,0.0,4.218753425770293,nan,nan,NO_WELD
14.79,0.0,0.0,0.0,0.0,0.0,0.0,0.0,0.0,0,0,0.0,0.0,4.218753425770293,nan,nan,NO_WELD
14.84,0.0,0.0,0.0,0.0,0.0,0.0,0.0,0.0,0,0,0.0,0.0,4.218753425770293,nan,nan,NO_WELD
14.89,0.0,0.0,0.0,0.0,0.0,0.0,0.0,0.0,0,0,0.0,0.0,4.218753425770293,nan,nan,NO_WELD
14.94,0.0,0.0,0.0,0.0,0.0,0.0,0.0,0.0,0,0,0.0,0.0,1.4062534542270564,1.4062534542270564,0.0,WELD_FOUND
14.99,0.0,0.0,0.0,0.0,0.0,0.0,0.0,0.0,0,0,0.0,0.0,1.4062534542270564,1.4062534542270564,0.0,WELD_FOUND
15.041,0.0,0.0,0.0,0.0,0.0,0.0,0.0,0.0,0,0,0.0,0.0,1.4062534542270564,nan,nan,NO_WELD
15.09,0.0,0.0,0.0,0.0,0.0,0.0,0.0,0.0,0,0,0.0,0.0,1.4062534542270564,nan,nan,NO_WELD
15.14,0.0,0.0,0.0,0.0,0.0,0.0,0.0,0.0,0,0,0.0,0.0,1.4062534542270564,nan,nan,NO_WELD
15.19,0.0,0.0,0.0,0.0,0.0,0.0,0.0,0.0,0,0,0.0,0.0,1.4062534542270564,nan,nan,NO_WELD
15.24,0.0,0.0,0.0,0.0,0.0,0.0,0.0,0.0,0,0,0.0,0.0,1.4062534542270564,nan,nan,NO_WELD
15.29,0.0,0.0,0.0,0.0,0.0,0.0,0.0,0.0,0,0,0.0,0.0,1.4062534542270564,nan,nan,NO_WELD
15.34,0.0,0.0,0.0,0.0,0.0,0.0,0.0,0.0,0,0,0.0,0.0,2.812503493359528,2.812503493359528,0.0,WELD_FOUND
15.39,0.0,0.0,0.0,0.0,0.0,0.0,0.0,0.0,0,0,0.0,0.0,2.812503493359528,2.812503493359528,0.0,WELD_FOUND
15.44,0.0,0.0,0.0,0.0,0.0,0.0,0.0,0.0,0,0,0.0,0.0,2.812503493359528,nan,nan,NO_WELD
15.49,0.0,0.0,0.0,0.0,0.0,0.0,0.0,0.0,0,0,0.0,0.0,2.812503493359528,nan,nan,NO_WELD
15.54,0.014716475511625355,-0.05,0.007216475511625355,0.022216475511625353,0.0,0.0,0.0072,0.0222,0,0,0.0,0.0,3.5156285662866162,3.5156285662866162,0.0,WELD_FOUND
15.59,0.014716475511625355,-0.05,0.007216475511625355,0.022216475511625353,0.0,0.0,0.0072,0.0222,0,0,0.0,0.0,3.5156285662866162,3.5156285662866162,0.0,WELD_FOUND
15.64,0.0,0.0,0.0,0.0,0.0,0.0,0.0,0.0,0,0,0.0,0.0,3.5156285662866162,nan,nan,NO_WELD
15.69,0.0,0.0,0.0,0.0,0.0,0.0,0.0,0.0,0,0,0.0,0.0,3.5156285662866162,nan,nan,NO_WELD
15.74,0.0,0.0,0.0,0.0,0.0,0.0,0.0,0.0,0,0,0.0,0.0,3.5156285662866162,nan,nan,NO_WELD
15.79,0.0,0.0,0.0,0.0,0.0,0.0,0.0,0.0,0,0,0.0,0.0,3.5156285662866162,nan,nan,NO_WELD
15.84,0.0,0.0,0.0,0.0,0.0,0.0,0.0,0.0,0,0,0.0,0.0,3.5156285662866162,nan,nan,NO_WELD
15.89,0.0,0.0,0.0,0.0,0.0,0.0,0.0,0.0,0,0,0.0,0.0,3.5156285662866162,nan,nan,NO_WELD
15.94,0.0,0.0,0.0,0.0,0.0,0.0,0.0,0.0,0,0,0.0,0.0,3.5156285662866162,nan,nan,NO_WELD
15.99,0.0,0.0,0.0,0.0,0.0,0.0,0.0,0.0,0,0,0.0,0.0,3.5156285662866162,nan,nan,NO_WELD
16.041,0.0,0.0,0.0,0.0,0.0,0.0,0.0,0.0,0,0,0.0,0.0,3.5156285662866162,nan,nan,NO_WELD
16.09,0.0,0.0,0.0,0.0,0.0,0.0,0.0,0.0,0,0,0.0,0.0,3.5156285662866162,nan,nan,NO_WELD
16.14,0.0,0.0,0.0,0.0,0.0,0.0,0.0,0.0,0,0,0.0,0.0,4.5703160689555435,4.5703160689555435,0.0,WELD_FOUND
16.19,0.0,0.0,0.0,0.0,0.0,0.0,0.0,0.0,0,0,0.0,0.0,4.5703160689555435,4.5703160689555435,0.0,WELD_FOUND
16.24,0.014716475511625355,-0.05,0.007216475511625355,0.022216475511625353,0.0,0.0,0.0072,0.0222,0,0,0.0,0.0,2.4609410636176894,3.5156285662866162,-1.0546875026689269,WELD_FOUND
16.29,0.014716475511625355,-0.05,0.007216475511625355,0.022216475511625353,0.0,0.0,0.0072,0.0222,0,0,0.0,0.0,2.4609410636176894,3.5156285662866162,-1.0546875026689269,WELD_FOUND
16.34,0.0,0.0,0.0,0.0,0.0,0.0,0.0,0.0,0,0,0.0,0.0,2.4609410636176894,nan,nan,NO_WELD
16.39,0.0,0.0,0.0,0.0,0.0,0.0,0.0,0.0,0,0,0.0,0.0,2.4609410636176894,nan,nan,NO_WELD
16.44,0.021791667647601716,-0.05,0.014291667647601716,0.029291667647601716,0.0,0.0,0.0143,0.0293,0,0,0.0,0.0,1.7578159906906006,1.7578159906906006,0.0,WELD_FOUND
16.49,0.021791667647601716,-0.05,0.014291667647601716,0.029291667647601716,0.0,0.0,0.0143,0.0293,0,0,0.0,0.0,1.7578159906906006,1.7578159906906006,0.0,WELD_FOUND
16.54,0.01879547767285712,-0.1,0.003795477672857119,0.03379547767285712,0.0,0.0,0.0038,0.0338,0,0,0.0,0.0,3.8671912094718666,2.812503493359528,1.0546877161123387,WELD_FOUND
16.59,0.01879547767285712,-0.1,0.003795477672857119,0.03379547767285712,0.0,0.0,0.0038,0.0338,0,0,0.0,0.0,3.8671912094718666,2.812503493359528,1.0546877161123387,WELD_FOUND
16.64,0.0,0.0,0.0,0.0,0.0,0.0,0.0,0.0,0,0,0.0,0.0,3.8671912094718666,nan,nan,NO_WELD
16.69,0.0,0.0,0.0,0.0,0.0,0.0,0.0,0.0,0,0,0.0,0.0,3.8671912094718666,nan,nan,NO_WELD
16.74,0.0,0.0,0.0,0.0,0.0,0.0,0.0,0.0,0,0,0.0,0.0,3.8671912094718666,nan,nan,NO_WELD
16.79,0.0,0.0,0.0,0.0,0.0,0.0,0.0,0.0,0,0,0.0,0.0,3.8671912094718666,nan,nan,NO_WELD
16.84,0.0,0.0,0.0,0.0,0.0,0.0,0.0,0.0,0,0,0.0,0.0,3.8671912094718666,nan,nan,NO_WELD
16.89,0.0,0.0,0.0,0.0,0.0,0.0,0.0,0.0,0,0,0.0,0.0,3.8671912094718666,nan,nan,NO_WELD
16.94,0.0,0.0,0.0,0.0,0.0,0.0,0.0,0.0,0,0,0.0,0.0,2.109378420432439,2.109378420432439,0.0,WELD_FOUND
16.99,0.0,0.0,0.0,0.0,0.0,0.0,0.0,0.0,0,0,0.0,0.0,2.109378420432439,2.109378420432439,0.0,WELD_FOUND
17.041,0.024801749109293954,-0.05,0.017301749109293954,0.032301749109293953,0.0,0.0,0.0173,0.0323,0,0,0.0,0.0,1.054690917763512,1.5820346690979756,-0.5273437513344637,WELD_FOUND
17.09,0.024801749109293954,-0.05,0.017301749109293954,0.032301749109293953,0.0,0.0,0.0173,0.0323,0,0,0.0,0.0,1.054690917763512,1.5820346690979756,-0.5273437513344637,WELD_FOUND
17.14,0.027349971983150714,-0.03955384863031161,0.02141689468860397,0.03328304927769746,0.0,0.0,0.0214,0.0333,0,0,0.0,0.0,0.7031284346608206,1.054690917763512,-0.35156248310269134,WELD_FOUND
17.19,0.027349971983150714,-0.03955384863031161,0.02141689468860397,0.03328304927769746,0.0,0.0,0.0214,0.0333,0,0,0.0,0.0,0.7031284346608206,1.054690917763512,-0.35156248310269134,WELD_FOUND
17.24,0.0,0.0,0.0,0.0,0.0,0.0,0.0,0.0,0,0,0.0,0.0,0.7031284346608206,nan,nan,NO_WELD
17.29,0.0,0.0,0.0,0.0,0.0,0.0,0.0,0.0,0,0,0.0,0.0,0.7031284346608206,nan,nan,NO_WELD
17.34,0.026145297230175918,-0.05,0.018645297230175918,0.03364529723017592,0.0,0.0,0.0186,0.0336,0,0,0.0,0.0,1.4062534542270564,1.4062534542270564,0.0,WELD_FOUND
17.39,0.026145297230175918,-0.05,0.018645297230175918,0.03364529723017592,0.0,0.0,0.0186,0.0336,0,0,0.0,0.0,1.4062534542270564,1.4062534542270564,0.0,WELD_FOUND
17.44,0.0,0.0,0.0,0.0,0.0,0.0,0.0,0.0,0,0,0.0,0.0,1.4062534542270564,nan,nan,NO_WELD
17.49,0.0,0.0,0.0,0.0,0.0,0.0,0.0,0.0,0,0,0.0,0.0,1.4062534542270564,nan,nan,NO_WELD
17.54,0.0,0.0,0.0,0.0,0.0,0.0,0.0,0.0,0,0,0.0,0.0,1.4062534542270564,nan,nan,NO_WELD
17.59,0.0,0.0,0.0,0.0,0.0,0.0,0.0,0.0,0,0,0.0,0.0,1.4062534542270564,nan,nan,NO_WELD
17.64,0.016741306315751287,-0.05,0.009241306315751287,0.024241306315751287,0.0,0.0,0.0092,0.0242,0,0,0.0,0.0,3.5156285662866162,3.5156285662866162,0.0,WELD_FOUND
17.69,0.016741306315751287,-0.05,0.009241306315751287,0.024241306315751287,0.0,0.0,0.0092,0.0242,0,0,0.0,0.0,3.5156285662866162,3.5156285662866162,0.0,WELD_FOUND
17.74,0.0,0.0,0.0,0.0,0.0,0.0,0.0,0.0,0,0,0.0,0.0,3.5156285662866162,nan,nan,NO_WELD
17.79,0.0,0.0,0.0,0.0,0.0,0.0,0.0,0.0,0,0,0.0,0.0,3.5156285662866162,nan,nan,NO_WELD
17.84,0.0,0.0,0.0,0.0,0.0,0.0,0.0,0.0,0,0,0.0,0.0,3.5156285662866162,nan,nan,NO_WELD
17.89,0.0,0.0,0.0,0.0,0.0,0.0,0.0,0.0,0,0,0.0,0.0,3.5156285662866162,nan,nan,NO_WELD
17.94,0.009335095637745447,-0.05,0.0018350956377454469,0.016835095637745448,0.0,0.0,0.0018,0.0168,0,0,0.0,0.0,5.2734409284392205,5.2734409284392205,0.0,WELD_FOUND
17.99,0.009335095637745447,-0.05,0.0018350956377454469,0.016835095637745448,0.0,0.0,0.0018,0.0168,0,0,0.0,0.0,5.2734409284392205,5.2734409284392205,0.0,WELD_FOUND
18.041,0.0,0.0,0.0,0.0,0.0,0.0,0.0,0.0,0,0,0.0,0.0,5.2734409284392205,nan,nan,NO_WELD
18.09,0.0,0.0,0.0,0.0,0.0,0.0,0.0,0.0,0,0,0.0,0.0,5.2734409284392205,nan,nan,NO_WELD
18.14,0.0,0.0,0.0,0.0,0.0,0.0,0.0,0.0,0,0,0.0,0.0,5.2734409284392205,nan,nan,NO_WELD
18.19,0.0,0.0,0.0,0.0,0.0,0.0,0.0,0.0,0,0,0.0,0.0,5.2734409284392205,nan,nan,NO_WELD
18.24,0.0,0.0,0.0,0.0,0.0,0.0,0.0,0.0,0,0,0.0,0.0,5.2734409284392205,nan,nan,NO_WELD
18.29,0.0,0.0,0.0,0.0,0.0,0.0,0.0,0.0,0,0,0.0,0.0,5.2734409284392205,nan,nan,NO_WELD
18.34,0.0,0.0,0.0,0.0,0.0,0.0,0.0,0.0,0,0,0.0,0.0,5.2734409284392205,nan,nan,NO_WELD
18.39,0.0,0.0,0.0,0.0,0.0,0.0,0.0,0.0,0,0,0.0,0.0,5.2734409284392205,nan,nan,NO_WELD
18.44,0.0,0.0,0.0,0.0,0.0,0.0,0.0,0.0,0,0,0.0,0.0,5.2734409284392205,nan,nan,NO_WELD
18.49,0.0,0.0,0.0,0.0,0.0,0.0,0.0,0.0,0,0,0.0,0.0,5.2734409284392205,nan,nan,NO_WELD
18.54,0.0,0.0,0.0,0.0,0.0,0.0,0.0,0.0,0,0,0.0,0.0,3.8671912094718666,3.8671912094718666,0.0,WELD_FOUND
18.59,0.0,0.0,0.0,0.0,0.0,0.0,0.0,0.0,0,0,0.0,0.0,3.8671912094718666,3.8671912094718666,0.0,WELD_FOUND
18.64,0.0,0.0,0.0,0.0,0.0,0.0,0.0,0.0,0,0,0.0,0.0,3.8671912094718666,nan,nan,NO_WELD
18.69,0.0,0.0,0.0,0.0,0.0,0.0,0.0,0.0,0,0,0.0,0.0,3.8671912094718666,nan,nan,NO_WELD
18.74,0.0,0.0,0.0,0.0,0.0,0.0,0.0,0.0,0,0,0.0,0.0,3.8671912094718666,nan,nan,NO_WELD
18.79,0.0,0.0,0.0,0.0,0.0,0.0,0.0,0.0,0,0,0.0,0.0,3.8671912094718666,nan,nan,NO_WELD
18.84,0.0,0.0,0.0,0.0,0.0,0.0,0.0,0.0,0,0,0.0,0.0,3.8671912094718666,nan,nan,NO_WELD
18.89,0.0,0.0,0.0,0.0,0.0,0.0,0.0,0.0,0,0,0.0,0.0,3.8671912094718666,nan,nan,NO_WELD
18.94,0.0,0.0,0.0,0.0,0.0,0.0,0.0,0.0,0,0,0.0,0.0,3.8671912094718666,nan,nan,NO_WELD
18.99,0.0,0.0,0.0,0.0,0.0,0.0,0.0,0.0,0,0,0.0,0.0,3.8671912094718666,nan,nan,NO_WELD
19.041,0.0,0.0,0.0,0.0,0.0,0.0,0.0,0.0,0,0,0.0,0.0,3.8671912094718666,nan,nan,NO_WELD
19.09,0.0,0.0,0.0,0.0,0.0,0.0,0.0,0.0,0,0,0.0,0.0,3.8671912094718666,nan,nan,NO_WELD
19.14,0.0,0.0,0.0,0.0,0.0,0.0,0.0,0.0,0,0,0.0,0.0,3.8671912094718666,nan,nan,NO_WELD
19.19,0.0,0.0,0.0,0.0,0.0,0.0,0.0,0.0,0,0,0.0,0.0,3.8671912094718666,nan,nan,NO_WELD
19.24,0.0,0.0,0.0,0.0,0.0,0.0,0.0,0.0,0,0,0.0,0.0,6.328128431108148,6.328128431108148,0.0,WELD_FOUND
19.29,0.0,0.0,0.0,0.0,0.0,0.0,0.0,0.0,0,0,0.0,0.0,6.328128431108148,6.328128431108148,0.0,WELD_FOUND
19.34,0.008411529465620219,-0.05,0.0009115294656202189,0.015911529465620217,0.0,0.0,0.0009,0.0159,0,0,0.0,0.0,3.8671912094718666,5.097659606846595,-1.2304683973747288,WELD_FOUND
19.39,0.008411529465620219,-0.05,0.0009115294656202189,0.015911529465620217,0.0,0.0,0.0009,0.0159,0,0,0.0,0.0,3.8671912094718666,5.097659606846595,-1.2304683973747288,WELD_FOUND
19.44,0.0,0.0,0.0,0.0,0.0,0.0,0.0,0.0,0,0,0.0,0.0,3.8671912094718666,nan,nan,NO_WELD
19.49,0.0,0.0,0.0,0.0,0.0,0.0,0.0,0.0,0,0,0.0,0.0,3.8671912094718666,nan,nan,NO_WELD
19.54,0.0,0.0,0.0,0.0,0.0,0.0,0.0,0.0,0,0,0.0,0.0,3.8671912094718666,nan,nan,NO_WELD
19.59,0.0,0.0,0.0,0.0,0.0,0.0,0.0,0.0,0,0,0.0,0.0,3.8671912094718666,nan,nan,NO_WELD
19.64,0.0,0.0,0.0,0.0,0.0,0.0,0.0,0.0,0,0,0.0,0.0,3.8671912094718666,nan,nan,NO_WELD
19.69,0.0,0.0,0.0,0.0,0.0,0.0,0.0,0.0,0,0,0.0,0.0,3.8671912094718666,nan,nan,NO_WELD
19.74,0.0,0.0,0.0,0.0,0.0,0.0,0.0,0.0,0,0,0.0,0.0,3.8671912094718666,nan,nan,NO_WELD
19.79,0.0,0.0,0.0,0.0,0.0,0.0,0.0,0.0,0,0,0.0,0.0,3.8671912094718666,nan,nan,NO_WELD
19.84,0.0,0.0,0.0,0.0,0.0,0.0,0.0,0.0,0,0,0.0,0.0,3.8671912094718666,nan,nan,NO_WELD
19.89,0.0,0.0,0.0,0.0,0.0,0.0,0.0,0.0,0,0,0.0,0.0,3.8671912094718666,nan,nan,NO_WELD
19.94,0.0,0.0,0.0,0.0,0.0,0.0,0.0,0.0,0,0,0.0,0.0,1.4062534542270564,1.4062534542270564,0.0,WELD_FOUND
19.99,0.0,0.0,0.0,0.0,0.0,0.0,0.0,0.0,0,0,0.0,0.0,1.4062534542270564,1.4062534542270564,0.0,WELD_FOUND
20.041,0.032582298035693374,-0.01666005727683549,0.030083289444168052,0.0350813066272187,0.0,0.0,0.0301,0.0351,0,0,0.0,0.0,-0.7031216044716506,0.35156592487770283,-1.0546875293493534,WELD_FOUND
20.09,0.032582298035693374,-0.01666005727683549,0.030083289444168052,0.0350813066272187,0.0,0.0,0.0301,0.0351,0,0,0.0,0.0,-0.7031216044716506,nan,nan,NO_WELD
20.14,0.0,0.0,0.0,0.0,0.0,0.0,0.0,0.0,0,0,0.0,0.0,-0.7031216044716506,nan,nan,NO_WELD
20.19,0.0,0.0,0.0,0.0,0.0,0.0,0.0,0.0,0,0,0.0,0.0,0.35156592487770283,nan,nan,NO_WELD
20.24,0.032582298035693374,-0.015339957317337394,0.030281304438092765,0.034883291633293984,0.0,0.0,0.0303,0.0349,0,0,0.0,0.0,0.35156592487770283,0.35156592487770283,0.0,WELD_FOUND
20.29,0.032582298035693374,-0.015339957317337394,0.030281304438092765,0.034883291633293984,0.0,0.0,0.0303,0.0349,0,0,0.0,0.0,3.4150945850063755e-06,0.35156592487770283,-0.3515625097831178,WELD_FOUND
20.34,0.035,0.0,0.035,0.035,0.0,0.0,0.035,0.035,0,0,0.0,0.0,3.4150945850063755e-06,0.17578466998614392,-0.1757812548915589,WELD_FOUND
20.391,0.035,0.0,0.035,0.035,0.0,0.0,0.035,0.035,0,0,0.0,0.0,3.4150945850063755e-06,nan,nan,NO_WELD
20.44,0.0,0.0,0.0,0.0,0.0,0.0,0.0,0.0,0,0,0.0,0.0,3.4150945850063755e-06,nan,nan,NO_WELD
20.49,0.0,0.0,0.0,0.0,0.0,0.0,0.0,0.0,0,0,0.0,0.0,3.4150945850063755e-06,nan,nan,NO_WELD
20.54,0.0,0.0,0.0,0.0,0.0,0.0,0.0,0.0,0,0,0.0,0.0,3.4150945850063755e-06,nan,nan,NO_WELD
20.59,0.0,0.0,0.0,0.0,0.0,0.0,0.0,0.0,0,0,0.0,0.0,3.4150945850063755e-06,nan,nan,NO_WELD
20.64,0.0,0.0,0.0,0.0,0.0,0.0,0.0,0.0,0,0,0.0,0.0,3.4150945850063755e-06,nan,nan,NO_WELD
20.69,0.0,0.0,0.0,0.0,0.0,0.0,0.0,0.0,0,0,0.0,0.0,3.4150945850063755e-06,nan,nan,NO_WELD
20.74,0.0,0.0,0.0,0.0,0.0,0.0,0.0,0.0,0,0,0.0,0.0,3.4150945850063755e-06,nan,nan,NO_WELD
20.79,0.0,0.0,0.0,0.0,0.0,0.0,0.0,0.0,0,0,0.0,0.0,3.4150945850063755e-06,nan,nan,NO_WELD
20.84,0.0,0.0,0.0,0.0,0.0,0.0,0.0,0.0,0,0,0.0,0.0,3.4150945850063755e-06,nan,nan,NO_WELD
20.89,0.0,0.0,0.0,0.0,0.0,0.0,0.0,0.0,0,0,0.0,0.0,-0.35155909468853286,-0.35155909468853286,0.0,WELD_FOUND
20.94,0.0,0.0,0.0,0.0,0.0,0.0,0.0,0.0,0,0,0.0,0.0,-0.35155909468853286,-0.35155909468853286,0.0,WELD_FOUND
20.99,0.0,0.0,0.0,0.0,0.0,0.0,0.0,0.0,0,0,0.0,0.0,-0.35155909468853286,nan,nan,NO_WELD
21.041,0.0,0.0,0.0,0.0,0.0,0.0,0.0,0.0,0,0,0.0,0.0,-0.35155909468853286,nan,nan,NO_WELD
21.09,0.0,0.0,0.0,0.0,0.0,0.0,0.0,0.0,0,0,0.0,0.0,-2.1093715902432693,-2.1093715902432693,0.0,WELD_FOUND
21.14,0.02179170584530101,0.05,0.02929170584530101,0.014291705845301012,0.0,0.0,0.0293,0.0143,0,0,0.0,0.0,-2.1093715902432693,-2.1093715902432693,0.0,WELD_FOUND
21.19,0.023372858538827826,0.07240355165963143,0.034233391287772544,0.012512325789883112,0.0,0.0,0.0342,0.0125,0,0,0.0,0.0,-1.4062466240378864,-1.7578091605014305,0.3515625364635442,WELD_FOUND
21.24,0.023372858538827826,0.07240355165963143,0.034233391287772544,0.012512325789883112,0.0,0.0,0.0342,0.0125,0,0,0.0,0.0,-1.4062466240378864,-1.7578091605014305,0.3515625364635442,WELD_FOUND
21.291,0.025343332094152467,0.056133026557568626,0.03376328607778776,0.016923378110517175,0.0,0.0,0.0338,0.0169,0,0,0.0,0.0,0.35156592487770283,-1.4062466240378864,1.7578125489155891,WELD_FOUND
21.34,0.025343332094152467,0.056133026557568626,0.03376328607778776,0.016923378110517175,0.0,0.0,0.0338,0.0169,0,0,0.0,0.0,0.35156592487770283,-1.4062466240378864,1.7578125489155891,WELD_FOUND
21.39,0.02490963001886761,0.07014603482968075,0.035431535243319726,0.014387724794415498,0.0,0.0,0.0354,0.0144,0,0,0.0,0.0,-1.7578091605014305,-1.5820278389088056,-0.17578132159262494,WELD_FOUND
21.44,0.02490963001886761,0.07014603482968075,0.035431535243319726,0.014387724794415498,0.0,0.0,0.0354,0.0144,0,0,0.0,0.0,-1.7578091605014305,-1.5820278389088056,-0.17578132159262494,WELD_FOUND
21.49,0.0,0.0,0.0,0.0,0.0,0.0,0.0,0.0,0,0,0.0,0.0,-1.7578091605014305,nan,nan,NO_WELD
21.54,0.0,0.0,0.0,0.0,0.0,0.0,0.0,0.0,0,0,0.0,0.0,-1.7578091605014305,nan,nan,NO_WELD
21.59,0.029141393594982693,0.029165713611925045,0.03351625063677145,0.024766536553193937,0.0,0.0,0.0335,0.0248,0,0,0.0,0.0,-0.7031216044716506,-0.7031216044716506,0.0,WELD_FOUND
21.64,0.029141393594982693,0.029165713611925045,0.03351625063677145,0.024766536553193937,0.0,0.0,0.0335,0.0248,0,0,0.0,0.0,-0.7031216044716506,-0.7031216044716506,0.0,WELD_FOUND
21.69,0.0,0.0,0.0,0.0,0.0,0.0,0.0,0.0,0,0,0.0,0.0,-0.7031216044716506,nan,nan,NO_WELD
21.74,0.0,0.0,0.0,0.0,0.0,0.0,0.0,0.0,0,0,0.0,0.0,-0.7031216044716506,nan,nan,NO_WELD
21.79,0.0,0.0,0.0,0.0,0.0,0.0,0.0,0.0,0,0,0.0,0.0,-0.7031216044716506,nan,nan,NO_WELD
21.84,0.0,0.0,0.0,0.0,0.0,0.0,0.0,0.0,0,0,0.0,0.0,-0.7031216044716506,nan,nan,NO_WELD
21.89,0.031878796129964124,0.016233911080161128,0.03431388279198829,0.029443709467939956,0.0,0.0,0.0343,0.0294,0,0,0.0,0.0,-0.35155909468853286,-0.35155909468853286,0.0,WELD_FOUND
21.94,0.031878796129964124,0.016233911080161128,0.03431388279198829,0.029443709467939956,0.0,0.0,0.0343,0.0294,0,0,0.0,0.0,-0.35155909468853286,-0.35155909468853286,0.0,WELD_FOUND
21.99,0.0,0.0,0.0,0.0,0.0,0.0,0.0,0.0,0,0,0.0,0.0,-0.35155909468853286,nan,nan,NO_WELD
22.041,0.0,0.0,0.0,0.0,0.0,0.0,0.0,0.0,0,0,0.0,0.0,-0.35155909468853286,nan,nan,NO_WELD
22.09,0.0,0.0,0.0,0.0,0.0,0.0,0.0,0.0,0,0,0.0,0.0,-0.35155909468853286,nan,nan,NO_WELD
22.14,0.0,0.0,0.0,0.0,0.0,0.0,0.0,0.0,0,0,0.0,0.0,-0.35155909468853286,nan,nan,NO_WELD
22.19,0.0,0.0,0.0,0.0,0.0,0.0,0.0,0.0,0,0,0.0,0.0,-0.35155909468853286,nan,nan,NO_WELD
22.24,0.0,0.0,0.0,0.0,0.0,0.0,0.0,0.0,0,0,0.0,0.0,-0.35155909468853286,nan,nan,NO_WELD
22.29,0.0,0.0,0.0,0.0,0.0,0.0,0.0,0.0,0,0,0.0,0.0,-2.460934233428519,-2.460934233428519,0.0,WELD_FOUND
22.34,0.0,0.0,0.0,0.0,0.0,0.0,0.0,0.0,0,0,0.0,0.0,-2.460934233428519,-2.460934233428519,0.0,WELD_FOUND
22.39,0.0,0.0,0.0,0.0,0.0,0.0,0.0,0.0,0,0,0.0,0.0,-2.460934233428519,nan,nan,NO_WELD
22.44,0.0,0.0,0.0,0.0,0.0,0.0,0.0,0.0,0,0,0.0,0.0,-2.460934233428519,nan,nan,NO_WELD
22.49,0.0116980118241367,0.05,0.019198011824136697,0.0041980118241367,0.0,0.0,0.0192,0.0042,0,0,0.0,0.0,-4.218746595581123,-4.218746595581123,0.0,WELD_FOUND
22.54,0.0116980118241367,0.05,0.019198011824136697,0.0041980118241367,0.0,0.0,0.0192,0.0042,0,0,0.0,0.0,-4.218746595581123,-4.218746595581123,0.0,WELD_FOUND
22.59,0.008053514649887829,0.1,0.023053514649887828,-0.006946485350112171,0.0,0.0,0.0231,-0.0069,0,0,0.0,0.0,-6.6796842441042275,-5.449215419842675,-1.2304688242615525,WELD_FOUND
22.64,0.008053514649887829,0.1,0.023053514649887828,-0.006946485350112171,0.0,0.0,0.0231,-0.0069,0,0,0.0,0.0,-6.6796842441042275,-5.449215419842675,-1.2304688242615525,WELD_FOUND
22.69,0.0,0.0,0.0,0.0,0.0,0.0,0.0,0.0,0,0,0.0,0.0,-6.6796842441042275,nan,nan,NO_WELD
22.74,0.0,0.0,0.0,0.0,0.0,0.0,0.0,0.0,0,0,0.0,0.0,-6.6796842441042275,nan,nan,NO_WELD
22.79,0.010914848710862056,0.05,0.018414848710862054,0.0034148487108620566,0.0,0.0,0.0184,0.0034,0,0,0.0,0.0,-4.218746595581123,-4.218746595581123,0.0,WELD_FOUND
22.84,0.010914848710862056,0.05,0.018414848710862054,0.0034148487108620566,0.0,0.0,0.0184,0.0034,0,0,0.0,0.0,-4.218746595581123,-4.218746595581123,0.0,WELD_FOUND
22.89,0.012111346432105147,0.1,0.027111346432105145,-0.0028886535678948524,0.0,0.0,0.0271,-0.0029,0,0,0.0,0.0,-3.8671843792826963,-4.042965273988498,0.17578089470580194,WELD_FOUND
22.94,0.012111346432105147,0.1,0.027111346432105145,-0.0028886535678948524,0.0,0.0,0.0271,-0.0029,0,0,0.0,0.0,-3.8671843792826963,-4.042965273988498,0.17578089470580194,WELD_FOUND
22.99,0.011780104657607848,0.15000000000000002,0.03428010465760785,-0.010719895342392155,0.0,0.0,0.0343,-0.0107,0,0,0.0,0.0,-5.9765593846205505,-4.218746595581123,-1.757812789039427,WELD_FOUND
23.041,0.011780104657607848,0.15000000000000002,0.03428010465760785,-0.010719895342392155,0.0,0.0,0.0343,-0.0107,0,0,0.0,0.0,-5.9765593846205505,-4.218746595581123,-1.757812789039427,WELD_FOUND
23.09,0.009039988270989778,0.2,0.03903998827098978,-0.02096001172901022,0.0,0.0,0.039,-0.021,0,0,0.0,0.0,-7.7343721736599775,-5.0976527766574256,-2.636719397002552,WELD_FOUND
23.14,0.009039988270989778,0.2,0.03903998827098978,-0.02096001172901022,0.0,0.0,0.039,-0.021,0,0,0.0,0.0,-7.7343721736599775,-5.0976527766574256,-2.636719397002552,WELD_FOUND
23.19,0.0,0.0,0.0,0.0,0.0,0.0,0.0,0.0,0,0,0.0,0.0,-7.7343721736599775,nan,nan,NO_WELD
23.24,0.0,0.0,0.0,0.0,0.0,0.0,0.0,0.0,0,0,0.0,0.0,-7.7343721736599775,nan,nan,NO_WELD
23.29,0.0,0.0,0.0,0.0,0.0,0.0,0.0,0.0,0,0,0.0,0.0,-7.7343721736599775,nan,nan,NO_WELD
23.34,0.0,0.0,0.0,0.0,0.0,0.0,0.0,0.0,0,0,0.0,0.0,-7.7343721736599775,nan,nan,NO_WELD
23.39,0.0,0.0,0.0,0.0,0.0,0.0,0.0,0.0,0,0,0.0,0.0,-7.7343721736599775,nan,nan,NO_WELD
23.44,0.0,0.0,0.0,0.0,0.0,0.0,0.0,0.0,0,0,0.0,0.0,-7.7343721736599775,nan,nan,NO_WELD
23.49,0.0,0.0,0.0,0.0,0.0,0.0,0.0,0.0,0,0,0.0,0.0,-7.7343721736599775,nan,nan,NO_WELD
23.54,0.0,0.0,0.0,0.0,0.0,0.0,0.0,0.0,0,0,0.0,0.0,-7.7343721736599775,nan,nan,NO_WELD
23.59,0.0,0.0,0.0,0.0,0.0,0.0,0.0,0.0,0,0,0.0,0.0,-7.7343721736599775,nan,nan,NO_WELD
23.64,0.0,0.0,0.0,0.0,0.0,0.0,0.0,0.0,0,0,0.0,0.0,-7.7343721736599775,nan,nan,NO_WELD
23.69,0.0,0.0,0.0,0.0,0.0,0.0,0.0,0.0,0,0,0.0,0.0,-7.7343721736599775,nan,nan,NO_WELD
23.74,0.0,0.0,0.0,0.0,0.0,0.0,0.0,0.0,0,0,0.0,0.0,-7.7343721736599775,nan,nan,NO_WELD
23.79,0.0,0.0,0.0,0.0,0.0,0.0,0.0,0.0,0,0,0.0,0.0,-7.7343721736599775,nan,nan,NO_WELD
23.84,0.0,0.0,0.0,0.0,0.0,0.0,0.0,0.0,0,0,0.0,0.0,-7.7343721736599775,nan,nan,NO_WELD
23.89,0.0,0.0,0.0,0.0,0.0,0.0,0.0,0.0,0,0,0.0,0.0,-5.273434098250051,-5.273434098250051,0.0,WELD_FOUND
23.94,0.0,0.0,0.0,0.0,0.0,0.0,0.0,0.0,0,0,0.0,0.0,-5.273434098250051,-5.273434098250051,0.0,WELD_FOUND
23.99,0.0,0.0,0.0,0.0,0.0,0.0,0.0,0.0,0,0,0.0,0.0,-5.273434098250051,nan,nan,NO_WELD
24.041,0.0,0.0,0.0,0.0,0.0,0.0,0.0,0.0,0,0,0.0,0.0,-5.273434098250051,nan,nan,NO_WELD
24.09,0.0,0.0,0.0,0.0,0.0,0.0,0.0,0.0,0,0,0.0,0.0,-5.273434098250051,nan,nan,NO_WELD
24.14,0.0,0.0,0.0,0.0,0.0,0.0,0.0,0.0,0,0,0.0,0.0,-5.273434098250051,nan,nan,NO_WELD
24.19,0.013163999603199958,0.05,0.020663999603199958,0.005663999603199958,0.0,0.0,0.0207,0.0057,0,0,0.0,0.0,-3.8671843792826963,-3.8671843792826963,0.0,WELD_FOUND
24.24,0.013163999603199958,0.05,0.020663999603199958,0.005663999603199958,0.0,0.0,0.0207,0.0057,0,0,0.0,0.0,-3.8671843792826963,-3.8671843792826963,0.0,WELD_FOUND
24.29,0.010859946078365875,0.1,0.025859946078365875,-0.004140053921634124,0.0,0.0,0.0259,-0.0041,0,0,0.0,0.0,-5.273434098250051,-4.570309238766374,-0.703124859483677,WELD_FOUND
24.34,0.010859946078365875,0.1,0.025859946078365875,-0.004140053921634124,0.0,0.0,0.0259,-0.0041,0,0,0.0,0.0,-5.273434098250051,-4.570309238766374,-0.703124859483677,WELD_FOUND
24.39,0.008387441106711614,0.15000000000000002,0.030887441106711617,-0.014112558893288388,0.0,0.0,0.0309,-0.0141,0,0,0.0,0.0,-5.6249967414353,-5.273434098250051,-0.35156264318524943,WELD_FOUND
24.44,0.008387441106711614,0.15000000000000002,0.030887441106711617,-0.014112558893288388,0.0,0.0,0.0309,-0.0141,0,0,0.0,0.0,-5.6249967414353,-5.273434098250051,-0.35156264318524943,WELD_FOUND
24.49,0.0,0.0,0.0,0.0,0.0,0.0,0.0,0.0,0,0,0.0,0.0,-5.6249967414353,nan,nan,NO_WELD
24.54,0.0,0.0,0.0,0.0,0.0,0.0,0.0,0.0,0,0,0.0,0.0,-5.6249967414353,nan,nan,NO_WELD
24.59,0.0,0.0,0.0,0.0,0.0,0.0,0.0,0.0,0,0,0.0,0.0,-5.6249967414353,nan,nan,NO_WELD
24.64,0.0,0.0,0.0,0.0,0.0,0.0,0.0,0.0,0,0,0.0,0.0,-5.6249967414353,nan,nan,NO_WELD
24.69,0.014551015454832244,0.05,0.02205101545483224,0.007051015454832244,0.0,0.0,0.0221,0.0071,0,0,0.0,0.0,-3.164059092912196,-3.164059092912196,0.0,WELD_FOUND
24.74,0.014551015454832244,0.05,0.02205101545483224,0.007051015454832244,0.0,0.0,0.0221,0.0071,0,0,0.0,0.0,-3.164059092912196,-3.164059092912196,0.0,WELD_FOUND
24.79,0.0,0.0,0.0,0.0,0.0,0.0,0.0,0.0,0,0,0.0,0.0,-3.164059092912196,nan,nan,NO_WELD
24.84,0.0,0.0,0.0,0.0,0.0,0.0,0.0,0.0,0,0,0.0,0.0,-3.164059092912196,nan,nan,NO_WELD
24.89,0.013435846163698882,0.05,0.020935846163698882,0.005935846163698882,0.0,0.0,0.0209,0.0059,0,0,0.0,0.0,-3.8671843792826963,-3.8671843792826963,0.0,WELD_FOUND
24.94,0.013435846163698882,0.05,0.020935846163698882,0.005935846163698882,0.0,0.0,0.0209,0.0059,0,0,0.0,0.0,-3.8671843792826963,-3.8671843792826963,0.0,WELD_FOUND
24.99,0.0,0.0,0.0,0.0,0.0,0.0,0.0,0.0,0,0,0.0,0.0,-3.8671843792826963,nan,nan,NO_WELD
25.041,0.0,0.0,0.0,0.0,0.0,0.0,0.0,0.0,0,0,0.0,0.0,-3.8671843792826963,nan,nan,NO_WELD
25.09,0.0,0.0,0.0,0.0,0.0,0.0,0.0,0.0,0,0,0.0,0.0,-3.8671843792826963,nan,nan,NO_WELD
25.14,0.0,0.0,0.0,0.0,0.0,0.0,0.0,0.0,0,0,0.0,0.0,-3.8671843792826963,nan,nan,NO_WELD
25.19,0.0,0.0,0.0,0.0,0.0,0.0,0.0,0.0,0,0,0.0,0.0,-3.8671843792826963,nan,nan,NO_WELD
25.24,0.0,0.0,0.0,0.0,0.0,0.0,0.0,0.0,0,0,0.0,0.0,-3.8671843792826963,nan,nan,NO_WELD
25.29,0.0,0.0,0.0,0.0,0.0,0.0,0.0,0.0,0,0,0.0,0.0,-3.164059092912196,-3.164059092912196,0.0,WELD_FOUND
25.34,0.0,0.0,0.0,0.0,0.0,0.0,0.0,0.0,0,0,0.0,0.0,-3.164059092912196,-3.164059092912196,0.0,WELD_FOUND
25.39,0.0,0.0,0.0,0.0,0.0,0.0,0.0,0.0,0,0,0.0,0.0,-3.164059092912196,nan,nan,NO_WELD
25.44,0.0,0.0,0.0,0.0,0.0,0.0,0.0,0.0,0,0,0.0,0.0,-3.164059092912196,nan,nan,NO_WELD
25.49,0.0,0.0,0.0,0.0,0.0,0.0,0.0,0.0,0,0,0.0,0.0,-3.164059092912196,nan,nan,NO_WELD
25.54,0.0,0.0,0.0,0.0,0.0,0.0,0.0,0.0,0,0,0.0,0.0,-3.164059092912196,nan,nan,NO_WELD
25.59,0.014716506514280164,0.05,0.022216506514280164,0.007216506514280165,0.0,0.0,0.0222,0.0072,0,0,0.0,0.0,-3.5156217360974464,-3.5156217360974464,0.0,WELD_FOUND
25.64,0.014716506514280164,0.05,0.022216506514280164,0.007216506514280165,0.0,0.0,0.0222,0.0072,0,0,0.0,0.0,-3.5156217360974464,-3.5156217360974464,0.0,WELD_FOUND
25.69,0.0,0.0,0.0,0.0,0.0,0.0,0.0,0.0,0,0,0.0,0.0,-3.5156217360974464,nan,nan,NO_WELD
25.74,0.0,0.0,0.0,0.0,0.0,0.0,0.0,0.0,0,0,0.0,0.0,-3.5156217360974464,nan,nan,NO_WELD
25.79,0.0,0.0,0.0,0.0,0.0,0.0,0.0,0.0,0,0,0.0,0.0,-3.5156217360974464,nan,nan,NO_WELD
25.84,0.0,0.0,0.0,0.0,0.0,0.0,0.0,0.0,0,0,0.0,0.0,-3.5156217360974464,nan,nan,NO_WELD
25.89,0.0,0.0,0.0,0.0,0.0,0.0,0.0,0.0,0,0,0.0,0.0,-3.5156217360974464,nan,nan,NO_WELD
25.94,0.0,0.0,0.0,0.0,0.0,0.0,0.0,0.0,0,0,0.0,0.0,-3.5156217360974464,nan,nan,NO_WELD
25.99,0.0,0.0,0.0,0.0,0.0,0.0,0.0,0.0,0,0,0.0,0.0,-3.5156217360974464,nan,nan,NO_WELD
26.041,0.0,0.0,0.0,0.0,0.0,0.0,0.0,0.0,0,0,0.0,0.0,-3.5156217360974464,nan,nan,NO_WELD
26.09,0.0,0.0,0.0,0.0,0.0,0.0,0.0,0.0,0,0,0.0,0.0,-3.8671843792826963,-3.8671843792826963,0.0,WELD_FOUND
26.14,0.0,0.0,0.0,0.0,0.0,0.0,0.0,0.0,0,0,0.0,0.0,-3.8671843792826963,-3.8671843792826963,0.0,WELD_FOUND
26.19,0.014716506514280164,0.05,0.022216506514280164,0.007216506514280165,0.0,0.0,0.0222,0.0072,0,0,0.0,0.0,-3.164059092912196,-3.5156217360974464,0.3515626431852503,WELD_FOUND
26.24,0.014716506514280164,0.05,0.022216506514280164,0.007216506514280165,0.0,0.0,0.0222,0.0072,0,0,0.0,0.0,-3.164059092912196,-3.5156217360974464,0.3515626431852503,WELD_FOUND
26.29,0.014716506514280164,0.1,0.029716506514280164,-0.0002834934857198351,0.0,0.0,0.0297,-0.0003,0,0,0.0,0.0,-3.5156217360974464,-3.5156217360974464,0.0,WELD_FOUND
26.34,0.014716506514280164,0.1,0.029716506514280164,-0.0002834934857198351,0.0,0.0,0.0297,-0.0003,0,0,0.0,0.0,-3.5156217360974464,-3.5156217360974464,0.0,WELD_FOUND
26.39,0.0,0.0,0.0,0.0,0.0,0.0,0.0,0.0,0,0,0.0,0.0,-3.5156217360974464,nan,nan,NO_WELD
26.44,0.0,0.0,0.0,0.0,0.0,0.0,0.0,0.0,0,0,0.0,0.0,-3.5156217360974464,nan,nan,NO_WELD
26.49,0.0,0.0,0.0,0.0,0.0,0.0,0.0,0.0,0,0,0.0,0.0,-3.5156217360974464,nan,nan,NO_WELD
26.54,0.0,0.0,0.0,0.0,0.0,0.0,0.0,0.0,0,0,0.0,0.0,-3.5156217360974464,nan,nan,NO_WELD
26.59,0.016020804574354366,0.05,0.023520804574354365,0.008520804574354366,0.0,0.0,0.0235,0.0085,0,0,0.0,0.0,-3.164059092912196,-3.164059092912196,0.0,WELD_FOUND
26.64,0.016020804574354366,0.05,0.023520804574354365,0.008520804574354366,0.0,0.0,0.0235,0.0085,0,0,0.0,0.0,-3.164059092912196,-3.164059092912196,0.0,WELD_FOUND
26.69,0.0,0.0,0.0,0.0,0.0,0.0,0.0,0.0,0,0,0.0,0.0,-3.164059092912196,nan,nan,NO_WELD
26.74,0.0,0.0,0.0,0.0,0.0,0.0,0.0,0.0,0,0,0.0,0.0,-3.164059092912196,nan,nan,NO_WELD
26.79,0.014972936435186735,0.05,0.022472936435186733,0.007472936435186735,0.0,0.0,0.0225,0.0075,0,0,0.0,0.0,-3.5156217360974464,-3.5156217360974464,0.0,WELD_FOUND
26.84,0.014972936435186735,0.05,0.022472936435186733,0.007472936435186735,0.0,0.0,0.0225,0.0075,0,0,0.0,0.0,-3.5156217360974464,-3.5156217360974464,0.0,WELD_FOUND
26.89,0.01541395037127464,0.1,0.030413950371274638,0.000413950371274641,0.0,0.0,0.0304,0.0004,0,0,0.0,0.0,-3.164059092912196,-3.3398404145048213,0.17578132159262516,WELD_FOUND
26.94,0.01541395037127464,0.1,0.030413950371274638,0.000413950371274641,0.0,0.0,0.0304,0.0004,0,0,0.0,0.0,-3.164059092912196,-3.3398404145048213,0.17578132159262516,WELD_FOUND
26.99,0.01485470358775189,0.15000000000000002,0.03735470358775189,-0.0076452964122481135,0.0,0.0,0.0374,-0.0076,0,0,0.0,0.0,-3.8671843792826963,-3.5156217360974464,-0.3515626431852499,WELD_FOUND
27.041,0.01485470358775189,0.15000000000000002,0.03735470358775189,-0.0076452964122481135,0.0,0.0,0.0374,-0.0076,0,0,0.0,0.0,-3.8671843792826963,-3.5156217360974464,-0.3515626431852499,WELD_FOUND
27.09,0.015389919907037464,0.1439661090994632,0.03698483627195694,-0.006204996457882014,0.0,0.0,0.037,-0.0062,0,0,0.0,0.0,-2.460934233428519,-3.3398404145048213,0.8789061810763021,WELD_FOUND
27.14,0.015389919907037464,0.1439661090994632,0.03698483627195694,-0.006204996457882014,0.0,0.0,0.037,-0.0062,0,0,0.0,0.0,-2.460934233428519,-3.3398404145048213,0.8789061810763021,WELD_FOUND
27.19,0.014849984022009936,0.15519658575882045,0.038129471885833,-0.008429503841813131,0.0,0.0,0.0381,-0.0084,0,0,0.0,0.0,-3.8671843792826963,-3.5156217360974464,-0.3515626431852499,WELD_FOUND
27.24,0.014849984022009936,0.15519658575882045,0.038129471885833,-0.008429503841813131,0.0,0.0,0.0381,-0.0084,0,0,0.0,0.0,-3.8671843792826963,-3.5156217360974464,-0.3515626431852499,WELD_FOUND
27.29,0.0,0.0,0.0,0.0,0.0,0.0,0.0,0.0,0,0,0.0,0.0,-3.8671843792826963,nan,nan,NO_WELD
27.34,0.0,0.0,0.0,0.0,0.0,0.0,0.0,0.0,0,0,0.0,0.0,-3.8671843792826963,nan,nan,NO_WELD
27.39,0.0,0.0,0.0,0.0,0.0,0.0,0.0,0.0,0,0,0.0,0.0,-3.8671843792826963,nan,nan,NO_WELD
27.44,0.0,0.0,0.0,0.0,0.0,0.0,0.0,0.0,0,0,0.0,0.0,-3.8671843792826963,nan,nan,NO_WELD
27.49,0.0,0.0,0.0,0.0,0.0,0.0,0.0,0.0,0,0,0.0,0.0,-3.8671843792826963,nan,nan,NO_WELD
27.54,0.0,0.0,0.0,0.0,0.0,0.0,0.0,0.0,0,0,0.0,0.0,-3.8671843792826963,nan,nan,NO_WELD
27.59,0.0,0.0,0.0,0.0,0.0,0.0,0.0,0.0,0,0,0.0,0.0,-3.8671843792826963,nan,nan,NO_WELD
27.64,0.0,0.0,0.0,0.0,0.0,0.0,0.0,0.0,0,0,0.0,0.0,-3.8671843792826963,nan,nan,NO_WELD
27.69,0.0,0.0,0.0,0.0,0.0,0.0,0.0,0.0,0,0,0.0,0.0,-3.8671843792826963,nan,nan,NO_WELD
27.74,0.0,0.0,0.0,0.0,0.0,0.0,0.0,0.0,0,0,0.0,0.0,-3.8671843792826963,nan,nan,NO_WELD
27.79,0.0,0.0,0.0,0.0,0.0,0.0,0.0,0.0,0,0,0.0,0.0,-3.8671843792826963,nan,nan,NO_WELD
27.84,0.0,0.0,0.0,0.0,0.0,0.0,0.0,0.0,0,0,0.0,0.0,-3.8671843792826963,nan,nan,NO_WELD
27.89,0.0,0.0,0.0,0.0,0.0,0.0,0.0,0.0,0,0,0.0,0.0,-5.9765593846205505,-5.9765593846205505,0.0,WELD_FOUND
27.94,0.0,0.0,0.0,0.0,0.0,0.0,0.0,0.0,0,0,0.0,0.0,-5.9765593846205505,-5.9765593846205505,0.0,WELD_FOUND
27.99,0.0,0.0,0.0,0.0,0.0,0.0,0.0,0.0,0,0,0.0,0.0,-5.9765593846205505,nan,nan,NO_WELD
28.041,0.0,0.0,0.0,0.0,0.0,0.0,0.0,0.0,0,0,0.0,0.0,-5.9765593846205505,nan,nan,NO_WELD
28.09,0.0,0.0,0.0,0.0,0.0,0.0,0.0,0.0,0,0,0.0,0.0,-5.9765593846205505,nan,nan,NO_WELD
28.14,0.0,0.0,0.0,0.0,0.0,0.0,0.0,0.0,0,0,0.0,0.0,-5.9765593846205505,nan,nan,NO_WELD
28.19,0.0,0.0,0.0,0.0,0.0,0.0,0.0,0.0,0,0,0.0,0.0,-5.9765593846205505,nan,nan,NO_WELD
28.24,0.0,0.0,0.0,0.0,0.0,0.0,0.0,0.0,0,0,0.0,0.0,-5.9765593846205505,nan,nan,NO_WELD
28.29,0.0,0.0,0.0,0.0,0.0,0.0,0.0,0.0,0,0,0.0,0.0,-5.9765593846205505,nan,nan,NO_WELD
28.34,0.0,0.0,0.0,0.0,0.0,0.0,0.0,0.0,0,0,0.0,0.0,-5.9765593846205505,nan,nan,NO_WELD
28.39,0.0,0.0,0.0,0.0,0.0,0.0,0.0,0.0,0,0,0.0,0.0,-6.328121600918977,-6.328121600918977,0.0,WELD_FOUND
28.44,0.0,0.0,0.0,0.0,0.0,0.0,0.0,0.0,0,0,0.0,0.0,-6.328121600918977,-6.328121600918977,0.0,WELD_FOUND
28.49,0.005,0.05,0.0125,-0.0024999999999999996,0.0,0.0,0.0125,-0.0025,0,0,0.0,0.0,-7.7343721736599775,-7.031246887289478,-0.7031252863704998,WELD_FOUND
28.54,0.005,0.05,0.0125,-0.0024999999999999996,0.0,0.0,0.0125,-0.0025,0,0,0.0,0.0,-7.7343721736599775,-7.031246887289478,-0.7031252863704998,WELD_FOUND
28.59,0.0,0.0,0.0,0.0,0.0,0.0,0.0,0.0,0,0,0.0,0.0,-7.7343721736599775,nan,nan,NO_WELD
28.64,0.0,0.0,0.0,0.0,0.0,0.0,0.0,0.0,0,0,0.0,0.0,-7.7343721736599775,nan,nan,NO_WELD
28.69,0.005087313000247761,0.05,0.01258731300024776,-0.002412686999752239,0.0,0.0,0.0126,-0.0024,0,0,0.0,0.0,-5.9765593846205505,-5.9765593846205505,0.0,WELD_FOUND
28.74,0.005087313000247761,0.05,0.01258731300024776,-0.002412686999752239,0.0,0.0,0.0126,-0.0024,0,0,0.0,0.0,-5.9765593846205505,-5.9765593846205505,0.0,WELD_FOUND
28.79,0.005,0.1,0.02,-0.009999999999999998,0.0,0.0,0.02,-0.01,0,0,0.0,0.0,-7.7343721736599775,-6.855465565696853,-0.8789066079631249,WELD_FOUND
28.84,0.005,0.1,0.02,-0.009999999999999998,0.0,0.0,0.02,-0.01,0,0,0.0,0.0,-7.7343721736599775,-6.855465565696853,-0.8789066079631249,WELD_FOUND
28.89,0.0,0.0,0.0,0.0,0.0,0.0,0.0,0.0,0,0,0.0,0.0,-7.7343721736599775,nan,nan,NO_WELD
28.94,0.0,0.0,0.0,0.0,0.0,0.0,0.0,0.0,0,0,0.0,0.0,-7.7343721736599775,nan,nan,NO_WELD
28.99,0.0,0.0,0.0,0.0,0.0,0.0,0.0,0.0,0,0,0.0,0.0,-7.7343721736599775,nan,nan,NO_WELD
29.041,0.0,0.0,0.0,0.0,0.0,0.0,0.0,0.0,0,0,0.0,0.0,-7.7343721736599775,nan,nan,NO_WELD
29.09,0.0,0.0,0.0,0.0,0.0,0.0,0.0,0.0,0,0,0.0,0.0,-7.7343721736599775,nan,nan,NO_WELD
29.14,0.0,0.0,0.0,0.0,0.0,0.0,0.0,0.0,0,0,0.0,0.0,-7.7343721736599775,nan,nan,NO_WELD
29.19,0.0,0.0,0.0,0.0,0.0,0.0,0.0,0.0,0,0,0.0,0.0,-4.921871881951623,-4.921871881951623,0.0,WELD_FOUND
29.24,0.0,0.0,0.0,0.0,0.0,0.0,0.0,0.0,0,0,0.0,0.0,-4.921871881951623,-4.921871881951623,0.0,WELD_FOUND
29.29,0.00781914882825486,0.05,0.01531914882825486,0.00031914882825486053,0.0,0.0,0.0153,0.0003,0,0,0.0,0.0,-5.6249967414353,-5.273434098250051,-0.35156264318524943,WELD_FOUND
29.34,0.00781914882825486,0.05,0.01531914882825486,0.00031914882825486053,0.0,0.0,0.0153,0.0003,0,0,0.0,0.0,-5.6249967414353,-5.273434098250051,-0.35156264318524943,WELD_FOUND
29.39,0.00781914882825486,0.1,0.022819148828254858,-0.007180851171745139,0.0,0.0,0.0228,-0.0072,0,0,0.0,0.0,-5.273434098250051,-5.273434098250051,0.0,WELD_FOUND
29.44,0.00781914882825486,0.1,0.022819148828254858,-0.007180851171745139,0.0,0.0,0.0228,-0.0072,0,0,0.0,0.0,-5.273434098250051,-5.273434098250051,0.0,WELD_FOUND
29.49,0.007360798700161151,0.15000000000000002,0.029860798700161152,-0.015139201299838851,0.0,0.0,0.0299,-0.0151,0,0,0.0,0.0,-7.382809530474727,-5.449215419842675,-1.9335941106320522,WELD_FOUND
29.54,0.007360798700161151,0.15000000000000002,0.029860798700161152,-0.015139201299838851,0.0,0.0,0.0299,-0.0151,0,0,0.0,0.0,-7.382809530474727,-5.449215419842675,-1.9335941106320522,WELD_FOUND
29.59,0.0077263713798590514,0.2,0.03772637137985905,-0.02227362862014095,0.0,0.0,0.0377,-0.0223,0,0,0.0,0.0,-5.273434098250051,-5.273434098250051,0.0,WELD_FOUND
29.64,0.0077263713798590514,0.2,0.03772637137985905,-0.02227362862014095,0.0,0.0,0.0377,-0.0223,0,0,0.0,0.0,-5.273434098250051,-5.273434098250051,0.0,WELD_FOUND
29.69,0.0,0.0,0.0,0.0,0.0,0.0,0.0,0.0,0,0,0.0,0.0,-5.273434098250051,nan,nan,NO_WELD
29.74,0.0,0.0,0.0,0.0,0.0,0.0,0.0,0.0,0,0,0.0,0.0,-5.273434098250051,nan,nan,NO_WELD
29.79,0.00875766903340814,0.05,0.01625766903340814,0.0012576690334081403,0.0,0.0,0.0163,0.0013,0,0,0.0,0.0,-4.921871881951623,-4.921871881951623,0.0,WELD_FOUND
29.84,0.00875766903340814,0.05,0.01625766903340814,0.0012576690334081403,0.0,0.0,0.0163,0.0013,0,0,0.0,0.0,-4.921871881951623,-4.921871881951623,0.0,WELD_FOUND
29.89,0.0,0.0,0.0,0.0,0.0,0.0,0.0,0.0,0,0,0.0,0.0,-4.921871881951623,nan,nan,NO_WELD
29.94,0.0,0.0,0.0,0.0,0.0,0.0,0.0,0.0,0,0,0.0,0.0,-4.921871881951623,nan,nan,NO_WELD
29.99,0.01221114797392355,0.05,0.01971114797392355,0.00471114797392355,0.0,0.0,0.0197,0.0047,0,0,0.0,0.0,-3.8671843792826963,-3.8671843792826963,0.0,WELD_FOUND
30.041,0.01221114797392355,0.05,0.01971114797392355,0.00471114797392355,0.0,0.0,0.0197,0.0047,0,0,0.0,0.0,-3.8671843792826963,-3.8671843792826963,0.0,WELD_FOUND
30.09,0.0,0.0,0.0,0.0,0.0,0.0,0.0,0.0,0,0,0.0,0.0,-3.8671843792826963,nan,nan,NO_WELD
30.14,0.0,0.0,0.0,0.0,0.0,0.0,0.0,0.0,0,0,0.0,0.0,-3.8671843792826963,nan,nan,NO_WELD
30.19,0.012970565856731954,0.05,0.020470565856731952,0.005470565856731955,0.0,0.0,0.0205,0.0055,0,0,0.0,0.0,-3.8671843792826963,-3.8671843792826963,0.0,WELD_FOUND
30.24,0.012970565856731954,0.05,0.020470565856731952,0.005470565856731955,0.0,0.0,0.0205,0.0055,0,0,0.0,0.0,-3.8671843792826963,-3.8671843792826963,0.0,WELD_FOUND
30.29,0.013734928625469576,0.1,0.028734928625469575,-0.0012650713745304236,0.0,0.0,0.0287,-0.0013,0,0,0.0,0.0,-3.5156217360974464,-3.691403057690071,0.17578132159262472,WELD_FOUND
30.34,0.013734928625469576,0.1,0.028734928625469575,-0.0012650713745304236,0.0,0.0,0.0287,-0.0013,0,0,0.0,0.0,-3.5156217360974464,-3.691403057690071,0.17578132159262472,WELD_FOUND
30.39,0.0,0.0,0.0,0.0,0.0,0.0,0.0,0.0,0,0,0.0,0.0,-3.5156217360974464,nan,nan,NO_WELD
30.44,0.0,0.0,0.0,0.0,0.0,0.0,0.0,0.0,0,0,0.0,0.0,-3.5156217360974464,nan,nan,NO_WELD
30.49,0.013277215862205333,0.05,0.020777215862205333,0.005777215862205334,0.0,0.0,0.0208,0.0058,0,0,0.0,0.0,-3.8671843792826963,-3.8671843792826963,0.0,WELD_FOUND
30.54,0.013277215862205333,0.05,0.020777215862205333,0.005777215862205334,0.0,0.0,0.0208,0.0058,0,0,0.0,0.0,-3.8671843792826963,-3.8671843792826963,0.0,WELD_FOUND
30.59,0.0,0.0,0.0,0.0,0.0,0.0,0.0,0.0,0,0,0.0,0.0,-3.8671843792826963,nan,nan,NO_WELD
30.64,0.0,0.0,0.0,0.0,0.0,0.0,0.0,0.0,0,0,0.0,0.0,-3.8671843792826963,nan,nan,NO_WELD
30.69,0.017061077644868385,0.05,0.024561077644868385,0.009561077644868386,0.0,0.0,0.0246,0.0096,0,0,0.0,0.0,-2.8124966631703576,-2.8124966631703576,0.0,WELD_FOUND
30.74,0.017061077644868385,0.05,0.024561077644868385,0.009561077644868386,0.0,0.0,0.0246,0.0096,0,0,0.0,0.0,-2.8124966631703576,-2.8124966631703576,0.0,WELD_FOUND
30.79,0.01858509612638385,0.1,0.03358509612638385,0.0035850961263838507,0.0,0.0,0.0336,0.0036,0,0,0.0,0.0,-2.460934233428519,-2.6367153415777325,0.17578110814921333,WELD_FOUND
30.84,0.01858509612638385,0.1,0.03358509612638385,0.0035850961263838507,0.0,0.0,0.0336,0.0036,0,0,0.0,0.0,-2.460934233428519,-2.6367153415777325,0.17578110814921333,WELD_FOUND
30.89,0.018181322101346573,0.12396005852239865,0.03677533087970637,-0.0004126866770132222,0.0,0.0,0.0368,-0.0004,0,0,0.0,0.0,-3.164059092912196,-2.8124966631703576,-0.3515624297418385,WELD_FOUND
30.94,0.018181322101346573,0.12396005852239865,0.03677533087970637,-0.0004126866770132222,0.0,0.0,0.0368,-0.0004,0,0,0.0,0.0,-3.164059092912196,-2.8124966631703576,-0.3515624297418385,WELD_FOUND
30.99,0.018815932711840223,0.11316532077032196,0.03579073082738851,0.0018411345962919302,0.0,0.0,0.0358,0.0018,0,0,0.0,0.0,-2.460934233428519,-2.6367153415777325,0.17578110814921333,WELD_FOUND
31.041,0.018815932711840223,0.11316532077032196,0.03579073082738851,0.0018411345962919302,0.0,0.0,0.0358,0.0018,0,0,0.0,0.0,-2.460934233428519,-2.6367153415777325,0.17578110814921333,WELD_FOUND
31.09,0.01822687273460127,0.12453552322999527,0.03690720121910056,-0.0004534557498980206,0.0,0.0,0.0369,-0.0005,0,0,0.0,0.0,-3.5156217360974464,-2.8124966631703576,-0.7031250729270888,WELD_FOUND
31.14,0.01822687273460127,0.12453552322999527,0.03690720121910056,-0.0004534557498980206,0.0,0.0,0.0369,-0.0005,0,0,0.0,0.0,-3.5156217360974464,-2.8124966631703576,-0.7031250729270888,WELD_FOUND
31.19,0.0,0.0,0.0,0.0,0.0,0.0,0.0,0.0,0,0,0.0,0.0,-3.5156217360974464,nan,nan,NO_WELD
31.24,0.0,0.0,0.0,0.0,0.0,0.0,0.0,0.0,0,0,0.0,0.0,-3.5156217360974464,nan,nan,NO_WELD
31.29,0.016721692225774534,0.05,0.024221692225774534,0.009221692225774535,0.0,0.0,0.0242,0.0092,0,0,0.0,0.0,-3.164059092912196,-3.164059092912196,0.0,WELD_FOUND
31.34,0.016721692225774534,0.05,0.024221692225774534,0.009221692225774535,0.0,0.0,0.0242,0.0092,0,0,0.0,0.0,-3.164059092912196,-3.164059092912196,0.0,WELD_FOUND
31.39,0.0,0.0,0.0,0.0,0.0,0.0,0.0,0.0,0,0,0.0,0.0,-3.164059092912196,nan,nan,NO_WELD
31.44,0.0,0.0,0.0,0.0,0.0,0.0,0.0,0.0,0,0,0.0,0.0,-3.164059092912196,nan,nan,NO_WELD
31.49,0.027226785777340737,0.026515800855552864,0.031204155905673665,0.02324941564900781,0.0,0.0,0.0312,0.0232,0,0,0.0,0.0,-0.7031216044716506,-0.7031216044716506,0.0,WELD_FOUND
31.54,0.027226785777340737,0.026515800855552864,0.031204155905673665,0.02324941564900781,0.0,0.0,0.0312,0.0232,0,0,0.0,0.0,-0.7031216044716506,-0.7031216044716506,0.0,WELD_FOUND
31.59,0.035,0.0,0.035,0.035,0.0,0.0,0.035,0.035,0,0,0.0,0.0,0.35156592487770283,-0.17577783979697392,0.5273437646746768,WELD_FOUND
31.64,0.035,0.0,0.035,0.035,0.0,0.0,0.035,0.035,0,0,0.0,0.0,0.35156592487770283,-0.17577783979697392,0.5273437646746768,WELD_FOUND
31.69,0.035,0.0,0.035,0.035,0.0,0.0,0.035,0.035,0,0,0.0,0.0,3.4150945850063755e-06,3.4150945850063755e-06,0.0,WELD_FOUND
31.74,0.035,0.0,0.035,0.035,0.0,0.0,0.035,0.035,0,0,0.0,0.0,3.4150945850063755e-06,3.4150945850063755e-06,0.0,WELD_FOUND
31.79,0.035,0.0,0.035,0.035,0.0,0.0,0.035,0.035,0,0,0.0,0.0,3.4150945850063755e-06,3.4150945850063755e-06,0.0,WELD_FOUND
31.84,0.035,0.0,0.035,0.035,0.0,0.0,0.035,0.035,0,0,0.0,0.0,3.4150945850063755e-06,3.4150945850063755e-06,0.0,WELD_FOUND
31.89,0.035,0.0,0.035,0.035,0.0,0.0,0.035,0.035,0,0,0.0,0.0,-0.35155909468853286,3.4150945850063755e-06,-0.35156250978311787,WELD_FOUND
31.94,0.035,0.0,0.035,0.035,0.0,0.0,0.035,0.035,0,0,0.0,0.0,-0.35155909468853286,3.4150945850063755e-06,-0.35156250978311787,WELD_FOUND
31.99,0.0,0.0,0.0,0.0,0.0,0.0,0.0,0.0,0,0,0.0,0.0,-0.35155909468853286,nan,nan,NO_WELD
32.041,0.0,0.0,0.0,0.0,0.0,0.0,0.0,0.0,0,0,0.0,0.0,-0.35155909468853286,nan,nan,NO_WELD
32.09,0.031177200772067374,-0.03192273433505176,0.02638879062180961,0.035965610922325135,0.0,0.0,0.0264,0.036,0,0,0.0,0.0,0.7031284346608206,0.7031284346608206,0.0,WELD_FOUND
32.14,0.031177200772067374,-0.03192273433505176,0.02638879062180961,0.035965610922325135,0.0,0.0,0.0264,0.036,0,0,0.0,0.0,0.7031284346608206,0.7031284346608206,0.0,WELD_FOUND
32.19,0.0,0.0,0.0,0.0,0.0,0.0,0.0,0.0,0,0,0.0,0.0,0.7031284346608206,nan,nan,NO_WELD
32.24,0.0,0.0,0.0,0.0,0.0,0.0,0.0,0.0,0,0,0.0,0.0,0.7031284346608206,nan,nan,NO_WELD
32.29,0.028270567741281016,0.05,0.03577056774128101,0.020770567741281016,0.0,0.0,0.0358,0.0208,0,0,0.0,0.0,-1.4062466240378864,-1.4062466240378864,0.0,WELD_FOUND
32.34,0.028270567741281016,0.05,0.03577056774128101,0.020770567741281016,0.0,0.0,0.0358,0.0208,0,0,0.0,0.0,-1.4062466240378864,-1.4062466240378864,0.0,WELD_FOUND
32.39,0.030765684617556927,0.01696972559550121,0.03331114345688211,0.028220225778231744,0.0,0.0,0.0333,0.0282,0,0,0.0,0.0,0.35156592487770283,-0.5273403362398785,0.8789062611175813,WELD_FOUND
32.44,0.030765684617556927,0.01696972559550121,0.03331114345688211,0.028220225778231744,0.0,0.0,0.0333,0.0282,0,0,0.0,0.0,0.35156592487770283,-0.5273403362398785,0.8789062611175813,WELD_FOUND
32.49,0.02854799812642106,0.05124408451567663,0.036234610803772556,0.020861385449069566,0.0,0.0,0.0362,0.0209,0,0,0.0,0.0,-1.0546840875743422,-1.0546840875743422,0.0,WELD_FOUND
32.54,0.02854799812642106,0.05124408451567663,0.036234610803772556,0.020861385449069566,0.0,0.0,0.0362,0.0209,0,0,0.0,0.0,-1.0546840875743422,-1.0546840875743422,0.0,WELD_FOUND
32.59,0.0317541517222338,0.0076839459565065035,0.03290674361570978,0.030601559828757827,0.0,0.0,0.0329,0.0306,0,0,0.0,0.0,0.35156592487770283,-0.35155909468853286,0.7031250195662357,WELD_FOUND
32.64,0.0317541517222338,0.0076839459565065035,0.03290674361570978,0.030601559828757827,0.0,0.0,0.0329,0.0306,0,0,0.0,0.0,0.35156592487770283,-0.35155909468853286,0.7031250195662357,WELD_FOUND
32.69,0.035,0.0,0.035,0.035,0.0,0.0,0.035,0.035,0,0,0.0,0.0,3.4150945850063755e-06,3.4150945850063755e-06,0.0,WELD_FOUND
32.74,0.035,0.0,0.035,0.035,0.0,0.0,0.035,0.035,0,0,0.0,0.0,3.4150945850063755e-06,3.4150945850063755e-06,0.0,WELD_FOUND
32.79,0.035,0.0,0.035,0.035,0.0,0.0,0.035,0.035,0,0,0.0,0.0,-2.1093715902432693,3.4150945850063755e-06,-2.109375005337854,WELD_FOUND
32.84,0.035,0.0,0.035,0.035,0.0,0.0,0.035,0.035,0,0,0.0,0.0,-2.1093715902432693,3.4150945850063755e-06,-2.109375005337854,WELD_FOUND
32.89,0.029318592448225014,0.05,0.03681859244822501,0.021818592448225014,0.0,0.0,0.0368,0.0218,0,0,0.0,0.0,-1.4062466240378864,-1.0546840875743422,-0.3515625364635442,WELD_FOUND
32.94,0.029318592448225014,0.05,0.03681859244822501,0.021818592448225014,0.0,0.0,0.0368,0.0218,0,0,0.0,0.0,-1.4062466240378864,-1.0546840875743422,-0.3515625364635442,WELD_FOUND
32.99,0.026524965500982843,0.06832458835181111,0.03677365375375451,0.016276277248211176,0.0,0.0,0.0368,0.0163,0,0,0.0,0.0,-2.8124966631703576,-1.4062466240378864,-1.4062500391324713,WELD_FOUND
33.041,0.026524965500982843,0.06832458835181111,0.03677365375375451,0.016276277248211176,0.0,0.0,0.0368,0.0163,0,0,0.0,0.0,-2.8124966631703576,-1.4062466240378864,-1.4062500391324713,WELD_FOUND
33.09,0.022701173497117172,0.10192481331022592,0.03798989549365106,0.007412451500583285,0.0,0.0,0.038,0.0074,0,0,0.0,0.0,-3.164059092912196,-2.1093715902432693,-1.0546875026689269,WELD_FOUND
33.14,0.022701173497117172,0.10192481331022592,0.03798989549365106,0.007412451500583285,0.0,0.0,0.038,0.0074,0,0,0.0,0.0,-3.164059092912196,-2.1093715902432693,-1.0546875026689269,WELD_FOUND
33.19,0.021972112004491437,0.0940602084839484,0.0360811432770837,0.007863080731899178,0.0,0.0,0.0361,0.0079,0,0,0.0,0.0,-1.4062466240378864,-2.1093715902432693,0.7031249662053829,WELD_FOUND
33.24,0.021972112004491437,0.0940602084839484,0.0360811432770837,0.007863080731899178,0.0,0.0,0.0361,0.0079,0,0,0.0,0.0,-1.4062466240378864,-2.1093715902432693,0.7031249662053829,WELD_FOUND
33.29,0.018828967709121614,0.13163927797895147,0.038574859405964335,-0.0009169239877211063,0.0,0.0,0.0386,-0.0009,0,0,0.0,0.0,-2.8124966631703576,-2.8124966631703576,0.0,WELD_FOUND
33.34,0.018828967709121614,0.13163927797895147,0.038574859405964335,-0.0009169239877211063,0.0,0.0,0.0386,-0.0009,0,0,0.0,0.0,-2.8124966631703576,-2.8124966631703576,0.0,WELD_FOUND
33.39,0.018229438247665986,0.12452066194732193,0.03690753753976428,-0.00044866104443230456,0.0,0.0,0.0369,-0.0004,0,0,0.0,0.0,-2.8124966631703576,-2.8124966631703576,0.0,WELD_FOUND
33.44,0.018229438247665986,0.12452066194732193,0.03690753753976428,-0.00044866104443230456,0.0,0.0,0.0369,-0.0004,0,0,0.0,0.0,-2.8124966631703576,-2.8124966631703576,0.0,WELD_FOUND
33.49,0.01811069633127959,0.12308232775807676,0.0365730454949911,-0.0003516528324319229,0.0,0.0,0.0366,-0.0004,0,0,0.0,0.0,-0.7031216044716506,-2.8124966631703576,2.1093750586987072,WELD_FOUND
33.54,0.01811069633127959,0.12308232775807676,0.0365730454949911,-0.0003516528324319229,0.0,0.0,0.0366,-0.0004,0,0,0.0,0.0,-0.7031216044716506,-2.8124966631703576,2.1093750586987072,WELD_FOUND
33.59,0.02419104932376787,0.07308232775807676,0.03515339848747938,0.013228700160056357,0.0,0.0,0.0352,0.0132,0,0,0.0,0.0,0.35156592487770283,-1.4062466240378864,1.7578125489155891,WELD_FOUND
33.64,0.02419104932376787,0.07308232775807676,0.03515339848747938,0.013228700160056357,0.0,0.0,0.0352,0.0132,0,0,0.0,0.0,0.35156592487770283,-1.4062466240378864,1.7578125489155891,WELD_FOUND
33.69,0.028985021305561836,0.023082327758076754,0.032447370469273346,0.025522672141850323,0.0,0.0,0.0324,0.0255,0,0,0.0,0.0,1.4062534542270564,-0.7031216044716506,2.1093750586987072,WELD_FOUND
33.74,0.028985021305561836,0.023082327758076754,0.032447370469273346,0.025522672141850323,0.0,0.0,0.0324,0.0255,0,0,0.0,0.0,1.4062534542270564,-0.7031216044716506,2.1093750586987072,WELD_FOUND
33.79,0.035,0.0,0.035,0.035,0.0,0.0,0.035,0.035,0,0,0.0,0.0,3.4150945850063755e-06,3.4150945850063755e-06,0.0,WELD_FOUND
33.84,0.035,0.0,0.035,0.035,0.0,0.0,0.035,0.035,0,0,0.0,0.0,3.4150945850063755e-06,3.4150945850063755e-06,0.0,WELD_FOUND
33.89,0.03330421397717278,-0.01716326235382958,0.030729724624098342,0.035878703330247216,0.0,0.0,0.0307,0.0359,0,0,0.0,0.0,2.109378420432439,0.35156592487770283,1.7578124955547363,WELD_FOUND
33.94,0.03330421397717278,-0.01716326235382958,0.030729724624098342,0.035878703330247216,0.0,0.0,0.0307,0.0359,0,0,0.0,0.0,2.109378420432439,nan,nan,WELD_FOUND
33.99,0.0,0.0,0.0,0.0,0.0,0.0,0.0,0.0,0,0,0.0,0.0,2.109378420432439,nan,nan,NO_WELD
34.042,0.0,0.0,0.0,0.0,0.0,0.0,0.0,0.0,0,0,0.0,0.0,2.109378420432439,nan,nan,NO_WELD
34.09,0.0,0.0,0.0,0.0,0.0,0.0,0.0,0.0,0,0,0.0,0.0,2.109378420432439,nan,nan,NO_WELD
34.14,0.0,0.0,0.0,0.0,0.0,0.0,0.0,0.0,0,0,0.0,0.0,2.109378420432439,nan,nan,NO_WELD
34.19,0.0,0.0,0.0,0.0,0.0,0.0,0.0,0.0,0,0,0.0,0.0,2.109378420432439,nan,nan,NO_WELD
34.24,0.0,0.0,0.0,0.0,0.0,0.0,0.0,0.0,0,0,0.0,0.0,2.109378420432439,nan,nan,NO_WELD
34.29,0.0,0.0,0.0,0.0,0.0,0.0,0.0,0.0,0,0,0.0,0.0,2.109378420432439,nan,nan,NO_WELD
34.34,0.0,0.0,0.0,0.0,0.0,0.0,0.0,0.0,0,0,0.0,0.0,2.109378420432439,nan,nan,NO_WELD
34.39,0.0,0.0,0.0,0.0,0.0,0.0,0.0,0.0,0,0,0.0,0.0,2.109378420432439,nan,nan,NO_WELD
34.44,0.0,0.0,0.0,0.0,0.0,0.0,0.0,0.0,0,0,0.0,0.0,1.7578159906906006,1.7578159906906006,0.0,WELD_FOUND
34.49,0.0,0.0,0.0,0.0,0.0,0.0,0.0,0.0,0,0,0.0,0.0,1.7578159906906006,1.7578159906906006,0.0,WELD_FOUND
34.54,0.0,0.0,0.0,0.0,0.0,0.0,0.0,0.0,0,0,0.0,0.0,1.7578159906906006,nan,nan,NO_WELD
34.59,0.0,0.0,0.0,0.0,0.0,0.0,0.0,0.0,0,0,0.0,0.0,1.7578159906906006,nan,nan,NO_WELD
34.64,0.0,0.0,0.0,0.0,0.0,0.0,0.0,0.0,0,0,0.0,0.0,2.812503493359528,nan,nan,NO_WELD
34.69,0.018081037111539147,-0.05,0.010581037111539147,0.025581037111539147,0.0,0.0,0.0106,0.0256,0,0,0.0,0.0,2.812503493359528,2.812503493359528,0.0,WELD_FOUND
34.741,0.018081037111539147,-0.05,0.010581037111539147,0.025581037111539147,0.0,0.0,0.0106,0.0256,0,0,0.0,0.0,1.7578159906906006,2.812503493359528,-1.0546875026689273,WELD_FOUND
34.79,0.02026588715981164,-0.09332219254283644,0.006267558278386173,0.034264216041237104,0.0,0.0,0.0063,0.0343,0,0,0.0,0.0,1.7578159906906006,2.2851597420250642,-0.5273437513344637,WELD_FOUND
34.84,0.02026588715981164,-0.09332219254283644,0.006267558278386173,0.034264216041237104,0.0,0.0,0.0063,0.0343,0,0,0.0,0.0,2.109378420432439,2.109378420432439,0.0,WELD_FOUND
34.89,0.021482082237541188,-0.08854357850733631,0.008200545461440742,0.03476361901364163,0.0,0.0,0.0082,0.0348,0,0,0.0,0.0,2.109378420432439,2.109378420432439,0.0,WELD_FOUND
34.94,0.020206007413727863,-0.11109050325818241,0.003542431925000502,0.03686958290245522,0.0,0.0,0.0035,0.0369,0,0,0.0,0.0,4.5703160689555435,2.4609410636176894,2.109375005337854,WELD_FOUND
34.99,0.020206007413727863,-0.11109050325818241,0.003542431925000502,0.03686958290245522,0.0,0.0,0.0035,0.0369,0,0,0.0,0.0,4.5703160689555435,2.4609410636176894,2.109375005337854,WELD_FOUND
35.041,0.020206007413727863,-0.11109050325818241,0.003542431925000502,0.03686958290245522,0.0,0.0,0.0035,0.0369,0,0,0.0,0.0,4.5703160689555435,2.812503493359528,1.7578125755960157,WELD_FOUND
35.09,0.018496588852148242,-0.12772163629349512,-0.0006616565918760239,0.03765483429617251,0.0,0.0,-0.0007,0.0377,0,0,0.0,0.0,4.5703160689555435,2.812503493359528,1.7578125755960157,WELD_FOUND
35.14,0.018496588852148242,-0.12772163629349512,-0.0006616565918760239,0.03765483429617251,0.0,0.0,-0.0007,0.0377,0,0,0.0,0.0,4.218753425770293,4.218753425770293,0.0,WELD_FOUND
35.19,0.01293365056187706,-0.17772163629349513,-0.013724594882147209,0.03959189600590133,0.0,0.0,-0.0137,0.0396,0,0,0.0,0.0,4.218753425770293,4.218753425770293,0.0,WELD_FOUND
35.24,0.010817936506009235,-0.2075555406606683,-0.02031539459309101,0.04195126760510948,0.0,0.0,-0.0203,0.042,0,0,0.0,0.0,7.031253717478648,4.5703160689555435,2.460937648523104,WELD_FOUND
35.29,0.010817936506009235,-0.2075555406606683,-0.02031539459309101,0.04195126760510948,0.0,0.0,-0.0203,0.042,0,0,0.0,0.0,7.031253717478648,4.5703160689555435,2.460937648523104,WELD_FOUND
35.34,0.0,0.0,0.0,0.0,0.0,0.0,0.0,0.0,0,0,0.0,0.0,7.031253717478648,nan,nan,NO_WELD
35.39,0.0,0.0,0.0,0.0,0.0,0.0,0.0,0.0,0,0,0.0,0.0,7.031253717478648,nan,nan,NO_WELD
35.44,0.0,0.0,0.0,0.0,0.0,0.0,0.0,0.0,0,0,0.0,0.0,7.031253717478648,nan,nan,NO_WELD
35.49,0.0,0.0,0.0,0.0,0.0,0.0,0.0,0.0,0,0,0.0,0.0,7.031253717478648,nan,nan,NO_WELD
35.54,0.0,0.0,0.0,0.0,0.0,0.0,0.0,0.0,0,0,0.0,0.0,7.031253717478648,nan,nan,NO_WELD
35.59,0.0,0.0,0.0,0.0,0.0,0.0,0.0,0.0,0,0,0.0,0.0,7.031253717478648,nan,nan,NO_WELD
35.64,0.0,0.0,0.0,0.0,0.0,0.0,0.0,0.0,0,0,0.0,0.0,7.031253717478648,nan,nan,NO_WELD
35.69,0.0,0.0,0.0,0.0,0.0,0.0,0.0,0.0,0,0,0.0,0.0,7.031253717478648,nan,nan,NO_WELD
35.74,0.0,0.0,0.0,0.0,0.0,0.0,0.0,0.0,0,0,0.0,0.0,7.031253717478648,nan,nan,NO_WELD
35.79,0.0,0.0,0.0,0.0,0.0,0.0,0.0,0.0,0,0,0.0,0.0,7.031253717478648,nan,nan,NO_WELD
35.84,0.0,0.0,0.0,0.0,0.0,0.0,0.0,0.0,0,0,0.0,0.0,7.031253717478648,nan,nan,NO_WELD
35.89,0.0,0.0,0.0,0.0,0.0,0.0,0.0,0.0,0,0,0.0,0.0,7.031253717478648,nan,nan,NO_WELD
35.94,0.0,0.0,0.0,0.0,0.0,0.0,0.0,0.0,0,0,0.0,0.0,7.031253717478648,7.031253717478648,0.0,WELD_FOUND
35.99,0.0,0.0,0.0,0.0,0.0,0.0,0.0,0.0,0,0,0.0,0.0,7.031253717478648,7.031253717478648,0.0,WELD_FOUND
36.041,0.0,0.0,0.0,0.0,0.0,0.0,0.0,0.0,0,0,0.0,0.0,7.031253717478648,nan,nan,NO_WELD
36.09,0.0,0.0,0.0,0.0,0.0,0.0,0.0,0.0,0,0,0.0,0.0,7.031253717478648,nan,nan,NO_WELD
36.14,0.0,0.0,0.0,0.0,0.0,0.0,0.0,0.0,0,0,0.0,0.0,7.031253717478648,nan,nan,NO_WELD
36.19,0.0,0.0,0.0,0.0,0.0,0.0,0.0,0.0,0,0,0.0,0.0,7.031253717478648,nan,nan,NO_WELD
36.24,0.0,0.0,0.0,0.0,0.0,0.0,0.0,0.0,0,0,0.0,0.0,7.031253717478648,nan,nan,NO_WELD
36.29,0.0,0.0,0.0,0.0,0.0,0.0,0.0,0.0,0,0,0.0,0.0,7.031253717478648,nan,nan,NO_WELD
36.34,0.0,0.0,0.0,0.0,0.0,0.0,0.0,0.0,0,0,0.0,0.0,7.031253717478648,nan,nan,NO_WELD
36.39,0.0,0.0,0.0,0.0,0.0,0.0,0.0,0.0,0,0,0.0,0.0,7.031253717478648,nan,nan,NO_WELD
36.44,0.0,0.0,0.0,0.0,0.0,0.0,0.0,0.0,0,0,0.0,0.0,7.031253717478648,nan,nan,NO_WELD
36.49,0.0,0.0,0.0,0.0,0.0,0.0,0.0,0.0,0,0,0.0,0.0,7.031253717478648,nan,nan,NO_WELD
36.54,0.0,0.0,0.0,0.0,0.0,0.0,0.0,0.0,0,0,0.0,0.0,7.031253717478648,nan,nan,NO_WELD
36.59,0.0,0.0,0.0,0.0,0.0,0.0,0.0,0.0,0,0,0.0,0.0,7.031253717478648,nan,nan,NO_WELD
36.64,0.0,0.0,0.0,0.0,0.0,0.0,0.0,0.0,0,0,0.0,0.0,7.031253717478648,7.031253717478648,0.0,WELD_FOUND
36.69,0.0,0.0,0.0,0.0,0.0,0.0,0.0,0.0,0,0,0.0,0.0,7.031253717478648,7.031253717478648,0.0,WELD_FOUND
36.74,0.0,0.0,0.0,0.0,0.0,0.0,0.0,0.0,0,0,0.0,0.0,7.031253717478648,nan,nan,NO_WELD
36.79,0.0,0.0,0.0,0.0,0.0,0.0,0.0,0.0,0,0,0.0,0.0,7.031253717478648,nan,nan,NO_WELD
36.84,0.005,-0.05,-0.0024999999999999996,0.0125,0.0,0.0,-0.0025,0.0125,0,0,0.0,0.0,6.679691074293397,6.679691074293397,0.0,WELD_FOUND
36.89,0.005,-0.05,-0.0024999999999999996,0.0125,0.0,0.0,-0.0025,0.0125,0,0,0.0,0.0,6.679691074293397,6.679691074293397,0.0,WELD_FOUND
36.94,0.0,0.0,0.0,0.0,0.0,0.0,0.0,0.0,0,0,0.0,0.0,6.679691074293397,nan,nan,NO_WELD
36.99,0.0,0.0,0.0,0.0,0.0,0.0,0.0,0.0,0,0,0.0,0.0,6.679691074293397,nan,nan,NO_WELD
37.041,0.008777352597704681,-0.05,0.0012773525977046816,0.01627735259770468,0.0,0.0,0.0013,0.0163,0,0,0.0,0.0,4.5703160689555435,4.5703160689555435,0.0,WELD_FOUND
37.09,0.008777352597704681,-0.05,0.0012773525977046816,0.01627735259770468,0.0,0.0,0.0013,0.0163,0,0,0.0,0.0,4.5703160689555435,4.5703160689555435,0.0,WELD_FOUND
37.14,0.0,0.0,0.0,0.0,0.0,0.0,0.0,0.0,0,0,0.0,0.0,4.5703160689555435,nan,nan,NO_WELD
37.19,0.0,0.0,0.0,0.0,0.0,0.0,0.0,0.0,0,0,0.0,0.0,4.5703160689555435,nan,nan,NO_WELD
37.24,0.0,0.0,0.0,0.0,0.0,0.0,0.0,0.0,0,0,0.0,0.0,4.5703160689555435,nan,nan,NO_WELD
37.29,0.0,0.0,0.0,0.0,0.0,0.0,0.0,0.0,0,0,0.0,0.0,4.5703160689555435,nan,nan,NO_WELD
37.34,0.015954242084588004,-0.05,0.008454242084588004,0.023454242084588003,0.0,0.0,0.0085,0.0235,0,0,0.0,0.0,2.812503493359528,2.812503493359528,0.0,WELD_FOUND
37.39,0.015954242084588004,-0.05,0.008454242084588004,0.023454242084588003,0.0,0.0,0.0085,0.0235,0,0,0.0,0.0,2.812503493359528,2.812503493359528,0.0,WELD_FOUND
37.44,0.02287674073938892,-0.04866013343905809,0.015577720723530208,0.030175760755247635,0.0,0.0,0.0156,0.0302,0,0,0.0,0.0,0.35156592487770283,1.5820346690979756,-1.2304687442202729,WELD_FOUND
37.49,0.02287674073938892,-0.04866013343905809,0.015577720723530208,0.030175760755247635,0.0,0.0,0.0156,0.0302,0,0,0.0,0.0,0.35156592487770283,1.5820346690979756,-1.2304687442202729,WELD_FOUND
37.54,0.018995100888478757,-0.09866013343905809,0.0041960808726200435,0.03379412090433747,0.0,0.0,0.0042,0.0338,0,0,0.0,0.0,2.812503493359528,2.812503493359528,0.0,WELD_FOUND
37.59,0.018995100888478757,-0.09866013343905809,0.0041960808726200435,0.03379412090433747,0.0,0.0,0.0042,0.0338,0,0,0.0,0.0,2.812503493359528,2.812503493359528,0.0,WELD_FOUND
37.64,0.018262046788981856,-0.12497587947729863,-0.0004843351326129369,0.03700842871057665,0.0,0.0,-0.0005,0.037,0,0,0.0,0.0,2.812503493359528,2.812503493359528,0.0,WELD_FOUND
37.69,0.018262046788981856,-0.12497587947729863,-0.0004843351326129369,0.03700842871057665,0.0,0.0,-0.0005,0.037,0,0,0.0,0.0,2.812503493359528,2.812503493359528,0.0,WELD_FOUND
37.74,0.0,0.0,0.0,0.0,0.0,0.0,0.0,0.0,0,0,0.0,0.0,2.812503493359528,nan,nan,NO_WELD
37.79,0.0,0.0,0.0,0.0,0.0,0.0,0.0,0.0,0,0,0.0,0.0,2.812503493359528,nan,nan,NO_WELD
37.84,0.016728401297644496,-0.05,0.009228401297644497,0.024228401297644496,0.0,0.0,0.0092,0.0242,0,0,0.0,0.0,3.1640659231013664,3.1640659231013664,0.0,WELD_FOUND
37.89,0.016728401297644496,-0.05,0.009228401297644497,0.024228401297644496,0.0,0.0,0.0092,0.0242,0,0,0.0,0.0,3.1640659231013664,3.1640659231013664,0.0,WELD_FOUND
37.94,0.014468720686222488,-0.1,-0.0005312793137775117,0.029468720686222485,0.0,0.0,-0.0005,0.0295,0,0,0.0,0.0,4.218753425770293,3.6914098878792414,0.5273435378910518,WELD_FOUND
37.99,0.014468720686222488,-0.1,-0.0005312793137775117,0.029468720686222485,0.0,0.0,-0.0005,0.0295,0,0,0.0,0.0,4.218753425770293,3.6914098878792414,0.5273435378910518,WELD_FOUND
38.041,0.0,0.0,0.0,0.0,0.0,0.0,0.0,0.0,0,0,0.0,0.0,4.218753425770293,nan,nan,NO_WELD
38.09,0.0,0.0,0.0,0.0,0.0,0.0,0.0,0.0,0,0,0.0,0.0,4.218753425770293,nan,nan,NO_WELD
38.14,0.0,0.0,0.0,0.0,0.0,0.0,0.0,0.0,0,0,0.0,0.0,4.218753425770293,nan,nan,NO_WELD
38.19,0.0,0.0,0.0,0.0,0.0,0.0,0.0,0.0,0,0,0.0,0.0,4.218753425770293,nan,nan,NO_WELD
38.24,0.0,0.0,0.0,0.0,0.0,0.0,0.0,0.0,0,0,0.0,0.0,4.218753425770293,nan,nan,NO_WELD
38.29,0.0,0.0,0.0,0.0,0.0,0.0,0.0,0.0,0,0,0.0,0.0,4.218753425770293,nan,nan,NO_WELD
38.34,0.005,-0.05,-0.0024999999999999996,0.0125,0.0,0.0,-0.0025,0.0125,0,0,0.0,0.0,7.031253717478648,7.031253717478648,0.0,WELD_FOUND
38.39,0.005,-0.05,-0.0024999999999999996,0.0125,0.0,0.0,-0.0025,0.0125,0,0,0.0,0.0,7.031253717478648,7.031253717478648,0.0,WELD_FOUND
38.44,0.0,0.0,0.0,0.0,0.0,0.0,0.0,0.0,0,0,0.0,0.0,7.031253717478648,nan,nan,NO_WELD
38.49,0.0,0.0,0.0,0.0,0.0,0.0,0.0,0.0,0,0,0.0,0.0,7.031253717478648,nan,nan,NO_WELD
38.54,0.005,-0.05,-0.0024999999999999996,0.0125,0.0,0.0,-0.0025,0.0125,0,0,0.0,0.0,7.031253717478648,7.031253717478648,0.0,WELD_FOUND
38.59,0.005,-0.05,-0.0024999999999999996,0.0125,0.0,0.0,-0.0025,0.0125,0,0,0.0,0.0,7.031253717478648,7.031253717478648,0.0,WELD_FOUND
38.64,0.0,0.0,0.0,0.0,0.0,0.0,0.0,0.0,0,0,0.0,0.0,7.031253717478648,nan,nan,NO_WELD
38.69,0.0,0.0,0.0,0.0,0.0,0.0,0.0,0.0,0,0,0.0,0.0,7.031253717478648,nan,nan,NO_WELD
38.74,0.005,-0.05,-0.0024999999999999996,0.0125,0.0,0.0,-0.0025,0.0125,0,0,0.0,0.0,8.085940793260752,8.085940793260752,0.0,WELD_FOUND
38.79,0.005,-0.05,-0.0024999999999999996,0.0125,0.0,0.0,-0.0025,0.0125,0,0,0.0,0.0,8.085940793260752,8.085940793260752,0.0,WELD_FOUND
38.84,0.0,0.0,0.0,0.0,0.0,0.0,0.0,0.0,0,0,0.0,0.0,8.085940793260752,nan,nan,NO_WELD
38.89,0.0,0.0,0.0,0.0,0.0,0.0,0.0,0.0,0,0,0.0,0.0,8.085940793260752,nan,nan,NO_WELD
38.94,0.0,0.0,0.0,0.0,0.0,0.0,0.0,0.0,0,0,0.0,0.0,8.085940793260752,nan,nan,NO_WELD
38.99,0.0,0.0,0.0,0.0,0.0,0.0,0.0,0.0,0,0,0.0,0.0,8.085940793260752,nan,nan,NO_WELD
39.041,0.0,0.0,0.0,0.0,0.0,0.0,0.0,0.0,0,0,0.0,0.0,8.085940793260752,nan,nan,NO_WELD
39.09,0.0,0.0,0.0,0.0,0.0,0.0,0.0,0.0,0,0,0.0,0.0,8.085940793260752,nan,nan,NO_WELD
39.14,0.0,0.0,0.0,0.0,0.0,0.0,0.0,0.0,0,0,0.0,0.0,6.679691074293397,6.679691074293397,0.0,WELD_FOUND
39.19,0.0,0.0,0.0,0.0,0.0,0.0,0.0,0.0,0,0,0.0,0.0,6.679691074293397,6.679691074293397,0.0,WELD_FOUND
39.24,0.005,-0.05,-0.0024999999999999996,0.0125,0.0,0.0,-0.0025,0.0125,0,0,0.0,0.0,5.97656621480972,6.328128431108148,-0.35156221629842754,WELD_FOUND
39.29,0.005,-0.05,-0.0024999999999999996,0.0125,0.0,0.0,-0.0025,0.0125,0,0,0.0,0.0,5.97656621480972,6.328128431108148,-0.35156221629842754,WELD_FOUND
39.34,0.0,0.0,0.0,0.0,0.0,0.0,0.0,0.0,0,0,0.0,0.0,5.97656621480972,nan,nan,NO_WELD
39.39,0.0,0.0,0.0,0.0,0.0,0.0,0.0,0.0,0,0,0.0,0.0,5.97656621480972,nan,nan,NO_WELD
39.44,0.005,-0.05,-0.0024999999999999996,0.0125,0.0,0.0,-0.0025,0.0125,0,0,0.0,0.0,7.382816360663898,7.382816360663898,0.0,WELD_FOUND
39.49,0.005,-0.05,-0.0024999999999999996,0.0125,0.0,0.0,-0.0025,0.0125,0,0,0.0,0.0,7.382816360663898,7.382816360663898,0.0,WELD_FOUND
39.54,0.0,0.0,0.0,0.0,0.0,0.0,0.0,0.0,0,0,0.0,0.0,7.382816360663898,nan,nan,NO_WELD
39.59,0.0,0.0,0.0,0.0,0.0,0.0,0.0,0.0,0,0,0.0,0.0,7.382816360663898,nan,nan,NO_WELD
39.64,0.0,0.0,0.0,0.0,0.0,0.0,0.0,0.0,0,0,0.0,0.0,7.382816360663898,nan,nan,NO_WELD
39.69,0.0,0.0,0.0,0.0,0.0,0.0,0.0,0.0,0,0,0.0,0.0,7.382816360663898,nan,nan,NO_WELD
39.74,0.0,0.0,0.0,0.0,0.0,0.0,0.0,0.0,0,0,0.0,0.0,7.382816360663898,nan,nan,NO_WELD
39.79,0.0,0.0,0.0,0.0,0.0,0.0,0.0,0.0,0,0,0.0,0.0,7.382816360663898,nan,nan,NO_WELD
39.84,0.0,0.0,0.0,0.0,0.0,0.0,0.0,0.0,0,0,0.0,0.0,7.382816360663898,nan,nan,NO_WELD
39.89,0.0,0.0,0.0,0.0,0.0,0.0,0.0,0.0,0,0,0.0,0.0,7.382816360663898,nan,nan,NO_WELD
39.94,0.0,0.0,0.0,0.0,0.0,0.0,0.0,0.0,0,0,0.0,0.0,7.382816360663898,nan,nan,NO_WELD
39.99,0.0,0.0,0.0,0.0,0.0,0.0,0.0,0.0,0,0,0.0,0.0,7.382816360663898,nan,nan,NO_WELD
40.041,0.0,0.0,0.0,0.0,0.0,0.0,0.0,0.0,0,0,0.0,0.0,7.382816360663898,nan,nan,NO_WELD
40.09,0.0,0.0,0.0,0.0,0.0,0.0,0.0,0.0,0,0,0.0,0.0,7.382816360663898,nan,nan,NO_WELD
40.14,0.0,0.0,0.0,0.0,0.0,0.0,0.0,0.0,0,0,0.0,0.0,7.382816360663898,nan,nan,NO_WELD
40.19,0.0,0.0,0.0,0.0,0.0,0.0,0.0,0.0,0,0,0.0,0.0,7.382816360663898,nan,nan,NO_WELD
40.24,0.0,0.0,0.0,0.0,0.0,0.0,0.0,0.0,0,0,0.0,0.0,7.382816360663898,nan,nan,NO_WELD
40.29,0.0,0.0,0.0,0.0,0.0,0.0,0.0,0.0,0,0,0.0,0.0,7.382816360663898,nan,nan,NO_WELD
40.34,0.0,0.0,0.0,0.0,0.0,0.0,0.0,0.0,0,0,0.0,0.0,7.382816360663898,nan,nan,NO_WELD
40.39,0.0,0.0,0.0,0.0,0.0,0.0,0.0,0.0,0,0,0.0,0.0,7.382816360663898,nan,nan,NO_WELD
40.44,0.0,0.0,0.0,0.0,0.0,0.0,0.0,0.0,0,0,0.0,0.0,7.382816360663898,nan,nan,NO_WELD
40.49,0.0,0.0,0.0,0.0,0.0,0.0,0.0,0.0,0,0,0.0,0.0,7.382816360663898,nan,nan,NO_WELD
40.54,0.0,0.0,0.0,0.0,0.0,0.0,0.0,0.0,0,0,0.0,0.0,-3.5156217360974464,nan,nan,NO_WELD
40.59,0.0,0.0,0.0,0.0,0.0,0.0,0.0,0.0,0,0,0.0,0.0,-3.5156217360974464,nan,nan,NO_WELD
40.64,0.0,0.0,0.0,0.0,0.0,0.0,0.0,0.0,0,0,0.0,0.0,-0.35155909468853286,nan,nan,NO_WELD
40.69,0.0,0.0,0.0,0.0,0.0,0.0,0.0,0.0,0,0,0.0,0.0,-0.35155909468853286,nan,nan,NO_WELD
40.74,0.0,0.0,0.0,0.0,0.0,0.0,0.0,0.0,0,0,0.0,0.0,-3.5156217360974464,nan,nan,NO_WELD
40.79,0.0,0.0,0.0,0.0,0.0,0.0,0.0,0.0,0,0,0.0,0.0,-3.5156217360974464,nan,nan,NO_WELD
40.84,0.0,0.0,0.0,0.0,0.0,0.0,0.0,0.0,0,0,0.0,0.0,-7.382809530474727,nan,nan,NO_WELD
40.89,0.0,0.0,0.0,0.0,0.0,0.0,0.0,0.0,0,0,0.0,0.0,-7.382809530474727,nan,nan,NO_WELD
40.94,0.0,0.0,0.0,0.0,0.0,0.0,0.0,0.0,0,0,0.0,0.0,2.4609410636176894,nan,nan,NO_WELD
40.99,0.0,0.0,0.0,0.0,0.0,0.0,0.0,0.0,0,0,0.0,0.0,2.4609410636176894,nan,nan,NO_WELD
41.041,0.0,0.0,0.0,0.0,0.0,0.0,0.0,0.0,0,0,0.0,0.0,-3.5156217360974464,nan,nan,NO_WELD
41.09,0.0,0.0,0.0,0.0,0.0,0.0,0.0,0.0,0,0,0.0,0.0,-3.5156217360974464,nan,nan,NO_WELD
41.14,0.0,0.0,0.0,0.0,0.0,0.0,0.0,0.0,0,0,0.0,0.0,-9.140621892627331,nan,nan,NO_WELD
41.19,0.0,0.0,0.0,0.0,0.0,0.0,0.0,0.0,0,0,0.0,0.0,-9.140621892627331,nan,nan,NO_WELD
41.24,0.0,0.0,0.0,0.0,0.0,0.0,0.0,0.0,0,0,0.0,0.0,-3.5156217360974464,nan,nan,NO_WELD
41.29,0.0,0.0,0.0,0.0,0.0,0.0,0.0,0.0,0,0,0.0,0.0,-3.5156217360974464,nan,nan,NO_WELD
41.34,0.0,0.0,0.0,0.0,0.0,0.0,0.0,0.0,0,0,0.0,0.0,7.382816360663898,nan,nan,NO_WELD
41.39,0.0,0.0,0.0,0.0,0.0,0.0,0.0,0.0,0,0,0.0,0.0,7.382816360663898,nan,nan,NO_WELD
41.44,0.0,0.0,0.0,0.0,0.0,0.0,0.0,0.0,0,0,0.0,0.0,-3.5156217360974464,nan,nan,NO_WELD
41.49,0.0,0.0,0.0,0.0,0.0,0.0,0.0,0.0,0,0,0.0,0.0,-3.5156217360974464,nan,nan,NO_WELD
41.54,0.0,0.0,0.0,0.0,0.0,0.0,0.0,0.0,0,0,0.0,0.0,2.4609410636176894,nan,nan,NO_WELD
41.59,0.0,0.0,0.0,0.0,0.0,0.0,0.0,0.0,0,0,0.0,0.0,2.4609410636176894,nan,nan,NO_WELD
41.64,0.0,0.0,0.0,0.0,0.0,0.0,0.0,0.0,0,0,0.0,0.0,-3.164059092912196,nan,nan,NO_WELD
41.69,0.0,0.0,0.0,0.0,0.0,0.0,0.0,0.0,0,0,0.0,0.0,-3.164059092912196,nan,nan,NO_WELD
41.74,0.0,0.0,0.0,0.0,0.0,0.0,0.0,0.0,0,0,0.0,0.0,3.4150945850063755e-06,nan,nan,NO_WELD
41.79,0.0,0.0,0.0,0.0,0.0,0.0,0.0,0.0,0,0,0.0,0.0,3.4150945850063755e-06,nan,nan,NO_WELD
41.84,0.0,0.0,0.0,0.0,0.0,0.0,0.0,0.0,0,0,0.0,0.0,-3.5156217360974464,nan,nan,NO_WELD
41.89,0.0,0.0,0.0,0.0,0.0,0.0,0.0,0.0,0,0,0.0,0.0,-3.5156217360974464,nan,nan,NO_WELD
41.94,0.0,0.0,0.0,0.0,0.0,0.0,0.0,0.0,0,0,0.0,0.0,-3.5156217360974464,nan,nan,NO_WELD
41.99,0.0,0.0,0.0,0.0,0.0,0.0,0.0,0.0,0,0,0.0,0.0,-3.5156217360974464,nan,nan,NO_WELD
42.041,0.0,0.0,0.0,0.0,0.0,0.0,0.0,0.0,0,0,0.0,0.0,-9.492184535812582,nan,nan,NO_WELD
42.09,0.0,0.0,0.0,0.0,0.0,0.0,0.0,0.0,0,0,0.0,0.0,-9.492184535812582,nan,nan,NO_WELD
42.14,0.0,0.0,0.0,0.0,0.0,0.0,0.0,0.0,0,0,0.0,0.0,-0.7031216044716506,nan,nan,NO_WELD
42.19,0.0,0.0,0.0,0.0,0.0,0.0,0.0,0.0,0,0,0.0,0.0,-0.7031216044716506,nan,nan,NO_WELD
42.24,0.0,0.0,0.0,0.0,0.0,0.0,0.0,0.0,0,0,0.0,0.0,-0.35155909468853286,nan,nan,NO_WELD
42.29,0.0,0.0,0.0,0.0,0.0,0.0,0.0,0.0,0,0,0.0,0.0,-0.35155909468853286,nan,nan,NO_WELD
42.34,0.0,0.0,0.0,0.0,0.0,0.0,0.0,0.0,0,0,0.0,0.0,-0.35155909468853286,nan,nan,NO_WELD
42.39,0.0,0.0,0.0,0.0,0.0,0.0,0.0,0.0,0,0,0.0,0.0,-0.35155909468853286,nan,nan,NO_WELD
42.44,0.0,0.0,0.0,0.0,0.0,0.0,0.0,0.0,0,0,0.0,0.0,-3.164059092912196,nan,nan,NO_WELD
42.49,0.0,0.0,0.0,0.0,0.0,0.0,0.0,0.0,0,0,0.0,0.0,-3.164059092912196,nan,nan,NO_WELD
42.54,0.0,0.0,0.0,0.0,0.0,0.0,0.0,0.0,0,0,0.0,0.0,1.7578159906906006,nan,nan,NO_WELD
42.59,0.0,0.0,0.0,0.0,0.0,0.0,0.0,0.0,0,0,0.0,0.0,1.7578159906906006,nan,nan,NO_WELD
42.64,0.0,0.0,0.0,0.0,0.0,0.0,0.0,0.0,0,0,0.0,0.0,3.5156285662866162,nan,nan,NO_WELD
42.69,0.0,0.0,0.0,0.0,0.0,0.0,0.0,0.0,0,0,0.0,0.0,3.5156285662866162,nan,nan,NO_WELD
42.74,0.0,0.0,0.0,0.0,0.0,0.0,0.0,0.0,0,0,0.0,0.0,3.4150945850063755e-06,nan,nan,NO_WELD
42.79,0.0,0.0,0.0,0.0,0.0,0.0,0.0,0.0,0,0,0.0,0.0,3.4150945850063755e-06,nan,nan,NO_WELD
42.84,0.0,0.0,0.0,0.0,0.0,0.0,0.0,0.0,0,0,0.0,0.0,3.8671912094718666,nan,nan,NO_WELD
42.89,0.0,0.0,0.0,0.0,0.0,0.0,0.0,0.0,0,0,0.0,0.0,3.8671912094718666,nan,nan,NO_WELD
42.94,0.0,0.0,0.0,0.0,0.0,0.0,0.0,0.0,0,0,0.0,0.0,-0.35155909468853286,nan,nan,NO_WELD
42.99,0.0,0.0,0.0,0.0,0.0,0.0,0.0,0.0,0,0,0.0,0.0,-0.35155909468853286,nan,nan,NO_WELD
43.041,0.0,0.0,0.0,0.0,0.0,0.0,0.0,0.0,0,0,0.0,0.0,5.625003571624471,nan,nan,NO_WELD
43.09,0.0,0.0,0.0,0.0,0.0,0.0,0.0,0.0,0,0,0.0,0.0,5.625003571624471,nan,nan,NO_WELD
43.14,0.0,0.0,0.0,0.0,0.0,0.0,0.0,0.0,0,0,0.0,0.0,1.054690917763512,nan,nan,NO_WELD
43.19,0.0,0.0,0.0,0.0,0.0,0.0,0.0,0.0,0,0,0.0,0.0,1.054690917763512,nan,nan,NO_WELD
43.24,0.0,0.0,0.0,0.0,0.0,0.0,0.0,0.0,0,0,0.0,0.0,-2.460934233428519,nan,nan,NO_WELD
43.29,0.0,0.0,0.0,0.0,0.0,0.0,0.0,0.0,0,0,0.0,0.0,-2.460934233428519,nan,nan,NO_WELD
43.34,0.0,0.0,0.0,0.0,0.0,0.0,0.0,0.0,0,0,0.0,0.0,-2.8124966631703576,nan,nan,NO_WELD
43.39,0.0,0.0,0.0,0.0,0.0,0.0,0.0,0.0,0,0,0.0,0.0,-2.8124966631703576,nan,nan,NO_WELD
43.44,0.0,0.0,0.0,0.0,0.0,0.0,0.0,0.0,0,0,0.0,0.0,-0.7031216044716506,nan,nan,NO_WELD
43.49,0.0,0.0,0.0,0.0,0.0,0.0,0.0,0.0,0,0,0.0,0.0,-0.7031216044716506,nan,nan,NO_WELD
43.54,0.0,0.0,0.0,0.0,0.0,0.0,0.0,0.0,0,0,0.0,0.0,0.35156592487770283,nan,nan,NO_WELD
43.59,0.0,0.0,0.0,0.0,0.0,0.0,0.0,0.0,0,0,0.0,0.0,0.35156592487770283,nan,nan,NO_WELD
43.64,0.0,0.0,0.0,0.0,0.0,0.0,0.0,0.0,0,0,0.0,0.0,2.109378420432439,nan,nan,NO_WELD
43.69,0.0,0.0,0.0,0.0,0.0,0.0,0.0,0.0,0,0,0.0,0.0,2.109378420432439,nan,nan,NO_WELD
43.74,0.0,0.0,0.0,0.0,0.0,0.0,0.0,0.0,0,0,0.0,0.0,-13.00780926011779,nan,nan,NO_WELD
43.79,0.0,0.0,0.0,0.0,0.0,0.0,0.0,0.0,0,0,0.0,0.0,-13.00780926011779,nan,nan,NO_WELD
43.84,0.0,0.0,0.0,0.0,0.0,0.0,0.0,0.0,0,0,0.0,0.0,2.109378420432439,nan,nan,NO_WELD
43.89,0.0,0.0,0.0,0.0,0.0,0.0,0.0,0.0,0,0,0.0,0.0,2.109378420432439,nan,nan,NO_WELD
43.94,0.0,0.0,0.0,0.0,0.0,0.0,0.0,0.0,0,0,0.0,0.0,1.7578159906906006,nan,nan,NO_WELD
43.99,0.0,0.0,0.0,0.0,0.0,0.0,0.0,0.0,0,0,0.0,0.0,1.7578159906906006,nan,nan,NO_WELD
44.041,0.0,0.0,0.0,0.0,0.0,0.0,0.0,0.0,0,0,0.0,0.0,-8.789059249442081,nan,nan,NO_WELD
44.09,0.0,0.0,0.0,0.0,0.0,0.0,0.0,0.0,0,0,0.0,0.0,-8.789059249442081,nan,nan,NO_WELD
44.14,0.0,0.0,0.0,0.0,0.0,0.0,0.0,0.0,0,0,0.0,0.0,-0.35155909468853286,nan,nan,NO_WELD
44.19,0.0,0.0,0.0,0.0,0.0,0.0,0.0,0.0,0,0,0.0,0.0,-0.35155909468853286,nan,nan,NO_WELD
44.24,0.0,0.0,0.0,0.0,0.0,0.0,0.0,0.0,0,0,0.0,0.0,7.031253717478648,nan,nan,NO_WELD
44.29,0.0,0.0,0.0,0.0,0.0,0.0,0.0,0.0,0,0,0.0,0.0,7.031253717478648,nan,nan,NO_WELD
44.34,0.0,0.0,0.0,0.0,0.0,0.0,0.0,0.0,0,0,0.0,0.0,-3.164059092912196,nan,nan,NO_WELD
44.39,0.0,0.0,0.0,0.0,0.0,0.0,0.0,0.0,0,0,0.0,0.0,-3.164059092912196,nan,nan,NO_WELD
44.44,0.0,0.0,0.0,0.0,0.0,0.0,0.0,0.0,0,0,0.0,0.0,2.812503493359528,nan,nan,NO_WELD
44.49,0.0,0.0,0.0,0.0,0.0,0.0,0.0,0.0,0,0,0.0,0.0,2.812503493359528,nan,nan,NO_WELD
44.54,0.0,0.0,0.0,0.0,0.0,0.0,0.0,0.0,0,0,0.0,0.0,-7.382809530474727,nan,nan,NO_WELD
44.59,0.0,0.0,0.0,0.0,0.0,0.0,0.0,0.0,0,0,0.0,0.0,-7.382809530474727,nan,nan,NO_WELD
44.64,0.0,0.0,0.0,0.0,0.0,0.0,0.0,0.0,0,0,0.0,0.0,-3.5156217360974464,nan,nan,NO_WELD
44.69,0.0,0.0,0.0,0.0,0.0,0.0,0.0,0.0,0,0,0.0,0.0,-3.5156217360974464,nan,nan,NO_WELD
44.74,0.0,0.0,0.0,0.0,0.0,0.0,0.0,0.0,0,0,0.0,0.0,2.109378420432439,nan,nan,NO_WELD
44.79,0.0,0.0,0.0,0.0,0.0,0.0,0.0,0.0,0,0,0.0,0.0,2.109378420432439,nan,nan,NO_WELD
44.84,0.0,0.0,0.0,0.0,0.0,0.0,0.0,0.0,0,0,0.0,0.0,2.4609410636176894,nan,nan,NO_WELD
44.89,0.0,0.0,0.0,0.0,0.0,0.0,0.0,0.0,0,0,0.0,0.0,2.4609410636176894,nan,nan,NO_WELD
44.94,0.0,0.0,0.0,0.0,0.0,0.0,0.0,0.0,0,0,0.0,0.0,-7.382809530474727,nan,nan,NO_WELD
44.99,0.0,0.0,0.0,0.0,0.0,0.0,0.0,0.0,0,0,0.0,0.0,-7.382809530474727,nan,nan,NO_WELD
45.041,0.0,0.0,0.0,0.0,0.0,0.0,0.0,0.0,0,0,0.0,0.0,-13.00780926011779,nan,nan,NO_WELD
45.09,0.0,0.0,0.0,0.0,0.0,0.0,0.0,0.0,0,0,0.0,0.0,-13.00780926011779,nan,nan,NO_WELD
45.14,0.0,0.0,0.0,0.0,0.0,0.0,0.0,0.0,0,0,0.0,0.0,-2.8124966631703576,nan,nan,NO_WELD
45.19,0.0,0.0,0.0,0.0,0.0,0.0,0.0,0.0,0,0,0.0,0.0,-2.8124966631703576,nan,nan,NO_WELD
45.24,0.0,0.0,0.0,0.0,0.0,0.0,0.0,0.0,0,0,0.0,0.0,-8.789059249442081,nan,nan,NO_WELD
45.29,0.0,0.0,0.0,0.0,0.0,0.0,0.0,0.0,0,0,0.0,0.0,-8.789059249442081,nan,nan,NO_WELD
45.34,0.0,0.0,0.0,0.0,0.0,0.0,0.0,0.0,0,0,0.0,0.0,-3.5156217360974464,nan,nan,NO_WELD
45.39,0.0,0.0,0.0,0.0,0.0,0.0,0.0,0.0,0,0,0.0,0.0,-3.5156217360974464,nan,nan,NO_WELD
45.44,0.0,0.0,0.0,0.0,0.0,0.0,0.0,0.0,0,0,0.0,0.0,-3.5156217360974464,nan,nan,NO_WELD
45.49,0.0,0.0,0.0,0.0,0.0,0.0,0.0,0.0,0,0,0.0,0.0,-3.5156217360974464,nan,nan,NO_WELD
45.54,0.0,0.0,0.0,0.0,0.0,0.0,0.0,0.0,0,0,0.0,0.0,0.35156592487770283,nan,nan,NO_WELD
45.59,0.0,0.0,0.0,0.0,0.0,0.0,0.0,0.0,0,0,0.0,0.0,0.35156592487770283,nan,nan,NO_WELD
45.64,0.0,0.0,0.0,0.0,0.0,0.0,0.0,0.0,0,0,0.0,0.0,-7.7343721736599775,nan,nan,NO_WELD
45.69,0.0,0.0,0.0,0.0,0.0,0.0,0.0,0.0,0,0,0.0,0.0,-7.7343721736599775,nan,nan,NO_WELD
45.74,0.0,0.0,0.0,0.0,0.0,0.0,0.0,0.0,0,0,0.0,0.0,1.7578159906906006,nan,nan,NO_WELD
45.79,0.0,0.0,0.0,0.0,0.0,0.0,0.0,0.0,0,0,0.0,0.0,1.7578159906906006,nan,nan,NO_WELD
45.84,0.0,0.0,0.0,0.0,0.0,0.0,0.0,0.0,0,0,0.0,0.0,-0.35155909468853286,nan,nan,NO_WELD
45.89,0.0,0.0,0.0,0.0,0.0,0.0,0.0,0.0,0,0,0.0,0.0,-0.35155909468853286,nan,nan,NO_WELD
45.94,0.0,0.0,0.0,0.0,0.0,0.0,0.0,0.0,0,0,0.0,0.0,-3.164059092912196,nan,nan,NO_WELD
45.99,0.0,0.0,0.0,0.0,0.0,0.0,0.0,0.0,0,0,0.0,0.0,-3.164059092912196,nan,nan,NO_WELD
46.041,0.0,0.0,0.0,0.0,0.0,0.0,0.0,0.0,0,0,0.0,0.0,0.35156592487770283,nan,nan,NO_WELD
46.09,0.0,0.0,0.0,0.0,0.0,0.0,0.0,0.0,0,0,0.0,0.0,0.35156592487770283,nan,nan,NO_WELD
46.14,0.0,0.0,0.0,0.0,0.0,0.0,0.0,0.0,0,0,0.0,0.0,6.328128431108148,nan,nan,NO_WELD
46.19,0.0,0.0,0.0,0.0,0.0,0.0,0.0,0.0,0,0,0.0,0.0,6.328128431108148,nan,nan,NO_WELD
46.24,0.0,0.0,0.0,0.0,0.0,0.0,0.0,0.0,0,0,0.0,0.0,1.054690917763512,nan,nan,NO_WELD
46.29,0.0,0.0,0.0,0.0,0.0,0.0,0.0,0.0,0,0,0.0,0.0,1.054690917763512,nan,nan,NO_WELD
46.34,0.0,0.0,0.0,0.0,0.0,0.0,0.0,0.0,0,0,0.0,0.0,-3.164059092912196,nan,nan,NO_WELD
46.39,0.0,0.0,0.0,0.0,0.0,0.0,0.0,0.0,0,0,0.0,0.0,-3.164059092912196,nan,nan,NO_WELD
46.44,0.0,0.0,0.0,0.0,0.0,0.0,0.0,0.0,0,0,0.0,0.0,-3.5156217360974464,nan,nan,NO_WELD
46.49,0.0,0.0,0.0,0.0,0.0,0.0,0.0,0.0,0,0,0.0,0.0,-3.5156217360974464,nan,nan,NO_WELD
46.54,0.0,0.0,0.0,0.0,0.0,0.0,0.0,0.0,0,0,0.0,0.0,2.109378420432439,nan,nan,NO_WELD
46.59,0.0,0.0,0.0,0.0,0.0,0.0,0.0,0.0,0,0,0.0,0.0,2.109378420432439,nan,nan,NO_WELD
46.64,0.0,0.0,0.0,0.0,0.0,0.0,0.0,0.0,0,0,0.0,0.0,-9.492184535812582,nan,nan,NO_WELD
46.69,0.0,0.0,0.0,0.0,0.0,0.0,0.0,0.0,0,0,0.0,0.0,-9.492184535812582,nan,nan,NO_WELD
46.74,0.0,0.0,0.0,0.0,0.0,0.0,0.0,0.0,0,0,0.0,0.0,3.1640659231013664,nan,nan,NO_WELD
46.79,0.0,0.0,0.0,0.0,0.0,0.0,0.0,0.0,0,0,0.0,0.0,3.1640659231013664,nan,nan,NO_WELD
46.84,0.0,0.0,0.0,0.0,0.0,0.0,0.0,0.0,0,0,0.0,0.0,0.35156592487770283,nan,nan,NO_WELD
46.89,0.0,0.0,0.0,0.0,0.0,0.0,0.0,0.0,0,0,0.0,0.0,0.35156592487770283,nan,nan,NO_WELD
46.94,0.0,0.0,0.0,0.0,0.0,0.0,0.0,0.0,0,0,0.0,0.0,-3.5156217360974464,nan,nan,NO_WELD
46.99,0.0,0.0,0.0,0.0,0.0,0.0,0.0,0.0,0,0,0.0,0.0,-3.5156217360974464,nan,nan,NO_WELD
47.041,0.0,0.0,0.0,0.0,0.0,0.0,0.0,0.0,0,0,0.0,0.0,3.8671912094718666,nan,nan,NO_WELD
47.09,0.0,0.0,0.0,0.0,0.0,0.0,0.0,0.0,0,0,0.0,0.0,3.8671912094718666,nan,nan,NO_WELD
47.14,0.0,0.0,0.0,0.0,0.0,0.0,0.0,0.0,0,0,0.0,0.0,-4.570309238766374,nan,nan,NO_WELD
47.19,0.0,0.0,0.0,0.0,0.0,0.0,0.0,0.0,0,0,0.0,0.0,-4.570309238766374,nan,nan,NO_WELD
47.24,0.0,0.0,0.0,0.0,0.0,0.0,0.0,0.0,0,0,0.0,0.0,-7.031246887289478,nan,nan,NO_WELD
47.29,0.0,0.0,0.0,0.0,0.0,0.0,0.0,0.0,0,0,0.0,0.0,-7.031246887289478,nan,nan,NO_WELD
47.34,0.0,0.0,0.0,0.0,0.0,0.0,0.0,0.0,0,0,0.0,0.0,4.218753425770293,nan,nan,NO_WELD
47.39,0.0,0.0,0.0,0.0,0.0,0.0,0.0,0.0,0,0,0.0,0.0,4.218753425770293,nan,nan,NO_WELD
47.44,0.0,0.0,0.0,0.0,0.0,0.0,0.0,0.0,0,0,0.0,0.0,-2.460934233428519,nan,nan,NO_WELD
47.49,0.0,0.0,0.0,0.0,0.0,0.0,0.0,0.0,0,0,0.0,0.0,-2.460934233428519,nan,nan,NO_WELD
47.54,0.0,0.0,0.0,0.0,0.0,0.0,0.0,0.0,0,0,0.0,0.0,-8.43749660625683,nan,nan,NO_WELD
47.59,0.0,0.0,0.0,0.0,0.0,0.0,0.0,0.0,0,0,0.0,0.0,-8.43749660625683,nan,nan,NO_WELD
47.64,0.0,0.0,0.0,0.0,0.0,0.0,0.0,0.0,0,0,0.0,0.0,-3.164059092912196,nan,nan,NO_WELD
47.69,0.0,0.0,0.0,0.0,0.0,0.0,0.0,0.0,0,0,0.0,0.0,-3.164059092912196,nan,nan,NO_WELD
47.74,0.0,0.0,0.0,0.0,0.0,0.0,0.0,0.0,0,0,0.0,0.0,-2.460934233428519,nan,nan,NO_WELD
47.79,0.0,0.0,0.0,0.0,0.0,0.0,0.0,0.0,0,0,0.0,0.0,-2.460934233428519,nan,nan,NO_WELD
47.84,0.0,0.0,0.0,0.0,0.0,0.0,0.0,0.0,0,0,0.0,0.0,4.218753425770293,nan,nan,NO_WELD
47.89,0.0,0.0,0.0,0.0,0.0,0.0,0.0,0.0,0,0,0.0,0.0,4.218753425770293,nan,nan,NO_WELD
47.94,0.0,0.0,0.0,0.0,0.0,0.0,0.0,0.0,0,0,0.0,0.0,-3.164059092912196,nan,nan,NO_WELD
47.99,0.0,0.0,0.0,0.0,0.0,0.0,0.0,0.0,0,0,0.0,0.0,-3.164059092912196,nan,nan,NO_WELD
48.041,0.0,0.0,0.0,0.0,0.0,0.0,0.0,0.0,0,0,0.0,0.0,-7.031246887289478,nan,nan,NO_WELD
48.09,0.0,0.0,0.0,0.0,0.0,0.0,0.0,0.0,0,0,0.0,0.0,-3.164059092912196,nan,nan,NO_WELD
48.14,0.0,0.0,0.0,0.0,0.0,0.0,0.0,0.0,0,0,0.0,0.0,-3.164059092912196,nan,nan,NO_WELD
48.19,0.0,0.0,0.0,0.0,0.0,0.0,0.0,0.0,0,0,0.0,0.0,-3.8671843792826963,nan,nan,NO_WELD
48.24,0.0,0.0,0.0,0.0,0.0,0.0,0.0,0.0,0,0,0.0,0.0,-3.8671843792826963,nan,nan,NO_WELD
48.29,0.0,0.0,0.0,0.0,0.0,0.0,0.0,0.0,0,0,0.0,0.0,5.2734409284392205,nan,nan,NO_WELD
48.34,0.0,0.0,0.0,0.0,0.0,0.0,0.0,0.0,0,0,0.0,0.0,5.2734409284392205,nan,nan,NO_WELD
48.39,0.0,0.0,0.0,0.0,0.0,0.0,0.0,0.0,0,0,0.0,0.0,3.4150945850063755e-06,nan,nan,NO_WELD
48.44,0.0,0.0,0.0,0.0,0.0,0.0,0.0,0.0,0,0,0.0,0.0,3.4150945850063755e-06,nan,nan,NO_WELD
48.49,0.0,0.0,0.0,0.0,0.0,0.0,0.0,0.0,0,0,0.0,0.0,9.492191366001752,nan,nan,NO_WELD
48.54,0.0,0.0,0.0,0.0,0.0,0.0,0.0,0.0,0,0,0.0,0.0,9.492191366001752,nan,nan,NO_WELD
48.591,0.0,0.0,0.0,0.0,0.0,0.0,0.0,0.0,0,0,0.0,0.0,9.492191366001752,nan,nan,NO_WELD
48.64,0.0,0.0,0.0,0.0,0.0,0.0,0.0,0.0,0,0,0.0,0.0,-3.8671843792826963,nan,nan,NO_WELD
48.69,0.0,0.0,0.0,0.0,0.0,0.0,0.0,0.0,0,0,0.0,0.0,-3.164059092912196,nan,nan,NO_WELD
48.74,0.0,0.0,0.0,0.0,0.0,0.0,0.0,0.0,0,0,0.0,0.0,-3.164059092912196,nan,nan,NO_WELD
48.79,0.0,0.0,0.0,0.0,0.0,0.0,0.0,0.0,0,0,0.0,0.0,8.789066079631251,nan,nan,NO_WELD
48.84,0.0,0.0,0.0,0.0,0.0,0.0,0.0,0.0,0,0,0.0,0.0,8.789066079631251,nan,nan,NO_WELD
48.89,0.0,0.0,0.0,0.0,0.0,0.0,0.0,0.0,0,0,0.0,0.0,-8.085933963071582,nan,nan,NO_WELD
48.94,0.0,0.0,0.0,0.0,0.0,0.0,0.0,0.0,0,0,0.0,0.0,-8.085933963071582,nan,nan,NO_WELD
48.99,0.0,0.0,0.0,0.0,0.0,0.0,0.0,0.0,0,0,0.0,0.0,-3.164059092912196,nan,nan,NO_WELD
49.041,0.0,0.0,0.0,0.0,0.0,0.0,0.0,0.0,0,0,0.0,0.0,-3.164059092912196,nan,nan,NO_WELD
49.09,0.0,0.0,0.0,0.0,0.0,0.0,0.0,0.0,0,0,0.0,0.0,-2.8124966631703576,nan,nan,NO_WELD
49.14,0.0,0.0,0.0,0.0,0.0,0.0,0.0,0.0,0,0,0.0,0.0,-2.8124966631703576,nan,nan,NO_WELD
49.19,0.0,0.0,0.0,0.0,0.0,0.0,0.0,0.0,0,0,0.0,0.0,-0.7031216044716506,nan,nan,NO_WELD
49.24,0.0,0.0,0.0,0.0,0.0,0.0,0.0,0.0,0,0,0.0,0.0,-0.7031216044716506,nan,nan,NO_WELD
49.29,0.0,0.0,0.0,0.0,0.0,0.0,0.0,0.0,0,0,0.0,0.0,-0.7031216044716506,nan,nan,NO_WELD
49.34,0.0,0.0,0.0,0.0,0.0,0.0,0.0,0.0,0,0,0.0,0.0,-0.7031216044716506,nan,nan,NO_WELD
49.39,0.0,0.0,0.0,0.0,0.0,0.0,0.0,0.0,0,0,0.0,0.0,-7.7343721736599775,nan,nan,NO_WELD
49.44,0.0,0.0,0.0,0.0,0.0,0.0,0.0,0.0,0,0,0.0,0.0,-7.7343721736599775,nan,nan,NO_WELD
49.49,0.0,0.0,0.0,0.0,0.0,0.0,0.0,0.0,0,0,0.0,0.0,-3.8671843792826963,nan,nan,NO_WELD
49.54,0.0,0.0,0.0,0.0,0.0,0.0,0.0,0.0,0,0,0.0,0.0,-3.8671843792826963,nan,nan,NO_WELD
49.59,0.0,0.0,0.0,0.0,0.0,0.0,0.0,0.0,0,0,0.0,0.0,0.35156592487770283,nan,nan,NO_WELD
49.64,0.0,0.0,0.0,0.0,0.0,0.0,0.0,0.0,0,0,0.0,0.0,0.35156592487770283,nan,nan,NO_WELD
49.69,0.0,0.0,0.0,0.0,0.0,0.0,0.0,0.0,0,0,0.0,0.0,-3.164059092912196,nan,nan,NO_WELD
49.74,0.0,0.0,0.0,0.0,0.0,0.0,0.0,0.0,0,0,0.0,0.0,-3.164059092912196,nan,nan,NO_WELD
49.79,0.0,0.0,0.0,0.0,0.0,0.0,0.0,0.0,0,0,0.0,0.0,-3.8671843792826963,nan,nan,NO_WELD
49.84,0.0,0.0,0.0,0.0,0.0,0.0,0.0,0.0,0,0,0.0,0.0,-3.8671843792826963,nan,nan,NO_WELD
49.89,0.0,0.0,0.0,0.0,0.0,0.0,0.0,0.0,0,0,0.0,0.0,2.4609410636176894,nan,nan,NO_WELD
49.94,0.0,0.0,0.0,0.0,0.0,0.0,0.0,0.0,0,0,0.0,0.0,2.4609410636176894,nan,nan,NO_WELD
49.99,0.0,0.0,0.0,0.0,0.0,0.0,0.0,0.0,0,0,0.0,0.0,0.7031284346608206,nan,nan,NO_WELD
50.041,0.0,0.0,0.0,0.0,0.0,0.0,0.0,0.0,0,0,0.0,0.0,0.7031284346608206,nan,nan,NO_WELD
50.09,0.0,0.0,0.0,0.0,0.0,0.0,0.0,0.0,0,0,0.0,0.0,0.7031284346608206,nan,nan,NO_WELD
50.14,0.0,0.0,0.0,0.0,0.0,0.0,0.0,0.0,0,0,0.0,0.0,0.7031284346608206,nan,nan,NO_WELD
50.19,0.0,0.0,0.0,0.0,0.0,0.0,0.0,0.0,0,0,0.0,0.0,-3.5156217360974464,nan,nan,NO_WELD
50.24,0.0,0.0,0.0,0.0,0.0,0.0,0.0,0.0,0,0,0.0,0.0,-3.5156217360974464,nan,nan,NO_WELD
50.29,0.0,0.0,0.0,0.0,0.0,0.0,0.0,0.0,0,0,0.0,0.0,-3.5156217360974464,nan,nan,NO_WELD
50.34,0.0,0.0,0.0,0.0,0.0,0.0,0.0,0.0,0,0,0.0,0.0,-3.5156217360974464,nan,nan,NO_WELD
50.39,0.0,0.0,0.0,0.0,0.0,0.0,0.0,0.0,0,0,0.0,0.0,-4.570309238766374,nan,nan,NO_WELD
50.44,0.0,0.0,0.0,0.0,0.0,0.0,0.0,0.0,0,0,0.0,0.0,-4.570309238766374,nan,nan,NO_WELD
50.49,0.0,0.0,0.0,0.0,0.0,0.0,0.0,0.0,0,0,0.0,0.0,9.140628722816501,nan,nan,NO_WELD
50.54,0.0,0.0,0.0,0.0,0.0,0.0,0.0,0.0,0,0,0.0,0.0,9.140628722816501,nan,nan,NO_WELD
50.59,0.0,0.0,0.0,0.0,0.0,0.0,0.0,0.0,0,0,0.0,0.0,0.7031284346608206,nan,nan,NO_WELD
50.64,0.0,0.0,0.0,0.0,0.0,0.0,0.0,0.0,0,0,0.0,0.0,0.7031284346608206,nan,nan,NO_WELD
50.69,0.0,0.0,0.0,0.0,0.0,0.0,0.0,0.0,0,0,0.0,0.0,1.054690917763512,nan,nan,NO_WELD
50.74,0.0,0.0,0.0,0.0,0.0,0.0,0.0,0.0,0,0,0.0,0.0,1.054690917763512,nan,nan,NO_WELD
50.79,0.0,0.0,0.0,0.0,0.0,0.0,0.0,0.0,0,0,0.0,0.0,0.35156592487770283,nan,nan,NO_WELD
50.84,0.0,0.0,0.0,0.0,0.0,0.0,0.0,0.0,0,0,0.0,0.0,0.35156592487770283,nan,nan,NO_WELD
50.89,0.0,0.0,0.0,0.0,0.0,0.0,0.0,0.0,0,0,0.0,0.0,-8.085933963071582,nan,nan,NO_WELD
50.94,0.0,0.0,0.0,0.0,0.0,0.0,0.0,0.0,0,0,0.0,0.0,-8.085933963071582,nan,nan,NO_WELD
50.99,0.0,0.0,0.0,0.0,0.0,0.0,0.0,0.0,0,0,0.0,0.0,-2.8124966631703576,nan,nan,NO_WELD
51.041,0.0,0.0,0.0,0.0,0.0,0.0,0.0,0.0,0,0,0.0,0.0,-2.8124966631703576,nan,nan,NO_WELD
51.09,0.0,0.0,0.0,0.0,0.0,0.0,0.0,0.0,0,0,0.0,0.0,-3.5156217360974464,nan,nan,NO_WELD
51.14,0.0,0.0,0.0,0.0,0.0,0.0,0.0,0.0,0,0,0.0,0.0,-3.5156217360974464,nan,nan,NO_WELD
51.19,0.0,0.0,0.0,0.0,0.0,0.0,0.0,0.0,0,0,0.0,0.0,-7.382809530474727,nan,nan,NO_WELD
51.24,0.0,0.0,0.0,0.0,0.0,0.0,0.0,0.0,0,0,0.0,0.0,-7.382809530474727,nan,nan,NO_WELD
51.29,0.0,0.0,0.0,0.0,0.0,0.0,0.0,0.0,0,0,0.0,0.0,0.35156592487770283,nan,nan,NO_WELD
51.34,0.0,0.0,0.0,0.0,0.0,0.0,0.0,0.0,0,0,0.0,0.0,0.35156592487770283,nan,nan,NO_WELD
51.39,0.0,0.0,0.0,0.0,0.0,0.0,0.0,0.0,0,0,0.0,0.0,-3.8671843792826963,nan,nan,NO_WELD
51.44,0.0,0.0,0.0,0.0,0.0,0.0,0.0,0.0,0,0,0.0,0.0,-3.8671843792826963,nan,nan,NO_WELD
51.49,0.0,0.0,0.0,0.0,0.0,0.0,0.0,0.0,0,0,0.0,0.0,-3.164059092912196,nan,nan,NO_WELD
51.54,0.0,0.0,0.0,0.0,0.0,0.0,0.0,0.0,0,0,0.0,0.0,-3.164059092912196,nan,nan,NO_WELD
51.59,0.0,0.0,0.0,0.0,0.0,0.0,0.0,0.0,0,0,0.0,0.0,-3.164059092912196,nan,nan,NO_WELD
51.64,0.0,0.0,0.0,0.0,0.0,0.0,0.0,0.0,0,0,0.0,0.0,-3.164059092912196,nan,nan,NO_WELD
51.69,0.0,0.0,0.0,0.0,0.0,0.0,0.0,0.0,0,0,0.0,0.0,7.031253717478648,nan,nan,NO_WELD
51.74,0.0,0.0,0.0,0.0,0.0,0.0,0.0,0.0,0,0,0.0,0.0,7.031253717478648,nan,nan,NO_WELD
51.79,0.0,0.0,0.0,0.0,0.0,0.0,0.0,0.0,0,0,0.0,0.0,-3.164059092912196,nan,nan,NO_WELD
51.84,0.0,0.0,0.0,0.0,0.0,0.0,0.0,0.0,0,0,0.0,0.0,-3.164059092912196,nan,nan,NO_WELD
51.89,0.0,0.0,0.0,0.0,0.0,0.0,0.0,0.0,0,0,0.0,0.0,-3.164059092912196,nan,nan,NO_WELD
51.94,0.0,0.0,0.0,0.0,0.0,0.0,0.0,0.0,0,0,0.0,0.0,-3.164059092912196,nan,nan,NO_WELD
51.99,0.0,0.0,0.0,0.0,0.0,0.0,0.0,0.0,0,0,0.0,0.0,-3.8671843792826963,nan,nan,NO_WELD
52.041,0.0,0.0,0.0,0.0,0.0,0.0,0.0,0.0,0,0,0.0,0.0,-3.8671843792826963,nan,nan,NO_WELD
52.09,0.0,0.0,0.0,0.0,0.0,0.0,0.0,0.0,0,0,0.0,0.0,-3.5156217360974464,nan,nan,NO_WELD
52.14,0.0,0.0,0.0,0.0,0.0,0.0,0.0,0.0,0,0,0.0,0.0,-3.5156217360974464,nan,nan,NO_WELD
52.19,0.0,0.0,0.0,0.0,0.0,0.0,0.0,0.0,0,0,0.0,0.0,-3.5156217360974464,-3.5156217360974464,0.0,WELD_FOUND
52.24,0.0,0.0,0.0,0.0,0.0,0.0,0.0,0.0,0,0,0.0,0.0,-3.5156217360974464,-3.5156217360974464,0.0,WELD_FOUND
52.29,0.013929438383182766,0.05,0.021429438383182765,0.006429438383182766,0.0,0.0,0.0214,0.0064,0,0,0.0,0.0,-3.8671843792826963,-3.691403057690071,-0.17578132159262516,WELD_FOUND
52.34,0.013929438383182766,0.05,0.021429438383182765,0.006429438383182766,0.0,0.0,0.0214,0.0064,0,0,0.0,0.0,-3.8671843792826963,-3.691403057690071,-0.17578132159262516,WELD_FOUND
52.39,0.0,0.0,0.0,0.0,0.0,0.0,0.0,0.0,0,0,0.0,0.0,-3.8671843792826963,nan,nan,NO_WELD
52.44,0.0,0.0,0.0,0.0,0.0,0.0,0.0,0.0,0,0,0.0,0.0,-3.8671843792826963,nan,nan,NO_WELD
52.49,0.017207486176160636,0.05,0.024707486176160635,0.009707486176160636,0.0,0.0,0.0247,0.0097,0,0,0.0,0.0,-2.8124966631703576,-2.8124966631703576,0.0,WELD_FOUND
52.54,0.017207486176160636,0.05,0.024707486176160635,0.009707486176160636,0.0,0.0,0.0247,0.0097,0,0,0.0,0.0,-2.8124966631703576,-2.8124966631703576,0.0,WELD_FOUND
52.59,0.0,0.0,0.0,0.0,0.0,0.0,0.0,0.0,0,0,0.0,0.0,-2.8124966631703576,nan,nan,NO_WELD
52.64,0.0,0.0,0.0,0.0,0.0,0.0,0.0,0.0,0,0,0.0,0.0,-2.8124966631703576,nan,nan,NO_WELD
52.69,0.0,0.0,0.0,0.0,0.0,0.0,0.0,0.0,0,0,0.0,0.0,-2.8124966631703576,nan,nan,NO_WELD
52.74,0.0,0.0,0.0,0.0,0.0,0.0,0.0,0.0,0,0,0.0,0.0,-2.8124966631703576,nan,nan,NO_WELD
52.79,0.0,0.0,0.0,0.0,0.0,0.0,0.0,0.0,0,0,0.0,0.0,-2.8124966631703576,nan,nan,NO_WELD
52.84,0.0,0.0,0.0,0.0,0.0,0.0,0.0,0.0,0,0,0.0,0.0,-2.8124966631703576,nan,nan,NO_WELD
52.89,0.016355530829818745,0.05,0.023855530829818745,0.008855530829818745,0.0,0.0,0.0239,0.0089,0,0,0.0,0.0,-3.164059092912196,-3.164059092912196,0.0,WELD_FOUND
52.94,0.016355530829818745,0.05,0.023855530829818745,0.008855530829818745,0.0,0.0,0.0239,0.0089,0,0,0.0,0.0,-3.164059092912196,-3.164059092912196,0.0,WELD_FOUND
52.99,0.0,0.0,0.0,0.0,0.0,0.0,0.0,0.0,0,0,0.0,0.0,-3.164059092912196,nan,nan,NO_WELD
53.041,0.0,0.0,0.0,0.0,0.0,0.0,0.0,0.0,0,0,0.0,0.0,-3.164059092912196,nan,nan,NO_WELD
53.09,0.016355530829818745,0.05,0.023855530829818745,0.008855530829818745,0.0,0.0,0.0239,0.0089,0,0,0.0,0.0,-3.164059092912196,-3.164059092912196,0.0,WELD_FOUND
53.14,0.016355530829818745,0.05,0.023855530829818745,0.008855530829818745,0.0,0.0,0.0239,0.0089,0,0,0.0,0.0,-3.164059092912196,-3.164059092912196,0.0,WELD_FOUND
53.19,0.017035364595385398,0.1,0.0320353645953854,0.0020353645953853985,0.0,0.0,0.032,0.002,0,0,0.0,0.0,-2.8124966631703576,-2.988277984762983,0.17578132159262516,WELD_FOUND
53.24,0.017035364595385398,0.1,0.0320353645953854,0.0020353645953853985,0.0,0.0,0.032,0.002,0,0,0.0,0.0,-2.8124966631703576,-2.988277984762983,0.17578132159262516,WELD_FOUND
53.29,0.0,0.0,0.0,0.0,0.0,0.0,0.0,0.0,0,0,0.0,0.0,-2.8124966631703576,nan,nan,NO_WELD
53.34,0.0,0.0,0.0,0.0,0.0,0.0,0.0,0.0,0,0,0.0,0.0,-2.8124966631703576,nan,nan,NO_WELD
53.39,0.0,0.0,0.0,0.0,0.0,0.0,0.0,0.0,0,0,0.0,0.0,-2.8124966631703576,nan,nan,NO_WELD
53.44,0.0,0.0,0.0,0.0,0.0,0.0,0.0,0.0,0,0,0.0,0.0,-2.8124966631703576,nan,nan,NO_WELD
53.49,0.020793649009208333,0.05,0.028293649009208333,0.013293649009208333,0.0,0.0,0.0283,0.0133,0,0,0.0,0.0,-2.1093715902432693,-2.1093715902432693,0.0,WELD_FOUND
53.54,0.020793649009208333,0.05,0.028293649009208333,0.013293649009208333,0.0,0.0,0.0283,0.0133,0,0,0.0,0.0,-2.1093715902432693,-2.1093715902432693,0.0,WELD_FOUND
53.59,0.0,0.0,0.0,0.0,0.0,0.0,0.0,0.0,0,0,0.0,0.0,-2.1093715902432693,nan,nan,NO_WELD
53.64,0.0,0.0,0.0,0.0,0.0,0.0,0.0,0.0,0,0,0.0,0.0,-2.1093715902432693,nan,nan,NO_WELD
53.69,0.0,0.0,0.0,0.0,0.0,0.0,0.0,0.0,0,0,0.0,0.0,-2.1093715902432693,nan,nan,NO_WELD
53.74,0.0,0.0,0.0,0.0,0.0,0.0,0.0,0.0,0,0,0.0,0.0,-2.1093715902432693,nan,nan,NO_WELD
53.79,0.030013707708804346,0.018741045566169918,0.032824864543729834,0.027202550873878857,0.0,0.0,0.0328,0.0272,0,0,0.0,0.0,-0.35155909468853286,-0.35155909468853286,0.0,WELD_FOUND
53.84,0.030013707708804346,0.018741045566169918,0.032824864543729834,0.027202550873878857,0.0,0.0,0.0328,0.0272,0,0,0.0,0.0,-0.35155909468853286,-0.35155909468853286,0.0,WELD_FOUND
53.89,0.03206018097764308,0.01057262013337902,0.03364607399764993,0.030474287957636226,0.0,0.0,0.0336,0.0305,0,0,0.0,0.0,-0.35155909468853286,-0.35155909468853286,0.0,WELD_FOUND
53.94,0.03206018097764308,0.01057262013337902,0.03364607399764993,0.030474287957636226,0.0,0.0,0.0336,0.0305,0,0,0.0,0.0,-0.35155909468853286,-0.35155909468853286,0.0,WELD_FOUND
53.99,0.0,0.0,0.0,0.0,0.0,0.0,0.0,0.0,0,0,0.0,0.0,-0.35155909468853286,nan,nan,NO_WELD
54.041,0.0,0.0,0.0,0.0,0.0,0.0,0.0,0.0,0,0,0.0,0.0,-0.35155909468853286,nan,nan,NO_WELD
54.09,0.0,0.0,0.0,0.0,0.0,0.0,0.0,0.0,0,0,0.0,0.0,-0.35155909468853286,nan,nan,NO_WELD
54.14,0.0,0.0,0.0,0.0,0.0,0.0,0.0,0.0,0,0,0.0,0.0,-0.35155909468853286,nan,nan,NO_WELD
54.19,0.03060877926938046,0.03021091030917942,0.03514041581575737,0.02607714272300355,0.0,0.0,0.0351,0.0261,0,0,0.0,0.0,-0.7031216044716506,-0.7031216044716506,0.0,WELD_FOUND
54.24,0.03060877926938046,0.03021091030917942,0.03514041581575737,0.02607714272300355,0.0,0.0,0.0351,0.0261,0,0,0.0,0.0,-0.7031216044716506,-0.7031216044716506,0.0,WELD_FOUND
54.29,0.02424799985502562,0.08021091030917943,0.03627963640140253,0.012216363308648705,0.0,0.0,0.0363,0.0122,0,0,0.0,0.0,-3.164059092912196,-1.9335904820940557,-1.2304686108181404,WELD_FOUND
54.34,0.02424799985502562,0.08021091030917943,0.03627963640140253,0.012216363308648705,0.0,0.0,0.0363,0.0122,0,0,0.0,0.0,-3.164059092912196,-1.9335904820940557,-1.2304686108181404,WELD_FOUND
54.39,0.0,0.0,0.0,0.0,0.0,0.0,0.0,0.0,0,0,0.0,0.0,-3.164059092912196,nan,nan,NO_WELD
54.44,0.0,0.0,0.0,0.0,0.0,0.0,0.0,0.0,0,0,0.0,0.0,-3.164059092912196,nan,nan,NO_WELD
54.49,0.015112059782203497,0.05,0.022612059782203497,0.007612059782203497,0.0,0.0,0.0226,0.0076,0,0,0.0,0.0,-3.8671843792826963,-3.8671843792826963,0.0,WELD_FOUND
54.54,0.015112059782203497,0.05,0.022612059782203497,0.007612059782203497,0.0,0.0,0.0226,0.0076,0,0,0.0,0.0,-3.8671843792826963,-3.8671843792826963,0.0,WELD_FOUND
54.59,0.0,0.0,0.0,0.0,0.0,0.0,0.0,0.0,0,0,0.0,0.0,-3.8671843792826963,nan,nan,NO_WELD
54.64,0.0,0.0,0.0,0.0,0.0,0.0,0.0,0.0,0,0,0.0,0.0,-3.8671843792826963,nan,nan,NO_WELD
54.69,0.014795197518417824,0.05,0.022295197518417825,0.007295197518417824,0.0,0.0,0.0223,0.0073,0,0,0.0,0.0,-3.5156217360974464,-3.5156217360974464,0.0,WELD_FOUND
54.74,0.014795197518417824,0.05,0.022295197518417825,0.007295197518417824,0.0,0.0,0.0223,0.0073,0,0,0.0,0.0,-3.5156217360974464,-3.5156217360974464,0.0,WELD_FOUND
54.79,0.017397557766636533,0.1,0.03239755776663653,0.0023975577666365336,0.0,0.0,0.0324,0.0024,0,0,0.0,0.0,-2.1093715902432693,-2.8124966631703576,0.7031250729270884,WELD_FOUND
54.84,0.017397557766636533,0.1,0.03239755776663653,0.0023975577666365336,0.0,0.0,0.0324,0.0024,0,0,0.0,0.0,-2.1093715902432693,-2.8124966631703576,0.7031250729270884,WELD_FOUND
54.89,0.015234779192307766,0.15000000000000002,0.03773477919230777,-0.007265220807692237,0.0,0.0,0.0377,-0.0073,0,0,0.0,0.0,-4.218746595581123,-3.5156217360974464,-0.703124859483677,WELD_FOUND
54.94,0.015234779192307766,0.15000000000000002,0.03773477919230777,-0.007265220807692237,0.0,0.0,0.0377,-0.0073,0,0,0.0,0.0,-4.218746595581123,-3.5156217360974464,-0.703124859483677,WELD_FOUND
54.99,0.013566059667579122,0.17443135276690866,0.03973076258261542,-0.012598643247457176,0.0,0.0,0.0397,-0.0126,0,0,0.0,0.0,-7.031246887289478,-3.8671843792826963,-3.1640625080067815,WELD_FOUND
55.041,0.013566059667579122,0.17443135276690866,0.03973076258261542,-0.012598643247457176,0.0,0.0,0.0397,-0.0126,0,0,0.0,0.0,-7.031246887289478,-3.8671843792826963,-3.1640625080067815,WELD_FOUND
55.09,0.012060556239003333,0.18962227509748275,0.04050389750362574,-0.01638278502561908,0.0,0.0,0.0405,-0.0164,0,0,0.0,0.0,-8.085933963071582,-4.218746595581123,-3.867187367490459,WELD_FOUND
55.14,0.012060556239003333,0.18962227509748275,0.04050389750362574,-0.01638278502561908,0.0,0.0,0.0405,-0.0164,0,0,0.0,0.0,-8.085933963071582,-4.218746595581123,-3.867187367490459,WELD_FOUND
55.19,0.0,0.0,0.0,0.0,0.0,0.0,0.0,0.0,0,0,0.0,0.0,-8.085933963071582,nan,nan,NO_WELD
55.24,0.0,0.0,0.0,0.0,0.0,0.0,0.0,0.0,0,0,0.0,0.0,-8.085933963071582,nan,nan,NO_WELD
55.29,0.0,0.0,0.0,0.0,0.0,0.0,0.0,0.0,0,0,0.0,0.0,-8.085933963071582,nan,nan,NO_WELD
55.34,0.0,0.0,0.0,0.0,0.0,0.0,0.0,0.0,0,0,0.0,0.0,-8.085933963071582,nan,nan,NO_WELD
55.39,0.008594193597827258,0.05,0.01609419359782726,0.0010941935978272584,0.0,0.0,0.0161,0.0011,0,0,0.0,0.0,-5.273434098250051,-5.273434098250051,0.0,WELD_FOUND
55.44,0.008594193597827258,0.05,0.01609419359782726,0.0010941935978272584,0.0,0.0,0.0161,0.0011,0,0,0.0,0.0,-5.273434098250051,-5.273434098250051,0.0,WELD_FOUND
55.49,0.009961066950104265,0.1,0.024961066950104263,-0.005038933049895734,0.0,0.0,0.025,-0.005,0,0,0.0,0.0,-3.8671843792826963,-4.570309238766374,0.7031248594836774,WELD_FOUND
55.54,0.009961066950104265,0.1,0.024961066950104263,-0.005038933049895734,0.0,0.0,0.025,-0.005,0,0,0.0,0.0,-3.8671843792826963,-4.570309238766374,0.7031248594836774,WELD_FOUND
55.59,0.011339461363155216,0.15000000000000002,0.033839461363155215,-0.011160538636844786,0.0,0.0,0.0338,-0.0112,0,0,0.0,0.0,-4.218746595581123,-4.218746595581123,0.0,WELD_FOUND
55.64,0.011339461363155216,0.15000000000000002,0.033839461363155215,-0.011160538636844786,0.0,0.0,0.0338,-0.0112,0,0,0.0,0.0,-4.218746595581123,-4.218746595581123,0.0,WELD_FOUND
55.69,0.011625855272493402,0.18299001817842458,0.03907435799925709,-0.015822647454270283,0.0,0.0,0.0391,-0.0158,0,0,0.0,0.0,-4.218746595581123,-4.218746595581123,0.0,WELD_FOUND
55.74,0.011625855272493402,0.18299001817842458,0.03907435799925709,-0.015822647454270283,0.0,0.0,0.0391,-0.0158,0,0,0.0,0.0,-4.218746595581123,-4.218746595581123,0.0,WELD_FOUND
55.79,0.011683562655430158,0.18385484784207856,0.039261789831741944,-0.015894664520881625,0.0,0.0,0.0393,-0.0159,0,0,0.0,0.0,-3.5156217360974464,-4.218746595581123,0.703124859483677,WELD_FOUND
55.84,0.011683562655430158,0.18385484784207856,0.039261789831741944,-0.015894664520881625,0.0,0.0,0.0393,-0.0159,0,0,0.0,0.0,-3.5156217360974464,-4.218746595581123,0.703124859483677,WELD_FOUND
55.89,0.012860849494013546,0.1644152577604713,0.03752313815808424,-0.01180143917005715,0.0,0.0,0.0375,-0.0118,0,0,0.0,0.0,-2.1093715902432693,-3.8671843792826963,1.757812789039427,WELD_FOUND
55.94,0.012860849494013546,0.1644152577604713,0.03752313815808424,-0.01180143917005715,0.0,0.0,0.0375,-0.0118,0,0,0.0,0.0,-2.1093715902432693,-3.8671843792826963,1.757812789039427,WELD_FOUND
55.99,0.01433537452951992,0.14813454564540166,0.03655555637633017,-0.007884807317290328,0.0,0.0,0.0366,-0.0079,0,0,0.0,0.0,0.35156592487770283,-3.5156217360974464,3.867187660975149,WELD_FOUND
56.041,0.01433537452951992,0.14813454564540166,0.03655555637633017,-0.007884807317290328,0.0,0.0,0.0366,-0.0079,0,0,0.0,0.0,0.35156592487770283,-3.5156217360974464,3.867187660975149,WELD_FOUND
56.09,0.020175985781062764,0.09813454564540165,0.03489616762787301,0.005455803934252516,0.0,0.0,0.0349,0.0055,0,0,0.0,0.0,1.4062534542270564,-2.1093715902432693,3.5156250444703256,WELD_FOUND
56.14,0.020175985781062764,0.09813454564540165,0.03489616762787301,0.005455803934252516,0.0,0.0,0.0349,0.0055,0,0,0.0,0.0,1.4062534542270564,-2.1093715902432693,3.5156250444703256,WELD_FOUND
56.19,0.033612269250072255,0.04813454564540165,0.0408324510968825,0.02639208740326201,0.0,0.0,0.0408,0.0264,0,0,0.0,0.0,2.4609410636176894,0.35156592487770283,2.1093751387399866,WELD_FOUND
56.24,0.033612269250072255,0.04813454564540165,0.0408324510968825,0.02639208740326201,0.0,0.0,0.0408,0.0264,0,0,0.0,0.0,2.4609410636176894,0.35156592487770283,2.1093751387399866,WELD_FOUND
56.29,0.027817326400489093,-0.0018654543545983532,0.02753750824729934,0.028097144553678847,0.0,0.0,0.0275,0.0281,0,0,0.0,0.0,2.109378420432439,1.4062534542270564,0.7031249662053827,WELD_FOUND
56.34,0.027817326400489093,-0.0018654543545983532,0.02753750824729934,0.028097144553678847,0.0,0.0,0.0275,0.0281,0,0,0.0,0.0,2.109378420432439,1.4062534542270564,0.7031249662053827,WELD_FOUND
56.39,0.022938030638779076,-0.051865454354598356,0.015158212485589323,0.03071784879196883,0.0,0.0,0.0152,0.0307,0,0,0.0,0.0,2.4609410636176894,2.109378420432439,0.3515626431852503,WELD_FOUND
56.44,0.022938030638779076,-0.051865454354598356,0.015158212485589323,0.03071784879196883,0.0,0.0,0.0152,0.0307,0,0,0.0,0.0,2.4609410636176894,2.109378420432439,0.3515626431852503,WELD_FOUND
56.49,0.022018589857631804,-0.09459063493263853,0.007829994617736025,0.036207185097527586,0.0,0.0,0.0078,0.0362,0,0,0.0,0.0,2.109378420432439,2.109378420432439,0.0,WELD_FOUND
56.54,0.022018589857631804,-0.09459063493263853,0.007829994617736025,0.036207185097527586,0.0,0.0,0.0078,0.0362,0,0,0.0,0.0,2.109378420432439,2.109378420432439,0.0,WELD_FOUND
56.59,0.020309563777708678,-0.11216483803092508,0.0034848380730699152,0.03713428948234744,0.0,0.0,0.0035,0.0371,0,0,0.0,0.0,2.4609410636176894,2.4609410636176894,0.0,WELD_FOUND
56.64,0.020309563777708678,-0.11216483803092508,0.0034848380730699152,0.03713428948234744,0.0,0.0,0.0035,0.0371,0,0,0.0,0.0,2.4609410636176894,2.4609410636176894,0.0,WELD_FOUND
56.69,0.021491071954037752,-0.08869587111211227,0.008186691287220911,0.034795452620854594,0.0,0.0,0.0082,0.0348,0,0,0.0,0.0,2.109378420432439,2.109378420432439,0.0,WELD_FOUND
56.74,0.021491071954037752,-0.08869587111211227,0.008186691287220911,0.034795452620854594,0.0,0.0,0.0082,0.0348,0,0,0.0,0.0,2.109378420432439,2.109378420432439,0.0,WELD_FOUND
56.79,0.021731381874276128,-0.09137955486696206,0.008024448644231819,0.03543831510432044,0.0,0.0,0.008,0.0354,0,0,0.0,0.0,1.4062534542270564,2.109378420432439,-0.7031249662053827,WELD_FOUND
56.84,0.021731381874276128,-0.09137955486696206,0.008024448644231819,0.03543831510432044,0.0,0.0,0.008,0.0354,0,0,0.0,0.0,1.4062534542270564,2.109378420432439,-0.7031249662053827,WELD_FOUND
56.89,0.021779604189722707,-0.09190205434007438,0.007994296038711551,0.03556491234073386,0.0,0.0,0.008,0.0356,0,0,0.0,0.0,2.109378420432439,2.109378420432439,0.0,WELD_FOUND
56.94,0.021779604189722707,-0.09190205434007438,0.007994296038711551,0.03556491234073386,0.0,0.0,0.008,0.0356,0,0,0.0,0.0,2.109378420432439,2.109378420432439,0.0,WELD_FOUND
56.99,0.02178925506606798,-0.09201185163017074,0.00798747732154237,0.035591032810593594,0.0,0.0,0.008,0.0356,0,0,0.0,0.0,1.054690917763512,2.109378420432439,-1.054687502668927,WELD_FOUND
57.041,0.02178925506606798,-0.09201185163017074,0.00798747732154237,0.035591032810593594,0.0,0.0,0.008,0.0356,0,0,0.0,0.0,1.054690917763512,2.109378420432439,-1.054687502668927,WELD_FOUND
57.09,0.025008825367455544,-0.0528192219542366,0.017085942074320053,0.03293170866059103,0.0,0.0,0.0171,0.0329,0,0,0.0,0.0,3.4150945850063755e-06,1.4062534542270564,-1.4062500391324715,WELD_FOUND
57.14,0.025008825367455544,-0.0528192219542366,0.017085942074320053,0.03293170866059103,0.0,0.0,0.0171,0.0329,0,0,0.0,0.0,3.4150945850063755e-06,1.4062534542270564,-1.4062500391324715,WELD_FOUND
57.19,0.02739338961825997,-0.0400393168703632,0.021387492087705493,0.033399287148814454,0.0,0.0,0.0214,0.0334,0,0,0.0,0.0,3.4150945850063755e-06,1.054690917763512,-1.054687502668927,WELD_FOUND
57.24,0.02739338961825997,-0.0400393168703632,0.021387492087705493,0.033399287148814454,0.0,0.0,0.0214,0.0334,0,0,0.0,0.0,3.4150945850063755e-06,1.054690917763512,-1.054687502668927,WELD_FOUND
57.29,0.035,0.0,0.035,0.035,0.0,0.0,0.035,0.035,0,0,0.0,0.0,3.4150945850063755e-06,3.4150945850063755e-06,0.0,WELD_FOUND
57.34,0.035,0.0,0.035,0.035,0.0,0.0,0.035,0.035,0,0,0.0,0.0,3.4150945850063755e-06,3.4150945850063755e-06,0.0,WELD_FOUND
57.39,0.035,0.0,0.035,0.035,0.0,0.0,0.035,0.035,0,0,0.0,0.0,-0.35155909468853286,3.4150945850063755e-06,-0.35156250978311787,WELD_FOUND
57.44,0.035,0.0,0.035,0.035,0.0,0.0,0.035,0.035,0,0,0.0,0.0,-0.35155909468853286,3.4150945850063755e-06,-0.35156250978311787,WELD_FOUND
57.49,0.035,0.0,0.035,0.035,0.0,0.0,0.035,0.035,0,0,0.0,0.0,-0.7031216044716506,3.4150945850063755e-06,-0.7031250195662356,WELD_FOUND
57.54,0.035,0.0,0.035,0.035,0.0,0.0,0.035,0.035,0,0,0.0,0.0,-0.7031216044716506,3.4150945850063755e-06,-0.7031250195662356,WELD_FOUND
57.59,0.033071511878734784,0.019429085393134007,0.03598587468770489,0.030157149069764685,0.0,0.0,0.036,0.0302,0,0,0.0,0.0,-2.8124966631703576,-0.35155909468853286,-2.4609375684818247,WELD_FOUND
57.64,0.033071511878734784,0.019429085393134007,0.03598587468770489,0.030157149069764685,0.0,0.0,0.036,0.0302,0,0,0.0,0.0,-2.8124966631703576,-0.35155909468853286,-2.4609375684818247,WELD_FOUND
57.69,0.030805193622459544,0.035849443286854035,0.03618261011548765,0.02542777712943144,0.0,0.0,0.0362,0.0254,0,0,0.0,0.0,-1.7578091605014305,-0.7031216044716506,-1.05468755602978,WELD_FOUND
57.74,0.030805193622459544,0.035849443286854035,0.03618261011548765,0.02542777712943144,0.0,0.0,0.0362,0.0254,0,0,0.0,0.0,-1.7578091605014305,-0.7031216044716506,-1.05468755602978,WELD_FOUND
57.79,0.02510977243802915,0.08584944328685404,0.03798718893105726,0.012232355945001045,0.0,0.0,0.038,0.0122,0,0,0.0,0.0,-1.7578091605014305,-1.7578091605014305,0.0,WELD_FOUND
57.84,0.02510977243802915,0.08584944328685404,0.03798718893105726,0.012232355945001045,0.0,0.0,0.038,0.0122,0,0,0.0,0.0,-1.7578091605014305,-1.7578091605014305,0.0,WELD_FOUND
57.89,0.024040485039718475,0.07947235900211094,0.03596133889003512,0.012119631189401835,0.0,0.0,0.036,0.0121,0,0,0.0,0.0,-3.5156217360974464,-1.7578091605014305,-1.757812575596016,WELD_FOUND
57.94,0.024040485039718475,0.07947235900211094,0.03596133889003512,0.012119631189401835,0.0,0.0,0.036,0.0121,0,0,0.0,0.0,-3.5156217360974464,-1.7578091605014305,-1.757812575596016,WELD_FOUND
57.99,0.0,0.0,0.0,0.0,0.0,0.0,0.0,0.0,0,0,0.0,0.0,-3.5156217360974464,nan,nan,NO_WELD
58.041,0.0,0.0,0.0,0.0,0.0,0.0,0.0,0.0,0,0,0.0,0.0,-3.5156217360974464,nan,nan,NO_WELD
58.09,0.0,0.0,0.0,0.0,0.0,0.0,0.0,0.0,0,0,0.0,0.0,-3.5156217360974464,nan,nan,NO_WELD
58.14,0.0,0.0,0.0,0.0,0.0,0.0,0.0,0.0,0,0,0.0,0.0,-3.5156217360974464,nan,nan,NO_WELD
58.19,0.017774484748371698,0.05,0.025274484748371698,0.010274484748371698,0.0,0.0,0.0253,0.0103,0,0,0.0,0.0,-3.164059092912196,-3.164059092912196,0.0,WELD_FOUND
58.24,0.017774484748371698,0.05,0.025274484748371698,0.010274484748371698,0.0,0.0,0.0253,0.0103,0,0,0.0,0.0,-3.164059092912196,-3.164059092912196,0.0,WELD_FOUND
58.29,0.018732781130393113,0.1,0.033732781130393116,0.003732781130393114,0.0,0.0,0.0337,0.0037,0,0,0.0,0.0,-2.1093715902432693,-2.6367153415777325,0.5273437513344632,WELD_FOUND
58.34,0.018732781130393113,0.1,0.033732781130393116,0.003732781130393114,0.0,0.0,0.0337,0.0037,0,0,0.0,0.0,-2.1093715902432693,-2.6367153415777325,0.5273437513344632,WELD_FOUND
58.39,0.019658270522459016,0.10467510861765478,0.03535953681510723,0.003957004229810799,0.0,0.0,0.0354,0.004,0,0,0.0,0.0,-2.460934233428519,-2.460934233428519,0.0,WELD_FOUND
58.44,0.019658270522459016,0.10467510861765478,0.03535953681510723,0.003957004229810799,0.0,0.0,0.0354,0.004,0,0,0.0,0.0,-2.460934233428519,-2.460934233428519,0.0,WELD_FOUND
58.49,0.02059421579413069,0.09694907196347168,0.03513657658865144,0.006051854999609941,0.0,0.0,0.0351,0.0061,0,0,0.0,0.0,-2.1093715902432693,-2.285152911835894,0.17578132159262472,WELD_FOUND
58.54,0.02059421579413069,0.09694907196347168,0.03513657658865144,0.006051854999609941,0.0,0.0,0.0351,0.0061,0,0,0.0,0.0,-2.1093715902432693,-2.285152911835894,0.17578132159262472,WELD_FOUND
58.59,0.020032375411839793,0.10901397516145499,0.036384471686058045,0.003680279137621544,0.0,0.0,0.0364,0.0037,0,0,0.0,0.0,-3.164059092912196,-2.460934233428519,-0.703124859483677,WELD_FOUND
58.64,0.020032375411839793,0.10901397516145499,0.036384471686058045,0.003680279137621544,0.0,0.0,0.0364,0.0037,0,0,0.0,0.0,-3.164059092912196,-2.460934233428519,-0.703124859483677,WELD_FOUND
58.69,0.01992093976815559,0.1077007164997589,0.03607604724311943,0.003765832293191756,0.0,0.0,0.0361,0.0038,0,0,0.0,0.0,-2.460934233428519,-2.460934233428519,0.0,WELD_FOUND
58.74,0.01992093976815559,0.1077007164997589,0.03607604724311943,0.003765832293191756,0.0,0.0,0.0361,0.0038,0,0,0.0,0.0,-2.460934233428519,-2.460934233428519,0.0,WELD_FOUND
58.79,0.0198986899367297,0.10744388815405692,0.03601527315983824,0.0037821067136211625,0.0,0.0,0.036,0.0038,0,0,0.0,0.0,-1.7578091605014305,-2.460934233428519,0.7031250729270886,WELD_FOUND
58.84,0.0198986899367297,0.10744388815405692,0.03601527315983824,0.0037821067136211625,0.0,0.0,0.036,0.0038,0,0,0.0,0.0,-1.7578091605014305,-2.460934233428519,0.7031250729270886,WELD_FOUND
58.89,0.021406222693950525,0.08775541722104999,0.03456953527710802,0.008242910110793027,0.0,0.0,0.0346,0.0082,0,0,0.0,0.0,-2.1093715902432693,-2.1093715902432693,0.0,WELD_FOUND
58.94,0.021406222693950525,0.08775541722104999,0.03456953527710802,0.008242910110793027,0.0,0.0,0.0346,0.0082,0,0,0.0,0.0,-2.1093715902432693,-2.1093715902432693,0.0,WELD_FOUND
58.99,0.021714334016245465,0.09116590935937842,0.03538922042015223,0.008039447612338702,0.0,0.0,0.0354,0.008,0,0,0.0,0.0,3.4150945850063755e-06,-2.1093715902432693,2.109375005337854,WELD_FOUND
59.041,0.021714334016245465,0.09116590935937842,0.03538922042015223,0.008039447612338702,0.0,0.0,0.0354,0.008,0,0,0.0,0.0,3.4150945850063755e-06,-2.1093715902432693,2.109375005337854,WELD_FOUND
59.09,0.023356821113407235,0.07223860806767794,0.03419261232355893,0.012521029903255545,0.0,0.0,0.0342,0.0125,0,0,0.0,0.0,0.7031284346608206,-1.7578091605014305,2.4609375951622514,WELD_FOUND
59.14,0.023356821113407235,0.07223860806767794,0.03419261232355893,0.012521029903255545,0.0,0.0,0.0342,0.0125,0,0,0.0,0.0,0.7031284346608206,-1.7578091605014305,2.4609375951622514,WELD_FOUND
59.19,0.035,0.0,0.035,0.035,0.0,0.0,0.035,0.035,0,0,0.0,0.0,0.7031284346608206,3.4150945850063755e-06,0.7031250195662356,WELD_FOUND
59.24,0.035,0.0,0.035,0.035,0.0,0.0,0.035,0.035,0,0,0.0,0.0,0.7031284346608206,3.4150945850063755e-06,0.7031250195662356,WELD_FOUND
59.29,0.03355903096427099,-0.014590571137248258,0.031370445293683755,0.03574761663485823,0.0,0.0,0.0314,0.0357,0,0,0.0,0.0,0.35156592487770283,0.35156592487770283,0.0,WELD_FOUND
59.34,0.03355903096427099,-0.014590571137248258,0.031370445293683755,0.03574761663485823,0.0,0.0,0.0314,0.0357,0,0,0.0,0.0,0.35156592487770283,0.35156592487770283,0.0,WELD_FOUND
59.39,0.030898988425726463,-0.03673272996106969,0.02538907893156601,0.03640889791988692,0.0,0.0,0.0254,0.0364,0,0,0.0,0.0,1.7578159906906006,0.7031284346608206,1.05468755602978,WELD_FOUND
59.44,0.030898988425726463,-0.03673272996106969,0.02538907893156601,0.03640889791988692,0.0,0.0,0.0254,0.0364,0,0,0.0,0.0,1.7578159906906006,0.7031284346608206,1.05468755602978,WELD_FOUND
59.49,0.030380158433028572,-0.03190512092589342,0.025594390294144558,0.03516592657191259,0.0,0.0,0.0256,0.0352,0,0,0.0,0.0,1.7578159906906006,0.7031284346608206,1.05468755602978,WELD_FOUND
59.54,0.030380158433028572,-0.03190512092589342,0.025594390294144558,0.03516592657191259,0.0,0.0,0.0256,0.0352,0,0,0.0,0.0,1.7578159906906006,0.7031284346608206,1.05468755602978,WELD_FOUND
59.59,0.02503278505829404,-0.08190512092589342,0.012747016919410029,0.037318553197178056,0.0,0.0,0.0127,0.0373,0,0,0.0,0.0,1.7578159906906006,1.7578159906906006,0.0,WELD_FOUND
59.64,0.02503278505829404,-0.08190512092589342,0.012747016919410029,0.037318553197178056,0.0,0.0,0.0127,0.0373,0,0,0.0,0.0,1.7578159906906006,1.7578159906906006,0.0,WELD_FOUND
59.69,0.024025378085529566,-0.07932724866651616,0.012126290785552142,0.03592446538550699,0.0,0.0,0.0121,0.0359,0,0,0.0,0.0,1.054690917763512,1.7578159906906006,-0.7031250729270886,WELD_FOUND
59.74,0.024025378085529566,-0.07932724866651616,0.012126290785552142,0.03592446538550699,0.0,0.0,0.0121,0.0359,0,0,0.0,0.0,1.054690917763512,1.7578159906906006,-0.7031250729270886,WELD_FOUND
59.79,0.023826379399063968,-0.07722367947465496,0.012242827477865724,0.03540993132026221,0.0,0.0,0.0122,0.0354,0,0,0.0,0.0,1.054690917763512,1.7578159906906006,-0.7031250729270886,WELD_FOUND
59.84,0.023826379399063968,-0.07722367947465496,0.012242827477865724,0.03540993132026221,0.0,0.0,0.0122,0.0354,0,0,0.0,0.0,1.054690917763512,1.7578159906906006,-0.7031250729270886,WELD_FOUND
59.89,0.027143458400893272,-0.037408166749636464,0.021532233388447803,0.032754683413338745,0.0,0.0,0.0215,0.0328,0,0,0.0,0.0,0.35156592487770283,1.054690917763512,-0.7031249928858092,WELD_FOUND
59.94,0.027143458400893272,-0.037408166749636464,0.021532233388447803,0.032754683413338745,0.0,0.0,0.0215,0.0328,0,0,0.0,0.0,0.35156592487770283,1.054690917763512,-0.7031249928858092,WELD_FOUND
59.99,0.027832806451250282,-0.044345541435863646,0.021180975235870734,0.034484637666629826,0.0,0.0,0.0212,0.0345,0,0,0.0,0.0,1.054690917763512,1.054690917763512,0.0,WELD_FOUND
60.041,0.027832806451250282,-0.044345541435863646,0.021180975235870734,0.034484637666629826,0.0,0.0,0.0212,0.0345,0,0,0.0,0.0,1.054690917763512,1.054690917763512,0.0,WELD_FOUND
60.09,0.027971713351321332,-0.04567560261163926,0.021120372959575442,0.03482305374306722,0.0,0.0,0.0211,0.0348,0,0,0.0,0.0,0.7031284346608206,1.054690917763512,-0.35156248310269134,WELD_FOUND
60.14,0.027971713351321332,-0.04567560261163926,0.021120372959575442,0.03482305374306722,0.0,0.0,0.0211,0.0348,0,0,0.0,0.0,0.7031284346608206,1.054690917763512,-0.35156248310269134,WELD_FOUND
60.19,0.029788110631402076,-0.02624822257315585,0.0258508772454287,0.03372534401737545,0.0,0.0,0.0259,0.0337,0,0,0.0,0.0,3.4150945850063755e-06,0.7031284346608206,-0.7031250195662356,WELD_FOUND
60.24,0.029788110631402076,-0.02624822257315585,0.0258508772454287,0.03372534401737545,0.0,0.0,0.0259,0.0337,0,0,0.0,0.0,3.4150945850063755e-06,0.7031284346608206,-0.7031250195662356,WELD_FOUND
60.29,0.03201344118210135,-0.010135513099558947,0.030493114217167508,0.033533768147035195,0.0,0.0,0.0305,0.0335,0,0,0.0,0.0,3.4150945850063755e-06,0.35156592487770283,-0.3515625097831178,WELD_FOUND
60.34,0.03201344118210135,-0.010135513099558947,0.030493114217167508,0.033533768147035195,0.0,0.0,0.0305,0.0335,0,0,0.0,0.0,3.4150945850063755e-06,0.35156592487770283,-0.3515625097831178,WELD_FOUND
60.39,0.035,0.0,0.035,0.035,0.0,0.0,0.035,0.035,0,0,0.0,0.0,-1.7578091605014305,3.4150945850063755e-06,-1.7578125755960154,WELD_FOUND
60.44,0.035,0.0,0.035,0.035,0.0,0.0,0.035,0.035,0,0,0.0,0.0,-1.7578091605014305,3.4150945850063755e-06,-1.7578125755960154,WELD_FOUND
60.49,0.035,0.0,0.035,0.035,0.0,0.0,0.035,0.035,0,0,0.0,0.0,-2.1093715902432693,3.4150945850063755e-06,-2.109375005337854,WELD_FOUND
60.54,0.035,0.0,0.035,0.035,0.0,0.0,0.035,0.035,0,0,0.0,0.0,-2.1093715902432693,3.4150945850063755e-06,-2.109375005337854,WELD_FOUND
60.59,0.031196319957976233,0.03926328628711532,0.03708581290104353,0.025306827014908936,0.0,0.0,0.0371,0.0253,0,0,0.0,0.0,-0.7031216044716506,-0.7031216044716506,0.0,WELD_FOUND
60.64,0.031196319957976233,0.03926328628711532,0.03708581290104353,0.025306827014908936,0.0,0.0,0.0371,0.0253,0,0,0.0,0.0,-0.7031216044716506,-0.7031216044716506,0.0,WELD_FOUND
60.69,0.0,0.0,0.0,0.0,0.0,0.0,0.0,0.0,0,0,0.0,0.0,-0.7031216044716506,nan,nan,NO_WELD
60.74,0.0,0.0,0.0,0.0,0.0,0.0,0.0,0.0,0,0,0.0,0.0,-0.7031216044716506,nan,nan,NO_WELD
60.79,0.02353802542352084,0.05,0.03103802542352084,0.01603802542352084,0.0,0.0,0.031,0.016,0,0,0.0,0.0,-2.1093715902432693,-2.1093715902432693,0.0,WELD_FOUND
60.84,0.02353802542352084,0.05,0.03103802542352084,0.01603802542352084,0.0,0.0,0.031,0.016,0,0,0.0,0.0,-2.1093715902432693,-2.1093715902432693,0.0,WELD_FOUND
60.89,0.022925344668380487,0.08602655402177106,0.035829327771646144,0.010021361565114828,0.0,0.0,0.0358,0.01,0,0,0.0,0.0,-1.7578091605014305,-1.9335904820940557,0.17578132159262516,WELD_FOUND
60.94,0.022925344668380487,0.08602655402177106,0.035829327771646144,0.010021361565114828,0.0,0.0,0.0358,0.01,0,0,0.0,0.0,-1.7578091605014305,-1.9335904820940557,0.17578132159262516,WELD_FOUND
60.99,0.0,0.0,0.0,0.0,0.0,0.0,0.0,0.0,0,0,0.0,0.0,-1.7578091605014305,nan,nan,NO_WELD
61.041,0.0,0.0,0.0,0.0,0.0,0.0,0.0,0.0,0,0,0.0,0.0,-1.7578091605014305,nan,nan,NO_WELD
61.09,0.025249768916294088,0.05,0.03274976891629409,0.01774976891629409,0.0,0.0,0.0327,0.0177,0,0,0.0,0.0,-1.4062466240378864,-1.4062466240378864,0.0,WELD_FOUND
61.14,0.025249768916294088,0.05,0.03274976891629409,0.01774976891629409,0.0,0.0,0.0327,0.0177,0,0,0.0,0.0,-1.4062466240378864,-1.4062466240378864,0.0,WELD_FOUND
61.19,0.0,0.0,0.0,0.0,0.0,0.0,0.0,0.0,0,0,0.0,0.0,-1.4062466240378864,nan,nan,NO_WELD
61.24,0.0,0.0,0.0,0.0,0.0,0.0,0.0,0.0,0,0,0.0,0.0,-1.4062466240378864,nan,nan,NO_WELD
61.29,0.0,0.0,0.0,0.0,0.0,0.0,0.0,0.0,0,0,0.0,0.0,-1.4062466240378864,nan,nan,NO_WELD
61.34,0.0,0.0,0.0,0.0,0.0,0.0,0.0,0.0,0,0,0.0,0.0,-1.4062466240378864,nan,nan,NO_WELD
61.39,0.022462954473605336,0.05,0.029962954473605335,0.014962954473605336,0.0,0.0,0.03,0.015,0,0,0.0,0.0,-2.1093715902432693,-2.1093715902432693,0.0,WELD_FOUND
61.44,0.022462954473605336,0.05,0.029962954473605335,0.014962954473605336,0.0,0.0,0.03,0.015,0,0,0.0,0.0,-2.1093715902432693,-2.1093715902432693,0.0,WELD_FOUND
61.49,0.02271116991465612,0.08368778009679692,0.03526433692917566,0.010158002900136584,0.0,0.0,0.0353,0.0102,0,0,0.0,0.0,-1.7578091605014305,-1.9335904820940557,0.17578132159262516,WELD_FOUND
61.54,0.02271116991465612,0.08368778009679692,0.03526433692917566,0.010158002900136584,0.0,0.0,0.0353,0.0102,0,0,0.0,0.0,-1.7578091605014305,-1.9335904820940557,0.17578132159262516,WELD_FOUND
61.59,0.023561718315482507,0.07442426741496268,0.03472535842772691,0.012398078203238105,0.0,0.0,0.0347,0.0124,0,0,0.0,0.0,-1.7578091605014305,-1.7578091605014305,0.0,WELD_FOUND
61.64,0.023561718315482507,0.07442426741496268,0.03472535842772691,0.012398078203238105,0.0,0.0,0.0347,0.0124,0,0,0.0,0.0,-1.0546840875743422,-1.7578091605014305,0.7031250729270884,WELD_FOUND
61.69,0.023733704239969712,0.07624448828956755,0.03517037748340485,0.01229703099653458,0.0,0.0,0.0352,0.0123,0,0,0.0,0.0,-1.0546840875743422,-1.7578091605014305,0.7031250729270884,WELD_FOUND
61.74,0.023733704239969712,0.07624448828956755,0.03517037748340485,0.01229703099653458,0.0,0.0,0.0352,0.0123,0,0,0.0,0.0,-1.0546840875743422,nan,nan,NO_WELD
61.79,0.0,0.0,0.0,0.0,0.0,0.0,0.0,0.0,0,0,0.0,0.0,-1.0546840875743422,nan,nan,NO_WELD
61.84,0.0,0.0,0.0,0.0,0.0,0.0,0.0,0.0,0,0,0.0,0.0,-2.8124966631703576,nan,nan,NO_WELD
61.89,0.01915018512850607,0.05,0.02665018512850607,0.01165018512850607,0.0,0.0,0.0267,0.0117,0,0,0.0,0.0,-2.8124966631703576,-2.8124966631703576,0.0,WELD_FOUND
61.94,0.01915018512850607,0.05,0.02665018512850607,0.01165018512850607,0.0,0.0,0.0267,0.0117,0,0,0.0,0.0,-2.8124966631703576,nan,nan,NO_WELD
61.99,0.0,0.0,0.0,0.0,0.0,0.0,0.0,0.0,0,0,0.0,0.0,-2.8124966631703576,nan,nan,NO_WELD
62.042,0.0,0.0,0.0,0.0,0.0,0.0,0.0,0.0,0,0,0.0,0.0,-3.8671843792826963,nan,nan,NO_WELD
62.09,0.014271747230459986,0.05,0.021771747230459985,0.006771747230459986,0.0,0.0,0.0218,0.0068,0,0,0.0,0.0,-3.8671843792826963,-3.8671843792826963,0.0,WELD_FOUND
62.14,0.014271747230459986,0.05,0.021771747230459985,0.006771747230459986,0.0,0.0,0.0218,0.0068,0,0,0.0,0.0,-3.8671843792826963,nan,nan,NO_WELD
62.19,0.0,0.0,0.0,0.0,0.0,0.0,0.0,0.0,0,0,0.0,0.0,-3.8671843792826963,nan,nan,NO_WELD
62.241,0.0,0.0,0.0,0.0,0.0,0.0,0.0,0.0,0,0,0.0,0.0,-3.8671843792826963,nan,nan,NO_WELD
62.29,0.0,0.0,0.0,0.0,0.0,0.0,0.0,0.0,0,0,0.0,0.0,-3.8671843792826963,nan,nan,NO_WELD
62.34,0.0,0.0,0.0,0.0,0.0,0.0,0.0,0.0,0,0,0.0,0.0,-2.460934233428519,nan,nan,WELD_FOUND
62.39,0.018694351314375544,0.05,0.026194351314375544,0.011194351314375545,0.0,0.0,0.0262,0.0112,0,0,0.0,0.0,-2.460934233428519,-2.460934233428519,0.0,WELD_FOUND
62.44,0.018694351314375544,0.05,0.026194351314375544,0.011194351314375545,0.0,0.0,0.0262,0.0112,0,0,0.0,0.0,-0.7031216044716506,-1.5820278389088056,0.878906234437155,WELD_FOUND
62.49,0.023511354961368382,0.05546704385851653,0.03183141154014586,0.015191298382590904,0.0,0.0,0.0318,0.0152,0,0,0.0,0.0,-0.7031216044716506,-1.5820278389088056,0.878906234437155,WELD_FOUND
62.54,0.028835354791395953,0.017004695483361462,0.031386059113900175,0.026284650468891734,0.0,0.0,0.0314,0.0263,0,0,0.0,0.0,-0.35155909468853286,-0.7031216044716506,0.35156250978311776,WELD_FOUND
62.59,0.028835354791395953,0.017004695483361462,0.031386059113900175,0.026284650468891734,0.0,0.0,0.0314,0.0263,0,0,0.0,0.0,-0.35155909468853286,-0.7031216044716506,0.35156250978311776,WELD_FOUND
62.64,0.028835354791395953,0.017004695483361462,0.031386059113900175,0.026284650468891734,0.0,0.0,0.0314,0.0263,0,0,0.0,0.0,-1.0546840875743422,-0.8789028727034228,-0.17578121487091936,WELD_FOUND
62.69,0.02906139622908809,0.03780767031757211,0.034732546776723904,0.023390245681452274,0.0,0.0,0.0347,0.0234,0,0,0.0,0.0,-1.0546840875743422,-0.8789028727034228,-0.17578121487091936,WELD_FOUND
62.74,0.03001131513798908,0.02839324293780426,0.03427030157865972,0.02575232869731844,0.0,0.0,0.0343,0.0258,0,0,0.0,0.0,-0.7031216044716506,-0.7031216044716506,0.0,WELD_FOUND
62.79,0.03001131513798908,0.02839324293780426,0.03427030157865972,0.02575232869731844,0.0,0.0,0.0343,0.0258,0,0,0.0,0.0,-0.7031216044716506,-0.7031216044716506,0.0,WELD_FOUND
62.84,0.030203132059138462,0.03023374362042595,0.03473819360220236,0.02566807051607457,0.0,0.0,0.0347,0.0257,0,0,0.0,0.0,-2.460934233428519,-0.7031216044716506,-1.7578126289568685,WELD_FOUND
62.89,0.030203132059138462,0.03023374362042595,0.03473819360220236,0.02566807051607457,0.0,0.0,0.0347,0.0257,0,0,0.0,0.0,-2.460934233428519,-0.7031216044716506,-1.7578126289568685,WELD_FOUND
62.94,0.030241568768943114,0.030586519838431594,0.034829546744707854,0.025653590793178374,0.0,0.0,0.0348,0.0257,0,0,0.0,0.0,-0.35155909468853286,-0.7031216044716506,0.35156250978311776,WELD_FOUND
62.99,0.030241568768943114,0.030586519838431594,0.034829546744707854,0.025653590793178374,0.0,0.0,0.0348,0.0257,0,0,0.0,0.0,-0.35155909468853286,-0.7031216044716506,0.35156250978311776,WELD_FOUND
63.041,0.028446679909257873,0.050315299936214565,0.03599397489969006,0.02089938491882569,0.0,0.0,0.036,0.0209,0,0,0.0,0.0,-1.0546840875743422,-1.0546840875743422,0.0,WELD_FOUND
63.09,0.028446679909257873,0.050315299936214565,0.03599397489969006,0.02089938491882569,0.0,0.0,0.036,0.0209,0,0,0.0,0.0,-1.0546840875743422,-1.0546840875743422,0.0,WELD_FOUND
63.14,0.029885842395474288,0.027254110339663486,0.03397395894642381,0.025797725844524763,0.0,0.0,0.034,0.0258,0,0,0.0,0.0,-0.35155909468853286,-0.7031216044716506,0.35156250978311776,WELD_FOUND
63.19,0.029885842395474288,0.027254110339663486,0.03397395894642381,0.025797725844524763,0.0,0.0,0.034,0.0258,0,0,0.0,0.0,-0.35155909468853286,-0.7031216044716506,0.35156250978311776,WELD_FOUND
63.24,0.0,0.0,0.0,0.0,0.0,0.0,0.0,0.0,0,0,0.0,0.0,-0.35155909468853286,nan,nan,NO_WELD
63.29,0.0,0.0,0.0,0.0,0.0,0.0,0.0,0.0,0,0,0.0,0.0,-0.35155909468853286,nan,nan,NO_WELD
63.34,0.035,0.0,0.035,0.035,0.0,0.0,0.035,0.035,0,0,0.0,0.0,0.35156592487770283,0.35156592487770283,0.0,WELD_FOUND
63.39,0.035,0.0,0.035,0.035,0.0,0.0,0.035,0.035,0,0,0.0,0.0,0.35156592487770283,0.35156592487770283,0.0,WELD_FOUND
63.44,0.0,0.0,0.0,0.0,0.0,0.0,0.0,0.0,0,0,0.0,0.0,0.35156592487770283,nan,nan,NO_WELD
63.49,0.0,0.0,0.0,0.0,0.0,0.0,0.0,0.0,0,0,0.0,0.0,0.35156592487770283,nan,nan,NO_WELD
63.54,0.0,0.0,0.0,0.0,0.0,0.0,0.0,0.0,0,0,0.0,0.0,0.35156592487770283,nan,nan,NO_WELD
63.59,0.0,0.0,0.0,0.0,0.0,0.0,0.0,0.0,0,0,0.0,0.0,0.35156592487770283,nan,nan,NO_WELD
63.64,0.035,0.0,0.035,0.035,0.0,0.0,0.035,0.035,0,0,0.0,0.0,3.4150945850063755e-06,3.4150945850063755e-06,0.0,WELD_FOUND
63.69,0.035,0.0,0.035,0.035,0.0,0.0,0.035,0.035,0,0,0.0,0.0,3.4150945850063755e-06,3.4150945850063755e-06,0.0,WELD_FOUND
63.74,0.03214389334386749,0.02916474975442588,0.03651860580703137,0.027769180880703608,0.0,0.0,0.0365,0.0278,0,0,0.0,0.0,-1.0546840875743422,-0.5273403362398785,-0.5273437513344637,WELD_FOUND
63.79,0.03214389334386749,0.02916474975442588,0.03651860580703137,0.027769180880703608,0.0,0.0,0.0365,0.0278,0,0,0.0,0.0,-1.0546840875743422,-0.5273403362398785,-0.5273437513344637,WELD_FOUND
63.84,0.032494416396251426,0.014581343151948018,0.03468161786904363,0.030307214923459225,0.0,0.0,0.0347,0.0303,0,0,0.0,0.0,-0.35155909468853286,-0.35155909468853286,0.0,WELD_FOUND
63.89,0.032494416396251426,0.014581343151948018,0.03468161786904363,0.030307214923459225,0.0,0.0,0.0347,0.0303,0,0,0.0,0.0,-0.35155909468853286,-0.35155909468853286,0.0,WELD_FOUND
63.94,0.032494416396251426,0.014581343151948018,0.03468161786904363,0.030307214923459225,0.0,0.0,0.0347,0.0303,0,0,0.0,0.0,-1.0546840875743422,-0.7031216044716506,-0.35156248310269156,WELD_FOUND
63.99,0.03069341076175576,0.03457135007465352,0.03587911327295379,0.02550770825055773,0.0,0.0,0.0359,0.0255,0,0,0.0,0.0,-1.0546840875743422,-0.7031216044716506,-0.35156248310269156,WELD_FOUND
64.042,0.03069341076175576,0.03457135007465352,0.03587911327295379,0.02550770825055773,0.0,0.0,0.0359,0.0255,0,0,0.0,0.0,-1.0546840875743422,-0.7031216044716506,-0.35156248310269156,WELD_FOUND
64.09,0.0,0.0,0.0,0.0,0.0,0.0,0.0,0.0,0,0,0.0,0.0,-1.0546840875743422,nan,nan,NO_WELD
64.14,0.0,0.0,0.0,0.0,0.0,0.0,0.0,0.0,0,0,0.0,0.0,-1.0546840875743422,nan,nan,NO_WELD
64.19,0.021866564465618094,0.05,0.029366564465618094,0.014366564465618094,0.0,0.0,0.0294,0.0144,0,0,0.0,0.0,-2.460934233428519,-2.460934233428519,0.0,WELD_FOUND
64.24,0.021866564465618094,0.05,0.029366564465618094,0.014366564465618094,0.0,0.0,0.0294,0.0144,0,0,0.0,0.0,-2.460934233428519,-2.460934233428519,0.0,WELD_FOUND
64.29,0.0,0.0,0.0,0.0,0.0,0.0,0.0,0.0,0,0,0.0,0.0,-2.460934233428519,nan,nan,NO_WELD
64.34,0.0,0.0,0.0,0.0,0.0,0.0,0.0,0.0,0,0,0.0,0.0,-2.460934233428519,nan,nan,NO_WELD
64.39,0.035,0.0,0.035,0.035,0.0,0.0,0.035,0.035,0,0,0.0,0.0,3.4150945850063755e-06,3.4150945850063755e-06,0.0,WELD_FOUND
64.44,0.035,0.0,0.035,0.035,0.0,0.0,0.035,0.035,0,0,0.0,0.0,3.4150945850063755e-06,3.4150945850063755e-06,0.0,WELD_FOUND
64.49,0.03249108958494233,0.02509255199916237,0.03625497238481669,0.028727206785067978,0.0,0.0,0.0363,0.0287,0,0,0.0,0.0,-0.7031216044716506,-0.35155909468853286,-0.35156250978311776,WELD_FOUND
64.54,0.03249108958494233,0.02509255199916237,0.03625497238481669,0.028727206785067978,0.0,0.0,0.0363,0.0287,0,0,0.0,0.0,-0.7031216044716506,-0.35155909468853286,-0.35156250978311776,WELD_FOUND
64.59,0.0,0.0,0.0,0.0,0.0,0.0,0.0,0.0,0,0,0.0,0.0,-0.7031216044716506,nan,nan,NO_WELD
64.64,0.0,0.0,0.0,0.0,0.0,0.0,0.0,0.0,0,0,0.0,0.0,-0.7031216044716506,nan,nan,NO_WELD
64.69,0.02541103376881338,0.05,0.03291103376881338,0.01791103376881338,0.0,0.0,0.0329,0.0179,0,0,0.0,0.0,-1.7578091605014305,-1.7578091605014305,0.0,WELD_FOUND
64.74,0.02541103376881338,0.05,0.03291103376881338,0.01791103376881338,0.0,0.0,0.0329,0.0179,0,0,0.0,0.0,-1.7578091605014305,-1.7578091605014305,0.0,WELD_FOUND
64.79,0.023289397119023288,0.08980062785958536,0.03675949129796109,0.009819302940085485,0.0,0.0,0.0368,0.0098,0,0,0.0,0.0,-2.1093715902432693,-1.9335904820940557,-0.17578110814921355,WELD_FOUND
64.84,0.023289397119023288,0.08980062785958536,0.03675949129796109,0.009819302940085485,0.0,0.0,0.0368,0.0098,0,0,0.0,0.0,-2.1093715902432693,-1.9335904820940557,-0.17578110814921355,WELD_FOUND
64.89,0.023678914377869672,0.0757037412486956,0.035034475565174014,0.012323353190565333,0.0,0.0,0.035,0.0123,0,0,0.0,0.0,-1.0546840875743422,-1.7578091605014305,0.7031250729270884,WELD_FOUND
64.94,0.023678914377869672,0.0757037412486956,0.035034475565174014,0.012323353190565333,0.0,0.0,0.035,0.0123,0,0,0.0,0.0,-1.0546840875743422,-1.7578091605014305,0.7031250729270884,WELD_FOUND
64.99,0.0,0.0,0.0,0.0,0.0,0.0,0.0,0.0,0,0,0.0,0.0,-1.0546840875743422,nan,nan,NO_WELD
65.041,0.0,0.0,0.0,0.0,0.0,0.0,0.0,0.0,0,0,0.0,0.0,-1.0546840875743422,nan,nan,NO_WELD
65.09,0.028872413510875192,0.028944825058015485,0.03321413726957752,0.02453068975217287,0.0,0.0,0.0332,0.0245,0,0,0.0,0.0,-0.7031216044716506,-0.7031216044716506,0.0,WELD_FOUND
65.14,0.028872413510875192,0.028944825058015485,0.03321413726957752,0.02453068975217287,0.0,0.0,0.0332,0.0245,0,0,0.0,0.0,-0.7031216044716506,-0.7031216044716506,0.0,WELD_FOUND
65.19,0.029068835053568106,0.037893612805012966,0.03475287697432005,0.023384793132816162,0.0,0.0,0.0348,0.0234,0,0,0.0,0.0,-1.0546840875743422,-0.8789028727034228,-0.17578121487091936,WELD_FOUND
65.24,0.029068835053568106,0.037893612805012966,0.03475287697432005,0.023384793132816162,0.0,0.0,0.0348,0.0234,0,0,0.0,0.0,-1.0546840875743422,-0.8789028727034228,-0.17578121487091936,WELD_FOUND
65.29,0.030012826944681045,0.028516674552759358,0.03429032812759495,0.025735325761767142,0.0,0.0,0.0343,0.0257,0,0,0.0,0.0,0.35156592487770283,-0.7031216044716506,1.0546875293493534,WELD_FOUND
65.34,0.030012826944681045,0.028516674552759358,0.03429032812759495,0.025735325761767142,0.0,0.0,0.0343,0.0257,0,0,0.0,0.0,0.35156592487770283,-0.7031216044716506,1.0546875293493534,WELD_FOUND
65.39,0.030203435382148695,0.030243904335964647,0.034740021032543394,0.025666849731754,0.0,0.0,0.0347,0.0257,0,0,0.0,0.0,-0.7031216044716506,-0.7031216044716506,0.0,WELD_FOUND
65.44,0.030203435382148695,0.030243904335964647,0.034740021032543394,0.025666849731754,0.0,0.0,0.0347,0.0257,0,0,0.0,0.0,-0.7031216044716506,-0.7031216044716506,0.0,WELD_FOUND
65.49,0.03024162947201203,0.030591100024171793,0.0348302944756378,0.02565296446838626,0.0,0.0,0.0348,0.0257,0,0,0.0,0.0,-1.7578091605014305,-0.7031216044716506,-1.05468755602978,WELD_FOUND
65.54,0.03024162947201203,0.030591100024171793,0.0348302944756378,0.02565296446838626,0.0,0.0,0.0348,0.0257,0,0,0.0,0.0,-1.7578091605014305,-0.7031216044716506,-1.05468755602978,WELD_FOUND
65.59,0.030249271186079486,0.030661354878358867,0.034848474417833314,0.025650067954325655,0.0,0.0,0.0348,0.0257,0,0,0.0,0.0,3.4150945850063755e-06,-0.7031216044716506,0.7031250195662356,WELD_FOUND
65.64,0.030249271186079486,0.030661354878358867,0.034848474417833314,0.025650067954325655,0.0,0.0,0.0348,0.0257,0,0,0.0,0.0,3.4150945850063755e-06,-0.7031216044716506,0.7031250195662356,WELD_FOUND
65.69,0.035,0.0,0.035,0.035,0.0,0.0,0.035,0.035,0,0,0.0,0.0,0.35156592487770283,3.4150945850063755e-06,0.3515625097831178,WELD_FOUND
65.74,0.035,0.0,0.035,0.035,0.0,0.0,0.035,0.035,0,0,0.0,0.0,0.35156592487770283,3.4150945850063755e-06,0.3515625097831178,WELD_FOUND
65.79,0.03286781795827504,0.021569297886333258,0.036103212641225034,0.029632423275325056,0.0,0.0,0.0361,0.0296,0,0,0.0,0.0,-0.35155909468853286,-0.35155909468853286,0.0,WELD_FOUND
65.84,0.03286781795827504,0.021569297886333258,0.036103212641225034,0.029632423275325056,0.0,0.0,0.0361,0.0296,0,0,0.0,0.0,-0.35155909468853286,-0.35155909468853286,0.0,WELD_FOUND
65.89,0.03263933931208144,0.01584146925052514,0.03501555969966021,0.03026311892450267,0.0,0.0,0.035,0.0303,0,0,0.0,0.0,-0.35155909468853286,-0.35155909468853286,0.0,WELD_FOUND
65.94,0.03263933931208144,0.01584146925052514,0.03501555969966021,0.03026311892450267,0.0,0.0,0.035,0.0303,0,0,0.0,0.0,-0.35155909468853286,-0.35155909468853286,0.0,WELD_FOUND
65.99,0.032593739210837046,0.015441771264803908,0.03491000490055763,0.030277473521116458,0.0,0.0,0.0349,0.0303,0,0,0.0,0.0,-0.7031216044716506,-0.35155909468853286,-0.35156250978311776,WELD_FOUND
66.041,0.032593739210837046,0.015441771264803908,0.03491000490055763,0.030277473521116458,0.0,0.0,0.0349,0.0303,0,0,0.0,0.0,-0.7031216044716506,-0.35155909468853286,-0.35156250978311776,WELD_FOUND
66.09,0.03258462301570794,0.015359850446073296,0.03488860058261894,0.030280645448796946,0.0,0.0,0.0349,0.0303,0,0,0.0,0.0,-0.7031216044716506,-0.35155909468853286,-0.35156250978311776,WELD_FOUND
66.14,0.03258462301570794,0.015359850446073296,0.03488860058261894,0.030280645448796946,0.0,0.0,0.0349,0.0303,0,0,0.0,0.0,-0.7031216044716506,-0.35155909468853286,-0.35156250978311776,WELD_FOUND
66.19,0.030710935336646084,0.035038886605921436,0.0359667683275343,0.025455102345757867,0.0,0.0,0.036,0.0255,0,0,0.0,0.0,-0.7031216044716506,-0.7031216044716506,0.0,WELD_FOUND
66.24,0.030710935336646084,0.035038886605921436,0.0359667683275343,0.025455102345757867,0.0,0.0,0.036,0.0255,0,0,0.0,0.0,-0.7031216044716506,-0.7031216044716506,0.0,WELD_FOUND
66.29,0.030342855092523185,0.031524095753856306,0.035071469455601634,0.02561424072944474,0.0,0.0,0.0351,0.0256,0,0,0.0,0.0,-1.4062466240378864,-0.7031216044716506,-0.7031250195662357,WELD_FOUND
66.34,0.030342855092523185,0.031524095753856306,0.035071469455601634,0.02561424072944474,0.0,0.0,0.0351,0.0256,0,0,0.0,0.0,-1.4062466240378864,-0.7031216044716506,-0.7031250195662357,WELD_FOUND
66.39,0.030269505335366185,0.030851339639819255,0.03489720628133907,0.025641804389393296,0.0,0.0,0.0349,0.0256,0,0,0.0,0.0,-1.4062466240378864,-0.7031216044716506,-0.7031250195662357,WELD_FOUND
66.44,0.030269505335366185,0.030851339639819255,0.03489720628133907,0.025641804389393296,0.0,0.0,0.0349,0.0256,0,0,0.0,0.0,-1.4062466240378864,-0.7031216044716506,-0.7031250195662357,WELD_FOUND
66.49,0.03025484603560149,0.03071322652520617,0.034861830014382415,0.025647862056820563,0.0,0.0,0.0349,0.0256,0,0,0.0,0.0,3.4150945850063755e-06,-0.7031216044716506,0.7031250195662356,WELD_FOUND
66.54,0.03025484603560149,0.03071322652520617,0.034861830014382415,0.025647862056820563,0.0,0.0,0.0349,0.0256,0,0,0.0,0.0,3.4150945850063755e-06,-0.7031216044716506,0.7031250195662356,WELD_FOUND
66.59,0.030251914601715217,0.03068624570357833,0.034854851457251965,0.02564897774617847,0.0,0.0,0.0349,0.0256,0,0,0.0,0.0,-0.35155909468853286,-0.7031216044716506,0.35156250978311776,WELD_FOUND
66.64,0.030251914601715217,0.03068624570357833,0.034854851457251965,0.02564897774617847,0.0,0.0,0.0349,0.0256,0,0,0.0,0.0,-0.35155909468853286,-0.7031216044716506,0.35156250978311776,WELD_FOUND
66.69,0.026701415687659828,0.07001039840060752,0.037202975447750954,0.0161998559275687,0.0,0.0,0.0372,0.0162,0,0,0.0,0.0,-1.4062466240378864,-1.4062466240378864,0.0,WELD_FOUND
66.74,0.026701415687659828,0.07001039840060752,0.037202975447750954,0.0161998559275687,0.0,0.0,0.0372,0.0162,0,0,0.0,0.0,-1.4062466240378864,-1.4062466240378864,0.0,WELD_FOUND
66.79,0.03135937219924963,0.020010398400607518,0.03436093195934076,0.0283578124391585,0.0,0.0,0.0344,0.0284,0,0,0.0,0.0,-0.35155909468853286,-0.35155909468853286,0.0,WELD_FOUND
66.84,0.03135937219924963,0.020010398400607518,0.03436093195934076,0.0283578124391585,0.0,0.0,0.0344,0.0284,0,0,0.0,0.0,-0.35155909468853286,-0.35155909468853286,0.0,WELD_FOUND
66.89,0.032335878321922334,0.013145314858659031,0.03430767555072119,0.03036408109312348,0.0,0.0,0.0343,0.0304,0,0,0.0,0.0,3.4150945850063755e-06,-0.35155909468853286,0.35156250978311787,WELD_FOUND
66.94,0.032335878321922334,0.013145314858659031,0.03430767555072119,0.03036408109312348,0.0,0.0,0.0343,0.0304,0,0,0.0,0.0,3.4150945850063755e-06,-0.35155909468853286,0.35156250978311787,WELD_FOUND
66.99,0.03253297613927106,0.014893083396909975,0.034766938648807554,0.030299013629734563,0.0,0.0,0.0348,0.0303,0,0,0.0,0.0,-1.0546840875743422,-0.35155909468853286,-0.7031249928858093,WELD_FOUND
67.041,0.03253297613927106,0.014893083396909975,0.034766938648807554,0.030299013629734563,0.0,0.0,0.0348,0.0303,0,0,0.0,0.0,-1.0546840875743422,-0.35155909468853286,-0.7031249928858093,WELD_FOUND
67.09,0.030700904181385814,0.034762460795833554,0.035915273300760844,0.02548653506201078,0.0,0.0,0.0359,0.0255,0,0,0.0,0.0,-0.7031216044716506,-0.7031216044716506,0.0,WELD_FOUND
67.14,0.030700904181385814,0.034762460795833554,0.035915273300760844,0.02548653506201078,0.0,0.0,0.0359,0.0255,0,0,0.0,0.0,-0.7031216044716506,-0.7031216044716506,0.0,WELD_FOUND
67.19,0.03220158029406082,0.01186548386749059,0.033981402874184406,0.03042175771393723,0.0,0.0,0.034,0.0304,0,0,0.0,0.0,3.4150945850063755e-06,-0.35155909468853286,0.35156250978311787,WELD_FOUND
67.24,0.03220158029406082,0.01186548386749059,0.033981402874184406,0.03042175771393723,0.0,0.0,0.034,0.0304,0,0,0.0,0.0,3.4150945850063755e-06,-0.35155909468853286,0.35156250978311787,WELD_FOUND
67.29,0.035,0.0,0.035,0.035,0.0,0.0,0.035,0.035,0,0,0.0,0.0,0.7031284346608206,3.4150945850063755e-06,0.7031250195662356,WELD_FOUND
67.34,0.035,0.0,0.035,0.035,0.0,0.0,0.035,0.035,0,0,0.0,0.0,0.7031284346608206,3.4150945850063755e-06,0.7031250195662356,WELD_FOUND
67.39,0.03106551612670221,0.04026270585396595,0.0371049220047971,0.025026110248607316,0.0,0.0,0.0371,0.025,0,0,0.0,0.0,-1.0546840875743422,-0.7031216044716506,-0.35156248310269156,WELD_FOUND
67.44,0.03106551612670221,0.04026270585396595,0.0371049220047971,0.025026110248607316,0.0,0.0,0.0371,0.025,0,0,0.0,0.0,-1.0546840875743422,-0.7031216044716506,-0.35156248310269156,WELD_FOUND
67.49,0.030413183399058654,0.03220069148810856,0.03524328712227494,0.02558307967584237,0.0,0.0,0.0352,0.0256,0,0,0.0,0.0,-1.0546840875743422,-0.7031216044716506,-0.35156248310269156,WELD_FOUND
67.54,0.030413183399058654,0.03220069148810856,0.03524328712227494,0.02558307967584237,0.0,0.0,0.0352,0.0256,0,0,0.0,0.0,-1.0546840875743422,-0.7031216044716506,-0.35156248310269156,WELD_FOUND
67.59,0.03028354748261425,0.030977946626773653,0.0349302394766303,0.025636855488598204,0.0,0.0,0.0349,0.0256,0,0,0.0,0.0,-0.7031216044716506,-0.7031216044716506,0.0,WELD_FOUND
67.64,0.03028354748261425,0.030977946626773653,0.0349302394766303,0.025636855488598204,0.0,0.0,0.0349,0.0256,0,0,0.0,0.0,-0.7031216044716506,-0.7031216044716506,0.0,WELD_FOUND
67.69,0.03025765352448874,0.03074018773510201,0.034868681684754044,0.02564662536422344,0.0,0.0,0.0349,0.0256,0,0,0.0,0.0,0.7031284346608206,-0.7031216044716506,1.4062500391324713,WELD_FOUND
67.74,0.03025765352448874,0.03074018773510201,0.034868681684754044,0.02564662536422344,0.0,0.0,0.0349,0.0256,0,0,0.0,0.0,0.7031284346608206,-0.7031216044716506,1.4062500391324713,WELD_FOUND
67.79,0.030252476061870176,0.03069141674385581,0.03485618857344855,0.025648763550291803,0.0,0.0,0.0349,0.0256,0,0,0.0,0.0,0.35156592487770283,-0.7031216044716506,1.0546875293493534,WELD_FOUND
67.84,0.030252476061870176,0.03069141674385581,0.03485618857344855,0.025648763550291803,0.0,0.0,0.0349,0.0256,0,0,0.0,0.0,0.35156592487770283,-0.7031216044716506,1.0546875293493534,WELD_FOUND
67.89,0.030251440622506724,0.03068189796322935,0.03485372531699113,0.025649155928022322,0.0,0.0,0.0349,0.0256,0,0,0.0,0.0,-0.7031216044716506,-0.7031216044716506,0.0,WELD_FOUND
67.94,0.030251440622506724,0.03068189796322935,0.03485372531699113,0.025649155928022322,0.0,0.0,0.0349,0.0256,0,0,0.0,0.0,-0.7031216044716506,-0.7031216044716506,0.0,WELD_FOUND
67.99,0.0,0.0,0.0,0.0,0.0,0.0,0.0,0.0,0,0,0.0,0.0,-0.7031216044716506,nan,nan,NO_WELD
68.041,0.0,0.0,0.0,0.0,0.0,0.0,0.0,0.0,0,0,0.0,0.0,-0.7031216044716506,nan,nan,NO_WELD
68.09,0.028448594668636064,0.046615897159526756,0.03544097924256508,0.02145621009470705,0.0,0.0,0.0354,0.0215,0,0,0.0,0.0,-1.0546840875743422,-1.0546840875743422,0.0,WELD_FOUND
68.14,0.028448594668636064,0.046615897159526756,0.03544097924256508,0.02145621009470705,0.0,0.0,0.0354,0.0215,0,0,0.0,0.0,-1.0546840875743422,-1.0546840875743422,0.0,WELD_FOUND
68.19,0.028448594668636064,0.046615897159526756,0.03544097924256508,0.02145621009470705,0.0,0.0,0.0354,0.0215,0,0,0.0,0.0,-1.0546840875743422,-1.0546840875743422,0.0,WELD_FOUND
68.24,0.028094671512100725,0.046869947806646384,0.035125163683097683,0.021064179341103766,0.0,0.0,0.0351,0.0211,0,0,0.0,0.0,-1.0546840875743422,-1.0546840875743422,0.0,WELD_FOUND
68.29,0.028094671512100725,0.046869947806646384,0.035125163683097683,0.021064179341103766,0.0,0.0,0.0351,0.0211,0,0,0.0,0.0,-1.0546840875743422,nan,nan,NO_WELD
68.34,0.0,0.0,0.0,0.0,0.0,0.0,0.0,0.0,0,0,0.0,0.0,-1.0546840875743422,nan,nan,NO_WELD
68.39,0.0,0.0,0.0,0.0,0.0,0.0,0.0,0.0,0,0,0.0,0.0,-1.0546840875743422,nan,nan,NO_WELD
68.44,0.0,0.0,0.0,0.0,0.0,0.0,0.0,0.0,0,0,0.0,0.0,-1.0546840875743422,nan,nan,NO_WELD
68.49,0.0,0.0,0.0,0.0,0.0,0.0,0.0,0.0,0,0,0.0,0.0,1.4062534542270564,nan,nan,NO_WELD
68.54,0.028876081986126918,-0.05,0.021376081986126918,0.03637608198612692,0.0,0.0,0.0214,0.0364,0,0,0.0,0.0,1.4062534542270564,1.4062534542270564,0.0,WELD_FOUND
68.59,0.028876081986126918,-0.05,0.021376081986126918,0.03637608198612692,0.0,0.0,0.0214,0.0364,0,0,0.0,0.0,1.4062534542270564,1.4062534542270564,0.0,WELD_FOUND
68.64,0.028179348116087813,-0.047680431864683195,0.021027283336385334,0.035331412895790296,0.0,0.0,0.021,0.0353,0,0,0.0,0.0,0.7031284346608206,1.054690917763512,-0.35156248310269134,WELD_FOUND
68.69,0.028179348116087813,-0.047680431864683195,0.021027283336385334,0.035331412895790296,0.0,0.0,0.021,0.0353,0,0,0.0,0.0,0.7031284346608206,1.054690917763512,-0.35156248310269134,WELD_FOUND
68.74,0.026306514735769764,-0.06599798366876394,0.016406817185455173,0.03620621228608435,0.0,0.0,0.0164,0.0362,0,0,0.0,0.0,1.7578159906906006,1.4062534542270564,0.3515625364635442,WELD_FOUND
68.79,0.026306514735769764,-0.06599798366876394,0.016406817185455173,0.03620621228608435,0.0,0.0,0.0164,0.0362,0,0,0.0,0.0,1.7578159906906006,1.4062534542270564,0.3515625364635442,WELD_FOUND
68.84,0.0,0.0,0.0,0.0,0.0,0.0,0.0,0.0,0,0,0.0,0.0,1.7578159906906006,nan,nan,NO_WELD
68.89,0.0,0.0,0.0,0.0,0.0,0.0,0.0,0.0,0,0,0.0,0.0,1.7578159906906006,nan,nan,NO_WELD
68.94,0.035,0.0,0.035,0.035,0.0,0.0,0.035,0.035,0,0,0.0,0.0,3.4150945850063755e-06,3.4150945850063755e-06,0.0,WELD_FOUND
68.99,0.035,0.0,0.035,0.035,0.0,0.0,0.035,0.035,0,0,0.0,0.0,3.4150945850063755e-06,3.4150945850063755e-06,0.0,WELD_FOUND
69.041,0.0,0.0,0.0,0.0,0.0,0.0,0.0,0.0,0,0,0.0,0.0,3.4150945850063755e-06,nan,nan,NO_WELD
69.09,0.0,0.0,0.0,0.0,0.0,0.0,0.0,0.0,0,0,0.0,0.0,3.4150945850063755e-06,nan,nan,NO_WELD
69.14,0.035,0.0,0.035,0.035,0.0,0.0,0.035,0.035,0,0,0.0,0.0,3.4150945850063755e-06,3.4150945850063755e-06,0.0,WELD_FOUND
69.19,0.035,0.0,0.035,0.035,0.0,0.0,0.035,0.035,0,0,0.0,0.0,3.4150945850063755e-06,3.4150945850063755e-06,0.0,WELD_FOUND
69.24,0.0,0.0,0.0,0.0,0.0,0.0,0.0,0.0,0,0,0.0,0.0,3.4150945850063755e-06,nan,nan,NO_WELD
69.29,0.0,0.0,0.0,0.0,0.0,0.0,0.0,0.0,0,0,0.0,0.0,3.4150945850063755e-06,nan,nan,NO_WELD
69.34,0.02941119901515142,0.04714936186861913,0.03648360329544429,0.02233879473485855,0.0,0.0,0.0365,0.0223,0,0,0.0,0.0,-1.0546840875743422,-1.0546840875743422,0.0,WELD_FOUND
69.39,0.02941119901515142,0.04714936186861913,0.03648360329544429,0.02233879473485855,0.0,0.0,0.0365,0.0223,0,0,0.0,0.0,-1.0546840875743422,-1.0546840875743422,0.0,WELD_FOUND
69.44,0.028284719806141053,0.048756130638250884,0.035598139401878684,0.020971300210403422,0.0,0.0,0.0356,0.021,0,0,0.0,0.0,-1.0546840875743422,-1.0546840875743422,0.0,WELD_FOUND
69.49,0.028284719806141053,0.048756130638250884,0.035598139401878684,0.020971300210403422,0.0,0.0,0.0356,0.021,0,0,0.0,0.0,-1.0546840875743422,-1.0546840875743422,0.0,WELD_FOUND
69.54,0.028062063477960763,0.04655301308715741,0.035045015441034374,0.02107911151488715,0.0,0.0,0.035,0.0211,0,0,0.0,0.0,-1.0546840875743422,-1.0546840875743422,0.0,WELD_FOUND
69.59,0.028062063477960763,0.04655301308715741,0.035045015441034374,0.02107911151488715,0.0,0.0,0.035,0.0211,0,0,0.0,0.0,-1.0546840875743422,-1.0546840875743422,0.0,WELD_FOUND
69.64,0.0,0.0,0.0,0.0,0.0,0.0,0.0,0.0,0,0,0.0,0.0,-1.0546840875743422,nan,nan,NO_WELD
69.69,0.0,0.0,0.0,0.0,0.0,0.0,0.0,0.0,0,0,0.0,0.0,-1.0546840875743422,nan,nan,NO_WELD
69.74,0.035,0.0,0.035,0.035,0.0,0.0,0.035,0.035,0,0,0.0,0.0,3.4150945850063755e-06,3.4150945850063755e-06,0.0,WELD_FOUND
69.79,0.035,0.0,0.035,0.035,0.0,0.0,0.035,0.035,0,0,0.0,0.0,3.4150945850063755e-06,3.4150945850063755e-06,0.0,WELD_FOUND
69.84,0.0,0.0,0.0,0.0,0.0,0.0,0.0,0.0,0,0,0.0,0.0,3.4150945850063755e-06,nan,nan,NO_WELD
69.89,0.0,0.0,0.0,0.0,0.0,0.0,0.0,0.0,0,0,0.0,0.0,3.4150945850063755e-06,nan,nan,NO_WELD
69.94,0.032774976197719144,0.018291243815771845,0.03551866277008492,0.03003128962535337,0.0,0.0,0.0355,0.03,0,0,0.0,0.0,-0.35155909468853286,-0.35155909468853286,0.0,WELD_FOUND
69.99,0.032774976197719144,0.018291243815771845,0.03551866277008492,0.03003128962535337,0.0,0.0,0.0355,0.03,0,0,0.0,0.0,-0.35155909468853286,-0.35155909468853286,0.0,WELD_FOUND
70.041,0.035,0.0,0.035,0.035,0.0,0.0,0.035,0.035,0,0,0.0,0.0,0.35156592487770283,3.4150945850063755e-06,0.3515625097831178,WELD_FOUND
70.09,0.035,0.0,0.035,0.035,0.0,0.0,0.035,0.035,0,0,0.0,0.0,0.35156592487770283,3.4150945850063755e-06,0.3515625097831178,WELD_FOUND
70.14,0.035,0.0,0.035,0.035,0.0,0.0,0.035,0.035,0,0,0.0,0.0,3.4150945850063755e-06,3.4150945850063755e-06,0.0,WELD_FOUND
70.19,0.035,0.0,0.035,0.035,0.0,0.0,0.035,0.035,0,0,0.0,0.0,3.4150945850063755e-06,3.4150945850063755e-06,0.0,WELD_FOUND
70.24,0.035,0.0,0.035,0.035,0.0,0.0,0.035,0.035,0,0,0.0,0.0,-0.7031216044716506,-0.17577783979697392,-0.5273437646746767,WELD_FOUND
70.29,0.035,0.0,0.035,0.035,0.0,0.0,0.035,0.035,0,0,0.0,0.0,-0.7031216044716506,-0.17577783979697392,-0.5273437646746767,WELD_FOUND
70.34,0.0,0.0,0.0,0.0,0.0,0.0,0.0,0.0,0,0,0.0,0.0,-0.7031216044716506,nan,nan,NO_WELD
70.39,0.0,0.0,0.0,0.0,0.0,0.0,0.0,0.0,0,0,0.0,0.0,-0.7031216044716506,nan,nan,NO_WELD
70.44,0.03325405397198721,-0.01433108172099786,0.031104391713837533,0.03540371623013689,0.0,0.0,0.0311,0.0354,0,0,0.0,0.0,0.35156592487770283,0.35156592487770283,0.0,WELD_FOUND
70.49,0.03325405397198721,-0.01433108172099786,0.031104391713837533,0.03540371623013689,0.0,0.0,0.0311,0.0354,0,0,0.0,0.0,0.35156592487770283,0.35156592487770283,0.0,WELD_FOUND
70.54,0.032716100872054996,-0.01655034040336296,0.03023354981155055,0.03519865193255944,0.0,0.0,0.0302,0.0352,0,0,0.0,0.0,0.35156592487770283,0.35156592487770283,0.0,WELD_FOUND
70.59,0.032716100872054996,-0.01655034040336296,0.03023354981155055,0.03519865193255944,0.0,0.0,0.0302,0.0352,0,0,0.0,0.0,0.35156592487770283,0.35156592487770283,0.0,WELD_FOUND
70.64,0.03260903666892981,-0.015574983285478943,0.030272789176107966,0.03494528416175165,0.0,0.0,0.0303,0.0349,0,0,0.0,0.0,-0.7031216044716506,0.35156592487770283,-1.0546875293493534,WELD_FOUND
70.69,0.03260903666892981,-0.015574983285478943,0.030272789176107966,0.03494528416175165,0.0,0.0,0.0303,0.0349,0,0,0.0,0.0,-0.7031216044716506,0.35156592487770283,-1.0546875293493534,WELD_FOUND
70.74,0.0,0.0,0.0,0.0,0.0,0.0,0.0,0.0,0,0,0.0,0.0,-0.7031216044716506,nan,nan,NO_WELD
70.79,0.0,0.0,0.0,0.0,0.0,0.0,0.0,0.0,0,0,0.0,0.0,-0.7031216044716506,nan,nan,NO_WELD
70.84,0.035,0.0,0.035,0.035,0.0,0.0,0.035,0.035,0,0,0.0,0.0,3.4150945850063755e-06,3.4150945850063755e-06,0.0,WELD_FOUND
70.89,0.035,0.0,0.035,0.035,0.0,0.0,0.035,0.035,0,0,0.0,0.0,3.4150945850063755e-06,3.4150945850063755e-06,0.0,WELD_FOUND
70.94,0.0,0.0,0.0,0.0,0.0,0.0,0.0,0.0,0,0,0.0,0.0,3.4150945850063755e-06,nan,nan,NO_WELD
70.99,0.0,0.0,0.0,0.0,0.0,0.0,0.0,0.0,0,0,0.0,0.0,3.4150945850063755e-06,nan,nan,NO_WELD
71.041,0.022653595548565775,0.05,0.030153595548565774,0.015153595548565775,0.0,0.0,0.0302,0.0152,0,0,0.0,0.0,-2.460934233428519,-2.460934233428519,0.0,WELD_FOUND
71.09,0.022653595548565775,0.05,0.030153595548565774,0.015153595548565775,0.0,0.0,0.0302,0.0152,0,0,0.0,0.0,-2.460934233428519,-2.460934233428519,0.0,WELD_FOUND
71.14,0.024364367110610977,0.06454742930236712,0.03404648150596604,0.014682252715255908,0.0,0.0,0.034,0.0147,0,0,0.0,0.0,-0.7031216044716506,-1.5820278389088056,0.878906234437155,WELD_FOUND
71.19,0.024364367110610977,0.06454742930236712,0.03404648150596604,0.014682252715255908,0.0,0.0,0.034,0.0147,0,0,0.0,0.0,-0.7031216044716506,-1.5820278389088056,0.878906234437155,WELD_FOUND
71.24,0.022294757512342694,0.09741185291532019,0.03690653544964072,0.007682979575044668,0.0,0.0,0.0369,0.0077,0,0,0.0,0.0,-2.1093715902432693,-2.1093715902432693,0.0,WELD_FOUND
71.29,0.022294757512342694,0.09741185291532019,0.03690653544964072,0.007682979575044668,0.0,0.0,0.0369,0.0077,0,0,0.0,0.0,-2.1093715902432693,-2.1093715902432693,0.0,WELD_FOUND
71.34,0.021891856955268536,0.09315107937446382,0.035864518861438106,0.007919195049098963,0.0,0.0,0.0359,0.0079,0,0,0.0,0.0,-2.1093715902432693,-2.1093715902432693,0.0,WELD_FOUND
71.39,0.021891856955268536,0.09315107937446382,0.035864518861438106,0.007919195049098963,0.0,0.0,0.0359,0.0079,0,0,0.0,0.0,-2.1093715902432693,-2.1093715902432693,0.0,WELD_FOUND
71.44,0.021811717698356888,0.09225648188894787,0.03565018998169907,0.007973245415014707,0.0,0.0,0.0357,0.008,0,0,0.0,0.0,-1.7578091605014305,-2.1093715902432693,0.3515624297418387,WELD_FOUND
71.49,0.021811717698356888,0.09225648188894787,0.03565018998169907,0.007973245415014707,0.0,0.0,0.0357,0.008,0,0,0.0,0.0,-1.7578091605014305,-2.1093715902432693,0.3515624297418387,WELD_FOUND
71.54,0.023377002800609097,0.07242255785634515,0.03424038647906087,0.012513619122157326,0.0,0.0,0.0342,0.0125,0,0,0.0,0.0,-0.35155909468853286,-1.7578091605014305,1.4062500658128978,WELD_FOUND
71.59,0.023377002800609097,0.07242255785634515,0.03424038647906087,0.012513619122157326,0.0,0.0,0.0342,0.0125,0,0,0.0,0.0,-0.35155909468853286,-1.7578091605014305,1.4062500658128978,WELD_FOUND
71.64,0.02369656813413049,0.07587310063401796,0.03507753322923318,0.012315603039027795,0.0,0.0,0.0351,0.0123,0,0,0.0,0.0,-0.35155909468853286,-1.7578091605014305,1.4062500658128978,WELD_FOUND
71.69,0.02369656813413049,0.07587310063401796,0.03507753322923318,0.012315603039027795,0.0,0.0,0.0351,0.0123,0,0,0.0,0.0,-0.35155909468853286,-1.7578091605014305,1.4062500658128978,WELD_FOUND
71.74,0.02887631168744494,0.02587310063401796,0.03275727678254763,0.024995346592342246,0.0,0.0,0.0328,0.025,0,0,0.0,0.0,-0.7031216044716506,-0.7031216044716506,0.0,WELD_FOUND
71.79,0.02887631168744494,0.02587310063401796,0.03275727678254763,0.024995346592342246,0.0,0.0,0.0328,0.025,0,0,0.0,0.0,-0.7031216044716506,-0.7031216044716506,0.0,WELD_FOUND
71.84,0.03182324312334076,0.008418017693194448,0.03308594577731993,0.030560540469361595,0.0,0.0,0.0331,0.0306,0,0,0.0,0.0,3.4150945850063755e-06,-0.35155909468853286,0.35156250978311787,WELD_FOUND
71.89,0.03182324312334076,0.008418017693194448,0.03308594577731993,0.030560540469361595,0.0,0.0,0.0331,0.0306,0,0,0.0,0.0,3.4150945850063755e-06,-0.35155909468853286,0.35156250978311787,WELD_FOUND
71.94,0.032429808175705926,0.013969896865533574,0.03452529270553596,0.03033432364587589,0.0,0.0,0.0345,0.0303,0,0,0.0,0.0,3.4150945850063755e-06,-0.35155909468853286,0.35156250978311787,WELD_FOUND
71.99,0.032429808175705926,0.013969896865533574,0.03452529270553596,0.03033432364587589,0.0,0.0,0.0345,0.0303,0,0,0.0,0.0,3.4150945850063755e-06,-0.35155909468853286,0.35156250978311787,WELD_FOUND
72.041,0.035,0.0,0.035,0.035,0.0,0.0,0.035,0.035,0,0,0.0,0.0,3.4150945850063755e-06,3.4150945850063755e-06,0.0,WELD_FOUND
72.09,0.035,0.0,0.035,0.035,0.0,0.0,0.035,0.035,0,0,0.0,0.0,3.4150945850063755e-06,3.4150945850063755e-06,0.0,WELD_FOUND
72.14,0.035,0.0,0.035,0.035,0.0,0.0,0.035,0.035,0,0,0.0,0.0,0.35156592487770283,3.4150945850063755e-06,0.3515625097831178,WELD_FOUND
72.19,0.035,0.0,0.035,0.035,0.0,0.0,0.035,0.035,0,0,0.0,0.0,0.35156592487770283,3.4150945850063755e-06,0.3515625097831178,WELD_FOUND
72.24,0.0,0.0,0.0,0.0,0.0,0.0,0.0,0.0,0,0,0.0,0.0,0.35156592487770283,nan,nan,NO_WELD
72.29,0.0,0.0,0.0,0.0,0.0,0.0,0.0,0.0,0,0,0.0,0.0,0.35156592487770283,nan,nan,NO_WELD
72.34,0.0,0.0,0.0,0.0,0.0,0.0,0.0,0.0,0,0,0.0,0.0,0.35156592487770283,nan,nan,NO_WELD
72.39,0.0,0.0,0.0,0.0,0.0,0.0,0.0,0.0,0,0,0.0,0.0,0.35156592487770283,nan,nan,NO_WELD
72.44,0.033038597444079415,0.014856529125766418,0.03526707681294438,0.030810118075214454,0.0,0.0,0.0353,0.0308,0,0,0.0,0.0,-0.35155909468853286,-0.35155909468853286,0.0,WELD_FOUND
72.49,0.033038597444079415,0.014856529125766418,0.03526707681294438,0.030810118075214454,0.0,0.0,0.0353,0.0308,0,0,0.0,0.0,-0.35155909468853286,-0.35155909468853286,0.0,WELD_FOUND
72.54,0.0,0.0,0.0,0.0,0.0,0.0,0.0,0.0,0,0,0.0,0.0,-0.35155909468853286,nan,nan,NO_WELD
72.59,0.0,0.0,0.0,0.0,0.0,0.0,0.0,0.0,0,0,0.0,0.0,-0.35155909468853286,nan,nan,NO_WELD
72.64,0.035,0.0,0.035,0.035,0.0,0.0,0.035,0.035,0,0,0.0,0.0,3.4150945850063755e-06,3.4150945850063755e-06,0.0,WELD_FOUND
72.69,0.035,0.0,0.035,0.035,0.0,0.0,0.035,0.035,0,0,0.0,0.0,3.4150945850063755e-06,3.4150945850063755e-06,0.0,WELD_FOUND
72.74,0.035,0.0,0.035,0.035,0.0,0.0,0.035,0.035,0,0,0.0,0.0,0.35156592487770283,0.17578466998614392,0.1757812548915589,WELD_FOUND
72.79,0.035,0.0,0.035,0.035,0.0,0.0,0.035,0.035,0,0,0.0,0.0,0.35156592487770283,0.17578466998614392,0.1757812548915589,WELD_FOUND
72.84,0.035,0.0,0.035,0.035,0.0,0.0,0.035,0.035,0,0,0.0,0.0,3.4150945850063755e-06,3.4150945850063755e-06,0.0,WELD_FOUND
72.89,0.035,0.0,0.035,0.035,0.0,0.0,0.035,0.035,0,0,0.0,0.0,3.4150945850063755e-06,3.4150945850063755e-06,0.0,WELD_FOUND
72.94,0.035,0.0,0.035,0.035,0.0,0.0,0.035,0.035,0,0,0.0,0.0,1.7578159906906006,0.17578466998614392,1.5820313207044567,WELD_FOUND
72.99,0.035,0.0,0.035,0.035,0.0,0.0,0.035,0.035,0,0,0.0,0.0,1.7578159906906006,0.17578466998614392,1.5820313207044567,WELD_FOUND
73.041,0.032860837303701436,-0.02160830233237679,0.029619591953844917,0.03610208265355795,0.0,0.0,0.0296,0.0361,0,0,0.0,0.0,2.109378420432439,0.35156592487770283,1.7578124955547363,WELD_FOUND
73.09,0.032860837303701436,-0.02160830233237679,0.029619591953844917,0.03610208265355795,0.0,0.0,0.0296,0.0361,0,0,0.0,0.0,2.109378420432439,0.35156592487770283,1.7578124955547363,WELD_FOUND
73.14,0.02894634151904497,-0.0548390406388379,0.020720485423219286,0.03717219761487066,0.0,0.0,0.0207,0.0372,0,0,0.0,0.0,1.054690917763512,1.054690917763512,0.0,WELD_FOUND
73.19,0.02894634151904497,-0.0548390406388379,0.020720485423219286,0.03717219761487066,0.0,0.0,0.0207,0.0372,0,0,0.0,0.0,1.054690917763512,1.054690917763512,0.0,WELD_FOUND
73.24,0.0,0.0,0.0,0.0,0.0,0.0,0.0,0.0,0,0,0.0,0.0,1.054690917763512,nan,nan,NO_WELD
73.29,0.0,0.0,0.0,0.0,0.0,0.0,0.0,0.0,0,0,0.0,0.0,1.054690917763512,nan,nan,NO_WELD
73.34,0.026453939187346044,-0.05,0.018953939187346044,0.033953939187346044,0.0,0.0,0.019,0.034,0,0,0.0,0.0,1.4062534542270564,1.4062534542270564,0.0,WELD_FOUND
73.39,0.026453939187346044,-0.05,0.018953939187346044,0.033953939187346044,0.0,0.0,0.019,0.034,0,0,0.0,0.0,1.4062534542270564,1.4062534542270564,0.0,WELD_FOUND
73.44,0.030381542691301815,-0.01356031978122595,0.028347494724117923,0.032415590658485705,0.0,0.0,0.0283,0.0324,0,0,0.0,0.0,-0.35155909468853286,0.5273471664290486,-0.8789062611175814,WELD_FOUND
73.49,0.030381542691301815,-0.01356031978122595,0.028347494724117923,0.032415590658485705,0.0,0.0,0.0283,0.0324,0,0,0.0,0.0,-0.35155909468853286,0.5273471664290486,-0.8789062611175814,WELD_FOUND
73.54,0.035,0.0,0.035,0.035,0.0,0.0,0.035,0.035,0,0,0.0,0.0,-0.35155909468853286,-0.35155909468853286,0.0,WELD_FOUND
73.59,0.035,0.0,0.035,0.035,0.0,0.0,0.035,0.035,0,0,0.0,0.0,-0.35155909468853286,-0.35155909468853286,0.0,WELD_FOUND
73.64,0.033255989985307065,-0.017524229266993076,0.0306273555952581,0.03588462437535603,0.0,0.0,0.0306,0.0359,0,0,0.0,0.0,1.054690917763512,0.35156592487770283,0.7031249928858092,WELD_FOUND
73.69,0.033255989985307065,-0.017524229266993076,0.0306273555952581,0.03588462437535603,0.0,0.0,0.0306,0.0359,0,0,0.0,0.0,1.054690917763512,0.35156592487770283,0.7031249928858092,WELD_FOUND
73.74,0.0,0.0,0.0,0.0,0.0,0.0,0.0,0.0,0,0,0.0,0.0,1.054690917763512,nan,nan,NO_WELD
73.79,0.0,0.0,0.0,0.0,0.0,0.0,0.0,0.0,0,0,0.0,0.0,1.054690917763512,nan,nan,NO_WELD
73.84,0.016450608904708414,-0.05,0.008950608904708415,0.023950608904708414,0.0,0.0,0.009,0.024,0,0,0.0,0.0,3.8671912094718666,3.8671912094718666,0.0,WELD_FOUND
73.89,0.016450608904708414,-0.05,0.008950608904708415,0.023950608904708414,0.0,0.0,0.009,0.024,0,0,0.0,0.0,3.8671912094718666,3.8671912094718666,0.0,WELD_FOUND
73.94,0.0,0.0,0.0,0.0,0.0,0.0,0.0,0.0,0,0,0.0,0.0,3.8671912094718666,nan,nan,NO_WELD
73.99,0.0,0.0,0.0,0.0,0.0,0.0,0.0,0.0,0,0,0.0,0.0,3.8671912094718666,nan,nan,NO_WELD
74.041,0.0,0.0,0.0,0.0,0.0,0.0,0.0,0.0,0,0,0.0,0.0,3.8671912094718666,nan,nan,NO_WELD
74.09,0.0,0.0,0.0,0.0,0.0,0.0,0.0,0.0,0,0,0.0,0.0,3.8671912094718666,nan,nan,NO_WELD
74.14,0.0,0.0,0.0,0.0,0.0,0.0,0.0,0.0,0,0,0.0,0.0,3.8671912094718666,nan,nan,NO_WELD
74.19,0.0,0.0,0.0,0.0,0.0,0.0,0.0,0.0,0,0,0.0,0.0,3.8671912094718666,nan,nan,NO_WELD
74.24,0.0,0.0,0.0,0.0,0.0,0.0,0.0,0.0,0,0,0.0,0.0,3.8671912094718666,nan,nan,NO_WELD
74.29,0.0,0.0,0.0,0.0,0.0,0.0,0.0,0.0,0,0,0.0,0.0,3.8671912094718666,nan,nan,NO_WELD
74.34,0.0,0.0,0.0,0.0,0.0,0.0,0.0,0.0,0,0,0.0,0.0,4.218753425770293,4.218753425770293,0.0,WELD_FOUND
74.39,0.0,0.0,0.0,0.0,0.0,0.0,0.0,0.0,0,0,0.0,0.0,4.218753425770293,4.218753425770293,0.0,WELD_FOUND
74.44,0.010997434244482596,-0.05,0.0034974342444825963,0.018497434244482594,0.0,0.0,0.0035,0.0185,0,0,0.0,0.0,4.5703160689555435,4.394534747362918,0.17578132159262516,WELD_FOUND
74.49,0.010997434244482596,-0.05,0.0034974342444825963,0.018497434244482594,0.0,0.0,0.0035,0.0185,0,0,0.0,0.0,4.5703160689555435,4.394534747362918,0.17578132159262516,WELD_FOUND
74.54,0.0,0.0,0.0,0.0,0.0,0.0,0.0,0.0,0,0,0.0,0.0,4.5703160689555435,nan,nan,NO_WELD
74.59,0.0,0.0,0.0,0.0,0.0,0.0,0.0,0.0,0,0,0.0,0.0,4.5703160689555435,nan,nan,NO_WELD
74.64,0.011556143847379314,-0.05,0.004056143847379314,0.019056143847379314,0.0,0.0,0.0041,0.0191,0,0,0.0,0.0,4.218753425770293,4.218753425770293,0.0,WELD_FOUND
74.69,0.011556143847379314,-0.05,0.004056143847379314,0.019056143847379314,0.0,0.0,0.0041,0.0191,0,0,0.0,0.0,4.218753425770293,4.218753425770293,0.0,WELD_FOUND
74.74,0.008508320892448391,-0.1,-0.0064916791075516084,0.023508320892448392,0.0,0.0,-0.0065,0.0235,0,0,0.0,0.0,6.328128431108148,5.2734409284392205,1.0546875026689273,WELD_FOUND
74.79,0.008508320892448391,-0.1,-0.0064916791075516084,0.023508320892448392,0.0,0.0,-0.0065,0.0235,0,0,0.0,0.0,6.328128431108148,5.2734409284392205,1.0546875026689273,WELD_FOUND
74.84,0.006188238069746977,-0.15000000000000002,-0.016311761930253025,0.02868823806974698,0.0,0.0,-0.0163,0.0287,0,0,0.0,0.0,5.97656621480972,5.97656621480972,0.0,WELD_FOUND
74.89,0.006188238069746977,-0.15000000000000002,-0.016311761930253025,0.02868823806974698,0.0,0.0,-0.0163,0.0287,0,0,0.0,0.0,5.97656621480972,5.97656621480972,0.0,WELD_FOUND
74.94,0.0,0.0,0.0,0.0,0.0,0.0,0.0,0.0,0,0,0.0,0.0,5.97656621480972,nan,nan,NO_WELD
74.99,0.0,0.0,0.0,0.0,0.0,0.0,0.0,0.0,0,0,0.0,0.0,5.97656621480972,nan,nan,NO_WELD
75.041,0.010456871746276988,-0.05,0.002956871746276988,0.017956871746276987,0.0,0.0,0.003,0.018,0,0,0.0,0.0,4.218753425770293,4.218753425770293,0.0,WELD_FOUND
75.09,0.010456871746276988,-0.05,0.002956871746276988,0.017956871746276987,0.0,0.0,0.003,0.018,0,0,0.0,0.0,4.218753425770293,4.218753425770293,0.0,WELD_FOUND
75.14,0.008316058927085545,-0.1,-0.0066839410729144545,0.023316058927085544,0.0,0.0,-0.0067,0.0233,0,0,0.0,0.0,6.328128431108148,5.2734409284392205,1.0546875026689273,WELD_FOUND
75.19,0.008316058927085545,-0.1,-0.0066839410729144545,0.023316058927085544,0.0,0.0,-0.0067,0.0233,0,0,0.0,0.0,6.328128431108148,5.2734409284392205,1.0546875026689273,WELD_FOUND
75.24,0.0,0.0,0.0,0.0,0.0,0.0,0.0,0.0,0,0,0.0,0.0,6.328128431108148,nan,nan,NO_WELD
75.29,0.0,0.0,0.0,0.0,0.0,0.0,0.0,0.0,0,0,0.0,0.0,6.328128431108148,nan,nan,NO_WELD
75.34,0.005,-0.05,-0.0024999999999999996,0.0125,0.0,0.0,-0.0025,0.0125,0,0,0.0,0.0,6.679691074293397,6.679691074293397,0.0,WELD_FOUND
75.39,0.005,-0.05,-0.0024999999999999996,0.0125,0.0,0.0,-0.0025,0.0125,0,0,0.0,0.0,6.679691074293397,6.679691074293397,0.0,WELD_FOUND
75.44,0.0,0.0,0.0,0.0,0.0,0.0,0.0,0.0,0,0,0.0,0.0,6.679691074293397,nan,nan,NO_WELD
75.49,0.0,0.0,0.0,0.0,0.0,0.0,0.0,0.0,0,0,0.0,0.0,6.679691074293397,nan,nan,NO_WELD
75.54,0.0,0.0,0.0,0.0,0.0,0.0,0.0,0.0,0,0,0.0,0.0,6.679691074293397,nan,nan,NO_WELD
75.59,0.0,0.0,0.0,0.0,0.0,0.0,0.0,0.0,0,0,0.0,0.0,6.679691074293397,nan,nan,NO_WELD
75.64,0.0,0.0,0.0,0.0,0.0,0.0,0.0,0.0,0,0,0.0,0.0,6.679691074293397,nan,nan,NO_WELD
75.69,0.0,0.0,0.0,0.0,0.0,0.0,0.0,0.0,0,0,0.0,0.0,6.679691074293397,nan,nan,NO_WELD
75.74,0.0,0.0,0.0,0.0,0.0,0.0,0.0,0.0,0,0,0.0,0.0,6.679691074293397,nan,nan,NO_WELD
75.79,0.0,0.0,0.0,0.0,0.0,0.0,0.0,0.0,0,0,0.0,0.0,6.679691074293397,nan,nan,NO_WELD
75.84,0.0,0.0,0.0,0.0,0.0,0.0,0.0,0.0,0,0,0.0,0.0,6.679691074293397,nan,nan,NO_WELD
75.89,0.0,0.0,0.0,0.0,0.0,0.0,0.0,0.0,0,0,0.0,0.0,6.679691074293397,nan,nan,NO_WELD
75.94,0.0,0.0,0.0,0.0,0.0,0.0,0.0,0.0,0,0,0.0,0.0,6.679691074293397,nan,nan,NO_WELD
75.99,0.0,0.0,0.0,0.0,0.0,0.0,0.0,0.0,0,0,0.0,0.0,6.679691074293397,nan,nan,NO_WELD
76.041,0.0,0.0,0.0,0.0,0.0,0.0,0.0,0.0,0,0,0.0,0.0,4.218753425770293,4.218753425770293,0.0,WELD_FOUND
76.09,0.0,0.0,0.0,0.0,0.0,0.0,0.0,0.0,0,0,0.0,0.0,4.218753425770293,4.218753425770293,0.0,WELD_FOUND
76.14,0.0,0.0,0.0,0.0,0.0,0.0,0.0,0.0,0,0,0.0,0.0,4.218753425770293,nan,nan,NO_WELD
76.19,0.0,0.0,0.0,0.0,0.0,0.0,0.0,0.0,0,0,0.0,0.0,4.218753425770293,nan,nan,NO_WELD
76.24,0.0,0.0,0.0,0.0,0.0,0.0,0.0,0.0,0,0,0.0,0.0,7.031253717478648,7.031253717478648,0.0,WELD_FOUND
76.29,0.005,-0.05,-0.0024999999999999996,0.0125,0.0,0.0,-0.0025,0.0125,0,0,0.0,0.0,7.031253717478648,7.031253717478648,0.0,WELD_FOUND
76.34,0.005,-0.05,-0.0024999999999999996,0.0125,0.0,0.0,-0.0025,0.0125,0,0,0.0,0.0,7.031253717478648,nan,nan,NO_WELD
76.39,0.0,0.0,0.0,0.0,0.0,0.0,0.0,0.0,0,0,0.0,0.0,7.031253717478648,nan,nan,NO_WELD
76.44,0.0,0.0,0.0,0.0,0.0,0.0,0.0,0.0,0,0,0.0,0.0,7.031253717478648,nan,nan,NO_WELD
76.49,0.0,0.0,0.0,0.0,0.0,0.0,0.0,0.0,0,0,0.0,0.0,7.031253717478648,nan,nan,NO_WELD
76.54,0.0,0.0,0.0,0.0,0.0,0.0,0.0,0.0,0,0,0.0,0.0,7.031253717478648,nan,nan,NO_WELD
76.59,0.0,0.0,0.0,0.0,0.0,0.0,0.0,0.0,0,0,0.0,0.0,7.031253717478648,nan,nan,NO_WELD
76.64,0.0,0.0,0.0,0.0,0.0,0.0,0.0,0.0,0,0,0.0,0.0,7.031253717478648,nan,nan,NO_WELD
76.69,0.0,0.0,0.0,0.0,0.0,0.0,0.0,0.0,0,0,0.0,0.0,6.679691074293397,6.679691074293397,0.0,WELD_FOUND
76.74,0.0,0.0,0.0,0.0,0.0,0.0,0.0,0.0,0,0,0.0,0.0,6.328128431108148,6.679691074293397,-0.35156264318524943,WELD_FOUND
76.79,0.005,-0.05,-0.0024999999999999996,0.0125,0.0,0.0,-0.0025,0.0125,0,0,0.0,0.0,6.328128431108148,6.503909752700772,-0.17578132159262427,WELD_FOUND
76.84,0.005,-0.05,-0.0024999999999999996,0.0125,0.0,0.0,-0.0025,0.0125,0,0,0.0,0.0,6.328128431108148,6.503909752700772,-0.17578132159262427,WELD_FOUND
76.89,0.0,0.0,0.0,0.0,0.0,0.0,0.0,0.0,0,0,0.0,0.0,6.328128431108148,nan,nan,NO_WELD
76.94,0.0,0.0,0.0,0.0,0.0,0.0,0.0,0.0,0,0,0.0,0.0,6.328128431108148,nan,nan,NO_WELD
76.99,0.0,0.0,0.0,0.0,0.0,0.0,0.0,0.0,0,0,0.0,0.0,6.328128431108148,nan,nan,NO_WELD
77.042,0.0,0.0,0.0,0.0,0.0,0.0,0.0,0.0,0,0,0.0,0.0,6.328128431108148,nan,nan,NO_WELD
77.09,0.0,0.0,0.0,0.0,0.0,0.0,0.0,0.0,0,0,0.0,0.0,6.328128431108148,nan,nan,NO_WELD
77.14,0.0,0.0,0.0,0.0,0.0,0.0,0.0,0.0,0,0,0.0,0.0,6.328128431108148,nan,nan,NO_WELD
77.19,0.0,0.0,0.0,0.0,0.0,0.0,0.0,0.0,0,0,0.0,0.0,6.328128431108148,nan,nan,NO_WELD
77.24,0.0,0.0,0.0,0.0,0.0,0.0,0.0,0.0,0,0,0.0,0.0,6.328128431108148,nan,nan,NO_WELD
77.29,0.0,0.0,0.0,0.0,0.0,0.0,0.0,0.0,0,0,0.0,0.0,6.328128431108148,nan,nan,NO_WELD
77.34,0.0,0.0,0.0,0.0,0.0,0.0,0.0,0.0,0,0,0.0,0.0,6.328128431108148,nan,nan,NO_WELD
77.39,0.0,0.0,0.0,0.0,0.0,0.0,0.0,0.0,0,0,0.0,0.0,4.5703160689555435,4.5703160689555435,0.0,WELD_FOUND
77.44,0.0,0.0,0.0,0.0,0.0,0.0,0.0,0.0,0,0,0.0,0.0,4.5703160689555435,4.5703160689555435,0.0,WELD_FOUND
77.49,0.0,0.0,0.0,0.0,0.0,0.0,0.0,0.0,0,0,0.0,0.0,4.5703160689555435,nan,nan,NO_WELD
77.54,0.0,0.0,0.0,0.0,0.0,0.0,0.0,0.0,0,0,0.0,0.0,4.5703160689555435,nan,nan,NO_WELD
77.59,0.0,0.0,0.0,0.0,0.0,0.0,0.0,0.0,0,0,0.0,0.0,4.5703160689555435,nan,nan,NO_WELD
77.64,0.0,0.0,0.0,0.0,0.0,0.0,0.0,0.0,0,0,0.0,0.0,4.5703160689555435,nan,nan,NO_WELD
77.69,0.005,-0.05,-0.0024999999999999996,0.0125,0.0,0.0,-0.0025,0.0125,0,0,0.0,0.0,7.031253717478648,7.031253717478648,0.0,WELD_FOUND
77.74,0.005,-0.05,-0.0024999999999999996,0.0125,0.0,0.0,-0.0025,0.0125,0,0,0.0,0.0,7.031253717478648,7.031253717478648,0.0,WELD_FOUND
77.79,0.0,0.0,0.0,0.0,0.0,0.0,0.0,0.0,0,0,0.0,0.0,7.031253717478648,nan,nan,NO_WELD
77.84,0.0,0.0,0.0,0.0,0.0,0.0,0.0,0.0,0,0,0.0,0.0,7.031253717478648,nan,nan,NO_WELD
77.89,0.0,0.0,0.0,0.0,0.0,0.0,0.0,0.0,0,0,0.0,0.0,7.031253717478648,nan,nan,NO_WELD
77.94,0.0,0.0,0.0,0.0,0.0,0.0,0.0,0.0,0,0,0.0,0.0,7.031253717478648,nan,nan,NO_WELD
77.99,0.0,0.0,0.0,0.0,0.0,0.0,0.0,0.0,0,0,0.0,0.0,7.031253717478648,nan,nan,NO_WELD
78.041,0.0,0.0,0.0,0.0,0.0,0.0,0.0,0.0,0,0,0.0,0.0,7.031253717478648,nan,nan,NO_WELD
78.09,0.005,-0.05,-0.0024999999999999996,0.0125,0.0,0.0,-0.0025,0.0125,0,0,0.0,0.0,6.679691074293397,6.679691074293397,0.0,WELD_FOUND
78.14,0.005,-0.05,-0.0024999999999999996,0.0125,0.0,0.0,-0.0025,0.0125,0,0,0.0,0.0,6.679691074293397,6.679691074293397,0.0,WELD_FOUND
78.19,0.0,0.0,0.0,0.0,0.0,0.0,0.0,0.0,0,0,0.0,0.0,6.679691074293397,nan,nan,NO_WELD
78.24,0.0,0.0,0.0,0.0,0.0,0.0,0.0,0.0,0,0,0.0,0.0,6.679691074293397,nan,nan,NO_WELD
78.29,0.0,0.0,0.0,0.0,0.0,0.0,0.0,0.0,0,0,0.0,0.0,6.679691074293397,nan,nan,NO_WELD
78.34,0.0,0.0,0.0,0.0,0.0,0.0,0.0,0.0,0,0,0.0,0.0,6.679691074293397,nan,nan,NO_WELD
78.39,0.0,0.0,0.0,0.0,0.0,0.0,0.0,0.0,0,0,0.0,0.0,6.679691074293397,nan,nan,NO_WELD
78.44,0.0,0.0,0.0,0.0,0.0,0.0,0.0,0.0,0,0,0.0,0.0,6.679691074293397,nan,nan,NO_WELD
78.49,0.0,0.0,0.0,0.0,0.0,0.0,0.0,0.0,0,0,0.0,0.0,6.679691074293397,nan,nan,NO_WELD
78.54,0.0,0.0,0.0,0.0,0.0,0.0,0.0,0.0,0,0,0.0,0.0,6.679691074293397,nan,nan,NO_WELD
78.59,0.0,0.0,0.0,0.0,0.0,0.0,0.0,0.0,0,0,0.0,0.0,5.625003571624471,5.625003571624471,0.0,WELD_FOUND
78.64,0.0,0.0,0.0,0.0,0.0,0.0,0.0,0.0,0,0,0.0,0.0,5.625003571624471,5.625003571624471,0.0,WELD_FOUND
78.69,0.011697984183214948,-0.05,0.0041979841832149485,0.019197984183214948,0.0,0.0,0.0042,0.0192,0,0,0.0,0.0,2.812503493359528,4.218753425770293,-1.4062499324107653,WELD_FOUND
78.74,0.011697984183214948,-0.05,0.0041979841832149485,0.019197984183214948,0.0,0.0,0.0042,0.0192,0,0,0.0,0.0,2.812503493359528,4.218753425770293,-1.4062499324107653,WELD_FOUND
78.79,0.0,0.0,0.0,0.0,0.0,0.0,0.0,0.0,0,0,0.0,0.0,2.812503493359528,nan,nan,NO_WELD
78.84,0.0,0.0,0.0,0.0,0.0,0.0,0.0,0.0,0,0,0.0,0.0,2.812503493359528,nan,nan,NO_WELD
78.89,0.0,0.0,0.0,0.0,0.0,0.0,0.0,0.0,0,0,0.0,0.0,2.812503493359528,nan,nan,NO_WELD
78.94,0.0,0.0,0.0,0.0,0.0,0.0,0.0,0.0,0,0,0.0,0.0,2.812503493359528,nan,nan,NO_WELD
78.99,0.015361702872896087,-0.05,0.007861702872896087,0.022861702872896086,0.0,0.0,0.0079,0.0229,0,0,0.0,0.0,3.1640659231013664,3.1640659231013664,0.0,WELD_FOUND
79.041,0.015361702872896087,-0.05,0.007861702872896087,0.022861702872896086,0.0,0.0,0.0079,0.0229,0,0,0.0,0.0,3.1640659231013664,3.1640659231013664,0.0,WELD_FOUND
79.09,0.0,0.0,0.0,0.0,0.0,0.0,0.0,0.0,0,0,0.0,0.0,3.1640659231013664,nan,nan,NO_WELD
79.14,0.0,0.0,0.0,0.0,0.0,0.0,0.0,0.0,0,0,0.0,0.0,3.1640659231013664,nan,nan,NO_WELD
79.19,0.018940026715640056,-0.05,0.011440026715640057,0.026440026715640056,0.0,0.0,0.0114,0.0264,0,0,0.0,0.0,2.4609410636176894,2.4609410636176894,0.0,WELD_FOUND
79.24,0.018940026715640056,-0.05,0.011440026715640057,0.026440026715640056,0.0,0.0,0.0114,0.0264,0,0,0.0,0.0,2.4609410636176894,2.4609410636176894,0.0,WELD_FOUND
79.29,0.0,0.0,0.0,0.0,0.0,0.0,0.0,0.0,0,0,0.0,0.0,2.4609410636176894,nan,nan,NO_WELD
79.34,0.0,0.0,0.0,0.0,0.0,0.0,0.0,0.0,0,0,0.0,0.0,2.4609410636176894,nan,nan,NO_WELD
79.39,0.0,0.0,0.0,0.0,0.0,0.0,0.0,0.0,0,0,0.0,0.0,2.4609410636176894,nan,nan,NO_WELD
79.44,0.0,0.0,0.0,0.0,0.0,0.0,0.0,0.0,0,0,0.0,0.0,2.4609410636176894,nan,nan,NO_WELD
79.49,0.015518616452558816,-0.05,0.008018616452558816,0.023018616452558815,0.0,0.0,0.008,0.023,0,0,0.0,0.0,3.5156285662866162,3.5156285662866162,0.0,WELD_FOUND
79.54,0.015518616452558816,-0.05,0.008018616452558816,0.023018616452558815,0.0,0.0,0.008,0.023,0,0,0.0,0.0,3.5156285662866162,3.5156285662866162,0.0,WELD_FOUND
79.59,0.016862708376291335,-0.1,0.001862708376291336,0.031862708376291335,0.0,0.0,0.0019,0.0319,0,0,0.0,0.0,2.4609410636176894,2.9882848149521526,-0.5273437513344632,WELD_FOUND
79.64,0.016862708376291335,-0.1,0.001862708376291336,0.031862708376291335,0.0,0.0,0.0019,0.0319,0,0,0.0,0.0,2.4609410636176894,2.9882848149521526,-0.5273437513344632,WELD_FOUND
79.69,0.016456320586986466,-0.1393450831797734,-0.004445441889979543,0.037358083063952476,0.0,0.0,-0.0044,0.0374,0,0,0.0,0.0,3.1640659231013664,3.1640659231013664,0.0,WELD_FOUND
79.74,0.016456320586986466,-0.1393450831797734,-0.004445441889979543,0.037358083063952476,0.0,0.0,-0.0044,0.0374,0,0,0.0,0.0,3.1640659231013664,3.1640659231013664,0.0,WELD_FOUND
79.79,0.015709232532423456,-0.14811555528890544,-0.00650810076091236,0.037926565825759276,0.0,0.0,-0.0065,0.0379,0,0,0.0,0.0,3.5156285662866162,3.339847244693991,0.17578132159262516,WELD_FOUND
79.84,0.015709232532423456,-0.14811555528890544,-0.00650810076091236,0.037926565825759276,0.0,0.0,-0.0065,0.0379,0,0,0.0,0.0,3.5156285662866162,3.339847244693991,0.17578132159262516,WELD_FOUND
79.89,0.0,0.0,0.0,0.0,0.0,0.0,0.0,0.0,0,0,0.0,0.0,3.5156285662866162,nan,nan,NO_WELD
79.94,0.0,0.0,0.0,0.0,0.0,0.0,0.0,0.0,0,0,0.0,0.0,3.5156285662866162,nan,nan,NO_WELD
79.99,0.01021507527562146,-0.05,0.0027150752756214605,0.01771507527562146,0.0,0.0,0.0027,0.0177,0,0,0.0,0.0,4.921878712140794,4.921878712140794,0.0,WELD_FOUND
80.041,0.01021507527562146,-0.05,0.0027150752756214605,0.01771507527562146,0.0,0.0,0.0027,0.0177,0,0,0.0,0.0,4.921878712140794,4.921878712140794,0.0,WELD_FOUND
80.09,0.010297784294511973,-0.1,-0.0047022157054880265,0.025297784294511974,0.0,0.0,-0.0047,0.0253,0,0,0.0,0.0,4.218753425770293,4.5703160689555435,-0.3515626431852503,WELD_FOUND
80.14,0.010297784294511973,-0.1,-0.0047022157054880265,0.025297784294511974,0.0,0.0,-0.0047,0.0253,0,0,0.0,0.0,4.218753425770293,4.5703160689555435,-0.3515626431852503,WELD_FOUND
80.19,0.011410806287252079,-0.15000000000000002,-0.011089193712747924,0.033910806287252085,0.0,0.0,-0.0111,0.0339,0,0,0.0,0.0,1.4062534542270564,4.218753425770293,-2.812499971543237,WELD_FOUND
80.24,0.011410806287252079,-0.15000000000000002,-0.011089193712747924,0.033910806287252085,0.0,0.0,-0.0111,0.0339,0,0,0.0,0.0,1.4062534542270564,4.218753425770293,-2.812499971543237,WELD_FOUND
80.29,0.0,0.0,0.0,0.0,0.0,0.0,0.0,0.0,0,0,0.0,0.0,1.4062534542270564,nan,nan,NO_WELD
80.34,0.0,0.0,0.0,0.0,0.0,0.0,0.0,0.0,0,0,0.0,0.0,1.4062534542270564,nan,nan,NO_WELD
80.39,0.0,0.0,0.0,0.0,0.0,0.0,0.0,0.0,0,0,0.0,0.0,1.4062534542270564,nan,nan,NO_WELD
80.44,0.0,0.0,0.0,0.0,0.0,0.0,0.0,0.0,0,0,0.0,0.0,1.4062534542270564,nan,nan,NO_WELD
80.49,0.0166247171437112,-0.05,0.0091247171437112,0.0241247171437112,0.0,0.0,0.0091,0.0241,0,0,0.0,0.0,2.812503493359528,2.812503493359528,0.0,WELD_FOUND
80.54,0.0166247171437112,-0.05,0.0091247171437112,0.0241247171437112,0.0,0.0,0.0091,0.0241,0,0,0.0,0.0,2.812503493359528,2.812503493359528,0.0,WELD_FOUND
80.59,0.0,0.0,0.0,0.0,0.0,0.0,0.0,0.0,0,0,0.0,0.0,2.812503493359528,nan,nan,NO_WELD
80.64,0.0,0.0,0.0,0.0,0.0,0.0,0.0,0.0,0,0,0.0,0.0,2.812503493359528,nan,nan,NO_WELD
80.69,0.028965287268818588,-0.010697400834002127,0.02736067714371827,0.030569897393918907,0.0,0.0,0.0274,0.0306,0,0,0.0,0.0,0.35156592487770283,0.35156592487770283,0.0,WELD_FOUND
80.74,0.028965287268818588,-0.010697400834002127,0.02736067714371827,0.030569897393918907,0.0,0.0,0.0274,0.0306,0,0,0.0,0.0,0.35156592487770283,0.35156592487770283,0.0,WELD_FOUND
80.79,0.025608625129125866,-0.06069740083400213,0.016504015004025548,0.034713235254226184,0.0,0.0,0.0165,0.0347,0,0,0.0,0.0,2.812503493359528,1.5820346690979756,1.2304688242615522,WELD_FOUND
80.84,0.025608625129125866,-0.06069740083400213,0.016504015004025548,0.034713235254226184,0.0,0.0,0.0165,0.0347,0,0,0.0,0.0,2.812503493359528,1.5820346690979756,1.2304688242615522,WELD_FOUND
80.89,0.0,0.0,0.0,0.0,0.0,0.0,0.0,0.0,0,0,0.0,0.0,2.812503493359528,nan,nan,NO_WELD
80.94,0.0,0.0,0.0,0.0,0.0,0.0,0.0,0.0,0,0,0.0,0.0,2.812503493359528,nan,nan,NO_WELD
80.99,0.0,0.0,0.0,0.0,0.0,0.0,0.0,0.0,0,0,0.0,0.0,2.812503493359528,nan,nan,NO_WELD
81.041,0.0,0.0,0.0,0.0,0.0,0.0,0.0,0.0,0,0,0.0,0.0,2.812503493359528,nan,nan,NO_WELD
81.09,0.0,0.0,0.0,0.0,0.0,0.0,0.0,0.0,0,0,0.0,0.0,2.812503493359528,nan,nan,NO_WELD
81.14,0.0,0.0,0.0,0.0,0.0,0.0,0.0,0.0,0,0,0.0,0.0,2.812503493359528,nan,nan,NO_WELD
81.19,0.0,0.0,0.0,0.0,0.0,0.0,0.0,0.0,0,0,0.0,0.0,2.812503493359528,2.812503493359528,0.0,WELD_FOUND
81.24,0.0,0.0,0.0,0.0,0.0,0.0,0.0,0.0,0,0,0.0,0.0,2.812503493359528,2.812503493359528,0.0,WELD_FOUND
81.29,0.019893093376186093,-0.05,0.012393093376186094,0.027393093376186093,0.0,0.0,0.0124,0.0274,0,0,0.0,0.0,2.109378420432439,2.4609410636176894,-0.3515626431852503,WELD_FOUND
81.34,0.019893093376186093,-0.05,0.012393093376186094,0.027393093376186093,0.0,0.0,0.0124,0.0274,0,0,0.0,0.0,2.109378420432439,2.4609410636176894,-0.3515626431852503,WELD_FOUND
81.39,0.0,0.0,0.0,0.0,0.0,0.0,0.0,0.0,0,0,0.0,0.0,2.109378420432439,nan,nan,NO_WELD
81.44,0.0,0.0,0.0,0.0,0.0,0.0,0.0,0.0,0,0,0.0,0.0,2.109378420432439,nan,nan,NO_WELD
81.49,0.0,0.0,0.0,0.0,0.0,0.0,0.0,0.0,0,0,0.0,0.0,2.109378420432439,nan,nan,NO_WELD
81.54,0.0,0.0,0.0,0.0,0.0,0.0,0.0,0.0,0,0,0.0,0.0,2.109378420432439,nan,nan,NO_WELD
81.59,0.0,0.0,0.0,0.0,0.0,0.0,0.0,0.0,0,0,0.0,0.0,2.109378420432439,nan,nan,NO_WELD
81.64,0.0,0.0,0.0,0.0,0.0,0.0,0.0,0.0,0,0,0.0,0.0,2.109378420432439,nan,nan,NO_WELD
81.69,0.0,0.0,0.0,0.0,0.0,0.0,0.0,0.0,0,0,0.0,0.0,0.35156592487770283,0.35156592487770283,0.0,WELD_FOUND
81.74,0.0,0.0,0.0,0.0,0.0,0.0,0.0,0.0,0,0,0.0,0.0,0.35156592487770283,0.35156592487770283,0.0,WELD_FOUND
81.79,0.0,0.0,0.0,0.0,0.0,0.0,0.0,0.0,0,0,0.0,0.0,0.35156592487770283,nan,nan,NO_WELD
81.84,0.0,0.0,0.0,0.0,0.0,0.0,0.0,0.0,0,0,0.0,0.0,0.35156592487770283,nan,nan,NO_WELD
81.89,0.0,0.0,0.0,0.0,0.0,0.0,0.0,0.0,0,0,0.0,0.0,0.35156592487770283,nan,nan,NO_WELD
81.94,0.0,0.0,0.0,0.0,0.0,0.0,0.0,0.0,0,0,0.0,0.0,0.35156592487770283,nan,nan,NO_WELD
81.99,0.0,0.0,0.0,0.0,0.0,0.0,0.0,0.0,0,0,0.0,0.0,0.35156592487770283,nan,nan,NO_WELD
82.041,0.0,0.0,0.0,0.0,0.0,0.0,0.0,0.0,0,0,0.0,0.0,0.35156592487770283,nan,nan,NO_WELD
82.09,0.0,0.0,0.0,0.0,0.0,0.0,0.0,0.0,0,0,0.0,0.0,0.35156592487770283,nan,nan,NO_WELD
82.14,0.0,0.0,0.0,0.0,0.0,0.0,0.0,0.0,0,0,0.0,0.0,0.35156592487770283,nan,nan,NO_WELD
82.19,0.0,0.0,0.0,0.0,0.0,0.0,0.0,0.0,0,0,0.0,0.0,3.1640659231013664,3.1640659231013664,0.0,WELD_FOUND
82.24,0.0,0.0,0.0,0.0,0.0,0.0,0.0,0.0,0,0,0.0,0.0,3.1640659231013664,3.1640659231013664,0.0,WELD_FOUND
82.29,0.0,0.0,0.0,0.0,0.0,0.0,0.0,0.0,0,0,0.0,0.0,3.1640659231013664,nan,nan,NO_WELD
82.34,0.0,0.0,0.0,0.0,0.0,0.0,0.0,0.0,0,0,0.0,0.0,3.1640659231013664,nan,nan,NO_WELD
82.39,0.0,0.0,0.0,0.0,0.0,0.0,0.0,0.0,0,0,0.0,0.0,3.1640659231013664,nan,nan,NO_WELD
82.44,0.0,0.0,0.0,0.0,0.0,0.0,0.0,0.0,0,0,0.0,0.0,3.1640659231013664,nan,nan,NO_WELD
82.49,0.028006494101859913,-0.04831008001683983,0.02075998209933394,0.035253006104385885,0.0,0.0,0.0208,0.0353,0,0,0.0,0.0,1.054690917763512,1.054690917763512,0.0,WELD_FOUND
82.54,0.028006494101859913,-0.04831008001683983,0.02075998209933394,0.035253006104385885,0.0,0.0,0.0208,0.0353,0,0,0.0,0.0,1.054690917763512,1.054690917763512,0.0,WELD_FOUND
82.59,0.0,0.0,0.0,0.0,0.0,0.0,0.0,0.0,0,0,0.0,0.0,1.054690917763512,nan,nan,NO_WELD
82.64,0.0,0.0,0.0,0.0,0.0,0.0,0.0,0.0,0,0,0.0,0.0,1.054690917763512,nan,nan,NO_WELD
82.69,0.019893093826751584,-0.05,0.012393093826751585,0.027393093826751584,0.0,0.0,0.0124,0.0274,0,0,0.0,0.0,2.812503493359528,2.812503493359528,0.0,WELD_FOUND
82.74,0.019893093826751584,-0.05,0.012393093826751585,0.027393093826751584,0.0,0.0,0.0124,0.0274,0,0,0.0,0.0,2.812503493359528,2.812503493359528,0.0,WELD_FOUND
82.79,0.018436527067267568,-0.1,0.0034365270672675682,0.03343652706726757,0.0,0.0,0.0034,0.0334,0,0,0.0,0.0,2.812503493359528,2.812503493359528,0.0,WELD_FOUND
82.84,0.018436527067267568,-0.1,0.0034365270672675682,0.03343652706726757,0.0,0.0,0.0034,0.0334,0,0,0.0,0.0,2.812503493359528,2.812503493359528,0.0,WELD_FOUND
82.89,0.0,0.0,0.0,0.0,0.0,0.0,0.0,0.0,0,0,0.0,0.0,2.812503493359528,nan,nan,NO_WELD
82.94,0.0,0.0,0.0,0.0,0.0,0.0,0.0,0.0,0,0,0.0,0.0,2.812503493359528,nan,nan,NO_WELD
82.99,0.0,0.0,0.0,0.0,0.0,0.0,0.0,0.0,0,0,0.0,0.0,2.812503493359528,nan,nan,NO_WELD
83.041,0.0,0.0,0.0,0.0,0.0,0.0,0.0,0.0,0,0,0.0,0.0,2.812503493359528,nan,nan,NO_WELD
83.09,0.0,0.0,0.0,0.0,0.0,0.0,0.0,0.0,0,0,0.0,0.0,2.812503493359528,nan,nan,NO_WELD
83.14,0.0,0.0,0.0,0.0,0.0,0.0,0.0,0.0,0,0,0.0,0.0,2.812503493359528,nan,nan,NO_WELD
83.19,0.0,0.0,0.0,0.0,0.0,0.0,0.0,0.0,0,0,0.0,0.0,2.812503493359528,nan,nan,NO_WELD
83.24,0.0,0.0,0.0,0.0,0.0,0.0,0.0,0.0,0,0,0.0,0.0,2.812503493359528,nan,nan,NO_WELD
83.29,0.0,0.0,0.0,0.0,0.0,0.0,0.0,0.0,0,0,0.0,0.0,2.812503493359528,nan,nan,NO_WELD
83.34,0.0,0.0,0.0,0.0,0.0,0.0,0.0,0.0,0,0,0.0,0.0,2.812503493359528,nan,nan,NO_WELD
83.39,0.0,0.0,0.0,0.0,0.0,0.0,0.0,0.0,0,0,0.0,0.0,2.812503493359528,nan,nan,NO_WELD
83.44,0.0,0.0,0.0,0.0,0.0,0.0,0.0,0.0,0,0,0.0,0.0,2.812503493359528,nan,nan,NO_WELD
83.49,0.0,0.0,0.0,0.0,0.0,0.0,0.0,0.0,0,0,0.0,0.0,2.812503493359528,nan,nan,NO_WELD
83.54,0.0,0.0,0.0,0.0,0.0,0.0,0.0,0.0,0,0,0.0,0.0,2.812503493359528,nan,nan,NO_WELD
83.59,0.0,0.0,0.0,0.0,0.0,0.0,0.0,0.0,0,0,0.0,0.0,2.812503493359528,nan,nan,NO_WELD
83.64,0.0,0.0,0.0,0.0,0.0,0.0,0.0,0.0,0,0,0.0,0.0,2.812503493359528,nan,nan,NO_WELD
83.69,0.0,0.0,0.0,0.0,0.0,0.0,0.0,0.0,0,0,0.0,0.0,2.812503493359528,nan,nan,NO_WELD
83.74,0.0,0.0,0.0,0.0,0.0,0.0,0.0,0.0,0,0,0.0,0.0,2.812503493359528,nan,nan,NO_WELD
83.79,0.0,0.0,0.0,0.0,0.0,0.0,0.0,0.0,0,0,0.0,0.0,2.812503493359528,nan,nan,NO_WELD
83.84,0.0,0.0,0.0,0.0,0.0,0.0,0.0,0.0,0,0,0.0,0.0,2.812503493359528,nan,nan,NO_WELD
83.89,0.0,0.0,0.0,0.0,0.0,0.0,0.0,0.0,0,0,0.0,0.0,3.5156285662866162,nan,nan,NO_WELD
83.94,0.0,0.0,0.0,0.0,0.0,0.0,0.0,0.0,0,0,0.0,0.0,3.5156285662866162,nan,nan,NO_WELD
83.99,0.0,0.0,0.0,0.0,0.0,0.0,0.0,0.0,0,0,0.0,0.0,3.8671912094718666,nan,nan,NO_WELD
84.041,0.0,0.0,0.0,0.0,0.0,0.0,0.0,0.0,0,0,0.0,0.0,3.8671912094718666,nan,nan,NO_WELD
84.09,0.0,0.0,0.0,0.0,0.0,0.0,0.0,0.0,0,0,0.0,0.0,1.4062534542270564,nan,nan,NO_WELD
84.14,0.0,0.0,0.0,0.0,0.0,0.0,0.0,0.0,0,0,0.0,0.0,1.4062534542270564,nan,nan,NO_WELD
84.19,0.0,0.0,0.0,0.0,0.0,0.0,0.0,0.0,0,0,0.0,0.0,3.8671912094718666,nan,nan,NO_WELD
84.24,0.0,0.0,0.0,0.0,0.0,0.0,0.0,0.0,0,0,0.0,0.0,3.8671912094718666,nan,nan,NO_WELD
84.29,0.0,0.0,0.0,0.0,0.0,0.0,0.0,0.0,0,0,0.0,0.0,-1.7578091605014305,nan,nan,NO_WELD
84.34,0.0,0.0,0.0,0.0,0.0,0.0,0.0,0.0,0,0,0.0,0.0,-1.7578091605014305,nan,nan,NO_WELD
84.39,0.0,0.0,0.0,0.0,0.0,0.0,0.0,0.0,0,0,0.0,0.0,1.4062534542270564,nan,nan,NO_WELD
84.44,0.0,0.0,0.0,0.0,0.0,0.0,0.0,0.0,0,0,0.0,0.0,1.4062534542270564,nan,nan,NO_WELD
84.49,0.0,0.0,0.0,0.0,0.0,0.0,0.0,0.0,0,0,0.0,0.0,-8.789059249442081,nan,nan,NO_WELD
84.54,0.0,0.0,0.0,0.0,0.0,0.0,0.0,0.0,0,0,0.0,0.0,-8.789059249442081,nan,nan,NO_WELD
84.59,0.0,0.0,0.0,0.0,0.0,0.0,0.0,0.0,0,0,0.0,0.0,-2.1093715902432693,nan,nan,NO_WELD
84.64,0.0,0.0,0.0,0.0,0.0,0.0,0.0,0.0,0,0,0.0,0.0,-2.1093715902432693,nan,nan,NO_WELD
84.69,0.0,0.0,0.0,0.0,0.0,0.0,0.0,0.0,0,0,0.0,0.0,-1.0546840875743422,nan,nan,NO_WELD
84.74,0.0,0.0,0.0,0.0,0.0,0.0,0.0,0.0,0,0,0.0,0.0,-1.0546840875743422,nan,nan,NO_WELD
84.79,0.0,0.0,0.0,0.0,0.0,0.0,0.0,0.0,0,0,0.0,0.0,-8.789059249442081,nan,nan,NO_WELD
84.84,0.0,0.0,0.0,0.0,0.0,0.0,0.0,0.0,0,0,0.0,0.0,-8.789059249442081,nan,nan,NO_WELD
84.89,0.0,0.0,0.0,0.0,0.0,0.0,0.0,0.0,0,0,0.0,0.0,-8.43749660625683,nan,nan,NO_WELD
84.94,0.0,0.0,0.0,0.0,0.0,0.0,0.0,0.0,0,0,0.0,0.0,-8.43749660625683,nan,nan,NO_WELD
84.99,0.0,0.0,0.0,0.0,0.0,0.0,0.0,0.0,0,0,0.0,0.0,5.625003571624471,nan,nan,NO_WELD
85.041,0.0,0.0,0.0,0.0,0.0,0.0,0.0,0.0,0,0,0.0,0.0,5.625003571624471,nan,nan,NO_WELD
85.09,0.0,0.0,0.0,0.0,0.0,0.0,0.0,0.0,0,0,0.0,0.0,-7.7343721736599775,nan,nan,NO_WELD
85.14,0.0,0.0,0.0,0.0,0.0,0.0,0.0,0.0,0,0,0.0,0.0,-7.7343721736599775,nan,nan,NO_WELD
85.19,0.0,0.0,0.0,0.0,0.0,0.0,0.0,0.0,0,0,0.0,0.0,-7.7343721736599775,nan,nan,NO_WELD
85.24,0.0,0.0,0.0,0.0,0.0,0.0,0.0,0.0,0,0,0.0,0.0,-8.085933963071582,nan,nan,NO_WELD
85.29,0.0,0.0,0.0,0.0,0.0,0.0,0.0,0.0,0,0,0.0,0.0,-8.085933963071582,nan,nan,NO_WELD
85.34,0.0,0.0,0.0,0.0,0.0,0.0,0.0,0.0,0,0,0.0,0.0,2.812503493359528,nan,nan,NO_WELD
85.39,0.0,0.0,0.0,0.0,0.0,0.0,0.0,0.0,0,0,0.0,0.0,2.812503493359528,nan,nan,NO_WELD
85.44,0.0,0.0,0.0,0.0,0.0,0.0,0.0,0.0,0,0,0.0,0.0,2.812503493359528,nan,nan,NO_WELD
85.49,0.0,0.0,0.0,0.0,0.0,0.0,0.0,0.0,0,0,0.0,0.0,2.812503493359528,nan,nan,NO_WELD
85.54,0.0,0.0,0.0,0.0,0.0,0.0,0.0,0.0,0,0,0.0,0.0,-10.195308968409435,nan,nan,NO_WELD
85.59,0.0,0.0,0.0,0.0,0.0,0.0,0.0,0.0,0,0,0.0,0.0,-10.195308968409435,nan,nan,NO_WELD
85.64,0.0,0.0,0.0,0.0,0.0,0.0,0.0,0.0,0,0,0.0,0.0,-9.492184535812582,nan,nan,NO_WELD
85.69,0.0,0.0,0.0,0.0,0.0,0.0,0.0,0.0,0,0,0.0,0.0,-9.492184535812582,nan,nan,NO_WELD
85.74,0.0,0.0,0.0,0.0,0.0,0.0,0.0,0.0,0,0,0.0,0.0,3.8671912094718666,nan,nan,NO_WELD
85.79,0.0,0.0,0.0,0.0,0.0,0.0,0.0,0.0,0,0,0.0,0.0,3.8671912094718666,nan,nan,NO_WELD
85.84,0.0,0.0,0.0,0.0,0.0,0.0,0.0,0.0,0,0,0.0,0.0,-0.35155909468853286,nan,nan,NO_WELD
85.89,0.0,0.0,0.0,0.0,0.0,0.0,0.0,0.0,0,0,0.0,0.0,-0.35155909468853286,nan,nan,NO_WELD
85.94,0.0,0.0,0.0,0.0,0.0,0.0,0.0,0.0,0,0,0.0,0.0,3.5156285662866162,nan,nan,NO_WELD
85.99,0.0,0.0,0.0,0.0,0.0,0.0,0.0,0.0,0,0,0.0,0.0,3.5156285662866162,nan,nan,NO_WELD
86.041,0.0,0.0,0.0,0.0,0.0,0.0,0.0,0.0,0,0,0.0,0.0,1.4062534542270564,nan,nan,NO_WELD
86.09,0.0,0.0,0.0,0.0,0.0,0.0,0.0,0.0,0,0,0.0,0.0,1.4062534542270564,nan,nan,NO_WELD
86.14,0.0,0.0,0.0,0.0,0.0,0.0,0.0,0.0,0,0,0.0,0.0,-9.140621892627331,nan,nan,NO_WELD
86.19,0.0,0.0,0.0,0.0,0.0,0.0,0.0,0.0,0,0,0.0,0.0,-9.140621892627331,nan,nan,NO_WELD
86.24,0.0,0.0,0.0,0.0,0.0,0.0,0.0,0.0,0,0,0.0,0.0,1.7578159906906006,nan,nan,NO_WELD
86.29,0.0,0.0,0.0,0.0,0.0,0.0,0.0,0.0,0,0,0.0,0.0,1.7578159906906006,nan,nan,NO_WELD
86.34,0.0,0.0,0.0,0.0,0.0,0.0,0.0,0.0,0,0,0.0,0.0,10.546878441783855,nan,nan,NO_WELD
86.39,0.0,0.0,0.0,0.0,0.0,0.0,0.0,0.0,0,0,0.0,0.0,10.546878441783855,nan,nan,NO_WELD
86.44,0.0,0.0,0.0,0.0,0.0,0.0,0.0,0.0,0,0,0.0,0.0,-9.492184535812582,nan,nan,NO_WELD
86.49,0.0,0.0,0.0,0.0,0.0,0.0,0.0,0.0,0,0,0.0,0.0,-9.492184535812582,nan,nan,NO_WELD
86.54,0.0,0.0,0.0,0.0,0.0,0.0,0.0,0.0,0,0,0.0,0.0,-8.085933963071582,nan,nan,NO_WELD
86.59,0.0,0.0,0.0,0.0,0.0,0.0,0.0,0.0,0,0,0.0,0.0,-8.085933963071582,nan,nan,NO_WELD
86.64,0.0,0.0,0.0,0.0,0.0,0.0,0.0,0.0,0,0,0.0,0.0,-1.7578091605014305,nan,nan,NO_WELD
86.69,0.0,0.0,0.0,0.0,0.0,0.0,0.0,0.0,0,0,0.0,0.0,-1.7578091605014305,nan,nan,NO_WELD
86.74,0.0,0.0,0.0,0.0,0.0,0.0,0.0,0.0,0,0,0.0,0.0,-3.5156217360974464,nan,nan,NO_WELD
86.79,0.0,0.0,0.0,0.0,0.0,0.0,0.0,0.0,0,0,0.0,0.0,-3.5156217360974464,nan,nan,NO_WELD
86.84,0.0,0.0,0.0,0.0,0.0,0.0,0.0,0.0,0,0,0.0,0.0,-4.570309238766374,nan,nan,NO_WELD
86.89,0.0,0.0,0.0,0.0,0.0,0.0,0.0,0.0,0,0,0.0,0.0,-4.570309238766374,nan,nan,NO_WELD
86.94,0.0,0.0,0.0,0.0,0.0,0.0,0.0,0.0,0,0,0.0,0.0,-8.789059249442081,nan,nan,NO_WELD
86.99,0.0,0.0,0.0,0.0,0.0,0.0,0.0,0.0,0,0,0.0,0.0,-8.789059249442081,nan,nan,NO_WELD
87.041,0.0,0.0,0.0,0.0,0.0,0.0,0.0,0.0,0,0,0.0,0.0,-3.8671843792826963,nan,nan,NO_WELD
87.09,0.0,0.0,0.0,0.0,0.0,0.0,0.0,0.0,0,0,0.0,0.0,-3.8671843792826963,nan,nan,NO_WELD
87.14,0.0,0.0,0.0,0.0,0.0,0.0,0.0,0.0,0,0,0.0,0.0,-9.492184535812582,nan,nan,NO_WELD
87.19,0.0,0.0,0.0,0.0,0.0,0.0,0.0,0.0,0,0,0.0,0.0,-9.492184535812582,nan,nan,NO_WELD
87.24,0.0,0.0,0.0,0.0,0.0,0.0,0.0,0.0,0,0,0.0,0.0,2.4609410636176894,nan,nan,NO_WELD
87.29,0.0,0.0,0.0,0.0,0.0,0.0,0.0,0.0,0,0,0.0,0.0,2.4609410636176894,nan,nan,NO_WELD
87.34,0.0,0.0,0.0,0.0,0.0,0.0,0.0,0.0,0,0,0.0,0.0,-9.492184535812582,nan,nan,NO_WELD
87.39,0.0,0.0,0.0,0.0,0.0,0.0,0.0,0.0,0,0,0.0,0.0,-9.492184535812582,nan,nan,NO_WELD
87.44,0.0,0.0,0.0,0.0,0.0,0.0,0.0,0.0,0,0,0.0,0.0,-9.492184535812582,nan,nan,NO_WELD
87.49,0.0,0.0,0.0,0.0,0.0,0.0,0.0,0.0,0,0,0.0,0.0,-9.492184535812582,nan,nan,NO_WELD
87.54,0.0,0.0,0.0,0.0,0.0,0.0,0.0,0.0,0,0,0.0,0.0,-8.43749660625683,nan,nan,NO_WELD
87.59,0.0,0.0,0.0,0.0,0.0,0.0,0.0,0.0,0,0,0.0,0.0,-8.43749660625683,nan,nan,NO_WELD
87.64,0.0,0.0,0.0,0.0,0.0,0.0,0.0,0.0,0,0,0.0,0.0,-7.7343721736599775,nan,nan,NO_WELD
87.69,0.0,0.0,0.0,0.0,0.0,0.0,0.0,0.0,0,0,0.0,0.0,-7.7343721736599775,nan,nan,NO_WELD
87.74,0.0,0.0,0.0,0.0,0.0,0.0,0.0,0.0,0,0,0.0,0.0,3.8671912094718666,nan,nan,NO_WELD
87.79,0.0,0.0,0.0,0.0,0.0,0.0,0.0,0.0,0,0,0.0,0.0,3.8671912094718666,nan,nan,NO_WELD
87.84,0.0,0.0,0.0,0.0,0.0,0.0,0.0,0.0,0,0,0.0,0.0,-3.5156217360974464,nan,nan,NO_WELD
87.89,0.0,0.0,0.0,0.0,0.0,0.0,0.0,0.0,0,0,0.0,0.0,-3.5156217360974464,nan,nan,NO_WELD
87.94,0.0,0.0,0.0,0.0,0.0,0.0,0.0,0.0,0,0,0.0,0.0,3.5156285662866162,nan,nan,NO_WELD
87.99,0.0,0.0,0.0,0.0,0.0,0.0,0.0,0.0,0,0,0.0,0.0,3.5156285662866162,nan,nan,NO_WELD
88.041,0.0,0.0,0.0,0.0,0.0,0.0,0.0,0.0,0,0,0.0,0.0,2.812503493359528,nan,nan,NO_WELD
88.09,0.0,0.0,0.0,0.0,0.0,0.0,0.0,0.0,0,0,0.0,0.0,2.812503493359528,nan,nan,NO_WELD
88.14,0.0,0.0,0.0,0.0,0.0,0.0,0.0,0.0,0,0,0.0,0.0,-1.0546840875743422,nan,nan,NO_WELD
88.19,0.0,0.0,0.0,0.0,0.0,0.0,0.0,0.0,0,0,0.0,0.0,-1.0546840875743422,nan,nan,NO_WELD
88.24,0.0,0.0,0.0,0.0,0.0,0.0,0.0,0.0,0,0,0.0,0.0,-1.7578091605014305,nan,nan,NO_WELD
88.29,0.0,0.0,0.0,0.0,0.0,0.0,0.0,0.0,0,0,0.0,0.0,-1.7578091605014305,nan,nan,NO_WELD
88.34,0.0,0.0,0.0,0.0,0.0,0.0,0.0,0.0,0,0,0.0,0.0,2.812503493359528,nan,nan,NO_WELD
88.39,0.0,0.0,0.0,0.0,0.0,0.0,0.0,0.0,0,0,0.0,0.0,2.812503493359528,nan,nan,NO_WELD
88.44,0.0,0.0,0.0,0.0,0.0,0.0,0.0,0.0,0,0,0.0,0.0,-8.085933963071582,nan,nan,NO_WELD
88.49,0.0,0.0,0.0,0.0,0.0,0.0,0.0,0.0,0,0,0.0,0.0,-8.085933963071582,nan,nan,NO_WELD
88.54,0.0,0.0,0.0,0.0,0.0,0.0,0.0,0.0,0,0,0.0,0.0,3.5156285662866162,nan,nan,NO_WELD
88.59,0.0,0.0,0.0,0.0,0.0,0.0,0.0,0.0,0,0,0.0,0.0,3.5156285662866162,nan,nan,NO_WELD
88.64,0.0,0.0,0.0,0.0,0.0,0.0,0.0,0.0,0,0,0.0,0.0,2.109378420432439,nan,nan,NO_WELD
88.69,0.0,0.0,0.0,0.0,0.0,0.0,0.0,0.0,0,0,0.0,0.0,2.109378420432439,nan,nan,NO_WELD
88.74,0.0,0.0,0.0,0.0,0.0,0.0,0.0,0.0,0,0,0.0,0.0,-8.789059249442081,nan,nan,NO_WELD
88.79,0.0,0.0,0.0,0.0,0.0,0.0,0.0,0.0,0,0,0.0,0.0,-8.789059249442081,nan,nan,NO_WELD
88.84,0.0,0.0,0.0,0.0,0.0,0.0,0.0,0.0,0,0,0.0,0.0,4.218753425770293,nan,nan,NO_WELD
88.89,0.0,0.0,0.0,0.0,0.0,0.0,0.0,0.0,0,0,0.0,0.0,4.218753425770293,nan,nan,NO_WELD
88.94,0.0,0.0,0.0,0.0,0.0,0.0,0.0,0.0,0,0,0.0,0.0,-3.164059092912196,nan,nan,NO_WELD
88.99,0.0,0.0,0.0,0.0,0.0,0.0,0.0,0.0,0,0,0.0,0.0,-3.164059092912196,nan,nan,NO_WELD
89.041,0.0,0.0,0.0,0.0,0.0,0.0,0.0,0.0,0,0,0.0,0.0,1.4062534542270564,nan,nan,NO_WELD
89.09,0.0,0.0,0.0,0.0,0.0,0.0,0.0,0.0,0,0,0.0,0.0,1.4062534542270564,nan,nan,NO_WELD
89.14,0.0,0.0,0.0,0.0,0.0,0.0,0.0,0.0,0,0,0.0,0.0,2.109378420432439,nan,nan,NO_WELD
89.19,0.0,0.0,0.0,0.0,0.0,0.0,0.0,0.0,0,0,0.0,0.0,2.109378420432439,nan,nan,NO_WELD
89.24,0.0,0.0,0.0,0.0,0.0,0.0,0.0,0.0,0,0,0.0,0.0,-0.7031216044716506,nan,nan,NO_WELD
89.29,0.0,0.0,0.0,0.0,0.0,0.0,0.0,0.0,0,0,0.0,0.0,-0.7031216044716506,nan,nan,NO_WELD
89.34,0.0,0.0,0.0,0.0,0.0,0.0,0.0,0.0,0,0,0.0,0.0,-7.7343721736599775,nan,nan,NO_WELD
89.39,0.0,0.0,0.0,0.0,0.0,0.0,0.0,0.0,0,0,0.0,0.0,-7.7343721736599775,nan,nan,NO_WELD
89.44,0.0,0.0,0.0,0.0,0.0,0.0,0.0,0.0,0,0,0.0,0.0,-4.218746595581123,nan,nan,NO_WELD
89.49,0.0,0.0,0.0,0.0,0.0,0.0,0.0,0.0,0,0,0.0,0.0,-4.218746595581123,nan,nan,NO_WELD
89.54,0.0,0.0,0.0,0.0,0.0,0.0,0.0,0.0,0,0,0.0,0.0,-1.7578091605014305,nan,nan,NO_WELD
89.59,0.0,0.0,0.0,0.0,0.0,0.0,0.0,0.0,0,0,0.0,0.0,-1.7578091605014305,nan,nan,NO_WELD
89.64,0.0,0.0,0.0,0.0,0.0,0.0,0.0,0.0,0,0,0.0,0.0,2.812503493359528,nan,nan,NO_WELD
89.69,0.0,0.0,0.0,0.0,0.0,0.0,0.0,0.0,0,0,0.0,0.0,2.812503493359528,nan,nan,NO_WELD
89.74,0.0,0.0,0.0,0.0,0.0,0.0,0.0,0.0,0,0,0.0,0.0,1.4062534542270564,nan,nan,NO_WELD
89.79,0.0,0.0,0.0,0.0,0.0,0.0,0.0,0.0,0,0,0.0,0.0,1.4062534542270564,nan,nan,NO_WELD
89.84,0.0,0.0,0.0,0.0,0.0,0.0,0.0,0.0,0,0,0.0,0.0,0.35156592487770283,nan,nan,NO_WELD
89.89,0.0,0.0,0.0,0.0,0.0,0.0,0.0,0.0,0,0,0.0,0.0,0.35156592487770283,nan,nan,NO_WELD
89.94,0.0,0.0,0.0,0.0,0.0,0.0,0.0,0.0,0,0,0.0,0.0,1.054690917763512,nan,nan,NO_WELD
89.99,0.0,0.0,0.0,0.0,0.0,0.0,0.0,0.0,0,0,0.0,0.0,1.054690917763512,nan,nan,NO_WELD
90.041,0.0,0.0,0.0,0.0,0.0,0.0,0.0,0.0,0,0,0.0,0.0,3.1640659231013664,3.1640659231013664,0.0,WELD_FOUND
90.09,0.0,0.0,0.0,0.0,0.0,0.0,0.0,0.0,0,0,0.0,0.0,3.1640659231013664,3.1640659231013664,0.0,WELD_FOUND
90.14,0.02377675903516045,-0.05,0.01627675903516045,0.031276759035160445,0.0,0.0,0.0163,0.0313,0,0,0.0,0.0,0.35156592487770283,1.7578159906906006,-1.4062500658128978,WELD_FOUND
90.19,0.02377675903516045,-0.05,0.01627675903516045,0.031276759035160445,0.0,0.0,0.0163,0.0313,0,0,0.0,0.0,0.35156592487770283,1.7578159906906006,-1.4062500658128978,WELD_FOUND
90.24,0.0,0.0,0.0,0.0,0.0,0.0,0.0,0.0,0,0,0.0,0.0,0.35156592487770283,nan,nan,NO_WELD
90.29,0.0,0.0,0.0,0.0,0.0,0.0,0.0,0.0,0,0,0.0,0.0,0.35156592487770283,nan,nan,NO_WELD
90.34,0.0,0.0,0.0,0.0,0.0,0.0,0.0,0.0,0,0,0.0,0.0,0.35156592487770283,nan,nan,NO_WELD
90.39,0.0,0.0,0.0,0.0,0.0,0.0,0.0,0.0,0,0,0.0,0.0,0.35156592487770283,nan,nan,NO_WELD
90.44,0.0,0.0,0.0,0.0,0.0,0.0,0.0,0.0,0,0,0.0,0.0,0.35156592487770283,nan,nan,NO_WELD
90.49,0.0,0.0,0.0,0.0,0.0,0.0,0.0,0.0,0,0,0.0,0.0,0.35156592487770283,nan,nan,NO_WELD
90.54,0.0,0.0,0.0,0.0,0.0,0.0,0.0,0.0,0,0,0.0,0.0,0.35156592487770283,nan,nan,NO_WELD
90.59,0.0,0.0,0.0,0.0,0.0,0.0,0.0,0.0,0,0,0.0,0.0,0.35156592487770283,nan,nan,NO_WELD
90.64,0.0,0.0,0.0,0.0,0.0,0.0,0.0,0.0,0,0,0.0,0.0,2.812503493359528,2.812503493359528,0.0,WELD_FOUND
90.69,0.0,0.0,0.0,0.0,0.0,0.0,0.0,0.0,0,0,0.0,0.0,2.812503493359528,2.812503493359528,0.0,WELD_FOUND
90.74,0.0,0.0,0.0,0.0,0.0,0.0,0.0,0.0,0,0,0.0,0.0,2.812503493359528,nan,nan,NO_WELD
90.79,0.0,0.0,0.0,0.0,0.0,0.0,0.0,0.0,0,0,0.0,0.0,2.812503493359528,nan,nan,NO_WELD
90.84,0.0,0.0,0.0,0.0,0.0,0.0,0.0,0.0,0,0,0.0,0.0,2.812503493359528,nan,nan,NO_WELD
90.89,0.0,0.0,0.0,0.0,0.0,0.0,0.0,0.0,0,0,0.0,0.0,2.812503493359528,nan,nan,NO_WELD
90.94,0.0,0.0,0.0,0.0,0.0,0.0,0.0,0.0,0,0,0.0,0.0,2.812503493359528,nan,nan,NO_WELD
90.99,0.0,0.0,0.0,0.0,0.0,0.0,0.0,0.0,0,0,0.0,0.0,2.812503493359528,nan,nan,NO_WELD
91.041,0.0,0.0,0.0,0.0,0.0,0.0,0.0,0.0,0,0,0.0,0.0,1.4062534542270564,1.4062534542270564,0.0,WELD_FOUND
91.09,0.0,0.0,0.0,0.0,0.0,0.0,0.0,0.0,0,0,0.0,0.0,1.4062534542270564,1.4062534542270564,0.0,WELD_FOUND
91.14,0.0,0.0,0.0,0.0,0.0,0.0,0.0,0.0,0,0,0.0,0.0,1.4062534542270564,nan,nan,NO_WELD
91.19,0.0,0.0,0.0,0.0,0.0,0.0,0.0,0.0,0,0,0.0,0.0,1.4062534542270564,nan,nan,NO_WELD
91.24,0.0,0.0,0.0,0.0,0.0,0.0,0.0,0.0,0,0,0.0,0.0,1.4062534542270564,nan,nan,NO_WELD
91.29,0.0,0.0,0.0,0.0,0.0,0.0,0.0,0.0,0,0,0.0,0.0,1.4062534542270564,nan,nan,NO_WELD
91.34,0.032582298035693374,-0.016102500917573162,0.0301669228980574,0.03499767317332935,0.0,0.0,0.0302,0.035,0,0,0.0,0.0,0.35156592487770283,0.35156592487770283,0.0,WELD_FOUND
91.39,0.032582298035693374,-0.016102500917573162,0.0301669228980574,0.03499767317332935,0.0,0.0,0.0302,0.035,0,0,0.0,0.0,0.35156592487770283,0.35156592487770283,0.0,WELD_FOUND
91.44,0.0,0.0,0.0,0.0,0.0,0.0,0.0,0.0,0,0,0.0,0.0,0.35156592487770283,nan,nan,NO_WELD
91.49,0.0,0.0,0.0,0.0,0.0,0.0,0.0,0.0,0,0,0.0,0.0,0.35156592487770283,nan,nan,NO_WELD
91.54,0.0,0.0,0.0,0.0,0.0,0.0,0.0,0.0,0,0,0.0,0.0,0.35156592487770283,nan,nan,NO_WELD
91.59,0.0,0.0,0.0,0.0,0.0,0.0,0.0,0.0,0,0,0.0,0.0,0.35156592487770283,nan,nan,NO_WELD
91.64,0.0,0.0,0.0,0.0,0.0,0.0,0.0,0.0,0,0,0.0,0.0,0.35156592487770283,nan,nan,NO_WELD
91.69,0.0,0.0,0.0,0.0,0.0,0.0,0.0,0.0,0,0,0.0,0.0,0.35156592487770283,nan,nan,NO_WELD
91.74,0.0,0.0,0.0,0.0,0.0,0.0,0.0,0.0,0,0,0.0,0.0,0.35156592487770283,nan,nan,NO_WELD
91.79,0.0,0.0,0.0,0.0,0.0,0.0,0.0,0.0,0,0,0.0,0.0,0.35156592487770283,nan,nan,NO_WELD
91.84,0.0,0.0,0.0,0.0,0.0,0.0,0.0,0.0,0,0,0.0,0.0,-2.1093715902432693,-2.1093715902432693,0.0,WELD_FOUND
91.89,0.0,0.0,0.0,0.0,0.0,0.0,0.0,0.0,0,0,0.0,0.0,-2.1093715902432693,-2.1093715902432693,0.0,WELD_FOUND
91.94,0.01897628633633485,0.05,0.02647628633633485,0.011476286336334851,0.0,0.0,0.0265,0.0115,0,0,0.0,0.0,-3.164059092912196,-2.6367153415777325,-0.5273437513344637,WELD_FOUND
91.99,0.01897628633633485,0.05,0.02647628633633485,0.011476286336334851,0.0,0.0,0.0265,0.0115,0,0,0.0,0.0,-3.164059092912196,-2.6367153415777325,-0.5273437513344637,WELD_FOUND
92.041,0.018258384099920234,0.1,0.033258384099920234,0.003258384099920235,0.0,0.0,0.0333,0.0033,0,0,0.0,0.0,-2.8124966631703576,-2.8124966631703576,0.0,WELD_FOUND
92.09,0.018258384099920234,0.1,0.033258384099920234,0.003258384099920235,0.0,0.0,0.0333,0.0033,0,0,0.0,0.0,-2.8124966631703576,-2.8124966631703576,0.0,WELD_FOUND
92.14,0.01741517389204429,0.13292154681331544,0.03735340591404161,-0.0025230581299530257,0.0,0.0,0.0374,-0.0025,0,0,0.0,0.0,-4.218746595581123,-2.988277984762983,-1.2304686108181406,WELD_FOUND
92.19,0.01741517389204429,0.13292154681331544,0.03735340591404161,-0.0025230581299530257,0.0,0.0,0.0374,-0.0025,0,0,0.0,0.0,-4.218746595581123,-2.988277984762983,-1.2304686108181406,WELD_FOUND
92.24,0.0,0.0,0.0,0.0,0.0,0.0,0.0,0.0,0,0,0.0,0.0,-4.218746595581123,nan,nan,NO_WELD
92.29,0.0,0.0,0.0,0.0,0.0,0.0,0.0,0.0,0,0,0.0,0.0,-4.218746595581123,nan,nan,NO_WELD
92.34,0.0,0.0,0.0,0.0,0.0,0.0,0.0,0.0,0,0,0.0,0.0,-4.218746595581123,nan,nan,NO_WELD
92.39,0.0,0.0,0.0,0.0,0.0,0.0,0.0,0.0,0,0,0.0,0.0,-4.218746595581123,nan,nan,NO_WELD
92.44,0.0,0.0,0.0,0.0,0.0,0.0,0.0,0.0,0,0,0.0,0.0,-4.218746595581123,nan,nan,NO_WELD
92.49,0.0,0.0,0.0,0.0,0.0,0.0,0.0,0.0,0,0,0.0,0.0,-4.218746595581123,nan,nan,NO_WELD
92.54,0.0,0.0,0.0,0.0,0.0,0.0,0.0,0.0,0,0,0.0,0.0,-4.218746595581123,nan,nan,NO_WELD
92.59,0.0,0.0,0.0,0.0,0.0,0.0,0.0,0.0,0,0,0.0,0.0,-4.218746595581123,nan,nan,NO_WELD
92.64,0.0,0.0,0.0,0.0,0.0,0.0,0.0,0.0,0,0,0.0,0.0,-4.218746595581123,nan,nan,NO_WELD
92.69,0.0,0.0,0.0,0.0,0.0,0.0,0.0,0.0,0,0,0.0,0.0,-4.218746595581123,nan,nan,NO_WELD
92.74,0.0,0.0,0.0,0.0,0.0,0.0,0.0,0.0,0,0,0.0,0.0,-4.218746595581123,nan,nan,NO_WELD
92.79,0.0,0.0,0.0,0.0,0.0,0.0,0.0,0.0,0,0,0.0,0.0,-4.218746595581123,nan,nan,NO_WELD
92.84,0.0,0.0,0.0,0.0,0.0,0.0,0.0,0.0,0,0,0.0,0.0,-4.218746595581123,nan,nan,NO_WELD
92.89,0.0,0.0,0.0,0.0,0.0,0.0,0.0,0.0,0,0,0.0,0.0,-4.218746595581123,nan,nan,NO_WELD
92.94,0.0,0.0,0.0,0.0,0.0,0.0,0.0,0.0,0,0,0.0,0.0,-3.5156217360974464,-3.5156217360974464,0.0,WELD_FOUND
92.99,0.0,0.0,0.0,0.0,0.0,0.0,0.0,0.0,0,0,0.0,0.0,-3.5156217360974464,-3.5156217360974464,0.0,WELD_FOUND
93.041,0.0,0.0,0.0,0.0,0.0,0.0,0.0,0.0,0,0,0.0,0.0,-3.5156217360974464,nan,nan,NO_WELD
93.09,0.0,0.0,0.0,0.0,0.0,0.0,0.0,0.0,0,0,0.0,0.0,-3.5156217360974464,nan,nan,NO_WELD
93.14,0.0,0.0,0.0,0.0,0.0,0.0,0.0,0.0,0,0,0.0,0.0,-3.5156217360974464,nan,nan,NO_WELD
93.19,0.0,0.0,0.0,0.0,0.0,0.0,0.0,0.0,0,0,0.0,0.0,-3.5156217360974464,nan,nan,NO_WELD
93.24,0.0,0.0,0.0,0.0,0.0,0.0,0.0,0.0,0,0,0.0,0.0,-3.5156217360974464,nan,nan,NO_WELD
93.29,0.0,0.0,0.0,0.0,0.0,0.0,0.0,0.0,0,0,0.0,0.0,-3.5156217360974464,nan,nan,NO_WELD
93.34,0.0,0.0,0.0,0.0,0.0,0.0,0.0,0.0,0,0,0.0,0.0,-3.5156217360974464,nan,nan,NO_WELD
93.39,0.0,0.0,0.0,0.0,0.0,0.0,0.0,0.0,0,0,0.0,0.0,-3.5156217360974464,nan,nan,NO_WELD
93.44,0.0,0.0,0.0,0.0,0.0,0.0,0.0,0.0,0,0,0.0,0.0,-3.5156217360974464,nan,nan,NO_WELD
93.49,0.0,0.0,0.0,0.0,0.0,0.0,0.0,0.0,0,0,0.0,0.0,-3.5156217360974464,nan,nan,NO_WELD
93.54,0.0,0.0,0.0,0.0,0.0,0.0,0.0,0.0,0,0,0.0,0.0,-3.5156217360974464,nan,nan,NO_WELD
93.59,0.0,0.0,0.0,0.0,0.0,0.0,0.0,0.0,0,0,0.0,0.0,-3.5156217360974464,nan,nan,NO_WELD
93.64,0.0,0.0,0.0,0.0,0.0,0.0,0.0,0.0,0,0,0.0,0.0,-2.8124966631703576,nan,nan,NO_WELD
93.69,0.0,0.0,0.0,0.0,0.0,0.0,0.0,0.0,0,0,0.0,0.0,-2.8124966631703576,-2.8124966631703576,0.0,WELD_FOUND
93.74,0.0,0.0,0.0,0.0,0.0,0.0,0.0,0.0,0,0,0.0,0.0,-2.8124966631703576,-2.8124966631703576,0.0,WELD_FOUND
93.79,0.022773436878697262,0.05,0.03027343687869726,0.015273436878697262,0.0,0.0,0.0303,0.0153,0,0,0.0,0.0,-1.0546840875743422,-1.9335904820940557,0.8789063945197135,WELD_FOUND
93.84,0.022773436878697262,0.05,0.03027343687869726,0.015273436878697262,0.0,0.0,0.0303,0.0153,0,0,0.0,0.0,-1.0546840875743422,-1.9335904820940557,0.8789063945197135,WELD_FOUND
93.89,0.0,0.0,0.0,0.0,0.0,0.0,0.0,0.0,0,0,0.0,0.0,-1.0546840875743422,nan,nan,NO_WELD
93.94,0.0,0.0,0.0,0.0,0.0,0.0,0.0,0.0,0,0,0.0,0.0,-1.0546840875743422,nan,nan,NO_WELD
93.99,0.0,0.0,0.0,0.0,0.0,0.0,0.0,0.0,0,0,0.0,0.0,-1.0546840875743422,nan,nan,NO_WELD
94.041,0.0,0.0,0.0,0.0,0.0,0.0,0.0,0.0,0,0,0.0,0.0,-1.0546840875743422,nan,nan,NO_WELD
94.09,0.035,0.0,0.035,0.035,0.0,0.0,0.035,0.035,0,0,0.0,0.0,0.35156592487770283,0.35156592487770283,0.0,WELD_FOUND
94.14,0.035,0.0,0.035,0.035,0.0,0.0,0.035,0.035,0,0,0.0,0.0,0.35156592487770283,0.35156592487770283,0.0,WELD_FOUND
94.19,0.0,0.0,0.0,0.0,0.0,0.0,0.0,0.0,0,0,0.0,0.0,0.35156592487770283,nan,nan,NO_WELD
94.24,0.0,0.0,0.0,0.0,0.0,0.0,0.0,0.0,0,0,0.0,0.0,0.35156592487770283,nan,nan,NO_WELD
94.29,0.0,0.0,0.0,0.0,0.0,0.0,0.0,0.0,0,0,0.0,0.0,0.35156592487770283,nan,nan,NO_WELD
94.34,0.0,0.0,0.0,0.0,0.0,0.0,0.0,0.0,0,0,0.0,0.0,0.35156592487770283,nan,nan,NO_WELD
94.39,0.022456929560644042,0.05,0.029956929560644042,0.014956929560644042,0.0,0.0,0.03,0.015,0,0,0.0,0.0,-2.460934233428519,-2.460934233428519,0.0,WELD_FOUND
94.44,0.022456929560644042,0.05,0.029956929560644042,0.014956929560644042,0.0,0.0,0.03,0.015,0,0,0.0,0.0,-2.460934233428519,-2.460934233428519,0.0,WELD_FOUND
94.49,0.0,0.0,0.0,0.0,0.0,0.0,0.0,0.0,0,0,0.0,0.0,-2.460934233428519,nan,nan,NO_WELD
94.54,0.0,0.0,0.0,0.0,0.0,0.0,0.0,0.0,0,0,0.0,0.0,-2.460934233428519,nan,nan,NO_WELD
94.59,0.0,0.0,0.0,0.0,0.0,0.0,0.0,0.0,0,0,0.0,0.0,-2.460934233428519,nan,nan,NO_WELD
94.64,0.0,0.0,0.0,0.0,0.0,0.0,0.0,0.0,0,0,0.0,0.0,-2.460934233428519,nan,nan,NO_WELD
94.69,0.018918344351888793,0.05,0.026418344351888792,0.011418344351888793,0.0,0.0,0.0264,0.0114,0,0,0.0,0.0,-2.8124966631703576,-2.8124966631703576,0.0,WELD_FOUND
94.74,0.018918344351888793,0.05,0.026418344351888792,0.011418344351888793,0.0,0.0,0.0264,0.0114,0,0,0.0,0.0,-2.8124966631703576,-2.8124966631703576,0.0,WELD_FOUND
94.79,0.0,0.0,0.0,0.0,0.0,0.0,0.0,0.0,0,0,0.0,0.0,-2.8124966631703576,nan,nan,NO_WELD
94.84,0.0,0.0,0.0,0.0,0.0,0.0,0.0,0.0,0,0,0.0,0.0,-2.8124966631703576,nan,nan,NO_WELD
94.89,0.015514715742970014,0.05,0.023014715742970013,0.008014715742970014,0.0,0.0,0.023,0.008,0,0,0.0,0.0,-3.5156217360974464,-3.5156217360974464,0.0,WELD_FOUND
94.94,0.015514715742970014,0.05,0.023014715742970013,0.008014715742970014,0.0,0.0,0.023,0.008,0,0,0.0,0.0,-3.5156217360974464,-3.5156217360974464,0.0,WELD_FOUND
94.99,0.0,0.0,0.0,0.0,0.0,0.0,0.0,0.0,0,0,0.0,0.0,-3.5156217360974464,nan,nan,NO_WELD
95.041,0.0,0.0,0.0,0.0,0.0,0.0,0.0,0.0,0,0,0.0,0.0,-3.5156217360974464,nan,nan,NO_WELD
95.09,0.0,0.0,0.0,0.0,0.0,0.0,0.0,0.0,0,0,0.0,0.0,-3.5156217360974464,nan,nan,NO_WELD
95.14,0.0,0.0,0.0,0.0,0.0,0.0,0.0,0.0,0,0,0.0,0.0,-3.5156217360974464,nan,nan,NO_WELD
95.19,0.0,0.0,0.0,0.0,0.0,0.0,0.0,0.0,0,0,0.0,0.0,-3.5156217360974464,nan,nan,NO_WELD
95.24,0.0,0.0,0.0,0.0,0.0,0.0,0.0,0.0,0,0,0.0,0.0,-3.5156217360974464,nan,nan,NO_WELD
95.29,0.0,0.0,0.0,0.0,0.0,0.0,0.0,0.0,0,0,0.0,0.0,-3.164059092912196,-3.164059092912196,0.0,WELD_FOUND
95.34,0.0,0.0,0.0,0.0,0.0,0.0,0.0,0.0,0,0,0.0,0.0,-3.164059092912196,-3.164059092912196,0.0,WELD_FOUND
95.39,0.0,0.0,0.0,0.0,0.0,0.0,0.0,0.0,0,0,0.0,0.0,-3.164059092912196,nan,nan,NO_WELD
95.44,0.0,0.0,0.0,0.0,0.0,0.0,0.0,0.0,0,0,0.0,0.0,-3.164059092912196,nan,nan,NO_WELD
95.49,0.0,0.0,0.0,0.0,0.0,0.0,0.0,0.0,0,0,0.0,0.0,-3.164059092912196,nan,nan,NO_WELD
95.54,0.0,0.0,0.0,0.0,0.0,0.0,0.0,0.0,0,0,0.0,0.0,-3.164059092912196,nan,nan,NO_WELD
95.59,0.0,0.0,0.0,0.0,0.0,0.0,0.0,0.0,0,0,0.0,0.0,-3.164059092912196,nan,nan,NO_WELD
95.64,0.0,0.0,0.0,0.0,0.0,0.0,0.0,0.0,0,0,0.0,0.0,-3.164059092912196,nan,nan,NO_WELD
95.69,0.0,0.0,0.0,0.0,0.0,0.0,0.0,0.0,0,0,0.0,0.0,-2.8124966631703576,-2.8124966631703576,0.0,WELD_FOUND
95.74,0.0,0.0,0.0,0.0,0.0,0.0,0.0,0.0,0,0,0.0,0.0,-2.8124966631703576,-2.8124966631703576,0.0,WELD_FOUND
95.79,0.0,0.0,0.0,0.0,0.0,0.0,0.0,0.0,0,0,0.0,0.0,-2.8124966631703576,nan,nan,NO_WELD
95.84,0.0,0.0,0.0,0.0,0.0,0.0,0.0,0.0,0,0,0.0,0.0,-2.8124966631703576,nan,nan,NO_WELD
95.89,0.014716506514280164,0.05,0.022216506514280164,0.007216506514280165,0.0,0.0,0.0222,0.0072,0,0,0.0,0.0,-3.5156217360974464,-3.5156217360974464,0.0,WELD_FOUND
95.94,0.014716506514280164,0.05,0.022216506514280164,0.007216506514280165,0.0,0.0,0.0222,0.0072,0,0,0.0,0.0,-3.5156217360974464,-3.5156217360974464,0.0,WELD_FOUND
95.99,0.0,0.0,0.0,0.0,0.0,0.0,0.0,0.0,0,0,0.0,0.0,-3.5156217360974464,nan,nan,NO_WELD
96.041,0.0,0.0,0.0,0.0,0.0,0.0,0.0,0.0,0,0,0.0,0.0,-3.5156217360974464,nan,nan,NO_WELD
96.09,0.0,0.0,0.0,0.0,0.0,0.0,0.0,0.0,0,0,0.0,0.0,-3.5156217360974464,nan,nan,NO_WELD
96.14,0.0,0.0,0.0,0.0,0.0,0.0,0.0,0.0,0,0,0.0,0.0,-3.5156217360974464,nan,nan,NO_WELD
96.19,0.0,0.0,0.0,0.0,0.0,0.0,0.0,0.0,0,0,0.0,0.0,-3.5156217360974464,nan,nan,NO_WELD
96.24,0.0,0.0,0.0,0.0,0.0,0.0,0.0,0.0,0,0,0.0,0.0,-3.5156217360974464,nan,nan,NO_WELD
96.29,0.0,0.0,0.0,0.0,0.0,0.0,0.0,0.0,0,0,0.0,0.0,-3.5156217360974464,nan,nan,NO_WELD
96.34,0.0,0.0,0.0,0.0,0.0,0.0,0.0,0.0,0,0,0.0,0.0,-3.5156217360974464,nan,nan,NO_WELD
96.39,0.0,0.0,0.0,0.0,0.0,0.0,0.0,0.0,0,0,0.0,0.0,-3.5156217360974464,nan,nan,NO_WELD
96.44,0.0,0.0,0.0,0.0,0.0,0.0,0.0,0.0,0,0,0.0,0.0,-3.5156217360974464,nan,nan,NO_WELD
96.49,0.0,0.0,0.0,0.0,0.0,0.0,0.0,0.0,0,0,0.0,0.0,-3.5156217360974464,nan,nan,NO_WELD
96.54,0.0,0.0,0.0,0.0,0.0,0.0,0.0,0.0,0,0,0.0,0.0,-3.5156217360974464,nan,nan,NO_WELD
96.59,0.0,0.0,0.0,0.0,0.0,0.0,0.0,0.0,0,0,0.0,0.0,-3.5156217360974464,nan,nan,NO_WELD
96.64,0.0,0.0,0.0,0.0,0.0,0.0,0.0,0.0,0,0,0.0,0.0,-3.5156217360974464,nan,nan,NO_WELD
96.69,0.0,0.0,0.0,0.0,0.0,0.0,0.0,0.0,0,0,0.0,0.0,-3.5156217360974464,nan,nan,NO_WELD
96.74,0.0,0.0,0.0,0.0,0.0,0.0,0.0,0.0,0,0,0.0,0.0,-3.5156217360974464,nan,nan,NO_WELD
96.79,0.0,0.0,0.0,0.0,0.0,0.0,0.0,0.0,0,0,0.0,0.0,-3.5156217360974464,nan,nan,NO_WELD
96.84,0.0,0.0,0.0,0.0,0.0,0.0,0.0,0.0,0,0,0.0,0.0,-3.5156217360974464,nan,nan,NO_WELD
96.89,0.0,0.0,0.0,0.0,0.0,0.0,0.0,0.0,0,0,0.0,0.0,-3.5156217360974464,nan,nan,NO_WELD
96.94,0.0,0.0,0.0,0.0,0.0,0.0,0.0,0.0,0,0,0.0,0.0,-3.5156217360974464,nan,nan,NO_WELD
96.99,0.0,0.0,0.0,0.0,0.0,0.0,0.0,0.0,0,0,0.0,0.0,3.1640659231013664,nan,nan,NO_WELD
97.041,0.0,0.0,0.0,0.0,0.0,0.0,0.0,0.0,0,0,0.0,0.0,3.1640659231013664,nan,nan,NO_WELD
97.09,0.0,0.0,0.0,0.0,0.0,0.0,0.0,0.0,0,0,0.0,0.0,2.812503493359528,nan,nan,NO_WELD
97.14,0.0,0.0,0.0,0.0,0.0,0.0,0.0,0.0,0,0,0.0,0.0,2.812503493359528,nan,nan,NO_WELD
97.19,0.0,0.0,0.0,0.0,0.0,0.0,0.0,0.0,0,0,0.0,0.0,-0.35155909468853286,nan,nan,NO_WELD
97.24,0.0,0.0,0.0,0.0,0.0,0.0,0.0,0.0,0,0,0.0,0.0,-0.35155909468853286,nan,nan,NO_WELD
97.29,0.0,0.0,0.0,0.0,0.0,0.0,0.0,0.0,0,0,0.0,0.0,-8.085933963071582,nan,nan,NO_WELD
97.34,0.0,0.0,0.0,0.0,0.0,0.0,0.0,0.0,0,0,0.0,0.0,-8.085933963071582,nan,nan,NO_WELD
97.39,0.0,0.0,0.0,0.0,0.0,0.0,0.0,0.0,0,0,0.0,0.0,-0.7031216044716506,nan,nan,NO_WELD
97.44,0.0,0.0,0.0,0.0,0.0,0.0,0.0,0.0,0,0,0.0,0.0,-0.7031216044716506,nan,nan,NO_WELD
97.49,0.0,0.0,0.0,0.0,0.0,0.0,0.0,0.0,0,0,0.0,0.0,4.5703160689555435,nan,nan,NO_WELD
97.54,0.0,0.0,0.0,0.0,0.0,0.0,0.0,0.0,0,0,0.0,0.0,4.5703160689555435,nan,nan,NO_WELD
97.59,0.0,0.0,0.0,0.0,0.0,0.0,0.0,0.0,0,0,0.0,0.0,-9.492184535812582,nan,nan,NO_WELD
97.64,0.0,0.0,0.0,0.0,0.0,0.0,0.0,0.0,0,0,0.0,0.0,-9.492184535812582,nan,nan,NO_WELD
97.69,0.0,0.0,0.0,0.0,0.0,0.0,0.0,0.0,0,0,0.0,0.0,4.921878712140794,nan,nan,NO_WELD
97.74,0.0,0.0,0.0,0.0,0.0,0.0,0.0,0.0,0,0,0.0,0.0,4.921878712140794,nan,nan,NO_WELD
97.79,0.0,0.0,0.0,0.0,0.0,0.0,0.0,0.0,0,0,0.0,0.0,-0.35155909468853286,nan,nan,NO_WELD
97.84,0.0,0.0,0.0,0.0,0.0,0.0,0.0,0.0,0,0,0.0,0.0,-0.35155909468853286,nan,nan,NO_WELD
97.89,0.0,0.0,0.0,0.0,0.0,0.0,0.0,0.0,0,0,0.0,0.0,3.4150945850063755e-06,nan,nan,NO_WELD
97.94,0.0,0.0,0.0,0.0,0.0,0.0,0.0,0.0,0,0,0.0,0.0,3.4150945850063755e-06,nan,nan,NO_WELD
97.99,0.0,0.0,0.0,0.0,0.0,0.0,0.0,0.0,0,0,0.0,0.0,3.4150945850063755e-06,nan,nan,NO_WELD
98.041,0.0,0.0,0.0,0.0,0.0,0.0,0.0,0.0,0,0,0.0,0.0,3.4150945850063755e-06,nan,nan,NO_WELD
98.09,0.0,0.0,0.0,0.0,0.0,0.0,0.0,0.0,0,0,0.0,0.0,-2.1093715902432693,nan,nan,NO_WELD
98.14,0.0,0.0,0.0,0.0,0.0,0.0,0.0,0.0,0,0,0.0,0.0,-2.1093715902432693,nan,nan,NO_WELD
98.19,0.0,0.0,0.0,0.0,0.0,0.0,0.0,0.0,0,0,0.0,0.0,-9.492184535812582,nan,nan,NO_WELD
98.24,0.0,0.0,0.0,0.0,0.0,0.0,0.0,0.0,0,0,0.0,0.0,-9.492184535812582,nan,nan,NO_WELD
98.29,0.0,0.0,0.0,0.0,0.0,0.0,0.0,0.0,0,0,0.0,0.0,2.4609410636176894,nan,nan,NO_WELD
98.34,0.0,0.0,0.0,0.0,0.0,0.0,0.0,0.0,0,0,0.0,0.0,2.4609410636176894,nan,nan,NO_WELD
98.39,0.0,0.0,0.0,0.0,0.0,0.0,0.0,0.0,0,0,0.0,0.0,3.4150945850063755e-06,nan,nan,NO_WELD
98.44,0.0,0.0,0.0,0.0,0.0,0.0,0.0,0.0,0,0,0.0,0.0,3.4150945850063755e-06,nan,nan,NO_WELD
98.49,0.0,0.0,0.0,0.0,0.0,0.0,0.0,0.0,0,0,0.0,0.0,4.218753425770293,nan,nan,NO_WELD
98.54,0.0,0.0,0.0,0.0,0.0,0.0,0.0,0.0,0,0,0.0,0.0,4.218753425770293,nan,nan,NO_WELD
98.59,0.0,0.0,0.0,0.0,0.0,0.0,0.0,0.0,0,0,0.0,0.0,2.4609410636176894,nan,nan,NO_WELD
98.64,0.0,0.0,0.0,0.0,0.0,0.0,0.0,0.0,0,0,0.0,0.0,2.4609410636176894,nan,nan,NO_WELD
98.69,0.0,0.0,0.0,0.0,0.0,0.0,0.0,0.0,0,0,0.0,0.0,3.1640659231013664,3.1640659231013664,0.0,WELD_FOUND
98.74,0.0,0.0,0.0,0.0,0.0,0.0,0.0,0.0,0,0,0.0,0.0,3.1640659231013664,3.1640659231013664,0.0,WELD_FOUND
98.79,0.0,0.0,0.0,0.0,0.0,0.0,0.0,0.0,0,0,0.0,0.0,3.1640659231013664,nan,nan,NO_WELD
98.84,0.0,0.0,0.0,0.0,0.0,0.0,0.0,0.0,0,0,0.0,0.0,3.1640659231013664,nan,nan,NO_WELD
98.89,0.0,0.0,0.0,0.0,0.0,0.0,0.0,0.0,0,0,0.0,0.0,3.1640659231013664,nan,nan,NO_WELD
98.94,0.0,0.0,0.0,0.0,0.0,0.0,0.0,0.0,0,0,0.0,0.0,3.1640659231013664,nan,nan,NO_WELD
98.99,0.032582298035693374,-0.015635244564179904,0.03023701135106639,0.03492758472032036,0.0,0.0,0.0302,0.0349,0,0,0.0,0.0,0.35156592487770283,0.35156592487770283,0.0,WELD_FOUND
99.041,0.032582298035693374,-0.015635244564179904,0.03023701135106639,0.03492758472032036,0.0,0.0,0.0302,0.0349,0,0,0.0,0.0,0.35156592487770283,0.35156592487770283,0.0,WELD_FOUND
99.09,0.032582298035693374,-0.015339957317337394,0.030281304438092765,0.034883291633293984,0.0,0.0,0.0303,0.0349,0,0,0.0,0.0,0.35156592487770283,0.35156592487770283,0.0,WELD_FOUND
99.14,0.032582298035693374,-0.015339957317337394,0.030281304438092765,0.034883291633293984,0.0,0.0,0.0303,0.0349,0,0,0.0,0.0,0.35156592487770283,0.35156592487770283,0.0,WELD_FOUND
99.19,0.0,0.0,0.0,0.0,0.0,0.0,0.0,0.0,0,0,0.0,0.0,0.35156592487770283,nan,nan,NO_WELD
99.24,0.0,0.0,0.0,0.0,0.0,0.0,0.0,0.0,0,0,0.0,0.0,0.35156592487770283,nan,nan,NO_WELD
99.29,0.0,0.0,0.0,0.0,0.0,0.0,0.0,0.0,0,0,0.0,0.0,0.35156592487770283,nan,nan,NO_WELD
99.34,0.0,0.0,0.0,0.0,0.0,0.0,0.0,0.0,0,0,0.0,0.0,0.35156592487770283,nan,nan,NO_WELD
99.39,0.0,0.0,0.0,0.0,0.0,0.0,0.0,0.0,0,0,0.0,0.0,0.35156592487770283,nan,nan,NO_WELD
99.44,0.0,0.0,0.0,0.0,0.0,0.0,0.0,0.0,0,0,0.0,0.0,0.35156592487770283,nan,nan,NO_WELD
99.49,0.0,0.0,0.0,0.0,0.0,0.0,0.0,0.0,0,0,0.0,0.0,0.35156592487770283,0.35156592487770283,0.0,WELD_FOUND
99.54,0.0,0.0,0.0,0.0,0.0,0.0,0.0,0.0,0,0,0.0,0.0,0.35156592487770283,0.35156592487770283,0.0,WELD_FOUND
99.59,0.0,0.0,0.0,0.0,0.0,0.0,0.0,0.0,0,0,0.0,0.0,0.35156592487770283,nan,nan,NO_WELD
99.64,0.0,0.0,0.0,0.0,0.0,0.0,0.0,0.0,0,0,0.0,0.0,0.35156592487770283,nan,nan,NO_WELD
99.69,0.0,0.0,0.0,0.0,0.0,0.0,0.0,0.0,0,0,0.0,0.0,0.35156592487770283,nan,nan,NO_WELD
99.74,0.0,0.0,0.0,0.0,0.0,0.0,0.0,0.0,0,0,0.0,0.0,0.35156592487770283,nan,nan,NO_WELD
99.79,0.028006494101859913,-0.04993247025403103,0.02051662356375526,0.03549636463996457,0.0,0.0,0.0205,0.0355,0,0,0.0,0.0,1.054690917763512,1.054690917763512,0.0,WELD_FOUND
99.84,0.028006494101859913,-0.04993247025403103,0.02051662356375526,0.03549636463996457,0.0,0.0,0.0205,0.0355,0,0,0.0,0.0,1.054690917763512,1.054690917763512,0.0,WELD_FOUND
99.89,0.0,0.0,0.0,0.0,0.0,0.0,0.0,0.0,0,0,0.0,0.0,1.054690917763512,nan,nan,NO_WELD
99.94,0.0,0.0,0.0,0.0,0.0,0.0,0.0,0.0,0,0,0.0,0.0,1.054690917763512,nan,nan,NO_WELD
99.99,0.03258234413011122,0.03380696846478936,0.03765338939982962,0.027511298860392816,0.0,0.0,0.0377,0.0275,0,0,0.0,0.0,-0.7031216044716506,-0.7031216044716506,0.0,WELD_FOUND
100.041,0.03258234413011122,0.03380696846478936,0.03765338939982962,0.027511298860392816,0.0,0.0,0.0377,0.0275,0,0,0.0,0.0,-0.7031216044716506,-0.7031216044716506,0.0,WELD_FOUND
100.09,0.0,0.0,0.0,0.0,0.0,0.0,0.0,0.0,0,0,0.0,0.0,-0.7031216044716506,nan,nan,NO_WELD
100.14,0.0,0.0,0.0,0.0,0.0,0.0,0.0,0.0,0,0,0.0,0.0,-0.7031216044716506,nan,nan,NO_WELD
100.19,0.0,0.0,0.0,0.0,0.0,0.0,0.0,0.0,0,0,0.0,0.0,-0.7031216044716506,nan,nan,NO_WELD
100.24,0.0,0.0,0.0,0.0,0.0,0.0,0.0,0.0,0,0,0.0,0.0,-0.7031216044716506,nan,nan,NO_WELD
100.29,0.0,0.0,0.0,0.0,0.0,0.0,0.0,0.0,0,0,0.0,0.0,-0.7031216044716506,nan,nan,NO_WELD
100.34,0.0,0.0,0.0,0.0,0.0,0.0,0.0,0.0,0,0,0.0,0.0,-0.7031216044716506,nan,nan,NO_WELD
100.39,0.0,0.0,0.0,0.0,0.0,0.0,0.0,0.0,0,0,0.0,0.0,-0.7031216044716506,nan,nan,NO_WELD
100.44,0.0,0.0,0.0,0.0,0.0,0.0,0.0,0.0,0,0,0.0,0.0,-0.7031216044716506,nan,nan,NO_WELD
100.49,0.0,0.0,0.0,0.0,0.0,0.0,0.0,0.0,0,0,0.0,0.0,-0.7031216044716506,nan,nan,NO_WELD
100.54,0.0,0.0,0.0,0.0,0.0,0.0,0.0,0.0,0,0,0.0,0.0,-0.7031216044716506,nan,nan,NO_WELD
100.59,0.0,0.0,0.0,0.0,0.0,0.0,0.0,0.0,0,0,0.0,0.0,-0.7031216044716506,nan,nan,NO_WELD
100.64,0.0,0.0,0.0,0.0,0.0,0.0,0.0,0.0,0,0,0.0,0.0,-0.7031216044716506,nan,nan,NO_WELD
100.69,0.0,0.0,0.0,0.0,0.0,0.0,0.0,0.0,0,0,0.0,0.0,2.109378420432439,2.109378420432439,0.0,WELD_FOUND
100.74,0.0,0.0,0.0,0.0,0.0,0.0,0.0,0.0,0,0,0.0,0.0,2.109378420432439,2.109378420432439,0.0,WELD_FOUND
100.79,0.028006494101859913,-0.049451945992090796,0.020588702203046295,0.03542428600067353,0.0,0.0,0.0206,0.0354,0,0,0.0,0.0,3.4150945850063755e-06,1.054690917763512,-1.054687502668927,WELD_FOUND
100.84,0.028006494101859913,-0.049451945992090796,0.020588702203046295,0.03542428600067353,0.0,0.0,0.0206,0.0354,0,0,0.0,0.0,3.4150945850063755e-06,1.054690917763512,-1.054687502668927,WELD_FOUND
100.89,0.0,0.0,0.0,0.0,0.0,0.0,0.0,0.0,0,0,0.0,0.0,3.4150945850063755e-06,nan,nan,NO_WELD
100.94,0.0,0.0,0.0,0.0,0.0,0.0,0.0,0.0,0,0,0.0,0.0,3.4150945850063755e-06,nan,nan,NO_WELD
100.99,0.028006494101859913,-0.046019572764635086,0.02110355818716465,0.03490943001655518,0.0,0.0,0.0211,0.0349,0,0,0.0,0.0,1.054690917763512,1.054690917763512,0.0,WELD_FOUND
101.041,0.028006494101859913,-0.046019572764635086,0.02110355818716465,0.03490943001655518,0.0,0.0,0.0211,0.0349,0,0,0.0,0.0,1.054690917763512,1.054690917763512,0.0,WELD_FOUND
101.09,0.0,0.0,0.0,0.0,0.0,0.0,0.0,0.0,0,0,0.0,0.0,1.054690917763512,nan,nan,NO_WELD
101.14,0.0,0.0,0.0,0.0,0.0,0.0,0.0,0.0,0,0,0.0,0.0,1.054690917763512,nan,nan,NO_WELD
101.19,0.0229723408349304,-0.05,0.0154723408349304,0.0304723408349304,0.0,0.0,0.0155,0.0305,0,0,0.0,0.0,2.109378420432439,2.109378420432439,0.0,WELD_FOUND
101.24,0.0229723408349304,-0.05,0.0154723408349304,0.0304723408349304,0.0,0.0,0.0155,0.0305,0,0,0.0,0.0,2.109378420432439,2.109378420432439,0.0,WELD_FOUND
101.29,0.0,0.0,0.0,0.0,0.0,0.0,0.0,0.0,0,0,0.0,0.0,2.109378420432439,nan,nan,NO_WELD
101.34,0.0,0.0,0.0,0.0,0.0,0.0,0.0,0.0,0,0,0.0,0.0,2.109378420432439,nan,nan,NO_WELD
101.39,0.016221192006803095,-0.05,0.008721192006803095,0.023721192006803095,0.0,0.0,0.0087,0.0237,0,0,0.0,0.0,3.5156285662866162,3.5156285662866162,0.0,WELD_FOUND
101.44,0.016221192006803095,-0.05,0.008721192006803095,0.023721192006803095,0.0,0.0,0.0087,0.0237,0,0,0.0,0.0,3.5156285662866162,3.5156285662866162,0.0,WELD_FOUND
101.49,0.0,0.0,0.0,0.0,0.0,0.0,0.0,0.0,0,0,0.0,0.0,3.5156285662866162,nan,nan,NO_WELD
101.54,0.0,0.0,0.0,0.0,0.0,0.0,0.0,0.0,0,0,0.0,0.0,3.5156285662866162,nan,nan,NO_WELD
101.59,0.0,0.0,0.0,0.0,0.0,0.0,0.0,0.0,0,0,0.0,0.0,3.5156285662866162,nan,nan,NO_WELD
101.64,0.0,0.0,0.0,0.0,0.0,0.0,0.0,0.0,0,0,0.0,0.0,3.5156285662866162,nan,nan,NO_WELD
101.691,0.0,0.0,0.0,0.0,0.0,0.0,0.0,0.0,0,0,0.0,0.0,4.921878712140794,4.921878712140794,0.0,WELD_FOUND
101.74,0.010297144939942942,-0.05,0.0027971449399429426,0.017797144939942944,0.0,0.0,0.0028,0.0178,0,0,0.0,0.0,4.921878712140794,4.921878712140794,0.0,WELD_FOUND
101.792,0.010297144939942942,-0.05,0.0027971449399429426,0.017797144939942944,0.0,0.0,0.0028,0.0178,0,0,0.0,0.0,4.921878712140794,4.921878712140794,0.0,WELD_FOUND
101.84,0.0,0.0,0.0,0.0,0.0,0.0,0.0,0.0,0,0,0.0,0.0,4.921878712140794,nan,nan,NO_WELD
101.89,0.0,0.0,0.0,0.0,0.0,0.0,0.0,0.0,0,0,0.0,0.0,4.921878712140794,nan,nan,NO_WELD
101.94,0.0,0.0,0.0,0.0,0.0,0.0,0.0,0.0,0,0,0.0,0.0,4.921878712140794,nan,nan,NO_WELD
101.99,0.0,0.0,0.0,0.0,0.0,0.0,0.0,0.0,0,0,0.0,0.0,4.921878712140794,nan,nan,NO_WELD
102.041,0.0,0.0,0.0,0.0,0.0,0.0,0.0,0.0,0,0,0.0,0.0,4.921878712140794,nan,nan,NO_WELD
102.091,0.0,0.0,0.0,0.0,0.0,0.0,0.0,0.0,0,0,0.0,0.0,4.921878712140794,nan,nan,NO_WELD
102.14,0.0,0.0,0.0,0.0,0.0,0.0,0.0,0.0,0,0,0.0,0.0,4.921878712140794,nan,nan,NO_WELD
102.19,0.0,0.0,0.0,0.0,0.0,0.0,0.0,0.0,0,0,0.0,0.0,4.921878712140794,nan,nan,NO_WELD
102.24,0.0,0.0,0.0,0.0,0.0,0.0,0.0,0.0,0,0,0.0,0.0,4.921878712140794,nan,nan,NO_WELD
102.29,0.0,0.0,0.0,0.0,0.0,0.0,0.0,0.0,0,0,0.0,0.0,4.921878712140794,nan,nan,NO_WELD
102.34,0.0,0.0,0.0,0.0,0.0,0.0,0.0,0.0,0,0,0.0,0.0,4.921878712140794,nan,nan,NO_WELD
102.39,0.0,0.0,0.0,0.0,0.0,0.0,0.0,0.0,0,0,0.0,0.0,4.921878712140794,nan,nan,NO_WELD
102.44,0.0,0.0,0.0,0.0,0.0,0.0,0.0,0.0,0,0,0.0,0.0,4.921878712140794,nan,nan,NO_WELD
102.49,0.0,0.0,0.0,0.0,0.0,0.0,0.0,0.0,0,0,0.0,0.0,4.921878712140794,nan,nan,NO_WELD
102.54,0.0,0.0,0.0,0.0,0.0,0.0,0.0,0.0,0,0,0.0,0.0,5.625003571624471,5.625003571624471,0.0,WELD_FOUND
102.59,0.0,0.0,0.0,0.0,0.0,0.0,0.0,0.0,0,0,0.0,0.0,5.625003571624471,5.625003571624471,0.0,WELD_FOUND
102.64,0.0,0.0,0.0,0.0,0.0,0.0,0.0,0.0,0,0,0.0,0.0,5.625003571624471,nan,nan,NO_WELD
102.69,0.0,0.0,0.0,0.0,0.0,0.0,0.0,0.0,0,0,0.0,0.0,5.625003571624471,nan,nan,NO_WELD
102.74,0.0,0.0,0.0,0.0,0.0,0.0,0.0,0.0,0,0,0.0,0.0,5.625003571624471,nan,nan,NO_WELD
102.79,0.0,0.0,0.0,0.0,0.0,0.0,0.0,0.0,0,0,0.0,0.0,5.625003571624471,nan,nan,NO_WELD
102.84,0.0,0.0,0.0,0.0,0.0,0.0,0.0,0.0,0,0,0.0,0.0,5.625003571624471,nan,nan,NO_WELD
102.89,0.0,0.0,0.0,0.0,0.0,0.0,0.0,0.0,0,0,0.0,0.0,5.625003571624471,nan,nan,NO_WELD
102.94,0.0,0.0,0.0,0.0,0.0,0.0,0.0,0.0,0,0,0.0,0.0,5.625003571624471,5.625003571624471,0.0,WELD_FOUND
102.99,0.0,0.0,0.0,0.0,0.0,0.0,0.0,0.0,0,0,0.0,0.0,5.625003571624471,5.625003571624471,0.0,WELD_FOUND
103.041,0.0,0.0,0.0,0.0,0.0,0.0,0.0,0.0,0,0,0.0,0.0,5.625003571624471,nan,nan,NO_WELD
103.09,0.0,0.0,0.0,0.0,0.0,0.0,0.0,0.0,0,0,0.0,0.0,5.625003571624471,nan,nan,NO_WELD
103.14,0.0,0.0,0.0,0.0,0.0,0.0,0.0,0.0,0,0,0.0,0.0,5.625003571624471,nan,nan,NO_WELD
103.19,0.0,0.0,0.0,0.0,0.0,0.0,0.0,0.0,0,0,0.0,0.0,5.625003571624471,nan,nan,NO_WELD
103.24,0.0,0.0,0.0,0.0,0.0,0.0,0.0,0.0,0,0,0.0,0.0,5.625003571624471,nan,nan,NO_WELD
103.29,0.0,0.0,0.0,0.0,0.0,0.0,0.0,0.0,0,0,0.0,0.0,5.625003571624471,nan,nan,NO_WELD
103.34,0.0,0.0,0.0,0.0,0.0,0.0,0.0,0.0,0,0,0.0,0.0,5.625003571624471,nan,nan,NO_WELD
103.39,0.0,0.0,0.0,0.0,0.0,0.0,0.0,0.0,0,0,0.0,0.0,5.625003571624471,nan,nan,NO_WELD
103.44,0.0,0.0,0.0,0.0,0.0,0.0,0.0,0.0,0,0,0.0,0.0,5.625003571624471,nan,nan,NO_WELD
103.49,0.0,0.0,0.0,0.0,0.0,0.0,0.0,0.0,0,0,0.0,0.0,5.625003571624471,nan,nan,NO_WELD
103.54,0.0,0.0,0.0,0.0,0.0,0.0,0.0,0.0,0,0,0.0,0.0,5.625003571624471,nan,nan,NO_WELD
103.59,0.0,0.0,0.0,0.0,0.0,0.0,0.0,0.0,0,0,0.0,0.0,5.625003571624471,nan,nan,NO_WELD
103.64,0.0,0.0,0.0,0.0,0.0,0.0,0.0,0.0,0,0,0.0,0.0,5.625003571624471,nan,nan,NO_WELD
103.69,0.0,0.0,0.0,0.0,0.0,0.0,0.0,0.0,0,0,0.0,0.0,5.625003571624471,nan,nan,NO_WELD
103.74,0.0,0.0,0.0,0.0,0.0,0.0,0.0,0.0,0,0,0.0,0.0,5.625003571624471,nan,nan,NO_WELD
103.79,0.0,0.0,0.0,0.0,0.0,0.0,0.0,0.0,0,0,0.0,0.0,5.625003571624471,nan,nan,NO_WELD
103.84,0.0,0.0,0.0,0.0,0.0,0.0,0.0,0.0,0,0,0.0,0.0,3.5156285662866162,3.5156285662866162,0.0,WELD_FOUND
103.89,0.0,0.0,0.0,0.0,0.0,0.0,0.0,0.0,0,0,0.0,0.0,3.5156285662866162,3.5156285662866162,0.0,WELD_FOUND
103.94,0.0,0.0,0.0,0.0,0.0,0.0,0.0,0.0,0,0,0.0,0.0,3.5156285662866162,nan,nan,NO_WELD
103.99,0.0,0.0,0.0,0.0,0.0,0.0,0.0,0.0,0,0,0.0,0.0,3.5156285662866162,nan,nan,NO_WELD
104.041,0.0,0.0,0.0,0.0,0.0,0.0,0.0,0.0,0,0,0.0,0.0,3.5156285662866162,nan,nan,NO_WELD
104.09,0.0,0.0,0.0,0.0,0.0,0.0,0.0,0.0,0,0,0.0,0.0,3.5156285662866162,nan,nan,NO_WELD
104.14,0.0,0.0,0.0,0.0,0.0,0.0,0.0,0.0,0,0,0.0,0.0,3.5156285662866162,nan,nan,NO_WELD
104.19,0.0,0.0,0.0,0.0,0.0,0.0,0.0,0.0,0,0,0.0,0.0,3.5156285662866162,nan,nan,NO_WELD
104.24,0.0,0.0,0.0,0.0,0.0,0.0,0.0,0.0,0,0,0.0,0.0,2.109378420432439,2.109378420432439,0.0,WELD_FOUND
104.29,0.0,0.0,0.0,0.0,0.0,0.0,0.0,0.0,0,0,0.0,0.0,2.109378420432439,2.109378420432439,0.0,WELD_FOUND
104.34,0.02377675903516045,-0.05,0.01627675903516045,0.031276759035160445,0.0,0.0,0.0163,0.0313,0,0,0.0,0.0,1.4062534542270564,1.7578159906906006,-0.3515625364635442,WELD_FOUND
104.39,0.02377675903516045,-0.05,0.01627675903516045,0.031276759035160445,0.0,0.0,0.0163,0.0313,0,0,0.0,0.0,1.4062534542270564,1.7578159906906006,-0.3515625364635442,WELD_FOUND
104.44,0.0,0.0,0.0,0.0,0.0,0.0,0.0,0.0,0,0,0.0,0.0,1.4062534542270564,nan,nan,NO_WELD
104.49,0.0,0.0,0.0,0.0,0.0,0.0,0.0,0.0,0,0,0.0,0.0,1.4062534542270564,nan,nan,NO_WELD
104.54,0.0,0.0,0.0,0.0,0.0,0.0,0.0,0.0,0,0,0.0,0.0,1.4062534542270564,nan,nan,NO_WELD
104.59,0.0,0.0,0.0,0.0,0.0,0.0,0.0,0.0,0,0,0.0,0.0,1.4062534542270564,nan,nan,NO_WELD
104.64,0.019157889015479386,-0.05,0.011657889015479386,0.026657889015479386,0.0,0.0,0.0117,0.0267,0,0,0.0,0.0,2.812503493359528,2.812503493359528,0.0,WELD_FOUND
104.69,0.019157889015479386,-0.05,0.011657889015479386,0.026657889015479386,0.0,0.0,0.0117,0.0267,0,0,0.0,0.0,2.812503493359528,2.812503493359528,0.0,WELD_FOUND
104.74,0.0,0.0,0.0,0.0,0.0,0.0,0.0,0.0,0,0,0.0,0.0,2.812503493359528,nan,nan,NO_WELD
104.79,0.0,0.0,0.0,0.0,0.0,0.0,0.0,0.0,0,0,0.0,0.0,2.812503493359528,nan,nan,NO_WELD
104.84,0.0,0.0,0.0,0.0,0.0,0.0,0.0,0.0,0,0,0.0,0.0,2.812503493359528,nan,nan,NO_WELD
104.89,0.0,0.0,0.0,0.0,0.0,0.0,0.0,0.0,0,0,0.0,0.0,2.812503493359528,nan,nan,NO_WELD
104.94,0.014273052825641449,-0.05,0.006773052825641449,0.02177305282564145,0.0,0.0,0.0068,0.0218,0,0,0.0,0.0,3.8671912094718666,3.8671912094718666,0.0,WELD_FOUND
104.99,0.014273052825641449,-0.05,0.006773052825641449,0.02177305282564145,0.0,0.0,0.0068,0.0218,0,0,0.0,0.0,3.8671912094718666,3.8671912094718666,0.0,WELD_FOUND
105.041,0.0,0.0,0.0,0.0,0.0,0.0,0.0,0.0,0,0,0.0,0.0,3.8671912094718666,nan,nan,NO_WELD
105.09,0.0,0.0,0.0,0.0,0.0,0.0,0.0,0.0,0,0,0.0,0.0,3.8671912094718666,nan,nan,NO_WELD
105.14,0.0,0.0,0.0,0.0,0.0,0.0,0.0,0.0,0,0,0.0,0.0,3.8671912094718666,nan,nan,NO_WELD
105.19,0.0,0.0,0.0,0.0,0.0,0.0,0.0,0.0,0,0,0.0,0.0,3.8671912094718666,nan,nan,NO_WELD
105.24,0.0,0.0,0.0,0.0,0.0,0.0,0.0,0.0,0,0,0.0,0.0,3.8671912094718666,nan,nan,NO_WELD
105.29,0.0,0.0,0.0,0.0,0.0,0.0,0.0,0.0,0,0,0.0,0.0,3.8671912094718666,nan,nan,NO_WELD
105.34,0.0,0.0,0.0,0.0,0.0,0.0,0.0,0.0,0,0,0.0,0.0,1.7578159906906006,1.7578159906906006,0.0,WELD_FOUND
105.39,0.0,0.0,0.0,0.0,0.0,0.0,0.0,0.0,0,0,0.0,0.0,1.7578159906906006,1.7578159906906006,0.0,WELD_FOUND
105.44,0.03025113731584426,-0.03434537648242114,0.02509933084348109,0.035402943788207436,0.0,0.0,0.0251,0.0354,0,0,0.0,0.0,-0.35155909468853286,0.7031284346608206,-1.0546875293493536,WELD_FOUND
105.49,0.03025113731584426,-0.03434537648242114,0.02509933084348109,0.035402943788207436,0.0,0.0,0.0251,0.0354,0,0,0.0,0.0,-0.35155909468853286,0.7031284346608206,-1.0546875293493536,WELD_FOUND
105.54,0.035,0.0,0.035,0.035,0.0,0.0,0.035,0.035,0,0,0.0,0.0,3.4150945850063755e-06,3.4150945850063755e-06,0.0,WELD_FOUND
105.59,0.035,0.0,0.035,0.035,0.0,0.0,0.035,0.035,0,0,0.0,0.0,3.4150945850063755e-06,3.4150945850063755e-06,0.0,WELD_FOUND
105.64,0.035,0.0,0.035,0.035,0.0,0.0,0.035,0.035,0,0,0.0,0.0,3.4150945850063755e-06,3.4150945850063755e-06,0.0,WELD_FOUND
105.69,0.035,0.0,0.035,0.035,0.0,0.0,0.035,0.035,0,0,0.0,0.0,3.4150945850063755e-06,3.4150945850063755e-06,0.0,WELD_FOUND
105.74,0.0,0.0,0.0,0.0,0.0,0.0,0.0,0.0,0,0,0.0,0.0,3.4150945850063755e-06,nan,nan,NO_WELD
105.79,0.0,0.0,0.0,0.0,0.0,0.0,0.0,0.0,0,0,0.0,0.0,3.4150945850063755e-06,nan,nan,NO_WELD
105.84,0.033097237393775174,0.015615478673532409,0.035439559194805036,0.030754915592745312,0.0,0.0,0.0354,0.0308,0,0,0.0,0.0,-0.35155909468853286,-0.35155909468853286,0.0,WELD_FOUND
105.89,0.033097237393775174,0.015615478673532409,0.035439559194805036,0.030754915592745312,0.0,0.0,0.0354,0.0308,0,0,0.0,0.0,-0.35155909468853286,-0.35155909468853286,0.0,WELD_FOUND
105.94,0.03247980392110236,-0.032617824750460975,0.027587130208533216,0.037372477633671505,0.0,0.0,0.0276,0.0374,0,0,0.0,0.0,1.4062534542270564,0.5273471664290486,0.8789062877980078,WELD_FOUND
105.99,0.03247980392110236,-0.032617824750460975,0.027587130208533216,0.037372477633671505,0.0,0.0,0.0276,0.0374,0,0,0.0,0.0,1.4062534542270564,0.5273471664290486,0.8789062877980078,WELD_FOUND
106.041,0.027114143719645843,-0.0741299304319816,0.015994654154848603,0.03823363328444308,0.0,0.0,0.016,0.0382,0,0,0.0,0.0,1.7578159906906006,1.4062534542270564,0.3515625364635442,WELD_FOUND
106.09,0.027114143719645843,-0.0741299304319816,0.015994654154848603,0.03823363328444308,0.0,0.0,0.016,0.0382,0,0,0.0,0.0,1.7578159906906006,1.4062534542270564,0.3515625364635442,WELD_FOUND
106.14,0.02525598419964389,-0.07355654496187555,0.014222502455362558,0.03628946594392522,0.0,0.0,0.0142,0.0363,0,0,0.0,0.0,3.8671912094718666,1.5820346690979756,2.285156540373891,WELD_FOUND
106.19,0.02525598419964389,-0.07355654496187555,0.014222502455362558,0.03628946594392522,0.0,0.0,0.0142,0.0363,0,0,0.0,0.0,3.8671912094718666,1.5820346690979756,2.285156540373891,WELD_FOUND
106.24,0.025729341799220335,-0.06015007874203139,0.016706829987915627,0.034751853610525046,0.0,0.0,0.0167,0.0348,0,0,0.0,0.0,1.4062534542270564,1.4062534542270564,0.0,WELD_FOUND
106.29,0.025729341799220335,-0.06015007874203139,0.016706829987915627,0.034751853610525046,0.0,0.0,0.0167,0.0348,0,0,0.0,0.0,1.4062534542270564,1.4062534542270564,0.0,WELD_FOUND
106.34,0.025824540699689934,-0.06112244578928603,0.01665617383129703,0.034992907568082834,0.0,0.0,0.0167,0.035,0,0,0.0,0.0,0.35156592487770283,1.4062534542270564,-1.0546875293493536,WELD_FOUND
106.39,0.025824540699689934,-0.06112244578928603,0.01665617383129703,0.034992907568082834,0.0,0.0,0.0167,0.035,0,0,0.0,0.0,0.35156592487770283,1.4062534542270564,-1.0546875293493536,WELD_FOUND
106.44,0.0,0.0,0.0,0.0,0.0,0.0,0.0,0.0,0,0,0.0,0.0,0.35156592487770283,nan,nan,NO_WELD
106.49,0.0,0.0,0.0,0.0,0.0,0.0,0.0,0.0,0,0,0.0,0.0,0.35156592487770283,nan,nan,NO_WELD
106.54,0.0,0.0,0.0,0.0,0.0,0.0,0.0,0.0,0,0,0.0,0.0,0.35156592487770283,nan,nan,NO_WELD
106.59,0.0,0.0,0.0,0.0,0.0,0.0,0.0,0.0,0,0,0.0,0.0,0.35156592487770283,nan,nan,NO_WELD
106.64,0.0,0.0,0.0,0.0,0.0,0.0,0.0,0.0,0,0,0.0,0.0,0.35156592487770283,nan,nan,NO_WELD
106.69,0.0,0.0,0.0,0.0,0.0,0.0,0.0,0.0,0,0,0.0,0.0,0.35156592487770283,nan,nan,NO_WELD
106.74,0.0,0.0,0.0,0.0,0.0,0.0,0.0,0.0,0,0,0.0,0.0,0.35156592487770283,nan,nan,NO_WELD
106.79,0.0,0.0,0.0,0.0,0.0,0.0,0.0,0.0,0,0,0.0,0.0,0.35156592487770283,nan,nan,NO_WELD
106.84,0.0,0.0,0.0,0.0,0.0,0.0,0.0,0.0,0,0,0.0,0.0,0.35156592487770283,nan,nan,NO_WELD
106.89,0.0,0.0,0.0,0.0,0.0,0.0,0.0,0.0,0,0,0.0,0.0,0.35156592487770283,nan,nan,NO_WELD
106.94,0.0,0.0,0.0,0.0,0.0,0.0,0.0,0.0,0,0,0.0,0.0,0.35156592487770283,nan,nan,NO_WELD
106.99,0.0,0.0,0.0,0.0,0.0,0.0,0.0,0.0,0,0,0.0,0.0,0.35156592487770283,nan,nan,NO_WELD
107.041,0.0,0.0,0.0,0.0,0.0,0.0,0.0,0.0,0,0,0.0,0.0,0.35156592487770283,nan,nan,NO_WELD
107.09,0.0,0.0,0.0,0.0,0.0,0.0,0.0,0.0,0,0,0.0,0.0,0.35156592487770283,nan,nan,NO_WELD
107.14,0.0,0.0,0.0,0.0,0.0,0.0,0.0,0.0,0,0,0.0,0.0,0.35156592487770283,nan,nan,NO_WELD
107.19,0.0,0.0,0.0,0.0,0.0,0.0,0.0,0.0,0,0,0.0,0.0,0.35156592487770283,nan,nan,NO_WELD
107.24,0.0,0.0,0.0,0.0,0.0,0.0,0.0,0.0,0,0,0.0,0.0,0.35156592487770283,nan,nan,NO_WELD
107.29,0.0,0.0,0.0,0.0,0.0,0.0,0.0,0.0,0,0,0.0,0.0,0.35156592487770283,nan,nan,NO_WELD
107.34,0.0,0.0,0.0,0.0,0.0,0.0,0.0,0.0,0,0,0.0,0.0,3.4150945850063755e-06,3.4150945850063755e-06,0.0,WELD_FOUND
107.39,0.0,0.0,0.0,0.0,0.0,0.0,0.0,0.0,0,0,0.0,0.0,3.4150945850063755e-06,3.4150945850063755e-06,0.0,WELD_FOUND
107.44,0.029118000872795414,-0.040431405892258486,0.02305328998895664,0.035182711756634184,0.0,0.0,0.0231,0.0352,0,0,0.0,0.0,1.7578159906906006,0.8789097028925928,0.8789062877980077,WELD_FOUND
107.49,0.029118000872795414,-0.040431405892258486,0.02305328998895664,0.035182711756634184,0.0,0.0,0.0231,0.0352,0,0,0.0,0.0,1.7578159906906006,0.8789097028925928,0.8789062877980077,WELD_FOUND
107.54,0.0,0.0,0.0,0.0,0.0,0.0,0.0,0.0,0,0,0.0,0.0,1.7578159906906006,nan,nan,NO_WELD
107.59,0.0,0.0,0.0,0.0,0.0,0.0,0.0,0.0,0,0,0.0,0.0,1.7578159906906006,nan,nan,NO_WELD
107.64,0.0,0.0,0.0,0.0,0.0,0.0,0.0,0.0,0,0,0.0,0.0,1.7578159906906006,nan,nan,NO_WELD
107.69,0.0,0.0,0.0,0.0,0.0,0.0,0.0,0.0,0,0,0.0,0.0,1.7578159906906006,nan,nan,NO_WELD
107.74,0.018615570110353696,-0.05,0.011115570110353697,0.026115570110353696,0.0,0.0,0.0111,0.0261,0,0,0.0,0.0,3.1640659231013664,3.1640659231013664,0.0,WELD_FOUND
107.79,0.018615570110353696,-0.05,0.011115570110353697,0.026115570110353696,0.0,0.0,0.0111,0.0261,0,0,0.0,0.0,3.1640659231013664,3.1640659231013664,0.0,WELD_FOUND
107.84,0.0,0.0,0.0,0.0,0.0,0.0,0.0,0.0,0,0,0.0,0.0,3.1640659231013664,nan,nan,NO_WELD
107.89,0.0,0.0,0.0,0.0,0.0,0.0,0.0,0.0,0,0,0.0,0.0,3.1640659231013664,nan,nan,NO_WELD
107.94,0.0,0.0,0.0,0.0,0.0,0.0,0.0,0.0,0,0,0.0,0.0,3.1640659231013664,nan,nan,NO_WELD
107.99,0.0,0.0,0.0,0.0,0.0,0.0,0.0,0.0,0,0,0.0,0.0,3.1640659231013664,nan,nan,NO_WELD
108.041,0.0106688525409602,-0.05,0.0031688525409602,0.0181688525409602,0.0,0.0,0.0032,0.0182,0,0,0.0,0.0,4.921878712140794,4.921878712140794,0.0,WELD_FOUND
108.09,0.0106688525409602,-0.05,0.0031688525409602,0.0181688525409602,0.0,0.0,0.0032,0.0182,0,0,0.0,0.0,4.921878712140794,4.921878712140794,0.0,WELD_FOUND
108.14,0.0,0.0,0.0,0.0,0.0,0.0,0.0,0.0,0,0,0.0,0.0,4.921878712140794,nan,nan,NO_WELD
108.19,0.0,0.0,0.0,0.0,0.0,0.0,0.0,0.0,0,0,0.0,0.0,4.921878712140794,nan,nan,NO_WELD
108.24,0.0,0.0,0.0,0.0,0.0,0.0,0.0,0.0,0,0,0.0,0.0,4.921878712140794,nan,nan,NO_WELD
108.29,0.0,0.0,0.0,0.0,0.0,0.0,0.0,0.0,0,0,0.0,0.0,4.921878712140794,nan,nan,NO_WELD
108.34,0.016443093218915093,-0.05,0.008943093218915094,0.023943093218915093,0.0,0.0,0.0089,0.0239,0,0,0.0,0.0,2.812503493359528,2.812503493359528,0.0,WELD_FOUND
108.39,0.016443093218915093,-0.05,0.008943093218915094,0.023943093218915093,0.0,0.0,0.0089,0.0239,0,0,0.0,0.0,2.812503493359528,2.812503493359528,0.0,WELD_FOUND
108.44,0.018455107443843,-0.1,0.0034551074438429995,0.033455107443843,0.0,0.0,0.0035,0.0335,0,0,0.0,0.0,2.4609410636176894,2.6367221717669027,-0.17578110814921333,WELD_FOUND
108.49,0.018455107443843,-0.1,0.0034551074438429995,0.033455107443843,0.0,0.0,0.0035,0.0335,0,0,0.0,0.0,2.4609410636176894,2.6367221717669027,-0.17578110814921333,WELD_FOUND
108.54,0.0,0.0,0.0,0.0,0.0,0.0,0.0,0.0,0,0,0.0,0.0,2.4609410636176894,nan,nan,NO_WELD
108.59,0.0,0.0,0.0,0.0,0.0,0.0,0.0,0.0,0,0,0.0,0.0,2.4609410636176894,nan,nan,NO_WELD
108.64,0.02593743829821069,-0.043191546398225505,0.019458706338476864,0.032416170257944514,0.0,0.0,0.0195,0.0324,0,0,0.0,0.0,1.054690917763512,1.054690917763512,0.0,WELD_FOUND
108.69,0.02593743829821069,-0.043191546398225505,0.019458706338476864,0.032416170257944514,0.0,0.0,0.0195,0.0324,0,0,0.0,0.0,1.054690917763512,1.054690917763512,0.0,WELD_FOUND
108.74,0.02338974716902274,-0.09090209823113932,0.009754432434351841,0.03702506190369364,0.0,0.0,0.0098,0.037,0,0,0.0,0.0,2.812503493359528,1.9335973122832257,0.8789061810763021,WELD_FOUND
108.79,0.02338974716902274,-0.09090209823113932,0.009754432434351841,0.03702506190369364,0.0,0.0,0.0098,0.037,0,0,0.0,0.0,2.812503493359528,1.9335973122832257,0.8789061810763021,WELD_FOUND
108.84,0.01908818876327325,-0.13478755424257668,-0.0011299443731132529,0.039306321899659755,0.0,0.0,-0.0011,0.0393,0,0,0.0,0.0,4.921878712140794,2.812503493359528,2.109375218781266,WELD_FOUND
108.89,0.01908818876327325,-0.13478755424257668,-0.0011299443731132529,0.039306321899659755,0.0,0.0,-0.0011,0.0393,0,0,0.0,0.0,4.921878712140794,2.812503493359528,2.109375218781266,WELD_FOUND
108.94,0.014261012093742849,-0.18375904482384145,-0.013302844629833369,0.04182486881731907,0.0,0.0,-0.0133,0.0418,0,0,0.0,0.0,6.679691074293397,3.8671912094718666,2.8124998648215307,WELD_FOUND
108.99,0.014261012093742849,-0.18375904482384145,-0.013302844629833369,0.04182486881731907,0.0,0.0,-0.0133,0.0418,0,0,0.0,0.0,6.679691074293397,3.8671912094718666,2.8124998648215307,WELD_FOUND
109.041,0.00997726414143837,-0.23072111787153404,-0.02463090353929174,0.044585431822168474,0.0,0.0,-0.0246,0.0446,0,0,0.0,0.0,6.679691074293397,4.921878712140794,1.7578123621526034,WELD_FOUND
109.09,0.00997726414143837,-0.23072111787153404,-0.02463090353929174,0.044585431822168474,0.0,0.0,-0.0246,0.0446,0,0,0.0,0.0,6.679691074293397,4.921878712140794,1.7578123621526034,WELD_FOUND
109.14,0.005,-0.28072111787153403,-0.03710816768073011,0.047108167680730104,0.0,0.0,-0.0371,0.0471,0,0,0.0,0.0,6.679691074293397,6.679691074293397,0.0,WELD_FOUND
109.19,0.005,-0.28072111787153403,-0.03710816768073011,0.047108167680730104,0.0,0.0,-0.0371,0.0471,0,0,0.0,0.0,6.679691074293397,6.679691074293397,0.0,WELD_FOUND
109.24,0.0,0.0,0.0,0.0,0.0,0.0,0.0,0.0,0,0,0.0,0.0,6.679691074293397,nan,nan,NO_WELD
109.29,0.0,0.0,0.0,0.0,0.0,0.0,0.0,0.0,0,0,0.0,0.0,6.679691074293397,nan,nan,NO_WELD
109.34,0.0,0.0,0.0,0.0,0.0,0.0,0.0,0.0,0,0,0.0,0.0,6.679691074293397,nan,nan,NO_WELD
109.39,0.0,0.0,0.0,0.0,0.0,0.0,0.0,0.0,0,0,0.0,0.0,6.679691074293397,nan,nan,NO_WELD
109.44,0.0,0.0,0.0,0.0,0.0,0.0,0.0,0.0,0,0,0.0,0.0,6.679691074293397,nan,nan,NO_WELD
109.49,0.0,0.0,0.0,0.0,0.0,0.0,0.0,0.0,0,0,0.0,0.0,6.679691074293397,nan,nan,NO_WELD
109.54,0.0,0.0,0.0,0.0,0.0,0.0,0.0,0.0,0,0,0.0,0.0,6.679691074293397,nan,nan,NO_WELD
109.59,0.0,0.0,0.0,0.0,0.0,0.0,0.0,0.0,0,0,0.0,0.0,6.679691074293397,nan,nan,NO_WELD
109.64,0.0,0.0,0.0,0.0,0.0,0.0,0.0,0.0,0,0,0.0,0.0,6.679691074293397,nan,nan,NO_WELD
109.69,0.0,0.0,0.0,0.0,0.0,0.0,0.0,0.0,0,0,0.0,0.0,6.679691074293397,nan,nan,NO_WELD
109.74,0.0,0.0,0.0,0.0,0.0,0.0,0.0,0.0,0,0,0.0,0.0,3.8671912094718666,3.8671912094718666,0.0,WELD_FOUND
109.79,0.0,0.0,0.0,0.0,0.0,0.0,0.0,0.0,0,0,0.0,0.0,3.8671912094718666,3.8671912094718666,0.0,WELD_FOUND
109.84,0.0,0.0,0.0,0.0,0.0,0.0,0.0,0.0,0,0,0.0,0.0,3.8671912094718666,nan,nan,NO_WELD
109.89,0.0,0.0,0.0,0.0,0.0,0.0,0.0,0.0,0,0,0.0,0.0,3.8671912094718666,nan,nan,NO_WELD
109.94,0.014716475511625355,-0.05,0.007216475511625355,0.022216475511625353,0.0,0.0,0.0072,0.0222,0,0,0.0,0.0,3.5156285662866162,3.5156285662866162,0.0,WELD_FOUND
109.99,0.014716475511625355,-0.05,0.007216475511625355,0.022216475511625353,0.0,0.0,0.0072,0.0222,0,0,0.0,0.0,3.5156285662866162,3.5156285662866162,0.0,WELD_FOUND
110.041,0.013467549935098563,-0.1,-0.001532450064901436,0.028467549935098563,0.0,0.0,-0.0015,0.0285,0,0,0.0,0.0,4.218753425770293,3.8671912094718666,0.35156221629842666,WELD_FOUND
110.09,0.013467549935098563,-0.1,-0.001532450064901436,0.028467549935098563,0.0,0.0,-0.0015,0.0285,0,0,0.0,0.0,4.218753425770293,3.8671912094718666,0.35156221629842666,WELD_FOUND
110.14,0.0,0.0,0.0,0.0,0.0,0.0,0.0,0.0,0,0,0.0,0.0,4.218753425770293,nan,nan,NO_WELD
110.19,0.0,0.0,0.0,0.0,0.0,0.0,0.0,0.0,0,0,0.0,0.0,4.218753425770293,nan,nan,NO_WELD
110.24,0.0,0.0,0.0,0.0,0.0,0.0,0.0,0.0,0,0,0.0,0.0,4.218753425770293,nan,nan,NO_WELD
110.29,0.0,0.0,0.0,0.0,0.0,0.0,0.0,0.0,0,0,0.0,0.0,4.218753425770293,nan,nan,NO_WELD
110.34,0.0,0.0,0.0,0.0,0.0,0.0,0.0,0.0,0,0,0.0,0.0,4.218753425770293,nan,nan,NO_WELD
110.39,0.0,0.0,0.0,0.0,0.0,0.0,0.0,0.0,0,0,0.0,0.0,4.218753425770293,nan,nan,NO_WELD
110.44,0.0,0.0,0.0,0.0,0.0,0.0,0.0,0.0,0,0,0.0,0.0,4.218753425770293,nan,nan,NO_WELD
110.49,0.0,0.0,0.0,0.0,0.0,0.0,0.0,0.0,0,0,0.0,0.0,4.218753425770293,nan,nan,NO_WELD
110.541,0.0,0.0,0.0,0.0,0.0,0.0,0.0,0.0,0,0,0.0,0.0,4.218753425770293,nan,nan,NO_WELD
110.59,0.0,0.0,0.0,0.0,0.0,0.0,0.0,0.0,0,0,0.0,0.0,4.218753425770293,nan,nan,NO_WELD
110.64,0.0,0.0,0.0,0.0,0.0,0.0,0.0,0.0,0,0,0.0,0.0,4.218753425770293,nan,nan,NO_WELD
110.69,0.0,0.0,0.0,0.0,0.0,0.0,0.0,0.0,0,0,0.0,0.0,4.218753425770293,nan,nan,NO_WELD
110.74,0.0,0.0,0.0,0.0,0.0,0.0,0.0,0.0,0,0,0.0,0.0,4.218753425770293,nan,nan,NO_WELD
110.79,0.0,0.0,0.0,0.0,0.0,0.0,0.0,0.0,0,0,0.0,0.0,2.812503493359528,2.812503493359528,0.0,WELD_FOUND
110.84,0.0,0.0,0.0,0.0,0.0,0.0,0.0,0.0,0,0,0.0,0.0,2.812503493359528,2.812503493359528,0.0,WELD_FOUND
110.89,0.0,0.0,0.0,0.0,0.0,0.0,0.0,0.0,0,0,0.0,0.0,2.812503493359528,nan,nan,NO_WELD
110.94,0.0,0.0,0.0,0.0,0.0,0.0,0.0,0.0,0,0,0.0,0.0,2.812503493359528,nan,nan,NO_WELD
110.99,0.014716475511625355,-0.05,0.007216475511625355,0.022216475511625353,0.0,0.0,0.0072,0.0222,0,0,0.0,0.0,3.5156285662866162,3.5156285662866162,0.0,WELD_FOUND
111.041,0.014716475511625355,-0.05,0.007216475511625355,0.022216475511625353,0.0,0.0,0.0072,0.0222,0,0,0.0,0.0,3.5156285662866162,3.5156285662866162,0.0,WELD_FOUND
111.09,0.0,0.0,0.0,0.0,0.0,0.0,0.0,0.0,0,0,0.0,0.0,3.5156285662866162,nan,nan,NO_WELD
111.14,0.0,0.0,0.0,0.0,0.0,0.0,0.0,0.0,0,0,0.0,0.0,3.5156285662866162,nan,nan,NO_WELD
111.19,0.0,0.0,0.0,0.0,0.0,0.0,0.0,0.0,0,0,0.0,0.0,3.5156285662866162,nan,nan,NO_WELD
111.24,0.0,0.0,0.0,0.0,0.0,0.0,0.0,0.0,0,0,0.0,0.0,3.5156285662866162,nan,nan,NO_WELD
111.29,0.0,0.0,0.0,0.0,0.0,0.0,0.0,0.0,0,0,0.0,0.0,3.5156285662866162,nan,nan,NO_WELD
111.34,0.0,0.0,0.0,0.0,0.0,0.0,0.0,0.0,0,0,0.0,0.0,3.5156285662866162,nan,nan,NO_WELD
111.39,0.0,0.0,0.0,0.0,0.0,0.0,0.0,0.0,0,0,0.0,0.0,3.5156285662866162,nan,nan,NO_WELD
111.44,0.0,0.0,0.0,0.0,0.0,0.0,0.0,0.0,0,0,0.0,0.0,3.5156285662866162,nan,nan,NO_WELD
111.49,0.0,0.0,0.0,0.0,0.0,0.0,0.0,0.0,0,0,0.0,0.0,3.5156285662866162,nan,nan,NO_WELD
111.54,0.0,0.0,0.0,0.0,0.0,0.0,0.0,0.0,0,0,0.0,0.0,3.5156285662866162,nan,nan,NO_WELD
111.59,0.0,0.0,0.0,0.0,0.0,0.0,0.0,0.0,0,0,0.0,0.0,3.5156285662866162,nan,nan,NO_WELD
111.64,0.0,0.0,0.0,0.0,0.0,0.0,0.0,0.0,0,0,0.0,0.0,3.5156285662866162,nan,nan,NO_WELD
111.69,0.0,0.0,0.0,0.0,0.0,0.0,0.0,0.0,0,0,0.0,0.0,3.5156285662866162,nan,nan,NO_WELD
111.74,0.0,0.0,0.0,0.0,0.0,0.0,0.0,0.0,0,0,0.0,0.0,3.5156285662866162,nan,nan,NO_WELD
111.79,0.0,0.0,0.0,0.0,0.0,0.0,0.0,0.0,0,0,0.0,0.0,3.5156285662866162,nan,nan,NO_WELD
111.84,0.0,0.0,0.0,0.0,0.0,0.0,0.0,0.0,0,0,0.0,0.0,3.5156285662866162,nan,nan,NO_WELD
111.89,0.0,0.0,0.0,0.0,0.0,0.0,0.0,0.0,0,0,0.0,0.0,2.109378420432439,2.109378420432439,0.0,WELD_FOUND
111.94,0.0,0.0,0.0,0.0,0.0,0.0,0.0,0.0,0,0,0.0,0.0,2.109378420432439,2.109378420432439,0.0,WELD_FOUND
111.99,0.0,0.0,0.0,0.0,0.0,0.0,0.0,0.0,0,0,0.0,0.0,2.109378420432439,nan,nan,NO_WELD
112.041,0.0,0.0,0.0,0.0,0.0,0.0,0.0,0.0,0,0,0.0,0.0,2.109378420432439,nan,nan,NO_WELD
112.09,0.028006494101859913,-0.04851711559310335,0.02072892676289441,0.035284061440825416,0.0,0.0,0.0207,0.0353,0,0,0.0,0.0,1.054690917763512,1.054690917763512,0.0,WELD_FOUND
112.14,0.028006494101859913,-0.04851711559310335,0.02072892676289441,0.035284061440825416,0.0,0.0,0.0207,0.0353,0,0,0.0,0.0,1.054690917763512,1.054690917763512,0.0,WELD_FOUND
112.19,0.0229723408349304,-0.09851711559310336,0.008194773495964897,0.0377499081738959,0.0,0.0,0.0082,0.0377,0,0,0.0,0.0,3.1640659231013664,2.109378420432439,1.0546875026689273,WELD_FOUND
112.24,0.0229723408349304,-0.09851711559310336,0.008194773495964897,0.0377499081738959,0.0,0.0,0.0082,0.0377,0,0,0.0,0.0,3.1640659231013664,2.109378420432439,1.0546875026689273,WELD_FOUND
112.29,0.0,0.0,0.0,0.0,0.0,0.0,0.0,0.0,0,0,0.0,0.0,3.1640659231013664,nan,nan,NO_WELD
112.34,0.0,0.0,0.0,0.0,0.0,0.0,0.0,0.0,0,0,0.0,0.0,3.1640659231013664,nan,nan,NO_WELD
112.39,0.01244949975099767,-0.05,0.00494949975099767,0.01994949975099767,0.0,0.0,0.0049,0.0199,0,0,0.0,0.0,4.5703160689555435,4.5703160689555435,0.0,WELD_FOUND
112.44,0.01244949975099767,-0.05,0.00494949975099767,0.01994949975099767,0.0,0.0,0.0049,0.0199,0,0,0.0,0.0,4.5703160689555435,4.5703160689555435,0.0,WELD_FOUND
112.49,0.0,0.0,0.0,0.0,0.0,0.0,0.0,0.0,0,0,0.0,0.0,4.5703160689555435,nan,nan,NO_WELD
112.54,0.0,0.0,0.0,0.0,0.0,0.0,0.0,0.0,0,0,0.0,0.0,4.5703160689555435,nan,nan,NO_WELD
112.59,0.0,0.0,0.0,0.0,0.0,0.0,0.0,0.0,0,0,0.0,0.0,4.5703160689555435,nan,nan,NO_WELD
112.64,0.0,0.0,0.0,0.0,0.0,0.0,0.0,0.0,0,0,0.0,0.0,4.5703160689555435,nan,nan,NO_WELD
112.69,0.015531729159030068,-0.05,0.008031729159030068,0.023031729159030068,0.0,0.0,0.008,0.023,0,0,0.0,0.0,3.1640659231013664,3.1640659231013664,0.0,WELD_FOUND
112.74,0.015531729159030068,-0.05,0.008031729159030068,0.023031729159030068,0.0,0.0,0.008,0.023,0,0,0.0,0.0,3.1640659231013664,3.1640659231013664,0.0,WELD_FOUND
112.79,0.0,0.0,0.0,0.0,0.0,0.0,0.0,0.0,0,0,0.0,0.0,3.1640659231013664,nan,nan,NO_WELD
112.84,0.0,0.0,0.0,0.0,0.0,0.0,0.0,0.0,0,0,0.0,0.0,3.1640659231013664,nan,nan,NO_WELD
112.89,0.0,0.0,0.0,0.0,0.0,0.0,0.0,0.0,0,0,0.0,0.0,3.1640659231013664,nan,nan,NO_WELD
112.94,0.0,0.0,0.0,0.0,0.0,0.0,0.0,0.0,0,0,0.0,0.0,3.1640659231013664,nan,nan,NO_WELD
112.99,0.0,0.0,0.0,0.0,0.0,0.0,0.0,0.0,0,0,0.0,0.0,3.1640659231013664,nan,nan,NO_WELD
113.041,0.0,0.0,0.0,0.0,0.0,0.0,0.0,0.0,0,0,0.0,0.0,3.1640659231013664,nan,nan,NO_WELD
113.09,0.0,0.0,0.0,0.0,0.0,0.0,0.0,0.0,0,0,0.0,0.0,3.1640659231013664,nan,nan,NO_WELD
113.14,0.0,0.0,0.0,0.0,0.0,0.0,0.0,0.0,0,0,0.0,0.0,3.1640659231013664,nan,nan,NO_WELD
113.19,0.0,0.0,0.0,0.0,0.0,0.0,0.0,0.0,0,0,0.0,0.0,3.1640659231013664,nan,nan,NO_WELD
113.24,0.0,0.0,0.0,0.0,0.0,0.0,0.0,0.0,0,0,0.0,0.0,3.1640659231013664,nan,nan,NO_WELD
113.29,0.0,0.0,0.0,0.0,0.0,0.0,0.0,0.0,0,0,0.0,0.0,3.1640659231013664,nan,nan,NO_WELD
113.34,0.0,0.0,0.0,0.0,0.0,0.0,0.0,0.0,0,0,0.0,0.0,3.1640659231013664,nan,nan,NO_WELD
113.39,0.0,0.0,0.0,0.0,0.0,0.0,0.0,0.0,0,0,0.0,0.0,3.1640659231013664,nan,nan,NO_WELD
113.44,0.0,0.0,0.0,0.0,0.0,0.0,0.0,0.0,0,0,0.0,0.0,3.1640659231013664,nan,nan,NO_WELD
113.49,0.0,0.0,0.0,0.0,0.0,0.0,0.0,0.0,0,0,0.0,0.0,3.1640659231013664,nan,nan,NO_WELD
113.54,0.0,0.0,0.0,0.0,0.0,0.0,0.0,0.0,0,0,0.0,0.0,3.1640659231013664,nan,nan,NO_WELD
113.59,0.0,0.0,0.0,0.0,0.0,0.0,0.0,0.0,0,0,0.0,0.0,0.7031284346608206,0.7031284346608206,0.0,WELD_FOUND
113.64,0.0,0.0,0.0,0.0,0.0,0.0,0.0,0.0,0,0,0.0,0.0,0.7031284346608206,0.7031284346608206,0.0,WELD_FOUND
113.69,0.02277339831214154,-0.05,0.015273398312141539,0.03027339831214154,0.0,0.0,0.0153,0.0303,0,0,0.0,0.0,3.1640659231013664,1.9335973122832257,1.2304686108181406,WELD_FOUND
113.74,0.02277339831214154,-0.05,0.015273398312141539,0.03027339831214154,0.0,0.0,0.0153,0.0303,0,0,0.0,0.0,3.1640659231013664,1.9335973122832257,1.2304686108181406,WELD_FOUND
113.79,0.0,0.0,0.0,0.0,0.0,0.0,0.0,0.0,0,0,0.0,0.0,3.1640659231013664,nan,nan,NO_WELD
113.84,0.0,0.0,0.0,0.0,0.0,0.0,0.0,0.0,0,0,0.0,0.0,3.1640659231013664,nan,nan,NO_WELD
113.89,0.0,0.0,0.0,0.0,0.0,0.0,0.0,0.0,0,0,0.0,0.0,3.1640659231013664,nan,nan,NO_WELD
113.94,0.0,0.0,0.0,0.0,0.0,0.0,0.0,0.0,0,0,0.0,0.0,3.1640659231013664,nan,nan,NO_WELD
113.99,0.0,0.0,0.0,0.0,0.0,0.0,0.0,0.0,0,0,0.0,0.0,3.1640659231013664,nan,nan,NO_WELD
114.041,0.0,0.0,0.0,0.0,0.0,0.0,0.0,0.0,0,0,0.0,0.0,3.1640659231013664,nan,nan,NO_WELD
114.09,0.0,0.0,0.0,0.0,0.0,0.0,0.0,0.0,0,0,0.0,0.0,4.921878712140794,4.921878712140794,0.0,WELD_FOUND
114.14,0.0,0.0,0.0,0.0,0.0,0.0,0.0,0.0,0,0,0.0,0.0,4.921878712140794,4.921878712140794,0.0,WELD_FOUND
114.19,0.0,0.0,0.0,0.0,0.0,0.0,0.0,0.0,0,0,0.0,0.0,4.921878712140794,nan,nan,NO_WELD
114.24,0.0,0.0,0.0,0.0,0.0,0.0,0.0,0.0,0,0,0.0,0.0,4.921878712140794,nan,nan,NO_WELD
114.29,0.0,0.0,0.0,0.0,0.0,0.0,0.0,0.0,0,0,0.0,0.0,4.921878712140794,nan,nan,NO_WELD
114.34,0.0,0.0,0.0,0.0,0.0,0.0,0.0,0.0,0,0,0.0,0.0,4.921878712140794,nan,nan,NO_WELD
114.39,0.0,0.0,0.0,0.0,0.0,0.0,0.0,0.0,0,0,0.0,0.0,4.921878712140794,nan,nan,NO_WELD
114.44,0.0,0.0,0.0,0.0,0.0,0.0,0.0,0.0,0,0,0.0,0.0,4.921878712140794,nan,nan,NO_WELD
114.49,0.0,0.0,0.0,0.0,0.0,0.0,0.0,0.0,0,0,0.0,0.0,4.218753425770293,4.218753425770293,0.0,WELD_FOUND
114.54,0.0,0.0,0.0,0.0,0.0,0.0,0.0,0.0,0,0,0.0,0.0,4.218753425770293,4.218753425770293,0.0,WELD_FOUND
