t,vx,wz,tgt_r,tgt_l,spd_r,spd_l,err_r,err_l,ticks_r,ticks_l,dist_r,dist_l,raw_angle,filtered_angle,error,weld
2.11,0.0,0.0,0.0,0.0,0.0,0.0,0.0,0.0,0,0,0.0,0.0,nan,nan,nan,UNKNOWN
2.16,0.0,0.0,0.0,0.0,0.0,0.0,0.0,0.0,0,0,0.0,0.0,nan,nan,nan,UNKNOWN
2.21,0.0,0.0,0.0,0.0,0.0,0.0,0.0,0.0,0,0,0.0,0.0,nan,nan,nan,UNKNOWN
2.26,0.0,0.0,0.0,0.0,0.0,0.0,0.0,0.0,0,0,0.0,0.0,nan,nan,nan,UNKNOWN
2.31,0.0,0.0,0.0,0.0,0.0,0.0,0.0,0.0,0,0,0.0,0.0,nan,nan,nan,UNKNOWN
2.36,0.0,0.0,0.0,0.0,0.0,0.0,0.0,0.0,0,0,0.0,0.0,nan,nan,nan,UNKNOWN
2.41,0.0,0.0,0.0,0.0,0.0,0.0,0.0,0.0,0,0,0.0,0.0,nan,nan,nan,UNKNOWN
2.46,0.0,0.0,0.0,0.0,0.0,0.0,0.0,0.0,0,0,0.0,0.0,nan,nan,nan,UNKNOWN
2.51,0.0,0.0,0.0,0.0,0.0,0.0,0.0,0.0,0,0,0.0,0.0,nan,nan,nan,UNKNOWN
2.56,0.0,0.0,0.0,0.0,0.0,0.0,0.0,0.0,0,0,0.0,0.0,nan,nan,nan,UNKNOWN
2.61,0.0,0.0,0.0,0.0,0.0,0.0,0.0,0.0,0,0,0.0,0.0,nan,nan,nan,UNKNOWN
2.66,0.0,0.0,0.0,0.0,0.0,0.0,0.0,0.0,0,0,0.0,0.0,nan,nan,nan,UNKNOWN
2.71,0.0,0.0,0.0,0.0,0.0,0.0,0.0,0.0,0,0,0.0,0.0,nan,nan,nan,UNKNOWN
2.76,0.0,0.0,0.0,0.0,0.0,0.0,0.0,0.0,0,0,0.0,0.0,-0.35155909468853286,nan,nan,NO_WELD
2.81,0.0,0.0,0.0,0.0,0.0,0.0,0.0,0.0,0,0,0.0,0.0,-0.35155909468853286,nan,nan,NO_WELD
2.86,0.0,0.0,0.0,0.0,0.0,0.0,0.0,0.0,0,0,0.0,0.0,-0.7031216044716506,nan,nan,NO_WELD
2.91,0.0,0.0,0.0,0.0,0.0,0.0,0.0,0.0,0,0,0.0,0.0,-0.7031216044716506,nan,nan,NO_WELD
2.96,0.0,0.0,0.0,0.0,0.0,0.0,0.0,0.0,0,0,0.0,0.0,-1.0546840875743422,nan,nan,NO_WELD
3.01,0.0,0.0,0.0,0.0,0.0,0.0,0.0,0.0,0,0,0.0,0.0,-1.0546840875743422,nan,nan,NO_WELD
3.061,0.0,0.0,0.0,0.0,0.0,0.0,0.0,0.0,0,0,0.0,0.0,3.4150945850063755e-06,nan,nan,NO_WELD
3.11,0.0,0.0,0.0,0.0,0.0,0.0,0.0,0.0,0,0,0.0,0.0,3.4150945850063755e-06,nan,nan,NO_WELD
3.16,0.030251181765434624,0.031264566367189627,0.03494086672051307,0.02556149681035618,0.0,0.0,0.0349,0.0256,0,0,0.0,0.0,-0.7031216044716506,-0.7031216044716506,0.0,WELD_FOUND
3.21,0.030251181765434624,0.031264566367189627,0.03494086672051307,0.02556149681035618,0.0,0.0,0.0349,0.0256,0,0,0.0,0.0,-0.7031216044716506,-0.7031216044716506,0.0,WELD_FOUND
3.26,0.035,0.0,0.035,0.035,0.0,0.0,0.035,0.035,0,0,0.0,0.0,0.35156592487770283,-0.17577783979697392,0.5273437646746768,WELD_FOUND
3.31,0.035,0.0,0.035,0.035,0.0111,0.0148,0.0239,0.0202,3,4,0.0028,0.0037,0.35156592487770283,-0.17577783979697392,0.5273437646746768,WELD_FOUND
3.36,0.035,0.0,0.035,0.035,0.0111,0.0148,0.0239,0.0202,3,4,0.0028,0.0037,3.4150945850063755e-06,3.4150945850063755e-06,0.0,WELD_FOUND
3.41,0.035,0.0,0.035,0.035,0.0326,0.0311,0.0024,0.0039,10,10,0.0093,0.0093,3.4150945850063755e-06,3.4150945850063755e-06,0.0,WELD_FOUND
3.46,0.035,0.0,0.035,0.035,0.0326,0.0311,0.0024,0.0039,10,10,0.0093,0.0093,0.35156592487770283,0.17578466998614392,0.1757812548915589,WELD_FOUND
3.51,0.035,0.0,0.035,0.035,0.0326,0.0311,0.0024,0.0039,16,16,0.0148,0.0148,0.35156592487770283,0.17578466998614392,0.1757812548915589,WELD_FOUND
3.56,0.035,0.0,0.035,0.035,0.0344,0.0335,0.0006,0.0015,16,16,0.0148,0.0148,-1.7578091605014305,3.4150945850063755e-06,-1.7578125755960154,WELD_FOUND
3.61,0.035,0.0,0.035,0.035,0.0344,0.0335,0.0006,0.0015,20,21,0.0185,0.0195,-1.7578091605014305,3.4150945850063755e-06,-1.7578125755960154,WELD_FOUND
3.66,0.035,0.0,0.035,0.035,0.0344,0.0335,0.0006,0.0015,20,21,0.0185,0.0195,-2.460934233428519,3.4150945850063755e-06,-2.460937648523104,WELD_FOUND
3.71,0.035,0.0,0.035,0.035,0.0404,0.0424,-0.0054,-0.0074,24,25,0.0222,0.0232,-2.460934233428519,3.4150945850063755e-06,-2.460937648523104,WELD_FOUND
3.76,0.02585463540140893,0.05,0.03335463540140893,0.01835463540140893,0.0404,0.0424,-0.0071,-0.024,24,25,0.0222,0.0232,-2.460934233428519,-1.7578091605014305,-0.7031250729270886,WELD_FOUND
3.81,0.02585463540140893,0.05,0.03335463540140893,0.01835463540140893,0.0391,0.0365,-0.0057,-0.0182,28,28,0.0259,0.0259,-2.460934233428519,-1.7578091605014305,-0.7031250729270886,WELD_FOUND
3.86,0.024185403633571183,0.08099348902732398,0.03633442698766978,0.012036380279472587,0.0391,0.0365,-0.0027,-0.0245,28,28,0.0259,0.0259,0.35156592487770283,-1.7578091605014305,2.1093750853791335,WELD_FOUND
3.91,0.024185403633571183,0.08099348902732398,0.03633442698766978,0.012036380279472587,0.0391,0.0365,-0.0027,-0.0245,29,29,0.0269,0.0269,0.35156592487770283,-1.7578091605014305,2.1093750853791335,WELD_FOUND
3.96,0.02385824099241697,0.07756597621529442,0.035493137424711135,0.012223344560122808,0.0259,0.0244,0.0096,-0.0122,29,29,0.0269,0.0269,-0.35155909468853286,-1.7578091605014305,1.4062500658128978,WELD_FOUND
4.01,0.02385824099241697,0.07756597621529442,0.035493137424711135,0.012223344560122808,0.0259,0.0244,0.0096,-0.0122,30,30,0.0278,0.0278,-0.35155909468853286,-1.7578091605014305,1.4062500658128978,WELD_FOUND
4.061,0.023793075812682665,0.07686702003464163,0.03532312881787891,0.01226302280748642,0.0193,0.0183,0.0161,-0.0061,30,30,0.0278,0.0278,-1.7578091605014305,-1.7578091605014305,0.0,WELD_FOUND
4.11,0.023793075812682665,0.07686702003464163,0.03532312881787891,0.01226302280748642,0.0193,0.0183,0.0161,-0.0061,33,33,0.0306,0.0306,-1.7578091605014305,-1.7578091605014305,0.0,WELD_FOUND
4.16,0.0,0.0,0.0,0.0,0.0193,0.0183,-0.0193,-0.0183,33,33,0.0306,0.0306,-1.7578091605014305,nan,nan,NO_WELD
4.21,0.0,0.0,0.0,0.0,0.0313,0.0308,-0.0313,-0.0308,38,38,0.0352,0.0352,-1.7578091605014305,nan,nan,NO_WELD
4.26,0.02889760084688565,0.028852013087627103,0.03322540281002972,0.024569798883741584,0.0313,0.0308,0.0019,-0.0062,38,38,0.0352,0.0352,-0.7031216044716506,-0.7031216044716506,0.0,WELD_FOUND
4.31,0.02889760084688565,0.028852013087627103,0.03322540281002972,0.024569798883741584,0.0262,0.0259,0.007,-0.0013,40,40,0.0371,0.0371,-0.7031216044716506,-0.7031216044716506,0.0,WELD_FOUND
4.36,0.029073888744640078,0.03792693558071597,0.034762929081747475,0.02338484840753268,0.0262,0.0259,0.0086,-0.0025,40,40,0.0371,0.0371,-1.0546840875743422,-0.8789028727034228,-0.17578121487091936,WELD_FOUND
4.41,0.029073888744640078,0.03792693558071597,0.034762929081747475,0.02338484840753268,0.0262,0.0259,0.0086,-0.0025,40,41,0.0371,0.038,-1.0546840875743422,-0.8789028727034228,-0.17578121487091936,WELD_FOUND
4.46,0.030013853927468644,0.02847429959130873,0.034284998866164956,0.025742708988772334,0.021,0.018,0.0133,0.0077,40,41,0.0371,0.038,-0.35155909468853286,-0.7031216044716506,0.35156250978311776,WELD_FOUND
4.51,0.030013853927468644,0.02847429959130873,0.034284998866164956,0.025742708988772334,0.021,0.018,0.0133,0.0077,44,45,0.0408,0.0417,-0.35155909468853286,-0.7031216044716506,0.35156250978311776,WELD_FOUND
4.56,0.029296120634751375,0.040045804377836974,0.03530299129142692,0.02328924997807583,0.021,0.018,0.0143,0.0053,44,45,0.0408,0.0417,-1.4062466240378864,-0.8789028727034228,-0.5273437513344635,WELD_FOUND
4.61,0.029296120634751375,0.040045804377836974,0.03530299129142692,0.02328924997807583,0.0324,0.0306,0.003,-0.0073,48,49,0.0445,0.0454,-1.4062466240378864,-0.8789028727034228,-0.5273437513344635,WELD_FOUND
4.66,0.0,0.0,0.0,0.0,0.0324,0.0306,-0.0324,-0.0306,48,49,0.0445,0.0454,-1.4062466240378864,nan,nan,NO_WELD
4.71,0.0,0.0,0.0,0.0,0.0324,0.0306,-0.0324,-0.0306,52,53,0.0482,0.0491,-1.4062466240378864,nan,nan,NO_WELD
4.76,0.03230781972195407,-0.033249302880736686,0.027320424289843565,0.03729521515406457,0.0293,0.0282,-0.002,0.0091,52,53,0.0482,0.0491,0.7031284346608206,0.7031284346608206,0.0,WELD_FOUND
4.81,0.03230781972195407,-0.033249302880736686,0.027320424289843565,0.03729521515406457,0.0293,0.0282,-0.002,0.0091,53,54,0.0491,0.05,0.7031284346608206,0.7031284346608206,0.0,WELD_FOUND
4.86,0.035,0.0,0.035,0.035,0.0293,0.0282,0.0057,0.0068,53,54,0.0491,0.05,-0.7031216044716506,3.4150945850063755e-06,-0.7031250195662356,WELD_FOUND
4.91,0.035,0.0,0.035,0.035,0.0225,0.0219,0.0125,0.0131,54,55,0.05,0.051,-0.7031216044716506,3.4150945850063755e-06,-0.7031250195662356,WELD_FOUND
4.96,0.0,0.0,0.0,0.0,0.0225,0.0219,-0.0225,-0.0219,54,55,0.05,0.051,-0.7031216044716506,nan,nan,NO_WELD
5.01,0.0,0.0,0.0,0.0,0.032,0.0317,-0.032,-0.0317,59,60,0.0547,0.0556,-0.7031216044716506,nan,nan,NO_WELD
5.061,0.029443600954271613,0.04692988496823232,0.03648308369950646,0.022404118209036768,0.032,0.0317,0.0044,-0.0093,59,60,0.0547,0.0556,-1.0546840875743422,-1.0546840875743422,0.0,WELD_FOUND
5.11,0.029443600954271613,0.04692988496823232,0.03648308369950646,0.022404118209036768,0.0303,0.0301,0.0061,-0.0077,62,63,0.0575,0.0584,-1.0546840875743422,-1.0546840875743422,0.0,WELD_FOUND
5.16,0.03100841485736637,0.019335131754578704,0.03390868462055317,0.028108145094179564,0.0303,0.0301,0.0036,-0.002,62,63,0.0575,0.0584,3.4150945850063755e-06,-0.5273403362398785,0.5273437513344635,WELD_FOUND
5.21,0.03100841485736637,0.019335131754578704,0.03390868462055317,0.028108145094179564,0.0303,0.0301,0.0036,-0.002,63,63,0.0584,0.0584,3.4150945850063755e-06,-0.5273403362398785,0.5273437513344635,WELD_FOUND
5.26,0.035,0.0,0.035,0.035,0.0207,0.0241,0.0143,0.0109,63,63,0.0584,0.0584,0.7031284346608206,3.4150945850063755e-06,0.7031250195662356,WELD_FOUND
5.31,0.035,0.0,0.035,0.035,0.0207,0.0241,0.0143,0.0109,66,67,0.0612,0.0621,0.7031284346608206,3.4150945850063755e-06,0.7031250195662356,WELD_FOUND
5.36,0.035,0.0,0.035,0.035,0.0235,0.0241,0.0115,0.0109,66,67,0.0612,0.0621,3.4150945850063755e-06,3.4150945850063755e-06,0.0,WELD_FOUND
5.41,0.035,0.0,0.035,0.035,0.0235,0.0367,0.0115,-0.0017,72,72,0.0667,0.0667,3.4150945850063755e-06,3.4150945850063755e-06,0.0,WELD_FOUND
5.46,0.0,0.0,0.0,0.0,0.0364,0.0367,-0.0364,-0.0367,72,72,0.0667,0.0667,3.4150945850063755e-06,nan,nan,NO_WELD
5.51,0.0,0.0,0.0,0.0,0.0364,0.0367,-0.0364,-0.0367,77,77,0.0714,0.0714,3.4150945850063755e-06,nan,nan,NO_WELD
5.56,0.033090893943539826,-0.01567024256589764,0.03074035755865518,0.03544143032842447,0.0364,0.0344,-0.0056,0.0011,77,77,0.0714,0.0714,0.35156592487770283,0.35156592487770283,0.0,WELD_FOUND
5.61,0.033090893943539826,-0.01567024256589764,0.03074035755865518,0.03544143032842447,0.0366,0.0344,-0.0059,0.0011,78,79,0.0723,0.0732,0.35156592487770283,0.35156592487770283,0.0,WELD_FOUND
5.66,0.035,0.0,0.035,0.035,0.0366,0.028,-0.0016,0.007,78,79,0.0723,0.0732,-0.35155909468853286,3.4150945850063755e-06,-0.35156250978311787,WELD_FOUND
5.71,0.035,0.0,0.035,0.035,0.0366,0.028,-0.0016,0.007,80,81,0.0741,0.0751,-0.35155909468853286,3.4150945850063755e-06,-0.35156250978311787,WELD_FOUND
5.76,0.03313425778196095,0.018860426903568702,0.03596332181749625,0.03030519374642564,0.0269,0.028,0.009,0.0023,80,81,0.0741,0.0751,-0.35155909468853286,-0.35155909468853286,0.0,WELD_FOUND
5.81,0.03313425778196095,0.018860426903568702,0.03596332181749625,0.03030519374642564,0.0269,0.0317,0.009,-0.0013,84,85,0.0778,0.0788,-0.35155909468853286,-0.35155909468853286,0.0,WELD_FOUND
5.86,0.035,0.0,0.035,0.035,0.0269,0.0317,0.0081,0.0033,84,85,0.0778,0.0788,0.35156592487770283,3.4150945850063755e-06,0.3515625097831178,WELD_FOUND
5.91,0.035,0.0,0.035,0.035,0.0384,0.0338,-0.0034,0.0012,89,89,0.0825,0.0825,0.35156592487770283,3.4150945850063755e-06,0.3515625097831178,WELD_FOUND
5.96,0.035,0.0,0.035,0.035,0.0384,0.0338,-0.0034,0.0012,89,89,0.0825,0.0825,3.4150945850063755e-06,3.4150945850063755e-06,0.0,WELD_FOUND
6.01,0.035,0.0,0.035,0.035,0.0416,0.0425,-0.0066,-0.0075,94,95,0.0871,0.088,3.4150945850063755e-06,3.4150945850063755e-06,0.0,WELD_FOUND
6.061,0.03304425537495211,0.01973872286383615,0.03600506380452753,0.03008344694537669,0.0416,0.0425,-0.0056,-0.0125,94,95,0.0871,0.088,-1.7578091605014305,-0.35155909468853286,-1.4062500658128978,WELD_FOUND
6.11,0.03304425537495211,0.01973872286383615,0.03600506380452753,0.03008344694537669,0.0398,0.0403,-0.0038,-0.0103,98,99,0.0908,0.0918,-1.7578091605014305,-0.35155909468853286,-1.4062500658128978,WELD_FOUND
6.16,0.03267446631263388,0.01616407412034951,0.03509907743068631,0.030249855194581458,0.0398,0.0403,-0.0047,-0.0101,98,99,0.0908,0.0918,-2.1093715902432693,-0.35155909468853286,-1.7578124955547363,WELD_FOUND
6.21,0.03267446631263388,0.01616407412034951,0.03509907743068631,0.030249855194581458,0.0398,0.0403,-0.0047,-0.0101,101,102,0.0936,0.0945,-2.1093715902432693,-0.35155909468853286,-1.7578124955547363,WELD_FOUND
6.26,0.032600758191636214,0.01550424470705474,0.034926394897694425,0.030275121485578003,0.0313,0.0316,0.0036,-0.0013,101,102,0.0936,0.0945,-0.35155909468853286,-0.35155909468853286,0.0,WELD_FOUND
6.31,0.032600758191636214,0.01550424470705474,0.034926394897694425,0.030275121485578003,0.0313,0.0316,0.0036,-0.0013,105,105,0.0973,0.0973,-0.35155909468853286,-0.35155909468853286,0.0,WELD_FOUND
6.36,0.025430418426722164,0.06550424470705474,0.03525605513278038,0.015604781720663954,0.0336,0.0301,0.0017,-0.0145,105,105,0.0973,0.0973,-2.460934233428519,-1.7578091605014305,-0.7031250729270886,WELD_FOUND
6.41,0.025430418426722164,0.06550424470705474,0.03525605513278038,0.015604781720663954,0.0336,0.0301,0.0017,-0.0145,109,109,0.101,0.101,-2.460934233428519,-1.7578091605014305,-0.7031250729270886,WELD_FOUND
6.46,0.02410307556045139,0.08012697272011217,0.036122121468468216,0.012084029652434563,0.0336,0.0301,0.0025,-0.018,109,109,0.101,0.101,3.4150945850063755e-06,-1.7578091605014305,1.7578125755960154,WELD_FOUND
6.51,0.02410307556045139,0.08012697272011217,0.036122121468468216,0.012084029652434563,0.0375,0.0354,-0.0013,-0.0233,112,112,0.1038,0.1038,3.4150945850063755e-06,-1.7578091605014305,1.7578125755960154,WELD_FOUND
6.56,0.0,0.0,0.0,0.0,0.0375,0.0354,-0.0375,-0.0354,112,112,0.1038,0.1038,3.4150945850063755e-06,nan,nan,NO_WELD
6.61,0.0,0.0,0.0,0.0,0.0336,0.0323,-0.0336,-0.0323,115,115,0.1066,0.1066,3.4150945850063755e-06,nan,nan,NO_WELD
6.66,0.028965747574659435,0.02900843901415632,0.03331701342678288,0.024614481722535986,0.0336,0.0323,-0.0003,-0.0077,115,115,0.1066,0.1066,-0.7031216044716506,-0.7031216044716506,0.0,WELD_FOUND
6.71,0.028965747574659435,0.02900843901415632,0.03331701342678288,0.024614481722535986,0.0336,0.0323,-0.0003,-0.0077,116,116,0.1075,0.1075,-0.7031216044716506,-0.7031216044716506,0.0,WELD_FOUND
6.76,0.0318420091055081,0.008597710976944206,0.03313166575204973,0.03055235245896647,0.0226,0.0219,0.0105,0.0087,116,116,0.1075,0.1075,3.4150945850063755e-06,-0.35155909468853286,0.35156250978311787,WELD_FOUND
6.81,0.0318420091055081,0.008597710976944206,0.03313166575204973,0.03055235245896647,0.0226,0.0219,0.0105,0.0087,118,118,0.1094,0.1094,3.4150945850063755e-06,-0.35155909468853286,0.35156250978311787,WELD_FOUND
6.86,0.035,0.0,0.035,0.035,0.021,0.0205,0.014,0.0145,118,118,0.1094,0.1094,3.4150945850063755e-06,3.4150945850063755e-06,0.0,WELD_FOUND
6.91,0.035,0.0,0.035,0.035,0.021,0.0205,0.014,0.0145,123,123,0.114,0.114,3.4150945850063755e-06,3.4150945850063755e-06,0.0,WELD_FOUND
6.96,0.0,0.0,0.0,0.0,0.021,0.0205,-0.021,-0.0205,123,123,0.114,0.114,3.4150945850063755e-06,nan,nan,NO_WELD
7.01,0.0,0.0,0.0,0.0,0.0373,0.037,-0.0373,-0.037,128,128,0.1186,0.1186,3.4150945850063755e-06,nan,nan,NO_WELD
7.061,0.031051351226277113,0.032957527693941634,0.03599498038036836,0.02610772207218587,0.0373,0.037,-0.0013,-0.0109,128,128,0.1186,0.1186,-0.7031216044716506,-0.7031216044716506,0.0,WELD_FOUND
7.11,0.031051351226277113,0.032957527693941634,0.03599498038036836,0.02610772207218587,0.0373,0.037,-0.0013,-0.0109,130,128,0.1205,0.1186,-0.7031216044716506,-0.7031216044716506,0.0,WELD_FOUND
7.16,0.03227319836139999,0.012577946761091766,0.03415989037556375,0.030386506347236223,0.0273,0.0296,0.0068,0.0008,130,128,0.1205,0.1186,3.4150945850063755e-06,-0.35155909468853286,0.35156250978311787,WELD_FOUND
7.21,0.03227319836139999,0.012577946761091766,0.03415989037556375,0.030386506347236223,0.0273,0.0296,0.0068,0.0008,132,129,0.1223,0.1196,3.4150945850063755e-06,-0.35155909468853286,0.35156250978311787,WELD_FOUND
7.26,0.03065035241132964,0.03439755107549507,0.0358099850726539,0.02549071975000538,0.0238,0.0215,0.012,0.004,132,129,0.1223,0.1196,-1.4062466240378864,-0.7031216044716506,-0.7031250195662357,WELD_FOUND
7.31,0.03065035241132964,0.03439755107549507,0.0358099850726539,0.02549071975000538,0.0238,0.0215,0.012,0.004,136,133,0.126,0.1233,-1.4062466240378864,-0.7031216044716506,-0.7031250195662357,WELD_FOUND
7.36,0.02852576205158387,0.05111919890302947,0.03619364188703829,0.02085788221612945,0.0238,0.0215,0.0124,-0.0006,136,133,0.126,0.1233,-1.4062466240378864,-1.0546840875743422,-0.3515625364635442,WELD_FOUND
7.41,0.02852576205158387,0.05111919890302947,0.03619364188703829,0.02085788221612945,0.0365,0.0351,-0.0003,-0.0143,141,138,0.1307,0.1279,-1.4062466240378864,-1.0546840875743422,-0.3515625364635442,WELD_FOUND
7.46,0.02637332668764982,0.06654380102836953,0.03635489684190525,0.01639175653339439,0.0365,0.0351,-0.0002,-0.0187,141,138,0.1307,0.1279,-2.1093715902432693,-1.4062466240378864,-0.7031249662053829,WELD_FOUND
7.51,0.02637332668764982,0.06654380102836953,0.03635489684190525,0.01639175653339439,0.0367,0.0359,-0.0004,-0.0195,145,142,0.1344,0.1316,-2.1093715902432693,-1.4062466240378864,-0.7031249662053829,WELD_FOUND
7.56,0.0,0.0,0.0,0.0,0.0367,0.0359,-0.0367,-0.0359,145,142,0.1344,0.1316,-2.1093715902432693,nan,nan,NO_WELD
7.61,0.0,0.0,0.0,0.0,0.0367,0.0359,-0.0367,-0.0359,148,145,0.1372,0.1344,-2.1093715902432693,nan,nan,NO_WELD
7.66,0.031288081736290836,0.013649393750634288,0.03333549079888598,0.029240672673695692,0.0295,0.029,0.0039,0.0003,148,145,0.1372,0.1344,-0.35155909468853286,-0.35155909468853286,0.0,WELD_FOUND
7.71,0.031288081736290836,0.013649393750634288,0.03333549079888598,0.029240672673695692,0.0295,0.029,0.0039,0.0003,149,145,0.1381,0.1344,-0.35155909468853286,-0.35155909468853286,0.0,WELD_FOUND
7.76,0.0,0.0,0.0,0.0,0.0295,0.029,-0.0295,-0.029,149,145,0.1381,0.1344,-0.35155909468853286,nan,nan,NO_WELD
7.81,0.0,0.0,0.0,0.0,0.0251,0.0248,-0.0251,-0.0248,151,148,0.1399,0.1372,-0.35155909468853286,nan,nan,NO_WELD
7.86,0.03045716396858991,0.030943353905496112,0.03509866705441433,0.02581566088276549,0.0251,0.0248,0.01,0.001,151,148,0.1399,0.1372,-0.7031216044716506,-0.7031216044716506,0.0,WELD_FOUND
7.91,0.03045716396858991,0.030943353905496112,0.03509866705441433,0.02581566088276549,0.0251,0.0248,0.01,0.001,151,149,0.1399,0.1381,-0.7031216044716506,-0.7031216044716506,0.0,WELD_FOUND
7.96,0.029383460038477954,0.04088429666680489,0.03551610453849869,0.02325081553845722,0.0201,0.0173,0.0154,0.0059,151,149,0.1399,0.1381,-1.0546840875743422,-0.8789028727034228,-0.17578121487091936,WELD_FOUND
8.01,0.029383460038477954,0.04088429666680489,0.03551610453849869,0.02325081553845722,0.0201,0.0173,0.0154,0.0059,154,152,0.1427,0.1409,-1.0546840875743422,-0.8789028727034228,-0.17578121487091936,WELD_FOUND
8.061,0.02827927826955014,0.048665672017314796,0.03557912907214736,0.020979427466952923,0.0201,0.0173,0.0155,0.0036,154,152,0.1427,0.1409,-1.0546840875743422,-1.0546840875743422,0.0,WELD_FOUND
8.11,0.02827927826955014,0.048665672017314796,0.03557912907214736,0.020979427466952923,0.0318,0.0277,0.0038,-0.0067,159,156,0.1474,0.1446,-1.0546840875743422,-1.0546840875743422,0.0,WELD_FOUND
8.16,0.028949310613492908,0.036727635823150334,0.03445845598696546,0.023440165240020357,0.0318,0.0277,0.0026,-0.0043,159,156,0.1474,0.1446,0.7031284346608206,-0.8789028727034228,1.5820313073642436,WELD_FOUND
8.21,0.028949310613492908,0.036727635823150334,0.03445845598696546,0.023440165240020357,0.0318,0.0277,0.0026,-0.0043,163,160,0.1511,0.1483,0.7031284346608206,-0.8789028727034228,1.5820313073642436,WELD_FOUND
8.26,0.029988516914293824,0.02825875436332629,0.03422733006879277,0.025749703759794882,0.029,0.0265,0.0053,-0.0008,163,160,0.1511,0.1483,-0.7031216044716506,-0.7031216044716506,0.0,WELD_FOUND
8.31,0.029988516914293824,0.02825875436332629,0.03422733006879277,0.025749703759794882,0.029,0.0265,0.0053,-0.0008,167,163,0.1548,0.1511,-0.7031216044716506,-0.7031216044716506,0.0,WELD_FOUND
8.36,0.0,0.0,0.0,0.0,0.029,0.0265,-0.029,-0.0265,167,163,0.1548,0.1511,-0.7031216044716506,nan,nan,NO_WELD
8.41,0.0,0.0,0.0,0.0,0.0372,0.0332,-0.0372,-0.0332,171,167,0.1585,0.1548,-0.7031216044716506,nan,nan,NO_WELD
8.46,0.035,0.0,0.035,0.035,0.0372,0.0332,-0.0022,0.0018,171,167,0.1585,0.1548,3.4150945850063755e-06,3.4150945850063755e-06,0.0,WELD_FOUND
8.51,0.035,0.0,0.035,0.035,0.026,0.0236,0.009,0.0114,172,168,0.1594,0.1557,3.4150945850063755e-06,3.4150945850063755e-06,0.0,WELD_FOUND
8.56,0.035,0.0,0.035,0.035,0.026,0.0236,0.009,0.0114,172,168,0.1594,0.1557,3.4150945850063755e-06,3.4150945850063755e-06,0.0,WELD_FOUND
8.61,0.035,0.0,0.035,0.035,0.026,0.0236,0.009,0.0114,175,170,0.1622,0.1576,3.4150945850063755e-06,3.4150945850063755e-06,0.0,WELD_FOUND
8.66,0.035,0.0,0.035,0.035,0.023,0.0191,0.012,0.0159,175,170,0.1622,0.1576,3.4150945850063755e-06,3.4150945850063755e-06,0.0,WELD_FOUND
8.71,0.035,0.0,0.035,0.035,0.023,0.0191,0.012,0.0159,180,175,0.1668,0.1622,3.4150945850063755e-06,3.4150945850063755e-06,0.0,WELD_FOUND
8.76,0.0,0.0,0.0,0.0,0.023,0.0191,-0.023,-0.0191,180,175,0.1668,0.1622,3.4150945850063755e-06,nan,nan,NO_WELD
8.81,0.0,0.0,0.0,0.0,0.0385,0.0362,-0.0385,-0.0362,185,180,0.1715,0.1668,3.4150945850063755e-06,nan,nan,NO_WELD
8.86,0.0,0.0,0.0,0.0,0.0385,0.0362,-0.0385,-0.0362,185,180,0.1715,0.1668,3.4150945850063755e-06,nan,nan,NO_WELD
8.91,0.0,0.0,0.0,0.0,0.0268,0.0254,-0.0268,-0.0254,186,181,0.1724,0.1677,3.4150945850063755e-06,nan,nan,NO_WELD
8.96,0.027560599134186223,0.05,0.03506059913418622,0.020060599134186223,0.0268,0.0254,0.0082,-0.0054,186,181,0.1724,0.1677,-1.4062466240378864,-1.4062466240378864,0.0,WELD_FOUND
9.01,0.027560599134186223,0.05,0.03506059913418622,0.020060599134186223,0.0268,0.0254,0.0082,-0.0054,186,181,0.1724,0.1677,-1.4062466240378864,-1.4062466240378864,0.0,WELD_FOUND
9.061,0.0,0.0,0.0,0.0,0.0215,0.0203,-0.0215,-0.0203,186,181,0.1724,0.1677,-1.4062466240378864,nan,nan,NO_WELD
9.11,0.0,0.0,0.0,0.0,0.0215,0.0203,-0.0215,-0.0203,188,183,0.1742,0.1696,-1.4062466240378864,nan,nan,NO_WELD
9.16,0.0,0.0,0.0,0.0,0.0203,0.0196,-0.0203,-0.0196,188,183,0.1742,0.1696,-1.4062466240378864,nan,nan,NO_WELD
9.21,0.0,0.0,0.0,0.0,0.0203,0.0196,-0.0203,-0.0196,189,184,0.1752,0.1705,-1.4062466240378864,nan,nan,NO_WELD
9.26,0.0,0.0,0.0,0.0,0.0203,0.0196,-0.0203,-0.0196,189,184,0.1752,0.1705,-1.4062466240378864,nan,nan,NO_WELD
9.31,0.0,0.0,0.0,0.0,0.0146,0.0142,-0.0146,-0.0142,189,184,0.1752,0.1705,-1.4062466240378864,nan,nan,NO_WELD
9.36,0.02179170584530101,0.05,0.02929170584530101,0.014291705845301012,0.0146,0.0142,0.0146,0.0001,189,184,0.1752,0.1705,-2.1093715902432693,-2.1093715902432693,0.0,WELD_FOUND
9.41,0.02179170584530101,0.05,0.02929170584530101,0.014291705845301012,0.0117,0.0114,0.0176,0.0029,189,184,0.1752,0.1705,-2.1093715902432693,-2.1093715902432693,0.0,WELD_FOUND
9.46,0.0,0.0,0.0,0.0,0.0117,0.0114,-0.0117,-0.0114,189,184,0.1752,0.1705,-2.1093715902432693,nan,nan,NO_WELD
9.51,0.0,0.0,0.0,0.0,0.0117,0.0114,-0.0117,-0.0114,192,186,0.1779,0.1724,-2.1093715902432693,nan,nan,NO_WELD
9.56,0.035,0.0,0.035,0.035,0.0144,0.0118,0.0206,0.0232,192,186,0.1779,0.1724,3.4150945850063755e-06,3.4150945850063755e-06,0.0,WELD_FOUND
9.61,0.035,0.0,0.035,0.035,0.0144,0.0118,0.0206,0.0232,193,187,0.1789,0.1733,3.4150945850063755e-06,3.4150945850063755e-06,0.0,WELD_FOUND
9.66,0.035,0.0,0.035,0.035,0.0124,0.0108,0.0226,0.0242,193,187,0.1789,0.1733,-0.35155909468853286,-0.17577783979697392,-0.17578125489155894,WELD_FOUND
9.71,0.035,0.0,0.035,0.035,0.0124,0.0108,0.0226,0.0242,198,192,0.1835,0.1779,-0.35155909468853286,-0.17577783979697392,-0.17578125489155894,WELD_FOUND
9.76,0.032753526739031875,0.022742742896601362,0.03616493817352208,0.02934211530454167,0.0124,0.0108,0.0238,0.0186,198,192,0.1835,0.1779,-0.35155909468853286,-0.35155909468853286,0.0,WELD_FOUND
9.81,0.032753526739031875,0.022742742896601362,0.03616493817352208,0.02934211530454167,0.0371,0.0337,-0.0009,-0.0043,205,198,0.19,0.1835,-0.35155909468853286,-0.35155909468853286,0.0,WELD_FOUND
9.86,0.035,0.0,0.035,0.035,0.0371,0.0337,-0.0021,0.0013,205,198,0.19,0.1835,0.35156592487770283,-0.17577783979697392,0.5273437646746768,WELD_FOUND
9.91,0.035,0.0,0.035,0.035,0.0371,0.0387,-0.0021,-0.0037,209,203,0.1937,0.1881,0.35156592487770283,-0.17577783979697392,0.5273437646746768,WELD_FOUND
9.96,0.0,0.0,0.0,0.0,0.0371,0.0387,-0.0371,-0.0387,209,203,0.1937,0.1881,0.35156592487770283,nan,nan,NO_WELD
10.01,0.0,0.0,0.0,0.0,0.0371,0.0387,-0.0371,-0.0387,213,206,0.1974,0.1909,0.35156592487770283,nan,nan,NO_WELD
10.061,0.0,0.0,0.0,0.0,0.0321,0.0306,-0.0321,-0.0306,213,206,0.1974,0.1909,0.35156592487770283,nan,nan,NO_WELD
10.11,0.0,0.0,0.0,0.0,0.0321,0.0306,-0.0321,-0.0306,213,207,0.1974,0.1918,0.35156592487770283,nan,nan,NO_WELD
10.16,0.0,0.0,0.0,0.0,0.0257,0.0221,-0.0257,-0.0221,213,207,0.1974,0.1918,0.35156592487770283,nan,nan,NO_WELD
10.21,0.0,0.0,0.0,0.0,0.0257,0.0221,-0.0257,-0.0221,212,207,0.1965,0.1918,0.35156592487770283,nan,nan,NO_WELD
10.26,0.0,0.0,0.0,0.0,0.0257,0.0221,-0.0257,-0.0221,212,207,0.1965,0.1918,0.35156592487770283,nan,nan,NO_WELD
10.31,0.0,0.0,0.0,0.0,0.013,0.0177,-0.013,-0.0177,212,207,0.1965,0.1918,0.35156592487770283,nan,nan,NO_WELD
10.36,0.019893129421441513,0.05,0.027393129421441512,0.012393129421441513,0.013,0.0177,0.0144,-0.0053,212,207,0.1965,0.1918,-2.460934233428519,-2.460934233428519,0.0,WELD_FOUND
10.41,0.019893129421441513,0.05,0.027393129421441512,0.012393129421441513,0.0104,0.0141,0.017,-0.0017,212,207,0.1965,0.1918,-2.460934233428519,-2.460934233428519,0.0,WELD_FOUND
10.46,0.01772904153740094,0.1,0.032729041537400944,0.002729041537400941,0.0104,0.0141,0.0224,-0.0114,212,207,0.1965,0.1918,-3.5156217360974464,-2.988277984762983,-0.5273437513344637,WELD_FOUND
10.51,0.01772904153740094,0.1,0.032729041537400944,0.002729041537400941,0.0104,0.0141,0.0224,-0.0114,215,209,0.1993,0.1937,-3.5156217360974464,-2.988277984762983,-0.5273437513344637,WELD_FOUND
10.56,0.0,0.0,0.0,0.0,0.0136,0.0134,-0.0136,-0.0134,215,209,0.1993,0.1937,-3.5156217360974464,nan,nan,NO_WELD
10.61,0.0,0.0,0.0,0.0,0.0136,0.0134,-0.0136,-0.0134,218,212,0.202,0.1965,-3.5156217360974464,nan,nan,NO_WELD
10.66,0.0,0.0,0.0,0.0,0.0193,0.0192,-0.0193,-0.0192,218,212,0.202,0.1965,-3.5156217360974464,nan,nan,NO_WELD
10.71,0.0,0.0,0.0,0.0,0.0193,0.0192,-0.0193,-0.0192,219,212,0.203,0.1965,-3.5156217360974464,nan,nan,NO_WELD
10.76,0.02094567345950635,0.05,0.02844567345950635,0.013445673459506351,0.0193,0.0192,0.0091,-0.0057,219,212,0.203,0.1965,-2.1093715902432693,-2.1093715902432693,0.0,WELD_FOUND
10.81,0.02094567345950635,0.05,0.02844567345950635,0.013445673459506351,0.0165,0.0153,0.0119,-0.0019,220,212,0.2039,0.1965,-2.1093715902432693,-2.1093715902432693,0.0,WELD_FOUND
10.86,0.0,0.0,0.0,0.0,0.0165,0.0153,-0.0165,-0.0153,220,212,0.2039,0.1965,-2.1093715902432693,nan,nan,NO_WELD
10.91,0.0,0.0,0.0,0.0,0.0173,0.0166,-0.0173,-0.0166,222,214,0.2057,0.1983,-2.1093715902432693,nan,nan,NO_WELD
10.96,0.0,0.0,0.0,0.0,0.0173,0.0166,-0.0173,-0.0166,222,214,0.2057,0.1983,-2.1093715902432693,nan,nan,NO_WELD
11.01,0.0,0.0,0.0,0.0,0.0173,0.0166,-0.0173,-0.0166,222,214,0.2057,0.1983,-2.1093715902432693,nan,nan,NO_WELD
11.061,0.0,0.0,0.0,0.0,0.0139,0.0133,-0.0139,-0.0133,222,214,0.2057,0.1983,-2.1093715902432693,nan,nan,NO_WELD
11.11,0.0,0.0,0.0,0.0,0.0139,0.0133,-0.0139,-0.0133,222,214,0.2057,0.1983,-2.1093715902432693,nan,nan,NO_WELD
11.16,0.0,0.0,0.0,0.0,0.0139,0.0133,-0.0139,-0.0133,222,214,0.2057,0.1983,-2.1093715902432693,nan,nan,NO_WELD
11.21,0.0,0.0,0.0,0.0,0.0111,0.0106,-0.0111,-0.0106,222,214,0.2057,0.1983,-2.1093715902432693,nan,nan,NO_WELD
11.26,0.0,0.0,0.0,0.0,0.0111,0.0106,-0.0111,-0.0106,222,214,0.2057,0.1983,-2.1093715902432693,nan,nan,NO_WELD
11.31,0.0,0.0,0.0,0.0,0.0089,0.0085,-0.0089,-0.0085,222,214,0.2057,0.1983,-2.1093715902432693,nan,nan,NO_WELD
11.36,0.0,0.0,0.0,0.0,0.0089,0.0085,-0.0089,-0.0085,222,214,0.2057,0.1983,-2.1093715902432693,nan,nan,NO_WELD
11.41,0.0,0.0,0.0,0.0,0.0071,0.0068,-0.0071,-0.0068,222,214,0.2057,0.1983,-2.1093715902432693,nan,nan,NO_WELD
11.46,0.0,0.0,0.0,0.0,0.0071,0.0068,-0.0071,-0.0068,222,214,0.2057,0.1983,-2.1093715902432693,nan,nan,NO_WELD
11.51,0.0,0.0,0.0,0.0,0.0071,0.0068,-0.0071,-0.0068,222,214,0.2057,0.1983,-2.1093715902432693,nan,nan,NO_WELD
11.56,0.0,0.0,0.0,0.0,0.0057,0.0054,-0.0057,-0.0054,222,214,0.2057,0.1983,-2.1093715902432693,nan,nan,NO_WELD
11.61,0.0,0.0,0.0,0.0,0.0057,0.0054,-0.0057,-0.0054,222,214,0.2057,0.1983,-2.1093715902432693,nan,nan,NO_WELD
11.66,0.0,0.0,0.0,0.0,0.0045,0.0044,-0.0045,-0.0044,222,214,0.2057,0.1983,-2.1093715902432693,nan,nan,NO_WELD
11.71,0.0,0.0,0.0,0.0,0.0045,0.0044,-0.0045,-0.0044,222,214,0.2057,0.1983,-2.1093715902432693,nan,nan,NO_WELD
11.76,0.0,0.0,0.0,0.0,0.0036,0.0035,-0.0036,-0.0035,222,214,0.2057,0.1983,-2.1093715902432693,nan,nan,NO_WELD
11.81,0.0,0.0,0.0,0.0,0.0036,0.0035,-0.0036,-0.0035,222,214,0.2057,0.1983,-2.1093715902432693,nan,nan,NO_WELD
11.86,0.0,0.0,0.0,0.0,0.0029,0.0028,-0.0029,-0.0028,222,214,0.2057,0.1983,-2.460934233428519,nan,nan,NO_WELD
11.91,0.0,0.0,0.0,0.0,0.0029,0.0028,-0.0029,-0.0028,222,214,0.2057,0.1983,-2.460934233428519,nan,nan,NO_WELD
11.96,0.0,0.0,0.0,0.0,0.0023,0.0022,-0.0023,-0.0022,222,214,0.2057,0.1983,3.1640659231013664,nan,nan,NO_WELD
12.01,0.0,0.0,0.0,0.0,0.0023,0.0022,-0.0023,-0.0022,222,214,0.2057,0.1983,3.1640659231013664,nan,nan,NO_WELD
12.061,0.0,0.0,0.0,0.0,0.0023,0.0022,-0.0023,-0.0022,222,214,0.2057,0.1983,-0.35155909468853286,nan,nan,NO_WELD
12.11,0.0,0.0,0.0,0.0,0.0019,0.0018,-0.0019,-0.0018,222,214,0.2057,0.1983,-0.35155909468853286,nan,nan,NO_WELD
12.16,0.0,0.0,0.0,0.0,0.0019,0.0018,-0.0019,-0.0018,222,214,0.2057,0.1983,-11.953122184335687,nan,nan,NO_WELD
12.21,0.0,0.0,0.0,0.0,0.0019,0.0018,-0.0019,-0.0018,222,214,0.2057,0.1983,-11.953122184335687,nan,nan,NO_WELD
12.26,0.0,0.0,0.0,0.0,0.0015,0.0014,-0.0015,-0.0014,222,214,0.2057,0.1983,-0.35155909468853286,nan,nan,NO_WELD
12.31,0.0,0.0,0.0,0.0,0.0015,0.0014,-0.0015,-0.0014,222,214,0.2057,0.1983,-0.35155909468853286,nan,nan,NO_WELD
12.36,0.0,0.0,0.0,0.0,0.0012,0.0011,-0.0012,-0.0011,222,214,0.2057,0.1983,-0.35155909468853286,nan,nan,NO_WELD
12.41,0.0,0.0,0.0,0.0,0.0012,0.0011,-0.0012,-0.0011,222,214,0.2057,0.1983,-0.35155909468853286,nan,nan,NO_WELD
12.46,0.0,0.0,0.0,0.0,0.0012,0.0011,-0.0012,-0.0011,222,214,0.2057,0.1983,-1.4062466240378864,nan,nan,NO_WELD
12.51,0.0,0.0,0.0,0.0,0.0,0.0,0.0,0.0,222,214,0.2057,0.1983,-1.4062466240378864,nan,nan,NO_WELD
12.56,0.0,0.0,0.0,0.0,0.0,0.0,0.0,0.0,222,214,0.2057,0.1983,7.031253717478648,nan,nan,NO_WELD
12.61,0.0,0.0,0.0,0.0,0.0,0.0,0.0,0.0,222,214,0.2057,0.1983,7.031253717478648,nan,nan,NO_WELD
12.66,0.0,0.0,0.0,0.0,0.0,0.0,0.0,0.0,222,214,0.2057,0.1983,4.218753425770293,nan,nan,NO_WELD
12.71,0.0,0.0,0.0,0.0,0.0,0.0,0.0,0.0,222,214,0.2057,0.1983,4.218753425770293,nan,nan,NO_WELD
12.76,0.0,0.0,0.0,0.0,0.0,0.0,0.0,0.0,222,214,0.2057,0.1983,4.218753425770293,nan,nan,NO_WELD
12.81,0.0,0.0,0.0,0.0,0.0,0.0,0.0,0.0,222,214,0.2057,0.1983,4.218753425770293,nan,nan,NO_WELD
12.86,0.0,0.0,0.0,0.0,0.0,0.0,0.0,0.0,222,214,0.2057,0.1983,7.382816360663898,nan,nan,NO_WELD
12.91,0.0,0.0,0.0,0.0,0.0,0.0,0.0,0.0,222,214,0.2057,0.1983,7.382816360663898,nan,nan,NO_WELD
12.96,0.010318513656864835,-0.05,0.002818513656864835,0.017818513656864834,0.0,0.0,0.0028,0.0178,222,214,0.2057,0.1983,4.5703160689555435,4.5703160689555435,0.0,WELD_FOUND
13.01,0.010318513656864835,-0.05,0.002818513656864835,0.017818513656864834,0.0,0.0,0.0028,0.0178,222,214,0.2057,0.1983,4.5703160689555435,4.5703160689555435,0.0,WELD_FOUND
13.061,0.0,0.0,0.0,0.0,0.0,0.0,0.0,0.0,222,214,0.2057,0.1983,4.5703160689555435,nan,nan,NO_WELD
13.11,0.0,0.0,0.0,0.0,0.0,0.0,0.0,0.0,222,214,0.2057,0.1983,4.5703160689555435,nan,nan,NO_WELD
13.16,0.0,0.0,0.0,0.0,0.0,0.0,0.0,0.0,222,214,0.2057,0.1983,4.5703160689555435,nan,nan,NO_WELD
13.21,0.0,0.0,0.0,0.0,0.0,0.0,0.0,0.0,222,214,0.2057,0.1983,4.5703160689555435,nan,nan,NO_WELD
13.26,0.0,0.0,0.0,0.0,0.0,0.0,0.0,0.0,222,214,0.2057,0.1983,4.5703160689555435,nan,nan,NO_WELD
13.31,0.0,0.0,0.0,0.0,0.0,0.0,0.0,0.0,222,214,0.2057,0.1983,4.5703160689555435,nan,nan,NO_WELD
13.36,0.009025560534973096,-0.05,0.0015255605349730958,0.016525560534973095,0.0,0.0,0.0015,0.0165,222,214,0.2057,0.1983,4.921878712140794,4.921878712140794,0.0,WELD_FOUND
13.41,0.009025560534973096,-0.05,0.0015255605349730958,0.016525560534973095,0.0,0.0,0.0015,0.0165,222,214,0.2057,0.1983,4.921878712140794,4.921878712140794,0.0,WELD_FOUND
13.46,0.007136792820708895,-0.1,-0.007863207179291103,0.022136792820708896,0.0,0.0,-0.0079,0.0221,222,214,0.2057,0.1983,6.328128431108148,5.625003571624471,0.703124859483677,WELD_FOUND
13.51,0.007136792820708895,-0.1,-0.007863207179291103,0.022136792820708896,0.0,0.0,-0.0079,0.0221,224,217,0.2076,0.2011,6.328128431108148,5.625003571624471,0.703124859483677,WELD_FOUND
13.56,0.0,0.0,0.0,0.0,0.0,0.0,0.0,0.0,224,217,0.2076,0.2011,6.328128431108148,nan,nan,NO_WELD
13.61,0.0,0.0,0.0,0.0,0.0123,0.0148,-0.0123,-0.0148,227,220,0.2104,0.2039,6.328128431108148,nan,nan,NO_WELD
13.66,0.009635380912264591,-0.05,0.002135380912264591,0.01713538091226459,0.0123,0.0148,-0.0102,0.0023,227,220,0.2104,0.2039,4.5703160689555435,4.5703160689555435,0.0,WELD_FOUND
13.71,0.009635380912264591,-0.05,0.002135380912264591,0.01713538091226459,0.0037,0.0126,-0.0016,0.0045,226,221,0.2094,0.2048,4.5703160689555435,4.5703160689555435,0.0,WELD_FOUND
13.76,0.00769862346010347,-0.1,-0.0073013765398965294,0.02269862346010347,0.0037,0.0126,-0.011,0.0101,226,221,0.2094,0.2048,6.328128431108148,5.449222250031846,0.8789061810763021,WELD_FOUND
13.81,0.00769862346010347,-0.1,-0.0073013765398965294,0.02269862346010347,0.0059,0.0113,-0.0132,0.0114,227,222,0.2104,0.2057,6.328128431108148,5.449222250031846,0.8789061810763021,WELD_FOUND
13.86,0.009763895916509823,-0.15000000000000002,-0.01273610408349018,0.03226389591650983,0.0059,0.0113,-0.0187,0.021,227,222,0.2104,0.2057,3.8671912094718666,4.5703160689555435,-0.703124859483677,WELD_FOUND
13.91,0.009763895916509823,-0.15000000000000002,-0.01273610408349018,0.03226389591650983,0.0059,0.0113,-0.0187,0.021,230,225,0.2132,0.2085,3.8671912094718666,4.5703160689555435,-0.703124859483677,WELD_FOUND
13.96,0.010206364520753719,-0.19760121773933312,-0.019433818140146247,0.03984654718165369,0.011,0.0142,-0.0304,0.0257,230,225,0.2132,0.2085,4.5703160689555435,4.5703160689555435,0.0,WELD_FOUND
14.01,0.010206364520753719,-0.19760121773933312,-0.019433818140146247,0.03984654718165369,0.011,0.0142,-0.0304,0.0257,231,228,0.2141,0.2113,4.5703160689555435,4.5703160689555435,0.0,WELD_FOUND
14.061,0.010296034806121006,-0.19906194290277107,-0.019563256629294652,0.040155326241536664,0.011,0.0142,-0.0305,0.026,231,228,0.2141,0.2113,7.031253717478648,4.5703160689555435,2.460937648523104,WELD_FOUND
14.11,0.010296034806121006,-0.19906194290277107,-0.019563256629294652,0.040155326241536664,0.0115,0.0209,-0.0311,0.0193,232,230,0.215,0.2132,7.031253717478648,4.5703160689555435,2.460937648523104,WELD_FOUND
14.16,0.0,0.0,0.0,0.0,0.0115,0.0209,-0.0115,-0.0209,232,230,0.215,0.2132,7.031253717478648,nan,nan,NO_WELD
14.21,0.0,0.0,0.0,0.0,0.0115,0.0209,-0.0115,-0.0209,232,230,0.215,0.2132,7.031253717478648,nan,nan,NO_WELD
14.26,0.0,0.0,0.0,0.0,0.0092,0.015,-0.0092,-0.015,232,231,0.215,0.2141,7.031253717478648,nan,nan,NO_WELD
14.31,0.0,0.0,0.0,0.0,0.0092,0.015,-0.0092,-0.015,232,231,0.215,0.2141,7.031253717478648,nan,nan,NO_WELD
14.36,0.005662474796251693,-0.05,-0.0018375252037483069,0.013162474796251693,0.0074,0.012,-0.0092,0.0012,232,231,0.215,0.2141,6.328128431108148,6.328128431108148,0.0,WELD_FOUND
14.41,0.005662474796251693,-0.05,-0.0018375252037483069,0.013162474796251693,0.0074,0.012,-0.0092,0.0012,232,231,0.215,0.2141,6.328128431108148,6.328128431108148,0.0,WELD_FOUND
14.46,0.0069155337389692866,-0.1,-0.008084466261030713,0.021915533738969286,0.0059,0.0096,-0.014,0.0123,232,231,0.215,0.2141,4.5703160689555435,5.449222250031846,-0.8789061810763021,WELD_FOUND
14.51,0.0069155337389692866,-0.1,-0.008084466261030713,0.021915533738969286,0.0059,0.0096,-0.014,0.0123,232,231,0.215,0.2141,4.5703160689555435,5.449222250031846,-0.8789061810763021,WELD_FOUND
14.56,0.0,0.0,0.0,0.0,0.0059,0.0096,-0.0059,-0.0096,232,231,0.215,0.2141,4.5703160689555435,nan,nan,NO_WELD
14.61,0.0,0.0,0.0,0.0,0.0047,0.0077,-0.0047,-0.0077,232,231,0.215,0.2141,4.5703160689555435,nan,nan,NO_WELD
14.66,0.015426766569927712,-0.05,0.007926766569927713,0.02292676656992771,0.0047,0.0077,0.0032,0.0153,231,231,0.2141,0.2141,2.812503493359528,2.812503493359528,0.0,WELD_FOUND
14.71,0.015426766569927712,-0.05,0.007926766569927713,0.02292676656992771,0.0047,0.0077,0.0032,0.0153,231,231,0.2141,0.2141,2.812503493359528,2.812503493359528,0.0,WELD_FOUND
14.76,0.020430962276421584,-0.07682802773844727,0.008906758115654494,0.031955166437188674,0.0004,0.0061,0.0085,0.0258,231,231,0.2141,0.2141,1.4062534542270564,2.109378420432439,-0.7031249662053827,WELD_FOUND
14.81,0.020430962276421584,-0.07682802773844727,0.008906758115654494,0.031955166437188674,0.0004,0.0061,0.0085,0.0258,231,231,0.2141,0.2141,1.4062534542270564,2.109378420432439,-0.7031249662053827,WELD_FOUND
14.86,0.0,0.0,0.0,0.0,0.0004,0.0061,-0.0004,-0.0061,233,233,0.2159,0.2159,1.4062534542270564,nan,nan,NO_WELD
14.91,0.0,0.0,0.0,0.0,0.0052,0.0086,-0.0052,-0.0086,233,233,0.2159,0.2159,1.4062534542270564,nan,nan,NO_WELD
14.96,0.0215160179293105,-0.05,0.014016017929310499,0.029016017929310498,0.0052,0.0086,0.0089,0.0204,234,235,0.2169,0.2178,2.109378420432439,2.109378420432439,0.0,WELD_FOUND
15.01,0.0215160179293105,-0.05,0.014016017929310499,0.029016017929310498,0.0052,0.0086,0.0089,0.0204,234,235,0.2169,0.2178,2.109378420432439,2.109378420432439,0.0,WELD_FOUND
15.061,0.01947144793844921,-0.1,0.004471447938449211,0.03447144793844921,0.008,0.0101,-0.0036,0.0244,235,235,0.2178,0.2178,3.1640659231013664,2.6367221717669027,0.5273437513344637,WELD_FOUND
15.11,0.01947144793844921,-0.1,0.004471447938449211,0.03447144793844921,0.008,0.0101,-0.0036,0.0244,235,235,0.2178,0.2178,3.1640659231013664,2.6367221717669027,0.5273437513344637,WELD_FOUND
15.16,0.021317178563124563,-0.08690681519228508,0.008281156284281803,0.03435320084196732,0.008,0.0101,0.0002,0.0242,237,238,0.2196,0.2206,2.109378420432439,2.109378420432439,0.0,WELD_FOUND
15.21,0.021317178563124563,-0.08690681519228508,0.008281156284281803,0.03435320084196732,0.0098,0.0135,-0.0015,0.0209,237,238,0.2196,0.2206,2.109378420432439,2.109378420432439,0.0,WELD_FOUND
15.26,0.019433547352442116,-0.12043858349463343,0.0013677598282471025,0.03749933487663713,0.0098,0.0135,-0.0084,0.024,237,240,0.2196,0.2224,3.5156285662866162,2.6367221717669027,0.8789063945197135,WELD_FOUND
15.31,0.019433547352442116,-0.12043858349463343,0.0013677598282471025,0.03749933487663713,0.0098,0.0135,-0.0084,0.024,237,240,0.2196,0.2224,3.5156285662866162,2.6367221717669027,0.8789063945197135,WELD_FOUND
15.36,0.0,0.0,0.0,0.0,0.0083,0.018,-0.0083,-0.018,238,242,0.2206,0.2243,3.5156285662866162,nan,nan,NO_WELD
15.41,0.0,0.0,0.0,0.0,0.0083,0.018,-0.0083,-0.018,238,242,0.2206,0.2243,3.5156285662866162,nan,nan,NO_WELD
15.46,0.021309244187977604,-0.05,0.013809244187977604,0.028809244187977603,0.0067,0.0182,0.0071,0.0106,238,244,0.2206,0.2261,2.109378420432439,2.109378420432439,0.0,WELD_FOUND
15.51,0.021309244187977604,-0.05,0.013809244187977604,0.028809244187977603,0.0067,0.0182,0.0071,0.0106,238,244,0.2206,0.2261,2.109378420432439,2.109378420432439,0.0,WELD_FOUND
15.56,0.02408205554823384,-0.061464130736896286,0.014862435937699396,0.03330167515876828,0.0077,0.0146,0.0072,0.0187,239,245,0.2215,0.2271,1.054690917763512,1.5820346690979756,-0.5273437513344637,WELD_FOUND
15.61,0.02408205554823384,-0.061464130736896286,0.014862435937699396,0.03330167515876828,0.0077,0.0146,0.0072,0.0187,239,245,0.2215,0.2271,1.054690917763512,1.5820346690979756,-0.5273437513344637,WELD_FOUND
15.66,0.0,0.0,0.0,0.0,0.0077,0.0146,-0.0077,-0.0146,241,247,0.2234,0.2289,1.054690917763512,nan,nan,NO_WELD
15.71,0.0,0.0,0.0,0.0,0.0096,0.0137,-0.0096,-0.0137,241,247,0.2234,0.2289,1.054690917763512,nan,nan,NO_WELD
15.76,0.0,0.0,0.0,0.0,0.0096,0.0137,-0.0096,-0.0137,243,249,0.2252,0.2308,1.054690917763512,nan,nan,NO_WELD
15.81,0.0,0.0,0.0,0.0,0.0132,0.0156,-0.0132,-0.0156,243,249,0.2252,0.2308,1.054690917763512,nan,nan,NO_WELD
15.86,0.030779659119333905,-0.017745483901173212,0.028117836534157923,0.03344148170450989,0.0132,0.0156,0.015,0.0178,242,248,0.2243,0.2298,0.35156592487770283,0.35156592487770283,0.0,WELD_FOUND
15.91,0.030779659119333905,-0.017745483901173212,0.028117836534157923,0.03344148170450989,0.0132,0.0156,0.015,0.0178,242,248,0.2243,0.2298,0.35156592487770283,0.35156592487770283,0.0,WELD_FOUND
15.96,0.0,0.0,0.0,0.0,0.0105,0.0125,-0.0105,-0.0125,243,249,0.2252,0.2308,0.35156592487770283,nan,nan,NO_WELD
16.01,0.0,0.0,0.0,0.0,0.0105,0.0125,-0.0105,-0.0125,243,249,0.2252,0.2308,0.35156592487770283,nan,nan,NO_WELD
16.061,0.0,0.0,0.0,0.0,0.0105,0.0125,-0.0105,-0.0125,247,253,0.2289,0.2345,0.35156592487770283,nan,nan,NO_WELD
16.11,0.0,0.0,0.0,0.0,0.0162,0.0174,-0.0162,-0.0174,247,253,0.2289,0.2345,0.35156592487770283,nan,nan,NO_WELD
16.16,0.020352121811597616,-0.05,0.012852121811597617,0.027852121811597616,0.0162,0.0174,-0.0033,0.0105,247,252,0.2289,0.2335,2.812503493359528,2.812503493359528,0.0,WELD_FOUND
16.21,0.020352121811597616,-0.05,0.012852121811597617,0.027852121811597616,0.0162,0.0174,-0.0033,0.0105,247,252,0.2289,0.2335,2.812503493359528,2.812503493359528,0.0,WELD_FOUND
16.26,0.02149982395119273,-0.08884291803855429,0.008173386245409586,0.034826261656975874,0.0122,0.0139,-0.004,0.0209,248,253,0.2298,0.2345,1.4062534542270564,2.109378420432439,-0.7031249662053827,WELD_FOUND
16.31,0.02149982395119273,-0.08884291803855429,0.008173386245409586,0.034826261656975874,0.0122,0.0139,-0.004,0.0209,248,253,0.2298,0.2345,1.4062534542270564,2.109378420432439,-0.7031249662053827,WELD_FOUND
16.36,0.018741126504798537,-0.13068844443985078,-0.0008621401611790813,0.038344393170776155,0.0122,0.0139,-0.0131,0.0244,250,255,0.2317,0.2363,3.1640659231013664,2.812503493359528,0.3515624297418385,WELD_FOUND
16.41,0.018741126504798537,-0.13068844443985078,-0.0008621401611790813,0.038344393170776155,0.0123,0.0133,-0.0131,0.025,250,255,0.2317,0.2363,3.1640659231013664,2.812503493359528,0.3515624297418385,WELD_FOUND
16.46,0.017508950380699655,-0.13410919367408314,-0.002607428670412814,0.03762532943181213,0.0123,0.0133,-0.0149,0.0243,251,257,0.2326,0.2382,5.625003571624471,2.9882848149521526,2.6367187566723183,WELD_FOUND
16.51,0.017508950380699655,-0.13410919367408314,-0.002607428670412814,0.03762532943181213,0.0123,0.0133,-0.0149,0.0243,251,257,0.2326,0.2382,5.625003571624471,2.9882848149521526,2.6367187566723183,WELD_FOUND
16.56,0.017965884043007283,-0.12132508526776618,-0.00023287874715764365,0.036164646833172207,0.0098,0.0104,-0.0101,0.0257,251,256,0.2326,0.2373,2.812503493359528,2.812503493359528,0.0,WELD_FOUND
16.61,0.017965884043007283,-0.12132508526776618,-0.00023287874715764365,0.036164646833172207,0.0098,0.0104,-0.0101,0.0257,251,256,0.2326,0.2373,2.812503493359528,2.812503493359528,0.0,WELD_FOUND
16.66,0.0,0.0,0.0,0.0,0.0098,0.0104,-0.0098,-0.0104,252,254,0.2335,0.2354,2.812503493359528,nan,nan,NO_WELD
16.71,0.0,0.0,0.0,0.0,0.0084,0.0013,-0.0084,-0.0013,252,254,0.2335,0.2354,2.812503493359528,nan,nan,NO_WELD
16.76,0.0,0.0,0.0,0.0,0.0084,0.0013,-0.0084,-0.0013,252,254,0.2335,0.2354,2.812503493359528,nan,nan,NO_WELD
16.81,0.0,0.0,0.0,0.0,0.0067,0.0011,-0.0067,-0.0011,252,254,0.2335,0.2354,2.812503493359528,nan,nan,NO_WELD
16.86,0.0,0.0,0.0,0.0,0.0067,0.0011,-0.0067,-0.0011,252,254,0.2335,0.2354,2.812503493359528,nan,nan,NO_WELD
16.91,0.0,0.0,0.0,0.0,0.0054,0.0,-0.0054,0.0,252,254,0.2335,0.2354,2.812503493359528,nan,nan,NO_WELD
16.96,0.0,0.0,0.0,0.0,0.0054,0.0,-0.0054,0.0,252,254,0.2335,0.2354,2.812503493359528,nan,nan,NO_WELD
17.01,0.0,0.0,0.0,0.0,0.0043,0.0,-0.0043,0.0,252,254,0.2335,0.2354,2.812503493359528,nan,nan,NO_WELD
17.061,0.0,0.0,0.0,0.0,0.0043,0.0,-0.0043,0.0,252,254,0.2335,0.2354,2.812503493359528,nan,nan,NO_WELD
17.11,0.0,0.0,0.0,0.0,0.0043,0.0,-0.0043,0.0,252,254,0.2335,0.2354,2.812503493359528,nan,nan,NO_WELD
17.16,0.0,0.0,0.0,0.0,0.0034,0.0,-0.0034,0.0,252,254,0.2335,0.2354,0.7031284346608206,0.7031284346608206,0.0,WELD_FOUND
17.21,0.0,0.0,0.0,0.0,0.0034,0.0,-0.0034,0.0,252,254,0.2335,0.2354,0.7031284346608206,0.7031284346608206,0.0,WELD_FOUND
17.26,0.0,0.0,0.0,0.0,0.0034,0.0,-0.0034,0.0,252,254,0.2335,0.2354,0.7031284346608206,nan,nan,NO_WELD
17.31,0.0,0.0,0.0,0.0,0.0027,0.0,-0.0027,0.0,252,254,0.2335,0.2354,0.7031284346608206,nan,nan,NO_WELD
17.36,0.032582298035693374,-0.016488161823438652,0.030109073762177578,0.03505552230920917,0.0027,0.0,0.0274,0.0351,252,254,0.2335,0.2354,0.35156592487770283,0.35156592487770283,0.0,WELD_FOUND
17.41,0.032582298035693374,-0.016488161823438652,0.030109073762177578,0.03505552230920917,0.0027,0.0,0.0274,0.0351,252,254,0.2335,0.2354,0.35156592487770283,0.35156592487770283,0.0,WELD_FOUND
17.46,0.0,0.0,0.0,0.0,0.0022,0.0,-0.0022,0.0,252,254,0.2335,0.2354,0.35156592487770283,nan,nan,NO_WELD
17.51,0.0,0.0,0.0,0.0,0.0022,0.0,-0.0022,0.0,252,254,0.2335,0.2354,0.35156592487770283,nan,nan,NO_WELD
17.56,0.0,0.0,0.0,0.0,0.0124,0.0037,-0.0124,-0.0037,255,255,0.2363,0.2363,0.35156592487770283,nan,nan,NO_WELD
17.61,0.0,0.0,0.0,0.0,0.0124,0.0037,-0.0124,-0.0037,255,255,0.2363,0.2363,0.35156592487770283,nan,nan,NO_WELD
17.66,0.0,0.0,0.0,0.0,0.0124,0.0037,-0.0124,-0.0037,254,255,0.2354,0.2363,-2.460934233428519,nan,nan,WELD_FOUND
17.71,0.02297237893408299,0.05,0.03047237893408299,0.01547237893408299,0.0049,0.0029,0.0255,0.0125,254,255,0.2354,0.2363,-2.460934233428519,-2.460934233428519,0.0,WELD_FOUND
17.761,0.02297237893408299,0.05,0.03047237893408299,0.01547237893408299,0.0049,0.0029,0.0255,0.0125,254,255,0.2354,0.2363,-2.460934233428519,nan,nan,WELD_FOUND
17.81,0.0,0.0,0.0,0.0,0.004,0.0029,-0.004,-0.0029,254,255,0.2354,0.2363,-2.460934233428519,nan,nan,NO_WELD
17.86,0.0,0.0,0.0,0.0,0.004,0.0067,-0.004,-0.0067,256,257,0.2373,0.2382,-3.5156217360974464,nan,nan,NO_WELD
17.91,0.01622122444905393,0.05,0.02372122444905393,0.008721224449053929,0.0098,0.0067,0.0139,0.002,256,257,0.2373,0.2382,-3.5156217360974464,-3.5156217360974464,0.0,WELD_FOUND
17.96,0.01622122444905393,0.05,0.02372122444905393,0.008721224449053929,0.0098,0.0067,0.0139,0.002,257,258,0.2382,0.2391,-2.460934233428519,-3.5156217360974464,1.0546875026689273,WELD_FOUND
18.01,0.01700790530875357,0.1,0.03200790530875357,0.002007905308753572,0.0098,0.0065,0.0222,-0.0045,257,258,0.2382,0.2391,-2.460934233428519,-2.988277984762983,0.5273437513344637,WELD_FOUND
18.061,0.01700790530875357,0.1,0.03200790530875357,0.002007905308753572,0.0083,0.0065,0.0237,-0.0045,257,258,0.2382,0.2391,-2.460934233428519,nan,nan,NO_WELD
18.11,0.0,0.0,0.0,0.0,0.0083,0.0065,-0.0083,-0.0065,257,258,0.2382,0.2391,-2.460934233428519,nan,nan,NO_WELD
18.16,0.0,0.0,0.0,0.0,0.0087,0.0052,-0.0087,-0.0052,258,258,0.2391,0.2391,-3.164059092912196,nan,nan,NO_WELD
18.21,0.01648498512773377,0.05,0.02398498512773377,0.008984985127733769,0.0087,0.0052,0.0153,0.0038,258,258,0.2391,0.2391,-3.164059092912196,-3.164059092912196,0.0,WELD_FOUND
18.26,0.01648498512773377,0.05,0.02398498512773377,0.008984985127733769,0.0087,0.0052,0.0153,0.0038,258,259,0.2391,0.24,-3.164059092912196,-3.164059092912196,0.0,WELD_FOUND
18.31,0.0,0.0,0.0,0.0,0.007,0.0056,-0.007,-0.0056,258,259,0.2391,0.24,-3.164059092912196,nan,nan,NO_WELD
18.362,0.0,0.0,0.0,0.0,0.007,0.0056,-0.007,-0.0056,260,260,0.241,0.241,-3.164059092912196,nan,nan,NO_WELD
18.41,0.0,0.0,0.0,0.0,0.0116,0.0071,-0.0116,-0.0071,260,260,0.241,0.241,-3.164059092912196,nan,nan,NO_WELD
18.46,0.0,0.0,0.0,0.0,0.0116,0.0071,-0.0116,-0.0071,261,262,0.2419,0.2428,-3.164059092912196,nan,nan,NO_WELD
18.51,0.008309749327272336,0.05,0.015809749327272336,0.0008097493272723362,0.0116,0.0071,0.0042,-0.0063,261,262,0.2419,0.2428,-5.6249967414353,-5.6249967414353,0.0,WELD_FOUND
18.56,0.008309749327272336,0.05,0.015809749327272336,0.0008097493272723362,0.0094,0.0092,0.0064,-0.0084,261,262,0.2419,0.2428,-5.6249967414353,-5.6249967414353,0.0,WELD_FOUND
18.61,0.00989940137736532,0.1,0.02489940137736532,-0.0051005986226346795,0.0094,0.0092,0.0155,-0.0143,261,262,0.2419,0.2428,-3.5156217360974464,-4.570309238766374,1.0546875026689273,WELD_FOUND
18.66,0.00989940137736532,0.1,0.02489940137736532,-0.0051005986226346795,0.0075,0.0073,0.0174,-0.0124,261,262,0.2419,0.2428,-3.5156217360974464,-4.570309238766374,1.0546875026689273,WELD_FOUND
18.71,0.013676936311820615,0.13923260799300116,0.03456182751077079,-0.00720795488712956,0.0075,0.0073,0.027,-0.0146,261,262,0.2419,0.2428,-3.5156217360974464,-3.5156217360974464,0.0,WELD_FOUND
18.76,0.013676936311820615,0.13923260799300116,0.03456182751077079,-0.00720795488712956,0.0075,0.0073,0.027,-0.0146,264,264,0.2447,0.2447,-3.5156217360974464,-3.5156217360974464,0.0,WELD_FOUND
18.81,0.0,0.0,0.0,0.0,0.0119,0.0094,-0.0119,-0.0094,264,264,0.2447,0.2447,-3.5156217360974464,nan,nan,NO_WELD
18.86,0.0,0.0,0.0,0.0,0.0119,0.0094,-0.0119,-0.0094,269,266,0.2493,0.2465,-3.5156217360974464,nan,nan,NO_WELD
18.91,0.012081431408290282,0.05,0.01958143140829028,0.004581431408290282,0.0119,0.0094,0.0076,-0.0048,269,266,0.2493,0.2465,-4.218746595581123,-4.218746595581123,0.0,WELD_FOUND
18.96,0.012081431408290282,0.05,0.01958143140829028,0.004581431408290282,0.017,0.0081,0.0025,-0.0035,268,265,0.2484,0.2456,-4.218746595581123,-4.218746595581123,0.0,WELD_FOUND
19.01,0.0,0.0,0.0,0.0,0.017,0.0081,-0.017,-0.0081,268,265,0.2484,0.2456,-4.218746595581123,nan,nan,NO_WELD
19.061,0.0,0.0,0.0,0.0,0.017,0.0081,-0.017,-0.0081,269,264,0.2493,0.2447,-4.218746595581123,nan,nan,NO_WELD
19.11,0.0,0.0,0.0,0.0,0.0127,0.0024,-0.0127,-0.0024,269,264,0.2493,0.2447,-4.218746595581123,nan,nan,NO_WELD
19.16,0.0,0.0,0.0,0.0,0.0127,0.0024,-0.0127,-0.0024,268,264,0.2484,0.2447,-4.218746595581123,nan,nan,NO_WELD
19.21,0.0,0.0,0.0,0.0,0.0127,0.0024,-0.0127,-0.0024,268,264,0.2484,0.2447,-4.218746595581123,nan,nan,NO_WELD
19.26,0.0,0.0,0.0,0.0,0.0051,0.0019,-0.0051,-0.0019,268,264,0.2484,0.2447,-4.218746595581123,nan,nan,NO_WELD
19.31,0.0,0.0,0.0,0.0,0.0051,0.0019,-0.0051,-0.0019,268,264,0.2484,0.2447,-4.218746595581123,nan,nan,NO_WELD
19.36,0.0,0.0,0.0,0.0,0.0041,0.0015,-0.0041,-0.0015,268,264,0.2484,0.2447,-4.218746595581123,nan,nan,NO_WELD
19.41,0.0,0.0,0.0,0.0,0.0041,0.0015,-0.0041,-0.0015,268,264,0.2484,0.2447,-4.218746595581123,nan,nan,NO_WELD
19.46,0.0,0.0,0.0,0.0,0.0033,0.0012,-0.0033,-0.0012,268,264,0.2484,0.2447,-4.218746595581123,nan,nan,NO_WELD
19.51,0.0,0.0,0.0,0.0,0.0033,0.0012,-0.0033,-0.0012,268,264,0.2484,0.2447,-2.1093715902432693,-2.1093715902432693,0.0,WELD_FOUND
19.56,0.0,0.0,0.0,0.0,0.0033,0.0012,-0.0033,-0.0012,268,264,0.2484,0.2447,-2.1093715902432693,-2.1093715902432693,0.0,WELD_FOUND
19.61,0.0,0.0,0.0,0.0,0.0026,0.0,-0.0026,0.0,268,264,0.2484,0.2447,-2.1093715902432693,nan,nan,NO_WELD
19.66,0.0,0.0,0.0,0.0,0.0026,0.0,-0.0026,0.0,268,264,0.2484,0.2447,-2.1093715902432693,nan,nan,NO_WELD
19.71,0.032582298035693374,-0.01648641450544796,0.03010933585987618,0.03505526021151057,0.0026,0.0,0.0275,0.0351,268,264,0.2484,0.2447,0.35156592487770283,0.35156592487770283,0.0,WELD_FOUND
19.76,0.032582298035693374,-0.01648641450544796,0.03010933585987618,0.03505526021151057,0.0021,0.0,0.028,0.0351,268,264,0.2484,0.2447,0.35156592487770283,0.35156592487770283,0.0,WELD_FOUND
19.81,0.026273071908065663,-0.06648641450544795,0.01630010973224847,0.036246034083882855,0.0021,0.0,0.0142,0.0362,268,264,0.2484,0.2447,2.812503493359528,1.5820346690979756,1.2304688242615522,WELD_FOUND
19.86,0.026273071908065663,-0.06648641450544795,0.01630010973224847,0.036246034083882855,0.0161,0.0,0.0002,0.0362,272,264,0.2521,0.2447,2.812503493359528,1.5820346690979756,1.2304688242615522,WELD_FOUND
19.91,0.02109821406449817,-0.11648641450544796,0.003625251888680979,0.038571176240315364,0.0161,0.0,-0.0125,0.0386,272,264,0.2521,0.2447,2.4609410636176894,2.4609410636176894,0.0,WELD_FOUND
19.96,0.02109821406449817,-0.11648641450544796,0.003625251888680979,0.038571176240315364,0.0161,0.0,-0.0125,0.0386,277,268,0.2567,0.2484,2.4609410636176894,2.4609410636176894,0.0,WELD_FOUND
20.01,0.019391648689009982,-0.11995261352873325,0.0013987566596999935,0.03738454071831997,0.022,0.0099,-0.0206,0.0275,277,268,0.2567,0.2484,3.8671912094718666,2.6367221717669027,1.2304690377049639,WELD_FOUND
20.061,0.019391648689009982,-0.11995261352873325,0.0013987566596999935,0.03738454071831997,0.022,0.0099,-0.0206,0.0275,280,273,0.2595,0.253,3.8671912094718666,2.6367221717669027,1.2304690377049639,WELD_FOUND
20.11,0.01833949120141121,-0.12586833258921173,-0.0005407586869705487,0.037219741089792965,0.0243,0.0245,-0.0249,0.0128,280,273,0.2595,0.253,3.5156285662866162,2.812503493359528,0.7031250729270884,WELD_FOUND
20.16,0.01833949120141121,-0.12586833258921173,-0.0005407586869705487,0.037219741089792965,0.0243,0.0245,-0.0249,0.0128,286,279,0.2651,0.2586,3.5156285662866162,2.812503493359528,0.7031250729270884,WELD_FOUND
20.21,0.0,0.0,0.0,0.0,0.0243,0.0245,-0.0243,-0.0245,286,279,0.2651,0.2586,3.5156285662866162,nan,nan,NO_WELD
20.26,0.0,0.0,0.0,0.0,0.0344,0.0369,-0.0344,-0.0369,288,282,0.2669,0.2613,3.5156285662866162,nan,nan,NO_WELD
20.31,0.011739450212473935,-0.05,0.004239450212473935,0.019239450212473932,0.0344,0.0369,-0.0301,-0.0177,288,282,0.2669,0.2613,4.5703160689555435,4.5703160689555435,0.0,WELD_FOUND
20.36,0.011739450212473935,-0.05,0.004239450212473935,0.019239450212473932,0.0344,0.0369,-0.0301,-0.0177,289,281,0.2678,0.2604,4.5703160689555435,4.5703160689555435,0.0,WELD_FOUND
20.41,0.011706271520052597,-0.1,-0.0032937284799474022,0.026706271520052595,0.0231,0.0197,-0.0264,0.007,289,281,0.2678,0.2604,3.8671912094718666,4.218753425770293,-0.35156221629842666,WELD_FOUND
20.46,0.011706271520052597,-0.1,-0.0032937284799474022,0.026706271520052595,0.0231,0.0197,-0.0264,0.007,289,280,0.2678,0.2595,3.8671912094718666,4.218753425770293,-0.35156221629842666,WELD_FOUND
20.51,0.012865589538086454,-0.15000000000000002,-0.009634410461913549,0.03536558953808645,0.0231,0.0197,-0.0327,0.0157,289,280,0.2678,0.2595,2.812503493359528,3.8671912094718666,-1.0546877161123387,WELD_FOUND
20.56,0.012865589538086454,-0.15000000000000002,-0.009634410461913549,0.03536558953808645,0.0185,0.0093,-0.0281,0.026,289,280,0.2678,0.2595,2.812503493359528,3.8671912094718666,-1.0546877161123387,WELD_FOUND
20.61,0.0,0.0,0.0,0.0,0.0185,0.0093,-0.0185,-0.0093,289,280,0.2678,0.2595,2.812503493359528,nan,nan,NO_WELD
20.66,0.0,0.0,0.0,0.0,0.0185,0.0093,-0.0185,-0.0093,289,280,0.2678,0.2595,2.812503493359528,nan,nan,NO_WELD
20.71,0.015624052356164583,-0.05,0.008124052356164584,0.023124052356164583,0.0148,0.0075,-0.0067,0.0157,289,280,0.2678,0.2595,3.1640659231013664,3.1640659231013664,0.0,WELD_FOUND
20.76,0.015624052356164583,-0.05,0.008124052356164584,0.023124052356164583,0.0148,0.0075,-0.0067,0.0157,289,280,0.2678,0.2595,3.1640659231013664,3.1640659231013664,0.0,WELD_FOUND
20.81,0.0,0.0,0.0,0.0,0.0118,0.006,-0.0118,-0.006,289,280,0.2678,0.2595,3.1640659231013664,nan,nan,NO_WELD
20.86,0.0,0.0,0.0,0.0,0.0118,0.006,-0.0118,-0.006,290,281,0.2688,0.2604,3.1640659231013664,nan,nan,NO_WELD
20.91,0.01757529261764082,-0.05,0.01007529261764082,0.02507529261764082,0.0118,0.006,-0.0017,0.0191,290,281,0.2688,0.2604,2.812503493359528,2.812503493359528,0.0,WELD_FOUND
20.96,0.01757529261764082,-0.05,0.01007529261764082,0.02507529261764082,0.0095,0.0061,0.0006,0.019,289,281,0.2678,0.2604,2.812503493359528,2.812503493359528,0.0,WELD_FOUND
21.01,0.024066492447328492,-0.04319581761028963,0.017587119805785048,0.030545865088871936,0.0095,0.0061,0.0081,0.0245,289,281,0.2678,0.2604,3.4150945850063755e-06,1.4062534542270564,-1.4062500391324715,WELD_FOUND
21.061,0.024066492447328492,-0.04319581761028963,0.017587119805785048,0.030545865088871936,0.0094,0.0073,0.0082,0.0232,290,282,0.2688,0.2613,3.4150945850063755e-06,1.4062534542270564,-1.4062500391324715,WELD_FOUND
21.11,0.0,0.0,0.0,0.0,0.0094,0.0073,-0.0094,-0.0073,290,282,0.2688,0.2613,3.4150945850063755e-06,nan,nan,NO_WELD
21.16,0.0,0.0,0.0,0.0,0.013,0.0155,-0.013,-0.0155,292,285,0.2706,0.2641,3.4150945850063755e-06,nan,nan,NO_WELD
21.21,0.0,0.0,0.0,0.0,0.013,0.0155,-0.013,-0.0155,292,285,0.2706,0.2641,3.4150945850063755e-06,nan,nan,NO_WELD
21.26,0.0,0.0,0.0,0.0,0.013,0.0155,-0.013,-0.0155,293,285,0.2715,0.2641,3.4150945850063755e-06,nan,nan,NO_WELD
21.31,0.028957689509897282,-0.032431688189554365,0.02409293628146413,0.03382244273833044,0.0103,0.0124,0.0138,0.0214,293,285,0.2715,0.2641,0.7031284346608206,0.7031284346608206,0.0,WELD_FOUND
21.36,0.028957689509897282,-0.032431688189554365,0.02409293628146413,0.03382244273833044,0.0103,0.0124,0.0138,0.0214,293,285,0.2715,0.2641,0.7031284346608206,0.7031284346608206,0.0,WELD_FOUND
21.41,0.0,0.0,0.0,0.0,0.0082,0.0099,-0.0082,-0.0099,293,285,0.2715,0.2641,0.7031284346608206,nan,nan,NO_WELD
21.46,0.0,0.0,0.0,0.0,0.0082,0.0099,-0.0082,-0.0099,296,289,0.2743,0.2678,0.7031284346608206,nan,nan,NO_WELD
21.51,0.0,0.0,0.0,0.0,0.0082,0.0099,-0.0082,-0.0099,296,289,0.2743,0.2678,0.7031284346608206,nan,nan,NO_WELD
21.56,0.0,0.0,0.0,0.0,0.0124,0.0134,-0.0124,-0.0134,296,288,0.2743,0.2669,0.7031284346608206,nan,nan,NO_WELD
21.61,0.017182779939768873,-0.05,0.009682779939768873,0.024682779939768872,0.0124,0.0134,-0.0027,0.0113,296,288,0.2743,0.2669,3.5156285662866162,3.5156285662866162,0.0,WELD_FOUND
21.66,0.017182779939768873,-0.05,0.009682779939768873,0.024682779939768872,0.0124,0.0134,-0.0027,0.0113,296,288,0.2743,0.2669,3.5156285662866162,3.5156285662866162,0.0,WELD_FOUND
21.71,0.0,0.0,0.0,0.0,0.0099,0.0107,-0.0099,-0.0107,296,288,0.2743,0.2669,3.5156285662866162,nan,nan,NO_WELD
21.76,0.0,0.0,0.0,0.0,0.0099,0.0107,-0.0099,-0.0107,297,290,0.2753,0.2688,3.5156285662866162,nan,nan,NO_WELD
21.81,0.011552098419806322,-0.05,0.004052098419806322,0.01905209841980632,0.0096,0.0138,-0.0056,0.0052,297,290,0.2753,0.2688,4.5703160689555435,4.5703160689555435,0.0,WELD_FOUND
21.86,0.011552098419806322,-0.05,0.004052098419806322,0.01905209841980632,0.0096,0.0138,-0.0056,0.0052,297,290,0.2753,0.2688,4.5703160689555435,4.5703160689555435,0.0,WELD_FOUND
21.91,0.007113949911914989,-0.1,-0.00788605008808501,0.02211394991191499,0.0096,0.0138,-0.0175,0.0083,297,290,0.2753,0.2688,7.031253717478648,5.800784893217095,1.2304688242615525,WELD_FOUND
21.96,0.007113949911914989,-0.1,-0.00788605008808501,0.02211394991191499,0.0077,0.0111,-0.0156,0.011,297,290,0.2753,0.2688,7.031253717478648,5.800784893217095,1.2304688242615525,WELD_FOUND
22.01,0.0,0.0,0.0,0.0,0.0077,0.0111,-0.0077,-0.0111,297,290,0.2753,0.2688,7.031253717478648,nan,nan,NO_WELD
22.061,0.0,0.0,0.0,0.0,0.0077,0.0111,-0.0077,-0.0111,298,291,0.2762,0.2697,7.031253717478648,nan,nan,NO_WELD
22.11,0.0,0.0,0.0,0.0,0.0071,0.0091,-0.0071,-0.0091,298,291,0.2762,0.2697,7.031253717478648,nan,nan,NO_WELD
22.16,0.0,0.0,0.0,0.0,0.0071,0.0091,-0.0071,-0.0091,298,291,0.2762,0.2697,7.031253717478648,nan,nan,NO_WELD
22.21,0.0,0.0,0.0,0.0,0.0071,0.0091,-0.0071,-0.0091,298,291,0.2762,0.2697,7.031253717478648,nan,nan,NO_WELD
22.26,0.0,0.0,0.0,0.0,0.0057,0.0073,-0.0057,-0.0073,298,291,0.2762,0.2697,7.031253717478648,nan,nan,NO_WELD
22.31,0.005,-0.05,-0.0024999999999999996,0.0125,0.0057,0.0073,-0.0082,0.0052,298,291,0.2762,0.2697,6.679691074293397,6.679691074293397,0.0,WELD_FOUND
22.36,0.005,-0.05,-0.0024999999999999996,0.0125,0.0057,0.0073,-0.0082,0.0052,298,291,0.2762,0.2697,6.679691074293397,6.679691074293397,0.0,WELD_FOUND
22.41,0.0,0.0,0.0,0.0,0.0045,0.0058,-0.0045,-0.0058,298,291,0.2762,0.2697,6.679691074293397,nan,nan,NO_WELD
22.46,0.0,0.0,0.0,0.0,0.0045,0.0058,-0.0045,-0.0058,298,291,0.2762,0.2697,6.679691074293397,nan,nan,NO_WELD
22.51,0.0,0.0,0.0,0.0,0.0045,0.0058,-0.0045,-0.0058,298,291,0.2762,0.2697,6.679691074293397,nan,nan,NO_WELD
22.56,0.0,0.0,0.0,0.0,0.0036,0.0047,-0.0036,-0.0047,298,291,0.2762,0.2697,6.679691074293397,nan,nan,NO_WELD
22.61,0.0,0.0,0.0,0.0,0.0036,0.0047,-0.0036,-0.0047,298,291,0.2762,0.2697,6.679691074293397,nan,nan,NO_WELD
22.66,0.0,0.0,0.0,0.0,0.0029,0.0037,-0.0029,-0.0037,298,291,0.2762,0.2697,6.679691074293397,nan,nan,NO_WELD
22.71,0.0,0.0,0.0,0.0,0.0029,0.0037,-0.0029,-0.0037,298,291,0.2762,0.2697,6.679691074293397,nan,nan,NO_WELD
22.76,0.0,0.0,0.0,0.0,0.0029,0.0037,-0.0029,-0.0037,298,291,0.2762,0.2697,6.679691074293397,nan,nan,NO_WELD
22.81,0.0,0.0,0.0,0.0,0.0023,0.003,-0.0023,-0.003,298,291,0.2762,0.2697,6.679691074293397,nan,nan,NO_WELD
22.86,0.0,0.0,0.0,0.0,0.0023,0.003,-0.0023,-0.003,298,291,0.2762,0.2697,6.679691074293397,nan,nan,NO_WELD
22.91,0.0,0.0,0.0,0.0,0.0019,0.0024,-0.0019,-0.0024,298,291,0.2762,0.2697,6.679691074293397,nan,nan,NO_WELD
22.96,0.0,0.0,0.0,0.0,0.0019,0.0024,-0.0019,-0.0024,298,291,0.2762,0.2697,6.679691074293397,nan,nan,NO_WELD
23.01,0.0,0.0,0.0,0.0,0.0019,0.0024,-0.0019,-0.0024,298,291,0.2762,0.2697,6.679691074293397,nan,nan,NO_WELD
23.061,0.0,0.0,0.0,0.0,0.0015,0.0019,-0.0015,-0.0019,298,291,0.2762,0.2697,6.679691074293397,nan,nan,NO_WELD
23.11,0.0,0.0,0.0,0.0,0.0015,0.0019,-0.0015,-0.0019,298,291,0.2762,0.2697,6.679691074293397,nan,nan,NO_WELD
23.16,0.0,0.0,0.0,0.0,0.0015,0.0019,-0.0015,-0.0019,298,291,0.2762,0.2697,6.679691074293397,nan,nan,NO_WELD
23.21,0.0,0.0,0.0,0.0,0.0012,0.0015,-0.0012,-0.0015,298,291,0.2762,0.2697,5.97656621480972,5.97656621480972,0.0,WELD_FOUND
23.26,0.0,0.0,0.0,0.0,0.0012,0.0015,-0.0012,-0.0015,298,291,0.2762,0.2697,5.97656621480972,5.97656621480972,0.0,WELD_FOUND
23.31,0.010318513656864835,-0.05,0.002818513656864835,0.017818513656864834,0.0,0.0012,0.0028,0.0166,298,291,0.2762,0.2697,3.1640659231013664,4.5703160689555435,-1.4062501458541772,WELD_FOUND
23.36,0.010318513656864835,-0.05,0.002818513656864835,0.017818513656864834,0.0,0.0012,0.0028,0.0166,298,291,0.2762,0.2697,3.1640659231013664,4.5703160689555435,-1.4062501458541772,WELD_FOUND
23.41,0.0,0.0,0.0,0.0,0.0,0.0,0.0,0.0,298,291,0.2762,0.2697,3.1640659231013664,nan,nan,NO_WELD
23.46,0.0,0.0,0.0,0.0,0.0,0.0,0.0,0.0,298,291,0.2762,0.2697,3.1640659231013664,nan,nan,NO_WELD
23.51,0.0,0.0,0.0,0.0,0.0,0.0,0.0,0.0,298,291,0.2762,0.2697,3.1640659231013664,nan,nan,NO_WELD
23.56,0.0,0.0,0.0,0.0,0.0,0.0,0.0,0.0,298,291,0.2762,0.2697,3.1640659231013664,nan,nan,NO_WELD
23.61,0.0,0.0,0.0,0.0,0.0,0.0,0.0,0.0,298,291,0.2762,0.2697,3.1640659231013664,nan,nan,NO_WELD
23.66,0.0,0.0,0.0,0.0,0.0,0.0,0.0,0.0,298,291,0.2762,0.2697,3.1640659231013664,nan,nan,NO_WELD
23.71,0.0,0.0,0.0,0.0,0.0,0.0,0.0,0.0,298,291,0.2762,0.2697,3.1640659231013664,nan,nan,NO_WELD
23.76,0.0,0.0,0.0,0.0,0.0,0.0,0.0,0.0,298,291,0.2762,0.2697,3.1640659231013664,nan,nan,NO_WELD
23.81,0.0,0.0,0.0,0.0,0.0,0.0,0.0,0.0,298,291,0.2762,0.2697,3.1640659231013664,nan,nan,NO_WELD
23.86,0.0,0.0,0.0,0.0,0.0,0.0,0.0,0.0,298,291,0.2762,0.2697,3.1640659231013664,nan,nan,NO_WELD
23.91,0.0,0.0,0.0,0.0,0.0,0.0,0.0,0.0,298,291,0.2762,0.2697,3.1640659231013664,nan,nan,NO_WELD
23.96,0.0,0.0,0.0,0.0,0.0,0.0,0.0,0.0,298,291,0.2762,0.2697,3.1640659231013664,nan,nan,NO_WELD
24.01,0.021791668119178043,-0.05,0.014291668119178043,0.029291668119178042,0.0,0.0,0.0143,0.0293,298,291,0.2762,0.2697,2.109378420432439,2.109378420432439,0.0,WELD_FOUND
24.061,0.021791668119178043,-0.05,0.014291668119178043,0.029291668119178042,0.0,0.0,0.0143,0.0293,298,291,0.2762,0.2697,2.109378420432439,2.109378420432439,0.0,WELD_FOUND
24.11,0.0,0.0,0.0,0.0,0.0,0.0,0.0,0.0,298,291,0.2762,0.2697,2.109378420432439,nan,nan,NO_WELD
24.16,0.0,0.0,0.0,0.0,0.0,0.0,0.0,0.0,301,294,0.279,0.2725,2.109378420432439,nan,nan,NO_WELD
24.21,0.0,0.0,0.0,0.0,0.0,0.0,0.0,0.0,301,294,0.279,0.2725,2.109378420432439,nan,nan,NO_WELD
24.26,0.0,0.0,0.0,0.0,0.0074,0.0049,-0.0074,-0.0049,301,293,0.279,0.2715,2.109378420432439,nan,nan,NO_WELD
24.31,0.0,0.0,0.0,0.0,0.0074,0.0049,-0.0074,-0.0049,301,293,0.279,0.2715,2.109378420432439,nan,nan,NO_WELD
24.36,0.0,0.0,0.0,0.0,0.0074,0.0049,-0.0074,-0.0049,301,293,0.279,0.2715,2.109378420432439,nan,nan,NO_WELD
24.41,0.0,0.0,0.0,0.0,0.0059,0.004,-0.0059,-0.004,301,293,0.279,0.2715,2.812503493359528,2.812503493359528,0.0,WELD_FOUND
24.46,0.0,0.0,0.0,0.0,0.0059,0.004,-0.0059,-0.004,301,293,0.279,0.2715,2.812503493359528,2.812503493359528,0.0,WELD_FOUND
24.51,0.013163970281412703,-0.05,0.005663970281412703,0.020663970281412702,0.0059,0.004,-0.0003,0.0167,301,293,0.279,0.2715,4.921878712140794,3.8671912094718666,1.0546875026689273,WELD_FOUND
24.56,0.013163970281412703,-0.05,0.005663970281412703,0.020663970281412702,0.0047,0.0032,0.0009,0.0175,301,293,0.279,0.2715,4.921878712140794,3.8671912094718666,1.0546875026689273,WELD_FOUND
24.61,0.0,0.0,0.0,0.0,0.0047,0.0032,-0.0047,-0.0032,301,293,0.279,0.2715,4.921878712140794,nan,nan,NO_WELD
24.66,0.0,0.0,0.0,0.0,0.0047,0.0032,-0.0047,-0.0032,301,294,0.279,0.2725,4.921878712140794,nan,nan,NO_WELD
24.71,0.0,0.0,0.0,0.0,0.0038,0.0044,-0.0038,-0.0044,301,294,0.279,0.2725,4.921878712140794,nan,nan,NO_WELD
24.76,0.0,0.0,0.0,0.0,0.0038,0.0044,-0.0038,-0.0044,301,294,0.279,0.2725,4.921878712140794,nan,nan,NO_WELD
24.81,0.0,0.0,0.0,0.0,0.0038,0.0044,-0.0038,-0.0044,301,294,0.279,0.2725,4.921878712140794,nan,nan,NO_WELD
24.86,0.0,0.0,0.0,0.0,0.003,0.0035,-0.003,-0.0035,301,294,0.279,0.2725,4.921878712140794,nan,nan,NO_WELD
24.91,0.0,0.0,0.0,0.0,0.003,0.0035,-0.003,-0.0035,301,294,0.279,0.2725,4.921878712140794,nan,nan,NO_WELD
24.96,0.0,0.0,0.0,0.0,0.003,0.0035,-0.003,-0.0035,301,294,0.279,0.2725,4.921878712140794,nan,nan,NO_WELD
25.01,0.0,0.0,0.0,0.0,0.0024,0.0028,-0.0024,-0.0028,301,294,0.279,0.2725,4.921878712140794,nan,nan,NO_WELD
25.061,0.0,0.0,0.0,0.0,0.0024,0.0028,-0.0024,-0.0028,301,294,0.279,0.2725,4.921878712140794,nan,nan,NO_WELD
25.11,0.0,0.0,0.0,0.0,0.0019,0.0022,-0.0019,-0.0022,301,294,0.279,0.2725,4.921878712140794,nan,nan,NO_WELD
25.16,0.0,0.0,0.0,0.0,0.0019,0.0022,-0.0019,-0.0022,301,294,0.279,0.2725,4.921878712140794,nan,nan,NO_WELD
25.21,0.0,0.0,0.0,0.0,0.0019,0.0022,-0.0019,-0.0022,301,294,0.279,0.2725,4.921878712140794,nan,nan,NO_WELD
25.26,0.0,0.0,0.0,0.0,0.0016,0.0018,-0.0016,-0.0018,301,294,0.279,0.2725,4.921878712140794,nan,nan,NO_WELD
25.31,0.0,0.0,0.0,0.0,0.0016,0.0018,-0.0016,-0.0018,301,294,0.279,0.2725,4.921878712140794,nan,nan,NO_WELD
25.36,0.0,0.0,0.0,0.0,0.0016,0.0018,-0.0016,-0.0018,301,294,0.279,0.2725,4.921878712140794,nan,nan,NO_WELD
25.41,0.0,0.0,0.0,0.0,0.0012,0.0014,-0.0012,-0.0014,301,294,0.279,0.2725,4.921878712140794,nan,nan,NO_WELD
25.46,0.0,0.0,0.0,0.0,0.0012,0.0014,-0.0012,-0.0014,301,294,0.279,0.2725,4.921878712140794,nan,nan,NO_WELD
25.51,0.005,-0.05,-0.0024999999999999996,0.0125,0.0,0.0011,-0.0025,0.0114,301,294,0.279,0.2725,6.679691074293397,6.679691074293397,0.0,WELD_FOUND
25.56,0.005,-0.05,-0.0024999999999999996,0.0125,0.0,0.0011,-0.0025,0.0114,301,294,0.279,0.2725,6.679691074293397,6.679691074293397,0.0,WELD_FOUND
25.61,0.0,0.0,0.0,0.0,0.0,0.0011,0.0,-0.0011,301,294,0.279,0.2725,6.679691074293397,nan,nan,NO_WELD
25.66,0.0,0.0,0.0,0.0,0.0,0.0,0.0,0.0,301,294,0.279,0.2725,6.679691074293397,nan,nan,NO_WELD
25.71,0.0,0.0,0.0,0.0,0.0,0.0,0.0,0.0,301,294,0.279,0.2725,6.679691074293397,nan,nan,NO_WELD
25.76,0.0,0.0,0.0,0.0,0.0,0.0,0.0,0.0,301,294,0.279,0.2725,6.679691074293397,nan,nan,NO_WELD
25.81,0.0,0.0,0.0,0.0,0.0,0.0,0.0,0.0,301,294,0.279,0.2725,6.679691074293397,nan,nan,NO_WELD
25.86,0.0,0.0,0.0,0.0,0.0,0.0,0.0,0.0,301,294,0.279,0.2725,6.679691074293397,nan,nan,NO_WELD
25.91,0.0,0.0,0.0,0.0,0.0,0.0,0.0,0.0,301,294,0.279,0.2725,6.679691074293397,nan,nan,NO_WELD
25.96,0.0,0.0,0.0,0.0,0.0,0.0,0.0,0.0,301,294,0.279,0.2725,6.679691074293397,nan,nan,NO_WELD
26.01,0.0,0.0,0.0,0.0,0.0,0.0,0.0,0.0,301,294,0.279,0.2725,6.679691074293397,nan,nan,NO_WELD
26.061,0.0,0.0,0.0,0.0,0.0,0.0,0.0,0.0,301,294,0.279,0.2725,6.679691074293397,nan,nan,NO_WELD
26.11,0.0,0.0,0.0,0.0,0.0,0.0,0.0,0.0,301,294,0.279,0.2725,6.679691074293397,nan,nan,NO_WELD
26.16,0.0,0.0,0.0,0.0,0.0,0.0,0.0,0.0,301,294,0.279,0.2725,6.679691074293397,nan,nan,NO_WELD
26.21,0.0,0.0,0.0,0.0,0.0,0.0,0.0,0.0,301,294,0.279,0.2725,6.679691074293397,nan,nan,NO_WELD
26.26,0.0,0.0,0.0,0.0,0.0,0.0,0.0,0.0,301,294,0.279,0.2725,6.679691074293397,nan,nan,NO_WELD
26.31,0.0,0.0,0.0,0.0,0.0,0.0,0.0,0.0,301,294,0.279,0.2725,6.679691074293397,nan,nan,NO_WELD
26.36,0.0,0.0,0.0,0.0,0.0,0.0,0.0,0.0,301,294,0.279,0.2725,6.679691074293397,nan,nan,NO_WELD
26.41,0.0,0.0,0.0,0.0,0.0,0.0,0.0,0.0,301,294,0.279,0.2725,3.8671912094718666,3.8671912094718666,0.0,WELD_FOUND
26.46,0.0,0.0,0.0,0.0,0.0,0.0,0.0,0.0,301,294,0.279,0.2725,3.8671912094718666,3.8671912094718666,0.0,WELD_FOUND
26.51,0.0,0.0,0.0,0.0,0.0,0.0,0.0,0.0,301,294,0.279,0.2725,3.8671912094718666,nan,nan,NO_WELD
26.56,0.0,0.0,0.0,0.0,0.0,0.0,0.0,0.0,301,294,0.279,0.2725,3.8671912094718666,nan,nan,NO_WELD
26.61,0.0,0.0,0.0,0.0,0.0,0.0,0.0,0.0,301,294,0.279,0.2725,3.8671912094718666,nan,nan,NO_WELD
26.66,0.0,0.0,0.0,0.0,0.0,0.0,0.0,0.0,301,294,0.279,0.2725,3.8671912094718666,nan,nan,NO_WELD
26.71,0.0,0.0,0.0,0.0,0.0,0.0,0.0,0.0,301,294,0.279,0.2725,3.8671912094718666,nan,nan,NO_WELD
26.76,0.0,0.0,0.0,0.0,0.0,0.0,0.0,0.0,301,294,0.279,0.2725,3.8671912094718666,nan,nan,NO_WELD
26.81,0.021791668119178043,-0.05,0.014291668119178043,0.029291668119178042,0.0,0.0,0.0143,0.0293,301,294,0.279,0.2725,2.109378420432439,2.109378420432439,0.0,WELD_FOUND
26.86,0.021791668119178043,-0.05,0.014291668119178043,0.029291668119178042,0.0,0.0,0.0143,0.0293,301,294,0.279,0.2725,2.109378420432439,2.109378420432439,0.0,WELD_FOUND
26.91,0.0,0.0,0.0,0.0,0.0,0.0,0.0,0.0,301,294,0.279,0.2725,2.109378420432439,nan,nan,NO_WELD
26.96,0.0,0.0,0.0,0.0,0.0,0.0,0.0,0.0,305,298,0.2827,0.2762,2.109378420432439,nan,nan,NO_WELD
27.01,0.0,0.0,0.0,0.0,0.0148,0.0148,-0.0148,-0.0148,305,298,0.2827,0.2762,2.109378420432439,nan,nan,NO_WELD
27.061,0.0,0.0,0.0,0.0,0.0148,0.0148,-0.0148,-0.0148,305,298,0.2827,0.2762,2.109378420432439,nan,nan,NO_WELD
27.11,0.0,0.0,0.0,0.0,0.0148,0.0148,-0.0148,-0.0148,305,298,0.2827,0.2762,2.109378420432439,nan,nan,NO_WELD
27.16,0.0,0.0,0.0,0.0,0.0119,0.0119,-0.0119,-0.0119,305,298,0.2827,0.2762,2.109378420432439,nan,nan,NO_WELD
27.21,0.0,0.0,0.0,0.0,0.0119,0.0119,-0.0119,-0.0119,305,298,0.2827,0.2762,0.35156592487770283,0.35156592487770283,0.0,WELD_FOUND
27.26,0.0,0.0,0.0,0.0,0.0095,0.0095,-0.0095,-0.0095,305,298,0.2827,0.2762,0.35156592487770283,0.35156592487770283,0.0,WELD_FOUND
27.31,0.0,0.0,0.0,0.0,0.0095,0.0095,-0.0095,-0.0095,305,298,0.2827,0.2762,0.35156592487770283,nan,nan,NO_WELD
27.36,0.0,0.0,0.0,0.0,0.0095,0.0095,-0.0095,-0.0095,305,298,0.2827,0.2762,0.35156592487770283,nan,nan,NO_WELD
27.41,0.0,0.0,0.0,0.0,0.0076,0.0076,-0.0076,-0.0076,305,298,0.2827,0.2762,0.35156592487770283,nan,nan,NO_WELD
27.46,0.0,0.0,0.0,0.0,0.0076,0.0076,-0.0076,-0.0076,305,298,0.2827,0.2762,0.35156592487770283,nan,nan,NO_WELD
27.51,0.023776798442149943,0.05,0.03127679844214994,0.016276798442149944,0.0061,0.0061,0.0252,0.0102,305,298,0.2827,0.2762,-1.7578091605014305,-1.7578091605014305,0.0,WELD_FOUND
27.56,0.023776798442149943,0.05,0.03127679844214994,0.016276798442149944,0.0061,0.0061,0.0252,0.0102,306,299,0.2836,0.2771,-1.7578091605014305,-1.7578091605014305,0.0,WELD_FOUND
27.61,0.0,0.0,0.0,0.0,0.0074,0.0074,-0.0074,-0.0074,306,299,0.2836,0.2771,-1.7578091605014305,nan,nan,NO_WELD
27.66,0.0,0.0,0.0,0.0,0.0074,0.0074,-0.0074,-0.0074,308,301,0.2854,0.279,-1.7578091605014305,nan,nan,NO_WELD
27.71,0.016355530217002402,0.05,0.023855530217002402,0.008855530217002403,0.0074,0.0074,0.0165,0.0015,308,301,0.2854,0.279,-3.5156217360974464,-3.5156217360974464,0.0,WELD_FOUND
27.76,0.016355530217002402,0.05,0.023855530217002402,0.008855530217002403,0.0093,0.0069,0.0145,0.002,308,300,0.2854,0.278,-3.5156217360974464,-3.5156217360974464,0.0,WELD_FOUND
27.81,0.0,0.0,0.0,0.0,0.0093,0.0069,-0.0093,-0.0069,308,300,0.2854,0.278,-3.5156217360974464,nan,nan,NO_WELD
27.86,0.0,0.0,0.0,0.0,0.0093,0.0069,-0.0093,-0.0069,309,301,0.2864,0.279,-3.5156217360974464,nan,nan,NO_WELD
27.91,0.0,0.0,0.0,0.0,0.0081,0.0066,-0.0081,-0.0066,309,301,0.2864,0.279,-3.5156217360974464,nan,nan,NO_WELD
27.96,0.0,0.0,0.0,0.0,0.0081,0.0066,-0.0081,-0.0066,309,301,0.2864,0.279,-3.5156217360974464,nan,nan,NO_WELD
28.01,0.0,0.0,0.0,0.0,0.0081,0.0066,-0.0081,-0.0066,309,301,0.2864,0.279,-3.5156217360974464,nan,nan,NO_WELD
28.061,0.0,0.0,0.0,0.0,0.0065,0.0053,-0.0065,-0.0053,309,301,0.2864,0.279,-3.5156217360974464,nan,nan,NO_WELD
28.11,0.0,0.0,0.0,0.0,0.0065,0.0053,-0.0065,-0.0053,309,301,0.2864,0.279,-3.5156217360974464,nan,nan,NO_WELD
28.16,0.0,0.0,0.0,0.0,0.0065,0.0053,-0.0065,-0.0053,309,301,0.2864,0.279,-3.5156217360974464,nan,nan,NO_WELD
28.21,0.0,0.0,0.0,0.0,0.0052,0.0042,-0.0052,-0.0042,309,301,0.2864,0.279,-2.460934233428519,-2.460934233428519,0.0,WELD_FOUND
28.26,0.0,0.0,0.0,0.0,0.0052,0.0042,-0.0052,-0.0042,309,301,0.2864,0.279,-2.460934233428519,-2.460934233428519,0.0,WELD_FOUND
28.31,0.018081071475928034,0.05,0.025581071475928033,0.010581071475928034,0.0041,0.0034,0.0214,0.0072,309,301,0.2864,0.279,-3.164059092912196,-2.8124966631703576,-0.3515624297418385,WELD_FOUND
28.36,0.018081071475928034,0.05,0.025581071475928033,0.010581071475928034,0.0041,0.0034,0.0214,0.0072,309,301,0.2864,0.279,-3.164059092912196,-2.8124966631703576,-0.3515624297418385,WELD_FOUND
28.41,0.0,0.0,0.0,0.0,0.0041,0.0034,-0.0041,-0.0034,309,301,0.2864,0.279,-3.164059092912196,nan,nan,NO_WELD
28.46,0.0,0.0,0.0,0.0,0.0074,0.007,-0.0074,-0.007,311,303,0.2882,0.2808,-3.164059092912196,nan,nan,NO_WELD
28.51,0.0,0.0,0.0,0.0,0.0074,0.007,-0.0074,-0.007,311,303,0.2882,0.2808,-3.164059092912196,nan,nan,NO_WELD
28.56,0.0,0.0,0.0,0.0,0.0059,0.0005,-0.0059,-0.0005,311,302,0.2882,0.2799,-3.164059092912196,nan,nan,NO_WELD
28.61,0.014085121471748554,0.05,0.021585121471748556,0.0065851214717485545,0.0059,0.0005,0.0157,0.0061,311,302,0.2882,0.2799,-3.8671843792826963,-3.8671843792826963,0.0,WELD_FOUND
28.66,0.014085121471748554,0.05,0.021585121471748556,0.0065851214717485545,0.0059,0.0005,0.0157,0.0061,311,302,0.2882,0.2799,-3.8671843792826963,-3.8671843792826963,0.0,WELD_FOUND
28.71,0.01793984447319606,0.1,0.03293984447319606,0.002939844473196059,0.0047,0.0,0.0282,0.0029,311,302,0.2882,0.2799,-1.4062466240378864,-2.6367153415777325,1.230468717539846,WELD_FOUND
28.76,0.01793984447319606,0.1,0.03293984447319606,0.002939844473196059,0.0047,0.0,0.0282,0.0029,313,304,0.2901,0.2817,-1.4062466240378864,-2.6367153415777325,1.230468717539846,WELD_FOUND
28.81,0.0,0.0,0.0,0.0,0.0047,0.0,-0.0047,0.0,313,304,0.2901,0.2817,-1.4062466240378864,nan,nan,NO_WELD
28.86,0.0,0.0,0.0,0.0,0.0152,0.0123,-0.0152,-0.0123,316,307,0.2929,0.2845,-1.4062466240378864,nan,nan,NO_WELD
28.91,0.024151479904444575,0.05,0.03165147990444457,0.016651479904444575,0.0152,0.0123,0.0165,0.0043,316,307,0.2929,0.2845,-1.4062466240378864,-1.4062466240378864,0.0,WELD_FOUND
28.96,0.024151479904444575,0.05,0.03165147990444457,0.016651479904444575,0.0152,0.0123,0.0165,0.0043,318,308,0.2947,0.2854,-1.4062466240378864,-1.4062466240378864,0.0,WELD_FOUND
29.01,0.023045807268720353,0.0872862078033857,0.036138738439228206,0.009952876098212498,0.0141,0.0099,0.0221,0.0001,318,308,0.2947,0.2854,-2.460934233428519,-1.9335904820940557,-0.5273437513344634,WELD_FOUND
29.061,0.023045807268720353,0.0872862078033857,0.036138738439228206,0.009952876098212498,0.0141,0.0099,0.0221,0.0001,321,307,0.2975,0.2845,-2.460934233428519,-1.9335904820940557,-0.5273437513344634,WELD_FOUND
29.11,0.020505121803742074,0.11425456215790404,0.03764330612742768,0.003366937480056467,0.0141,0.0099,0.0236,-0.0065,321,307,0.2975,0.2845,-3.8671843792826963,-2.460934233428519,-1.4062501458541772,WELD_FOUND
29.16,0.020505121803742074,0.11425456215790404,0.03764330612742768,0.003366937480056467,0.0306,0.001,0.007,0.0024,327,306,0.3031,0.2836,-3.8671843792826963,-2.460934233428519,-1.4062501458541772,WELD_FOUND
29.21,0.017147958622143054,0.14800583697805383,0.03934883416885113,-0.005052916924565019,0.0306,0.001,0.0087,-0.006,327,306,0.3031,0.2836,-4.218746595581123,-3.164059092912196,-1.0546875026689273,WELD_FOUND
29.26,0.017147958622143054,0.14800583697805383,0.03934883416885113,-0.005052916924565019,0.0306,0.001,0.0087,-0.006,331,306,0.3068,0.2836,-4.218746595581123,-3.164059092912196,-1.0546875026689273,WELD_FOUND
29.31,0.0,0.0,0.0,0.0,0.0283,0.0,-0.0283,0.0,331,306,0.3068,0.2836,-4.218746595581123,nan,nan,NO_WELD
29.36,0.0,0.0,0.0,0.0,0.0283,0.0,-0.0283,0.0,334,305,0.3095,0.2827,-4.218746595581123,nan,nan,NO_WELD
29.41,0.0,0.0,0.0,0.0,0.0283,0.0,-0.0283,0.0,334,305,0.3095,0.2827,-4.218746595581123,nan,nan,NO_WELD
29.46,0.0,0.0,0.0,0.0,0.0244,-0.0025,-0.0244,0.0025,334,305,0.3095,0.2827,-4.218746595581123,nan,nan,NO_WELD
29.51,0.0,0.0,0.0,0.0,0.0244,-0.0025,-0.0244,0.0025,334,305,0.3095,0.2827,-4.218746595581123,nan,nan,NO_WELD
29.56,0.0,0.0,0.0,0.0,0.0244,-0.0025,-0.0244,0.0025,334,305,0.3095,0.2827,-4.218746595581123,nan,nan,NO_WELD
29.61,0.0,0.0,0.0,0.0,0.0195,-0.002,-0.0195,0.002,334,305,0.3095,0.2827,-3.8671843792826963,-3.8671843792826963,0.0,WELD_FOUND
29.66,0.0,0.0,0.0,0.0,0.0195,-0.002,-0.0195,0.002,334,305,0.3095,0.2827,-3.8671843792826963,-3.8671843792826963,0.0,WELD_FOUND
29.71,0.0,0.0,0.0,0.0,0.0195,-0.002,-0.0195,0.002,334,305,0.3095,0.2827,-3.8671843792826963,nan,nan,NO_WELD
29.76,0.0,0.0,0.0,0.0,0.0156,-0.0016,-0.0156,0.0016,334,305,0.3095,0.2827,-3.8671843792826963,nan,nan,NO_WELD
29.81,0.0,0.0,0.0,0.0,0.0156,-0.0016,-0.0156,0.0016,334,305,0.3095,0.2827,-3.8671843792826963,nan,nan,NO_WELD
29.86,0.0,0.0,0.0,0.0,0.0125,-0.0013,-0.0125,0.0013,334,305,0.3095,0.2827,-3.8671843792826963,nan,nan,NO_WELD
29.91,0.0116980118241367,0.05,0.019198011824136697,0.0041980118241367,0.0125,-0.0013,0.0067,0.0055,334,305,0.3095,0.2827,-4.218746595581123,-4.218746595581123,0.0,WELD_FOUND
29.96,0.0116980118241367,0.05,0.019198011824136697,0.0041980118241367,0.0125,-0.0013,0.0067,0.0055,334,305,0.3095,0.2827,-4.218746595581123,-4.218746595581123,0.0,WELD_FOUND
30.01,0.0,0.0,0.0,0.0,0.01,-0.001,-0.01,0.001,334,305,0.3095,0.2827,-4.218746595581123,nan,nan,NO_WELD
30.061,0.0,0.0,0.0,0.0,0.01,-0.001,-0.01,0.001,335,305,0.3105,0.2827,-4.218746595581123,nan,nan,NO_WELD
30.11,0.016693717368715073,0.05,0.024193717368715072,0.009193717368715073,0.0097,0.0,0.0145,0.0092,335,305,0.3105,0.2827,-2.8124966631703576,-2.8124966631703576,0.0,WELD_FOUND
30.16,0.016693717368715073,0.05,0.024193717368715072,0.009193717368715073,0.0097,0.0,0.0145,0.0092,334,305,0.3095,0.2827,-2.8124966631703576,-2.8124966631703576,0.0,WELD_FOUND
30.21,0.0,0.0,0.0,0.0,0.0097,0.0,-0.0097,0.0,334,305,0.3095,0.2827,-2.8124966631703576,nan,nan,NO_WELD
30.26,0.0,0.0,0.0,0.0,0.0108,0.0,-0.0108,0.0,337,305,0.3123,0.2827,-2.8124966631703576,nan,nan,NO_WELD
30.31,0.0,0.0,0.0,0.0,0.0108,0.0,-0.0108,0.0,337,305,0.3123,0.2827,-2.8124966631703576,nan,nan,NO_WELD
30.36,0.0,0.0,0.0,0.0,0.0108,0.0,-0.0108,0.0,336,305,0.3114,0.2827,-2.8124966631703576,nan,nan,NO_WELD
30.41,0.008339321743709079,0.05,0.015839321743709077,0.0008393217437090792,0.004,0.0,0.0119,0.0008,336,305,0.3114,0.2827,-5.6249967414353,-5.6249967414353,0.0,WELD_FOUND
30.46,0.008339321743709079,0.05,0.015839321743709077,0.0008393217437090792,0.004,0.0,0.0119,0.0008,336,305,0.3114,0.2827,-5.6249967414353,-5.6249967414353,0.0,WELD_FOUND
30.51,0.00792184343303961,0.1,0.02292184343303961,-0.007078156566960389,0.004,0.0,0.0189,-0.0071,336,305,0.3114,0.2827,-4.921871881951623,-5.273434098250051,0.35156221629842754,WELD_FOUND
30.56,0.00792184343303961,0.1,0.02292184343303961,-0.007078156566960389,0.0032,0.0,0.0197,-0.0071,336,305,0.3114,0.2827,-4.921871881951623,-5.273434098250051,0.35156221629842754,WELD_FOUND
30.61,0.008799079725351915,0.15000000000000002,0.03129907972535192,-0.013700920274648087,0.0032,0.0,0.0281,-0.0137,338,305,0.3132,0.2827,-3.164059092912196,-4.921871881951623,1.757812789039427,WELD_FOUND
30.66,0.008799079725351915,0.15000000000000002,0.03129907972535192,-0.013700920274648087,0.0093,0.0,0.022,-0.0137,338,305,0.3132,0.2827,-3.164059092912196,-4.921871881951623,1.757812789039427,WELD_FOUND
30.71,0.0,0.0,0.0,0.0,0.0093,0.0,-0.0093,0.0,339,305,0.3142,0.2827,-3.164059092912196,nan,nan,NO_WELD
30.76,0.0,0.0,0.0,0.0,0.0093,0.0,-0.0093,0.0,339,305,0.3142,0.2827,-3.164059092912196,nan,nan,NO_WELD
30.81,0.0,0.0,0.0,0.0,0.013,0.0,-0.013,0.0,341,305,0.316,0.2827,-3.164059092912196,nan,nan,NO_WELD
30.86,0.0,0.0,0.0,0.0,0.013,0.0,-0.013,0.0,341,305,0.316,0.2827,-3.164059092912196,nan,nan,NO_WELD
30.91,0.0,0.0,0.0,0.0,0.013,0.0,-0.013,0.0,341,305,0.316,0.2827,-3.164059092912196,nan,nan,NO_WELD
30.96,0.0,0.0,0.0,0.0,0.0104,0.0,-0.0104,0.0,341,305,0.316,0.2827,-3.164059092912196,nan,nan,NO_WELD
31.01,0.0,0.0,0.0,0.0,0.0104,0.0,-0.0104,0.0,341,305,0.316,0.2827,-3.164059092912196,nan,nan,NO_WELD
31.061,0.0,0.0,0.0,0.0,0.0083,0.0,-0.0083,0.0,341,305,0.316,0.2827,-3.164059092912196,nan,nan,NO_WELD
31.11,0.009025584814159745,0.05,0.016525584814159743,0.0015255848141597448,0.0083,0.0,0.0082,0.0015,341,305,0.316,0.2827,-4.921871881951623,-4.921871881951623,0.0,WELD_FOUND
31.16,0.009025584814159745,0.05,0.016525584814159743,0.0015255848141597448,0.0083,0.0,0.0082,0.0015,341,305,0.316,0.2827,-4.921871881951623,-4.921871881951623,0.0,WELD_FOUND
31.21,0.007136814410509095,0.1,0.022136814410509093,-0.007863185589490906,0.0075,0.0,0.0147,-0.0079,342,305,0.317,0.2827,-6.328121600918977,-5.6249967414353,-0.703124859483677,WELD_FOUND
31.26,0.007136814410509095,0.1,0.022136814410509093,-0.007863185589490906,0.0075,0.0,0.0147,-0.0079,342,305,0.317,0.2827,-6.328121600918977,-5.6249967414353,-0.703124859483677,WELD_FOUND
31.31,0.0,0.0,0.0,0.0,0.0075,0.0,-0.0075,0.0,342,305,0.317,0.2827,-6.328121600918977,nan,nan,NO_WELD
31.36,0.0,0.0,0.0,0.0,0.006,0.0,-0.006,0.0,342,305,0.317,0.2827,-6.328121600918977,nan,nan,NO_WELD
31.41,0.008630111990511632,0.05,0.016130111990511634,0.0011301119905116324,0.006,0.0,0.0102,0.0011,343,305,0.3179,0.2827,-4.921871881951623,-4.921871881951623,0.0,WELD_FOUND
31.46,0.008630111990511632,0.05,0.016130111990511634,0.0011301119905116324,0.006,0.0,0.0102,0.0011,343,305,0.3179,0.2827,-4.921871881951623,-4.921871881951623,0.0,WELD_FOUND
31.51,0.0,0.0,0.0,0.0,0.0061,0.0,-0.0061,0.0,343,305,0.3179,0.2827,-4.921871881951623,nan,nan,NO_WELD
31.56,0.0,0.0,0.0,0.0,0.0061,0.0,-0.0061,0.0,343,305,0.3179,0.2827,-4.921871881951623,nan,nan,NO_WELD
31.61,0.007065870467521743,0.05,0.014565870467521742,-0.0004341295324782569,0.0048,0.0,0.0097,-0.0004,343,305,0.3179,0.2827,-5.6249967414353,-5.6249967414353,0.0,WELD_FOUND
31.66,0.007065870467521743,0.05,0.014565870467521742,-0.0004341295324782569,0.0048,0.0,0.0097,-0.0004,343,305,0.3179,0.2827,-5.6249967414353,-5.6249967414353,0.0,WELD_FOUND
31.71,0.005150558294838972,0.1,0.02015055829483897,-0.009849441705161027,0.0048,0.0,0.0153,-0.0098,343,305,0.3179,0.2827,-7.031246887289478,-6.328121600918977,-0.7031252863705006,WELD_FOUND
31.76,0.005150558294838972,0.1,0.02015055829483897,-0.009849441705161027,0.0039,0.0,0.0163,-0.0098,343,305,0.3179,0.2827,-7.031246887289478,-6.328121600918977,-0.7031252863705006,WELD_FOUND
31.81,0.0,0.0,0.0,0.0,0.0039,0.0,-0.0039,0.0,344,305,0.3188,0.2827,-7.031246887289478,nan,nan,NO_WELD
31.86,0.0,0.0,0.0,0.0,0.0039,0.0,-0.0039,0.0,344,305,0.3188,0.2827,-7.031246887289478,nan,nan,NO_WELD
31.91,0.0,0.0,0.0,0.0,0.0048,0.0,-0.0048,0.0,344,305,0.3188,0.2827,-7.031246887289478,nan,nan,NO_WELD
31.96,0.0,0.0,0.0,0.0,0.0048,0.0,-0.0048,0.0,344,305,0.3188,0.2827,-7.031246887289478,nan,nan,NO_WELD
32.01,0.005,0.05,0.0125,-0.0024999999999999996,0.0038,0.0,0.0087,-0.0025,344,305,0.3188,0.2827,-8.085933963071582,-8.085933963071582,0.0,WELD_FOUND
32.061,0.005,0.05,0.0125,-0.0024999999999999996,0.0038,0.0,0.0087,-0.0025,344,305,0.3188,0.2827,-8.085933963071582,-8.085933963071582,0.0,WELD_FOUND
32.11,0.005,0.1,0.02,-0.009999999999999998,0.0031,0.0,0.0169,-0.01,344,305,0.3188,0.2827,-7.7343721736599775,-7.91015306836578,0.17578089470580238,WELD_FOUND
32.16,0.005,0.1,0.02,-0.009999999999999998,0.0031,0.0,0.0169,-0.01,344,305,0.3188,0.2827,-7.7343721736599775,-7.91015306836578,0.17578089470580238,WELD_FOUND
32.21,0.0,0.0,0.0,0.0,0.0031,0.0,-0.0031,0.0,344,305,0.3188,0.2827,-7.7343721736599775,nan,nan,NO_WELD
32.26,0.0,0.0,0.0,0.0,0.0025,0.0,-0.0025,0.0,344,305,0.3188,0.2827,-7.7343721736599775,nan,nan,NO_WELD
32.31,0.0,0.0,0.0,0.0,0.0025,0.0,-0.0025,0.0,344,305,0.3188,0.2827,-7.7343721736599775,nan,nan,NO_WELD
32.36,0.0,0.0,0.0,0.0,0.0025,0.0,-0.0025,0.0,344,305,0.3188,0.2827,-7.7343721736599775,nan,nan,NO_WELD
32.41,0.005,0.05,0.0125,-0.0024999999999999996,0.002,0.0,0.0105,-0.0025,344,305,0.3188,0.2827,-7.382809530474727,-7.382809530474727,0.0,WELD_FOUND
32.46,0.005,0.05,0.0125,-0.0024999999999999996,0.002,0.0,0.0105,-0.0025,344,305,0.3188,0.2827,-7.382809530474727,-7.382809530474727,0.0,WELD_FOUND
32.51,0.0,0.0,0.0,0.0,0.0016,0.0,-0.0016,0.0,344,305,0.3188,0.2827,-7.382809530474727,nan,nan,NO_WELD
32.56,0.0,0.0,0.0,0.0,0.0016,0.0,-0.0016,0.0,344,305,0.3188,0.2827,-7.382809530474727,nan,nan,NO_WELD
32.61,0.0,0.0,0.0,0.0,0.0013,0.0,-0.0013,0.0,344,305,0.3188,0.2827,-7.382809530474727,nan,nan,NO_WELD
32.66,0.0,0.0,0.0,0.0,0.0013,0.0,-0.0013,0.0,344,305,0.3188,0.2827,-7.382809530474727,nan,nan,NO_WELD
32.71,0.0,0.0,0.0,0.0,0.001,0.0,-0.001,0.0,344,305,0.3188,0.2827,-7.382809530474727,nan,nan,NO_WELD
32.76,0.0,0.0,0.0,0.0,0.001,0.0,-0.001,0.0,344,305,0.3188,0.2827,-7.382809530474727,nan,nan,NO_WELD
32.81,0.0,0.0,0.0,0.0,0.001,0.0,-0.001,0.0,344,305,0.3188,0.2827,-7.382809530474727,nan,nan,NO_WELD
32.86,0.0,0.0,0.0,0.0,0.0,0.0,0.0,0.0,344,305,0.3188,0.2827,-7.382809530474727,nan,nan,NO_WELD
32.91,0.0,0.0,0.0,0.0,0.0,0.0,0.0,0.0,344,305,0.3188,0.2827,-7.382809530474727,nan,nan,NO_WELD
32.96,0.0,0.0,0.0,0.0,0.0,0.0,0.0,0.0,344,305,0.3188,0.2827,-7.382809530474727,nan,nan,NO_WELD
33.01,0.0,0.0,0.0,0.0,0.0,0.0,0.0,0.0,344,305,0.3188,0.2827,-7.382809530474727,nan,nan,NO_WELD
33.061,0.0,0.0,0.0,0.0,0.0,0.0,0.0,0.0,344,305,0.3188,0.2827,-7.382809530474727,nan,nan,NO_WELD
33.11,0.0,0.0,0.0,0.0,0.0,0.0,0.0,0.0,344,305,0.3188,0.2827,-7.382809530474727,nan,nan,NO_WELD
33.16,0.0,0.0,0.0,0.0,0.0,0.0,0.0,0.0,344,305,0.3188,0.2827,-7.382809530474727,nan,nan,NO_WELD
33.21,0.0,0.0,0.0,0.0,0.0,0.0,0.0,0.0,344,305,0.3188,0.2827,-7.031246887289478,-7.031246887289478,0.0,WELD_FOUND
33.26,0.0,0.0,0.0,0.0,0.0,0.0,0.0,0.0,344,305,0.3188,0.2827,-7.031246887289478,-7.031246887289478,0.0,WELD_FOUND
33.31,0.005,0.05,0.0125,-0.0024999999999999996,0.0,0.0,0.0125,-0.0025,344,305,0.3188,0.2827,-7.7343721736599775,-7.382809530474727,-0.3515626431852503,WELD_FOUND
33.36,0.005,0.05,0.0125,-0.0024999999999999996,0.0,0.0,0.0125,-0.0025,344,305,0.3188,0.2827,-7.7343721736599775,-7.382809530474727,-0.3515626431852503,WELD_FOUND
33.41,0.0,0.0,0.0,0.0,0.0,0.0,0.0,0.0,344,305,0.3188,0.2827,-7.7343721736599775,nan,nan,NO_WELD
33.46,0.0,0.0,0.0,0.0,0.0,0.0,0.0,0.0,344,305,0.3188,0.2827,-7.7343721736599775,nan,nan,NO_WELD
33.51,0.005,0.05,0.0125,-0.0024999999999999996,0.0,0.0,0.0125,-0.0025,344,305,0.3188,0.2827,-9.140621892627331,-9.140621892627331,0.0,WELD_FOUND
33.56,0.005,0.05,0.0125,-0.0024999999999999996,0.0,0.0,0.0125,-0.0025,344,305,0.3188,0.2827,-9.140621892627331,-9.140621892627331,0.0,WELD_FOUND
33.61,0.005,0.1,0.02,-0.009999999999999998,0.0,0.0,0.02,-0.01,344,305,0.3188,0.2827,-7.7343721736599775,-8.43749660625683,0.7031244325968533,WELD_FOUND
33.66,0.005,0.1,0.02,-0.009999999999999998,0.0,0.0,0.02,-0.01,344,305,0.3188,0.2827,-7.7343721736599775,-8.43749660625683,0.7031244325968533,WELD_FOUND
33.71,0.0,0.0,0.0,0.0,0.0,0.0,0.0,0.0,344,305,0.3188,0.2827,-7.7343721736599775,nan,nan,NO_WELD
33.76,0.0,0.0,0.0,0.0,0.0,0.0,0.0,0.0,344,305,0.3188,0.2827,-7.7343721736599775,nan,nan,NO_WELD
33.81,0.0,0.0,0.0,0.0,0.0,0.0,0.0,0.0,344,305,0.3188,0.2827,-7.7343721736599775,nan,nan,NO_WELD
33.86,0.0,0.0,0.0,0.0,0.0,0.0,0.0,0.0,344,305,0.3188,0.2827,-7.7343721736599775,nan,nan,NO_WELD
33.91,0.0,0.0,0.0,0.0,0.0,0.0,0.0,0.0,344,305,0.3188,0.2827,-7.7343721736599775,nan,nan,NO_WELD
33.96,0.0,0.0,0.0,0.0,0.0,0.0,0.0,0.0,344,305,0.3188,0.2827,-7.7343721736599775,nan,nan,NO_WELD
34.01,0.0,0.0,0.0,0.0,0.0,0.0,0.0,0.0,344,305,0.3188,0.2827,-7.7343721736599775,nan,nan,NO_WELD
34.061,0.0,0.0,0.0,0.0,0.0,0.0,0.0,0.0,344,305,0.3188,0.2827,-7.7343721736599775,nan,nan,NO_WELD
34.11,0.0,0.0,0.0,0.0,0.0,0.0,0.0,0.0,344,305,0.3188,0.2827,-7.7343721736599775,nan,nan,NO_WELD
34.16,0.0,0.0,0.0,0.0,0.0,0.0,0.0,0.0,344,305,0.3188,0.2827,-7.7343721736599775,nan,nan,NO_WELD
34.21,0.0,0.0,0.0,0.0,0.0,0.0,0.0,0.0,344,305,0.3188,0.2827,-7.7343721736599775,nan,nan,NO_WELD
34.26,0.0,0.0,0.0,0.0,0.0,0.0,0.0,0.0,344,305,0.3188,0.2827,-7.7343721736599775,nan,nan,NO_WELD
34.31,0.0,0.0,0.0,0.0,0.0,0.0,0.0,0.0,344,305,0.3188,0.2827,-7.7343721736599775,nan,nan,NO_WELD
34.36,0.0,0.0,0.0,0.0,0.0,0.0,0.0,0.0,344,305,0.3188,0.2827,-7.7343721736599775,nan,nan,NO_WELD
34.41,0.0,0.0,0.0,0.0,0.0,0.0,0.0,0.0,344,305,0.3188,0.2827,-7.7343721736599775,nan,nan,NO_WELD
34.46,0.0,0.0,0.0,0.0,0.0,0.0,0.0,0.0,344,305,0.3188,0.2827,-7.7343721736599775,nan,nan,NO_WELD
34.51,0.0,0.0,0.0,0.0,0.0,0.0,0.0,0.0,344,305,0.3188,0.2827,-7.7343721736599775,nan,nan,NO_WELD
34.56,0.0,0.0,0.0,0.0,0.0,0.0,0.0,0.0,344,305,0.3188,0.2827,-7.7343721736599775,nan,nan,NO_WELD
34.61,0.005,0.05,0.0125,-0.0024999999999999996,0.0,0.0,0.0125,-0.0025,344,305,0.3188,0.2827,-7.382809530474727,-7.382809530474727,0.0,WELD_FOUND
34.66,0.005,0.05,0.0125,-0.0024999999999999996,0.0,0.0,0.0125,-0.0025,344,305,0.3188,0.2827,-7.382809530474727,-7.382809530474727,0.0,WELD_FOUND
34.71,0.0,0.0,0.0,0.0,0.0,0.0,0.0,0.0,344,305,0.3188,0.2827,-7.382809530474727,nan,nan,NO_WELD
34.76,0.0,0.0,0.0,0.0,0.0,0.0,0.0,0.0,344,305,0.3188,0.2827,-7.382809530474727,nan,nan,NO_WELD
34.81,0.0,0.0,0.0,0.0,0.0,0.0,0.0,0.0,344,305,0.3188,0.2827,-7.382809530474727,nan,nan,NO_WELD
34.86,0.0,0.0,0.0,0.0,0.0,0.0,0.0,0.0,344,305,0.3188,0.2827,-7.382809530474727,nan,nan,NO_WELD
34.91,0.0,0.0,0.0,0.0,0.0,0.0,0.0,0.0,344,305,0.3188,0.2827,-7.382809530474727,nan,nan,NO_WELD
34.96,0.0,0.0,0.0,0.0,0.0,0.0,0.0,0.0,344,305,0.3188,0.2827,-7.382809530474727,nan,nan,NO_WELD
35.01,0.0,0.0,0.0,0.0,0.0,0.0,0.0,0.0,344,305,0.3188,0.2827,-7.382809530474727,nan,nan,NO_WELD
35.061,0.0,0.0,0.0,0.0,0.0,0.0,0.0,0.0,344,305,0.3188,0.2827,-7.382809530474727,nan,nan,NO_WELD
35.111,0.0,0.0,0.0,0.0,0.0,0.0,0.0,0.0,344,305,0.3188,0.2827,-7.382809530474727,nan,nan,NO_WELD
35.16,0.0,0.0,0.0,0.0,0.0,0.0,0.0,0.0,344,305,0.3188,0.2827,-7.382809530474727,nan,nan,NO_WELD
35.21,0.0,0.0,0.0,0.0,0.0,0.0,0.0,0.0,344,305,0.3188,0.2827,-6.6796842441042275,nan,nan,NO_WELD
35.26,0.0,0.0,0.0,0.0,0.0,0.0,0.0,0.0,344,305,0.3188,0.2827,-6.6796842441042275,-6.6796842441042275,0.0,WELD_FOUND
35.31,0.0,0.0,0.0,0.0,0.0,0.0,0.0,0.0,344,305,0.3188,0.2827,-6.6796842441042275,nan,nan,WELD_FOUND
35.36,0.0,0.0,0.0,0.0,0.0,0.0,0.0,0.0,344,305,0.3188,0.2827,-6.6796842441042275,nan,nan,NO_WELD
35.41,0.0,0.0,0.0,0.0,0.0,0.0,0.0,0.0,344,305,0.3188,0.2827,-9.492184535812582,nan,nan,NO_WELD
35.46,0.005,0.05,0.0125,-0.0024999999999999996,0.0,0.0,0.0125,-0.0025,344,305,0.3188,0.2827,-9.492184535812582,-9.492184535812582,0.0,WELD_FOUND
35.51,0.005,0.05,0.0125,-0.0024999999999999996,0.0,0.0,0.0125,-0.0025,344,305,0.3188,0.2827,-9.492184535812582,-9.492184535812582,0.0,WELD_FOUND
35.56,0.0,0.0,0.0,0.0,0.0,0.0,0.0,0.0,344,305,0.3188,0.2827,-9.492184535812582,nan,nan,NO_WELD
35.61,0.0,0.0,0.0,0.0,0.0025,0.0,-0.0025,0.0,345,305,0.3197,0.2827,-8.085933963071582,nan,nan,NO_WELD
35.66,0.005,0.05,0.0125,-0.0024999999999999996,0.0025,0.0,0.01,-0.0025,345,305,0.3197,0.2827,-8.085933963071582,-8.085933963071582,0.0,WELD_FOUND
35.71,0.005,0.05,0.0125,-0.0024999999999999996,0.002,0.0,0.0105,-0.0025,345,305,0.3197,0.2827,-8.085933963071582,-8.085933963071582,0.0,WELD_FOUND
35.76,0.005,0.1,0.02,-0.009999999999999998,0.002,0.0,0.018,-0.01,345,305,0.3197,0.2827,-8.085933963071582,-8.085933963071582,0.0,WELD_FOUND
35.81,0.005,0.1,0.02,-0.009999999999999998,0.0016,0.0,0.0184,-0.01,345,305,0.3197,0.2827,-8.085933963071582,-8.085933963071582,0.0,WELD_FOUND
35.86,0.005,0.15000000000000002,0.027500000000000004,-0.0175,0.0016,0.0,0.0259,-0.0175,345,305,0.3197,0.2827,-8.43749660625683,-8.085933963071582,-0.35156264318524855,WELD_FOUND
35.91,0.005,0.15000000000000002,0.027500000000000004,-0.0175,0.0016,0.0,0.0259,-0.0175,345,305,0.3197,0.2827,-8.43749660625683,-8.085933963071582,-0.35156264318524855,WELD_FOUND
35.96,0.0,0.0,0.0,0.0,0.0013,0.0,-0.0013,0.0,345,305,0.3197,0.2827,-8.43749660625683,nan,nan,NO_WELD
36.01,0.0,0.0,0.0,0.0,0.0013,0.0,-0.0013,0.0,345,305,0.3197,0.2827,-8.43749660625683,nan,nan,NO_WELD
36.061,0.0,0.0,0.0,0.0,0.001,0.0,-0.001,0.0,345,305,0.3197,0.2827,-8.43749660625683,nan,nan,NO_WELD
36.11,0.0,0.0,0.0,0.0,0.001,0.0,-0.001,0.0,345,305,0.3197,0.2827,-8.43749660625683,nan,nan,NO_WELD
36.16,0.005,0.05,0.0125,-0.0024999999999999996,0.0,0.0,0.0125,-0.0025,345,305,0.3197,0.2827,-7.7343721736599775,-7.7343721736599775,0.0,WELD_FOUND
36.21,0.005,0.05,0.0125,-0.0024999999999999996,0.0,0.0,0.0125,-0.0025,345,305,0.3197,0.2827,-7.7343721736599775,-7.7343721736599775,0.0,WELD_FOUND
36.26,0.005,0.1,0.02,-0.009999999999999998,0.0,0.0,0.02,-0.01,345,305,0.3197,0.2827,-8.085933963071582,-7.91015306836578,-0.17578089470580238,WELD_FOUND
36.31,0.005,0.1,0.02,-0.009999999999999998,0.0,0.0,0.02,-0.01,345,305,0.3197,0.2827,-8.085933963071582,-7.91015306836578,-0.17578089470580238,WELD_FOUND
36.36,0.0,0.0,0.0,0.0,0.0,0.0,0.0,0.0,345,305,0.3197,0.2827,-8.085933963071582,nan,nan,NO_WELD
36.41,0.0,0.0,0.0,0.0,0.0,0.0,0.0,0.0,345,305,0.3197,0.2827,-8.085933963071582,nan,nan,NO_WELD
36.46,0.0,0.0,0.0,0.0,0.0,0.0,0.0,0.0,345,305,0.3197,0.2827,-8.085933963071582,nan,nan,NO_WELD
36.51,0.0,0.0,0.0,0.0,0.0,0.0,0.0,0.0,345,305,0.3197,0.2827,-8.085933963071582,nan,nan,NO_WELD
36.56,0.0,0.0,0.0,0.0,0.0,0.0,0.0,0.0,345,305,0.3197,0.2827,-8.085933963071582,nan,nan,NO_WELD
36.61,0.0,0.0,0.0,0.0,0.0,0.0,0.0,0.0,345,305,0.3197,0.2827,-8.085933963071582,nan,nan,NO_WELD
36.66,0.0,0.0,0.0,0.0,0.0,0.0,0.0,0.0,345,305,0.3197,0.2827,-8.085933963071582,nan,nan,NO_WELD
36.71,0.0,0.0,0.0,0.0,0.0,0.0,0.0,0.0,345,305,0.3197,0.2827,-8.085933963071582,nan,nan,NO_WELD
36.76,0.0,0.0,0.0,0.0,0.0,0.0,0.0,0.0,345,305,0.3197,0.2827,-8.085933963071582,nan,nan,NO_WELD
36.81,0.0,0.0,0.0,0.0,0.0,0.0,0.0,0.0,345,305,0.3197,0.2827,-8.085933963071582,nan,nan,NO_WELD
36.86,0.005,0.05,0.0125,-0.0024999999999999996,0.0,0.0,0.0125,-0.0025,345,305,0.3197,0.2827,-8.43749660625683,-8.43749660625683,0.0,WELD_FOUND
36.91,0.005,0.05,0.0125,-0.0024999999999999996,0.0,0.0,0.0125,-0.0025,345,305,0.3197,0.2827,-8.43749660625683,-8.43749660625683,0.0,WELD_FOUND
36.96,0.005,0.1,0.02,-0.009999999999999998,0.0,0.0,0.02,-0.01,345,305,0.3197,0.2827,-7.7343721736599775,-8.085933963071582,0.35156178941160476,WELD_FOUND
37.01,0.005,0.1,0.02,-0.009999999999999998,0.0,0.0,0.02,-0.01,345,305,0.3197,0.2827,-7.7343721736599775,-8.085933963071582,0.35156178941160476,WELD_FOUND
37.061,0.0,0.0,0.0,0.0,0.0,0.0,0.0,0.0,345,305,0.3197,0.2827,-7.7343721736599775,nan,nan,NO_WELD
37.11,0.0,0.0,0.0,0.0,0.0,0.0,0.0,0.0,345,305,0.3197,0.2827,-7.7343721736599775,nan,nan,NO_WELD
37.16,0.005,0.05,0.0125,-0.0024999999999999996,0.0,0.0,0.0125,-0.0025,345,305,0.3197,0.2827,-7.7343721736599775,-7.7343721736599775,0.0,WELD_FOUND
37.21,0.005,0.05,0.0125,-0.0024999999999999996,0.0,0.0,0.0125,-0.0025,345,305,0.3197,0.2827,-7.7343721736599775,-7.7343721736599775,0.0,WELD_FOUND
37.26,0.0,0.0,0.0,0.0,0.0,0.0,0.0,0.0,345,305,0.3197,0.2827,-7.7343721736599775,nan,nan,NO_WELD
37.31,0.0,0.0,0.0,0.0,0.0,0.0,0.0,0.0,346,305,0.3207,0.2827,-7.7343721736599775,nan,nan,NO_WELD
37.36,0.0,0.0,0.0,0.0,0.0,0.0,0.0,0.0,346,305,0.3207,0.2827,-7.7343721736599775,nan,nan,NO_WELD
37.41,0.0,0.0,0.0,0.0,0.0025,0.0,-0.0025,0.0,346,305,0.3207,0.2827,-7.7343721736599775,nan,nan,NO_WELD
37.46,0.0,0.0,0.0,0.0,0.0025,0.0,-0.0025,0.0,346,305,0.3207,0.2827,-7.7343721736599775,nan,nan,NO_WELD
37.51,0.0,0.0,0.0,0.0,0.002,0.0,-0.002,0.0,346,305,0.3207,0.2827,-7.7343721736599775,nan,nan,NO_WELD
37.56,0.0,0.0,0.0,0.0,0.002,0.0,-0.002,0.0,346,305,0.3207,0.2827,-7.7343721736599775,nan,nan,NO_WELD
37.61,0.0,0.0,0.0,0.0,0.0016,0.0,-0.0016,0.0,346,305,0.3207,0.2827,-7.7343721736599775,nan,nan,NO_WELD
37.66,0.0,0.0,0.0,0.0,0.0016,0.0,-0.0016,0.0,346,305,0.3207,0.2827,-7.7343721736599775,nan,nan,NO_WELD
37.71,0.0,0.0,0.0,0.0,0.0016,0.0,-0.0016,0.0,346,305,0.3207,0.2827,-7.7343721736599775,nan,nan,NO_WELD
37.76,0.0,0.0,0.0,0.0,0.0013,0.0,-0.0013,0.0,346,305,0.3207,0.2827,-8.085933963071582,-8.085933963071582,0.0,WELD_FOUND
37.81,0.0,0.0,0.0,0.0,0.0013,0.0,-0.0013,0.0,346,305,0.3207,0.2827,-8.085933963071582,-8.085933963071582,0.0,WELD_FOUND
37.86,0.0,0.0,0.0,0.0,0.001,0.0,-0.001,0.0,346,305,0.3207,0.2827,-8.085933963071582,nan,nan,NO_WELD
37.91,0.0,0.0,0.0,0.0,0.001,0.0,-0.001,0.0,346,305,0.3207,0.2827,-8.085933963071582,nan,nan,NO_WELD
37.96,0.0,0.0,0.0,0.0,0.001,0.0,-0.001,0.0,346,305,0.3207,0.2827,-8.085933963071582,nan,nan,NO_WELD
38.01,0.0,0.0,0.0,0.0,0.0,0.0,0.0,0.0,346,305,0.3207,0.2827,-8.085933963071582,nan,nan,NO_WELD
38.061,0.0,0.0,0.0,0.0,0.0,0.0,0.0,0.0,346,305,0.3207,0.2827,-8.085933963071582,nan,nan,NO_WELD
38.11,0.0,0.0,0.0,0.0,0.0,0.0,0.0,0.0,346,305,0.3207,0.2827,-8.085933963071582,nan,nan,NO_WELD
38.16,0.0,0.0,0.0,0.0,0.0,0.0,0.0,0.0,346,305,0.3207,0.2827,-8.085933963071582,nan,nan,NO_WELD
38.21,0.0,0.0,0.0,0.0,0.0,0.0,0.0,0.0,346,305,0.3207,0.2827,-8.085933963071582,nan,nan,NO_WELD
38.26,0.0,0.0,0.0,0.0,0.0,0.0,0.0,0.0,346,305,0.3207,0.2827,-8.085933963071582,nan,nan,NO_WELD
38.31,0.0,0.0,0.0,0.0,0.0,0.0,0.0,0.0,346,305,0.3207,0.2827,-8.085933963071582,nan,nan,NO_WELD
38.36,0.005,0.05,0.0125,-0.0024999999999999996,0.0,0.0,0.0125,-0.0025,346,305,0.3207,0.2827,-7.7343721736599775,-7.7343721736599775,0.0,WELD_FOUND
38.41,0.005,0.05,0.0125,-0.0024999999999999996,0.0,0.0,0.0125,-0.0025,346,305,0.3207,0.2827,-7.7343721736599775,-7.7343721736599775,0.0,WELD_FOUND
38.46,0.005,0.1,0.02,-0.009999999999999998,0.0,0.0,0.02,-0.01,346,305,0.3207,0.2827,-7.382809530474727,-7.55859042518053,0.17578089470580238,WELD_FOUND
38.51,0.005,0.1,0.02,-0.009999999999999998,0.0,0.0,0.02,-0.01,346,305,0.3207,0.2827,-7.382809530474727,-7.55859042518053,0.17578089470580238,WELD_FOUND
38.56,0.0,0.0,0.0,0.0,0.0,0.0,0.0,0.0,346,305,0.3207,0.2827,-7.382809530474727,nan,nan,NO_WELD
38.61,0.0,0.0,0.0,0.0,0.0,0.0,0.0,0.0,346,305,0.3207,0.2827,-7.382809530474727,nan,nan,NO_WELD
38.66,0.0,0.0,0.0,0.0,0.0,0.0,0.0,0.0,346,305,0.3207,0.2827,-7.382809530474727,nan,nan,NO_WELD
38.71,0.0,0.0,0.0,0.0,0.0,0.0,0.0,0.0,346,305,0.3207,0.2827,-7.382809530474727,nan,nan,NO_WELD
38.76,0.005,0.05,0.0125,-0.0024999999999999996,0.0,0.0,0.0125,-0.0025,346,305,0.3207,0.2827,-7.7343721736599775,-7.7343721736599775,0.0,WELD_FOUND
38.81,0.005,0.05,0.0125,-0.0024999999999999996,0.0,0.0,0.0125,-0.0025,346,305,0.3207,0.2827,-7.7343721736599775,-7.7343721736599775,0.0,WELD_FOUND
38.86,0.0,0.0,0.0,0.0,0.0,0.0,0.0,0.0,346,305,0.3207,0.2827,-7.7343721736599775,nan,nan,NO_WELD
38.91,0.0,0.0,0.0,0.0,0.0,0.0,0.0,0.0,346,305,0.3207,0.2827,-7.7343721736599775,nan,nan,NO_WELD
38.96,0.0,0.0,0.0,0.0,0.0,0.0,0.0,0.0,346,305,0.3207,0.2827,-7.7343721736599775,nan,nan,NO_WELD
39.01,0.0,0.0,0.0,0.0,0.0,0.0,0.0,0.0,346,305,0.3207,0.2827,-7.7343721736599775,nan,nan,NO_WELD
39.061,0.0,0.0,0.0,0.0,0.0,0.0,0.0,0.0,346,305,0.3207,0.2827,-7.7343721736599775,nan,nan,NO_WELD
39.11,0.0,0.0,0.0,0.0,0.0,0.0,0.0,0.0,346,305,0.3207,0.2827,-7.7343721736599775,nan,nan,NO_WELD
39.16,0.005,0.05,0.0125,-0.0024999999999999996,0.0,0.0,0.0125,-0.0025,346,305,0.3207,0.2827,-6.6796842441042275,-6.6796842441042275,0.0,WELD_FOUND
39.21,0.005,0.05,0.0125,-0.0024999999999999996,0.0,0.0,0.0125,-0.0025,346,305,0.3207,0.2827,-6.6796842441042275,-6.6796842441042275,0.0,WELD_FOUND
39.26,0.005665826275377269,0.1,0.020665826275377268,-0.009334173724622731,0.0,0.0,0.0207,-0.0093,346,305,0.3207,0.2827,-4.921871881951623,-5.800778063027925,0.8789061810763021,WELD_FOUND
39.31,0.005665826275377269,0.1,0.020665826275377268,-0.009334173724622731,0.0,0.0,0.0207,-0.0093,346,305,0.3207,0.2827,-4.921871881951623,-5.800778063027925,0.8789061810763021,WELD_FOUND
39.36,0.0,0.0,0.0,0.0,0.0,0.0,0.0,0.0,346,305,0.3207,0.2827,-4.921871881951623,nan,nan,NO_WELD
39.41,0.0,0.0,0.0,0.0,0.0,0.0,0.0,0.0,346,305,0.3207,0.2827,-4.921871881951623,nan,nan,NO_WELD
39.46,0.0,0.0,0.0,0.0,0.0,0.0,0.0,0.0,346,305,0.3207,0.2827,-4.921871881951623,nan,nan,NO_WELD
39.51,0.0,0.0,0.0,0.0,0.0,0.0,0.0,0.0,346,305,0.3207,0.2827,-4.921871881951623,nan,nan,NO_WELD
39.56,0.005,0.05,0.0125,-0.0024999999999999996,0.0,0.0,0.0125,-0.0025,346,305,0.3207,0.2827,-7.7343721736599775,-7.7343721736599775,0.0,WELD_FOUND
39.61,0.005,0.05,0.0125,-0.0024999999999999996,0.0,0.0,0.0125,-0.0025,346,305,0.3207,0.2827,-7.7343721736599775,-7.7343721736599775,0.0,WELD_FOUND
39.66,0.0,0.0,0.0,0.0,0.0,0.0,0.0,0.0,346,305,0.3207,0.2827,-7.7343721736599775,nan,nan,NO_WELD
39.71,0.0,0.0,0.0,0.0,0.0,0.0,0.0,0.0,346,305,0.3207,0.2827,-7.7343721736599775,nan,nan,NO_WELD
39.76,0.005,0.05,0.0125,-0.0024999999999999996,0.0,0.0,0.0125,-0.0025,346,305,0.3207,0.2827,-7.7343721736599775,-7.7343721736599775,0.0,WELD_FOUND
39.81,0.005,0.05,0.0125,-0.0024999999999999996,0.0,0.0,0.0125,-0.0025,346,305,0.3207,0.2827,-7.7343721736599775,-7.7343721736599775,0.0,WELD_FOUND
39.86,0.005,0.1,0.02,-0.009999999999999998,0.0,0.0,0.02,-0.01,346,305,0.3207,0.2827,-7.031246887289478,-7.382809530474727,0.35156264318524943,WELD_FOUND
39.91,0.005,0.1,0.02,-0.009999999999999998,0.0,0.0,0.02,-0.01,346,305,0.3207,0.2827,-7.031246887289478,-7.382809530474727,0.35156264318524943,WELD_FOUND
39.96,0.005,0.15000000000000002,0.027500000000000004,-0.0175,0.0,0.0,0.0275,-0.0175,346,305,0.3207,0.2827,-4.570309238766374,-7.031246887289478,2.460937648523104,WELD_FOUND
40.01,0.005,0.15000000000000002,0.027500000000000004,-0.0175,0.0,0.0,0.0275,-0.0175,346,305,0.3207,0.2827,-4.570309238766374,-7.031246887289478,2.460937648523104,WELD_FOUND
40.061,0.0,0.0,0.0,0.0,0.0,0.0,0.0,0.0,346,305,0.3207,0.2827,-4.570309238766374,nan,nan,NO_WELD
40.11,0.0,0.0,0.0,0.0,0.0,0.0,0.0,0.0,346,305,0.3207,0.2827,-4.570309238766374,nan,nan,NO_WELD
40.16,0.0,0.0,0.0,0.0,0.0,0.0,0.0,0.0,346,305,0.3207,0.2827,-4.570309238766374,nan,nan,NO_WELD
40.21,0.0,0.0,0.0,0.0,0.0,0.0,0.0,0.0,346,305,0.3207,0.2827,-4.570309238766374,nan,nan,NO_WELD
40.26,0.010524801956240832,0.05,0.01802480195624083,0.003024801956240832,0.0,0.0,0.018,0.003,346,305,0.3207,0.2827,-3.8671843792826963,-3.8671843792826963,0.0,WELD_FOUND
40.31,0.010524801956240832,0.05,0.01802480195624083,0.003024801956240832,0.0,0.0,0.018,0.003,346,305,0.3207,0.2827,-3.8671843792826963,-3.8671843792826963,0.0,WELD_FOUND
40.36,0.0,0.0,0.0,0.0,0.0,0.0,0.0,0.0,346,305,0.3207,0.2827,-3.8671843792826963,nan,nan,NO_WELD
40.41,0.0,0.0,0.0,0.0,0.0,0.0,0.0,0.0,347,305,0.3216,0.2827,-3.8671843792826963,nan,nan,NO_WELD
40.46,0.0,0.0,0.0,0.0,0.0,0.0,0.0,0.0,347,305,0.3216,0.2827,-3.8671843792826963,nan,nan,NO_WELD
40.51,0.0,0.0,0.0,0.0,0.0025,0.0,-0.0025,0.0,347,305,0.3216,0.2827,-3.8671843792826963,nan,nan,NO_WELD
40.56,0.012612563730325753,0.05,0.02011256373032575,0.0051125637303257535,0.0025,0.0,0.0176,0.0051,347,305,0.3216,0.2827,-3.8671843792826963,-3.8671843792826963,0.0,WELD_FOUND
40.61,0.012612563730325753,0.05,0.02011256373032575,0.0051125637303257535,0.002,0.0,0.0181,0.0051,347,305,0.3216,0.2827,-3.8671843792826963,-3.8671843792826963,0.0,WELD_FOUND
40.66,0.0,0.0,0.0,0.0,0.002,0.0,-0.002,0.0,347,305,0.3216,0.2827,-3.8671843792826963,nan,nan,NO_WELD
40.71,0.0,0.0,0.0,0.0,0.0123,0.0,-0.0123,0.0,350,305,0.3244,0.2827,-3.8671843792826963,nan,nan,NO_WELD
40.76,0.0,0.0,0.0,0.0,0.0123,0.0,-0.0123,0.0,350,305,0.3244,0.2827,-3.8671843792826963,nan,nan,NO_WELD
40.81,0.0,0.0,0.0,0.0,0.0123,0.0,-0.0123,0.0,350,305,0.3244,0.2827,-3.8671843792826963,nan,nan,NO_WELD
40.86,0.0,0.0,0.0,0.0,0.0098,0.0,-0.0098,0.0,350,305,0.3244,0.2827,-3.8671843792826963,nan,nan,NO_WELD
40.91,0.0,0.0,0.0,0.0,0.0098,0.0,-0.0098,0.0,350,305,0.3244,0.2827,-3.8671843792826963,nan,nan,NO_WELD
40.96,0.02179170584530101,0.05,0.02929170584530101,0.014291705845301012,0.0098,0.0,0.0194,0.0143,350,305,0.3244,0.2827,-2.1093715902432693,-2.1093715902432693,0.0,WELD_FOUND
41.01,0.02179170584530101,0.05,0.02929170584530101,0.014291705845301012,0.0079,0.0,0.0214,0.0143,350,305,0.3244,0.2827,-2.1093715902432693,-2.1093715902432693,0.0,WELD_FOUND
41.061,0.026701278184742976,0.0330697949227342,0.03166174742315311,0.021740808946332846,0.0079,0.0,0.0238,0.0217,350,305,0.3244,0.2827,3.4150945850063755e-06,-1.0546840875743422,1.054687502668927,WELD_FOUND
41.11,0.026701278184742976,0.0330697949227342,0.03166174742315311,0.021740808946332846,0.0195,0.0,0.0121,0.0217,354,305,0.3281,0.2827,3.4150945850063755e-06,-1.0546840875743422,1.054687502668927,WELD_FOUND
41.16,0.0,0.0,0.0,0.0,0.0195,0.0,-0.0195,0.0,354,305,0.3281,0.2827,3.4150945850063755e-06,nan,nan,NO_WELD
41.21,0.0,0.0,0.0,0.0,0.0195,0.0,-0.0195,0.0,359,305,0.3327,0.2827,3.4150945850063755e-06,nan,nan,NO_WELD
41.26,0.0,0.0,0.0,0.0,0.0241,0.0,-0.0241,0.0,359,305,0.3327,0.2827,3.4150945850063755e-06,nan,nan,NO_WELD
41.31,0.0,0.0,0.0,0.0,0.0241,0.0,-0.0241,0.0,360,305,0.3336,0.2827,3.4150945850063755e-06,nan,nan,NO_WELD
41.36,0.0,0.0,0.0,0.0,0.0182,0.0,-0.0182,0.0,360,305,0.3336,0.2827,3.4150945850063755e-06,nan,nan,NO_WELD
41.41,0.0,0.0,0.0,0.0,0.0182,0.0,-0.0182,0.0,360,305,0.3336,0.2827,3.4150945850063755e-06,nan,nan,NO_WELD
41.46,0.02800653687058349,0.05,0.035506536870583486,0.02050653687058349,0.0182,0.0,0.0173,0.0205,360,305,0.3336,0.2827,-1.0546840875743422,-1.0546840875743422,0.0,WELD_FOUND
41.51,0.02800653687058349,0.05,0.035506536870583486,0.02050653687058349,0.0145,0.0,0.021,0.0205,360,305,0.3336,0.2827,-1.0546840875743422,-1.0546840875743422,0.0,WELD_FOUND
41.56,0.0,0.0,0.0,0.0,0.0145,0.0,-0.0145,0.0,360,305,0.3336,0.2827,-1.0546840875743422,nan,nan,NO_WELD
41.61,0.0,0.0,0.0,0.0,0.0145,0.0,-0.0145,0.0,364,305,0.3373,0.2827,-1.0546840875743422,nan,nan,NO_WELD
41.66,0.03163949716072246,0.014115276744578376,0.033756788672409214,0.029522205649035703,0.0186,0.0,0.0152,0.0295,364,305,0.3373,0.2827,-0.35155909468853286,-0.35155909468853286,0.0,WELD_FOUND
41.71,0.03163949716072246,0.014115276744578376,0.033756788672409214,0.029522205649035703,0.0186,0.0,0.0152,0.0295,364,305,0.3373,0.2827,-0.35155909468853286,-0.35155909468853286,0.0,WELD_FOUND
41.76,0.0,0.0,0.0,0.0,0.0149,0.0,-0.0149,0.0,364,305,0.3373,0.2827,-0.35155909468853286,nan,nan,NO_WELD
41.81,0.0,0.0,0.0,0.0,0.0149,0.0,-0.0149,0.0,367,305,0.3401,0.2827,-0.35155909468853286,nan,nan,NO_WELD
41.86,0.0,0.0,0.0,0.0,0.0201,0.0,-0.0201,0.0,367,305,0.3401,0.2827,-0.35155909468853286,nan,nan,NO_WELD
41.91,0.0,0.0,0.0,0.0,0.0201,0.0,-0.0201,0.0,368,305,0.3411,0.2827,-0.35155909468853286,nan,nan,NO_WELD
41.96,0.035,0.0,0.035,0.035,0.0157,0.0,0.0193,0.035,368,305,0.3411,0.2827,3.4150945850063755e-06,3.4150945850063755e-06,0.0,WELD_FOUND
42.01,0.035,0.0,0.035,0.035,0.0157,0.0,0.0193,0.035,368,305,0.3411,0.2827,3.4150945850063755e-06,3.4150945850063755e-06,0.0,WELD_FOUND
42.061,0.035,0.0,0.035,0.035,0.0126,0.0,0.0224,0.035,368,305,0.3411,0.2827,3.4150945850063755e-06,3.4150945850063755e-06,0.0,WELD_FOUND
42.11,0.035,0.0,0.035,0.035,0.0126,0.0,0.0224,0.035,372,305,0.3448,0.2827,3.4150945850063755e-06,3.4150945850063755e-06,0.0,WELD_FOUND
42.16,0.035,0.0,0.035,0.035,0.0224,0.0,0.0126,0.035,372,305,0.3448,0.2827,-2.460934233428519,3.4150945850063755e-06,-2.460937648523104,WELD_FOUND
42.21,0.035,0.0,0.035,0.035,0.0224,0.0,0.0126,0.035,379,305,0.3512,0.2827,-2.460934233428519,3.4150945850063755e-06,-2.460937648523104,WELD_FOUND
42.26,0.0,0.0,0.0,0.0,0.0394,0.0,-0.0394,0.0,379,305,0.3512,0.2827,-2.460934233428519,nan,nan,NO_WELD
42.31,0.0,0.0,0.0,0.0,0.0394,0.0,-0.0394,0.0,386,305,0.3577,0.2827,-2.460934233428519,nan,nan,NO_WELD
42.36,0.0195196801846003,0.05,0.0270196801846003,0.012019680184600302,0.0394,0.0,-0.0124,0.012,386,305,0.3577,0.2827,-3.164059092912196,-3.164059092912196,0.0,WELD_FOUND
42.41,0.0195196801846003,0.05,0.0270196801846003,0.012019680184600302,0.0483,0.0,-0.0213,0.012,389,305,0.3605,0.2827,-3.164059092912196,-3.164059092912196,0.0,WELD_FOUND
42.46,0.0,0.0,0.0,0.0,0.0483,0.0,-0.0483,0.0,389,305,0.3605,0.2827,-3.164059092912196,nan,nan,NO_WELD
42.51,0.0,0.0,0.0,0.0,0.0387,0.0,-0.0387,0.0,389,305,0.3605,0.2827,-3.164059092912196,nan,nan,NO_WELD
42.56,0.011926112058161189,0.05,0.019426112058161187,0.004426112058161189,0.0387,0.0,-0.0192,0.0044,389,305,0.3605,0.2827,-4.570309238766374,-4.570309238766374,0.0,WELD_FOUND
42.61,0.011926112058161189,0.05,0.019426112058161187,0.004426112058161189,0.0387,0.0,-0.0192,0.0044,389,305,0.3605,0.2827,-4.570309238766374,-4.570309238766374,0.0,WELD_FOUND
42.66,0.015413804311927185,0.1,0.030413804311927185,0.0004138043119271857,0.0309,0.0,-0.0005,0.0004,389,305,0.3605,0.2827,-1.7578091605014305,-3.164059092912196,1.4062499324107656,WELD_FOUND
42.71,0.015413804311927185,0.1,0.030413804311927185,0.0004138043119271857,0.0309,0.0,-0.0005,0.0004,389,305,0.3605,0.2827,-1.7578091605014305,-3.164059092912196,1.4062499324107656,WELD_FOUND
42.76,0.0,0.0,0.0,0.0,0.0248,0.0,-0.0248,0.0,389,305,0.3605,0.2827,-1.7578091605014305,nan,nan,NO_WELD
42.81,0.0,0.0,0.0,0.0,0.0248,0.0,-0.0248,0.0,389,305,0.3605,0.2827,-1.7578091605014305,nan,nan,NO_WELD
42.86,0.011256072384334289,0.05,0.01875607238433429,0.0037560723843342893,0.0248,0.0,-0.006,0.0038,389,305,0.3605,0.2827,-4.570309238766374,-4.570309238766374,0.0,WELD_FOUND
42.91,0.011256072384334289,0.05,0.01875607238433429,0.0037560723843342893,0.0173,0.0,0.0014,0.0038,390,305,0.3614,0.2827,-4.570309238766374,-4.570309238766374,0.0,WELD_FOUND
42.96,0.0,0.0,0.0,0.0,0.0173,0.0,-0.0173,0.0,390,305,0.3614,0.2827,-4.570309238766374,nan,nan,NO_WELD
43.01,0.0,0.0,0.0,0.0,0.0141,0.0,-0.0141,0.0,391,305,0.3624,0.2827,-4.570309238766374,nan,nan,NO_WELD
43.061,0.0,0.0,0.0,0.0,0.0141,0.0,-0.0141,0.0,391,305,0.3624,0.2827,-4.570309238766374,nan,nan,NO_WELD
43.11,0.0,0.0,0.0,0.0,0.0113,0.0,-0.0113,0.0,391,305,0.3624,0.2827,-4.570309238766374,nan,nan,NO_WELD
43.16,0.0,0.0,0.0,0.0,0.0113,0.0,-0.0113,0.0,391,305,0.3624,0.2827,-4.570309238766374,nan,nan,NO_WELD
43.21,0.0,0.0,0.0,0.0,0.009,0.0,-0.009,0.0,391,305,0.3624,0.2827,-4.570309238766374,nan,nan,NO_WELD
43.26,0.0,0.0,0.0,0.0,0.009,0.0,-0.009,0.0,391,305,0.3624,0.2827,-4.570309238766374,nan,nan,NO_WELD
43.31,0.0,0.0,0.0,0.0,0.009,0.0,-0.009,0.0,391,305,0.3624,0.2827,-4.570309238766374,nan,nan,NO_WELD
43.36,0.0,0.0,0.0,0.0,0.0072,0.0,-0.0072,0.0,391,305,0.3624,0.2827,-4.570309238766374,nan,nan,NO_WELD
43.41,0.0,0.0,0.0,0.0,0.0072,0.0,-0.0072,0.0,391,305,0.3624,0.2827,-4.570309238766374,nan,nan,NO_WELD
43.46,0.0,0.0,0.0,0.0,0.0072,0.0,-0.0072,0.0,391,305,0.3624,0.2827,-4.570309238766374,nan,nan,NO_WELD
43.51,0.0,0.0,0.0,0.0,0.0058,0.0,-0.0058,0.0,391,305,0.3624,0.2827,-4.570309238766374,nan,nan,NO_WELD
43.56,0.0,0.0,0.0,0.0,0.0058,0.0,-0.0058,0.0,391,305,0.3624,0.2827,-4.570309238766374,nan,nan,NO_WELD
43.61,0.0,0.0,0.0,0.0,0.0046,0.0,-0.0046,0.0,391,305,0.3624,0.2827,-4.570309238766374,nan,nan,NO_WELD
43.66,0.0,0.0,0.0,0.0,0.0046,0.0,-0.0046,0.0,391,305,0.3624,0.2827,-4.570309238766374,nan,nan,NO_WELD
43.71,0.0,0.0,0.0,0.0,0.0037,0.0,-0.0037,0.0,391,305,0.3624,0.2827,-4.570309238766374,nan,nan,NO_WELD
43.76,0.0,0.0,0.0,0.0,0.0037,0.0,-0.0037,0.0,391,305,0.3624,0.2827,-4.570309238766374,nan,nan,NO_WELD
43.81,0.0,0.0,0.0,0.0,0.0037,0.0,-0.0037,0.0,391,305,0.3624,0.2827,-4.570309238766374,nan,nan,NO_WELD
43.86,0.0,0.0,0.0,0.0,0.003,0.0,-0.003,0.0,391,305,0.3624,0.2827,-4.570309238766374,nan,nan,NO_WELD
43.91,0.0,0.0,0.0,0.0,0.003,0.0,-0.003,0.0,391,305,0.3624,0.2827,-4.570309238766374,nan,nan,NO_WELD
43.96,0.0,0.0,0.0,0.0,0.0024,0.0,-0.0024,0.0,391,305,0.3624,0.2827,-3.8671843792826963,nan,nan,NO_WELD
44.01,0.0,0.0,0.0,0.0,0.0024,0.0,-0.0024,0.0,391,305,0.3624,0.2827,-3.8671843792826963,nan,nan,NO_WELD
44.061,0.0,0.0,0.0,0.0,0.0024,0.0,-0.0024,0.0,391,305,0.3624,0.2827,-20.03905956250185,nan,nan,NO_WELD
44.11,0.0,0.0,0.0,0.0,0.0019,0.0,-0.0019,0.0,391,305,0.3624,0.2827,-20.03905956250185,nan,nan,NO_WELD
44.16,0.0,0.0,0.0,0.0,0.0019,0.0,-0.0019,0.0,391,305,0.3624,0.2827,-7.031246887289478,nan,nan,NO_WELD
44.21,0.0,0.0,0.0,0.0,0.0019,0.0,-0.0019,0.0,391,305,0.3624,0.2827,-7.031246887289478,nan,nan,NO_WELD
44.26,0.0,0.0,0.0,0.0,0.0015,0.0,-0.0015,0.0,391,305,0.3624,0.2827,-3.8671843792826963,nan,nan,NO_WELD
44.31,0.0,0.0,0.0,0.0,0.0015,0.0,-0.0015,0.0,391,305,0.3624,0.2827,-3.8671843792826963,nan,nan,NO_WELD
44.36,0.0,0.0,0.0,0.0,0.0015,0.0,-0.0015,0.0,391,305,0.3624,0.2827,9.843754009187002,nan,nan,NO_WELD
44.41,0.0,0.0,0.0,0.0,0.0012,0.0,-0.0012,0.0,391,305,0.3624,0.2827,9.843754009187002,nan,nan,NO_WELD
44.46,0.0,0.0,0.0,0.0,0.0012,0.0,-0.0012,0.0,391,305,0.3624,0.2827,2.4609410636176894,nan,nan,NO_WELD
44.51,0.0,0.0,0.0,0.0,0.0012,0.0,-0.0012,0.0,391,305,0.3624,0.2827,2.4609410636176894,nan,nan,NO_WELD
44.56,0.0,0.0,0.0,0.0,0.0,0.0,0.0,0.0,391,305,0.3624,0.2827,2.4609410636176894,nan,nan,NO_WELD
44.61,0.0,0.0,0.0,0.0,0.0,0.0,0.0,0.0,391,305,0.3624,0.2827,2.4609410636176894,nan,nan,NO_WELD
44.66,0.0,0.0,0.0,0.0,0.0,0.0,0.0,0.0,391,305,0.3624,0.2827,1.4062534542270564,nan,nan,NO_WELD
44.71,0.0,0.0,0.0,0.0,0.0,0.0,0.0,0.0,391,305,0.3624,0.2827,1.4062534542270564,nan,nan,NO_WELD
44.76,0.0,0.0,0.0,0.0,0.0,0.0,0.0,0.0,391,305,0.3624,0.2827,-13.35937190330304,nan,nan,NO_WELD
44.81,0.0,0.0,0.0,0.0,0.0,0.0,0.0,0.0,391,305,0.3624,0.2827,-13.35937190330304,nan,nan,NO_WELD
44.86,0.0,0.0,0.0,0.0,0.0,0.0,0.0,0.0,391,305,0.3624,0.2827,-5.9765593846205505,nan,nan,NO_WELD
44.91,0.0,0.0,0.0,0.0,0.0,0.0,0.0,0.0,391,305,0.3624,0.2827,-5.9765593846205505,nan,nan,NO_WELD
44.96,0.0,0.0,0.0,0.0,0.0,0.0,0.0,0.0,391,305,0.3624,0.2827,-1.0546840875743422,nan,nan,NO_WELD
45.01,0.0,0.0,0.0,0.0,0.0,0.0,0.0,0.0,391,305,0.3624,0.2827,-1.0546840875743422,nan,nan,NO_WELD
45.061,0.0,0.0,0.0,0.0,0.0,0.0,0.0,0.0,391,305,0.3624,0.2827,-3.5156217360974464,nan,nan,NO_WELD
45.11,0.0,0.0,0.0,0.0,0.0,0.0,0.0,0.0,391,305,0.3624,0.2827,-3.5156217360974464,nan,nan,NO_WELD
45.16,0.0,0.0,0.0,0.0,0.0,0.0,0.0,0.0,391,305,0.3624,0.2827,-3.5156217360974464,nan,nan,NO_WELD
45.21,0.0,0.0,0.0,0.0,0.0,0.0,0.0,0.0,391,305,0.3624,0.2827,-3.5156217360974464,nan,nan,NO_WELD
45.26,0.0,0.0,0.0,0.0,0.0,0.0,0.0,0.0,391,305,0.3624,0.2827,6.679691074293397,nan,nan,NO_WELD
45.31,0.0,0.0,0.0,0.0,0.0,0.0,0.0,0.0,391,305,0.3624,0.2827,6.679691074293397,nan,nan,NO_WELD
45.36,0.0,0.0,0.0,0.0,0.0,0.0,0.0,0.0,391,305,0.3624,0.2827,-7.031246887289478,nan,nan,NO_WELD
45.41,0.0,0.0,0.0,0.0,0.0,0.0,0.0,0.0,391,305,0.3624,0.2827,-7.031246887289478,nan,nan,NO_WELD
45.46,0.0,0.0,0.0,0.0,0.0,0.0,0.0,0.0,391,305,0.3624,0.2827,-0.7031216044716506,nan,nan,NO_WELD
45.51,0.0,0.0,0.0,0.0,0.0,0.0,0.0,0.0,391,305,0.3624,0.2827,-0.7031216044716506,nan,nan,NO_WELD
45.56,0.0,0.0,0.0,0.0,0.0,0.0,0.0,0.0,391,305,0.3624,0.2827,-18.98437248671975,nan,nan,NO_WELD
45.61,0.0,0.0,0.0,0.0,0.0,0.0,0.0,0.0,391,305,0.3624,0.2827,-18.98437248671975,nan,nan,NO_WELD
45.66,0.0,0.0,0.0,0.0,0.0,0.0,0.0,0.0,391,305,0.3624,0.2827,2.109378420432439,nan,nan,NO_WELD
45.71,0.0,0.0,0.0,0.0,0.0,0.0,0.0,0.0,391,305,0.3624,0.2827,2.109378420432439,nan,nan,NO_WELD
45.76,0.0,0.0,0.0,0.0,0.0,0.0,0.0,0.0,391,305,0.3624,0.2827,6.679691074293397,nan,nan,NO_WELD
45.81,0.0,0.0,0.0,0.0,0.0,0.0,0.0,0.0,391,305,0.3624,0.2827,6.679691074293397,nan,nan,NO_WELD
45.86,0.0,0.0,0.0,0.0,0.0,0.0,0.0,0.0,391,305,0.3624,0.2827,2.4609410636176894,nan,nan,NO_WELD
45.91,0.0,0.0,0.0,0.0,0.0,0.0,0.0,0.0,391,305,0.3624,0.2827,2.4609410636176894,nan,nan,NO_WELD
45.96,0.0,0.0,0.0,0.0,0.0,0.0,0.0,0.0,391,305,0.3624,0.2827,2.812503493359528,nan,nan,NO_WELD
46.01,0.0,0.0,0.0,0.0,0.0,0.0,0.0,0.0,391,305,0.3624,0.2827,2.812503493359528,nan,nan,NO_WELD
46.061,0.0,0.0,0.0,0.0,0.0,0.0,0.0,0.0,391,305,0.3624,0.2827,-4.218746595581123,nan,nan,NO_WELD
46.11,0.0,0.0,0.0,0.0,0.0,0.0,0.0,0.0,391,305,0.3624,0.2827,-4.218746595581123,nan,nan,NO_WELD
46.16,0.0,0.0,0.0,0.0,0.0,0.0,0.0,0.0,391,305,0.3624,0.2827,-4.218746595581123,nan,nan,NO_WELD
46.21,0.0,0.0,0.0,0.0,0.0,0.0,0.0,0.0,391,305,0.3624,0.2827,-4.218746595581123,nan,nan,NO_WELD
46.26,0.0,0.0,0.0,0.0,0.0,0.0,0.0,0.0,391,305,0.3624,0.2827,-8.789059249442081,nan,nan,NO_WELD
46.31,0.0,0.0,0.0,0.0,0.0,0.0,0.0,0.0,391,305,0.3624,0.2827,-8.789059249442081,nan,nan,NO_WELD
46.36,0.0,0.0,0.0,0.0,0.0,0.0,0.0,0.0,391,305,0.3624,0.2827,2.812503493359528,nan,nan,NO_WELD
46.41,0.0,0.0,0.0,0.0,0.0,0.0,0.0,0.0,391,305,0.3624,0.2827,2.812503493359528,nan,nan,NO_WELD
46.46,0.0,0.0,0.0,0.0,0.0,0.0,0.0,0.0,391,305,0.3624,0.2827,0.35156592487770283,nan,nan,NO_WELD
46.51,0.0,0.0,0.0,0.0,0.0,0.0,0.0,0.0,391,305,0.3624,0.2827,0.35156592487770283,nan,nan,NO_WELD
46.56,0.0,0.0,0.0,0.0,0.0,0.0,0.0,0.0,391,305,0.3624,0.2827,2.812503493359528,nan,nan,NO_WELD
46.61,0.0,0.0,0.0,0.0,0.0,0.0,0.0,0.0,391,305,0.3624,0.2827,2.812503493359528,nan,nan,NO_WELD
46.66,0.0,0.0,0.0,0.0,0.0,0.0,0.0,0.0,391,305,0.3624,0.2827,0.7031284346608206,nan,nan,NO_WELD
46.71,0.0,0.0,0.0,0.0,0.0,0.0,0.0,0.0,391,305,0.3624,0.2827,0.7031284346608206,nan,nan,NO_WELD
46.76,0.035,0.0,0.035,0.035,0.0,0.0,0.035,0.035,391,305,0.3624,0.2827,3.4150945850063755e-06,3.4150945850063755e-06,0.0,WELD_FOUND
46.81,0.035,0.0,0.035,0.035,0.0,0.0,0.035,0.035,391,305,0.3624,0.2827,3.4150945850063755e-06,3.4150945850063755e-06,0.0,WELD_FOUND
46.86,0.0,0.0,0.0,0.0,0.0,0.0,0.0,0.0,392,305,0.3633,0.2827,3.4150945850063755e-06,nan,nan,NO_WELD
46.91,0.0,0.0,0.0,0.0,0.0025,0.0,-0.0025,0.0,392,305,0.3633,0.2827,3.4150945850063755e-06,nan,nan,NO_WELD
46.96,0.0,0.0,0.0,0.0,0.0025,0.0,-0.0025,0.0,399,305,0.3698,0.2827,3.4150945850063755e-06,nan,nan,NO_WELD
47.01,0.0,0.0,0.0,0.0,0.0025,0.0,-0.0025,0.0,399,305,0.3698,0.2827,3.4150945850063755e-06,nan,nan,NO_WELD
47.061,0.024184199534237977,0.05,0.031684199534237976,0.016684199534237977,0.0237,0.0,0.008,0.0167,401,305,0.3716,0.2827,-2.1093715902432693,-2.1093715902432693,0.0,WELD_FOUND
47.11,0.024184199534237977,0.05,0.031684199534237976,0.016684199534237977,0.0237,0.0,0.008,0.0167,401,305,0.3716,0.2827,-2.1093715902432693,-2.1093715902432693,0.0,WELD_FOUND
47.16,0.0,0.0,0.0,0.0,0.0237,0.0,-0.0237,0.0,402,305,0.3726,0.2827,-2.1093715902432693,nan,nan,NO_WELD
47.21,0.0,0.0,0.0,0.0,0.0167,0.0,-0.0167,0.0,402,305,0.3726,0.2827,-2.1093715902432693,nan,nan,NO_WELD
47.26,0.02551113740476662,0.05,0.03301113740476662,0.01801113740476662,0.0167,0.0,0.0163,0.018,402,305,0.3726,0.2827,-1.4062466240378864,-1.4062466240378864,0.0,WELD_FOUND
47.31,0.02551113740476662,0.05,0.03301113740476662,0.01801113740476662,0.0167,0.0,0.0163,0.018,402,305,0.3726,0.2827,-1.4062466240378864,-1.4062466240378864,0.0,WELD_FOUND
47.36,0.03109898861187085,0.0019248584115347245,0.03138771737360106,0.03081025985014064,0.0134,0.0,0.018,0.0308,402,305,0.3726,0.2827,0.7031284346608206,-0.35155909468853286,1.0546875293493536,WELD_FOUND
47.41,0.03109898861187085,0.0019248584115347245,0.03138771737360106,0.03081025985014064,0.0134,0.0,0.018,0.0308,402,305,0.3726,0.2827,0.7031284346608206,-0.35155909468853286,1.0546875293493536,WELD_FOUND
47.46,0.0,0.0,0.0,0.0,0.0303,0.0,-0.0303,0.0,408,305,0.3781,0.2827,0.7031284346608206,nan,nan,NO_WELD
47.51,0.0,0.0,0.0,0.0,0.0303,0.0,-0.0303,0.0,408,305,0.3781,0.2827,0.7031284346608206,nan,nan,NO_WELD
47.56,0.0,0.0,0.0,0.0,0.0303,0.0,-0.0303,0.0,413,305,0.3828,0.2827,0.7031284346608206,nan,nan,NO_WELD
47.61,0.0,0.0,0.0,0.0,0.0305,0.0,-0.0305,0.0,413,305,0.3828,0.2827,0.7031284346608206,nan,nan,NO_WELD
47.66,0.0,0.0,0.0,0.0,0.0305,0.0,-0.0305,0.0,415,305,0.3846,0.2827,0.7031284346608206,nan,nan,NO_WELD
47.71,0.0,0.0,0.0,0.0,0.0305,0.0,-0.0305,0.0,415,305,0.3846,0.2827,0.7031284346608206,nan,nan,NO_WELD
47.76,0.0,0.0,0.0,0.0,0.0233,0.0,-0.0233,0.0,415,305,0.3846,0.2827,0.7031284346608206,nan,nan,NO_WELD
47.81,0.0,0.0,0.0,0.0,0.0233,0.0,-0.0233,0.0,415,305,0.3846,0.2827,0.7031284346608206,nan,nan,NO_WELD
47.86,0.0,0.0,0.0,0.0,0.0233,0.0,-0.0233,0.0,415,305,0.3846,0.2827,0.7031284346608206,nan,nan,NO_WELD
47.91,0.0,0.0,0.0,0.0,0.0186,0.0,-0.0186,0.0,415,305,0.3846,0.2827,0.7031284346608206,nan,nan,NO_WELD
47.96,0.0,0.0,0.0,0.0,0.0186,0.0,-0.0186,0.0,415,305,0.3846,0.2827,0.7031284346608206,nan,nan,NO_WELD
48.01,0.0,0.0,0.0,0.0,0.0149,0.0,-0.0149,0.0,415,305,0.3846,0.2827,0.7031284346608206,nan,nan,NO_WELD
48.061,0.035,0.0,0.035,0.035,0.0149,0.0,0.0201,0.035,415,305,0.3846,0.2827,3.4150945850063755e-06,3.4150945850063755e-06,0.0,WELD_FOUND
48.11,0.035,0.0,0.035,0.035,0.0119,0.0,0.0231,0.035,415,305,0.3846,0.2827,3.4150945850063755e-06,3.4150945850063755e-06,0.0,WELD_FOUND
48.16,0.0,0.0,0.0,0.0,0.0119,0.0,-0.0119,0.0,415,305,0.3846,0.2827,3.4150945850063755e-06,nan,nan,NO_WELD
48.21,0.0,0.0,0.0,0.0,0.0119,0.0,-0.0119,0.0,415,305,0.3846,0.2827,3.4150945850063755e-06,nan,nan,NO_WELD
48.26,0.0,0.0,0.0,0.0,0.022,0.0,-0.022,0.0,421,305,0.3902,0.2827,3.4150945850063755e-06,nan,nan,NO_WELD
48.31,0.0,0.0,0.0,0.0,0.022,0.0,-0.022,0.0,421,305,0.3902,0.2827,3.4150945850063755e-06,nan,nan,NO_WELD
48.36,0.022575360328131015,0.05,0.030075360328131014,0.015075360328131015,0.0206,0.0,0.0095,0.0151,423,305,0.392,0.2827,-2.460934233428519,-2.460934233428519,0.0,WELD_FOUND
48.41,0.022575360328131015,0.05,0.030075360328131014,0.015075360328131015,0.0206,0.0,0.0095,0.0151,423,305,0.392,0.2827,-2.460934233428519,-2.460934233428519,0.0,WELD_FOUND
48.46,0.0,0.0,0.0,0.0,0.0206,0.0,-0.0206,0.0,423,305,0.392,0.2827,-2.460934233428519,nan,nan,NO_WELD
48.51,0.0,0.0,0.0,0.0,0.0165,0.0,-0.0165,0.0,423,305,0.392,0.2827,-2.460934233428519,nan,nan,NO_WELD
48.56,0.016154279224566616,0.05,0.023654279224566616,0.008654279224566616,0.0165,0.0,0.0072,0.0087,424,305,0.393,0.2827,-3.5156217360974464,-3.5156217360974464,0.0,WELD_FOUND
48.61,0.016154279224566616,0.05,0.023654279224566616,0.008654279224566616,0.0165,0.0,0.0072,0.0087,424,305,0.393,0.2827,-3.5156217360974464,-3.5156217360974464,0.0,WELD_FOUND
48.66,0.014361225458350363,0.1,0.029361225458350362,-0.0006387745416496365,0.0148,0.0,0.0145,-0.0006,425,305,0.3939,0.2827,-3.8671843792826963,-3.691403057690071,-0.17578132159262516,WELD_FOUND
48.71,0.014361225458350363,0.1,0.029361225458350362,-0.0006387745416496365,0.0148,0.0,0.0145,-0.0006,425,305,0.3939,0.2827,-3.8671843792826963,-3.691403057690071,-0.17578132159262516,WELD_FOUND
48.76,0.0,0.0,0.0,0.0,0.0148,0.0,-0.0148,0.0,427,305,0.3957,0.2827,-3.8671843792826963,nan,nan,NO_WELD
48.81,0.0,0.0,0.0,0.0,0.0138,0.0,-0.0138,0.0,427,305,0.3957,0.2827,-3.8671843792826963,nan,nan,NO_WELD
48.86,0.0,0.0,0.0,0.0,0.0138,0.0,-0.0138,0.0,430,307,0.3985,0.2845,-3.8671843792826963,nan,nan,NO_WELD
48.91,0.0,0.0,0.0,0.0,0.0194,0.0,-0.0194,0.0,430,307,0.3985,0.2845,-3.8671843792826963,nan,nan,NO_WELD
48.96,0.0,0.0,0.0,0.0,0.0194,0.0049,-0.0194,-0.0049,430,307,0.3985,0.2845,-3.8671843792826963,nan,nan,NO_WELD
49.01,0.0,0.0,0.0,0.0,0.0194,0.0049,-0.0194,-0.0049,430,307,0.3985,0.2845,-3.8671843792826963,nan,nan,NO_WELD
49.061,0.0,0.0,0.0,0.0,0.0155,0.0049,-0.0155,-0.0049,430,307,0.3985,0.2845,-3.8671843792826963,nan,nan,NO_WELD
49.11,0.0,0.0,0.0,0.0,0.0155,0.004,-0.0155,-0.004,430,307,0.3985,0.2845,-3.8671843792826963,nan,nan,NO_WELD
49.16,0.0,0.0,0.0,0.0,0.0155,0.004,-0.0155,-0.004,430,307,0.3985,0.2845,-4.218746595581123,-4.218746595581123,0.0,WELD_FOUND
49.21,0.0,0.0,0.0,0.0,0.0124,0.004,-0.0124,-0.004,430,307,0.3985,0.2845,-4.218746595581123,-4.218746595581123,0.0,WELD_FOUND
49.26,0.0,0.0,0.0,0.0,0.0124,0.0032,-0.0124,-0.0032,430,307,0.3985,0.2845,-4.218746595581123,nan,nan,NO_WELD
49.31,0.0,0.0,0.0,0.0,0.0099,0.0032,-0.0099,-0.0032,430,307,0.3985,0.2845,-4.218746595581123,nan,nan,NO_WELD
49.36,0.0,0.0,0.0,0.0,0.0099,0.0025,-0.0099,-0.0025,430,307,0.3985,0.2845,-4.218746595581123,nan,nan,NO_WELD
49.41,0.0,0.0,0.0,0.0,0.008,0.0025,-0.008,-0.0025,430,307,0.3985,0.2845,-4.218746595581123,nan,nan,NO_WELD
49.46,0.0,0.0,0.0,0.0,0.008,0.002,-0.008,-0.002,430,307,0.3985,0.2845,-4.218746595581123,nan,nan,NO_WELD
49.51,0.0,0.0,0.0,0.0,0.008,0.002,-0.008,-0.002,430,307,0.3985,0.2845,-4.218746595581123,nan,nan,NO_WELD
49.56,0.0,0.0,0.0,0.0,0.0064,0.0016,-0.0064,-0.0016,430,307,0.3985,0.2845,-4.218746595581123,nan,nan,NO_WELD
49.61,0.0,0.0,0.0,0.0,0.0064,0.0016,-0.0064,-0.0016,430,307,0.3985,0.2845,-4.218746595581123,nan,nan,NO_WELD
49.66,0.0,0.0,0.0,0.0,0.0064,0.0016,-0.0064,-0.0016,430,307,0.3985,0.2845,-4.218746595581123,nan,nan,NO_WELD
49.71,0.0,0.0,0.0,0.0,0.0051,0.0013,-0.0051,-0.0013,430,307,0.3985,0.2845,-4.218746595581123,nan,nan,NO_WELD
49.76,0.0,0.0,0.0,0.0,0.0051,0.0013,-0.0051,-0.0013,430,307,0.3985,0.2845,-4.218746595581123,nan,nan,NO_WELD
49.81,0.0,0.0,0.0,0.0,0.0051,0.0013,-0.0051,-0.0013,430,307,0.3985,0.2845,-4.218746595581123,nan,nan,NO_WELD
49.86,0.0,0.0,0.0,0.0,0.0041,0.001,-0.0041,-0.001,430,307,0.3985,0.2845,-4.218746595581123,nan,nan,NO_WELD
49.91,0.0,0.0,0.0,0.0,0.0041,0.001,-0.0041,-0.001,430,307,0.3985,0.2845,-4.218746595581123,nan,nan,NO_WELD
49.96,0.0,0.0,0.0,0.0,0.0041,0.001,-0.0041,-0.001,430,307,0.3985,0.2845,-7.031246887289478,-7.031246887289478,0.0,WELD_FOUND
50.01,0.0,0.0,0.0,0.0,0.0033,0.0,-0.0033,0.0,430,307,0.3985,0.2845,-7.031246887289478,-7.031246887289478,0.0,WELD_FOUND
50.061,0.0,0.0,0.0,0.0,0.0033,0.0,-0.0033,0.0,430,307,0.3985,0.2845,-7.031246887289478,nan,nan,NO_WELD
50.11,0.0,0.0,0.0,0.0,0.0026,0.0,-0.0026,0.0,430,307,0.3985,0.2845,-7.031246887289478,nan,nan,NO_WELD
50.16,0.0116980118241367,0.05,0.019198011824136697,0.0041980118241367,0.0026,0.0,0.0166,0.0042,430,307,0.3985,0.2845,-4.218746595581123,-4.218746595581123,0.0,WELD_FOUND
50.21,0.0116980118241367,0.05,0.019198011824136697,0.0041980118241367,0.0026,0.0,0.0166,0.0042,430,307,0.3985,0.2845,-4.218746595581123,-4.218746595581123,0.0,WELD_FOUND
50.26,0.0116980118241367,0.1,0.026698011824136697,-0.0033019881758633,0.0021,0.0025,0.0246,-0.0058,430,308,0.3985,0.2854,-4.218746595581123,-4.218746595581123,0.0,WELD_FOUND
50.31,0.0116980118241367,0.1,0.026698011824136697,-0.0033019881758633,0.0021,0.0025,0.0246,-0.0058,430,308,0.3985,0.2854,-4.218746595581123,-4.218746595581123,0.0,WELD_FOUND
50.36,0.0116980118241367,0.15000000000000002,0.034198011824136704,-0.010801988175863303,0.0021,0.0025,0.0321,-0.0133,433,310,0.4013,0.2873,-3.8671843792826963,-4.218746595581123,0.3515622162984271,WELD_FOUND
50.41,0.0116980118241367,0.15000000000000002,0.034198011824136704,-0.010801988175863303,0.0087,0.0064,0.0255,-0.0172,433,310,0.4013,0.2873,-3.8671843792826963,-4.218746595581123,0.3515622162984271,WELD_FOUND
50.46,0.012274025580272113,0.17426098184338443,0.038413172856779774,-0.01386512169623555,0.0087,0.0064,0.0297,-0.0203,438,314,0.4059,0.291,-3.5156217360974464,-4.042965273988498,0.5273435378910518,WELD_FOUND
50.51,0.012274025580272113,0.17426098184338443,0.038413172856779774,-0.01386512169623555,0.0087,0.0064,0.0297,-0.0203,438,314,0.4059,0.291,-3.5156217360974464,-4.042965273988498,0.5273435378910518,WELD_FOUND
50.56,0.0,0.0,0.0,0.0,0.0225,0.0187,-0.0225,-0.0187,440,316,0.4078,0.2929,-3.5156217360974464,nan,nan,NO_WELD
50.61,0.0,0.0,0.0,0.0,0.0225,0.0187,-0.0225,-0.0187,440,316,0.4078,0.2929,-3.5156217360974464,nan,nan,NO_WELD
50.66,0.005946458574014798,0.05,0.013446458574014799,-0.0015535414259852014,0.0225,0.0187,-0.009,-0.0202,440,316,0.4078,0.2929,-6.328121600918977,-6.328121600918977,0.0,WELD_FOUND
50.71,0.005946458574014798,0.05,0.013446458574014799,-0.0015535414259852014,0.018,0.0149,-0.0045,-0.0165,440,316,0.4078,0.2929,-6.328121600918977,-6.328121600918977,0.0,WELD_FOUND
50.76,0.0,0.0,0.0,0.0,0.018,0.0149,-0.018,-0.0149,440,315,0.4078,0.2919,-6.328121600918977,nan,nan,NO_WELD
50.81,0.0,0.0,0.0,0.0,0.0144,0.0053,-0.0144,-0.0053,440,315,0.4078,0.2919,-6.328121600918977,nan,nan,NO_WELD
50.86,0.005,0.05,0.0125,-0.0024999999999999996,0.0144,0.0053,-0.0019,-0.0078,440,315,0.4078,0.2919,-6.6796842441042275,-6.6796842441042275,0.0,WELD_FOUND
50.91,0.005,0.05,0.0125,-0.0024999999999999996,0.0144,0.0053,-0.0019,-0.0078,440,315,0.4078,0.2919,-6.6796842441042275,-6.6796842441042275,0.0,WELD_FOUND
50.96,0.005,0.1,0.02,-0.009999999999999998,0.0115,0.0042,0.0085,-0.0142,440,315,0.4078,0.2919,-8.43749660625683,-7.55859042518053,-0.8789061810763013,WELD_FOUND
51.01,0.005,0.1,0.02,-0.009999999999999998,0.0115,0.0042,0.0085,-0.0142,440,315,0.4078,0.2919,-8.43749660625683,-7.55859042518053,-0.8789061810763013,WELD_FOUND
51.061,0.0,0.0,0.0,0.0,0.0115,0.0042,-0.0115,-0.0042,440,315,0.4078,0.2919,-8.43749660625683,nan,nan,NO_WELD
51.11,0.0,0.0,0.0,0.0,0.0092,0.0034,-0.0092,-0.0034,440,315,0.4078,0.2919,-8.43749660625683,nan,nan,NO_WELD
51.16,0.0,0.0,0.0,0.0,0.0092,0.0034,-0.0092,-0.0034,440,315,0.4078,0.2919,-8.43749660625683,nan,nan,NO_WELD
51.21,0.0,0.0,0.0,0.0,0.0074,0.0027,-0.0074,-0.0027,440,315,0.4078,0.2919,-8.43749660625683,nan,nan,NO_WELD
51.26,0.0,0.0,0.0,0.0,0.0074,0.0027,-0.0074,-0.0027,440,315,0.4078,0.2919,-8.43749660625683,nan,nan,NO_WELD
51.31,0.0,0.0,0.0,0.0,0.0074,0.0027,-0.0074,-0.0027,440,315,0.4078,0.2919,-8.43749660625683,nan,nan,NO_WELD
51.36,0.005,0.05,0.0125,-0.0024999999999999996,0.0059,0.0022,0.0066,-0.0047,440,315,0.4078,0.2919,-8.43749660625683,-8.43749660625683,0.0,WELD_FOUND
51.41,0.005,0.05,0.0125,-0.0024999999999999996,0.0059,0.0022,0.0066,-0.0047,440,315,0.4078,0.2919,-8.43749660625683,-8.43749660625683,0.0,WELD_FOUND
51.46,0.0,0.0,0.0,0.0,0.0059,0.0022,-0.0059,-0.0022,440,315,0.4078,0.2919,-8.43749660625683,nan,nan,NO_WELD
51.51,0.0,0.0,0.0,0.0,0.0047,0.0017,-0.0047,-0.0017,440,315,0.4078,0.2919,-8.43749660625683,nan,nan,NO_WELD
51.56,0.0,0.0,0.0,0.0,0.0047,0.0017,-0.0047,-0.0017,440,315,0.4078,0.2919,-8.43749660625683,nan,nan,NO_WELD
51.61,0.0,0.0,0.0,0.0,0.0038,0.0014,-0.0038,-0.0014,440,315,0.4078,0.2919,-8.43749660625683,nan,nan,NO_WELD
51.66,0.0,0.0,0.0,0.0,0.0038,0.0014,-0.0038,-0.0014,440,315,0.4078,0.2919,-8.43749660625683,nan,nan,NO_WELD
51.71,0.0,0.0,0.0,0.0,0.0038,0.0014,-0.0038,-0.0014,440,315,0.4078,0.2919,-8.43749660625683,nan,nan,NO_WELD
51.761,0.0,0.0,0.0,0.0,0.003,0.0011,-0.003,-0.0011,440,315,0.4078,0.2919,-7.382809530474727,nan,nan,NO_WELD
51.81,0.005,0.05,0.0125,-0.0024999999999999996,0.003,0.0011,0.0095,-0.0036,440,315,0.4078,0.2919,-7.382809530474727,-7.382809530474727,0.0,WELD_FOUND
51.86,0.0,0.0,0.0,0.0,0.003,0.0011,-0.003,-0.0011,440,315,0.4078,0.2919,-7.382809530474727,nan,nan,NO_WELD
51.91,0.0,0.0,0.0,0.0,0.0024,0.0,-0.0024,0.0,440,315,0.4078,0.2919,-7.382809530474727,nan,nan,NO_WELD
51.96,0.0,0.0,0.0,0.0,0.0024,0.0,-0.0024,0.0,440,315,0.4078,0.2919,-7.382809530474727,nan,nan,NO_WELD
52.01,0.0,0.0,0.0,0.0,0.0024,0.0,-0.0024,0.0,440,315,0.4078,0.2919,-7.382809530474727,nan,nan,NO_WELD
52.062,0.0,0.0,0.0,0.0,0.0019,0.0,-0.0019,0.0,440,315,0.4078,0.2919,-7.382809530474727,nan,nan,NO_WELD
52.11,0.0,0.0,0.0,0.0,0.0019,0.0,-0.0019,0.0,440,315,0.4078,0.2919,-7.382809530474727,nan,nan,NO_WELD
52.16,0.0,0.0,0.0,0.0,0.0019,0.0,-0.0019,0.0,440,315,0.4078,0.2919,-7.382809530474727,nan,nan,NO_WELD
52.21,0.0,0.0,0.0,0.0,0.0015,0.0,-0.0015,0.0,440,315,0.4078,0.2919,-7.382809530474727,nan,nan,NO_WELD
52.26,0.0,0.0,0.0,0.0,0.0015,0.0,-0.0015,0.0,440,315,0.4078,0.2919,-7.382809530474727,nan,nan,NO_WELD
52.31,0.0,0.0,0.0,0.0,0.0012,0.0,-0.0012,0.0,440,315,0.4078,0.2919,-7.382809530474727,nan,nan,NO_WELD
52.36,0.0,0.0,0.0,0.0,0.0012,0.0,-0.0012,0.0,440,315,0.4078,0.2919,-7.382809530474727,nan,nan,NO_WELD
52.41,0.0,0.0,0.0,0.0,0.0,0.0,0.0,0.0,440,315,0.4078,0.2919,-7.382809530474727,nan,nan,NO_WELD
52.46,0.0,0.0,0.0,0.0,0.0,0.0,0.0,0.0,440,315,0.4078,0.2919,-7.382809530474727,nan,nan,NO_WELD
52.51,0.0,0.0,0.0,0.0,0.0,0.0,0.0,0.0,440,315,0.4078,0.2919,-7.382809530474727,nan,nan,NO_WELD
52.56,0.0,0.0,0.0,0.0,0.0,0.0,0.0,0.0,440,315,0.4078,0.2919,-7.382809530474727,nan,nan,NO_WELD
52.61,0.0,0.0,0.0,0.0,0.0,0.0,0.0,0.0,440,315,0.4078,0.2919,-7.382809530474727,nan,nan,NO_WELD
52.66,0.0,0.0,0.0,0.0,0.0,0.0,0.0,0.0,440,315,0.4078,0.2919,-7.382809530474727,nan,nan,NO_WELD
52.71,0.0,0.0,0.0,0.0,0.0,0.0,0.0,0.0,440,315,0.4078,0.2919,-7.382809530474727,nan,nan,NO_WELD
52.76,0.0,0.0,0.0,0.0,0.0,0.0,0.0,0.0,440,315,0.4078,0.2919,-10.195308968409435,nan,nan,NO_WELD
52.81,0.0,0.0,0.0,0.0,0.0,0.0,0.0,0.0,440,315,0.4078,0.2919,-10.195308968409435,-10.195308968409435,0.0,WELD_FOUND
52.86,0.0,0.0,0.0,0.0,0.0,0.0,0.0,0.0,440,315,0.4078,0.2919,-10.195308968409435,nan,nan,WELD_FOUND
52.91,0.0,0.0,0.0,0.0,0.0,0.0,0.0,0.0,440,315,0.4078,0.2919,-10.195308968409435,nan,nan,NO_WELD
52.96,0.0,0.0,0.0,0.0,0.0,0.0,0.0,0.0,440,315,0.4078,0.2919,-10.195308968409435,nan,nan,NO_WELD
53.01,0.0,0.0,0.0,0.0,0.0,0.0,0.0,0.0,440,315,0.4078,0.2919,-10.195308968409435,nan,nan,NO_WELD
53.061,0.0,0.0,0.0,0.0,0.0,0.0,0.0,0.0,440,315,0.4078,0.2919,-10.195308968409435,nan,nan,NO_WELD
53.11,0.0,0.05,0.0075,-0.0075,0.0,0.0,0.0075,-0.0075,440,315,0.4078,0.2919,-13.00780926011779,-13.00780926011779,0.0,WELD_FOUND
53.16,0.0,0.05,0.0075,-0.0075,0.0,0.0,0.0075,-0.0075,440,315,0.4078,0.2919,-13.00780926011779,-13.00780926011779,0.0,WELD_FOUND
53.21,0.0,0.0,0.0,0.0,0.0,0.0,0.0,0.0,440,315,0.4078,0.2919,-13.00780926011779,nan,nan,NO_WELD
53.26,0.0,0.0,0.0,0.0,0.0,0.0,0.0,0.0,440,315,0.4078,0.2919,-13.00780926011779,nan,nan,NO_WELD
53.31,0.0,0.05,0.0075,-0.0075,0.0,0.0,0.0075,-0.0075,440,315,0.4078,0.2919,-12.304684827520935,-12.304684827520935,0.0,WELD_FOUND
53.36,0.0,0.05,0.0075,-0.0075,0.0,0.0,0.0075,-0.0075,440,315,0.4078,0.2919,-12.304684827520935,-12.304684827520935,0.0,WELD_FOUND
53.41,0.0,0.1,0.015,-0.015,0.0,0.0,0.015,-0.015,440,315,0.4078,0.2919,-12.65624661693254,-12.480465722226738,-0.17578089470580238,WELD_FOUND
53.46,0.0,0.1,0.015,-0.015,0.0,0.0,0.015,-0.015,440,315,0.4078,0.2919,-12.65624661693254,-12.480465722226738,-0.17578089470580238,WELD_FOUND
53.51,0.0,0.0,0.0,0.0,0.0,0.0,0.0,0.0,440,315,0.4078,0.2919,-12.65624661693254,nan,nan,NO_WELD
53.56,0.0,0.0,0.0,0.0,0.0,0.0,0.0,0.0,440,315,0.4078,0.2919,-12.65624661693254,nan,nan,NO_WELD
53.61,0.0,0.05,0.0075,-0.0075,0.0,0.0,0.0075,-0.0075,440,315,0.4078,0.2919,-10.546871611594685,-10.546871611594685,0.0,WELD_FOUND
53.66,0.0,0.05,0.0075,-0.0075,0.0,0.0,0.0075,-0.0075,440,315,0.4078,0.2919,-10.546871611594685,-10.546871611594685,0.0,WELD_FOUND
53.71,0.0,0.1,0.015,-0.015,0.0,0.0,0.015,-0.015,440,315,0.4078,0.2919,-10.195308968409435,-10.371090716888883,0.17578174847944794,WELD_FOUND
53.76,0.0,0.1,0.015,-0.015,0.0,0.0,0.015,-0.015,440,315,0.4078,0.2919,-10.195308968409435,-10.371090716888883,0.17578174847944794,WELD_FOUND
53.81,0.0,0.15000000000000002,0.022500000000000003,-0.022500000000000003,0.0,0.0,0.0225,-0.0225,440,315,0.4078,0.2919,-13.00780926011779,-10.546871611594685,-2.460937648523105,WELD_FOUND
53.86,0.0,0.15000000000000002,0.022500000000000003,-0.022500000000000003,0.0,0.0,0.0225,-0.0225,440,315,0.4078,0.2919,-13.00780926011779,-10.546871611594685,-2.460937648523105,WELD_FOUND
53.91,0.0,0.0,0.0,0.0,0.0,0.0,0.0,0.0,440,315,0.4078,0.2919,-13.00780926011779,nan,nan,NO_WELD
53.96,0.0,0.0,0.0,0.0,-0.0037,0.0,0.0037,0.0,439,315,0.4069,0.2919,-13.00780926011779,nan,nan,NO_WELD
54.01,0.0,0.05,0.0075,-0.0075,-0.0037,0.0,0.0112,-0.0075,439,315,0.4069,0.2919,-13.00780926011779,-13.00780926011779,0.0,WELD_FOUND
54.061,0.0,0.05,0.0075,-0.0075,-0.0037,0.0,0.0112,-0.0075,439,315,0.4069,0.2919,-13.00780926011779,-13.00780926011779,0.0,WELD_FOUND
54.11,0.0,0.1,0.015,-0.015,-0.003,0.0,0.018,-0.015,439,315,0.4069,0.2919,-13.00780926011779,-13.00780926011779,0.0,WELD_FOUND
54.16,0.0,0.1,0.015,-0.015,-0.003,0.0,0.018,-0.015,436,315,0.4041,0.2919,-13.00780926011779,-13.00780926011779,0.0,WELD_FOUND
54.21,0.0,0.0,0.0,0.0,-0.0129,0.0,0.0129,0.0,436,315,0.4041,0.2919,-13.00780926011779,nan,nan,NO_WELD
54.26,0.0,0.0,0.0,0.0,-0.0129,0.0,0.0129,0.0,436,315,0.4041,0.2919,-13.00780926011779,nan,nan,NO_WELD
54.31,0.0,0.0,0.0,0.0,-0.0129,0.0,0.0129,0.0,436,315,0.4041,0.2919,-13.00780926011779,nan,nan,NO_WELD
54.36,0.0,0.0,0.0,0.0,-0.0103,0.0,0.0103,0.0,436,315,0.4041,0.2919,-13.00780926011779,nan,nan,NO_WELD
54.41,0.0,0.0,0.0,0.0,-0.0103,0.0,0.0103,0.0,436,315,0.4041,0.2919,-13.00780926011779,nan,nan,NO_WELD
54.46,0.0,0.0,0.0,0.0,-0.0083,0.0,0.0083,0.0,436,315,0.4041,0.2919,-13.00780926011779,nan,nan,NO_WELD
54.51,0.0,0.0,0.0,0.0,-0.0083,0.0,0.0083,0.0,436,315,0.4041,0.2919,-13.00780926011779,nan,nan,NO_WELD
54.56,0.0,0.0,0.0,0.0,-0.0083,0.0,0.0083,0.0,436,315,0.4041,0.2919,-13.00780926011779,nan,nan,NO_WELD
54.61,0.0,0.05,0.0075,-0.0075,-0.0066,0.0,0.0141,-0.0075,436,315,0.4041,0.2919,-12.65624661693254,-12.65624661693254,0.0,WELD_FOUND
54.66,0.0,0.05,0.0075,-0.0075,-0.0066,0.0,0.0141,-0.0075,436,315,0.4041,0.2919,-12.65624661693254,-12.65624661693254,0.0,WELD_FOUND
54.71,0.0,0.0,0.0,0.0,-0.0053,0.0,0.0053,0.0,436,315,0.4041,0.2919,-12.65624661693254,nan,nan,NO_WELD
54.76,0.0,0.0,0.0,0.0,-0.0053,0.0,0.0053,0.0,436,315,0.4041,0.2919,-12.65624661693254,nan,nan,NO_WELD
54.81,0.0,0.0,0.0,0.0,-0.0053,0.0,0.0053,0.0,436,315,0.4041,0.2919,-12.65624661693254,nan,nan,NO_WELD
54.86,0.0,0.0,0.0,0.0,-0.0042,0.0,0.0042,0.0,436,315,0.4041,0.2919,-12.65624661693254,nan,nan,NO_WELD
54.91,0.0,0.0,0.0,0.0,-0.0042,0.0,0.0042,0.0,436,315,0.4041,0.2919,-12.65624661693254,nan,nan,NO_WELD
54.96,0.0,0.0,0.0,0.0,-0.0042,0.0,0.0042,0.0,436,315,0.4041,0.2919,-12.65624661693254,nan,nan,NO_WELD
55.01,0.0,0.05,0.0075,-0.0075,-0.0034,0.0,0.0109,-0.0075,436,315,0.4041,0.2919,-13.35937190330304,-13.35937190330304,0.0,WELD_FOUND
55.061,0.0,0.05,0.0075,-0.0075,-0.0034,0.0,0.0109,-0.0075,436,315,0.4041,0.2919,-13.35937190330304,-13.35937190330304,0.0,WELD_FOUND
55.11,0.0,0.0,0.0,0.0,-0.0027,0.0,0.0027,0.0,436,315,0.4041,0.2919,-13.35937190330304,nan,nan,NO_WELD
55.16,0.0,0.0,0.0,0.0,-0.0027,0.0,0.0027,0.0,436,315,0.4041,0.2919,-13.35937190330304,nan,nan,NO_WELD
55.21,0.0,0.0,0.0,0.0,-0.0027,0.0,0.0027,0.0,436,315,0.4041,0.2919,-13.35937190330304,nan,nan,NO_WELD
55.26,0.0,0.0,0.0,0.0,-0.0022,0.0,0.0022,0.0,436,315,0.4041,0.2919,-13.35937190330304,nan,nan,NO_WELD
55.31,0.0,0.0,0.0,0.0,-0.0022,0.0,0.0022,0.0,436,315,0.4041,0.2919,-13.35937190330304,nan,nan,NO_WELD
55.36,0.0,0.0,0.0,0.0,-0.0022,0.0,0.0022,0.0,436,315,0.4041,0.2919,-13.35937190330304,nan,nan,NO_WELD
55.41,0.0,0.0,0.0,0.0,-0.0017,0.0,0.0017,0.0,436,315,0.4041,0.2919,-13.35937190330304,nan,nan,NO_WELD
55.46,0.0,0.0,0.0,0.0,-0.0017,0.0,0.0017,0.0,436,315,0.4041,0.2919,-13.35937190330304,nan,nan,NO_WELD
55.51,0.0,0.0,0.0,0.0,-0.0014,0.0,0.0014,0.0,436,315,0.4041,0.2919,-13.35937190330304,nan,nan,NO_WELD
55.56,0.0,0.0,0.0,0.0,-0.0014,0.0,0.0014,0.0,436,315,0.4041,0.2919,-13.35937190330304,nan,nan,NO_WELD
55.61,0.0,0.0,0.0,0.0,-0.0011,0.0,0.0011,0.0,436,315,0.4041,0.2919,-13.35937190330304,nan,nan,NO_WELD
55.66,0.0,0.0,0.0,0.0,-0.0011,0.0,0.0011,0.0,436,315,0.4041,0.2919,-13.35937190330304,nan,nan,NO_WELD
55.71,0.0,0.0,0.0,0.0,-0.0011,0.0,0.0011,0.0,436,315,0.4041,0.2919,-13.35937190330304,nan,nan,NO_WELD
55.76,0.0,0.0,0.0,0.0,0.0,0.0,0.0,0.0,436,315,0.4041,0.2919,-13.35937190330304,nan,nan,NO_WELD
55.81,0.0,0.0,0.0,0.0,0.0,0.0,0.0,0.0,436,315,0.4041,0.2919,-13.35937190330304,nan,nan,NO_WELD
55.86,0.0,0.0,0.0,0.0,0.0,0.0,0.0,0.0,436,315,0.4041,0.2919,-13.35937190330304,nan,nan,NO_WELD
55.91,0.0,0.0,0.0,0.0,0.0,0.0,0.0,0.0,436,315,0.4041,0.2919,-13.35937190330304,nan,nan,NO_WELD
55.96,0.0,0.0,0.0,0.0,0.0,0.0,0.0,0.0,436,315,0.4041,0.2919,-13.35937190330304,nan,nan,NO_WELD
56.01,0.0,0.0,0.0,0.0,0.0,0.0,0.0,0.0,436,315,0.4041,0.2919,-13.35937190330304,nan,nan,NO_WELD
56.061,0.0,0.0,0.0,0.0,0.0,0.0,0.0,0.0,436,315,0.4041,0.2919,-13.35937190330304,nan,nan,NO_WELD
56.11,0.0,0.0,0.0,0.0,0.0,0.0,0.0,0.0,436,315,0.4041,0.2919,-3.5156217360974464,nan,nan,NO_WELD
56.16,0.0,0.0,0.0,0.0,0.0,0.0,0.0,0.0,436,315,0.4041,0.2919,-3.5156217360974464,nan,nan,NO_WELD
56.21,0.0,0.0,0.0,0.0,0.0,0.0,0.0,0.0,436,315,0.4041,0.2919,2.109378420432439,nan,nan,NO_WELD
56.26,0.0,0.0,0.0,0.0,0.0,0.0,0.0,0.0,436,315,0.4041,0.2919,2.109378420432439,nan,nan,NO_WELD
56.31,0.0,0.0,0.0,0.0,0.0,0.0,0.0,0.0,436,315,0.4041,0.2919,-18.632808989760854,nan,nan,NO_WELD
56.36,0.0,0.0,0.0,0.0,0.0,0.0,0.0,0.0,436,315,0.4041,0.2919,-18.632808989760854,nan,nan,NO_WELD
56.41,0.0,0.0,0.0,0.0,0.0,0.0,0.0,0.0,436,315,0.4041,0.2919,-4.218746595581123,nan,nan,NO_WELD
56.46,0.0,0.0,0.0,0.0,0.0,0.0,0.0,0.0,436,315,0.4041,0.2919,-4.218746595581123,nan,nan,NO_WELD
56.51,0.0,0.0,0.0,0.0,0.0,0.0,0.0,0.0,436,315,0.4041,0.2919,-4.570309238766374,nan,nan,NO_WELD
56.56,0.0,0.0,0.0,0.0,0.0,0.0,0.0,0.0,436,315,0.4041,0.2919,-4.570309238766374,nan,nan,NO_WELD
56.61,0.0,0.0,0.0,0.0,0.0,0.0,0.0,0.0,436,315,0.4041,0.2919,1.7578159906906006,nan,nan,NO_WELD
56.66,0.0,0.0,0.0,0.0,0.0,0.0,0.0,0.0,436,315,0.4041,0.2919,1.7578159906906006,nan,nan,NO_WELD
56.71,0.0,0.0,0.0,0.0,0.0,0.0,0.0,0.0,436,315,0.4041,0.2919,-3.5156217360974464,nan,nan,NO_WELD
56.76,0.0,0.0,0.0,0.0,0.0,0.0,0.0,0.0,436,315,0.4041,0.2919,-3.5156217360974464,nan,nan,NO_WELD
56.81,0.0,0.0,0.0,0.0,0.0,0.0,0.0,0.0,436,315,0.4041,0.2919,-3.5156217360974464,nan,nan,NO_WELD
56.86,0.0,0.0,0.0,0.0,0.0,0.0,0.0,0.0,436,315,0.4041,0.2919,-3.5156217360974464,nan,nan,NO_WELD
56.91,0.0,0.0,0.0,0.0,0.0,0.0,0.0,0.0,436,315,0.4041,0.2919,3.8671912094718666,nan,nan,NO_WELD
56.96,0.0,0.0,0.0,0.0,0.0,0.0,0.0,0.0,436,315,0.4041,0.2919,3.8671912094718666,nan,nan,NO_WELD
57.01,0.0,0.0,0.0,0.0,0.0,0.0,0.0,0.0,436,315,0.4041,0.2919,-13.35937190330304,nan,nan,NO_WELD
57.061,0.0,0.0,0.0,0.0,0.0,0.0,0.0,0.0,436,315,0.4041,0.2919,-13.35937190330304,nan,nan,NO_WELD
57.11,0.0,0.0,0.0,0.0,0.0,0.0,0.0,0.0,436,315,0.4041,0.2919,-12.65624661693254,nan,nan,NO_WELD
57.16,0.0,0.0,0.0,0.0,0.0,0.0,0.0,0.0,436,315,0.4041,0.2919,-12.65624661693254,nan,nan,NO_WELD
57.21,0.0,0.0,0.0,0.0,0.0,0.0,0.0,0.0,436,315,0.4041,0.2919,-3.5156217360974464,nan,nan,NO_WELD
57.26,0.0,0.0,0.0,0.0,0.0,0.0,0.0,0.0,436,315,0.4041,0.2919,-3.5156217360974464,nan,nan,NO_WELD
57.31,0.0,0.0,0.0,0.0,0.0,0.0,0.0,0.0,436,315,0.4041,0.2919,3.8671912094718666,nan,nan,NO_WELD
57.36,0.0,0.0,0.0,0.0,0.0,0.0,0.0,0.0,436,315,0.4041,0.2919,3.8671912094718666,nan,nan,NO_WELD
57.41,0.0,0.0,0.0,0.0,0.0,0.0,0.0,0.0,436,315,0.4041,0.2919,-18.98437248671975,nan,nan,NO_WELD
57.46,0.0,0.0,0.0,0.0,0.0,0.0,0.0,0.0,436,315,0.4041,0.2919,-18.98437248671975,nan,nan,NO_WELD
57.51,0.0,0.0,0.0,0.0,0.0,0.0,0.0,0.0,436,315,0.4041,0.2919,6.679691074293397,nan,nan,NO_WELD
57.56,0.0,0.0,0.0,0.0,0.0,0.0,0.0,0.0,436,315,0.4041,0.2919,6.679691074293397,nan,nan,NO_WELD
57.61,0.0,0.0,0.0,0.0,0.0,0.0,0.0,0.0,436,315,0.4041,0.2919,-2.8124966631703576,nan,nan,NO_WELD
57.66,0.0,0.0,0.0,0.0,0.0,0.0,0.0,0.0,436,315,0.4041,0.2919,-2.8124966631703576,nan,nan,NO_WELD
57.71,0.0,0.0,0.0,0.0,0.0,0.0,0.0,0.0,436,315,0.4041,0.2919,-3.8671843792826963,nan,nan,NO_WELD
57.76,0.0,0.0,0.0,0.0,0.0,0.0,0.0,0.0,436,315,0.4041,0.2919,-3.8671843792826963,nan,nan,NO_WELD
57.81,0.0,0.0,0.0,0.0,0.0,0.0,0.0,0.0,436,315,0.4041,0.2919,3.8671912094718666,nan,nan,NO_WELD
57.86,0.0,0.0,0.0,0.0,0.0,0.0,0.0,0.0,436,315,0.4041,0.2919,3.8671912094718666,nan,nan,NO_WELD
57.91,0.0,0.0,0.0,0.0,0.0,0.0,0.0,0.0,436,315,0.4041,0.2919,-6.6796842441042275,nan,nan,NO_WELD
57.96,0.0,0.0,0.0,0.0,0.0,0.0,0.0,0.0,436,315,0.4041,0.2919,-6.6796842441042275,nan,nan,NO_WELD
58.01,0.0,0.0,0.0,0.0,0.0,0.0,0.0,0.0,436,315,0.4041,0.2919,-1.4062466240378864,nan,nan,NO_WELD
58.061,0.0,0.0,0.0,0.0,0.0,0.0,0.0,0.0,436,315,0.4041,0.2919,-1.4062466240378864,nan,nan,NO_WELD
58.11,0.0,0.0,0.0,0.0,0.0,0.0,0.0,0.0,436,315,0.4041,0.2919,-3.5156217360974464,nan,nan,NO_WELD
58.16,0.0,0.0,0.0,0.0,0.0,0.0,0.0,0.0,436,315,0.4041,0.2919,-3.5156217360974464,nan,nan,NO_WELD
58.21,0.0,0.0,0.0,0.0,0.0,0.0,0.0,0.0,436,315,0.4041,0.2919,-3.5156217360974464,nan,nan,NO_WELD
58.26,0.0,0.0,0.0,0.0,0.0,0.0,0.0,0.0,436,315,0.4041,0.2919,-3.5156217360974464,nan,nan,NO_WELD
58.31,0.0,0.0,0.0,0.0,0.0,0.0,0.0,0.0,436,315,0.4041,0.2919,3.5156285662866162,nan,nan,NO_WELD
58.36,0.0,0.0,0.0,0.0,0.0,0.0,0.0,0.0,436,315,0.4041,0.2919,3.5156285662866162,nan,nan,NO_WELD
58.41,0.0,0.0,0.0,0.0,0.0,0.0,0.0,0.0,436,315,0.4041,0.2919,3.5156285662866162,nan,nan,NO_WELD
58.46,0.0,0.0,0.0,0.0,0.0,0.0,0.0,0.0,436,315,0.4041,0.2919,3.5156285662866162,nan,nan,NO_WELD
58.51,0.0,0.0,0.0,0.0,0.0,0.0,0.0,0.0,436,315,0.4041,0.2919,3.5156285662866162,nan,nan,NO_WELD
58.56,0.0,0.0,0.0,0.0,0.0,0.0,0.0,0.0,436,315,0.4041,0.2919,3.5156285662866162,nan,nan,NO_WELD
58.61,0.0,0.0,0.0,0.0,0.0,0.0,0.0,0.0,436,315,0.4041,0.2919,0.7031284346608206,nan,nan,NO_WELD
58.66,0.0,0.0,0.0,0.0,0.0,0.0,0.0,0.0,436,315,0.4041,0.2919,0.7031284346608206,nan,nan,NO_WELD
58.71,0.0,0.0,0.0,0.0,0.0,0.0,0.0,0.0,436,315,0.4041,0.2919,-8.789059249442081,nan,nan,NO_WELD
58.76,0.0,0.0,0.0,0.0,0.0,0.0,0.0,0.0,436,315,0.4041,0.2919,-8.789059249442081,nan,nan,NO_WELD
58.81,0.0,0.0,0.0,0.0,0.0,0.0,0.0,0.0,436,315,0.4041,0.2919,-7.031246887289478,nan,nan,NO_WELD
58.86,0.0,0.0,0.0,0.0,0.0,0.0,0.0,0.0,436,315,0.4041,0.2919,-7.031246887289478,nan,nan,NO_WELD
58.91,0.0,0.0,0.0,0.0,0.0,0.0,0.0,0.0,436,315,0.4041,0.2919,-6.328121600918977,nan,nan,NO_WELD
58.96,0.0,0.0,0.0,0.0,0.0,0.0,0.0,0.0,436,315,0.4041,0.2919,-6.328121600918977,nan,nan,NO_WELD
59.01,0.0,0.0,0.0,0.0,0.0,0.0,0.0,0.0,436,315,0.4041,0.2919,7.382816360663898,nan,nan,NO_WELD
59.061,0.0,0.0,0.0,0.0,0.0,0.0,0.0,0.0,436,315,0.4041,0.2919,7.382816360663898,nan,nan,NO_WELD
59.11,0.0,0.0,0.0,0.0,0.0,0.0,0.0,0.0,436,315,0.4041,0.2919,5.97656621480972,nan,nan,NO_WELD
59.16,0.0,0.0,0.0,0.0,0.0,0.0,0.0,0.0,436,315,0.4041,0.2919,5.97656621480972,nan,nan,NO_WELD
59.21,0.0,0.0,0.0,0.0,0.0,0.0,0.0,0.0,436,315,0.4041,0.2919,4.218753425770293,nan,nan,NO_WELD
59.26,0.0,0.0,0.0,0.0,0.0,0.0,0.0,0.0,436,315,0.4041,0.2919,4.218753425770293,nan,nan,NO_WELD
59.31,0.0,0.0,0.0,0.0,0.0,0.0,0.0,0.0,436,315,0.4041,0.2919,-19.33593427613135,nan,nan,NO_WELD
59.36,0.0,0.0,0.0,0.0,0.0,0.0,0.0,0.0,436,315,0.4041,0.2919,-19.33593427613135,nan,nan,NO_WELD
59.41,0.0,0.0,0.0,0.0,0.0,0.0,0.0,0.0,436,315,0.4041,0.2919,7.382816360663898,nan,nan,NO_WELD
59.46,0.0,0.0,0.0,0.0,0.0,0.0,0.0,0.0,436,315,0.4041,0.2919,7.382816360663898,nan,nan,NO_WELD
59.51,0.0,0.0,0.0,0.0,0.0,0.0,0.0,0.0,436,315,0.4041,0.2919,-18.632808989760854,nan,nan,NO_WELD
59.56,0.0,0.0,0.0,0.0,0.0,0.0,0.0,0.0,436,315,0.4041,0.2919,-18.632808989760854,nan,nan,NO_WELD
59.61,0.0,0.0,0.0,0.0,0.0,0.0,0.0,0.0,436,315,0.4041,0.2919,-3.5156217360974464,nan,nan,NO_WELD
59.66,0.0,0.0,0.0,0.0,0.0,0.0,0.0,0.0,436,315,0.4041,0.2919,-3.5156217360974464,nan,nan,NO_WELD
59.71,0.0,0.0,0.0,0.0,0.0,0.0,0.0,0.0,436,315,0.4041,0.2919,-7.031246887289478,nan,nan,NO_WELD
59.76,0.0,0.0,0.0,0.0,0.0,0.0,0.0,0.0,436,315,0.4041,0.2919,-7.031246887289478,nan,nan,NO_WELD
59.81,0.0,0.0,0.0,0.0,0.0,0.0,0.0,0.0,436,315,0.4041,0.2919,-9.492184535812582,nan,nan,NO_WELD
59.86,0.0,0.0,0.0,0.0,0.0,0.0,0.0,0.0,436,315,0.4041,0.2919,-9.492184535812582,nan,nan,NO_WELD
59.91,0.0,0.0,0.0,0.0,0.0,0.0,0.0,0.0,436,315,0.4041,0.2919,-6.328121600918977,nan,nan,NO_WELD
59.96,0.0,0.0,0.0,0.0,0.0,0.0,0.0,0.0,436,315,0.4041,0.2919,-6.328121600918977,nan,nan,NO_WELD
60.01,0.0,0.0,0.0,0.0,0.0,0.0,0.0,0.0,436,315,0.4041,0.2919,6.328128431108148,nan,nan,NO_WELD
60.061,0.0,0.0,0.0,0.0,0.0,0.0,0.0,0.0,436,315,0.4041,0.2919,6.328128431108148,nan,nan,NO_WELD
60.11,0.0,0.0,0.0,0.0,0.0,0.0,0.0,0.0,436,315,0.4041,0.2919,12.304691657710107,nan,nan,NO_WELD
60.16,0.0,0.0,0.0,0.0,0.0,0.0,0.0,0.0,436,315,0.4041,0.2919,12.304691657710107,nan,nan,NO_WELD
60.21,0.0,0.0,0.0,0.0,0.0,0.0,0.0,0.0,436,315,0.4041,0.2919,-8.085933963071582,nan,nan,NO_WELD
60.26,0.0,0.0,0.0,0.0,0.0,0.0,0.0,0.0,436,315,0.4041,0.2919,-8.085933963071582,nan,nan,NO_WELD
60.31,0.0,0.0,0.0,0.0,0.0,0.0,0.0,0.0,436,315,0.4041,0.2919,1.4062534542270564,nan,nan,NO_WELD
60.36,0.0,0.0,0.0,0.0,0.0,0.0,0.0,0.0,436,315,0.4041,0.2919,1.4062534542270564,nan,nan,NO_WELD
60.41,0.0,0.0,0.0,0.0,0.0,0.0,0.0,0.0,436,315,0.4041,0.2919,-2.8124966631703576,nan,nan,NO_WELD
60.46,0.0,0.0,0.0,0.0,0.0,0.0,0.0,0.0,436,315,0.4041,0.2919,-2.8124966631703576,nan,nan,NO_WELD
60.51,0.0,0.0,0.0,0.0,0.0,0.0,0.0,0.0,436,315,0.4041,0.2919,-3.5156217360974464,nan,nan,NO_WELD
60.56,0.0,0.0,0.0,0.0,0.0,0.0,0.0,0.0,436,315,0.4041,0.2919,-3.5156217360974464,nan,nan,NO_WELD
60.61,0.0,0.0,0.0,0.0,0.0,0.0,0.0,0.0,436,315,0.4041,0.2919,5.97656621480972,nan,nan,NO_WELD
60.66,0.0,0.0,0.0,0.0,0.0,0.0,0.0,0.0,436,315,0.4041,0.2919,5.97656621480972,nan,nan,NO_WELD
60.71,0.0,0.0,0.0,0.0,0.0,0.0,0.0,0.0,436,315,0.4041,0.2919,6.679691074293397,nan,nan,NO_WELD
60.76,0.0,0.0,0.0,0.0,0.0,0.0,0.0,0.0,436,315,0.4041,0.2919,6.679691074293397,nan,nan,NO_WELD
60.81,0.0,0.0,0.0,0.0,0.0,0.0,0.0,0.0,436,315,0.4041,0.2919,1.4062534542270564,nan,nan,NO_WELD
60.86,0.0,0.0,0.0,0.0,0.0,0.0,0.0,0.0,436,315,0.4041,0.2919,1.4062534542270564,nan,nan,NO_WELD
60.91,0.0,0.0,0.0,0.0,0.0,0.0,0.0,0.0,436,315,0.4041,0.2919,-4.218746595581123,nan,nan,NO_WELD
60.96,0.0,0.0,0.0,0.0,0.0,0.0,0.0,0.0,436,315,0.4041,0.2919,-4.218746595581123,nan,nan,NO_WELD
61.01,0.0,0.0,0.0,0.0,0.0,0.0,0.0,0.0,436,315,0.4041,0.2919,1.7578159906906006,nan,nan,NO_WELD
61.061,0.0,0.0,0.0,0.0,0.0,0.0,0.0,0.0,436,315,0.4041,0.2919,1.7578159906906006,nan,nan,NO_WELD
61.11,0.0,0.0,0.0,0.0,0.0,0.0,0.0,0.0,436,315,0.4041,0.2919,1.7578159906906006,nan,nan,NO_WELD
61.16,0.0,0.0,0.0,0.0,0.0,0.0,0.0,0.0,436,315,0.4041,0.2919,1.7578159906906006,nan,nan,NO_WELD
61.21,0.0,0.0,0.0,0.0,0.0,0.0,0.0,0.0,436,315,0.4041,0.2919,-4.218746595581123,nan,nan,NO_WELD
61.26,0.0,0.0,0.0,0.0,0.0,0.0,0.0,0.0,436,315,0.4041,0.2919,-4.218746595581123,nan,nan,NO_WELD
61.31,0.0,0.0,0.0,0.0,0.0,0.0,0.0,0.0,436,315,0.4041,0.2919,4.5703160689555435,nan,nan,NO_WELD
61.36,0.0,0.0,0.0,0.0,0.0,0.0,0.0,0.0,436,315,0.4041,0.2919,4.5703160689555435,nan,nan,NO_WELD
61.41,0.0,0.0,0.0,0.0,0.0,0.0,0.0,0.0,436,315,0.4041,0.2919,-3.5156217360974464,nan,nan,NO_WELD
61.46,0.0,0.0,0.0,0.0,0.0,0.0,0.0,0.0,436,315,0.4041,0.2919,-3.5156217360974464,nan,nan,NO_WELD
61.51,0.0,0.0,0.0,0.0,0.0,0.0,0.0,0.0,436,315,0.4041,0.2919,6.328128431108148,nan,nan,NO_WELD
61.56,0.0,0.0,0.0,0.0,0.0,0.0,0.0,0.0,436,315,0.4041,0.2919,6.328128431108148,nan,nan,NO_WELD
61.61,0.0,0.0,0.0,0.0,0.0,0.0,0.0,0.0,436,315,0.4041,0.2919,6.679691074293397,nan,nan,NO_WELD
61.66,0.0,0.0,0.0,0.0,0.0,0.0,0.0,0.0,436,315,0.4041,0.2919,6.679691074293397,nan,nan,NO_WELD
61.71,0.0,0.0,0.0,0.0,0.0,0.0,0.0,0.0,436,315,0.4041,0.2919,-3.8671843792826963,nan,nan,NO_WELD
61.76,0.0,0.0,0.0,0.0,0.0,0.0,0.0,0.0,436,315,0.4041,0.2919,-3.8671843792826963,nan,nan,NO_WELD
61.81,0.0,0.0,0.0,0.0,0.0,0.0,0.0,0.0,436,315,0.4041,0.2919,2.812503493359528,nan,nan,NO_WELD
61.86,0.0,0.0,0.0,0.0,0.0,0.0,0.0,0.0,436,315,0.4041,0.2919,2.812503493359528,nan,nan,NO_WELD
61.91,0.0,0.0,0.0,0.0,0.0,0.0,0.0,0.0,436,315,0.4041,0.2919,-7.031246887289478,nan,nan,NO_WELD
61.96,0.0,0.0,0.0,0.0,0.0,0.0,0.0,0.0,436,315,0.4041,0.2919,-7.031246887289478,nan,nan,NO_WELD
62.01,0.0,0.0,0.0,0.0,0.0,0.0,0.0,0.0,436,315,0.4041,0.2919,9.843754009187002,nan,nan,NO_WELD
62.061,0.0,0.0,0.0,0.0,0.0,0.0,0.0,0.0,436,315,0.4041,0.2919,9.843754009187002,nan,nan,NO_WELD
62.11,0.0,0.0,0.0,0.0,0.0,0.0,0.0,0.0,436,315,0.4041,0.2919,4.218753425770293,nan,nan,NO_WELD
62.16,0.0,0.0,0.0,0.0,0.0,0.0,0.0,0.0,436,315,0.4041,0.2919,4.218753425770293,nan,nan,NO_WELD
62.21,0.0,0.0,0.0,0.0,0.0,0.0,0.0,0.0,436,315,0.4041,0.2919,3.5156285662866162,nan,nan,NO_WELD
62.26,0.0,0.0,0.0,0.0,0.0,0.0,0.0,0.0,436,315,0.4041,0.2919,3.5156285662866162,nan,nan,NO_WELD
62.31,0.0,0.0,0.0,0.0,0.0,0.0,0.0,0.0,436,315,0.4041,0.2919,-4.921871881951623,nan,nan,NO_WELD
62.36,0.0,0.0,0.0,0.0,0.0,0.0,0.0,0.0,436,315,0.4041,0.2919,-4.921871881951623,nan,nan,NO_WELD
62.41,0.0,0.0,0.0,0.0,0.0,0.0,0.0,0.0,436,315,0.4041,0.2919,4.218753425770293,nan,nan,NO_WELD
62.46,0.0,0.0,0.0,0.0,0.0,0.0,0.0,0.0,436,315,0.4041,0.2919,4.218753425770293,nan,nan,NO_WELD
62.51,0.0,0.0,0.0,0.0,0.0,0.0,0.0,0.0,436,315,0.4041,0.2919,-3.5156217360974464,nan,nan,NO_WELD
62.56,0.0,0.0,0.0,0.0,0.0,0.0,0.0,0.0,436,315,0.4041,0.2919,-3.5156217360974464,nan,nan,NO_WELD
62.61,0.0,0.0,0.0,0.0,0.0,0.0,0.0,0.0,436,315,0.4041,0.2919,5.97656621480972,nan,nan,NO_WELD
62.66,0.0,0.0,0.0,0.0,0.0,0.0,0.0,0.0,436,315,0.4041,0.2919,5.97656621480972,nan,nan,NO_WELD
62.71,0.0,0.0,0.0,0.0,0.0,0.0,0.0,0.0,436,315,0.4041,0.2919,6.679691074293397,nan,nan,NO_WELD
62.76,0.0,0.0,0.0,0.0,0.0,0.0,0.0,0.0,436,315,0.4041,0.2919,6.679691074293397,nan,nan,NO_WELD
62.81,0.0,0.0,0.0,0.0,0.0,0.0,0.0,0.0,436,315,0.4041,0.2919,-3.8671843792826963,nan,nan,NO_WELD
62.86,0.0,0.0,0.0,0.0,0.0,0.0,0.0,0.0,436,315,0.4041,0.2919,-3.8671843792826963,nan,nan,NO_WELD
62.91,0.0,0.0,0.0,0.0,0.0,0.0,0.0,0.0,436,315,0.4041,0.2919,-9.492184535812582,nan,nan,NO_WELD
62.96,0.0,0.0,0.0,0.0,0.0,0.0,0.0,0.0,436,315,0.4041,0.2919,-9.492184535812582,nan,nan,NO_WELD
63.01,0.0,0.0,0.0,0.0,0.0,0.0,0.0,0.0,436,315,0.4041,0.2919,1.4062534542270564,nan,nan,NO_WELD
63.061,0.0,0.0,0.0,0.0,0.0,0.0,0.0,0.0,436,315,0.4041,0.2919,1.4062534542270564,nan,nan,NO_WELD
63.11,0.0,0.0,0.0,0.0,0.0,0.0,0.0,0.0,436,315,0.4041,0.2919,-6.328121600918977,nan,nan,NO_WELD
63.16,0.0,0.0,0.0,0.0,0.0,0.0,0.0,0.0,436,315,0.4041,0.2919,-6.328121600918977,nan,nan,NO_WELD
63.21,0.0,0.0,0.0,0.0,0.0,0.0,0.0,0.0,436,315,0.4041,0.2919,-6.328121600918977,nan,nan,NO_WELD
63.26,0.0,0.0,0.0,0.0,0.0,0.0,0.0,0.0,436,315,0.4041,0.2919,-6.328121600918977,nan,nan,NO_WELD
63.31,0.0,0.0,0.0,0.0,0.0,0.0,0.0,0.0,436,315,0.4041,0.2919,-3.5156217360974464,nan,nan,NO_WELD
63.36,0.0,0.0,0.0,0.0,0.0,0.0,0.0,0.0,436,315,0.4041,0.2919,-3.5156217360974464,nan,nan,NO_WELD
63.41,0.0,0.0,0.0,0.0,0.0,0.0,0.0,0.0,436,315,0.4041,0.2919,-3.8671843792826963,nan,nan,NO_WELD
63.46,0.0,0.0,0.0,0.0,0.0,0.0,0.0,0.0,436,315,0.4041,0.2919,-3.8671843792826963,nan,nan,NO_WELD
63.51,0.0,0.0,0.0,0.0,0.0,0.0,0.0,0.0,436,315,0.4041,0.2919,5.625003571624471,nan,nan,NO_WELD
63.56,0.0,0.0,0.0,0.0,0.0,0.0,0.0,0.0,436,315,0.4041,0.2919,5.625003571624471,nan,nan,NO_WELD
63.61,0.0,0.0,0.0,0.0,0.0,0.0,0.0,0.0,436,315,0.4041,0.2919,1.054690917763512,nan,nan,NO_WELD
63.66,0.0,0.0,0.0,0.0,0.0,0.0,0.0,0.0,436,315,0.4041,0.2919,1.054690917763512,nan,nan,NO_WELD
63.71,0.0,0.0,0.0,0.0,0.0,0.0,0.0,0.0,436,315,0.4041,0.2919,3.1640659231013664,nan,nan,NO_WELD
63.76,0.0,0.0,0.0,0.0,0.0,0.0,0.0,0.0,436,315,0.4041,0.2919,3.1640659231013664,nan,nan,NO_WELD
63.81,0.0,0.0,0.0,0.0,0.0,0.0,0.0,0.0,436,315,0.4041,0.2919,-3.5156217360974464,nan,nan,NO_WELD
63.86,0.0,0.0,0.0,0.0,0.0,0.0,0.0,0.0,436,315,0.4041,0.2919,-3.5156217360974464,nan,nan,NO_WELD
63.91,0.0,0.0,0.0,0.0,0.0,0.0,0.0,0.0,436,315,0.4041,0.2919,-8.085933963071582,nan,nan,NO_WELD
63.96,0.0,0.0,0.0,0.0,0.0,0.0,0.0,0.0,436,315,0.4041,0.2919,-8.085933963071582,nan,nan,NO_WELD
64.01,0.0,0.0,0.0,0.0,0.0,0.0,0.0,0.0,436,315,0.4041,0.2919,7.031253717478648,nan,nan,NO_WELD
64.061,0.0,0.0,0.0,0.0,0.0,0.0,0.0,0.0,436,315,0.4041,0.2919,7.031253717478648,nan,nan,NO_WELD
64.11,0.0,0.0,0.0,0.0,0.0,0.0,0.0,0.0,436,315,0.4041,0.2919,-4.218746595581123,nan,nan,NO_WELD
64.16,0.0,0.0,0.0,0.0,0.0,0.0,0.0,0.0,436,315,0.4041,0.2919,-4.218746595581123,nan,nan,NO_WELD
64.21,0.0,0.0,0.0,0.0,0.0,0.0,0.0,0.0,436,315,0.4041,0.2919,-3.164059092912196,nan,nan,NO_WELD
64.26,0.0,0.0,0.0,0.0,0.0,0.0,0.0,0.0,436,315,0.4041,0.2919,-3.164059092912196,nan,nan,NO_WELD
64.31,0.0,0.0,0.0,0.0,0.0,0.0,0.0,0.0,436,315,0.4041,0.2919,-8.085933963071582,nan,nan,NO_WELD
64.36,0.0,0.0,0.0,0.0,0.0,0.0,0.0,0.0,436,315,0.4041,0.2919,-8.085933963071582,nan,nan,NO_WELD
64.41,0.0,0.0,0.0,0.0,0.0,0.0,0.0,0.0,436,315,0.4041,0.2919,-8.085933963071582,nan,nan,NO_WELD
64.46,0.0,0.0,0.0,0.0,0.0,0.0,0.0,0.0,436,315,0.4041,0.2919,-8.085933963071582,nan,nan,NO_WELD
64.51,0.0,0.0,0.0,0.0,0.0,0.0,0.0,0.0,436,315,0.4041,0.2919,-3.5156217360974464,nan,nan,NO_WELD
64.56,0.0,0.0,0.0,0.0,0.0,0.0,0.0,0.0,436,315,0.4041,0.2919,-3.5156217360974464,nan,nan,NO_WELD
64.61,0.0,0.0,0.0,0.0,0.0,0.0,0.0,0.0,436,315,0.4041,0.2919,-20.390621351913456,nan,nan,NO_WELD
64.66,0.0,0.0,0.0,0.0,0.0,0.0,0.0,0.0,436,315,0.4041,0.2919,-20.390621351913456,nan,nan,NO_WELD
64.71,0.0,0.0,0.0,0.0,0.0,0.0,0.0,0.0,436,315,0.4041,0.2919,-7.7343721736599775,nan,nan,NO_WELD
64.76,0.0,0.0,0.0,0.0,0.0,0.0,0.0,0.0,436,315,0.4041,0.2919,-7.7343721736599775,nan,nan,NO_WELD
64.81,0.0,0.0,0.0,0.0,0.0,0.0,0.0,0.0,436,315,0.4041,0.2919,-12.65624661693254,nan,nan,NO_WELD
64.86,0.0,0.0,0.0,0.0,0.0,0.0,0.0,0.0,436,315,0.4041,0.2919,-12.65624661693254,nan,nan,NO_WELD
64.91,0.0,0.0,0.0,0.0,0.0,0.0,0.0,0.0,436,315,0.4041,0.2919,-3.5156217360974464,nan,nan,NO_WELD
64.96,0.0,0.0,0.0,0.0,0.0,0.0,0.0,0.0,436,315,0.4041,0.2919,-3.5156217360974464,nan,nan,NO_WELD
65.01,0.0,0.0,0.0,0.0,0.0,0.0,0.0,0.0,436,315,0.4041,0.2919,2.109378420432439,nan,nan,NO_WELD
65.061,0.0,0.0,0.0,0.0,0.0,0.0,0.0,0.0,436,315,0.4041,0.2919,2.109378420432439,nan,nan,NO_WELD
65.11,0.0,0.0,0.0,0.0,0.0,0.0,0.0,0.0,436,315,0.4041,0.2919,4.5703160689555435,nan,nan,NO_WELD
65.16,0.0,0.0,0.0,0.0,0.0,0.0,0.0,0.0,436,315,0.4041,0.2919,4.5703160689555435,nan,nan,NO_WELD
65.21,0.0,0.0,0.0,0.0,0.0,0.0,0.0,0.0,436,315,0.4041,0.2919,3.4150945850063755e-06,nan,nan,NO_WELD
65.26,0.0,0.0,0.0,0.0,0.0,0.0,0.0,0.0,436,315,0.4041,0.2919,3.4150945850063755e-06,nan,nan,NO_WELD
65.31,0.0,0.0,0.0,0.0,0.0,0.0,0.0,0.0,436,315,0.4041,0.2919,-6.6796842441042275,nan,nan,NO_WELD
65.36,0.0,0.0,0.0,0.0,0.0,0.0,0.0,0.0,436,315,0.4041,0.2919,-6.6796842441042275,nan,nan,NO_WELD
65.41,0.0,0.0,0.0,0.0,0.0,0.0,0.0,0.0,436,315,0.4041,0.2919,-3.5156217360974464,nan,nan,NO_WELD
65.46,0.0,0.0,0.0,0.0,0.0,0.0,0.0,0.0,436,315,0.4041,0.2919,-3.5156217360974464,nan,nan,NO_WELD
65.51,0.0,0.0,0.0,0.0,0.0,0.0,0.0,0.0,436,315,0.4041,0.2919,3.4150945850063755e-06,nan,nan,NO_WELD
65.56,0.0,0.0,0.0,0.0,0.0,0.0,0.0,0.0,436,315,0.4041,0.2919,3.4150945850063755e-06,nan,nan,NO_WELD
65.61,0.0,0.0,0.0,0.0,0.0,0.0,0.0,0.0,436,315,0.4041,0.2919,-3.8671843792826963,nan,nan,NO_WELD
65.66,0.0,0.0,0.0,0.0,0.0,0.0,0.0,0.0,436,315,0.4041,0.2919,-3.8671843792826963,nan,nan,NO_WELD
65.71,0.0,0.0,0.0,0.0,0.0,0.0,0.0,0.0,436,315,0.4041,0.2919,3.4150945850063755e-06,nan,nan,NO_WELD
65.76,0.0,0.0,0.0,0.0,0.0,0.0,0.0,0.0,436,315,0.4041,0.2919,3.4150945850063755e-06,nan,nan,NO_WELD
65.81,0.0,0.0,0.0,0.0,0.0,0.0,0.0,0.0,436,315,0.4041,0.2919,-1.7578091605014305,nan,nan,NO_WELD
65.86,0.0,0.0,0.0,0.0,0.0,0.0,0.0,0.0,436,315,0.4041,0.2919,-1.7578091605014305,nan,nan,NO_WELD
65.91,0.0,0.0,0.0,0.0,0.0,0.0,0.0,0.0,436,315,0.4041,0.2919,0.7031284346608206,nan,nan,NO_WELD
65.96,0.0,0.0,0.0,0.0,0.0,0.0,0.0,0.0,436,315,0.4041,0.2919,0.7031284346608206,nan,nan,NO_WELD
66.01,0.0,0.0,0.0,0.0,0.0,0.0,0.0,0.0,436,315,0.4041,0.2919,4.218753425770293,nan,nan,NO_WELD
66.061,0.0,0.0,0.0,0.0,0.0,0.0,0.0,0.0,436,315,0.4041,0.2919,4.218753425770293,nan,nan,NO_WELD
66.11,0.0,0.0,0.0,0.0,0.0,0.0,0.0,0.0,436,315,0.4041,0.2919,0.35156592487770283,nan,nan,NO_WELD
66.16,0.0,0.0,0.0,0.0,0.0,0.0,0.0,0.0,436,315,0.4041,0.2919,0.35156592487770283,nan,nan,NO_WELD
66.21,0.0,0.0,0.0,0.0,0.0,0.0,0.0,0.0,436,315,0.4041,0.2919,7.031253717478648,nan,nan,NO_WELD
66.26,0.0,0.0,0.0,0.0,0.0,0.0,0.0,0.0,436,315,0.4041,0.2919,7.031253717478648,nan,nan,NO_WELD
66.31,0.0,0.0,0.0,0.0,0.0,0.0,0.0,0.0,436,315,0.4041,0.2919,-2.8124966631703576,nan,nan,NO_WELD
66.36,0.0,0.0,0.0,0.0,0.0,0.0,0.0,0.0,436,315,0.4041,0.2919,-2.8124966631703576,nan,nan,NO_WELD
66.41,0.0,0.0,0.0,0.0,0.0,0.0,0.0,0.0,436,315,0.4041,0.2919,-18.98437248671975,nan,nan,NO_WELD
66.46,0.0,0.0,0.0,0.0,0.0,0.0,0.0,0.0,436,315,0.4041,0.2919,-18.98437248671975,nan,nan,NO_WELD
66.51,0.0,0.0,0.0,0.0,0.0,0.0,0.0,0.0,436,315,0.4041,0.2919,-2.8124966631703576,nan,nan,NO_WELD
66.56,0.0,0.0,0.0,0.0,0.0,0.0,0.0,0.0,436,315,0.4041,0.2919,-2.8124966631703576,nan,nan,NO_WELD
66.61,0.0,0.0,0.0,0.0,0.0,0.0,0.0,0.0,436,315,0.4041,0.2919,6.328128431108148,nan,nan,NO_WELD
66.66,0.0,0.0,0.0,0.0,0.0,0.0,0.0,0.0,436,315,0.4041,0.2919,6.328128431108148,nan,nan,NO_WELD
66.71,0.0,0.0,0.0,0.0,0.0,0.0,0.0,0.0,436,315,0.4041,0.2919,-9.492184535812582,nan,nan,NO_WELD
66.76,0.0,0.0,0.0,0.0,0.0,0.0,0.0,0.0,436,315,0.4041,0.2919,-9.492184535812582,nan,nan,NO_WELD
66.81,0.0,0.0,0.0,0.0,0.0,0.0,0.0,0.0,436,315,0.4041,0.2919,-4.218746595581123,nan,nan,NO_WELD
66.86,0.0,0.0,0.0,0.0,0.0,0.0,0.0,0.0,436,315,0.4041,0.2919,-4.218746595581123,nan,nan,NO_WELD
66.91,0.0,0.0,0.0,0.0,0.0,0.0,0.0,0.0,436,315,0.4041,0.2919,-2.1093715902432693,nan,nan,NO_WELD
66.96,0.0,0.0,0.0,0.0,0.0,0.0,0.0,0.0,436,315,0.4041,0.2919,-2.1093715902432693,nan,nan,NO_WELD
67.01,0.0,0.0,0.0,0.0,0.0,0.0,0.0,0.0,436,315,0.4041,0.2919,6.679691074293397,nan,nan,NO_WELD
67.061,0.0,0.0,0.0,0.0,0.0,0.0,0.0,0.0,436,315,0.4041,0.2919,6.679691074293397,nan,nan,NO_WELD
67.11,0.0,0.0,0.0,0.0,0.0,0.0,0.0,0.0,436,315,0.4041,0.2919,2.109378420432439,nan,nan,NO_WELD
67.16,0.0,0.0,0.0,0.0,0.0,0.0,0.0,0.0,436,315,0.4041,0.2919,2.109378420432439,nan,nan,NO_WELD
67.21,0.0,0.0,0.0,0.0,0.0,0.0,0.0,0.0,436,315,0.4041,0.2919,-4.570309238766374,nan,nan,NO_WELD
67.26,0.0,0.0,0.0,0.0,0.0,0.0,0.0,0.0,436,315,0.4041,0.2919,-4.570309238766374,nan,nan,NO_WELD
67.31,0.0,0.0,0.0,0.0,0.0,0.0,0.0,0.0,436,315,0.4041,0.2919,5.97656621480972,nan,nan,NO_WELD
67.36,0.0,0.0,0.0,0.0,0.0,0.0,0.0,0.0,436,315,0.4041,0.2919,5.97656621480972,nan,nan,NO_WELD
67.41,0.0,0.0,0.0,0.0,0.0,0.0,0.0,0.0,436,315,0.4041,0.2919,-6.6796842441042275,nan,nan,NO_WELD
67.46,0.0,0.0,0.0,0.0,0.0,0.0,0.0,0.0,436,315,0.4041,0.2919,-6.6796842441042275,nan,nan,NO_WELD
67.51,0.0,0.0,0.0,0.0,0.0,0.0,0.0,0.0,436,315,0.4041,0.2919,-2.8124966631703576,nan,nan,NO_WELD
67.56,0.0,0.0,0.0,0.0,0.0,0.0,0.0,0.0,436,315,0.4041,0.2919,-2.8124966631703576,nan,nan,NO_WELD
67.61,0.0,0.0,0.0,0.0,0.0,0.0,0.0,0.0,436,315,0.4041,0.2919,-0.35155909468853286,nan,nan,NO_WELD
67.66,0.0,0.0,0.0,0.0,0.0,0.0,0.0,0.0,436,315,0.4041,0.2919,-0.35155909468853286,nan,nan,NO_WELD
67.71,0.0,0.0,0.0,0.0,0.0,0.0,0.0,0.0,436,315,0.4041,0.2919,-12.65624661693254,nan,nan,NO_WELD
67.76,0.0,0.0,0.0,0.0,0.0,0.0,0.0,0.0,436,315,0.4041,0.2919,-12.65624661693254,nan,nan,NO_WELD
67.81,0.0,0.0,0.0,0.0,0.0,0.0,0.0,0.0,436,315,0.4041,0.2919,-23.906247783765956,nan,nan,NO_WELD
67.859,0.0,0.0,0.0,0.0,0.0,0.0,0.0,0.0,436,315,0.4041,0.2919,-23.906247783765956,nan,nan,NO_WELD
67.91,0.0,0.0,0.0,0.0,0.0,0.0,0.0,0.0,436,315,0.4041,0.2919,4.218753425770293,nan,nan,NO_WELD
67.96,0.0,0.0,0.0,0.0,0.0,0.0,0.0,0.0,436,315,0.4041,0.2919,4.218753425770293,nan,nan,NO_WELD
68.01,0.0,0.0,0.0,0.0,0.0,0.0,0.0,0.0,436,315,0.4041,0.2919,-4.218746595581123,nan,nan,NO_WELD
68.061,0.0,0.0,0.0,0.0,0.0,0.0,0.0,0.0,436,315,0.4041,0.2919,-4.218746595581123,nan,nan,NO_WELD
68.11,0.0,0.0,0.0,0.0,0.0,0.0,0.0,0.0,436,315,0.4041,0.2919,-2.8124966631703576,nan,nan,NO_WELD
68.16,0.0,0.0,0.0,0.0,0.0,0.0,0.0,0.0,436,315,0.4041,0.2919,-2.8124966631703576,nan,nan,NO_WELD
68.21,0.0,0.0,0.0,0.0,0.0,0.0,0.0,0.0,436,315,0.4041,0.2919,-2.8124966631703576,nan,nan,NO_WELD
68.26,0.0,0.0,0.0,0.0,0.0,0.0,0.0,0.0,436,315,0.4041,0.2919,-2.8124966631703576,nan,nan,NO_WELD
68.31,0.0,0.0,0.0,0.0,0.0,0.0,0.0,0.0,436,315,0.4041,0.2919,2.812503493359528,nan,nan,NO_WELD
68.36,0.0,0.0,0.0,0.0,0.0,0.0,0.0,0.0,436,315,0.4041,0.2919,2.812503493359528,nan,nan,NO_WELD
