t,vx,wz,tgt_r,tgt_l,spd_r,spd_l,err_r,err_l,ticks_r,ticks_l,dist_r,dist_l,raw_angle,filtered_angle,error,weld
2.113,0.0,0.0,0.0,0.0,0.0,0.0,0.0,0.0,0,0,0.0,0.0,nan,nan,nan,UNKNOWN
2.163,0.0,0.0,0.0,0.0,0.0,0.0,0.0,0.0,0,0,0.0,0.0,nan,nan,nan,UNKNOWN
2.213,0.0,0.0,0.0,0.0,0.0,0.0,0.0,0.0,0,0,0.0,0.0,nan,nan,nan,UNKNOWN
2.263,0.0,0.0,0.0,0.0,0.0,0.0,0.0,0.0,0,0,0.0,0.0,nan,nan,nan,UNKNOWN
2.313,0.0,0.0,0.0,0.0,0.0,0.0,0.0,0.0,0,0,0.0,0.0,nan,nan,nan,UNKNOWN
2.363,0.0,0.0,0.0,0.0,0.0,0.0,0.0,0.0,0,0,0.0,0.0,nan,nan,nan,UNKNOWN
2.413,0.0,0.0,0.0,0.0,0.0,0.0,0.0,0.0,0,0,0.0,0.0,nan,nan,nan,UNKNOWN
2.463,0.0,0.0,0.0,0.0,0.0,0.0,0.0,0.0,0,0,0.0,0.0,nan,nan,nan,UNKNOWN
2.513,0.0,0.0,0.0,0.0,0.0,0.0,0.0,0.0,0,0,0.0,0.0,nan,nan,nan,UNKNOWN
2.563,0.0,0.0,0.0,0.0,0.0,0.0,0.0,0.0,0,0,0.0,0.0,nan,nan,nan,UNKNOWN
2.613,0.0,0.0,0.0,0.0,0.0,0.0,0.0,0.0,0,0,0.0,0.0,nan,nan,nan,UNKNOWN
2.663,0.0,0.0,0.0,0.0,0.0,0.0,0.0,0.0,0,0,0.0,0.0,nan,nan,nan,UNKNOWN
2.713,0.0,0.0,0.0,0.0,0.0,0.0,0.0,0.0,0,0,0.0,0.0,nan,nan,nan,UNKNOWN
2.763,0.0,0.0,0.0,0.0,0.0,0.0,0.0,0.0,0,0,0.0,0.0,nan,nan,nan,UNKNOWN
2.813,0.0,0.0,0.0,0.0,0.0,0.0,0.0,0.0,0,0,0.0,0.0,nan,nan,nan,UNKNOWN
2.863,0.0,0.0,0.0,0.0,0.0,0.0,0.0,0.0,0,0,0.0,0.0,nan,nan,nan,UNKNOWN
2.913,0.0,0.0,0.0,0.0,0.0,0.0,0.0,0.0,0,0,0.0,0.0,nan,nan,nan,UNKNOWN
2.963,0.0,0.0,0.0,0.0,0.0,0.0,0.0,0.0,0,0,0.0,0.0,nan,nan,nan,UNKNOWN
3.013,0.0,0.0,0.0,0.0,0.0,0.0,0.0,0.0,0,0,0.0,0.0,nan,nan,nan,UNKNOWN
3.064,0.0,0.0,0.0,0.0,0.0,0.0,0.0,0.0,0,0,0.0,0.0,nan,nan,nan,UNKNOWN
3.113,0.0,0.0,0.0,0.0,0.0,0.0,0.0,0.0,0,0,0.0,0.0,nan,nan,nan,UNKNOWN
3.163,0.0,0.0,0.0,0.0,0.0,0.0,0.0,0.0,0,0,0.0,0.0,nan,nan,nan,UNKNOWN
3.213,0.0,0.0,0.0,0.0,0.0,0.0,0.0,0.0,0,0,0.0,0.0,nan,nan,nan,UNKNOWN
3.263,0.0,0.0,0.0,0.0,0.0,0.0,0.0,0.0,0,0,0.0,0.0,nan,nan,nan,UNKNOWN
3.313,0.0,0.0,0.0,0.0,0.0,0.0,0.0,0.0,0,0,0.0,0.0,nan,nan,nan,UNKNOWN
3.363,0.0,0.0,0.0,0.0,0.0,0.0,0.0,0.0,0,0,0.0,0.0,nan,nan,nan,UNKNOWN
3.413,0.0,0.0,0.0,0.0,0.0,0.0,0.0,0.0,0,0,0.0,0.0,nan,nan,nan,TIMEOUT
3.463,0.0,0.0,0.0,0.0,0.0,0.0,0.0,0.0,0,0,0.0,0.0,-2.460934233428519,nan,nan,NO_WELD
3.513,0.0,0.0,0.0,0.0,0.0,0.0,0.0,0.0,0,0,0.0,0.0,-2.460934233428519,nan,nan,NO_WELD
3.563,0.0,0.0,0.0,0.0,0.0,0.0,0.0,0.0,0,0,0.0,0.0,-3.164059092912196,nan,nan,NO_WELD
3.613,0.0,0.0,0.0,0.0,0.0,0.0,0.0,0.0,0,0,0.0,0.0,-3.164059092912196,nan,nan,NO_WELD
3.663,0.0,0.0,0.0,0.0,0.0,0.0,0.0,0.0,0,0,0.0,0.0,-0.35155909468853286,nan,nan,NO_WELD
3.713,0.0,0.0,0.0,0.0,0.0,0.0,0.0,0.0,0,0,0.0,0.0,-0.35155909468853286,nan,nan,NO_WELD
3.763,0.0,0.0,0.0,0.0,0.0,0.0,0.0,0.0,0,0,0.0,0.0,3.5156285662866162,nan,nan,NO_WELD
3.813,0.0,0.0,0.0,0.0,0.0,0.0,0.0,0.0,0,0,0.0,0.0,3.5156285662866162,nan,nan,NO_WELD
3.863,0.0,0.0,0.0,0.0,0.0,0.0,0.0,0.0,0,0,0.0,0.0,0.35156592487770283,nan,nan,NO_WELD
3.913,0.0,0.0,0.0,0.0,0.0,0.0,0.0,0.0,0,0,0.0,0.0,0.35156592487770283,nan,nan,NO_WELD
3.963,0.0,0.0,0.0,0.0,0.0,0.0,0.0,0.0,0,0,0.0,0.0,-0.7031216044716506,nan,nan,NO_WELD
4.013,0.0,0.0,0.0,0.0,0.0,0.0,0.0,0.0,0,0,0.0,0.0,-0.7031216044716506,nan,nan,NO_WELD
4.064,0.0,0.0,0.0,0.0,0.0,0.0,0.0,0.0,0,0,0.0,0.0,-2.8124966631703576,nan,nan,NO_WELD
4.113,0.0,0.0,0.0,0.0,0.0,0.0,0.0,0.0,0,0,0.0,0.0,-2.8124966631703576,nan,nan,NO_WELD
4.163,0.0,0.0,0.0,0.0,0.0,0.0,0.0,0.0,0,0,0.0,0.0,-0.35155909468853286,nan,nan,NO_WELD
4.213,0.0,0.0,0.0,0.0,0.0,0.0,0.0,0.0,0,0,0.0,0.0,-0.35155909468853286,nan,nan,NO_WELD
4.263,0.0,0.0,0.0,0.0,0.0,0.0,0.0,0.0,0,0,0.0,0.0,3.5156285662866162,nan,nan,NO_WELD
4.313,0.0,0.0,0.0,0.0,0.0,0.0,0.0,0.0,0,0,0.0,0.0,3.5156285662866162,nan,nan,NO_WELD
4.363,0.0,0.0,0.0,0.0,0.0,0.0,0.0,0.0,0,0,0.0,0.0,3.5156285662866162,nan,nan,NO_WELD
4.413,0.0,0.0,0.0,0.0,0.0,0.0,0.0,0.0,0,0,0.0,0.0,3.5156285662866162,nan,nan,NO_WELD
4.463,0.0,0.0,0.0,0.0,0.0,0.0,0.0,0.0,0,0,0.0,0.0,-0.7031216044716506,nan,nan,NO_WELD
4.513,0.0,0.0,0.0,0.0,0.0,0.0,0.0,0.0,0,0,0.0,0.0,-0.7031216044716506,nan,nan,NO_WELD
4.563,0.0,0.0,0.0,0.0,0.0,0.0,0.0,0.0,0,0,0.0,0.0,-3.164059092912196,nan,nan,NO_WELD
4.613,0.0,0.0,0.0,0.0,0.0,0.0,0.0,0.0,0,0,0.0,0.0,-3.164059092912196,nan,nan,NO_WELD
4.663,0.0,0.0,0.0,0.0,0.0,0.0,0.0,0.0,0,0,0.0,0.0,3.1640659231013664,nan,nan,NO_WELD
4.713,0.0,0.0,0.0,0.0,0.0,0.0,0.0,0.0,0,0,0.0,0.0,3.1640659231013664,nan,nan,NO_WELD
4.763,0.0,0.0,0.0,0.0,0.0,0.0,0.0,0.0,0,0,0.0,0.0,-0.35155909468853286,nan,nan,NO_WELD
4.813,0.0,0.0,0.0,0.0,0.0,0.0,0.0,0.0,0,0,0.0,0.0,-0.35155909468853286,nan,nan,NO_WELD
4.863,0.0,0.0,0.0,0.0,0.0,0.0,0.0,0.0,0,0,0.0,0.0,-0.7031216044716506,nan,nan,NO_WELD
4.913,0.0,0.0,0.0,0.0,0.0,0.0,0.0,0.0,0,0,0.0,0.0,-0.7031216044716506,nan,nan,NO_WELD
4.963,0.0,0.0,0.0,0.0,0.0,0.0,0.0,0.0,0,0,0.0,0.0,-2.1093715902432693,nan,nan,NO_WELD
5.013,0.0,0.0,0.0,0.0,0.0,0.0,0.0,0.0,0,0,0.0,0.0,-2.1093715902432693,nan,nan,NO_WELD
5.064,0.0,0.0,0.0,0.0,0.0,0.0,0.0,0.0,0,0,0.0,0.0,-1.0546840875743422,nan,nan,NO_WELD
5.113,0.0,0.0,0.0,0.0,0.0,0.0,0.0,0.0,0,0,0.0,0.0,-1.0546840875743422,nan,nan,NO_WELD
5.163,0.0,0.0,0.0,0.0,0.0,0.0,0.0,0.0,0,0,0.0,0.0,3.5156285662866162,nan,nan,NO_WELD
5.213,0.0,0.0,0.0,0.0,0.0,0.0,0.0,0.0,0,0,0.0,0.0,3.5156285662866162,nan,nan,NO_WELD
5.263,0.0,0.0,0.0,0.0,0.0,0.0,0.0,0.0,0,0,0.0,0.0,-8.789059249442081,nan,nan,NO_WELD
5.313,0.0,0.0,0.0,0.0,0.0,0.0,0.0,0.0,0,0,0.0,0.0,-8.789059249442081,nan,nan,NO_WELD
5.363,0.0,0.0,0.0,0.0,0.0,0.0,0.0,0.0,0,0,0.0,0.0,-3.8671843792826963,nan,nan,NO_WELD
5.413,0.0,0.0,0.0,0.0,0.0,0.0,0.0,0.0,0,0,0.0,0.0,-3.8671843792826963,nan,nan,NO_WELD
5.463,0.0,0.0,0.0,0.0,0.0,0.0,0.0,0.0,0,0,0.0,0.0,-1.7578091605014305,nan,nan,NO_WELD
5.513,0.0,0.0,0.0,0.0,0.0,0.0,0.0,0.0,0,0,0.0,0.0,-1.7578091605014305,nan,nan,NO_WELD
5.563,0.0,0.0,0.0,0.0,0.0,0.0,0.0,0.0,0,0,0.0,0.0,3.4150945850063755e-06,nan,nan,NO_WELD
5.613,0.0,0.0,0.0,0.0,0.0,0.0,0.0,0.0,0,0,0.0,0.0,3.4150945850063755e-06,nan,nan,NO_WELD
5.663,0.0,0.0,0.0,0.0,0.0,0.0,0.0,0.0,0,0,0.0,0.0,-3.5156217360974464,nan,nan,NO_WELD
5.713,0.0,0.0,0.0,0.0,0.0,0.0,0.0,0.0,0,0,0.0,0.0,-3.5156217360974464,nan,nan,NO_WELD
5.763,0.0,0.0,0.0,0.0,0.0,0.0,0.0,0.0,0,0,0.0,0.0,-2.1093715902432693,nan,nan,NO_WELD
5.813,0.0,0.0,0.0,0.0,0.0,0.0,0.0,0.0,0,0,0.0,0.0,-2.1093715902432693,nan,nan,NO_WELD
5.863,0.0,0.0,0.0,0.0,0.0,0.0,0.0,0.0,0,0,0.0,0.0,-2.8124966631703576,nan,nan,NO_WELD
5.913,0.0,0.0,0.0,0.0,0.0,0.0,0.0,0.0,0,0,0.0,0.0,-2.8124966631703576,nan,nan,NO_WELD
5.963,0.0,0.0,0.0,0.0,0.0,0.0,0.0,0.0,0,0,0.0,0.0,-0.35155909468853286,nan,nan,NO_WELD
6.013,0.0,0.0,0.0,0.0,0.0,0.0,0.0,0.0,0,0,0.0,0.0,-0.35155909468853286,nan,nan,NO_WELD
6.064,0.0,0.0,0.0,0.0,0.0,0.0,0.0,0.0,0,0,0.0,0.0,-4.570309238766374,nan,nan,NO_WELD
6.113,0.0,0.0,0.0,0.0,0.0,0.0,0.0,0.0,0,0,0.0,0.0,-4.570309238766374,nan,nan,NO_WELD
6.163,0.0,0.0,0.0,0.0,0.0,0.0,0.0,0.0,0,0,0.0,0.0,-0.7031216044716506,nan,nan,NO_WELD
6.213,0.0,0.0,0.0,0.0,0.0,0.0,0.0,0.0,0,0,0.0,0.0,-0.7031216044716506,nan,nan,NO_WELD
6.263,0.0,0.0,0.0,0.0,0.0,0.0,0.0,0.0,0,0,0.0,0.0,3.4150945850063755e-06,nan,nan,NO_WELD
6.313,0.0,0.0,0.0,0.0,0.0,0.0,0.0,0.0,0,0,0.0,0.0,3.4150945850063755e-06,nan,nan,NO_WELD
6.363,0.0,0.0,0.0,0.0,0.0,0.0,0.0,0.0,0,0,0.0,0.0,-2.1093715902432693,nan,nan,NO_WELD
6.413,0.0,0.0,0.0,0.0,0.0,0.0,0.0,0.0,0,0,0.0,0.0,-2.1093715902432693,nan,nan,NO_WELD
6.463,0.0,0.0,0.0,0.0,0.0,0.0,0.0,0.0,0,0,0.0,0.0,-3.5156217360974464,nan,nan,NO_WELD
6.513,0.0,0.0,0.0,0.0,0.0,0.0,0.0,0.0,0,0,0.0,0.0,-3.5156217360974464,nan,nan,NO_WELD
6.563,0.0,0.0,0.0,0.0,0.0,0.0,0.0,0.0,0,0,0.0,0.0,-3.8671843792826963,nan,nan,NO_WELD
6.613,0.0,0.0,0.0,0.0,0.0,0.0,0.0,0.0,0,0,0.0,0.0,-3.8671843792826963,nan,nan,NO_WELD
6.663,0.0,0.0,0.0,0.0,0.0,0.0,0.0,0.0,0,0,0.0,0.0,-0.35155909468853286,nan,nan,NO_WELD
6.713,0.0,0.0,0.0,0.0,0.0,0.0,0.0,0.0,0,0,0.0,0.0,-0.35155909468853286,nan,nan,NO_WELD
6.763,0.0,0.0,0.0,0.0,0.0,0.0,0.0,0.0,0,0,0.0,0.0,-1.0546840875743422,nan,nan,NO_WELD
6.813,0.0,0.0,0.0,0.0,0.0,0.0,0.0,0.0,0,0,0.0,0.0,-1.0546840875743422,nan,nan,NO_WELD
6.863,0.0,0.0,0.0,0.0,0.0,0.0,0.0,0.0,0,0,0.0,0.0,3.5156285662866162,nan,nan,NO_WELD
6.913,0.0,0.0,0.0,0.0,0.0,0.0,0.0,0.0,0,0,0.0,0.0,3.5156285662866162,nan,nan,NO_WELD
6.963,0.0,0.0,0.0,0.0,0.0,0.0,0.0,0.0,0,0,0.0,0.0,-3.5156217360974464,nan,nan,NO_WELD
7.013,0.0,0.0,0.0,0.0,0.0,0.0,0.0,0.0,0,0,0.0,0.0,-3.5156217360974464,nan,nan,NO_WELD
7.064,0.0,0.0,0.0,0.0,0.0,0.0,0.0,0.0,0,0,0.0,0.0,-2.8124966631703576,nan,nan,NO_WELD
7.113,0.0,0.0,0.0,0.0,0.0,0.0,0.0,0.0,0,0,0.0,0.0,-2.8124966631703576,nan,nan,NO_WELD
7.163,0.0,0.0,0.0,0.0,0.0,0.0,0.0,0.0,0,0,0.0,0.0,3.4150945850063755e-06,nan,nan,NO_WELD
7.213,0.0,0.0,0.0,0.0,0.0,0.0,0.0,0.0,0,0,0.0,0.0,3.4150945850063755e-06,nan,nan,NO_WELD
7.263,0.0,0.0,0.0,0.0,0.0,0.0,0.0,0.0,0,0,0.0,0.0,3.4150945850063755e-06,nan,nan,NO_WELD
7.313,0.0,0.0,0.0,0.0,0.0,0.0,0.0,0.0,0,0,0.0,0.0,3.4150945850063755e-06,nan,nan,NO_WELD
7.363,0.0,0.0,0.0,0.0,0.0,0.0,0.0,0.0,0,0,0.0,0.0,-0.7031216044716506,nan,nan,NO_WELD
7.413,0.0,0.0,0.0,0.0,0.0,0.0,0.0,0.0,0,0,0.0,0.0,-0.7031216044716506,nan,nan,NO_WELD
7.463,0.0,0.0,0.0,0.0,0.0,0.0,0.0,0.0,0,0,0.0,0.0,-0.7031216044716506,nan,nan,NO_WELD
7.513,0.0,0.0,0.0,0.0,0.0,0.0,0.0,0.0,0,0,0.0,0.0,-0.7031216044716506,nan,nan,NO_WELD
7.563,0.0,0.0,0.0,0.0,0.0,0.0,0.0,0.0,0,0,0.0,0.0,-1.0546840875743422,-1.0546840875743422,0.0,WELD_FOUND
7.613,0.0,0.0,0.0,0.0,0.0,0.0,0.0,0.0,0,0,0.0,0.0,-1.0546840875743422,-1.0546840875743422,0.0,WELD_FOUND
7.663,0.0,0.0,0.0,0.0,0.0,0.0,0.0,0.0,0,0,0.0,0.0,-1.0546840875743422,nan,nan,NO_WELD
7.713,0.0,0.0,0.0,0.0,0.0,0.0,0.0,0.0,0,0,0.0,0.0,-1.0546840875743422,nan,nan,NO_WELD
7.763,0.0,0.0,0.0,0.0,0.0,0.0,0.0,0.0,0,0,0.0,0.0,-1.0546840875743422,nan,nan,NO_WELD
7.813,0.0,0.0,0.0,0.0,0.0,0.0,0.0,0.0,0,0,0.0,0.0,-1.0546840875743422,nan,nan,NO_WELD
7.863,0.0,0.0,0.0,0.0,0.0,0.0,0.0,0.0,0,0,0.0,0.0,-1.0546840875743422,nan,nan,NO_WELD
7.913,0.0,0.0,0.0,0.0,0.0,0.0,0.0,0.0,0,0,0.0,0.0,-1.0546840875743422,nan,nan,NO_WELD
7.963,0.030251181765434624,0.03090914557171245,0.034887553601191494,0.025614809929677757,0.0,0.0,0.0349,0.0256,0,0,0.0,0.0,-0.7031216044716506,-0.7031216044716506,0.0,WELD_FOUND
8.013,0.030251181765434624,0.03090914557171245,0.034887553601191494,0.025614809929677757,0.0,0.0,0.0349,0.0256,0,0,0.0,0.0,-0.7031216044716506,-0.7031216044716506,0.0,WELD_FOUND
8.064,0.0,0.0,0.0,0.0,0.0,0.0,0.0,0.0,0,0,0.0,0.0,-0.7031216044716506,nan,nan,NO_WELD
8.113,0.0,0.0,0.0,0.0,0.0,0.0,0.0,0.0,5,0,0.0046,0.0,-0.7031216044716506,nan,nan,NO_WELD
8.163,0.0,0.0,0.0,0.0,0.0,0.0,0.0,0.0,5,0,0.0046,0.0,-0.7031216044716506,nan,nan,NO_WELD
8.213,0.0,0.0,0.0,0.0,0.0173,0.0,-0.0173,0.0,7,0,0.0065,0.0,-0.7031216044716506,nan,nan,NO_WELD
8.263,0.0,0.0,0.0,0.0,0.0173,0.0,-0.0173,0.0,7,0,0.0065,0.0,-0.7031216044716506,nan,nan,NO_WELD
8.313,0.0,0.0,0.0,0.0,0.0067,0.0,-0.0067,0.0,6,0,0.0056,0.0,-0.7031216044716506,nan,nan,NO_WELD
8.363,0.0,0.0,0.0,0.0,0.0067,0.0,-0.0067,0.0,6,0,0.0056,0.0,-0.35155909468853286,nan,nan,WELD_FOUND
8.413,0.03258234416615065,0.017631649486166866,0.03522709158907568,0.029937596743225617,0.0067,0.0,0.0285,0.0299,6,0,0.0056,0.0,-0.35155909468853286,-0.35155909468853286,0.0,WELD_FOUND
8.463,0.0,0.0,0.0,0.0,0.0053,0.0,-0.0053,0.0,6,0,0.0056,0.0,-0.35155909468853286,nan,nan,NO_WELD
8.513,0.0,0.0,0.0,0.0,0.0053,0.0,-0.0053,0.0,6,0,0.0056,0.0,-0.35155909468853286,nan,nan,NO_WELD
8.564,0.0,0.0,0.0,0.0,0.0043,0.0,-0.0043,0.0,6,0,0.0056,0.0,-0.35155909468853286,nan,nan,NO_WELD
8.613,0.0,0.0,0.0,0.0,0.0043,0.0,-0.0043,0.0,7,0,0.0065,0.0,-0.35155909468853286,nan,nan,NO_WELD
8.663,0.0,0.0,0.0,0.0,0.0043,0.0,-0.0043,0.0,7,0,0.0065,0.0,-0.35155909468853286,nan,nan,NO_WELD
8.713,0.0,0.0,0.0,0.0,0.0051,0.0,-0.0051,0.0,7,0,0.0065,0.0,-0.35155909468853286,nan,nan,NO_WELD
8.764,0.0,0.0,0.0,0.0,0.0051,0.0,-0.0051,0.0,7,0,0.0065,0.0,-0.35155909468853286,nan,nan,NO_WELD
8.813,0.0,0.0,0.0,0.0,0.0051,0.0,-0.0051,0.0,7,0,0.0065,0.0,-0.35155909468853286,nan,nan,NO_WELD
8.863,0.0,0.0,0.0,0.0,0.004,0.0,-0.004,0.0,7,0,0.0065,0.0,-0.7031216044716506,nan,nan,NO_WELD
8.913,0.0,0.0,0.0,0.0,0.004,0.0,-0.004,0.0,7,0,0.0065,0.0,-0.7031216044716506,-0.7031216044716506,0.0,WELD_FOUND
8.963,0.0,0.0,0.0,0.0,0.004,0.0,-0.004,0.0,7,0,0.0065,0.0,-0.7031216044716506,-0.7031216044716506,0.0,WELD_FOUND
9.013,0.0,0.0,0.0,0.0,0.0032,0.0,-0.0032,0.0,7,0,0.0065,0.0,-0.7031216044716506,nan,nan,NO_WELD
9.065,0.0,0.0,0.0,0.0,0.0032,0.0,-0.0032,0.0,7,0,0.0065,0.0,-0.7031216044716506,nan,nan,NO_WELD
9.113,0.0,0.0,0.0,0.0,0.0032,0.0,-0.0032,0.0,7,0,0.0065,0.0,-0.7031216044716506,nan,nan,NO_WELD
9.163,0.0,0.0,0.0,0.0,0.0026,0.0,-0.0026,0.0,7,0,0.0065,0.0,-0.7031216044716506,nan,nan,NO_WELD
9.213,0.0,0.0,0.0,0.0,0.0026,0.0,-0.0026,0.0,7,0,0.0065,0.0,-0.7031216044716506,nan,nan,NO_WELD
9.263,0.0,0.0,0.0,0.0,0.0026,0.0,-0.0026,0.0,7,0,0.0065,0.0,-0.7031216044716506,nan,nan,NO_WELD
9.313,0.0,0.0,0.0,0.0,0.0021,0.0,-0.0021,0.0,7,0,0.0065,0.0,-0.7031216044716506,nan,nan,NO_WELD
9.363,0.0,0.0,0.0,0.0,0.0021,0.0,-0.0021,0.0,7,0,0.0065,0.0,-0.7031216044716506,nan,nan,NO_WELD
9.413,0.0,0.0,0.0,0.0,0.0017,0.0,-0.0017,0.0,7,0,0.0065,0.0,-0.7031216044716506,nan,nan,NO_WELD
9.463,0.0,0.0,0.0,0.0,0.0017,0.0,-0.0017,0.0,7,0,0.0065,0.0,-0.7031216044716506,nan,nan,NO_WELD
9.513,0.0,0.0,0.0,0.0,0.0017,0.0,-0.0017,0.0,7,0,0.0065,0.0,-0.7031216044716506,nan,nan,NO_WELD
9.563,0.0,0.0,0.0,0.0,0.0013,0.0,-0.0013,0.0,7,0,0.0065,0.0,-0.7031216044716506,nan,nan,NO_WELD
9.613,0.0,0.0,0.0,0.0,0.0013,0.0,-0.0013,0.0,7,0,0.0065,0.0,-0.7031216044716506,nan,nan,NO_WELD
9.663,0.0,0.0,0.0,0.0,0.0013,0.0,-0.0013,0.0,7,0,0.0065,0.0,-0.7031216044716506,nan,nan,NO_WELD
9.713,0.0,0.0,0.0,0.0,0.0011,0.0,-0.0011,0.0,7,0,0.0065,0.0,-0.7031216044716506,nan,nan,NO_WELD
9.763,0.0,0.0,0.0,0.0,0.0011,0.0,-0.0011,0.0,7,0,0.0065,0.0,-0.7031216044716506,nan,nan,NO_WELD
9.813,0.0,0.0,0.0,0.0,0.0,0.0,0.0,0.0,7,0,0.0065,0.0,-0.7031216044716506,nan,nan,NO_WELD
9.863,0.0,0.0,0.0,0.0,0.0,0.0,0.0,0.0,7,0,0.0065,0.0,-0.7031216044716506,nan,nan,NO_WELD
9.913,0.0,0.0,0.0,0.0,0.0,0.0,0.0,0.0,7,0,0.0065,0.0,-0.7031216044716506,nan,nan,NO_WELD
9.963,0.0,0.0,0.0,0.0,0.0,0.0,0.0,0.0,7,0,0.0065,0.0,-0.7031216044716506,nan,nan,NO_WELD
10.013,0.0,0.0,0.0,0.0,0.0,0.0,0.0,0.0,7,0,0.0065,0.0,4.218753425770293,nan,nan,NO_WELD
10.064,0.0,0.0,0.0,0.0,0.0,0.0,0.0,0.0,7,0,0.0065,0.0,4.218753425770293,nan,nan,NO_WELD
10.113,0.0,0.0,0.0,0.0,0.0,0.0,0.0,0.0,7,0,0.0065,0.0,9.843754009187002,nan,nan,NO_WELD
10.163,0.0,0.0,0.0,0.0,0.0,0.0,0.0,0.0,7,0,0.0065,0.0,9.843754009187002,nan,nan,NO_WELD
10.213,0.0,0.0,0.0,0.0,0.0,0.0,0.0,0.0,7,0,0.0065,0.0,3.5156285662866162,nan,nan,NO_WELD
10.263,0.0,0.0,0.0,0.0,0.0,0.0,0.0,0.0,7,0,0.0065,0.0,3.5156285662866162,nan,nan,NO_WELD
10.313,0.0,0.0,0.0,0.0,0.0,0.0,0.0,0.0,7,0,0.0065,0.0,-3.164059092912196,nan,nan,NO_WELD
10.363,0.0,0.0,0.0,0.0,0.0,0.0,0.0,0.0,7,0,0.0065,0.0,-3.164059092912196,nan,nan,NO_WELD
10.413,0.0,0.0,0.0,0.0,0.0,0.0,0.0,0.0,7,0,0.0065,0.0,-3.5156217360974464,nan,nan,NO_WELD
10.463,0.0,0.0,0.0,0.0,0.0,0.0,0.0,0.0,7,0,0.0065,0.0,-3.5156217360974464,nan,nan,NO_WELD
10.513,0.0,0.0,0.0,0.0,0.0,0.0,0.0,0.0,7,0,0.0065,0.0,3.8671912094718666,nan,nan,NO_WELD
10.563,0.0,0.0,0.0,0.0,0.0,0.0,0.0,0.0,7,0,0.0065,0.0,3.8671912094718666,nan,nan,NO_WELD
10.613,0.0,0.0,0.0,0.0,0.0,0.0,0.0,0.0,7,0,0.0065,0.0,-1.4062466240378864,nan,nan,NO_WELD
10.663,0.0,0.0,0.0,0.0,0.0,0.0,0.0,0.0,7,0,0.0065,0.0,-1.4062466240378864,nan,nan,NO_WELD
10.713,0.0,0.0,0.0,0.0,0.0,0.0,0.0,0.0,7,0,0.0065,0.0,-0.35155909468853286,nan,nan,NO_WELD
10.763,0.0,0.0,0.0,0.0,0.0,0.0,0.0,0.0,7,0,0.0065,0.0,-0.35155909468853286,nan,nan,NO_WELD
10.813,0.0,0.0,0.0,0.0,0.0,0.0,0.0,0.0,7,0,0.0065,0.0,-2.8124966631703576,nan,nan,NO_WELD
10.863,0.0,0.0,0.0,0.0,0.0,0.0,0.0,0.0,7,0,0.0065,0.0,-2.8124966631703576,nan,nan,NO_WELD
10.913,0.0,0.0,0.0,0.0,0.0,0.0,0.0,0.0,7,0,0.0065,0.0,3.8671912094718666,nan,nan,NO_WELD
10.963,0.0,0.0,0.0,0.0,0.0,0.0,0.0,0.0,7,0,0.0065,0.0,3.8671912094718666,nan,nan,NO_WELD
11.013,0.0,0.0,0.0,0.0,0.0,0.0,0.0,0.0,7,0,0.0065,0.0,4.218753425770293,nan,nan,NO_WELD
11.064,0.0,0.0,0.0,0.0,0.0,0.0,0.0,0.0,7,0,0.0065,0.0,4.218753425770293,nan,nan,NO_WELD
11.113,0.0,0.0,0.0,0.0,0.0,0.0,0.0,0.0,7,0,0.0065,0.0,3.1640659231013664,nan,nan,NO_WELD
11.163,0.0,0.0,0.0,0.0,0.0,0.0,0.0,0.0,7,0,0.0065,0.0,3.1640659231013664,nan,nan,NO_WELD
11.213,0.0,0.0,0.0,0.0,0.0,0.0,0.0,0.0,7,0,0.0065,0.0,-2.8124966631703576,nan,nan,NO_WELD
11.263,0.0,0.0,0.0,0.0,0.0,0.0,0.0,0.0,7,0,0.0065,0.0,-2.8124966631703576,nan,nan,NO_WELD
11.313,0.0,0.0,0.0,0.0,0.0,0.0,0.0,0.0,7,0,0.0065,0.0,-2.8124966631703576,nan,nan,NO_WELD
11.363,0.0,0.0,0.0,0.0,0.0,0.0,0.0,0.0,7,0,0.0065,0.0,-2.8124966631703576,nan,nan,NO_WELD
11.413,0.0,0.0,0.0,0.0,0.0,0.0,0.0,0.0,7,0,0.0065,0.0,-5.273434098250051,nan,nan,NO_WELD
11.463,0.0,0.0,0.0,0.0,0.0,0.0,0.0,0.0,7,0,0.0065,0.0,-5.273434098250051,nan,nan,NO_WELD
11.513,0.0,0.0,0.0,0.0,0.0,0.0,0.0,0.0,7,0,0.0065,0.0,-9.140621892627331,nan,nan,NO_WELD
11.563,0.0,0.0,0.0,0.0,0.0,0.0,0.0,0.0,7,0,0.0065,0.0,-9.140621892627331,nan,nan,NO_WELD
11.613,0.0,0.0,0.0,0.0,0.0,0.0,0.0,0.0,7,0,0.0065,0.0,-7.7343721736599775,nan,nan,NO_WELD
11.663,0.0,0.0,0.0,0.0,0.0,0.0,0.0,0.0,7,0,0.0065,0.0,-7.7343721736599775,nan,nan,NO_WELD
11.713,0.0,0.0,0.0,0.0,0.0,0.0,0.0,0.0,7,0,0.0065,0.0,-1.4062466240378864,nan,nan,NO_WELD
11.763,0.0,0.0,0.0,0.0,0.0,0.0,0.0,0.0,7,0,0.0065,0.0,-1.4062466240378864,nan,nan,NO_WELD
11.813,0.0,0.0,0.0,0.0,0.0,0.0,0.0,0.0,7,0,0.0065,0.0,-5.273434098250051,nan,nan,NO_WELD
11.863,0.0,0.0,0.0,0.0,0.0,0.0,0.0,0.0,7,0,0.0065,0.0,-5.273434098250051,nan,nan,NO_WELD
11.913,0.0,0.0,0.0,0.0,0.0,0.0,0.0,0.0,7,0,0.0065,0.0,-5.6249967414353,nan,nan,NO_WELD
11.963,0.0,0.0,0.0,0.0,0.0,0.0,0.0,0.0,7,0,0.0065,0.0,-5.6249967414353,nan,nan,NO_WELD
12.013,0.0,0.0,0.0,0.0,0.0,0.0,0.0,0.0,7,0,0.0065,0.0,-6.6796842441042275,nan,nan,NO_WELD
12.064,0.0,0.0,0.0,0.0,0.0,0.0,0.0,0.0,7,0,0.0065,0.0,-6.6796842441042275,nan,nan,NO_WELD
12.113,0.0,0.0,0.0,0.0,0.0,0.0,0.0,0.0,7,0,0.0065,0.0,3.8671912094718666,nan,nan,NO_WELD
12.163,0.0,0.0,0.0,0.0,0.0,0.0,0.0,0.0,7,0,0.0065,0.0,3.8671912094718666,nan,nan,NO_WELD
12.213,0.0,0.0,0.0,0.0,0.0,0.0,0.0,0.0,7,0,0.0065,0.0,2.812503493359528,nan,nan,NO_WELD
12.263,0.0,0.0,0.0,0.0,0.0,0.0,0.0,0.0,7,0,0.0065,0.0,2.812503493359528,nan,nan,NO_WELD
12.313,0.0,0.0,0.0,0.0,0.0,0.0,0.0,0.0,7,0,0.0065,0.0,-2.1093715902432693,nan,nan,NO_WELD
12.363,0.0,0.0,0.0,0.0,0.0,0.0,0.0,0.0,7,0,0.0065,0.0,-2.1093715902432693,nan,nan,NO_WELD
12.413,0.0,0.0,0.0,0.0,0.0,0.0,0.0,0.0,7,0,0.0065,0.0,9.843754009187002,nan,nan,NO_WELD
12.463,0.0,0.0,0.0,0.0,0.0,0.0,0.0,0.0,7,0,0.0065,0.0,9.843754009187002,nan,nan,NO_WELD
12.513,0.0,0.0,0.0,0.0,0.0,0.0,0.0,0.0,7,0,0.0065,0.0,-3.5156217360974464,nan,nan,NO_WELD
12.563,0.0,0.0,0.0,0.0,0.0,0.0,0.0,0.0,7,0,0.0065,0.0,-3.5156217360974464,nan,nan,NO_WELD
12.613,0.0,0.0,0.0,0.0,0.0,0.0,0.0,0.0,7,0,0.0065,0.0,3.8671912094718666,nan,nan,NO_WELD
12.663,0.0,0.0,0.0,0.0,0.0,0.0,0.0,0.0,7,0,0.0065,0.0,3.8671912094718666,nan,nan,NO_WELD
12.713,0.0,0.0,0.0,0.0,0.0,0.0,0.0,0.0,7,0,0.0065,0.0,-1.7578091605014305,nan,nan,NO_WELD
12.763,0.0,0.0,0.0,0.0,0.0,0.0,0.0,0.0,7,0,0.0065,0.0,-1.7578091605014305,nan,nan,NO_WELD
12.813,0.0,0.0,0.0,0.0,0.0,0.0,0.0,0.0,7,0,0.0065,0.0,-3.5156217360974464,nan,nan,NO_WELD
12.863,0.0,0.0,0.0,0.0,0.0,0.0,0.0,0.0,7,0,0.0065,0.0,-3.5156217360974464,nan,nan,NO_WELD
12.913,0.0,0.0,0.0,0.0,0.0,0.0,0.0,0.0,7,0,0.0065,0.0,-3.5156217360974464,nan,nan,NO_WELD
12.963,0.0,0.0,0.0,0.0,0.0,0.0,0.0,0.0,7,0,0.0065,0.0,-3.5156217360974464,nan,nan,NO_WELD
13.013,0.0,0.0,0.0,0.0,0.0,0.0,0.0,0.0,7,0,0.0065,0.0,-3.5156217360974464,nan,nan,NO_WELD
13.064,0.0,0.0,0.0,0.0,0.0,0.0,0.0,0.0,7,0,0.0065,0.0,-3.5156217360974464,nan,nan,NO_WELD
13.113,0.0,0.0,0.0,0.0,0.0,0.0,0.0,0.0,7,0,0.0065,0.0,-8.085933963071582,nan,nan,NO_WELD
13.163,0.0,0.0,0.0,0.0,0.0,0.0,0.0,0.0,7,0,0.0065,0.0,-8.085933963071582,nan,nan,NO_WELD
13.213,0.0,0.0,0.0,0.0,0.0,0.0,0.0,0.0,7,0,0.0065,0.0,-3.164059092912196,nan,nan,NO_WELD
13.263,0.0,0.0,0.0,0.0,0.0,0.0,0.0,0.0,7,0,0.0065,0.0,-3.164059092912196,nan,nan,NO_WELD
13.313,0.0,0.0,0.0,0.0,0.0,0.0,0.0,0.0,7,0,0.0065,0.0,-3.5156217360974464,nan,nan,NO_WELD
13.363,0.0,0.0,0.0,0.0,0.0,0.0,0.0,0.0,7,0,0.0065,0.0,-3.5156217360974464,nan,nan,NO_WELD
13.413,0.0,0.0,0.0,0.0,0.0,0.0,0.0,0.0,7,0,0.0065,0.0,3.5156285662866162,nan,nan,NO_WELD
13.463,0.0,0.0,0.0,0.0,0.0,0.0,0.0,0.0,7,0,0.0065,0.0,3.5156285662866162,nan,nan,NO_WELD
13.513,0.0,0.0,0.0,0.0,0.0,0.0,0.0,0.0,7,0,0.0065,0.0,3.8671912094718666,nan,nan,NO_WELD
13.563,0.0,0.0,0.0,0.0,0.0,0.0,0.0,0.0,7,0,0.0065,0.0,3.8671912094718666,nan,nan,NO_WELD
13.613,0.0,0.0,0.0,0.0,0.0,0.0,0.0,0.0,7,0,0.0065,0.0,3.8671912094718666,nan,nan,NO_WELD
13.663,0.0,0.0,0.0,0.0,0.0,0.0,0.0,0.0,7,0,0.0065,0.0,3.8671912094718666,nan,nan,NO_WELD
13.713,0.0,0.0,0.0,0.0,0.0,0.0,0.0,0.0,7,0,0.0065,0.0,3.8671912094718666,nan,nan,NO_WELD
13.763,0.0,0.0,0.0,0.0,0.0,0.0,0.0,0.0,7,0,0.0065,0.0,3.8671912094718666,nan,nan,NO_WELD
13.813,0.0,0.0,0.0,0.0,0.0,0.0,0.0,0.0,7,0,0.0065,0.0,4.218753425770293,4.218753425770293,0.0,WELD_FOUND
13.863,0.0,0.0,0.0,0.0,0.0,0.0,0.0,0.0,7,0,0.0065,0.0,4.218753425770293,4.218753425770293,0.0,WELD_FOUND
13.913,0.013163970281412703,-0.05,0.005663970281412703,0.020663970281412702,0.0,0.0,0.0057,0.0207,7,0,0.0065,0.0,3.5156285662866162,3.8671912094718666,-0.3515626431852503,WELD_FOUND
13.963,0.013163970281412703,-0.05,0.005663970281412703,0.020663970281412702,0.0,0.0,0.0057,0.0207,7,0,0.0065,0.0,3.5156285662866162,3.8671912094718666,-0.3515626431852503,WELD_FOUND
14.013,0.01439905307322616,-0.1,-0.0006009469267738397,0.02939905307322616,0.0,0.0,-0.0006,0.0294,8,0,0.0074,0.0,3.5156285662866162,3.5156285662866162,0.0,WELD_FOUND
14.064,0.01439905307322616,-0.1,-0.0006009469267738397,0.02939905307322616,0.0,0.0,-0.0006,0.0294,8,0,0.0074,0.0,3.5156285662866162,3.5156285662866162,0.0,WELD_FOUND
14.113,0.0,0.0,0.0,0.0,0.0148,0.0,-0.0148,0.0,13,0,0.012,0.0,3.5156285662866162,nan,nan,NO_WELD
14.163,0.0,0.0,0.0,0.0,0.0148,0.0,-0.0148,0.0,13,0,0.012,0.0,3.5156285662866162,nan,nan,NO_WELD
14.213,0.0,0.0,0.0,0.0,0.0148,0.0,-0.0148,0.0,16,0,0.0148,0.0,3.5156285662866162,nan,nan,NO_WELD
14.263,0.0,0.0,0.0,0.0,0.0163,0.0,-0.0163,0.0,16,0,0.0148,0.0,3.5156285662866162,nan,nan,NO_WELD
14.313,0.015954242326688742,-0.05,0.008454242326688743,0.023454242326688742,0.0163,0.0,-0.0079,0.0235,16,0,0.0148,0.0,3.1640659231013664,3.1640659231013664,0.0,WELD_FOUND
14.363,0.015954242326688742,-0.05,0.008454242326688743,0.023454242326688742,0.013,0.0,-0.0046,0.0235,16,0,0.0148,0.0,3.1640659231013664,3.1640659231013664,0.0,WELD_FOUND
14.413,0.0,0.0,0.0,0.0,0.013,0.0,-0.013,0.0,17,0,0.0158,0.0,3.1640659231013664,nan,nan,NO_WELD
14.463,0.0,0.0,0.0,0.0,0.013,0.0,-0.013,0.0,17,0,0.0158,0.0,3.1640659231013664,nan,nan,NO_WELD
14.513,0.013700584985503889,-0.05,0.006200584985503889,0.02120058498550389,0.0103,0.0,-0.0041,0.0212,17,0,0.0158,0.0,3.8671912094718666,3.8671912094718666,0.0,WELD_FOUND
14.563,0.013700584985503889,-0.05,0.006200584985503889,0.02120058498550389,0.0103,0.0,-0.0041,0.0212,17,0,0.0158,0.0,3.8671912094718666,3.8671912094718666,0.0,WELD_FOUND
14.613,0.014510391086064929,-0.1,-0.0004896089139350707,0.02951039108606493,0.0103,0.0,-0.0108,0.0295,18,0,0.0167,0.0,3.1640659231013664,3.5156285662866162,-0.3515626431852499,WELD_FOUND
14.663,0.014510391086064929,-0.1,-0.0004896089139350707,0.02951039108606493,0.0087,0.0,-0.0091,0.0295,18,0,0.0167,0.0,3.1640659231013664,3.5156285662866162,-0.3515626431852499,WELD_FOUND
14.713,0.015977645064181135,-0.1332495198878933,-0.00400978291900286,0.035965073047365126,0.0087,0.0,-0.0127,0.036,19,0,0.0176,0.0,2.812503493359528,3.1640659231013664,-0.3515624297418385,WELD_FOUND
14.763,0.015977645064181135,-0.1332495198878933,-0.00400978291900286,0.035965073047365126,0.0089,0.0,-0.0129,0.036,19,0,0.0176,0.0,2.812503493359528,3.1640659231013664,-0.3515624297418385,WELD_FOUND
14.813,0.016957843677228517,-0.127293311975325,-0.0021361531190702346,0.03605184047352727,0.0089,0.0,-0.011,0.0361,22,0,0.0204,0.0,2.109378420432439,2.9882848149521526,-0.8789063945197135,WELD_FOUND
14.863,0.016957843677228517,-0.127293311975325,-0.0021361531190702346,0.03605184047352727,0.0089,0.0,-0.011,0.0361,22,0,0.0204,0.0,2.109378420432439,2.9882848149521526,-0.8789063945197135,WELD_FOUND
14.913,0.0,0.0,0.0,0.0,0.0152,0.0,-0.0152,0.0,23,0,0.0213,0.0,2.109378420432439,nan,nan,NO_WELD
14.963,0.0,0.0,0.0,0.0,0.0152,0.0,-0.0152,0.0,23,0,0.0213,0.0,2.109378420432439,nan,nan,NO_WELD
15.013,0.022321008954773118,-0.05,0.014821008954773118,0.029821008954773118,0.0122,0.0,0.0026,0.0298,23,0,0.0213,0.0,1.7578159906906006,1.7578159906906006,0.0,WELD_FOUND
15.064,0.022321008954773118,-0.05,0.014821008954773118,0.029821008954773118,0.0122,0.0,0.0026,0.0298,23,0,0.0213,0.0,1.7578159906906006,1.7578159906906006,0.0,WELD_FOUND
15.113,0.0,0.0,0.0,0.0,0.0122,0.0,-0.0122,0.0,25,0,0.0232,0.0,1.7578159906906006,nan,nan,NO_WELD
15.163,0.0,0.0,0.0,0.0,0.0123,0.0,-0.0123,0.0,25,0,0.0232,0.0,1.7578159906906006,nan,nan,NO_WELD
15.213,0.0,0.0,0.0,0.0,0.0123,0.0,-0.0123,0.0,25,0,0.0232,0.0,1.7578159906906006,nan,nan,NO_WELD
15.263,0.0,0.0,0.0,0.0,0.0123,0.0,-0.0123,0.0,25,0,0.0232,0.0,1.7578159906906006,nan,nan,NO_WELD
15.313,0.0,0.0,0.0,0.0,0.0098,0.0,-0.0098,0.0,25,0,0.0232,0.0,1.7578159906906006,nan,nan,NO_WELD
15.363,0.0,0.0,0.0,0.0,0.0098,0.0,-0.0098,0.0,25,0,0.0232,0.0,1.7578159906906006,nan,nan,NO_WELD
15.413,0.0,0.0,0.0,0.0,0.0098,0.0,-0.0098,0.0,25,0,0.0232,0.0,1.7578159906906006,nan,nan,NO_WELD
15.463,0.0,0.0,0.0,0.0,0.0078,0.0,-0.0078,0.0,25,0,0.0232,0.0,1.7578159906906006,nan,nan,NO_WELD
15.513,0.0,0.0,0.0,0.0,0.0078,0.0,-0.0078,0.0,25,0,0.0232,0.0,1.7578159906906006,nan,nan,NO_WELD
15.563,0.0,0.0,0.0,0.0,0.0063,0.0,-0.0063,0.0,25,0,0.0232,0.0,1.7578159906906006,nan,nan,NO_WELD
15.613,0.0,0.0,0.0,0.0,0.0063,0.0,-0.0063,0.0,25,0,0.0232,0.0,1.7578159906906006,nan,nan,NO_WELD
15.663,0.0,0.0,0.0,0.0,0.0063,0.0,-0.0063,0.0,25,0,0.0232,0.0,1.7578159906906006,nan,nan,NO_WELD
15.713,0.0,0.0,0.0,0.0,0.005,0.0,-0.005,0.0,25,0,0.0232,0.0,1.7578159906906006,nan,nan,NO_WELD
15.763,0.0,0.0,0.0,0.0,0.005,0.0,-0.005,0.0,25,0,0.0232,0.0,1.7578159906906006,nan,nan,NO_WELD
15.813,0.0,0.0,0.0,0.0,0.004,0.0,-0.004,0.0,25,0,0.0232,0.0,1.7578159906906006,nan,nan,NO_WELD
15.863,0.0,0.0,0.0,0.0,0.004,0.0,-0.004,0.0,25,0,0.0232,0.0,1.7578159906906006,nan,nan,NO_WELD
15.913,0.0,0.0,0.0,0.0,0.0032,0.0,-0.0032,0.0,25,0,0.0232,0.0,1.7578159906906006,nan,nan,NO_WELD
15.963,0.0,0.0,0.0,0.0,0.0032,0.0,-0.0032,0.0,25,0,0.0232,0.0,1.7578159906906006,nan,nan,NO_WELD
16.013,0.0,0.0,0.0,0.0,0.0032,0.0,-0.0032,0.0,25,0,0.0232,0.0,1.7578159906906006,nan,nan,NO_WELD
16.064,0.0,0.0,0.0,0.0,0.0026,0.0,-0.0026,0.0,25,0,0.0232,0.0,1.7578159906906006,nan,nan,NO_WELD
16.113,0.0,0.0,0.0,0.0,0.0026,0.0,-0.0026,0.0,25,0,0.0232,0.0,-2.460934233428519,nan,nan,NO_WELD
16.163,0.0,0.0,0.0,0.0,0.0026,0.0,-0.0026,0.0,25,0,0.0232,0.0,-2.460934233428519,nan,nan,NO_WELD
16.213,0.0,0.0,0.0,0.0,0.0021,0.0,-0.0021,0.0,25,0,0.0232,0.0,-2.1093715902432693,nan,nan,NO_WELD
16.263,0.0,0.0,0.0,0.0,0.0021,0.0,-0.0021,0.0,25,0,0.0232,0.0,-2.1093715902432693,nan,nan,NO_WELD
16.313,0.0,0.0,0.0,0.0,0.0021,0.0,-0.0021,0.0,25,0,0.0232,0.0,6.328128431108148,nan,nan,NO_WELD
16.363,0.0,0.0,0.0,0.0,0.0016,0.0,-0.0016,0.0,25,0,0.0232,0.0,6.328128431108148,nan,nan,NO_WELD
16.413,0.0,0.0,0.0,0.0,0.0016,0.0,-0.0016,0.0,25,0,0.0232,0.0,1.054690917763512,nan,nan,NO_WELD
16.463,0.0,0.0,0.0,0.0,0.0016,0.0,-0.0016,0.0,25,0,0.0232,0.0,1.054690917763512,nan,nan,NO_WELD
16.513,0.0,0.0,0.0,0.0,0.0013,0.0,-0.0013,0.0,25,0,0.0232,0.0,0.35156592487770283,nan,nan,NO_WELD
16.563,0.0,0.0,0.0,0.0,0.0013,0.0,-0.0013,0.0,25,0,0.0232,0.0,0.35156592487770283,nan,nan,NO_WELD
16.613,0.0,0.0,0.0,0.0,0.0013,0.0,-0.0013,0.0,25,0,0.0232,0.0,0.35156592487770283,nan,nan,NO_WELD
16.663,0.0,0.0,0.0,0.0,0.0011,0.0,-0.0011,0.0,25,0,0.0232,0.0,0.35156592487770283,nan,nan,NO_WELD
16.713,0.0,0.0,0.0,0.0,0.0011,0.0,-0.0011,0.0,25,0,0.0232,0.0,4.921878712140794,nan,nan,NO_WELD
16.763,0.0,0.0,0.0,0.0,0.0,0.0,0.0,0.0,25,0,0.0232,0.0,4.921878712140794,nan,nan,NO_WELD
16.813,0.0,0.0,0.0,0.0,0.0,0.0,0.0,0.0,25,0,0.0232,0.0,0.7031284346608206,nan,nan,NO_WELD
16.863,0.0,0.0,0.0,0.0,0.0,0.0,0.0,0.0,25,0,0.0232,0.0,0.7031284346608206,nan,nan,NO_WELD
16.913,0.0,0.0,0.0,0.0,0.0,0.0,0.0,0.0,25,0,0.0232,0.0,5.625003571624471,nan,nan,NO_WELD
16.963,0.0,0.0,0.0,0.0,0.0,0.0,0.0,0.0,25,0,0.0232,0.0,5.625003571624471,nan,nan,NO_WELD
17.013,0.0,0.0,0.0,0.0,0.0,0.0,0.0,0.0,25,0,0.0232,0.0,0.35156592487770283,nan,nan,NO_WELD
17.064,0.0,0.0,0.0,0.0,0.0,0.0,0.0,0.0,25,0,0.0232,0.0,0.35156592487770283,nan,nan,NO_WELD
17.113,0.0,0.0,0.0,0.0,0.0,0.0,0.0,0.0,25,0,0.0232,0.0,5.2734409284392205,nan,nan,NO_WELD
17.163,0.0,0.0,0.0,0.0,0.0,0.0,0.0,0.0,25,0,0.0232,0.0,5.2734409284392205,nan,nan,NO_WELD
17.213,0.0,0.0,0.0,0.0,0.0,0.0,0.0,0.0,25,0,0.0232,0.0,0.35156592487770283,nan,nan,NO_WELD
17.263,0.0,0.0,0.0,0.0,0.0,0.0,0.0,0.0,25,0,0.0232,0.0,0.35156592487770283,nan,nan,NO_WELD
17.313,0.0,0.0,0.0,0.0,0.0,0.0,0.0,0.0,25,0,0.0232,0.0,-4.921871881951623,nan,nan,NO_WELD
17.363,0.0,0.0,0.0,0.0,0.0,0.0,0.0,0.0,25,0,0.0232,0.0,-4.921871881951623,nan,nan,NO_WELD
17.413,0.0,0.0,0.0,0.0,0.0,0.0,0.0,0.0,25,0,0.0232,0.0,-5.6249967414353,nan,nan,NO_WELD
17.463,0.0,0.0,0.0,0.0,0.0,0.0,0.0,0.0,25,0,0.0232,0.0,-5.6249967414353,nan,nan,NO_WELD
17.513,0.0,0.0,0.0,0.0,0.0,0.0,0.0,0.0,25,0,0.0232,0.0,1.054690917763512,nan,nan,NO_WELD
17.563,0.0,0.0,0.0,0.0,0.0,0.0,0.0,0.0,25,0,0.0232,0.0,1.054690917763512,nan,nan,NO_WELD
17.613,0.0,0.0,0.0,0.0,0.0,0.0,0.0,0.0,25,0,0.0232,0.0,4.921878712140794,nan,nan,NO_WELD
17.663,0.0,0.0,0.0,0.0,0.0,0.0,0.0,0.0,25,0,0.0232,0.0,4.921878712140794,nan,nan,NO_WELD
17.713,0.0,0.0,0.0,0.0,0.0,0.0,0.0,0.0,25,0,0.0232,0.0,0.35156592487770283,nan,nan,NO_WELD
17.763,0.0,0.0,0.0,0.0,0.0,0.0,0.0,0.0,25,0,0.0232,0.0,0.35156592487770283,nan,nan,NO_WELD
17.813,0.0,0.0,0.0,0.0,0.0,0.0,0.0,0.0,25,0,0.0232,0.0,6.328128431108148,nan,nan,NO_WELD
17.863,0.0,0.0,0.0,0.0,0.0,0.0,0.0,0.0,25,0,0.0232,0.0,6.328128431108148,nan,nan,NO_WELD
17.913,0.0,0.0,0.0,0.0,0.0,0.0,0.0,0.0,25,0,0.0232,0.0,6.679691074293397,nan,nan,NO_WELD
17.963,0.0,0.0,0.0,0.0,0.0,0.0,0.0,0.0,25,0,0.0232,0.0,6.679691074293397,nan,nan,NO_WELD
18.013,0.0,0.0,0.0,0.0,0.0,0.0,0.0,0.0,25,0,0.0232,0.0,0.35156592487770283,nan,nan,NO_WELD
18.064,0.0,0.0,0.0,0.0,0.0,0.0,0.0,0.0,25,0,0.0232,0.0,0.35156592487770283,nan,nan,NO_WELD
18.113,0.0,0.0,0.0,0.0,0.0,0.0,0.0,0.0,25,0,0.0232,0.0,6.328128431108148,nan,nan,NO_WELD
18.163,0.0,0.0,0.0,0.0,0.0,0.0,0.0,0.0,25,0,0.0232,0.0,6.328128431108148,nan,nan,NO_WELD
18.213,0.0,0.0,0.0,0.0,0.0,0.0,0.0,0.0,25,0,0.0232,0.0,-4.921871881951623,nan,nan,NO_WELD
18.263,0.0,0.0,0.0,0.0,0.0,0.0,0.0,0.0,25,0,0.0232,0.0,-4.921871881951623,nan,nan,NO_WELD
18.313,0.0,0.0,0.0,0.0,0.0,0.0,0.0,0.0,25,0,0.0232,0.0,-3.164059092912196,nan,nan,NO_WELD
18.363,0.0,0.0,0.0,0.0,0.0,0.0,0.0,0.0,25,0,0.0232,0.0,-3.164059092912196,nan,nan,NO_WELD
18.413,0.0,0.0,0.0,0.0,0.0,0.0,0.0,0.0,25,0,0.0232,0.0,4.921878712140794,nan,nan,NO_WELD
18.463,0.0,0.0,0.0,0.0,0.0,0.0,0.0,0.0,25,0,0.0232,0.0,4.921878712140794,nan,nan,NO_WELD
18.513,0.0,0.0,0.0,0.0,0.0,0.0,0.0,0.0,25,0,0.0232,0.0,6.328128431108148,nan,nan,NO_WELD
18.563,0.0,0.0,0.0,0.0,0.0,0.0,0.0,0.0,25,0,0.0232,0.0,6.328128431108148,nan,nan,NO_WELD
18.613,0.0,0.0,0.0,0.0,0.0,0.0,0.0,0.0,25,0,0.0232,0.0,7.734379003849147,nan,nan,NO_WELD
18.663,0.0,0.0,0.0,0.0,0.0,0.0,0.0,0.0,25,0,0.0232,0.0,7.734379003849147,nan,nan,NO_WELD
18.713,0.0,0.0,0.0,0.0,0.0,0.0,0.0,0.0,25,0,0.0232,0.0,5.2734409284392205,nan,nan,NO_WELD
18.763,0.0,0.0,0.0,0.0,0.0,0.0,0.0,0.0,25,0,0.0232,0.0,5.2734409284392205,nan,nan,NO_WELD
18.813,0.0,0.0,0.0,0.0,0.0,0.0,0.0,0.0,25,0,0.0232,0.0,4.921878712140794,nan,nan,WELD_FOUND
18.863,0.009025560534973096,-0.05,0.0015255605349730958,0.016525560534973095,0.0,0.0,0.0015,0.0165,25,0,0.0232,0.0,4.921878712140794,4.921878712140794,0.0,WELD_FOUND
18.913,0.009025560534973096,-0.05,0.0015255605349730958,0.016525560534973095,0.0,0.0,0.0015,0.0165,25,0,0.0232,0.0,4.921878712140794,4.921878712140794,0.0,WELD_FOUND
18.963,0.009025560534973092,-0.1,-0.005974439465026907,0.02402556053497309,0.0,0.0,-0.006,0.024,25,0,0.0232,0.0,4.921878712140794,4.921878712140794,0.0,WELD_FOUND
19.014,0.0,0.0,0.0,0.0,0.0,0.0,0.0,0.0,25,0,0.0232,0.0,4.921878712140794,nan,nan,NO_WELD
19.064,0.0,0.0,0.0,0.0,0.0,0.0,0.0,0.0,25,0,0.0232,0.0,4.921878712140794,nan,nan,NO_WELD
19.113,0.0,0.0,0.0,0.0,0.0,0.0,0.0,0.0,26,0,0.0241,0.0,4.921878712140794,nan,nan,WELD_FOUND
19.163,0.009025560534973092,-0.05,0.0015255605349730923,0.016525560534973092,0.0025,0.0,-0.001,0.0165,26,0,0.0241,0.0,4.921878712140794,4.921878712140794,0.0,WELD_FOUND
19.213,0.009025560534973092,-0.05,0.0015255605349730923,0.016525560534973092,0.0025,0.0,-0.001,0.0165,26,0,0.0241,0.0,4.218753425770293,4.921878712140794,-0.7031252863705006,WELD_FOUND
19.263,0.010053001640129814,-0.1,-0.004946998359870185,0.025053001640129816,0.002,0.0,-0.0069,0.0251,26,0,0.0241,0.0,4.218753425770293,4.5703160689555435,-0.3515626431852503,WELD_FOUND
19.315,0.010053001640129814,-0.1,-0.004946998359870185,0.025053001640129816,0.002,0.0,-0.0069,0.0251,26,0,0.0241,0.0,4.218753425770293,4.5703160689555435,-0.3515626431852503,WELD_FOUND
19.363,0.0,0.0,0.0,0.0,0.002,0.0,-0.002,0.0,26,0,0.0241,0.0,4.218753425770293,nan,nan,NO_WELD
19.413,0.0,0.0,0.0,0.0,0.0016,0.0,-0.0016,0.0,26,0,0.0241,0.0,4.218753425770293,nan,nan,NO_WELD
19.463,0.0,0.0,0.0,0.0,0.0016,0.0,-0.0016,0.0,26,0,0.0241,0.0,4.218753425770293,nan,nan,NO_WELD
19.514,0.0,0.0,0.0,0.0,0.0013,0.0,-0.0013,0.0,26,0,0.0241,0.0,4.5703160689555435,nan,nan,NO_WELD
19.563,0.01026513439782356,-0.05,0.0027651343978235595,0.01776513439782356,0.0013,0.0,0.0015,0.0178,26,0,0.0241,0.0,4.5703160689555435,4.5703160689555435,0.0,WELD_FOUND
19.613,0.01026513439782356,-0.05,0.0027651343978235595,0.01776513439782356,0.0013,0.0,0.0015,0.0178,26,0,0.0241,0.0,4.5703160689555435,4.5703160689555435,0.0,WELD_FOUND
19.663,0.010307826730828808,-0.1,-0.004692173269171191,0.025307826730828806,0.001,0.0,-0.0057,0.0253,26,0,0.0241,0.0,4.5703160689555435,4.5703160689555435,0.0,WELD_FOUND
19.713,0.010307826730828808,-0.1,-0.004692173269171191,0.025307826730828806,0.001,0.0,-0.0057,0.0253,26,0,0.0241,0.0,4.5703160689555435,4.5703160689555435,0.0,WELD_FOUND
19.763,0.0,0.0,0.0,0.0,0.001,0.0,-0.001,0.0,26,0,0.0241,0.0,4.5703160689555435,nan,nan,NO_WELD
19.813,0.0,0.0,0.0,0.0,0.0031,0.0,-0.0031,0.0,27,0,0.025,0.0,4.5703160689555435,nan,nan,NO_WELD
19.863,0.0,0.0,0.0,0.0,0.0031,0.0,-0.0031,0.0,27,0,0.025,0.0,4.5703160689555435,nan,nan,NO_WELD
19.913,0.0,0.0,0.0,0.0,0.0031,0.0,-0.0031,0.0,27,0,0.025,0.0,4.5703160689555435,nan,nan,NO_WELD
19.963,0.0,0.0,0.0,0.0,0.0025,0.0,-0.0025,0.0,27,0,0.025,0.0,4.5703160689555435,nan,nan,NO_WELD
20.013,0.0,0.0,0.0,0.0,0.0025,0.0,-0.0025,0.0,27,0,0.025,0.0,4.5703160689555435,nan,nan,NO_WELD
20.064,0.0,0.0,0.0,0.0,0.002,0.0,-0.002,0.0,27,0,0.025,0.0,4.5703160689555435,nan,nan,NO_WELD
20.113,0.0,0.0,0.0,0.0,0.002,0.0,-0.002,0.0,27,0,0.025,0.0,4.5703160689555435,nan,nan,NO_WELD
20.163,0.0,0.0,0.0,0.0,0.002,0.0,-0.002,0.0,27,0,0.025,0.0,4.5703160689555435,nan,nan,NO_WELD
20.213,0.0,0.0,0.0,0.0,0.0016,0.0,-0.0016,0.0,27,0,0.025,0.0,4.5703160689555435,nan,nan,NO_WELD
20.263,0.0,0.0,0.0,0.0,0.0016,0.0,-0.0016,0.0,27,0,0.025,0.0,4.5703160689555435,nan,nan,NO_WELD
20.313,0.0,0.0,0.0,0.0,0.0013,0.0,-0.0013,0.0,27,0,0.025,0.0,4.5703160689555435,nan,nan,NO_WELD
20.363,0.0,0.0,0.0,0.0,0.0013,0.0,-0.0013,0.0,27,0,0.025,0.0,4.5703160689555435,nan,nan,NO_WELD
20.413,0.0,0.0,0.0,0.0,0.0013,0.0,-0.0013,0.0,27,0,0.025,0.0,4.5703160689555435,nan,nan,NO_WELD
20.463,0.0,0.0,0.0,0.0,0.001,0.0,-0.001,0.0,27,0,0.025,0.0,4.5703160689555435,nan,nan,NO_WELD
20.513,0.0,0.0,0.0,0.0,0.001,0.0,-0.001,0.0,27,0,0.025,0.0,4.5703160689555435,nan,nan,NO_WELD
20.563,0.011697984183214948,-0.05,0.0041979841832149485,0.019197984183214948,0.0,0.0,0.0042,0.0192,27,0,0.025,0.0,4.218753425770293,4.218753425770293,0.0,WELD_FOUND
20.613,0.011697984183214948,-0.05,0.0041979841832149485,0.019197984183214948,0.0,0.0,0.0042,0.0192,27,0,0.025,0.0,4.218753425770293,4.218753425770293,0.0,WELD_FOUND
20.663,0.0,0.0,0.0,0.0,0.0,0.0,0.0,0.0,27,0,0.025,0.0,4.218753425770293,nan,nan,NO_WELD
20.713,0.0,0.0,0.0,0.0,0.0,0.0,0.0,0.0,27,0,0.025,0.0,4.218753425770293,nan,nan,NO_WELD
20.763,0.0,0.0,0.0,0.0,0.0,0.0,0.0,0.0,27,0,0.025,0.0,4.218753425770293,nan,nan,NO_WELD
20.813,0.0,0.0,0.0,0.0,0.0,0.0,0.0,0.0,27,0,0.025,0.0,4.218753425770293,nan,nan,NO_WELD
20.863,0.0,0.0,0.0,0.0,0.0,0.0,0.0,0.0,27,0,0.025,0.0,4.218753425770293,nan,nan,NO_WELD
20.913,0.0,0.0,0.0,0.0,0.0,0.0,0.0,0.0,27,0,0.025,0.0,4.218753425770293,nan,nan,NO_WELD
20.963,0.0,0.0,0.0,0.0,0.0,0.0,0.0,0.0,27,0,0.025,0.0,4.218753425770293,nan,nan,NO_WELD
21.013,0.0,0.0,0.0,0.0,0.0,0.0,0.0,0.0,27,0,0.025,0.0,4.218753425770293,nan,nan,NO_WELD
21.064,0.0,0.0,0.0,0.0,0.0,0.0,0.0,0.0,27,0,0.025,0.0,4.921878712140794,4.921878712140794,0.0,WELD_FOUND
21.113,0.0,0.0,0.0,0.0,0.0,0.0,0.0,0.0,27,0,0.025,0.0,4.921878712140794,4.921878712140794,0.0,WELD_FOUND
21.163,0.0,0.0,0.0,0.0,0.0,0.0,0.0,0.0,27,0,0.025,0.0,4.921878712140794,nan,nan,NO_WELD
21.213,0.0,0.0,0.0,0.0,0.0,0.0,0.0,0.0,27,0,0.025,0.0,4.921878712140794,nan,nan,NO_WELD
21.263,0.0,0.0,0.0,0.0,0.0,0.0,0.0,0.0,27,0,0.025,0.0,4.921878712140794,nan,nan,NO_WELD
21.313,0.0,0.0,0.0,0.0,0.0,0.0,0.0,0.0,27,0,0.025,0.0,4.921878712140794,nan,nan,NO_WELD
21.363,0.0,0.0,0.0,0.0,0.0,0.0,0.0,0.0,27,0,0.025,0.0,4.921878712140794,nan,nan,NO_WELD
21.413,0.0,0.0,0.0,0.0,0.0,0.0,0.0,0.0,27,0,0.025,0.0,4.921878712140794,nan,nan,NO_WELD
21.463,0.0,0.0,0.0,0.0,0.0,0.0,0.0,0.0,27,0,0.025,0.0,4.921878712140794,nan,nan,NO_WELD
21.513,0.0,0.0,0.0,0.0,0.0,0.0,0.0,0.0,27,0,0.025,0.0,4.921878712140794,nan,nan,NO_WELD
21.563,0.0,0.0,0.0,0.0,0.0,0.0,0.0,0.0,27,0,0.025,0.0,4.921878712140794,nan,nan,NO_WELD
21.613,0.0,0.0,0.0,0.0,0.0,0.0,0.0,0.0,27,0,0.025,0.0,4.921878712140794,nan,nan,NO_WELD
21.663,0.0,0.0,0.0,0.0,0.0,0.0,0.0,0.0,27,0,0.025,0.0,4.218753425770293,4.218753425770293,0.0,WELD_FOUND
21.713,0.0,0.0,0.0,0.0,0.0,0.0,0.0,0.0,27,0,0.025,0.0,4.218753425770293,4.218753425770293,0.0,WELD_FOUND
21.763,0.0,0.0,0.0,0.0,0.0,0.0,0.0,0.0,27,0,0.025,0.0,4.218753425770293,nan,nan,NO_WELD
21.813,0.0,0.0,0.0,0.0,0.0,0.0,0.0,0.0,27,0,0.025,0.0,4.218753425770293,nan,nan,NO_WELD
21.863,0.0,0.0,0.0,0.0,0.0,0.0,0.0,0.0,27,0,0.025,0.0,4.218753425770293,nan,nan,NO_WELD
21.913,0.0,0.0,0.0,0.0,0.0,0.0,0.0,0.0,27,0,0.025,0.0,4.218753425770293,nan,nan,NO_WELD
21.963,0.011697984183214948,-0.05,0.0041979841832149485,0.019197984183214948,0.0,0.0,0.0042,0.0192,27,0,0.025,0.0,4.218753425770293,4.218753425770293,0.0,WELD_FOUND
22.013,0.011697984183214948,-0.05,0.0041979841832149485,0.019197984183214948,0.0,0.0,0.0042,0.0192,27,0,0.025,0.0,4.218753425770293,4.218753425770293,0.0,WELD_FOUND
22.064,0.011697984183214948,-0.1,-0.003302015816785051,0.026697984183214948,0.0,0.0,-0.0033,0.0267,27,0,0.025,0.0,4.218753425770293,4.218753425770293,0.0,WELD_FOUND
22.113,0.011697984183214948,-0.1,-0.003302015816785051,0.026697984183214948,0.0,0.0,-0.0033,0.0267,29,0,0.0269,0.0,4.218753425770293,4.218753425770293,0.0,WELD_FOUND
22.163,0.0,0.0,0.0,0.0,0.0,0.0,0.0,0.0,29,0,0.0269,0.0,4.218753425770293,nan,nan,NO_WELD
22.213,0.0,0.0,0.0,0.0,0.0049,0.0,-0.0049,0.0,29,0,0.0269,0.0,4.218753425770293,nan,nan,NO_WELD
22.263,0.011697984183214948,-0.05,0.0041979841832149485,0.019197984183214948,0.0049,0.0,-0.0007,0.0192,29,0,0.0269,0.0,4.218753425770293,4.218753425770293,0.0,WELD_FOUND
22.313,0.011697984183214948,-0.05,0.0041979841832149485,0.019197984183214948,0.004,0.0,0.0002,0.0192,29,0,0.0269,0.0,4.218753425770293,4.218753425770293,0.0,WELD_FOUND
22.363,0.0,0.0,0.0,0.0,0.004,0.0,-0.004,0.0,29,0,0.0269,0.0,4.218753425770293,nan,nan,NO_WELD
22.413,0.0,0.0,0.0,0.0,0.004,0.0,-0.004,0.0,29,0,0.0269,0.0,4.218753425770293,nan,nan,NO_WELD
22.463,0.0,0.0,0.0,0.0,0.0032,0.0,-0.0032,0.0,29,0,0.0269,0.0,4.218753425770293,nan,nan,NO_WELD
22.513,0.0,0.0,0.0,0.0,0.0032,0.0,-0.0032,0.0,29,0,0.0269,0.0,4.218753425770293,nan,nan,NO_WELD
22.563,0.009532359695194781,-0.05,0.002032359695194781,0.01703235969519478,0.0025,0.0,-0.0005,0.017,29,0,0.0269,0.0,4.921878712140794,4.921878712140794,0.0,WELD_FOUND
22.613,0.009532359695194781,-0.05,0.002032359695194781,0.01703235969519478,0.0025,0.0,-0.0005,0.017,29,0,0.0269,0.0,4.921878712140794,4.921878712140794,0.0,WELD_FOUND
22.663,0.0,0.0,0.0,0.0,0.0025,0.0,-0.0025,0.0,29,0,0.0269,0.0,4.921878712140794,nan,nan,NO_WELD
22.713,0.0,0.0,0.0,0.0,0.004,0.0,-0.004,0.0,30,0,0.0278,0.0,4.921878712140794,nan,nan,NO_WELD
22.763,0.0,0.0,0.0,0.0,0.004,0.0,-0.004,0.0,30,0,0.0278,0.0,4.921878712140794,nan,nan,NO_WELD
22.813,0.0,0.0,0.0,0.0,0.0032,0.0,-0.0032,0.0,30,0,0.0278,0.0,4.921878712140794,nan,nan,NO_WELD
22.863,0.0,0.0,0.0,0.0,0.0032,0.0,-0.0032,0.0,30,0,0.0278,0.0,4.921878712140794,nan,nan,NO_WELD
22.913,0.0,0.0,0.0,0.0,0.0032,0.0,-0.0032,0.0,30,0,0.0278,0.0,4.921878712140794,nan,nan,NO_WELD
22.963,0.0,0.0,0.0,0.0,0.0026,0.0,-0.0026,0.0,30,0,0.0278,0.0,4.921878712140794,nan,nan,NO_WELD
23.013,0.0,0.0,0.0,0.0,0.0026,0.0,-0.0026,0.0,30,0,0.0278,0.0,4.921878712140794,nan,nan,NO_WELD
23.064,0.010318513656864835,-0.05,0.002818513656864835,0.017818513656864834,0.002,0.0,0.0008,0.0178,30,0,0.0278,0.0,4.5703160689555435,4.5703160689555435,0.0,WELD_FOUND
23.113,0.010318513656864835,-0.05,0.002818513656864835,0.017818513656864834,0.002,0.0,0.0008,0.0178,30,0,0.0278,0.0,4.5703160689555435,4.5703160689555435,0.0,WELD_FOUND
23.163,0.0,0.0,0.0,0.0,0.0016,0.0,-0.0016,0.0,30,0,0.0278,0.0,4.5703160689555435,nan,nan,NO_WELD
23.213,0.0,0.0,0.0,0.0,0.0016,0.0,-0.0016,0.0,30,0,0.0278,0.0,4.5703160689555435,nan,nan,NO_WELD
23.263,0.0,0.0,0.0,0.0,0.0016,0.0,-0.0016,0.0,30,0,0.0278,0.0,4.5703160689555435,nan,nan,NO_WELD
23.313,0.0,0.0,0.0,0.0,0.0013,0.0,-0.0013,0.0,30,0,0.0278,0.0,4.5703160689555435,nan,nan,NO_WELD
23.363,0.0,0.0,0.0,0.0,0.0013,0.0,-0.0013,0.0,30,0,0.0278,0.0,4.5703160689555435,nan,nan,NO_WELD
23.413,0.0,0.0,0.0,0.0,0.001,0.0,-0.001,0.0,30,0,0.0278,0.0,4.5703160689555435,nan,nan,NO_WELD
23.463,0.0,0.0,0.0,0.0,0.001,0.0,-0.001,0.0,30,0,0.0278,0.0,4.5703160689555435,nan,nan,NO_WELD
23.513,0.0,0.0,0.0,0.0,0.0,0.0,0.0,0.0,30,0,0.0278,0.0,4.5703160689555435,nan,nan,NO_WELD
23.563,0.0,0.0,0.0,0.0,0.0,0.0,0.0,0.0,30,0,0.0278,0.0,3.8671912094718666,3.8671912094718666,0.0,WELD_FOUND
23.613,0.0,0.0,0.0,0.0,0.0,0.0,0.0,0.0,30,0,0.0278,0.0,3.8671912094718666,3.8671912094718666,0.0,WELD_FOUND
23.663,0.0,0.0,0.0,0.0,0.0,0.0,0.0,0.0,30,0,0.0278,0.0,3.8671912094718666,nan,nan,NO_WELD
23.713,0.0,0.0,0.0,0.0,0.0,0.0,0.0,0.0,30,0,0.0278,0.0,3.8671912094718666,nan,nan,NO_WELD
23.763,0.0,0.0,0.0,0.0,0.0,0.0,0.0,0.0,30,0,0.0278,0.0,3.8671912094718666,nan,nan,NO_WELD
23.813,0.0,0.0,0.0,0.0,0.0,0.0,0.0,0.0,30,0,0.0278,0.0,3.8671912094718666,nan,nan,NO_WELD
23.863,0.014716475511625355,-0.05,0.007216475511625355,0.022216475511625353,0.0,0.0,0.0072,0.0222,30,0,0.0278,0.0,3.5156285662866162,3.5156285662866162,0.0,WELD_FOUND
23.913,0.014716475511625355,-0.05,0.007216475511625355,0.022216475511625353,0.0,0.0,0.0072,0.0222,30,0,0.0278,0.0,3.5156285662866162,3.5156285662866162,0.0,WELD_FOUND
23.963,0.0,0.0,0.0,0.0,0.0,0.0,0.0,0.0,30,0,0.0278,0.0,3.5156285662866162,nan,nan,NO_WELD
24.013,0.0,0.0,0.0,0.0,0.0,0.0,0.0,0.0,31,0,0.0287,0.0,3.5156285662866162,nan,nan,NO_WELD
24.064,0.012273996913087696,-0.05,0.004773996913087697,0.019773996913087698,0.0,0.0,0.0048,0.0198,31,0,0.0287,0.0,4.218753425770293,4.218753425770293,0.0,WELD_FOUND
24.113,0.012273996913087696,-0.05,0.004773996913087697,0.019773996913087698,0.0049,0.0,-0.0002,0.0198,32,0,0.0297,0.0,4.218753425770293,4.218753425770293,0.0,WELD_FOUND
24.163,0.0,0.0,0.0,0.0,0.0049,0.0,-0.0049,0.0,32,0,0.0297,0.0,4.218753425770293,nan,nan,NO_WELD
24.213,0.0,0.0,0.0,0.0,0.0049,0.0,-0.0049,0.0,32,0,0.0297,0.0,4.218753425770293,nan,nan,NO_WELD
24.263,0.0,0.0,0.0,0.0,0.0039,0.0,-0.0039,0.0,32,0,0.0297,0.0,4.218753425770293,nan,nan,NO_WELD
24.313,0.0,0.0,0.0,0.0,0.0039,0.0,-0.0039,0.0,32,0,0.0297,0.0,4.218753425770293,nan,nan,NO_WELD
24.363,0.012983483914567455,-0.05,0.0054834839145674556,0.020483483914567453,0.0032,0.0,0.0023,0.0205,32,0,0.0297,0.0,3.8671912094718666,3.8671912094718666,0.0,WELD_FOUND
24.413,0.012983483914567455,-0.05,0.0054834839145674556,0.020483483914567453,0.0032,0.0,0.0023,0.0205,33,0,0.0306,0.0,3.8671912094718666,3.8671912094718666,0.0,WELD_FOUND
24.463,0.0,0.0,0.0,0.0,0.0032,0.0,-0.0032,0.0,33,0,0.0306,0.0,3.8671912094718666,nan,nan,NO_WELD
24.513,0.0,0.0,0.0,0.0,0.0044,0.0,-0.0044,0.0,33,0,0.0306,0.0,3.8671912094718666,nan,nan,NO_WELD
24.563,0.01564998779984429,-0.05,0.008149987799844289,0.02314998779984429,0.0044,0.0,0.0038,0.0231,33,0,0.0306,0.0,3.1640659231013664,3.1640659231013664,0.0,WELD_FOUND
24.613,0.01564998779984429,-0.05,0.008149987799844289,0.02314998779984429,0.0044,0.0,0.0038,0.0231,34,0,0.0315,0.0,3.1640659231013664,3.1640659231013664,0.0,WELD_FOUND
24.663,0.0,0.0,0.0,0.0,0.0051,0.0,-0.0051,0.0,34,0,0.0315,0.0,3.1640659231013664,nan,nan,NO_WELD
24.713,0.0,0.0,0.0,0.0,0.0051,0.0,-0.0051,0.0,35,0,0.0324,0.0,3.1640659231013664,nan,nan,NO_WELD
24.763,0.0,0.0,0.0,0.0,0.0051,0.0,-0.0051,0.0,35,0,0.0324,0.0,3.1640659231013664,nan,nan,NO_WELD
24.813,0.0,0.0,0.0,0.0,0.0055,0.0,-0.0055,0.0,35,0,0.0324,0.0,3.1640659231013664,nan,nan,NO_WELD
24.863,0.017580792228626442,-0.05,0.010080792228626442,0.025080792228626442,0.0055,0.0,0.0046,0.0251,35,0,0.0324,0.0,2.812503493359528,2.812503493359528,0.0,WELD_FOUND
24.913,0.017580792228626442,-0.05,0.010080792228626442,0.025080792228626442,0.0055,0.0,0.0046,0.0251,35,0,0.0324,0.0,2.812503493359528,2.812503493359528,0.0,WELD_FOUND
24.963,0.0,0.0,0.0,0.0,0.0044,0.0,-0.0044,0.0,35,0,0.0324,0.0,2.812503493359528,nan,nan,NO_WELD
25.013,0.0,0.0,0.0,0.0,0.0044,0.0,-0.0044,0.0,37,0,0.0343,0.0,2.812503493359528,nan,nan,NO_WELD
25.064,0.0,0.0,0.0,0.0,0.0044,0.0,-0.0044,0.0,37,0,0.0343,0.0,2.812503493359528,nan,nan,NO_WELD
25.113,0.0,0.0,0.0,0.0,0.0076,0.0,-0.0076,0.0,37,0,0.0343,0.0,2.812503493359528,nan,nan,NO_WELD
25.163,0.0,0.0,0.0,0.0,0.0076,0.0,-0.0076,0.0,37,0,0.0343,0.0,2.812503493359528,nan,nan,NO_WELD
25.213,0.0,0.0,0.0,0.0,0.0076,0.0,-0.0076,0.0,37,0,0.0343,0.0,2.812503493359528,nan,nan,NO_WELD
25.263,0.0,0.0,0.0,0.0,0.0061,0.0,-0.0061,0.0,37,0,0.0343,0.0,2.812503493359528,nan,nan,NO_WELD
25.313,0.0,0.0,0.0,0.0,0.0061,0.0,-0.0061,0.0,37,0,0.0343,0.0,2.812503493359528,nan,nan,NO_WELD
25.363,0.019893093376186093,-0.05,0.012393093376186094,0.027393093376186093,0.0049,0.0,0.0075,0.0274,37,0,0.0343,0.0,2.4609410636176894,2.4609410636176894,0.0,WELD_FOUND
25.413,0.019893093376186093,-0.05,0.012393093376186094,0.027393093376186093,0.0049,0.0,0.0075,0.0274,37,0,0.0343,0.0,2.4609410636176894,2.4609410636176894,0.0,WELD_FOUND
25.463,0.021405031778222987,-0.08787357468668466,0.008223995575220288,0.03458606798122569,0.0049,0.0,0.0034,0.0346,37,0,0.0343,0.0,1.7578159906906006,2.109378420432439,-0.3515624297418385,WELD_FOUND
25.513,0.021405031778222987,-0.08787357468668466,0.008223995575220288,0.03458606798122569,0.0039,0.0,0.0043,0.0346,37,0,0.0343,0.0,1.7578159906906006,2.109378420432439,-0.3515624297418385,WELD_FOUND
25.563,0.0,0.0,0.0,0.0,0.0039,0.0,-0.0039,0.0,40,0,0.0371,0.0,1.7578159906906006,nan,nan,NO_WELD
25.613,0.0,0.0,0.0,0.0,0.0135,0.0,-0.0135,0.0,40,0,0.0371,0.0,1.7578159906906006,nan,nan,NO_WELD
25.663,0.0,0.0,0.0,0.0,0.0135,0.0,-0.0135,0.0,42,0,0.0389,0.0,1.7578159906906006,nan,nan,NO_WELD
25.713,0.0,0.0,0.0,0.0,0.0135,0.0,-0.0135,0.0,42,0,0.0389,0.0,1.7578159906906006,nan,nan,NO_WELD
25.763,0.0,0.0,0.0,0.0,0.013,0.0,-0.013,0.0,42,0,0.0389,0.0,1.7578159906906006,nan,nan,NO_WELD
25.813,0.0,0.0,0.0,0.0,0.013,0.0,-0.013,0.0,42,0,0.0389,0.0,1.7578159906906006,nan,nan,NO_WELD
25.863,0.0,0.0,0.0,0.0,0.013,0.0,-0.013,0.0,42,0,0.0389,0.0,1.7578159906906006,nan,nan,NO_WELD
25.913,0.0,0.0,0.0,0.0,0.0104,0.0,-0.0104,0.0,42,0,0.0389,0.0,1.7578159906906006,nan,nan,NO_WELD
25.963,0.0,0.0,0.0,0.0,0.0104,0.0,-0.0104,0.0,42,0,0.0389,0.0,1.7578159906906006,nan,nan,NO_WELD
26.013,0.0,0.0,0.0,0.0,0.0104,0.0,-0.0104,0.0,42,0,0.0389,0.0,1.7578159906906006,nan,nan,NO_WELD
26.064,0.0,0.0,0.0,0.0,0.0083,0.0,-0.0083,0.0,42,0,0.0389,0.0,1.7578159906906006,nan,nan,NO_WELD
26.113,0.0,0.0,0.0,0.0,0.0083,0.0,-0.0083,0.0,42,0,0.0389,0.0,1.7578159906906006,nan,nan,NO_WELD
26.163,0.0,0.0,0.0,0.0,0.0067,0.0,-0.0067,0.0,42,0,0.0389,0.0,1.7578159906906006,nan,nan,NO_WELD
26.213,0.0,0.0,0.0,0.0,0.0067,0.0,-0.0067,0.0,42,0,0.0389,0.0,1.7578159906906006,nan,nan,NO_WELD
26.263,0.0,0.0,0.0,0.0,0.0067,0.0,-0.0067,0.0,42,0,0.0389,0.0,1.7578159906906006,nan,nan,NO_WELD
26.313,0.0,0.0,0.0,0.0,0.0053,0.0,-0.0053,0.0,42,0,0.0389,0.0,1.7578159906906006,nan,nan,NO_WELD
26.363,0.0,0.0,0.0,0.0,0.0053,0.0,-0.0053,0.0,42,0,0.0389,0.0,1.7578159906906006,nan,nan,NO_WELD
26.413,0.0,0.0,0.0,0.0,0.0043,0.0,-0.0043,0.0,42,0,0.0389,0.0,1.7578159906906006,nan,nan,NO_WELD
26.463,0.0,0.0,0.0,0.0,0.0043,0.0,-0.0043,0.0,42,0,0.0389,0.0,1.7578159906906006,nan,nan,NO_WELD
26.513,0.0,0.0,0.0,0.0,0.0034,0.0,-0.0034,0.0,42,0,0.0389,0.0,1.7578159906906006,nan,nan,NO_WELD
26.563,0.0,0.0,0.0,0.0,0.0034,0.0,-0.0034,0.0,42,0,0.0389,0.0,4.921878712140794,nan,nan,NO_WELD
26.613,0.0,0.0,0.0,0.0,0.0027,0.0,-0.0027,0.0,42,0,0.0389,0.0,4.921878712140794,nan,nan,NO_WELD
26.663,0.0,0.0,0.0,0.0,0.0027,0.0,-0.0027,0.0,42,0,0.0389,0.0,3.1640659231013664,nan,nan,NO_WELD
26.713,0.0,0.0,0.0,0.0,0.0027,0.0,-0.0027,0.0,42,0,0.0389,0.0,3.1640659231013664,nan,nan,NO_WELD
26.763,0.0,0.0,0.0,0.0,0.0022,0.0,-0.0022,0.0,42,0,0.0389,0.0,1.4062534542270564,nan,nan,NO_WELD
26.813,0.0,0.0,0.0,0.0,0.0022,0.0,-0.0022,0.0,42,0,0.0389,0.0,1.4062534542270564,nan,nan,NO_WELD
26.863,0.0,0.0,0.0,0.0,0.0017,0.0,-0.0017,0.0,42,0,0.0389,0.0,2.4609410636176894,nan,nan,NO_WELD
26.913,0.0,0.0,0.0,0.0,0.0017,0.0,-0.0017,0.0,42,0,0.0389,0.0,2.4609410636176894,nan,nan,NO_WELD
26.963,0.0,0.0,0.0,0.0,0.0017,0.0,-0.0017,0.0,42,0,0.0389,0.0,1.4062534542270564,nan,nan,NO_WELD
27.013,0.0,0.0,0.0,0.0,0.0014,0.0,-0.0014,0.0,42,0,0.0389,0.0,1.4062534542270564,nan,nan,NO_WELD
27.064,0.0,0.0,0.0,0.0,0.0014,0.0,-0.0014,0.0,42,0,0.0389,0.0,2.109378420432439,nan,nan,NO_WELD
27.113,0.0,0.0,0.0,0.0,0.0011,0.0,-0.0011,0.0,42,0,0.0389,0.0,2.109378420432439,nan,nan,NO_WELD
27.163,0.0,0.0,0.0,0.0,0.0011,0.0,-0.0011,0.0,42,0,0.0389,0.0,-2.8124966631703576,nan,nan,NO_WELD
27.213,0.0,0.0,0.0,0.0,0.0011,0.0,-0.0011,0.0,42,0,0.0389,0.0,-2.8124966631703576,nan,nan,NO_WELD
27.263,0.0,0.0,0.0,0.0,0.0,0.0,0.0,0.0,42,0,0.0389,0.0,2.4609410636176894,nan,nan,NO_WELD
27.313,0.0,0.0,0.0,0.0,0.0,0.0,0.0,0.0,42,0,0.0389,0.0,2.4609410636176894,nan,nan,NO_WELD
27.363,0.0,0.0,0.0,0.0,0.0,0.0,0.0,0.0,42,0,0.0389,0.0,11.953129014524857,nan,nan,NO_WELD
27.413,0.0,0.0,0.0,0.0,0.0,0.0,0.0,0.0,42,0,0.0389,0.0,11.953129014524857,nan,nan,NO_WELD
27.463,0.0,0.0,0.0,0.0,0.0,0.0,0.0,0.0,42,0,0.0389,0.0,1.054690917763512,nan,nan,NO_WELD
27.513,0.0,0.0,0.0,0.0,0.0,0.0,0.0,0.0,42,0,0.0389,0.0,1.054690917763512,nan,nan,NO_WELD
27.563,0.0,0.0,0.0,0.0,0.0,0.0,0.0,0.0,42,0,0.0389,0.0,4.5703160689555435,nan,nan,NO_WELD
27.613,0.0,0.0,0.0,0.0,0.0,0.0,0.0,0.0,42,0,0.0389,0.0,4.5703160689555435,nan,nan,NO_WELD
27.663,0.0,0.0,0.0,0.0,0.0,0.0,0.0,0.0,42,0,0.0389,0.0,4.218753425770293,nan,nan,NO_WELD
27.713,0.0,0.0,0.0,0.0,0.0,0.0,0.0,0.0,42,0,0.0389,0.0,4.218753425770293,nan,nan,NO_WELD
27.763,0.0,0.0,0.0,0.0,0.0,0.0,0.0,0.0,42,0,0.0389,0.0,3.5156285662866162,nan,nan,NO_WELD
27.813,0.0,0.0,0.0,0.0,0.0,0.0,0.0,0.0,42,0,0.0389,0.0,3.5156285662866162,nan,nan,NO_WELD
27.863,0.0,0.0,0.0,0.0,0.0,0.0,0.0,0.0,42,0,0.0389,0.0,4.218753425770293,nan,nan,NO_WELD
27.913,0.0,0.0,0.0,0.0,0.0,0.0,0.0,0.0,42,0,0.0389,0.0,4.218753425770293,nan,nan,NO_WELD
27.963,0.0,0.0,0.0,0.0,0.0,0.0,0.0,0.0,42,0,0.0389,0.0,7.031253717478648,7.031253717478648,0.0,WELD_FOUND
28.013,0.0,0.0,0.0,0.0,0.0,0.0,0.0,0.0,42,0,0.0389,0.0,7.031253717478648,7.031253717478648,0.0,WELD_FOUND
28.064,0.0,0.0,0.0,0.0,0.0,0.0,0.0,0.0,42,0,0.0389,0.0,7.031253717478648,nan,nan,NO_WELD
28.113,0.0,0.0,0.0,0.0,0.0,0.0,0.0,0.0,42,0,0.0389,0.0,7.031253717478648,nan,nan,NO_WELD
28.163,0.0,0.0,0.0,0.0,0.0,0.0,0.0,0.0,42,0,0.0389,0.0,7.031253717478648,nan,nan,NO_WELD
28.213,0.0,0.0,0.0,0.0,0.0,0.0,0.0,0.0,42,0,0.0389,0.0,7.031253717478648,nan,nan,NO_WELD
28.263,0.0,0.0,0.0,0.0,0.0,0.0,0.0,0.0,42,0,0.0389,0.0,7.031253717478648,nan,nan,NO_WELD
28.313,0.0,0.0,0.0,0.0,0.0,0.0,0.0,0.0,42,0,0.0389,0.0,7.031253717478648,nan,nan,NO_WELD
28.363,0.0,0.0,0.0,0.0,0.0,0.0,0.0,0.0,42,0,0.0389,0.0,7.031253717478648,nan,nan,NO_WELD
28.413,0.0,0.0,0.0,0.0,0.0,0.0,0.0,0.0,42,0,0.0389,0.0,7.031253717478648,nan,nan,NO_WELD
28.463,0.0,0.0,0.0,0.0,0.0,0.0,0.0,0.0,42,0,0.0389,0.0,7.031253717478648,nan,nan,NO_WELD
28.513,0.0,0.0,0.0,0.0,0.0,0.0,0.0,0.0,42,0,0.0389,0.0,7.031253717478648,nan,nan,NO_WELD
28.563,0.0,0.0,0.0,0.0,0.0,0.0,0.0,0.0,42,0,0.0389,0.0,7.031253717478648,7.031253717478648,0.0,WELD_FOUND
28.613,0.0,0.0,0.0,0.0,0.0,0.0,0.0,0.0,42,0,0.0389,0.0,7.031253717478648,7.031253717478648,0.0,WELD_FOUND
28.663,0.0,0.0,0.0,0.0,0.0,0.0,0.0,0.0,42,0,0.0389,0.0,7.031253717478648,nan,nan,NO_WELD
28.713,0.0,0.0,0.0,0.0,0.0,0.0,0.0,0.0,42,0,0.0389,0.0,7.031253717478648,nan,nan,NO_WELD
28.763,0.0,0.0,0.0,0.0,0.0,0.0,0.0,0.0,42,0,0.0389,0.0,7.031253717478648,nan,nan,NO_WELD
28.813,0.0,0.0,0.0,0.0,0.0,0.0,0.0,0.0,42,0,0.0389,0.0,7.031253717478648,nan,nan,NO_WELD
28.863,0.0,0.0,0.0,0.0,0.0,0.0,0.0,0.0,42,0,0.0389,0.0,7.031253717478648,nan,nan,NO_WELD
28.913,0.0,0.0,0.0,0.0,0.0,0.0,0.0,0.0,42,0,0.0389,0.0,7.031253717478648,nan,nan,NO_WELD
28.963,0.005,-0.05,-0.0024999999999999996,0.0125,0.0,0.0,-0.0025,0.0125,42,0,0.0389,0.0,6.679691074293397,6.679691074293397,0.0,WELD_FOUND
29.013,0.005,-0.05,-0.0024999999999999996,0.0125,0.0,0.0,-0.0025,0.0125,42,0,0.0389,0.0,6.679691074293397,6.679691074293397,0.0,WELD_FOUND
29.064,0.0,0.0,0.0,0.0,0.0,0.0,0.0,0.0,42,0,0.0389,0.0,6.679691074293397,nan,nan,NO_WELD
29.113,0.0,0.0,0.0,0.0,0.0,0.0,0.0,0.0,42,0,0.0389,0.0,6.679691074293397,nan,nan,NO_WELD
29.163,0.0,0.0,0.0,0.0,0.0037,0.0,-0.0037,0.0,43,0,0.0399,0.0,6.679691074293397,nan,nan,NO_WELD
29.213,0.0,0.0,0.0,0.0,0.0037,0.0,-0.0037,0.0,43,0,0.0399,0.0,6.679691074293397,nan,nan,NO_WELD
29.263,0.0,0.0,0.0,0.0,0.003,0.0,-0.003,0.0,43,0,0.0399,0.0,6.679691074293397,nan,nan,NO_WELD
29.313,0.0,0.0,0.0,0.0,0.003,0.0,-0.003,0.0,43,0,0.0399,0.0,6.679691074293397,nan,nan,NO_WELD
29.364,0.0,0.0,0.0,0.0,0.0024,0.0,-0.0024,0.0,43,0,0.0399,0.0,6.679691074293397,6.679691074293397,0.0,WELD_FOUND
29.413,0.005,-0.05,-0.0024999999999999996,0.0125,0.0024,0.0,-0.0049,0.0125,43,0,0.0399,0.0,6.679691074293397,6.679691074293397,0.0,WELD_FOUND
29.463,0.005,-0.1,-0.009999999999999998,0.02,0.0024,0.0,-0.0124,0.02,43,0,0.0399,0.0,6.679691074293397,6.679691074293397,0.0,WELD_FOUND
29.513,0.005,-0.1,-0.009999999999999998,0.02,0.0019,0.0,-0.0119,0.02,43,0,0.0399,0.0,6.679691074293397,6.679691074293397,0.0,WELD_FOUND
29.564,0.0,0.0,0.0,0.0,0.0019,0.0,-0.0019,0.0,43,0,0.0399,0.0,6.679691074293397,nan,nan,NO_WELD
29.613,0.0,0.0,0.0,0.0,0.0015,0.0,-0.0015,0.0,43,0,0.0399,0.0,6.679691074293397,nan,nan,NO_WELD
29.664,0.0,0.0,0.0,0.0,0.0015,0.0,-0.0015,0.0,43,0,0.0399,0.0,6.679691074293397,nan,nan,NO_WELD
29.713,0.0,0.0,0.0,0.0,0.0015,0.0,-0.0015,0.0,43,0,0.0399,0.0,6.679691074293397,nan,nan,NO_WELD
29.763,0.0,0.0,0.0,0.0,0.0012,0.0,-0.0012,0.0,43,0,0.0399,0.0,6.679691074293397,nan,nan,NO_WELD
29.813,0.0,0.0,0.0,0.0,0.0012,0.0,-0.0012,0.0,43,0,0.0399,0.0,6.679691074293397,nan,nan,NO_WELD
29.864,0.0,0.0,0.0,0.0,0.0,0.0,0.0,0.0,43,0,0.0399,0.0,6.679691074293397,nan,nan,NO_WELD
29.913,0.0,0.0,0.0,0.0,0.0,0.0,0.0,0.0,43,0,0.0399,0.0,6.679691074293397,nan,nan,NO_WELD
29.963,0.0,0.0,0.0,0.0,0.0,0.0,0.0,0.0,43,0,0.0399,0.0,6.679691074293397,nan,nan,NO_WELD
30.013,0.0,0.0,0.0,0.0,0.0,0.0,0.0,0.0,43,0,0.0399,0.0,6.679691074293397,nan,nan,NO_WELD
30.065,0.0,0.0,0.0,0.0,0.0,0.0,0.0,0.0,43,0,0.0399,0.0,7.031253717478648,nan,nan,NO_WELD
30.113,0.0,0.0,0.0,0.0,0.0,0.0,0.0,0.0,43,0,0.0399,0.0,7.031253717478648,7.031253717478648,0.0,WELD_FOUND
30.163,0.0,0.0,0.0,0.0,0.0,0.0,0.0,0.0,43,0,0.0399,0.0,7.031253717478648,7.031253717478648,0.0,WELD_FOUND
30.213,0.0,0.0,0.0,0.0,0.0,0.0,0.0,0.0,43,0,0.0399,0.0,7.031253717478648,nan,nan,NO_WELD
30.263,0.0,0.0,0.0,0.0,0.0,0.0,0.0,0.0,43,0,0.0399,0.0,7.031253717478648,nan,nan,NO_WELD
30.313,0.0,0.0,0.0,0.0,0.0,0.0,0.0,0.0,43,0,0.0399,0.0,7.031253717478648,nan,nan,NO_WELD
30.363,0.0,0.0,0.0,0.0,0.0,0.0,0.0,0.0,43,0,0.0399,0.0,7.031253717478648,nan,nan,NO_WELD
30.413,0.0,0.0,0.0,0.0,0.0,0.0,0.0,0.0,43,0,0.0399,0.0,7.031253717478648,nan,nan,NO_WELD
30.463,0.0,0.0,0.0,0.0,0.0,0.0,0.0,0.0,43,0,0.0399,0.0,7.031253717478648,nan,nan,NO_WELD
30.513,0.0,0.0,0.0,0.0,0.0,0.0,0.0,0.0,43,0,0.0399,0.0,7.031253717478648,nan,nan,NO_WELD
30.563,0.0,0.0,0.0,0.0,0.0,0.0,0.0,0.0,43,0,0.0399,0.0,7.031253717478648,nan,nan,NO_WELD
30.613,0.0,0.0,0.0,0.0,0.0,0.0,0.0,0.0,43,0,0.0399,0.0,7.031253717478648,nan,nan,NO_WELD
30.663,0.0,0.0,0.0,0.0,0.0,0.0,0.0,0.0,43,0,0.0399,0.0,7.031253717478648,nan,nan,NO_WELD
30.713,0.0,0.0,0.0,0.0,0.0,0.0,0.0,0.0,43,0,0.0399,0.0,7.031253717478648,nan,nan,NO_WELD
30.763,0.0,0.0,0.0,0.0,0.0,0.0,0.0,0.0,43,0,0.0399,0.0,7.031253717478648,nan,nan,NO_WELD
30.813,0.0,0.0,0.0,0.0,0.0,0.0,0.0,0.0,43,0,0.0399,0.0,7.031253717478648,nan,nan,NO_WELD
30.863,0.0,0.0,0.0,0.0,0.0,0.0,0.0,0.0,43,0,0.0399,0.0,7.031253717478648,nan,nan,NO_WELD
30.913,0.0,0.0,0.0,0.0,0.0,0.0,0.0,0.0,43,0,0.0399,0.0,7.031253717478648,nan,nan,NO_WELD
30.963,0.0,0.0,0.0,0.0,0.0,0.0,0.0,0.0,43,0,0.0399,0.0,7.031253717478648,nan,nan,NO_WELD
31.013,0.0,0.0,0.0,0.0,0.0,0.0,0.0,0.0,43,0,0.0399,0.0,7.382816360663898,7.382816360663898,0.0,WELD_FOUND
31.064,0.0,0.0,0.0,0.0,0.0,0.0,0.0,0.0,43,0,0.0399,0.0,7.382816360663898,7.382816360663898,0.0,WELD_FOUND
31.113,0.0,0.0,0.0,0.0,0.0,0.0,0.0,0.0,43,0,0.0399,0.0,7.382816360663898,nan,nan,NO_WELD
31.163,0.0,0.0,0.0,0.0,0.0,0.0,0.0,0.0,43,0,0.0399,0.0,7.382816360663898,nan,nan,NO_WELD
31.213,0.0,0.0,0.0,0.0,0.0,0.0,0.0,0.0,43,0,0.0399,0.0,7.382816360663898,nan,nan,NO_WELD
31.263,0.0,0.0,0.0,0.0,0.0,0.0,0.0,0.0,43,0,0.0399,0.0,7.382816360663898,nan,nan,NO_WELD
31.313,0.0,0.0,0.0,0.0,0.0,0.0,0.0,0.0,43,0,0.0399,0.0,7.382816360663898,nan,nan,NO_WELD
31.363,0.0,0.0,0.0,0.0,0.0,0.0,0.0,0.0,43,0,0.0399,0.0,7.382816360663898,nan,nan,NO_WELD
31.413,0.0,0.0,0.0,0.0,0.0,0.0,0.0,0.0,43,0,0.0399,0.0,7.382816360663898,nan,nan,NO_WELD
31.463,0.0,0.0,0.0,0.0,0.0,0.0,0.0,0.0,43,0,0.0399,0.0,7.382816360663898,nan,nan,NO_WELD
31.513,0.0,0.0,0.0,0.0,0.0,0.0,0.0,0.0,43,0,0.0399,0.0,7.382816360663898,nan,nan,NO_WELD
31.563,0.0,0.0,0.0,0.0,0.0,0.0,0.0,0.0,43,0,0.0399,0.0,7.382816360663898,nan,nan,NO_WELD
31.613,0.0,0.0,0.0,0.0,0.0,0.0,0.0,0.0,43,0,0.0399,0.0,7.382816360663898,nan,nan,NO_WELD
31.663,0.0,0.0,0.0,0.0,0.0,0.0,0.0,0.0,43,0,0.0399,0.0,7.382816360663898,nan,nan,NO_WELD
31.713,0.0,0.0,0.0,0.0,0.0,0.0,0.0,0.0,43,0,0.0399,0.0,7.382816360663898,nan,nan,NO_WELD
31.763,0.0,0.0,0.0,0.0,0.0,0.0,0.0,0.0,43,0,0.0399,0.0,7.382816360663898,nan,nan,NO_WELD
31.813,0.0,0.0,0.0,0.0,0.0,0.0,0.0,0.0,43,0,0.0399,0.0,7.382816360663898,nan,nan,NO_WELD
31.863,0.0,0.0,0.0,0.0,0.0,0.0,0.0,0.0,43,0,0.0399,0.0,7.382816360663898,nan,nan,NO_WELD
31.913,0.0,0.0,0.0,0.0,0.0,0.0,0.0,0.0,43,0,0.0399,0.0,7.382816360663898,nan,nan,NO_WELD
31.963,0.0,0.0,0.0,0.0,0.0,0.0,0.0,0.0,43,0,0.0399,0.0,7.382816360663898,nan,nan,NO_WELD
32.013,0.005,-0.05,-0.0024999999999999996,0.0125,0.0,0.0,-0.0025,0.0125,43,0,0.0399,0.0,6.679691074293397,6.679691074293397,0.0,WELD_FOUND
32.064,0.005,-0.05,-0.0024999999999999996,0.0125,0.0,0.0,-0.0025,0.0125,43,0,0.0399,0.0,6.679691074293397,6.679691074293397,0.0,WELD_FOUND
32.113,0.0,0.0,0.0,0.0,0.0,0.0,0.0,0.0,43,0,0.0399,0.0,6.679691074293397,nan,nan,NO_WELD
32.163,0.0,0.0,0.0,0.0,0.0,0.0,0.0,0.0,43,0,0.0399,0.0,6.679691074293397,nan,nan,NO_WELD
32.213,0.005,-0.05,-0.0024999999999999996,0.0125,0.0,0.0,-0.0025,0.0125,43,0,0.0399,0.0,7.031253717478648,7.031253717478648,0.0,WELD_FOUND
32.263,0.005,-0.05,-0.0024999999999999996,0.0125,0.0,0.0,-0.0025,0.0125,43,0,0.0399,0.0,7.031253717478648,7.031253717478648,0.0,WELD_FOUND
32.313,0.005,-0.1,-0.009999999999999998,0.02,0.0,0.0,-0.01,0.02,43,0,0.0399,0.0,6.328128431108148,6.679691074293397,-0.35156264318524943,WELD_FOUND
32.363,0.005,-0.1,-0.009999999999999998,0.02,0.0,0.0,-0.01,0.02,43,0,0.0399,0.0,6.328128431108148,6.679691074293397,-0.35156264318524943,WELD_FOUND
32.413,0.0,0.0,0.0,0.0,0.0,0.0,0.0,0.0,43,0,0.0399,0.0,6.328128431108148,nan,nan,NO_WELD
32.463,0.0,0.0,0.0,0.0,0.0,0.0,0.0,0.0,43,0,0.0399,0.0,6.328128431108148,nan,nan,NO_WELD
32.513,0.0,0.0,0.0,0.0,0.0,0.0,0.0,0.0,43,0,0.0399,0.0,6.328128431108148,nan,nan,NO_WELD
32.563,0.0,0.0,0.0,0.0,0.0,0.0,0.0,0.0,43,0,0.0399,0.0,6.328128431108148,nan,nan,NO_WELD
32.613,0.0,0.0,0.0,0.0,0.0,0.0,0.0,0.0,43,0,0.0399,0.0,6.328128431108148,nan,nan,NO_WELD
32.663,0.0,0.0,0.0,0.0,0.0,0.0,0.0,0.0,43,0,0.0399,0.0,6.328128431108148,nan,nan,NO_WELD
32.713,0.0,0.0,0.0,0.0,0.0,0.0,0.0,0.0,43,0,0.0399,0.0,6.328128431108148,nan,nan,NO_WELD
32.763,0.0,0.0,0.0,0.0,0.0,0.0,0.0,0.0,43,0,0.0399,0.0,6.328128431108148,nan,nan,NO_WELD
32.813,0.0,0.0,0.0,0.0,0.0,0.0,0.0,0.0,43,0,0.0399,0.0,6.328128431108148,nan,nan,NO_WELD
32.863,0.0,0.0,0.0,0.0,0.0,0.0,0.0,0.0,43,0,0.0399,0.0,6.328128431108148,nan,nan,NO_WELD
32.913,0.0,0.0,0.0,0.0,0.0,0.0,0.0,0.0,43,0,0.0399,0.0,6.328128431108148,nan,nan,NO_WELD
32.963,0.0,0.0,0.0,0.0,0.0,0.0,0.0,0.0,43,0,0.0399,0.0,6.328128431108148,nan,nan,NO_WELD
33.013,0.0,0.0,0.0,0.0,0.0,0.0,0.0,0.0,43,0,0.0399,0.0,6.328128431108148,nan,nan,NO_WELD
33.064,0.0,0.0,0.0,0.0,0.0,0.0,0.0,0.0,43,0,0.0399,0.0,6.328128431108148,nan,nan,NO_WELD
33.113,0.0,0.0,0.0,0.0,0.0,0.0,0.0,0.0,43,0,0.0399,0.0,6.328128431108148,nan,nan,NO_WELD
33.163,0.0,0.0,0.0,0.0,0.0,0.0,0.0,0.0,43,0,0.0399,0.0,6.328128431108148,nan,nan,NO_WELD
33.213,0.0,0.0,0.0,0.0,0.0,0.0,0.0,0.0,43,0,0.0399,0.0,6.328128431108148,nan,nan,NO_WELD
33.263,0.0,0.0,0.0,0.0,0.0,0.0,0.0,0.0,43,0,0.0399,0.0,6.328128431108148,nan,nan,NO_WELD
33.313,0.0,0.0,0.0,0.0,0.0,0.0,0.0,0.0,43,0,0.0399,0.0,6.328128431108148,nan,nan,NO_WELD
33.363,0.0,0.0,0.0,0.0,0.0,0.0,0.0,0.0,43,0,0.0399,0.0,6.328128431108148,nan,nan,NO_WELD
33.413,0.0,0.0,0.0,0.0,0.0,0.0,0.0,0.0,43,0,0.0399,0.0,3.8671912094718666,nan,nan,NO_WELD
33.463,0.0,0.0,0.0,0.0,0.0,0.0,0.0,0.0,43,0,0.0399,0.0,3.8671912094718666,nan,nan,NO_WELD
33.513,0.0,0.0,0.0,0.0,0.0,0.0,0.0,0.0,43,0,0.0399,0.0,4.921878712140794,nan,nan,NO_WELD
33.563,0.0,0.0,0.0,0.0,0.0,0.0,0.0,0.0,43,0,0.0399,0.0,4.921878712140794,nan,nan,NO_WELD
33.613,0.0,0.0,0.0,0.0,0.0,0.0,0.0,0.0,43,0,0.0399,0.0,2.4609410636176894,nan,nan,NO_WELD
33.663,0.0,0.0,0.0,0.0,0.0,0.0,0.0,0.0,43,0,0.0399,0.0,2.4609410636176894,nan,nan,NO_WELD
33.713,0.0,0.0,0.0,0.0,0.0,0.0,0.0,0.0,43,0,0.0399,0.0,3.8671912094718666,nan,nan,NO_WELD
33.763,0.0,0.0,0.0,0.0,0.0,0.0,0.0,0.0,43,0,0.0399,0.0,3.8671912094718666,nan,nan,NO_WELD
33.813,0.0,0.0,0.0,0.0,0.0,0.0,0.0,0.0,43,0,0.0399,0.0,2.812503493359528,2.812503493359528,0.0,WELD_FOUND
33.863,0.0,0.0,0.0,0.0,0.0,0.0,0.0,0.0,43,0,0.0399,0.0,2.812503493359528,2.812503493359528,0.0,WELD_FOUND
33.913,0.0,0.0,0.0,0.0,0.0,0.0,0.0,0.0,43,0,0.0399,0.0,2.812503493359528,nan,nan,NO_WELD
33.963,0.0,0.0,0.0,0.0,0.0,0.0,0.0,0.0,43,0,0.0399,0.0,2.812503493359528,nan,nan,NO_WELD
34.013,0.0,0.0,0.0,0.0,0.0,0.0,0.0,0.0,43,0,0.0399,0.0,2.812503493359528,nan,nan,NO_WELD
34.064,0.0,0.0,0.0,0.0,0.0,0.0,0.0,0.0,43,0,0.0399,0.0,2.812503493359528,nan,nan,NO_WELD
34.113,0.0,0.0,0.0,0.0,0.0,0.0,0.0,0.0,43,0,0.0399,0.0,2.812503493359528,nan,nan,NO_WELD
34.163,0.0,0.0,0.0,0.0,0.0,0.0,0.0,0.0,43,0,0.0399,0.0,2.812503493359528,nan,nan,NO_WELD
34.213,0.0,0.0,0.0,0.0,0.0,0.0,0.0,0.0,43,0,0.0399,0.0,2.812503493359528,nan,nan,NO_WELD
34.263,0.0,0.0,0.0,0.0,0.0,0.0,0.0,0.0,43,0,0.0399,0.0,2.812503493359528,nan,nan,NO_WELD
34.313,0.0,0.0,0.0,0.0,0.0,0.0,0.0,0.0,43,0,0.0399,0.0,3.5156285662866162,3.5156285662866162,0.0,WELD_FOUND
34.363,0.0,0.0,0.0,0.0,0.0,0.0,0.0,0.0,43,0,0.0399,0.0,3.5156285662866162,3.5156285662866162,0.0,WELD_FOUND
34.413,0.0,0.0,0.0,0.0,0.0,0.0,0.0,0.0,43,0,0.0399,0.0,3.5156285662866162,nan,nan,NO_WELD
34.463,0.0,0.0,0.0,0.0,0.0,0.0,0.0,0.0,43,0,0.0399,0.0,3.5156285662866162,nan,nan,NO_WELD
34.513,0.0,0.0,0.0,0.0,0.0,0.0,0.0,0.0,43,0,0.0399,0.0,3.5156285662866162,nan,nan,NO_WELD
34.563,0.0,0.0,0.0,0.0,0.0,0.0,0.0,0.0,43,0,0.0399,0.0,3.5156285662866162,nan,nan,NO_WELD
34.613,0.011697984183214948,-0.05,0.0041979841832149485,0.019197984183214948,0.0,0.0,0.0042,0.0192,43,0,0.0399,0.0,4.218753425770293,4.218753425770293,0.0,WELD_FOUND
34.663,0.011697984183214948,-0.05,0.0041979841832149485,0.019197984183214948,0.0,0.0,0.0042,0.0192,43,0,0.0399,0.0,4.218753425770293,4.218753425770293,0.0,WELD_FOUND
34.713,0.0,0.0,0.0,0.0,0.0,0.0,0.0,0.0,43,0,0.0399,0.0,4.218753425770293,nan,nan,NO_WELD
34.763,0.0,0.0,0.0,0.0,0.0,0.0,0.0,0.0,43,0,0.0399,0.0,4.218753425770293,nan,nan,NO_WELD
34.813,0.0,0.0,0.0,0.0,0.0,0.0,0.0,0.0,43,0,0.0399,0.0,4.218753425770293,nan,nan,NO_WELD
34.863,0.0,0.0,0.0,0.0,0.0,0.0,0.0,0.0,43,0,0.0399,0.0,4.218753425770293,nan,nan,NO_WELD
34.913,0.010587486369778187,-0.05,0.0030874863697781876,0.018087486369778187,0.0,0.0,0.0031,0.0181,43,0,0.0399,0.0,4.5703160689555435,4.5703160689555435,0.0,WELD_FOUND
34.963,0.010587486369778187,-0.05,0.0030874863697781876,0.018087486369778187,0.0,0.0,0.0031,0.0181,43,0,0.0399,0.0,4.5703160689555435,4.5703160689555435,0.0,WELD_FOUND
35.013,0.011471454929419334,-0.1,-0.0035285450705806656,0.02647145492941933,0.0,0.0,-0.0035,0.0265,43,0,0.0399,0.0,3.8671912094718666,4.218753425770293,-0.35156221629842666,WELD_FOUND
35.064,0.011471454929419334,-0.1,-0.0035285450705806656,0.02647145492941933,0.0,0.0,-0.0035,0.0265,43,0,0.0399,0.0,3.8671912094718666,4.218753425770293,-0.35156221629842666,WELD_FOUND
35.113,0.0,0.0,0.0,0.0,0.0,0.0,0.0,0.0,43,0,0.0399,0.0,3.8671912094718666,nan,nan,NO_WELD
35.163,0.0,0.0,0.0,0.0,0.0,0.0,0.0,0.0,43,0,0.0399,0.0,3.8671912094718666,nan,nan,NO_WELD
35.213,0.0,0.0,0.0,0.0,0.0,0.0,0.0,0.0,43,0,0.0399,0.0,3.8671912094718666,nan,nan,NO_WELD
35.263,0.0,0.0,0.0,0.0,0.0,0.0,0.0,0.0,43,0,0.0399,0.0,3.8671912094718666,nan,nan,NO_WELD
35.313,0.0,0.0,0.0,0.0,0.0,0.0,0.0,0.0,43,0,0.0399,0.0,3.8671912094718666,nan,nan,NO_WELD
35.363,0.0,0.0,0.0,0.0,0.0,0.0,0.0,0.0,43,0,0.0399,0.0,3.8671912094718666,nan,nan,NO_WELD
35.413,0.0,0.0,0.0,0.0,0.0,0.0,0.0,0.0,43,0,0.0399,0.0,3.8671912094718666,nan,nan,NO_WELD
35.463,0.0,0.0,0.0,0.0,0.0,0.0,0.0,0.0,43,0,0.0399,0.0,3.8671912094718666,nan,nan,NO_WELD
35.513,0.0,0.0,0.0,0.0,0.0,0.0,0.0,0.0,43,0,0.0399,0.0,3.8671912094718666,nan,nan,NO_WELD
35.563,0.0,0.0,0.0,0.0,0.0,0.0,0.0,0.0,43,0,0.0399,0.0,3.8671912094718666,nan,nan,NO_WELD
35.613,0.0,0.0,0.0,0.0,0.0,0.0,0.0,0.0,43,0,0.0399,0.0,3.8671912094718666,nan,nan,NO_WELD
35.663,0.0,0.0,0.0,0.0,0.0,0.0,0.0,0.0,43,0,0.0399,0.0,3.8671912094718666,nan,nan,NO_WELD
35.713,0.0,0.0,0.0,0.0,0.0,0.0,0.0,0.0,43,0,0.0399,0.0,3.8671912094718666,nan,nan,NO_WELD
35.763,0.0,0.0,0.0,0.0,0.0,0.0,0.0,0.0,43,0,0.0399,0.0,3.8671912094718666,nan,nan,NO_WELD
35.813,0.0,0.0,0.0,0.0,0.0,0.0,0.0,0.0,43,0,0.0399,0.0,3.8671912094718666,nan,nan,NO_WELD
35.863,0.0,0.0,0.0,0.0,0.0,0.0,0.0,0.0,43,0,0.0399,0.0,3.8671912094718666,nan,nan,NO_WELD
35.913,0.0,0.0,0.0,0.0,0.0,0.0,0.0,0.0,43,0,0.0399,0.0,3.8671912094718666,nan,nan,NO_WELD
35.963,0.0,0.0,0.0,0.0,0.0,0.0,0.0,0.0,43,0,0.0399,0.0,3.8671912094718666,nan,nan,NO_WELD
36.013,0.0,0.0,0.0,0.0,0.0,0.0,0.0,0.0,43,0,0.0399,0.0,3.8671912094718666,nan,nan,NO_WELD
36.064,0.0,0.0,0.0,0.0,0.0,0.0,0.0,0.0,43,0,0.0399,0.0,3.8671912094718666,nan,nan,NO_WELD
36.113,0.0,0.0,0.0,0.0,0.0,0.0,0.0,0.0,43,0,0.0399,0.0,3.5156285662866162,nan,nan,NO_WELD
36.163,0.0,0.0,0.0,0.0,0.0,0.0,0.0,0.0,43,0,0.0399,0.0,3.5156285662866162,nan,nan,NO_WELD
36.213,0.0,0.0,0.0,0.0,0.0,0.0,0.0,0.0,43,0,0.0399,0.0,3.1640659231013664,nan,nan,NO_WELD
36.263,0.0,0.0,0.0,0.0,0.0,0.0,0.0,0.0,43,0,0.0399,0.0,3.1640659231013664,nan,nan,NO_WELD
36.313,0.0,0.0,0.0,0.0,0.0,0.0,0.0,0.0,43,0,0.0399,0.0,3.1640659231013664,nan,nan,NO_WELD
36.363,0.0,0.0,0.0,0.0,0.0,0.0,0.0,0.0,43,0,0.0399,0.0,3.1640659231013664,nan,nan,NO_WELD
36.413,0.0,0.0,0.0,0.0,0.0,0.0,0.0,0.0,43,0,0.0399,0.0,3.8671912094718666,nan,nan,NO_WELD
36.463,0.0,0.0,0.0,0.0,0.0,0.0,0.0,0.0,43,0,0.0399,0.0,3.8671912094718666,nan,nan,NO_WELD
36.513,0.0,0.0,0.0,0.0,0.0,0.0,0.0,0.0,43,0,0.0399,0.0,1.7578159906906006,1.7578159906906006,0.0,WELD_FOUND
36.563,0.0,0.0,0.0,0.0,0.0,0.0,0.0,0.0,43,0,0.0399,0.0,1.7578159906906006,1.7578159906906006,0.0,WELD_FOUND
36.613,0.0,0.0,0.0,0.0,0.0,0.0,0.0,0.0,43,0,0.0399,0.0,1.7578159906906006,nan,nan,NO_WELD
36.663,0.0,0.0,0.0,0.0,0.0,0.0,0.0,0.0,43,0,0.0399,0.0,1.7578159906906006,nan,nan,NO_WELD
36.713,0.0,0.0,0.0,0.0,0.0,0.0,0.0,0.0,43,0,0.0399,0.0,1.7578159906906006,nan,nan,NO_WELD
36.763,0.0,0.0,0.0,0.0,0.0,0.0,0.0,0.0,43,0,0.0399,0.0,1.7578159906906006,nan,nan,NO_WELD
36.813,0.0,0.0,0.0,0.0,0.0,0.0,0.0,0.0,43,0,0.0399,0.0,1.7578159906906006,nan,nan,NO_WELD
36.863,0.0,0.0,0.0,0.0,0.0,0.0,0.0,0.0,43,0,0.0399,0.0,1.7578159906906006,nan,nan,NO_WELD
36.913,0.0,0.0,0.0,0.0,0.0,0.0,0.0,0.0,43,0,0.0399,0.0,1.7578159906906006,nan,nan,NO_WELD
36.963,0.0,0.0,0.0,0.0,0.0,0.0,0.0,0.0,43,0,0.0399,0.0,1.7578159906906006,nan,nan,NO_WELD
37.013,0.0,0.0,0.0,0.0,0.0,0.0,0.0,0.0,43,0,0.0399,0.0,1.7578159906906006,nan,nan,NO_WELD
37.064,0.0,0.0,0.0,0.0,0.0,0.0,0.0,0.0,43,0,0.0399,0.0,1.7578159906906006,nan,nan,NO_WELD
37.113,0.025848367892544542,-0.05,0.018348367892544543,0.03334836789254454,0.0,0.0,0.0183,0.0333,43,0,0.0399,0.0,1.4062534542270564,1.4062534542270564,0.0,WELD_FOUND
37.163,0.025848367892544542,-0.05,0.018348367892544543,0.03334836789254454,0.0,0.0,0.0183,0.0333,43,0,0.0399,0.0,1.4062534542270564,1.4062534542270564,0.0,WELD_FOUND
37.213,0.0,0.0,0.0,0.0,0.0,0.0,0.0,0.0,43,0,0.0399,0.0,1.4062534542270564,nan,nan,NO_WELD
37.263,0.0,0.0,0.0,0.0,0.0,0.0,0.0,0.0,47,0,0.0436,0.0,1.4062534542270564,nan,nan,NO_WELD
37.313,0.0,0.0,0.0,0.0,0.0,0.0,0.0,0.0,47,0,0.0436,0.0,1.4062534542270564,nan,nan,NO_WELD
37.363,0.0,0.0,0.0,0.0,0.0074,0.0,-0.0074,0.0,46,0,0.0426,0.0,1.4062534542270564,nan,nan,NO_WELD
37.413,0.0,0.0,0.0,0.0,0.0074,0.0,-0.0074,0.0,46,0,0.0426,0.0,1.4062534542270564,nan,nan,NO_WELD
37.463,0.0,0.0,0.0,0.0,0.0059,0.0,-0.0059,0.0,46,0,0.0426,0.0,1.4062534542270564,nan,nan,NO_WELD
37.513,0.0,0.0,0.0,0.0,0.0059,0.0,-0.0059,0.0,46,0,0.0426,0.0,0.7031284346608206,0.7031284346608206,0.0,WELD_FOUND
37.563,0.0,0.0,0.0,0.0,0.0059,0.0,-0.0059,0.0,46,0,0.0426,0.0,0.7031284346608206,0.7031284346608206,0.0,WELD_FOUND
37.613,0.03140590309687592,-0.025756373549008532,0.027542447064524644,0.035269359129227205,0.0047,0.0,0.0228,0.0353,46,0,0.0426,0.0,0.35156592487770283,0.5273471664290486,-0.17578124155134572,WELD_FOUND
37.663,0.03140590309687592,-0.025756373549008532,0.027542447064524644,0.035269359129227205,0.0047,0.0,0.0228,0.0353,46,0,0.0426,0.0,0.35156592487770283,0.5273471664290486,-0.17578124155134572,WELD_FOUND
37.713,0.0,0.0,0.0,0.0,0.0047,0.0,-0.0047,0.0,46,0,0.0426,0.0,0.35156592487770283,nan,nan,NO_WELD
37.763,0.0,0.0,0.0,0.0,0.0152,0.0,-0.0152,0.0,51,0,0.0473,0.0,0.35156592487770283,nan,nan,NO_WELD
37.813,0.0,0.0,0.0,0.0,0.0152,0.0,-0.0152,0.0,51,0,0.0473,0.0,0.35156592487770283,nan,nan,NO_WELD
37.863,0.0,0.0,0.0,0.0,0.0152,0.0,-0.0152,0.0,51,0,0.0473,0.0,0.35156592487770283,nan,nan,NO_WELD
37.913,0.0,0.0,0.0,0.0,0.0122,0.0,-0.0122,0.0,51,0,0.0473,0.0,0.35156592487770283,nan,nan,NO_WELD
37.963,0.0,0.0,0.0,0.0,0.0122,0.0,-0.0122,0.0,51,0,0.0473,0.0,0.35156592487770283,nan,nan,NO_WELD
38.013,0.0,0.0,0.0,0.0,0.0122,0.0,-0.0122,0.0,51,0,0.0473,0.0,0.35156592487770283,nan,nan,NO_WELD
38.064,0.0,0.0,0.0,0.0,0.0097,0.0,-0.0097,0.0,51,0,0.0473,0.0,0.35156592487770283,nan,nan,NO_WELD
38.113,0.0,0.0,0.0,0.0,0.0097,0.0,-0.0097,0.0,51,0,0.0473,0.0,0.35156592487770283,nan,nan,NO_WELD
38.163,0.0,0.0,0.0,0.0,0.0078,0.0,-0.0078,0.0,51,0,0.0473,0.0,0.35156592487770283,nan,nan,NO_WELD
38.213,0.0,0.0,0.0,0.0,0.0078,0.0,-0.0078,0.0,51,0,0.0473,0.0,0.35156592487770283,nan,nan,NO_WELD
38.263,0.0,0.0,0.0,0.0,0.0078,0.0,-0.0078,0.0,51,0,0.0473,0.0,0.35156592487770283,nan,nan,NO_WELD
38.313,0.0,0.0,0.0,0.0,0.0062,0.0,-0.0062,0.0,51,0,0.0473,0.0,0.35156592487770283,nan,nan,NO_WELD
38.363,0.0,0.0,0.0,0.0,0.0062,0.0,-0.0062,0.0,51,0,0.0473,0.0,0.35156592487770283,nan,nan,NO_WELD
38.413,0.0,0.0,0.0,0.0,0.0062,0.0,-0.0062,0.0,51,0,0.0473,0.0,0.35156592487770283,nan,nan,NO_WELD
38.463,0.0,0.0,0.0,0.0,0.005,0.0,-0.005,0.0,51,0,0.0473,0.0,0.35156592487770283,nan,nan,NO_WELD
38.513,0.0,0.0,0.0,0.0,0.005,0.0,-0.005,0.0,51,0,0.0473,0.0,0.35156592487770283,nan,nan,NO_WELD
38.563,0.0,0.0,0.0,0.0,0.004,0.0,-0.004,0.0,51,0,0.0473,0.0,0.35156592487770283,nan,nan,NO_WELD
38.613,0.0,0.0,0.0,0.0,0.004,0.0,-0.004,0.0,51,0,0.0473,0.0,0.35156592487770283,nan,nan,NO_WELD
38.663,0.0,0.0,0.0,0.0,0.004,0.0,-0.004,0.0,51,0,0.0473,0.0,0.35156592487770283,nan,nan,NO_WELD
38.713,0.0,0.0,0.0,0.0,0.0032,0.0,-0.0032,0.0,51,0,0.0473,0.0,3.1640659231013664,nan,nan,NO_WELD
38.763,0.0,0.0,0.0,0.0,0.0032,0.0,-0.0032,0.0,51,0,0.0473,0.0,3.1640659231013664,nan,nan,NO_WELD
38.813,0.0,0.0,0.0,0.0,0.0026,0.0,-0.0026,0.0,51,0,0.0473,0.0,1.7578159906906006,nan,nan,NO_WELD
38.863,0.0,0.0,0.0,0.0,0.0026,0.0,-0.0026,0.0,51,0,0.0473,0.0,1.7578159906906006,nan,nan,NO_WELD
38.913,0.0,0.0,0.0,0.0,0.0026,0.0,-0.0026,0.0,51,0,0.0473,0.0,2.812503493359528,nan,nan,NO_WELD
38.963,0.0,0.0,0.0,0.0,0.002,0.0,-0.002,0.0,51,0,0.0473,0.0,2.812503493359528,nan,nan,NO_WELD
39.013,0.0,0.0,0.0,0.0,0.002,0.0,-0.002,0.0,51,0,0.0473,0.0,7.031253717478648,nan,nan,NO_WELD
39.064,0.0,0.0,0.0,0.0,0.0016,0.0,-0.0016,0.0,51,0,0.0473,0.0,7.031253717478648,nan,nan,NO_WELD
39.113,0.0,0.0,0.0,0.0,0.0016,0.0,-0.0016,0.0,51,0,0.0473,0.0,5.625003571624471,nan,nan,NO_WELD
39.163,0.0,0.0,0.0,0.0,0.0013,0.0,-0.0013,0.0,51,0,0.0473,0.0,5.625003571624471,nan,nan,NO_WELD
39.213,0.0,0.0,0.0,0.0,0.0013,0.0,-0.0013,0.0,51,0,0.0473,0.0,7.382816360663898,nan,nan,NO_WELD
39.263,0.0,0.0,0.0,0.0,0.0013,0.0,-0.0013,0.0,51,0,0.0473,0.0,7.382816360663898,nan,nan,NO_WELD
39.313,0.0,0.0,0.0,0.0,0.001,0.0,-0.001,0.0,51,0,0.0473,0.0,6.679691074293397,nan,nan,NO_WELD
39.363,0.0,0.0,0.0,0.0,0.001,0.0,-0.001,0.0,51,0,0.0473,0.0,6.679691074293397,nan,nan,NO_WELD
39.413,0.0,0.0,0.0,0.0,0.001,0.0,-0.001,0.0,51,0,0.0473,0.0,2.812503493359528,nan,nan,NO_WELD
39.463,0.0,0.0,0.0,0.0,0.0,0.0,0.0,0.0,51,0,0.0473,0.0,2.812503493359528,nan,nan,NO_WELD
39.513,0.0,0.0,0.0,0.0,0.0,0.0,0.0,0.0,51,0,0.0473,0.0,1.7578159906906006,nan,nan,NO_WELD
39.563,0.0,0.0,0.0,0.0,0.0,0.0,0.0,0.0,51,0,0.0473,0.0,1.7578159906906006,nan,nan,NO_WELD
39.613,0.0,0.0,0.0,0.0,0.0,0.0,0.0,0.0,51,0,0.0473,0.0,5.2734409284392205,nan,nan,NO_WELD
39.663,0.0,0.0,0.0,0.0,0.0,0.0,0.0,0.0,51,0,0.0473,0.0,5.2734409284392205,nan,nan,NO_WELD
39.713,0.0,0.0,0.0,0.0,0.0,0.0,0.0,0.0,51,0,0.0473,0.0,-0.35155909468853286,nan,nan,NO_WELD
39.763,0.0,0.0,0.0,0.0,0.0,0.0,0.0,0.0,51,0,0.0473,0.0,-0.35155909468853286,nan,nan,NO_WELD
39.813,0.0,0.0,0.0,0.0,0.0,0.0,0.0,0.0,51,0,0.0473,0.0,0.35156592487770283,nan,nan,NO_WELD
39.863,0.0,0.0,0.0,0.0,0.0,0.0,0.0,0.0,51,0,0.0473,0.0,0.35156592487770283,nan,nan,NO_WELD
39.913,0.0,0.0,0.0,0.0,0.0,0.0,0.0,0.0,51,0,0.0473,0.0,-10.195308968409435,nan,nan,NO_WELD
39.963,0.0,0.0,0.0,0.0,0.0,0.0,0.0,0.0,51,0,0.0473,0.0,-10.195308968409435,nan,nan,NO_WELD
40.013,0.0,0.0,0.0,0.0,0.0,0.0,0.0,0.0,51,0,0.0473,0.0,6.328128431108148,nan,nan,NO_WELD
40.064,0.0,0.0,0.0,0.0,0.0,0.0,0.0,0.0,51,0,0.0473,0.0,6.328128431108148,nan,nan,NO_WELD
40.113,0.0,0.0,0.0,0.0,0.0,0.0,0.0,0.0,51,0,0.0473,0.0,-0.7031216044716506,nan,nan,NO_WELD
40.163,0.0,0.0,0.0,0.0,0.0,0.0,0.0,0.0,51,0,0.0473,0.0,-0.7031216044716506,nan,nan,NO_WELD
40.213,0.0,0.0,0.0,0.0,0.0,0.0,0.0,0.0,51,0,0.0473,0.0,1.054690917763512,nan,nan,NO_WELD
40.263,0.0,0.0,0.0,0.0,0.0,0.0,0.0,0.0,51,0,0.0473,0.0,1.054690917763512,nan,nan,NO_WELD
40.313,0.0,0.0,0.0,0.0,0.0,0.0,0.0,0.0,51,0,0.0473,0.0,3.4150945850063755e-06,nan,nan,NO_WELD
40.363,0.0,0.0,0.0,0.0,0.0,0.0,0.0,0.0,51,0,0.0473,0.0,3.4150945850063755e-06,nan,nan,NO_WELD
40.413,0.0,0.0,0.0,0.0,0.0,0.0,0.0,0.0,51,0,0.0473,0.0,3.4150945850063755e-06,nan,nan,NO_WELD
40.463,0.0,0.0,0.0,0.0,0.0,0.0,0.0,0.0,51,0,0.0473,0.0,5.625003571624471,nan,nan,NO_WELD
40.513,0.0,0.0,0.0,0.0,0.0,0.0,0.0,0.0,51,0,0.0473,0.0,5.625003571624471,nan,nan,NO_WELD
40.563,0.0,0.0,0.0,0.0,0.0,0.0,0.0,0.0,51,0,0.0473,0.0,3.1640659231013664,nan,nan,NO_WELD
40.613,0.0,0.0,0.0,0.0,0.0,0.0,0.0,0.0,51,0,0.0473,0.0,3.1640659231013664,nan,nan,NO_WELD
40.663,0.0,0.0,0.0,0.0,0.0,0.0,0.0,0.0,51,0,0.0473,0.0,1.4062534542270564,nan,nan,NO_WELD
40.713,0.0,0.0,0.0,0.0,0.0,0.0,0.0,0.0,51,0,0.0473,0.0,1.4062534542270564,nan,nan,NO_WELD
40.763,0.0,0.0,0.0,0.0,0.0,0.0,0.0,0.0,51,0,0.0473,0.0,3.8671912094718666,nan,nan,NO_WELD
40.813,0.0,0.0,0.0,0.0,0.0,0.0,0.0,0.0,51,0,0.0473,0.0,3.8671912094718666,nan,nan,NO_WELD
40.863,0.0,0.0,0.0,0.0,0.0,0.0,0.0,0.0,51,0,0.0473,0.0,3.8671912094718666,nan,nan,NO_WELD
40.913,0.0,0.0,0.0,0.0,0.0,0.0,0.0,0.0,51,0,0.0473,0.0,3.8671912094718666,nan,nan,NO_WELD
40.963,0.0,0.0,0.0,0.0,0.0,0.0,0.0,0.0,51,0,0.0473,0.0,3.8671912094718666,nan,nan,NO_WELD
41.013,0.0,0.0,0.0,0.0,0.0,0.0,0.0,0.0,51,0,0.0473,0.0,3.8671912094718666,nan,nan,NO_WELD
41.064,0.032582298035693374,-0.015609368406606303,0.03024089277470243,0.034923703296684316,0.0,0.0,0.0302,0.0349,51,0,0.0473,0.0,0.35156592487770283,0.35156592487770283,0.0,WELD_FOUND
41.113,0.032582298035693374,-0.015609368406606303,0.03024089277470243,0.034923703296684316,0.0,0.0,0.0302,0.0349,51,0,0.0473,0.0,0.35156592487770283,0.35156592487770283,0.0,WELD_FOUND
41.163,0.0,0.0,0.0,0.0,0.0,0.0,0.0,0.0,53,0,0.0491,0.0,0.35156592487770283,nan,nan,NO_WELD
41.213,0.0,0.0,0.0,0.0,0.0049,0.0,-0.0049,0.0,53,0,0.0491,0.0,0.35156592487770283,nan,nan,NO_WELD
41.263,0.0,0.0,0.0,0.0,0.0049,0.0,-0.0049,0.0,56,0,0.0519,0.0,0.35156592487770283,nan,nan,NO_WELD
41.313,0.0,0.0,0.0,0.0,0.0049,0.0,-0.0049,0.0,56,0,0.0519,0.0,0.35156592487770283,nan,nan,NO_WELD
41.363,0.032582298035693374,-0.015339957317337394,0.030281304438092765,0.034883291633293984,0.0104,0.0,0.0199,0.0349,56,0,0.0519,0.0,0.35156592487770283,0.35156592487770283,0.0,WELD_FOUND
41.413,0.032582298035693374,-0.015339957317337394,0.030281304438092765,0.034883291633293984,0.0104,0.0,0.0199,0.0349,56,0,0.0519,0.0,0.35156592487770283,0.35156592487770283,0.0,WELD_FOUND
41.463,0.0,0.0,0.0,0.0,0.0136,0.0,-0.0136,0.0,58,0,0.0538,0.0,0.35156592487770283,nan,nan,NO_WELD
41.513,0.0,0.0,0.0,0.0,0.0136,0.0,-0.0136,0.0,58,0,0.0538,0.0,0.35156592487770283,nan,nan,NO_WELD
41.563,0.0,0.0,0.0,0.0,0.0267,0.0,-0.0267,0.0,63,0,0.0584,0.0,0.35156592487770283,nan,nan,NO_WELD
41.613,0.0,0.0,0.0,0.0,0.0267,0.0,-0.0267,0.0,63,0,0.0584,0.0,0.35156592487770283,nan,nan,NO_WELD
41.663,0.0,0.0,0.0,0.0,0.0123,0.0,-0.0123,0.0,62,0,0.0575,0.0,0.35156592487770283,nan,nan,NO_WELD
41.713,0.0,0.0,0.0,0.0,0.0123,0.0,-0.0123,0.0,62,0,0.0575,0.0,0.35156592487770283,nan,nan,NO_WELD
41.763,0.0,0.0,0.0,0.0,0.0123,0.0,-0.0123,0.0,62,0,0.0575,0.0,0.35156592487770283,nan,nan,NO_WELD
41.813,0.0,0.0,0.0,0.0,0.0099,0.0,-0.0099,0.0,62,0,0.0575,0.0,0.35156592487770283,nan,nan,NO_WELD
41.863,0.0,0.0,0.0,0.0,0.0099,0.0,-0.0099,0.0,62,0,0.0575,0.0,0.35156592487770283,nan,nan,NO_WELD
41.913,0.0,0.0,0.0,0.0,0.0079,0.0,-0.0079,0.0,62,0,0.0575,0.0,0.35156592487770283,nan,nan,NO_WELD
41.963,0.0,0.0,0.0,0.0,0.0079,0.0,-0.0079,0.0,62,0,0.0575,0.0,0.35156592487770283,nan,nan,NO_WELD
42.013,0.0,0.0,0.0,0.0,0.0079,0.0,-0.0079,0.0,62,0,0.0575,0.0,0.35156592487770283,nan,nan,NO_WELD
42.064,0.0,0.0,0.0,0.0,0.0063,0.0,-0.0063,0.0,62,0,0.0575,0.0,0.35156592487770283,nan,nan,NO_WELD
42.113,0.0,0.0,0.0,0.0,0.0063,0.0,-0.0063,0.0,62,0,0.0575,0.0,0.35156592487770283,nan,nan,NO_WELD
42.163,0.0,0.0,0.0,0.0,0.0063,0.0,-0.0063,0.0,62,0,0.0575,0.0,0.35156592487770283,nan,nan,NO_WELD
42.213,0.0,0.0,0.0,0.0,0.005,0.0,-0.005,0.0,62,0,0.0575,0.0,0.35156592487770283,nan,nan,NO_WELD
42.263,0.0,0.0,0.0,0.0,0.005,0.0,-0.005,0.0,62,0,0.0575,0.0,0.35156592487770283,nan,nan,NO_WELD
42.313,0.0,0.0,0.0,0.0,0.004,0.0,-0.004,0.0,62,0,0.0575,0.0,0.35156592487770283,nan,nan,NO_WELD
42.363,0.0,0.0,0.0,0.0,0.004,0.0,-0.004,0.0,62,0,0.0575,0.0,0.35156592487770283,nan,nan,NO_WELD
42.413,0.0,0.0,0.0,0.0,0.004,0.0,-0.004,0.0,62,0,0.0575,0.0,0.35156592487770283,nan,nan,NO_WELD
42.463,0.0,0.0,0.0,0.0,0.0032,0.0,-0.0032,0.0,62,0,0.0575,0.0,-4.570309238766374,nan,nan,NO_WELD
42.513,0.0,0.0,0.0,0.0,0.0032,0.0,-0.0032,0.0,62,0,0.0575,0.0,-4.570309238766374,nan,nan,NO_WELD
42.563,0.0,0.0,0.0,0.0,0.0026,0.0,-0.0026,0.0,62,0,0.0575,0.0,4.921878712140794,nan,nan,NO_WELD
42.613,0.0,0.0,0.0,0.0,0.0026,0.0,-0.0026,0.0,62,0,0.0575,0.0,4.921878712140794,nan,nan,NO_WELD
42.663,0.0,0.0,0.0,0.0,0.0026,0.0,-0.0026,0.0,62,0,0.0575,0.0,-5.6249967414353,nan,nan,NO_WELD
42.713,0.0,0.0,0.0,0.0,0.0021,0.0,-0.0021,0.0,62,0,0.0575,0.0,-5.6249967414353,nan,nan,NO_WELD
42.763,0.0,0.0,0.0,0.0,0.0021,0.0,-0.0021,0.0,62,0,0.0575,0.0,-0.7031216044716506,nan,nan,NO_WELD
42.813,0.0,0.0,0.0,0.0,0.0021,0.0,-0.0021,0.0,62,0,0.0575,0.0,-0.7031216044716506,nan,nan,NO_WELD
42.863,0.0,0.0,0.0,0.0,0.0017,0.0,-0.0017,0.0,62,0,0.0575,0.0,3.5156285662866162,nan,nan,NO_WELD
42.913,0.0,0.0,0.0,0.0,0.0017,0.0,-0.0017,0.0,62,0,0.0575,0.0,3.5156285662866162,nan,nan,NO_WELD
42.963,0.0,0.0,0.0,0.0,0.0013,0.0,-0.0013,0.0,62,0,0.0575,0.0,0.7031284346608206,nan,nan,NO_WELD
43.013,0.0,0.0,0.0,0.0,0.0013,0.0,-0.0013,0.0,62,0,0.0575,0.0,0.7031284346608206,nan,nan,NO_WELD
43.064,0.0,0.0,0.0,0.0,0.0013,0.0,-0.0013,0.0,62,0,0.0575,0.0,-2.1093715902432693,nan,nan,NO_WELD
43.113,0.0,0.0,0.0,0.0,0.0011,0.0,-0.0011,0.0,62,0,0.0575,0.0,-2.1093715902432693,nan,nan,NO_WELD
43.163,0.0,0.0,0.0,0.0,0.0011,0.0,-0.0011,0.0,62,0,0.0575,0.0,-1.0546840875743422,nan,nan,NO_WELD
43.213,0.0,0.0,0.0,0.0,0.0011,0.0,-0.0011,0.0,62,0,0.0575,0.0,-1.0546840875743422,nan,nan,NO_WELD
43.263,0.0,0.0,0.0,0.0,0.0,0.0,0.0,0.0,62,0,0.0575,0.0,4.921878712140794,nan,nan,NO_WELD
43.313,0.0,0.0,0.0,0.0,0.0,0.0,0.0,0.0,62,0,0.0575,0.0,4.921878712140794,nan,nan,NO_WELD
43.363,0.0,0.0,0.0,0.0,0.0,0.0,0.0,0.0,62,0,0.0575,0.0,-4.921871881951623,nan,nan,NO_WELD
43.413,0.0,0.0,0.0,0.0,0.0,0.0,0.0,0.0,62,0,0.0575,0.0,-4.921871881951623,nan,nan,NO_WELD
43.463,0.0,0.0,0.0,0.0,0.0,0.0,0.0,0.0,62,0,0.0575,0.0,2.812503493359528,nan,nan,NO_WELD
43.513,0.0,0.0,0.0,0.0,0.0,0.0,0.0,0.0,62,0,0.0575,0.0,2.812503493359528,nan,nan,NO_WELD
43.563,0.0,0.0,0.0,0.0,0.0,0.0,0.0,0.0,62,0,0.0575,0.0,-5.273434098250051,nan,nan,NO_WELD
43.613,0.0,0.0,0.0,0.0,0.0,0.0,0.0,0.0,62,0,0.0575,0.0,-5.273434098250051,nan,nan,NO_WELD
43.663,0.0,0.0,0.0,0.0,0.0,0.0,0.0,0.0,62,0,0.0575,0.0,-4.570309238766374,nan,nan,NO_WELD
43.713,0.0,0.0,0.0,0.0,0.0,0.0,0.0,0.0,62,0,0.0575,0.0,-4.570309238766374,nan,nan,NO_WELD
43.763,0.0,0.0,0.0,0.0,0.0,0.0,0.0,0.0,62,0,0.0575,0.0,-1.4062466240378864,nan,nan,NO_WELD
43.813,0.0,0.0,0.0,0.0,0.0,0.0,0.0,0.0,62,0,0.0575,0.0,-1.4062466240378864,nan,nan,NO_WELD
43.863,0.0,0.0,0.0,0.0,0.0,0.0,0.0,0.0,62,0,0.0575,0.0,1.054690917763512,nan,nan,NO_WELD
43.913,0.0,0.0,0.0,0.0,0.0,0.0,0.0,0.0,62,0,0.0575,0.0,1.054690917763512,nan,nan,NO_WELD
43.963,0.0,0.0,0.0,0.0,0.0,0.0,0.0,0.0,62,0,0.0575,0.0,4.5703160689555435,nan,nan,NO_WELD
44.013,0.0,0.0,0.0,0.0,0.0,0.0,0.0,0.0,62,0,0.0575,0.0,4.5703160689555435,nan,nan,NO_WELD
44.064,0.0,0.0,0.0,0.0,0.0,0.0,0.0,0.0,62,0,0.0575,0.0,0.7031284346608206,nan,nan,NO_WELD
44.113,0.0,0.0,0.0,0.0,0.0,0.0,0.0,0.0,62,0,0.0575,0.0,0.7031284346608206,nan,nan,NO_WELD
44.163,0.0,0.0,0.0,0.0,0.0,0.0,0.0,0.0,62,0,0.0575,0.0,4.921878712140794,nan,nan,NO_WELD
44.213,0.0,0.0,0.0,0.0,0.0,0.0,0.0,0.0,62,0,0.0575,0.0,4.921878712140794,nan,nan,NO_WELD
44.263,0.0,0.0,0.0,0.0,0.0,0.0,0.0,0.0,62,0,0.0575,0.0,-0.7031216044716506,nan,nan,NO_WELD
44.313,0.0,0.0,0.0,0.0,0.0,0.0,0.0,0.0,62,0,0.0575,0.0,-0.7031216044716506,nan,nan,NO_WELD
44.363,0.0,0.0,0.0,0.0,0.0,0.0,0.0,0.0,62,0,0.0575,0.0,3.8671912094718666,nan,nan,NO_WELD
44.413,0.0,0.0,0.0,0.0,0.0,0.0,0.0,0.0,62,0,0.0575,0.0,3.8671912094718666,nan,nan,NO_WELD
44.463,0.0,0.0,0.0,0.0,0.0,0.0,0.0,0.0,62,0,0.0575,0.0,3.4150945850063755e-06,nan,nan,NO_WELD
44.513,0.0,0.0,0.0,0.0,0.0,0.0,0.0,0.0,62,0,0.0575,0.0,3.4150945850063755e-06,nan,nan,NO_WELD
44.563,0.0,0.0,0.0,0.0,0.0,0.0,0.0,0.0,62,0,0.0575,0.0,-4.570309238766374,nan,nan,NO_WELD
44.613,0.0,0.0,0.0,0.0,0.0,0.0,0.0,0.0,62,0,0.0575,0.0,-4.570309238766374,nan,nan,NO_WELD
44.663,0.0,0.0,0.0,0.0,0.0,0.0,0.0,0.0,62,0,0.0575,0.0,-4.570309238766374,nan,nan,NO_WELD
44.713,0.0,0.0,0.0,0.0,0.0,0.0,0.0,0.0,62,0,0.0575,0.0,-4.570309238766374,nan,nan,NO_WELD
44.763,0.0,0.0,0.0,0.0,0.0,0.0,0.0,0.0,62,0,0.0575,0.0,4.218753425770293,nan,nan,NO_WELD
44.813,0.0,0.0,0.0,0.0,0.0,0.0,0.0,0.0,62,0,0.0575,0.0,4.218753425770293,nan,nan,NO_WELD
44.863,0.0,0.0,0.0,0.0,0.0,0.0,0.0,0.0,62,0,0.0575,0.0,-0.7031216044716506,nan,nan,NO_WELD
44.913,0.0,0.0,0.0,0.0,0.0,0.0,0.0,0.0,62,0,0.0575,0.0,-0.7031216044716506,nan,nan,NO_WELD
44.963,0.0,0.0,0.0,0.0,0.0,0.0,0.0,0.0,62,0,0.0575,0.0,6.679691074293397,nan,nan,NO_WELD
45.013,0.0,0.0,0.0,0.0,0.0,0.0,0.0,0.0,62,0,0.0575,0.0,6.679691074293397,nan,nan,NO_WELD
45.064,0.0,0.0,0.0,0.0,0.0,0.0,0.0,0.0,62,0,0.0575,0.0,1.4062534542270564,nan,nan,NO_WELD
45.113,0.0,0.0,0.0,0.0,0.0,0.0,0.0,0.0,62,0,0.0575,0.0,1.4062534542270564,nan,nan,NO_WELD
45.163,0.0,0.0,0.0,0.0,0.0,0.0,0.0,0.0,62,0,0.0575,0.0,-4.921871881951623,nan,nan,NO_WELD
45.213,0.0,0.0,0.0,0.0,0.0,0.0,0.0,0.0,62,0,0.0575,0.0,-4.921871881951623,nan,nan,NO_WELD
45.263,0.0,0.0,0.0,0.0,0.0,0.0,0.0,0.0,62,0,0.0575,0.0,-4.570309238766374,nan,nan,NO_WELD
45.313,0.0,0.0,0.0,0.0,0.0,0.0,0.0,0.0,62,0,0.0575,0.0,-4.570309238766374,nan,nan,NO_WELD
45.363,0.0,0.0,0.0,0.0,0.0,0.0,0.0,0.0,62,0,0.0575,0.0,4.921878712140794,nan,nan,NO_WELD
45.413,0.0,0.0,0.0,0.0,0.0,0.0,0.0,0.0,62,0,0.0575,0.0,4.921878712140794,nan,nan,NO_WELD
45.463,0.0,0.0,0.0,0.0,0.0,0.0,0.0,0.0,62,0,0.0575,0.0,-1.0546840875743422,nan,nan,NO_WELD
45.513,0.0,0.0,0.0,0.0,0.0,0.0,0.0,0.0,62,0,0.0575,0.0,-1.0546840875743422,nan,nan,NO_WELD
45.563,0.0,0.0,0.0,0.0,0.0,0.0,0.0,0.0,62,0,0.0575,0.0,4.218753425770293,nan,nan,NO_WELD
45.613,0.0,0.0,0.0,0.0,0.0,0.0,0.0,0.0,62,0,0.0575,0.0,4.218753425770293,nan,nan,NO_WELD
45.663,0.0,0.0,0.0,0.0,0.0,0.0,0.0,0.0,62,0,0.0575,0.0,1.054690917763512,nan,nan,NO_WELD
45.713,0.0,0.0,0.0,0.0,0.0,0.0,0.0,0.0,62,0,0.0575,0.0,1.054690917763512,nan,nan,NO_WELD
45.763,0.0,0.0,0.0,0.0,0.0,0.0,0.0,0.0,62,0,0.0575,0.0,4.5703160689555435,nan,nan,NO_WELD
45.813,0.0,0.0,0.0,0.0,0.0,0.0,0.0,0.0,62,0,0.0575,0.0,4.5703160689555435,nan,nan,NO_WELD
45.863,0.0,0.0,0.0,0.0,0.0,0.0,0.0,0.0,62,0,0.0575,0.0,-0.35155909468853286,nan,nan,NO_WELD
45.913,0.0,0.0,0.0,0.0,0.0,0.0,0.0,0.0,62,0,0.0575,0.0,-0.35155909468853286,nan,nan,NO_WELD
45.963,0.0,0.0,0.0,0.0,0.0,0.0,0.0,0.0,62,0,0.0575,0.0,4.921878712140794,nan,nan,NO_WELD
46.013,0.0,0.0,0.0,0.0,0.0,0.0,0.0,0.0,62,0,0.0575,0.0,4.921878712140794,nan,nan,NO_WELD
46.064,0.0,0.0,0.0,0.0,0.0,0.0,0.0,0.0,62,0,0.0575,0.0,6.679691074293397,nan,nan,NO_WELD
46.113,0.0,0.0,0.0,0.0,0.0,0.0,0.0,0.0,62,0,0.0575,0.0,6.679691074293397,nan,nan,NO_WELD
46.163,0.0,0.0,0.0,0.0,0.0,0.0,0.0,0.0,62,0,0.0575,0.0,1.054690917763512,nan,nan,NO_WELD
46.213,0.0,0.0,0.0,0.0,0.0,0.0,0.0,0.0,62,0,0.0575,0.0,1.054690917763512,nan,nan,NO_WELD
46.263,0.0,0.0,0.0,0.0,0.0,0.0,0.0,0.0,62,0,0.0575,0.0,1.7578159906906006,nan,nan,NO_WELD
46.313,0.0,0.0,0.0,0.0,0.0,0.0,0.0,0.0,62,0,0.0575,0.0,1.7578159906906006,nan,nan,NO_WELD
46.363,0.0,0.0,0.0,0.0,0.0,0.0,0.0,0.0,62,0,0.0575,0.0,0.35156592487770283,nan,nan,NO_WELD
46.413,0.0,0.0,0.0,0.0,0.0,0.0,0.0,0.0,62,0,0.0575,0.0,0.35156592487770283,nan,nan,NO_WELD
46.463,0.0,0.0,0.0,0.0,0.0,0.0,0.0,0.0,62,0,0.0575,0.0,3.1640659231013664,nan,nan,NO_WELD
46.513,0.0,0.0,0.0,0.0,0.0,0.0,0.0,0.0,62,0,0.0575,0.0,3.1640659231013664,nan,nan,NO_WELD
46.563,0.0,0.0,0.0,0.0,0.0,0.0,0.0,0.0,62,0,0.0575,0.0,5.2734409284392205,nan,nan,NO_WELD
46.613,0.0,0.0,0.0,0.0,0.0,0.0,0.0,0.0,62,0,0.0575,0.0,5.2734409284392205,nan,nan,NO_WELD
46.663,0.0,0.0,0.0,0.0,0.0,0.0,0.0,0.0,62,0,0.0575,0.0,3.1640659231013664,nan,nan,NO_WELD
46.713,0.0,0.0,0.0,0.0,0.0,0.0,0.0,0.0,62,0,0.0575,0.0,3.1640659231013664,nan,nan,NO_WELD
46.763,0.0,0.0,0.0,0.0,0.0,0.0,0.0,0.0,62,0,0.0575,0.0,2.812503493359528,nan,nan,NO_WELD
46.813,0.0,0.0,0.0,0.0,0.0,0.0,0.0,0.0,62,0,0.0575,0.0,2.812503493359528,nan,nan,NO_WELD
46.863,0.0,0.0,0.0,0.0,0.0,0.0,0.0,0.0,62,0,0.0575,0.0,-1.0546840875743422,nan,nan,NO_WELD
46.913,0.0,0.0,0.0,0.0,0.0,0.0,0.0,0.0,62,0,0.0575,0.0,-1.0546840875743422,nan,nan,NO_WELD
46.963,0.0,0.0,0.0,0.0,0.0,0.0,0.0,0.0,62,0,0.0575,0.0,3.1640659231013664,nan,nan,NO_WELD
47.013,0.0,0.0,0.0,0.0,0.0,0.0,0.0,0.0,62,0,0.0575,0.0,3.1640659231013664,nan,nan,NO_WELD
47.064,0.0,0.0,0.0,0.0,0.0,0.0,0.0,0.0,62,0,0.0575,0.0,4.218753425770293,nan,nan,NO_WELD
47.113,0.0,0.0,0.0,0.0,0.0,0.0,0.0,0.0,62,0,0.0575,0.0,4.218753425770293,nan,nan,NO_WELD
47.163,0.0,0.0,0.0,0.0,0.0,0.0,0.0,0.0,62,0,0.0575,0.0,4.921878712140794,nan,nan,NO_WELD
47.213,0.0,0.0,0.0,0.0,0.0,0.0,0.0,0.0,62,0,0.0575,0.0,4.921878712140794,nan,nan,NO_WELD
47.263,0.0,0.0,0.0,0.0,0.0,0.0,0.0,0.0,62,0,0.0575,0.0,5.625003571624471,nan,nan,NO_WELD
47.313,0.0,0.0,0.0,0.0,0.0,0.0,0.0,0.0,62,0,0.0575,0.0,5.625003571624471,nan,nan,NO_WELD
47.363,0.025848367892544542,-0.05,0.018348367892544543,0.03334836789254454,0.0,0.0,0.0183,0.0333,62,0,0.0575,0.0,1.4062534542270564,1.4062534542270564,0.0,WELD_FOUND
47.413,0.025848367892544542,-0.05,0.018348367892544543,0.03334836789254454,0.0,0.0,0.0183,0.0333,62,0,0.0575,0.0,1.4062534542270564,1.4062534542270564,0.0,WELD_FOUND
47.463,0.0,0.0,0.0,0.0,0.0,0.0,0.0,0.0,64,0,0.0593,0.0,1.4062534542270564,nan,nan,NO_WELD
47.513,0.0,0.0,0.0,0.0,0.0074,0.0,-0.0074,0.0,64,0,0.0593,0.0,1.4062534542270564,nan,nan,NO_WELD
47.563,0.024184159418482766,-0.05,0.016684159418482766,0.031684159418482766,0.0074,0.0,0.0093,0.0317,67,0,0.0621,0.0,1.7578159906906006,1.7578159906906006,0.0,WELD_FOUND
47.613,0.024184159418482766,-0.05,0.016684159418482766,0.031684159418482766,0.0074,0.0,0.0093,0.0317,67,0,0.0621,0.0,1.7578159906906006,1.7578159906906006,0.0,WELD_FOUND
47.663,0.0,0.0,0.0,0.0,0.0193,0.0,-0.0193,0.0,70,0,0.0649,0.0,1.7578159906906006,nan,nan,NO_WELD
47.713,0.0,0.0,0.0,0.0,0.0193,0.0,-0.0193,0.0,70,0,0.0649,0.0,1.7578159906906006,nan,nan,NO_WELD
47.763,0.02071780706597764,-0.05,0.013217807065977642,0.02821780706597764,0.0193,0.0,-0.0061,0.0282,71,0,0.0658,0.0,2.4609410636176894,2.4609410636176894,0.0,WELD_FOUND
47.813,0.02071780706597764,-0.05,0.013217807065977642,0.02821780706597764,0.014,0.0,-0.0008,0.0282,71,0,0.0658,0.0,2.4609410636176894,2.4609410636176894,0.0,WELD_FOUND
47.863,0.018594038918000787,-0.1,0.0035940389180007873,0.033594038918000786,0.014,0.0,-0.0104,0.0336,73,0,0.0677,0.0,3.1640659231013664,2.812503493359528,0.3515624297418385,WELD_FOUND
47.913,0.018594038918000787,-0.1,0.0035940389180007873,0.033594038918000786,0.0158,0.0,-0.0122,0.0336,73,0,0.0677,0.0,3.1640659231013664,2.812503493359528,0.3515624297418385,WELD_FOUND
47.963,0.0,0.0,0.0,0.0,0.0158,0.0,-0.0158,0.0,74,0,0.0686,0.0,3.1640659231013664,nan,nan,NO_WELD
48.013,0.0,0.0,0.0,0.0,0.0132,0.0,-0.0132,0.0,74,0,0.0686,0.0,3.1640659231013664,nan,nan,NO_WELD
48.064,0.0,0.0,0.0,0.0,0.0132,0.0,-0.0132,0.0,73,0,0.0677,0.0,3.1640659231013664,nan,nan,NO_WELD
48.113,0.0,0.0,0.0,0.0,0.0132,0.0,-0.0132,0.0,73,0,0.0677,0.0,3.1640659231013664,nan,nan,NO_WELD
48.163,0.0,0.0,0.0,0.0,0.0055,0.0,-0.0055,0.0,73,0,0.0677,0.0,3.1640659231013664,nan,nan,NO_WELD
48.213,0.0,0.0,0.0,0.0,0.0055,0.0,-0.0055,0.0,73,0,0.0677,0.0,3.1640659231013664,nan,nan,NO_WELD
48.263,0.0,0.0,0.0,0.0,0.0044,0.0,-0.0044,0.0,73,0,0.0677,0.0,3.1640659231013664,nan,nan,NO_WELD
48.313,0.0,0.0,0.0,0.0,0.0044,0.0,-0.0044,0.0,73,0,0.0677,0.0,3.1640659231013664,nan,nan,NO_WELD
48.363,0.0,0.0,0.0,0.0,0.0044,0.0,-0.0044,0.0,73,0,0.0677,0.0,3.1640659231013664,nan,nan,NO_WELD
48.413,0.0,0.0,0.0,0.0,0.0035,0.0,-0.0035,0.0,73,0,0.0677,0.0,3.1640659231013664,nan,nan,NO_WELD
48.463,0.0,0.0,0.0,0.0,0.0035,0.0,-0.0035,0.0,73,0,0.0677,0.0,3.1640659231013664,3.1640659231013664,0.0,WELD_FOUND
48.513,0.0,0.0,0.0,0.0,0.0028,0.0,-0.0028,0.0,73,0,0.0677,0.0,3.1640659231013664,3.1640659231013664,0.0,WELD_FOUND
48.563,0.014716475511625355,-0.05,0.007216475511625355,0.022216475511625353,0.0028,0.0,0.0044,0.0222,73,0,0.0677,0.0,3.8671912094718666,3.5156285662866162,0.3515626431852503,WELD_FOUND
48.613,0.014716475511625355,-0.05,0.007216475511625355,0.022216475511625353,0.0028,0.0,0.0044,0.0222,73,0,0.0677,0.0,3.8671912094718666,3.5156285662866162,0.3515626431852503,WELD_FOUND
48.663,0.013467549935098563,-0.1,-0.001532450064901436,0.028467549935098563,0.0041,0.0,-0.0057,0.0285,74,0,0.0686,0.0,4.218753425770293,3.8671912094718666,0.35156221629842666,WELD_FOUND
48.713,0.013467549935098563,-0.1,-0.001532450064901436,0.028467549935098563,0.0041,0.0,-0.0057,0.0285,74,0,0.0686,0.0,4.218753425770293,3.8671912094718666,0.35156221629842666,WELD_FOUND
48.763,0.0,0.0,0.0,0.0,0.0041,0.0,-0.0041,0.0,74,0,0.0686,0.0,4.218753425770293,nan,nan,NO_WELD
48.813,0.0,0.0,0.0,0.0,0.0033,0.0,-0.0033,0.0,74,0,0.0686,0.0,4.218753425770293,nan,nan,NO_WELD
48.863,0.0,0.0,0.0,0.0,0.0033,0.0,-0.0033,0.0,74,0,0.0686,0.0,4.218753425770293,nan,nan,NO_WELD
48.913,0.0,0.0,0.0,0.0,0.0033,0.0,-0.0033,0.0,74,0,0.0686,0.0,4.218753425770293,nan,nan,NO_WELD
48.963,0.014462260705211734,-0.05,0.006962260705211734,0.021962260705211734,0.0027,0.0,0.0043,0.022,74,0,0.0686,0.0,3.5156285662866162,3.5156285662866162,0.0,WELD_FOUND
49.013,0.014462260705211734,-0.05,0.006962260705211734,0.021962260705211734,0.0027,0.0,0.0043,0.022,74,0,0.0686,0.0,3.5156285662866162,3.5156285662866162,0.0,WELD_FOUND
49.064,0.014035178604855302,-0.1,-0.0009648213951446976,0.0290351786048553,0.0053,0.0,-0.0063,0.029,75,0,0.0695,0.0,3.8671912094718666,3.6914098878792414,0.17578132159262516,WELD_FOUND
49.113,0.014035178604855302,-0.1,-0.0009648213951446976,0.0290351786048553,0.0053,0.0,-0.0063,0.029,75,0,0.0695,0.0,3.8671912094718666,3.6914098878792414,0.17578132159262516,WELD_FOUND
49.163,0.0,0.0,0.0,0.0,0.0053,0.0,-0.0053,0.0,75,0,0.0695,0.0,3.8671912094718666,nan,nan,NO_WELD
49.213,0.0,0.0,0.0,0.0,0.0042,0.0,-0.0042,0.0,75,0,0.0695,0.0,3.8671912094718666,nan,nan,NO_WELD
49.263,0.0,0.0,0.0,0.0,0.0042,0.0,-0.0042,0.0,75,0,0.0695,0.0,3.8671912094718666,nan,nan,NO_WELD
49.313,0.0,0.0,0.0,0.0,0.0042,0.0,-0.0042,0.0,75,0,0.0695,0.0,3.8671912094718666,nan,nan,NO_WELD
49.363,0.0,0.0,0.0,0.0,0.0034,0.0,-0.0034,0.0,75,0,0.0695,0.0,3.8671912094718666,nan,nan,NO_WELD
49.413,0.0,0.0,0.0,0.0,0.0034,0.0,-0.0034,0.0,75,0,0.0695,0.0,3.8671912094718666,nan,nan,NO_WELD
49.463,0.0,0.0,0.0,0.0,0.0027,0.0,-0.0027,0.0,75,0,0.0695,0.0,3.8671912094718666,nan,nan,NO_WELD
49.513,0.0,0.0,0.0,0.0,0.0027,0.0,-0.0027,0.0,75,0,0.0695,0.0,3.8671912094718666,nan,nan,NO_WELD
49.563,0.0,0.0,0.0,0.0,0.0027,0.0,-0.0027,0.0,75,0,0.0695,0.0,3.8671912094718666,nan,nan,NO_WELD
49.613,0.0,0.0,0.0,0.0,0.0022,0.0,-0.0022,0.0,75,0,0.0695,0.0,3.8671912094718666,nan,nan,NO_WELD
49.663,0.0,0.0,0.0,0.0,0.0022,0.0,-0.0022,0.0,75,0,0.0695,0.0,3.8671912094718666,nan,nan,NO_WELD
49.713,0.0,0.0,0.0,0.0,0.0017,0.0,-0.0017,0.0,75,0,0.0695,0.0,3.8671912094718666,nan,nan,NO_WELD
49.763,0.0,0.0,0.0,0.0,0.0017,0.0,-0.0017,0.0,75,0,0.0695,0.0,3.8671912094718666,nan,nan,NO_WELD
49.813,0.0,0.0,0.0,0.0,0.0014,0.0,-0.0014,0.0,75,0,0.0695,0.0,3.8671912094718666,nan,nan,NO_WELD
49.863,0.0,0.0,0.0,0.0,0.0014,0.0,-0.0014,0.0,75,0,0.0695,0.0,3.8671912094718666,nan,nan,NO_WELD
49.913,0.0,0.0,0.0,0.0,0.0014,0.0,-0.0014,0.0,75,0,0.0695,0.0,3.8671912094718666,nan,nan,NO_WELD
49.963,0.0,0.0,0.0,0.0,0.0011,0.0,-0.0011,0.0,75,0,0.0695,0.0,3.8671912094718666,nan,nan,NO_WELD
50.013,0.0,0.0,0.0,0.0,0.0011,0.0,-0.0011,0.0,75,0,0.0695,0.0,3.8671912094718666,nan,nan,NO_WELD
50.065,0.0,0.0,0.0,0.0,0.0,0.0,0.0,0.0,75,0,0.0695,0.0,3.8671912094718666,nan,nan,NO_WELD
50.113,0.0,0.0,0.0,0.0,0.0,0.0,0.0,0.0,75,0,0.0695,0.0,3.8671912094718666,nan,nan,NO_WELD
50.163,0.0,0.0,0.0,0.0,0.0,0.0,0.0,0.0,75,0,0.0695,0.0,-1.7578091605014305,nan,nan,NO_WELD
50.213,0.0,0.0,0.0,0.0,0.0,0.0,0.0,0.0,75,0,0.0695,0.0,-1.7578091605014305,nan,nan,NO_WELD
50.263,0.0,0.0,0.0,0.0,0.0,0.0,0.0,0.0,75,0,0.0695,0.0,-2.8124966631703576,nan,nan,NO_WELD
50.313,0.0,0.0,0.0,0.0,0.0,0.0,0.0,0.0,75,0,0.0695,0.0,-2.8124966631703576,nan,nan,NO_WELD
50.363,0.0,0.0,0.0,0.0,0.0,0.0,0.0,0.0,75,0,0.0695,0.0,-2.460934233428519,nan,nan,NO_WELD
50.413,0.0,0.0,0.0,0.0,0.0,0.0,0.0,0.0,75,0,0.0695,0.0,-2.460934233428519,nan,nan,NO_WELD
50.463,0.0,0.0,0.0,0.0,0.0,0.0,0.0,0.0,75,0,0.0695,0.0,-3.8671843792826963,nan,nan,NO_WELD
50.513,0.0,0.0,0.0,0.0,0.0,0.0,0.0,0.0,75,0,0.0695,0.0,-3.8671843792826963,nan,nan,NO_WELD
50.563,0.0,0.0,0.0,0.0,0.0,0.0,0.0,0.0,75,0,0.0695,0.0,-1.4062466240378864,nan,nan,WELD_FOUND
50.613,0.025848408980401087,0.05,0.03334840898040109,0.018348408980401087,0.0,0.0,0.0333,0.0183,75,0,0.0695,0.0,-1.4062466240378864,-1.4062466240378864,0.0,WELD_FOUND
50.664,0.0,0.0,0.0,0.0,0.0037,0.0,-0.0037,0.0,76,0,0.0704,0.0,-1.4062466240378864,nan,nan,NO_WELD
50.713,0.0,0.0,0.0,0.0,0.0037,0.0,-0.0037,0.0,76,0,0.0704,0.0,-1.4062466240378864,nan,nan,NO_WELD
50.763,0.0,0.0,0.0,0.0,0.0037,0.0,-0.0037,0.0,77,0,0.0714,0.0,-1.4062466240378864,nan,nan,NO_WELD
50.813,0.0,0.0,0.0,0.0,0.0047,0.0,-0.0047,0.0,77,0,0.0714,0.0,-1.4062466240378864,nan,nan,NO_WELD
50.863,0.0,0.0,0.0,0.0,0.0047,0.0,-0.0047,0.0,77,0,0.0714,0.0,-1.4062466240378864,nan,nan,NO_WELD
50.913,0.0,0.0,0.0,0.0,0.0038,0.0,-0.0038,0.0,77,0,0.0714,0.0,-1.4062466240378864,nan,nan,NO_WELD
50.963,0.0,0.0,0.0,0.0,0.0038,0.0,-0.0038,0.0,77,0,0.0714,0.0,-1.4062466240378864,nan,nan,NO_WELD
51.013,0.0,0.0,0.0,0.0,0.0038,0.0,-0.0038,0.0,77,0,0.0714,0.0,-1.4062466240378864,nan,nan,NO_WELD
51.065,0.0,0.0,0.0,0.0,0.003,0.0,-0.003,0.0,77,0,0.0714,0.0,-1.4062466240378864,nan,nan,NO_WELD
51.113,0.0,0.0,0.0,0.0,0.003,0.0,-0.003,0.0,77,0,0.0714,0.0,-1.4062466240378864,nan,nan,NO_WELD
51.164,0.0,0.0,0.0,0.0,0.0024,0.0,-0.0024,0.0,77,0,0.0714,0.0,-1.4062466240378864,nan,nan,NO_WELD
51.213,0.0,0.0,0.0,0.0,0.0024,0.0,-0.0024,0.0,77,0,0.0714,0.0,-1.4062466240378864,nan,nan,NO_WELD
51.263,0.0,0.0,0.0,0.0,0.0024,0.0,-0.0024,0.0,77,0,0.0714,0.0,-1.4062466240378864,nan,nan,NO_WELD
51.313,0.0,0.0,0.0,0.0,0.0019,0.0,-0.0019,0.0,77,0,0.0714,0.0,-1.4062466240378864,nan,nan,NO_WELD
51.363,0.0,0.0,0.0,0.0,0.0019,0.0,-0.0019,0.0,77,0,0.0714,0.0,-1.4062466240378864,nan,nan,NO_WELD
51.413,0.0,0.0,0.0,0.0,0.0019,0.0,-0.0019,0.0,77,0,0.0714,0.0,-1.4062466240378864,nan,nan,NO_WELD
51.463,0.0,0.0,0.0,0.0,0.0015,0.0,-0.0015,0.0,77,0,0.0714,0.0,-1.4062466240378864,nan,nan,NO_WELD
51.513,0.0,0.0,0.0,0.0,0.0015,0.0,-0.0015,0.0,77,0,0.0714,0.0,-1.4062466240378864,nan,nan,NO_WELD
51.563,0.0,0.0,0.0,0.0,0.0012,0.0,-0.0012,0.0,77,0,0.0714,0.0,-1.4062466240378864,nan,nan,NO_WELD
51.613,0.0,0.0,0.0,0.0,0.0012,0.0,-0.0012,0.0,77,0,0.0714,0.0,-1.4062466240378864,nan,nan,NO_WELD
51.663,0.0,0.0,0.0,0.0,0.0012,0.0,-0.0012,0.0,77,0,0.0714,0.0,-1.4062466240378864,nan,nan,NO_WELD
51.713,0.0,0.0,0.0,0.0,0.0,0.0,0.0,0.0,77,0,0.0714,0.0,2.109378420432439,nan,nan,NO_WELD
51.763,0.0,0.0,0.0,0.0,0.0,0.0,0.0,0.0,77,0,0.0714,0.0,2.109378420432439,nan,nan,NO_WELD
51.813,0.0,0.0,0.0,0.0,0.0,0.0,0.0,0.0,77,0,0.0714,0.0,-2.1093715902432693,nan,nan,NO_WELD
51.863,0.0,0.0,0.0,0.0,0.0,0.0,0.0,0.0,77,0,0.0714,0.0,-2.1093715902432693,nan,nan,NO_WELD
51.913,0.0,0.0,0.0,0.0,0.0,0.0,0.0,0.0,77,0,0.0714,0.0,-2.1093715902432693,nan,nan,NO_WELD
51.963,0.0,0.0,0.0,0.0,0.0,0.0,0.0,0.0,77,0,0.0714,0.0,-2.1093715902432693,nan,nan,NO_WELD
52.013,0.0,0.0,0.0,0.0,0.0,0.0,0.0,0.0,77,0,0.0714,0.0,-7.7343721736599775,nan,nan,NO_WELD
52.064,0.0,0.0,0.0,0.0,0.0,0.0,0.0,0.0,77,0,0.0714,0.0,-7.7343721736599775,nan,nan,NO_WELD
52.113,0.0,0.0,0.0,0.0,0.0,0.0,0.0,0.0,77,0,0.0714,0.0,-3.164059092912196,nan,nan,NO_WELD
52.163,0.0,0.0,0.0,0.0,0.0,0.0,0.0,0.0,77,0,0.0714,0.0,-3.164059092912196,nan,nan,NO_WELD
52.213,0.0,0.0,0.0,0.0,0.0,0.0,0.0,0.0,77,0,0.0714,0.0,-2.460934233428519,nan,nan,NO_WELD
52.263,0.0,0.0,0.0,0.0,0.0,0.0,0.0,0.0,77,0,0.0714,0.0,-2.460934233428519,nan,nan,NO_WELD
52.313,0.0,0.0,0.0,0.0,0.0,0.0,0.0,0.0,77,0,0.0714,0.0,-3.5156217360974464,nan,nan,NO_WELD
52.363,0.0,0.0,0.0,0.0,0.0,0.0,0.0,0.0,77,0,0.0714,0.0,-3.5156217360974464,nan,nan,NO_WELD
52.413,0.0,0.0,0.0,0.0,0.0,0.0,0.0,0.0,77,0,0.0714,0.0,-2.460934233428519,nan,nan,NO_WELD
52.463,0.0,0.0,0.0,0.0,0.0,0.0,0.0,0.0,77,0,0.0714,0.0,-2.460934233428519,nan,nan,NO_WELD
52.513,0.02179170584530101,0.05,0.02929170584530101,0.014291705845301012,0.0,0.0,0.0293,0.0143,77,0,0.0714,0.0,-2.1093715902432693,-2.1093715902432693,0.0,WELD_FOUND
52.563,0.02179170584530101,0.05,0.02929170584530101,0.014291705845301012,0.0,0.0,0.0293,0.0143,77,0,0.0714,0.0,-2.1093715902432693,-2.1093715902432693,0.0,WELD_FOUND
52.613,0.0,0.0,0.0,0.0,0.0,0.0,0.0,0.0,77,0,0.0714,0.0,-2.1093715902432693,nan,nan,NO_WELD
52.663,0.0,0.0,0.0,0.0,0.0,0.0,0.0,0.0,79,0,0.0732,0.0,-2.1093715902432693,nan,nan,NO_WELD
52.713,0.0,0.0,0.0,0.0,0.0074,0.0,-0.0074,0.0,79,0,0.0732,0.0,-2.1093715902432693,nan,nan,NO_WELD
52.763,0.0,0.0,0.0,0.0,0.0074,0.0,-0.0074,0.0,79,0,0.0732,0.0,-2.1093715902432693,nan,nan,NO_WELD
52.813,0.020265923313856744,0.05,0.027765923313856744,0.012765923313856745,0.0059,0.0,0.0218,0.0128,79,0,0.0732,0.0,-2.460934233428519,-2.460934233428519,0.0,WELD_FOUND
52.863,0.020265923313856744,0.05,0.027765923313856744,0.012765923313856745,0.0059,0.0,0.0218,0.0128,79,0,0.0732,0.0,-2.460934233428519,-2.460934233428519,0.0,WELD_FOUND
52.913,0.0,0.0,0.0,0.0,0.0059,0.0,-0.0059,0.0,79,0,0.0732,0.0,-2.460934233428519,nan,nan,NO_WELD
52.963,0.0,0.0,0.0,0.0,0.0085,0.0,-0.0085,0.0,81,0,0.0751,0.0,-2.460934233428519,nan,nan,NO_WELD
53.013,0.02148211964790389,0.05,0.02898211964790389,0.013982119647903891,0.0085,0.0,0.0205,0.014,81,0,0.0751,0.0,-2.1093715902432693,-2.1093715902432693,0.0,WELD_FOUND
53.064,0.02148211964790389,0.05,0.02898211964790389,0.013982119647903891,0.0085,0.0,0.0205,0.014,80,0,0.0741,0.0,-2.1093715902432693,-2.1093715902432693,0.0,WELD_FOUND
53.113,0.0,0.0,0.0,0.0,0.0026,0.0,-0.0026,0.0,80,0,0.0741,0.0,-2.1093715902432693,nan,nan,NO_WELD
53.163,0.0,0.0,0.0,0.0,0.0026,0.0,-0.0026,0.0,82,0,0.076,0.0,-2.1093715902432693,nan,nan,NO_WELD
53.213,0.0,0.0,0.0,0.0,0.0026,0.0,-0.0026,0.0,82,0,0.076,0.0,-2.1093715902432693,nan,nan,NO_WELD
53.263,0.0,0.0,0.0,0.0,0.0065,0.0,-0.0065,0.0,82,0,0.076,0.0,-2.1093715902432693,nan,nan,NO_WELD
53.313,0.0,0.0,0.0,0.0,0.0065,0.0,-0.0065,0.0,82,0,0.076,0.0,-2.1093715902432693,nan,nan,NO_WELD
53.363,0.0,0.0,0.0,0.0,0.0052,0.0,-0.0052,0.0,82,0,0.076,0.0,-2.1093715902432693,nan,nan,NO_WELD
53.413,0.0,0.0,0.0,0.0,0.0052,0.0,-0.0052,0.0,82,0,0.076,0.0,-2.1093715902432693,-2.1093715902432693,0.0,WELD_FOUND
53.463,0.0,0.0,0.0,0.0,0.0042,0.0,-0.0042,0.0,82,0,0.076,0.0,-2.1093715902432693,-2.1093715902432693,0.0,WELD_FOUND
53.513,0.0,0.0,0.0,0.0,0.0042,0.0,-0.0042,0.0,82,0,0.076,0.0,-2.1093715902432693,nan,nan,NO_WELD
53.563,0.0,0.0,0.0,0.0,0.0042,0.0,-0.0042,0.0,82,0,0.076,0.0,-2.1093715902432693,nan,nan,NO_WELD
53.613,0.0,0.0,0.0,0.0,0.0033,0.0,-0.0033,0.0,82,0,0.076,0.0,-2.1093715902432693,nan,nan,NO_WELD
53.663,0.0,0.0,0.0,0.0,0.0033,0.0,-0.0033,0.0,82,0,0.076,0.0,-2.1093715902432693,nan,nan,NO_WELD
53.713,0.0,0.0,0.0,0.0,0.0027,0.0,-0.0027,0.0,82,0,0.076,0.0,-2.1093715902432693,nan,nan,NO_WELD
53.763,0.0,0.0,0.0,0.0,0.0027,0.0,-0.0027,0.0,82,0,0.076,0.0,-2.1093715902432693,nan,nan,NO_WELD
53.813,0.0,0.0,0.0,0.0,0.0021,0.0,-0.0021,0.0,82,0,0.076,0.0,-2.1093715902432693,nan,nan,NO_WELD
53.863,0.0,0.0,0.0,0.0,0.0021,0.0,-0.0021,0.0,82,0,0.076,0.0,-2.1093715902432693,nan,nan,NO_WELD
53.913,0.0,0.0,0.0,0.0,0.0021,0.0,-0.0021,0.0,82,0,0.076,0.0,-2.1093715902432693,nan,nan,NO_WELD
53.963,0.0,0.0,0.0,0.0,0.0017,0.0,-0.0017,0.0,82,0,0.076,0.0,-2.1093715902432693,nan,nan,NO_WELD
54.013,0.0,0.0,0.0,0.0,0.0017,0.0,-0.0017,0.0,82,0,0.076,0.0,-2.1093715902432693,nan,nan,NO_WELD
54.064,0.0,0.0,0.0,0.0,0.0014,0.0,-0.0014,0.0,82,0,0.076,0.0,-2.1093715902432693,nan,nan,NO_WELD
54.113,0.0,0.0,0.0,0.0,0.0014,0.0,-0.0014,0.0,82,0,0.076,0.0,-1.4062466240378864,-1.4062466240378864,0.0,WELD_FOUND
54.163,0.0,0.0,0.0,0.0,0.0011,0.0,-0.0011,0.0,82,0,0.076,0.0,-1.4062466240378864,-1.4062466240378864,0.0,WELD_FOUND
54.213,0.0,0.0,0.0,0.0,0.0011,0.0,-0.0011,0.0,82,0,0.076,0.0,-1.4062466240378864,nan,nan,NO_WELD
54.263,0.0,0.0,0.0,0.0,0.0011,0.0,-0.0011,0.0,82,0,0.076,0.0,-1.4062466240378864,nan,nan,NO_WELD
54.313,0.023776798442149943,0.05,0.03127679844214994,0.016276798442149944,0.0,0.0,0.0313,0.0163,82,0,0.076,0.0,-1.7578091605014305,-1.7578091605014305,0.0,WELD_FOUND
54.363,0.023776798442149943,0.05,0.03127679844214994,0.016276798442149944,0.0,0.0,0.0313,0.0163,83,0,0.0769,0.0,-1.7578091605014305,-1.7578091605014305,0.0,WELD_FOUND
54.413,0.022181802980718465,0.09637439277346888,0.0366379618967388,0.007725644064698134,0.0037,0.0,0.0329,0.0077,83,0,0.0769,0.0,-2.460934233428519,-2.1093715902432693,-0.3515626431852499,WELD_FOUND
54.463,0.022181802980718465,0.09637439277346888,0.0366379618967388,0.007725644064698134,0.0037,0.0,0.0329,0.0077,83,0,0.0769,0.0,-2.460934233428519,-2.1093715902432693,-0.3515626431852499,WELD_FOUND
54.513,0.0,0.0,0.0,0.0,0.017,0.0,-0.017,0.0,87,0,0.0806,0.0,-2.460934233428519,nan,nan,NO_WELD
54.563,0.0,0.0,0.0,0.0,0.017,0.0,-0.017,0.0,87,0,0.0806,0.0,-2.460934233428519,nan,nan,NO_WELD
54.613,0.0,0.0,0.0,0.0,0.017,0.0,-0.017,0.0,93,0,0.0862,0.0,-2.460934233428519,nan,nan,NO_WELD
54.663,0.0,0.0,0.0,0.0,0.0251,0.0,-0.0251,0.0,93,0,0.0862,0.0,-2.460934233428519,nan,nan,NO_WELD
54.713,0.0,0.0,0.0,0.0,0.0251,0.0,-0.0251,0.0,95,0,0.088,0.0,-2.460934233428519,nan,nan,NO_WELD
54.763,0.0,0.0,0.0,0.0,0.0251,0.0,-0.0251,0.0,95,0,0.088,0.0,-2.460934233428519,nan,nan,NO_WELD
54.813,0.0,0.0,0.0,0.0,0.0225,0.0,-0.0225,0.0,96,0,0.089,0.0,-2.460934233428519,nan,nan,NO_WELD
54.863,0.0,0.0,0.0,0.0,0.0225,0.0,-0.0225,0.0,96,0,0.089,0.0,-2.460934233428519,nan,nan,NO_WELD
54.913,0.0,0.0,0.0,0.0,0.018,0.0,-0.018,0.0,96,0,0.089,0.0,-2.460934233428519,nan,nan,NO_WELD
54.963,0.0,0.0,0.0,0.0,0.018,0.0,-0.018,0.0,96,0,0.089,0.0,-2.460934233428519,nan,nan,NO_WELD
55.013,0.0,0.0,0.0,0.0,0.0144,0.0,-0.0144,0.0,96,0,0.089,0.0,-2.460934233428519,nan,nan,NO_WELD
55.064,0.0,0.0,0.0,0.0,0.0144,0.0,-0.0144,0.0,96,0,0.089,0.0,-2.460934233428519,nan,nan,NO_WELD
55.113,0.0,0.0,0.0,0.0,0.0144,0.0,-0.0144,0.0,96,0,0.089,0.0,-2.460934233428519,nan,nan,NO_WELD
55.163,0.0,0.0,0.0,0.0,0.0115,0.0,-0.0115,0.0,96,0,0.089,0.0,-2.460934233428519,nan,nan,NO_WELD
55.213,0.0,0.0,0.0,0.0,0.0115,0.0,-0.0115,0.0,96,0,0.089,0.0,-2.1093715902432693,-2.1093715902432693,0.0,WELD_FOUND
55.263,0.0,0.0,0.0,0.0,0.0115,0.0,-0.0115,0.0,96,0,0.089,0.0,-2.1093715902432693,-2.1093715902432693,0.0,WELD_FOUND
55.313,0.0,0.0,0.0,0.0,0.0092,0.0,-0.0092,0.0,96,0,0.089,0.0,-2.1093715902432693,nan,nan,NO_WELD
55.363,0.0,0.0,0.0,0.0,0.0092,0.0,-0.0092,0.0,96,0,0.089,0.0,-2.1093715902432693,nan,nan,NO_WELD
55.413,0.0,0.0,0.0,0.0,0.0092,0.0,-0.0092,0.0,96,0,0.089,0.0,-2.1093715902432693,nan,nan,NO_WELD
55.463,0.0,0.0,0.0,0.0,0.0074,0.0,-0.0074,0.0,96,0,0.089,0.0,-2.1093715902432693,nan,nan,NO_WELD
55.513,0.0,0.0,0.0,0.0,0.0074,0.0,-0.0074,0.0,96,0,0.089,0.0,-2.1093715902432693,nan,nan,NO_WELD
55.563,0.0,0.0,0.0,0.0,0.0059,0.0,-0.0059,0.0,96,0,0.089,0.0,-2.1093715902432693,nan,nan,NO_WELD
55.613,0.019893129421441513,0.05,0.027393129421441512,0.012393129421441513,0.0059,0.0,0.0215,0.0124,96,0,0.089,0.0,-2.460934233428519,-2.460934233428519,0.0,WELD_FOUND
55.663,0.019893129421441513,0.05,0.027393129421441512,0.012393129421441513,0.0059,0.0,0.0215,0.0124,96,0,0.089,0.0,-2.460934233428519,-2.460934233428519,0.0,WELD_FOUND
55.713,0.020642177902450307,0.09760370539915515,0.03528273371232358,0.0060016220925770344,0.006,0.0,0.0293,0.006,97,0,0.0899,0.0,-2.1093715902432693,-2.285152911835894,0.17578132159262472,WELD_FOUND
55.763,0.020642177902450307,0.09760370539915515,0.03528273371232358,0.0060016220925770344,0.006,0.0,0.0293,0.006,97,0,0.0899,0.0,-2.1093715902432693,-2.285152911835894,0.17578132159262472,WELD_FOUND
55.813,0.0,0.0,0.0,0.0,0.006,0.0,-0.006,0.0,99,0,0.0918,0.0,-2.1093715902432693,nan,nan,NO_WELD
55.863,0.0,0.0,0.0,0.0,0.0085,0.0,-0.0085,0.0,99,0,0.0918,0.0,-2.1093715902432693,nan,nan,NO_WELD
55.913,0.0,0.0,0.0,0.0,0.0085,0.0,-0.0085,0.0,104,0,0.0964,0.0,-2.1093715902432693,nan,nan,NO_WELD
55.963,0.0,0.0,0.0,0.0,0.0237,0.0,-0.0237,0.0,104,0,0.0964,0.0,-2.1093715902432693,nan,nan,NO_WELD
56.013,0.021559308555482475,0.05,0.029059308555482475,0.014059308555482476,0.0237,0.0,0.0054,0.0141,105,0,0.0973,0.0,-2.1093715902432693,-2.1093715902432693,0.0,WELD_FOUND
56.064,0.021559308555482475,0.05,0.029059308555482475,0.014059308555482476,0.0179,0.0,0.0112,0.0141,105,0,0.0973,0.0,-2.1093715902432693,-2.1093715902432693,0.0,WELD_FOUND
56.113,0.020976144628291366,0.1,0.035976144628291365,0.005976144628291366,0.0179,0.0,0.0181,0.006,106,0,0.0982,0.0,-2.460934233428519,-2.285152911835894,-0.17578132159262516,WELD_FOUND
56.163,0.020976144628291366,0.1,0.035976144628291365,0.005976144628291366,0.0144,0.0,0.0215,0.006,106,0,0.0982,0.0,-2.460934233428519,-2.285152911835894,-0.17578132159262516,WELD_FOUND
56.213,0.0,0.0,0.0,0.0,0.0144,0.0,-0.0144,0.0,108,0,0.1001,0.0,-2.460934233428519,nan,nan,NO_WELD
56.263,0.0,0.0,0.0,0.0,0.0144,0.0,-0.0144,0.0,108,0,0.1001,0.0,-2.460934233428519,nan,nan,NO_WELD
56.313,0.0,0.0,0.0,0.0,0.0235,0.0,-0.0235,0.0,112,0,0.1038,0.0,-2.460934233428519,nan,nan,NO_WELD
56.363,0.0,0.0,0.0,0.0,0.0235,0.0,-0.0235,0.0,112,0,0.1038,0.0,-2.460934233428519,nan,nan,NO_WELD
56.413,0.020107436110940957,0.05,0.027607436110940957,0.012607436110940957,0.0188,0.0,0.0088,0.0126,112,0,0.1038,0.0,-2.460934233428519,-2.460934233428519,0.0,WELD_FOUND
56.463,0.020107436110940957,0.05,0.027607436110940957,0.012607436110940957,0.0188,0.0,0.0088,0.0126,112,0,0.1038,0.0,-2.460934233428519,-2.460934233428519,0.0,WELD_FOUND
56.513,0.018477736477072668,0.1,0.03347773647707267,0.003477736477072668,0.0188,0.0,0.0147,0.0035,113,0,0.1047,0.0,-3.164059092912196,-2.8124966631703576,-0.3515624297418385,WELD_FOUND
56.563,0.018477736477072668,0.1,0.03347773647707267,0.003477736477072668,0.0138,0.0,0.0197,0.0035,113,0,0.1047,0.0,-3.164059092912196,-2.8124966631703576,-0.3515624297418385,WELD_FOUND
56.613,0.019605872622728185,0.10410483485393827,0.03522159785081892,0.003990147394637444,0.0138,0.0,0.0215,0.004,115,0,0.1066,0.0,-2.460934233428519,-2.460934233428519,0.0,WELD_FOUND
56.663,0.019605872622728185,0.10410483485393827,0.03522159785081892,0.003990147394637444,0.0157,0.0,0.0196,0.004,115,0,0.1066,0.0,-2.460934233428519,-2.460934233428519,0.0,WELD_FOUND
56.713,0.019835510933305264,0.1067153243782538,0.03584280959004334,0.0038282122765671937,0.0157,0.0,0.0202,0.0038,119,0,0.1103,0.0,-2.460934233428519,-2.460934233428519,0.0,WELD_FOUND
56.763,0.019835510933305264,0.1067153243782538,0.03584280959004334,0.0038282122765671937,0.0157,0.0,0.0202,0.0038,119,0,0.1103,0.0,-2.460934233428519,-2.460934233428519,0.0,WELD_FOUND
56.813,0.0,0.0,0.0,0.0,0.0292,0.0,-0.0292,0.0,123,0,0.114,0.0,-2.460934233428519,nan,nan,NO_WELD
56.863,0.0,0.0,0.0,0.0,0.0292,0.0,-0.0292,0.0,123,0,0.114,0.0,-2.460934233428519,nan,nan,NO_WELD
56.913,0.022959988280225458,0.05,0.030459988280225458,0.015459988280225458,0.0286,0.0,0.0018,0.0155,126,0,0.1168,0.0,-1.7578091605014305,-1.7578091605014305,0.0,WELD_FOUND
56.963,0.022959988280225458,0.05,0.030459988280225458,0.015459988280225458,0.0286,0.0,0.0018,0.0155,126,0,0.1168,0.0,-1.7578091605014305,-1.7578091605014305,0.0,WELD_FOUND
57.013,0.0,0.0,0.0,0.0,0.0286,0.0,-0.0286,0.0,127,0,0.1177,0.0,-1.7578091605014305,nan,nan,NO_WELD
57.064,0.0,0.0,0.0,0.0,0.0196,0.0,-0.0196,0.0,127,0,0.1177,0.0,-1.7578091605014305,nan,nan,NO_WELD
57.113,0.0,0.0,0.0,0.0,0.0196,0.0,-0.0196,0.0,129,0,0.1196,0.0,-1.7578091605014305,nan,nan,NO_WELD
57.163,0.0,0.0,0.0,0.0,0.0192,0.0,-0.0192,0.0,129,0,0.1196,0.0,-1.7578091605014305,nan,nan,NO_WELD
57.213,0.0,0.0,0.0,0.0,0.0192,0.0,-0.0192,0.0,129,0,0.1196,0.0,-1.7578091605014305,nan,nan,NO_WELD
57.263,0.0,0.0,0.0,0.0,0.0192,0.0,-0.0192,0.0,129,0,0.1196,0.0,-1.7578091605014305,nan,nan,NO_WELD
57.313,0.0,0.0,0.0,0.0,0.0154,0.0,-0.0154,0.0,129,0,0.1196,0.0,-1.7578091605014305,nan,nan,NO_WELD
57.363,0.0,0.0,0.0,0.0,0.0154,0.0,-0.0154,0.0,129,0,0.1196,0.0,-1.7578091605014305,nan,nan,NO_WELD
57.413,0.0,0.0,0.0,0.0,0.0123,0.0,-0.0123,0.0,129,0,0.1196,0.0,-1.7578091605014305,nan,nan,NO_WELD
57.463,0.0,0.0,0.0,0.0,0.0123,0.0,-0.0123,0.0,129,0,0.1196,0.0,-1.7578091605014305,nan,nan,NO_WELD
57.513,0.0,0.0,0.0,0.0,0.0123,0.0,-0.0123,0.0,129,0,0.1196,0.0,-1.7578091605014305,nan,nan,NO_WELD
57.563,0.0,0.0,0.0,0.0,0.0098,0.0,-0.0098,0.0,129,0,0.1196,0.0,-1.7578091605014305,nan,nan,NO_WELD
57.613,0.019893129421441513,0.05,0.027393129421441512,0.012393129421441513,0.0098,0.0,0.0176,0.0124,129,0,0.1196,0.0,-2.460934233428519,-2.460934233428519,0.0,WELD_FOUND
57.663,0.019893129421441513,0.05,0.027393129421441512,0.012393129421441513,0.0098,0.0,0.0176,0.0124,129,0,0.1196,0.0,-2.460934233428519,-2.460934233428519,0.0,WELD_FOUND
57.713,0.0,0.0,0.0,0.0,0.0079,0.0,-0.0079,0.0,129,0,0.1196,0.0,-2.460934233428519,nan,nan,NO_WELD
57.763,0.0,0.0,0.0,0.0,0.0079,0.0,-0.0079,0.0,129,0,0.1196,0.0,-2.460934233428519,nan,nan,NO_WELD
57.813,0.018436561681078396,0.05,0.025936561681078395,0.010936561681078396,0.0079,0.0,0.0181,0.0109,132,0,0.1223,0.0,-2.8124966631703576,-2.8124966631703576,0.0,WELD_FOUND
57.863,0.018436561681078396,0.05,0.025936561681078395,0.010936561681078396,0.0121,0.0,0.0138,0.0109,132,0,0.1223,0.0,-2.8124966631703576,-2.8124966631703576,0.0,WELD_FOUND
57.913,0.0,0.0,0.0,0.0,0.0121,0.0,-0.0121,0.0,131,0,0.1214,0.0,-2.8124966631703576,nan,nan,NO_WELD
57.963,0.0,0.0,0.0,0.0,0.0121,0.0,-0.0121,0.0,131,0,0.1214,0.0,-2.8124966631703576,nan,nan,NO_WELD
58.013,0.0,0.0,0.0,0.0,0.0122,0.0,-0.0122,0.0,134,0,0.1242,0.0,-2.8124966631703576,nan,nan,NO_WELD
58.064,0.0,0.0,0.0,0.0,0.0122,0.0,-0.0122,0.0,134,0,0.1242,0.0,-2.8124966631703576,nan,nan,NO_WELD
58.113,0.0,0.0,0.0,0.0,0.0122,0.0,-0.0122,0.0,133,0,0.1233,0.0,-2.8124966631703576,nan,nan,NO_WELD
58.163,0.0,0.0,0.0,0.0,0.0049,0.0,-0.0049,0.0,133,0,0.1233,0.0,-2.8124966631703576,nan,nan,NO_WELD
58.213,0.0,0.0,0.0,0.0,0.0049,0.0,-0.0049,0.0,133,0,0.1233,0.0,-2.8124966631703576,nan,nan,NO_WELD
58.263,0.0,0.0,0.0,0.0,0.0039,0.0,-0.0039,0.0,133,0,0.1233,0.0,-2.8124966631703576,nan,nan,NO_WELD
58.313,0.014716506514280164,0.05,0.022216506514280164,0.007216506514280165,0.0039,0.0,0.0183,0.0072,133,0,0.1233,0.0,-3.5156217360974464,-3.5156217360974464,0.0,WELD_FOUND
58.363,0.014716506514280164,0.05,0.022216506514280164,0.007216506514280165,0.0031,0.0,0.0191,0.0072,133,0,0.1233,0.0,-3.5156217360974464,-3.5156217360974464,0.0,WELD_FOUND
58.413,0.0,0.0,0.0,0.0,0.0031,0.0,-0.0031,0.0,133,0,0.1233,0.0,-3.5156217360974464,nan,nan,NO_WELD
58.463,0.0,0.0,0.0,0.0,0.0031,0.0,-0.0031,0.0,133,0,0.1233,0.0,-3.5156217360974464,nan,nan,NO_WELD
58.513,0.014716506514280164,0.05,0.022216506514280164,0.007216506514280165,0.0093,0.0,0.0129,0.0072,136,0,0.126,0.0,-3.5156217360974464,-3.5156217360974464,0.0,WELD_FOUND
58.563,0.014716506514280164,0.05,0.022216506514280164,0.007216506514280165,0.0093,0.0,0.0129,0.0072,136,0,0.126,0.0,-3.5156217360974464,-3.5156217360974464,0.0,WELD_FOUND
58.613,0.016020804574354366,0.1,0.031020804574354365,0.0010208045743543663,0.0074,0.0,0.0236,0.001,136,0,0.126,0.0,-2.8124966631703576,-3.164059092912196,0.3515624297418385,WELD_FOUND
58.663,0.016020804574354366,0.1,0.031020804574354365,0.0010208045743543663,0.0074,0.0,0.0236,0.001,136,0,0.126,0.0,-2.8124966631703576,-3.164059092912196,0.3515624297418385,WELD_FOUND
58.713,0.0,0.0,0.0,0.0,0.0074,0.0,-0.0074,0.0,139,0,0.1288,0.0,-2.8124966631703576,nan,nan,NO_WELD
58.763,0.0,0.0,0.0,0.0,0.0119,0.0,-0.0119,0.0,139,0,0.1288,0.0,-2.8124966631703576,nan,nan,NO_WELD
58.813,0.0,0.0,0.0,0.0,0.0119,0.0,-0.0119,0.0,143,0,0.1325,0.0,-2.8124966631703576,nan,nan,NO_WELD
58.863,0.0,0.0,0.0,0.0,0.0119,0.0,-0.0119,0.0,143,0,0.1325,0.0,-2.8124966631703576,nan,nan,NO_WELD
58.913,0.0,0.0,0.0,0.0,0.017,0.0,-0.017,0.0,143,0,0.1325,0.0,-2.8124966631703576,nan,nan,NO_WELD
58.963,0.0,0.0,0.0,0.0,0.017,0.0,-0.017,0.0,143,0,0.1325,0.0,-2.8124966631703576,nan,nan,NO_WELD
59.013,0.0,0.0,0.0,0.0,0.017,0.0,-0.017,0.0,143,0,0.1325,0.0,-2.8124966631703576,nan,nan,NO_WELD
59.064,0.0,0.0,0.0,0.0,0.0136,0.0,-0.0136,0.0,143,0,0.1325,0.0,-2.8124966631703576,nan,nan,NO_WELD
59.113,0.014716506514280164,0.05,0.022216506514280164,0.007216506514280165,0.0136,0.0,0.0086,0.0072,143,0,0.1325,0.0,-3.5156217360974464,-3.5156217360974464,0.0,WELD_FOUND
59.163,0.014716506514280164,0.05,0.022216506514280164,0.007216506514280165,0.0109,0.0,0.0113,0.0072,143,0,0.1325,0.0,-3.5156217360974464,-3.5156217360974464,0.0,WELD_FOUND
59.213,0.016020804574354366,0.1,0.031020804574354365,0.0010208045743543663,0.0109,0.0,0.0201,0.001,144,0,0.1335,0.0,-2.8124966631703576,-3.164059092912196,0.3515624297418385,WELD_FOUND
59.263,0.016020804574354366,0.1,0.031020804574354365,0.0010208045743543663,0.0109,0.0,0.0201,0.001,144,0,0.1335,0.0,-2.8124966631703576,-3.164059092912196,0.3515624297418385,WELD_FOUND
59.313,0.0,0.0,0.0,0.0,0.0164,0.0,-0.0164,0.0,147,0,0.1362,0.0,-2.8124966631703576,nan,nan,NO_WELD
59.363,0.0,0.0,0.0,0.0,0.0164,0.0,-0.0164,0.0,147,0,0.1362,0.0,-2.8124966631703576,nan,nan,NO_WELD
59.413,0.0,0.0,0.0,0.0,0.0164,0.0,-0.0164,0.0,148,0,0.1372,0.0,-2.8124966631703576,nan,nan,NO_WELD
59.463,0.0,0.0,0.0,0.0,0.0123,0.0,-0.0123,0.0,148,0,0.1372,0.0,-2.8124966631703576,nan,nan,NO_WELD
59.513,0.017659051300704897,0.05,0.025159051300704897,0.010159051300704897,0.0123,0.0,0.0128,0.0102,148,0,0.1372,0.0,-2.8124966631703576,-2.8124966631703576,0.0,WELD_FOUND
59.563,0.017659051300704897,0.05,0.025159051300704897,0.010159051300704897,0.0123,0.0,0.0128,0.0102,148,0,0.1372,0.0,-2.8124966631703576,-2.8124966631703576,0.0,WELD_FOUND
59.613,0.0166122371328806,0.1,0.0316122371328806,0.0016122371328806014,0.0099,0.0,0.0217,0.0016,149,0,0.1381,0.0,-3.5156217360974464,-3.164059092912196,-0.3515626431852503,WELD_FOUND
59.663,0.0166122371328806,0.1,0.0316122371328806,0.0016122371328806014,0.0099,0.0,0.0217,0.0016,149,0,0.1381,0.0,-3.5156217360974464,-3.164059092912196,-0.3515626431852503,WELD_FOUND
59.713,0.017782327412375874,0.119152481330634,0.03565519961197097,-9.054478721922526e-05,0.017,0.0,0.0186,-0.0001,152,0,0.1409,0.0,-2.8124966631703576,-2.8124966631703576,0.0,WELD_FOUND
59.763,0.017782327412375874,0.119152481330634,0.03565519961197097,-9.054478721922526e-05,0.017,0.0,0.0186,-0.0001,152,0,0.1409,0.0,-2.8124966631703576,-2.8124966631703576,0.0,WELD_FOUND
59.813,0.017321698687334672,0.13182537247725132,0.03709550455892237,-0.0024521071842530245,0.017,0.0,0.0201,-0.0025,155,0,0.1436,0.0,-3.164059092912196,-2.988277984762983,-0.17578110814921333,WELD_FOUND
59.863,0.017321698687334672,0.13182537247725132,0.03709550455892237,-0.0024521071842530245,0.0176,0.0,0.0195,-0.0025,155,0,0.1436,0.0,-3.164059092912196,-2.988277984762983,-0.17578110814921333,WELD_FOUND
59.913,0.01792789371313035,0.12087377039625721,0.03605895927256893,-0.00020317184630823035,0.0176,0.0,0.0184,-0.0002,157,0,0.1455,0.0,-2.8124966631703576,-2.8124966631703576,0.0,WELD_FOUND
59.963,0.01792789371313035,0.12087377039625721,0.03605895927256893,-0.00020317184630823035,0.0176,0.0,0.0184,-0.0002,157,0,0.1455,0.0,-2.8124966631703576,-2.8124966631703576,0.0,WELD_FOUND
60.013,0.0,0.0,0.0,0.0,0.018,0.0,-0.018,0.0,158,0,0.1464,0.0,-2.8124966631703576,nan,nan,NO_WELD
60.064,0.0,0.0,0.0,0.0,0.018,0.0,-0.018,0.0,158,0,0.1464,0.0,-2.8124966631703576,nan,nan,NO_WELD
60.113,0.0,0.0,0.0,0.0,0.018,0.0,-0.018,0.0,160,0,0.1483,0.0,-2.8124966631703576,nan,nan,NO_WELD
60.163,0.0,0.0,0.0,0.0,0.0157,0.0,-0.0157,0.0,160,0,0.1483,0.0,-2.8124966631703576,nan,nan,NO_WELD
60.213,0.019491907436181063,0.05,0.026991907436181063,0.011991907436181063,0.0157,0.0,0.0113,0.012,161,0,0.1492,0.0,-2.460934233428519,-2.460934233428519,0.0,WELD_FOUND
60.263,0.019491907436181063,0.05,0.026991907436181063,0.011991907436181063,0.0157,0.0,0.0113,0.012,161,0,0.1492,0.0,-2.460934233428519,-2.460934233428519,0.0,WELD_FOUND
60.313,0.02056010210080618,0.09664745865966859,0.035057220899756464,0.006062983301855892,0.0119,0.0,0.0231,0.0061,161,0,0.1492,0.0,-2.1093715902432693,-2.285152911835894,0.17578132159262472,WELD_FOUND
60.363,0.02056010210080618,0.09664745865966859,0.035057220899756464,0.006062983301855892,0.0119,0.0,0.0231,0.0061,161,0,0.1492,0.0,-2.1093715902432693,-2.285152911835894,0.17578132159262472,WELD_FOUND
60.413,0.0,0.0,0.0,0.0,0.022,0.0,-0.022,0.0,165,0,0.1529,0.0,-2.1093715902432693,nan,nan,NO_WELD
60.463,0.0,0.0,0.0,0.0,0.022,0.0,-0.022,0.0,165,0,0.1529,0.0,-2.1093715902432693,nan,nan,NO_WELD
60.513,0.0,0.0,0.0,0.0,0.022,0.0,-0.022,0.0,166,0,0.1538,0.0,-2.1093715902432693,nan,nan,NO_WELD
60.563,0.0,0.0,0.0,0.0,0.0157,0.0,-0.0157,0.0,166,0,0.1538,0.0,-2.1093715902432693,nan,nan,NO_WELD
60.613,0.0,0.0,0.0,0.0,0.0157,0.0,-0.0157,0.0,166,0,0.1538,0.0,-2.1093715902432693,nan,nan,NO_WELD
60.663,0.0,0.0,0.0,0.0,0.0157,0.0,-0.0157,0.0,166,0,0.1538,0.0,-2.1093715902432693,nan,nan,NO_WELD
60.713,0.0,0.0,0.0,0.0,0.0125,0.0,-0.0125,0.0,166,0,0.1538,0.0,-2.1093715902432693,nan,nan,NO_WELD
60.763,0.0,0.0,0.0,0.0,0.0125,0.0,-0.0125,0.0,166,0,0.1538,0.0,-2.1093715902432693,nan,nan,NO_WELD
60.813,0.0,0.0,0.0,0.0,0.01,0.0,-0.01,0.0,166,0,0.1538,0.0,-2.1093715902432693,nan,nan,NO_WELD
60.863,0.0,0.0,0.0,0.0,0.01,0.0,-0.01,0.0,166,0,0.1538,0.0,-2.1093715902432693,nan,nan,NO_WELD
60.913,0.0,0.0,0.0,0.0,0.01,0.0,-0.01,0.0,166,0,0.1538,0.0,-2.1093715902432693,nan,nan,NO_WELD
60.963,0.0,0.0,0.0,0.0,0.008,0.0,-0.008,0.0,166,0,0.1538,0.0,-2.1093715902432693,nan,nan,NO_WELD
61.013,0.0,0.0,0.0,0.0,0.008,0.0,-0.008,0.0,166,0,0.1538,0.0,-1.4062466240378864,nan,nan,WELD_FOUND
61.064,0.0,0.0,0.0,0.0,0.008,0.0,-0.008,0.0,166,0,0.1538,0.0,-1.4062466240378864,-1.4062466240378864,0.0,WELD_FOUND
61.113,0.0,0.0,0.0,0.0,0.0064,0.0,-0.0064,0.0,166,0,0.1538,0.0,-1.4062466240378864,nan,nan,NO_WELD
61.163,0.0,0.0,0.0,0.0,0.0064,0.0,-0.0064,0.0,166,0,0.1538,0.0,-1.4062466240378864,nan,nan,NO_WELD
61.213,0.0,0.0,0.0,0.0,0.0051,0.0,-0.0051,0.0,166,0,0.1538,0.0,-1.4062466240378864,nan,nan,NO_WELD
61.263,0.0,0.0,0.0,0.0,0.0051,0.0,-0.0051,0.0,166,0,0.1538,0.0,-1.4062466240378864,nan,nan,NO_WELD
61.313,0.0,0.0,0.0,0.0,0.0041,0.0,-0.0041,0.0,166,0,0.1538,0.0,-1.4062466240378864,nan,nan,NO_WELD
61.363,0.0,0.0,0.0,0.0,0.0041,0.0,-0.0041,0.0,166,0,0.1538,0.0,-1.4062466240378864,nan,nan,NO_WELD
61.414,0.0,0.0,0.0,0.0,0.0033,0.0,-0.0033,0.0,166,0,0.1538,0.0,-1.4062466240378864,nan,nan,NO_WELD
61.463,0.0,0.0,0.0,0.0,0.0033,0.0,-0.0033,0.0,166,0,0.1538,0.0,-1.4062466240378864,nan,nan,NO_WELD
61.513,0.0,0.0,0.0,0.0,0.0033,0.0,-0.0033,0.0,166,0,0.1538,0.0,-2.1093715902432693,nan,nan,NO_WELD
61.563,0.0,0.0,0.0,0.0,0.0026,0.0,-0.0026,0.0,166,0,0.1538,0.0,-2.1093715902432693,-2.1093715902432693,0.0,WELD_FOUND
61.613,0.0,0.0,0.0,0.0,0.0026,0.0,-0.0026,0.0,166,0,0.1538,0.0,-2.1093715902432693,-2.1093715902432693,0.0,WELD_FOUND
61.663,0.02083160295781396,0.05,0.02833160295781396,0.013331602957813962,0.0026,0.0,0.0257,0.0133,166,0,0.1538,0.0,-2.460934233428519,-2.285152911835894,-0.17578132159262516,WELD_FOUND
61.713,0.02083160295781396,0.05,0.02833160295781396,0.013331602957813962,0.0021,0.0,0.0262,0.0133,166,0,0.1538,0.0,-2.460934233428519,-2.285152911835894,-0.17578132159262516,WELD_FOUND
61.763,0.0,0.0,0.0,0.0,0.0021,0.0,-0.0021,0.0,166,0,0.1538,0.0,-2.460934233428519,nan,nan,NO_WELD
61.813,0.0,0.0,0.0,0.0,0.0021,0.0,-0.0021,0.0,169,0,0.1566,0.0,-2.460934233428519,nan,nan,NO_WELD
61.863,0.02159795491971444,0.05,0.02909795491971444,0.01409795491971444,0.0087,0.0,0.0204,0.0141,169,0,0.1566,0.0,-2.1093715902432693,-2.1093715902432693,0.0,WELD_FOUND
61.913,0.02159795491971444,0.05,0.02909795491971444,0.01409795491971444,0.0087,0.0,0.0204,0.0141,169,0,0.1566,0.0,-2.1093715902432693,-2.1093715902432693,0.0,WELD_FOUND
61.963,0.0,0.0,0.0,0.0,0.0069,0.0,-0.0069,0.0,169,0,0.1566,0.0,-2.1093715902432693,nan,nan,NO_WELD
62.013,0.0,0.0,0.0,0.0,0.0069,0.0,-0.0069,0.0,172,0,0.1594,0.0,-2.1093715902432693,nan,nan,NO_WELD
62.064,0.0,0.0,0.0,0.0,0.0069,0.0,-0.0069,0.0,172,0,0.1594,0.0,-2.1093715902432693,nan,nan,NO_WELD
62.113,0.0,0.0,0.0,0.0,0.0116,0.0,-0.0116,0.0,172,0,0.1594,0.0,-2.1093715902432693,nan,nan,NO_WELD
62.163,0.0,0.0,0.0,0.0,0.0116,0.0,-0.0116,0.0,172,0,0.1594,0.0,-2.1093715902432693,nan,nan,NO_WELD
62.213,0.0,0.0,0.0,0.0,0.0116,0.0,-0.0116,0.0,172,0,0.1594,0.0,-2.1093715902432693,nan,nan,NO_WELD
62.263,0.0,0.0,0.0,0.0,0.0093,0.0,-0.0093,0.0,172,0,0.1594,0.0,-2.1093715902432693,nan,nan,NO_WELD
62.313,0.0,0.0,0.0,0.0,0.0093,0.0,-0.0093,0.0,172,0,0.1594,0.0,-2.1093715902432693,nan,nan,NO_WELD
62.363,0.0,0.0,0.0,0.0,0.0074,0.0,-0.0074,0.0,172,0,0.1594,0.0,-2.1093715902432693,-2.1093715902432693,0.0,WELD_FOUND
62.413,0.0,0.0,0.0,0.0,0.0074,0.0,-0.0074,0.0,172,0,0.1594,0.0,-2.1093715902432693,-2.1093715902432693,0.0,WELD_FOUND
62.463,0.0,0.0,0.0,0.0,0.0059,0.0,-0.0059,0.0,172,0,0.1594,0.0,-2.1093715902432693,nan,nan,NO_WELD
62.513,0.0,0.0,0.0,0.0,0.0059,0.0,-0.0059,0.0,172,0,0.1594,0.0,-2.1093715902432693,nan,nan,NO_WELD
62.563,0.025848408980401087,0.05,0.03334840898040109,0.018348408980401087,0.0047,0.0,0.0286,0.0183,172,0,0.1594,0.0,-1.4062466240378864,-1.4062466240378864,0.0,WELD_FOUND
62.613,0.025848408980401087,0.05,0.03334840898040109,0.018348408980401087,0.0047,0.0,0.0286,0.0183,172,0,0.1594,0.0,-1.4062466240378864,-1.4062466240378864,0.0,WELD_FOUND
62.663,0.0,0.0,0.0,0.0,0.0047,0.0,-0.0047,0.0,172,0,0.1594,0.0,-1.4062466240378864,nan,nan,NO_WELD
62.713,0.0,0.0,0.0,0.0,0.0103,0.0,-0.0103,0.0,175,0,0.1622,0.0,-1.4062466240378864,nan,nan,NO_WELD
62.763,0.0,0.0,0.0,0.0,0.0103,0.0,-0.0103,0.0,175,0,0.1622,0.0,-1.4062466240378864,nan,nan,NO_WELD
62.813,0.0,0.0,0.0,0.0,0.0103,0.0,-0.0103,0.0,177,0,0.164,0.0,-1.4062466240378864,nan,nan,NO_WELD
62.863,0.0,0.0,0.0,0.0,0.0111,0.0,-0.0111,0.0,177,0,0.164,0.0,-1.4062466240378864,nan,nan,NO_WELD
62.913,0.0,0.0,0.0,0.0,0.0111,0.0,-0.0111,0.0,176,0,0.1631,0.0,-1.4062466240378864,nan,nan,NO_WELD
62.963,0.0,0.0,0.0,0.0,0.0111,0.0,-0.0111,0.0,176,0,0.1631,0.0,-1.4062466240378864,nan,nan,NO_WELD
63.013,0.0,0.0,0.0,0.0,0.0042,0.0,-0.0042,0.0,176,0,0.1631,0.0,-1.4062466240378864,nan,nan,NO_WELD
63.064,0.0,0.0,0.0,0.0,0.0042,0.0,-0.0042,0.0,176,0,0.1631,0.0,-1.4062466240378864,nan,nan,NO_WELD
63.113,0.0,0.0,0.0,0.0,0.0034,0.0,-0.0034,0.0,176,0,0.1631,0.0,-1.4062466240378864,nan,nan,NO_WELD
63.163,0.0,0.0,0.0,0.0,0.0034,0.0,-0.0034,0.0,176,0,0.1631,0.0,-1.4062466240378864,nan,nan,NO_WELD
63.213,0.0,0.0,0.0,0.0,0.0034,0.0,-0.0034,0.0,176,0,0.1631,0.0,-1.4062466240378864,nan,nan,NO_WELD
63.263,0.0,0.0,0.0,0.0,0.0027,0.0,-0.0027,0.0,176,0,0.1631,0.0,-1.4062466240378864,nan,nan,NO_WELD
63.313,0.0,0.0,0.0,0.0,0.0027,0.0,-0.0027,0.0,176,0,0.1631,0.0,-1.4062466240378864,nan,nan,NO_WELD
63.363,0.0,0.0,0.0,0.0,0.0027,0.0,-0.0027,0.0,176,0,0.1631,0.0,-1.4062466240378864,nan,nan,NO_WELD
63.413,0.0,0.0,0.0,0.0,0.0021,0.0,-0.0021,0.0,176,0,0.1631,0.0,-1.4062466240378864,nan,nan,NO_WELD
63.463,0.0,0.0,0.0,0.0,0.0021,0.0,-0.0021,0.0,176,0,0.1631,0.0,-1.4062466240378864,nan,nan,NO_WELD
63.513,0.0,0.0,0.0,0.0,0.0017,0.0,-0.0017,0.0,176,0,0.1631,0.0,-1.4062466240378864,nan,nan,NO_WELD
63.563,0.0,0.0,0.0,0.0,0.0017,0.0,-0.0017,0.0,176,0,0.1631,0.0,-1.4062466240378864,nan,nan,NO_WELD
63.613,0.0,0.0,0.0,0.0,0.0017,0.0,-0.0017,0.0,176,0,0.1631,0.0,-1.4062466240378864,nan,nan,NO_WELD
63.663,0.0,0.0,0.0,0.0,0.0014,0.0,-0.0014,0.0,176,0,0.1631,0.0,-6.328121600918977,nan,nan,NO_WELD
63.713,0.0,0.0,0.0,0.0,0.0014,0.0,-0.0014,0.0,176,0,0.1631,0.0,-6.328121600918977,nan,nan,NO_WELD
63.763,0.0,0.0,0.0,0.0,0.0014,0.0,-0.0014,0.0,176,0,0.1631,0.0,-5.9765593846205505,nan,nan,NO_WELD
63.813,0.0,0.0,0.0,0.0,0.0011,0.0,-0.0011,0.0,176,0,0.1631,0.0,-5.9765593846205505,nan,nan,NO_WELD
63.863,0.0,0.0,0.0,0.0,0.0011,0.0,-0.0011,0.0,176,0,0.1631,0.0,-5.9765593846205505,nan,nan,NO_WELD
63.913,0.0,0.0,0.0,0.0,0.0,0.0,0.0,0.0,176,0,0.1631,0.0,-5.9765593846205505,nan,nan,NO_WELD
63.963,0.0,0.0,0.0,0.0,0.0,0.0,0.0,0.0,176,0,0.1631,0.0,-5.9765593846205505,nan,nan,NO_WELD
64.013,0.0,0.0,0.0,0.0,0.0,0.0,0.0,0.0,176,0,0.1631,0.0,-5.9765593846205505,nan,nan,NO_WELD
64.064,0.0,0.0,0.0,0.0,0.0,0.0,0.0,0.0,176,0,0.1631,0.0,-5.9765593846205505,-5.9765593846205505,0.0,WELD_FOUND
64.113,0.0,0.0,0.0,0.0,0.0,0.0,0.0,0.0,176,0,0.1631,0.0,-5.9765593846205505,-5.9765593846205505,0.0,WELD_FOUND
64.163,0.005665826034919736,0.05,0.013165826034919736,-0.0018341739650802637,0.0,0.0,0.0132,-0.0018,176,0,0.1631,0.0,-5.9765593846205505,-5.9765593846205505,0.0,WELD_FOUND
64.213,0.005665826034919736,0.05,0.013165826034919736,-0.0018341739650802637,0.0,0.0,0.0132,-0.0018,176,0,0.1631,0.0,-5.9765593846205505,-5.9765593846205505,0.0,WELD_FOUND
64.263,0.005665826034919736,0.1,0.020665826034919735,-0.009334173965080263,0.0,0.0,0.0207,-0.0093,176,0,0.1631,0.0,-5.6249967414353,-5.9765593846205505,0.3515626431852503,WELD_FOUND
64.313,0.005665826034919736,0.1,0.020665826034919735,-0.009334173965080263,0.0,0.0,0.0207,-0.0093,176,0,0.1631,0.0,-5.6249967414353,-5.9765593846205505,0.3515626431852503,WELD_FOUND
64.363,0.006068805024160078,0.15000000000000002,0.02856880502416008,-0.016431194975839926,0.0,0.0,0.0286,-0.0164,176,0,0.1631,0.0,-5.6249967414353,-5.800778063027925,0.17578132159262516,WELD_FOUND
64.413,0.006068805024160078,0.15000000000000002,0.02856880502416008,-0.016431194975839926,0.0,0.0,0.0286,-0.0164,178,0,0.165,0.0,-5.6249967414353,-5.800778063027925,0.17578132159262516,WELD_FOUND
64.463,0.006570652287070099,0.2,0.0365706522870701,-0.0234293477129299,0.0049,0.0,0.0316,-0.0234,178,0,0.165,0.0,-5.6249967414353,-5.6249967414353,0.0,WELD_FOUND
64.513,0.006570652287070099,0.2,0.0365706522870701,-0.0234293477129299,0.0049,0.0,0.0316,-0.0234,179,0,0.1659,0.0,-5.6249967414353,-5.6249967414353,0.0,WELD_FOUND
64.563,0.006673413772850567,0.2449218371102996,0.0434116893393955,-0.03006486179369437,0.0049,0.0,0.0385,-0.0301,179,0,0.1659,0.0,-5.6249967414353,-5.6249967414353,0.0,WELD_FOUND
64.613,0.006673413772850567,0.2449218371102996,0.0434116893393955,-0.03006486179369437,0.0104,0.0,0.033,-0.0301,181,0,0.1677,0.0,-5.6249967414353,-5.6249967414353,0.0,WELD_FOUND
64.663,0.0,0.0,0.0,0.0,0.0104,0.0,-0.0104,0.0,181,0,0.1677,0.0,-5.6249967414353,nan,nan,NO_WELD
64.713,0.0,0.0,0.0,0.0,0.0173,0.0,-0.0173,0.0,184,0,0.1705,0.0,-5.6249967414353,nan,nan,NO_WELD
64.763,0.0,0.0,0.0,0.0,0.0173,0.0,-0.0173,0.0,184,0,0.1705,0.0,-5.6249967414353,nan,nan,NO_WELD
64.813,0.0,0.0,0.0,0.0,0.0173,0.0,-0.0173,0.0,184,0,0.1705,0.0,-5.6249967414353,nan,nan,NO_WELD
64.863,0.0,0.0,0.0,0.0,0.0139,0.0,-0.0139,0.0,184,0,0.1705,0.0,-5.6249967414353,nan,nan,NO_WELD
64.913,0.0,0.0,0.0,0.0,0.0139,0.0,-0.0139,0.0,184,0,0.1705,0.0,-5.6249967414353,nan,nan,NO_WELD
64.963,0.0,0.0,0.0,0.0,0.0111,0.0,-0.0111,0.0,184,0,0.1705,0.0,-5.6249967414353,nan,nan,NO_WELD
65.013,0.0,0.0,0.0,0.0,0.0111,0.0,-0.0111,0.0,184,0,0.1705,0.0,-5.6249967414353,nan,nan,NO_WELD
65.064,0.0,0.0,0.0,0.0,0.0111,0.0,-0.0111,0.0,184,0,0.1705,0.0,-5.6249967414353,nan,nan,NO_WELD
65.113,0.0,0.0,0.0,0.0,0.0089,0.0,-0.0089,0.0,184,0,0.1705,0.0,-5.6249967414353,nan,nan,NO_WELD
65.163,0.0,0.0,0.0,0.0,0.0089,0.0,-0.0089,0.0,184,0,0.1705,0.0,-5.6249967414353,nan,nan,NO_WELD
65.213,0.0,0.0,0.0,0.0,0.0089,0.0,-0.0089,0.0,184,0,0.1705,0.0,-5.6249967414353,nan,nan,NO_WELD
65.263,0.0,0.0,0.0,0.0,0.0071,0.0,-0.0071,0.0,184,0,0.1705,0.0,-5.6249967414353,nan,nan,NO_WELD
65.313,0.0,0.0,0.0,0.0,0.0071,0.0,-0.0071,0.0,184,0,0.1705,0.0,-5.6249967414353,nan,nan,NO_WELD
65.363,0.0,0.0,0.0,0.0,0.0071,0.0,-0.0071,0.0,184,0,0.1705,0.0,-5.6249967414353,nan,nan,NO_WELD
65.413,0.0,0.0,0.0,0.0,0.0057,0.0,-0.0057,0.0,184,0,0.1705,0.0,-5.6249967414353,nan,nan,NO_WELD
65.463,0.0,0.0,0.0,0.0,0.0057,0.0,-0.0057,0.0,184,0,0.1705,0.0,-5.6249967414353,nan,nan,NO_WELD
65.513,0.0,0.0,0.0,0.0,0.0045,0.0,-0.0045,0.0,184,0,0.1705,0.0,-5.6249967414353,nan,nan,NO_WELD
65.563,0.0,0.0,0.0,0.0,0.0045,0.0,-0.0045,0.0,184,0,0.1705,0.0,-5.6249967414353,nan,nan,NO_WELD
65.613,0.0,0.0,0.0,0.0,0.0045,0.0,-0.0045,0.0,184,0,0.1705,0.0,-5.6249967414353,nan,nan,NO_WELD
65.663,0.0,0.0,0.0,0.0,0.0036,0.0,-0.0036,0.0,184,0,0.1705,0.0,-2.460934233428519,nan,nan,NO_WELD
65.713,0.0,0.0,0.0,0.0,0.0036,0.0,-0.0036,0.0,184,0,0.1705,0.0,-2.460934233428519,nan,nan,NO_WELD
65.763,0.0,0.0,0.0,0.0,0.0036,0.0,-0.0036,0.0,184,0,0.1705,0.0,-2.460934233428519,nan,nan,NO_WELD
65.813,0.0,0.0,0.0,0.0,0.0029,0.0,-0.0029,0.0,184,0,0.1705,0.0,-2.460934233428519,nan,nan,NO_WELD
65.863,0.0,0.0,0.0,0.0,0.0029,0.0,-0.0029,0.0,184,0,0.1705,0.0,-2.460934233428519,nan,nan,NO_WELD
65.913,0.0,0.0,0.0,0.0,0.0029,0.0,-0.0029,0.0,184,0,0.1705,0.0,-2.460934233428519,nan,nan,NO_WELD
65.963,0.0,0.0,0.0,0.0,0.0023,0.0,-0.0023,0.0,184,0,0.1705,0.0,-2.1093715902432693,nan,nan,NO_WELD
66.013,0.0,0.0,0.0,0.0,0.0023,0.0,-0.0023,0.0,184,0,0.1705,0.0,-2.1093715902432693,nan,nan,NO_WELD
66.064,0.016355530829818745,0.05,0.023855530829818745,0.008855530829818745,0.0023,0.0,0.0215,0.0089,184,0,0.1705,0.0,-3.164059092912196,-3.164059092912196,0.0,WELD_FOUND
66.113,0.016355530829818745,0.05,0.023855530829818745,0.008855530829818745,0.0019,0.0,0.022,0.0089,184,0,0.1705,0.0,-3.164059092912196,-3.164059092912196,0.0,WELD_FOUND
66.163,0.017729041962753843,0.1,0.03272904196275384,0.0027290419627538434,0.0019,0.0,0.0309,0.0027,184,0,0.1705,0.0,-2.460934233428519,-2.8124966631703576,0.3515624297418385,WELD_FOUND
66.213,0.017729041962753843,0.1,0.03272904196275384,0.0027290419627538434,0.0085,0.0,0.0242,0.0027,186,0,0.1724,0.0,-2.460934233428519,-2.8124966631703576,0.3515624297418385,WELD_FOUND
66.263,0.018010388717935102,0.12186426890616887,0.03629002905386043,-0.00026925161799022657,0.0085,0.0,0.0278,-0.0003,186,0,0.1724,0.0,-2.8124966631703576,-2.8124966631703576,0.0,WELD_FOUND
66.313,0.018010388717935102,0.12186426890616887,0.03629002905386043,-0.00026925161799022657,0.0085,0.0,0.0278,-0.0003,190,0,0.1761,0.0,-2.8124966631703576,-2.8124966631703576,0.0,WELD_FOUND
66.363,0.018781088534825234,0.1127607150380749,0.03569519579053647,0.0018669812791139995,0.015,0.0,0.0207,0.0019,190,0,0.1761,0.0,-2.1093715902432693,-2.6367153415777325,0.5273437513344632,WELD_FOUND
66.413,0.018781088534825234,0.1127607150380749,0.03569519579053647,0.0018669812791139995,0.015,0.0,0.0207,0.0019,192,0,0.1779,0.0,-2.1093715902432693,-2.6367153415777325,0.5273437513344632,WELD_FOUND
66.463,0.019668162659684834,0.10476138625778487,0.035382370598352565,0.003953954721017103,0.015,0.0,0.0204,0.004,192,0,0.1779,0.0,-1.4062466240378864,-2.460934233428519,1.0546876093906328,WELD_FOUND
66.513,0.019668162659684834,0.10476138625778487,0.035382370598352565,0.003953954721017103,0.0214,0.0,0.014,0.004,195,0,0.1807,0.0,-1.4062466240378864,-2.460934233428519,1.0546876093906328,WELD_FOUND
66.563,0.021358290191516943,0.08731675049059302,0.034455802765105896,0.00826077761792799,0.0214,0.0,0.0131,0.0083,195,0,0.1807,0.0,-0.7031216044716506,-2.1093715902432693,1.4062499857716186,WELD_FOUND
66.613,0.021358290191516943,0.08731675049059302,0.034455802765105896,0.00826077761792799,0.0214,0.0,0.0131,0.0083,198,0,0.1835,0.0,-0.7031216044716506,-2.1093715902432693,1.4062499857716186,WELD_FOUND
66.663,0.0,0.0,0.0,0.0,0.0202,0.0,-0.0202,0.0,198,0,0.1835,0.0,-0.7031216044716506,nan,nan,NO_WELD
66.713,0.0,0.0,0.0,0.0,0.0202,0.0,-0.0202,0.0,201,0,0.1863,0.0,-0.7031216044716506,nan,nan,NO_WELD
66.763,0.030148624364186475,0.012176998668181994,0.031975174164413776,0.028322074563959177,0.0202,0.0,0.0117,0.0283,201,0,0.1863,0.0,-0.35155909468853286,-0.35155909468853286,0.0,WELD_FOUND
66.813,0.030148624364186475,0.012176998668181994,0.031975174164413776,0.028322074563959177,0.022,0.0,0.01,0.0283,202,0,0.1872,0.0,-0.35155909468853286,-0.35155909468853286,0.0,WELD_FOUND
66.863,0.0,0.0,0.0,0.0,0.022,0.0,-0.022,0.0,202,0,0.1872,0.0,-0.35155909468853286,nan,nan,NO_WELD
66.913,0.0,0.0,0.0,0.0,0.022,0.0,-0.022,0.0,206,0,0.1909,0.0,-0.35155909468853286,nan,nan,NO_WELD
66.963,0.02842864009396547,0.04656515169555729,0.03541341284829906,0.021443867339631877,0.0231,0.0,0.0123,0.0214,206,0,0.1909,0.0,-1.0546840875743422,-1.0546840875743422,0.0,WELD_FOUND
67.013,0.02842864009396547,0.04656515169555729,0.03541341284829906,0.021443867339631877,0.0231,0.0,0.0123,0.0214,207,0,0.1918,0.0,-1.0546840875743422,-1.0546840875743422,0.0,WELD_FOUND
67.064,0.0,0.0,0.0,0.0,0.0176,0.0,-0.0176,0.0,207,0,0.1918,0.0,-1.0546840875743422,nan,nan,NO_WELD
67.113,0.0,0.0,0.0,0.0,0.0176,0.0,-0.0176,0.0,209,0,0.1937,0.0,-1.0546840875743422,nan,nan,NO_WELD
67.163,0.029882143820110674,0.030171978751116456,0.03440794063277814,0.025356347007443207,0.0176,0.0,0.0168,0.0254,209,0,0.1937,0.0,-0.7031216044716506,-0.7031216044716506,0.0,WELD_FOUND
67.213,0.029882143820110674,0.030171978751116456,0.03440794063277814,0.025356347007443207,0.0204,0.0,0.014,0.0254,211,0,0.1955,0.0,-0.7031216044716506,-0.7031216044716506,0.0,WELD_FOUND
67.263,0.0283767953752083,0.04956138822633064,0.0358110036091579,0.020942587141258705,0.0204,0.0,0.0154,0.0209,211,0,0.1955,0.0,-1.4062466240378864,-1.0546840875743422,-0.3515625364635442,WELD_FOUND
67.313,0.0283767953752083,0.04956138822633064,0.0358110036091579,0.020942587141258705,0.0197,0.0,0.0161,0.0209,213,0,0.1974,0.0,-1.4062466240378864,-1.0546840875743422,-0.3515625364635442,WELD_FOUND
67.363,0.0,0.0,0.0,0.0,0.0197,0.0,-0.0197,0.0,213,0,0.1974,0.0,-1.4062466240378864,nan,nan,NO_WELD
67.413,0.0,0.0,0.0,0.0,0.0197,0.0,-0.0197,0.0,219,0,0.203,0.0,-1.4062466240378864,nan,nan,NO_WELD
67.463,0.029871509203303285,0.030183339321354207,0.034399010101506415,0.025344008305100155,0.0266,0.0,0.0078,0.0253,219,0,0.203,0.0,-0.7031216044716506,-0.7031216044716506,0.0,WELD_FOUND
67.513,0.029871509203303285,0.030183339321354207,0.034399010101506415,0.025344008305100155,0.0266,0.0,0.0078,0.0253,221,0,0.2048,0.0,-0.7031216044716506,-0.7031216044716506,0.0,WELD_FOUND
67.563,0.030175055441644907,0.029964003034067467,0.034669655896755025,0.025680454986534786,0.0234,0.0,0.0113,0.0257,221,0,0.2048,0.0,-0.7031216044716506,-0.7031216044716506,0.0,WELD_FOUND
67.613,0.030175055441644907,0.029964003034067467,0.034669655896755025,0.025680454986534786,0.0234,0.0,0.0113,0.0257,223,0,0.2067,0.0,-0.7031216044716506,-0.7031216044716506,0.0,WELD_FOUND
67.663,0.0,0.0,0.0,0.0,0.0234,0.0,-0.0234,0.0,223,0,0.2067,0.0,-0.7031216044716506,nan,nan,NO_WELD
67.713,0.0,0.0,0.0,0.0,0.0313,0.0,-0.0313,0.0,228,0,0.2113,0.0,-0.7031216044716506,nan,nan,NO_WELD
67.763,0.030235948828222142,0.030660049999010827,0.03483495632807376,0.025636941328370518,0.0313,0.0,0.0035,0.0256,228,0,0.2113,0.0,-0.7031216044716506,-0.7031216044716506,0.0,WELD_FOUND
67.813,0.030235948828222142,0.030660049999010827,0.03483495632807376,0.025636941328370518,0.0262,0.0,0.0086,0.0256,230,0,0.2132,0.0,-0.7031216044716506,-0.7031216044716506,0.0,WELD_FOUND
67.863,0.0,0.0,0.0,0.0,0.0262,0.0,-0.0262,0.0,230,0,0.2132,0.0,-0.7031216044716506,nan,nan,NO_WELD
67.913,0.0,0.0,0.0,0.0,0.0262,0.0,-0.0262,0.0,232,0,0.215,0.0,-0.7031216044716506,nan,nan,NO_WELD
67.963,0.03210605122731799,0.01473978284686034,0.03431701865434704,0.029895083800288935,0.0207,0.0,0.0136,0.0299,232,0,0.215,0.0,-0.35155909468853286,-0.35155909468853286,0.0,WELD_FOUND
68.013,0.03210605122731799,0.01473978284686034,0.03431701865434704,0.029895083800288935,0.0207,0.0,0.0136,0.0299,234,0,0.2169,0.0,-0.35155909468853286,-0.35155909468853286,0.0,WELD_FOUND
68.064,0.031545351548659735,0.024281489033816266,0.03518757490373217,0.027903128193587295,0.0198,0.0,0.0154,0.0279,234,0,0.2169,0.0,-0.7031216044716506,-0.5273403362398785,-0.1757812682317721,WELD_FOUND
68.113,0.031545351548659735,0.024281489033816266,0.03518757490373217,0.027903128193587295,0.0198,0.0,0.0154,0.0279,239,0,0.2215,0.0,-0.7031216044716506,-0.5273403362398785,-0.1757812682317721,WELD_FOUND
68.163,0.03050784723912788,0.03303092273210456,0.03546248564894356,0.025553208829312196,0.0198,0.0,0.0156,0.0256,239,0,0.2215,0.0,-1.4062466240378864,-0.7031216044716506,-0.7031250195662357,WELD_FOUND
68.213,0.03050784723912788,0.03303092273210456,0.03546248564894356,0.025553208829312196,0.0366,0.0,-0.0011,0.0256,244,0,0.2261,0.0,-1.4062466240378864,-0.7031216044716506,-0.7031250195662357,WELD_FOUND
68.263,0.029393413120283197,0.04098838836014295,0.03554167137430464,0.023245154866261754,0.0366,0.0,-0.0011,0.0232,244,0,0.2261,0.0,-1.0546840875743422,-0.8789028727034228,-0.17578121487091936,WELD_FOUND
68.313,0.029393413120283197,0.04098838836014295,0.03554167137430464,0.023245154866261754,0.0405,0.0,-0.005,0.0232,249,0,0.2308,0.0,-1.0546840875743422,-0.8789028727034228,-0.17578121487091936,WELD_FOUND
68.363,0.028281230994103384,0.04869134217596891,0.03558493232049872,0.020977529667708047,0.0405,0.0,-0.0049,0.021,249,0,0.2308,0.0,-1.0546840875743422,-1.0546840875743422,0.0,WELD_FOUND
68.413,0.028281230994103384,0.04869134217596891,0.03558493232049872,0.020977529667708047,0.0391,0.0,-0.0035,0.021,253,0,0.2345,0.0,-1.0546840875743422,-1.0546840875743422,0.0,WELD_FOUND
68.463,0.02806136845023066,0.04654122752386157,0.035042552578809893,0.021080184321651426,0.0391,0.0,-0.0041,0.0211,253,0,0.2345,0.0,-1.0546840875743422,-1.0546840875743422,0.0,WELD_FOUND
68.513,0.02806136845023066,0.04654122752386157,0.035042552578809893,0.021080184321651426,0.0391,0.0,-0.0041,0.0211,258,0,0.2391,0.0,-1.0546840875743422,-1.0546840875743422,0.0,WELD_FOUND
68.563,0.028017498896710655,0.04612585070692091,0.03493637650274879,0.02109862129067252,0.0358,0.0,-0.0009,0.0211,258,0,0.2391,0.0,-1.7578091605014305,-1.0546840875743422,-0.7031250729270884,WELD_FOUND
68.613,0.028017498896710655,0.04612585070692091,0.03493637650274879,0.02109862129067252,0.0358,0.0,-0.0009,0.0211,262,0,0.2428,0.0,-1.7578091605014305,-1.0546840875743422,-0.7031250729270884,WELD_FOUND
68.663,0.0,0.0,0.0,0.0,0.0363,0.0,-0.0363,0.0,262,0,0.2428,0.0,-1.7578091605014305,nan,nan,NO_WELD
68.713,0.0,0.0,0.0,0.0,0.0363,0.0,-0.0363,0.0,265,0,0.2456,0.0,-1.7578091605014305,nan,nan,NO_WELD
68.763,0.0,0.0,0.0,0.0,0.0363,0.0,-0.0363,0.0,265,0,0.2456,0.0,-1.7578091605014305,nan,nan,NO_WELD
68.813,0.0,0.0,0.0,0.0,0.0292,0.0,-0.0292,0.0,265,0,0.2456,0.0,-1.7578091605014305,nan,nan,NO_WELD
68.863,0.0,0.0,0.0,0.0,0.0292,0.0,-0.0292,0.0,265,0,0.2456,0.0,-1.7578091605014305,nan,nan,NO_WELD
68.913,0.0,0.0,0.0,0.0,0.0234,0.0,-0.0234,0.0,265,0,0.2456,0.0,-1.7578091605014305,nan,nan,NO_WELD
68.963,0.0,0.0,0.0,0.0,0.0234,0.0,-0.0234,0.0,265,0,0.2456,0.0,-1.7578091605014305,nan,nan,NO_WELD
69.013,0.0,0.0,0.0,0.0,0.0187,0.0,-0.0187,0.0,265,0,0.2456,0.0,-1.7578091605014305,nan,nan,NO_WELD
69.064,0.0,0.0,0.0,0.0,0.0187,0.0,-0.0187,0.0,265,0,0.2456,0.0,-1.7578091605014305,nan,nan,NO_WELD
69.113,0.0,0.0,0.0,0.0,0.0187,0.0,-0.0187,0.0,265,0,0.2456,0.0,-1.7578091605014305,nan,nan,NO_WELD
69.163,0.0,0.0,0.0,0.0,0.015,0.0,-0.015,0.0,265,0,0.2456,0.0,-1.7578091605014305,nan,nan,NO_WELD
69.213,0.0,0.0,0.0,0.0,0.015,0.0,-0.015,0.0,265,0,0.2456,0.0,-1.7578091605014305,nan,nan,NO_WELD
69.263,0.0,0.0,0.0,0.0,0.015,0.0,-0.015,0.0,265,0,0.2456,0.0,-1.7578091605014305,nan,nan,NO_WELD
69.313,0.0,0.0,0.0,0.0,0.012,0.0,-0.012,0.0,265,0,0.2456,0.0,-1.7578091605014305,nan,nan,NO_WELD
69.363,0.0,0.0,0.0,0.0,0.012,0.0,-0.012,0.0,265,0,0.2456,0.0,-1.7578091605014305,nan,nan,NO_WELD
69.413,0.0,0.0,0.0,0.0,0.0096,0.0,-0.0096,0.0,265,0,0.2456,0.0,-1.7578091605014305,nan,nan,NO_WELD
69.463,0.025848408980401087,0.05,0.03334840898040109,0.018348408980401087,0.0096,0.0,0.0238,0.0183,265,0,0.2456,0.0,-1.4062466240378864,-1.4062466240378864,0.0,WELD_FOUND
69.513,0.025848408980401087,0.05,0.03334840898040109,0.018348408980401087,0.0077,0.0,0.0257,0.0183,265,0,0.2456,0.0,-1.4062466240378864,-1.4062466240378864,0.0,WELD_FOUND
69.563,0.025848408980401087,0.06135908421128988,0.035052271612094565,0.016644546348707604,0.0077,0.0,0.0274,0.0166,265,0,0.2456,0.0,-1.4062466240378864,-1.4062466240378864,0.0,WELD_FOUND
69.613,0.025848408980401087,0.06135908421128988,0.035052271612094565,0.016644546348707604,0.0194,0.0,0.0156,0.0166,269,0,0.2493,0.0,-1.4062466240378864,-1.4062466240378864,0.0,WELD_FOUND
69.663,0.025848408980401087,0.06135908421128988,0.035052271612094565,0.016644546348707604,0.0194,0.0,0.0156,0.0166,269,0,0.2493,0.0,-1.7578091605014305,-1.4062466240378864,-0.3515625364635442,WELD_FOUND
69.713,0.025848408980401087,0.06135908421128988,0.035052271612094565,0.016644546348707604,0.0194,0.0,0.0156,0.0166,274,0,0.2539,0.0,-1.7578091605014305,-1.4062466240378864,-0.3515625364635442,WELD_FOUND
69.763,0.0,0.0,0.0,0.0,0.024,0.0,-0.024,0.0,274,0,0.2539,0.0,-1.7578091605014305,nan,nan,NO_WELD
69.813,0.0,0.0,0.0,0.0,0.024,0.0,-0.024,0.0,279,0,0.2586,0.0,-1.7578091605014305,nan,nan,NO_WELD
69.863,0.0,0.0,0.0,0.0,0.024,0.0,-0.024,0.0,279,0,0.2586,0.0,-1.7578091605014305,nan,nan,NO_WELD
69.913,0.0,0.0,0.0,0.0,0.0268,0.0,-0.0268,0.0,279,0,0.2586,0.0,-1.7578091605014305,nan,nan,NO_WELD
69.963,0.0,0.0,0.0,0.0,0.0268,0.0,-0.0268,0.0,279,0,0.2586,0.0,-1.7578091605014305,nan,nan,NO_WELD
70.013,0.0,0.0,0.0,0.0,0.0268,0.0,-0.0268,0.0,279,0,0.2586,0.0,-1.7578091605014305,nan,nan,NO_WELD
70.064,0.0,0.0,0.0,0.0,0.0214,0.0,-0.0214,0.0,279,0,0.2586,0.0,-1.7578091605014305,nan,nan,NO_WELD
70.113,0.0,0.0,0.0,0.0,0.0214,0.0,-0.0214,0.0,279,0,0.2586,0.0,-1.7578091605014305,nan,nan,NO_WELD
70.163,0.0,0.0,0.0,0.0,0.0171,0.0,-0.0171,0.0,279,0,0.2586,0.0,-1.7578091605014305,nan,nan,NO_WELD
70.213,0.0,0.0,0.0,0.0,0.0171,0.0,-0.0171,0.0,279,0,0.2586,0.0,-1.7578091605014305,nan,nan,NO_WELD
70.263,0.0,0.0,0.0,0.0,0.0171,0.0,-0.0171,0.0,279,0,0.2586,0.0,-1.7578091605014305,nan,nan,NO_WELD
70.313,0.0,0.0,0.0,0.0,0.0137,0.0,-0.0137,0.0,279,0,0.2586,0.0,-1.7578091605014305,nan,nan,NO_WELD
70.363,0.0,0.0,0.0,0.0,0.0137,0.0,-0.0137,0.0,279,0,0.2586,0.0,-1.7578091605014305,nan,nan,NO_WELD
70.413,0.0,0.0,0.0,0.0,0.0137,0.0,-0.0137,0.0,279,0,0.2586,0.0,-1.7578091605014305,nan,nan,NO_WELD
70.463,0.02800653687058349,0.04945301842827866,0.035424489634825286,0.020588584106341692,0.011,0.0,0.0245,0.0206,279,0,0.2586,0.0,-1.0546840875743422,-1.0546840875743422,0.0,WELD_FOUND
70.513,0.02800653687058349,0.04945301842827866,0.035424489634825286,0.020588584106341692,0.011,0.0,0.0245,0.0206,279,0,0.2586,0.0,-1.0546840875743422,-1.0546840875743422,0.0,WELD_FOUND
70.563,0.02889401261369042,0.0362229389172285,0.0343274534512747,0.023460571776106148,0.011,0.0,0.0234,0.0235,279,0,0.2586,0.0,-0.7031216044716506,-0.8789028727034228,0.1757812682317722,WELD_FOUND
70.613,0.02889401261369042,0.0362229389172285,0.0343274534512747,0.023460571776106148,0.0165,0.0,0.0179,0.0235,283,0,0.2623,0.0,-0.7031216044716506,-0.8789028727034228,0.1757812682317722,WELD_FOUND
70.663,0.0,0.0,0.0,0.0,0.0165,0.0,-0.0165,0.0,283,0,0.2623,0.0,-0.7031216044716506,nan,nan,NO_WELD
70.713,0.0,0.0,0.0,0.0,0.0165,0.0,-0.0165,0.0,289,0,0.2678,0.0,-0.7031216044716506,nan,nan,NO_WELD
70.763,0.028182924597772503,0.04625323062837332,0.0351209091920285,0.021244940003516507,0.0247,0.0,0.0104,0.0212,289,0,0.2678,0.0,-1.0546840875743422,-1.0546840875743422,0.0,WELD_FOUND
70.813,0.028182924597772503,0.04625323062837332,0.0351209091920285,0.021244940003516507,0.0247,0.0,0.0104,0.0212,290,0,0.2688,0.0,-1.0546840875743422,-1.0546840875743422,0.0,WELD_FOUND
70.863,0.0,0.0,0.0,0.0,0.0247,0.0,-0.0247,0.0,290,0,0.2688,0.0,-1.0546840875743422,nan,nan,NO_WELD
70.913,0.0,0.0,0.0,0.0,0.0272,0.0,-0.0272,0.0,294,0,0.2725,0.0,-1.0546840875743422,nan,nan,NO_WELD
70.963,0.0,0.0,0.0,0.0,0.0272,0.0,-0.0272,0.0,294,0,0.2725,0.0,-1.0546840875743422,nan,nan,NO_WELD
71.013,0.0,0.0,0.0,0.0,0.0272,0.0,-0.0272,0.0,294,0,0.2725,0.0,-1.0546840875743422,nan,nan,NO_WELD
71.064,0.0,0.0,0.0,0.0,0.0217,0.0,-0.0217,0.0,294,0,0.2725,0.0,-1.0546840875743422,nan,nan,NO_WELD
71.113,0.0,0.0,0.0,0.0,0.0217,0.0,-0.0217,0.0,294,0,0.2725,0.0,-1.0546840875743422,nan,nan,NO_WELD
71.163,0.0,0.0,0.0,0.0,0.0217,0.0,-0.0217,0.0,294,0,0.2725,0.0,-1.0546840875743422,nan,nan,NO_WELD
71.213,0.0,0.0,0.0,0.0,0.0174,0.0,-0.0174,0.0,294,0,0.2725,0.0,-1.0546840875743422,nan,nan,NO_WELD
71.263,0.0,0.0,0.0,0.0,0.0174,0.0,-0.0174,0.0,294,0,0.2725,0.0,-1.0546840875743422,nan,nan,NO_WELD
71.313,0.0,0.0,0.0,0.0,0.0139,0.0,-0.0139,0.0,294,0,0.2725,0.0,-1.0546840875743422,nan,nan,NO_WELD
71.363,0.0,0.0,0.0,0.0,0.0139,0.0,-0.0139,0.0,294,0,0.2725,0.0,-1.7578091605014305,-1.7578091605014305,0.0,WELD_FOUND
71.413,0.0,0.0,0.0,0.0,0.0139,0.0,-0.0139,0.0,294,0,0.2725,0.0,-1.7578091605014305,-1.7578091605014305,0.0,WELD_FOUND
71.463,0.0,0.0,0.0,0.0,0.0111,0.0,-0.0111,0.0,294,0,0.2725,0.0,-1.7578091605014305,nan,nan,NO_WELD
71.513,0.0,0.0,0.0,0.0,0.0111,0.0,-0.0111,0.0,294,0,0.2725,0.0,-1.7578091605014305,nan,nan,NO_WELD
71.563,0.0,0.0,0.0,0.0,0.0111,0.0,-0.0111,0.0,294,0,0.2725,0.0,-1.7578091605014305,nan,nan,NO_WELD
71.613,0.0,0.0,0.0,0.0,0.0089,0.0,-0.0089,0.0,294,0,0.2725,0.0,-1.7578091605014305,nan,nan,NO_WELD
71.663,0.0,0.0,0.0,0.0,0.0089,0.0,-0.0089,0.0,294,0,0.2725,0.0,-1.7578091605014305,nan,nan,NO_WELD
71.713,0.0,0.0,0.0,0.0,0.0071,0.0,-0.0071,0.0,294,0,0.2725,0.0,-1.7578091605014305,nan,nan,NO_WELD
71.763,0.0,0.0,0.0,0.0,0.0071,0.0,-0.0071,0.0,294,0,0.2725,0.0,-1.7578091605014305,nan,nan,NO_WELD
71.813,0.0,0.0,0.0,0.0,0.0057,0.0,-0.0057,0.0,294,0,0.2725,0.0,-1.7578091605014305,nan,nan,NO_WELD
71.863,0.0,0.0,0.0,0.0,0.0057,0.0,-0.0057,0.0,294,0,0.2725,0.0,-1.0546840875743422,nan,nan,NO_WELD
71.913,0.0,0.0,0.0,0.0,0.0057,0.0,-0.0057,0.0,294,0,0.2725,0.0,-1.0546840875743422,-1.0546840875743422,0.0,WELD_FOUND
71.963,0.0,0.0,0.0,0.0,0.0046,0.0,-0.0046,0.0,294,0,0.2725,0.0,-0.7031216044716506,-1.0546840875743422,0.35156248310269156,WELD_FOUND
72.013,0.029118044481952255,0.04025993260757509,0.03515703437308852,0.02307905459081599,0.0046,0.0,0.0306,0.0231,294,0,0.2725,0.0,-0.7031216044716506,-0.8789028727034228,0.1757812682317722,WELD_FOUND
72.065,0.029118044481952255,0.04025993260757509,0.03515703437308852,0.02307905459081599,0.0036,0.0,0.0315,0.0231,294,0,0.2725,0.0,-0.7031216044716506,-0.8789028727034228,0.1757812682317722,WELD_FOUND
72.113,0.030022823961699526,0.028594947416143355,0.03431206607412103,0.02573358184927802,0.0036,0.0,0.0307,0.0257,296,0,0.2743,0.0,-0.7031216044716506,-0.7031216044716506,0.0,WELD_FOUND
72.163,0.030022823961699526,0.028594947416143355,0.03431206607412103,0.02573358184927802,0.0036,0.0,0.0307,0.0257,296,0,0.2743,0.0,-1.0546840875743422,-0.7031216044716506,-0.35156248310269156,WELD_FOUND
72.213,0.029297892955796993,0.04009438436194731,0.03531205061008909,0.023283735301504897,0.022,0.0,0.0133,0.0233,302,0,0.2799,0.0,-1.0546840875743422,-0.8789028727034228,-0.17578121487091936,WELD_FOUND
72.263,0.029297892955796993,0.04009438436194731,0.03531205061008909,0.023283735301504897,0.022,0.0,0.0133,0.0233,302,0,0.2799,0.0,-1.0546840875743422,-0.8789028727034228,-0.17578121487091936,WELD_FOUND
72.313,0.0,0.0,0.0,0.0,0.022,0.0,-0.022,0.0,308,0,0.2854,0.0,-1.0546840875743422,nan,nan,NO_WELD
72.363,0.0,0.0,0.0,0.0,0.028,0.0,-0.028,0.0,308,0,0.2854,0.0,-1.0546840875743422,nan,nan,NO_WELD
72.413,0.0,0.0,0.0,0.0,0.028,0.0,-0.028,0.0,311,0,0.2882,0.0,-1.0546840875743422,nan,nan,NO_WELD
72.463,0.0,0.0,0.0,0.0,0.028,0.0,-0.028,0.0,311,0,0.2882,0.0,-1.0546840875743422,nan,nan,NO_WELD
72.513,0.0,0.0,0.0,0.0,0.0242,0.0,-0.0242,0.0,311,0,0.2882,0.0,-1.0546840875743422,nan,nan,NO_WELD
72.563,0.0,0.0,0.0,0.0,0.0242,0.0,-0.0242,0.0,311,0,0.2882,0.0,-1.0546840875743422,nan,nan,NO_WELD
72.613,0.0,0.0,0.0,0.0,0.0194,0.0,-0.0194,0.0,311,0,0.2882,0.0,-1.0546840875743422,-1.0546840875743422,0.0,WELD_FOUND
72.663,0.0,0.0,0.0,0.0,0.0194,0.0,-0.0194,0.0,311,0,0.2882,0.0,-1.0546840875743422,-1.0546840875743422,0.0,WELD_FOUND
72.713,0.0,0.0,0.0,0.0,0.0155,0.0,-0.0155,0.0,311,0,0.2882,0.0,-1.0546840875743422,nan,nan,NO_WELD
72.763,0.0,0.0,0.0,0.0,0.0155,0.0,-0.0155,0.0,311,0,0.2882,0.0,-1.0546840875743422,nan,nan,NO_WELD
72.813,0.0,0.0,0.0,0.0,0.0124,0.0,-0.0124,0.0,311,0,0.2882,0.0,-1.0546840875743422,nan,nan,NO_WELD
72.863,0.0,0.0,0.0,0.0,0.0124,0.0,-0.0124,0.0,311,0,0.2882,0.0,-1.0546840875743422,nan,nan,NO_WELD
72.913,0.0,0.0,0.0,0.0,0.0099,0.0,-0.0099,0.0,311,0,0.2882,0.0,-1.0546840875743422,nan,nan,NO_WELD
72.963,0.0,0.0,0.0,0.0,0.0099,0.0,-0.0099,0.0,311,0,0.2882,0.0,-1.0546840875743422,nan,nan,NO_WELD
73.013,0.0,0.0,0.0,0.0,0.0079,0.0,-0.0079,0.0,311,0,0.2882,0.0,-1.0546840875743422,nan,nan,NO_WELD
73.065,0.0,0.0,0.0,0.0,0.0079,0.0,-0.0079,0.0,311,0,0.2882,0.0,-1.0546840875743422,nan,nan,NO_WELD
73.113,0.0,0.0,0.0,0.0,0.0064,0.0,-0.0064,0.0,311,0,0.2882,0.0,-1.0546840875743422,nan,nan,NO_WELD
73.163,0.0,0.0,0.0,0.0,0.0064,0.0,-0.0064,0.0,311,0,0.2882,0.0,-1.0546840875743422,nan,nan,NO_WELD
73.213,0.0,0.0,0.0,0.0,0.0064,0.0,-0.0064,0.0,311,0,0.2882,0.0,-1.0546840875743422,-1.0546840875743422,0.0,WELD_FOUND
73.263,0.0,0.0,0.0,0.0,0.0051,0.0,-0.0051,0.0,311,0,0.2882,0.0,-1.0546840875743422,-1.0546840875743422,0.0,WELD_FOUND
73.313,0.026916657928935984,0.05,0.03441665792893599,0.019416657928935984,0.0051,0.0,0.0293,0.0194,311,0,0.2882,0.0,-1.4062466240378864,-1.2304654091669671,-0.17578121487091924,WELD_FOUND
73.363,0.026916657928935984,0.05,0.03441665792893599,0.019416657928935984,0.0051,0.0,0.0293,0.0194,311,0,0.2882,0.0,-1.4062466240378864,-1.2304654091669671,-0.17578121487091924,WELD_FOUND
73.413,0.0,0.0,0.0,0.0,0.0055,0.0,-0.0055,0.0,312,0,0.2892,0.0,-1.4062466240378864,nan,nan,NO_WELD
73.463,0.0,0.0,0.0,0.0,0.0055,0.0,-0.0055,0.0,312,0,0.2892,0.0,-1.4062466240378864,nan,nan,NO_WELD
73.513,0.0,0.0,0.0,0.0,0.0055,0.0,-0.0055,0.0,316,0,0.2929,0.0,-1.4062466240378864,nan,nan,NO_WELD
73.563,0.0,0.0,0.0,0.0,0.0132,0.0,-0.0132,0.0,316,0,0.2929,0.0,-1.4062466240378864,nan,nan,NO_WELD
73.613,0.02438919721931115,0.05,0.03188919721931115,0.01688919721931115,0.0132,0.0,0.0187,0.0169,316,0,0.2929,0.0,-1.7578091605014305,-1.7578091605014305,0.0,WELD_FOUND
73.663,0.02438919721931115,0.05,0.03188919721931115,0.01688919721931115,0.0132,0.0,0.0187,0.0169,316,0,0.2929,0.0,-1.7578091605014305,-1.7578091605014305,0.0,WELD_FOUND
73.713,0.0,0.0,0.0,0.0,0.0106,0.0,-0.0106,0.0,316,0,0.2929,0.0,-1.7578091605014305,nan,nan,NO_WELD
73.763,0.0,0.0,0.0,0.0,0.0106,0.0,-0.0106,0.0,316,0,0.2929,0.0,-1.7578091605014305,nan,nan,NO_WELD
73.813,0.0,0.0,0.0,0.0,0.0106,0.0,-0.0106,0.0,319,0,0.2956,0.0,-1.7578091605014305,nan,nan,NO_WELD
73.863,0.0,0.0,0.0,0.0,0.0138,0.0,-0.0138,0.0,319,0,0.2956,0.0,-1.7578091605014305,nan,nan,NO_WELD
73.913,0.0,0.0,0.0,0.0,0.0138,0.0,-0.0138,0.0,319,0,0.2956,0.0,-1.7578091605014305,nan,nan,NO_WELD
73.963,0.0,0.0,0.0,0.0,0.011,0.0,-0.011,0.0,319,0,0.2956,0.0,-1.7578091605014305,nan,nan,NO_WELD
74.013,0.0,0.0,0.0,0.0,0.011,0.0,-0.011,0.0,319,0,0.2956,0.0,-1.7578091605014305,nan,nan,NO_WELD
74.064,0.0,0.0,0.0,0.0,0.011,0.0,-0.011,0.0,319,0,0.2956,0.0,-1.7578091605014305,nan,nan,NO_WELD
74.113,0.0,0.0,0.0,0.0,0.0088,0.0,-0.0088,0.0,319,0,0.2956,0.0,-1.7578091605014305,nan,nan,NO_WELD
74.163,0.0,0.0,0.0,0.0,0.0088,0.0,-0.0088,0.0,319,0,0.2956,0.0,-1.7578091605014305,nan,nan,NO_WELD
74.213,0.0,0.0,0.0,0.0,0.007,0.0,-0.007,0.0,319,0,0.2956,0.0,-1.4062466240378864,-1.4062466240378864,0.0,WELD_FOUND
74.263,0.0,0.0,0.0,0.0,0.007,0.0,-0.007,0.0,319,0,0.2956,0.0,-1.4062466240378864,-1.4062466240378864,0.0,WELD_FOUND
74.313,0.0,0.0,0.0,0.0,0.007,0.0,-0.007,0.0,319,0,0.2956,0.0,-1.4062466240378864,nan,nan,NO_WELD
74.363,0.0,0.0,0.0,0.0,0.0056,0.0,-0.0056,0.0,319,0,0.2956,0.0,-1.4062466240378864,nan,nan,NO_WELD
74.413,0.0,0.0,0.0,0.0,0.0056,0.0,-0.0056,0.0,319,0,0.2956,0.0,-1.4062466240378864,nan,nan,NO_WELD
74.463,0.0,0.0,0.0,0.0,0.0045,0.0,-0.0045,0.0,319,0,0.2956,0.0,-1.4062466240378864,nan,nan,NO_WELD
74.513,0.023776798442149943,0.05,0.03127679844214994,0.016276798442149944,0.0045,0.0,0.0268,0.0163,319,0,0.2956,0.0,-1.7578091605014305,-1.7578091605014305,0.0,WELD_FOUND
74.563,0.023776798442149943,0.05,0.03127679844214994,0.016276798442149944,0.0036,0.0,0.0277,0.0163,319,0,0.2956,0.0,-1.7578091605014305,-1.7578091605014305,0.0,WELD_FOUND
74.613,0.0,0.0,0.0,0.0,0.0036,0.0,-0.0036,0.0,320,0,0.2966,0.0,-1.7578091605014305,nan,nan,NO_WELD
74.663,0.0,0.0,0.0,0.0,0.0036,0.0,-0.0036,0.0,320,0,0.2966,0.0,-1.7578091605014305,nan,nan,NO_WELD
74.713,0.0,0.0,0.0,0.0,0.012,0.0,-0.012,0.0,323,0,0.2993,0.0,-1.7578091605014305,nan,nan,NO_WELD
74.763,0.0,0.0,0.0,0.0,0.012,0.0,-0.012,0.0,323,0,0.2993,0.0,-1.7578091605014305,nan,nan,NO_WELD
74.813,0.0,0.0,0.0,0.0,0.0035,0.0,-0.0035,0.0,322,0,0.2984,0.0,-1.7578091605014305,nan,nan,NO_WELD
74.863,0.0,0.0,0.0,0.0,0.0035,0.0,-0.0035,0.0,322,0,0.2984,0.0,-1.7578091605014305,nan,nan,NO_WELD
74.913,0.0,0.0,0.0,0.0,0.0035,0.0,-0.0035,0.0,322,0,0.2984,0.0,-1.7578091605014305,nan,nan,NO_WELD
74.963,0.0,0.0,0.0,0.0,0.0028,0.0,-0.0028,0.0,322,0,0.2984,0.0,-1.7578091605014305,nan,nan,NO_WELD
75.013,0.0,0.0,0.0,0.0,0.0028,0.0,-0.0028,0.0,322,0,0.2984,0.0,-1.7578091605014305,nan,nan,NO_WELD
75.064,0.0,0.0,0.0,0.0,0.0023,0.0,-0.0023,0.0,322,0,0.2984,0.0,-1.7578091605014305,nan,nan,NO_WELD
75.113,0.0,0.0,0.0,0.0,0.0023,0.0,-0.0023,0.0,322,0,0.2984,0.0,-1.7578091605014305,nan,nan,NO_WELD
75.163,0.0,0.0,0.0,0.0,0.0018,0.0,-0.0018,0.0,322,0,0.2984,0.0,-1.7578091605014305,nan,nan,NO_WELD
75.213,0.0,0.0,0.0,0.0,0.0018,0.0,-0.0018,0.0,322,0,0.2984,0.0,-1.7578091605014305,nan,nan,NO_WELD
75.263,0.0,0.0,0.0,0.0,0.0018,0.0,-0.0018,0.0,322,0,0.2984,0.0,-1.7578091605014305,nan,nan,NO_WELD
75.313,0.0,0.0,0.0,0.0,0.0014,0.0,-0.0014,0.0,322,0,0.2984,0.0,-1.7578091605014305,nan,nan,NO_WELD
75.363,0.0,0.0,0.0,0.0,0.0014,0.0,-0.0014,0.0,322,0,0.2984,0.0,-1.7578091605014305,nan,nan,NO_WELD
75.413,0.0,0.0,0.0,0.0,0.0012,0.0,-0.0012,0.0,322,0,0.2984,0.0,-1.7578091605014305,-1.7578091605014305,0.0,WELD_FOUND
75.463,0.0,0.0,0.0,0.0,0.0012,0.0,-0.0012,0.0,322,0,0.2984,0.0,-1.7578091605014305,-1.7578091605014305,0.0,WELD_FOUND
75.513,0.0,0.0,0.0,0.0,0.0012,0.0,-0.0012,0.0,322,0,0.2984,0.0,-1.7578091605014305,nan,nan,NO_WELD
75.563,0.0,0.0,0.0,0.0,0.0,0.0,0.0,0.0,322,0,0.2984,0.0,-1.7578091605014305,nan,nan,NO_WELD
75.613,0.0,0.0,0.0,0.0,0.0,0.0,0.0,0.0,322,0,0.2984,0.0,-1.7578091605014305,nan,nan,NO_WELD
75.663,0.0,0.0,0.0,0.0,0.0,0.0,0.0,0.0,322,0,0.2984,0.0,-1.7578091605014305,nan,nan,NO_WELD
75.713,0.0,0.0,0.0,0.0,0.0,0.0,0.0,0.0,322,0,0.2984,0.0,-1.7578091605014305,nan,nan,NO_WELD
75.763,0.0,0.0,0.0,0.0,0.0,0.0,0.0,0.0,322,0,0.2984,0.0,-1.7578091605014305,nan,nan,NO_WELD
75.813,0.0,0.0,0.0,0.0,0.0,0.0,0.0,0.0,322,0,0.2984,0.0,-1.7578091605014305,nan,nan,NO_WELD
75.863,0.0,0.0,0.0,0.0,0.0,0.0,0.0,0.0,322,0,0.2984,0.0,-1.7578091605014305,nan,nan,NO_WELD
75.913,0.0,0.0,0.0,0.0,0.0,0.0,0.0,0.0,322,0,0.2984,0.0,-1.0546840875743422,-1.0546840875743422,0.0,WELD_FOUND
75.963,0.0,0.0,0.0,0.0,0.0,0.0,0.0,0.0,322,0,0.2984,0.0,-1.0546840875743422,-1.0546840875743422,0.0,WELD_FOUND
76.013,0.0,0.0,0.0,0.0,0.0,0.0,0.0,0.0,322,0,0.2984,0.0,-1.0546840875743422,nan,nan,NO_WELD
76.064,0.0,0.0,0.0,0.0,0.0,0.0,0.0,0.0,322,0,0.2984,0.0,-1.0546840875743422,nan,nan,NO_WELD
76.113,0.03258234416615065,0.01591235011555434,0.0349691966834838,0.030195491648817498,0.0,0.0,0.035,0.0302,322,0,0.2984,0.0,-0.35155909468853286,-0.35155909468853286,0.0,WELD_FOUND
76.163,0.03258234416615065,0.01591235011555434,0.0349691966834838,0.030195491648817498,0.0,0.0,0.035,0.0302,322,0,0.2984,0.0,-0.35155909468853286,-0.35155909468853286,0.0,WELD_FOUND
76.213,0.0,0.0,0.0,0.0,0.0,0.0,0.0,0.0,325,0,0.3012,0.0,-0.35155909468853286,nan,nan,NO_WELD
76.263,0.0,0.0,0.0,0.0,0.0111,0.0,-0.0111,0.0,325,0,0.3012,0.0,-0.35155909468853286,nan,nan,NO_WELD
76.313,0.0,0.0,0.0,0.0,0.0111,0.0,-0.0111,0.0,329,0,0.3049,0.0,-0.35155909468853286,nan,nan,NO_WELD
76.363,0.0,0.0,0.0,0.0,0.0111,0.0,-0.0111,0.0,329,0,0.3049,0.0,-0.35155909468853286,nan,nan,NO_WELD
76.413,0.030710492858473867,0.0300586334180037,0.03521928787117442,0.026201697845773312,0.0165,0.0,0.0187,0.0262,329,0,0.3049,0.0,-0.7031216044716506,-0.7031216044716506,0.0,WELD_FOUND
76.463,0.030710492858473867,0.0300586334180037,0.03521928787117442,0.026201697845773312,0.0165,0.0,0.0187,0.0262,329,0,0.3049,0.0,-0.7031216044716506,-0.7031216044716506,0.0,WELD_FOUND
76.513,0.0,0.0,0.0,0.0,0.0136,0.0,-0.0136,0.0,330,0,0.3058,0.0,-0.7031216044716506,nan,nan,NO_WELD
76.563,0.0,0.0,0.0,0.0,0.0136,0.0,-0.0136,0.0,330,0,0.3058,0.0,-0.7031216044716506,nan,nan,NO_WELD
76.613,0.028537361271992516,0.046745005300672514,0.035549112067093394,0.021525610476891638,0.023,0.0,0.0125,0.0215,334,0,0.3095,0.0,-1.0546840875743422,-1.0546840875743422,0.0,WELD_FOUND
76.663,0.028537361271992516,0.046745005300672514,0.035549112067093394,0.021525610476891638,0.023,0.0,0.0125,0.0215,334,0,0.3095,0.0,-1.0546840875743422,-1.0546840875743422,0.0,WELD_FOUND
76.713,0.0,0.0,0.0,0.0,0.023,0.0,-0.023,0.0,334,0,0.3095,0.0,-1.0546840875743422,nan,nan,NO_WELD
76.763,0.0,0.0,0.0,0.0,0.0184,0.0,-0.0184,0.0,334,0,0.3095,0.0,-1.0546840875743422,nan,nan,NO_WELD
76.813,0.0,0.0,0.0,0.0,0.0184,0.0,-0.0184,0.0,336,0,0.3114,0.0,-1.0546840875743422,nan,nan,NO_WELD
76.863,0.0,0.0,0.0,0.0,0.0185,0.0,-0.0185,0.0,336,0,0.3114,0.0,-1.0546840875743422,nan,nan,NO_WELD
76.913,0.0,0.0,0.0,0.0,0.0185,0.0,-0.0185,0.0,336,0,0.3114,0.0,-1.0546840875743422,nan,nan,NO_WELD
76.963,0.0,0.0,0.0,0.0,0.0185,0.0,-0.0185,0.0,336,0,0.3114,0.0,-1.0546840875743422,nan,nan,NO_WELD
77.013,0.03258234416615065,0.017623301350000276,0.03522583936865069,0.029938848963650608,0.0148,0.0,0.0205,0.0299,336,0,0.3114,0.0,-0.35155909468853286,-0.35155909468853286,0.0,WELD_FOUND
77.064,0.03258234416615065,0.017623301350000276,0.03522583936865069,0.029938848963650608,0.0148,0.0,0.0205,0.0299,336,0,0.3114,0.0,-0.35155909468853286,-0.35155909468853286,0.0,WELD_FOUND
77.113,0.0,0.0,0.0,0.0,0.02,0.0,-0.02,0.0,339,0,0.3142,0.0,-0.35155909468853286,nan,nan,NO_WELD
77.163,0.0,0.0,0.0,0.0,0.02,0.0,-0.02,0.0,339,0,0.3142,0.0,-0.35155909468853286,nan,nan,NO_WELD
77.213,0.0,0.0,0.0,0.0,0.02,0.0,-0.02,0.0,339,0,0.3142,0.0,-0.35155909468853286,nan,nan,NO_WELD
77.263,0.0,0.0,0.0,0.0,0.0268,0.0,-0.0268,0.0,345,0,0.3197,0.0,-0.35155909468853286,nan,nan,NO_WELD
77.313,0.0,0.0,0.0,0.0,0.0268,0.0,-0.0268,0.0,345,0,0.3197,0.0,-0.35155909468853286,nan,nan,NO_WELD
77.363,0.0,0.0,0.0,0.0,0.0215,0.0,-0.0215,0.0,345,0,0.3197,0.0,-0.35155909468853286,nan,nan,NO_WELD
77.413,0.0,0.0,0.0,0.0,0.0215,0.0,-0.0215,0.0,345,0,0.3197,0.0,-0.35155909468853286,nan,nan,NO_WELD
77.463,0.0,0.0,0.0,0.0,0.0172,0.0,-0.0172,0.0,345,0,0.3197,0.0,-0.35155909468853286,nan,nan,NO_WELD
77.513,0.0,0.0,0.0,0.0,0.0172,0.0,-0.0172,0.0,345,0,0.3197,0.0,-0.35155909468853286,-0.35155909468853286,0.0,WELD_FOUND
77.563,0.0,0.0,0.0,0.0,0.0172,0.0,-0.0172,0.0,345,0,0.3197,0.0,-0.35155909468853286,-0.35155909468853286,0.0,WELD_FOUND
77.613,0.03258234416615065,0.016868326224451984,0.03511259309981844,0.03005209523248285,0.0137,0.0,0.0214,0.0301,345,0,0.3197,0.0,-0.35155909468853286,-0.35155909468853286,0.0,WELD_FOUND
77.663,0.03258234416615065,0.016868326224451984,0.03511259309981844,0.03005209523248285,0.0137,0.0,0.0214,0.0301,345,0,0.3197,0.0,-0.35155909468853286,-0.35155909468853286,0.0,WELD_FOUND
77.713,0.0,0.0,0.0,0.0,0.0137,0.0,-0.0137,0.0,345,0,0.3197,0.0,-0.35155909468853286,nan,nan,NO_WELD
77.763,0.0,0.0,0.0,0.0,0.011,0.0,-0.011,0.0,345,0,0.3197,0.0,-0.35155909468853286,nan,nan,NO_WELD
77.813,0.02889401278338217,0.047207830424480735,0.03597518734705428,0.021812838219710057,0.011,0.0,0.025,0.0218,345,0,0.3197,0.0,-1.0546840875743422,-1.0546840875743422,0.0,WELD_FOUND
77.863,0.02889401278338217,0.047207830424480735,0.03597518734705428,0.021812838219710057,0.011,0.0,0.025,0.0218,348,0,0.3225,0.0,-1.0546840875743422,-1.0546840875743422,0.0,WELD_FOUND
77.913,0.0,0.0,0.0,0.0,0.014,0.0,-0.014,0.0,348,0,0.3225,0.0,-1.0546840875743422,nan,nan,NO_WELD
77.963,0.0,0.0,0.0,0.0,0.014,0.0,-0.014,0.0,350,0,0.3244,0.0,-1.0546840875743422,nan,nan,NO_WELD
78.013,0.02997725627017097,0.03032225152744265,0.03452559399928737,0.02542891854105457,0.0158,0.0,0.0187,0.0254,350,0,0.3244,0.0,-0.7031216044716506,-0.7031216044716506,0.0,WELD_FOUND
78.064,0.02997725627017097,0.03032225152744265,0.03452559399928737,0.02542891854105457,0.0158,0.0,0.0187,0.0254,353,0,0.3271,0.0,-0.7031216044716506,-0.7031216044716506,0.0,WELD_FOUND
78.113,0.029288887391034715,0.03999164939801771,0.03528763480073737,0.02329013998133206,0.0158,0.0,0.0195,0.0233,353,0,0.3271,0.0,-1.0546840875743422,-0.8789028727034228,-0.17578121487091936,WELD_FOUND
78.163,0.029288887391034715,0.03999164939801771,0.03528763480073737,0.02329013998133206,0.0194,0.0,0.0159,0.0233,354,0,0.3281,0.0,-1.0546840875743422,-0.8789028727034228,-0.17578121487091936,WELD_FOUND
78.213,0.03005747859110272,0.028905362533529072,0.03439328297113208,0.02572167421107336,0.0194,0.0,0.015,0.0257,354,0,0.3281,0.0,-0.35155909468853286,-0.7031216044716506,0.35156250978311776,WELD_FOUND
78.263,0.03005747859110272,0.028905362533529072,0.03439328297113208,0.02572167421107336,0.0194,0.0,0.015,0.0257,360,0,0.3336,0.0,-0.35155909468853286,-0.7031216044716506,0.35156250978311776,WELD_FOUND
78.313,0.03113388737501407,0.02050575915781299,0.03420975124868602,0.028058023501342122,0.0265,0.0,0.0078,0.0281,360,0,0.3336,0.0,3.4150945850063755e-06,-0.5273403362398785,0.5273437513344635,WELD_FOUND
78.363,0.03113388737501407,0.02050575915781299,0.03420975124868602,0.028058023501342122,0.0265,0.0,0.0078,0.0281,366,0,0.3392,0.0,3.4150945850063755e-06,-0.5273403362398785,0.5273437513344635,WELD_FOUND
78.413,0.032290018253866425,0.012705861171456605,0.03419589742958491,0.030384139078147934,0.0381,0.0,-0.0039,0.0304,366,0,0.3392,0.0,-0.35155909468853286,-0.35155909468853286,0.0,WELD_FOUND
78.463,0.032290018253866425,0.012705861171456605,0.03419589742958491,0.030384139078147934,0.0381,0.0,-0.0039,0.0304,371,0,0.3438,0.0,-0.35155909468853286,-0.35155909468853286,0.0,WELD_FOUND
78.513,0.03252377360153153,0.014824265661333854,0.03474741345073161,0.030300133752331454,0.0381,0.0,-0.0034,0.0303,371,0,0.3438,0.0,-0.35155909468853286,-0.35155909468853286,0.0,WELD_FOUND
78.563,0.03252377360153153,0.014824265661333854,0.03474741345073161,0.030300133752331454,0.0501,0.0,-0.0153,0.0303,377,0,0.3494,0.0,-0.35155909468853286,-0.35155909468853286,0.0,WELD_FOUND
78.613,0.0,0.0,0.0,0.0,0.0501,0.0,-0.0501,0.0,377,0,0.3494,0.0,-0.35155909468853286,nan,nan,NO_WELD
78.663,0.0,0.0,0.0,0.0,0.0486,0.0,-0.0486,0.0,382,0,0.354,0.0,-0.35155909468853286,nan,nan,NO_WELD
78.713,0.035,0.0,0.035,0.035,0.0486,0.0,-0.0136,0.035,382,0,0.354,0.0,3.4150945850063755e-06,3.4150945850063755e-06,0.0,WELD_FOUND
78.763,0.035,0.0,0.035,0.035,0.044,0.0,-0.009,0.035,386,0,0.3577,0.0,3.4150945850063755e-06,3.4150945850063755e-06,0.0,WELD_FOUND
78.813,0.0,0.0,0.0,0.0,0.044,0.0,-0.044,0.0,386,0,0.3577,0.0,3.4150945850063755e-06,nan,nan,NO_WELD
78.863,0.0,0.0,0.0,0.0,0.044,0.0,-0.044,0.0,387,0,0.3587,0.0,3.4150945850063755e-06,nan,nan,NO_WELD
78.913,0.0,0.0,0.0,0.0,0.0288,0.0,-0.0288,0.0,387,0,0.3587,0.0,3.4150945850063755e-06,nan,nan,NO_WELD
78.963,0.0,0.0,0.0,0.0,0.0288,0.0,-0.0288,0.0,391,0,0.3624,0.0,3.4150945850063755e-06,nan,nan,NO_WELD
79.013,0.03296100146035217,0.015463227215264235,0.03528048554264181,0.030641517378062533,0.0288,0.0,0.0064,0.0306,391,0,0.3624,0.0,-0.35155909468853286,-0.35155909468853286,0.0,WELD_FOUND
79.064,0.03296100146035217,0.015463227215264235,0.03528048554264181,0.030641517378062533,0.0272,0.0,0.0081,0.0306,391,0,0.3624,0.0,-0.35155909468853286,-0.35155909468853286,0.0,WELD_FOUND
79.113,0.03171395305767157,0.02585443907094009,0.035592118918312585,0.02783578719703056,0.0272,0.0,0.0084,0.0278,391,0,0.3624,0.0,-0.7031216044716506,-0.5273403362398785,-0.1757812682317721,WELD_FOUND
79.163,0.03171395305767157,0.02585443907094009,0.035592118918312585,0.02783578719703056,0.0274,0.0,0.0082,0.0278,394,0,0.3651,0.0,-0.7031216044716506,-0.5273403362398785,-0.1757812682317721,WELD_FOUND
79.213,0.0,0.0,0.0,0.0,0.0274,0.0,-0.0274,0.0,394,0,0.3651,0.0,-0.7031216044716506,nan,nan,NO_WELD
79.263,0.0,0.0,0.0,0.0,0.0274,0.0,-0.0274,0.0,400,0,0.3707,0.0,-0.7031216044716506,nan,nan,NO_WELD
79.313,0.02697357760444035,0.05,0.03447357760444035,0.01947357760444035,0.0313,0.0,0.0032,0.0195,400,0,0.3707,0.0,-1.4062466240378864,-1.4062466240378864,0.0,WELD_FOUND
79.363,0.02697357760444035,0.05,0.03447357760444035,0.01947357760444035,0.0313,0.0,0.0032,0.0195,402,0,0.3726,0.0,-1.4062466240378864,-1.4062466240378864,0.0,WELD_FOUND
79.413,0.02692803705448227,0.053801705148219484,0.0349982928267152,0.01885778128224935,0.0262,0.0,0.0088,0.0189,402,0,0.3726,0.0,-1.0546840875743422,-1.2304654091669671,0.17578132159262494,WELD_FOUND
79.463,0.02692803705448227,0.053801705148219484,0.0349982928267152,0.01885778128224935,0.0262,0.0,0.0088,0.0189,405,0,0.3753,0.0,-1.0546840875743422,-1.2304654091669671,0.17578132159262494,WELD_FOUND
79.513,0.0,0.0,0.0,0.0,0.0262,0.0,-0.0262,0.0,405,0,0.3753,0.0,-1.0546840875743422,nan,nan,NO_WELD
79.563,0.0,0.0,0.0,0.0,0.033,0.0,-0.033,0.0,409,0,0.379,0.0,-1.0546840875743422,nan,nan,NO_WELD
79.613,0.024391363380747717,0.05,0.03189136338074772,0.016891363380747718,0.033,0.0,-0.0011,0.0169,409,0,0.379,0.0,-1.7578091605014305,-1.7578091605014305,0.0,WELD_FOUND
79.663,0.024391363380747717,0.05,0.03189136338074772,0.016891363380747718,0.033,0.0,-0.0011,0.0169,410,0,0.38,0.0,-1.7578091605014305,-1.7578091605014305,0.0,WELD_FOUND
79.713,0.023899084118514755,0.07799483637871944,0.03559830957532267,0.012199858661706838,0.0223,0.0,0.0133,0.0122,410,0,0.38,0.0,-1.7578091605014305,-1.7578091605014305,0.0,WELD_FOUND
79.763,0.023899084118514755,0.07799483637871944,0.03559830957532267,0.012199858661706838,0.0223,0.0,0.0133,0.0122,411,0,0.3809,0.0,-1.7578091605014305,-1.7578091605014305,0.0,WELD_FOUND
79.813,0.023801230484968718,0.07695631167897277,0.03534467723681463,0.012257783733122803,0.0223,0.0,0.0131,0.0123,411,0,0.3809,0.0,-2.460934233428519,-1.7578091605014305,-0.7031250729270886,WELD_FOUND
79.863,0.023801230484968718,0.07695631167897277,0.03534467723681463,0.012257783733122803,0.0233,0.0,0.0121,0.0123,414,0,0.3837,0.0,-2.460934233428519,-1.7578091605014305,-0.7031250729270886,WELD_FOUND
79.913,0.02297718089956599,0.0864693966511037,0.03594759039723155,0.010006771401900436,0.0233,0.0,0.0127,0.01,414,0,0.3837,0.0,-2.1093715902432693,-1.9335904820940557,-0.17578110814921355,WELD_FOUND
79.963,0.02297718089956599,0.0864693966511037,0.03594759039723155,0.010006771401900436,0.0251,0.0,0.0109,0.01,417,0,0.3865,0.0,-2.1093715902432693,-1.9335904820940557,-0.17578110814921355,WELD_FOUND
80.013,0.0,0.0,0.0,0.0,0.0251,0.0,-0.0251,0.0,417,0,0.3865,0.0,-2.1093715902432693,nan,nan,NO_WELD
80.064,0.0,0.0,0.0,0.0,0.0251,0.0,-0.0251,0.0,421,0,0.3902,0.0,-2.1093715902432693,nan,nan,NO_WELD
80.113,0.02361578080648388,0.05,0.03111578080648388,0.01611578080648388,0.0249,0.0,0.0062,0.0161,421,0,0.3902,0.0,-1.7578091605014305,-1.7578091605014305,0.0,WELD_FOUND
80.163,0.02361578080648388,0.05,0.03111578080648388,0.01611578080648388,0.0249,0.0,0.0062,0.0161,423,0,0.392,0.0,-1.7578091605014305,-1.7578091605014305,0.0,WELD_FOUND
80.213,0.023744551149930765,0.07635462756606659,0.03519774528484075,0.012291357015020777,0.0249,0.0,0.0103,0.0123,423,0,0.392,0.0,-1.7578091605014305,-1.7578091605014305,0.0,WELD_FOUND
80.263,0.023744551149930765,0.07635462756606659,0.03519774528484075,0.012291357015020777,0.0224,0.0,0.0128,0.0123,424,0,0.393,0.0,-1.7578091605014305,-1.7578091605014305,0.0,WELD_FOUND
80.313,0.02377034723310267,0.07663190076749615,0.03526513234822709,0.012275562117978247,0.0224,0.0,0.0129,0.0123,424,0,0.393,0.0,-2.1093715902432693,-1.7578091605014305,-0.3515624297418387,WELD_FOUND
80.363,0.02377034723310267,0.07663190076749615,0.03526513234822709,0.012275562117978247,0.0224,0.0,0.0129,0.0123,428,0,0.3967,0.0,-2.1093715902432693,-1.7578091605014305,-0.3515624297418387,WELD_FOUND
80.413,0.0,0.0,0.0,0.0,0.0233,0.0,-0.0233,0.0,428,0,0.3967,0.0,-2.1093715902432693,nan,nan,NO_WELD
80.463,0.0,0.0,0.0,0.0,0.0233,0.0,-0.0233,0.0,432,0,0.4004,0.0,-2.1093715902432693,nan,nan,NO_WELD
80.513,0.0,0.0,0.0,0.0,0.0233,0.0,-0.0233,0.0,432,0,0.4004,0.0,-2.1093715902432693,nan,nan,NO_WELD
80.563,0.0,0.0,0.0,0.0,0.0288,0.0,-0.0288,0.0,434,0,0.4022,0.0,-2.1093715902432693,nan,nan,NO_WELD
80.613,0.025425831142580554,0.05,0.032925831142580554,0.017925831142580555,0.0288,0.0,0.0041,0.0179,434,0,0.4022,0.0,-1.4062466240378864,-1.4062466240378864,0.0,WELD_FOUND
80.663,0.025425831142580554,0.05,0.032925831142580554,0.017925831142580555,0.0288,0.0,0.0041,0.0179,434,0,0.4022,0.0,-1.4062466240378864,-1.4062466240378864,0.0,WELD_FOUND
80.713,0.025763614793302542,0.06048416869535881,0.034836240097606365,0.01669098948899872,0.0231,0.0,0.0118,0.0167,434,0,0.4022,0.0,-1.4062466240378864,-1.4062466240378864,0.0,WELD_FOUND
80.763,0.025763614793302542,0.06048416869535881,0.034836240097606365,0.01669098948899872,0.0231,0.0,0.0118,0.0167,435,0,0.4031,0.0,-1.4062466240378864,-1.4062466240378864,0.0,WELD_FOUND
80.813,0.0,0.0,0.0,0.0,0.0231,0.0,-0.0231,0.0,435,0,0.4031,0.0,-1.4062466240378864,nan,nan,NO_WELD
80.863,0.0,0.0,0.0,0.0,0.0287,0.0,-0.0287,0.0,440,0,0.4078,0.0,-1.4062466240378864,nan,nan,NO_WELD
80.913,0.0,0.0,0.0,0.0,0.0287,0.0,-0.0287,0.0,440,0,0.4078,0.0,-1.4062466240378864,nan,nan,NO_WELD
80.963,0.0,0.0,0.0,0.0,0.0287,0.0,-0.0287,0.0,442,0,0.4096,0.0,-1.4062466240378864,nan,nan,NO_WELD
81.013,0.0,0.0,0.0,0.0,0.0221,0.0,-0.0221,0.0,442,0,0.4096,0.0,-1.4062466240378864,nan,nan,NO_WELD
81.064,0.0,0.0,0.0,0.0,0.0221,0.0,-0.0221,0.0,441,0,0.4087,0.0,-1.4062466240378864,nan,nan,NO_WELD
81.113,0.02800653687058349,0.05,0.035506536870583486,0.02050653687058349,0.0096,0.0,0.0259,0.0205,441,0,0.4087,0.0,-1.0546840875743422,-1.0546840875743422,0.0,WELD_FOUND
81.163,0.02800653687058349,0.05,0.035506536870583486,0.02050653687058349,0.0096,0.0,0.0259,0.0205,441,0,0.4087,0.0,-1.0546840875743422,-1.0546840875743422,0.0,WELD_FOUND
81.213,0.027132903369176318,0.055906025457043124,0.03551880718773279,0.01874699955061985,0.0096,0.0,0.0259,0.0187,441,0,0.4087,0.0,-1.4062466240378864,-1.2304654091669671,-0.17578121487091924,WELD_FOUND
81.263,0.027132903369176318,0.055906025457043124,0.03551880718773279,0.01874699955061985,0.0132,0.0,0.0224,0.0187,444,0,0.4115,0.0,-1.4062466240378864,-1.2304654091669671,-0.17578121487091924,WELD_FOUND
81.313,0.02610281615942903,0.06389010236165206,0.03568633151367684,0.01651930080518122,0.0132,0.0,0.0225,0.0165,444,0,0.4115,0.0,-1.7578091605014305,-1.4062466240378864,-0.3515625364635442,WELD_FOUND
81.363,0.02610281615942903,0.06389010236165206,0.03568633151367684,0.01651930080518122,0.0264,0.0,0.0093,0.0165,449,0,0.4161,0.0,-1.7578091605014305,-1.4062466240378864,-0.3515625364635442,WELD_FOUND
81.413,0.025899190748257587,0.06186977522546592,0.035179657032077476,0.016618724464437698,0.0264,0.0,0.0087,0.0166,449,0,0.4161,0.0,-1.4062466240378864,-1.4062466240378864,0.0,WELD_FOUND
81.463,0.025899190748257587,0.06186977522546592,0.035179657032077476,0.016618724464437698,0.0264,0.0,0.0087,0.0166,454,0,0.4208,0.0,-1.4062466240378864,-1.4062466240378864,0.0,WELD_FOUND
81.513,0.02585856134725442,0.061462404400070336,0.03507792200726497,0.016639200687243866,0.0282,0.0,0.0069,0.0166,454,0,0.4208,0.0,-1.7578091605014305,-1.4062466240378864,-0.3515625364635442,WELD_FOUND
81.563,0.02585856134725442,0.061462404400070336,0.03507792200726497,0.016639200687243866,0.0282,0.0,0.0069,0.0166,459,0,0.4254,0.0,-1.7578091605014305,-1.4062466240378864,-0.3515625364635442,WELD_FOUND
81.613,0.024186163030234784,0.08094861802635005,0.03632845573418729,0.012043870326282277,0.0355,0.0,0.0009,0.012,459,0,0.4254,0.0,-2.1093715902432693,-1.7578091605014305,-0.3515624297418387,WELD_FOUND
81.663,0.024186163030234784,0.08094861802635005,0.03632845573418729,0.012043870326282277,0.0355,0.0,0.0009,0.012,463,0,0.4291,0.0,-2.1093715902432693,-1.7578091605014305,-0.3515624297418387,WELD_FOUND
81.713,0.0,0.0,0.0,0.0,0.0355,0.0,-0.0355,0.0,463,0,0.4291,0.0,-2.1093715902432693,nan,nan,NO_WELD
81.763,0.0,0.0,0.0,0.0,0.0411,0.0,-0.0411,0.0,467,0,0.4328,0.0,-2.1093715902432693,nan,nan,NO_WELD
81.813,0.0,0.0,0.0,0.0,0.0411,0.0,-0.0411,0.0,467,0,0.4328,0.0,-2.1093715902432693,nan,nan,NO_WELD
81.863,0.0,0.0,0.0,0.0,0.0411,0.0,-0.0411,0.0,468,0,0.4337,0.0,-2.1093715902432693,nan,nan,NO_WELD
81.913,0.0,0.0,0.0,0.0,0.0271,0.0,-0.0271,0.0,468,0,0.4337,0.0,-2.1093715902432693,nan,nan,NO_WELD
81.963,0.0,0.0,0.0,0.0,0.0271,0.0,-0.0271,0.0,467,0,0.4328,0.0,-2.1093715902432693,nan,nan,NO_WELD
82.013,0.0,0.0,0.0,0.0,0.0126,0.0,-0.0126,0.0,467,0,0.4328,0.0,-2.1093715902432693,nan,nan,NO_WELD
82.064,0.0,0.0,0.0,0.0,0.0126,0.0,-0.0126,0.0,467,0,0.4328,0.0,-2.1093715902432693,nan,nan,NO_WELD
82.113,0.0,0.0,0.0,0.0,0.0126,0.0,-0.0126,0.0,467,0,0.4328,0.0,-2.1093715902432693,nan,nan,NO_WELD
82.163,0.0,0.0,0.0,0.0,0.01,0.0,-0.01,0.0,467,0,0.4328,0.0,-2.1093715902432693,nan,nan,NO_WELD
82.213,0.0,0.0,0.0,0.0,0.01,0.0,-0.01,0.0,467,0,0.4328,0.0,-2.1093715902432693,nan,nan,NO_WELD
82.263,0.0,0.0,0.0,0.0,0.01,0.0,-0.01,0.0,467,0,0.4328,0.0,-2.1093715902432693,nan,nan,NO_WELD
82.313,0.0,0.0,0.0,0.0,0.008,0.0,-0.008,0.0,467,0,0.4328,0.0,-2.1093715902432693,nan,nan,NO_WELD
82.363,0.0,0.0,0.0,0.0,0.008,0.0,-0.008,0.0,467,0,0.4328,0.0,-2.1093715902432693,nan,nan,NO_WELD
82.413,0.0,0.0,0.0,0.0,0.008,0.0,-0.008,0.0,467,0,0.4328,0.0,-2.1093715902432693,nan,nan,NO_WELD
82.463,0.0,0.0,0.0,0.0,0.0064,0.0,-0.0064,0.0,467,0,0.4328,0.0,-2.1093715902432693,nan,nan,NO_WELD
82.514,0.0,0.0,0.0,0.0,0.0064,0.0,-0.0064,0.0,467,0,0.4328,0.0,-2.1093715902432693,nan,nan,NO_WELD
82.563,0.0,0.0,0.0,0.0,0.0051,0.0,-0.0051,0.0,467,0,0.4328,0.0,-2.1093715902432693,nan,nan,NO_WELD
82.614,0.0,0.0,0.0,0.0,0.0051,0.0,-0.0051,0.0,467,0,0.4328,0.0,-2.1093715902432693,nan,nan,NO_WELD
82.663,0.0,0.0,0.0,0.0,0.0051,0.0,-0.0051,0.0,467,0,0.4328,0.0,-2.1093715902432693,nan,nan,NO_WELD
82.713,0.0,0.0,0.0,0.0,0.0041,0.0,-0.0041,0.0,467,0,0.4328,0.0,-0.35155909468853286,nan,nan,NO_WELD
82.763,0.0,0.0,0.0,0.0,0.0041,0.0,-0.0041,0.0,467,0,0.4328,0.0,-0.35155909468853286,nan,nan,NO_WELD
82.814,0.0,0.0,0.0,0.0,0.0033,0.0,-0.0033,0.0,467,0,0.4328,0.0,-1.4062466240378864,nan,nan,NO_WELD
82.863,0.0,0.0,0.0,0.0,0.0033,0.0,-0.0033,0.0,467,0,0.4328,0.0,-1.4062466240378864,nan,nan,NO_WELD
82.914,0.0,0.0,0.0,0.0,0.0026,0.0,-0.0026,0.0,467,0,0.4328,0.0,-0.7031216044716506,nan,nan,NO_WELD
82.963,0.0,0.0,0.0,0.0,0.0026,0.0,-0.0026,0.0,467,0,0.4328,0.0,-0.7031216044716506,nan,nan,NO_WELD
83.013,0.0,0.0,0.0,0.0,0.0026,0.0,-0.0026,0.0,467,0,0.4328,0.0,-0.7031216044716506,nan,nan,NO_WELD
83.064,0.0,0.0,0.0,0.0,0.0021,0.0,-0.0021,0.0,467,0,0.4328,0.0,3.4150945850063755e-06,nan,nan,NO_WELD
83.113,0.0,0.0,0.0,0.0,0.0021,0.0,-0.0021,0.0,467,0,0.4328,0.0,3.4150945850063755e-06,nan,nan,NO_WELD
83.163,0.0,0.0,0.0,0.0,0.0021,0.0,-0.0021,0.0,467,0,0.4328,0.0,-1.0546840875743422,-1.0546840875743422,0.0,WELD_FOUND
83.213,0.0,0.0,0.0,0.0,0.0017,0.0,-0.0017,0.0,467,0,0.4328,0.0,-1.0546840875743422,-1.0546840875743422,0.0,WELD_FOUND
83.263,0.0,0.0,0.0,0.0,0.0017,0.0,-0.0017,0.0,467,0,0.4328,0.0,-1.0546840875743422,nan,nan,NO_WELD
83.313,0.0,0.0,0.0,0.0,0.0013,0.0,-0.0013,0.0,467,0,0.4328,0.0,-1.0546840875743422,nan,nan,NO_WELD
83.363,0.030251181765434624,0.031757523315520717,0.03501481026276273,0.025487553268106516,0.0013,0.0,0.0337,0.0255,467,0,0.4328,0.0,-0.7031216044716506,-0.7031216044716506,0.0,WELD_FOUND
83.413,0.030251181765434624,0.031757523315520717,0.03501481026276273,0.025487553268106516,0.0013,0.0,0.0337,0.0255,467,0,0.4328,0.0,-0.7031216044716506,-0.7031216044716506,0.0,WELD_FOUND
83.463,0.0,0.0,0.0,0.0,0.0033,0.0,-0.0033,0.0,468,0,0.4337,0.0,-0.7031216044716506,nan,nan,NO_WELD
83.513,0.0,0.0,0.0,0.0,0.0033,0.0,-0.0033,0.0,468,0,0.4337,0.0,-0.7031216044716506,nan,nan,NO_WELD
83.563,0.0,0.0,0.0,0.0,0.0242,0.0,-0.0242,0.0,474,0,0.4393,0.0,-0.7031216044716506,nan,nan,NO_WELD
83.613,0.0,0.0,0.0,0.0,0.0242,0.0,-0.0242,0.0,474,0,0.4393,0.0,-0.7031216044716506,nan,nan,NO_WELD
83.663,0.030251181765434624,0.030679467599838972,0.034853101905410466,0.025649261625458778,0.0242,0.0,0.0106,0.0256,476,0,0.4411,0.0,-0.7031216044716506,-0.7031216044716506,0.0,WELD_FOUND
83.713,0.030251181765434624,0.030679467599838972,0.034853101905410466,0.025649261625458778,0.0195,0.0,0.0154,0.0256,476,0,0.4411,0.0,-0.7031216044716506,-0.7031216044716506,0.0,WELD_FOUND
83.763,0.029342941591610106,0.040500978466799044,0.03541808836162996,0.02326779482159025,0.0195,0.0,0.0159,0.0233,476,0,0.4411,0.0,-1.0546840875743422,-0.8789028727034228,-0.17578121487091936,WELD_FOUND
83.813,0.029342941591610106,0.040500978466799044,0.03541808836162996,0.02326779482159025,0.0156,0.0,0.0198,0.0233,476,0,0.4411,0.0,-1.0546840875743422,-0.8789028727034228,-0.17578121487091936,WELD_FOUND
83.863,0.0,0.0,0.0,0.0,0.0156,0.0,-0.0156,0.0,479,0,0.4439,0.0,-1.0546840875743422,nan,nan,NO_WELD
83.913,0.0,0.0,0.0,0.0,0.0156,0.0,-0.0156,0.0,479,0,0.4439,0.0,-1.0546840875743422,nan,nan,NO_WELD
83.963,0.030068426308564995,0.03044165524775318,0.03463467459572797,0.02550217802140202,0.0266,0.0,0.008,0.0255,483,0,0.4476,0.0,-0.7031216044716506,-0.7031216044716506,0.0,WELD_FOUND
84.013,0.030068426308564995,0.03044165524775318,0.03463467459572797,0.02550217802140202,0.0266,0.0,0.008,0.0255,483,0,0.4476,0.0,-0.7031216044716506,-0.7031216044716506,0.0,WELD_FOUND
84.064,0.0,0.0,0.0,0.0,0.0197,0.0,-0.0197,0.0,484,0,0.4486,0.0,-0.7031216044716506,nan,nan,NO_WELD
84.113,0.0,0.0,0.0,0.0,0.0197,0.0,-0.0197,0.0,484,0,0.4486,0.0,-0.7031216044716506,nan,nan,NO_WELD
84.163,0.026666897444775184,0.05,0.034166897444775184,0.019166897444775184,0.0266,0.0,0.0075,0.0192,488,0,0.4523,0.0,-1.4062466240378864,-1.4062466240378864,0.0,WELD_FOUND
84.213,0.026666897444775184,0.05,0.034166897444775184,0.019166897444775184,0.0266,0.0,0.0075,0.0192,488,0,0.4523,0.0,-1.4062466240378864,-1.4062466240378864,0.0,WELD_FOUND
84.263,0.0,0.0,0.0,0.0,0.0266,0.0,-0.0266,0.0,487,0,0.4513,0.0,-1.4062466240378864,nan,nan,NO_WELD
84.313,0.0,0.0,0.0,0.0,0.0135,0.0,-0.0135,0.0,487,0,0.4513,0.0,-1.4062466240378864,nan,nan,NO_WELD
84.363,0.026011086073225553,0.05,0.03351108607322555,0.018511086073225554,0.0135,0.0,0.02,0.0185,490,0,0.4541,0.0,-1.4062466240378864,-1.4062466240378864,0.0,WELD_FOUND
84.413,0.026011086073225553,0.05,0.03351108607322555,0.018511086073225554,0.0192,0.0,0.0143,0.0185,490,0,0.4541,0.0,-1.4062466240378864,-1.4062466240378864,0.0,WELD_FOUND
84.463,0.026734303950210682,0.05192256332339908,0.03452268844872054,0.01894591945170082,0.0192,0.0,0.0153,0.0189,491,0,0.455,0.0,-1.0546840875743422,-1.2304654091669671,0.17578132159262494,WELD_FOUND
84.513,0.026734303950210682,0.05192256332339908,0.03452268844872054,0.01894591945170082,0.0192,0.0,0.0153,0.0189,491,0,0.455,0.0,-1.0546840875743422,-1.2304654091669671,0.17578132159262494,WELD_FOUND
84.563,0.0,0.0,0.0,0.0,0.0264,0.0,-0.0264,0.0,496,0,0.4597,0.0,-1.0546840875743422,nan,nan,NO_WELD
84.613,0.0,0.0,0.0,0.0,0.0264,0.0,-0.0264,0.0,496,0,0.4597,0.0,-1.0546840875743422,nan,nan,NO_WELD
84.663,0.02774972452784691,0.04566317002287111,0.034599200031277574,0.020900249024416243,0.0269,0.0,0.0077,0.0209,499,0,0.4625,0.0,-1.0546840875743422,-1.0546840875743422,0.0,WELD_FOUND
84.713,0.02774972452784691,0.04566317002287111,0.034599200031277574,0.020900249024416243,0.0269,0.0,0.0077,0.0209,499,0,0.4625,0.0,-1.0546840875743422,-1.0546840875743422,0.0,WELD_FOUND
84.763,0.027082255574772094,0.05533079037463451,0.03538187413096727,0.018782637018576916,0.0269,0.0,0.0084,0.0188,501,0,0.4643,0.0,-1.4062466240378864,-1.2304654091669671,-0.17578121487091924,WELD_FOUND
84.813,0.027082255574772094,0.05533079037463451,0.03538187413096727,0.018782637018576916,0.0211,0.0,0.0143,0.0188,501,0,0.4643,0.0,-1.4062466240378864,-1.2304654091669671,-0.17578121487091924,WELD_FOUND
84.863,0.0,0.0,0.0,0.0,0.0211,0.0,-0.0211,0.0,507,0,0.4699,0.0,-1.4062466240378864,nan,nan,NO_WELD
84.913,0.0,0.0,0.0,0.0,0.0211,0.0,-0.0211,0.0,507,0,0.4699,0.0,-1.4062466240378864,nan,nan,NO_WELD
84.963,0.0,0.0,0.0,0.0,0.0349,0.0,-0.0349,0.0,510,0,0.4727,0.0,-1.4062466240378864,nan,nan,NO_WELD
85.013,0.0,0.0,0.0,0.0,0.0349,0.0,-0.0349,0.0,510,0,0.4727,0.0,-1.4062466240378864,nan,nan,NO_WELD
85.064,0.02609287704831355,0.05,0.033592877048313555,0.018592877048313552,0.0349,0.0,-0.0013,0.0186,510,0,0.4727,0.0,-1.4062466240378864,-1.4062466240378864,0.0,WELD_FOUND
85.113,0.02609287704831355,0.05,0.033592877048313555,0.018592877048313552,0.0279,0.0,0.0057,0.0186,510,0,0.4727,0.0,-1.4062466240378864,-1.4062466240378864,0.0,WELD_FOUND
85.163,0.027618387856417927,0.04223301451584207,0.03395334003379424,0.021283435679041618,0.0279,0.0,0.006,0.0213,511,0,0.4736,0.0,-0.7031216044716506,-1.0546840875743422,0.35156248310269156,WELD_FOUND
85.213,0.027618387856417927,0.04223301451584207,0.03395334003379424,0.021283435679041618,0.0279,0.0,0.006,0.0213,511,0,0.4736,0.0,-0.7031216044716506,-1.0546840875743422,0.35156248310269156,WELD_FOUND
85.263,0.02971503563839564,0.025690516756701302,0.033568613151900836,0.025861458124890442,0.0291,0.0,0.0045,0.0259,515,0,0.4773,0.0,-0.7031216044716506,-0.7031216044716506,0.0,WELD_FOUND
85.313,0.02971503563839564,0.025690516756701302,0.033568613151900836,0.025861458124890442,0.0291,0.0,0.0045,0.0259,515,0,0.4773,0.0,-0.7031216044716506,-0.7031216044716506,0.0,WELD_FOUND
85.363,0.030143569046217403,0.029682104678131576,0.034595884747937136,0.025691253344497667,0.0323,0.0,0.0023,0.0257,519,0,0.481,0.0,-0.35155909468853286,-0.7031216044716506,0.35156250978311776,WELD_FOUND
85.413,0.030143569046217403,0.029682104678131576,0.034595884747937136,0.025691253344497667,0.0323,0.0,0.0023,0.0257,519,0,0.481,0.0,-0.35155909468853286,-0.7031216044716506,0.35156250978311776,WELD_FOUND
85.463,0.030229643881838804,0.030477684530908326,0.034801296561475056,0.025657991202202555,0.0379,0.0,-0.0031,0.0257,524,0,0.4856,0.0,-0.35155909468853286,-0.7031216044716506,0.35156250978311776,WELD_FOUND
85.513,0.030229643881838804,0.030477684530908326,0.034801296561475056,0.025657991202202555,0.0379,0.0,-0.0031,0.0257,524,0,0.4856,0.0,-0.35155909468853286,-0.7031216044716506,0.35156250978311776,WELD_FOUND
85.563,0.0,0.0,0.0,0.0,0.0379,0.0,-0.0379,0.0,529,0,0.4903,0.0,-0.35155909468853286,nan,nan,NO_WELD
85.613,0.0,0.0,0.0,0.0,0.0351,0.0,-0.0351,0.0,529,0,0.4903,0.0,-0.35155909468853286,nan,nan,NO_WELD
85.663,0.03210475177218993,0.014740783167752392,0.03431586924735279,0.029893634297027072,0.0351,0.0,-0.0008,0.0299,533,0,0.494,0.0,-0.35155909468853286,-0.35155909468853286,0.0,WELD_FOUND
85.713,0.03210475177218993,0.014740783167752392,0.03431586924735279,0.029893634297027072,0.0359,0.0,-0.0016,0.0299,533,0,0.494,0.0,-0.35155909468853286,-0.35155909468853286,0.0,WELD_FOUND
85.763,0.03248654359387457,0.014485153072082738,0.03465931655468698,0.030313770633062155,0.0359,0.0,-0.0012,0.0303,534,0,0.4949,0.0,-0.35155909468853286,-0.35155909468853286,0.0,WELD_FOUND
85.813,0.03248654359387457,0.014485153072082738,0.03465931655468698,0.030313770633062155,0.0252,0.0,0.0094,0.0303,534,0,0.4949,0.0,-0.35155909468853286,-0.35155909468853286,0.0,WELD_FOUND
85.863,0.03256317276795608,0.01516921852061561,0.03483855554604842,0.030287789989863742,0.0252,0.0,0.0096,0.0303,539,0,0.4995,0.0,-0.7031216044716506,-0.35155909468853286,-0.35156250978311776,WELD_FOUND
85.913,0.03256317276795608,0.01516921852061561,0.03483855554604842,0.030287789989863742,0.0252,0.0,0.0096,0.0303,539,0,0.4995,0.0,-0.7031216044716506,-0.35155909468853286,-0.35156250978311776,WELD_FOUND
85.963,0.03163571835768634,0.02510014694022149,0.035400740398719564,0.027870696316653114,0.0423,0.0,-0.0069,0.0279,545,0,0.5051,0.0,-1.4062466240378864,-0.5273403362398785,-0.8789062877980078,WELD_FOUND
86.013,0.03163571835768634,0.02510014694022149,0.035400740398719564,0.027870696316653114,0.0423,0.0,-0.0069,0.0279,545,0,0.5051,0.0,-1.4062466240378864,-0.5273403362398785,-0.8789062877980078,WELD_FOUND
86.064,0.03052561078040829,0.0332842518521949,0.03551824855823753,0.025532973002579055,0.0423,0.0,-0.0068,0.0255,550,0,0.5097,0.0,-0.7031216044716506,-0.7031216044716506,0.0,WELD_FOUND
86.113,0.03052561078040829,0.0332842518521949,0.03551824855823753,0.025532973002579055,0.0378,0.0,-0.0022,0.0255,550,0,0.5097,0.0,-0.7031216044716506,-0.7031216044716506,0.0,WELD_FOUND
86.163,0.030305968436290288,0.031177785017475496,0.03498263618891161,0.025629300683668962,0.0378,0.0,-0.0028,0.0256,555,0,0.5144,0.0,-1.4062466240378864,-0.7031216044716506,-0.7031250195662357,WELD_FOUND
86.213,0.030305968436290288,0.031177785017475496,0.03498263618891161,0.025629300683668962,0.0412,0.0,-0.0062,0.0256,555,0,0.5144,0.0,-1.4062466240378864,-0.7031216044716506,-0.7031250195662357,WELD_FOUND
86.263,0.026711568693240078,0.07010318855775659,0.037227046976903565,0.01619609040957659,0.0412,0.0,-0.004,0.0162,559,0,0.5181,0.0,-1.4062466240378864,-1.4062466240378864,0.0,WELD_FOUND
86.313,0.026711568693240078,0.07010318855775659,0.037227046976903565,0.01619609040957659,0.0412,0.0,-0.004,0.0162,559,0,0.5181,0.0,-1.4062466240378864,-1.4062466240378864,0.0,WELD_FOUND
86.363,0.0,0.0,0.0,0.0,0.047,0.0,-0.047,0.0,564,0,0.5227,0.0,-1.4062466240378864,nan,nan,NO_WELD
86.413,0.0,0.0,0.0,0.0,0.047,0.0,-0.047,0.0,564,0,0.5227,0.0,-1.4062466240378864,nan,nan,NO_WELD
86.463,0.0,0.0,0.0,0.0,0.047,0.0,-0.047,0.0,566,0,0.5246,0.0,-1.4062466240378864,nan,nan,NO_WELD
86.513,0.0,0.0,0.0,0.0,0.0331,0.0,-0.0331,0.0,566,0,0.5246,0.0,-1.4062466240378864,nan,nan,NO_WELD
86.563,0.024350093640507765,0.05,0.03185009364050777,0.016850093640507765,0.0331,0.0,-0.0013,0.0169,566,0,0.5246,0.0,-1.7578091605014305,-1.7578091605014305,0.0,WELD_FOUND
86.613,0.024350093640507765,0.05,0.03185009364050777,0.016850093640507765,0.0331,0.0,-0.0013,0.0169,566,0,0.5246,0.0,-1.7578091605014305,-1.7578091605014305,0.0,WELD_FOUND
86.663,0.025545167400769737,0.05827575430864804,0.03428653054706694,0.016803804254472532,0.0265,0.0,0.0078,0.0168,566,0,0.5246,0.0,-1.0546840875743422,-1.4062466240378864,0.3515625364635442,WELD_FOUND
86.713,0.025545167400769737,0.05827575430864804,0.03428653054706694,0.016803804254472532,0.0265,0.0,0.0078,0.0168,566,0,0.5246,0.0,-1.0546840875743422,-1.4062466240378864,0.3515625364635442,WELD_FOUND
86.763,0.0,0.0,0.0,0.0,0.0265,0.0,-0.0265,0.0,570,0,0.5283,0.0,-1.0546840875743422,nan,nan,NO_WELD
86.813,0.0,0.0,0.0,0.0,0.0258,0.0,-0.0258,0.0,570,0,0.5283,0.0,-1.0546840875743422,nan,nan,NO_WELD
86.863,0.0,0.0,0.0,0.0,0.0258,0.0,-0.0258,0.0,572,0,0.5301,0.0,-1.0546840875743422,nan,nan,NO_WELD
86.913,0.0,0.0,0.0,0.0,0.0229,0.0,-0.0229,0.0,572,0,0.5301,0.0,-1.0546840875743422,nan,nan,NO_WELD
86.963,0.02412539841439985,0.05,0.03162539841439985,0.01662539841439985,0.0229,0.0,0.0087,0.0166,571,0,0.5292,0.0,-1.7578091605014305,-1.7578091605014305,0.0,WELD_FOUND
87.013,0.02412539841439985,0.05,0.03162539841439985,0.01662539841439985,0.01,0.0,0.0216,0.0166,571,0,0.5292,0.0,-1.7578091605014305,-1.7578091605014305,0.0,WELD_FOUND
87.064,0.02466576307446165,0.06761870807969153,0.034808569286415375,0.01452295686250792,0.01,0.0,0.0248,0.0145,572,0,0.5301,0.0,-1.4062466240378864,-1.5820278389088056,0.17578121487091924,WELD_FOUND
87.113,0.02466576307446165,0.06761870807969153,0.034808569286415375,0.01452295686250792,0.0097,0.0,0.0251,0.0145,572,0,0.5301,0.0,-1.4062466240378864,-1.5820278389088056,0.17578121487091924,WELD_FOUND
87.163,0.0239532861945919,0.07852501767382374,0.03573203884566546,0.01217453354351834,0.0097,0.0,0.026,0.0122,576,0,0.5338,0.0,-1.7578091605014305,-1.7578091605014305,0.0,WELD_FOUND
87.213,0.0239532861945919,0.07852501767382374,0.03573203884566546,0.01217453354351834,0.0097,0.0,0.026,0.0122,576,0,0.5338,0.0,-1.7578091605014305,-1.7578091605014305,0.0,WELD_FOUND
87.263,0.0,0.0,0.0,0.0,0.0281,0.0,-0.0281,0.0,581,0,0.5385,0.0,-1.7578091605014305,nan,nan,NO_WELD
87.313,0.0,0.0,0.0,0.0,0.0281,0.0,-0.0281,0.0,581,0,0.5385,0.0,-1.7578091605014305,nan,nan,NO_WELD
87.363,0.0,0.0,0.0,0.0,0.0317,0.0,-0.0317,0.0,585,0,0.5422,0.0,-1.7578091605014305,nan,nan,NO_WELD
87.413,0.0,0.0,0.0,0.0,0.0317,0.0,-0.0317,0.0,585,0,0.5422,0.0,-1.7578091605014305,nan,nan,NO_WELD
87.463,0.023812043785677525,0.05,0.03131204378567752,0.016312043785677525,0.0317,0.0,-0.0004,0.0163,585,0,0.5422,0.0,-1.7578091605014305,-1.7578091605014305,0.0,WELD_FOUND
87.513,0.023812043785677525,0.05,0.03131204378567752,0.016312043785677525,0.0253,0.0,0.006,0.0163,585,0,0.5422,0.0,-1.7578091605014305,-1.7578091605014305,0.0,WELD_FOUND
87.563,0.0,0.0,0.0,0.0,0.0253,0.0,-0.0253,0.0,586,0,0.5431,0.0,-1.7578091605014305,nan,nan,NO_WELD
87.613,0.0,0.0,0.0,0.0,0.0189,0.0,-0.0189,0.0,586,0,0.5431,0.0,-1.7578091605014305,nan,nan,NO_WELD
87.663,0.023783845422577023,0.05,0.03128384542257702,0.016283845422577024,0.0189,0.0,0.0124,0.0163,589,0,0.5459,0.0,-1.7578091605014305,-1.7578091605014305,0.0,WELD_FOUND
87.713,0.023783845422577023,0.05,0.03128384542257702,0.016283845422577024,0.0189,0.0,0.0124,0.0163,589,0,0.5459,0.0,-1.7578091605014305,-1.7578091605014305,0.0,WELD_FOUND
87.763,0.02297376411106605,0.08647969447879231,0.0359457182828849,0.010001809939247203,0.0188,0.0,0.0172,0.01,589,0,0.5459,0.0,-2.1093715902432693,-1.9335904820940557,-0.17578110814921355,WELD_FOUND
87.813,0.02297376411106605,0.08647969447879231,0.0359457182828849,0.010001809939247203,0.0188,0.0,0.0172,0.01,589,0,0.5459,0.0,-2.1093715902432693,-1.9335904820940557,-0.17578110814921355,WELD_FOUND
87.863,0.0,0.0,0.0,0.0,0.0188,0.0,-0.0188,0.0,593,0,0.5496,0.0,-2.1093715902432693,nan,nan,NO_WELD
87.913,0.0,0.0,0.0,0.0,0.0211,0.0,-0.0211,0.0,593,0,0.5496,0.0,-2.1093715902432693,nan,nan,NO_WELD
87.963,0.022025620028163967,0.05,0.029525620028163967,0.014525620028163967,0.0211,0.0,0.0084,0.0145,596,0,0.5524,0.0,-2.1093715902432693,-2.1093715902432693,0.0,WELD_FOUND
88.013,0.022025620028163967,0.05,0.029525620028163967,0.014525620028163967,0.0211,0.0,0.0084,0.0145,596,0,0.5524,0.0,-2.1093715902432693,-2.1093715902432693,0.0,WELD_FOUND
88.064,0.0,0.0,0.0,0.0,0.0201,0.0,-0.0201,0.0,596,0,0.5524,0.0,-2.1093715902432693,nan,nan,NO_WELD
88.113,0.0,0.0,0.0,0.0,0.0201,0.0,-0.0201,0.0,596,0,0.5524,0.0,-2.1093715902432693,nan,nan,NO_WELD
88.163,0.0,0.0,0.0,0.0,0.0232,0.0,-0.0232,0.0,599,0,0.5551,0.0,-2.1093715902432693,nan,nan,NO_WELD
88.213,0.0,0.0,0.0,0.0,0.0232,0.0,-0.0232,0.0,599,0,0.5551,0.0,-2.1093715902432693,nan,nan,NO_WELD
88.263,0.0,0.0,0.0,0.0,0.0232,0.0,-0.0232,0.0,598,0,0.5542,0.0,-2.1093715902432693,nan,nan,NO_WELD
88.313,0.0,0.0,0.0,0.0,0.0114,0.0,-0.0114,0.0,598,0,0.5542,0.0,-2.1093715902432693,nan,nan,NO_WELD
88.363,0.0,0.0,0.0,0.0,0.0114,0.0,-0.0114,0.0,598,0,0.5542,0.0,-2.1093715902432693,nan,nan,NO_WELD
88.413,0.0,0.0,0.0,0.0,0.0114,0.0,-0.0114,0.0,598,0,0.5542,0.0,-2.1093715902432693,nan,nan,NO_WELD
88.463,0.0,0.0,0.0,0.0,0.0091,0.0,-0.0091,0.0,598,0,0.5542,0.0,-2.1093715902432693,nan,nan,NO_WELD
88.513,0.0,0.0,0.0,0.0,0.0091,0.0,-0.0091,0.0,598,0,0.5542,0.0,-2.1093715902432693,nan,nan,NO_WELD
88.563,0.0,0.0,0.0,0.0,0.0073,0.0,-0.0073,0.0,598,0,0.5542,0.0,-2.1093715902432693,-2.1093715902432693,0.0,WELD_FOUND
88.613,0.0,0.0,0.0,0.0,0.0073,0.0,-0.0073,0.0,598,0,0.5542,0.0,-2.1093715902432693,-2.1093715902432693,0.0,WELD_FOUND
88.663,0.023776798442149943,0.05,0.03127679844214994,0.016276798442149944,0.0073,0.0,0.024,0.0163,598,0,0.5542,0.0,-1.4062466240378864,-1.7578091605014305,0.3515625364635442,WELD_FOUND
88.713,0.023776798442149943,0.05,0.03127679844214994,0.016276798442149944,0.0059,0.0,0.0254,0.0163,598,0,0.5542,0.0,-1.4062466240378864,-1.7578091605014305,0.3515625364635442,WELD_FOUND
88.763,0.023776798442149943,0.07669889368116857,0.03528163249432523,0.012271964389974658,0.0059,0.0,0.0294,0.0123,599,0,0.5551,0.0,-1.7578091605014305,-1.7578091605014305,0.0,WELD_FOUND
88.813,0.023776798442149943,0.07669889368116857,0.03528163249432523,0.012271964389974658,0.0059,0.0,0.0294,0.0123,599,0,0.5551,0.0,-1.7578091605014305,-1.7578091605014305,0.0,WELD_FOUND
88.863,0.0,0.0,0.0,0.0,0.0183,0.0,-0.0183,0.0,604,0,0.5598,0.0,-1.7578091605014305,nan,nan,NO_WELD
88.913,0.0,0.0,0.0,0.0,0.0183,0.0,-0.0183,0.0,604,0,0.5598,0.0,-1.7578091605014305,nan,nan,NO_WELD
88.963,0.0,0.0,0.0,0.0,0.0183,0.0,-0.0183,0.0,609,0,0.5644,0.0,-1.7578091605014305,nan,nan,NO_WELD
89.013,0.0,0.0,0.0,0.0,0.0234,0.0,-0.0234,0.0,609,0,0.5644,0.0,-1.7578091605014305,nan,nan,NO_WELD
89.064,0.027132903632278778,0.04729771314271737,0.03422756060368638,0.020038246660871173,0.0234,0.0,0.0109,0.02,609,0,0.5644,0.0,-1.0546840875743422,-1.0546840875743422,0.0,WELD_FOUND
89.113,0.027132903632278778,0.04729771314271737,0.03422756060368638,0.020038246660871173,0.0234,0.0,0.0109,0.02,609,0,0.5644,0.0,-1.0546840875743422,-1.0546840875743422,0.0,WELD_FOUND
89.163,0.0,0.0,0.0,0.0,0.0165,0.0,-0.0165,0.0,610,0,0.5653,0.0,-1.0546840875743422,nan,nan,NO_WELD
89.213,0.0,0.0,0.0,0.0,0.0165,0.0,-0.0165,0.0,610,0,0.5653,0.0,-1.0546840875743422,nan,nan,NO_WELD
89.263,0.0,0.0,0.0,0.0,0.0165,0.0,-0.0165,0.0,612,0,0.5672,0.0,-1.0546840875743422,nan,nan,NO_WELD
89.313,0.0,0.0,0.0,0.0,0.0148,0.0,-0.0148,0.0,612,0,0.5672,0.0,-1.0546840875743422,nan,nan,NO_WELD
89.363,0.026102816211041,0.05,0.033602816211041,0.018602816211041002,0.0148,0.0,0.0188,0.0186,611,0,0.5663,0.0,-1.4062466240378864,-1.4062466240378864,0.0,WELD_FOUND
89.413,0.026102816211041,0.05,0.033602816211041,0.018602816211041002,0.0052,0.0,0.0284,0.0186,611,0,0.5663,0.0,-1.4062466240378864,-1.4062466240378864,0.0,WELD_FOUND
89.463,0.026752890137705883,0.052025937577423215,0.03455678077431937,0.0189489995010924,0.0052,0.0,0.0294,0.0189,612,0,0.5672,0.0,-1.0546840875743422,-1.2304654091669671,0.17578132159262494,WELD_FOUND
89.513,0.026752890137705883,0.052025937577423215,0.03455678077431937,0.0189489995010924,0.0052,0.0,0.0294,0.0189,612,0,0.5672,0.0,-1.0546840875743422,-1.2304654091669671,0.17578132159262494,WELD_FOUND
89.563,0.0,0.0,0.0,0.0,0.0179,0.0,-0.0179,0.0,617,0,0.5718,0.0,-1.0546840875743422,nan,nan,NO_WELD
89.613,0.0,0.0,0.0,0.0,0.0179,0.0,-0.0179,0.0,617,0,0.5718,0.0,-1.0546840875743422,nan,nan,NO_WELD
89.663,0.0,0.0,0.0,0.0,0.0179,0.0,-0.0179,0.0,621,0,0.5755,0.0,-1.0546840875743422,nan,nan,NO_WELD
89.713,0.0,0.0,0.0,0.0,0.0207,0.0,-0.0207,0.0,621,0,0.5755,0.0,-1.0546840875743422,nan,nan,NO_WELD
89.763,0.029534332262766305,0.03166456862259575,0.03428401755615567,0.024784646969376944,0.0207,0.0,0.0136,0.0248,620,0,0.5746,0.0,-0.7031216044716506,-0.7031216044716506,0.0,WELD_FOUND
89.813,0.029534332262766305,0.03166456862259575,0.03428401755615567,0.024784646969376944,0.0207,0.0,0.0136,0.0248,620,0,0.5746,0.0,-0.7031216044716506,-0.7031216044716506,0.0,WELD_FOUND
89.863,0.029201065665495813,0.03910829098402192,0.0350673093130991,0.023334822017892526,0.0099,0.0,0.0251,0.0233,620,0,0.5746,0.0,-1.0546840875743422,-0.8789028727034228,-0.17578121487091936,WELD_FOUND
89.913,0.029201065665495813,0.03910829098402192,0.0350673093130991,0.023334822017892526,0.0099,0.0,0.0251,0.0233,620,0,0.5746,0.0,-1.0546840875743422,-0.8789028727034228,-0.17578121487091936,WELD_FOUND
89.963,0.030039674558018058,0.028625518271206563,0.03433350229869904,0.025745846817337072,0.0099,0.0,0.0244,0.0257,626,0,0.5802,0.0,-0.7031216044716506,-0.7031216044716506,0.0,WELD_FOUND
90.013,0.030039674558018058,0.028625518271206563,0.03433350229869904,0.025745846817337072,0.0208,0.0,0.0136,0.0257,626,0,0.5802,0.0,-0.7031216044716506,-0.7031216044716506,0.0,WELD_FOUND
90.064,0.0,0.0,0.0,0.0,0.0208,0.0,-0.0208,0.0,631,0,0.5848,0.0,-0.7031216044716506,nan,nan,NO_WELD
90.113,0.0,0.0,0.0,0.0,0.0208,0.0,-0.0208,0.0,631,0,0.5848,0.0,-0.7031216044716506,nan,nan,NO_WELD
90.163,0.0,0.0,0.0,0.0,0.0347,0.0,-0.0347,0.0,635,0,0.5885,0.0,-0.7031216044716506,nan,nan,NO_WELD
90.213,0.0,0.0,0.0,0.0,0.0347,0.0,-0.0347,0.0,635,0,0.5885,0.0,-0.7031216044716506,nan,nan,NO_WELD
90.263,0.0,0.0,0.0,0.0,0.0347,0.0,-0.0347,0.0,634,0,0.5876,0.0,-0.7031216044716506,nan,nan,NO_WELD
90.313,0.0,0.0,0.0,0.0,0.0184,0.0,-0.0184,0.0,634,0,0.5876,0.0,-0.7031216044716506,nan,nan,NO_WELD
90.363,0.030251181765434624,0.03525771801349184,0.0355398394674584,0.02496252406341085,0.0184,0.0,0.0172,0.025,634,0,0.5876,0.0,-0.7031216044716506,-0.7031216044716506,0.0,WELD_FOUND
90.413,0.030251181765434624,0.03525771801349184,0.0355398394674584,0.02496252406341085,0.0147,0.0,0.0209,0.025,634,0,0.5876,0.0,-0.7031216044716506,-0.7031216044716506,0.0,WELD_FOUND
90.463,0.0,0.0,0.0,0.0,0.0147,0.0,-0.0147,0.0,635,0,0.5885,0.0,-0.7031216044716506,nan,nan,NO_WELD
90.513,0.0,0.0,0.0,0.0,0.0147,0.0,-0.0147,0.0,635,0,0.5885,0.0,-0.7031216044716506,nan,nan,NO_WELD
90.563,0.030251181765434624,0.030679467599838972,0.034853101905410466,0.025649261625458778,0.0236,0.0,0.0112,0.0256,640,0,0.5931,0.0,-0.7031216044716506,-0.7031216044716506,0.0,WELD_FOUND
90.613,0.030251181765434624,0.030679467599838972,0.034853101905410466,0.025649261625458778,0.0236,0.0,0.0112,0.0256,640,0,0.5931,0.0,-0.7031216044716506,-0.7031216044716506,0.0,WELD_FOUND
90.663,0.03210919029890348,0.011058960288408208,0.033768034342164716,0.03045034625564225,0.0236,0.0,0.0101,0.0305,640,0,0.5931,0.0,3.4150945850063755e-06,-0.35155909468853286,0.35156250978311787,WELD_FOUND
90.713,0.03210919029890348,0.011058960288408208,0.033768034342164716,0.03045034625564225,0.0189,0.0,0.0149,0.0305,640,0,0.5931,0.0,3.4150945850063755e-06,-0.35155909468853286,0.35156250978311787,WELD_FOUND
90.763,0.0,0.0,0.0,0.0,0.0189,0.0,-0.0189,0.0,646,0,0.5987,0.0,3.4150945850063755e-06,nan,nan,NO_WELD
90.813,0.0,0.0,0.0,0.0,0.0336,0.0,-0.0336,0.0,646,0,0.5987,0.0,3.4150945850063755e-06,nan,nan,NO_WELD
90.863,0.030618353784381862,0.031154637465700834,0.03529154940423699,0.025945158164526735,0.0336,0.0,0.0017,0.0259,651,0,0.6033,0.0,-0.7031216044716506,-0.7031216044716506,0.0,WELD_FOUND
90.913,0.030618353784381862,0.031154637465700834,0.03529154940423699,0.025945158164526735,0.0336,0.0,0.0017,0.0259,651,0,0.6033,0.0,-0.7031216044716506,-0.7031216044716506,0.0,WELD_FOUND
90.963,0.028519586836074702,0.05097029630833043,0.036165131282324264,0.02087404238982514,0.03,0.0,0.0061,0.0209,650,0,0.6024,0.0,-1.4062466240378864,-1.0546840875743422,-0.3515625364635442,WELD_FOUND
91.013,0.028519586836074702,0.05097029630833043,0.036165131282324264,0.02087404238982514,0.03,0.0,0.0061,0.0209,650,0,0.6024,0.0,-1.4062466240378864,-1.0546840875743422,-0.3515625364635442,WELD_FOUND
91.064,0.0,0.0,0.0,0.0,0.03,0.0,-0.03,0.0,654,0,0.6061,0.0,-1.4062466240378864,nan,nan,NO_WELD
91.113,0.0,0.0,0.0,0.0,0.0279,0.0,-0.0279,0.0,654,0,0.6061,0.0,-1.4062466240378864,nan,nan,NO_WELD
91.163,0.026372139103040714,0.05,0.03387213910304071,0.018872139103040714,0.0279,0.0,0.006,0.0189,657,0,0.6089,0.0,-1.4062466240378864,-1.4062466240378864,0.0,WELD_FOUND
91.213,0.026372139103040714,0.05,0.03387213910304071,0.018872139103040714,0.0279,0.0,0.006,0.0189,657,0,0.6089,0.0,-1.4062466240378864,-1.4062466240378864,0.0,WELD_FOUND
91.263,0.025952734786989205,0.0624119331146221,0.03531452475418252,0.01659094481979589,0.0242,0.0,0.0112,0.0166,657,0,0.6089,0.0,-1.4062466240378864,-1.4062466240378864,0.0,WELD_FOUND
91.313,0.025952734786989205,0.0624119331146221,0.03531452475418252,0.01659094481979589,0.0242,0.0,0.0112,0.0166,657,0,0.6089,0.0,-1.4062466240378864,-1.4062466240378864,0.0,WELD_FOUND
91.363,0.0,0.0,0.0,0.0,0.0242,0.0,-0.0242,0.0,661,0,0.6126,0.0,-1.4062466240378864,nan,nan,NO_WELD
91.413,0.0,0.0,0.0,0.0,0.0244,0.0,-0.0244,0.0,661,0,0.6126,0.0,-1.4062466240378864,nan,nan,NO_WELD
91.463,0.025869257333001112,0.05,0.03336925733300111,0.018369257333001113,0.0244,0.0,0.009,0.0184,664,0,0.6154,0.0,-1.4062466240378864,-1.4062466240378864,0.0,WELD_FOUND
91.513,0.025869257333001112,0.05,0.03336925733300111,0.018369257333001113,0.0258,0.0,0.0076,0.0184,664,0,0.6154,0.0,-1.4062466240378864,-1.4062466240378864,0.0,WELD_FOUND
91.563,0.02670551500859135,0.051592266635914444,0.034444355003978515,0.018966675013204183,0.0258,0.0,0.0087,0.019,665,0,0.6163,0.0,-1.0546840875743422,-1.2304654091669671,0.17578132159262494,WELD_FOUND
91.613,0.02670551500859135,0.051592266635914444,0.034444355003978515,0.018966675013204183,0.0192,0.0,0.0153,0.019,665,0,0.6163,0.0,-1.0546840875743422,-1.2304654091669671,0.17578132159262494,WELD_FOUND
91.663,0.0,0.0,0.0,0.0,0.0192,0.0,-0.0192,0.0,669,0,0.62,0.0,-1.0546840875743422,nan,nan,NO_WELD
91.713,0.0,0.0,0.0,0.0,0.0192,0.0,-0.0192,0.0,669,0,0.62,0.0,-1.0546840875743422,nan,nan,NO_WELD
91.763,0.0,0.0,0.0,0.0,0.0288,0.0,-0.0288,0.0,672,0,0.6228,0.0,-1.0546840875743422,nan,nan,NO_WELD
91.813,0.0,0.0,0.0,0.0,0.0288,0.0,-0.0288,0.0,672,0,0.6228,0.0,-1.0546840875743422,nan,nan,NO_WELD
91.863,0.027743857142678244,0.04639572316452268,0.03470321561735665,0.02078449866799984,0.023,0.0,0.0117,0.0208,672,0,0.6228,0.0,-1.0546840875743422,-1.0546840875743422,0.0,WELD_FOUND
91.913,0.027743857142678244,0.04639572316452268,0.03470321561735665,0.02078449866799984,0.023,0.0,0.0117,0.0208,672,0,0.6228,0.0,-1.0546840875743422,-1.0546840875743422,0.0,WELD_FOUND
91.963,0.0,0.0,0.0,0.0,0.023,0.0,-0.023,0.0,673,0,0.6237,0.0,-1.0546840875743422,nan,nan,NO_WELD
92.013,0.0,0.0,0.0,0.0,0.0163,0.0,-0.0163,0.0,673,0,0.6237,0.0,-1.0546840875743422,nan,nan,NO_WELD
92.064,0.0,0.0,0.0,0.0,0.0163,0.0,-0.0163,0.0,677,0,0.6274,0.0,-1.0546840875743422,nan,nan,NO_WELD
92.113,0.0,0.0,0.0,0.0,0.0246,0.0,-0.0246,0.0,677,0,0.6274,0.0,-1.0546840875743422,nan,nan,NO_WELD
92.163,0.0,0.0,0.0,0.0,0.0246,0.0,-0.0246,0.0,676,0,0.6265,0.0,-1.0546840875743422,nan,nan,NO_WELD
92.213,0.0,0.0,0.0,0.0,0.0246,0.0,-0.0246,0.0,676,0,0.6265,0.0,-1.0546840875743422,nan,nan,NO_WELD
92.263,0.0,0.0,0.0,0.0,0.0123,0.0,-0.0123,0.0,676,0,0.6265,0.0,-1.4062466240378864,-1.4062466240378864,0.0,WELD_FOUND
92.313,0.0,0.0,0.0,0.0,0.0123,0.0,-0.0123,0.0,676,0,0.6265,0.0,-1.4062466240378864,-1.4062466240378864,0.0,WELD_FOUND
92.363,0.0,0.0,0.0,0.0,0.0098,0.0,-0.0098,0.0,676,0,0.6265,0.0,-1.4062466240378864,nan,nan,NO_WELD
92.413,0.0,0.0,0.0,0.0,0.0098,0.0,-0.0098,0.0,676,0,0.6265,0.0,-1.4062466240378864,nan,nan,NO_WELD
92.463,0.0,0.0,0.0,0.0,0.0098,0.0,-0.0098,0.0,676,0,0.6265,0.0,-1.4062466240378864,nan,nan,NO_WELD
92.513,0.0,0.0,0.0,0.0,0.0079,0.0,-0.0079,0.0,676,0,0.6265,0.0,-1.4062466240378864,nan,nan,NO_WELD
92.563,0.0,0.0,0.0,0.0,0.0079,0.0,-0.0079,0.0,676,0,0.6265,0.0,-1.4062466240378864,nan,nan,NO_WELD
92.613,0.0,0.0,0.0,0.0,0.0063,0.0,-0.0063,0.0,676,0,0.6265,0.0,-1.4062466240378864,nan,nan,NO_WELD
92.663,0.0,0.0,0.0,0.0,0.0063,0.0,-0.0063,0.0,676,0,0.6265,0.0,-1.4062466240378864,nan,nan,NO_WELD
92.713,0.0,0.0,0.0,0.0,0.0063,0.0,-0.0063,0.0,676,0,0.6265,0.0,-1.4062466240378864,nan,nan,NO_WELD
92.763,0.0,0.0,0.0,0.0,0.005,0.0,-0.005,0.0,676,0,0.6265,0.0,-1.4062466240378864,nan,nan,NO_WELD
92.813,0.0,0.0,0.0,0.0,0.005,0.0,-0.005,0.0,676,0,0.6265,0.0,-1.4062466240378864,nan,nan,NO_WELD
92.863,0.0,0.0,0.0,0.0,0.004,0.0,-0.004,0.0,676,0,0.6265,0.0,-1.4062466240378864,nan,nan,NO_WELD
92.913,0.0,0.0,0.0,0.0,0.004,0.0,-0.004,0.0,676,0,0.6265,0.0,-1.4062466240378864,nan,nan,NO_WELD
92.963,0.025848408980401087,0.05,0.03334840898040109,0.018348408980401087,0.0032,0.0,0.0301,0.0183,676,0,0.6265,0.0,-1.4062466240378864,-1.4062466240378864,0.0,WELD_FOUND
93.013,0.025848408980401087,0.05,0.03334840898040109,0.018348408980401087,0.0032,0.0,0.0301,0.0183,676,0,0.6265,0.0,-1.4062466240378864,-1.4062466240378864,0.0,WELD_FOUND
93.064,0.025848408980401087,0.05,0.03334840898040109,0.018348408980401087,0.0032,0.0,0.0301,0.0183,677,0,0.6274,0.0,-0.7031216044716506,-1.0546840875743422,0.35156248310269156,WELD_FOUND
93.113,0.027567989904392506,0.04176437934659022,0.03383264680638104,0.021303333002403974,0.0044,0.0,0.0294,0.0213,677,0,0.6274,0.0,-0.7031216044716506,-1.0546840875743422,0.35156248310269156,WELD_FOUND
93.163,0.027567989904392506,0.04176437934659022,0.03383264680638104,0.021303333002403974,0.0044,0.0,0.0294,0.0213,682,0,0.6321,0.0,-1.4062466240378864,-1.0546840875743422,-0.3515625364635442,WELD_FOUND
93.213,0.026187895476780482,0.06469604731597148,0.03589230257417621,0.01648348837938476,0.0044,0.0,0.0315,0.0165,682,0,0.6321,0.0,-1.4062466240378864,-1.4062466240378864,0.0,WELD_FOUND
93.264,0.0,0.0,0.0,0.0,0.0297,0.0,-0.0297,0.0,688,0,0.6376,0.0,-1.4062466240378864,nan,nan,NO_WELD
93.313,0.0,0.0,0.0,0.0,0.0297,0.0,-0.0297,0.0,688,0,0.6376,0.0,-1.4062466240378864,nan,nan,NO_WELD
93.363,0.0,0.0,0.0,0.0,0.0297,0.0,-0.0297,0.0,692,0,0.6413,0.0,-1.4062466240378864,nan,nan,NO_WELD
93.413,0.0,0.0,0.0,0.0,0.0278,0.0,-0.0278,0.0,692,0,0.6413,0.0,-1.4062466240378864,nan,nan,NO_WELD
93.463,0.0,0.0,0.0,0.0,0.0278,0.0,-0.0278,0.0,691,0,0.6404,0.0,-1.4062466240378864,nan,nan,NO_WELD
93.513,0.0,0.0,0.0,0.0,0.0278,0.0,-0.0278,0.0,691,0,0.6404,0.0,-1.4062466240378864,nan,nan,NO_WELD
93.563,0.0,0.0,0.0,0.0,0.0142,0.0,-0.0142,0.0,691,0,0.6404,0.0,-1.0546840875743422,nan,nan,NO_WELD
93.613,0.0,0.0,0.0,0.0,0.0142,0.0,-0.0142,0.0,691,0,0.6404,0.0,-1.0546840875743422,-1.0546840875743422,0.0,WELD_FOUND
93.663,0.0,0.0,0.0,0.0,0.0113,0.0,-0.0113,0.0,691,0,0.6404,0.0,-1.0546840875743422,-1.0546840875743422,0.0,WELD_FOUND
93.713,0.0,0.0,0.0,0.0,0.0113,0.0,-0.0113,0.0,691,0,0.6404,0.0,-1.0546840875743422,nan,nan,NO_WELD
93.763,0.0,0.0,0.0,0.0,0.0113,0.0,-0.0113,0.0,691,0,0.6404,0.0,-1.0546840875743422,nan,nan,NO_WELD
93.813,0.023776798442149943,0.05,0.03127679844214994,0.016276798442149944,0.0091,0.0,0.0222,0.0163,691,0,0.6404,0.0,-1.7578091605014305,-1.7578091605014305,0.0,WELD_FOUND
93.863,0.023776798442149943,0.05,0.03127679844214994,0.016276798442149944,0.0091,0.0,0.0222,0.0163,691,0,0.6404,0.0,-1.7578091605014305,-1.7578091605014305,0.0,WELD_FOUND
93.913,0.0,0.0,0.0,0.0,0.0073,0.0,-0.0073,0.0,691,0,0.6404,0.0,-1.7578091605014305,nan,nan,NO_WELD
93.963,0.0,0.0,0.0,0.0,0.0073,0.0,-0.0073,0.0,693,0,0.6423,0.0,-1.7578091605014305,nan,nan,NO_WELD
94.013,0.022181802980718465,0.05,0.029681802980718465,0.014681802980718466,0.0073,0.0,0.0224,0.0147,693,0,0.6423,0.0,-2.1093715902432693,-2.1093715902432693,0.0,WELD_FOUND
94.064,0.022181802980718465,0.05,0.029681802980718465,0.014681802980718466,0.0093,0.0,0.0204,0.0147,693,0,0.6423,0.0,-2.1093715902432693,-2.1093715902432693,0.0,WELD_FOUND
94.113,0.0,0.0,0.0,0.0,0.0093,0.0,-0.0093,0.0,693,0,0.6423,0.0,-2.1093715902432693,nan,nan,NO_WELD
94.163,0.0,0.0,0.0,0.0,0.0167,0.0,-0.0167,0.0,696,0,0.645,0.0,-2.1093715902432693,nan,nan,NO_WELD
94.213,0.0,0.0,0.0,0.0,0.0167,0.0,-0.0167,0.0,696,0,0.645,0.0,-2.1093715902432693,nan,nan,NO_WELD
94.263,0.0,0.0,0.0,0.0,0.0167,0.0,-0.0167,0.0,698,0,0.6469,0.0,-2.1093715902432693,nan,nan,NO_WELD
94.313,0.0,0.0,0.0,0.0,0.015,0.0,-0.015,0.0,698,0,0.6469,0.0,-2.1093715902432693,nan,nan,NO_WELD
94.363,0.0,0.0,0.0,0.0,0.015,0.0,-0.015,0.0,698,0,0.6469,0.0,-2.1093715902432693,nan,nan,NO_WELD
94.413,0.025848408980401087,0.05,0.03334840898040109,0.018348408980401087,0.012,0.0,0.0214,0.0183,698,0,0.6469,0.0,-1.4062466240378864,-1.4062466240378864,0.0,WELD_FOUND
94.463,0.025848408980401087,0.05,0.03334840898040109,0.018348408980401087,0.012,0.0,0.0214,0.0183,698,0,0.6469,0.0,-1.4062466240378864,-1.4062466240378864,0.0,WELD_FOUND
94.513,0.026701277793240916,0.05159941981775558,0.03444119076590425,0.01896136482057758,0.012,0.0,0.0225,0.019,698,0,0.6469,0.0,-1.0546840875743422,-1.2304654091669671,0.17578132159262494,WELD_FOUND
94.563,0.026701277793240916,0.05159941981775558,0.03444119076590425,0.01896136482057758,0.0146,0.0,0.0198,0.019,701,0,0.6497,0.0,-1.0546840875743422,-1.2304654091669671,0.17578132159262494,WELD_FOUND
94.613,0.0,0.0,0.0,0.0,0.0146,0.0,-0.0146,0.0,701,0,0.6497,0.0,-1.0546840875743422,nan,nan,NO_WELD
94.663,0.0,0.0,0.0,0.0,0.0273,0.0,-0.0273,0.0,706,0,0.6543,0.0,-1.0546840875743422,nan,nan,NO_WELD
94.713,0.027742993354370832,0.04564553339262463,0.03458982336326453,0.02089616334547714,0.0273,0.0,0.0073,0.0209,706,0,0.6543,0.0,-1.0546840875743422,-1.0546840875743422,0.0,WELD_FOUND
94.763,0.027742993354370832,0.04564553339262463,0.03458982336326453,0.02089616334547714,0.0273,0.0,0.0073,0.0209,707,0,0.6552,0.0,-1.0546840875743422,-1.0546840875743422,0.0,WELD_FOUND
94.813,0.02884037367592363,0.03574437341529144,0.034202029688217346,0.02347871766362991,0.0188,0.0,0.0154,0.0235,707,0,0.6552,0.0,-0.7031216044716506,-0.8789028727034228,0.1757812682317722,WELD_FOUND
94.863,0.02884037367592363,0.03574437341529144,0.034202029688217346,0.02347871766362991,0.0188,0.0,0.0154,0.0235,711,0,0.6589,0.0,-0.7031216044716506,-0.8789028727034228,0.1757812682317722,WELD_FOUND
94.913,0.028172325714137074,0.04761958038717144,0.035315262772212794,0.021029388656061358,0.0261,0.0,0.0092,0.021,711,0,0.6589,0.0,-1.0546840875743422,-1.0546840875743422,0.0,WELD_FOUND
94.963,0.028172325714137074,0.04761958038717144,0.035315262772212794,0.021029388656061358,0.0261,0.0,0.0092,0.021,717,0,0.6645,0.0,-1.0546840875743422,-1.0546840875743422,0.0,WELD_FOUND
95.013,0.0,0.0,0.0,0.0,0.0261,0.0,-0.0261,0.0,717,0,0.6645,0.0,-1.0546840875743422,nan,nan,NO_WELD
95.064,0.0,0.0,0.0,0.0,0.0453,0.0,-0.0453,0.0,723,0,0.6701,0.0,-1.0546840875743422,nan,nan,NO_WELD
95.113,0.0,0.0,0.0,0.0,0.0453,0.0,-0.0453,0.0,723,0,0.6701,0.0,-1.0546840875743422,nan,nan,NO_WELD
95.163,0.0,0.0,0.0,0.0,0.0453,0.0,-0.0453,0.0,724,0,0.671,0.0,-1.0546840875743422,nan,nan,NO_WELD
95.213,0.0,0.0,0.0,0.0,0.0297,0.0,-0.0297,0.0,724,0,0.671,0.0,-1.0546840875743422,nan,nan,NO_WELD
95.263,0.0,0.0,0.0,0.0,0.0297,0.0,-0.0297,0.0,724,0,0.671,0.0,-1.0546840875743422,nan,nan,NO_WELD
95.313,0.0,0.0,0.0,0.0,0.0297,0.0,-0.0297,0.0,724,0,0.671,0.0,-1.0546840875743422,nan,nan,NO_WELD
95.363,0.0,0.0,0.0,0.0,0.0237,0.0,-0.0237,0.0,724,0,0.671,0.0,-1.0546840875743422,nan,nan,NO_WELD
95.413,0.0,0.0,0.0,0.0,0.0237,0.0,-0.0237,0.0,724,0,0.671,0.0,-1.0546840875743422,nan,nan,NO_WELD
95.463,0.0,0.0,0.0,0.0,0.019,0.0,-0.019,0.0,724,0,0.671,0.0,-1.0546840875743422,nan,nan,NO_WELD
95.513,0.03258234416615065,0.01686718174177653,0.03511242142741713,0.03005226690488417,0.019,0.0,0.0161,0.0301,724,0,0.671,0.0,-0.35155909468853286,-0.35155909468853286,0.0,WELD_FOUND
95.563,0.03258234416615065,0.01686718174177653,0.03511242142741713,0.03005226690488417,0.019,0.0,0.0161,0.0301,724,0,0.671,0.0,-0.35155909468853286,-0.35155909468853286,0.0,WELD_FOUND
95.613,0.03258234416615065,0.01533965929411352,0.034883293060267676,0.03028139527203362,0.0152,0.0,0.0197,0.0303,724,0,0.671,0.0,-0.35155909468853286,-0.35155909468853286,0.0,WELD_FOUND
95.663,0.03258234416615065,0.01533965929411352,0.034883293060267676,0.03028139527203362,0.0152,0.0,0.0197,0.0303,729,0,0.6756,0.0,-0.35155909468853286,-0.35155909468853286,0.0,WELD_FOUND
95.713,0.0,0.0,0.0,0.0,0.0277,0.0,-0.0277,0.0,729,0,0.6756,0.0,-0.35155909468853286,nan,nan,NO_WELD
95.763,0.0,0.0,0.0,0.0,0.0277,0.0,-0.0277,0.0,734,0,0.6802,0.0,-0.35155909468853286,nan,nan,NO_WELD
95.813,0.035,0.0,0.035,0.035,0.0277,0.0,0.0073,0.035,734,0,0.6802,0.0,3.4150945850063755e-06,3.4150945850063755e-06,0.0,WELD_FOUND
95.863,0.035,0.0,0.035,0.035,0.0339,0.0,0.0011,0.035,736,0,0.6821,0.0,3.4150945850063755e-06,3.4150945850063755e-06,0.0,WELD_FOUND
95.913,0.0,0.0,0.0,0.0,0.0339,0.0,-0.0339,0.0,736,0,0.6821,0.0,3.4150945850063755e-06,nan,nan,NO_WELD
95.963,0.0,0.0,0.0,0.0,0.0351,0.0,-0.0351,0.0,740,0,0.6858,0.0,3.4150945850063755e-06,nan,nan,NO_WELD
96.013,0.0,0.0,0.0,0.0,0.0351,0.0,-0.0351,0.0,740,0,0.6858,0.0,3.4150945850063755e-06,nan,nan,NO_WELD
96.064,0.0,0.0,0.0,0.0,0.0248,0.0,-0.0248,0.0,741,0,0.6867,0.0,3.4150945850063755e-06,nan,nan,NO_WELD
96.113,0.03296335895930581,0.015456329087091537,0.03528180832236954,0.030644909596242075,0.0248,0.0,0.0105,0.0306,741,0,0.6867,0.0,-0.35155909468853286,-0.35155909468853286,0.0,WELD_FOUND
96.163,0.03296335895930581,0.015456329087091537,0.03528180832236954,0.030644909596242075,0.0198,0.0,0.0154,0.0306,741,0,0.6867,0.0,-0.35155909468853286,-0.35155909468853286,0.0,WELD_FOUND
96.213,0.035,0.0,0.035,0.035,0.0198,0.0,0.0152,0.035,741,0,0.6867,0.0,3.4150945850063755e-06,-0.17577783979697392,0.17578125489155894,WELD_FOUND
96.263,0.035,0.0,0.035,0.035,0.0198,0.0,0.0152,0.035,746,0,0.6914,0.0,3.4150945850063755e-06,-0.17577783979697392,0.17578125489155894,WELD_FOUND
96.313,0.0,0.0,0.0,0.0,0.0243,0.0,-0.0243,0.0,746,0,0.6914,0.0,3.4150945850063755e-06,nan,nan,NO_WELD
96.363,0.0,0.0,0.0,0.0,0.0243,0.0,-0.0243,0.0,753,0,0.6979,0.0,3.4150945850063755e-06,nan,nan,NO_WELD
96.413,0.0,0.0,0.0,0.0,0.0405,0.0,-0.0405,0.0,753,0,0.6979,0.0,3.4150945850063755e-06,nan,nan,NO_WELD
96.463,0.0,0.0,0.0,0.0,0.0405,0.0,-0.0405,0.0,754,0,0.6988,0.0,3.4150945850063755e-06,nan,nan,NO_WELD
96.513,0.030909985684710775,0.031514581953281974,0.03563717297770307,0.026182798391718477,0.0405,0.0,-0.0049,0.0262,754,0,0.6988,0.0,-0.7031216044716506,-0.7031216044716506,0.0,WELD_FOUND
96.563,0.030909985684710775,0.031514581953281974,0.03563717297770307,0.026182798391718477,0.0324,0.0,0.0032,0.0262,753,0,0.6979,0.0,-0.7031216044716506,-0.7031216044716506,0.0,WELD_FOUND
96.613,0.0,0.0,0.0,0.0,0.0324,0.0,-0.0324,0.0,753,0,0.6979,0.0,-0.7031216044716506,nan,nan,NO_WELD
96.663,0.0,0.0,0.0,0.0,0.0306,0.0,-0.0306,0.0,756,0,0.7006,0.0,-0.7031216044716506,nan,nan,NO_WELD
96.713,0.0,0.0,0.0,0.0,0.0306,0.0,-0.0306,0.0,756,0,0.7006,0.0,-0.7031216044716506,nan,nan,NO_WELD
96.763,0.0,0.0,0.0,0.0,0.0306,0.0,-0.0306,0.0,755,0,0.6997,0.0,-0.7031216044716506,nan,nan,NO_WELD
96.813,0.0,0.0,0.0,0.0,0.0159,0.0,-0.0159,0.0,755,0,0.6997,0.0,-0.7031216044716506,nan,nan,NO_WELD
96.863,0.0,0.0,0.0,0.0,0.0159,0.0,-0.0159,0.0,755,0,0.6997,0.0,-0.7031216044716506,nan,nan,NO_WELD
96.913,0.0,0.0,0.0,0.0,0.0159,0.0,-0.0159,0.0,755,0,0.6997,0.0,-1.0546840875743422,-1.0546840875743422,0.0,WELD_FOUND
96.963,0.0,0.0,0.0,0.0,0.0127,0.0,-0.0127,0.0,755,0,0.6997,0.0,-1.0546840875743422,-1.0546840875743422,0.0,WELD_FOUND
97.013,0.029118044481952255,0.04292994236084562,0.035557535836079096,0.02267855312782541,0.0127,0.0,0.0229,0.0227,755,0,0.6997,0.0,-0.7031216044716506,-0.8789028727034228,0.1757812682317722,WELD_FOUND
97.064,0.029118044481952255,0.04292994236084562,0.035557535836079096,0.02267855312782541,0.0102,0.0,0.0254,0.0227,755,0,0.6997,0.0,-0.7031216044716506,-0.8789028727034228,0.1757812682317722,WELD_FOUND
97.113,0.02822710804686916,0.04813693206635176,0.035447647856821925,0.021006568236916396,0.0102,0.0,0.0253,0.021,755,0,0.6997,0.0,-1.0546840875743422,-1.0546840875743422,0.0,WELD_FOUND
97.163,0.02822710804686916,0.04813693206635176,0.035447647856821925,0.021006568236916396,0.0102,0.0,0.0253,0.021,759,0,0.7034,0.0,-1.0546840875743422,-1.0546840875743422,0.0,WELD_FOUND
97.213,0.0,0.0,0.0,0.0,0.016,0.0,-0.016,0.0,759,0,0.7034,0.0,-1.0546840875743422,nan,nan,NO_WELD
97.263,0.0,0.0,0.0,0.0,0.016,0.0,-0.016,0.0,764,0,0.7081,0.0,-1.0546840875743422,nan,nan,NO_WELD
97.313,0.026315773914489988,0.05,0.03381577391448999,0.018815773914489988,0.016,0.0,0.0178,0.0188,764,0,0.7081,0.0,-1.4062466240378864,-1.4062466240378864,0.0,WELD_FOUND
97.363,0.026315773914489988,0.05,0.03381577391448999,0.018815773914489988,0.0195,0.0,0.0143,0.0188,763,0,0.7071,0.0,-1.4062466240378864,-1.4062466240378864,0.0,WELD_FOUND
97.413,0.0,0.0,0.0,0.0,0.0195,0.0,-0.0195,0.0,763,0,0.7071,0.0,-1.4062466240378864,nan,nan,NO_WELD
97.463,0.0,0.0,0.0,0.0,0.0195,0.0,-0.0195,0.0,767,0,0.7108,0.0,-1.4062466240378864,nan,nan,NO_WELD
97.513,0.025941546972050675,0.05,0.03344154697205068,0.018441546972050676,0.0216,0.0,0.0119,0.0184,767,0,0.7108,0.0,-1.4062466240378864,-1.4062466240378864,0.0,WELD_FOUND
97.563,0.025941546972050675,0.05,0.03344154697205068,0.018441546972050676,0.0216,0.0,0.0119,0.0184,767,0,0.7108,0.0,-1.4062466240378864,-1.4062466240378864,0.0,WELD_FOUND
97.613,0.0,0.0,0.0,0.0,0.0173,0.0,-0.0173,0.0,767,0,0.7108,0.0,-1.4062466240378864,nan,nan,NO_WELD
97.663,0.0,0.0,0.0,0.0,0.0173,0.0,-0.0173,0.0,771,0,0.7145,0.0,-1.4062466240378864,nan,nan,NO_WELD
97.713,0.0,0.0,0.0,0.0,0.0173,0.0,-0.0173,0.0,771,0,0.7145,0.0,-1.4062466240378864,nan,nan,NO_WELD
97.763,0.0,0.0,0.0,0.0,0.0202,0.0,-0.0202,0.0,771,0,0.7145,0.0,-1.4062466240378864,nan,nan,NO_WELD
97.813,0.0,0.0,0.0,0.0,0.0202,0.0,-0.0202,0.0,771,0,0.7145,0.0,-1.4062466240378864,nan,nan,NO_WELD
97.863,0.0,0.0,0.0,0.0,0.0162,0.0,-0.0162,0.0,771,0,0.7145,0.0,-1.4062466240378864,nan,nan,NO_WELD
97.913,0.02800653687058349,0.05,0.035506536870583486,0.02050653687058349,0.0162,0.0,0.0193,0.0205,771,0,0.7145,0.0,-1.0546840875743422,-1.0546840875743422,0.0,WELD_FOUND
97.963,0.02800653687058349,0.05,0.035506536870583486,0.02050653687058349,0.0129,0.0,0.0226,0.0205,771,0,0.7145,0.0,-1.0546840875743422,-1.0546840875743422,0.0,WELD_FOUND
98.013,0.02889401261369042,0.036174779290902355,0.03432022950732577,0.023467795720055067,0.0129,0.0,0.0214,0.0235,771,0,0.7145,0.0,-0.7031216044716506,-0.8789028727034228,0.1757812682317722,WELD_FOUND
98.064,0.02889401261369042,0.036174779290902355,0.03432022950732577,0.023467795720055067,0.0226,0.0,0.0117,0.0235,775,0,0.7182,0.0,-0.7031216044716506,-0.8789028727034228,0.1757812682317722,WELD_FOUND
98.113,0.0,0.0,0.0,0.0,0.0226,0.0,-0.0226,0.0,775,0,0.7182,0.0,-0.7031216044716506,nan,nan,NO_WELD
98.163,0.0,0.0,0.0,0.0,0.0226,0.0,-0.0226,0.0,780,0,0.7229,0.0,-0.7031216044716506,nan,nan,NO_WELD
98.213,0.0,0.0,0.0,0.0,0.0259,0.0,-0.0259,0.0,780,0,0.7229,0.0,-0.7031216044716506,nan,nan,NO_WELD
98.263,0.0,0.0,0.0,0.0,0.0259,0.0,-0.0259,0.0,781,0,0.7238,0.0,-0.7031216044716506,nan,nan,NO_WELD
98.313,0.029977256235602295,0.03105734327612776,0.03463585772702146,0.02531865474418313,0.0193,0.0,0.0154,0.0253,781,0,0.7238,0.0,-0.7031216044716506,-0.7031216044716506,0.0,WELD_FOUND
98.363,0.029977256235602295,0.03105734327612776,0.03463585772702146,0.02531865474418313,0.0193,0.0,0.0154,0.0253,782,0,0.7247,0.0,-0.7031216044716506,-0.7031216044716506,0.0,WELD_FOUND
98.413,0.03019629699148882,0.030164921933369056,0.03472103528149418,0.02567155870148346,0.0153,0.0,0.0195,0.0257,782,0,0.7247,0.0,-0.7031216044716506,-0.7031216044716506,0.0,WELD_FOUND
98.463,0.03019629699148882,0.030164921933369056,0.03472103528149418,0.02567155870148346,0.0153,0.0,0.0195,0.0257,787,0,0.7294,0.0,-0.7031216044716506,-0.7031216044716506,0.0,WELD_FOUND
98.513,0.03024020082392629,0.030578740774883144,0.03482701194015876,0.02565338970769382,0.0153,0.0,0.0196,0.0257,787,0,0.7294,0.0,-0.35155909468853286,-0.7031216044716506,0.35156250978311776,WELD_FOUND
98.563,0.03024020082392629,0.030578740774883144,0.03482701194015876,0.02565338970769382,0.0338,0.0,0.001,0.0257,792,0,0.734,0.0,-0.35155909468853286,-0.7031216044716506,0.35156250978311776,WELD_FOUND
98.613,0.030248985417664194,0.030658626270833225,0.03484777935828918,0.02565019147703921,0.0338,0.0,0.001,0.0257,792,0,0.734,0.0,-0.7031216044716506,-0.7031216044716506,0.0,WELD_FOUND
98.663,0.030248985417664194,0.030658626270833225,0.03484777935828918,0.02565019147703921,0.0388,0.0,-0.004,0.0257,797,0,0.7386,0.0,-0.7031216044716506,-0.7031216044716506,0.0,WELD_FOUND
98.713,0.0,0.0,0.0,0.0,0.0388,0.0,-0.0388,0.0,797,0,0.7386,0.0,-0.7031216044716506,nan,nan,NO_WELD
98.763,0.0,0.0,0.0,0.0,0.0388,0.0,-0.0388,0.0,801,0,0.7423,0.0,-0.7031216044716506,nan,nan,NO_WELD
98.813,0.026700865291186263,0.05,0.034200865291186267,0.019200865291186264,0.0332,0.0,0.001,0.0192,801,0,0.7423,0.0,-1.4062466240378864,-1.4062466240378864,0.0,WELD_FOUND
98.863,0.026700865291186263,0.05,0.034200865291186267,0.019200865291186264,0.0332,0.0,0.001,0.0192,800,0,0.7414,0.0,-1.4062466240378864,-1.4062466240378864,0.0,WELD_FOUND
98.913,0.025176000613251048,0.07286438079899951,0.036105657733100975,0.014246343493401122,0.0162,0.0,0.0199,0.0142,800,0,0.7414,0.0,-1.7578091605014305,-1.5820278389088056,-0.17578132159262494,WELD_FOUND
98.963,0.025176000613251048,0.07286438079899951,0.036105657733100975,0.014246343493401122,0.0162,0.0,0.0199,0.0142,804,0,0.7451,0.0,-1.7578091605014305,-1.5820278389088056,-0.17578132159262494,WELD_FOUND
99.013,0.0,0.0,0.0,0.0,0.0162,0.0,-0.0162,0.0,804,0,0.7451,0.0,-1.7578091605014305,nan,nan,NO_WELD
99.064,0.0,0.0,0.0,0.0,0.027,0.0,-0.027,0.0,807,0,0.7479,0.0,-1.7578091605014305,nan,nan,NO_WELD
99.113,0.0,0.0,0.0,0.0,0.027,0.0,-0.027,0.0,807,0,0.7479,0.0,-1.7578091605014305,nan,nan,NO_WELD
99.163,0.0,0.0,0.0,0.0,0.0199,0.0,-0.0199,0.0,808,0,0.7488,0.0,-1.7578091605014305,nan,nan,NO_WELD
99.213,0.02571321838722487,0.05,0.033213218387224866,0.01821321838722487,0.0199,0.0,0.0133,0.0182,808,0,0.7488,0.0,-1.4062466240378864,-1.4062466240378864,0.0,WELD_FOUND
99.263,0.02571321838722487,0.05,0.033213218387224866,0.01821321838722487,0.0199,0.0,0.0133,0.0182,809,0,0.7498,0.0,-1.4062466240378864,-1.4062466240378864,0.0,WELD_FOUND
99.313,0.02415801872989751,0.08066528218510272,0.03625781105766292,0.012058226402132104,0.0144,0.0,0.0218,0.0121,809,0,0.7498,0.0,-2.1093715902432693,-1.7578091605014305,-0.3515624297418387,WELD_FOUND
99.363,0.02415801872989751,0.08066528218510272,0.03625781105766292,0.012058226402132104,0.0144,0.0,0.0218,0.0121,814,0,0.7544,0.0,-2.1093715902432693,-1.7578091605014305,-0.3515624297418387,WELD_FOUND
99.413,0.0,0.0,0.0,0.0,0.0272,0.0,-0.0272,0.0,814,0,0.7544,0.0,-2.1093715902432693,nan,nan,NO_WELD
99.463,0.0,0.0,0.0,0.0,0.0272,0.0,-0.0272,0.0,818,0,0.7581,0.0,-2.1093715902432693,nan,nan,NO_WELD
99.513,0.0,0.0,0.0,0.0,0.0272,0.0,-0.0272,0.0,818,0,0.7581,0.0,-2.1093715902432693,nan,nan,NO_WELD
99.563,0.0,0.0,0.0,0.0,0.0262,0.0,-0.0262,0.0,818,0,0.7581,0.0,-2.1093715902432693,nan,nan,NO_WELD
99.613,0.0,0.0,0.0,0.0,0.0262,0.0,-0.0262,0.0,817,0,0.7572,0.0,-2.1093715902432693,nan,nan,NO_WELD
99.663,0.0,0.0,0.0,0.0,0.012,0.0,-0.012,0.0,817,0,0.7572,0.0,-2.1093715902432693,nan,nan,NO_WELD
99.713,0.0,0.0,0.0,0.0,0.012,0.0,-0.012,0.0,817,0,0.7572,0.0,-2.1093715902432693,nan,nan,NO_WELD
99.763,0.0,0.0,0.0,0.0,0.0096,0.0,-0.0096,0.0,817,0,0.7572,0.0,-2.1093715902432693,nan,nan,NO_WELD
99.813,0.0,0.0,0.0,0.0,0.0096,0.0,-0.0096,0.0,817,0,0.7572,0.0,-2.1093715902432693,nan,nan,NO_WELD
99.863,0.0,0.0,0.0,0.0,0.0096,0.0,-0.0096,0.0,817,0,0.7572,0.0,-2.1093715902432693,nan,nan,NO_WELD
99.913,0.0,0.0,0.0,0.0,0.0077,0.0,-0.0077,0.0,817,0,0.7572,0.0,-2.1093715902432693,nan,nan,NO_WELD
99.963,0.0,0.0,0.0,0.0,0.0077,0.0,-0.0077,0.0,817,0,0.7572,0.0,-2.1093715902432693,nan,nan,NO_WELD
100.013,0.0,0.0,0.0,0.0,0.0077,0.0,-0.0077,0.0,817,0,0.7572,0.0,-1.4062466240378864,-1.4062466240378864,0.0,WELD_FOUND
100.064,0.0,0.0,0.0,0.0,0.0061,0.0,-0.0061,0.0,817,0,0.7572,0.0,-1.4062466240378864,-1.4062466240378864,0.0,WELD_FOUND
100.113,0.0,0.0,0.0,0.0,0.0061,0.0,-0.0061,0.0,817,0,0.7572,0.0,-1.4062466240378864,nan,nan,NO_WELD
100.163,0.0,0.0,0.0,0.0,0.0061,0.0,-0.0061,0.0,817,0,0.7572,0.0,-1.4062466240378864,nan,nan,NO_WELD
100.213,0.02800653687058349,0.0490713486309287,0.035367239165222795,0.020645834575944183,0.0049,0.0,0.0304,0.0206,817,0,0.7572,0.0,-1.0546840875743422,-1.0546840875743422,0.0,WELD_FOUND
100.263,0.02800653687058349,0.0490713486309287,0.035367239165222795,0.020645834575944183,0.0049,0.0,0.0304,0.0206,817,0,0.7572,0.0,-1.0546840875743422,-1.0546840875743422,0.0,WELD_FOUND
100.313,0.0,0.0,0.0,0.0,0.0039,0.0,-0.0039,0.0,817,0,0.7572,0.0,-1.0546840875743422,nan,nan,NO_WELD
100.363,0.0,0.0,0.0,0.0,0.0039,0.0,-0.0039,0.0,817,0,0.7572,0.0,-1.0546840875743422,nan,nan,NO_WELD
100.413,0.02979533140041098,0.030080202161058434,0.034307361724569746,0.025283301076252214,0.0039,0.0,0.0304,0.0253,822,0,0.7618,0.0,-0.7031216044716506,-0.7031216044716506,0.0,WELD_FOUND
100.463,0.02979533140041098,0.030080202161058434,0.034307361724569746,0.025283301076252214,0.0147,0.0,0.0196,0.0253,822,0,0.7618,0.0,-0.7031216044716506,-0.7031216044716506,0.0,WELD_FOUND
100.513,0.02925287894058403,0.03964503292607972,0.035199633879495984,0.023306124001672073,0.0147,0.0,0.0205,0.0233,822,0,0.7618,0.0,-1.0546840875743422,-0.8789028727034228,-0.17578121487091936,WELD_FOUND
100.563,0.02925287894058403,0.03964503292607972,0.035199633879495984,0.023306124001672073,0.0147,0.0,0.0205,0.0233,822,0,0.7618,0.0,-1.0546840875743422,-0.8789028727034228,-0.17578121487091936,WELD_FOUND
100.613,0.02825363473838789,0.04838694170615832,0.03551167599431164,0.02099559348246414,0.0187,0.0,0.0168,0.021,826,0,0.7655,0.0,-1.4062466240378864,-1.0546840875743422,-0.3515625364635442,WELD_FOUND
100.663,0.02825363473838789,0.04838694170615832,0.03551167599431164,0.02099559348246414,0.0187,0.0,0.0168,0.021,826,0,0.7655,0.0,-1.4062466240378864,-1.0546840875743422,-0.3515625364635442,WELD_FOUND
100.713,0.0,0.0,0.0,0.0,0.0187,0.0,-0.0187,0.0,832,0,0.7711,0.0,-1.4062466240378864,nan,nan,NO_WELD
100.763,0.0,0.0,0.0,0.0,0.0261,0.0,-0.0261,0.0,832,0,0.7711,0.0,-1.4062466240378864,nan,nan,NO_WELD
100.813,0.0,0.0,0.0,0.0,0.0261,0.0,-0.0261,0.0,836,0,0.7748,0.0,-1.4062466240378864,nan,nan,NO_WELD
100.863,0.0,0.0,0.0,0.0,0.0261,0.0,-0.0261,0.0,836,0,0.7748,0.0,-1.4062466240378864,nan,nan,NO_WELD
100.913,0.02984621454243191,0.031234295589683304,0.034531358880884405,0.025161070203979417,0.028,0.0,0.0065,0.0252,837,0,0.7757,0.0,-0.7031216044716506,-0.7031216044716506,0.0,WELD_FOUND
100.963,0.02984621454243191,0.031234295589683304,0.034531358880884405,0.025161070203979417,0.028,0.0,0.0065,0.0252,837,0,0.7757,0.0,-0.7031216044716506,-0.7031216044716506,0.0,WELD_FOUND
101.013,0.030169970008130344,0.029933977963372303,0.03466006670263619,0.0256798733136245,0.028,0.0,0.0067,0.0257,837,0,0.7757,0.0,-0.7031216044716506,-0.7031216044716506,0.0,WELD_FOUND
101.064,0.030169970008130344,0.029933977963372303,0.03466006670263619,0.0256798733136245,0.0224,0.0,0.0123,0.0257,837,0,0.7757,0.0,-0.7031216044716506,-0.7031216044716506,0.0,WELD_FOUND
101.113,0.0,0.0,0.0,0.0,0.0224,0.0,-0.0224,0.0,841,0,0.7794,0.0,-0.7031216044716506,nan,nan,NO_WELD
101.163,0.0,0.0,0.0,0.0,0.0283,0.0,-0.0283,0.0,841,0,0.7794,0.0,-0.7031216044716506,nan,nan,NO_WELD
101.213,0.03023493068146562,0.030657301081155497,0.03483352584363895,0.025636335519292296,0.0283,0.0,0.0066,0.0256,846,0,0.784,0.0,-0.7031216044716506,-0.7031216044716506,0.0,WELD_FOUND
101.263,0.03023493068146562,0.030657301081155497,0.03483352584363895,0.025636335519292296,0.0283,0.0,0.0066,0.0256,846,0,0.784,0.0,-0.7031216044716506,-0.7031216044716506,0.0,WELD_FOUND
101.313,0.030247931199340498,0.030649881540629483,0.03484541343043492,0.025650448968246076,0.0268,0.0,0.008,0.0257,845,0,0.7831,0.0,-0.7031216044716506,-0.7031216044716506,0.0,WELD_FOUND
101.363,0.030247931199340498,0.030649881540629483,0.03484541343043492,0.025650448968246076,0.0268,0.0,0.008,0.0257,845,0,0.7831,0.0,-0.7031216044716506,-0.7031216044716506,0.0,WELD_FOUND
101.413,0.0,0.0,0.0,0.0,0.0268,0.0,-0.0268,0.0,850,0,0.7878,0.0,-0.7031216044716506,nan,nan,NO_WELD
101.463,0.0,0.0,0.0,0.0,0.0285,0.0,-0.0285,0.0,850,0,0.7878,0.0,-0.7031216044716506,nan,nan,NO_WELD
101.513,0.0,0.0,0.0,0.0,0.0285,0.0,-0.0285,0.0,855,0,0.7924,0.0,-0.7031216044716506,nan,nan,NO_WELD
101.563,0.0,0.0,0.0,0.0,0.0356,0.0,-0.0356,0.0,855,0,0.7924,0.0,-0.7031216044716506,nan,nan,NO_WELD
101.613,0.03025053163824378,0.030680337673761625,0.03485258228930802,0.025648480987179537,0.0356,0.0,-0.0008,0.0256,855,0,0.7924,0.0,-0.7031216044716506,-0.7031216044716506,0.0,WELD_FOUND
101.663,0.03025053163824378,0.030680337673761625,0.03485258228930802,0.025648480987179537,0.0285,0.0,0.0064,0.0256,855,0,0.7924,0.0,-0.7031216044716506,-0.7031216044716506,0.0,WELD_FOUND
101.713,0.029342813532394443,0.040446907866463905,0.03540984971236403,0.023275777352424858,0.0285,0.0,0.0069,0.0233,855,0,0.7924,0.0,-1.0546840875743422,-0.8789028727034228,-0.17578121487091936,WELD_FOUND
101.763,0.029342813532394443,0.040446907866463905,0.03540984971236403,0.023275777352424858,0.0285,0.0,0.0069,0.0233,855,0,0.7924,0.0,-1.0546840875743422,-0.8789028727034228,-0.17578121487091936,WELD_FOUND
101.813,0.030068400382014488,0.0289746064868677,0.03441459135504464,0.025722209408984335,0.0294,0.0,0.005,0.0257,860,0,0.797,0.0,-0.7031216044716506,-0.7031216044716506,0.0,WELD_FOUND
101.863,0.030068400382014488,0.0289746064868677,0.03441459135504464,0.025722209408984335,0.0294,0.0,0.005,0.0257,860,0,0.797,0.0,-0.7031216044716506,-0.7031216044716506,0.0,WELD_FOUND
101.913,0.0,0.0,0.0,0.0,0.0325,0.0,-0.0325,0.0,864,0,0.8007,0.0,-0.7031216044716506,nan,nan,NO_WELD
101.963,0.0,0.0,0.0,0.0,0.0325,0.0,-0.0325,0.0,864,0,0.8007,0.0,-0.7031216044716506,nan,nan,NO_WELD
102.013,0.032071482133383795,0.014691030943530584,0.03427513677491338,0.02986782749185421,0.038,0.0,-0.0038,0.0299,869,0,0.8054,0.0,-0.35155909468853286,-0.35155909468853286,0.0,WELD_FOUND
102.064,0.032071482133383795,0.014691030943530584,0.03427513677491338,0.02986782749185421,0.038,0.0,-0.0038,0.0299,869,0,0.8054,0.0,-0.35155909468853286,-0.35155909468853286,0.0,WELD_FOUND
102.113,0.0,0.0,0.0,0.0,0.038,0.0,-0.038,0.0,869,0,0.8054,0.0,-0.35155909468853286,nan,nan,NO_WELD
102.163,0.0,0.0,0.0,0.0,0.0304,0.0,-0.0304,0.0,869,0,0.8054,0.0,-0.35155909468853286,nan,nan,NO_WELD
102.213,0.0,0.0,0.0,0.0,0.0304,0.0,-0.0304,0.0,874,0,0.81,0.0,-0.35155909468853286,nan,nan,NO_WELD
102.263,0.0,0.0,0.0,0.0,0.0304,0.0,-0.0304,0.0,874,0,0.81,0.0,-0.35155909468853286,nan,nan,NO_WELD
102.313,0.0,0.0,0.0,0.0,0.0331,0.0,-0.0331,0.0,875,0,0.8109,0.0,-0.35155909468853286,nan,nan,NO_WELD
102.363,0.0,0.0,0.0,0.0,0.0331,0.0,-0.0331,0.0,875,0,0.8109,0.0,-0.35155909468853286,nan,nan,NO_WELD
102.413,0.0,0.0,0.0,0.0,0.0265,0.0,-0.0265,0.0,875,0,0.8109,0.0,-0.35155909468853286,nan,nan,NO_WELD
102.463,0.0,0.0,0.0,0.0,0.0265,0.0,-0.0265,0.0,875,0,0.8109,0.0,-0.35155909468853286,nan,nan,NO_WELD
102.513,0.0,0.0,0.0,0.0,0.0212,0.0,-0.0212,0.0,875,0,0.8109,0.0,-0.35155909468853286,nan,nan,NO_WELD
102.563,0.0,0.0,0.0,0.0,0.0212,0.0,-0.0212,0.0,875,0,0.8109,0.0,-0.35155909468853286,nan,nan,NO_WELD
102.613,0.0,0.0,0.0,0.0,0.0169,0.0,-0.0169,0.0,875,0,0.8109,0.0,-0.35155909468853286,nan,nan,NO_WELD
102.663,0.0,0.0,0.0,0.0,0.0169,0.0,-0.0169,0.0,875,0,0.8109,0.0,-0.35155909468853286,nan,nan,NO_WELD
102.713,0.02800653687058349,0.049937682316580266,0.03549718921807053,0.02051588452309645,0.0136,0.0,0.0219,0.0205,875,0,0.8109,0.0,-1.0546840875743422,-1.0546840875743422,0.0,WELD_FOUND
102.763,0.02800653687058349,0.049937682316580266,0.03549718921807053,0.02051588452309645,0.0136,0.0,0.0219,0.0205,875,0,0.8109,0.0,-1.0546840875743422,-1.0546840875743422,0.0,WELD_FOUND
102.813,0.027132903369176318,0.05585812595827684,0.03551162226291785,0.018754184475434792,0.0108,0.0,0.0247,0.0188,875,0,0.8109,0.0,-1.4062466240378864,-1.2304654091669671,-0.17578121487091924,WELD_FOUND
102.863,0.027132903369176318,0.05585812595827684,0.03551162226291785,0.018754184475434792,0.0108,0.0,0.0247,0.0188,875,0,0.8109,0.0,-1.4062466240378864,-1.2304654091669671,-0.17578121487091924,WELD_FOUND
102.913,0.0,0.0,0.0,0.0,0.0176,0.0,-0.0176,0.0,878,0,0.8137,0.0,-1.4062466240378864,nan,nan,NO_WELD
102.963,0.0,0.0,0.0,0.0,0.0176,0.0,-0.0176,0.0,878,0,0.8137,0.0,-1.4062466240378864,nan,nan,NO_WELD
103.013,0.029613960165988443,0.029858224234744705,0.03409269380120015,0.02513522653077674,0.0176,0.0,0.0165,0.0251,882,0,0.8174,0.0,-0.7031216044716506,-0.7031216044716506,0.0,WELD_FOUND
103.064,0.029613960165988443,0.029858224234744705,0.03409269380120015,0.02513522653077674,0.0205,0.0,0.0136,0.0251,882,0,0.8174,0.0,-0.7031216044716506,-0.7031216044716506,0.0,WELD_FOUND
103.113,0.02921689262355433,0.03929508967625222,0.03511115607499216,0.0233226291721165,0.0205,0.0,0.0146,0.0233,881,0,0.8165,0.0,-1.0546840875743422,-0.8789028727034228,-0.17578121487091936,WELD_FOUND
103.163,0.02921689262355433,0.03929508967625222,0.03511115607499216,0.0233226291721165,0.0205,0.0,0.0146,0.0233,881,0,0.8165,0.0,-1.0546840875743422,-0.8789028727034228,-0.17578121487091936,WELD_FOUND
103.213,0.030042884731298937,0.02874384620488675,0.034354461662031946,0.025731307800565924,0.0222,0.0,0.0122,0.0257,886,0,0.8211,0.0,-0.7031216044716506,-0.7031216044716506,0.0,WELD_FOUND
103.263,0.030042884731298937,0.02874384620488675,0.034354461662031946,0.025731307800565924,0.0222,0.0,0.0122,0.0257,886,0,0.8211,0.0,-0.7031216044716506,-0.7031216044716506,0.0,WELD_FOUND
103.313,0.0,0.0,0.0,0.0,0.0222,0.0,-0.0222,0.0,892,0,0.8267,0.0,-0.7031216044716506,nan,nan,NO_WELD
103.363,0.0,0.0,0.0,0.0,0.0281,0.0,-0.0281,0.0,892,0,0.8267,0.0,-0.7031216044716506,nan,nan,NO_WELD
103.413,0.0,0.0,0.0,0.0,0.0281,0.0,-0.0281,0.0,897,0,0.8313,0.0,-0.7031216044716506,nan,nan,NO_WELD
103.463,0.0,0.0,0.0,0.0,0.0354,0.0,-0.0354,0.0,897,0,0.8313,0.0,-0.7031216044716506,nan,nan,NO_WELD
103.513,0.0,0.0,0.0,0.0,0.0354,0.0,-0.0354,0.0,896,0,0.8304,0.0,3.4150945850063755e-06,nan,nan,WELD_FOUND
103.563,0.035,0.0,0.035,0.035,0.0175,0.0,0.0175,0.035,896,0,0.8304,0.0,3.4150945850063755e-06,3.4150945850063755e-06,0.0,WELD_FOUND
103.613,0.0,0.0,0.0,0.0,0.0175,0.0,-0.0175,0.0,896,0,0.8304,0.0,3.4150945850063755e-06,nan,nan,NO_WELD
103.663,0.0,0.0,0.0,0.0,0.014,0.0,-0.014,0.0,896,0,0.8304,0.0,3.4150945850063755e-06,nan,nan,NO_WELD
103.713,0.0,0.0,0.0,0.0,0.014,0.0,-0.014,0.0,898,0,0.8322,0.0,3.4150945850063755e-06,nan,nan,NO_WELD
103.763,0.0,0.0,0.0,0.0,0.014,0.0,-0.014,0.0,898,0,0.8322,0.0,3.4150945850063755e-06,nan,nan,NO_WELD
103.814,0.0,0.0,0.0,0.0,0.0109,0.0,-0.0109,0.0,897,0,0.8313,0.0,3.4150945850063755e-06,nan,nan,NO_WELD
103.863,0.0,0.0,0.0,0.0,0.0109,0.0,-0.0109,0.0,897,0,0.8313,0.0,3.4150945850063755e-06,nan,nan,NO_WELD
103.913,0.0,0.0,0.0,0.0,0.0109,0.0,-0.0109,0.0,897,0,0.8313,0.0,3.4150945850063755e-06,nan,nan,NO_WELD
103.963,0.0,0.0,0.0,0.0,0.0087,0.0,-0.0087,0.0,897,0,0.8313,0.0,3.4150945850063755e-06,nan,nan,NO_WELD
104.013,0.0,0.0,0.0,0.0,0.0087,0.0,-0.0087,0.0,897,0,0.8313,0.0,3.4150945850063755e-06,nan,nan,NO_WELD
104.064,0.0,0.0,0.0,0.0,0.007,0.0,-0.007,0.0,897,0,0.8313,0.0,3.4150945850063755e-06,nan,nan,NO_WELD
104.114,0.0,0.0,0.0,0.0,0.007,0.0,-0.007,0.0,897,0,0.8313,0.0,3.4150945850063755e-06,nan,nan,NO_WELD
104.163,0.0,0.0,0.0,0.0,0.007,0.0,-0.007,0.0,897,0,0.8313,0.0,3.4150945850063755e-06,nan,nan,NO_WELD
104.213,0.0,0.0,0.0,0.0,0.0056,0.0,-0.0056,0.0,897,0,0.8313,0.0,3.4150945850063755e-06,nan,nan,NO_WELD
104.263,0.030251181765434624,0.03328654993866307,0.035244164256234084,0.025258199274635164,0.0056,0.0,0.0297,0.0253,897,0,0.8313,0.0,-0.7031216044716506,-0.7031216044716506,0.0,WELD_FOUND
104.313,0.030251181765434624,0.03328654993866307,0.035244164256234084,0.025258199274635164,0.0056,0.0,0.0297,0.0253,897,0,0.8313,0.0,-0.7031216044716506,-0.7031216044716506,0.0,WELD_FOUND
104.363,0.030251181765434624,0.030679467599838972,0.034853101905410466,0.025649261625458778,0.0045,0.0,0.0304,0.0256,897,0,0.8313,0.0,-0.7031216044716506,-0.7031216044716506,0.0,WELD_FOUND
104.413,0.030251181765434624,0.030679467599838972,0.034853101905410466,0.025649261625458778,0.0045,0.0,0.0304,0.0256,900,0,0.8341,0.0,-0.7031216044716506,-0.7031216044716506,0.0,WELD_FOUND
104.463,0.0,0.0,0.0,0.0,0.0045,0.0,-0.0045,0.0,900,0,0.8341,0.0,-0.7031216044716506,nan,nan,NO_WELD
104.513,0.0,0.0,0.0,0.0,0.0274,0.0,-0.0274,0.0,907,0,0.8406,0.0,-0.7031216044716506,nan,nan,NO_WELD
104.563,0.030251181765434624,0.030679467599838972,0.034853101905410466,0.025649261625458778,0.0274,0.0,0.0075,0.0256,907,0,0.8406,0.0,-0.7031216044716506,-0.7031216044716506,0.0,WELD_FOUND
104.613,0.030251181765434624,0.030679467599838972,0.034853101905410466,0.025649261625458778,0.0274,0.0,0.0075,0.0256,910,0,0.8434,0.0,-0.7031216044716506,-0.7031216044716506,0.0,WELD_FOUND
104.663,0.0,0.0,0.0,0.0,0.0238,0.0,-0.0238,0.0,910,0,0.8434,0.0,-0.7031216044716506,nan,nan,NO_WELD
104.713,0.0,0.0,0.0,0.0,0.0238,0.0,-0.0238,0.0,912,0,0.8452,0.0,-0.7031216044716506,nan,nan,NO_WELD
104.763,0.0,0.0,0.0,0.0,0.0238,0.0,-0.0238,0.0,912,0,0.8452,0.0,-0.7031216044716506,nan,nan,NO_WELD
104.813,0.0,0.0,0.0,0.0,0.0242,0.0,-0.0242,0.0,914,0,0.8471,0.0,-0.7031216044716506,nan,nan,NO_WELD
104.863,0.0284485444635003,0.04540002027798398,0.0352585475051979,0.0216385414218027,0.0242,0.0,0.0111,0.0216,914,0,0.8471,0.0,-1.0546840875743422,-1.0546840875743422,0.0,WELD_FOUND
104.913,0.0284485444635003,0.04540002027798398,0.0352585475051979,0.0216385414218027,0.0108,0.0,0.0245,0.0216,913,0,0.8461,0.0,-1.0546840875743422,-1.0546840875743422,0.0,WELD_FOUND
104.963,0.02898352155383222,0.03708835501361938,0.034546774805875126,0.023420268301789313,0.0108,0.0,0.0237,0.0234,913,0,0.8461,0.0,-0.7031216044716506,-0.8789028727034228,0.1757812682317722,WELD_FOUND
105.013,0.02898352155383222,0.03708835501361938,0.034546774805875126,0.023420268301789313,0.0108,0.0,0.0237,0.0234,915,0,0.848,0.0,-0.7031216044716506,-0.8789028727034228,0.1757812682317722,WELD_FOUND
105.064,0.0,0.0,0.0,0.0,0.0114,0.0,-0.0114,0.0,915,0,0.848,0.0,-0.7031216044716506,nan,nan,NO_WELD
105.113,0.0,0.0,0.0,0.0,0.0114,0.0,-0.0114,0.0,921,0,0.8536,0.0,-0.7031216044716506,nan,nan,NO_WELD
105.163,0.035,0.0,0.035,0.035,0.0291,0.0,0.0059,0.035,921,0,0.8536,0.0,3.4150945850063755e-06,3.4150945850063755e-06,0.0,WELD_FOUND
105.213,0.035,0.0,0.035,0.035,0.0291,0.0,0.0059,0.035,923,0,0.8554,0.0,3.4150945850063755e-06,3.4150945850063755e-06,0.0,WELD_FOUND
105.263,0.0,0.0,0.0,0.0,0.0291,0.0,-0.0291,0.0,923,0,0.8554,0.0,3.4150945850063755e-06,nan,nan,NO_WELD
105.313,0.0,0.0,0.0,0.0,0.0298,0.0,-0.0298,0.0,926,0,0.8582,0.0,3.4150945850063755e-06,nan,nan,NO_WELD
105.363,0.030935893151120705,0.03393739186210602,0.036026501930436605,0.025845284371804802,0.0298,0.0,0.0062,0.0258,926,0,0.8582,0.0,-0.7031216044716506,-0.7031216044716506,0.0,WELD_FOUND
105.413,0.030935893151120705,0.03393739186210602,0.036026501930436605,0.025845284371804802,0.0327,0.0,0.0033,0.0258,930,0,0.8619,0.0,-0.7031216044716506,-0.7031216044716506,0.0,WELD_FOUND
105.463,0.0,0.0,0.0,0.0,0.0327,0.0,-0.0327,0.0,930,0,0.8619,0.0,-0.7031216044716506,nan,nan,NO_WELD
105.513,0.0,0.0,0.0,0.0,0.0327,0.0,-0.0327,0.0,931,0,0.8628,0.0,-0.7031216044716506,nan,nan,NO_WELD
105.563,0.0,0.0,0.0,0.0,0.0221,0.0,-0.0221,0.0,931,0,0.8628,0.0,-0.7031216044716506,nan,nan,NO_WELD
105.613,0.0,0.0,0.0,0.0,0.0221,0.0,-0.0221,0.0,933,0,0.8647,0.0,-0.7031216044716506,nan,nan,NO_WELD
105.663,0.03224963918772878,0.015778747792438128,0.034616451356594496,0.02988282701886306,0.0207,0.0,0.0139,0.0299,933,0,0.8647,0.0,-0.35155909468853286,-0.35155909468853286,0.0,WELD_FOUND
105.713,0.03224963918772878,0.015778747792438128,0.034616451356594496,0.02988282701886306,0.0207,0.0,0.0139,0.0299,933,0,0.8647,0.0,-0.35155909468853286,-0.35155909468853286,0.0,WELD_FOUND
105.763,0.0,0.0,0.0,0.0,0.0207,0.0,-0.0207,0.0,933,0,0.8647,0.0,-0.35155909468853286,nan,nan,NO_WELD
105.813,0.0,0.0,0.0,0.0,0.0223,0.0,-0.0223,0.0,937,0,0.8684,0.0,-0.35155909468853286,nan,nan,NO_WELD
105.863,0.0,0.0,0.0,0.0,0.0223,0.0,-0.0223,0.0,937,0,0.8684,0.0,-0.35155909468853286,nan,nan,NO_WELD
105.913,0.0,0.0,0.0,0.0,0.0245,0.0,-0.0245,0.0,940,0,0.8712,0.0,-0.35155909468853286,nan,nan,NO_WELD
105.963,0.0,0.0,0.0,0.0,0.0245,0.0,-0.0245,0.0,940,0,0.8712,0.0,-0.35155909468853286,nan,nan,NO_WELD
106.013,0.0,0.0,0.0,0.0,0.0245,0.0,-0.0245,0.0,940,0,0.8712,0.0,-0.35155909468853286,nan,nan,NO_WELD
106.064,0.0,0.0,0.0,0.0,0.0196,0.0,-0.0196,0.0,940,0,0.8712,0.0,-0.35155909468853286,nan,nan,NO_WELD
106.113,0.0,0.0,0.0,0.0,0.0196,0.0,-0.0196,0.0,940,0,0.8712,0.0,-0.35155909468853286,nan,nan,NO_WELD
106.163,0.0,0.0,0.0,0.0,0.0157,0.0,-0.0157,0.0,940,0,0.8712,0.0,-0.35155909468853286,-0.35155909468853286,0.0,WELD_FOUND
106.213,0.0,0.0,0.0,0.0,0.0157,0.0,-0.0157,0.0,940,0,0.8712,0.0,-0.35155909468853286,-0.35155909468853286,0.0,WELD_FOUND
106.263,0.0,0.0,0.0,0.0,0.0125,0.0,-0.0125,0.0,940,0,0.8712,0.0,-0.35155909468853286,nan,nan,NO_WELD
106.313,0.0,0.0,0.0,0.0,0.0125,0.0,-0.0125,0.0,940,0,0.8712,0.0,-0.35155909468853286,nan,nan,NO_WELD
106.363,0.0,0.0,0.0,0.0,0.0125,0.0,-0.0125,0.0,940,0,0.8712,0.0,-0.35155909468853286,nan,nan,NO_WELD
106.413,0.0,0.0,0.0,0.0,0.01,0.0,-0.01,0.0,940,0,0.8712,0.0,-0.35155909468853286,nan,nan,NO_WELD
106.463,0.0,0.0,0.0,0.0,0.01,0.0,-0.01,0.0,940,0,0.8712,0.0,-0.35155909468853286,nan,nan,NO_WELD
106.513,0.0,0.0,0.0,0.0,0.01,0.0,-0.01,0.0,940,0,0.8712,0.0,-0.35155909468853286,nan,nan,NO_WELD
106.563,0.030251181765434624,0.03271365330487835,0.03515822976116638,0.025344133769702872,0.008,0.0,0.0271,0.0253,940,0,0.8712,0.0,-0.7031216044716506,-0.7031216044716506,0.0,WELD_FOUND
106.613,0.030251181765434624,0.03271365330487835,0.03515822976116638,0.025344133769702872,0.008,0.0,0.0271,0.0253,940,0,0.8712,0.0,-0.7031216044716506,-0.7031216044716506,0.0,WELD_FOUND
106.663,0.0,0.0,0.0,0.0,0.008,0.0,-0.008,0.0,940,0,0.8712,0.0,-0.7031216044716506,nan,nan,NO_WELD
106.713,0.0,0.0,0.0,0.0,0.0098,0.0,-0.0098,0.0,942,0,0.873,0.0,-0.7031216044716506,nan,nan,NO_WELD
106.763,0.0,0.0,0.0,0.0,0.0098,0.0,-0.0098,0.0,942,0,0.873,0.0,-0.7031216044716506,nan,nan,NO_WELD
106.813,0.0,0.0,0.0,0.0,0.0207,0.0,-0.0207,0.0,946,0,0.8767,0.0,-0.7031216044716506,nan,nan,NO_WELD
106.863,0.0,0.0,0.0,0.0,0.0207,0.0,-0.0207,0.0,946,0,0.8767,0.0,-0.7031216044716506,nan,nan,NO_WELD
106.913,0.0,0.0,0.0,0.0,0.0087,0.0,-0.0087,0.0,945,0,0.8758,0.0,-0.7031216044716506,nan,nan,NO_WELD
106.963,0.0,0.0,0.0,0.0,0.0087,0.0,-0.0087,0.0,945,0,0.8758,0.0,-0.7031216044716506,nan,nan,NO_WELD
107.013,0.0,0.0,0.0,0.0,0.0087,0.0,-0.0087,0.0,945,0,0.8758,0.0,-0.7031216044716506,nan,nan,NO_WELD
107.064,0.0,0.0,0.0,0.0,0.007,0.0,-0.007,0.0,945,0,0.8758,0.0,-1.0546840875743422,-1.0546840875743422,0.0,WELD_FOUND
107.113,0.0,0.0,0.0,0.0,0.007,0.0,-0.007,0.0,945,0,0.8758,0.0,-1.0546840875743422,-1.0546840875743422,0.0,WELD_FOUND
107.163,0.025848408980401087,0.05,0.03334840898040109,0.018348408980401087,0.0056,0.0,0.0278,0.0183,945,0,0.8758,0.0,-1.7578091605014305,-1.4062466240378864,-0.3515625364635442,WELD_FOUND
107.213,0.025848408980401087,0.05,0.03334840898040109,0.018348408980401087,0.0056,0.0,0.0278,0.0183,945,0,0.8758,0.0,-1.7578091605014305,-1.4062466240378864,-0.3515625364635442,WELD_FOUND
107.263,0.02418419916164567,0.08098701755121653,0.03633225179432815,0.01203614652896319,0.0056,0.0,0.0308,0.012,945,0,0.8758,0.0,-1.7578091605014305,-1.7578091605014305,0.0,WELD_FOUND
107.313,0.02418419916164567,0.08098701755121653,0.03633225179432815,0.01203614652896319,0.0058,0.0,0.0305,0.012,946,0,0.8767,0.0,-1.7578091605014305,-1.7578091605014305,0.0,WELD_FOUND
107.363,0.0,0.0,0.0,0.0,0.0058,0.0,-0.0058,0.0,946,0,0.8767,0.0,-1.7578091605014305,nan,nan,NO_WELD
107.413,0.0,0.0,0.0,0.0,0.0257,0.0,-0.0257,0.0,952,0,0.8823,0.0,-1.7578091605014305,nan,nan,NO_WELD
107.463,0.0,0.0,0.0,0.0,0.0257,0.0,-0.0257,0.0,952,0,0.8823,0.0,-1.7578091605014305,nan,nan,NO_WELD
107.513,0.0,0.0,0.0,0.0,0.0257,0.0,-0.0257,0.0,955,0,0.8851,0.0,-1.7578091605014305,nan,nan,NO_WELD
107.563,0.0,0.0,0.0,0.0,0.0229,0.0,-0.0229,0.0,955,0,0.8851,0.0,-1.7578091605014305,nan,nan,NO_WELD
107.613,0.0,0.0,0.0,0.0,0.0229,0.0,-0.0229,0.0,955,0,0.8851,0.0,-1.7578091605014305,nan,nan,NO_WELD
107.663,0.02800653687058349,0.05,0.035506536870583486,0.02050653687058349,0.0183,0.0,0.0172,0.0205,955,0,0.8851,0.0,-1.0546840875743422,-1.0546840875743422,0.0,WELD_FOUND
107.713,0.02800653687058349,0.05,0.035506536870583486,0.02050653687058349,0.0183,0.0,0.0172,0.0205,955,0,0.8851,0.0,-1.0546840875743422,-1.0546840875743422,0.0,WELD_FOUND
107.763,0.0,0.0,0.0,0.0,0.0146,0.0,-0.0146,0.0,955,0,0.8851,0.0,-1.0546840875743422,nan,nan,NO_WELD
107.813,0.0,0.0,0.0,0.0,0.0146,0.0,-0.0146,0.0,956,0,0.886,0.0,-1.0546840875743422,nan,nan,NO_WELD
107.863,0.03163949716072246,0.014106193451259042,0.03375542617841132,0.029523568143033602,0.0125,0.0,0.0213,0.0295,956,0,0.886,0.0,-0.35155909468853286,-0.35155909468853286,0.0,WELD_FOUND
107.913,0.03163949716072246,0.014106193451259042,0.03375542617841132,0.029523568143033602,0.0125,0.0,0.0213,0.0295,957,0,0.8869,0.0,-0.35155909468853286,-0.35155909468853286,0.0,WELD_FOUND
107.963,0.0,0.0,0.0,0.0,0.0112,0.0,-0.0112,0.0,957,0,0.8869,0.0,-0.35155909468853286,nan,nan,NO_WELD
108.013,0.0,0.0,0.0,0.0,0.0112,0.0,-0.0112,0.0,961,0,0.8906,0.0,-0.35155909468853286,nan,nan,NO_WELD
108.064,0.030526353145008702,0.031030113756266485,0.03518087020844868,0.02587183608156873,0.0112,0.0,0.024,0.0259,961,0,0.8906,0.0,-0.7031216044716506,-0.7031216044716506,0.0,WELD_FOUND
108.113,0.030526353145008702,0.031030113756266485,0.03518087020844868,0.02587183608156873,0.024,0.0,0.0112,0.0259,964,0,0.8934,0.0,-0.7031216044716506,-0.7031216044716506,0.0,WELD_FOUND
108.163,0.0,0.0,0.0,0.0,0.024,0.0,-0.024,0.0,964,0,0.8934,0.0,-0.7031216044716506,nan,nan,NO_WELD
108.213,0.0,0.0,0.0,0.0,0.024,0.0,-0.024,0.0,966,0,0.8953,0.0,-0.7031216044716506,nan,nan,NO_WELD
108.263,0.0,0.0,0.0,0.0,0.0194,0.0,-0.0194,0.0,966,0,0.8953,0.0,-0.7031216044716506,nan,nan,NO_WELD
108.313,0.0,0.0,0.0,0.0,0.0194,0.0,-0.0194,0.0,970,0,0.899,0.0,-0.7031216044716506,nan,nan,NO_WELD
108.363,0.0,0.0,0.0,0.0,0.0194,0.0,-0.0194,0.0,970,0,0.899,0.0,-0.7031216044716506,nan,nan,NO_WELD
108.413,0.0,0.0,0.0,0.0,0.0215,0.0,-0.0215,0.0,970,0,0.899,0.0,-0.7031216044716506,nan,nan,NO_WELD
108.463,0.0,0.0,0.0,0.0,0.0215,0.0,-0.0215,0.0,970,0,0.899,0.0,-0.7031216044716506,nan,nan,NO_WELD
108.513,0.0,0.0,0.0,0.0,0.0172,0.0,-0.0172,0.0,970,0,0.899,0.0,-0.7031216044716506,nan,nan,NO_WELD
108.563,0.035,0.0,0.035,0.035,0.0172,0.0,0.0178,0.035,970,0,0.899,0.0,3.4150945850063755e-06,3.4150945850063755e-06,0.0,WELD_FOUND
108.613,0.035,0.0,0.035,0.035,0.0138,0.0,0.0212,0.035,970,0,0.899,0.0,3.4150945850063755e-06,3.4150945850063755e-06,0.0,WELD_FOUND
108.663,0.035,0.0,0.035,0.035,0.0138,0.0,0.0212,0.035,970,0,0.899,0.0,-0.35155909468853286,-0.17577783979697392,-0.17578125489155894,WELD_FOUND
108.713,0.035,0.0,0.035,0.035,0.0138,0.0,0.0212,0.035,972,0,0.9008,0.0,-0.35155909468853286,-0.17577783979697392,-0.17578125489155894,WELD_FOUND
108.763,0.0,0.0,0.0,0.0,0.0132,0.0,-0.0132,0.0,972,0,0.9008,0.0,-0.35155909468853286,nan,nan,NO_WELD
108.813,0.0,0.0,0.0,0.0,0.0132,0.0,-0.0132,0.0,979,0,0.9073,0.0,-0.35155909468853286,nan,nan,NO_WELD
108.863,0.0,0.0,0.0,0.0,0.0132,0.0,-0.0132,0.0,979,0,0.9073,0.0,-0.35155909468853286,nan,nan,NO_WELD
108.913,0.0,0.0,0.0,0.0,0.0277,0.0,-0.0277,0.0,980,0,0.9082,0.0,-0.35155909468853286,nan,nan,NO_WELD
108.963,0.029162954908216233,0.04557690379391659,0.03599949047730372,0.022326419339128746,0.0277,0.0,0.0083,0.0223,980,0,0.9082,0.0,-1.0546840875743422,-1.0546840875743422,0.0,WELD_FOUND
109.013,0.029162954908216233,0.04557690379391659,0.03599949047730372,0.022326419339128746,0.0277,0.0,0.0083,0.0223,980,0,0.9082,0.0,-1.0546840875743422,-1.0546840875743422,0.0,WELD_FOUND
109.064,0.027358716311184497,0.05812341212208389,0.03607722812949708,0.018640204492871914,0.0222,0.0,0.0139,0.0186,980,0,0.9082,0.0,-1.4062466240378864,-1.2304654091669671,-0.17578121487091924,WELD_FOUND
109.113,0.027358716311184497,0.05812341212208389,0.03607722812949708,0.018640204492871914,0.0222,0.0,0.0139,0.0186,982,0,0.9101,0.0,-1.4062466240378864,-1.2304654091669671,-0.17578121487091924,WELD_FOUND
109.163,0.0,0.0,0.0,0.0,0.0207,0.0,-0.0207,0.0,982,0,0.9101,0.0,-1.4062466240378864,nan,nan,NO_WELD
109.213,0.0,0.0,0.0,0.0,0.0207,0.0,-0.0207,0.0,986,0,0.9138,0.0,-1.4062466240378864,nan,nan,NO_WELD
109.263,0.027876366333816835,0.045851119109938755,0.03475403420030765,0.02099869846732602,0.0207,0.0,0.014,0.021,986,0,0.9138,0.0,-1.0546840875743422,-1.0546840875743422,0.0,WELD_FOUND
109.313,0.027876366333816835,0.045851119109938755,0.03475403420030765,0.02099869846732602,0.0273,0.0,0.0075,0.021,988,0,0.9156,0.0,-1.0546840875743422,-1.0546840875743422,0.0,WELD_FOUND
109.363,0.026247874298658175,0.06550684900395651,0.03607390164925165,0.0164218469480647,0.0273,0.0,0.0088,0.0164,988,0,0.9156,0.0,-1.7578091605014305,-1.4062466240378864,-0.3515625364635442,WELD_FOUND
109.413,0.026247874298658175,0.06550684900395651,0.03607390164925165,0.0164218469480647,0.0273,0.0,0.0088,0.0164,991,0,0.9184,0.0,-1.7578091605014305,-1.4062466240378864,-0.3515625364635442,WELD_FOUND
109.463,0.02592805699795546,0.06215079787156536,0.035250676678690265,0.016605437317220653,0.0238,0.0,0.0115,0.0166,991,0,0.9184,0.0,-1.4062466240378864,-1.4062466240378864,0.0,WELD_FOUND
109.513,0.02592805699795546,0.06215079787156536,0.035250676678690265,0.016605437317220653,0.0238,0.0,0.0115,0.0166,995,0,0.9221,0.0,-1.4062466240378864,-1.4062466240378864,0.0,WELD_FOUND
109.563,0.025864328782068076,0.061520761028845405,0.03509244293639489,0.016636214627741265,0.0291,0.0,0.006,0.0166,995,0,0.9221,0.0,-1.4062466240378864,-1.4062466240378864,0.0,WELD_FOUND
109.613,0.025864328782068076,0.061520761028845405,0.03509244293639489,0.016636214627741265,0.0291,0.0,0.006,0.0166,1000,0,0.9268,0.0,-1.4062466240378864,-1.4062466240378864,0.0,WELD_FOUND
109.663,0.025851592548660724,0.06139088867476603,0.03506022584987563,0.01664295924744582,0.0291,0.0,0.006,0.0166,1000,0,0.9268,0.0,-0.7031216044716506,-1.4062466240378864,0.7031250195662357,WELD_FOUND
109.713,0.025851592548660724,0.06139088867476603,0.03506022584987563,0.01664295924744582,0.0397,0.0,-0.0046,0.0166,1004,0,0.9305,0.0,-0.7031216044716506,-1.4062466240378864,0.7031250195662357,WELD_FOUND
109.763,0.0,0.0,0.0,0.0,0.0397,0.0,-0.0397,0.0,1004,0,0.9305,0.0,-0.7031216044716506,nan,nan,NO_WELD
109.813,0.0,0.0,0.0,0.0,0.0397,0.0,-0.0397,0.0,1008,0,0.9342,0.0,-0.7031216044716506,nan,nan,NO_WELD
109.863,0.029343620032485362,0.02947972487005572,0.03376557876299372,0.024921661301977004,0.0337,0.0,0.0001,0.0249,1008,0,0.9342,0.0,-0.7031216044716506,-0.7031216044716506,0.0,WELD_FOUND
109.913,0.029343620032485362,0.02947972487005572,0.03376557876299372,0.024921661301977004,0.0337,0.0,0.0001,0.0249,1008,0,0.9342,0.0,-0.7031216044716506,-0.7031216044716506,0.0,WELD_FOUND
109.963,0.03006856366326099,0.028967172574567917,0.03441363954944618,0.025723487777075803,0.027,0.0,0.0075,0.0257,1008,0,0.9342,0.0,-0.7031216044716506,-0.7031216044716506,0.0,WELD_FOUND
110.013,0.03006856366326099,0.028967172574567917,0.03441363954944618,0.025723487777075803,0.027,0.0,0.0075,0.0257,1012,0,0.9379,0.0,-0.7031216044716506,-0.7031216044716506,0.0,WELD_FOUND
110.064,0.030214613914776544,0.030341651044978626,0.03476586157152334,0.02566336625802975,0.027,0.0,0.0078,0.0257,1012,0,0.9379,0.0,-0.7031216044716506,-0.7031216044716506,0.0,WELD_FOUND
110.113,0.030214613914776544,0.030341651044978626,0.03476586157152334,0.02566336625802975,0.0384,0.0,-0.0037,0.0257,1017,0,0.9425,0.0,-0.7031216044716506,-0.7031216044716506,0.0,WELD_FOUND
110.163,0.030243866426094074,0.030612046958789704,0.03483567346991253,0.02565205938227562,0.0384,0.0,-0.0036,0.0257,1017,0,0.9425,0.0,-1.4062466240378864,-0.7031216044716506,-0.7031250195662357,WELD_FOUND
110.213,0.030243866426094074,0.030612046958789704,0.03483567346991253,0.02565205938227562,0.0384,0.0,-0.0036,0.0257,1021,0,0.9462,0.0,-1.4062466240378864,-0.7031216044716506,-0.7031250195662357,WELD_FOUND
110.263,0.030249718626798153,0.030665716914895395,0.03484957616403246,0.025649861089563845,0.0329,0.0,0.0019,0.0256,1021,0,0.9462,0.0,-0.7031216044716506,-0.7031216044716506,0.0,WELD_FOUND
110.313,0.030249718626798153,0.030665716914895395,0.03484957616403246,0.025649861089563845,0.0329,0.0,0.0019,0.0256,1026,0,0.9509,0.0,-0.7031216044716506,-0.7031216044716506,0.0,WELD_FOUND
110.363,0.030250889134876596,0.030676736041069203,0.03485239954103698,0.025649378728716216,0.0383,0.0,-0.0034,0.0256,1026,0,0.9509,0.0,-1.0546840875743422,-0.7031216044716506,-0.35156248310269156,WELD_FOUND
110.413,0.030250889134876596,0.030676736041069203,0.03485239954103698,0.025649378728716216,0.0383,0.0,-0.0034,0.0256,1031,0,0.9555,0.0,-1.0546840875743422,-0.7031216044716506,-0.35156248310269156,WELD_FOUND
110.463,0.0,0.0,0.0,0.0,0.0383,0.0,-0.0383,0.0,1031,0,0.9555,0.0,-1.0546840875743422,nan,nan,NO_WELD
110.513,0.0,0.0,0.0,0.0,0.0452,0.0,-0.0452,0.0,1035,0,0.9592,0.0,-1.0546840875743422,nan,nan,NO_WELD
110.563,0.02500932940511946,0.05,0.032509329405119455,0.01750932940511946,0.0452,0.0,-0.0127,0.0175,1035,0,0.9592,0.0,-1.7578091605014305,-1.7578091605014305,0.0,WELD_FOUND
110.613,0.02500932940511946,0.05,0.032509329405119455,0.01750932940511946,0.0345,0.0,-0.002,0.0175,1037,0,0.9611,0.0,-1.7578091605014305,-1.7578091605014305,0.0,WELD_FOUND
110.663,0.025679485501424078,0.05963944934756145,0.0346254029035583,0.01673356809928986,0.0345,0.0,0.0001,0.0167,1037,0,0.9611,0.0,-1.0546840875743422,-1.4062466240378864,0.3515625364635442,WELD_FOUND
110.713,0.025679485501424078,0.05963944934756145,0.0346254029035583,0.01673356809928986,0.0281,0.0,0.0065,0.0167,1039,0,0.9629,0.0,-1.0546840875743422,-1.4062466240378864,0.3515625364635442,WELD_FOUND
110.763,0.025814579982048853,0.06102309526123265,0.03496804427123375,0.016661115692863954,0.0281,0.0,0.0068,0.0167,1039,0,0.9629,0.0,-1.4062466240378864,-1.4062466240378864,0.0,WELD_FOUND
110.813,0.025814579982048853,0.06102309526123265,0.03496804427123375,0.016661115692863954,0.0281,0.0,0.0068,0.0167,1042,0,0.9657,0.0,-1.4062466240378864,-1.4062466240378864,0.0,WELD_FOUND
110.863,0.02500272611296062,0.07110893529239949,0.03566906640682054,0.014336385819100695,0.0243,0.0,0.0114,0.0143,1042,0,0.9657,0.0,-2.1093715902432693,-1.5820278389088056,-0.5273437513344637,WELD_FOUND
110.913,0.02500272611296062,0.07110893529239949,0.03566906640682054,0.014336385819100695,0.0243,0.0,0.0114,0.0143,1046,0,0.9694,0.0,-2.1093715902432693,-1.5820278389088056,-0.5273437513344637,WELD_FOUND
110.963,0.02567814719471374,0.05965505220580091,0.034626405025583874,0.016729889363843606,0.0294,0.0,0.0052,0.0167,1046,0,0.9694,0.0,-1.4062466240378864,-1.4062466240378864,0.0,WELD_FOUND
111.013,0.02567814719471374,0.05965505220580091,0.034626405025583874,0.016729889363843606,0.0294,0.0,0.0052,0.0167,1049,0,0.9722,0.0,-1.4062466240378864,-1.4062466240378864,0.0,WELD_FOUND
111.064,0.0,0.0,0.0,0.0,0.0294,0.0,-0.0294,0.0,1049,0,0.9722,0.0,-1.4062466240378864,nan,nan,NO_WELD
111.113,0.0,0.0,0.0,0.0,0.0349,0.0,-0.0349,0.0,1053,0,0.9759,0.0,-1.4062466240378864,nan,nan,NO_WELD
111.163,0.022543496125568312,0.05,0.030043496125568312,0.015043496125568313,0.0349,0.0,-0.0049,0.015,1053,0,0.9759,0.0,-2.1093715902432693,-2.1093715902432693,0.0,WELD_FOUND
111.213,0.022543496125568312,0.05,0.030043496125568312,0.015043496125568313,0.0247,0.0,0.0054,0.015,1054,0,0.9768,0.0,-2.1093715902432693,-2.1093715902432693,0.0,WELD_FOUND
111.263,0.022727355388850543,0.083871858805323,0.03530813420964899,0.010146576568052094,0.0247,0.0,0.0106,0.0101,1054,0,0.9768,0.0,-1.7578091605014305,-1.9335904820940557,0.17578132159262516,WELD_FOUND
111.313,0.022727355388850543,0.083871858805323,0.03530813420964899,0.010146576568052094,0.0222,0.0,0.0131,0.0101,1056,0,0.9787,0.0,-1.7578091605014305,-1.9335904820940557,0.17578132159262516,WELD_FOUND
111.363,0.0,0.0,0.0,0.0,0.0222,0.0,-0.0222,0.0,1056,0,0.9787,0.0,-1.7578091605014305,nan,nan,NO_WELD
111.413,0.0,0.0,0.0,0.0,0.0282,0.0,-0.0282,0.0,1060,0,0.9824,0.0,-1.7578091605014305,nan,nan,NO_WELD
111.463,0.0,0.0,0.0,0.0,0.0282,0.0,-0.0282,0.0,1060,0,0.9824,0.0,-1.7578091605014305,nan,nan,NO_WELD
111.513,0.0,0.0,0.0,0.0,0.0282,0.0,-0.0282,0.0,1060,0,0.9824,0.0,-1.7578091605014305,nan,nan,NO_WELD
111.563,0.0,0.0,0.0,0.0,0.0225,0.0,-0.0225,0.0,1060,0,0.9824,0.0,-1.7578091605014305,nan,nan,NO_WELD
111.613,0.0,0.0,0.0,0.0,0.0225,0.0,-0.0225,0.0,1060,0,0.9824,0.0,-1.7578091605014305,nan,nan,NO_WELD
111.663,0.023776798442149943,0.05,0.03127679844214994,0.016276798442149944,0.0225,0.0,0.0087,0.0163,1060,0,0.9824,0.0,-1.7578091605014305,-1.7578091605014305,0.0,WELD_FOUND
111.713,0.023776798442149943,0.05,0.03127679844214994,0.016276798442149944,0.018,0.0,0.0133,0.0163,1060,0,0.9824,0.0,-1.7578091605014305,-1.7578091605014305,0.0,WELD_FOUND
111.763,0.023776798442149943,0.07669889368116857,0.03528163249432523,0.012271964389974658,0.018,0.0,0.0173,0.0123,1060,0,0.9824,0.0,-1.7578091605014305,-1.7578091605014305,0.0,WELD_FOUND
111.813,0.023776798442149943,0.07669889368116857,0.03528163249432523,0.012271964389974658,0.0219,0.0,0.0133,0.0123,1063,0,0.9852,0.0,-1.7578091605014305,-1.7578091605014305,0.0,WELD_FOUND
111.863,0.023776798442149943,0.07669889368116857,0.03528163249432523,0.012271964389974658,0.0219,0.0,0.0133,0.0123,1063,0,0.9852,0.0,-2.1093715902432693,-1.7578091605014305,-0.3515624297418387,WELD_FOUND
111.913,0.023776798442149943,0.07669889368116857,0.03528163249432523,0.012271964389974658,0.0317,0.0,0.0036,0.0123,1068,0,0.9898,0.0,-2.1093715902432693,-1.7578091605014305,-0.3515624297418387,WELD_FOUND
111.963,0.02297237884329863,0.08653090896627562,0.03595201518823997,0.009992742498357288,0.0317,0.0,0.0043,0.01,1068,0,0.9898,0.0,-2.1093715902432693,-1.9335904820940557,-0.17578110814921355,WELD_FOUND
112.013,0.02297237884329863,0.08653090896627562,0.03595201518823997,0.009992742498357288,0.0338,0.0,0.0021,0.01,1072,0,0.9935,0.0,-2.1093715902432693,-1.9335904820940557,-0.17578110814921355,WELD_FOUND
112.064,0.022025348748694735,0.09455428115513834,0.036208490921965486,0.007842206575423985,0.0338,0.0,0.0024,0.0078,1072,0,0.9935,0.0,-2.1093715902432693,-2.1093715902432693,0.0,WELD_FOUND
112.113,0.022025348748694735,0.09455428115513834,0.036208490921965486,0.007842206575423985,0.0338,0.0,0.0024,0.0078,1075,0,0.9963,0.0,-2.1093715902432693,-2.1093715902432693,0.0,WELD_FOUND
112.163,0.0,0.0,0.0,0.0,0.0277,0.0,-0.0277,0.0,1075,0,0.9963,0.0,-2.1093715902432693,nan,nan,NO_WELD
112.213,0.0,0.0,0.0,0.0,0.0277,0.0,-0.0277,0.0,1079,0,1.0,0.0,-2.1093715902432693,nan,nan,NO_WELD
112.263,0.025059333985454593,0.05,0.03255933398545459,0.017559333985454593,0.0315,0.0,0.0011,0.0176,1079,0,1.0,0.0,-1.4062466240378864,-1.4062466240378864,0.0,WELD_FOUND
112.313,0.025059333985454593,0.05,0.03255933398545459,0.017559333985454593,0.0315,0.0,0.0011,0.0176,1079,0,1.0,0.0,-1.4062466240378864,-1.4062466240378864,0.0,WELD_FOUND
112.363,0.0,0.0,0.0,0.0,0.0315,0.0,-0.0315,0.0,1079,0,1.0,0.0,-1.4062466240378864,nan,nan,NO_WELD
112.413,0.0,0.0,0.0,0.0,0.0263,0.0,-0.0263,0.0,1082,0,1.0028,0.0,-1.4062466240378864,nan,nan,NO_WELD
112.463,0.0,0.0,0.0,0.0,0.0263,0.0,-0.0263,0.0,1082,0,1.0028,0.0,-1.4062466240378864,nan,nan,NO_WELD
112.513,0.0,0.0,0.0,0.0,0.0195,0.0,-0.0195,0.0,1083,0,1.0037,0.0,-1.4062466240378864,nan,nan,NO_WELD
112.563,0.0,0.0,0.0,0.0,0.0195,0.0,-0.0195,0.0,1083,0,1.0037,0.0,-1.4062466240378864,nan,nan,NO_WELD
112.613,0.0,0.0,0.0,0.0,0.0195,0.0,-0.0195,0.0,1083,0,1.0037,0.0,-1.4062466240378864,nan,nan,NO_WELD
112.663,0.0,0.0,0.0,0.0,0.0156,0.0,-0.0156,0.0,1083,0,1.0037,0.0,-1.0546840875743422,-1.0546840875743422,0.0,WELD_FOUND
112.713,0.0,0.0,0.0,0.0,0.0156,0.0,-0.0156,0.0,1083,0,1.0037,0.0,-1.0546840875743422,-1.0546840875743422,0.0,WELD_FOUND
112.763,0.026916657928935984,0.05,0.03441665792893599,0.019416657928935984,0.0125,0.0,0.0219,0.0194,1083,0,1.0037,0.0,-1.4062466240378864,-1.2304654091669671,-0.17578121487091924,WELD_FOUND
112.813,0.026916657928935984,0.05,0.03441665792893599,0.019416657928935984,0.0125,0.0,0.0219,0.0194,1083,0,1.0037,0.0,-1.4062466240378864,-1.2304654091669671,-0.17578121487091924,WELD_FOUND
112.863,0.02606032842411998,0.06349562355947598,0.035584671958041374,0.016535984890198585,0.01,0.0,0.0256,0.0165,1083,0,1.0037,0.0,-1.4062466240378864,-1.4062466240378864,0.0,WELD_FOUND
112.913,0.02606032842411998,0.06349562355947598,0.035584671958041374,0.016535984890198585,0.01,0.0,0.0256,0.0165,1086,0,1.0065,0.0,-1.4062466240378864,-1.4062466240378864,0.0,WELD_FOUND
112.963,0.02674428460654041,0.05197737921118542,0.03454089148821822,0.018947677724862597,0.0171,0.0,0.0174,0.0189,1086,0,1.0065,0.0,-1.0546840875743422,-1.2304654091669671,0.17578132159262494,WELD_FOUND
113.013,0.02674428460654041,0.05197737921118542,0.03454089148821822,0.018947677724862597,0.0171,0.0,0.0174,0.0189,1092,0,1.012,0.0,-1.0546840875743422,-1.2304654091669671,0.17578132159262494,WELD_FOUND
113.064,0.026026363173499753,0.0631547750061579,0.03549957942442344,0.01655314692257607,0.0171,0.0,0.0184,0.0166,1092,0,1.012,0.0,-1.4062466240378864,-1.4062466240378864,0.0,WELD_FOUND
113.113,0.026026363173499753,0.0631547750061579,0.03549957942442344,0.01655314692257607,0.0375,0.0,-0.002,0.0166,1097,0,1.0167,0.0,-1.4062466240378864,-1.4062466240378864,0.0,WELD_FOUND
113.163,0.02588395098173565,0.061709539786448775,0.03514038194970297,0.016627520013768333,0.0375,0.0,-0.0023,0.0166,1097,0,1.0167,0.0,-1.0546840875743422,-1.4062466240378864,0.3515625364635442,WELD_FOUND
113.213,0.02588395098173565,0.061709539786448775,0.03514038194970297,0.016627520013768333,0.0375,0.0,-0.0023,0.0166,1101,0,1.0204,0.0,-1.0546840875743422,-1.4062466240378864,0.3515625364635442,WELD_FOUND
113.263,0.02757532890973941,0.04177877202090854,0.03384214471287569,0.021308513106603127,0.0324,0.0,0.0015,0.0213,1101,0,1.0204,0.0,-1.0546840875743422,-1.0546840875743422,0.0,WELD_FOUND
113.313,0.02757532890973941,0.04177877202090854,0.03384214471287569,0.021308513106603127,0.0324,0.0,0.0015,0.0213,1105,0,1.0241,0.0,-1.0546840875743422,-1.0546840875743422,0.0,WELD_FOUND
113.363,0.027920027647091693,0.04518729335517513,0.03469812165036796,0.021141933643815423,0.0324,0.0,0.0023,0.0211,1105,0,1.0241,0.0,-0.35155909468853286,-1.0546840875743422,0.7031249928858093,WELD_FOUND
113.413,0.027920027647091693,0.04518729335517513,0.03469812165036796,0.021141933643815423,0.0392,0.0,-0.0045,0.0211,1109,0,1.0278,0.0,-0.35155909468853286,-1.0546840875743422,0.7031249928858093,WELD_FOUND
113.463,0.027989224320632212,0.045849523731885236,0.034866652880414996,0.021111795760849428,0.0392,0.0,-0.0043,0.0211,1109,0,1.0278,0.0,-0.7031216044716506,-1.0546840875743422,0.35156248310269156,WELD_FOUND
113.513,0.027989224320632212,0.045849523731885236,0.034866652880414996,0.021111795760849428,0.0392,0.0,-0.0043,0.0211,1114,0,1.0324,0.0,-0.7031216044716506,-1.0546840875743422,0.35156248310269156,WELD_FOUND
113.563,0.029791759580485234,0.026444810472824418,0.0337584811514089,0.025825038009561572,0.0359,0.0,-0.0021,0.0258,1114,0,1.0324,0.0,-0.7031216044716506,-0.7031216044716506,0.0,WELD_FOUND
113.613,0.029791759580485234,0.026444810472824418,0.0337584811514089,0.025825038009561572,0.0359,0.0,-0.0021,0.0258,1118,0,1.0361,0.0,-0.7031216044716506,-0.7031216044716506,0.0,WELD_FOUND
113.663,0.030159016100605188,0.02982653631679031,0.03463299654812373,0.025685035653086642,0.0363,0.0,-0.0017,0.0257,1118,0,1.0361,0.0,-1.0546840875743422,-0.7031216044716506,-0.35156248310269156,WELD_FOUND
113.713,0.030159016100605188,0.02982653631679031,0.03463299654812373,0.025685035653086642,0.0363,0.0,-0.0017,0.0257,1124,0,1.0417,0.0,-1.0546840875743422,-0.7031216044716506,-0.35156248310269156,WELD_FOUND
113.763,0.030232737383355152,0.030508021495467982,0.03480894060767535,0.025656534159034954,0.044,0.0,-0.0092,0.0257,1124,0,1.0417,0.0,-0.7031216044716506,-0.7031216044716506,0.0,WELD_FOUND
113.813,0.030232737383355152,0.030508021495467982,0.03480894060767535,0.025656534159034954,0.044,0.0,-0.0092,0.0257,1129,0,1.0463,0.0,-0.7031216044716506,-0.7031216044716506,0.0,WELD_FOUND
113.863,0.03024749243905419,0.030645292366102188,0.03484428629396952,0.025650698584138862,0.044,0.0,-0.0092,0.0257,1129,0,1.0463,0.0,-0.7031216044716506,-0.7031216044716506,0.0,WELD_FOUND
113.913,0.03024749243905419,0.030645292366102188,0.03484428629396952,0.025650698584138862,0.0512,0.0,-0.0163,0.0257,1134,0,1.051,0.0,-0.7031216044716506,-0.7031216044716506,0.0,WELD_FOUND
113.963,0.030250443882159958,0.030672504250066304,0.0348513195196699,0.025649568244650013,0.0512,0.0,-0.0163,0.0256,1134,0,1.051,0.0,-1.4062466240378864,-0.7031216044716506,-0.7031250195662357,WELD_FOUND
114.013,0.030250443882159958,0.030672504250066304,0.0348513195196699,0.025649568244650013,0.0492,0.0,-0.0144,0.0256,1139,0,1.0556,0.0,-1.4062466240378864,-0.7031216044716506,-0.7031250195662357,WELD_FOUND
114.064,0.028448401350654646,0.050322630987474685,0.03599679599877585,0.020900006702533443,0.0492,0.0,-0.0132,0.0209,1139,0,1.0556,0.0,-1.0546840875743422,-1.0546840875743422,0.0,WELD_FOUND
114.113,0.028448401350654646,0.050322630987474685,0.03599679599877585,0.020900006702533443,0.0492,0.0,-0.0132,0.0209,1144,0,1.0602,0.0,-1.0546840875743422,-1.0546840875743422,0.0,WELD_FOUND
114.164,0.028448401350654646,0.050322630987474685,0.03599679599877585,0.020900006702533443,0.0419,0.0,-0.0059,0.0209,1144,0,1.0602,0.0,-0.35155909468853286,-0.7031216044716506,0.35156250978311776,WELD_FOUND
114.213,0.029886195281050965,0.027333435824934253,0.0339862106547911,0.025786179907310827,0.0419,0.0,-0.0079,0.0258,1148,0,1.0639,0.0,-0.35155909468853286,-0.7031216044716506,0.35156250978311776,WELD_FOUND
114.263,0.0,0.0,0.0,0.0,0.0419,0.0,-0.0419,0.0,1148,0,1.0639,0.0,-0.35155909468853286,nan,nan,NO_WELD
114.313,0.0,0.0,0.0,0.0,0.0424,0.0,-0.0424,0.0,1151,0,1.0667,0.0,-0.35155909468853286,nan,nan,NO_WELD
114.363,0.0,0.0,0.0,0.0,0.0424,0.0,-0.0424,0.0,1151,0,1.0667,0.0,-0.7031216044716506,nan,nan,NO_WELD
114.413,0.030178007252500784,0.0305847935854579,0.03476572629031947,0.0255902882146821,0.0218,0.0,0.013,0.0256,1150,0,1.0658,0.0,-0.7031216044716506,-0.7031216044716506,0.0,WELD_FOUND
114.464,0.030178007252500784,0.0305847935854579,0.03476572629031947,0.0255902882146821,0.0218,0.0,0.013,0.0256,1150,0,1.0658,0.0,-0.35155909468853286,-0.7031216044716506,0.35156250978311776,WELD_FOUND
114.513,0.03115840122209365,0.020715148045337504,0.03426567342889428,0.028051129015293025,0.0205,0.0,0.0138,0.0281,1152,0,1.0676,0.0,-0.35155909468853286,-0.5273403362398785,0.17578124155134567,WELD_FOUND
114.563,0.03115840122209365,0.020715148045337504,0.03426567342889428,0.028051129015293025,0.0205,0.0,0.0138,0.0281,1152,0,1.0676,0.0,-1.0546840875743422,-0.5273403362398785,-0.5273437513344637,WELD_FOUND
114.613,0.03043155339147529,0.03232511963182042,0.03528032133624835,0.025582785446702228,0.0205,0.0,0.0148,0.0256,1157,0,1.0723,0.0,-1.0546840875743422,-0.7031216044716506,-0.35156248310269156,WELD_FOUND
114.664,0.03043155339147529,0.03232511963182042,0.03528032133624835,0.025582785446702228,0.0245,0.0,0.0107,0.0256,1157,0,1.0723,0.0,-1.0546840875743422,nan,nan,NO_WELD
114.713,0.0,0.0,0.0,0.0,0.0245,0.0,-0.0245,0.0,1163,0,1.0778,0.0,-1.0546840875743422,nan,nan,NO_WELD
114.763,0.0,0.0,0.0,0.0,0.0245,0.0,-0.0245,0.0,1163,0,1.0778,0.0,-0.7031216044716506,nan,nan,NO_WELD
114.813,0.03028721320003111,0.03072746013770884,0.034896332220687436,0.025678094179374784,0.0322,0.0,0.0027,0.0257,1164,0,1.0788,0.0,-0.7031216044716506,-0.7031216044716506,0.0,WELD_FOUND
114.863,0.03028721320003111,0.03072746013770884,0.034896332220687436,0.025678094179374784,0.0322,0.0,0.0027,0.0257,1164,0,1.0788,0.0,-0.7031216044716506,-0.7031216044716506,0.0,WELD_FOUND
114.913,0.0,0.0,0.0,0.0,0.0267,0.0,-0.0267,0.0,1166,0,1.0806,0.0,-0.7031216044716506,nan,nan,NO_WELD
114.963,0.0,0.0,0.0,0.0,0.0267,0.0,-0.0267,0.0,1166,0,1.0806,0.0,-0.7031216044716506,nan,nan,NO_WELD
115.013,0.028455531094443196,0.046640834347244274,0.035451656246529836,0.021459405942356555,0.0267,0.0,0.0087,0.0215,1169,0,1.0834,0.0,-1.0546840875743422,-1.0546840875743422,0.0,WELD_FOUND
115.065,0.028455531094443196,0.046640834347244274,0.035451656246529836,0.021459405942356555,0.0234,0.0,0.012,0.0215,1169,0,1.0834,0.0,-1.0546840875743422,-1.0546840875743422,0.0,WELD_FOUND
115.113,0.0,0.0,0.0,0.0,0.0234,0.0,-0.0234,0.0,1171,0,1.0852,0.0,-1.0546840875743422,nan,nan,NO_WELD
115.163,0.0,0.0,0.0,0.0,0.0234,0.0,-0.0234,0.0,1171,0,1.0852,0.0,-1.0546840875743422,nan,nan,NO_WELD
115.213,0.0,0.0,0.0,0.0,0.024,0.0,-0.024,0.0,1173,0,1.0871,0.0,-1.0546840875743422,nan,nan,NO_WELD
115.263,0.0,0.0,0.0,0.0,0.024,0.0,-0.024,0.0,1173,0,1.0871,0.0,-1.0546840875743422,nan,nan,NO_WELD
115.313,0.0,0.0,0.0,0.0,0.024,0.0,-0.024,0.0,1173,0,1.0871,0.0,-1.0546840875743422,nan,nan,NO_WELD
115.363,0.0,0.0,0.0,0.0,0.0192,0.0,-0.0192,0.0,1173,0,1.0871,0.0,-1.0546840875743422,nan,nan,NO_WELD
115.413,0.0,0.0,0.0,0.0,0.0192,0.0,-0.0192,0.0,1173,0,1.0871,0.0,-1.0546840875743422,nan,nan,NO_WELD
115.463,0.0,0.0,0.0,0.0,0.0192,0.0,-0.0192,0.0,1173,0,1.0871,0.0,-1.0546840875743422,nan,nan,NO_WELD
115.513,0.0,0.0,0.0,0.0,0.0153,0.0,-0.0153,0.0,1173,0,1.0871,0.0,-0.7031216044716506,-0.7031216044716506,0.0,WELD_FOUND
115.563,0.0,0.0,0.0,0.0,0.0153,0.0,-0.0153,0.0,1173,0,1.0871,0.0,-0.7031216044716506,-0.7031216044716506,0.0,WELD_FOUND
115.613,0.02800653687058349,0.05,0.035506536870583486,0.02050653687058349,0.0123,0.0,0.0232,0.0205,1173,0,1.0871,0.0,-1.4062466240378864,-1.0546840875743422,-0.3515625364635442,WELD_FOUND
115.663,0.02800653687058349,0.05,0.035506536870583486,0.02050653687058349,0.0123,0.0,0.0232,0.0205,1173,0,1.0871,0.0,-1.4062466240378864,-1.0546840875743422,-0.3515625364635442,WELD_FOUND
115.713,0.02627311317028306,0.06560569378043524,0.036113967237348346,0.016432259103217772,0.0123,0.0,0.0238,0.0164,1174,0,1.088,0.0,-1.4062466240378864,-1.4062466240378864,0.0,WELD_FOUND
115.763,0.02627311317028306,0.06560569378043524,0.036113967237348346,0.016432259103217772,0.0098,0.0,0.0263,0.0164,1174,0,1.088,0.0,-1.4062466240378864,-1.4062466240378864,0.0,WELD_FOUND
115.813,0.025933072962851293,0.06221727861168112,0.035265664754603465,0.016600481171099125,0.0098,0.0,0.0254,0.0166,1178,0,1.0917,0.0,-1.4062466240378864,-1.4062466240378864,0.0,WELD_FOUND
115.863,0.025933072962851293,0.06221727861168112,0.035265664754603465,0.016600481171099125,0.0098,0.0,0.0254,0.0166,1178,0,1.0917,0.0,-1.4062466240378864,-1.4062466240378864,0.0,WELD_FOUND
115.913,0.0,0.0,0.0,0.0,0.0281,0.0,-0.0281,0.0,1183,0,1.0964,0.0,-1.4062466240378864,nan,nan,NO_WELD
115.963,0.0,0.0,0.0,0.0,0.0281,0.0,-0.0281,0.0,1183,0,1.0964,0.0,-1.4062466240378864,nan,nan,NO_WELD
116.013,0.0,0.0,0.0,0.0,0.0281,0.0,-0.0281,0.0,1186,0,1.0991,0.0,-1.4062466240378864,nan,nan,NO_WELD
116.064,0.0,0.0,0.0,0.0,0.0243,0.0,-0.0243,0.0,1186,0,1.0991,0.0,-1.4062466240378864,nan,nan,NO_WELD
116.113,0.029360970804301747,0.03191089154293724,0.03414760453574233,0.02457433707286116,0.0243,0.0,0.0098,0.0246,1185,0,1.0982,0.0,-0.7031216044716506,-0.7031216044716506,0.0,WELD_FOUND
116.163,0.029360970804301747,0.03191089154293724,0.03414760453574233,0.02457433707286116,0.0109,0.0,0.0233,0.0246,1185,0,1.0982,0.0,-0.7031216044716506,-0.7031216044716506,0.0,WELD_FOUND
116.213,0.0,0.0,0.0,0.0,0.0109,0.0,-0.0109,0.0,1186,0,1.0991,0.0,-0.7031216044716506,nan,nan,NO_WELD
116.263,0.0,0.0,0.0,0.0,0.0109,0.0,-0.0109,0.0,1186,0,1.0991,0.0,-0.7031216044716506,nan,nan,NO_WELD
116.313,0.0,0.0,0.0,0.0,0.0189,0.0,-0.0189,0.0,1190,0,1.1029,0.0,-0.7031216044716506,nan,nan,NO_WELD
116.363,0.0,0.0,0.0,0.0,0.0189,0.0,-0.0189,0.0,1190,0,1.1029,0.0,-0.7031216044716506,nan,nan,NO_WELD
116.413,0.0,0.0,0.0,0.0,0.015,0.0,-0.015,0.0,1191,0,1.1038,0.0,-0.7031216044716506,nan,nan,NO_WELD
116.463,0.0,0.0,0.0,0.0,0.015,0.0,-0.015,0.0,1191,0,1.1038,0.0,-0.7031216044716506,nan,nan,NO_WELD
116.513,0.0,0.0,0.0,0.0,0.015,0.0,-0.015,0.0,1191,0,1.1038,0.0,-1.0546840875743422,-1.0546840875743422,0.0,WELD_FOUND
116.563,0.0,0.0,0.0,0.0,0.012,0.0,-0.012,0.0,1191,0,1.1038,0.0,-1.0546840875743422,-1.0546840875743422,0.0,WELD_FOUND
116.613,0.0,0.0,0.0,0.0,0.012,0.0,-0.012,0.0,1191,0,1.1038,0.0,-1.0546840875743422,nan,nan,NO_WELD
116.663,0.0,0.0,0.0,0.0,0.012,0.0,-0.012,0.0,1191,0,1.1038,0.0,-1.0546840875743422,nan,nan,NO_WELD
116.713,0.023776798442149943,0.05,0.03127679844214994,0.016276798442149944,0.0096,0.0,0.0217,0.0163,1191,0,1.1038,0.0,-1.7578091605014305,-1.7578091605014305,0.0,WELD_FOUND
116.763,0.023776798442149943,0.05,0.03127679844214994,0.016276798442149944,0.0096,0.0,0.0217,0.0163,1191,0,1.1038,0.0,-1.7578091605014305,-1.7578091605014305,0.0,WELD_FOUND
116.813,0.0,0.0,0.0,0.0,0.0095,0.0,-0.0095,0.0,1192,0,1.1047,0.0,-1.7578091605014305,nan,nan,NO_WELD
116.863,0.0,0.0,0.0,0.0,0.0095,0.0,-0.0095,0.0,1192,0,1.1047,0.0,-1.7578091605014305,nan,nan,NO_WELD
116.913,0.025427165484596354,0.05,0.03292716548459636,0.017927165484596354,0.0131,0.0,0.0198,0.0179,1194,0,1.1066,0.0,-1.4062466240378864,-1.4062466240378864,0.0,WELD_FOUND
116.963,0.025427165484596354,0.05,0.03292716548459636,0.017927165484596354,0.0131,0.0,0.0198,0.0179,1194,0,1.1066,0.0,-1.4062466240378864,-1.4062466240378864,0.0,WELD_FOUND
117.013,0.02661536796134311,0.05072627121438289,0.03422430864350054,0.019006427279185677,0.0131,0.0,0.0211,0.019,1195,0,1.1075,0.0,-1.0546840875743422,-1.2304654091669671,0.17578132159262494,WELD_FOUND
117.064,0.02661536796134311,0.05072627121438289,0.03422430864350054,0.019006427279185677,0.0103,0.0,0.0239,0.019,1195,0,1.1075,0.0,-1.0546840875743422,-1.2304654091669671,0.17578132159262494,WELD_FOUND
117.113,0.0,0.0,0.0,0.0,0.0103,0.0,-0.0103,0.0,1201,0,1.1131,0.0,-1.0546840875743422,nan,nan,NO_WELD
117.163,0.0,0.0,0.0,0.0,0.0284,0.0,-0.0284,0.0,1201,0,1.1131,0.0,-1.0546840875743422,nan,nan,NO_WELD
117.213,0.0,0.0,0.0,0.0,0.0284,0.0,-0.0284,0.0,1204,0,1.1158,0.0,-1.0546840875743422,nan,nan,NO_WELD
117.263,0.0,0.0,0.0,0.0,0.0284,0.0,-0.0284,0.0,1204,0,1.1158,0.0,-1.0546840875743422,nan,nan,NO_WELD
117.313,0.0,0.0,0.0,0.0,0.022,0.0,-0.022,0.0,1203,0,1.1149,0.0,-1.0546840875743422,nan,nan,NO_WELD
117.363,0.0,0.0,0.0,0.0,0.022,0.0,-0.022,0.0,1203,0,1.1149,0.0,-1.0546840875743422,nan,nan,NO_WELD
117.413,0.0,0.0,0.0,0.0,0.0176,0.0,-0.0176,0.0,1203,0,1.1149,0.0,-1.0546840875743422,nan,nan,NO_WELD
117.463,0.0,0.0,0.0,0.0,0.0176,0.0,-0.0176,0.0,1203,0,1.1149,0.0,-1.0546840875743422,nan,nan,NO_WELD
117.513,0.0,0.0,0.0,0.0,0.0176,0.0,-0.0176,0.0,1203,0,1.1149,0.0,-1.0546840875743422,-1.0546840875743422,0.0,WELD_FOUND
117.563,0.0,0.0,0.0,0.0,0.0141,0.0,-0.0141,0.0,1203,0,1.1149,0.0,-1.0546840875743422,-1.0546840875743422,0.0,WELD_FOUND
117.613,0.0,0.0,0.0,0.0,0.0141,0.0,-0.0141,0.0,1203,0,1.1149,0.0,-1.0546840875743422,nan,nan,NO_WELD
117.663,0.0,0.0,0.0,0.0,0.0113,0.0,-0.0113,0.0,1203,0,1.1149,0.0,-1.0546840875743422,nan,nan,NO_WELD
117.713,0.0,0.0,0.0,0.0,0.0113,0.0,-0.0113,0.0,1203,0,1.1149,0.0,-1.0546840875743422,nan,nan,NO_WELD
117.763,0.0,0.0,0.0,0.0,0.0113,0.0,-0.0113,0.0,1203,0,1.1149,0.0,-1.0546840875743422,nan,nan,NO_WELD
117.813,0.0,0.0,0.0,0.0,0.009,0.0,-0.009,0.0,1203,0,1.1149,0.0,-1.0546840875743422,nan,nan,NO_WELD
117.863,0.0,0.0,0.0,0.0,0.009,0.0,-0.009,0.0,1203,0,1.1149,0.0,-1.0546840875743422,nan,nan,NO_WELD
117.913,0.0,0.0,0.0,0.0,0.009,0.0,-0.009,0.0,1203,0,1.1149,0.0,-1.0546840875743422,-1.0546840875743422,0.0,WELD_FOUND
117.963,0.0,0.0,0.0,0.0,0.0072,0.0,-0.0072,0.0,1203,0,1.1149,0.0,-1.0546840875743422,-1.0546840875743422,0.0,WELD_FOUND
118.013,0.0,0.0,0.0,0.0,0.0072,0.0,-0.0072,0.0,1203,0,1.1149,0.0,-1.0546840875743422,nan,nan,NO_WELD
118.064,0.0,0.0,0.0,0.0,0.0072,0.0,-0.0072,0.0,1203,0,1.1149,0.0,-1.0546840875743422,nan,nan,NO_WELD
